C12	11174.9	0.501254	93997.6	10633.9	10633.2
C12	11174.9	0.500619	93808.1	10697.5	10696.9
C12	11174.9	0.45633	93210.7	10288.6	10287
C12	11174.9	0.864895	88510.5	7084.13	7083.1
C12	11174.9	0.351889	89553	5281.04	5280.48
C12	11174.9	0.528096	88772.2	4725.56	4724.68
C12	11174.9	1.37246	96382.5	12324.4	12322.8
C12	11174.9	0.899955	90153.8	7113.9	7112.87
C12	11174.9	0.390191	91004.1	8178.58	8177.5
neutron	939.565	41.966	94692.5	11006.1	10746.1
neutron	939.565	22.4903	94692.5	11006.1	10746.1
neutron	939.565	17.0352	94692.5	11006.1	10746.1
neutron	939.565	13.4	94692.5	11006.1	10746.1
neutron	939.565	12.5084	94692.5	11006.1	10746.1
neutron	939.565	11.3151	94692.5	11006.1	10746.1
C12	11174.9	0.449706	97638.8	13280.6	13280.1
B11	10252.5	0.0952643	96436.5	12083.6	11525.2
C12	11174.9	1.51896	89765.3	6671.6	6670.01
neutron	939.565	178.04	84604.6	3127.79	2650.33
alpha	3727.38	6.50372	84604.6	3127.79	2650.33
Li6	5601.52	2.14431	84604.6	3127.79	2650.33
C12	11174.9	0.493055	99424.5	14456.3	14455.4
C12	11174.9	0.517898	91399.2	8789.36	8788.74
C12	11174.9	0.444796	85552	4090.12	4089.56
C12	11174.9	1.98955	81760.1	1524.61	1522.39
C12	11174.9	0.380407	79888	342.631	342.141
C12	11174.9	0.651601	83168.7	2565.58	2564.88
C12	11174.9	1.39333	92753	9937.47	9935.87
C12	11174.9	0.596648	99732.3	14622.2	14621.1
C12	11174.9	0.889076	93159.7	10170.4	10169.1
C12	11174.9	0.343539	81663.9	1769.37	1768.5
C12	11174.9	0.608148	86512.7	5061.19	5060.28
C12	11174.9	1.08171	96110.4	12167	12165.8
C12	11174.9	0.446953	91857.4	8293.08	8292.58
C12	11174.9	0.360625	84898.1	4214.07	4213.45
C12	11174.9	0.404642	81750.5	930.868	930.317
C12	11174.9	0.550525	80473	697.441	695.593
C12	11174.9	0.761424	85389.5	4616.25	4615.25
C12	11174.9	0.790972	96612.7	12608.8	12607.2
C12	11174.9	0.34392	84745.9	3747.48	3746.82
C12	11174.9	0.51487	83399.5	3572.03	3571.18
C13	12109.5	2.24706	83313.3	3028.51	3025.45
C12	11174.9	0.404868	84793	4696.38	4694.94
C12	11174.9	0.42736	85974.5	3898	3897.33
C12	11174.9	2.66886	85528.1	3782.74	3779.99
C12	11174.9	0.924376	95762.9	11059	11057.4
C12	11174.9	0.378231	83021.4	2133.15	2132.76
C12	11174.9	0.355711	99602.3	14590.7	14589.2
C12	11174.9	0.414857	91801.6	9318.45	9317.84
C12	11174.9	0.370177	85733	5287.32	5286.72
C12	11174.9	0.43968	88214.7	6931.91	6930.96
C12	11174.9	3.95077	83759.8	3561.78	3557.72
C12	11174.9	2.42356	95128.3	10003.4	10000.9
C12	11174.9	0.643745	98864.3	14167.6	14166.9
C12	11174.9	0.538288	80571.6	1074.23	1072.78
C12	11174.9	0.64142	81174.6	1345.9	1344.98
C12	11174.9	0.509424	99046.6	14194.3	14192.9
neutron	939.565	1.16877	81938.1	2321.17	1201.11
B10	9324.44	3.35624	81938.1	2321.17	1201.11
C12	11174.9	0.36562	84686.7	3256.35	3255.95
C12	11174.9	1.18428	79048.3	199.554	197.656
neutron	939.565	103.649	96493.2	11393.9	11009.1
B10	9324.44	0.526405	96493.2	11393.9	11009.1
C12	11174.9	1.59776	91858.6	7739.03	7737.16
C12	11174.9	0.414262	81845.6	2556.44	2555.95
C12	11174.9	0.542785	96389.3	12392.1	12391.1
neutron	939.565	84.4675	91194.7	8820.73	8571.06
neutron	939.565	29.6447	91194.7	8820.73	8571.06
alpha	3727.38	6.72524	91194.7	8820.73	8571.06
alpha	3727.38	15.1576	91194.7	8820.73	8571.06
C12	11174.9	2.02586	86838	2542.18	2539.68
C12	11174.9	1.2268	90594.1	7420.83	7419.24
C12	11174.9	1.43279	99811.6	14700.2	14698.7
C12	11174.9	0.661539	85249.8	3789.27	3788.59
C12	11174.9	0.556636	80808.1	1824.13	1823.45
neutron	939.565	119.349	89393.9	7386.7	7090.11
neutron	939.565	109.119	89393.9	7386.7	7090.11
Be8	7454.85	6.13353	89393.9	7386.7	7090.11
C12	11174.9	0.871489	87189.9	5546.16	5544.35
C13	12109.5	0.525733	81931.8	916.326	915.525
C12	11174.9	0.48392	98570.1	13861.1	13859.9
C12	11174.9	0.386687	80503.8	592.896	592.292
C12	11174.9	0.349184	85651.3	3114.35	3113.41
C12	11174.9	0.381404	81619.8	1311.16	1310.34
C12	11174.9	1.64854	88497.7	6290.99	6289.2
C12	11174.9	0.395347	83058.8	2683.55	2682.79
C12	11174.9	0.5585	84987.9	3000.94	3000.34
C12	11174.9	0.590633	96301.4	9056.98	9054.8
C12	11174.9	0.579518	89050.5	6781.37	6780.58
C13	12109.5	0.473252	82284.1	2138.91	2138.35
C12	11174.9	1.75412	81270.4	1744.59	1742.15
C12	11174.9	0.563503	83433.6	3510.91	3509.16
C12	11174.9	1.65921	96605.1	12410.4	12408.3
C12	11174.9	0.68002	91483.1	8858.5	8857.69
C12	11174.9	0.446659	89007.6	6784.7	6784.25
C12	11174.9	0.370297	85732.9	3685.81	3685.33
C12	11174.9	0.347321	94941.7	8975.48	8975.01
C12	11174.9	0.782268	82382.3	1108.99	1107.88
C12	11174.9	1.83248	82033.9	353.12	350.823
C12	11174.9	0.341109	93524.9	10346.1	10345.4
C12	11174.9	0.441647	84981.3	3406.09	3405.11
C12	11174.9	0.34483	84376.8	2964.17	2963.71
C12	11174.9	0.339739	83087.7	2141.47	2141.05
neutron	939.565	182.197	94927.8	11296.2	10367
neutron	939.565	110.618	94927.8	11296.2	10367
alpha	3727.38	2.82357	94927.8	11296.2	10367
alpha	3727.38	6.33968	94927.8	11296.2	10367
C12	11174.9	1.01849	94034.8	9286.74	9285.58
C12	11174.9	0.832313	79240.4	764.808	763.704
C12	11174.9	0.354564	88907.4	7251.13	7250.59
C12	11174.9	0.509826	89196.1	5317.5	5316.9
C12	11174.9	0.403596	80673.3	965.453	965.017
neutron	939.565	9.36734	92239.5	8550.98	8240.57
alpha	3727.38	2.28626	92239.5	8550.98	8240.57
alpha	3727.38	12.781	92239.5	8550.98	8240.57
C12	11174.9	0.398817	84011.8	3261.59	3260.76
C12	11174.9	0.440674	85176.3	3543.35	3542.9
C12	11174.9	0.468562	94814.8	11003	11001.5
C12	11174.9	0.591004	87626.4	6164.77	6164.01
C12	11174.9	0.405661	79677.4	138.699	137.811
C12	11174.9	0.977018	90822.8	8409.23	8408.12
C12	11174.9	0.521075	90977.8	8796.73	8795.85
neutron	939.565	0.736807	95122.5	11127.2	10842.5
neutron	939.565	0.118093	95122.5	11127.2	10842.5
Be8	7454.85	2.7116	95122.5	11127.2	10842.5
C12	11174.9	1.21119	90952.8	8107.25	8105.73
C12	11174.9	0.566076	93987.4	10223.9	10223.3
C12	11174.9	0.518643	89744.8	6940.68	6939.97
C12	11174.9	0.368464	91291	8797.17	8796.16
C12	11174.9	0.362187	85580.5	4954.36	4953.15
C12	11174.9	0.488833	88379.6	5963.08	5962.13
C12	11174.9	1.13371	96141.2	11350.1	11348.8
C12	11174.9	0.640162	83885.7	2617.92	2616.49
C12	11174.9	0.773099	83088.1	1396.91	1395.87
He3	2808.39	3.93139	90446.4	8182.34	7763.84
Be8	7454.85	1.33654	90446.4	8182.34	7763.84
C12	11174.9	0.493182	83024.7	2545.8	2545.2
C12	11174.9	0.367243	82582.9	1629.21	1628.22
C12	11174.9	0.35677	82820.4	2449.14	2448.53
C12	11174.9	1.91408	83661.3	825.861	823.587
C12	11174.9	0.362174	98706.7	13945.4	13944.2
C12	11174.9	0.594223	97308.8	12023.5	12022.5
C12	11174.9	0.642329	83688.9	3286.43	3285.58
C12	11174.9	0.587473	84501.6	2702.87	2701.67
C12	11174.9	0.417931	99888.1	14789.6	14787.5
C12	11174.9	0.955398	90834.6	8238.11	8236.86
C12	11174.9	0.377801	87344.4	6098.08	6097.55
C12	11174.9	3.16909	97399.4	12986.1	12982.5
C12	11174.9	1.0617	95732.1	11787.1	11785.9
C12	11174.9	0.744549	92338.5	9800.5	9799.23
C12	11174.9	0.444811	86741	5480.99	5479.91
neutron	939.565	14.9869	93495.7	10344.9	9641.44
B10	9324.44	1.27819	93495.7	10344.9	9641.44
C12	11174.9	0.706282	91626.5	8797.05	8795.92
C12	11174.9	0.56943	93691.1	10443.8	10443.2
C12	11174.9	0.472364	92453	9629.76	9629.26
C12	11174.9	0.369819	96561.5	12504.4	12503.9
C12	11174.9	0.357456	88822.7	6669.15	6668.33
neutron	939.565	1.24035	93339	10069.5	9177.99
B11	10252.5	0.777478	93339	10069.5	9177.99
C12	11174.9	1.03419	85507.4	4815.39	4813.89
C12	11174.9	1.06151	89357.2	7148.54	7147.44
C12	11174.9	0.493156	86047.1	4941.23	4940.22
neutron	939.565	331.838	85768.6	4626.34	3554.64
neutron	939.565	70.1261	85768.6	4626.34	3554.64
alpha	3727.38	3.20751	85768.6	4626.34	3554.64
C12	11174.9	0.348906	84786	3358.37	3357.71
C12	11174.9	0.407531	91194.2	8279.37	8278.77
C12	11174.9	0.365239	88876.7	4595.66	4595.14
C12	11174.9	0.468178	94691.3	11375.9	11374.2
C12	11174.9	0.471773	82883.5	1547.62	1546.1
C12	11174.9	0.776639	84836.6	2404.02	2402.67
C12	11174.9	0.396635	89925.7	7619.22	7618.61
C12	11174.9	2.26049	88037.2	6209.91	6207.38
C12	11174.9	0.439703	83137	2785.84	2782.96
C12	11174.9	0.456335	81418.1	1607.13	1606.51
C12	11174.9	1.45227	83648	3668.46	3666.82
C12	11174.9	0.360729	86303.9	4296.69	4295.83
C12	11174.9	0.675757	81025.3	640.945	640.103
B11	10252.5	1.04081	93057.3	10313.9	10076.5
C12	11174.9	0.386494	98085	13093.8	13093.4
C12	11174.9	0.546931	88008.9	6003.09	6002.16
C12	11174.9	1.05601	87931.8	5923.73	5922.5
C12	11174.9	0.47795	82815.6	1597.47	1596.33
C12	11174.9	4.30452	84760.3	3115.32	3110.48
C12	11174.9	0.869969	97872.5	13280.7	13279.8
neutron	939.565	101.785	96241	11766.5	11512
Be9	8392.75	2.83512	96241	11766.5	11512
C12	11174.9	2.70337	88628.1	5553.69	5549.3
C11	10254	0.843673	85398.3	3374.04	2847.8
C12	11174.9	0.925117	81414.4	938.295	936.981
C12	11174.9	0.344031	95505.5	11838.2	11835.1
C12	11174.9	0.62657	84673.5	3417.1	3416.04
C12	11174.9	1.09492	86185.6	4686.98	4685.44
C12	11174.9	0.349977	82300.2	2055.33	2053.15
C12	11174.9	0.478717	90046	6882.37	6881.58
C12	11174.9	1.12752	79951.4	127.326	126.022
C12	11174.9	0.511233	79995.1	1043.63	1042.76
C12	11174.9	0.896571	79114.8	318.23	317.081
C12	11174.9	1.08346	92720.1	9541.75	9540.29
C12	11174.9	2.3225	93348.4	10433.5	10430.7
C12	11174.9	0.394293	92738.5	8924.51	8924.07
C12	11174.9	0.42974	89864.4	6942.91	6942.24
C12	11174.9	0.546628	87553.7	5714.64	5713.9
C12	11174.9	0.390791	89636.4	7445.72	7445.29
C12	11174.9	0.942701	87460.6	5896.41	5895.37
C12	11174.9	0.354264	81892.5	70.5834	68.5788
C12	11174.9	0.591065	88866.6	5944.04	5943.25
C13	12109.5	0.308548	96195.3	12193.1	12192.3
C12	11174.9	0.840981	79297.1	621.016	619.652
C13	12109.5	1.12024	87303.4	6055.38	6053.68
C12	11174.9	0.912901	97225.6	12760	12758.9
C12	11174.9	0.581017	89184	6747.94	6746.63
C12	11174.9	0.416224	85516.5	4160.62	4159.73
C12	11174.9	0.358466	81197.6	948.233	947.175
C12	11174.9	0.371112	92032.6	9414.14	9412.76
C12	11174.9	0.370017	83489.5	3461.9	3461.42
C12	11174.9	0.457836	90494.7	7486.22	7485.33
C12	11174.9	1.04677	89927.9	8233.62	8232.39
C12	11174.9	1.3852	88001.8	7004.96	7003.27
C12	11174.9	0.351037	85521.8	4336.47	4335.97
C12	11174.9	1.22225	85197.1	4048.33	4046.48
alpha	3727.38	1.6066	98490.5	13670.9	13436.6
alpha	3727.38	5.81763	98490.5	13670.9	13436.6
alpha	3727.38	8.7852	98490.5	13670.9	13436.6
C12	11174.9	1.63255	91588	7394.18	7392.45
C12	11174.9	0.76447	84904.2	4372.3	4371.4
C12	11174.9	0.413663	84183.7	2848.48	2847.88
C12	11174.9	0.548851	95593.5	10453.7	10453.1
C12	11174.9	0.376697	87689.9	5751.63	5750.15
C12	11174.9	1.62962	96310.7	12294.9	12293
alpha	3727.38	5.33437	94422.9	9921.54	9710.85
Be8	7454.85	2.24221	94422.9	9921.54	9710.85
C12	11174.9	0.730083	97350.9	13091.6	13090.7
C12	11174.9	0.728001	80387.4	1372.28	1371.29
C12	11174.9	1.02085	86618.6	4097.93	4096.45
neutron	939.565	92.8754	87241.3	6145.25	5528.06
neutron	939.565	53.5989	87241.3	6145.25	5528.06
neutron	939.565	2.91083	87241.3	6145.25	5528.06
neutron	939.565	0.811075	87241.3	6145.25	5528.06
C12	11174.9	0.409363	94202.4	10816.9	10816.5
C12	11174.9	0.815928	90126	7895.26	7893.64
C12	11174.9	0.593138	99437.1	13736	13735.4
C12	11174.9	0.342432	96491.3	12311.8	12311.2
C12	11174.9	0.641221	81323.9	1784.03	1782.83
C12	11174.9	0.48816	89900.3	6599.7	6598.98
neutron	939.565	123.062	86917.6	5332.61	5089.84
neutron	939.565	9.43786	86917.6	5332.61	5089.84
alpha	3727.38	6.3293	86917.6	5332.61	5089.84
alpha	3727.38	9.14397	86917.6	5332.61	5089.84
C12	11174.9	0.670094	95168.8	11467.6	11466.7
C12	11174.9	1.40762	99554.3	14552.7	14551.2
C12	11174.9	0.362708	96357.7	11583.8	11582.3
B12	11188.7	1.01967	99060.6	14228.4	13612.9
C12	11174.9	0.662389	96453.7	12361	12359.6
C12	11174.9	0.379859	91378.3	8783.82	8782.96
C12	11174.9	0.492373	89810.1	7570.39	7569.59
C12	11174.9	0.463994	85144	4047.96	4046.73
C12	11174.9	0.42676	98976.9	14234.7	14234
C12	11174.9	0.414	88935	7118.54	7117.97
C12	11174.9	0.339137	95108.1	11182.4	11182
C12	11174.9	0.50828	88998.1	7308.57	7307.84
C12	11174.9	1.36367	97488.8	12797.4	12795.9
C12	11174.9	2.47839	89974.6	7690.9	7687.79
C12	11174.9	0.565083	83113.1	2963.87	2962.77
C12	11174.9	0.679125	92448.3	9892.36	9891.59
C12	11174.9	1.49626	82659	1891.64	1889.99
C12	11174.9	0.341234	95078.1	11285	11284.5
C12	11174.9	0.473561	91860.1	8047.84	8047
C12	11174.9	3.54855	88992.6	6153.18	6149.01
C12	11174.9	0.722297	98276.4	13680.9	13680.1
C12	11174.9	0.581867	85096.5	3198.45	3197.32
C12	11174.9	0.354689	99542.9	14489.1	14488.5
C12	11174.9	0.785012	92448.1	9396.33	9394.51
C12	11174.9	0.580228	83254.5	1938.79	1938.01
C12	11174.9	0.63627	88335.5	6420.65	6419.97
C12	11174.9	0.642313	93731.2	8906.16	8905.49
C12	11174.9	0.75009	88535.8	6894.7	6892.97
C12	11174.9	0.393013	98288.9	13636.6	13635.2
C13	12109.5	0.538548	84495.8	3963.09	3962.44
C12	11174.9	0.671743	99223.7	14308	14307
C12	11174.9	1.01614	86106.4	4966.17	4964.74
C12	11174.9	1.33475	87623.6	5508.85	5506.92
C12	11174.9	1.19111	88102.6	6422.03	6420.32
C12	11174.9	1.26862	80909.6	1351.8	1350.23
C12	11174.9	2.33035	96439	12450.1	12447.7
C12	11174.9	2.67476	93388.4	10078.4	10075.3
neutron	939.565	23.4649	86025.1	4859.01	4269.42
neutron	939.565	20.1837	86025.1	4859.01	4269.42
neutron	939.565	13.8084	86025.1	4859.01	4269.42
neutron	939.565	1.46402	86025.1	4859.01	4269.42
alpha	3727.38	32.3625	86025.1	4859.01	4269.42
neutron	939.565	1865.48	95930	10430.4	8304.82
neutron	939.565	212.958	95930	10430.4	8304.82
Be8	7454.85	4.5755	95930	10430.4	8304.82
C12	11174.9	5.69724	91962	9257.25	9251.25
B10	9324.44	1.8184	92441.8	5230.31	4954.58
C12	11174.9	0.931226	95293	11481	11479.8
C12	11174.9	1.49038	79618	136.957	135.222
neutron	939.565	153.199	91473.4	8888.15	8508.25
B11	10252.5	0.772531	91473.4	8888.15	8508.25
C12	11174.9	0.351462	83815.1	3520.12	3519.07
C12	11174.9	1.25996	83667.6	3446.03	3444.09
neutron	939.565	1.92084	95701.5	11761.9	11440.2
B10	9324.44	2.52572	95701.5	11761.9	11440.2
C12	11174.9	0.5688	80710.4	1311.35	1310.27
C12	11174.9	0.631936	91423.5	8942.88	8941.69
C12	11174.9	0.488081	98106.7	13634.6	13633.6
C12	11174.9	0.502252	90559.4	7712.58	7711.52
C12	11174.9	0.718279	86100.9	3922.81	3921.88
neutron	939.565	1.95335	85323.4	4096.84	3865.99
alpha	3727.38	5.55287	85323.4	4096.84	3865.99
alpha	3727.38	6.5231	85323.4	4096.84	3865.99
C12	11174.9	0.459861	86241.9	5092.48	5091.81
C12	11174.9	0.647897	84374.6	3382.34	3381.64
C12	11174.9	0.482862	85088	2995.43	2994.87
C12	11174.9	0.378033	84682.6	3784.78	3784.06
C12	11174.9	0.554069	86992.4	5968.39	5967.78
C12	11174.9	0.56234	82034.6	2617.49	2616.48
C12	11174.9	0.368187	97791.1	13462.2	13461.7
C12	11174.9	0.379737	95052.3	11633.1	11632.2
C12	11174.9	0.526546	95335.8	10337.6	10336.7
C12	11174.9	0.389511	82804.3	2901.69	2900.3
C12	11174.9	0.468666	91727.5	9201.7	9200.91
C12	11174.9	0.34656	87779.4	6478.02	6477.66
C12	11174.9	0.705755	85654.8	4231.3	4230.2
C12	11174.9	0.37911	79623.4	506.662	506.105
C12	11174.9	0.743911	80840	429.873	428.969
C12	11174.9	0.418165	85871	5275.83	5274.73
C11	10254	2.58855	97869.9	13539.8	13326.9
C12	11174.9	0.72493	85944.1	5163.24	5162.04
C12	11174.9	1.2288	91489	9011.68	9010.03
C12	11174.9	0.409793	87228.1	5221.45	5219.76
C12	11174.9	0.41407	86375.6	3180.62	3179.65
neutron	939.565	514.639	92928.8	9778.83	9074.94
neutron	939.565	147.605	92928.8	9778.83	9074.94
B9	8393.31	0.51882	92928.8	9778.83	9074.94
C12	11174.9	0.680012	90149.3	7577.75	7574.63
C12	11174.9	0.39641	82105.4	1655.53	1654.38
C12	11174.9	0.422297	99127	13869.8	13868.6
C12	11174.9	0.611178	87225.7	5694.37	5693.48
C12	11174.9	0.447087	89625.1	6981.63	6980.65
C12	11174.9	2.56775	96763.5	11663.3	11660.7
C12	11174.9	0.681576	81945.5	2503.87	2502.9
neutron	939.565	123.352	80300.6	1294.68	1076.59
neutron	939.565	11.8631	80300.6	1294.68	1076.59
Be8	7454.85	0.696803	80300.6	1294.68	1076.59
C12	11174.9	0.354254	95410	10774.6	10773.2
C12	11174.9	0.610961	89783.9	7464.29	7462.8
C12	11174.9	1.42765	99017.6	14085	14083.6
C12	11174.9	0.799821	92107.7	9280.17	9279.27
neutron	939.565	91.2057	94250.2	10659.7	10244.2
neutron	939.565	71.1463	94250.2	10659.7	10244.2
Be8	7454.85	2.07725	94250.2	10659.7	10244.2
C12	11174.9	0.612408	83396.9	1828.81	1828.11
C12	11174.9	0.444491	88115.9	5797.51	5797.03
C12	11174.9	0.708568	97591	13274.2	13273.1
C12	11174.9	0.333295	81459	1816.6	1815.64
C12	11174.9	0.975438	82125	2912.15	2910.34
C12	11174.9	0.356353	86229.8	3954.56	3954.04
C12	11174.9	1.04877	85778.7	4246.25	4244.77
C12	11174.9	0.741827	81178.6	741.719	740.795
C12	11174.9	0.680819	87978.3	6206.37	6205.54
C12	11174.9	0.355188	81076.9	251.997	250.854
C12	11174.9	0.55028	79853.4	784.672	783.833
C12	11174.9	0.335763	81574.6	628.839	628.004
C12	11174.9	0.510517	86768.7	5842.23	5841.11
C12	11174.9	2.58823	95980.3	11970.7	11967.4
C12	11174.9	0.357896	90985.5	8912.11	8911.62
C12	11174.9	0.940715	89422.1	7771.23	7770.21
C12	11174.9	0.514916	82310.7	581.679	579.955
C12	11174.9	0.799743	94424.7	10958.6	10956.1
neutron	939.565	97.5764	97259.7	12326.6	10792
He3	2808.39	1.3275	97259.7	12326.6	10792
Be8	7454.85	4.93583	97259.7	12326.6	10792
C12	11174.9	1.07718	89427.5	5613.8	5611.25
C12	11174.9	0.767488	99951.6	14809.6	14808.5
C12	11174.9	0.434085	95732.5	11361.2	11360.3
neutron	939.565	1392.75	92853.5	10032.2	6687.09
alpha	3727.38	2.85055	92853.5	10032.2	6687.09
alpha	3727.38	4.79652	92853.5	10032.2	6687.09
C12	11174.9	0.44976	88682.5	5894.74	5894.02
C12	11174.9	1.54179	98987.6	14180.6	14178.5
C12	11174.9	0.489209	91207.6	8273.92	8273.03
C12	11174.9	1.11231	84443.9	3824.62	3823.16
C12	11174.9	0.397425	98516.4	13837.5	13836.6
C12	11174.9	0.342448	93394.6	9222.3	9221.34
C12	11174.9	0.53656	86420.6	3985.23	3984.42
C12	11174.9	0.410133	89894.6	7470.27	7469.5
C12	11174.9	0.431446	85028.9	3375.55	3374.73
C12	11174.9	0.479363	81998.7	2017.95	2016.69
C12	11174.9	0.406174	86666.5	5793.3	5792.2
C12	11174.9	0.375008	86308.8	4464.18	4463.71
C12	11174.9	0.678227	91735.3	8708.49	8707.56
C12	11174.9	0.449481	83420.8	2777.67	2776.47
C13	12109.5	0.376865	92050.2	8824.19	8822.95
C12	11174.9	0.525049	98858.4	14086.3	14085.3
neutron	939.565	485.844	99377	14314.3	13323.3
alpha	3727.38	4.25313	99377	14314.3	13323.3
Li6	5601.52	3.17994	99377	14314.3	13323.3
C12	11174.9	0.471796	95334.7	11448.1	11446.3
C12	11174.9	0.51916	92461.5	9601.55	9600.2
C12	11174.9	0.60387	93655	10718.6	10717.6
C12	11174.9	0.409332	86864.6	5882.31	5880.94
C12	11174.9	2.70047	95779.5	12057.7	12054.7
C12	11174.9	1.11387	95525.8	9918.5	9917.21
C12	11174.9	0.35677	87283.6	5208.36	5206.95
C12	11174.9	0.481937	96887.9	12723.4	12722.9
C12	11174.9	0.499425	82936.1	2285.44	2284.38
C12	11174.9	0.361651	83753.7	2675.78	2675.1
C12	11174.9	0.799509	88286.3	6305.65	6304.72
C12	11174.9	0.377022	88773.3	5111.32	5110.86
C12	11174.9	0.422884	88820.4	6281.22	6280.77
C12	11174.9	1.71922	95433	10878.7	10875.2
C12	11174.9	0.991936	98734.4	13739.2	13738
C12	11174.9	1.50285	95214.8	10291.5	10289.8
C12	11174.9	0.853408	91772.8	9321.58	9318.28
C12	11174.9	0.74081	86975.8	6007.85	6006.01
C12	11174.9	1.01633	97280.2	12456.3	12455
neutron	939.565	403.731	98909.3	14176	13530.5
neutron	939.565	202.632	98909.3	14176	13530.5
B9	8393.31	1.36155	98909.3	14176	13530.5
C12	11174.9	0.404006	85528	4368.85	4366.97
C12	11174.9	0.649604	97292.5	12656	12654
C12	11174.9	0.351253	95289.8	10652.8	10652.4
C12	11174.9	0.336108	99250.5	14185.3	14184.8
C12	11174.9	0.381981	86115.1	4804.99	4804.48
C12	11174.9	1.38118	96354.7	12385.2	12383.8
C12	11174.9	0.393872	84253.3	2490.56	2490.13
C12	11174.9	0.468675	91688.4	8841.12	8840.57
C12	11174.9	0.591668	93512	9845.42	9844.24
C12	11174.9	0.689621	89511.4	7405.01	7403.93
C12	11174.9	0.431546	92183.2	9652.16	9651.55
C12	11174.9	0.36491	96189.7	12002.5	12002
C12	11174.9	6.01197	79352.8	629.274	623.194
C12	11174.9	0.620618	86823.2	5197.12	5195.64
C12	11174.9	0.690482	81711.9	955.391	953.294
C12	11174.9	0.466765	87077.7	5643.55	5642.61
C12	11174.9	0.441419	82330.4	2399.96	2398.88
C12	11174.9	1.3039	97121.5	13007.7	13006.2
C12	11174.9	0.605176	94622.3	11255.5	11254.2
Be10	9325.5	9.53158	87616	5556.86	4685.05
C12	11174.9	0.369527	86333.5	4865.64	4865.18
C12	11174.9	0.559282	94859.6	11476.2	11475.2
C12	11174.9	0.84464	99765	14711.1	14710
C12	11174.9	0.584665	83657.9	3278.67	3277.75
C12	11174.9	0.546715	90989.4	7464.64	7464.07
C12	11174.9	0.601099	79662.5	754.71	753.991
C12	11174.9	0.499103	97737.9	13327.3	13325.2
C12	11174.9	0.430977	88350.2	5214.94	5214.3
C13	12109.5	1.88116	93125.5	9413.48	9411.46
C12	11174.9	3.46735	96165.5	12079.1	12075.4
C12	11174.9	0.407794	89272.1	7113.68	7112.72
C12	11174.9	0.570596	94739.2	10603.4	10602.3
C12	11174.9	0.355673	93055.5	9456.99	9455.79
C12	11174.9	0.411542	91318.6	8532.69	8532.15
C12	11174.9	0.436989	96723.6	12436.1	12435.6
C12	11174.9	0.440931	88108.5	6498.21	6497.24
C12	11174.9	0.49993	87945.3	6395.78	6394.7
C12	11174.9	2.18312	95322.8	11589.7	11587
C12	11174.9	0.357911	93864.6	9547.36	9544.25
C12	11174.9	1.36403	87767.6	4439.64	4437.75
C12	11174.9	0.335258	82031.4	1739.67	1739.14
C12	11174.9	0.488234	94040	10954.5	10953.8
C12	11174.9	0.646714	83730	3365.27	3363.81
C12	11174.9	0.464365	88149.5	6424.95	6424.25
C12	11174.9	1.40617	93230.6	9440.86	9437.93
C12	11174.9	1.57141	91826.4	9079.49	9077.6
C12	11174.9	1.02838	89765.3	6799.26	6797.95
C12	11174.9	0.336524	98616.9	13796.1	13794.5
C12	11174.9	0.440158	87548.4	5887.11	5885.85
C12	11174.9	1.00926	98505.5	13888.7	13887
C12	11174.9	0.932061	83866.8	2648.64	2647.67
C12	11174.9	0.423602	99274.6	14370.1	14368.6
C12	11174.9	0.440069	96722.9	12254.2	12253.4
C12	11174.9	0.773281	84293	3925.87	3925.09
C12	11174.9	0.779018	94653.5	10629.9	10627.9
C12	11174.9	1.18403	84599	3834.88	3833.68
C12	11174.9	0.770032	82712.7	634.424	633.504
C12	11174.9	0.50077	78738.1	716.631	716.125
C12	11174.9	0.502799	85734	5004.86	5004.31
C12	11174.9	0.481795	93563.8	10224.2	10223.6
C12	11174.9	0.422935	86412.2	5166.64	5165.37
C12	11174.9	0.877901	96284.7	12167.4	12166.4
C12	11174.9	1.71164	85323.9	4052.47	4049.84
C12	11174.9	0.810584	91716.8	9221.4	9220.52
C12	11174.9	6.24986	98702.2	12464.3	12457.8
C12	11174.9	0.651212	98730.5	12743.3	12741.1
C12	11174.9	0.45214	90672.9	8285.11	8284.34
C12	11174.9	0.612755	97609.5	13240.6	13239.9
C12	11174.9	0.826613	98015.5	13440.8	13437.9
C12	11174.9	1.18416	83848.9	3244.45	3243.13
C12	11174.9	0.562696	92339.2	9763.47	9762.73
C12	11174.9	0.672477	90832.7	7505.45	7504.53
C12	11174.9	0.386983	88193.9	5764.55	5763.8
C12	11174.9	3.46902	97715.9	13356.2	13352.2
C12	11174.9	0.336716	82470.6	957.123	956.083
C12	11174.9	0.54559	88523.3	5476.89	5474.89
C12	11174.9	0.381393	89151.6	6701.03	6700.56
C12	11174.9	0.403113	97078.7	12758.8	12757.1
C12	11174.9	1.27469	84847.5	3179.06	3176.97
C12	11174.9	0.557229	92459.7	8541.32	8540.61
C12	11174.9	0.45326	81937.1	666.861	666.099
neutron	939.565	68.7901	94677.6	10603	10209.1
neutron	939.565	12.4468	94677.6	10603	10209.1
neutron	939.565	7.33687	94677.6	10603	10209.1
neutron	939.565	4.33001	94677.6	10603	10209.1
neutron	939.565	3.28836	94677.6	10603	10209.1
alpha	3727.38	10.1461	94677.6	10603	10209.1
C12	11174.9	0.648132	97589.1	13073.8	13073.1
C12	11174.9	0.732462	97634.1	12973.1	12971.9
C12	11174.9	0.629802	82165.4	931.987	931.076
C12	11174.9	0.65906	97126.7	12080.3	12079.3
C12	11174.9	0.660829	94067.7	7978.79	7977.43
C12	11174.9	0.332728	88099	6624.57	6624.19
C12	11174.9	0.454662	79910.7	956.613	955.978
C12	11174.9	1.10715	89297.5	5398.44	5395.82
C12	11174.9	3.29593	96642.6	11887.1	11883.4
neutron	939.565	47.9623	94380.6	10681	9823.52
neutron	939.565	27.7256	94380.6	10681	9823.52
neutron	939.565	19.4132	94380.6	10681	9823.52
alpha	3727.38	1.71422	94380.6	10681	9823.52
C12	11174.9	0.36166	92487.9	8514.63	8514.24
C12	11174.9	0.398254	90598.3	8018.2	8017.74
C12	11174.9	0.879686	84948.7	4311.49	4310.38
C12	11174.9	0.431398	80301.2	1697.36	1696.85
C12	11174.9	0.338328	85453.3	3863.02	3862.52
C12	11174.9	0.424771	95331.9	11598.9	11597.6
C12	11174.9	0.572844	91602	6004.73	6004.05
C12	11174.9	0.444701	83198.3	1959.32	1958.48
neutron	939.565	403.583	88010.9	6333.05	5256.07
alpha	3727.38	4.00329	88010.9	6333.05	5256.07
Be7	6534.18	1.80759	88010.9	6333.05	5256.07
C12	11174.9	0.459694	91554.8	8189.65	8187.24
C12	11174.9	0.535734	96643.1	11775.6	11774.9
C12	11174.9	0.524	88797.8	6735.57	6734.88
C12	11174.9	0.774336	89298.2	6773.74	6772.72
C12	11174.9	0.700031	88483.9	6874.89	6873.47
C12	11174.9	0.436276	96528.4	12136.7	12136
C12	11174.9	0.380907	95762.9	11884.2	11883.7
C12	11174.9	0.578066	88441.4	5276.27	5275.54
C12	11174.9	0.444682	82993.1	1739.67	1739.2
C12	11174.9	0.366145	86240.1	4422.08	4420.86
C12	11174.9	0.530844	99245.6	14150.2	14149.4
C12	11174.9	0.726587	96286.4	12045.7	12044.9
C12	11174.9	0.339755	95626.7	11323.9	11322.8
C12	11174.9	0.593482	89306	7282.63	7281.88
C12	11174.9	0.416693	87994	6726.87	6725.58
C12	11174.9	0.578291	82559	2618.51	2616.94
C12	11174.9	0.40664	92275.4	9387.32	9386.68
C12	11174.9	0.49139	84266.4	3745.91	3745.27
C12	11174.9	0.618867	87870.5	4106.79	4106.07
C12	11174.9	0.467128	96493.2	12495.3	12494.3
C12	11174.9	2.28251	92574.3	9621.34	9618.63
C12	11174.9	0.407878	94256.6	11176.1	11175.1
C12	11174.9	1.89743	89592.4	6305.97	6303.66
neutron	939.565	125.264	87695.3	4959.81	4649.39
neutron	939.565	2.03227	87695.3	4959.81	4649.39
neutron	939.565	1.08187	87695.3	4959.81	4649.39
He3	2808.39	3.18935	87695.3	4959.81	4649.39
alpha	3727.38	5.71368	87695.3	4959.81	4649.39
C12	11174.9	0.602471	98275.6	13786.7	13784.9
C12	11174.9	0.33282	82015.5	2088	2087.39
C12	11174.9	0.635699	82494.2	2889.99	2889.06
C12	11174.9	0.468614	78798.1	203.52	202.74
C12	11174.9	0.448187	88039.7	6197.88	6197.07
C12	11174.9	0.476061	80986.6	50.8203	50.0507
C12	11174.9	0.546559	99320.9	14318	14317.2
C12	11174.9	3.1362	96984.5	11887.5	11883.7
C12	11174.9	0.357528	99006.8	14161.8	14161.3
C12	11174.9	1.60309	92764.4	9628.55	9626.92
C12	11174.9	0.350243	91665.6	8887.94	8887.32
C12	11174.9	0.439293	88880.9	7251.97	7250.86
C12	11174.9	0.354725	80868.5	1034.31	1033.73
C12	11174.9	0.683964	92135.3	9555.7	9554.74
C12	11174.9	0.444359	99517.1	14506.4	14505.8
C12	11174.9	7.76529	98504.7	13703.8	13695.8
C12	11174.9	0.375841	98504.3	13882.2	13881.7
C12	11174.9	2.09954	80816.9	198.557	195.993
C12	11174.9	0.543667	97688.7	12811	12810.3
C12	11174.9	0.407591	93175.5	9179.14	9178.71
C12	11174.9	0.647148	96835.9	12443.8	12442.8
C12	11174.9	0.509606	91118.1	8288.77	8288.01
C12	11174.9	0.34975	90981.3	8316.97	8314.78
C12	11174.9	0.36521	91841	7018.81	7018.41
C12	11174.9	1.67036	95033.7	9322.43	9320.57
C12	11174.9	0.530951	95625.2	11939.4	11938.8
C12	11174.9	0.419388	86002.7	5281.53	5280.38
C12	11174.9	0.348289	94368.4	10512.6	10511.7
C12	11174.9	0.3948	90513.8	8308.01	8307.45
C12	11174.9	0.552869	96474.6	12340.4	12339.7
C12	11174.9	0.498636	98233.7	13715.5	13714.9
C12	11174.9	0.450236	86740.6	5141.72	5140.78
C12	11174.9	0.414018	94771.5	10511.8	10511.2
C12	11174.9	1.19256	80706.8	754.071	752.349
C12	11174.9	0.346484	95725.9	10699.5	10698.7
C12	11174.9	0.484558	98170	13555.9	13554.9
C12	11174.9	0.787432	89926.8	7526.04	7523.79
neutron	939.565	3.83813	90324.1	6845.1	5887.37
B10	9324.44	0.258927	90324.1	6845.1	5887.37
C12	11174.9	0.524862	89042.8	4965.95	4964.6
C12	11174.9	0.570053	89188.4	6735.75	6734.87
C12	11174.9	0.842182	96470.8	12267.1	12265.6
C12	11174.9	0.60365	81482.8	1398.95	1398.12
C12	11174.9	1.10549	79589.3	384.696	383.025
C12	11174.9	0.853493	80723.9	876.331	874.674
C12	11174.9	0.371608	95449.8	11631.5	11630.8
C12	11174.9	0.33901	99222	14323.4	14322.3
C12	11174.9	1.03294	83515.9	3639.19	3638.02
C12	11174.9	0.335664	81267.9	2319.52	2319.11
C12	11174.9	2.08729	86866.3	5108.3	5104.52
C12	11174.9	0.69444	97299.3	11721.6	11719.9
C12	11174.9	0.664595	90484.4	8213.42	8212.52
C12	11174.9	0.959008	91472.5	9098.83	9097.37
C12	11174.9	0.413259	82663.3	1026.82	1026.36
C12	11174.9	0.939737	89241.2	6107.29	6104.66
C12	11174.9	0.392494	94747.8	11316.1	11315.5
C12	11174.9	0.5593	83663.5	3116.62	3115.09
C12	11174.9	0.507453	97343.4	13123.4	13121.8
C12	11174.9	0.343233	93172.6	10025.2	10024.6
C12	11174.9	0.369169	79393.8	37.2823	36.8243
C12	11174.9	0.782015	85473.7	5071.17	5070.09
C12	11174.9	0.881069	81017.7	1433.37	1431.65
neutron	939.565	2833.23	89996.3	7940.2	3788.42
neutron	939.565	923.242	89996.3	7940.2	3788.42
neutron	939.565	299.649	89996.3	7940.2	3788.42
He3	2808.39	3.72302	89996.3	7940.2	3788.42
alpha	3727.38	17.9836	89996.3	7940.2	3788.42
C12	11174.9	0.465204	95838.7	11797.7	11795.7
C12	11174.9	0.725234	83672.4	2662.15	2661.2
C12	11174.9	0.384257	94969.2	11013.1	11012.5
C12	11174.9	0.373387	90427.2	7586.3	7585.81
C12	11174.9	0.742735	96306.7	11588.1	11586.4
C12	11174.9	11.8272	89853.9	6710.34	6698.38
C12	11174.9	0.421363	87491.7	4969.71	4969.19
C12	11174.9	0.593085	97150.9	12857.8	12857.2
C12	11174.9	0.645365	81647	1283.71	1282.59
C12	11174.9	3.43027	96186.1	10954.9	10951.3
C12	11174.9	2.9046	80336.9	669.734	665.323
C12	11174.9	0.377259	84916.9	4259.58	4258.88
C12	11174.9	0.368853	99783.5	14717.5	14716.9
C12	11174.9	0.454884	79155.2	525.017	524.443
neutron	939.565	1.72044	98548.8	13789.5	9682.93
Be8	7454.85	1.8876	98548.8	13789.5	9682.93
C12	11174.9	0.549511	86923.1	5737.85	5736.51
C12	11174.9	0.390627	83799.1	2511.38	2510.51
C12	11174.9	0.492622	86808.1	5250.67	5249.63
neutron	939.565	301.644	98562.4	13790.9	10646.3
neutron	939.565	82.455	98562.4	13790.9	10646.3
neutron	939.565	43.2594	98562.4	13790.9	10646.3
neutron	939.565	23.2407	98562.4	13790.9	10646.3
C12	11174.9	0.89835	97017.2	12940.2	12939
C12	11174.9	3.11313	80482.1	1933.08	1928.43
C12	11174.9	4.95712	92089	4087.48	4082.51
C12	11174.9	0.383646	96361.3	12302.7	12301.9
C12	11174.9	0.483691	84789.3	3507.13	3506.36
C12	11174.9	0.797989	96412.5	12391.5	12390.2
C12	11174.9	1.12285	85565.7	4682.39	4680.51
C12	11174.9	0.602308	80984.7	1978.67	1977.62
C12	11174.9	0.759597	79934.5	1328.87	1327.78
C12	11174.9	0.400624	92507.8	8854.76	8854.17
neutron	939.565	227.774	91527.3	7872.93	6674.37
alpha	3727.38	10.2659	91527.3	7872.93	6674.37
alpha	3727.38	0.476349	91527.3	7872.93	6674.37
C12	11174.9	0.378165	82197.9	2931.83	2931.39
B10	9324.44	8.97115	92947.2	9747.65	9313.65
C12	11174.9	0.602233	82515.4	1641.14	1639.69
C12	11174.9	0.638863	93401.4	10445.7	10444.9
C12	11174.9	1.19385	99159.8	14166.1	14164.6
C12	11174.9	0.471094	94706.1	10540.4	10539.6
C12	11174.9	0.944312	84872.8	3517.52	3515.4
C12	11174.9	1.40297	95216.5	11257.3	11255.3
C12	11174.9	0.471646	89336	7022.54	7022.01
C12	11174.9	0.84256	87989.4	6069.73	6068.83
alpha	3727.38	2.28486	93457.5	9851.89	8612.95
Li7	6533.83	3.42448	93457.5	9851.89	8612.95
C12	11174.9	0.409077	90341.9	7881.47	7880.96
C12	11174.9	0.342727	83933.7	2101.89	2101.01
C12	11174.9	0.492865	94037.9	10533	10531.7
C12	11174.9	0.474939	84425.3	1421.79	1421.24
C12	11174.9	0.35662	96314.3	12243	12242.2
C12	11174.9	0.421696	91003.6	8658.56	8658.11
C12	11174.9	0.478971	96044.2	12075.7	12073.8
C12	11174.9	0.473693	87551.1	6359.01	6358.47
C12	11174.9	0.462455	82366.1	2701.28	2700.33
C12	11174.9	0.808434	93834.8	9904.27	9902.63
C12	11174.9	0.474334	84614.8	4035.04	4034.27
C12	11174.9	0.674811	91817.2	9280.79	9279.19
C12	11174.9	0.365051	88945.8	7401.71	7400.75
C12	11174.9	0.677264	94085.4	10700.1	10699.4
C12	11174.9	0.43709	91486	8606.01	8605.35
C12	11174.9	0.480996	95007.7	11319.8	11318.6
C12	11174.9	9.4598	86330	5232.77	5222.97
C11	10254	0.877222	91870.9	8951.84	8361.72
C12	11174.9	0.332658	88004.7	6610.11	6609.46
C12	11174.9	0.563993	89009.4	7037.15	7035.18
C12	11174.9	0.440199	89636.6	6249.99	6249.26
C12	11174.9	0.339349	96304.4	12270.3	12269.6
C12	11174.9	0.48456	79033.8	480.741	479.834
C12	11174.9	1.98666	87101.5	3122.62	3118.98
C12	11174.9	0.418771	90299.5	7813.34	7811.57
C12	11174.9	0.811034	86834.7	5053.94	5052.55
C12	11174.9	2.9974	92958.1	9762.05	9758.73
neutron	939.565	183.363	86867.7	4807.27	4409.69
neutron	939.565	167.014	86867.7	4807.27	4409.69
Be8	7454.85	0.839551	86867.7	4807.27	4409.69
C12	11174.9	0.39699	99403.5	14423.3	14422.5
C12	11174.9	0.597476	83989.4	2814.3	2812.91
C12	11174.9	0.383336	82274.8	1785.8	1784.69
C12	11174.9	1.92919	91958.9	8472.17	8469.65
C12	11174.9	0.994925	93997.3	9844.21	9843.18
C12	11174.9	0.797433	98047.4	13253.2	13252.3
C12	11174.9	0.337103	84431.2	3988.46	3988.02
C12	11174.9	1.8442	84905.1	3628.9	3626.76
C12	11174.9	0.423215	96718.7	12353.6	12353.2
C12	11174.9	2.21422	77806.9	83.3088	81.0233
C12	11174.9	0.535121	81233.7	1621.74	1620.63
C12	11174.9	0.336187	79903.8	783.743	783.366
C12	11174.9	0.730662	84547.6	3741.31	3739.5
C12	11174.9	0.554642	97999.4	13516.8	13516.1
C12	11174.9	0.863249	91652.6	9388.67	9387.73
C12	11174.9	0.566528	97184.4	13015.3	13014.5
C12	11174.9	0.618555	84809.8	4607.58	4606.73
C12	11174.9	0.470929	81704.5	2501.82	2501.28
neutron	939.565	22.9177	94843.9	11133.1	10678
neutron	939.565	6.11375	94843.9	11133.1	10678
neutron	939.565	0.768548	94843.9	11133.1	10678
Be8	7454.85	2.04385	94843.9	11133.1	10678
C12	11174.9	0.473198	98717.8	14045.7	14044.2
C12	11174.9	0.650333	80116.3	468.119	467.427
C12	11174.9	0.412013	83567.4	3357.95	3357.17
C12	11174.9	0.519852	85183.9	4480	4479.24
C12	11174.9	0.383814	98263.8	13664.9	13664.2
C12	11174.9	1.21811	92783	9582.51	9581.24
C12	11174.9	0.578275	85218.5	4036.34	4035.61
C12	11174.9	0.995512	83842.3	3082.13	3080.61
C12	11174.9	3.44684	95106	11688.2	11684.7
C12	11174.9	2.74708	79774	379.122	375.91
C12	11174.9	0.383183	90011.7	7471.3	7470.86
C12	11174.9	0.558208	83483.4	1379.45	1378.84
neutron	939.565	61.0626	90826.1	8280.86	7977.84
Be8	7454.85	2.19734	90826.1	8280.86	7977.84
C12	11174.9	2.26883	81722.2	1757.96	1755.56
C12	11174.9	0.514261	95603.1	11798.7	11797.9
C12	11174.9	1.0565	80838.2	400.831	399.221
C12	11174.9	0.397466	79380	1083.72	1082.84
C12	11174.9	0.452718	98644.4	14043.6	14042.8
B11	10252.5	0.406369	98407.3	13531.1	13078.4
neutron	939.565	4.39219	97864.9	13501	13284.1
neutron	939.565	0.112459	97864.9	13501	13284.1
Be8	7454.85	1.95192	97864.9	13501	13284.1
C12	11174.9	0.703023	91292.8	8599.99	8599.09
C12	11174.9	0.414542	87769.6	6313.82	6312.39
C13	12109.5	0.374098	79187.7	692.525	691.94
C12	11174.9	0.402192	78916.1	318.311	317.205
C12	11174.9	0.341023	82409.2	1651.45	1651
C12	11174.9	0.33766	90209.7	4526.82	4526.4
C12	11174.9	0.44643	80390	658.947	657.435
C12	11174.9	0.347351	92075.8	9034.05	9033.45
neutron	939.565	211.865	98679.3	13752.4	13280.6
neutron	939.565	29.8833	98679.3	13752.4	13280.6
alpha	3727.38	10.9005	98679.3	13752.4	13280.6
alpha	3727.38	10.4785	98679.3	13752.4	13280.6
C12	11174.9	0.442265	98929.2	14169.6	14168.8
C12	11174.9	0.598327	89226.4	6973.22	6972.37
C12	11174.9	1.46081	91230.2	6498.58	6496.91
C12	11174.9	0.548887	92028.2	9441.48	9440.68
C12	11174.9	0.773869	87589.4	5915.53	5914.7
C12	11174.9	0.342505	86471.2	4463.15	4462.67
C12	11174.9	0.415428	85058.2	3595.41	3594.65
neutron	939.565	87.7408	91559.2	8756.84	8306.35
Be8	7454.85	2.45185	91559.2	8756.84	8306.35
C12	11174.9	1.09586	87701.2	5363.83	5361.58
C12	11174.9	0.335242	93644.2	9204.09	9203.07
C12	11174.9	1.61985	98506.1	13853.7	13851.5
C12	11174.9	0.392506	98232.1	13714.2	13713.8
C12	11174.9	0.481398	81437	1747.28	1746.49
C12	11174.9	0.530969	84628.8	4305.59	4304.77
C12	11174.9	0.377576	91725.3	7948.89	7948.34
C12	11174.9	0.943698	87592.3	6471.95	6469.7
C12	11174.9	0.893153	90519.2	7557.93	7556.74
C12	11174.9	0.378683	82937.9	1516.86	1515.91
C12	11174.9	0.358928	87941.3	6231.46	6231.03
C12	11174.9	1.22454	98158.3	12811	12809.2
C12	11174.9	4.67663	88336.8	6691.26	6686.55
C12	11174.9	0.335672	96240	12199.5	12198.9
C12	11174.9	1.51289	80824.7	1185.79	1183.58
C12	11174.9	1.25365	83071.6	2797.65	2795.73
neutron	939.565	112.027	92697.8	9742.88	8729.24
neutron	939.565	2.53365	92697.8	9742.88	8729.24
B10	9324.44	1.45865	92697.8	9742.88	8729.24
C12	11174.9	0.365358	92226	8060.36	8059.45
C12	11174.9	0.872067	85928.2	5018.79	5017.72
C12	11174.9	1.53853	94352.7	11112.8	11110.8
C12	11174.9	0.674764	93560.5	10121.5	10120.4
C12	11174.9	0.479046	85764.2	3887.47	3886.86
C12	11174.9	1.15173	88758.1	6244.86	6243.51
C12	11174.9	0.372299	94951.8	11427.1	11426.6
neutron	939.565	126.442	99700.8	14611.4	14286.8
neutron	939.565	0.958306	99700.8	14611.4	14286.8
alpha	3727.38	2.38086	99700.8	14611.4	14286.8
alpha	3727.38	5.1581	99700.8	14611.4	14286.8
C12	11174.9	0.387524	97439.6	12960.1	12959.5
C12	11174.9	0.434338	93170.3	9791.21	9790.76
C12	11174.9	0.999761	92346.7	8967.57	8966.21
C12	11174.9	0.507374	96884.9	10427.7	10427.1
C12	11174.9	0.530531	82766.7	3193.86	3193.3
C12	11174.9	0.776047	84644	3690.14	3688.93
C12	11174.9	0.83808	81911	1853.58	1852.46
C12	11174.9	0.353471	98229.4	13516	13515
C12	11174.9	0.76978	96053.2	11986.9	11985.8
C12	11174.9	0.387316	78990.3	680.197	679.419
C12	11174.9	0.431516	99423.8	14478.2	14477.3
C12	11174.9	0.894068	87059.9	5447.33	5446.13
C12	11174.9	0.374657	93079.3	9479.44	9478.93
C12	11174.9	0.554159	98813.1	13625.4	13624.8
C12	11174.9	1.04022	84045.7	3150.18	3148.81
C12	11174.9	0.408699	82098.7	2969.53	2968.96
alpha	3727.38	5.53553	88459.8	5969.03	5449.84
alpha	3727.38	5.40284	88459.8	5969.03	5449.84
alpha	3727.38	10.6245	88459.8	5969.03	5449.84
C12	11174.9	0.842189	84944.6	3892.49	3890.63
C12	11174.9	0.354047	88581.6	6479.57	6478.69
C12	11174.9	0.389394	88022.2	6388.45	6387.89
C12	11174.9	0.521776	92203.6	8623.64	8622.51
C12	11174.9	0.937776	88611.4	5086.63	5085.22
C12	11174.9	0.910789	86325.9	5405.41	5404.19
C12	11174.9	1.41733	88552.3	5556.49	5554.86
C12	11174.9	0.475913	84086.4	3660.51	3659.71
C12	11174.9	0.632663	88796.4	4353.22	4352.17
C12	11174.9	0.529502	84637.3	4028.32	4027.78
C12	11174.9	0.643478	81938.3	2164.01	2163.3
C12	11174.9	1.39018	77871.6	209.643	207.524
C13	12109.5	0.425033	98724.4	13994.1	13993.6
C12	11174.9	1.11532	81299.6	1104.63	1102.51
C12	11174.9	0.392774	94719.4	9925.17	9923.65
C12	11174.9	1.12882	94439.3	11209.2	11207.9
C12	11174.9	0.597978	92081.2	8081.21	8080.36
C12	11174.9	0.645825	92136.4	8581.47	8580.51
C12	11174.9	0.376926	94812.8	10734.3	10733.7
C12	11174.9	0.351687	82569.5	2468.12	2466.95
C12	11174.9	0.845755	86644.5	5042.63	5040.99
C12	11174.9	1.46391	80467.7	1439.97	1438.38
neutron	939.565	451.506	97083.2	12385.2	11661.3
neutron	939.565	0.154156	97083.2	12385.2	11661.3
Be8	7454.85	0.373069	97083.2	12385.2	11661.3
C12	11174.9	0.4924	93096.1	9880.06	9878.48
C12	11174.9	0.439175	77781.3	19.8479	19.2741
C12	11174.9	2.54498	88836.6	6794.14	6791.32
C12	11174.9	0.346114	83553.2	2998.43	2997.86
C12	11174.9	0.350774	82020.6	1123.42	1122.86
C12	11174.9	0.479484	83710.6	2597.2	2596.72
C12	11174.9	0.355886	93566.1	9989.94	9989.55
C12	11174.9	0.584209	89462	7418.61	7417.72
C12	11174.9	6.71004	86951.1	5766.86	5760.01
C12	11174.9	0.427089	98646.9	13917.6	13917
C12	11174.9	0.803984	89193.1	7597.14	7596.24
C12	11174.9	0.342702	92732.3	9811.99	9810.77
C12	11174.9	0.898261	81175.5	1092.19	1090.94
C12	11174.9	0.362141	99557	14570.6	14569.9
C12	11174.9	0.346641	96402.1	12407.4	12406.8
C12	11174.9	0.450602	85208.4	3721.39	3720.87
C12	11174.9	0.682215	90445.9	8025.56	8024.86
C12	11174.9	0.556784	90249.8	7726.03	7724.25
C12	11174.9	1.02481	91134.8	8527.16	8523.68
C12	11174.9	0.781663	96968.4	12591.6	12590.5
C12	11174.9	2.35134	80593.6	1773.98	1771.39
C12	11174.9	0.332462	92187.1	8699.97	8699.57
C12	11174.9	0.359408	85740.7	3402.61	3401.36
C12	11174.9	1.08712	93981.2	10624.3	10622.6
neutron	939.565	53.4452	94483.3	11175.8	9266.32
alpha	3727.38	5.31375	94483.3	11175.8	9266.32
alpha	3727.38	7.36199	94483.3	11175.8	9266.32
B11	10252.5	3.71008	94421.2	9985.45	9754.5
C12	11174.9	0.877932	99047.6	14158.1	14157.1
C12	11174.9	0.344503	81171.1	546.175	545.747
C12	11174.9	0.350399	96937.4	12684.4	12684
C12	11174.9	0.424287	80617.6	813.624	812.924
C12	11174.9	0.682678	80059.6	970.567	969.299
neutron	939.565	91.3454	95813.7	11975	11717.1
neutron	939.565	23.22	95813.7	11975	11717.1
neutron	939.565	19.666	95813.7	11975	11717.1
alpha	3727.38	6.33602	95813.7	11975	11717.1
C12	11174.9	0.50102	86676.5	4257.44	4256.8
C12	11174.9	0.588781	99878.6	14766.6	14765.9
C12	11174.9	0.383943	84291	1886.35	1885.67
C12	11174.9	0.355858	95482.8	11309.2	11308.4
C12	11174.9	0.348112	93403.9	10180.8	10180
C12	11174.9	0.591077	82041	2057.05	2056.41
C12	11174.9	0.351677	91341.3	8577.42	8576.36
C12	11174.9	0.430628	84117.4	2187.54	2186.94
C12	11174.9	0.353291	96867.4	12361.9	12361.4
C12	11174.9	0.756332	91771.2	9291.72	9290.88
C12	11174.9	1.272	84021.6	3142.45	3141.13
C12	11174.9	0.531693	90905.6	8525.6	8524.83
C12	11174.9	2.16202	93791.8	9886.43	9884.04
neutron	939.565	123.685	95818.4	11925.2	11621.8
neutron	939.565	9.53251	95818.4	11925.2	11621.8
alpha	3727.38	3.53277	95818.4	11925.2	11621.8
C12	11174.9	0.376114	93466.1	10577	10575.5
C12	11174.9	0.502251	93133.6	10341.1	10340.5
C12	11174.9	0.365585	89557.5	6860.26	6859.43
C12	11174.9	0.397215	85803.7	4879.61	4879.1
C12	11174.9	0.459395	99386.9	14278.2	14277.6
C12	11174.9	0.510591	86835.3	4819.29	4817.81
C12	11174.9	0.555305	96648.7	12452.7	12451.3
C12	11174.9	1.27777	94403.8	10921.4	10920
C12	11174.9	0.413613	94810.4	10531.6	10530.1
C12	11174.9	0.412429	88718.3	6425.71	6425.27
C12	11174.9	0.348066	87509.5	5612.03	5611.47
C12	11174.9	0.648443	99242.4	14323.1	14322
C12	11174.9	1.04374	80471.1	138.112	136.422
C12	11174.9	0.895407	83716.1	3188.67	3187.75
C12	11174.9	0.390503	79613.6	281.098	280.375
C12	11174.9	0.687955	90855.2	6140.49	6138.6
C12	11174.9	0.421065	82213.1	1936.66	1935.95
C12	11174.9	0.443646	83384.7	2214.97	2214.34
C12	11174.9	2.11557	87642	5961.55	5958.88
C12	11174.9	0.474768	97254.2	13102.8	13100.3
C12	11174.9	0.608135	87430.1	5416.57	5415.51
C12	11174.9	1.23251	80818.1	1396.42	1395.04
C12	11174.9	0.716595	91057.1	7479.31	7478.5
C12	11174.9	0.388652	97262.5	12911.9	12910.7
C12	11174.9	0.362893	99038	14065	14064.3
C12	11174.9	0.384573	95257.6	11442.3	11441.6
C12	11174.9	0.494025	89471.3	5723.07	5721.12
C12	11174.9	1.11011	87013.7	3981.56	3980
C12	11174.9	0.490567	86023.4	3381.15	3378.88
C12	11174.9	0.868665	83439.8	1772.41	1770.76
C12	11174.9	0.60735	96477.7	12240.1	12239.2
C12	11174.9	0.512536	96096.5	11986.6	11985.9
C12	11174.9	0.46355	81089.3	1813.89	1812.43
C12	11174.9	0.702268	81499.6	1566.44	1565.63
C12	11174.9	3.2606	91246.5	7020.16	7016.43
C12	11174.9	0.372802	91075.5	8070.59	8069.99
C12	11174.9	0.538856	93230.3	10284.3	10283.6
C12	11174.9	0.482888	89256.9	6294.69	6294.07
C12	11174.9	0.349288	88806.2	7260.98	7259.58
C12	11174.9	0.556302	87345.3	4836.82	4836.26
C12	11174.9	0.52823	93257	9923.76	9922.56
C12	11174.9	1.50672	99712.9	14639.8	14638.2
C12	11174.9	0.51011	99355.5	14425.2	14424.5
C12	11174.9	2.42142	88341.9	6747	6743.67
C12	11174.9	0.514362	88510.5	6427.75	6427.02
C12	11174.9	0.383529	98877.5	13357.5	13356.2
C12	11174.9	0.370037	94905.7	10695.6	10695
C12	11174.9	0.355385	85681.8	3906.65	3905.56
C12	11174.9	1.32455	92029.8	9703.58	9702.21
C12	11174.9	1.05038	85262.7	3746.2	3745.08
C12	11174.9	0.505966	84125.1	2364.8	2363.81
C12	11174.9	0.383064	87573.5	5537.74	5537.27
C12	11174.9	0.338339	83701.8	1496.32	1495.29
C12	11174.9	0.441655	92037.9	8786.93	8785.11
C12	11174.9	0.348395	89325.6	6632.04	6631.67
C12	11174.9	0.37953	82661.2	2182.68	2182.03
neutron	939.565	0.390041	88815.8	4787.99	4017.35
Be9	8392.75	0.935928	88815.8	4787.99	4017.35
C12	11174.9	1.02164	91372.8	8419.16	8418.02
C12	11174.9	0.863279	95237	9887.6	9886.35
C13	12109.5	0.367812	80878.9	1735.74	1735.02
C12	11174.9	0.352938	88573.1	7125.01	7123.72
C12	11174.9	0.796379	99298	12558.2	12557.2
C12	11174.9	0.473443	97314	13010.1	13008.6
C12	11174.9	0.47672	83215.1	2547.44	2546.54
C12	11174.9	0.526096	95030.1	11653.9	11653.3
C12	11174.9	0.348483	98790.9	14117.1	14116.7
C13	12109.5	0.402315	92231.9	9502.17	9501.59
C12	11174.9	0.344427	89104	6491.88	6491.51
C12	11174.9	0.400212	80498.8	755.164	754.271
C12	11174.9	0.797782	89087.8	7124.04	7122.27
C12	11174.9	0.38335	90435.3	6919.97	6919.57
C12	11174.9	0.721967	79864.1	1161.71	1160.2
C12	11174.9	0.406023	85659.7	4444.22	4443.67
C12	11174.9	0.33714	82433.3	1863.11	1862.6
C12	11174.9	0.443975	81947	2705.85	2703.78
C12	11174.9	0.503502	92664.7	9479.51	9479
C12	11174.9	1.01335	85172.6	3194.7	3193.58
C12	11174.9	0.568097	90230.3	7481.13	7480.49
C12	11174.9	0.368377	80758.5	796.314	795.163
C12	11174.9	0.494043	90370.9	5828.19	5827.27
C12	11174.9	0.571619	95911.8	11728.8	11727.6
neutron	939.565	240.752	92104.8	9093.93	8660.73
neutron	939.565	2.43929	92104.8	9093.93	8660.73
alpha	3727.38	14.6338	92104.8	9093.93	8660.73
alpha	3727.38	2.39177	92104.8	9093.93	8660.73
C12	11174.9	0.35909	95792.9	11869.5	11868.1
C12	11174.9	0.33716	90285.5	7678.99	7678.42
C12	11174.9	0.549449	93598.5	10666.7	10666
C12	11174.9	0.578386	99071.7	14251.1	14250.1
C12	11174.9	0.381637	93955	10733.2	10732.8
C12	11174.9	0.572334	94586.2	11158.8	11158.1
C12	11174.9	1.05803	84391.4	3700.91	3699.35
C12	11174.9	0.426855	80501.5	1021.32	1019.1
C12	11174.9	0.667341	92084	9156.41	9155.71
C12	11174.9	1.14759	84054.9	3663.36	3662.11
C12	11174.9	0.880626	91310.8	9169.04	9167.91
C12	11174.9	0.420456	94570.9	9285.3	9284.83
C12	11174.9	0.375055	83773.8	2293.03	2291.45
C12	11174.9	0.541537	89272.3	5411.63	5410.77
C12	11174.9	0.86281	98797	14063.9	14062.6
neutron	939.565	30.8901	88457.5	6569.79	6361.03
C11	10254	0.406564	88457.5	6569.79	6361.03
C12	11174.9	0.48105	88685.8	5211.08	5209.94
C12	11174.9	2.27266	82923.6	1507.62	1503.93
C12	11174.9	0.368876	96794.4	12858.6	12858
neutron	939.565	156.411	87418.7	6734.41	5741.07
neutron	939.565	9.26771	87418.7	6734.41	5741.07
neutron	939.565	0.444621	87418.7	6734.41	5741.07
He3	2808.39	3.754	87418.7	6734.41	5741.07
alpha	3727.38	9.14874	87418.7	6734.41	5741.07
C12	11174.9	0.342825	90541.7	7992.45	7991.93
C12	11174.9	0.406987	96968.7	12945.1	12944.5
C12	11174.9	0.486386	99959.4	14827.6	14827
C12	11174.9	0.339439	92276.6	9290.98	9290.2
C12	11174.9	0.454548	97305.1	13101.3	13100.6
C12	11174.9	0.596304	79340.9	278.515	277.006
C12	11174.9	0.358075	89299.9	6288.82	6288.17
C12	11174.9	0.539507	85159.9	3976.25	3975.7
C12	11174.9	0.462872	96334.7	12073.5	12072.9
C12	11174.9	0.421802	84512.8	2345.09	2343.8
C12	11174.9	0.336019	90539	7329.76	7329.22
C12	11174.9	0.515018	93214.7	10351	10349.6
C12	11174.9	0.438254	92782.9	9345.87	9345.02
C12	11174.9	0.572242	99992	14845.8	14844.9
C12	11174.9	0.33693	98246.6	13553.7	13552.6
C12	11174.9	1.45001	78216	205.567	203.915
C12	11174.9	0.474635	95782.8	10974.4	10973.1
neutron	939.565	63.5369	94285.7	10364.5	9490.21
neutron	939.565	56.7058	94285.7	10364.5	9490.21
neutron	939.565	13.9723	94285.7	10364.5	9490.21
neutron	939.565	10.1437	94285.7	10364.5	9490.21
He3	2808.39	29.7495	94285.7	10364.5	9490.21
C12	11174.9	0.521369	84262.5	3567.61	3566.65
C12	11174.9	0.367109	81530.8	2288.98	2286.83
C12	11174.9	0.667046	94982.5	11172.8	11171.8
neutron	939.565	204.879	91565.2	7884.5	6983.55
Be10	9325.5	0.874117	91565.2	7884.5	6983.55
C12	11174.9	0.344142	80522.7	1322.42	1320.45
C12	11174.9	0.502985	85674.7	2707.56	2706.44
neutron	939.565	21.8389	99825.4	14752.5	13580.8
alpha	3727.38	2.18124	99825.4	14752.5	13580.8
Li7	6533.83	2.0925	99825.4	14752.5	13580.8
C12	11174.9	0.488309	95496.8	11115.9	11115.3
C12	11174.9	0.442516	97990.8	13466.4	13465.7
C12	11174.9	0.447276	97815.9	10788.9	10788
C12	11174.9	3.97586	82978.9	3270.75	3265.67
C12	11174.9	0.857239	96700.7	12474.9	12474
C12	11174.9	0.432546	84209.6	1954.56	1953.62
C12	11174.9	0.357935	92214.9	9257.84	9257.37
C12	11174.9	0.452163	93100.3	10153.6	10152.6
B10	9324.44	0.757016	91548.6	9096.69	7903.84
C12	11174.9	0.689902	87420.7	6389.49	6388.73
C12	11174.9	1.40432	82879.2	2893.4	2891.89
C12	11174.9	0.416268	82066.3	1475.66	1474.91
C12	11174.9	0.980512	86433.8	4787.19	4785.31
C12	11174.9	1.40828	84377.7	3205.53	3203.94
C12	11174.9	0.431769	97344.3	12675	12674.1
C12	11174.9	1.55358	97889.6	13433.7	13430.9
neutron	939.565	744.011	83179.9	3001.79	1827.31
neutron	939.565	388.41	83179.9	3001.79	1827.31
C10	9327.57	5.98125	83179.9	3001.79	1827.31
C12	11174.9	0.797348	90408.4	8462.26	8461.15
C12	11174.9	0.363384	95074.4	11354.9	11354.5
C12	11174.9	0.955101	90964.4	7579.11	7577.88
C12	11174.9	0.485314	94419.9	10712.9	10712.3
neutron	939.565	392.845	90368.2	8262.67	7543.6
neutron	939.565	284.68	90368.2	8262.67	7543.6
Be8	7454.85	1.20171	90368.2	8262.67	7543.6
C12	11174.9	1.38605	81041.8	1094.89	1093.45
C12	11174.9	0.38371	92651.6	9765.79	9765.2
C12	11174.9	0.847095	97666.3	12883.6	12880.4
C12	11174.9	1.08936	96150.4	12233.8	12231.9
C12	11174.9	0.528422	89532	7623.3	7622.27
B11	10252.5	0.602099	98389.7	13756.6	12002.2
C12	11174.9	1.68705	97409.2	13253.6	13251.6
C12	11174.9	0.396699	85629.8	5048.46	5047.96
C12	11174.9	1.62376	82094.8	2010.13	2007.8
C12	11174.9	0.444309	92737	8416.53	8416.06
C12	11174.9	0.969541	89306.9	6899.61	6898.57
C12	11174.9	0.44366	90325.7	7718.62	7717.51
C12	11174.9	2.90067	94490.9	7865.24	7862.04
C12	11174.9	1.59556	94114.2	10086	10084.2
C12	11174.9	0.678916	80699.7	1108.76	1108
C12	11174.9	0.568873	82831.7	3109.42	3108.67
C12	11174.9	0.344236	85829.4	1007.96	1007.61
C13	12109.5	0.931686	97765.7	13279.5	13277.9
C12	11174.9	0.699991	86351.7	2478.27	2475.5
C12	11174.9	0.676666	95046.5	11195.1	11194.2
C12	11174.9	0.766442	90984.4	8614.93	8614.07
C12	11174.9	0.472454	81363.5	1000.73	1000
C12	11174.9	0.3706	96977.7	12954.7	12953.8
C12	11174.9	0.989959	99601.7	14592.6	14591.2
neutron	939.565	180.255	87024.9	4836.45	4304.66
Be8	7454.85	0.588302	87024.9	4836.45	4304.66
C12	11174.9	2.20169	95896.9	11988.6	11985
C12	11174.9	0.817019	81168.6	673.573	672.572
C12	11174.9	0.962978	99172.6	14300	14298
C12	11174.9	0.453997	97394.4	13131.6	13131
C12	11174.9	0.528229	99740.6	14690.6	14689.9
C12	11174.9	0.590924	99006.3	14104.7	14103.7
C12	11174.9	0.338128	98219.5	13679.8	13679.4
C12	11174.9	0.349746	99299.8	14381.1	14380.3
C12	11174.9	0.369339	85957.3	3618.31	3617.81
C12	11174.9	0.686471	88927.3	7184.21	7183.45
C12	11174.9	0.795577	83563.5	3176.02	3173.68
C12	11174.9	0.355935	84235.4	2184.1	2182.98
C12	11174.9	0.364949	98223.2	13646.3	13645.3
C12	11174.9	0.369245	92938.4	9865.46	9865.08
C12	11174.9	1.21417	96815.7	12318.6	12317.3
C12	11174.9	0.504623	84014.4	3723.63	3722.52
C12	11174.9	0.348449	92652.9	9231.5	9231.1
C12	11174.9	0.41956	90397.8	7546.59	7546.04
C12	11174.9	0.366124	84626.6	3279.46	3278.57
neutron	939.565	0.947964	87684	6231.88	5968.89
Be9	8392.75	2.7831	87684	6231.88	5968.89
C12	11174.9	0.434162	93947.1	9920.87	9919.13
C12	11174.9	0.830156	94189.4	10810.9	10809.5
C12	11174.9	0.65734	84280.1	3845.63	3844.69
C12	11174.9	0.403721	92203.6	9587.04	9586.23
C12	11174.9	0.363048	92687.9	9978.54	9978.13
C12	11174.9	0.33614	88158.9	7008.55	7008.17
neutron	939.565	21.6196	95503	11472.8	11029.8
B11	10252.5	1.22114	95503	11472.8	11029.8
C12	11174.9	0.941878	89164.1	6689.15	6687.37
C12	11174.9	0.68878	98801.1	13584.9	13584.2
C12	11174.9	0.400391	93056.4	8580.11	8578.76
C12	11174.9	0.374684	88080.8	5733.02	5731.75
C12	11174.9	0.427015	91253	8890.73	8889.97
C12	11174.9	0.761917	95259.4	11679.6	11678
C12	11174.9	0.633664	91152.1	8640.65	8639.79
Be10	9325.5	6.10124	81753.5	1109.95	851.593
Be8	7454.85	6.17644	89296	7107.77	6274.9
C12	11174.9	0.836927	79112.2	623.909	622.108
C12	11174.9	0.389565	98180	13523.2	13522.6
C12	11174.9	0.372019	80666.5	661.254	660.881
C12	11174.9	0.433938	78591	167.515	166.337
C12	11174.9	0.748234	93723.9	10445.8	10445
C12	11174.9	0.365184	99918.2	14795.8	14795.3
C12	11174.9	0.373688	88715.6	6623.11	6621.83
C12	11174.9	0.431613	85328.1	4772.26	4770.78
C12	11174.9	0.395579	80165.6	89.655	89.1182
C12	11174.9	5.47772	94851.9	9654.16	9648.59
C12	11174.9	0.453923	91090.3	8769.8	8769.31
Be10	9325.5	7.37646	90155.9	8171.72	7882.17
C12	11174.9	0.346465	97347.4	12969.5	12967.5
neutron	939.565	102.992	91358.2	7529.81	7038.19
C11	10254	0.397002	91358.2	7529.81	7038.19
alpha	3727.38	5.92559	92718.4	9758.89	9072.72
alpha	3727.38	1.03417	92718.4	9758.89	9072.72
alpha	3727.38	7.26522	92718.4	9758.89	9072.72
C12	11174.9	1.00256	86970.5	4775.73	4774.44
neutron	939.565	0.839182	86324	4610.41	4315.15
alpha	3727.38	3.50949	86324	4610.41	4315.15
Li6	5601.52	9.29648	86324	4610.41	4315.15
C12	11174.9	8.56013	80237.8	1033.79	1025.21
C12	11174.9	0.486073	98330.4	13749.2	13745.6
C12	11174.9	0.340215	96008.2	11786	11785.6
C12	11174.9	0.399916	94686.1	10879.8	10879.2
C12	11174.9	0.351788	84543.7	2917.8	2917.38
C12	11174.9	0.878664	91595.7	8937.35	8936.28
C12	11174.9	0.428561	81563.9	839.649	839.123
C12	11174.9	0.878048	81965.3	626.333	625.428
C12	11174.9	1.94783	92173.2	8986.69	8983.53
B11	10252.5	0.91817	90957.4	8583.58	8128.9
C12	11174.9	0.732405	92960.1	9994.91	9994.1
C12	11174.9	0.524396	90804.1	8540.42	8539.5
C12	11174.9	0.346725	93394.4	9977.06	9976.67
C12	11174.9	0.548143	84949.9	2246.18	2245.49
neutron	939.565	122.957	93267.7	10085.2	9082.28
neutron	939.565	31.9222	93267.7	10085.2	9082.28
alpha	3727.38	6.69327	93267.7	10085.2	9082.28
alpha	3727.38	23.9116	93267.7	10085.2	9082.28
C12	11174.9	3.1055	92662.3	9214.08	9210.84
C12	11174.9	1.2024	97833.2	13151.9	13150
C12	11174.9	1.33052	95774.7	11893.4	11891.5
neutron	939.565	3.2548	92994.1	10073.7	9158.05
neutron	939.565	0.2666	92994.1	10073.7	9158.05
Be8	7454.85	1.02726	92994.1	10073.7	9158.05
C12	11174.9	0.414153	86967.2	5076.95	5076.39
C12	11174.9	0.38267	85655.5	4312.13	4311.66
C12	11174.9	0.346799	83919.9	3010.14	3009.52
C12	11174.9	0.462363	99115.4	14243.3	14242.6
C12	11174.9	0.34391	99772.4	14656.7	14656.3
C12	11174.9	1.37296	96587.6	11575.3	11573.8
C12	11174.9	0.543095	98752.7	13929.5	13928.9
C12	11174.9	0.381268	80828.4	1795.64	1795.09
C12	11174.9	0.385357	99836.3	14751.4	14750.8
C12	11174.9	0.434303	82084.6	1178.7	1178.22
C12	11174.9	0.381979	83463.4	2524.34	2523.95
C12	11174.9	0.439435	91615	9150.85	9149.44
C12	11174.9	1.56711	83674.8	3822.28	3820.46
C12	11174.9	0.384181	79105.3	144.448	143.719
neutron	939.565	1645.03	93648.1	10076.6	8083
neutron	939.565	1.9475	93648.1	10076.6	8083
Be8	7454.85	0.672325	93648.1	10076.6	8083
C12	11174.9	1.61141	92266.2	9360.46	9358.85
C12	11174.9	0.471133	87485.1	3156.18	3155.57
C12	11174.9	0.636731	94265.2	10367.7	10366.9
C12	11174.9	0.334325	92727.5	9487.51	9487.06
C12	11174.9	0.847873	87645.4	6089.43	6088.55
C12	11174.9	0.726544	93269.1	9785.95	9785.21
C12	11174.9	0.483611	89690	7283.53	7282.75
C12	11174.9	0.628829	91906.2	8659.55	8658.93
C12	11174.9	0.522016	88809.6	7228.93	7228.32
C12	11174.9	1.05452	88454.9	5559.59	5557.89
C12	11174.9	1.5185	98996	14162.1	14160.3
C12	11174.9	3.48514	83067.3	2693.96	2690.42
neutron	939.565	215.362	93305.6	10069.6	9430.69
neutron	939.565	85.2652	93305.6	10069.6	9430.69
neutron	939.565	10.7359	93305.6	10069.6	9430.69
neutron	939.565	0.0594346	93305.6	10069.6	9430.69
He3	2808.39	8.92899	93305.6	10069.6	9430.69
alpha	3727.38	3.59408	93305.6	10069.6	9430.69
C12	11174.9	0.454847	84563.5	3544.45	3543.83
C12	11174.9	0.631181	86777.8	5132.21	5130.06
C11	10254	3.39917	88379.9	6654.87	4740.67
C12	11174.9	1.15309	85922	4894.22	4893.01
C12	11174.9	0.713618	98411.7	13834.4	13833.7
C12	11174.9	0.37749	93715.1	10721.8	10721.2
C12	11174.9	0.464878	86401.4	5261.54	5260.67
C12	11174.9	0.610541	91291.6	7496.32	7494.55
C12	11174.9	2.56193	84790.1	2832.86	2829.51
neutron	939.565	44.8541	92506.8	8990.67	8440.86
neutron	939.565	2.00091	92506.8	8990.67	8440.86
B10	9324.44	0.414042	92506.8	8990.67	8440.86
C12	11174.9	0.700219	99199.8	14172.6	14171.6
C12	11174.9	0.420347	89760.6	5979.75	5979.18
neutron	939.565	0.737944	83674.4	1798.26	1591.96
B10	9324.44	3.09684	83674.4	1798.26	1591.96
C12	11174.9	0.767247	82421.3	2374.13	2373.28
C12	11174.9	0.455918	98589.9	13991.5	13990.9
C12	11174.9	1.19433	93310.8	9629.51	9628.23
C12	11174.9	0.880888	87485.5	4487.06	4484.9
alpha	3727.38	2.99326	98893.8	14030.2	6898.21
alpha	3727.38	4.26486	98893.8	14030.2	6898.21
C12	11174.9	0.356503	83074.1	2652.64	2652.12
C12	11174.9	0.418787	95951.1	12081.5	12081
C12	11174.9	0.595562	81583.4	1675.68	1674.66
C12	11174.9	0.334008	96032	12123.2	12122.5
C12	11174.9	0.749718	99085.9	14217.8	14216.8
C12	11174.9	0.608186	93529.2	10290.5	10289.4
C12	11174.9	0.448552	91073.6	8147.25	8146.68
C13	12109.5	0.566523	87678.3	5404.42	5403.3
C12	11174.9	0.447038	81373.5	995.222	994.14
C12	11174.9	0.504634	84144.1	3175.8	3175.01
C12	11174.9	0.556429	89254.1	6571.16	6570.1
C12	11174.9	0.358979	91741.8	9007.47	9006.27
C12	11174.9	0.380817	82904.3	1294.43	1293.1
C12	11174.9	0.445199	88305	6855.58	6855
C12	11174.9	0.612878	84925.8	3972.22	3971.5
C12	11174.9	0.384351	79613.4	605.918	604.83
C12	11174.9	2.055	82379.1	1410.29	1407.59
C12	11174.9	0.883529	85966.4	4862.31	4860.85
C12	11174.9	0.409083	94138.2	10719.2	10718.6
neutron	939.565	3052.78	88534.3	6743.05	1555.06
neutron	939.565	2.5696	88534.3	6743.05	1555.06
alpha	3727.38	3.83001	88534.3	6743.05	1555.06
alpha	3727.38	2.05138	88534.3	6743.05	1555.06
C12	11174.9	0.636996	81373	1899.71	1898.83
C12	11174.9	0.355691	81269.1	1840.46	1839.68
C12	11174.9	0.776673	86376	5337.54	5335.84
C12	11174.9	0.42904	84371.7	4102.4	4101.95
C12	11174.9	0.378905	86855.4	5155.15	5154.29
C12	11174.9	0.359429	92080.2	9585.45	9585.08
C12	11174.9	0.335263	80098.3	811.505	811.084
C12	11174.9	0.620241	94137.8	10954.8	10954.1
C12	11174.9	0.350336	81338.2	926.993	926.429
C12	11174.9	1.25029	93360.6	7766.06	7762.95
C12	11174.9	0.687024	94713.1	11215	11213.3
neutron	939.565	67.6975	92457.6	5994.7	5635.58
neutron	939.565	1.09406	92457.6	5994.7	5635.58
Be8	7454.85	0.734003	92457.6	5994.7	5635.58
C11	10254	3.03364	99093.1	14225.2	13820.1
neutron	939.565	160.831	83917.3	2970.66	2494.82
neutron	939.565	1.1882	83917.3	2970.66	2494.82
B10	9324.44	0.576772	83917.3	2970.66	2494.82
neutron	939.565	420.081	92333.8	8212.12	7211.15
alpha	3727.38	1.61604	92333.8	8212.12	7211.15
Be7	6534.18	6.2659	92333.8	8212.12	7211.15
C12	11174.9	0.351906	87562.2	6403.41	6402.17
C12	11174.9	2.51643	96296	12254.3	12251.1
C12	11174.9	0.335741	90465.3	7799.69	7798.78
C12	11174.9	1.26649	94852.3	9767.23	9765.84
C12	11174.9	2.49889	93434.3	10481	10477.5
C12	11174.9	0.35125	97174.7	12919	12918.3
C12	11174.9	0.620538	95659	12076	12075
C12	11174.9	1.13992	94335.2	10983.4	10981.6
C12	11174.9	0.341887	85588.8	5007.87	5007.12
C12	11174.9	0.821087	94996.8	10541.9	10540.6
C12	11174.9	1.10665	91571.9	8888.31	8886.82
C12	11174.9	0.388394	94810.2	10576.7	10576
C12	11174.9	1.5385	83351.2	2548.63	2546.62
C12	11174.9	0.390617	90791.3	8287.93	8287.18
C12	11174.9	0.570029	86458.8	4898.72	4897.6
C12	11174.9	0.503228	98394.4	13797.4	13796.6
C13	12109.5	0.779434	81146.1	1154.04	1152.92
C12	11174.9	0.480332	91477.8	8713.16	8712.02
C12	11174.9	0.636627	85691.7	3048.47	3047.6
C12	11174.9	0.506164	83951.3	1911.59	1911.06
C12	11174.9	1.1035	82379.2	1842.69	1841.45
C12	11174.9	1.22188	87765.6	5894.1	5892.74
C12	11174.9	0.69901	86359	5606.1	5604.31
neutron	939.565	1177.84	97595.6	12816.5	9675.02
neutron	939.565	1.60754	97595.6	12816.5	9675.02
neutron	939.565	0.997768	97595.6	12816.5	9675.02
Be8	7454.85	1.07561	97595.6	12816.5	9675.02
C12	11174.9	0.341992	94164.7	10446.3	10445.8
C12	11174.9	1.98839	96017.2	11884.1	11881.6
C12	11174.9	0.363928	81754.4	1346.94	1346.57
C12	11174.9	2.36822	90037.7	6785.45	6782.15
C12	11174.9	1.27613	89348.4	7250.94	7249.65
C12	11174.9	1.04501	97016.5	12256.6	12255.1
C12	11174.9	0.939562	81840.9	2278.55	2276.75
C12	11174.9	0.879386	84373	4288.1	4286.18
C12	11174.9	1.04103	81195.4	1894.83	1893.58
C12	11174.9	1.38792	95127.7	11283.8	11282.3
C12	11174.9	0.634055	99854.6	14766.2	14765.6
C12	11174.9	0.374967	83199	3006.84	3005.35
C12	11174.9	0.339036	99032.1	14210.1	14209.7
C12	11174.9	0.98406	86402.2	3523.55	3522.35
C12	11174.9	0.719224	79885.2	416.259	415.282
C11	10254	0.547773	82491.5	2178.92	1364.02
C12	11174.9	0.624342	82717.9	2581.41	2580.73
C13	12109.5	2.49286	79856.1	253.29	250.776
C12	11174.9	0.673011	95832	11699.8	11698.9
C12	11174.9	0.41074	98067	13599.6	13599
C12	11174.9	0.838965	94296.9	10969.5	10968.6
C12	11174.9	0.814148	89295.1	6288.19	6286.73
C12	11174.9	0.546628	79809.7	1036.08	1035.02
C12	11174.9	0.977252	88479.2	7153.35	7152.09
C12	11174.9	3.2146	78016.4	384.133	380.813
C12	11174.9	0.710014	92756.5	8873.49	8872.62
C12	11174.9	1.01972	82774.6	1388.46	1387.42
C12	11174.9	0.629073	93330.7	10163.1	10161.9
C12	11174.9	0.345376	83677.8	870.276	869.083
C12	11174.9	0.633918	86900	5438.07	5436.96
C12	11174.9	0.607275	80871.4	17.2176	16.4051
C12	11174.9	0.974117	99727.8	14639.1	14637.2
neutron	939.565	10.3782	95459.6	11427.5	11216.2
neutron	939.565	6.75702	95459.6	11427.5	11216.2
Be8	7454.85	6.1314	95459.6	11427.5	11216.2
C12	11174.9	0.873438	83266.2	2641.57	2640.32
C12	11174.9	0.601437	94927	9554.03	9552.45
C12	11174.9	0.477101	95841.1	11522.2	11521.6
C12	11174.9	0.928661	98587.7	13763.3	13762.2
C12	11174.9	4.35846	80360.9	226.478	222.112
C12	11174.9	0.461057	82896.6	2858.18	2855.94
neutron	939.565	0.896633	93689.1	10274.5	9358.64
B10	9324.44	1.42762	93689.1	10274.5	9358.64
C12	11174.9	0.702092	93582.4	9285.63	9283.93
neutron	939.565	566	98103.1	13359.7	1729.36
alpha	3727.38	18.1636	98103.1	13359.7	1729.36
neutron	939.565	8.65164	98103.1	13359.7	1729.36
C12	11174.9	0.34055	95448.1	57.6678	56.8414
C12	11174.9	0.40281	99640.5	14644.6	14643.4
C12	11174.9	0.39855	85902.3	4717.01	4716.15
C12	11174.9	0.69214	84000	3956.85	3956.08
C12	11174.9	0.699257	89089.5	7482.84	7481.68
C12	11174.9	1.18017	98111.4	13528.6	13527.1
C12	11174.9	0.420288	99285.6	14342.7	14341.6
C12	11174.9	0.680024	98349.5	12880.3	12879.6
C12	11174.9	0.355399	81690.2	438.636	438.233
C12	11174.9	1.39253	94607.6	11240.2	11237.9
C12	11174.9	0.41503	94506.7	11176.1	11175.5
C12	11174.9	0.667227	81067.2	1076.9	1076.09
C12	11174.9	0.570003	88007	6734.57	6733.9
C12	11174.9	0.350681	79392.4	1222.44	1220.97
C12	11174.9	0.931867	78468.4	683.848	682.561
C12	11174.9	0.367898	89552.6	7589.14	7588
B10	9324.44	13.0371	99005.7	14198.6	13491.1
C12	11174.9	0.660412	90011.2	7724.68	7723.99
C12	11174.9	0.601612	92431.4	9867.75	9866.51
C12	11174.9	0.662313	96104.5	12005.3	12004.6
C12	11174.9	0.404424	96214.1	12360.4	12359.3
C12	11174.9	1.56559	85036.6	2945.97	2944.33
C12	11174.9	0.66511	92603	9677.96	9677.22
neutron	939.565	177.751	83404.3	2552.18	2288.71
alpha	3727.38	5.32868	83404.3	2552.18	2288.71
alpha	3727.38	18.1386	83404.3	2552.18	2288.71
neutron	939.565	982.669	95154.6	10932.2	9721.49
neutron	939.565	179.467	95154.6	10932.2	9721.49
alpha	3727.38	2.29439	95154.6	10932.2	9721.49
alpha	3727.38	5.28994	95154.6	10932.2	9721.49
C12	11174.9	0.439052	86519	2636.29	2635.81
C12	11174.9	0.375591	93087.1	8855.07	8854.58
C12	11174.9	0.412775	91343.6	9403.57	9403.09
C12	11174.9	1.81125	92046.9	9074.02	9071.56
C12	11174.9	2.10939	99452.8	14510.3	14507.3
C12	11174.9	0.44611	79470.4	924.576	923.922
C12	11174.9	0.996291	90975.2	8560.9	8559.45
C12	11174.9	0.536621	81738.8	1745.83	1745.04
C12	11174.9	0.753988	97277.8	12868.2	12866.5
C12	11174.9	0.333976	91457.5	7908.84	7907.34
C12	11174.9	0.525948	87157.1	5703.66	5702.87
C12	11174.9	0.528034	96249.4	12241.6	12240.5
C12	11174.9	0.584615	84246.6	3767.9	3767.25
C12	11174.9	0.424256	80734.4	945.621	944.002
neutron	939.565	468.51	85406.8	5147.95	4332.16
neutron	939.565	4.15635	85406.8	5147.95	4332.16
Be8	7454.85	0.0668678	85406.8	5147.95	4332.16
C12	11174.9	0.365986	91486.4	7817.3	7816.51
C12	11174.9	0.424058	97608.9	13284.6	13283.5
neutron	939.565	36.5274	87717.6	5585.56	5357.2
B11	10252.5	1.08896	87717.6	5585.56	5357.2
C12	11174.9	1.12949	86228.7	4290.6	4288.48
C11	10254	0.195554	99521.5	14563.3	13670.8
neutron	939.565	26.3779	84784.1	3261.67	2835.05
B10	9324.44	2.83512	84784.1	3261.67	2835.05
C12	11174.9	0.364534	98790.3	13992.2	13991.6
C12	11174.9	1.45182	90037.2	7447.77	7446.24
C12	11174.9	0.873029	88062.2	6140.6	6139.51
C12	11174.9	0.494945	97442.4	12953.7	12953
C12	11174.9	0.834148	86823.1	3184.01	3181.97
C12	11174.9	0.86282	84637	4196.03	4195.11
C12	11174.9	0.356136	93283.9	10357.7	10357.1
C12	11174.9	0.367145	85172.5	4713.15	4712.52
C12	11174.9	0.448873	86163.9	3974.04	3973.48
C12	11174.9	1.50211	87346	5800.44	5798.25
C12	11174.9	0.375006	78771.3	302.959	302.549
C12	11174.9	0.360938	93436.4	10100.2	10099.8
C12	11174.9	0.433216	97904.3	12032.5	12031.7
C12	11174.9	0.440978	89542.1	7152.25	7151.64
C12	11174.9	0.354304	83116.3	1982.48	1980.01
C12	11174.9	2.38364	87130	5587.06	5584.64
C12	11174.9	0.480395	89470.2	7448.79	7448.29
C12	11174.9	0.588387	86213.5	4442.9	4441.21
C12	11174.9	0.94532	88984.2	5916.29	5915.2
C12	11174.9	0.366449	91251.5	7793.87	7793.46
C12	11174.9	0.652569	93943.4	10383.6	10382.1
C12	11174.9	1.57928	88317.3	6594.73	6592.94
C12	11174.9	0.87997	85752.8	4898.69	4896.42
C12	11174.9	0.365116	96625.4	12465.8	12465.2
C12	11174.9	0.524761	82962	2942.78	2942.09
C12	11174.9	1.34112	87012.2	5722.84	5721.1
C12	11174.9	0.543883	95546.1	11456.9	11456.2
C12	11174.9	0.695381	90047.2	7249	7248.17
C12	11174.9	0.610474	89224.8	6049.83	6049.01
C12	11174.9	0.719091	91961.4	8708.92	8706.85
C12	11174.9	0.417676	88269.1	6353.88	6353.27
C12	11174.9	1.62725	88743.5	6891.13	6888.59
alpha	3727.38	3.26267	93165.2	10246.2	1623.78
He3	2808.39	11.9803	93165.2	10246.2	1623.78
alpha	3727.38	5.99492	93165.2	10246.2	1623.78
C12	11174.9	0.341834	85969.6	4785.31	4783.71
C12	11174.9	0.79985	83220.4	2428.86	2427.72
C12	11174.9	1.72618	97925.8	12877	12874.3
C12	11174.9	0.396999	92980.5	9971.15	9969.16
C12	11174.9	0.410327	80957.8	1652.83	1651.62
C12	11174.9	0.530009	97482.1	12835.7	12834.7
C12	11174.9	0.752184	94499.6	11111	11109.9
C12	11174.9	0.376061	90389	8164.32	8163.58
C12	11174.9	1.06363	88126.4	6677.83	6676.56
C12	11174.9	0.348436	83814.9	3707.41	3706.71
C12	11174.9	0.477868	84746.4	2702.04	2701.33
C12	11174.9	0.778421	81897.9	1616.21	1615.32
C12	11174.9	0.470466	83319.4	1000.45	999.532
C12	11174.9	0.601469	98044.7	13684.2	13683.6
C12	11174.9	0.337944	85226.4	4248.53	4248.11
C12	11174.9	0.934942	94373.4	10661.3	10659.8
alpha	3727.38	4.51837	98616.6	13841.3	13342.6
Li7	6533.83	3.38615	98616.6	13841.3	13342.6
C12	11174.9	0.610056	83214.3	2568.5	2567.65
C12	11174.9	0.404694	96544.5	11337.4	11336.9
C12	11174.9	0.557053	98160.4	13597.3	13595.8
C12	11174.9	0.363674	81501.5	1719.12	1718.53
C12	11174.9	0.34252	91090.7	8494.47	8493.04
neutron	939.565	197.805	97702.3	13342.7	11891
Be10	9325.5	1.18812	97702.3	13342.7	11891
C12	11174.9	0.503743	82684	3071.94	3071.42
C12	11174.9	1.0334	93657.2	10613.4	10609.2
C12	11174.9	0.374513	80550.1	334.249	333.459
C12	11174.9	0.686708	92359.7	9061.67	9060.66
neutron	939.565	78.9126	84530.9	2203.06	1757.6
B11	10252.5	0.333862	84530.9	2203.06	1757.6
alpha	3727.38	2.17817	85854.1	4671.18	3597.36
alpha	3727.38	6.78329	85854.1	4671.18	3597.36
C12	11174.9	1.25103	97907.3	13296.7	13295.3
C12	11174.9	1.51312	78970.8	151.389	149.75
C12	11174.9	0.367862	96182.3	12205.2	12204.6
C12	11174.9	0.623876	89444.4	7467.34	7466.31
C12	11174.9	0.434752	83238.8	3464.82	3463.96
C12	11174.9	1.61074	81488.6	2350.06	2348.38
C12	11174.9	2.0621	86380.8	5297.89	5295.64
C12	11174.9	0.670387	94952.9	11519.2	11517.5
C12	11174.9	0.57969	95404.6	11483.9	11482.2
C12	11174.9	0.392444	94861.9	11123.3	11122.3
C12	11174.9	0.789904	86160.2	4704.21	4703.38
neutron	939.565	407.648	98595.2	13846.5	13098.3
alpha	3727.38	3.71705	98595.2	13846.5	13098.3
alpha	3727.38	2.23779	98595.2	13846.5	13098.3
C12	11174.9	0.466284	88496.9	5617.94	5617.43
C12	11174.9	1.09731	98555.7	13817.9	13816.7
C12	11174.9	0.371581	88300.3	6389.34	6387.31
C12	11174.9	0.457797	80532.2	1037.38	1036.91
C12	11174.9	0.893267	94886.7	11190.5	11188.6
neutron	939.565	70.1494	97521.8	13087.9	12647.3
B10	9324.44	5.80876	97521.8	13087.9	12647.3
C12	11174.9	0.334751	93707.8	9107.8	9107.33
neutron	939.565	1394.98	83789.6	2342.92	599.547
neutron	939.565	303.312	83789.6	2342.92	599.547
Be8	7454.85	1.61228	83789.6	2342.92	599.547
C12	11174.9	0.540026	93244.8	9394.74	9393.42
C12	11174.9	0.336078	97398.1	12875.9	12875.5
C12	11174.9	0.476509	93983.9	10620.4	10619.9
C12	11174.9	0.779451	88175.5	6677.25	6675.75
C12	11174.9	0.675503	84168.7	3111.96	3111.2
C12	11174.9	0.396389	81621.6	1811.07	1810.44
C12	11174.9	0.853842	95445.8	10464.7	10463.7
neutron	939.565	0.513439	94880.7	10964.3	6716.7
Be9	8392.75	1.00223	94880.7	10964.3	6716.7
C12	11174.9	0.33711	81368	1810.92	1810.4
C12	11174.9	0.825907	80849.1	998.197	996.313
C12	11174.9	0.698211	98764.4	14062.7	14061.5
C12	11174.9	0.356592	96276.2	12328.7	12328.3
C12	11174.9	0.582498	82113.8	1505.6	1504.68
C12	11174.9	0.672732	85473.2	4240.27	4239.56
C12	11174.9	0.645459	81814.6	2486.33	2485.53
C12	11174.9	3.96646	99750	14708.7	14704.3
C12	11174.9	0.654392	92362.8	9816.5	9815.65
C12	11174.9	0.512939	99549.1	14509.7	14509.1
C12	11174.9	3.17974	88083.8	6533.48	6529.81
C12	11174.9	0.478946	96817.4	12693.7	12691.7
C12	11174.9	0.370247	84226.4	2976.18	2975.44
neutron	939.565	104.876	97102.8	11984.7	11581.5
B10	9324.44	0.281885	97102.8	11984.7	11581.5
C12	11174.9	0.407469	89815.4	6187.79	6186.81
C12	11174.9	0.614736	94112.7	8814.57	8813.76
C12	11174.9	2.00554	87936.4	5280.59	5277.4
C12	11174.9	0.407935	86596.3	4381.94	4381.42
C12	11174.9	1.02113	95109.6	11188.5	11187.3
C12	11174.9	0.785265	89406.2	6923.14	6920.79
C12	11174.9	0.808012	95450	11655.8	11654.9
C12	11174.9	1.20732	85479.1	4308.15	4306.66
C12	11174.9	0.678343	88649.9	6319.84	6318.97
C13	12109.5	0.393706	91968.4	8554.87	8553.75
C12	11174.9	0.707788	84205.3	3164.4	3163.63
C12	11174.9	1.28667	90764.3	8256.84	8255.44
C12	11174.9	0.466358	94391.6	10971	10970.4
C12	11174.9	0.849768	87434.9	5396.12	5394.73
C12	11174.9	0.566889	92140.9	8231.78	8231.2
C13	12109.5	0.644325	89171.7	6623.09	6622.4
C12	11174.9	0.979876	87883.2	5612.41	5611.05
C12	11174.9	1.44473	99144.2	14237.8	14235.3
neutron	939.565	74.9769	97871.9	13382.7	12259.6
alpha	3727.38	10.3917	97871.9	13382.7	12259.6
alpha	3727.38	4.20459	97871.9	13382.7	12259.6
C12	11174.9	0.813338	94063.6	11033.1	11032.2
C12	11174.9	0.346111	88056.1	5916.31	5915.63
neutron	939.565	48.3979	84937.5	3047.75	2773.38
Be8	7454.85	1.42495	84937.5	3047.75	2773.38
C12	11174.9	0.347175	81096.9	109.013	108.462
C12	11174.9	0.90439	95691.5	11487.2	11485.8
C12	11174.9	0.731666	92938.6	9415.14	9414.06
C12	11174.9	0.408675	92035.1	9079.6	9078.72
C12	11174.9	1.03239	99981.9	14840.5	14839.5
C12	11174.9	0.367977	82035.9	2144.03	2142.79
C12	11174.9	1.1884	96449	12098.9	12097.5
C12	11174.9	0.517555	91522.3	8967.96	8967.36
C12	11174.9	0.753152	85053.7	3524	3522.34
C12	11174.9	0.353404	98519.3	13848.7	13848.3
C12	11174.9	1.11826	88757.7	4956.97	4954.68
C12	11174.9	0.332702	94323.7	10628.2	10627.6
C12	11174.9	0.50779	85087.3	3572.07	3570.94
C12	11174.9	2.93108	89041.8	7267.96	7264.93
C12	11174.9	0.872024	94567.5	11035.1	11034.1
C12	11174.9	0.78636	97965.7	13481.6	13480.6
C12	11174.9	0.830641	96829.4	12568.5	12567.2
C12	11174.9	0.743645	86956.7	5781.34	5780.41
C12	11174.9	0.472954	82304.6	1461.77	1461.18
C12	11174.9	0.922291	95839.6	11902.7	11901.7
C12	11174.9	2.2705	91993.8	9250.23	9246.58
C12	11174.9	0.441732	82610.6	1794.4	1793.82
neutron	939.565	276.433	87210.7	4920.66	4399.17
neutron	939.565	147.837	87210.7	4920.66	4399.17
neutron	939.565	28.3671	87210.7	4920.66	4399.17
Be7	6534.18	3.10069	87210.7	4920.66	4399.17
C12	11174.9	0.911576	81307.5	2039.37	2038.44
C12	11174.9	0.470625	78438.9	214.921	214.138
C12	11174.9	0.34218	83871.5	2212.17	2211.69
C12	11174.9	0.781465	95683	11855.4	11854.1
C12	11174.9	0.43329	91594.3	7387.22	7386.54
C12	11174.9	0.453144	92628.6	9952.48	9952.01
C12	11174.9	0.580982	83128.1	2357.42	2356.67
C12	11174.9	0.477218	83687.5	3611.97	3610.23
C12	11174.9	0.499087	86337.3	3771.28	3770.5
C12	11174.9	0.990203	96144.3	11996.3	11995.2
C12	11174.9	0.614549	83631.6	2502.57	2501.55
C12	11174.9	1.36189	82039.7	1355.9	1353.89
B10	9324.44	0.319748	86167.9	5487.19	4679.17
C12	11174.9	0.652842	95117.4	11166.1	11165.3
C12	11174.9	0.469798	84895	3355.28	3353.84
C12	11174.9	0.490387	92538.9	9470.66	9469.75
C12	11174.9	0.454921	86142.8	2884.13	2883.56
C12	11174.9	0.879926	89995.8	6747.82	6746.81
C12	11174.9	0.652166	89811	7709.29	7708.5
C12	11174.9	0.354701	97304.8	12599	12598.6
C12	11174.9	0.425396	93800.6	9976.46	9975.72
C12	11174.9	0.494587	79310.5	240.665	239.892
C12	11174.9	0.741637	93539.6	10477	10476.1
neutron	939.565	55.9955	93377	9957.18	9438.97
alpha	3727.38	4.74167	93377	9957.18	9438.97
alpha	3727.38	2.3104	93377	9957.18	9438.97
C12	11174.9	0.385155	90439.4	7313.7	7313.21
C12	11174.9	3.41972	86246.6	4462.38	4458.8
C12	11174.9	0.354313	98505.3	13802.8	13802.3
C12	11174.9	0.599571	90125.6	7231.63	7230.38
C12	11174.9	0.537264	88247.6	7190.91	7189.54
C12	11174.9	0.585394	84878.8	4883.72	4882.97
neutron	939.565	90.8171	95595.4	11733	11510.4
neutron	939.565	66.6542	95595.4	11733	11510.4
alpha	3727.38	6.51643	95595.4	11733	11510.4
alpha	3727.38	2.14279	95595.4	11733	11510.4
C12	11174.9	0.406288	91789	8977.68	8976.91
C12	11174.9	0.621944	94138.7	8560.74	8559.97
C12	11174.9	0.336374	95302.8	11017.9	11016.5
C12	11174.9	1.99684	87748.8	5362.63	5360.14
C11	10254	0.734209	87775.1	5625.55	5390.21
C12	11174.9	0.640245	81985.4	2136.2	2135.24
C12	11174.9	0.359967	81973.8	1766.74	1765.59
C12	11174.9	0.696169	94555.9	10028.3	10026.8
C12	11174.9	0.456215	97469.7	13036.5	13034.9
neutron	939.565	455.008	89189.7	7293.58	6538.27
alpha	3727.38	6.73245	89189.7	7293.58	6538.27
Li6	5601.52	1.77432	89189.7	7293.58	6538.27
C12	11174.9	0.354488	83046.2	3011.48	3010.37
C12	11174.9	0.389718	94489.8	10846.8	10845.9
B10	9324.44	3.56684	98502.2	13783.2	12540.5
C12	11174.9	0.936165	93663.2	9917.42	9916.03
C12	11174.9	0.868201	95787.8	9302.24	9301.31
C12	11174.9	5.32775	91460.7	2241.11	2235.11
C12	11174.9	0.430102	87603.6	2291.07	2290.47
C12	11174.9	0.777851	85202	3625.15	3623.7
C12	11174.9	1.30485	89384.2	6241.67	6240.21
C12	11174.9	0.33817	90204.6	7771.67	7770.72
C12	11174.9	0.508717	90582	8396.73	8395.78
C12	11174.9	0.462068	85886.8	4808.07	4807.15
C12	11174.9	0.515083	93937	10669.9	10669
C12	11174.9	0.342282	89622.2	4864.84	4864.41
C12	11174.9	1.19018	84176.9	1519.16	1516.58
C12	11174.9	0.579622	83716.7	2486.34	2485.67
C12	11174.9	0.365186	81723.8	572.935	572.296
B11	10252.5	9.25324	94968.8	11401.1	11070
C12	11174.9	1.30187	82896.8	2579.48	2577.82
C12	11174.9	0.353566	83778.9	2946.39	2945.83
C12	11174.9	1.23009	91461.4	9364.71	9362.69
C12	11174.9	0.436394	80375.7	1813.67	1812.97
C12	11174.9	0.570131	97171.5	12675.3	12674.4
C12	11174.9	1.68055	93194.5	9228.58	9226.35
C12	11174.9	1.19383	95744.4	11780.5	11779.2
C12	11174.9	0.429783	96785.6	12598.3	12597.6
C12	11174.9	0.445593	86722.2	4484.18	4483.6
C12	11174.9	0.587879	81526.6	811.252	808.789
C12	11174.9	0.776064	85245.1	2244.8	2242.7
C12	11174.9	0.459791	97027.3	12606.7	12606.1
C12	11174.9	0.375677	85415.8	3841.4	3840.6
C12	11174.9	0.546411	90783.5	8303.54	8302.53
neutron	939.565	147.137	96265.2	12023.7	11702.4
alpha	3727.38	1.71407	96265.2	12023.7	11702.4
alpha	3727.38	6.29959	96265.2	12023.7	11702.4
C12	11174.9	0.694607	94732.3	10546.6	10545.5
C12	11174.9	0.624126	97310.7	13045.5	13044.7
C12	11174.9	0.383876	92936.6	9048.36	9046.84
neutron	939.565	615.596	94619.7	11212.6	10375.3
neutron	939.565	173.65	94619.7	11212.6	10375.3
B9	8393.31	6.21025	94619.7	11212.6	10375.3
C12	11174.9	1.15763	89633.8	6785.79	6784.55
C12	11174.9	0.596286	83362.3	3532.96	3531.61
C12	11174.9	0.483578	81248.4	852.106	850.769
C12	11174.9	0.402538	80727.6	538.984	538.414
C12	11174.9	0.788028	91918.3	8689.99	8688.6
C12	11174.9	0.425297	87542.2	5360.37	5359.5
C12	11174.9	0.339413	98434.7	13712.9	13712.5
C12	11174.9	0.445991	88050.2	3799.38	3798.78
C12	11174.9	0.337498	91482.6	8740.43	8737.89
C12	11174.9	0.508298	94720.7	10636.2	10635.1
C12	11174.9	0.625711	88841.3	7556.91	7556.17
C12	11174.9	0.484033	86566.3	5326.92	5325.87
C12	11174.9	0.356701	97670.6	11965	11964.2
neutron	939.565	28.471	92057.5	8752.08	8395.31
neutron	939.565	7.47972	92057.5	8752.08	8395.31
neutron	939.565	6.58997	92057.5	8752.08	8395.31
alpha	3727.38	10.0348	92057.5	8752.08	8395.31
alpha	3727.38	4.83421	92057.5	8752.08	8395.31
C12	11174.9	0.370968	92104.8	8946.91	8945.72
C12	11174.9	0.410733	86799.2	5434.4	5433.65
C12	11174.9	0.609991	96931.2	10217	10215.7
C12	11174.9	0.353523	85303	2289.58	2288.58
C12	11174.9	0.613438	84168.8	1835.15	1834.26
C12	11174.9	1.07019	86585.7	5252.26	5250.16
C12	11174.9	0.439961	82856.5	2350.8	2350
C12	11174.9	0.337047	94753	11259.7	11259
C12	11174.9	0.373495	87934.8	6780.49	6779.5
C12	11174.9	0.360634	79872	1096.12	1091.92
C12	11174.9	1.03623	89540.4	7308.62	7307.51
C12	11174.9	0.394775	79814.2	205.954	205.538
neutron	939.565	4.0215	83317.2	1388.5	1121.76
neutron	939.565	0.164667	83317.2	1388.5	1121.76
Be8	7454.85	1.41971	83317.2	1388.5	1121.76
C12	11174.9	0.396457	95704.7	10200.9	10200.4
C12	11174.9	0.671559	98249.7	13469.4	13468.3
C12	11174.9	0.760538	81264.9	1962.27	1961.37
C12	11174.9	0.515372	97552.7	13200.3	13199
C12	11174.9	0.470129	87564.2	6221.97	6220.45
C12	11174.9	3.60127	85383.1	2226.73	2222.92
C12	11174.9	0.927672	99075.4	14146.9	14145.2
neutron	939.565	746.722	98245.9	13632.8	12489.7
neutron	939.565	341.125	98245.9	13632.8	12489.7
Be8	7454.85	1.29977	98245.9	13632.8	12489.7
neutron	939.565	222.644	91866.8	8243.86	7876.17
neutron	939.565	97.9876	91866.8	8243.86	7876.17
Be8	7454.85	0.159593	91866.8	8243.86	7876.17
C12	11174.9	1.20009	86677.1	5390.53	5389.23
C12	11174.9	0.50005	90951.1	6742.98	6739.84
C12	11174.9	0.416096	92900.4	10099	10098.3
C12	11174.9	1.02975	96355.5	12333.3	12332.3
C12	11174.9	0.6655	99093.3	14301.1	14299.5
C12	11174.9	0.389478	80394.7	1537.68	1536.8
C12	11174.9	0.59479	97897.4	13490	13489.4
C12	11174.9	0.742401	81388.8	1992.6	1991.02
C12	11174.9	0.365999	89890.8	7765.06	7764.27
C12	11174.9	1.38074	97400.2	13178.7	13176.5
C12	11174.9	1.70135	89551	7657.91	7656.16
C12	11174.9	0.504773	81055.5	2199.59	2199.09
C12	11174.9	0.515297	89333.3	7263.67	7263.09
C12	11174.9	0.862081	96118.2	12150.6	12149.2
C12	11174.9	0.552127	82750	1902.67	1901.94
C12	11174.9	0.969263	85452.4	3654.12	3652.84
C12	11174.9	2.79958	90102.2	7611.11	7607.88
C12	11174.9	0.407506	91028.9	7659.74	7659.21
C12	11174.9	0.501632	80054	715.542	714.926
C12	11174.9	0.406887	92051.9	8059.96	8059.25
C12	11174.9	0.340482	87046	5046.94	5046.12
C12	11174.9	0.689845	81608.9	1456.94	1455.81
C12	11174.9	0.398691	87690.5	6666.67	6666.18
C12	11174.9	0.347392	98788.4	14011.8	14011.1
C12	11174.9	0.47119	93534.2	9685.79	9685.3
C12	11174.9	0.619845	87602.8	6589.21	6588.18
C12	11174.9	0.39815	85880	4652.12	4651.11
C12	11174.9	0.394966	82579.1	2607.92	2607.47
C12	11174.9	0.452734	91082.7	8415.99	8415.36
C12	11174.9	0.333268	81187.6	568.455	567.922
C12	11174.9	0.402241	84129.9	3837.68	3836.71
C12	11174.9	0.337135	96747.8	12529.6	12529.1
C12	11174.9	0.35189	91045	6708.49	6707.59
C12	11174.9	1.76081	83850.7	2453.49	2451.52
C12	11174.9	0.383282	99048.1	14229.1	14228.1
C12	11174.9	0.333205	85372.6	5115.04	5114.52
C12	11174.9	0.70082	97899.6	13024.1	13023.3
C12	11174.9	1.17779	87011.9	6052.74	6051.5
C12	11174.9	0.535276	84807.2	4465.48	4464.43
C12	11174.9	0.376528	89323.2	5056.59	5055.82
C12	11174.9	0.407741	87355	3776.75	3776.03
C12	11174.9	0.340183	83171.7	3274.18	3273.71
C12	11174.9	0.870051	91379.9	7722.59	7721.46
C12	11174.9	0.40417	88298	6616.46	6616
C12	11174.9	0.850721	95557.2	11797.1	11796.1
C12	11174.9	0.412841	95069.4	11386.5	11386
C12	11174.9	0.959875	94152.8	10692.5	10691.3
C12	11174.9	0.343301	79372.6	263.896	262.466
C12	11174.9	0.657158	95982.2	12286.9	12285.6
C12	11174.9	1.87917	88729.7	6950.6	6948.39
C12	11174.9	1.33862	85933.1	4403.85	4402.5
neutron	939.565	994.021	81053.4	1960.07	747.185
neutron	939.565	170.618	81053.4	1960.07	747.185
Be8	7454.85	0.708697	81053.4	1960.07	747.185
C12	11174.9	1.38663	99685.5	14648.5	14647
C12	11174.9	0.397359	90849.4	7266.47	7264.91
C12	11174.9	0.607961	94811.6	11054.5	11053.6
C12	11174.9	0.56546	79985.9	1416.34	1415.39
C12	11174.9	0.442357	99558.3	14573.4	14572
C13	12109.5	0.496882	96893.5	12804.3	12803.7
C12	11174.9	0.480653	87582.2	6498.82	6497.03
C12	11174.9	2.60006	81967.4	2461.37	2458.6
C12	11174.9	0.911845	78799.4	488.983	487.79
C12	11174.9	0.458839	91012.3	8712.34	8711.79
neutron	939.565	477.096	84907.2	4243.72	3001.96
neutron	939.565	21.4534	84907.2	4243.72	3001.96
neutron	939.565	5.82043	84907.2	4243.72	3001.96
alpha	3727.38	17.8657	84907.2	4243.72	3001.96
C12	11174.9	0.533393	89260.8	6646.9	6646.29
C12	11174.9	0.760922	89075.6	6536.48	6535.7
C12	11174.9	0.887708	84349.7	3176.58	3174.75
neutron	939.565	858.565	98527.7	13365.8	11857.5
neutron	939.565	379.105	98527.7	13365.8	11857.5
neutron	939.565	26.9169	98527.7	13365.8	11857.5
neutron	939.565	11.0901	98527.7	13365.8	11857.5
neutron	939.565	5.36768	98527.7	13365.8	11857.5
He3	2808.39	18.7566	98527.7	13365.8	11857.5
C12	11174.9	0.563513	91867	8454.93	8454.06
C12	11174.9	0.804546	96142.4	11803.3	11802.4
C12	11174.9	1.18741	90855.1	8394.81	8393.23
C12	11174.9	0.791062	96758.7	12523.8	12522.8
C12	11174.9	0.732284	95019.8	11484.8	11484
C12	11174.9	0.501172	82331.2	1398.14	1397.53
C12	11174.9	0.611704	82701.5	79.8065	79.1413
C12	11174.9	0.647258	92827.8	8582.91	8582.13
C12	11174.9	0.57806	79466.5	1032.14	1030.67
C12	11174.9	0.976884	83038.3	1931.19	1930.1
C12	11174.9	0.493243	87048.5	4530.73	4529.72
C12	11174.9	1.6762	92335.2	9571.8	9569.71
C12	11174.9	0.976996	80987	1280.43	1279.34
C12	11174.9	0.45135	89839.5	7472.93	7472.3
C12	11174.9	0.607888	87799.7	6801.3	6800.67
C12	11174.9	0.497648	96866.3	12458.1	12457.5
C13	12109.5	0.527197	90064.3	7843.88	7843.13
C12	11174.9	0.499889	84605.4	4246.57	4246.04
C12	11174.9	2.00014	95640.3	11640.4	11638.1
neutron	939.565	97.1721	89866.5	7639.01	5994.82
neutron	939.565	96.307	89866.5	7639.01	5994.82
neutron	939.565	34.0972	89866.5	7639.01	5994.82
neutron	939.565	25.4006	89866.5	7639.01	5994.82
neutron	939.565	24.315	89866.5	7639.01	5994.82
C12	11174.9	0.366215	93142.5	10282.7	10281.7
C12	11174.9	1.26032	90691.3	8156.02	8154.39
C12	11174.9	0.501942	86647.8	5351.27	5350.51
C12	11174.9	0.362757	86124.6	4868.21	4867.56
C12	11174.9	0.463259	94209.6	10796.1	10795.4
C12	11174.9	0.791554	89832.9	7847.74	7846.51
C12	11174.9	0.70341	87420.2	5010.16	5008.97
C12	11174.9	0.680022	87152.6	5912	5910.97
C13	12109.5	0.583501	89450.6	7299.7	7298.78
C12	11174.9	0.894058	87652.8	6177.97	6176.04
C12	11174.9	1.19563	81385.5	1980.16	1978.92
C12	11174.9	0.514319	99389.7	14457.2	14455.2
C12	11174.9	0.458828	82247.8	1423.1	1422.61
C12	11174.9	0.633806	85955.5	4847.61	4846.42
C12	11174.9	1.31572	79669.4	440.147	438.664
C12	11174.9	0.878889	98211.7	13539.1	13537.5
neutron	939.565	74.8037	83639.7	3732.63	3453.19
neutron	939.565	0.660526	83639.7	3732.63	3453.19
B10	9324.44	0.0873958	83639.7	3732.63	3453.19
C12	11174.9	0.522352	84273	3056.19	3054.5
C12	11174.9	0.526559	96722.8	12534.6	12533.5
neutron	939.565	117.988	90170.1	7968.01	7745.41
alpha	3727.38	3.02125	90170.1	7968.01	7745.41
alpha	3727.38	5.22965	90170.1	7968.01	7745.41
C12	11174.9	0.954385	85627.4	3552.87	3551.8
C12	11174.9	0.375898	88117.8	6020.81	6020.33
C12	11174.9	1.60078	87258	5284.83	5281.03
C12	11174.9	0.448255	82309.2	1675.49	1674.43
C12	11174.9	0.944009	79928.8	110.402	109.397
C12	11174.9	0.3547	98090.4	13667.6	13667.2
C12	11174.9	0.447082	97298.7	13032.6	13032.1
C12	11174.9	0.836144	90263	7512.74	7511.67
C12	11174.9	0.432769	84017.5	3053.82	3053.23
C12	11174.9	0.351984	92920.5	10048.9	10048.3
C12	11174.9	0.354639	95734.2	9966.5	9965.2
C12	11174.9	0.420419	89230.9	3320.21	3319.44
C12	11174.9	0.655932	89870.6	4023.01	4021.49
C12	11174.9	0.573015	79928.9	1222.63	1221.01
C12	11174.9	0.609606	79682.4	194.328	193.124
C12	11174.9	0.626737	91696.7	7892.47	7891.81
C12	11174.9	0.424756	88990.4	5904.91	5904.2
C12	11174.9	1.23418	88346.6	5473.62	5471.86
C12	11174.9	0.561942	83774.8	2094.08	2092.96
C12	11174.9	0.332209	97733	12845.1	12844.1
C12	11174.9	0.345703	99547	14572.5	14571.2
C12	11174.9	0.930207	89489.7	7295.46	7294.14
C12	11174.9	0.44026	81542.7	988.171	987.503
C12	11174.9	0.34095	81126.2	695.176	693.463
neutron	939.565	2.83579	91593.8	9005.7	7257.39
Be8	7454.85	1.41148	91593.8	9005.7	7257.39
C12	11174.9	0.406713	95451.5	11674.8	11673.8
C12	11174.9	1.79386	88443.6	6707.49	6705.28
C12	11174.9	0.357854	95663	11643.7	11641
C12	11174.9	0.591478	98280.6	13674.6	13673.9
C12	11174.9	1.81432	83960.8	3475.71	3471.81
C12	11174.9	1.5676	82193.9	2240.82	2239.24
C12	11174.9	1.09943	89725.6	7914.04	7912.76
C12	11174.9	1.39637	80692.1	1325.65	1324.03
C12	11174.9	0.362001	83603.6	3142.27	3141.81
C12	11174.9	0.57314	86769	4731.56	4730.92
Be10	9325.5	5.13092	90238.8	7472.7	7108.46
C12	11174.9	1.12092	99581.9	14587.9	14586.4
C12	11174.9	0.55892	89631.1	7254.7	7252.92
neutron	939.565	311.328	96093.7	12198.5	11540.2
alpha	3727.38	3.24121	96093.7	12198.5	11540.2
Li6	5601.52	4.35971	96093.7	12198.5	11540.2
C12	11174.9	0.774083	84923.3	1500.93	1499.36
C12	11174.9	0.523045	79947	563.899	563.061
C12	11174.9	0.401618	89215.3	6051.27	6050.44
C12	11174.9	0.433092	83825.4	572.418	571.84
C12	11174.9	0.410296	94132.7	10952.3	10951.1
C12	11174.9	0.361886	90206.1	7956.27	7955.46
C12	11174.9	0.817925	80008.7	200.14	198.758
C12	11174.9	0.383677	91249.2	8212.99	8212.54
C12	11174.9	0.452461	79459	296.444	295.88
C12	11174.9	0.869275	85410.2	4367.84	4366.47
C12	11174.9	0.41346	96150.4	12228.4	12227.7
C12	11174.9	0.620384	82851.7	2918	2917.03
C12	11174.9	0.332832	89908.6	6743.88	6743.4
C12	11174.9	0.408888	83482.2	3133.94	3133.49
C12	11174.9	0.413028	83975.1	3558.67	3557.3
C12	11174.9	2.71355	98205	13636.1	13633.3
C12	11174.9	0.648026	89216.5	6921.16	6920.11
neutron	939.565	205.962	96781.9	12266.3	11536.4
neutron	939.565	13.6234	96781.9	12266.3	11536.4
alpha	3727.38	15.3829	96781.9	12266.3	11536.4
alpha	3727.38	1.20253	96781.9	12266.3	11536.4
C12	11174.9	0.549812	99393.8	14450.8	14449.8
B11	10252.5	1.00529	95939.8	11075.9	10850.7
C12	11174.9	0.58153	99384.1	13405.3	13403.5
C12	11174.9	1.63217	82832.8	2212.58	2210.21
C12	11174.9	1.23364	95331.4	11132.1	11130.8
C12	11174.9	0.662425	79987.7	389.34	388.485
C12	11174.9	0.790291	99876.1	14770.3	14769.5
C12	11174.9	0.889107	98109.9	13663.8	13662
C12	11174.9	0.361877	99872.7	14735.7	14734.9
neutron	939.565	1010.72	88207.3	5793.83	2590.92
neutron	939.565	3.20915	88207.3	5793.83	2590.92
Be8	7454.85	0.526724	88207.3	5793.83	2590.92
C12	11174.9	0.592406	97134.1	12837.2	12836.5
C12	11174.9	1.18097	93226.2	9425.03	9423.21
neutron	939.565	43.0556	86440.8	5302.53	5058.1
neutron	939.565	40.4966	86440.8	5302.53	5058.1
alpha	3727.38	3.29101	86440.8	5302.53	5058.1
alpha	3727.38	11.6516	86440.8	5302.53	5058.1
C12	11174.9	0.782923	97910.7	13348.2	13346.2
C12	11174.9	0.341755	86780.7	4996.28	4995.86
C12	11174.9	1.68723	90878	6935.14	6933.13
C12	11174.9	2.92879	89929.3	7394.8	7391.8
C12	11174.9	0.464624	88349.1	6480.28	6478.87
C12	11174.9	1.77428	90215.7	7459.23	7457.42
C12	11174.9	0.399024	90840.1	7586.13	7584.7
C12	11174.9	0.57214	92994.3	9532.06	9529.85
C12	11174.9	0.820763	98015.4	13561.5	13560.6
C12	11174.9	0.377079	88204.6	5810.05	5809.44
C12	11174.9	0.357982	89067.1	4939.78	4939.21
C12	11174.9	0.437748	97657.9	12730.7	12730
C12	11174.9	0.801621	85101.6	2857.58	2856.55
C12	11174.9	1.03222	95634.7	11426	11424.1
C12	11174.9	0.397328	89520.3	7330.88	7330.38
C12	11174.9	0.336735	80904	779.353	778.854
C12	11174.9	0.44973	88744.6	7272.25	7271.67
C12	11174.9	0.335308	80847	1928.88	1928.47
C12	11174.9	1.3621	81799	2237.26	2235.85
C12	11174.9	0.685347	90818.2	7423.19	7421.09
C12	11174.9	0.643574	95413.9	11029.9	11029
C12	11174.9	0.379586	92454.5	9490.6	9490.17
C12	11174.9	0.423421	88133.3	6666.35	6665.51
C12	11174.9	0.390819	98652.6	13966.5	13965.9
C12	11174.9	1.01507	91751.8	8730.2	8729.04
C12	11174.9	0.377269	91883	8775.59	8775.21
C12	11174.9	0.519134	84276.7	4140.91	4140.38
C12	11174.9	0.559162	79651.6	688.995	688.222
C12	11174.9	3.3883	79611.8	1382.16	1378.53
C12	11174.9	0.466772	78429.8	593.791	591.935
C12	11174.9	0.752596	90609.6	8359.93	8359.08
C12	11174.9	1.29509	86448	4335.13	4333.36
C12	11174.9	1.00008	81007.2	1056.11	1054.88
C12	11174.9	0.602519	82493.6	2234.63	2234.02
C12	11174.9	0.394173	82429.8	2458.76	2458.3
C12	11174.9	0.564581	94317.5	10983.2	10982.4
C12	11174.9	0.484131	90142.1	8182.99	8182.37
C12	11174.9	0.412956	81808.2	2454.45	2453.98
C12	11174.9	0.353934	97632.6	13281.8	13281.4
C12	11174.9	0.352616	93835	9166.85	9165
C12	11174.9	0.422482	84134.1	2631.06	2630.38
C12	11174.9	0.389759	97747.4	13000.8	13000.4
C12	11174.9	0.929811	95782.9	11929.3	11927.7
C12	11174.9	0.81413	91782.6	7634.29	7633.47
C12	11174.9	0.524393	80646.2	796.342	795.79
C12	11174.9	0.662371	89715.8	7086.04	7084.48
neutron	939.565	35.4763	89401	6859.69	6548.3
C11	10254	1.25544	89401	6859.69	6548.3
C12	11174.9	0.359405	80292.7	103.936	103.191
C12	11174.9	0.392669	94081	10773.4	10772.8
C12	11174.9	0.595386	88231.9	4792.24	4791.46
C12	11174.9	0.940039	94816.1	11253.4	11252.4
C12	11174.9	0.980291	80791.8	1736.99	1734.65
C12	11174.9	0.744374	91980.2	8264.52	8263.69
C13	12109.5	0.65157	84000	3334.78	3334
C12	11174.9	1.72224	88214.6	6683.47	6681.66
C12	11174.9	0.681594	81660.3	2135.26	2133.79
C12	11174.9	0.596065	87408.1	4622.41	4621.33
C12	11174.9	0.783658	83863.6	2593.47	2592.16
C12	11174.9	0.384828	82042.7	1439.79	1439.02
C12	11174.9	0.500932	93485.3	10658.6	10657.8
C12	11174.9	0.510871	92648.9	7583.92	7582.39
C12	11174.9	0.341023	80130.2	584.685	584.026
C12	11174.9	2.38994	80974.9	1831.11	1828.16
C12	11174.9	0.49254	79289	375.966	374.966
C12	11174.9	1.18391	82265.6	2460.3	2458.85
C12	11174.9	0.467864	90893.2	8315.87	8315.09
C12	11174.9	0.415844	93610.6	9639.79	9638.85
C12	11174.9	0.6152	79039.2	193.332	192.608
C12	11174.9	0.568975	97643.6	13210.5	13208.7
C12	11174.9	0.441073	94082.5	10853.5	10852.4
C12	11174.9	0.392559	87230.6	6054.63	6054.19
C12	11174.9	0.448663	92304.9	9671.98	9671
C12	11174.9	3.61848	88801.4	7288.63	7284.68
C12	11174.9	0.340447	86426.5	4973.29	4972.48
C12	11174.9	0.396954	95011.3	11436	11435.5
C12	11174.9	0.546723	94233.4	10336.7	10335.6
C12	11174.9	0.414259	83184.6	2315.11	2314.36
C12	11174.9	0.361904	88453.2	5517.56	5517.12
C12	11174.9	1.03869	94717.1	10021.8	10019.4
neutron	939.565	1962.35	99505.3	14440.5	11860.1
neutron	939.565	569.075	99505.3	14440.5	11860.1
Be8	7454.85	2.32082	99505.3	14440.5	11860.1
C12	11174.9	0.674367	99080.1	14148.7	14147.8
C12	11174.9	0.504425	95637.2	11986	11985.2
C12	11174.9	0.34009	81183.8	1725.78	1725.35
C12	11174.9	0.369943	94053.1	11040	11039.1
C12	11174.9	0.986552	89293.2	7720.43	7719.09
C12	11174.9	0.389605	98865.3	13983.2	13982.8
neutron	939.565	275.003	86664.5	5664.17	4276.02
neutron	939.565	2.97385	86664.5	5664.17	4276.02
alpha	3727.38	8.66525	86664.5	5664.17	4276.02
alpha	3727.38	8.60586	86664.5	5664.17	4276.02
C12	11174.9	0.613535	93070.9	10046.1	10044.7
C12	11174.9	0.401193	89011.6	5927.6	5927.19
C12	11174.9	0.485407	97979.4	13365.7	13364.7
C12	11174.9	0.407499	96370.2	12270.2	12269.3
C12	11174.9	0.349612	87596.1	6081.17	6079.9
C12	11174.9	0.341837	82375.4	398.46	397.68
C12	11174.9	0.656749	84769.2	3064.74	3062.63
C12	11174.9	0.841175	97564.2	13254.2	13252.9
C12	11174.9	2.35714	91582.7	8951.23	8947.88
neutron	939.565	32.4168	96101.9	11673.7	11347.6
C11	10254	1.9078	96101.9	11673.7	11347.6
C12	11174.9	0.971933	97802	13204.4	13202.6
neutron	939.565	152.877	84761	3979.71	3675.49
neutron	939.565	2.43014	84761	3979.71	3675.49
Be8	7454.85	3.10056	84761	3979.71	3675.49
C12	11174.9	0.439582	85631.3	4306.99	4305.67
C12	11174.9	0.56548	79042.5	609.815	609.127
C12	11174.9	0.500188	95084.3	10849.7	10848.3
neutron	939.565	192.076	87973.6	5382.57	5046.31
Be8	7454.85	1.82899	87973.6	5382.57	5046.31
C12	11174.9	0.461031	92592.1	8933.9	8932.84
C12	11174.9	0.452303	96210.3	11344.7	11343.8
C12	11174.9	0.751541	95866.7	12003.7	12002.1
C12	11174.9	0.361424	93051.5	10345.7	10345.3
C12	11174.9	0.805158	90601.7	6623.31	6622.21
C12	11174.9	0.345706	85937.9	3653.7	3653.3
C12	11174.9	0.355565	94699.7	10553.6	10553.1
neutron	939.565	27.6001	98290.1	13593.2	13304.8
alpha	3727.38	17.7354	98290.1	13593.2	13304.8
Be7	6534.18	1.33822	98290.1	13593.2	13304.8
C12	11174.9	0.350215	93517.3	9535.27	9534.76
C12	11174.9	0.535607	83384.5	2322.56	2321.87
C12	11174.9	0.505851	81028.4	2257.98	2257.33
C12	11174.9	0.399968	95810.1	7955.81	7955.35
C12	11174.9	0.935029	95107.7	11475.7	11474.8
C12	11174.9	0.758772	87207.6	6307.61	6305.49
C12	11174.9	0.551585	78021.6	302.267	300.692
neutron	939.565	1053.6	93330.6	9949.46	7845.57
alpha	3727.38	7.62745	93330.6	9949.46	7845.57
alpha	3727.38	0.917836	93330.6	9949.46	7845.57
C12	11174.9	0.504339	98168	13294.9	13294.2
C12	11174.9	0.944904	93112.7	9739.43	9737.34
C12	11174.9	0.426145	99530.8	14508.5	14508
C12	11174.9	0.363059	96049.4	11348.6	11348.2
C12	11174.9	0.351723	95030	11131.7	11131.3
C12	11174.9	0.374277	87477.7	5883.28	5882.32
C12	11174.9	0.432091	79085.4	490.589	489.46
C12	11174.9	0.471669	81687.3	1724.24	1723
C12	11174.9	0.548211	94496.2	11070.9	11070.2
B11	10252.5	12.778	97558.2	12881.6	12567.8
C12	11174.9	1.44666	97900.5	12584.6	12582.7
C12	11174.9	0.376737	93442.6	10232.9	10232.3
C12	11174.9	0.429837	88097.3	6481.25	6480.48
C12	11174.9	0.596344	90911.7	8343.95	8343.07
C12	11174.9	0.659886	79165.1	23.4132	22.6795
C12	11174.9	0.515834	96400	12493.7	12492.2
C12	11174.9	0.63438	81573.7	2102.06	2101.39
C12	11174.9	0.512475	84924.9	3211.99	3211.2
C12	11174.9	0.408842	81344.5	989.658	989.026
neutron	939.565	50.561	91763.8	8207.17	6452.18
neutron	939.565	42.7047	91763.8	8207.17	6452.18
alpha	3727.38	11.5627	91763.8	8207.17	6452.18
B10	9324.44	4.65352	93702.5	10769.4	10456.5
C12	11174.9	0.348827	98526.8	13937.8	13937.1
C12	11174.9	0.526941	97627.6	12932.3	12930.4
C12	11174.9	0.662188	93595.6	10735.4	10734.3
C12	11174.9	0.342649	84016.2	3363.63	3363.2
C12	11174.9	1.30925	98880.1	13052.8	13050.5
C12	11174.9	0.34983	96972.2	12423	12421.4
C12	11174.9	1.21641	79538.8	306.737	304.583
C12	11174.9	0.334433	82417.1	2355.05	2354.69
neutron	939.565	285.735	93901.2	10748.8	9798.13
Be10	9325.5	0.56436	93901.2	10748.8	9798.13
C12	11174.9	0.386861	92398.9	7127.24	7126.56
C12	11174.9	0.548814	92683.9	8752.6	8751.8
C12	11174.9	0.349053	89627.7	6718.04	6716.23
C12	11174.9	0.907179	99382.9	14431.7	14430.8
C12	11174.9	0.554121	89218.5	7084.87	7084
C12	11174.9	2.74138	98097.1	13569.9	13567.1
C12	11174.9	2.0677	94609.6	11225.8	11222.3
C12	11174.9	0.435067	82637.6	1824.55	1823.84
C12	11174.9	1.19426	79833.4	103.767	102.203
C12	11174.9	0.47217	99730.9	14615.4	14614.1
C12	11174.9	0.38456	94075.8	10998.2	10997.5
alpha	3727.38	2.66285	96640.8	12551.8	12152
alpha	3727.38	12.7506	96640.8	12551.8	12152
B11	10252.5	3.53405	89940.5	7732.19	7482.2
C12	11174.9	0.673915	96382.2	11999	11998
C12	11174.9	0.357777	86587.3	4874.95	4874.46
C12	11174.9	1.07311	82207.3	2126.96	2125.1
C12	11174.9	0.712916	88218.2	5683.77	5682.8
C12	11174.9	2.96919	91721	8833.46	8829.43
C12	11174.9	0.393671	94644.2	10686.6	10685.9
C12	11174.9	0.702029	81287.1	1822.92	1821.98
C12	11174.9	0.347265	92873.3	9623.09	9622.61
C12	11174.9	0.385004	96297.8	11797.3	11796.9
C12	11174.9	0.692228	96058.1	12097	12096
C12	11174.9	0.925368	87029.9	5637.16	5636.11
neutron	939.565	0.764853	88903.8	7344.16	7043.07
Be9	8392.75	2.09609	88903.8	7344.16	7043.07
C12	11174.9	0.514832	82945.1	2782.8	2782.13
C12	11174.9	0.413341	99041.2	14138.5	14136.8
C12	11174.9	0.349203	98940.7	14072.3	14071.7
C12	11174.9	0.402955	93811.4	10523.8	10523.3
C12	11174.9	0.417487	80398.1	84.1315	83.6888
C12	11174.9	0.582934	81709.7	1394.79	1393.86
C12	11174.9	0.444539	86402.7	5143.99	5143.49
C12	11174.9	0.421021	95400.2	11385.4	11384
C12	11174.9	0.95086	95853.4	10729.7	10728.5
C12	11174.9	0.652567	80516.4	1313.39	1312.47
C12	11174.9	0.55411	98803.8	13314.5	13313.8
B10	9324.44	1.41948	99861.6	14746.3	13157.8
C12	11174.9	0.363869	89410.7	7861.41	7860.33
C12	11174.9	0.34029	83916.9	2027.92	2027.42
C12	11174.9	0.571438	84196.8	3568.43	3567.82
C12	11174.9	0.41857	97367.7	13010	13009.4
C12	11174.9	0.490307	80640.8	172.12	171.462
C12	11174.9	0.371878	93512.1	10394.3	10393.1
C12	11174.9	0.377228	92598	8512.35	8511.49
neutron	939.565	167.576	85760.9	3510.29	3143.98
neutron	939.565	4.49393	85760.9	3510.29	3143.98
alpha	3727.38	6.28336	85760.9	3510.29	3143.98
alpha	3727.38	1.77222	85760.9	3510.29	3143.98
neutron	939.565	119.199	89724	6534	6046.43
B11	10252.5	1.57217	89724	6534	6046.43
C12	11174.9	0.692863	89926.1	8044.31	8043.55
C12	11174.9	1.10392	86060.6	5002.09	5000.6
C12	11174.9	0.419329	89962.3	4551.7	4551.27
C12	11174.9	0.502187	81763.1	1722.99	1720.8
C12	11174.9	0.428428	94592.8	10760.6	10759.4
neutron	939.565	3.26625	83796.3	3133.81	2894.86
B11	10252.5	3.88262	83796.3	3133.81	2894.86
C12	11174.9	0.371956	83992.2	2030.58	2029.75
C12	11174.9	0.364939	81848.8	2055.5	2054.83
C12	11174.9	0.633256	84276	1813.88	1812.56
C11	10254	0.595737	92991	10001	9790.18
C12	11174.9	0.36785	85886.4	1045.83	1045.04
C12	11174.9	0.686384	86170.5	4873.66	4871.54
C12	11174.9	0.335695	98211.1	13532.9	13531.9
C12	11174.9	3.16458	79310	515.309	512.029
C12	11174.9	0.376498	80424	1233.09	1232.48
C12	11174.9	0.332439	96971.2	12910.2	12909.6
C12	11174.9	0.624767	93314.3	8884.96	8884.27
C12	11174.9	0.431683	87680.6	5991.55	5991.11
C12	11174.9	0.383567	93802.4	9489.65	9488.86
C12	11174.9	0.990091	90234.9	4406.75	4405.66
C12	11174.9	0.608031	96965.5	12755.3	12754.2
C12	11174.9	3.61911	85139.7	3627.15	3623.1
C12	11174.9	0.384716	99210.1	14344.7	14344.2
C12	11174.9	0.342394	90085.2	7789.61	7788.88
C12	11174.9	0.351334	87165.9	5188.89	5188.22
C12	11174.9	0.376386	97547	12683.2	12682.5
C12	11174.9	0.977739	93680.6	9893.42	9890.62
C12	11174.9	0.348422	99803.9	14726.8	14725.8
C12	11174.9	0.441366	80107.8	765.889	764.262
C12	11174.9	1.66444	95249.6	11618.7	11616.9
neutron	939.565	230.946	93264.9	9523.26	8907.03
neutron	939.565	0.210658	93264.9	9523.26	8907.03
Be8	7454.85	1.59804	93264.9	9523.26	8907.03
C12	11174.9	0.398276	80425.5	407.35	406.725
C12	11174.9	0.406965	81362.4	1161.64	1159.96
C12	11174.9	0.397227	98364.7	13779.6	13779
C12	11174.9	0.744659	98537	13951.4	13949.7
C12	11174.9	1.34957	95291.5	11502.2	11500.2
C12	11174.9	0.340556	98260.5	13571.4	13571
C12	11174.9	0.378774	97871.1	13209.9	13209.4
C12	11174.9	0.892747	96985.4	12743.9	12742.9
C12	11174.9	0.800904	99723.1	14662	14661.1
C12	11174.9	0.503674	99141.2	14321.3	14319.6
neutron	939.565	91.3631	99409.2	14489.2	14269.6
neutron	939.565	16.6882	99409.2	14489.2	14269.6
alpha	3727.38	8.34372	99409.2	14489.2	14269.6
alpha	3727.38	0.737496	99409.2	14489.2	14269.6
C12	11174.9	0.639563	94884.7	11342.2	11340.4
C12	11174.9	0.716667	99926.1	14799.1	14798.4
C12	11174.9	0.548112	88907.9	6600.35	6599.07
C12	11174.9	0.483677	81420.2	1048.86	1048.24
C12	11174.9	0.908535	84082.3	1089.37	1088.26
C12	11174.9	0.36306	84516.8	2785.95	2785.22
C12	11174.9	0.876618	98608.1	13863.3	13862.3
neutron	939.565	113.507	92272.5	8714.04	7962.6
neutron	939.565	0.319403	92272.5	8714.04	7962.6
B10	9324.44	0.388216	92272.5	8714.04	7962.6
C12	11174.9	0.41989	83701.6	3430.91	3429.43
C12	11174.9	0.812962	95162.8	11339.2	11338.3
C12	11174.9	0.68045	84415.1	2997.84	2996.65
C12	11174.9	0.601555	97712.1	12452.3	12451.4
C12	11174.9	0.479283	87132.6	5326.63	5325.97
C12	11174.9	0.506113	90369	5020.45	5019.69
C12	11174.9	0.351779	80905.1	1096.74	1096.27
C12	11174.9	0.782245	84492.8	2012.77	2011.96
C12	11174.9	0.382789	87061.9	5316.95	5316.47
C12	11174.9	0.361969	80962.7	961.566	960.954
C12	11174.9	0.355609	92969.4	9789.17	9788.36
C12	11174.9	1.59984	95963.9	11932.7	11931
C12	11174.9	0.34265	92388.1	8843.3	8842.49
C12	11174.9	0.374248	79680	738.234	737.558
C12	11174.9	0.38061	88161	6172	6170.72
C12	11174.9	0.563051	83904.1	3438.01	3437.33
B11	10252.5	1.69369	95537.6	11519.3	11160.9
C12	11174.9	0.343952	88135.2	7107.59	7106.86
C12	11174.9	0.6871	83116.7	2834.72	2833.98
C12	11174.9	0.622675	93606.7	10574.2	10573.4
C12	11174.9	0.452029	86047.9	4200.63	4199.98
C12	11174.9	0.412479	96183.5	12205.4	12204.8
C12	11174.9	1.42775	87569.1	6182.46	6180.27
C12	11174.9	0.468882	79371.7	332.038	330.394
C12	11174.9	1.43451	79941.3	1264.86	1263.27
C12	11174.9	0.983	95426.7	10985.8	10984.6
C12	11174.9	0.420105	79997.9	1284.98	1284.34
C12	11174.9	0.398094	91294.7	9184.13	9183.52
C12	11174.9	0.344113	95937.3	11297	11296.5
C12	11174.9	0.382858	82483	728.57	727.365
C12	11174.9	1.94079	93335.1	9839.36	9837.24
C12	11174.9	0.538482	92524.9	9644.22	9643.34
C12	11174.9	0.392997	91420.9	7797.04	7796.61
C12	11174.9	0.567083	98126.2	13506.2	13505.4
C12	11174.9	0.553869	93794.2	10411.5	10410.8
C12	11174.9	0.433599	99948.9	14790.8	14790.1
C12	11174.9	0.433752	81790.5	1915.83	1915.33
C12	11174.9	7.34073	93674	10288.4	10281.1
C12	11174.9	0.402081	80424.9	998.906	998.326
C12	11174.9	0.469956	94422.5	10369.9	10367.9
C12	11174.9	0.651311	93956.7	10078.2	10077.4
C12	11174.9	0.335557	88933.7	6701.59	6700.34
C12	11174.9	3.11301	82462.2	2227.86	2224.63
C12	11174.9	1.53756	95109.1	11488.1	11486.2
C12	11174.9	0.388991	99524.6	14579.1	14578.3
C12	11174.9	0.472349	93197.2	2634.86	2632.9
C12	11174.9	0.662005	98597.5	13912.1	13911.1
C12	11174.9	0.400279	85833.4	5113.08	5112.5
C12	11174.9	0.548265	89573	6997.46	6996.74
C12	11174.9	0.805821	78848.4	701.183	699.686
C12	11174.9	1.03187	90413	8008.8	8007.63
C12	11174.9	0.511098	91595.5	8681.59	8680.03
C12	11174.9	0.608966	82396.8	1574.6	1573.62
C12	11174.9	0.441612	90884.8	8927.83	8926.93
C12	11174.9	0.573499	86038.3	5205.77	5204.4
C12	11174.9	0.500421	99344.7	14448.9	14447.8
C12	11174.9	0.728785	85983.6	5277.91	5277.1
C12	11174.9	0.44413	80993.9	1856.2	1855.3
C12	11174.9	1.78004	91120.7	8114.18	8112.22
C12	11174.9	4.36249	84777.2	3423.59	3416.3
C12	11174.9	0.42318	98283.8	13675.3	13674.7
C12	11174.9	0.408772	95095.5	11570.7	11570.2
C12	11174.9	0.434621	95977	10949.4	10948.8
C12	11174.9	0.57993	87186.7	6102.12	6101.53
C12	11174.9	0.336763	94105.4	10449.2	10448.6
C12	11174.9	0.364934	79021.6	92.2926	91.8353
C12	11174.9	0.548427	98902.9	13858.7	13857.5
C12	11174.9	0.648524	92672.1	9463.69	9462.78
C12	11174.9	0.559721	90082.9	7419.05	7416.59
C12	11174.9	0.784166	86259	4597.34	4596.44
C12	11174.9	0.537617	94271.5	10490.7	10490.1
C12	11174.9	0.345574	80091.2	1100.47	1099.66
C12	11174.9	0.437816	91260.5	9188.78	9186.64
C12	11174.9	0.367706	78797	192.178	191.215
C12	11174.9	1.49963	95508.3	11705.6	11703.6
C12	11174.9	0.601634	94710.3	11026.8	11025.6
C12	11174.9	0.649693	79831.6	1066.71	1064.78
C12	11174.9	0.34681	99614.2	14553.3	14552.6
neutron	939.565	115.025	84619.5	2927.5	2673.06
neutron	939.565	20.0029	84619.5	2927.5	2673.06
He3	2808.39	9.09458	84619.5	2927.5	2673.06
alpha	3727.38	3.47704	84619.5	2927.5	2673.06
C12	11174.9	0.468978	96741.2	12302.9	12302
C12	11174.9	0.445648	95613.7	11790.4	11789.5
neutron	939.565	2.09001	98695.9	13902.5	9455.3
alpha	3727.38	3.71958	98695.9	13902.5	9455.3
alpha	3727.38	5.00558	98695.9	13902.5	9455.3
alpha	3727.38	5.16363	85366.3	4770.85	4066.76
alpha	3727.38	3.3704	85366.3	4770.85	4066.76
alpha	3727.38	3.74099	85366.3	4770.85	4066.76
C12	11174.9	0.392997	94364.6	10827.1	10825.9
C12	11174.9	0.425289	90626.5	6678.87	6678.36
neutron	939.565	18.0505	91695.7	8022.51	7782.59
neutron	939.565	7.30094	91695.7	8022.51	7782.59
alpha	3727.38	18.2059	91695.7	8022.51	7782.59
alpha	3727.38	28.4345	91695.7	8022.51	7782.59
C12	11174.9	0.347473	94497.3	11014.1	11012.6
C12	11174.9	0.674589	93105.5	9684.9	9683.99
C12	11174.9	0.352714	89733.4	4714.53	4713.62
C12	11174.9	0.69398	95279.7	10117.8	10116.2
C12	11174.9	0.820675	79538.3	400.753	399.795
C12	11174.9	0.425531	94486.9	11003.1	11002.1
C12	11174.9	0.345879	79760.1	356.09	355.685
C12	11174.9	0.426853	83441.5	2321.07	2320.29
C12	11174.9	0.362441	95064.3	11389.8	11388.9
C12	11174.9	0.59634	85149.2	4696.25	4695
C12	11174.9	1.14061	98658	13881.4	13880
C12	11174.9	0.657343	99161.5	14335.4	14334.7
C12	11174.9	1.63227	79827.1	376.874	374.969
C12	11174.9	1.08819	94922.3	11079.3	11078.1
C12	11174.9	0.869585	80126.5	1518.36	1515.79
C12	11174.9	2.13217	79512.7	192.976	190.66
C12	11174.9	0.725089	89237.1	6800.41	6799.24
C12	11174.9	0.380745	85329.2	1132.21	1131.73
C12	11174.9	0.341685	91025.5	8445.53	8445.01
C12	11174.9	0.752975	88047.6	6361.73	6359.48
alpha	3727.38	12.78	86535.5	3241.98	2887.79
Be8	7454.85	7.75579	86535.5	3241.98	2887.79
neutron	939.565	75.1978	99549	14556.2	14348
neutron	939.565	10.4143	99549	14556.2	14348
alpha	3727.38	6.27927	99549	14556.2	14348
alpha	3727.38	0.414114	99549	14556.2	14348
C12	11174.9	0.730796	82976.6	2567.52	2566.45
C12	11174.9	0.379429	95127.3	11228.5	11227.6
C12	11174.9	0.386361	93855.7	10418.5	10418
C12	11174.9	0.739382	93268	9353.03	9352.25
C12	11174.9	0.33791	93099.2	9810.32	9809.87
neutron	939.565	2.07873	90589.9	8377.62	6826.76
neutron	939.565	1.82201	90589.9	8377.62	6826.76
Be8	7454.85	1.60802	90589.9	8377.62	6826.76
C12	11174.9	0.519837	78352.1	33.0679	31.3265
neutron	939.565	2352.28	97363.5	12805.9	8399.28
neutron	939.565	9.69686	97363.5	12805.9	8399.28
neutron	939.565	3.9447	97363.5	12805.9	8399.28
alpha	3727.38	5.26713	97363.5	12805.9	8399.28
alpha	3727.38	2.67773	97363.5	12805.9	8399.28
C12	11174.9	0.433023	98927.5	14153.6	14152.9
C12	11174.9	0.417	80916.3	646.433	645.955
C12	11174.9	0.354696	94705.8	11269.4	11268.7
C12	11174.9	0.949466	80505.6	1487.3	1485.88
C12	11174.9	0.801924	83692	4082.51	4081.71
C12	11174.9	0.422913	81089.9	1246.42	1245.36
B11	10252.5	0.4675	95330.2	10633	9849.24
C12	11174.9	0.65186	90681.4	8249.68	8248.44
neutron	939.565	39.0818	99664	14497	14246.6
B10	9324.44	0.0324005	99664	14497	14246.6
C12	11174.9	0.61808	95278.2	11249.4	11248.4
C12	11174.9	0.380117	78518.7	131.234	130.536
C12	11174.9	0.477485	85684.7	4982.56	4981.24
C12	11174.9	0.48182	84219.4	3964.82	3963.95
C12	11174.9	0.572659	82922.5	3097.45	3096.87
C12	11174.9	0.343302	92133.1	7693.14	7692.59
C12	11174.9	0.811143	83766.9	1733.66	1731.65
C12	11174.9	1.48209	90299.5	6581.81	6580.31
C12	11174.9	0.496243	86971	4410.3	4409.3
C12	11174.9	0.450313	82439.5	174.227	173.6
C12	11174.9	1.85953	91696.7	9252	9249.63
C12	11174.9	0.667262	88003.8	6414.9	6414.21
C12	11174.9	0.500884	93503.3	10273.1	10272.4
C12	11174.9	0.381573	90775.5	7794.45	7793.42
neutron	939.565	17.0807	99107.2	14287	14008.4
alpha	3727.38	3.54407	99107.2	14287	14008.4
alpha	3727.38	4.44547	99107.2	14287	14008.4
C12	11174.9	0.399179	96351.5	11800.5	11800
C12	11174.9	0.844545	88794.4	6743.01	6742.01
C12	11174.9	0.685295	81442	1376.64	1375.64
C12	11174.9	0.474778	88350.5	6843.74	6842.25
C12	11174.9	1.71867	81043.5	425.707	423.29
C12	11174.9	1.21582	87333.5	5443.7	5441.59
C12	11174.9	0.71065	83466.7	2869	2868.19
C12	11174.9	0.676225	80167.9	1527.27	1526.18
neutron	939.565	1783.6	97579.2	13107.4	10553.8
alpha	3727.38	1.8638	97579.2	13107.4	10553.8
alpha	3727.38	3.45341	97579.2	13107.4	10553.8
neutron	939.565	102.688	92756	6933.08	6284.54
Be8	7454.85	1.97741	92756	6933.08	6284.54
C12	11174.9	0.502752	82610.3	2871.84	2870.68
neutron	939.565	115.204	92486.3	8304.54	7767.83
B10	9324.44	5.43282	92486.3	8304.54	7767.83
C12	11174.9	0.334248	99066.8	14175.7	14175.3
neutron	939.565	1.61899	85225.3	3384.22	3122.88
C10	9327.57	6.89276	85225.3	3384.22	3122.88
C12	11174.9	0.388669	99241	14375.5	14374.9
C12	11174.9	0.367888	99699.2	14649.9	14649
C12	11174.9	4.75991	93438.2	9935.44	9929.52
C12	11174.9	0.356368	89147.3	6922.94	6921.88
C12	11174.9	0.389035	95884.8	12095	12093.7
neutron	939.565	16.6344	91390.8	8916.64	8605.22
neutron	939.565	1.77809	91390.8	8916.64	8605.22
alpha	3727.38	8.39185	91390.8	8916.64	8605.22
alpha	3727.38	2.12341	91390.8	8916.64	8605.22
C12	11174.9	0.895802	92916.2	9996.61	9995.04
C12	11174.9	0.50658	93227.8	9717.5	9716.54
C12	11174.9	1.97111	88469.6	6098.16	6095.73
C12	11174.9	0.387923	94255.5	10943	10942.2
C12	11174.9	0.39587	93831.3	10649	10648.6
C12	11174.9	0.557775	97307.8	13069.8	13069.1
C12	11174.9	1.0254	93844.4	10206.4	10203.6
C12	11174.9	1.65096	85879.6	4124.18	4122.22
C12	11174.9	0.644577	91703	8242.76	8242.05
C12	11174.9	0.367754	90558.8	7111.21	7110.58
C12	11174.9	2.32365	88769.3	5935.1	5932.38
C12	11174.9	0.423568	88384.8	5772.22	5771.48
C12	11174.9	0.333899	95305.8	11468.6	11467.8
C12	11174.9	0.588	91385.7	8651.15	8650.54
C12	11174.9	1.58838	81965.6	1741.26	1739.42
C12	11174.9	0.363497	99468.3	14529.2	14527.3
C12	11174.9	0.813448	91380.2	8011.15	8010.15
C12	11174.9	0.73861	95038.6	11117.6	11116.8
C12	11174.9	2.08408	79854.3	629.495	626.726
C12	11174.9	0.393616	95986	11953.3	11952.9
C12	11174.9	0.534454	89934.8	7724.94	7723.21
C12	11174.9	0.880109	93400.9	10264.7	10263.5
C12	11174.9	0.389703	89216.3	6908.53	6907.78
C12	11174.9	1.14489	99267.4	14260.5	14259.1
C12	11174.9	0.41153	91123.7	6434.41	6433.45
C12	11174.9	0.639491	97743.5	13178.8	13177.6
C12	11174.9	0.354087	93644.1	10568.7	10567.7
C12	11174.9	0.69995	92815.3	9626.21	9624.46
C12	11174.9	0.443122	96797.1	11666.2	11665.7
C12	11174.9	0.429298	92313.6	9833.46	9832.69
C12	11174.9	2.16245	99737.5	14435.5	14432.9
C12	11174.9	0.799425	85283.1	3798.44	3797.27
C12	11174.9	0.463272	82505.4	1863.99	1862.82
C12	11174.9	1.62583	96918.2	11230.7	11228.7
C13	12109.5	0.634967	83394.6	2591.2	2589.39
C12	11174.9	0.372278	85396.3	4336.76	4335.21
C12	11174.9	0.590956	80991.3	1598.11	1597.46
C12	11174.9	0.501682	87691.2	5914.59	5914.07
C12	11174.9	0.431332	95894.4	11629.4	11628.4
C12	11174.9	1.31275	95049.6	11103.8	11102.4
C12	11174.9	1.18956	83891.2	2181.17	2179.76
C12	11174.9	0.980342	86071.9	2554.58	2553.34
C12	11174.9	0.465055	90093.5	8051.45	8050.84
C12	11174.9	0.45187	84189.8	4249.8	4249.03
C12	11174.9	1.09936	81450.5	2338	2336.85
C12	11174.9	1.23086	79999.4	365.081	363.261
C12	11174.9	0.42571	94258	10822	10821.1
C12	11174.9	1.18989	91319.8	8532.78	8530.93
C12	11174.9	0.528356	84101	2308.31	2307.72
C12	11174.9	0.984242	97936.4	13416.1	13414.9
C12	11174.9	0.676645	95896.5	11727.1	11726.1
C12	11174.9	0.596981	81784.3	1150	1148.21
C12	11174.9	0.506963	79963.5	135.138	133.901
C12	11174.9	0.443006	83056.2	2651.1	2650.06
C12	11174.9	0.720724	86006.9	4840.02	4838.16
C12	11174.9	0.65076	91751.5	7720.86	7720.19
C12	11174.9	0.338768	93825.8	8327.92	8327.34
C12	11174.9	0.602976	92883.8	7599.07	7597.78
C12	11174.9	1.15543	90719.5	6198.74	6197.58
C12	11174.9	1.0028	92573.8	9224.18	9223.03
C12	11174.9	0.409804	97900.6	13123.3	13122.9
C12	11174.9	1.04937	89786.2	6379.23	6377.96
C12	11174.9	0.380867	82432.1	1336.25	1335.67
C12	11174.9	0.451251	93886.9	10857.6	10857.1
C12	11174.9	0.448888	88350.8	6943.71	6943.24
C12	11174.9	0.498126	94898.4	10803.1	10802.6
C12	11174.9	0.371424	90162	7288.5	7287.66
C12	11174.9	0.537332	86165.3	4276.23	4275.47
C12	11174.9	0.354172	95152.6	11082.9	11082.4
C12	11174.9	0.350553	97658	13401.2	13400.4
C12	11174.9	0.709944	98578	13786.3	13784
C12	11174.9	0.91455	96219.6	12385.4	12383.6
neutron	939.565	154.614	98710.7	13870.6	13609.4
neutron	939.565	2.55426	98710.7	13870.6	13609.4
alpha	3727.38	4.07332	98710.7	13870.6	13609.4
alpha	3727.38	11.4108	98710.7	13870.6	13609.4
C12	11174.9	0.425359	92109.4	9634.16	9633.06
neutron	939.565	762.229	98041.5	13537.3	11651.3
neutron	939.565	149.519	98041.5	13537.3	11651.3
neutron	939.565	6.63672	98041.5	13537.3	11651.3
alpha	3727.38	2.10358	98041.5	13537.3	11651.3
alpha	3727.38	3.84807	98041.5	13537.3	11651.3
C12	11174.9	0.67383	98879.7	14017	14015.1
C12	11174.9	0.547897	82482	2263.9	2262.32
C12	11174.9	1.02969	83059.6	2797.09	2795.3
C12	11174.9	0.335421	83558	2718.35	2717.75
C12	11174.9	0.784391	85848.4	5678.23	5677.32
C12	11174.9	0.483475	97644.2	13024.2	13023
C11	10254	0.0202983	98577.8	13928	13657.4
C12	11174.9	0.581933	85387.6	4174.85	4174.14
alpha	3727.38	7.18959	95016.4	11453.1	9786.32
alpha	3727.38	3.16251	95016.4	11453.1	9786.32
C12	11174.9	0.499355	99503.2	14543.4	14542
C12	11174.9	0.402867	91437.8	8019.18	8018.77
C12	11174.9	0.573183	96145	12212.8	12211
C12	11174.9	0.541523	80784	548.284	546.25
C12	11174.9	0.841598	96592.6	11776.5	11775.3
neutron	939.565	349.001	88874.3	6365.94	5812.99
neutron	939.565	160.071	88874.3	6365.94	5812.99
alpha	3727.38	5.53513	88874.3	6365.94	5812.99
Be6	5605.3	0.71237	88874.3	6365.94	5812.99
C12	11174.9	0.694985	81710.3	2019.1	2017.19
C12	11174.9	0.585306	84727.8	2551.44	2550.85
C12	11174.9	0.553546	80869.8	120.294	119.472
C12	11174.9	1.20224	96013.2	12214.7	12212.7
C12	11174.9	0.457625	95022.3	11267.4	11266.1
C12	11174.9	0.69574	92381.7	9425.61	9424.59
neutron	939.565	274.427	98135.6	13641.7	12121.4
neutron	939.565	146.367	98135.6	13641.7	12121.4
alpha	3727.38	3.3241	98135.6	13641.7	12121.4
alpha	3727.38	7.12418	98135.6	13641.7	12121.4
neutron	939.565	102.15	94798.8	11325.8	10975.9
Be10	9325.5	1.53828	94798.8	11325.8	10975.9
C12	11174.9	0.350671	86705.4	4897.91	4897.13
C12	11174.9	0.899056	90659.1	7709.09	7707.79
C12	11174.9	0.864659	96474.3	12419.6	12418.2
C12	11174.9	0.343098	80679.6	1161.18	1160.23
C12	11174.9	0.546188	92853.5	9260.59	9259.29
C12	11174.9	0.361735	81902	1677.39	1676.51
C12	11174.9	0.844363	98987.3	14110.2	14109
C12	11174.9	0.677819	99852.8	14752	14751.2
C12	11174.9	0.512163	78945.2	357.991	357.283
neutron	939.565	151.048	96155.7	12033.9	11655.8
neutron	939.565	28.8526	96155.7	12033.9	11655.8
alpha	3727.38	28.4873	96155.7	12033.9	11655.8
alpha	3727.38	17.7099	96155.7	12033.9	11655.8
C12	11174.9	2.28696	87890.7	6372.43	6370.04
C12	11174.9	2.99068	82596.9	2129.34	2126.01
C12	11174.9	0.573076	82657.1	1588.88	1587.8
C12	11174.9	0.613417	93115.4	10074.5	10073.6
C12	11174.9	0.479312	80235.8	1587.74	1587.02
C12	11174.9	0.368445	99106.8	14286	14285.4
C12	11174.9	0.671998	93671.9	10516.5	10514.7
C12	11174.9	0.457591	91610.9	9106.55	9105.08
C12	11174.9	0.385024	79571.6	435.471	433.511
C12	11174.9	0.962874	80258.2	790.955	789.575
C12	11174.9	0.5908	87842.9	2059.03	2057.83
C12	11174.9	0.334731	90022.2	7320.34	7319.53
alpha	3727.38	3.52309	98668.8	13860.2	11565.7
alpha	3727.38	10.3748	98668.8	13860.2	11565.7
C12	11174.9	0.745975	99750.3	14684.7	14682.9
C12	11174.9	0.712474	97198.1	12980.1	12979.3
C12	11174.9	0.736193	91577.6	8551.41	8550.15
B11	10252.5	2.51075	90399.4	7680.36	7465.32
C12	11174.9	0.672547	92813.1	8367.96	8366.23
C12	11174.9	0.401333	97837.9	13300.9	13300.1
neutron	939.565	5.40148	93573.3	9934.46	9694.6
alpha	3727.38	1.6751	93573.3	9934.46	9694.6
alpha	3727.38	8.81082	93573.3	9934.46	9694.6
C12	11174.9	2.57369	90489.6	8357.98	8354.44
C12	11174.9	1.5784	98068.1	13587.8	13586.2
C12	11174.9	1.1442	94361.1	11000	10998.5
C12	11174.9	0.368078	88643.4	6656.8	6655.91
C12	11174.9	0.392416	85570.4	3674.43	3673.58
neutron	939.565	6.06797	95212.4	11532.9	3883.07
Be8	7454.85	4.01226	95212.4	11532.9	3883.07
C12	11174.9	1.59883	97834.1	13436.1	13434.4
C12	11174.9	2.30139	85357.2	4108.7	4106.29
C12	11174.9	1.01853	99145.4	14327.6	14325.5
C12	11174.9	1.07467	84771.3	4110.81	4109.42
C12	11174.9	0.886463	91918.7	9283.16	9282.06
C12	11174.9	0.614896	94046.2	10887.5	10885.8
C12	11174.9	0.903695	90284.8	6243.83	6242.03
C12	11174.9	0.339257	84243.3	3616.83	3615.24
neutron	939.565	140.868	92055.1	9163.99	8869.18
neutron	939.565	30.9467	92055.1	9163.99	8869.18
neutron	939.565	16.1628	92055.1	9163.99	8869.18
neutron	939.565	2.22378	92055.1	9163.99	8869.18
alpha	3727.38	6.78753	92055.1	9163.99	8869.18
neutron	939.565	31.9342	82739.1	2203.29	1606.93
neutron	939.565	13.0804	82739.1	2203.29	1606.93
alpha	3727.38	3.47618	82739.1	2203.29	1606.93
alpha	3727.38	3.71922	82739.1	2203.29	1606.93
C13	12109.5	0.410341	86195.5	5172.89	5170.8
C12	11174.9	0.372591	88361.3	6527.33	6525.96
C12	11174.9	0.918828	84428.5	3548.28	3547.19
neutron	939.565	3.50935	98776	13953	13553.9
Be8	7454.85	5.57956	98776	13953	13553.9
C12	11174.9	0.575474	85531.4	2731.2	2729.76
C12	11174.9	0.341323	97716.2	13299.1	13297.7
C12	11174.9	0.53472	96442.2	12353.4	12352.5
C12	11174.9	0.358487	99416.2	14437.9	14437.1
C12	11174.9	0.361914	81503.7	2313.78	2312.79
C12	11174.9	0.438623	85597.8	3287.51	3286.61
C12	11174.9	1.02089	81395.7	2573.68	2570.95
C12	11174.9	0.534615	85949.9	3695.13	3694.31
C12	11174.9	1.68471	81364.1	1702.81	1700.4
neutron	939.565	306.876	88686.7	7125.69	6482.08
neutron	939.565	115.585	88686.7	7125.69	6482.08
neutron	939.565	71.2113	88686.7	7125.69	6482.08
alpha	3727.38	26.9886	88686.7	7125.69	6482.08
C12	11174.9	0.556792	84313.1	3542.31	3540.41
C12	11174.9	0.548279	82504.9	1814.44	1813.03
C12	11174.9	0.384752	85870.5	3784.15	3783.03
C12	11174.9	1.97357	91453.1	6842.79	6840.67
C12	11174.9	1.02452	85820.5	3314.03	3312.75
C12	11174.9	0.98054	89847.6	7623.4	7622.35
C12	11174.9	0.482387	94944.1	11269.3	11268.6
C12	11174.9	0.375234	91426.6	7803.44	7802.96
C12	11174.9	1.60506	90429.8	6980.22	6978.44
C12	11174.9	0.5003	88734.8	5849.5	5848.44
C12	11174.9	0.354649	85736.9	5045.16	5044.19
C12	11174.9	0.539147	86195.2	4759.34	4758.5
C12	11174.9	0.580081	85499.8	4301.3	4300.6
C12	11174.9	0.401386	85071.8	3901.72	3900.35
C12	11174.9	1.27085	99881.8	14777.1	14775.4
neutron	939.565	3915.95	89667	7948.24	1843.53
He3	2808.39	11.6024	89667	7948.24	1843.53
alpha	3727.38	8.94911	89667	7948.24	1843.53
alpha	3727.38	1.20251	89667	7948.24	1843.53
C12	11174.9	1.9357	98949.7	14182	14179.4
C12	11174.9	0.441241	90922.9	6929.77	6929.29
C12	11174.9	0.841838	93654.6	9774.9	9773.35
C12	11174.9	0.611719	87091.7	5264.54	5262.55
C12	11174.9	0.374684	86579.9	4630.74	4630.32
C12	11174.9	1.20563	80980	1081.48	1080.22
C12	11174.9	1.90916	86467.4	5487.31	5485.26
C12	11174.9	0.462543	87979.6	4912.62	4911.93
C12	11174.9	0.34261	86772.4	5618	5617.63
C12	11174.9	0.599788	91015.3	7868.19	7867.53
C12	11174.9	1.03641	86281.6	4231.42	4230.32
C12	11174.9	0.608019	83855.5	2910.08	2909.1
C12	11174.9	0.385264	95336	11294.8	11294.3
C12	11174.9	0.814172	81780.6	1831.7	1829.72
C12	11174.9	1.09873	86390.3	4751.74	4750.57
neutron	939.565	3037.8	91796.1	9417.57	5621.58
neutron	939.565	5.36985	91796.1	9417.57	5621.58
neutron	939.565	3.58662	91796.1	9417.57	5621.58
He3	2808.39	5.18948	91796.1	9417.57	5621.58
alpha	3727.38	13.8861	91796.1	9417.57	5621.58
C12	11174.9	0.681611	91041.3	7182.18	7181.28
C12	11174.9	0.850949	88090.6	4911.91	4910.37
C12	11174.9	2.63087	91961.8	8325.32	8322.28
C12	11174.9	0.467381	92155.5	7945.45	7943.85
C12	11174.9	0.41682	82498.9	1192.91	1192.31
C12	11174.9	0.476179	80380.6	1390.73	1388.59
C12	11174.9	0.374075	88375.1	5461.79	5461.06
C12	11174.9	0.662783	83824.3	2328.94	2328.08
C12	11174.9	2.70343	91062.5	8487.45	8484.61
C12	11174.9	1.02813	90178.5	7931.79	7930.62
C12	11174.9	1.37582	91036.9	7433.54	7431.83
C12	11174.9	1.51751	99264.9	14371.9	14370
C12	11174.9	0.411492	86566.6	4684.53	4682.45
C12	11174.9	0.335109	96007.4	11740.7	11740.2
C12	11174.9	0.641074	86918.4	5148.73	5147.46
C12	11174.9	0.447741	85889.8	3626.97	3626.27
C12	11174.9	0.382461	97364.5	12700.5	12699.7
C12	11174.9	1.22384	96057.3	11712.3	11710.6
C12	11174.9	0.449037	85168.6	3431.68	3430.98
C12	11174.9	0.72524	95030.8	10110.2	10109.2
C12	11174.9	0.415489	83243.6	2154.9	2154.04
C12	11174.9	0.89498	94710.5	10603.9	10602.7
C12	11174.9	0.400163	94814.5	8781.7	8780.98
C12	11174.9	0.382376	88457.3	5086.5	5085.27
C12	11174.9	0.475517	89340.1	5484.44	5483.47
C12	11174.9	2.10528	86134.5	3214.24	3210.66
C12	11174.9	0.339855	84708.7	2923.93	2923.13
C12	11174.9	0.516786	91426.5	8798.3	8797.61
C12	11174.9	0.828668	92131.7	9303.03	9302.2
C12	11174.9	0.538014	80477.3	264.514	263.318
C12	11174.9	0.403122	84894.2	4109.28	4108.69
C12	11174.9	1.07746	93782	10766.4	10765.3
C12	11174.9	0.445196	86792.5	5418.73	5417.78
C12	11174.9	0.617962	95315.9	11793.6	11792.7
C12	11174.9	0.335701	93420.7	10549.9	10548.6
C12	11174.9	0.559809	99585.6	14555.8	14554.9
C12	11174.9	0.758018	91477.1	8998.72	8997.77
neutron	939.565	60.8741	96685.5	12432.4	12076.9
neutron	939.565	2.27555	96685.5	12432.4	12076.9
alpha	3727.38	22.9148	96685.5	12432.4	12076.9
alpha	3727.38	10.8919	96685.5	12432.4	12076.9
C12	11174.9	1.72464	79068.1	389.659	387.885
C12	11174.9	1.52932	89802	7144.61	7142.73
C12	11174.9	0.499199	85113.7	4788.15	4786.47
C12	11174.9	0.635946	94098.1	10492.5	10491.5
C12	11174.9	0.899305	86645.6	5031.46	5029.62
B10	9324.44	2.23501	90665.3	8507.44	8011.15
C12	11174.9	0.517921	83543.6	2117.63	2116.46
C12	11174.9	0.646835	82114.2	1865.12	1864.19
C12	11174.9	0.468792	90205.4	7868.11	7867.42
C12	11174.9	0.346158	91657.3	5859.6	5858.9
C12	11174.9	0.546617	99400.7	14455.1	14454.4
C12	11174.9	0.572656	93627.1	10059.2	10058.6
C12	11174.9	0.578588	96491.5	12190.9	12190
C12	11174.9	0.351356	94953.6	10984.6	10982.9
C12	11174.9	0.64988	88135.9	1273.6	1272.33
C12	11174.9	0.557972	99437.3	14523.1	14522.2
C12	11174.9	0.34754	88635.4	6105.28	6102.91
C12	11174.9	0.417342	79779	628.067	627.292
C12	11174.9	0.907975	93918	10574.4	10572.6
C12	11174.9	1.60629	85727	5148.99	5146.4
C12	11174.9	0.37932	96924.1	12765.5	12764.8
C12	11174.9	0.867853	80788.8	1446.67	1445.73
C12	11174.9	0.472141	94996	11652.5	11651.4
C12	11174.9	0.885974	82140.6	2218.71	2216.23
C12	11174.9	0.619696	82838.1	3486.98	3484.92
neutron	939.565	72.0157	90977.9	8582.21	8219.59
C11	10254	1.10964	90977.9	8582.21	8219.59
neutron	939.565	1.40115	89160.1	7505.97	6964.75
B10	9324.44	0.664972	89160.1	7505.97	6964.75
C12	11174.9	0.979635	83458.7	1914.62	1913.38
C12	11174.9	0.510292	83561.1	3089.3	3088.42
C12	11174.9	0.357174	80823.8	458.509	457.914
C12	11174.9	0.464674	98254.3	12234.1	12233
C12	11174.9	0.447758	98362.5	13732.6	13731.7
C12	11174.9	0.451202	90857.8	8492.62	8492.12
C12	11174.9	0.39724	79684.3	598.401	597.958
C12	11174.9	0.555561	78963.7	167.589	166.983
C12	11174.9	0.670421	97076.5	12884.6	12883.9
C12	11174.9	1.03875	96014.5	11812.6	11810.5
C12	11174.9	1.58155	81887.9	1657.82	1656.04
C12	11174.9	0.497634	89219.9	6491.71	6490.84
C12	11174.9	0.896808	86920.3	4942.16	4940.85
C12	11174.9	0.456073	96954.1	12895.3	12894.2
C12	11174.9	0.676934	96189.5	12057.6	12056.5
C12	11174.9	0.634281	84286.1	3641.03	3640.25
neutron	939.565	21.2982	87492.6	5555.57	5076.06
alpha	3727.38	6.60371	87492.6	5555.57	5076.06
alpha	3727.38	2.79276	87492.6	5555.57	5076.06
C12	11174.9	0.828348	81509	921.131	920.177
C12	11174.9	3.90359	92235.1	9605.35	9601.36
C12	11174.9	0.534968	99579.1	14594.8	14594.1
C12	11174.9	0.596392	80975.1	928.939	928.128
C12	11174.9	0.525489	91970.5	9406.25	9405.41
C12	11174.9	1.31845	98316.5	13436.7	13434.9
C12	11174.9	0.754382	91777.2	9107.08	9104.3
C12	11174.9	1.7772	99211	14147.8	14145.9
C12	11174.9	0.520378	91944	9022.48	9021.8
C12	11174.9	0.430504	96241.9	11863	11862.5
C12	11174.9	0.619845	87610.6	6137.71	6136.94
C12	11174.9	1.41601	83241.2	2840.92	2838.87
neutron	939.565	1336.33	95951.6	11824.4	10097.8
neutron	939.565	342.187	95951.6	11824.4	10097.8
Be8	7454.85	6.70928	95951.6	11824.4	10097.8
C12	11174.9	0.645734	99085.1	14291.5	14290.4
C12	11174.9	0.359324	97746.6	13251.7	13251
C12	11174.9	0.458582	81749	2706.36	2705.59
C12	11174.9	0.332955	93629.9	10601.6	10599.7
C12	11174.9	0.529323	89384.7	7460.86	7460.24
C12	11174.9	0.599731	94097.2	10857.8	10857
C12	11174.9	0.504553	99916.4	14772.6	14772
C12	11174.9	0.386311	83562.5	3199.56	3198.95
C12	11174.9	0.891024	81170.6	1619.71	1618.34
C12	11174.9	1.7028	87976.9	5932.42	5929.17
C12	11174.9	1.31111	88871.9	6439.68	6437.94
C12	11174.9	1.22763	80800.2	1202	1200.73
C12	11174.9	0.566477	99184.2	14277.4	14276.5
C12	11174.9	1.59065	87647.4	6242.85	6241.12
C12	11174.9	1.18902	89200.9	3921.08	3919.19
C12	11174.9	0.697843	85144.8	3555.43	3554.29
C12	11174.9	0.766863	84832.5	3352.14	3350.89
C12	11174.9	0.441275	93804.1	9903.66	9903.04
C12	11174.9	1.69529	82642.8	1788.29	1786.16
C12	11174.9	1.14547	89140	6060.26	6058.65
neutron	939.565	3.08778	96975.5	12643.2	12289.3
alpha	3727.38	4.82327	96975.5	12643.2	12289.3
alpha	3727.38	2.03004	96975.5	12643.2	12289.3
C12	11174.9	0.468727	94834.5	11267.1	11266.5
C12	11174.9	1.32599	94755.4	11031.9	11030.5
C12	11174.9	0.616015	81877.8	1902.18	1899.83
C12	11174.9	0.587823	97057.5	12339.6	12338.8
C12	11174.9	0.770866	99832.7	14661.4	14659.7
C12	11174.9	0.590586	87856.3	6397.32	6396.7
C12	11174.9	0.769179	89239.5	6679.92	6678.28
alpha	3727.38	9.84421	99262.2	14363.9	14133.6
alpha	3727.38	1.24357	99262.2	14363.9	14133.6
alpha	3727.38	18.1999	99262.2	14363.9	14133.6
C12	11174.9	0.744342	98547.4	13628.6	13627.6
C12	11174.9	5.41665	88822.2	7222.76	7216.06
C12	11174.9	0.919081	85503.7	3935.54	3934.45
C12	11174.9	0.51434	83421	2540.41	2539.78
C12	11174.9	0.623577	97854.7	13438.7	13437.9
C12	11174.9	0.387422	87030.8	5717.53	5716.74
C12	11174.9	1.02902	81561.3	2003.81	2001.02
C12	11174.9	0.505682	91529.7	8837.71	8836.79
C12	11174.9	0.695019	82082.3	1995.24	1993.58
C12	11174.9	0.405996	81709.4	2191.45	2190.7
neutron	939.565	204.312	88344.9	7268.32	6901.65
neutron	939.565	116.391	88344.9	7268.32	6901.65
Be8	7454.85	4.54514	88344.9	7268.32	6901.65
C12	11174.9	0.519853	95859.2	11278.3	11277.8
C12	11174.9	0.512532	91394.3	8985.55	8984.5
C12	11174.9	0.355025	83602.6	3579.69	3579.1
C12	11174.9	1.53909	91024.8	8126.77	8124.9
C12	11174.9	0.343019	87083.9	5064.03	5062.73
C12	11174.9	0.555045	82475.8	1973.81	1973.14
C12	11174.9	1.53593	84543.1	3280.7	3278.83
C12	11174.9	0.43068	88319.1	5351.36	5349.56
C12	11174.9	0.443051	93846.6	9614.6	9613.8
C12	11174.9	0.594474	80053.6	704.766	703.692
C12	11174.9	1.90978	92734.7	9175.84	9173.89
C12	11174.9	0.875663	90947.5	8389.34	8388.35
C12	11174.9	0.339831	91120.3	7638.44	7637.32
C11	10254	0.174226	90364.5	7272.13	7006.3
C12	11174.9	0.371687	92997.8	10210	10209.5
neutron	939.565	128.642	89555.1	7733.41	7320.01
neutron	939.565	20.5371	89555.1	7733.41	7320.01
neutron	939.565	3.61332	89555.1	7733.41	7320.01
C12	11174.9	1.0444	90150.5	7397.24	7395.86
neutron	939.565	291.738	87882.2	5909.12	4706.84
Be8	7454.85	3.34799	87882.2	5909.12	4706.84
C12	11174.9	0.36174	98143.4	13626.2	13625.3
C12	11174.9	1.77352	98307.6	13729.6	13725.9
C12	11174.9	0.350099	83922.7	3318.25	3317.08
C12	11174.9	0.439715	93696.4	10493.7	10493.1
C12	11174.9	0.73101	87457.9	5210.82	5208.97
C12	11174.9	0.409655	97305.1	13051.8	13050.9
C12	11174.9	0.3989	80966.8	2075.69	2074.84
C12	11174.9	0.985965	90492.6	7950.95	7949.9
C12	11174.9	0.432987	79491.1	514.292	513.792
C12	11174.9	0.699225	84398	3082.09	3078.5
neutron	939.565	2784.6	99299.6	14433.5	11389.6
neutron	939.565	1.47521	99299.6	14433.5	11389.6
B9	8393.31	0.693232	99299.6	14433.5	11389.6
C12	11174.9	0.79929	84345.4	4341.98	4341
C12	11174.9	0.76515	97351	13105	13104
C12	11174.9	1.02817	93342.7	10413.6	10412.5
C12	11174.9	0.384255	95543.9	11991.7	11991.3
C12	11174.9	0.506909	92279	9237.85	9236.78
C12	11174.9	0.851264	89160.2	7103.39	7102.29
C12	11174.9	0.359038	96257.2	12309.2	12308.8
C12	11174.9	0.466246	91869.9	9364.58	9363.24
C12	11174.9	0.385193	90092.1	7434.29	7433.86
C12	11174.9	1.85767	92657.8	9569.04	9567.1
neutron	939.565	283.891	96735.5	12819.8	11421.6
neutron	939.565	1.93732	96735.5	12819.8	11421.6
Be8	7454.85	2.87577	96735.5	12819.8	11421.6
C12	11174.9	1.75698	95843.9	11904.6	11902
C12	11174.9	0.460258	83432.9	1274.25	1273.47
C12	11174.9	0.390667	91249.9	8169.42	8168.89
C12	11174.9	0.540404	87002	4625.71	4624.78
C12	11174.9	1.1562	99709.5	14640	14638.6
C12	11174.9	0.492934	86885.1	6026.52	6025.34
C12	11174.9	0.706753	84370.1	3560.09	3558.78
C12	11174.9	12.8258	94126.9	10736	10723.1
C12	11174.9	0.979683	91099.4	8527.2	8526.21
C12	11174.9	0.719212	89570.3	6622.46	6621.39
C12	11174.9	1.05662	87179.3	5725.76	5724.69
C12	11174.9	3.62595	89315.4	7563.71	7559.39
C12	11174.9	0.478805	85870.4	5380.78	5379.36
C12	11174.9	1.2017	87371.5	5474.09	5472.29
C12	11174.9	0.7027	85053.6	3985.78	3985.04
C12	11174.9	0.773663	92378.6	9392.84	9391.22
C12	11174.9	0.364267	99748.7	14686	14685.2
C12	11174.9	0.520076	92860.1	9470.24	9469.57
C12	11174.9	0.624706	89303.5	6806.83	6806.03
C12	11174.9	0.436638	96608.2	12526.4	12524.8
C12	11174.9	0.49452	96574.2	12543.9	12543
C12	11174.9	1.061	79631.6	51.5541	50.2969
C12	11174.9	0.468319	99736.1	14690.2	14689.6
C12	11174.9	1.32373	92010.5	8828.62	8826.63
C12	11174.9	0.449579	82550.7	1247.88	1247.25
C12	11174.9	0.464353	88745.9	6951.15	6950.66
C12	11174.9	0.338771	86851.9	2306.08	2305.17
C12	11174.9	0.398536	88023.2	5725.81	5725.18
C12	11174.9	0.538047	93292.6	9237.83	9236.67
C12	11174.9	0.471667	93459.8	9881.87	9881.28
C12	11174.9	0.414052	80974.9	653.524	651.997
C12	11174.9	1.42667	92415.5	9272.49	9270.1
C12	11174.9	0.434115	81880.9	2119.51	2118.21
neutron	939.565	24.157	96236.1	11983.8	11459.9
B11	10252.5	2.58615	96236.1	11983.8	11459.9
C12	11174.9	0.499001	92040.9	8715.36	8714.81
C12	11174.9	0.694862	88673.4	3998.42	3997.02
C12	11174.9	0.502974	78465.5	248.287	246.654
C12	11174.9	0.672538	86435.2	5626.78	5626.01
C12	11174.9	0.522652	89100	5811.88	5811.21
C12	11174.9	0.570539	86624.1	5204.33	5203.62
C12	11174.9	0.681693	87116.7	5146.71	5145.57
C12	11174.9	0.42883	85102.5	3735.67	3734.8
C12	11174.9	1.07656	82809.3	2861.4	2859.48
C12	11174.9	0.352947	98919.3	13947.4	13947
C12	11174.9	1.23657	99763.9	14710.4	14708.7
C12	11174.9	0.475193	93243.4	10019.6	10018.7
neutron	939.565	10.1781	83805.2	3165.01	2867.81
neutron	939.565	8.11103	83805.2	3165.01	2867.81
alpha	3727.38	1.58302	83805.2	3165.01	2867.81
alpha	3727.38	9.7778	83805.2	3165.01	2867.81
neutron	939.565	214.555	97772.5	13150.5	12500.9
neutron	939.565	76.9659	97772.5	13150.5	12500.9
neutron	939.565	17.7381	97772.5	13150.5	12500.9
neutron	939.565	2.85641	97772.5	13150.5	12500.9
Be6	5605.3	6.37318	97772.5	13150.5	12500.9
C12	11174.9	0.765431	85101.8	2138.19	2136.84
C12	11174.9	0.563285	86410.8	5296.65	5294.76
C12	11174.9	1.48155	93111	10134.1	10132.5
C12	11174.9	0.548619	89157.9	7565.81	7565.05
C12	11174.9	0.342292	82268.4	2290.72	2290.09
C12	11174.9	5.70493	98488.7	13724.4	13718.4
C12	11174.9	0.356655	83117.8	1104.97	1104.55
C12	11174.9	0.530046	99638	14618.9	14617.7
C12	11174.9	0.671474	84735.3	4162.68	4161.78
C12	11174.9	2.17901	88245.7	6178.78	6176.5
C12	11174.9	0.417359	98386.6	13819.3	13818.8
neutron	939.565	232.059	96230.8	12259.4	11357.8
B11	10252.5	0.228989	96230.8	12259.4	11357.8
C12	11174.9	1.28511	99182.3	14142.5	14140.2
C12	11174.9	2.08154	84988.9	1535.76	1533.19
C12	11174.9	0.52087	98794.7	13964.4	13963.4
C12	11174.9	0.539684	94622.9	11422.1	11421.6
C12	11174.9	4.17583	99430.9	14323.2	14316.2
C12	11174.9	0.90598	89293.4	7282.15	7280.95
C12	11174.9	1.13031	84722.7	3825.29	3824.04
C12	11174.9	0.482073	89635	7880.18	7879.49
C12	11174.9	0.520671	92391.4	9355.43	9354.35
C12	11174.9	0.345973	90093.7	5733.68	5732.68
C12	11174.9	1.12422	83517	2615.81	2614.29
C12	11174.9	1.09788	94228	10914.2	10912.3
C12	11174.9	0.46363	91570.7	8592.06	8591.5
C12	11174.9	0.600999	87840.7	5961.91	5959.35
C12	11174.9	0.817291	93816.2	10750.1	10749
C12	11174.9	0.782572	94097.3	10165.7	10164.4
C12	11174.9	0.361035	87685.6	5737.62	5736.86
C12	11174.9	0.786183	99149.7	14134.6	14133.6
C12	11174.9	0.677857	84397.3	2435.36	2433.56
C12	11174.9	0.518251	92935.2	9886.22	9885.58
neutron	939.565	172.775	94608	10506.7	9733.31
neutron	939.565	74.4336	94608	10506.7	9733.31
Li6	5601.52	2.39448	94608	10506.7	9733.31
C12	11174.9	0.556319	82678.2	1544.57	1543.98
C12	11174.9	0.55158	93226.8	10223.4	10222.8
C12	11174.9	0.492954	99868.2	14774.9	14774.1
C12	11174.9	0.419945	87083.9	5219.3	5218.43
C12	11174.9	0.497597	87002	5166.23	5165.43
C12	11174.9	0.581659	92619.3	9525.13	9524.12
C12	11174.9	0.341183	87664	5263.76	5263.16
C12	11174.9	0.405117	82275.7	1273.98	1273.28
C12	11174.9	1.0314	87598.9	5498.98	5497.61
alpha	3727.38	4.95882	81708.1	1568.07	1255.8
Be8	7454.85	0.284935	81708.1	1568.07	1255.8
C12	11174.9	0.33232	97859.1	13414.8	13414.1
C12	11174.9	0.506907	87922.9	5661.03	5660.32
C12	11174.9	0.450159	80718.8	1110.5	1109.82
C11	10254	1.18538	95983.7	12160	11365.3
C12	11174.9	0.601735	87766.6	5517.23	5516.49
C12	11174.9	0.760656	98691.5	13956.1	13955.2
C12	11174.9	1.57917	79651	286.653	283.447
C12	11174.9	0.512858	95062.3	10152.2	10151.3
C12	11174.9	0.414298	89170	6825.27	6822.72
C11	10254	0.314405	95176.5	11720	11036.2
C12	11174.9	0.527754	83713	1254.1	1253.29
C12	11174.9	0.515605	95046.5	11709.6	11708.9
C12	11174.9	0.832042	91598.5	9346.55	9345.66
C12	11174.9	0.388384	95383.6	11273.6	11272.9
C12	11174.9	0.490991	92104.5	8799.57	8799.05
C12	11174.9	0.346367	98754.8	13991.7	13991.1
C12	11174.9	3.17336	99284.4	14400.4	14396.7
C12	11174.9	0.339547	89008.8	7311.03	7309.59
C12	11174.9	0.939737	90420	7877.32	7876.36
C12	11174.9	0.746473	81224.9	1631.15	1629.58
C12	11174.9	0.52531	84652.7	3613.92	3612.75
C12	11174.9	0.999083	80944.7	1207.17	1205.52
C12	11174.9	1.7416	96009.9	12141.6	12139.5
C13	12109.5	0.800246	85179	4306.1	4305
C12	11174.9	0.495601	84772	2945.08	2944.33
C12	11174.9	0.486175	82128.2	1115.01	1114.5
C12	11174.9	0.539653	97265.8	12983.7	12983
neutron	939.565	21.9326	98243.1	13052.4	12541.7
neutron	939.565	19.2158	98243.1	13052.4	12541.7
neutron	939.565	7.20697	98243.1	13052.4	12541.7
alpha	3727.38	8.37123	98243.1	13052.4	12541.7
C12	11174.9	0.634724	89763.7	7004.53	7003.07
B11	10252.5	0.147388	86564.3	5480.61	5167.34
C12	11174.9	1.74903	92013.7	7673.57	7671.6
C12	11174.9	0.34533	97647.8	12561.3	12560.7
C12	11174.9	0.616145	99477.9	14548	14547.2
C12	11174.9	0.869231	90348.5	7492.95	7492.04
C12	11174.9	0.484501	92817.8	10157.8	10157.3
C12	11174.9	2.0677	83821	3725.75	3723.5
C12	11174.9	1.04012	78493.6	413.204	411.863
C12	11174.9	0.344696	80290.4	1480.95	1480.35
C12	11174.9	0.369926	97758.3	13387	13386.4
C12	11174.9	1.58683	88334.8	5155.39	5153.79
alpha	3727.38	3.29929	93917.7	6459.37	6222.22
Be8	7454.85	1.71085	93917.7	6459.37	6222.22
C12	11174.9	0.729466	96754.2	12811.5	12810.5
C12	11174.9	2.35036	82038.5	1872.79	1870.33
neutron	939.565	726.37	82455.8	2905.43	1799.48
neutron	939.565	205.975	82455.8	2905.43	1799.48
neutron	939.565	56.0145	82455.8	2905.43	1799.48
neutron	939.565	7.76927	82455.8	2905.43	1799.48
alpha	3727.38	5.73227	82455.8	2905.43	1799.48
neutron	939.565	44.4976	92559.5	9867.1	9617.43
B11	10252.5	0.207455	92559.5	9867.1	9617.43
C12	11174.9	0.741986	79361.2	571.311	569.852
C12	11174.9	0.729749	99644.2	14634	14633.2
C12	11174.9	1.14872	96631	12585	12583.8
C12	11174.9	0.757125	90403.9	8320.67	8319.66
C12	11174.9	0.779636	86235.8	5233.41	5231.24
C12	11174.9	0.608267	84856.2	3949.9	3948.51
C12	11174.9	0.512425	88472.4	6054.98	6053.71
C12	11174.9	0.714608	97054.3	12907	12905.3
C12	11174.9	0.887219	95615	10867.7	10866.6
C12	11174.9	0.594283	94399.9	10812.4	10810.6
C12	11174.9	0.718158	99839	14738	14736.6
C12	11174.9	1.01651	95271.6	10853	10851.7
C12	11174.9	1.14206	97988.7	13433.5	13431.9
neutron	939.565	294.41	93726.4	10495.5	9743.05
C11	10254	2.20926	93726.4	10495.5	9743.05
C12	11174.9	0.344356	79643.9	318.631	317.939
neutron	939.565	4.04188	92593.4	9529.69	8921.37
neutron	939.565	2.13657	92593.4	9529.69	8921.37
C10	9327.57	5.10889	92593.4	9529.69	8921.37
C12	11174.9	0.379286	87151.8	6118.17	6117.46
C12	11174.9	0.357178	97131.5	12926.3	12925.7
C12	11174.9	1.7606	92011.7	8112.28	8110.41
C12	11174.9	0.60654	87784.7	5472.35	5471.64
C12	11174.9	0.506052	99032	14275.4	14274.2
C12	11174.9	0.343892	92651.4	9781.71	9781.2
C12	11174.9	0.737565	95630	11939.9	11938.8
C12	11174.9	0.34897	85149.1	4727.26	4726.71
C12	11174.9	0.388355	79234.5	987.943	987.024
C12	11174.9	0.703834	82735.9	2057.05	2055.99
C12	11174.9	0.460094	97355.4	12783.7	12782.5
neutron	939.565	1.47417	99739.9	14701	12051.9
Be9	8392.75	1.07624	99739.9	14701	12051.9
C12	11174.9	0.346095	90080	6746.62	6745.83
C12	11174.9	1.03521	87910.3	5468.12	5466.12
C12	11174.9	2.84204	87379.8	3689.47	3686.62
C12	11174.9	0.57982	96932	12782.5	12781.7
C12	11174.9	0.480418	80743.5	2035.31	2033.17
C12	11174.9	0.503464	84562.1	3155.66	3155.13
C12	11174.9	0.338489	79799.9	37.1461	35.626
C12	11174.9	0.961745	83168.7	3033.11	3030.3
C12	11174.9	0.423955	96010.3	12271.2	12270.6
C12	11174.9	3.03974	98891.6	14150	14146.8
neutron	939.565	128.115	97629.4	12952.9	12667
Be8	7454.85	3.71402	97629.4	12952.9	12667
neutron	939.565	41.8015	90797.6	7896.36	7429.05
Be10	9325.5	0.578416	90797.6	7896.36	7429.05
neutron	939.565	17.0593	90762	8267.61	7860.81
Be8	7454.85	3.69586	90762	8267.61	7860.81
C12	11174.9	0.506426	87827.8	4007.83	4007.01
C12	11174.9	1.53059	84697.5	4194.83	4192.57
C12	11174.9	0.906374	94132.3	10823.8	10822
C12	11174.9	1.72721	97707	13424.1	13422.3
C12	11174.9	0.342023	94808.9	10936.7	10935.9
C12	11174.9	0.433575	97561.5	13219.2	13218.2
C12	11174.9	0.362934	83446.5	3134.74	3133.89
C12	11174.9	0.515471	79739.1	636.926	636.076
C12	11174.9	0.339051	96319.5	12330.4	12329.6
C12	11174.9	1.00981	81001	751.8	750.084
C12	11174.9	0.651497	99028.6	14185.4	14183.9
C12	11174.9	0.690346	96128.5	11841	11839.9
C12	11174.9	0.862912	82600.2	2210.9	2209.94
C12	11174.9	0.520373	80875.1	1610.11	1609.34
C12	11174.9	0.613914	98103.6	13688.4	13687.8
C12	11174.9	0.478667	93679	10780	10779.4
C12	11174.9	0.403121	89830.9	8095.19	8093.95
C12	11174.9	0.739151	89799.4	7773.12	7772.3
C12	11174.9	0.356529	93698.7	10387.2	10386.6
C12	11174.9	0.409905	89120.9	7105	7104.02
C12	11174.9	0.559291	97195.7	12946.3	12945.6
B10	9324.44	2.13342	89906.5	7401.66	6778.77
C12	11174.9	0.688594	84305.1	2394.96	2393.32
C12	11174.9	0.836247	94178.1	11074	11072.4
C12	11174.9	0.406514	81230.2	1264.37	1263.59
C12	11174.9	0.762017	86265.4	3875.95	3873.51
C12	11174.9	0.558825	87769.2	6510.01	6508.8
C12	11174.9	0.488081	95381.4	11759	11758.5
C12	11174.9	0.52736	90629.3	8619.83	8619.08
C12	11174.9	0.334663	82445.3	2991.95	2990.9
C12	11174.9	0.699321	80111.4	44.5369	43.5887
neutron	939.565	8.56245	87223.2	6205.61	5745.76
B10	9324.44	6.88418	87223.2	6205.61	5745.76
C12	11174.9	0.332729	99772.1	14623.7	14623.3
C12	11174.9	0.943616	86067.7	3981.73	3980.06
C12	11174.9	0.530183	87862.5	5641.09	5640.04
C12	11174.9	1.08494	79678.6	336.093	334.819
C12	11174.9	0.363774	96309.4	11758.7	11758.2
C12	11174.9	0.845137	88174.4	6967.92	6966.79
C12	11174.9	1.25019	90896.2	7989.7	7988.25
C12	11174.9	0.452971	89966.9	7908.03	7907.44
C12	11174.9	0.449478	84121.9	1380.81	1379.26
neutron	939.565	0.728238	98857.8	14131.8	13705.7
neutron	939.565	0.566753	98857.8	14131.8	13705.7
Be8	7454.85	2.80767	98857.8	14131.8	13705.7
C12	11174.9	0.385032	79494.8	579.724	579.269
C12	11174.9	0.343356	79365.2	504.088	503.675
C12	11174.9	0.479213	86852	3675.86	3675.02
C12	11174.9	0.822232	97570.9	12846.5	12845.5
C12	11174.9	0.430823	86910.1	5731.89	5731.14
C12	11174.9	0.444593	87038.3	5911.66	5910.84
C12	11174.9	0.738607	83068.5	2628.36	2627.6
C12	11174.9	0.33328	92664.8	9301.02	9300.38
Be10	9325.5	0.679339	87634.4	6392.89	5898.22
C12	11174.9	0.41208	92894.2	9846.32	9845.79
C12	11174.9	0.619197	97232	12280.5	12279.4
C12	11174.9	0.423561	96333.8	12423.1	12422.3
neutron	939.565	150.088	89733.4	7114.9	6699.74
neutron	939.565	59.9135	89733.4	7114.9	6699.74
alpha	3727.38	1.05414	89733.4	7114.9	6699.74
alpha	3727.38	8.12386	89733.4	7114.9	6699.74
C12	11174.9	0.680005	90911.3	7425.94	7423.84
C12	11174.9	0.36188	81092.4	131.363	130.928
C12	11174.9	0.474216	92968.7	9290.38	9289.04
neutron	939.565	3.24332	99884.1	14785.3	14519.5
neutron	939.565	0.587621	99884.1	14785.3	14519.5
Be8	7454.85	0.733955	99884.1	14785.3	14519.5
C12	11174.9	0.395833	99159.6	14294.5	14293.8
C12	11174.9	0.356811	96083	12288.6	12288.2
C12	11174.9	0.413946	87387.3	5522.41	5521.74
C12	11174.9	0.549635	91979	7319.21	7317.94
C12	11174.9	0.383155	84319.7	2634.86	2634.27
C12	11174.9	0.361783	84502.4	3946.19	3945.47
C12	11174.9	0.407839	89899.4	7609.27	7608.55
C12	11174.9	0.467702	88578.8	6655	6653.88
C12	11174.9	0.540349	88215.5	6790.53	6789.72
C12	11174.9	1.13724	89257	7095.05	7093.48
C12	11174.9	0.570851	92848.2	9863.44	9862.4
C12	11174.9	0.727479	89824.8	7307.48	7305.28
C12	11174.9	1.16311	80904	1336.37	1334.17
C12	11174.9	0.331724	78721.2	80.4077	79.1773
C12	11174.9	1.16202	94321.4	9697.3	9696.14
C12	11174.9	0.676097	88972.7	7406.57	7405.34
C12	11174.9	0.591289	81108.4	2304	2303.29
C12	11174.9	0.578135	94704	10603.4	10602.4
C12	11174.9	0.797995	98091.4	12815.8	12814.8
C12	11174.9	3.29175	96051.2	12106.4	12103
C12	11174.9	1.1571	95383.9	11590.7	11589.3
neutron	939.565	42.7958	90444.4	8504.16	7266.77
neutron	939.565	1.81587	90444.4	8504.16	7266.77
alpha	3727.38	4.83986	90444.4	8504.16	7266.77
C12	11174.9	0.466146	93342.5	9863.85	9862.32
C12	11174.9	0.466935	82772.2	2485.85	2484.5
C12	11174.9	0.760218	98258.5	13002.5	13001.1
C12	11174.9	0.471448	80278.1	1172.12	1170.86
C12	11174.9	0.801352	91026.6	8521.87	8520.76
C12	11174.9	1.30519	96626.3	12205	12203.3
neutron	939.565	364.169	95071.7	11461.2	10657.3
Be8	7454.85	0.851278	95071.7	11461.2	10657.3
C12	11174.9	0.741064	93291.8	9817.33	9816.57
C12	11174.9	0.771561	99068.4	14164	14163
C12	11174.9	0.360306	89062	6864.21	6863.42
C12	11174.9	0.698377	80550.1	788.035	786.123
C12	11174.9	1.69923	85302.2	4212.31	4210.52
C12	11174.9	0.67783	82944.7	3233.34	3231.83
C12	11174.9	0.977548	98607.6	11105.8	11104.8
C12	11174.9	0.458688	86152	2847.21	2846.43
C12	11174.9	0.632612	98687.1	13771.2	13769.9
C12	11174.9	0.43538	98623.2	13995.5	13994.7
C12	11174.9	0.474286	96678.8	11780.3	11779.6
C12	11174.9	1.12652	86375.5	5302.1	5299.18
C12	11174.9	0.38024	95813.7	11866.1	11865.5
C12	11174.9	1.86785	82091.3	2463.45	2461.53
C12	11174.9	1.23406	90454.3	7714.98	7713.65
C12	11174.9	1.92805	96655	11155.6	11153.6
C12	11174.9	0.496449	79610.5	598.968	597.977
C12	11174.9	0.527056	97109.5	12267.5	12266.5
C12	11174.9	0.335393	99829.1	14735.1	14734.7
C12	11174.9	0.549297	81342.3	1473.48	1472.72
C12	11174.9	0.390889	87974.1	5547.75	5546.24
C12	11174.9	0.460751	94199.2	10413.7	10413
C12	11174.9	0.333037	92051.3	9196.47	9195.89
C12	11174.9	1.12776	90295.1	6191.46	6188.52
neutron	939.565	869.093	88953.7	6990.58	5915.67
neutron	939.565	1.46347	88953.7	6990.58	5915.67
Be8	7454.85	1.29382	88953.7	6990.58	5915.67
C12	11174.9	0.344262	90853.5	8600.01	8599.6
C12	11174.9	0.620911	79811.4	1081.27	1080.61
C12	11174.9	0.595697	96360.9	12152.1	12151.5
C12	11174.9	0.525586	90142	6814.34	6813.39
neutron	939.565	189.848	99052.2	14227.2	13715.1
He3	2808.39	4.48595	99052.2	14227.2	13715.1
alpha	3727.38	1.34421	99052.2	14227.2	13715.1
alpha	3727.38	15.7975	99052.2	14227.2	13715.1
C12	11174.9	0.693761	93804.3	10832	10831
C12	11174.9	0.341448	80748.2	1989.86	1988.78
neutron	939.565	140.552	97984.7	13424.9	13133.3
neutron	939.565	1.53686	97984.7	13424.9	13133.3
Be8	7454.85	1.24011	97984.7	13424.9	13133.3
C12	11174.9	0.591918	97696.1	12932.8	12932
alpha	3727.38	11.871	88822.8	5164.12	4864.12
alpha	3727.38	15.0865	88822.8	5164.12	4864.12
alpha	3727.38	4.35563	88822.8	5164.12	4864.12
C12	11174.9	0.707763	89997.2	7615.52	7614.45
alpha	3727.38	4.68542	91418.7	8620.14	8411.47
alpha	3727.38	0.325713	91418.7	8620.14	8411.47
alpha	3727.38	10.1994	91418.7	8620.14	8411.47
C12	11174.9	2.3066	95782.2	11637.9	11635.3
C12	11174.9	0.356085	93604	10015.6	10014.7
C12	11174.9	0.405525	94722.9	10730.8	10730.3
C12	11174.9	0.342085	99628.8	14492.4	14491.9
C12	11174.9	0.33781	81732	1514.14	1513.3
C11	10254	0.246424	94721.1	11332.4	10992.2
C12	11174.9	7.48107	93022.6	10171.3	10163.7
C12	11174.9	0.865026	90670.3	8406.61	8405.31
C12	11174.9	0.341984	91217	5727.15	5726.45
C12	11174.9	1.06165	82232.6	1463.43	1462.16
C12	11174.9	0.555518	96064.7	12140.6	12139.2
C12	11174.9	0.394439	95247.8	11473	11472.4
C12	11174.9	4.45902	81855.4	1302.62	1297.73
neutron	939.565	2.37578	83164	3352.67	2922.95
neutron	939.565	2.22231	83164	3352.67	2922.95
Be8	7454.85	0.940461	83164	3352.67	2922.95
C12	11174.9	0.437602	83409.8	3516.87	3515.81
C12	11174.9	0.588766	98220	13333.7	13332.1
C12	11174.9	1.51869	85382.7	3725.1	3721.86
C12	11174.9	0.446992	95128.4	11618.3	11617.8
C12	11174.9	0.455944	86820.9	4482.57	4481.96
C12	11174.9	0.693674	82317.4	2713.77	2712.68
C12	11174.9	3.22828	87936.4	6125.86	6121.9
C12	11174.9	1.27384	80567.7	1584.77	1582.79
neutron	939.565	8.42813	88437.5	5720.46	4585.79
neutron	939.565	5.01614	88437.5	5720.46	4585.79
alpha	3727.38	2.94221	88437.5	5720.46	4585.79
alpha	3727.38	7.50706	88437.5	5720.46	4585.79
C12	11174.9	0.426925	86866.6	4714.02	4713.39
C12	11174.9	0.386245	90484.6	7563.67	7563.19
C12	11174.9	0.661244	99619.7	14612.6	14611.5
C12	11174.9	0.35798	79671.8	391.07	389.927
C12	11174.9	0.579135	92374.8	9442.25	9440.55
C12	11174.9	0.575358	98729.7	13981.3	13980.5
C12	11174.9	1.25811	90872.5	6042.58	6040.65
C12	11174.9	0.709155	99206.6	14308.8	14307.4
C12	11174.9	0.346241	93089.9	9578.16	9575.34
C12	11174.9	0.584537	82515.1	2259.71	2257.85
C12	11174.9	0.404957	82123	498.333	496.905
C12	11174.9	0.671926	80145.2	563.917	563.087
neutron	939.565	11.6865	87112.9	4411.97	4065.01
neutron	939.565	4.89362	87112.9	4411.97	4065.01
alpha	3727.38	4.11618	87112.9	4411.97	4065.01
C12	11174.9	0.404916	83214.3	1093	1092.29
C12	11174.9	0.383793	98265.4	13305.1	13304.6
C12	11174.9	0.339595	99486.2	14505.9	14505.1
C12	11174.9	0.858051	83919.9	771.522	770.378
C13	12109.5	0.547745	94921.4	11414.7	11414
C12	11174.9	0.492034	78318	442.306	441.019
C12	11174.9	0.416297	92592.5	9318.15	9317.64
C12	11174.9	0.679432	92315	9296.73	9295.97
C12	11174.9	1.29179	89840.9	7632.53	7631.19
C12	11174.9	0.336647	81572.3	1793.56	1792.88
C12	11174.9	0.503647	92354.7	9831.36	9829.77
C12	11174.9	0.76739	82812.9	2318.72	2317.62
C12	11174.9	0.370762	88569.7	6634.7	6634.26
C12	11174.9	0.436746	82053.9	2011.26	2010.78
C12	11174.9	1.54501	98892.6	13557.8	13555.4
C12	11174.9	0.911429	87150.5	5745.61	5743.16
C12	11174.9	0.529699	90616	8106.53	8105.72
C12	11174.9	0.493778	96737.5	11952.3	11951.4
C12	11174.9	1.01851	87966.1	5956.03	5954.88
C12	11174.9	0.762843	98338.8	13864.5	13862.8
C12	11174.9	0.630792	92082.7	9284.45	9283.75
C12	11174.9	0.347794	83802.6	2940.11	2939.43
C12	11174.9	0.338156	83049.5	3950.5	3949.96
C12	11174.9	0.59942	97457.5	12821.6	12820.9
C12	11174.9	0.36427	84471.6	3883.39	3882.2
C12	11174.9	0.739206	81545.8	1737.27	1735.17
C12	11174.9	1.23006	86778.2	2962.07	2960.76
C12	11174.9	0.50001	88813.1	7296.34	7295.05
C12	11174.9	0.447808	85001.3	4822.29	4820.92
C12	11174.9	1.74831	92545.2	9349.61	9347.79
C12	11174.9	3.52067	82736.4	2702.44	2698.9
C12	11174.9	0.819014	80798.7	72.3541	71.4264
C12	11174.9	0.537799	99221.5	14324.7	14324
C12	11174.9	1.19093	95602.2	10491.1	10489.7
C12	11174.9	0.347667	94410.6	10784.2	10783.3
C12	11174.9	0.447884	92486.9	8114.31	8113.54
C12	11174.9	1.32989	95607.3	11845.5	11842.9
neutron	939.565	0.59412	85329	5051.64	4795.54
Be9	8392.75	6.28061	85329	5051.64	4795.54
C12	11174.9	1.08612	88571.3	7191.45	7190.18
C12	11174.9	0.390193	81081.2	1420.72	1419.72
C12	11174.9	1.26158	93480	9669.18	9667.88
C12	11174.9	1.37797	82211.2	1622.89	1621.13
C12	11174.9	0.335137	94843	10997.5	10997.1
neutron	939.565	181.604	95958.1	12100.9	10421.5
neutron	939.565	97.7021	95958.1	12100.9	10421.5
neutron	939.565	16.1529	95958.1	12100.9	10421.5
alpha	3727.38	20.4292	95958.1	12100.9	10421.5
alpha	3727.38	16.5786	95958.1	12100.9	10421.5
C12	11174.9	0.504298	94661.7	10660.2	10659.6
C12	11174.9	0.698561	79840.1	1007.28	1006.39
C12	11174.9	1.97098	93322.6	10066.3	10064.1
C13	12109.5	1.13703	85935.7	4523.48	4521.64
C12	11174.9	1.01447	95814.1	11538.2	11535.7
C12	11174.9	0.676978	84807.4	4176.42	4175.2
C12	11174.9	0.392011	91298.5	8232.97	8232.37
C12	11174.9	0.474635	94056.7	11089.6	11088.7
C12	11174.9	0.525674	96640.9	12497.2	12496.7
C12	11174.9	0.631764	99513.9	14549.2	14545.9
C12	11174.9	0.395641	83347.8	2284.35	2283.68
C12	11174.9	0.384088	85988.8	3643.7	3643.3
C13	12109.5	0.60077	96476.7	12506.2	12505
C12	11174.9	1.86927	93495.7	10471.6	10469.4
C12	11174.9	0.497071	81226.9	721.475	720.355
neutron	939.565	116.605	93530.1	10374.3	9837.06
neutron	939.565	0.523063	93530.1	10374.3	9837.06
B10	9324.44	0.475735	93530.1	10374.3	9837.06
C12	11174.9	0.478868	88938.2	7154.25	7153.75
C12	11174.9	0.640658	81274.5	985.047	984.082
C12	11174.9	0.802049	98077.1	13660.6	13659.4
C12	11174.9	0.550737	94873.9	6695.71	6694.45
C12	11174.9	1.38297	83984.4	3413.72	3411.14
C12	11174.9	0.505875	86022.4	4830.34	4829.68
neutron	939.565	51.4032	85332	4930.95	4650.06
neutron	939.565	1.28523	85332	4930.95	4650.06
alpha	3727.38	8.9017	85332	4930.95	4650.06
alpha	3727.38	9.312	85332	4930.95	4650.06
C12	11174.9	0.793177	92970.7	9721.92	9720.44
C12	11174.9	0.333892	93450.9	10430.2	10429.7
C12	11174.9	0.404	80856.5	1368.82	1368.36
C12	11174.9	0.433612	93749.1	9950.54	9950.06
C12	11174.9	0.357256	80947.5	1250.83	1250.1
C12	11174.9	0.355111	87997.3	6706.6	6706.06
C12	11174.9	0.899202	80325.8	1274.89	1273.63
C12	11174.9	0.744821	98264.8	13765.7	13764.8
C12	11174.9	0.393972	89394	6651.33	6650.9
C12	11174.9	0.504569	97220.3	12875.1	12874.3
C12	11174.9	0.934241	79809.7	1107.9	1106.93
C12	11174.9	0.667979	84123.4	3175.08	3174.31
neutron	939.565	68.8123	97055.6	12930.9	12626.5
neutron	939.565	9.70422	97055.6	12930.9	12626.5
Be8	7454.85	1.72895	97055.6	12930.9	12626.5
alpha	3727.38	6.90001	92670.1	9730.66	9461.51
alpha	3727.38	5.81976	92670.1	9730.66	9461.51
alpha	3727.38	11.5035	92670.1	9730.66	9461.51
C12	11174.9	0.336725	86256.4	5336.18	5335.13
C12	11174.9	0.332629	83658.5	1699.15	1698.58
C12	11174.9	0.442205	88932	5004	5002.95
C12	11174.9	3.01764	82357.4	2452.95	2446.76
C12	11174.9	0.433033	90387.5	8486.11	8485.35
C12	11174.9	1.20836	81318.6	773.905	772.44
C12	11174.9	0.35016	85858.5	4474.54	4472.36
C12	11174.9	0.765145	98399.4	13850.3	13849.4
neutron	939.565	38.4116	91079.5	7380.59	7129.98
B11	10252.5	0.092645	91079.5	7380.59	7129.98
alpha	3727.38	7.58422	88117	3955.62	3672.83
Be8	7454.85	7.30231	88117	3955.62	3672.83
C12	11174.9	0.586873	88236.5	4610.75	4609.07
C12	11174.9	0.675508	96785.6	12750.5	12749.4
C12	11174.9	0.539949	80024.3	1149.76	1149.02
C12	11174.9	0.643012	84935.4	4389.11	4388.43
C12	11174.9	0.815001	85333.8	2389.98	2388.82
C12	11174.9	0.406257	97842.9	13477.2	13476.5
C12	11174.9	1.1829	94060.5	10646.4	10645.1
C12	11174.9	0.407255	82886	2583.86	2583.13
C12	11174.9	2.10685	94940.6	11161	11158.4
C12	11174.9	0.347931	95488.7	11031.5	11030.1
C12	11174.9	0.646154	94891.3	11320.3	11319.7
C12	11174.9	0.414007	98317.1	13365	13364.6
C12	11174.9	0.664132	81396.4	2108.12	2107.09
C12	11174.9	0.937807	96247.6	11776.7	11775.4
C12	11174.9	0.438046	87323.5	5158.37	5157.36
C12	11174.9	0.49154	81817.1	1682.45	1681.62
C12	11174.9	0.747935	93438.7	10171.5	10170.3
C12	11174.9	0.394376	89939.6	4651.51	4650.74
C12	11174.9	0.462695	80378.1	62.2458	61.177
C12	11174.9	1.67292	96465.8	11938.2	11936.5
C12	11174.9	0.545124	90985.4	7496.59	7495.94
C12	11174.9	0.529868	80548.2	313.443	312.747
C12	11174.9	0.383917	92313.2	7794.91	7793.59
C12	11174.9	0.360843	84807.8	3646.74	3646.22
C12	11174.9	0.451102	82505	2389.28	2388.8
C12	11174.9	0.978993	87808.9	5823.72	5822.21
C12	11174.9	0.622773	81342	2151.48	2150.57
C12	11174.9	0.66362	98229.2	13646.5	13645.8
C12	11174.9	1.15793	86052.3	3826.35	3824.93
C12	11174.9	0.624573	93212.5	8740.06	8739.39
C12	11174.9	0.397737	99699.9	14668.6	14667.9
C12	11174.9	1.27458	94128.4	10759.3	10758
C12	11174.9	0.615415	85386.5	3397.28	3396.45
C12	11174.9	0.436434	93131.6	9725.58	9724.94
C12	11174.9	0.523294	96100.8	12456.3	12455.6
C12	11174.9	0.591141	88258.3	6000.96	5999.6
C12	11174.9	0.66384	84918.8	3730.42	3728.33
C12	11174.9	0.53445	86099.2	5564.73	5563.74
C12	11174.9	0.394356	97352.4	13071	13070.4
C12	11174.9	0.455923	95428.7	11716.1	11715.4
C12	11174.9	0.356689	97447	12994.2	12993.7
C12	11174.9	1.47898	96482.1	11612	11610.1
C12	11174.9	1.13856	81866.2	1378.58	1376.34
C12	11174.9	0.821055	96734.6	12018	12016.5
C12	11174.9	0.349347	85327.6	4037.02	4036.61
C12	11174.9	1.50043	83040	3074.9	3073.13
C12	11174.9	0.418697	80209.4	466.312	465.48
C12	11174.9	0.468831	82246.8	631.816	630.948
C12	11174.9	0.700767	83813.8	3565.53	3564.38
C12	11174.9	0.779894	97554.8	12962	12960.9
C12	11174.9	0.690676	88364.2	6745.47	6744.32
C12	11174.9	1.02352	98556.8	13919.6	13918.3
C12	11174.9	0.625732	93919.2	10678.2	10676.7
C12	11174.9	0.344988	82212	1816.17	1815.48
C12	11174.9	0.477705	83923.5	2327.99	2326.73
C12	11174.9	0.911358	87590.7	6280.35	6278.55
C12	11174.9	0.434895	89219.8	7067.49	7066.89
C12	11174.9	1.11865	86360.1	4969.04	4967.54
C12	11174.9	1.5347	85184	2761.48	2759.7
C12	11174.9	1.05267	92879.2	10259.9	10258.6
C12	11174.9	0.442054	83107.4	1975.1	1972.73
C12	11174.9	0.871227	89614.1	7114.88	7113.45
C12	11174.9	0.503882	81508.6	1658.33	1656.94
C12	11174.9	0.796369	81993.7	2582.42	2580.47
C12	11174.9	0.455141	97840.6	12896.4	12895.7
C12	11174.9	0.841259	81886	980.357	979.213
C12	11174.9	0.628805	91063	7681.92	7680.85
C12	11174.9	0.638604	89118.8	7536.88	7536.2
C12	11174.9	0.46487	87919.1	6733.35	6732.57
C12	11174.9	0.414404	95270.3	11376.5	11375.7
C12	11174.9	0.610274	80585.4	847.704	846.314
C12	11174.9	0.946507	98717.7	14052.2	14051
C12	11174.9	1.67575	87901.6	5230.4	5228.65
C12	11174.9	0.493538	96200.3	12039.3	12038.7
C12	11174.9	1.03513	91147.3	8500.64	8498.91
C12	11174.9	0.406726	84093.9	3154.95	3154.49
C12	11174.9	0.337138	95284.3	11505.8	11505.3
C12	11174.9	0.396192	96343.4	12008.1	12007.3
C12	11174.9	0.618136	82195.9	2073.77	2072.36
C12	11174.9	0.726724	97526.8	13155.9	13153.8
C12	11174.9	0.630123	97128.7	12819.4	12818.5
C12	11174.9	0.385689	97787.7	13384.1	13382.6
C12	11174.9	1.0734	80974.4	1909.85	1908.61
He3	2808.39	14.2339	97636.4	12895.3	12551.1
Be8	7454.85	10.5899	97636.4	12895.3	12551.1
C12	11174.9	0.393777	89898.4	4115.9	4113.76
C12	11174.9	0.379411	89593.2	7405.06	7404.63
C12	11174.9	0.424358	87166.4	5236.87	5236.02
C12	11174.9	2.11146	85924.8	4837.69	4834.29
C12	11174.9	0.480987	97493.4	13114.3	13112.6
C12	11174.9	0.353227	86335.2	5349.15	5348.59
C12	11174.9	0.932061	83567.3	3780.95	3779.79
C12	11174.9	0.583322	89978.7	7530.94	7529.82
C12	11174.9	0.726035	95487.8	11312	11311.2
neutron	939.565	4.6209	97921.1	13080	12270.4
neutron	939.565	2.09793	97921.1	13080	12270.4
neutron	939.565	1.41758	97921.1	13080	12270.4
neutron	939.565	0.24558	97921.1	13080	12270.4
alpha	3727.38	3.71475	97921.1	13080	12270.4
neutron	939.565	37.1211	92274.5	9148.23	8175.26
B11	10252.5	1.95171	92274.5	9148.23	8175.26
C12	11174.9	0.94713	88838.2	5761.62	5760.15
C12	11174.9	0.474442	79225.6	746.984	746.004
C12	11174.9	0.417041	80698.7	187.863	187.287
C12	11174.9	1.1401	94261.2	10998.7	10997.5
C12	11174.9	0.634436	89611.7	7489.63	7488.95
C12	11174.9	1.3421	98272	13449.3	13447.1
C12	11174.9	1.71764	88492.5	4290.15	4288.08
C12	11174.9	0.388306	96275.3	11614.3	11613.3
C12	11174.9	0.61434	96052.6	11487.7	11486.3
C12	11174.9	0.514956	91497.4	8007.81	8006.94
C12	11174.9	0.440704	98480.2	13659	13658.1
neutron	939.565	340.354	97912.9	13403.7	12550.9
neutron	939.565	315.079	97912.9	13403.7	12550.9
neutron	939.565	94.9336	97912.9	13403.7	12550.9
He3	2808.39	4.41384	97912.9	13403.7	12550.9
alpha	3727.38	17.2093	97912.9	13403.7	12550.9
C12	11174.9	0.336171	93804.7	10559.3	10558.5
C12	11174.9	0.405859	99622.6	14633.6	14633
C12	11174.9	0.658529	99719.8	14661.3	14660.4
C12	11174.9	0.509862	93480.4	9036.73	9035.85
C12	11174.9	1.29057	80833.1	161.645	159.797
neutron	939.565	893.415	96023.3	12192.2	10068
neutron	939.565	82.6288	96023.3	12192.2	10068
neutron	939.565	6.1802	96023.3	12192.2	10068
neutron	939.565	4.38067	96023.3	12192.2	10068
He3	2808.39	9.95953	96023.3	12192.2	10068
alpha	3727.38	6.96109	96023.3	12192.2	10068
C12	11174.9	0.439347	85212.1	2783.28	2782.37
C12	11174.9	0.640755	84619.5	1437.47	1436.08
C12	11174.9	0.734212	83369	3557.85	3556.79
C12	11174.9	0.544305	84650.4	3101.09	3100.36
C12	11174.9	1.09443	97369	13130	13127.6
C12	11174.9	0.475696	87286.5	3766.13	3765.4
C12	11174.9	0.469886	97363.3	13148.9	13147.3
neutron	939.565	31.3027	93820.1	10541.1	10239.9
He3	2808.39	1.96371	93820.1	10541.1	10239.9
alpha	3727.38	3.83792	93820.1	10541.1	10239.9
alpha	3727.38	1.58709	92457.1	9133.67	7071.91
Li7	6533.83	5.77367	92457.1	9133.67	7071.91
C12	11174.9	0.462226	94011	10474.9	10474.1
C12	11174.9	1.65967	85429.4	3498.42	3496.54
neutron	939.565	340.103	86497.1	5188.54	4384.37
Be8	7454.85	5.11096	86497.1	5188.54	4384.37
C12	11174.9	0.367783	79757.3	1022.67	1022.28
C12	11174.9	0.353581	89880.6	7722.37	7721.75
C12	11174.9	0.421429	79697.2	13.178	12.633
C12	11174.9	0.548405	98071	13290.8	13289.4
C12	11174.9	0.902637	96342.4	12179.8	12178.8
C12	11174.9	0.910721	88344.3	5994.88	5993.64
C12	11174.9	0.384183	98319.8	13718.2	13717.8
C12	11174.9	1.26193	90899.8	8646.39	8645.13
C12	11174.9	0.395171	93203.1	10397	10396.6
C12	11174.9	0.467712	90991.2	8682.47	8681.35
C12	11174.9	0.502737	91174.5	4841.55	4840.57
C12	11174.9	0.462933	79937.4	701.563	701.066
C12	11174.9	0.411314	79262.7	170.363	169.481
C12	11174.9	0.482252	93549.1	10794.2	10792.7
C12	11174.9	0.37789	99322.3	14425.6	14425.2
C12	11174.9	0.506314	80730.3	1968.58	1968.05
C12	11174.9	0.662469	87544.1	6418.95	6417.91
C12	11174.9	0.828877	97794.4	12736.8	12735.1
C12	11174.9	2.11042	91831.8	8596.77	8594.56
C12	11174.9	0.361949	99233	14111	14110
C12	11174.9	0.779439	94822.5	10889.1	10888.1
C12	11174.9	2.29279	89089.7	7161.07	7157.38
C12	11174.9	0.931842	90034.1	7241.6	7240.05
C12	11174.9	0.879586	96855.5	12728.7	12726.8
C12	11174.9	0.462614	83359.4	1544.82	1543.53
C12	11174.9	0.363232	89208.3	7112.7	7112.17
C12	11174.9	0.48745	82799	852.332	851.492
C12	11174.9	0.338779	97826.2	13327.8	13326.8
C12	11174.9	0.663989	87126.9	5280.76	5279.72
C12	11174.9	0.446773	86536.3	4732.24	4731.75
C12	11174.9	3.24211	98110.1	13646.1	13642.7
C12	11174.9	0.452949	92715.5	8069.24	8068.59
C12	11174.9	0.543104	94800.5	9392.77	9391.6
neutron	939.565	8.61994	81507.4	2272.97	1175.33
neutron	939.565	3.82116	81507.4	2272.97	1175.33
Be8	7454.85	3.82226	81507.4	2272.97	1175.33
C12	11174.9	0.81634	93396.7	9855.27	9854.21
C12	11174.9	0.68725	90821.5	7428.3	7427.61
C12	11174.9	0.399496	87493.3	5405.04	5404.17
C12	11174.9	0.88724	80197.6	1384.83	1383.83
C12	11174.9	0.703556	94965.7	11546.6	11545.8
C12	11174.9	0.369479	91616.6	8767.38	8766.68
C12	11174.9	0.76938	96374.8	12192.7	12191.7
C12	11174.9	0.551944	83782.1	3548.95	3547.75
neutron	939.565	85.5166	86561.7	5419.99	5143.13
neutron	939.565	4.78871	86561.7	5419.99	5143.13
alpha	3727.38	15.0226	86561.7	5419.99	5143.13
alpha	3727.38	6.8659	86561.7	5419.99	5143.13
C12	11174.9	0.449005	95718.9	10741.5	10740.3
C12	11174.9	0.343107	93957.9	9536.93	9535.52
C12	11174.9	2.18248	87955	6489.86	6487.19
C12	11174.9	0.555714	96069.5	11863.3	11862.7
C12	11174.9	0.449003	81869.5	625.269	624.379
C12	11174.9	0.411925	85142.2	4457.08	4455.85
C12	11174.9	0.577541	95565.9	11105.2	11104.3
C12	11174.9	6.00969	89644.1	7044.4	7038.16
C12	11174.9	0.642049	85305.2	4287.18	4285.78
C12	11174.9	0.900947	96890.4	12735.4	12731.7
C12	11174.9	0.673307	91875	9095.31	9094.42
C12	11174.9	3.17466	80856.7	1914.99	1910.55
neutron	939.565	27.9347	96825.5	12648.6	12409.2
neutron	939.565	0.312657	96825.5	12648.6	12409.2
B10	9324.44	0.405759	96825.5	12648.6	12409.2
C12	11174.9	2.11191	96699.7	12583.6	12580.6
C12	11174.9	2.24083	95080.6	11258.2	11255.9
neutron	939.565	1.70769	98801	13915.2	13687.8
B11	10252.5	3.80892	98801	13915.2	13687.8
C12	11174.9	0.432599	83707.1	3077.15	3076.56
C12	11174.9	0.777573	87276.2	5886.93	5885.02
C12	11174.9	0.889312	93133.3	8847.09	8845.47
C12	11174.9	0.684368	95142.3	11464.7	11463.5
C12	11174.9	0.458941	87919.5	6830.98	6829.73
C12	11174.9	1.34712	85626.2	5289.14	5287.31
C12	11174.9	1.10194	86546.6	5381.76	5379.97
C12	11174.9	0.569289	84024.6	3368.88	3368.2
C12	11174.9	0.377891	99359.8	14458	14456.9
C12	11174.9	0.867179	85015.8	3583.43	3582.51
C12	11174.9	0.47459	83985.9	4346.34	4345.67
C12	11174.9	0.523868	99457.2	14520.8	14519.3
C12	11174.9	0.361933	84882.4	3640.28	3639.67
C12	11174.9	1.74999	78569.9	224.347	222.149
C12	11174.9	0.39604	78458.9	133.114	132.104
C12	11174.9	0.71766	96688.6	12677.2	12676.4
C12	11174.9	0.34426	92145.1	9197.93	9197.51
C12	11174.9	0.353681	89440.8	6690.27	6689.16
C12	11174.9	0.509387	87149.8	5441.8	5441.28
C12	11174.9	0.654271	97018.5	12813.2	12812.5
C12	11174.9	0.654347	83412.3	2793.96	2792.97
C12	11174.9	0.388588	96009.4	11928.6	11927.8
C12	11174.9	0.623081	92704.3	9614.26	9613.56
C12	11174.9	0.41536	86112.8	3177.81	3177.33
C12	11174.9	0.677885	99047.6	14169.4	14168.7
C12	11174.9	2.94579	90144.6	7115.94	7112.04
C12	11174.9	0.790137	91739.9	7584.77	7582.05
C12	11174.9	1.63657	89226.5	5977	5974.99
C12	11174.9	0.343337	90503	7327.07	7326.72
C12	11174.9	0.356555	83139.7	2768.58	2768.16
C12	11174.9	0.345457	86811.4	5586.58	5584.56
C12	11174.9	0.403092	89791.6	7373.46	7373.05
neutron	939.565	26.5449	89997	7264.56	7046.15
B10	9324.44	4.93063	89997	7264.56	7046.15
C12	11174.9	0.453804	84553.8	2910.73	2908.57
C12	11174.9	0.592842	90991.3	7858.67	7856.9
C12	11174.9	0.643726	88526.8	5942.32	5941.41
C12	11174.9	0.524576	94140.1	10575.3	10574.6
C12	11174.9	0.433185	89295.5	7182.97	7182.43
C12	11174.9	0.357196	84233.2	3082.82	3082.46
C12	11174.9	0.486269	85980.8	4600.29	4599.21
C12	11174.9	0.640942	93302.3	8339.84	8338.83
C12	11174.9	1.70733	85905.6	4296.2	4294.48
C12	11174.9	0.504306	98231.9	13684.9	13684.1
C12	11174.9	1.16081	94763.3	11115.2	11113.7
C12	11174.9	0.740988	95089.1	11529.7	11528.7
C12	11174.9	0.438866	84252.1	2832.37	2831.14
C12	11174.9	2.14741	99520	14494.5	14492.4
C12	11174.9	1.76951	96802.6	12437.6	12435.3
C12	11174.9	0.694452	97500.7	13167.9	13166.1
C12	11174.9	3.06976	99922.6	14785.5	14781.4
C12	11174.9	0.560314	93822.2	8692.56	8691.29
C12	11174.9	0.394926	90907.3	8092.97	8092.43
C12	11174.9	1.78547	85494	2810.75	2807.86
neutron	939.565	286	94253.2	11041.1	10394.6
neutron	939.565	11.8564	94253.2	11041.1	10394.6
alpha	3727.38	4.67775	94253.2	11041.1	10394.6
alpha	3727.38	6.7404	94253.2	11041.1	10394.6
C12	11174.9	0.672026	85816.5	4446.4	4445.58
C12	11174.9	0.472044	86532.7	5953.23	5951.67
C12	11174.9	2.11194	83099.7	3391.97	3388.95
alpha	3727.38	5.49906	97578.9	13151.8	12910.1
alpha	3727.38	0.91208	97578.9	13151.8	12910.1
alpha	3727.38	8.22283	97578.9	13151.8	12910.1
C12	11174.9	0.449852	91353.4	8929.42	8928.27
C12	11174.9	0.466779	93291.5	9823.78	9822.79
neutron	939.565	137.118	87730.4	5624.94	5317.15
neutron	939.565	10.41	87730.4	5624.94	5317.15
neutron	939.565	8.48422	87730.4	5624.94	5317.15
alpha	3727.38	1.29025	87730.4	5624.94	5317.15
C12	11174.9	0.971107	90080	5859.09	5857.86
C12	11174.9	0.429298	78010.3	35.3201	34.8417
C12	11174.9	0.347425	85094.7	3679.27	3677.8
C12	11174.9	0.73534	95560.1	11514.9	11514
C12	11174.9	0.994015	82864.4	2502.94	2500.93
C12	11174.9	1.95266	95824.5	11399.2	11397
C12	11174.9	0.882004	91875.6	9032.63	9030.88
C12	11174.9	0.451413	87846	4633.59	4632.13
C12	11174.9	1.08028	99861.7	14756.6	14755.5
neutron	939.565	1075.11	96094.1	11018.1	8898.78
neutron	939.565	44.8008	96094.1	11018.1	8898.78
neutron	939.565	1.87943	96094.1	11018.1	8898.78
alpha	3727.38	15.4969	96094.1	11018.1	8898.78
alpha	3727.38	10.8364	96094.1	11018.1	8898.78
C12	11174.9	0.500629	86975.6	4787.08	4786.49
C12	11174.9	0.333533	86788.4	3568.15	3567.78
C12	11174.9	1.31929	86080.3	5696.52	5694.91
C12	11174.9	0.639629	92880.3	10010.2	10009.5
C12	11174.9	0.339076	90628.2	8546.26	8545.51
C12	11174.9	1.3123	95240.2	10847.7	10846.4
C12	11174.9	0.345996	78887.1	384.325	383.582
C12	11174.9	0.675236	90004.7	7565.26	7564.23
C12	11174.9	0.438066	96509.7	12451.8	12450.6
C12	11174.9	1.18559	87499.5	6192.49	6190.19
C12	11174.9	0.505712	95752	11765.7	11764.7
C12	11174.9	0.702397	92779.8	9829.31	9826.66
C12	11174.9	0.678546	96118.1	12141.9	12141.2
neutron	939.565	716.13	99796.2	14732.7	12838.6
Be9	8392.75	0.924211	99796.2	14732.7	12838.6
neutron	939.565	158.823	91633.6	7249.66	6803
neutron	939.565	0.931268	91633.6	7249.66	6803
Be8	7454.85	1.77131	91633.6	7249.66	6803
C12	11174.9	0.360575	96562.6	12640.1	12639.5
C12	11174.9	0.333633	95681.7	11809.9	11808.9
C12	11174.9	0.337541	99278.8	14376.7	14376
C12	11174.9	0.372922	84583.1	4167.76	4167.24
C12	11174.9	0.587821	85197.5	3033.3	3032.11
