Cl37	34424.8	0.0692442	78376.7	172.016	171.868
neutron	939.565	0.406223	74622.4	0	0
S34	31632.7	0.182975	74622.4	0	0
neutron	939.565	13.6813	77044	0	0
neutron	939.565	4.67061	77044	0	0
neutron	939.565	1.2402	77044	0	0
alpha	3727.38	2.73862	77044	0	0
O16	14895.1	2.37086	77044	0	0
Ne23	21414.1	0.227489	75997.9	0	0
Na23	21409.2	0.109329	91157.1	6407.06	6406.53
neutron	939.565	8.98181	75540.4	0	0
neutron	939.565	7.67125	75540.4	0	0
neutron	939.565	6.57234	75540.4	0	0
S32	29773.6	0.64786	75540.4	0	0
Na23	21409.2	0.129122	95508.7	7729.55	7729.05
S35	32565.3	0.162155	76086.3	0	0
Na23	21409.2	0.154127	95635.9	7951.69	7951.47
Na23	21409.2	0.255792	80142.2	1528.27	1527.8
Ne23	21414.1	0.21158	76291.3	0	0
neutron	939.565	1.13799	77191.9	0	0
S34	31632.7	0.257822	77191.9	0	0
neutron	939.565	0.435117	76039.3	0	0
S34	31632.7	0.229509	76039.3	0	0
Na23	21409.2	0.104681	97876.3	9169.96	9169.85
Cl35	32564.6	0.0686079	81610.3	2183.95	2183.74
S37	34430.2	0.137185	75669.1	0	0
Cl35	32564.6	0.12992	83603.4	3223.84	3223.64
Cl35	32564.6	0.558208	96523.9	8643.82	8643.14
Na23	21409.2	0.212355	96506.6	8637.82	8637.14
Cl35	32564.6	0.078196	92555.7	6864.9	6864.82
Cl35	32564.6	0.138426	86193.5	4365.52	4365.17
neutron	939.565	13.3572	75441.8	0	0
neutron	939.565	3.72763	75441.8	0	0
proton	938.272	3.32609	75441.8	0	0
F20	18625.3	0.373574	75441.8	0	0
Na23	21409.2	0.105278	89135.7	4300.92	4300.72
Cl35	32564.6	0.169505	83523.2	1595.32	1595.12
proton	938.272	4.87163	79447.3	0	0
neutron	939.565	2.81233	79447.3	0	0
P33	30705.3	0.0651575	79447.3	0	0
Na23	21409.2	0.117336	94735.4	7854.75	7854.26
Na23	21409.2	0.1125	88298.3	5235.01	5234.81
Cl35	32564.6	0.0905989	80085.7	1647.97	1647.82
Ne23	21414.1	0.217134	75883	0	0
Na23	21409.2	0.256839	98253	9281.51	9281.11
neutron	939.565	1.6885	77323.8	0	0
neutron	939.565	0.229614	77323.8	0	0
Ne21	19550.5	0.201755	77323.8	0	0
Na23	21409.2	0.208844	96159	8502.38	8501.69
neutron	939.565	0.220548	77489.4	0	0
Ne22	20479.7	0.132672	77489.4	0	0
Cl35	32564.6	0.0927298	86428.2	3943.92	3943.82
neutron	939.565	0.0997822	76495.4	0	0
Ne22	20479.7	0.208539	76495.4	0	0
Na23	21409.2	0.181409	84068.3	2515.22	2515.03
S35	32565.3	0.14676	77548.6	0	0
Na23	21409.2	0.14964	89385.6	4925.22	4923.82
Cl35	32564.6	0.138975	77220.6	207.052	206.852
Ne23	21414.1	0.219646	76463.6	0	0
Cl35	32564.6	0.118734	81527.1	489.985	489.541
Na23	21409.2	0.27266	87413.9	4596.43	4596.14
neutron	939.565	1.47592	75418.1	0	0
Ne22	20479.7	0.0702704	75418.1	0	0
Cl37	34424.8	0.065802	86026.6	3895.13	3894.99
Na23	21409.2	0.14045	97518	8923.89	8923.57
neutron	939.565	9.25043	75120.5	0	0
neutron	939.565	0.310844	75120.5	0	0
S33	30704.6	0.303622	75120.5	0	0
neutron	939.565	1.24291	76601.7	0	0
S34	31632.7	0.0381114	76601.7	0	0
neutron	939.565	10.1736	75556.7	0	0
neutron	939.565	4.19319	75556.7	0	0
Ne21	19550.5	0.239709	75556.7	0	0
S37	34430.2	0.141986	76452.2	0	0
Cl35	32564.6	0.210194	96271.3	7985.51	7985.16
Na23	21409.2	0.399492	79850.4	704.558	704.082
proton	938.272	156.565	93912.4	7494.05	7217.91
neutron	939.565	43.2838	93912.4	7494.05	7217.91
neutron	939.565	1.47527	93912.4	7494.05	7217.91
alpha	3727.38	18.2933	93912.4	7494.05	7217.91
alpha	3727.38	4.29812	93912.4	7494.05	7217.91
C12	11174.9	10.2498	93912.4	7494.05	7217.91
Cl35	32564.6	0.0964167	95542.1	8072.11	8071.95
Cl35	32564.6	0.522767	89569.8	4916.77	4915.53
Na23	21409.2	0.199457	94360.3	6432.4	6432.2
Cl35	32564.6	0.091854	88217.6	4018.89	4018.49
Ne23	21414.1	0.211918	78342.8	0	0
Na23	21409.2	0.178727	94107.2	7628.11	7627.91
Na23	21409.2	0.298223	82727.2	2835.8	2835.48
neutron	939.565	0.147659	75442.4	0	0
S34	31632.7	0.191517	75442.4	0	0
Cl37	34424.8	0.0728185	96881.5	8619.55	8619.44
Cl35	32564.6	0.0669378	88143.3	4927.74	4927.38
Na23	21409.2	0.137895	78691.7	1199.63	1199.43
neutron	939.565	1.49432	75462.2	0	0
S34	31632.7	0.0740377	75462.2	0	0
Cl35	32564.6	0.262595	86590.9	3445.32	3444.92
Na23	21409.2	0.286952	90572.2	6166.9	6166.45
Na23	21409.2	0.24902	85770.9	4077.73	4077.37
neutron	939.565	15.1937	74944.1	0	0
neutron	939.565	7.17405	74944.1	0	0
neutron	939.565	2.5217	74944.1	0	0
neutron	939.565	1.62125	74944.1	0	0
neutron	939.565	1.25994	74944.1	0	0
S32	29773.6	0.454886	74944.1	0	0
proton	938.272	6.33124	78403.2	0	0
neutron	939.565	6.0082	78403.2	0	0
neutron	939.565	1.33366	78403.2	0	0
alpha	3727.38	14.8721	78403.2	0	0
Al28	26058.3	2.55987	78403.2	0	0
Cl35	32564.6	0.0721094	76351.3	543.126	543.031
Cl35	32564.6	0.203966	75072	97.6672	97.3211
neutron	939.565	0.217541	75583.7	0	0
Ne22	20479.7	0.203837	75583.7	0	0
Cl35	32564.6	0.19543	81806.4	1880.85	1880.59
neutron	939.565	7.92885	76172.5	0	0
neutron	939.565	5.29052	76172.5	0	0
neutron	939.565	3.83421	76172.5	0	0
neutron	939.565	2.77612	76172.5	0	0
neutron	939.565	1.95478	76172.5	0	0
Ne18	16767.1	1.56606	76172.5	0	0
Ne23	21414.1	0.232296	78653.1	0	0
Cl35	32564.6	0.0943315	89814.8	5653.41	5653.19
Na23	21409.2	0.108768	94161.2	4843.5	4843.26
Cl35	32564.6	0.0975228	97784.6	9125.52	9125.26
Na23	21409.2	0.119588	84550.1	3649.48	3649.07
Cl35	32564.6	0.0789987	90164.3	6051.27	6051.11
Na23	21409.2	0.122565	74842	102.667	102.37
S35	32565.3	0.159045	76033.5	0	0
Cl35	32564.6	0.0723134	94517.5	7437.25	7437.08
Cl35	32564.6	0.131034	93858.1	7151.75	7151.51
Cl35	32564.6	0.0698931	93769.5	7119.51	7119.11
Na23	21409.2	0.152064	76344.9	353.452	353.24
proton	938.272	276.554	94925.9	7948.52	6075.87
neutron	939.565	2.23084	94925.9	7948.52	6075.87
Ne21	19550.5	0.163357	94925.9	7948.52	6075.87
neutron	939.565	35.0089	80138.8	0	0
neutron	939.565	4.90078	80138.8	0	0
proton	938.272	4.71631	80138.8	0	0
neutron	939.565	0.97196	80138.8	0	0
P31	28844.2	1.49038	80138.8	0	0
Cl35	32564.6	0.0903648	91741.3	6810.77	6810.49
Na23	21409.2	0.347478	78794.6	1607.79	1607.02
neutron	939.565	2.31707	74510.2	0	0
S34	31632.7	0.31127	74510.2	0	0
neutron	939.565	3.80103	76828.8	0	0
S34	31632.7	0.100576	76828.8	0	0
Cl35	32564.6	0.102514	77699.2	1015.93	1015.58
neutron	939.565	5.73218	75206.2	0	0
neutron	939.565	3.7823	75206.2	0	0
neutron	939.565	3.16097	75206.2	0	0
Ne20	18617.7	0.579436	75206.2	0	0
neutron	939.565	0.473093	76530.3	0	0
Ne22	20479.7	0.354446	76530.3	0	0
neutron	939.565	0.786407	76016.5	0	0
S34	31632.7	0.272262	76016.5	0	0
Cl35	32564.6	0.0783139	78015.7	853.042	852.548
Na23	21409.2	0.173729	82177.9	2476.68	2475.49
S35	32565.3	0.139274	76436.7	0	0
Na23	21409.2	0.103164	75933.1	698.22	697.76
Ne23	21414.1	0.228867	74002.9	0	0
neutron	939.565	2.22538	74992.9	0	0
neutron	939.565	2.20751	74992.9	0	0
neutron	939.565	1.32093	74992.9	0	0
Ne20	18617.7	0.320581	74992.9	0	0
Cl35	32564.6	0.0908083	81908.2	2063.61	2062.88
Cl35	32564.6	0.13999	79672.8	1221.25	1221.06
neutron	939.565	3.50737	76269.9	0	0
S34	31632.7	0.285947	76269.9	0	0
neutron	939.565	12.5852	76162.7	0	0
deuteron	1875.61	1.7478	76162.7	0	0
F20	18625.3	0.79817	76162.7	0	0
Cl35	32564.6	0.196881	79269.5	1139.23	1138.96
neutron	939.565	0.447082	76264.1	0	0
S36	33495	0.221716	76264.1	0	0
neutron	939.565	7.38597	75524.3	0	0
neutron	939.565	4.46817	75524.3	0	0
neutron	939.565	1.53283	75524.3	0	0
Ne20	18617.7	1.19505	75524.3	0	0
Cl37	34424.8	0.786692	97015.3	8546.98	8546.1
Cl35	32564.6	0.0797028	89327.6	5613.55	5613.42
proton	938.272	4.73078	74115.7	0	0
P34	31638.6	0.0356363	74115.7	0	0
Na23	21409.2	0.218459	87058.7	4621.84	4621.48
Cl35	32564.6	0.152728	81070.7	2272.76	2272.44
neutron	939.565	0.481878	75148.9	0	0
Ne22	20479.7	0.190083	75148.9	0	0
Na23	21409.2	0.176681	80183.4	1330.52	1330.2
neutron	939.565	0.74153	76654.3	0	0
alpha	3727.38	18.6427	76654.3	0	0
O18	16762	2.5388	76654.3	0	0
Ne23	21414.1	0.219924	75956.1	0	0
Na23	21409.2	0.4099	75593.5	282.711	282.117
neutron	939.565	7.92741	74968.2	0	0
proton	938.272	4.7873	74968.2	0	0
neutron	939.565	2.05865	74968.2	0	0
neutron	939.565	1.33931	74968.2	0	0
P31	28844.2	0.721509	74968.2	0	0
Cl35	32564.6	0.204806	78087	600.47	600.227
neutron	939.565	4.09524	76535.9	0	0
neutron	939.565	2.66465	76535.9	0	0
Ne21	19550.5	0.528476	76535.9	0	0
Cl35	32564.6	0.0772464	78326	1052.89	1052.82
Cl35	32564.6	0.201968	75745.6	87.1945	86.8443
neutron	939.565	2.03967	75653.6	0	0
Ne22	20479.7	0.0560603	75653.6	0	0
neutron	939.565	1.21469	76816.8	0	0
S34	31632.7	0.0680666	76816.8	0	0
Cl35	32564.6	0.0710209	84223.7	3692.29	3692.14
Cl37	34424.8	0.0781475	99566.2	9854.77	9854.66
Cl35	32564.6	0.0739047	91423.1	6339.69	6339.47
Ne23	21414.1	0.22515	75507.5	0	0
Cl37	34424.8	0.134435	90603.6	4868.26	4867.5
proton	938.272	18.7304	77990.5	0	0
neutron	939.565	0.333925	77990.5	0	0
P35	32569.8	0.535058	77990.5	0	0
neutron	939.565	0.716546	77042.7	0	0
Ne22	20479.7	0.215908	77042.7	0	0
Cl37	34424.8	0.0848811	78188.6	422.105	421.971
Ne23	21414.1	0.233724	77100.5	0	0
Ne23	21414.1	0.226815	77727.7	0	0
Na23	21409.2	0.155613	92880.7	6407.73	6407.29
Na23	21409.2	0.105337	97907.8	7791.67	7791.35
Cl35	32564.6	0.0807986	93479.4	7546.55	7546.35
Cl35	32564.6	0.114248	87366.8	4948.14	4947.61
neutron	939.565	0.108345	74150.9	0	0
Ne22	20479.7	0.18102	74150.9	0	0
Cl35	32564.6	0.0791874	86876.6	4407.31	4406.97
neutron	939.565	0.653182	76816.1	0	0
S36	33495	0.220522	76816.1	0	0
S35	32565.3	0.151493	74774.3	0	0
Cl35	32564.6	0.0901012	85710.6	3704.24	3704.13
Cl35	32564.6	0.0718438	93581.5	7518.69	7518.15
S35	32565.3	0.155374	75580.5	0	0
Cl35	32564.6	0.342815	87036	4519.15	4518.75
Ne23	21414.1	0.222765	75717.3	0	0
Na23	21409.2	0.113998	85956.9	4187.93	4187.55
neutron	939.565	0.271219	75041.6	0	0
S34	31632.7	0.110452	75041.6	0	0
Na23	21409.2	0.186727	85113.3	1402.87	1402.53
neutron	939.565	1.18806	81400.4	0	0
S34	31632.7	0.0987382	81400.4	0	0
Cl35	32564.6	0.24596	99252.8	9628.67	9628.1
neutron	939.565	5.10111	75458.6	0	0
neutron	939.565	5.0188	75458.6	0	0
neutron	939.565	4.0633	75458.6	0	0
S34	31632.7	0.402202	75458.6	0	0
Na23	21409.2	0.293499	94463.4	7212.95	7212.56
Ne23	21414.1	0.219926	76898.4	0	0
Na23	21409.2	0.108486	95534.8	8113.79	8113.53
neutron	939.565	0.13314	79292.2	0	0
S34	31632.7	0.102156	79292.2	0	0
S37	34430.2	0.136558	76306.8	0	0
Ne23	21414.1	0.222769	75820.6	0	0
neutron	939.565	0.877301	75515.1	0	0
Ne22	20479.7	0.158087	75515.1	0	0
Cl35	32564.6	0.101668	85149.2	4263.44	4263.15
Na23	21409.2	0.191262	80206.4	1422.28	1421.92
Cl35	32564.6	0.198115	93993.9	7345.18	7344.53
neutron	939.565	0.663297	76389.5	0	0
S34	31632.7	0.183111	76389.5	0	0
Cl37	34424.8	0.0783227	81724.8	2789.83	2789.47
neutron	939.565	2.80464	74763.5	0	0
neutron	939.565	1.47304	74763.5	0	0
alpha	3727.38	8.63973	74763.5	0	0
Si29	26984.3	0.985395	74763.5	0	0
Cl35	32564.6	0.104934	79597.9	1503.88	1503.75
Cl35	32564.6	0.121393	78233.5	971.3	970.963
Cl37	34424.8	0.077692	77033.6	507.505	507.407
Ne23	21414.1	0.221709	75790.8	0	0
Cl35	32564.6	0.0881272	87202.6	4723.36	4723.17
S35	32565.3	0.14291	75491.7	0	0
Cl35	32564.6	0.223155	95815.8	8276.4	8275.8
Cl35	32564.6	0.0917537	86130.2	3307.02	3306.89
neutron	939.565	0.531678	74863.1	0	0
S36	33495	0.0636339	74863.1	0	0
Cl35	32564.6	0.0727379	81765.7	1569.9	1569.76
neutron	939.565	0.158268	77534.2	0	0
S34	31632.7	0.200179	77534.2	0	0
Ne23	21414.1	0.210087	75929	0	0
Cl35	32564.6	0.10557	93061.6	7148.47	7148.04
Ne23	21414.1	0.218835	75329.8	0	0
Na23	21409.2	0.106324	81438.3	1374.17	1373.66
neutron	939.565	0.241041	77789.4	0	0
S34	31632.7	0.129185	77789.4	0	0
neutron	939.565	8.94702	75788.6	0	0
neutron	939.565	4.49845	75788.6	0	0
deuteron	1875.61	5.71404	75788.6	0	0
deuteron	1875.61	9.654	75788.6	0	0
O17	15830.5	1.19316	75788.6	0	0
Ne23	21414.1	0.227148	75159.2	0	0
S35	32565.3	0.161784	75452.2	0	0
neutron	939.565	10.5304	75466	0	0
neutron	939.565	6.0006	75466	0	0
neutron	939.565	2.83453	75466	0	0
Ne20	18617.7	0.754029	75466	0	0
Na23	21409.2	0.117685	82359.9	171.328	170.86
Ne23	21414.1	0.21206	82007.4	0	0
Cl35	32564.6	0.0938467	84970.8	3732.8	3732.68
neutron	939.565	0.0394639	74813.5	0	0
Ne22	20479.7	0.194535	74813.5	0	0
Na23	21409.2	0.117304	92137.3	6923.05	6922.85
Cl35	32564.6	0.0872238	91572	6692.25	6691.95
neutron	939.565	1.09529	75093.8	0	0
S34	31632.7	0.0903535	75093.8	0	0
Cl35	32564.6	0.103636	99348.8	9743.12	9742.96
neutron	939.565	0.362662	78245.2	0	0
S34	31632.7	0.0804577	78245.2	0	0
proton	938.272	10.7628	75764.8	0	0
proton	938.272	4.19925	75764.8	0	0
neutron	939.565	1.157	75764.8	0	0
Si32	29776.6	0.18607	75764.8	0	0
neutron	939.565	11.2375	76756.8	0	0
neutron	939.565	3.97302	76756.8	0	0
neutron	939.565	1.60985	76756.8	0	0
S34	31632.7	0.470846	76756.8	0	0
Na23	21409.2	0.210608	99358.2	8970.71	8970.14
Na23	21409.2	0.333025	98719.1	8641.42	8640.98
Cl37	34424.8	0.277181	96512.4	7586.68	7586.37
Na23	21409.2	0.266231	81498.3	1934.27	1933.07
S35	32565.3	0.158511	76526.4	0	0
Na23	21409.2	0.108232	80678.7	914.586	914.466
Cl35	32564.6	0.37505	91852	6433.2	6432.63
Na23	21409.2	0.280629	88197	3751.32	3750.93
neutron	939.565	0.0369666	78710	0	0
S34	31632.7	0.12729	78710	0	0
S35	32565.3	0.165012	76210.2	0	0
Na23	21409.2	0.11019	95784.9	8104.1	8103.85
Ne23	21414.1	0.234834	77993.2	0	0
Na23	21409.2	0.231928	93973.1	7372.95	7372.67
Na23	21409.2	0.177743	89117.3	5447.44	5447.18
Cl35	32564.6	0.0994061	80246	1595.03	1594.91
neutron	939.565	0.153805	76065.4	0	0
Ne22	20479.7	0.153952	76065.4	0	0
Cl35	32564.6	0.221913	93218.8	7293.03	7292.57
Na23	21409.2	0.149139	91145.7	6289.91	6289.7
Cl35	32564.6	0.106317	83540.4	2502.83	2502.42
neutron	939.565	2.57198	77596.2	0	0
Ne22	20479.7	0.102609	77596.2	0	0
Na23	21409.2	0.107592	75746.5	178.119	177.804
Cl35	32564.6	0.118624	78748.7	279.106	278.876
neutron	939.565	2.77494	78054.1	0	0
neutron	939.565	1.72331	78054.1	0	0
Ne21	19550.5	0.533558	78054.1	0	0
neutron	939.565	0.585945	76327.7	0	0
S36	33495	0.101092	76327.7	0	0
Cl37	34424.8	0.0852794	98302.3	9358.98	9358.79
neutron	939.565	0.20225	76382.6	0	0
S34	31632.7	0.155454	76382.6	0	0
Cl37	34424.8	0.0630555	89835.4	5311.46	5311.39
neutron	939.565	1.7936	76354.7	0	0
Ne22	20479.7	0.155871	76354.7	0	0
S35	32565.3	0.153352	76790.9	0	0
Na23	21409.2	0.250488	78316.2	791.724	791.089
neutron	939.565	2.20668	79163.5	0	0
Ne22	20479.7	0.505885	79163.5	0	0
Cl35	32564.6	0.0837528	95420.7	8108.44	8108.19
Ne23	21414.1	0.230332	75852.7	0	0
Ne23	21414.1	0.222218	74743.4	0	0
Cl35	32564.6	0.081844	93077.9	7315.04	7314.87
neutron	939.565	0.3284	75743.5	0	0
Ne22	20479.7	0.297834	75743.5	0	0
S35	32565.3	0.15285	75288.7	0	0
Na23	21409.2	0.217545	80884.2	1636.36	1636.14
neutron	939.565	3.05544	76776.7	0	0
neutron	939.565	2.52229	76776.7	0	0
neutron	939.565	1.75583	76776.7	0	0
S32	29773.6	0.0805833	76776.7	0	0
Cl35	32564.6	0.092055	77752.2	206.339	205.845
Cl37	34424.8	0.10138	84239.2	3425.45	3425.35
Cl35	32564.6	0.895882	76875.7	519.632	518.716
neutron	939.565	22.1919	75613.2	0	0
neutron	939.565	1.94622	75613.2	0	0
neutron	939.565	1.54233	75613.2	0	0
S32	29773.6	0.920512	75613.2	0	0
Na23	21409.2	0.198222	99504.6	9822.79	9822.59
Cl35	32564.6	0.097225	81574.3	2312.94	2312.84
Na23	21409.2	0.414808	86504.5	4128.35	4127.86
Ne23	21414.1	0.206472	75854.8	0	0
neutron	939.565	0.402049	75649.1	0	0
S34	31632.7	0.0820377	75649.1	0	0
Cl37	34424.8	0.0650091	81894.8	2211.55	2211.25
Cl37	34424.8	0.0704066	85511.4	3618.92	3618.84
neutron	939.565	39.8914	75846.5	0	0
neutron	939.565	2.16934	75846.5	0	0
Ne21	19550.5	1.89757	75846.5	0	0
Cl37	34424.8	0.125333	89754.1	5737.67	5737.09
neutron	939.565	5.48403	75536.2	0	0
neutron	939.565	4.37296	75536.2	0	0
neutron	939.565	2.96447	75536.2	0	0
Ne20	18617.7	0.148497	75536.2	0	0
Cl35	32564.6	0.0779168	92511.9	6804.97	6804.65
neutron	939.565	7.79046	75848.6	0	0
neutron	939.565	1.54694	75848.6	0	0
neutron	939.565	0.304393	75848.6	0	0
S32	29773.6	0.395057	75848.6	0	0
Cl35	32564.6	0.220662	91613	6429.73	6429.41
neutron	939.565	0.151271	76260.9	0	0
Ne22	20479.7	0.193521	76260.9	0	0
Cl35	32564.6	0.11617	98782.9	9558.23	9557.82
neutron	939.565	1.89935	74650.4	0	0
neutron	939.565	1.42002	74650.4	0	0
neutron	939.565	1.30588	74650.4	0	0
Ne20	18617.7	0.266222	74650.4	0	0
neutron	939.565	0.162678	77365.6	0	0
S36	33495	0.0929611	77365.6	0	0
Cl35	32564.6	0.0735664	88872.2	5411.24	5411.12
neutron	939.565	2.60767	77451.8	0	0
neutron	939.565	2.21785	77451.8	0	0
S35	32565.3	0.110751	77451.8	0	0
Cl35	32564.6	0.105373	93676.4	7329.2	7328.98
S35	32565.3	0.146099	75429	0	0
neutron	939.565	0.117691	75380.1	0	0
Ne22	20479.7	0.240802	75380.1	0	0
proton	938.272	32.6914	76857.8	0	0
neutron	939.565	2.40025	76857.8	0	0
neutron	939.565	2.16181	76857.8	0	0
deuteron	1875.61	4.6728	76857.8	0	0
O18	16762	2.22266	76857.8	0	0
neutron	939.565	1.74657	77440.3	0	0
Ne22	20479.7	0.110465	77440.3	0	0
Na23	21409.2	0.124102	87245.4	3792.6	3792.28
neutron	939.565	2.12703	74985.7	0	0
Ne22	20479.7	0.435049	74985.7	0	0
Cl35	32564.6	0.0706511	82044.7	1764.34	1764.13
proton	938.272	6.94761	75477.4	0	0
proton	938.272	5.47074	75477.4	0	0
neutron	939.565	4.91281	75477.4	0	0
neutron	939.565	4.06457	75477.4	0	0
neutron	939.565	2.9467	75477.4	0	0
neutron	939.565	1.86885	75477.4	0	0
Si29	26984.3	0.50018	75477.4	0	0
Ne23	21414.1	0.220858	75997.1	0	0
Cl37	34424.8	0.109377	80598.7	1546.86	1546.71
neutron	939.565	4.79212	78736.2	0	0
neutron	939.565	3.28398	78736.2	0	0
neutron	939.565	1.07315	78736.2	0	0
alpha	3727.38	7.31692	78736.2	0	0
O16	14895.1	4.77929	78736.2	0	0
neutron	939.565	6.13021	75385.7	0	0
neutron	939.565	0.997315	75385.7	0	0
S33	30704.6	0.148446	75385.7	0	0
Cl35	32564.6	0.0926499	94835.4	7664.81	7664.64
Na23	21409.2	0.110282	99667.1	9785.14	9785.03
Na23	21409.2	2.13225	88670.9	4546.15	4543.95
Cl35	32564.6	0.235388	88473	4476.64	4476.31
Cl35	32564.6	0.0704749	79648.4	1059.9	1059.79
neutron	939.565	0.868776	76784.6	0	0
Ne22	20479.7	0.241503	76784.6	0	0
Cl35	32564.6	0.066694	91182.5	4966.39	4966.06
Cl35	32564.6	0.0884955	77963	451.67	451.513
Na23	21409.2	0.337269	77259.4	196.958	196.576
S37	34430.2	0.141221	76855.8	0	0
Cl37	34424.8	0.0631656	88434.7	4542.43	4542.27
Na23	21409.2	1.68395	82709.5	2285.91	2284.06
Na23	21409.2	0.312231	77156.4	192.198	191.457
neutron	939.565	0.719721	76423	0	0
S34	31632.7	0.140499	76423	0	0
Cl35	32564.6	0.11622	91385.6	6552.58	6552.09
neutron	939.565	7.09434	75057.7	0	0
neutron	939.565	0.950468	75057.7	0	0
S33	30704.6	0.786355	75057.7	0	0
Na23	21409.2	0.873895	92978.1	7314.34	7313.45
neutron	939.565	14.6983	74219.7	0	0
neutron	939.565	10.6469	74219.7	0	0
neutron	939.565	9.88324	74219.7	0	0
proton	938.272	4.69637	74219.7	0	0
neutron	939.565	1.62654	74219.7	0	0
P30	27917	2.85102	74219.7	0	0
Na23	21409.2	0.189327	94598.6	7924.19	7923.77
Ne23	21414.1	0.220456	76492.9	0	0
Cl35	32564.6	0.0828916	78874.8	986.956	986.771
Ne23	21414.1	0.232931	76207.8	0	0
neutron	939.565	0.467618	77078.3	0	0
Ne22	20479.7	0.284864	77078.3	0	0
Na23	21409.2	0.237032	96112	8359.88	8359.1
Na23	21409.2	0.130967	95122.6	7979.6	7979.44
Cl37	34424.8	0.0665724	92102.2	6839.14	6838.97
Cl35	32564.6	0.0738443	80122.8	1855.4	1855.09
neutron	939.565	20.6094	75226.6	0	0
neutron	939.565	12.9763	75226.6	0	0
neutron	939.565	5.06595	75226.6	0	0
alpha	3727.38	11.1914	75226.6	0	0
O16	14895.1	5.25758	75226.6	0	0
proton	938.272	9.34489	76702.5	0	0
neutron	939.565	8.735	76702.5	0	0
P33	30705.3	0.0990157	76702.5	0	0
Na23	21409.2	0.107585	98335.9	9315.05	9314.81
neutron	939.565	0.329726	75316.3	0	0
Ne22	20479.7	0.310617	75316.3	0	0
Cl35	32564.6	0.144035	79839.4	13.9931	13.7433
neutron	939.565	0.864301	78919.6	0	0
S34	31632.7	0.087256	78919.6	0	0
neutron	939.565	0.869976	76554.7	0	0
S34	31632.7	0.124346	76554.7	0	0
Cl37	34424.8	0.298492	83810.7	3483.38	3482.9
neutron	939.565	0.171751	75593.3	0	0
S34	31632.7	0.123747	75593.3	0	0
Cl35	32564.6	0.0724602	90273.2	5688.37	5687.91
Na23	21409.2	0.15327	88499.5	5036.63	5036.34
Cl35	32564.6	0.0691839	78491.6	686.783	686.169
Cl37	34424.8	0.0776651	96335.8	7052.31	7052.11
neutron	939.565	0.24147	78475	0	0
S34	31632.7	0.179075	78475	0	0
Na23	21409.2	0.165049	99348.2	9722.75	9722.38
Cl35	32564.6	0.0909422	81718.5	1950.12	1949.92
S35	32565.3	0.14598	76565.3	0	0
Cl35	32564.6	0.0845701	84930	2796.94	2796.68
neutron	939.565	0.203724	74979.7	0	0
Ne22	20479.7	0.154258	74979.7	0	0
Na23	21409.2	1.43224	98170.5	9301.05	9299.5
Na23	21409.2	0.137494	97020.7	8875.39	8875.14
Na23	21409.2	0.128837	84332.9	3617.54	3617.06
neutron	939.565	0.23364	75003.6	0	0
Ne22	20479.7	0.269991	75003.6	0	0
neutron	939.565	3.34286	76144.1	0	0
neutron	939.565	0.228688	76144.1	0	0
S33	30704.6	0.093504	76144.1	0	0
Na23	21409.2	0.129124	87642.6	3961.97	3961.7
neutron	939.565	7.64617	77831.3	0	0
Ne22	20479.7	0.261423	77831.3	0	0
Na23	21409.2	0.167188	96769.7	8517.21	8516.88
Cl37	34424.8	0.0965245	84530.5	3374.7	3374.51
neutron	939.565	0.421204	75493.9	0	0
Ne22	20479.7	0.216406	75493.9	0	0
S35	32565.3	0.159384	75132.6	0	0
Na23	21409.2	0.387104	99748.2	9906.11	9905.3
Cl35	32564.6	0.166774	95632.8	8160.96	8160.71
neutron	939.565	4.7223	75956.6	0	0
proton	938.272	2.90473	75956.6	0	0
P33	30705.3	0.07664	75956.6	0	0
Na23	21409.2	0.409465	97395	8978.64	8978.22
Na23	21409.2	0.14175	93320.8	6690.37	6689.31
Cl35	32564.6	0.0867282	91533.1	5921.58	5921.16
Cl35	32564.6	0.270131	91309.3	5826.41	5825.8
Na23	21409.2	0.124737	96412.4	8566.95	8566.66
neutron	939.565	7.3371	77725.6	0	0
neutron	939.565	7.09134	77725.6	0	0
neutron	939.565	0.22955	77725.6	0	0
S34	31632.7	0.246595	77725.6	0	0
Ne23	21414.1	0.223187	75037.7	0	0
proton	938.272	40.8746	77802.3	0	0
neutron	939.565	3.76093	77802.3	0	0
P33	30705.3	1.31157	77802.3	0	0
proton	938.272	23.0598	76800.3	0	0
neutron	939.565	4.03556	76800.3	0	0
neutron	939.565	0.69174	76800.3	0	0
P32	29775.8	0.424842	76800.3	0	0
Ne23	21414.1	0.22965	77212.3	0	0
neutron	939.565	0.936152	75210.8	0	0
Ne22	20479.7	0.424765	75210.8	0	0
Cl35	32564.6	0.135446	75632.7	75.9733	75.81
Ne23	21414.1	0.205353	76887.7	0	0
Cl35	32564.6	0.411249	90528.6	5793.06	5792.62
Na23	21409.2	0.101962	83537.1	3128.25	3128.13
Ne23	21414.1	0.232782	75708.6	0	0
neutron	939.565	13.5226	75472.3	0	0
neutron	939.565	4.42039	75472.3	0	0
neutron	939.565	2.16456	75472.3	0	0
Ne20	18617.7	0.836198	75472.3	0	0
Na23	21409.2	0.10934	81630.4	2588.77	2588.63
neutron	939.565	1.95612	75058.1	0	0
neutron	939.565	1.80108	75058.1	0	0
S33	30704.6	0.40994	75058.1	0	0
neutron	939.565	26.0106	75530	0	0
neutron	939.565	2.72308	75530	0	0
deuteron	1875.61	5.77002	75530	0	0
alpha	3727.38	4.47903	75530	0	0
N15	13968.9	0.746895	75530	0	0
neutron	939.565	14.357	74719.9	0	0
neutron	939.565	10.2178	74719.9	0	0
neutron	939.565	7.45174	74719.9	0	0
alpha	3727.38	6.16816	74719.9	0	0
O16	14895.1	2.2113	74719.9	0	0
Cl35	32564.6	0.0759877	97994.9	9190.59	9189.92
Ne23	21414.1	0.233953	75571.1	0	0
Cl35	32564.6	0.290759	92295.9	6758.66	6758.21
S35	32565.3	0.147164	76700.2	0	0
neutron	939.565	0.32888	75680.9	0	0
S34	31632.7	0.223921	75680.9	0	0
Cl37	34424.8	0.0821469	81781.9	1822.71	1822.52
Na23	21409.2	0.123273	78666.9	671.998	671.815
neutron	939.565	5.72287	76946.2	0	0
neutron	939.565	4.92226	76946.2	0	0
S35	32565.3	0.177424	76946.2	0	0
Cl35	32564.6	0.0789258	94899.6	7908.94	7908.82
neutron	939.565	8.29768	75653	0	0
proton	938.272	6.33334	75653	0	0
neutron	939.565	0.0361097	75653	0	0
P32	29775.8	0.0731816	75653	0	0
Na23	21409.2	0.121487	92233.4	6676.33	6676.16
neutron	939.565	1.6042	74956.1	0	0
Ne22	20479.7	0.105507	74956.1	0	0
Na23	21409.2	0.152375	83159.9	2977.02	2976.7
Cl35	32564.6	0.0884016	95006.9	7909.41	7908.91
S37	34430.2	0.140067	76515.9	0	0
Cl35	32564.6	0.0704664	87507.6	4627.31	4626.92
Na23	21409.2	0.388672	75688.9	267.703	266.997
Ne23	21414.1	0.230733	75091.9	0	0
neutron	939.565	1.59815	80891.3	0	0
S34	31632.7	0.0668818	80891.3	0	0
Cl35	32564.6	0.17673	80766.4	1668.68	1668.32
Na23	21409.2	0.389952	98840.1	9516.01	9515.62
neutron	939.565	17.0258	78385.9	0	0
neutron	939.565	11.1946	78385.9	0	0
neutron	939.565	3.72827	78385.9	0	0
alpha	3727.38	4.95055	78385.9	0	0
alpha	3727.38	4.9544	78385.9	0	0
C12	11174.9	2.21647	78385.9	0	0
Cl35	32564.6	0.0895918	99989	9996.27	9996.17
Na23	21409.2	0.209023	95104	8009.52	8009.3
neutron	939.565	16.4073	76128.1	0	0
neutron	939.565	14.5792	76128.1	0	0
neutron	939.565	0.337641	76128.1	0	0
alpha	3727.38	5.00735	76128.1	0	0
O16	14895.1	0.651737	76128.1	0	0
Na23	21409.2	0.529447	92007.7	6819.6	6818.87
Cl37	34424.8	0.736046	82297.9	2435.21	2434.29
Cl35	32564.6	0.0991573	76220.9	92.805	92.5526
Na23	21409.2	0.151284	97583.2	8995.9	8995.59
Na23	21409.2	0.118645	81593.5	1899.09	1898.64
Na23	21409.2	0.232823	84864.5	3765.26	3764.89
Na23	21409.2	0.155166	79977	886.719	886.422
Ne23	21414.1	0.227291	77615.6	0	0
Na23	21409.2	0.145824	78163.1	956.161	955.82
neutron	939.565	19.8991	77919	0	0
neutron	939.565	18.9146	77919	0	0
neutron	939.565	3.1865	77919	0	0
S32	29773.6	1.75583	77919	0	0
Cl35	32564.6	0.0855089	94432.3	7651.24	7651.06
Cl35	32564.6	0.0832955	85021.5	3786.72	3786.62
neutron	939.565	1.02359	75675	0	0
Ne22	20479.7	0.224477	75675	0	0
Cl35	32564.6	0.117467	87810.8	4707.26	4707.01
Cl35	32564.6	0.107861	81252.9	1202.44	1202.05
S35	32565.3	0.146867	76054.8	0	0
Cl35	32564.6	0.0720063	81712.6	2144.28	2144.08
Na23	21409.2	0.364015	90225.8	6223.15	6221.77
Na23	21409.2	3.05285	82971.9	3048.03	3044.18
neutron	939.565	0.585053	74781	0	0
S34	31632.7	0.0773482	74781	0	0
Ne23	21414.1	0.214674	75659.9	0	0
Na23	21409.2	0.238739	81048.9	2302.43	2301.93
neutron	939.565	1.03953	74943	0	0
Ne22	20479.7	0.441231	74943	0	0
Na23	21409.2	0.251113	91542.9	5288.32	5287.66
Cl37	34424.8	0.0804395	88145.2	3190.24	3190.07
neutron	939.565	14.4961	80068.4	0	0
proton	938.272	8.15318	80068.4	0	0
proton	938.272	5.25227	80068.4	0	0
neutron	939.565	1.06938	80068.4	0	0
Si31	28846.2	1.41789	80068.4	0	0
Ne23	21414.1	0.216213	74351.6	0	0
Cl35	32564.6	0.506044	90686.6	5996.27	5995.29
Na23	21409.2	0.138641	90576.8	5312.13	5311.8
neutron	939.565	1.56155	76509.2	0	0
S34	31632.7	0.18176	76509.2	0	0
Na23	21409.2	0.54614	82690	2326.47	2325.9
Cl35	32564.6	0.0706273	90361.8	6039.99	6039.86
neutron	939.565	34.0275	75401.3	0	0
neutron	939.565	3.8947	75401.3	0	0
neutron	939.565	3.05972	75401.3	0	0
alpha	3727.38	2.61078	75401.3	0	0
O16	14895.1	4.75912	75401.3	0	0
Na23	21409.2	0.128501	86771.8	4100.74	4100.11
Na23	21409.2	0.149471	76473.8	255.605	255.343
neutron	939.565	6.12554	75856.5	0	0
neutron	939.565	2.32296	75856.5	0	0
Ne21	19550.5	0.734545	75856.5	0	0
Na23	21409.2	0.134564	92362.5	6691.19	6690.92
neutron	939.565	6.1845	77174.2	0	0
neutron	939.565	0.661352	77174.2	0	0
S33	30704.6	0.445324	77174.2	0	0
Cl35	32564.6	0.256584	83455.7	3190.87	3190.46
Cl35	32564.6	0.0829575	83215.4	3103.19	3103.06
neutron	939.565	0.941461	75277.4	0	0
Ne22	20479.7	0.287724	75277.4	0	0
Cl37	34424.8	0.336883	78881.2	1546.82	1545.96
Na23	21409.2	0.101939	90669.9	5178.32	5178.14
Na23	21409.2	0.31984	84670.1	2357.36	2357.01
neutron	939.565	40.8409	78450.2	0	0
proton	938.272	14.3403	78450.2	0	0
F21	19556.7	2.30892	78450.2	0	0
Na23	21409.2	0.179855	80547.6	1827.03	1826.82
S35	32565.3	0.144397	75663.1	0	0
neutron	939.565	0.477094	76264.3	0	0
Ne22	20479.7	0.213334	76264.3	0	0
Cl35	32564.6	0.0676485	99178.2	9624.61	9624.33
neutron	939.565	2.72692	76685.2	0	0
Ne22	20479.7	0.429714	76685.2	0	0
neutron	939.565	2.81893	75877.2	0	0
S34	31632.7	0.342113	75877.2	0	0
Cl35	32564.6	0.135636	94544.5	7560.7	7560.25
proton	938.272	17.6288	76521.7	0	0
neutron	939.565	10.9505	76521.7	0	0
neutron	939.565	6.59418	76521.7	0	0
neutron	939.565	1.34454	76521.7	0	0
F19	17692.3	0.249057	76521.7	0	0
Na23	21409.2	0.252686	97443.7	8817.26	8816.96
Na23	21409.2	0.259912	95068	7799.16	7798.78
Cl35	32564.6	0.0914366	81399	2325.69	2325.22
Ne23	21414.1	0.213508	75392.1	0	0
neutron	939.565	4.9938	78638.5	0	0
neutron	939.565	3.39486	78638.5	0	0
S33	30704.6	0.0377008	78638.5	0	0
Cl35	32564.6	0.177253	81047.1	1942.52	1942.19
neutron	939.565	18.2988	75858.4	0	0
neutron	939.565	4.37637	75858.4	0	0
neutron	939.565	0.690341	75858.4	0	0
alpha	3727.38	12.6461	75858.4	0	0
Si28	26053.2	1.854	75858.4	0	0
Cl35	32564.6	0.137955	96727.1	8603.53	8603.17
Cl35	32564.6	0.220317	96332.1	8446.94	8446.71
Ne23	21414.1	0.215981	75767.1	0	0
neutron	939.565	1.75365	75368.6	0	0
Ne22	20479.7	0.137797	75368.6	0	0
Cl37	34424.8	0.0816307	93887.7	7565.07	7564.8
neutron	939.565	20.8151	74622.2	0	0
neutron	939.565	4.57561	74622.2	0	0
neutron	939.565	1.36108	74622.2	0	0
Ne20	18617.7	1.83112	74622.2	0	0
neutron	939.565	0.583172	76434.2	0	0
S34	31632.7	0.223229	76434.2	0	0
Cl37	34424.8	0.0645334	95882.9	8018.34	8018.26
S35	32565.3	0.155277	75845	0	0
neutron	939.565	0.251996	76042.6	0	0
S34	31632.7	0.121322	76042.6	0	0
Cl35	32564.6	0.110251	74762.6	90.062	89.8088
proton	938.272	19.0575	74642.7	0	0
neutron	939.565	4.70816	74642.7	0	0
neutron	939.565	4.10875	74642.7	0	0
proton	938.272	3.81877	74642.7	0	0
neutron	939.565	3.15864	74642.7	0	0
neutron	939.565	1.48538	74642.7	0	0
Si29	26984.3	1.79678	74642.7	0	0
Na23	21409.2	0.153597	92426.8	6631.96	6631.78
S35	32565.3	0.156774	75678.4	0	0
neutron	939.565	8.55941	76988	0	0
Ne22	20479.7	0.0823772	76988	0	0
Na23	21409.2	0.7282	98017.3	9251.88	9251.05
Na23	21409.2	0.105161	84737.3	3504.45	3504.33
neutron	939.565	8.39585	75909.5	0	0
neutron	939.565	1.29034	75909.5	0	0
neutron	939.565	1.09439	75909.5	0	0
S34	31632.7	0.351951	75909.5	0	0
neutron	939.565	2.2693	76258.1	0	0
neutron	939.565	0.324799	76258.1	0	0
S33	30704.6	0.220999	76258.1	0	0
Na23	21409.2	0.183285	98630.5	9448.5	9448.24
proton	938.272	16.1739	74638.8	0	0
neutron	939.565	3.03166	74638.8	0	0
F21	19556.7	1.15505	74638.8	0	0
neutron	939.565	6.46383	75107.8	0	0
neutron	939.565	0.97237	75107.8	0	0
Ne21	19550.5	0.0860111	75107.8	0	0
Na23	21409.2	0.171301	85436.7	3458.14	3457.69
S35	32565.3	0.144092	76804.4	0	0
Na23	21409.2	0.13443	97252.1	8859.4	8858.97
Cl35	32564.6	0.148365	76627.8	852.044	851.875
neutron	939.565	5.12132	74420.9	0	0
neutron	939.565	0.53957	74420.9	0	0
neutron	939.565	0.270932	74420.9	0	0
S34	31632.7	0.339535	74420.9	0	0
proton	938.272	5.88159	78034	0	0
neutron	939.565	3.11714	78034	0	0
neutron	939.565	2.54522	78034	0	0
F20	18625.3	0.497549	78034	0	0
Cl37	34424.8	0.123052	84318.6	3935.58	3935.23
Na23	21409.2	0.104458	81089.2	2607.6	2607.36
Cl37	34424.8	0.210421	79383.5	1968.5	1968.13
Cl35	32564.6	0.176684	99711.4	9893.92	9893.62
Ne23	21414.1	0.203238	79470.4	0	0
Na23	21409.2	0.151265	87983.3	5159.78	5159.49
S35	32565.3	0.157432	75042.5	0	0
Cl35	32564.6	0.171201	99774.7	9904.2	9903.78
Cl37	34424.8	0.328039	90229.8	6107.42	6106.92
Cl35	32564.6	0.0794839	92857.2	7112.02	7111.54
Cl35	32564.6	0.105127	85974.8	4384.71	4383.81
Cl35	32564.6	0.447867	81080.4	2484.42	2483.68
Cl35	32564.6	0.0784717	99721.7	9887.52	9887.02
Na23	21409.2	0.11531	85229.4	3522.91	3522.75
Cl35	32564.6	0.0692396	80259.8	886.002	885.666
Cl37	34424.8	0.195576	90937.9	6250.9	6250.62
Cl35	32564.6	0.161131	85503.1	3239.88	3239.61
Na23	21409.2	0.496237	82733.6	2121.37	2120.6
neutron	939.565	5.55938	77207.6	0	0
neutron	939.565	2.13666	77207.6	0	0
neutron	939.565	1.20959	77207.6	0	0
Ne20	18617.7	0.244357	77207.6	0	0
neutron	939.565	3.81356	75339	0	0
neutron	939.565	3.69909	75339	0	0
neutron	939.565	1.07072	75339	0	0
S34	31632.7	0.277475	75339	0	0
neutron	939.565	11.8914	76740	0	0
neutron	939.565	3.53403	76740	0	0
neutron	939.565	1.92776	76740	0	0
alpha	3727.38	3.98117	76740	0	0
O16	14895.1	0.955453	76740	0	0
Na23	21409.2	0.131809	93847.6	7569.17	7568.94
neutron	939.565	1.59215	75408.4	0	0
S36	33495	0.206137	75408.4	0	0
Na23	21409.2	0.306208	98497.5	9370.8	9370.4
Ne23	21414.1	0.215386	76446.4	0	0
Cl35	32564.6	0.075121	90347.1	5435.77	5435.51
neutron	939.565	7.45695	76491.3	0	0
neutron	939.565	6.69446	76491.3	0	0
proton	938.272	4.69745	76491.3	0	0
neutron	939.565	1.46708	76491.3	0	0
F19	17692.3	0.164926	76491.3	0	0
proton	938.272	71.4014	93773	7471.2	6769.18
neutron	939.565	29.4121	93773	7471.2	6769.18
neutron	939.565	12.0627	93773	7471.2	6769.18
proton	938.272	11.7623	93773	7471.2	6769.18
neutron	939.565	8.81118	93773	7471.2	6769.18
proton	938.272	4.39118	93773	7471.2	6769.18
neutron	939.565	2.72524	93773	7471.2	6769.18
alpha	3727.38	17.5068	93773	7471.2	6769.18
C12	11174.9	16.5719	93773	7471.2	6769.18
Na23	21409.2	0.279197	96493.1	7828.48	7827.9
Cl35	32564.6	0.0777543	77132.9	269.868	269.721
neutron	939.565	25.2371	76477.5	0	0
proton	938.272	5.6699	76477.5	0	0
neutron	939.565	0.500419	76477.5	0	0
P32	29775.8	0.09643	76477.5	0	0
Ne23	21414.1	0.212614	76933.6	0	0
Na23	21409.2	0.141343	91050.1	6137.95	6137.73
S35	32565.3	0.155309	75403.5	0	0
neutron	939.565	5.71002	80776.5	0	0
neutron	939.565	0.58085	80776.5	0	0
neutron	939.565	0.0420058	80776.5	0	0
Ne20	18617.7	0.0156574	80776.5	0	0
Na23	21409.2	0.248078	86948.9	4515.05	4514.79
Cl35	32564.6	0.142507	99467.2	9789.81	9789.43
neutron	939.565	2.13826	75919.7	0	0
Ne22	20479.7	0.239965	75919.7	0	0
Na23	21409.2	0.154286	91497.8	5767.71	5767.31
S37	34430.2	0.141819	77455.4	0	0
Cl35	32564.6	0.0691408	80696.7	2155.29	2154.81
neutron	939.565	5.51977	74977.9	0	0
neutron	939.565	4.87664	74977.9	0	0
neutron	939.565	1.73089	74977.9	0	0
alpha	3727.38	5.42572	74977.9	0	0
alpha	3727.38	14.6364	74977.9	0	0
C12	11174.9	1.53484	74977.9	0	0
Cl35	32564.6	0.186883	78559.9	1361.71	1361.41
neutron	939.565	0.262876	75019.7	0	0
Ne22	20479.7	0.195314	75019.7	0	0
Cl35	32564.6	0.0875372	90220.1	5658.87	5658.57
S35	32565.3	0.161636	76154.8	0	0
neutron	939.565	2.86703	75976.6	0	0
neutron	939.565	1.38464	75976.6	0	0
neutron	939.565	0.354948	75976.6	0	0
S32	29773.6	0.0241833	75976.6	0	0
Cl35	32564.6	0.1864	97190.6	8942.31	8942.1
Cl35	32564.6	0.161812	76649.9	749.648	749.442
Cl35	32564.6	0.21639	75266	229.629	229.391
neutron	939.565	0.877536	74779.9	0	0
Ne22	20479.7	0.309936	74779.9	0	0
Na23	21409.2	0.217668	99931.8	9975.99	9975.69
S35	32565.3	0.145527	75122.3	0	0
Na23	21409.2	0.207982	89869.1	5222.94	5222.26
neutron	939.565	0.226568	76425.5	0	0
Ne22	20479.7	0.304793	76425.5	0	0
neutron	939.565	0.0459655	76641.7	0	0
S36	33495	0.137974	76641.7	0	0
Na23	21409.2	0.124256	87087.1	4155.21	4154.92
Na23	21409.2	0.136585	82569.2	2354.31	2354.06
Cl35	32564.6	0.107613	85533.4	4053.72	4053.56
neutron	939.565	0.469987	76281.4	0	0
Ne22	20479.7	0.274012	76281.4	0	0
neutron	939.565	1.86357	77657.8	0	0
Ne22	20479.7	0.266539	77657.8	0	0
S35	32565.3	0.140065	75383.6	0	0
Cl37	34424.8	0.0746969	79952.2	1343.43	1343.14
Cl35	32564.6	0.0685563	99527.4	9714.19	9713.94
Cl35	32564.6	0.0877605	78754.6	971.505	971.403
neutron	939.565	1.20931	76283	0	0
Ne22	20479.7	0.164799	76283	0	0
Cl35	32564.6	0.282192	81881.6	2765.76	2765.42
Cl35	32564.6	0.101755	97137	8636.61	8636.48
Cl37	34424.8	0.101287	83263.9	2493.94	2493.18
neutron	939.565	3.49807	76897.7	0	0
Ne22	20479.7	0.134765	76897.7	0	0
Na23	21409.2	0.128492	98786.4	9480.35	9480.15
Na23	21409.2	0.116259	78053.9	666.589	666.338
Na23	21409.2	0.276819	76469.2	129.865	129.405
Ne23	21414.1	0.219228	76236.6	0	0
Cl37	34424.8	0.102969	74350.8	140.356	140.188
S37	34430.2	0.137848	76077.3	0	0
Na23	21409.2	0.156162	97773.3	9071.25	9070.69
neutron	939.565	2.92885	77036.2	0	0
neutron	939.565	1.64581	77036.2	0	0
neutron	939.565	1.62425	77036.2	0	0
S32	29773.6	0.311009	77036.2	0	0
neutron	939.565	4.45984	76642.2	0	0
neutron	939.565	0.599892	76642.2	0	0
alpha	3727.38	6.26461	76642.2	0	0
O17	15830.5	0.311809	76642.2	0	0
Cl37	34424.8	0.136901	78294	97.236	96.5301
Na23	21409.2	0.470765	88621.5	5127.03	5126.51
Ne23	21414.1	0.208251	76061.3	0	0
Na23	21409.2	0.106063	88878.5	5699.93	5699.8
neutron	939.565	23.9901	75973.6	0	0
neutron	939.565	2.91734	75973.6	0	0
neutron	939.565	1.35731	75973.6	0	0
S32	29773.6	0.734142	75973.6	0	0
Cl35	32564.6	0.147688	98376.2	9140.76	9140.5
Cl35	32564.6	0.067446	87550.5	4815.83	4814.9
Cl35	32564.6	0.0860578	82656.9	2620.19	2620.1
proton	938.272	9.42787	74360.4	0	0
neutron	939.565	1.91309	74360.4	0	0
neutron	939.565	1.44361	74360.4	0	0
F20	18625.3	0.0580546	74360.4	0	0
neutron	939.565	4.00897	75644.7	0	0
neutron	939.565	3.22189	75644.7	0	0
neutron	939.565	2.55433	75644.7	0	0
S34	31632.7	0.0466944	75644.7	0	0
neutron	939.565	0.0750209	80306.4	0	0
Ne22	20479.7	0.23914	80306.4	0	0
Na23	21409.2	0.226572	88404	4465.68	4465.2
Cl35	32564.6	0.0713899	87908.8	4271.57	4271.38
neutron	939.565	12.211	77806.6	0	0
neutron	939.565	4.23116	77806.6	0	0
proton	938.272	3.36255	77806.6	0	0
neutron	939.565	0.796671	77806.6	0	0
P31	28844.2	1.00585	77806.6	0	0
Cl35	32564.6	0.165834	96826	8801.09	8800.89
neutron	939.565	1.98684	74421.3	0	0
Ne22	20479.7	0.527785	74421.3	0	0
neutron	939.565	0.988972	75978.4	0	0
Ne22	20479.7	0.126777	75978.4	0	0
S35	32565.3	0.152393	74687.1	0	0
Cl35	32564.6	0.197852	93987.3	7283.42	7283.18
neutron	939.565	2.77507	75252.1	0	0
S34	31632.7	0.103653	75252.1	0	0
Cl37	34424.8	0.292874	90885.4	6137.29	6136.98
Cl35	32564.6	0.080931	86217.7	4158.78	4158.65
Ne23	21414.1	0.226361	77600.6	0	0
Cl35	32564.6	0.649368	92633.9	6474.31	6473.63
S35	32565.3	0.149715	76757	0	0
Cl35	32564.6	0.072527	85193.8	3103.64	3103.55
neutron	939.565	0.348099	76771.3	0	0
S34	31632.7	0.159801	76771.3	0	0
Na23	21409.2	0.114413	91047.5	6113.04	6112.79
Cl35	32564.6	0.0760923	78756.1	991.574	991.001
neutron	939.565	0.187485	76353.9	0	0
Ne22	20479.7	0.143736	76353.9	0	0
Na23	21409.2	0.683012	97419.7	8980.06	8979.31
Na23	21409.2	0.132998	86103.5	4394.47	4393.77
Cl37	34424.8	0.093529	76231.7	499.497	499.321
Cl37	34424.8	0.167692	90270.3	6161.09	6160.63
Na23	21409.2	0.131814	87683.5	4280.47	4280.26
Cl37	34424.8	0.0956888	75392.2	95.6328	94.9172
Ne23	21414.1	0.233043	75264.1	0	0
proton	938.272	20.4954	76353	0	0
F22	20491.1	0.739629	76353	0	0
Na23	21409.2	0.131946	83024.2	2997.2	2997.03
Na23	21409.2	1.11977	79492.6	1477.15	1475.59
neutron	939.565	35.8726	76323.3	0	0
neutron	939.565	1.30546	76323.3	0	0
neutron	939.565	1.20613	76323.3	0	0
alpha	3727.38	7.01084	76323.3	0	0
Si28	26053.2	1.9931	76323.3	0	0
Cl35	32564.6	0.181356	90097.1	5624.24	5624.02
Na23	21409.2	0.183169	88266.8	4521.47	4521.09
proton	938.272	8.38742	76891	0	0
neutron	939.565	5.16433	76891	0	0
F21	19556.7	0.243531	76891	0	0
Cl35	32564.6	0.18149	91635.5	5215.72	5215.52
Cl37	34424.8	0.0860367	95079.8	7721.94	7721.6
Na23	21409.2	0.617075	90924.6	5109.61	5108.76
Cl35	32564.6	0.203543	80220.1	1733.06	1732.79
S35	32565.3	0.152562	78133.9	0	0
Cl35	32564.6	0.212363	98735.1	9481.97	9481.74
Cl37	34424.8	0.123244	96707	8675.66	8675.45
Na23	21409.2	0.133987	90908.1	5675.77	5675.54
neutron	939.565	0.337082	74668.9	0	0
S36	33495	0.183661	74668.9	0	0
Na23	21409.2	0.1532	91867.8	6395.47	6395.31
proton	938.272	3.27294	76271	0	0
neutron	939.565	0.469342	76271	0	0
deuteron	1875.61	3.04045	76271	0	0
Si31	28846.2	0.293009	76271	0	0
Cl37	34424.8	0.0888398	84480.8	3694.94	3694.67
Na23	21409.2	0.142115	81549.6	1311.77	1311.45
neutron	939.565	1.71347	77904.1	0	0
Ne22	20479.7	0.508433	77904.1	0	0
Cl35	32564.6	0.103011	99270.2	9742.09	9741.96
Cl37	34424.8	0.0727599	93697	7464.97	7464.8
Cl35	32564.6	0.125397	86200.5	4412.21	4411.96
Cl35	32564.6	0.259253	78638.6	1426.36	1426.06
Na23	21409.2	0.169178	89994.4	5363.84	5363.66
neutron	939.565	3.59141	77046.6	0	0
Ne22	20479.7	0.466514	77046.6	0	0
neutron	939.565	2.204	76680.8	0	0
S34	31632.7	0.372233	76680.8	0	0
Cl37	34424.8	0.0759471	99291.7	9663.54	9663.22
Na23	21409.2	1.1745	98735.2	9464.6	9463.26
Cl35	32564.6	0.0687258	86989.3	4547.66	4547.46
Cl35	32564.6	0.0710835	86300.1	4215.91	4215.82
Na23	21409.2	0.172711	78624	761.177	760.823
Na23	21409.2	0.153831	78102.1	582.592	582.306
proton	938.272	29.5615	76634.3	0	0
neutron	939.565	5.73154	76634.3	0	0
neutron	939.565	1.89535	76634.3	0	0
neutron	939.565	1.40954	76634.3	0	0
F19	17692.3	0.445276	76634.3	0	0
neutron	939.565	27.8227	75674	0	0
proton	938.272	2.91969	75674	0	0
P35	32569.8	0.364308	75674	0	0
Cl35	32564.6	0.102441	96419.4	8417.04	8416.89
Na23	21409.2	0.163616	78341.3	647.327	647.011
neutron	939.565	15.5332	76597.9	0	0
neutron	939.565	1.48155	76597.9	0	0
neutron	939.565	0.754525	76597.9	0	0
Ne20	18617.7	1.53231	76597.9	0	0
Cl35	32564.6	0.0917918	93315.4	6619.81	6619.55
neutron	939.565	0.336003	77367	0	0
Ne22	20479.7	0.248957	77367	0	0
Cl37	34424.8	0.0750354	77600.5	398.54	398.165
neutron	939.565	6.37799	76587.2	0	0
neutron	939.565	2.80399	76587.2	0	0
neutron	939.565	0.737488	76587.2	0	0
Ne20	18617.7	0.093699	76587.2	0	0
proton	938.272	26.7577	76965.6	0	0
deuteron	1875.61	5.87749	76965.6	0	0
Si32	29776.6	1.164	76965.6	0	0
Cl35	32564.6	0.100522	86667.3	3754.38	3754.25
neutron	939.565	2.36934	77264.6	0	0
Ne22	20479.7	0.181014	77264.6	0	0
Na23	21409.2	0.15326	81209.7	2616.06	2615.9
Na23	21409.2	0.102479	79595.4	2018.2	2018.08
S37	34430.2	0.134542	75163.8	0	0
Cl35	32564.6	0.247488	89961.3	6088.48	6087.62
Na23	21409.2	0.42198	75542.7	400.437	399.729
neutron	939.565	5.31657	74515	0	0
neutron	939.565	1.29941	74515	0	0
neutron	939.565	1.2489	74515	0	0
S32	29773.6	0.579364	74515	0	0
neutron	939.565	11.7555	75930.8	0	0
neutron	939.565	2.06519	75930.8	0	0
neutron	939.565	1.31498	75930.8	0	0
S32	29773.6	0.885454	75930.8	0	0
Na23	21409.2	0.164302	79896.6	1950.8	1950.59
S37	34430.2	0.137141	74870.3	0	0
Na23	21409.2	0.290956	80382.9	1573.47	1573.01
Cl35	32564.6	0.0673245	80270.7	1537.01	1536.94
S35	32565.3	0.162376	76361	0	0
Na23	21409.2	0.533539	94894.5	7977.6	7976.89
neutron	939.565	0.697798	74948.9	0	0
Ne22	20479.7	0.136023	74948.9	0	0
neutron	939.565	5.65607	75957.1	0	0
neutron	939.565	3.27464	75957.1	0	0
S35	32565.3	0.28188	75957.1	0	0
Na23	21409.2	0.131101	84968.7	3644.39	3644.24
Cl37	34424.8	0.127674	77789.4	662.545	662.225
neutron	939.565	7.92097	76074	0	0
neutron	939.565	2.07869	76074	0	0
neutron	939.565	1.54983	76074	0	0
S34	31632.7	0.937594	76074	0	0
Na23	21409.2	0.21882	98561.6	9492.91	9492.53
Na23	21409.2	0.160882	83993.2	3421.31	3421.02
neutron	939.565	5.54271	78889.3	0	0
neutron	939.565	0.784792	78889.3	0	0
neutron	939.565	0.650419	78889.3	0	0
Ne20	18617.7	0.0504808	78889.3	0	0
Na23	21409.2	0.155608	97463.4	8994.7	8994.42
Cl35	32564.6	0.20627	91928.2	5862.12	5861.38
S35	32565.3	0.145494	78173.9	0	0
Na23	21409.2	0.566778	90684	5823.69	5823.09
Cl35	32564.6	0.135695	84317.9	2659.33	2659.04
Cl35	32564.6	0.0681809	88748.9	4305.77	4305.57
Cl35	32564.6	0.109213	81662.6	1538.38	1538.11
Cl35	32564.6	0.138526	83841.7	2545.53	2545.06
Na23	21409.2	0.115537	97260	8991.06	8990.84
Na23	21409.2	0.21279	90345.5	6095.38	6095.03
Na23	21409.2	0.184736	80047.1	1873.13	1872.74
neutron	939.565	3.81812	77021	0	0
S34	31632.7	0.348113	77021	0	0
neutron	939.565	0.784672	74720	0	0
Ne22	20479.7	0.244206	74720	0	0
neutron	939.565	1.41785	75536.8	0	0
neutron	939.565	0.387684	75536.8	0	0
Ne21	19550.5	0.276583	75536.8	0	0
Na23	21409.2	0.16794	93558.3	7067.99	7067.33
Na23	21409.2	0.337607	89636.6	5565.69	5565.3
neutron	939.565	21.2127	79442.1	0	0
neutron	939.565	6.85405	79442.1	0	0
proton	938.272	5.42471	79442.1	0	0
neutron	939.565	2.15628	79442.1	0	0
P31	28844.2	1.80464	79442.1	0	0
neutron	939.565	2.42732	76130.3	0	0
alpha	3727.38	6.67068	76130.3	0	0
O18	16762	0.991379	76130.3	0	0
Cl37	34424.8	0.0731369	82546.5	1953.83	1953.73
proton	938.272	12.369	77539.4	0	0
neutron	939.565	12.3497	77539.4	0	0
neutron	939.565	7.35473	77539.4	0	0
neutron	939.565	0.358612	77539.4	0	0
P33	30705.3	1.01512	77539.4	0	0
neutron	939.565	11.0157	81943.3	0	0
alpha	3727.38	11.439	81943.3	0	0
O18	16762	3.11211	81943.3	0	0
Na23	21409.2	0.101593	95089.8	7892.14	7891.97
Cl35	32564.6	0.111245	78275	1091.26	1091.02
S35	32565.3	0.154538	75416.9	0	0
Cl35	32564.6	0.105113	79927.5	648.376	648.111
neutron	939.565	7.25754	78296	0	0
neutron	939.565	3.96634	78296	0	0
proton	938.272	3.26088	78296	0	0
neutron	939.565	2.88324	78296	0	0
P31	28844.2	0.0465131	78296	0	0
Ne23	21414.1	0.214294	78558	0	0
Na23	21409.2	0.517475	83583.4	2392.11	2391.5
neutron	939.565	0.680736	77252.5	0	0
Ne22	20479.7	0.204378	77252.5	0	0
Cl37	34424.8	0.0785433	77409.9	507.691	507.393
S37	34430.2	0.141157	76140.4	0	0
S35	32565.3	0.158951	74753.1	0	0
S35	32565.3	0.147937	74899.3	0	0
neutron	939.565	32.1306	75410.1	0	0
S36	33495	0.937965	75410.1	0	0
Cl35	32564.6	0.634374	85532.8	3482.02	3481.33
neutron	939.565	1.75653	75503.1	0	0
Ne22	20479.7	0.420109	75503.1	0	0
Ne23	21414.1	0.229871	77101	0	0
Cl37	34424.8	0.146392	99191.3	9406.02	9405.47
neutron	939.565	1.14935	76731.9	0	0
S34	31632.7	0.0805288	76731.9	0	0
neutron	939.565	0.624735	76810.3	0	0
S34	31632.7	0.189498	76810.3	0	0
neutron	939.565	1.31222	75016	0	0
S34	31632.7	0.113142	75016	0	0
Cl35	32564.6	0.0874117	96980.1	8654.78	8654.01
Cl35	32564.6	0.130462	77230.2	63.1945	62.9134
neutron	939.565	2.05887	77150.8	0	0
neutron	939.565	0.0579882	77150.8	0	0
S33	30704.6	0.279454	77150.8	0	0
Cl35	32564.6	0.119972	96048.3	8571.28	8571.02
Cl35	32564.6	0.101059	78961.3	1116.46	1116.25
Ne23	21414.1	0.224879	75988.5	0	0
Cl35	32564.6	0.113323	76272.6	500.085	499.694
neutron	939.565	5.5802	75107.9	0	0
neutron	939.565	1.44736	75107.9	0	0
neutron	939.565	0.555809	75107.9	0	0
Ne20	18617.7	0.178734	75107.9	0	0
Na23	21409.2	0.158433	96804.3	8587.07	8586.69
Cl37	34424.8	0.21839	92261.7	6417.95	6417.5
Na23	21409.2	0.320386	79420.4	1163.52	1163.19
Cl35	32564.6	0.166024	87906	4177.78	4177.53
neutron	939.565	1.98515	77671	0	0
S34	31632.7	0.224653	77671	0	0
Na23	21409.2	0.249572	96694.4	8641.24	8640.56
Na23	21409.2	0.11874	80259.7	941.223	940.93
neutron	939.565	1.46439	77725	0	0
Ne22	20479.7	0.105609	77725	0	0
Cl35	32564.6	0.154265	96887.3	8853.48	8853.16
Cl37	34424.8	0.0899925	89410.2	5733.28	5733.05
neutron	939.565	0.93555	75090.3	0	0
Ne22	20479.7	0.115829	75090.3	0	0
Cl35	32564.6	0.067554	96215.2	6366.6	6366.42
S37	34430.2	0.139467	81447.7	0	0
Cl37	34424.8	0.115939	79244.8	1667.09	1666.76
Cl37	34424.8	0.170272	89539.4	5507.8	5507.6
Cl35	32564.6	0.124724	93213.9	6820.89	6820.42
neutron	939.565	0.309395	75901.4	0	0
Ne22	20479.7	0.317946	75901.4	0	0
Na23	21409.2	0.328042	88262.3	4833.56	4833.1
Ne23	21414.1	0.23476	76074.1	0	0
Cl35	32564.6	0.13176	80646.3	1285.89	1285.66
Cl35	32564.6	0.140194	99546.4	9833.32	9833.16
neutron	939.565	17.0066	74897.8	0	0
neutron	939.565	6.82081	74897.8	0	0
neutron	939.565	4.18173	74897.8	0	0
alpha	3727.38	11.3524	74897.8	0	0
alpha	3727.38	4.22163	74897.8	0	0
C12	11174.9	1.54919	74897.8	0	0
S37	34430.2	0.138634	75479.3	0	0
Cl35	32564.6	0.157598	99702.7	9899.6	9899.38
S35	32565.3	0.144067	76262.5	0	0
Na23	21409.2	0.119533	83373.2	2459.94	2459.45
S35	32565.3	0.146658	77479.9	0	0
Cl35	32564.6	0.0708948	91898.5	6393.59	6393.31
Cl35	32564.6	0.067426	86957.9	3807.42	3807.28
Cl35	32564.6	0.0943086	86019.2	3307.17	3306.99
Na23	21409.2	0.382314	85175.7	2922.23	2921.65
S37	34430.2	0.139609	77228.8	0	0
Na23	21409.2	0.211326	85125	3301.91	3301.7
Na23	21409.2	0.140886	91435.2	6598.6	6598.27
proton	938.272	10.8547	78188.2	0	0
neutron	939.565	3.70198	78188.2	0	0
neutron	939.565	3.69448	78188.2	0	0
neutron	939.565	1.62872	78188.2	0	0
alpha	3727.38	3.47538	78188.2	0	0
N15	13968.9	1.63539	78188.2	0	0
Cl37	34424.8	0.316858	96690.6	8583.98	8583.64
neutron	939.565	7.87381	76681.3	0	0
neutron	939.565	2.74024	76681.3	0	0
neutron	939.565	1.7605	76681.3	0	0
S32	29773.6	0.0558245	76681.3	0	0
neutron	939.565	0.305972	77818.9	0	0
S34	31632.7	0.207787	77818.9	0	0
Na23	21409.2	0.345262	79306.4	1767.16	1766.29
Na23	21409.2	0.107173	75222.6	100.195	99.9174
neutron	939.565	0.76677	75055.1	0	0
S34	31632.7	0.223951	75055.1	0	0
Na23	21409.2	1.22357	89095.2	5605.93	5604.4
Ne23	21414.1	0.210867	75184.5	0	0
neutron	939.565	2.27031	77257.8	0	0
S34	31632.7	0.223258	77257.8	0	0
neutron	939.565	9.55793	75152.5	0	0
neutron	939.565	5.67977	75152.5	0	0
neutron	939.565	3.91072	75152.5	0	0
Ne20	18617.7	0.305254	75152.5	0	0
Cl35	32564.6	0.127037	96336.6	8340.44	8340.06
Cl35	32564.6	0.0725939	95045.9	7836.12	7835.77
Ne23	21414.1	0.232777	76376.8	0	0
Cl37	34424.8	0.0925428	89173.6	5754.24	5753.93
proton	938.272	33.4227	76305.8	0	0
neutron	939.565	4.89378	76305.8	0	0
neutron	939.565	2.35845	76305.8	0	0
P32	29775.8	0.700344	76305.8	0	0
Cl35	32564.6	0.243527	91703.9	6537.7	6537.42
neutron	939.565	0.660425	74770.2	0	0
Ne22	20479.7	0.278177	74770.2	0	0
Cl35	32564.6	0.0813698	99599.3	9848.64	9848.5
Cl35	32564.6	0.0900271	86309	4494.46	4494.35
Na23	21409.2	0.15822	76742.6	716.504	716.049
neutron	939.565	1.21577	74802.5	0	0
S34	31632.7	0.203573	74802.5	0	0
Na23	21409.2	0.230628	93396.8	7083.74	7083.09
neutron	939.565	5.48674	78332.4	0	0
neutron	939.565	4.2334	78332.4	0	0
neutron	939.565	1.34841	78332.4	0	0
S32	29773.6	0.110323	78332.4	0	0
Cl35	32564.6	0.103349	94180.7	7575.84	7575.68
neutron	939.565	1.74215	75577.4	0	0
S34	31632.7	0.230233	75577.4	0	0
Na23	21409.2	0.312543	84742.1	3929.74	3929.33
Cl35	32564.6	0.14886	75630.7	314.35	314.182
neutron	939.565	16.2578	74971	0	0
neutron	939.565	1.13779	74971	0	0
neutron	939.565	0.364592	74971	0	0
Ne20	18617.7	0.198157	74971	0	0
Cl35	32564.6	0.0720629	95372.9	6638.42	6638.29
Na23	21409.2	0.116562	85708.4	2364.28	2363.91
Cl37	34424.8	0.107448	94976.9	5254.44	5254.27
Cl35	32564.6	0.584188	80957	582.474	581.811
Ne23	21414.1	0.230673	79395.5	0	0
neutron	939.565	36.5335	75255.3	0	0
neutron	939.565	4.05644	75255.3	0	0
neutron	939.565	2.23418	75255.3	0	0
alpha	3727.38	2.57174	75255.3	0	0
O16	14895.1	5.22139	75255.3	0	0
neutron	939.565	27.7445	78720.3	0	0
neutron	939.565	14.2465	78720.3	0	0
neutron	939.565	2.19463	78720.3	0	0
Ne20	18617.7	1.15482	78720.3	0	0
Cl35	32564.6	0.072276	86651.1	4403.21	4402.46
proton	938.272	15.7099	74693.9	0	0
neutron	939.565	4.8722	74693.9	0	0
neutron	939.565	0.364428	74693.9	0	0
F20	18625.3	1.57695	74693.9	0	0
Cl35	32564.6	0.18551	91139.3	6337.53	6337.29
neutron	939.565	4.7205	75443.7	0	0
neutron	939.565	1.44539	75443.7	0	0
alpha	3727.38	7.52696	75443.7	0	0
Si31	28846.2	1.62233	75443.7	0	0
Cl37	34424.8	0.0704838	95994.3	6327.69	6327.36
neutron	939.565	10.1389	80866.1	0	0
neutron	939.565	9.51071	80866.1	0	0
neutron	939.565	5.47051	80866.1	0	0
alpha	3727.38	3.54395	80866.1	0	0
O16	14895.1	5.0935	80866.1	0	0
Cl35	32564.6	0.0810955	98192.2	8996.53	8996.1
Ne23	21414.1	0.212398	75716.8	0	0
Cl35	32564.6	0.133912	97668.7	9105.39	9105.21
Cl35	32564.6	0.101195	83183.1	3303.15	3302.68
Na23	21409.2	0.107012	93110.2	7120.41	7120.09
Cl37	34424.8	0.118256	78368.7	959.16	958.714
Cl35	32564.6	0.0773229	91666.2	6720.83	6720.55
Cl35	32564.6	0.159256	81975.3	2595.72	2595.46
S37	34430.2	0.131227	75227.7	0	0
Na23	21409.2	0.243082	96403.4	8002.37	8001.84
neutron	939.565	3.69267	75831.3	0	0
S34	31632.7	0.194585	75831.3	0	0
Cl35	32564.6	0.0898452	95716.1	8156.8	8156.68
Cl37	34424.8	0.0753845	87284.1	4443.3	4443.15
Ne23	21414.1	0.231936	76096.6	0	0
Cl35	32564.6	0.0807833	90447.8	5917.37	5916.91
neutron	939.565	2.82298	75138.8	0	0
S36	33495	0.337543	75138.8	0	0
Cl35	32564.6	0.144058	81958.7	2493.91	2493.39
Cl35	32564.6	0.0891806	84689.3	3622.99	3622.51
neutron	939.565	1.00848	75424	0	0
S34	31632.7	0.0589725	75424	0	0
neutron	939.565	1.28058	76984.6	0	0
S34	31632.7	0.19997	76984.6	0	0
Cl37	34424.8	0.117292	79498.3	1813.67	1813.24
neutron	939.565	0.708304	74716.1	0	0
Ne22	20479.7	0.124503	74716.1	0	0
Cl37	34424.8	0.103603	92804.8	7165.13	7164.82
Cl35	32564.6	0.0675447	78090.3	1301.42	1300.97
Ne23	21414.1	0.23241	74517.9	0	0
neutron	939.565	6.25336	75545.7	0	0
neutron	939.565	1.24984	75545.7	0	0
S33	30704.6	0.0836339	75545.7	0	0
Na23	21409.2	0.428093	96745.5	8442.82	8442.26
neutron	939.565	1.003	75556.5	0	0
S34	31632.7	0.0761172	75556.5	0	0
neutron	939.565	3.45575	77314.2	0	0
neutron	939.565	2.21509	77314.2	0	0
neutron	939.565	1.08757	77314.2	0	0
S32	29773.6	0.326599	77314.2	0	0
Na23	21409.2	0.145843	97188.1	8787.69	8787.26
Cl35	32564.6	0.289899	81833.1	2570.67	2570.36
Na23	21409.2	0.115536	76646.2	628.465	628.321
Cl35	32564.6	0.166954	87464	3926.94	3926.69
S35	32565.3	0.147867	77661.1	0	0
Ne23	21414.1	0.233181	76738	0	0
Na23	21409.2	0.279527	77919.6	691.352	690.964
neutron	939.565	6.11482	76088.5	0	0
neutron	939.565	2.07472	76088.5	0	0
Ne21	19550.5	0.454304	76088.5	0	0
Ne23	21414.1	0.212603	76871.2	0	0
neutron	939.565	6.27375	76564.4	0	0
S34	31632.7	0.203429	76564.4	0	0
Na23	21409.2	0.160514	91974	5732.61	5732.29
neutron	939.565	1.97834	77836.1	0	0
S34	31632.7	0.122526	77836.1	0	0
neutron	939.565	21.1601	76119.9	0	0
neutron	939.565	10.5648	76119.9	0	0
neutron	939.565	2.61739	76119.9	0	0
Ne20	18617.7	2.02038	76119.9	0	0
Cl37	34424.8	0.0867518	93293.9	6969.07	6968.96
Cl35	32564.6	0.0958121	83312.5	2452.75	2452.55
Ne23	21414.1	0.219135	76414	0	0
Cl35	32564.6	0.0708789	84921.9	3462.35	3462.24
Cl35	32564.6	0.128095	78800.1	860.177	859.955
Cl35	32564.6	0.103195	97173.5	8888.28	8888.05
Na23	21409.2	0.249681	94898.3	7974.42	7974.04
Na23	21409.2	0.105612	87914	4809.49	4808.83
S35	32565.3	0.147454	76347.4	0	0
neutron	939.565	0.273082	77220.6	0	0
Ne22	20479.7	0.264618	77220.6	0	0
Cl35	32564.6	0.153043	76302.6	167.214	166.864
neutron	939.565	0.110534	75974.1	0	0
Ne22	20479.7	0.224284	75974.1	0	0
Cl35	32564.6	0.0745129	85943.1	4250.25	4250.02
Cl35	32564.6	0.154527	78947.9	1583.93	1583.69
neutron	939.565	6.9034	74713.3	0	0
neutron	939.565	3.55789	74713.3	0	0
proton	938.272	2.98658	74713.3	0	0
deuteron	1875.61	39.761	74713.3	0	0
Si30	27913.2	1.87037	74713.3	0	0
neutron	939.565	15.7904	75059.9	0	0
neutron	939.565	5.10541	75059.9	0	0
neutron	939.565	2.85902	75059.9	0	0
Ne20	18617.7	1.66318	75059.9	0	0
Cl35	32564.6	0.445466	89516.4	5168.8	5168.17
proton	938.272	32.6167	77916.2	0	0
neutron	939.565	21.9639	77916.2	0	0
proton	938.272	1.73538	77916.2	0	0
O20	18629.6	0.985943	77916.2	0	0
Na23	21409.2	0.232852	77260.5	830.657	830.053
Na23	21409.2	0.171098	89978.3	5930.13	5929.89
Na23	21409.2	0.213485	88223.6	5246.69	5245.46
Na23	21409.2	0.283627	97313.9	8952.63	8952.2
Cl35	32564.6	0.110823	88125.3	4597.78	4597.46
Na23	21409.2	0.157778	81083.6	1285.93	1285.56
Na23	21409.2	0.116105	94693.6	7532.74	7532.38
Cl35	32564.6	0.109988	89535.9	5303	5302.84
neutron	939.565	1.48469	76360	0	0
S36	33495	0.249574	76360	0	0
Cl35	32564.6	0.0755624	92835.6	7179.9	7179.61
Ne23	21414.1	0.229933	74228.8	0	0
neutron	939.565	1.28388	76614.4	0	0
S34	31632.7	0.267051	76614.4	0	0
neutron	939.565	1.4677	77250	0	0
Ne22	20479.7	0.235327	77250	0	0
Na23	21409.2	0.154704	77989.8	686.097	685.79
neutron	939.565	2.58385	76218.3	0	0
neutron	939.565	1.50918	76218.3	0	0
neutron	939.565	1.33618	76218.3	0	0
Ne20	18617.7	0.313779	76218.3	0	0
Cl37	34424.8	0.222748	99349.9	9701.38	9701.13
Cl35	32564.6	0.256403	92295.2	6971.25	6970.96
Na23	21409.2	0.137255	87719.7	4551.97	4551.31
Na23	21409.2	0.123405	83378.9	2390	2389.12
Cl37	34424.8	0.0773518	89034.9	4862.92	4862.51
Na23	21409.2	0.11702	87023.3	4076.68	4076.43
neutron	939.565	2.03613	77172.9	0	0
Ne22	20479.7	0.0130754	77172.9	0	0
Cl35	32564.6	0.195375	84340.1	3526.92	3526.56
Na23	21409.2	0.273633	77134.6	406.458	405.862
neutron	939.565	0.692342	76150.2	0	0
S36	33495	0.0564458	76150.2	0	0
Cl35	32564.6	0.071973	88200.7	5054.77	5054.46
neutron	939.565	0.801251	76503.1	0	0
S34	31632.7	0.253932	76503.1	0	0
S35	32565.3	0.146701	76226.7	0	0
Cl35	32564.6	0.0814081	83340.9	2972.51	2972.07
neutron	939.565	4.96727	75741.2	0	0
neutron	939.565	2.29168	75741.2	0	0
neutron	939.565	0.680245	75741.2	0	0
alpha	3727.38	6.28601	75741.2	0	0
O16	14895.1	1.24429	75741.2	0	0
Na23	21409.2	0.140282	91252	6284.69	6284.47
Na23	21409.2	0.103088	91724.5	6605.85	6605.24
Cl35	32564.6	0.0672024	78154.1	774.497	774.239
neutron	939.565	0.214647	76069	0	0
S34	31632.7	0.194126	76069	0	0
Na23	21409.2	0.966891	99919.2	9967.8	9966.65
Na23	21409.2	0.274147	89821.9	5582.59	5582.24
neutron	939.565	0.39234	77808.3	0	0
alpha	3727.38	4.59331	77808.3	0	0
O18	16762	0.419596	77808.3	0	0
Cl35	32564.6	0.954201	83788.7	3443.99	3442.93
Ne23	21414.1	0.233374	76248.8	0	0
Na23	21409.2	0.194327	96027.6	8389.34	8388.93
Na23	21409.2	0.114052	92031.8	6549.99	6549.81
Cl35	32564.6	0.0828402	86318.9	4241.63	4241.35
S35	32565.3	0.136901	76782	0	0
Cl37	34424.8	0.108765	97408.4	9001.96	9001.54
Cl35	32564.6	0.699531	97042	8778.64	8776.69
Ne23	21414.1	0.229804	75554.4	0	0
neutron	939.565	39.025	77103.3	0	0
neutron	939.565	8.29372	77103.3	0	0
neutron	939.565	5.86488	77103.3	0	0
Ne20	18617.7	1.8373	77103.3	0	0
Na23	21409.2	0.134176	91581.2	5782.13	5781.94
Ne23	21414.1	0.218802	75700.7	0	0
neutron	939.565	0.852478	74909.1	0	0
S34	31632.7	0.0644722	74909.1	0	0
neutron	939.565	0.429867	78415.1	0	0
S34	31632.7	0.228157	78415.1	0	0
Cl35	32564.6	0.0730508	93701.7	5427.83	5427.63
Na23	21409.2	0.123952	84834.1	1844.71	1844.49
neutron	939.565	7.41704	80083.2	0	0
neutron	939.565	4.81988	80083.2	0	0
neutron	939.565	2.82232	80083.2	0	0
S34	31632.7	0.422827	80083.2	0	0
Cl37	34424.8	0.0807559	78867	393.968	393.879
neutron	939.565	0.709067	77913.6	0	0
S34	31632.7	0.21305	77913.6	0	0
Cl35	32564.6	0.152279	85552.5	3246.06	3245.88
neutron	939.565	0.623395	78106.6	0	0
Ne22	20479.7	0.278192	78106.6	0	0
neutron	939.565	8.62326	76401.1	0	0
neutron	939.565	1.84005	76401.1	0	0
Ne21	19550.5	0.634967	76401.1	0	0
Cl35	32564.6	0.134528	87357.6	1539.16	1538.93
neutron	939.565	0.18896	83287.2	0	0
Ne22	20479.7	0.309697	83287.2	0	0
Na23	21409.2	0.207353	86850.9	4511.7	4511.15
neutron	939.565	0.661366	75922.2	0	0
S34	31632.7	0.0866124	75922.2	0	0
neutron	939.565	4.14432	77518.7	0	0
S34	31632.7	0.480966	77518.7	0	0
Cl35	32564.6	0.108345	89226.5	5144	5143.88
neutron	939.565	0.888734	76218.2	0	0
S34	31632.7	0.227287	76218.2	0	0
Cl35	32564.6	0.0747391	97114.2	8709.77	8709.5
neutron	939.565	5.01036	76881.7	0	0
neutron	939.565	0.702218	76881.7	0	0
S35	32565.3	0.0764538	76881.7	0	0
S35	32565.3	0.155118	74756.6	0	0
Cl35	32564.6	0.0774866	84294.1	2638.25	2638.15
Cl37	34424.8	0.181629	78113	164.593	164.287
neutron	939.565	23.0703	77824.6	0	0
neutron	939.565	0.61191	77824.6	0	0
alpha	3727.38	10.2758	77824.6	0	0
Si29	26984.3	0.179557	77824.6	0	0
Na23	21409.2	0.144049	84558.7	3680.53	3680.11
Na23	21409.2	0.121947	84474.4	3647.58	3647.35
neutron	939.565	0.380124	74659.8	0	0
S36	33495	0.174886	74659.8	0	0
neutron	939.565	0.617653	74772.4	0	0
Ne22	20479.7	0.172327	74772.4	0	0
Cl35	32564.6	0.165053	96528.1	8479.31	8478.95
Cl35	32564.6	0.111545	89440.2	5674.5	5674.32
Cl35	32564.6	0.3033	76461.6	445.134	444.321
Cl37	34424.8	0.262212	76382.9	413.315	412.645
proton	938.272	10.8625	75418.7	0	0
proton	938.272	4.60389	75418.7	0	0
neutron	939.565	3.42957	75418.7	0	0
neutron	939.565	1.20857	75418.7	0	0
Si31	28846.2	0.465203	75418.7	0	0
Na23	21409.2	0.140935	99582.6	9854.34	9854.14
Cl37	34424.8	0.086769	94319.5	7719.29	7719.05
neutron	939.565	0.682212	75339.5	0	0
Ne22	20479.7	0.175387	75339.5	0	0
neutron	939.565	1.07923	74063.9	0	0
Ne22	20479.7	0.310203	74063.9	0	0
Cl37	34424.8	0.0639483	94304.9	6274.83	6274.72
S35	32565.3	0.164358	79240.5	0	0
proton	938.272	7.51103	78481.9	0	0
neutron	939.565	3.48892	78481.9	0	0
neutron	939.565	1.49549	78481.9	0	0
neutron	939.565	0.427086	78481.9	0	0
F19	17692.3	0.248896	78481.9	0	0
neutron	939.565	2.46459	74411.9	0	0
Ne22	20479.7	0.196527	74411.9	0	0
Na23	21409.2	0.107223	84686.6	3000.76	3000.6
S35	32565.3	0.166003	77074.8	0	0
Na23	21409.2	0.271451	94973.2	7822.27	7821.79
Cl35	32564.6	0.0885102	86637	4214.2	4213.97
Cl37	34424.8	0.0772919	99839.1	9938.01	9937.7
Cl37	34424.8	0.104987	86261.7	3845.16	3844.89
Na23	21409.2	0.130182	77949.6	617.733	617.486
neutron	939.565	0.257451	76302.3	0	0
Ne22	20479.7	0.179733	76302.3	0	0
Cl35	32564.6	0.10253	88164.7	5082.25	5082.14
Ne23	21414.1	0.194769	74941.2	0	0
neutron	939.565	42.0587	79492.5	0	0
neutron	939.565	3.90055	79492.5	0	0
neutron	939.565	3.89818	79492.5	0	0
alpha	3727.38	4.97666	79492.5	0	0
O16	14895.1	0.968791	79492.5	0	0
Cl37	34424.8	0.0886637	94779.5	7776.35	7776.23
Cl35	32564.6	1.10966	89317.3	5186.37	5185.12
Na23	21409.2	0.132067	87370.2	4419.16	4418.93
Cl35	32564.6	0.175902	82496	2712.24	2711.94
neutron	939.565	1.0347	75253.3	0	0
S34	31632.7	0.113458	75253.3	0	0
neutron	939.565	0.928755	80930.8	0	0
S34	31632.7	0.119159	80930.8	0	0
Cl35	32564.6	0.231159	92928	7002.67	7002.21
neutron	939.565	20.8515	75896.4	0	0
neutron	939.565	3.06728	75896.4	0	0
Ne21	19550.5	0.889648	75896.4	0	0
Ne23	21414.1	0.234663	77334.4	0	0
Cl35	32564.6	0.105038	92353.1	6764.76	6764.52
S37	34430.2	0.139716	76163.6	0	0
Cl37	34424.8	0.122289	84132.6	2887.12	2886.96
neutron	939.565	6.3598	74156.2	0	0
neutron	939.565	0.202711	74156.2	0	0
S33	30704.6	0.343991	74156.2	0	0
Cl35	32564.6	0.112581	98719.2	9510.66	9510.17
Cl35	32564.6	0.0720705	77198.8	451.44	451.325
proton	938.272	12.6427	76090.9	0	0
neutron	939.565	7.63289	76090.9	0	0
neutron	939.565	4.67175	76090.9	0	0
proton	938.272	3.80967	76090.9	0	0
neutron	939.565	1.00773	76090.9	0	0
Si30	27913.2	1.07298	76090.9	0	0
Cl35	32564.6	0.106983	93529.5	7101.64	7101.49
Cl35	32564.6	0.114184	90232.8	5621.85	5621.57
Cl35	32564.6	0.195219	85726.2	3272.76	3272.47
neutron	939.565	2.14837	77486	0	0
neutron	939.565	0.0981049	77486	0	0
S33	30704.6	0.330001	77486	0	0
Ne23	21414.1	0.227652	76905.7	0	0
neutron	939.565	0.142111	75665.4	0	0
S34	31632.7	0.163857	75665.4	0	0
Na23	21409.2	0.366529	78260.5	1231.99	1231.55
Cl35	32564.6	0.174599	87586.4	4903.26	4902.9
proton	938.272	14.2727	76310.8	0	0
neutron	939.565	6.56449	76310.8	0	0
neutron	939.565	5.30754	76310.8	0	0
neutron	939.565	1.45798	76310.8	0	0
P33	30705.3	0.846762	76310.8	0	0
Cl35	32564.6	0.106158	79446.5	1854.1	1853.89
neutron	939.565	16.2783	75866.9	0	0
neutron	939.565	7.56322	75866.9	0	0
neutron	939.565	5.27673	75866.9	0	0
Ne20	18617.7	2.05556	75866.9	0	0
Na23	21409.2	0.368492	76473	23.5236	23.0513
neutron	939.565	0.367601	76483.9	0	0
S34	31632.7	0.136197	76483.9	0	0
Na23	21409.2	0.123318	86518.9	4487.35	4487.21
neutron	939.565	11.9133	75217.8	0	0
proton	938.272	3.52737	75217.8	0	0
proton	938.272	3.31921	75217.8	0	0
Si32	29776.6	0.465195	75217.8	0	0
Cl35	32564.6	0.155214	92381.9	6895.72	6895.41
Cl37	34424.8	0.0681249	88516.7	5231.06	5230.81
Cl37	34424.8	0.0663934	76762.3	686.197	686.018
Ne23	21414.1	0.212862	74875.7	0	0
neutron	939.565	2.962	76021.8	0	0
neutron	939.565	1.05215	76021.8	0	0
Ne21	19550.5	0.0510691	76021.8	0	0
Na23	21409.2	0.183019	79108.2	931.736	931.254
neutron	939.565	7.34944	76625.8	0	0
neutron	939.565	6.54327	76625.8	0	0
neutron	939.565	4.32065	76625.8	0	0
alpha	3727.38	6.46489	76625.8	0	0
alpha	3727.38	4.2414	76625.8	0	0
C12	11174.9	2.43156	76625.8	0	0
Cl35	32564.6	0.0842927	89850	5569.46	5569.36
Cl35	32564.6	0.0821269	89109.9	5315.44	5315.02
Cl35	32564.6	0.100089	84816.1	3736.85	3736.52
neutron	939.565	2.57582	75032.4	0	0
Ne22	20479.7	0.570698	75032.4	0	0
neutron	939.565	3.59711	78317.2	0	0
S36	33495	0.106401	78317.2	0	0
Na23	21409.2	0.12939	81990.5	1202.62	1202.36
Ne23	21414.1	0.226579	78661.6	0	0
Cl35	32564.6	0.0712648	93641.6	7263.66	7263.52
Cl35	32564.6	0.106167	98177	9343.88	9343.73
Na23	21409.2	0.10603	97775.4	9189.9	9189.78
S37	34430.2	0.136267	77269.7	0	0
Cl35	32564.6	0.107306	97541.9	8462.36	8462.24
neutron	939.565	0.763377	78945	0	0
S34	31632.7	0.133274	78945	0	0
neutron	939.565	1.4941	74725.9	0	0
S36	33495	0.14407	74725.9	0	0
neutron	939.565	34.2114	75631.5	0	0
proton	938.272	6.95744	75631.5	0	0
neutron	939.565	6.31048	75631.5	0	0
proton	938.272	2.54904	75631.5	0	0
neutron	939.565	2.23782	75631.5	0	0
Si30	27913.2	2.55743	75631.5	0	0
Cl35	32564.6	0.0722531	86179.9	3922.15	3922.04
Cl35	32564.6	0.0781705	94641.2	7681.92	7681.52
Cl35	32564.6	0.107655	85394.5	4012.67	4012.54
neutron	939.565	0.845524	75157.3	0	0
S34	31632.7	0.16744	75157.3	0	0
Na23	21409.2	0.133567	99697.7	9821.97	9821.32
Cl35	32564.6	1.62613	79133.9	1640.4	1638.69
Cl35	32564.6	0.45996	97604.2	9040.61	9040.14
proton	938.272	16.9551	75817	0	0
neutron	939.565	5.40655	75817	0	0
neutron	939.565	0.15238	75817	0	0
F20	18625.3	1.97044	75817	0	0
Cl35	32564.6	0.152667	91210.1	5684.81	5684.61
Na23	21409.2	0.177801	88406.8	4579.2	4578.83
Na23	21409.2	0.130821	79898.7	1074.59	1074.37
Cl35	32564.6	0.475681	99627.1	9804.37	9803.63
Na23	21409.2	0.122389	86025.6	3127.97	3127.8
Na23	21409.2	0.109965	80045.6	747.022	746.899
neutron	939.565	9.09933	78037.7	0	0
neutron	939.565	8.51609	78037.7	0	0
neutron	939.565	3.97851	78037.7	0	0
S32	29773.6	0.860252	78037.7	0	0
proton	938.272	16.3273	75644.3	0	0
neutron	939.565	1.43015	75644.3	0	0
neutron	939.565	0.707076	75644.3	0	0
F20	18625.3	1.34634	75644.3	0	0
Cl35	32564.6	0.111911	89255.8	5443.86	5443.65
Cl35	32564.6	0.119869	79732.2	1401.72	1401.2
Na23	21409.2	0.165871	94720.2	7652.66	7651.83
Cl35	32564.6	0.160104	77241.5	23.9444	23.735
neutron	939.565	2.71611	76706.8	0	0
proton	938.272	2.17494	76706.8	0	0
neutron	939.565	1.77967	76706.8	0	0
P32	29775.8	0.242812	76706.8	0	0
neutron	939.565	3.69091	82833.8	0	0
alpha	3727.38	9.67484	82833.8	0	0
Si30	27913.2	0.487063	82833.8	0	0
Cl35	32564.6	0.0852699	91594.4	6266.75	6266.21
Na23	21409.2	0.107145	83729.7	3018.25	3017.49
Na23	21409.2	0.120607	80761	1790.96	1790.82
Cl35	32564.6	0.0948205	76527.8	117.654	117.441
neutron	939.565	0.573138	76341.2	0	0
S34	31632.7	0.183348	76341.2	0	0
proton	938.272	3.17494	79426.4	0	0
neutron	939.565	1.91135	79426.4	0	0
P33	30705.3	0.134217	79426.4	0	0
Cl35	32564.6	0.075049	82440	2422.12	2421.99
proton	938.272	32.7751	76055.5	0	0
neutron	939.565	0.550173	76055.5	0	0
F21	19556.7	1.01129	76055.5	0	0
Cl37	34424.8	0.0845259	94915	8010.11	8009.97
Na23	21409.2	0.147273	94295.8	7661.27	7661.03
neutron	939.565	3.30137	74609.7	0	0
neutron	939.565	0.370831	74609.7	0	0
alpha	3727.38	7.0125	74609.7	0	0
Si29	26984.3	0.428517	74609.7	0	0
Cl35	32564.6	0.0902223	91652.3	6385.02	6384.78
neutron	939.565	0.157407	75566.1	0	0
Ne22	20479.7	0.184606	75566.1	0	0
neutron	939.565	17.5427	76444.5	0	0
neutron	939.565	0.85128	76444.5	0	0
Ne21	19550.5	1.92894	76444.5	0	0
Cl35	32564.6	0.346706	89195.9	5353.55	5353.2
neutron	939.565	4.87052	75979.6	0	0
neutron	939.565	0.913627	75979.6	0	0
neutron	939.565	0.579979	75979.6	0	0
S32	29773.6	0.461189	75979.6	0	0
Cl35	32564.6	0.166872	84017.4	2800.53	2800.22
neutron	939.565	0.250966	77042.5	0	0
S34	31632.7	0.130774	77042.5	0	0
neutron	939.565	2.08736	75286.2	0	0
neutron	939.565	0.283311	75286.2	0	0
alpha	3727.38	5.08243	75286.2	0	0
O17	15830.5	2.37737	75286.2	0	0
neutron	939.565	2.44357	76765.1	0	0
neutron	939.565	0.964818	76765.1	0	0
neutron	939.565	0.822297	76765.1	0	0
S32	29773.6	0.26608	76765.1	0	0
neutron	939.565	1.22373	75871.8	0	0
Ne22	20479.7	0.239943	75871.8	0	0
Cl35	32564.6	0.896107	89548.3	4179.15	4178.23
neutron	939.565	0.414027	75712.4	0	0
S34	31632.7	0.183296	75712.4	0	0
Cl35	32564.6	0.0787137	85593.2	3876.64	3876.55
Cl35	32564.6	0.12067	82182.3	2504.85	2504.27
neutron	939.565	1.03633	75597.1	0	0
Ne22	20479.7	0.0783025	75597.1	0	0
Na23	21409.2	0.11395	96749.7	8286.13	8285.71
neutron	939.565	9.69215	75575.6	0	0
neutron	939.565	4.32659	75575.6	0	0
neutron	939.565	1.02181	75575.6	0	0
Ne20	18617.7	0.0523455	75575.6	0	0
neutron	939.565	24.0207	76301.9	0	0
neutron	939.565	0.215252	76301.9	0	0
alpha	3727.38	5.80202	76301.9	0	0
O17	15830.5	1.46115	76301.9	0	0
Na23	21409.2	0.108591	85480.3	2947.88	2947.64
Cl37	34424.8	0.268093	81174.8	1243.47	1243.09
Na23	21409.2	0.618502	80853.4	1101.57	1100.94
Na23	21409.2	0.195351	78528.2	234.252	233.945
Na23	21409.2	0.215013	95397	8010.64	8009.48
neutron	939.565	3.37696	75843.8	0	0
S34	31632.7	0.448944	75843.8	0	0
neutron	939.565	0.63998	77425.8	0	0
Ne22	20479.7	0.212045	77425.8	0	0
Cl35	32564.6	0.0748664	81184.5	2318.02	2317.95
Na23	21409.2	0.930383	76177.5	365.671	364.568
Ne23	21414.1	0.233909	75384.9	0	0
neutron	939.565	5.85384	76987.6	0	0
S34	31632.7	0.147353	76987.6	0	0
Cl35	32564.6	0.142754	94915.3	7733.68	7733.41
Cl35	32564.6	0.0737744	88478.8	4177.77	4177.62
neutron	939.565	4.27753	77394.3	0	0
neutron	939.565	2.66248	77394.3	0	0
neutron	939.565	0.17219	77394.3	0	0
Ne20	18617.7	0.663389	77394.3	0	0
neutron	939.565	0.576729	74353.9	0	0
S34	31632.7	0.0770002	74353.9	0	0
Cl35	32564.6	0.192009	78020.9	528.074	527.538
neutron	939.565	0.715997	76618.5	0	0
Ne22	20479.7	0.154817	76618.5	0	0
Na23	21409.2	0.148243	86764.2	3665.76	3665.33
Na23	21409.2	0.167269	85962.2	3344.93	3344.76
neutron	939.565	45.5702	77803.3	0	0
proton	938.272	11.3009	77803.3	0	0
neutron	939.565	0.381226	77803.3	0	0
F20	18625.3	3.54078	77803.3	0	0
Na23	21409.2	0.746614	94187.1	7648.32	7647.48
Na23	21409.2	0.124554	82292.8	2272.8	2272.63
Cl35	32564.6	0.152948	83324.4	2606.91	2606.56
neutron	939.565	0.339134	77593.4	0	0
S34	31632.7	0.135779	77593.4	0	0
Cl35	32564.6	0.110856	92240.4	6703.35	6703.11
Cl35	32564.6	0.0736084	85136.3	3441.21	3440.54
Na23	21409.2	0.314872	85116.6	3180.11	3179.67
S35	32565.3	0.138596	77218.9	0	0
Cl35	32564.6	0.0902037	85743.2	3284.94	3284.77
neutron	939.565	0.748942	75314.7	0	0
Ne22	20479.7	0.0768742	75314.7	0	0
Na23	21409.2	0.184323	99359.9	9698.93	9698.39
Cl35	32564.6	0.0772258	82232.5	2785.79	2785.59
neutron	939.565	7.08611	75036.6	0	0
neutron	939.565	5.21954	75036.6	0	0
proton	938.272	5.17647	75036.6	0	0
neutron	939.565	3.08844	75036.6	0	0
P33	30705.3	0.730823	75036.6	0	0
Na23	21409.2	0.123209	98606.4	9452.69	9452.41
Cl35	32564.6	0.204011	93979.6	7664.75	7664.5
Ne23	21414.1	0.229159	75547.2	0	0
Cl35	32564.6	0.0850097	88327	4945.51	4945.22
S35	32565.3	0.158433	76373.1	0	0
neutron	939.565	3.92465	74807.6	0	0
neutron	939.565	2.63422	74807.6	0	0
S33	30704.6	0.322204	74807.6	0	0
Cl35	32564.6	0.344429	83675.3	2631.3	2630.93
Cl35	32564.6	0.106123	79597.1	1088.22	1088.09
proton	938.272	9.99768	76650.5	0	0
neutron	939.565	3.28035	76650.5	0	0
proton	938.272	2.8149	76650.5	0	0
neutron	939.565	1.05646	76650.5	0	0
neutron	939.565	0.976595	76650.5	0	0
neutron	939.565	0.70819	76650.5	0	0
Si29	26984.3	0.755826	76650.5	0	0
Na23	21409.2	0.591101	94006	7520.97	7520.15
Na23	21409.2	0.173367	91378.7	6342.39	6342.2
proton	938.272	8.99052	76184.9	0	0
neutron	939.565	6.45798	76184.9	0	0
proton	938.272	4.2338	76184.9	0	0
Si32	29776.6	0.17874	76184.9	0	0
neutron	939.565	1.76009	75779.7	0	0
S34	31632.7	0.0996167	75779.7	0	0
neutron	939.565	0.977896	75412.5	0	0
S36	33495	0.124508	75412.5	0	0
Cl35	32564.6	0.0985062	94978	8122.34	8122.18
Cl35	32564.6	0.068472	84198.7	3565.9	3565.68
S35	32565.3	0.159198	74829.2	0	0
neutron	939.565	0.265038	76557.1	0	0
S34	31632.7	0.131512	76557.1	0	0
Cl35	32564.6	0.136528	96543.5	7507.4	7507.21
Cl37	34424.8	0.0970397	84092.7	2005.73	2005.57
neutron	939.565	20.8961	79075.8	0	0
neutron	939.565	11.2315	79075.8	0	0
neutron	939.565	2.23388	79075.8	0	0
S34	31632.7	1.82772	79075.8	0	0
Na23	21409.2	0.233078	80055.6	1745.3	1745
neutron	939.565	0.236535	75504.5	0	0
S34	31632.7	0.178568	75504.5	0	0
Ne23	21414.1	0.234494	75467.5	0	0
neutron	939.565	15.0559	78403.7	0	0
proton	938.272	9.1854	78403.7	0	0
neutron	939.565	6.6079	78403.7	0	0
proton	938.272	3.5134	78403.7	0	0
neutron	939.565	2.85598	78403.7	0	0
Si30	27913.2	1.21832	78403.7	0	0
neutron	939.565	10.6065	76110.1	0	0
proton	938.272	5.24734	76110.1	0	0
neutron	939.565	3.33437	76110.1	0	0
neutron	939.565	1.20284	76110.1	0	0
P31	28844.2	0.527947	76110.1	0	0
Cl37	34424.8	0.101376	93837.1	7620.88	7620.71
Cl35	32564.6	0.076042	80838.2	2161.95	2161.82
Cl37	34424.8	0.11264	92287.7	6529.21	6528.65
Na23	21409.2	0.19865	84557.9	3373.93	3373.72
Cl35	32564.6	0.132243	82235.2	2483.25	2482.98
Ne23	21414.1	0.206292	75588.4	0	0
Cl37	34424.8	0.0771224	95013.4	7836.8	7836.09
neutron	939.565	0.137128	78128.8	0	0
S34	31632.7	0.109854	78128.8	0	0
Ne23	21414.1	0.203585	74539.3	0	0
S35	32565.3	0.156763	75149.4	0	0
Na23	21409.2	0.114773	83176	3282.22	3282.1
S35	32565.3	0.159806	74730.8	0	0
Cl37	34424.8	0.0663357	88994.7	5154.08	5153.85
neutron	939.565	0.432056	77273.6	0	0
S34	31632.7	0.185673	77273.6	0	0
Na23	21409.2	0.214905	90463.4	6025.69	6025.46
S35	32565.3	0.144748	79064.5	0	0
neutron	939.565	10.2875	74699.9	0	0
neutron	939.565	8.9367	74699.9	0	0
neutron	939.565	7.29026	74699.9	0	0
neutron	939.565	6.0017	74699.9	0	0
neutron	939.565	0.571948	74699.9	0	0
S32	29773.6	1.85123	74699.9	0	0
Na23	21409.2	0.894605	99053.1	9632.75	9631.6
Cl35	32564.6	0.113115	78874.3	758.972	758.845
neutron	939.565	10.7374	75615.1	0	0
neutron	939.565	2.94597	75615.1	0	0
neutron	939.565	2.45489	75615.1	0	0
alpha	3727.38	4.12278	75615.1	0	0
alpha	3727.38	20.0699	75615.1	0	0
C12	11174.9	1.93779	75615.1	0	0
Ne23	21414.1	0.230393	78427.9	0	0
Ne23	21414.1	0.212376	81043.7	0	0
Cl35	32564.6	0.132519	89688.9	5528.58	5527.98
Na23	21409.2	0.408038	95819.6	8197.24	8196.8
Cl35	32564.6	0.114322	87671.3	4820.88	4820.6
Na23	21409.2	0.142077	97244.7	8958.46	8957.95
Ne23	21414.1	0.220791	75038.5	0	0
Ne23	21414.1	0.218083	76152.9	0	0
Na23	21409.2	0.192506	97933.6	9110.59	9110.39
Cl35	32564.6	0.0681479	87343.5	4706.76	4706.46
Na23	21409.2	0.114409	86979.4	4578.98	4578.79
neutron	939.565	0.365774	76210.8	0	0
Ne22	20479.7	0.243732	76210.8	0	0
proton	938.272	125.046	99625.3	9854.62	9452.04
neutron	939.565	115.259	99625.3	9854.62	9452.04
neutron	939.565	40.1335	99625.3	9854.62	9452.04
proton	938.272	17.6483	99625.3	9854.62	9452.04
proton	938.272	5.46749	99625.3	9854.62	9452.04
deuteron	1875.61	8.27697	99625.3	9854.62	9452.04
deuteron	1875.61	4.8418	99625.3	9854.62	9452.04
Mg26	24196.5	5.08346	99625.3	9854.62	9452.04
neutron	939.565	17.9537	77835.2	0	0
neutron	939.565	7.62347	77835.2	0	0
neutron	939.565	5.27834	77835.2	0	0
S32	29773.6	0.855463	77835.2	0	0
Cl35	32564.6	0.0715898	77130.3	610.879	610.67
Cl35	32564.6	0.0879335	92812.9	6642.86	6642.01
neutron	939.565	0.152128	76620.6	0	0
S34	31632.7	0.196891	76620.6	0	0
Cl35	32564.6	0.0720348	89831.4	5755.1	5755.01
Cl35	32564.6	0.448971	84216.7	3428.12	3427.5
Na23	21409.2	0.112556	78033.9	1085.82	1085.4
neutron	939.565	0.219199	75104.7	0	0
S34	31632.7	0.115133	75104.7	0	0
Cl35	32564.6	0.187931	95406.8	7605.31	7605.08
Cl35	32564.6	0.211586	88388.5	3724.65	3723.8
Cl35	32564.6	0.0726883	86931.5	3183.46	3183.07
neutron	939.565	1.0521	79209.9	0	0
S34	31632.7	0.174636	79209.9	0	0
Na23	21409.2	0.394583	99033.4	9593.68	9592.99
Cl37	34424.8	0.0710726	84395.7	2749.2	2749.03
neutron	939.565	1.79563	77660.5	0	0
neutron	939.565	1.28707	77660.5	0	0
Ne21	19550.5	0.173207	77660.5	0	0
Cl35	32564.6	0.152226	83053.4	1733.02	1732.84
neutron	939.565	0.676674	78371	0	0
S34	31632.7	0.0519386	78371	0	0
Cl35	32564.6	0.12909	97874	9156.03	9155.76
Cl35	32564.6	0.0800645	76910.6	607.86	607.703
Cl37	34424.8	0.198202	98344	9361.86	9361.24
Cl35	32564.6	0.0975455	78958.3	754.45	754.042
neutron	939.565	16.2195	77019.3	0	0
neutron	939.565	9.94942	77019.3	0	0
neutron	939.565	7.08489	77019.3	0	0
proton	938.272	2.81196	77019.3	0	0
alpha	3727.38	7.30356	77019.3	0	0
N15	13968.9	3.67566	77019.3	0	0
neutron	939.565	33.6841	74092.4	0	0
neutron	939.565	12.5785	74092.4	0	0
neutron	939.565	2.98675	74092.4	0	0
alpha	3727.38	3.35143	74092.4	0	0
O16	14895.1	2.78003	74092.4	0	0
Cl37	34424.8	0.186442	94546.6	7579.32	7578.88
Na23	21409.2	0.120756	92536.1	6572.56	6572.11
Cl35	32564.6	0.118364	89358.9	5146.37	5146.24
Na23	21409.2	0.184676	91759.7	5867.49	5867.15
neutron	939.565	0.555811	77324.7	0	0
S34	31632.7	0.263923	77324.7	0	0
S35	32565.3	0.165555	75878.9	0	0
proton	938.272	4.34354	74930.5	0	0
neutron	939.565	3.56703	74930.5	0	0
neutron	939.565	2.13753	74930.5	0	0
neutron	939.565	0.108158	74930.5	0	0
alpha	3727.38	10.3844	74930.5	0	0
Al27	25126.5	2.79179	74930.5	0	0
neutron	939.565	0.404584	76576.7	0	0
Ne22	20479.7	0.136231	76576.7	0	0
Na23	21409.2	0.177844	86489.8	4338.98	4338.62
Na23	21409.2	0.102904	75640	326.559	326.423
neutron	939.565	0.639029	74836.2	0	0
S34	31632.7	0.203379	74836.2	0	0
neutron	939.565	26.5118	80277.9	0	0
neutron	939.565	24.4204	80277.9	0	0
neutron	939.565	0.490691	80277.9	0	0
Ne20	18617.7	0.412702	80277.9	0	0
Cl35	32564.6	0.155344	97940.8	9173.99	9173.62
Cl35	32564.6	0.245925	90448.2	6143.75	6143.46
Na23	21409.2	0.162424	83232.9	3250.93	3250.71
neutron	939.565	7.08949	74611.2	0	0
proton	938.272	6.52055	74611.2	0	0
proton	938.272	6.31884	74611.2	0	0
neutron	939.565	4.62995	74611.2	0	0
neutron	939.565	3.6487	74611.2	0	0
Si30	27913.2	1.37258	74611.2	0	0
Na23	21409.2	1.15666	78022	644.556	643.223
neutron	939.565	1.41266	74778.3	0	0
Ne22	20479.7	0.213547	74778.3	0	0
Na23	21409.2	0.20204	87280.5	4890.61	4889.98
Na23	21409.2	0.168178	87170.8	4853.6	4853.18
S35	32565.3	0.14493	75280.6	0	0
Na23	21409.2	0.262913	88141.5	5035.39	5035.11
Na23	21409.2	0.181999	87249.3	4715.48	4715.09
neutron	939.565	4.68145	75199.7	0	0
neutron	939.565	3.80541	75199.7	0	0
neutron	939.565	0.310697	75199.7	0	0
S34	31632.7	0.110695	75199.7	0	0
Na23	21409.2	0.246515	89716.5	5884.72	5884.43
neutron	939.565	12.0339	77044.3	0	0
neutron	939.565	5.73808	77044.3	0	0
neutron	939.565	1.66571	77044.3	0	0
alpha	3727.38	5.4508	77044.3	0	0
alpha	3727.38	9.47537	77044.3	0	0
C12	11174.9	5.69583	77044.3	0	0
Cl37	34424.8	0.191537	75813.5	593.732	593.516
neutron	939.565	1.20039	75008.1	0	0
S34	31632.7	0.0296381	75008.1	0	0
Cl35	32564.6	0.178251	81558	1591.54	1591.31
Na23	21409.2	0.193035	88701.5	5537.62	5536.95
neutron	939.565	1.96619	75108.8	0	0
neutron	939.565	0.983936	75108.8	0	0
Ne21	19550.5	0.510128	75108.8	0	0
Na23	21409.2	0.128316	86385.7	4507.39	4507.24
Ne23	21414.1	0.214952	75815.5	0	0
neutron	939.565	6.6314	74816.6	0	0
neutron	939.565	3.45371	74816.6	0	0
neutron	939.565	1.13445	74816.6	0	0
S32	29773.6	0.372982	74816.6	0	0
Na23	21409.2	0.26529	76063.2	40.3486	39.6353
neutron	939.565	24.539	76049.3	0	0
proton	938.272	20.891	76049.3	0	0
F21	19556.7	0.0485436	76049.3	0	0
Cl37	34424.8	0.138142	78858.5	1205.67	1205.53
neutron	939.565	0.232866	76384.8	0	0
Ne22	20479.7	0.23826	76384.8	0	0
neutron	939.565	7.57094	77312.2	0	0
neutron	939.565	4.37892	77312.2	0	0
proton	938.272	2.23719	77312.2	0	0
neutron	939.565	1.63391	77312.2	0	0
neutron	939.565	1.40606	77312.2	0	0
neutron	939.565	0.514299	77312.2	0	0
P31	28844.2	1.3148	77312.2	0	0
Na23	21409.2	0.287672	85209.3	3078.06	3077.45
Cl35	32564.6	0.0805548	83766	2540.91	2540.76
S35	32565.3	0.14736	77468.9	0	0
Na23	21409.2	0.101951	98554.1	9410.81	9410.7
neutron	939.565	5.2092	75792.3	0	0
S34	31632.7	0.217917	75792.3	0	0
neutron	939.565	0.0937503	75642	0	0
S34	31632.7	0.148002	75642	0	0
Cl35	32564.6	0.12754	80666	2424.39	2424.26
neutron	939.565	25.8611	76162.9	0	0
neutron	939.565	14.9571	76162.9	0	0
neutron	939.565	0.832676	76162.9	0	0
Ne20	18617.7	2.21135	76162.9	0	0
Cl37	34424.8	0.224774	76684.7	687.762	687.411
neutron	939.565	0.609301	74852.6	0	0
S36	33495	0.148262	74852.6	0	0
Cl37	34424.8	0.314171	99891.4	9957.67	9957.33
neutron	939.565	1.00429	76114.4	0	0
Ne22	20479.7	0.209759	76114.4	0	0
Ne23	21414.1	0.221995	75917.6	0	0
neutron	939.565	17.3071	81963.1	0	0
proton	938.272	7.818	81963.1	0	0
neutron	939.565	3.28728	81963.1	0	0
neutron	939.565	0.817519	81963.1	0	0
deuteron	1875.61	2.9833	81963.1	0	0
Si31	28846.2	0.796628	81963.1	0	0
Ne23	21414.1	0.20104	75683.5	0	0
neutron	939.565	0.0205059	76265.8	0	0
S36	33495	0.147526	76265.8	0	0
Na23	21409.2	0.203373	98178.8	9258.78	9258.42
Cl35	32564.6	0.0705195	97472.8	8943.17	8942.98
neutron	939.565	0.876828	77425.5	0	0
Ne22	20479.7	0.398361	77425.5	0	0
Cl37	34424.8	0.159768	95072.5	6435.92	6435.54
Ne23	21414.1	0.216229	79559.4	0	0
neutron	939.565	28.6855	75633.9	0	0
neutron	939.565	14.0903	75633.9	0	0
neutron	939.565	1.40074	75633.9	0	0
alpha	3727.38	10.0132	75633.9	0	0
Si28	26053.2	1.05201	75633.9	0	0
Ne23	21414.1	0.230442	75695.2	0	0
Na23	21409.2	0.163656	80438.8	1731.79	1731.35
S35	32565.3	0.166528	75781.1	0	0
neutron	939.565	0.371065	75425.8	0	0
S34	31632.7	0.124411	75425.8	0	0
Cl35	32564.6	0.154394	95048.5	7929.97	7929.62
neutron	939.565	18.8553	75408	0	0
proton	938.272	3.69648	75408	0	0
neutron	939.565	2.45608	75408	0	0
neutron	939.565	1.93087	75408	0	0
P33	30705.3	0.142089	75408	0	0
S35	32565.3	0.158171	75286.3	0	0
Ne23	21414.1	0.21164	76974.9	0	0
Na23	21409.2	0.166681	88430.8	5305.45	5304.8
Na23	21409.2	0.507084	76998.7	369.287	368.712
proton	938.272	3.12248	76210.6	0	0
neutron	939.565	2.04064	76210.6	0	0
P33	30705.3	0.310031	76210.6	0	0
Na23	21409.2	0.282102	77503.3	600.963	600.404
Na23	21409.2	0.127625	98297.3	9287.02	9286.79
neutron	939.565	33.425	75863.2	0	0
neutron	939.565	6.11107	75863.2	0	0
neutron	939.565	1.14634	75863.2	0	0
Ne20	18617.7	2.06895	75863.2	0	0
Cl35	32564.6	0.143784	95798.9	8155.86	8155.66
Na23	21409.2	0.128698	87287.3	4340.89	4340.65
Cl35	32564.6	0.246108	78674.6	1316.71	1316.44
Ne23	21414.1	0.223738	75134.8	0	0
Cl35	32564.6	0.113003	77652.4	650.301	649.984
neutron	939.565	1.2922	75999.7	0	0
S34	31632.7	0.178039	75999.7	0	0
Cl35	32564.6	0.161254	76765.4	733.328	733.053
Na23	21409.2	0.134016	86235.3	3777.15	3776.96
Cl37	34424.8	0.0784257	97664.2	9167.66	9167.56
Cl35	32564.6	0.137845	96107	8572.63	8572.47
neutron	939.565	27.572	78135.1	0	0
proton	938.272	8.58546	78135.1	0	0
neutron	939.565	5.46209	78135.1	0	0
proton	938.272	3.29214	78135.1	0	0
neutron	939.565	0.833805	78135.1	0	0
Si30	27913.2	0.78546	78135.1	0	0
neutron	939.565	0.303544	75421.4	0	0
Ne22	20479.7	0.264448	75421.4	0	0
Na23	21409.2	0.12607	87343.7	5096.9	5096.7
Cl35	32564.6	0.0792963	85804.5	4469.26	4468.65
Cl35	32564.6	0.0831738	84342.6	3948.88	3948.75
neutron	939.565	18.0932	74136.1	0	0
neutron	939.565	13.0396	74136.1	0	0
neutron	939.565	2.69753	74136.1	0	0
Ne20	18617.7	2.40535	74136.1	0	0
Cl35	32564.6	0.176521	99522.8	9800.37	9799.87
neutron	939.565	1.98231	77425.7	0	0
Ne22	20479.7	0.252382	77425.7	0	0
Ne23	21414.1	0.224118	75489.5	0	0
neutron	939.565	0.608583	76111.8	0	0
S34	31632.7	0.229881	76111.8	0	0
Cl35	32564.6	0.0688718	84746.1	3547.94	3547.85
Ne23	21414.1	0.221088	76098	0	0
Cl37	34424.8	0.174879	82963.6	2825.97	2825.39
Na23	21409.2	0.272853	77226.2	620.13	619.288
neutron	939.565	10.2793	75591.3	0	0
neutron	939.565	2.63913	75591.3	0	0
neutron	939.565	0.326059	75591.3	0	0
alpha	3727.38	6.30866	75591.3	0	0
Si28	26053.2	0.684382	75591.3	0	0
Cl35	32564.6	0.075902	86071.5	3853.83	3853.61
Cl35	32564.6	0.169466	99638.5	9842.73	9842.45
Na23	21409.2	0.257797	80595.1	2375.66	2375.1
neutron	939.565	1.26374	74254	0	0
S36	33495	0.138915	74254	0	0
Cl35	32564.6	0.0694039	83456.8	3407.59	3407.45
S35	32565.3	0.147585	74610.1	0	0
Na23	21409.2	0.321333	91342.4	5619.43	5619.02
proton	938.272	95.6476	87970.2	4240.62	3975.27
proton	938.272	81.4308	87970.2	4240.62	3975.27
neutron	939.565	10.2868	87970.2	4240.62	3975.27
neutron	939.565	9.41869	87970.2	4240.62	3975.27
neutron	939.565	1.4323	87970.2	4240.62	3975.27
alpha	3727.38	9.12567	87970.2	4240.62	3975.27
N14	13040.2	0.765191	87970.2	4240.62	3975.27
Cl35	32564.6	0.314321	80752.8	1200.29	1199.45
neutron	939.565	34.1877	77560.4	0	0
neutron	939.565	2.88834	77560.4	0	0
alpha	3727.38	8.01057	77560.4	0	0
Si31	28846.2	0.827803	77560.4	0	0
Cl35	32564.6	0.306729	90893.1	5646.8	5646.39
Na23	21409.2	0.423728	80987.2	1747.03	1746.02
neutron	939.565	5.80844	75800.7	0	0
S34	31632.7	0.234245	75800.7	0	0
neutron	939.565	0.195735	77173.3	0	0
Ne22	20479.7	0.308617	77173.3	0	0
Cl35	32564.6	0.0847131	89158.7	5611.52	5611.02
Na23	21409.2	0.821449	81334.4	2048.84	2047.97
S35	32565.3	0.148503	75823.9	0	0
neutron	939.565	2.11259	75372.6	0	0
S34	31632.7	0.0989692	75372.6	0	0
Na23	21409.2	0.125715	97862.8	9043.07	9042.89
Cl35	32564.6	0.451374	79347.3	1287.3	1286.62
proton	938.272	15.9337	75940.1	0	0
neutron	939.565	3.99045	75940.1	0	0
neutron	939.565	3.5162	75940.1	0	0
neutron	939.565	1.531	75940.1	0	0
neutron	939.565	1.37135	75940.1	0	0
P32	29775.8	0.132642	75940.1	0	0
neutron	939.565	1.2645	75403.1	0	0
neutron	939.565	0.846349	75403.1	0	0
Ne21	19550.5	0.065439	75403.1	0	0
neutron	939.565	0.742297	80204.5	0	0
S34	31632.7	0.14324	80204.5	0	0
Cl37	34424.8	0.0742379	81414.5	1684.87	1684.59
Na23	21409.2	0.397571	78459.1	599.155	598.706
Ne23	21414.1	0.215635	76907.6	0	0
Cl35	32564.6	0.162824	98829.5	9387.83	9387.28
Na23	21409.2	0.183355	92320.8	6657.8	6656.98
Cl35	32564.6	0.115254	90438.5	5894.13	5893.98
Cl37	34424.8	0.22202	76903	598.877	598.528
Cl35	32564.6	0.375337	87494.3	4728.58	4728.15
Na23	21409.2	0.234642	77445.6	907.961	907.325
neutron	939.565	7.32285	74972.4	0	0
neutron	939.565	3.85704	74972.4	0	0
alpha	3727.38	9.83879	74972.4	0	0
O17	15830.5	7.06552	74972.4	0	0
neutron	939.565	0.208897	75705.7	0	0
S34	31632.7	0.141747	75705.7	0	0
Na23	21409.2	0.106694	99890.7	9956.47	9955.99
Na23	21409.2	0.388379	97817.2	9142.61	9142.06
neutron	939.565	0.596469	75303.2	0	0
S34	31632.7	0.0942377	75303.2	0	0
Cl37	34424.8	0.188374	77486	57.8866	57.5636
neutron	939.565	0.580294	77437.9	0	0
S36	33495	0.0613656	77437.9	0	0
Na23	21409.2	0.124544	95198.8	8156.01	8155.82
Cl37	34424.8	0.12794	76075	405.307	405.117
Cl35	32564.6	0.0698913	75871.9	337.881	337.479
Cl35	32564.6	0.0943891	95477.2	8183.21	8182.97
neutron	939.565	0.138439	76380.1	0	0
Ne22	20479.7	0.203273	76380.1	0	0
Na23	21409.2	0.126019	95323.1	8199.73	8199.47
Cl37	34424.8	0.0785371	87057.4	4079.86	4079.54
Cl35	32564.6	0.0815714	81764.5	2059.56	2059.44
neutron	939.565	33.7728	76372.9	0	0
proton	938.272	31.0489	76372.9	0	0
F21	19556.7	1.28929	76372.9	0	0
Cl35	32564.6	0.0815587	95552.9	8000.19	8000.08
Na23	21409.2	0.109071	88700.9	5237.78	5237.52
neutron	939.565	0.947194	75943.8	0	0
Ne22	20479.7	0.111534	75943.8	0	0
neutron	939.565	4.80633	75922.1	0	0
neutron	939.565	0.341908	75922.1	0	0
Ne21	19550.5	0.0148318	75922.1	0	0
Cl37	34424.8	0.341612	90130	5232.02	5231.12
neutron	939.565	1.82525	76911.5	0	0
S34	31632.7	0.159505	76911.5	0	0
S37	34430.2	0.140142	75923.3	0	0
Cl35	32564.6	0.0987968	90373.4	5865.33	5865.19
Cl35	32564.6	0.0868421	85786.4	3792.4	3792.27
Na23	21409.2	0.135839	83365.4	2361.54	2361.09
Na23	21409.2	0.173484	77487	195.534	195.34
Ne23	21414.1	0.220515	77103.4	0	0
Na23	21409.2	0.168282	95150.2	8075.72	8075.51
neutron	939.565	1.08908	75737.2	0	0
S36	33495	0.121499	75737.2	0	0
Cl35	32564.6	0.0790833	84443.6	3582.5	3582.19
neutron	939.565	0.751996	75934.7	0	0
S34	31632.7	0.236283	75934.7	0	0
Na23	21409.2	0.188141	87627.3	5271.39	5271.19
Na23	21409.2	0.137107	85218.6	4335.16	4334.85
Cl37	34424.8	0.068596	87093.7	4918.12	4917.9
Cl35	32564.6	0.148675	79544.7	2010.57	2010.37
neutron	939.565	8.95782	74417.4	0	0
neutron	939.565	4.69792	74417.4	0	0
neutron	939.565	4.5666	74417.4	0	0
alpha	3727.38	12.6705	74417.4	0	0
O16	14895.1	7.24156	74417.4	0	0
Cl35	32564.6	0.0774696	83304.7	2684.61	2684.2
proton	938.272	16.8599	76153.2	0	0
neutron	939.565	10.6837	76153.2	0	0
neutron	939.565	1.20014	76153.2	0	0
F20	18625.3	1.15508	76153.2	0	0
Cl35	32564.6	0.0935134	82401.7	2566.99	2566.86
Ne23	21414.1	0.230251	76243.5	0	0
Cl35	32564.6	0.1411	79145.3	1598.36	1598.1
neutron	939.565	0.0154733	75267.6	0	0
S36	33495	0.131216	75267.6	0	0
S35	32565.3	0.167262	76396.9	0	0
neutron	939.565	0.298535	75346.4	0	0
S34	31632.7	0.192862	75346.4	0	0
Cl37	34424.8	0.123368	90798.7	6208.7	6208.4
Cl37	34424.8	0.163519	82624.9	2675.99	2675.78
S35	32565.3	0.154146	75519.1	0	0
Ne23	21414.1	0.215964	74198.2	0	0
proton	938.272	9.41255	76063	0	0
proton	938.272	3.1626	76063	0	0
neutron	939.565	2.12475	76063	0	0
neutron	939.565	0.935326	76063	0	0
Si31	28846.2	0.195718	76063	0	0
neutron	939.565	31.2039	76777.1	0	0
alpha	3727.38	5.14578	76777.1	0	0
O18	16762	3.40187	76777.1	0	0
Cl35	32564.6	0.0722075	99270.3	9692.74	9692.66
neutron	939.565	23.6917	75624.5	0	0
neutron	939.565	11.7828	75624.5	0	0
neutron	939.565	1.47235	75624.5	0	0
S32	29773.6	1.30798	75624.5	0	0
Cl35	32564.6	0.183484	97283	8819.9	8819.7
Na23	21409.2	0.468171	94189.8	7630.66	7629.98
Na23	21409.2	0.132162	85511.6	4105.67	4105.51
neutron	939.565	8.172	76381.4	0	0
neutron	939.565	5.66044	76381.4	0	0
neutron	939.565	2.26808	76381.4	0	0
S32	29773.6	0.975238	76381.4	0	0
neutron	939.565	5.40134	75290.6	0	0
neutron	939.565	2.32765	75290.6	0	0
S33	30704.6	0.0196837	75290.6	0	0
Cl35	32564.6	0.0677745	86742.8	4340.62	4340.49
neutron	939.565	1.01203	74922.5	0	0
Ne22	20479.7	0.0934609	74922.5	0	0
neutron	939.565	1.84498	75011	0	0
Ne22	20479.7	0.0646304	75011	0	0
Cl37	34424.8	0.148821	89718.3	5272.07	5271.8
neutron	939.565	7.24909	76296.2	0	0
neutron	939.565	2.28031	76296.2	0	0
Ne21	19550.5	0.852301	76296.2	0	0
Cl35	32564.6	0.0965706	96425	8520.34	8520.22
Na23	21409.2	0.11333	94352.3	7769.43	7769.18
Na23	21409.2	0.1098	83437.9	3341.53	3341.33
neutron	939.565	10.8034	74915.5	0	0
proton	938.272	5.3388	74915.5	0	0
P33	30705.3	0.12792	74915.5	0	0
Cl35	32564.6	0.100297	92424	5874.93	5874.51
Na23	21409.2	0.103163	88582.4	4317.22	4316.95
Ne23	21414.1	0.211684	77570.1	0	0
Ne23	21414.1	0.222534	75319.5	0	0
neutron	939.565	208.302	79548.8	1543.07	1162.74
neutron	939.565	109.688	79548.8	1543.07	1162.74
proton	938.272	6.79436	79548.8	1543.07	1162.74
neutron	939.565	2.04184	79548.8	1543.07	1162.74
neutron	939.565	1.68361	79548.8	1543.07	1162.74
S32	29773.6	1.4546	79548.8	1543.07	1162.74
neutron	939.565	1.54825	75011.6	0	0
S34	31632.7	0.230106	75011.6	0	0
Ne23	21414.1	0.208555	77055.7	0	0
Cl35	32564.6	0.281628	98736	9487.02	9486.56
Cl35	32564.6	0.0723783	83502.3	1592.04	1591.88
Cl35	32564.6	0.141944	87743.9	4778.32	4778.08
Na23	21409.2	0.10752	76272.5	199.246	199.084
proton	938.272	18.2241	75885.8	0	0
neutron	939.565	12.3208	75885.8	0	0
neutron	939.565	2.34646	75885.8	0	0
neutron	939.565	1.2947	75885.8	0	0
P31	28844.2	2.09627	75885.8	0	0
Cl35	32564.6	0.333298	76613.4	666.654	666.138
neutron	939.565	13.6696	74789	0	0
neutron	939.565	2.91795	74789	0	0
neutron	939.565	1.29207	74789	0	0
alpha	3727.38	10.212	74789	0	0
Si30	27913.2	2.91128	74789	0	0
Na23	21409.2	0.141696	90389	5562.66	5562.46
Cl35	32564.6	0.137885	77258.3	439.712	439.248
neutron	939.565	18.3173	76172.6	0	0
neutron	939.565	14.4356	76172.6	0	0
neutron	939.565	1.17643	76172.6	0	0
Ne20	18617.7	0.45305	76172.6	0	0
neutron	939.565	0.8535	81366.3	0	0
Ne22	20479.7	0.214126	81366.3	0	0
Cl37	34424.8	0.144236	81034	2005.68	2005.37
proton	938.272	82.4357	98065.5	9192.01	8956.13
neutron	939.565	12.2731	98065.5	9192.01	8956.13
proton	938.272	11.2728	98065.5	9192.01	8956.13
neutron	939.565	9.11684	98065.5	9192.01	8956.13
neutron	939.565	8.84922	98065.5	9192.01	8956.13
proton	938.272	4.99133	98065.5	9192.01	8956.13
proton	938.272	4.94778	98065.5	9192.01	8956.13
neutron	939.565	4.6945	98065.5	9192.01	8956.13
neutron	939.565	4.29206	98065.5	9192.01	8956.13
Al26	24200	0.709927	98065.5	9192.01	8956.13
Na23	21409.2	0.133931	99571.1	9843.32	9842.94
neutron	939.565	2.16095	77775.6	0	0
S34	31632.7	0.316449	77775.6	0	0
Cl35	32564.6	0.125997	99136.5	9675.33	9675.11
Na23	21409.2	0.269291	99088.4	9659.69	9659.09
Na23	21409.2	0.166884	75520.1	386.026	385.771
neutron	939.565	0.282857	74612.1	0	0
S36	33495	0.0834341	74612.1	0	0
Cl37	34424.8	0.0719688	96041.4	8294.43	8294.24
Cl35	32564.6	0.621432	93291.6	7225.32	7224.29
Cl35	32564.6	0.116792	85424.6	3899.87	3899.65
neutron	939.565	0.99153	74917.2	0	0
S36	33495	0.184572	74917.2	0	0
S37	34430.2	0.142051	76891.7	0	0
Na23	21409.2	0.160704	95649.6	8107.86	8107.5
neutron	939.565	22.7847	75047.3	0	0
neutron	939.565	3.25724	75047.3	0	0
neutron	939.565	2.60108	75047.3	0	0
neutron	939.565	1.70195	75047.3	0	0
S33	30704.6	0.515727	75047.3	0	0
S35	32565.3	0.155539	75735.1	0	0
Na23	21409.2	0.129324	86341.1	4290.6	4290.39
neutron	939.565	0.166102	75594.7	0	0
Ne22	20479.7	0.233802	75594.7	0	0
S35	32565.3	0.154941	74670.7	0	0
Na23	21409.2	0.438813	89876.6	5907.83	5907.14
neutron	939.565	2.80424	75140	0	0
Ne22	20479.7	0.222997	75140	0	0
Cl35	32564.6	0.583571	92288.2	6824.57	6823.84
neutron	939.565	0.627593	79547.4	0	0
S34	31632.7	0.204866	79547.4	0	0
Cl37	34424.8	0.0853439	87402.8	4187.02	4186.9
Ne23	21414.1	0.230596	76183.6	0	0
Cl37	34424.8	0.0884659	85283	3820.83	3820.13
neutron	939.565	0.0671102	75858.3	0	0
Ne22	20479.7	0.176583	75858.3	0	0
Cl35	32564.6	0.089894	91554.3	6456.21	6455.7
Na23	21409.2	0.127958	77566.3	763.734	763.571
Cl35	32564.6	0.0849066	75673.4	92.6088	92.4759
Na23	21409.2	0.439658	87485.9	4401.53	4400.98
neutron	939.565	2.35312	74437.8	0	0
S34	31632.7	0.355524	74437.8	0	0
Cl35	32564.6	0.099617	92336.7	6334.29	6334.17
Ne23	21414.1	0.235205	75766.1	0	0
Cl37	34424.8	0.0768683	92510	6921.2	6921.06
Na23	21409.2	0.6017	79319.3	1793.39	1792.18
proton	938.272	10.3291	76034.2	0	0
neutron	939.565	10.2169	76034.2	0	0
neutron	939.565	2.62118	76034.2	0	0
neutron	939.565	1.98543	76034.2	0	0
P33	30705.3	0.968934	76034.2	0	0
Cl35	32564.6	0.0725988	75430	152.892	152.723
neutron	939.565	1.31352	75105.1	0	0
Ne22	20479.7	0.306705	75105.1	0	0
Cl35	32564.6	0.200655	86081.9	3745.07	3744.63
neutron	939.565	2.34251	76602.7	0	0
Ne22	20479.7	0.107397	76602.7	0	0
Cl37	34424.8	0.0770291	90237.8	5560.73	5560.58
Na23	21409.2	0.179253	83625.5	2984.34	2983.89
neutron	939.565	0.653378	78497.6	0	0
Ne22	20479.7	0.183901	78497.6	0	0
Na23	21409.2	0.177848	92901.8	5832.03	5831.78
Na23	21409.2	0.121603	92033.6	5481.92	5481.37
Na23	21409.2	0.115685	78920.4	176.234	175.982
neutron	939.565	0.983916	78585.9	0	0
S34	31632.7	0.0505433	78585.9	0	0
Cl35	32564.6	0.099283	96985.6	8671.17	8671.05
neutron	939.565	8.35739	76120.2	0	0
neutron	939.565	1.07698	76120.2	0	0
Ne21	19550.5	0.320022	76120.2	0	0
Ne23	21414.1	0.197863	77348.1	0	0
Na23	21409.2	0.101812	93070.9	7127.83	7127.7
neutron	939.565	3.37991	78280.1	0	0
neutron	939.565	0.44281	78280.1	0	0
S33	30704.6	0.216111	78280.1	0	0
neutron	939.565	4.35492	75792	0	0
Ne22	20479.7	0.22396	75792	0	0
neutron	939.565	0.532699	75826.7	0	0
S34	31632.7	0.128235	75826.7	0	0
Cl35	32564.6	0.236464	88257.7	4873.71	4873.41
neutron	939.565	2.4365	81084.4	0	0
S34	31632.7	0.38996	81084.4	0	0
neutron	939.565	9.71096	76208.7	0	0
neutron	939.565	8.08139	76208.7	0	0
neutron	939.565	1.35683	76208.7	0	0
Ne20	18617.7	0.176153	76208.7	0	0
Cl35	32564.6	0.0740306	90012.2	5830.04	5829.69
Cl35	32564.6	0.0965727	84329.2	3573.77	3573.61
Cl35	32564.6	0.152919	79962.1	1802.2	1801.96
S35	32565.3	0.155428	75122.1	0	0
neutron	939.565	4.76333	79714	0	0
neutron	939.565	4.29167	79714	0	0
neutron	939.565	1.80403	79714	0	0
alpha	3727.38	4.82746	79714	0	0
O16	14895.1	0.714221	79714	0	0
Cl37	34424.8	0.138675	98216.5	9310.25	9310.03
Cl35	32564.6	0.237077	84954.2	3822.35	3822.06
Ne23	21414.1	0.221297	74627.8	0	0
Cl35	32564.6	0.108072	78439.2	1069.32	1069.19
neutron	939.565	7.0206	75515.7	0	0
neutron	939.565	2.34027	75515.7	0	0
proton	938.272	2.31155	75515.7	0	0
neutron	939.565	1.05607	75515.7	0	0
P31	28844.2	0.737861	75515.7	0	0
neutron	939.565	3.80073	77116.2	0	0
proton	938.272	3.62572	77116.2	0	0
P33	30705.3	0.331961	77116.2	0	0
Cl35	32564.6	0.140768	94699.7	7958.11	7957.79
neutron	939.565	1.09802	74286.8	0	0
S34	31632.7	0.290387	74286.8	0	0
Na23	21409.2	0.220145	83814.1	3254.28	3253.67
Na23	21409.2	0.129406	79595.5	1377.99	1377.46
neutron	939.565	2.92378	76053	0	0
Ne22	20479.7	0.358848	76053	0	0
Na23	21409.2	0.172396	87533.8	4529.46	4529.26
neutron	939.565	0.640084	75620.6	0	0
S36	33495	0.0786464	75620.6	0	0
Cl37	34424.8	0.117862	94434.6	6574.15	6573.67
neutron	939.565	7.14487	77836.2	0	0
neutron	939.565	0.436687	77836.2	0	0
Ne21	19550.5	0.761834	77836.2	0	0
S35	32565.3	0.161075	75571	0	0
neutron	939.565	0.106359	76485.6	0	0
Ne22	20479.7	0.176112	76485.6	0	0
Cl35	32564.6	0.205401	84273.9	3075.81	3075.46
Cl35	32564.6	0.17542	78877.2	1030.77	1030.44
Ne23	21414.1	0.20131	76191.3	0	0
Na23	21409.2	0.16673	89402.2	5608.55	5608.31
S35	32565.3	0.143178	76186.9	0	0
Cl37	34424.8	0.0748339	99958.2	9985.97	9985.69
neutron	939.565	1.39018	76485.4	0	0
neutron	939.565	1.11999	76485.4	0	0
Ne21	19550.5	0.0612375	76485.4	0	0
Na23	21409.2	0.164931	86501.6	4396.11	4395.7
neutron	939.565	19.5584	75201.9	0	0
neutron	939.565	3.77629	75201.9	0	0
neutron	939.565	2.68969	75201.9	0	0
neutron	939.565	2.19192	75201.9	0	0
neutron	939.565	0.231292	75201.9	0	0
S32	29773.6	0.50027	75201.9	0	0
Cl37	34424.8	0.0657732	93184.6	6623.35	6623
S35	32565.3	0.152016	76850.7	0	0
Cl35	32564.6	0.142016	99929.5	9975.66	9975.39
neutron	939.565	25.4133	76321.7	0	0
neutron	939.565	0.321675	76321.7	0	0
S35	32565.3	0.751595	76321.7	0	0
Cl35	32564.6	0.12589	75772.5	78.3043	77.7151
proton	938.272	24.8285	76085.5	0	0
neutron	939.565	3.98871	76085.5	0	0
neutron	939.565	3.93508	76085.5	0	0
neutron	939.565	0.0326411	76085.5	0	0
P31	28844.2	0.289643	76085.5	0	0
Cl35	32564.6	0.0699788	97409.4	8907.44	8907.26
Cl35	32564.6	0.0968013	77259.3	294.491	294.127
neutron	939.565	0.625022	76557.5	0	0
S34	31632.7	0.110904	76557.5	0	0
neutron	939.565	6.62032	74725.6	0	0
Ne22	20479.7	0.885617	74725.6	0	0
Cl35	32564.6	0.116935	95883.1	7738.3	7738.18
Cl35	32564.6	0.0774916	79726.4	1032.12	1031.69
Na23	21409.2	0.197672	84306	2971.75	2971.51
Na23	21409.2	1.36984	82960.9	2416.73	2415.24
Ne23	21414.1	0.218832	77477.4	0	0
neutron	939.565	0.159368	75986.5	0	0
S34	31632.7	0.126286	75986.5	0	0
Cl35	32564.6	0.120761	96093.2	8482.72	8482.56
Na23	21409.2	0.314781	91076.5	6359.65	6358.95
Cl35	32564.6	0.341239	89218.9	3803.59	3802.92
neutron	939.565	29.0655	78990.2	0	0
neutron	939.565	9.81273	78990.2	0	0
neutron	939.565	1.71143	78990.2	0	0
Ne20	18617.7	0.800448	78990.2	0	0
Cl35	32564.6	0.100156	84288.1	3806.48	3806.16
Cl35	32564.6	0.161508	83163.3	3393.37	3393.17
Cl35	32564.6	0.162313	87342.1	4259.58	4259.41
Na23	21409.2	0.206174	78947.7	968.406	967.41
Ne23	21414.1	0.230182	76250.8	0	0
Ne23	21414.1	0.22114	75792.8	0	0
Na23	21409.2	0.10342	76734	414.153	413.845
Cl35	32564.6	0.0850321	86943.7	3302.56	3301.92
Ne23	21414.1	0.220621	78350.6	0	0
Na23	21409.2	0.25008	92144.1	6811.67	6811.28
Na23	21409.2	0.113371	88574.5	5261.7	5261.56
Na23	21409.2	0.187999	79530.7	1667.84	1667.56
S37	34430.2	0.14326	75522.5	0	0
Na23	21409.2	0.142268	89144.4	5154.2	5154
Na23	21409.2	0.197738	86675.9	4085.61	4085.41
Ne23	21414.1	0.223308	75808.6	0	0
Cl35	32564.6	0.229665	99266.8	9714.15	9713.9
Ne23	21414.1	0.234528	74784.4	0	0
Cl35	32564.6	0.126838	92828.5	6838.22	6837.89
Cl35	32564.6	0.0913309	83735.2	3245.4	3244.75
neutron	939.565	16.4763	75379.7	0	0
neutron	939.565	1.97014	75379.7	0	0
neutron	939.565	0.0799444	75379.7	0	0
S32	29773.6	0.635558	75379.7	0	0
Cl35	32564.6	0.0867801	96701.2	8221.15	8220.97
neutron	939.565	34.7485	76197.4	0	0
neutron	939.565	4.20376	76197.4	0	0
neutron	939.565	2.58203	76197.4	0	0
Ne20	18617.7	3.13394	76197.4	0	0
Ne23	21414.1	0.235377	75753.4	0	0
Cl35	32564.6	0.151564	88401	4611.86	4611.59
S35	32565.3	0.156822	76815.2	0	0
Ne23	21414.1	0.210475	76305.6	0	0
Cl35	32564.6	0.0826883	91833.1	6639.61	6639.33
Cl35	32564.6	0.0961372	88188.8	5256.05	5255.38
Na23	21409.2	0.412963	83386.9	3352.73	3352.27
neutron	939.565	0.30612	74835.8	0	0
S34	31632.7	0.173474	74835.8	0	0
neutron	939.565	2.09069	76331.3	0	0
Ne22	20479.7	0.194261	76331.3	0	0
neutron	939.565	0.498942	75348.7	0	0
neutron	939.565	0.312343	75348.7	0	0
S33	30704.6	0.115471	75348.7	0	0
S35	32565.3	0.151243	75637.1	0	0
Na23	21409.2	0.282602	94748.8	7437.94	7437.47
neutron	939.565	0.506192	76226.2	0	0
Ne22	20479.7	0.0965953	76226.2	0	0
Cl35	32564.6	0.103251	95005.8	8101.54	8101.28
neutron	939.565	21.9322	75402.1	0	0
neutron	939.565	6.71275	75402.1	0	0
neutron	939.565	2.72435	75402.1	0	0
alpha	3727.38	17.3495	75402.1	0	0
O16	14895.1	5.655	75402.1	0	0
neutron	939.565	23.2542	78596.7	0	0
neutron	939.565	5.3166	78596.7	0	0
neutron	939.565	0.676151	78596.7	0	0
Ne20	18617.7	0.912031	78596.7	0	0
Na23	21409.2	0.126803	90053.8	4287.48	4287.15
Na23	21409.2	0.10635	87221.2	3113.98	3113.46
neutron	939.565	15.8604	79140.6	0	0
neutron	939.565	15.3389	79140.6	0	0
neutron	939.565	2.76022	79140.6	0	0
alpha	3727.38	7.19588	79140.6	0	0
O16	14895.1	3.04044	79140.6	0	0
Na23	21409.2	0.156188	86515.9	3887	3886.78
proton	938.272	3.42059	76103.2	0	0
neutron	939.565	2.52709	76103.2	0	0
neutron	939.565	0.712452	76103.2	0	0
P32	29775.8	0.386796	76103.2	0	0
neutron	939.565	17.666	76404.7	0	0
neutron	939.565	3.48413	76404.7	0	0
neutron	939.565	2.27691	76404.7	0	0
alpha	3727.38	5.94596	76404.7	0	0
O16	14895.1	0.205193	76404.7	0	0
Cl35	32564.6	0.0880316	90456.5	4508.72	4508.2
neutron	939.565	27.8497	79571.9	0	0
neutron	939.565	9.01903	79571.9	0	0
neutron	939.565	4.54678	79571.9	0	0
Ne20	18617.7	2.31442	79571.9	0	0
Na23	21409.2	0.103636	93759.3	5482.69	5482.54
Na23	21409.2	0.232632	89297.9	3703.21	3702.79
Na23	21409.2	0.325986	86435.2	2390.38	2389.83
neutron	939.565	0.510845	80712.7	0	0
Ne22	20479.7	0.157455	80712.7	0	0
Cl35	32564.6	0.101845	92210.5	5780.21	5779.74
Cl35	32564.6	0.101236	87189.9	3610.57	3610.3
Cl35	32564.6	0.100788	81507.3	1168.52	1168.35
Cl35	32564.6	0.0785459	78487.6	41.9152	41.5213
neutron	939.565	8.37084	78464	0	0
neutron	939.565	4.82084	78464	0	0
Ne21	19550.5	1.11131	78464	0	0
Cl37	34424.8	0.208739	79765.1	618.914	618.375
Ne23	21414.1	0.226954	78098	0	0
Cl35	32564.6	0.088893	94362.2	7251.58	7251.38
Na23	21409.2	0.143752	89975.6	4856.13	4855.58
proton	938.272	25.4214	77366.9	0	0
neutron	939.565	25.2463	77366.9	0	0
neutron	939.565	2.68299	77366.9	0	0
neutron	939.565	0.368972	77366.9	0	0
P31	28844.2	0.636963	77366.9	0	0
Cl35	32564.6	0.196655	99847	9944.96	9944.24
Ne23	21414.1	0.214497	75856.9	0	0
neutron	939.565	4.68822	76404.8	0	0
S36	33495	0.196207	76404.8	0	0
neutron	939.565	3.31941	75974.7	0	0
neutron	939.565	3.22818	75974.7	0	0
neutron	939.565	2.04446	75974.7	0	0
Ne20	18617.7	0.261168	75974.7	0	0
Cl35	32564.6	0.130283	88908.8	5428.85	5428.66
Na23	21409.2	0.126454	82384	2855.62	2855.41
Cl35	32564.6	0.150531	80935.4	2068.71	2068.36
proton	938.272	2.34376	75734.5	0	0
neutron	939.565	1.96081	75734.5	0	0
P33	30705.3	0.236255	75734.5	0	0
proton	938.272	273.046	83936.5	3494.47	2649.7
Ne22	20479.7	0.215441	83936.5	3494.47	2649.7
Na23	21409.2	0.160194	89317.9	5539.78	5539.49
neutron	939.565	12.088	77109.9	0	0
proton	938.272	7.84279	77109.9	0	0
neutron	939.565	5.43812	77109.9	0	0
neutron	939.565	2.70112	77109.9	0	0
alpha	3727.38	3.44769	77109.9	0	0
N15	13968.9	3.32418	77109.9	0	0
Cl35	32564.6	0.112573	97235.2	8840.68	8839.91
Cl35	32564.6	0.125204	85105.9	3656.03	3655.71
Cl35	32564.6	0.0669475	77116.2	528.931	528.852
Cl35	32564.6	0.122855	99328.2	9741.48	9741.33
neutron	939.565	17.3522	75056.2	0	0
neutron	939.565	0.794917	75056.2	0	0
neutron	939.565	0.576385	75056.2	0	0
Ne20	18617.7	0.941329	75056.2	0	0
neutron	939.565	3.42662	76190.5	0	0
neutron	939.565	2.63795	76190.5	0	0
S33	30704.6	0.231556	76190.5	0	0
Cl35	32564.6	0.202728	81204.1	1098.18	1097.35
Ne23	21414.1	0.224927	78311.3	0	0
Cl35	32564.6	0.114657	80736.1	915.081	914.731
Cl35	32564.6	0.32359	78443.2	132.196	131.848
neutron	939.565	7.37842	78249.9	0	0
S34	31632.7	0.346526	78249.9	0	0
Na23	21409.2	0.101805	76965.1	144.056	143.922
neutron	939.565	2.299	76677.8	0	0
S34	31632.7	0.0875258	76677.8	0	0
Cl35	32564.6	0.0849513	87666.5	4295.65	4295.53
Cl35	32564.6	0.0849926	75674.8	70.4036	70.3061
Cl35	32564.6	0.0770713	77144.7	889.422	889.118
Cl37	34424.8	0.098367	77125	881.472	881.318
Na23	21409.2	0.152513	81547	2485.91	2485.31
S35	32565.3	0.156443	75232.5	0	0
S35	32565.3	0.165339	75456	0	0
Cl35	32564.6	0.101266	77484.4	1205.33	1205.02
Na23	21409.2	0.261971	95973	8199.85	8199.5
Cl37	34424.8	0.159993	93756.8	7152.72	7152.23
Cl35	32564.6	0.0900002	79896.3	1339.79	1339.34
S35	32565.3	0.144403	76472	0	0
Cl37	34424.8	0.130333	98796.2	9555.69	9555.34
neutron	939.565	1.41555	75967.3	0	0
S34	31632.7	0.136874	75967.3	0	0
Cl35	32564.6	0.0889185	93074.9	6647.66	6647.45
Na23	21409.2	0.273781	88546.5	4839.83	4839.43
Ne23	21414.1	0.227783	75816.8	0	0
Cl35	32564.6	0.108887	83200.9	3388.42	3387.97
Ne23	21414.1	0.210127	77214.7	0	0
Na23	21409.2	0.235031	86522.8	4118.19	4117.88
Cl37	34424.8	0.0761335	96984.8	8805.48	8805.38
neutron	939.565	7.53734	74287.8	0	0
proton	938.272	6.2429	74287.8	0	0
proton	938.272	4.57204	74287.8	0	0
neutron	939.565	2.76944	74287.8	0	0
neutron	939.565	2.19623	74287.8	0	0
Si30	27913.2	1.07366	74287.8	0	0
Cl35	32564.6	0.165175	97308	8920.92	8920.65
Na23	21409.2	0.158611	91070.9	6552.45	6552.07
Na23	21409.2	0.222951	88691.9	4745.88	4745.58
neutron	939.565	1.20747	76879.6	0	0
Ne22	20479.7	0.189231	76879.6	0	0
Na23	21409.2	0.154148	92968	6758.19	6758.03
neutron	939.565	4.33416	78093.3	0	0
neutron	939.565	1.87498	78093.3	0	0
alpha	3727.38	10.3291	78093.3	0	0
O17	15830.5	1.68326	78093.3	0	0
Cl35	32564.6	0.0891236	85338.2	4040.36	4039.74
Ne23	21414.1	0.230996	75118.2	0	0
neutron	939.565	22.0011	75072.5	0	0
neutron	939.565	4.28646	75072.5	0	0
neutron	939.565	2.58593	75072.5	0	0
Ne20	18617.7	0.118824	75072.5	0	0
neutron	939.565	9.84853	74246.1	0	0
proton	938.272	8.25011	74246.1	0	0
proton	938.272	7.34982	74246.1	0	0
proton	938.272	4.40485	74246.1	0	0
neutron	939.565	3.27267	74246.1	0	0
neutron	939.565	2.14238	74246.1	0	0
Al29	26988.5	0.810658	74246.1	0	0
proton	938.272	2.72801	75589.8	0	0
neutron	939.565	1.01787	75589.8	0	0
P33	30705.3	0.239768	75589.8	0	0
proton	938.272	118.553	98591.2	9477.59	9249.54
proton	938.272	35.6184	98591.2	9477.59	9249.54
proton	938.272	6.23558	98591.2	9477.59	9249.54
neutron	939.565	2.29358	98591.2	9477.59	9249.54
neutron	939.565	1.606	98591.2	9477.59	9249.54
neutron	939.565	0.838564	98591.2	9477.59	9249.54
Si31	28846.2	2.07731	98591.2	9477.59	9249.54
neutron	939.565	5.23875	75908.2	0	0
neutron	939.565	2.58111	75908.2	0	0
S33	30704.6	0.130102	75908.2	0	0
Cl35	32564.6	0.0910169	99896	9962.77	9962.66
neutron	939.565	3.91156	78213.2	0	0
neutron	939.565	3.63883	78213.2	0	0
neutron	939.565	2.18925	78213.2	0	0
S34	31632.7	0.364473	78213.2	0	0
Na23	21409.2	0.241258	92522.4	4658.22	4657.76
Na23	21409.2	0.250719	90580	3855.79	3855.53
Na23	21409.2	0.126374	87436.4	3895.72	3895.58
Cl35	32564.6	0.104924	83665.9	3299.87	3299.69
Cl35	32564.6	0.132222	81085.7	2271.88	2271.74
neutron	939.565	8.08144	75187.7	0	0
neutron	939.565	1.02284	75187.7	0	0
neutron	939.565	0.76217	75187.7	0	0
S34	31632.7	0.259693	75187.7	0	0
neutron	939.565	15.5427	75238.1	0	0
neutron	939.565	10.9418	75238.1	0	0
neutron	939.565	9.01461	75238.1	0	0
neutron	939.565	8.38423	75238.1	0	0
neutron	939.565	0.166959	75238.1	0	0
S32	29773.6	0.451331	75238.1	0	0
S37	34430.2	0.141523	82840.9	0	0
Ne23	21414.1	0.221281	77475.1	0	0
Cl35	32564.6	0.0699447	93899.3	7420.61	7419.47
Cl35	32564.6	0.632031	81657.9	2228.22	2227.23
Na23	21409.2	0.115997	91615.6	6648.18	6648.01
Na23	21409.2	0.117553	92593.7	6997.7	6997.43
neutron	939.565	0.636833	74738.5	0	0
S34	31632.7	0.178731	74738.5	0	0
Cl35	32564.6	0.513862	91088.9	6431.31	6430.28
neutron	939.565	5.77426	74710.9	0	0
neutron	939.565	4.37437	74710.9	0	0
neutron	939.565	3.31197	74710.9	0	0
neutron	939.565	1.46373	74710.9	0	0
alpha	3727.38	8.79317	74710.9	0	0
Si29	26984.3	3.06889	74710.9	0	0
Cl37	34424.8	0.145384	85822.2	2709.88	2709.7
neutron	939.565	1.10365	78713.5	0	0
S36	33495	0.0584469	78713.5	0	0
Na23	21409.2	0.124375	97719.1	8376.63	8376.32
Na23	21409.2	0.16241	96780	7993.74	7993.28
proton	938.272	5.15614	82606.1	0	0
neutron	939.565	4.6562	82606.1	0	0
neutron	939.565	3.16512	82606.1	0	0
neutron	939.565	2.36874	82606.1	0	0
proton	938.272	2.2257	82606.1	0	0
Si30	27913.2	0.367603	82606.1	0	0
Na23	21409.2	0.150442	97448.6	8770.69	8770.28
Na23	21409.2	0.487879	92478.8	6793.39	6792.78
Cl35	32564.6	0.169562	85713	3644.13	3643.93
neutron	939.565	19.6794	76024.7	0	0
neutron	939.565	16.4859	76024.7	0	0
neutron	939.565	6.49513	76024.7	0	0
alpha	3727.38	6.23051	76024.7	0	0
O16	14895.1	5.52721	76024.7	0	0
S35	32565.3	0.152145	75970.4	0	0
Cl37	34424.8	0.073423	96028.4	8086.24	8086.05
neutron	939.565	4.85985	76209.3	0	0
neutron	939.565	3.52137	76209.3	0	0
neutron	939.565	0.665796	76209.3	0	0
Ne20	18617.7	0.346788	76209.3	0	0
Cl37	34424.8	0.137533	81221.9	1245.9	1245.68
Cl37	34424.8	0.292773	94977.7	7770.19	7769.76
Cl35	32564.6	0.103992	87838.5	4871.76	4871.34
S35	32565.3	0.134498	74913.5	0	0
Ne23	21414.1	0.217383	77448	0	0
Na23	21409.2	0.176433	98896.9	9509.12	9508.13
Na23	21409.2	0.139484	78682.7	1297.49	1297.32
neutron	939.565	0.0866273	75173.7	0	0
S36	33495	0.130363	75173.7	0	0
Na23	21409.2	0.178389	76659.8	347.485	347.172
S37	34430.2	0.130235	75795.5	0	0
Cl35	32564.6	0.0803652	76807.8	521.001	520.894
Na23	21409.2	0.437731	86027.9	3747.77	3747
proton	938.272	25.9044	77599.2	0	0
neutron	939.565	16.4383	77599.2	0	0
F21	19556.7	0.62172	77599.2	0	0
neutron	939.565	25.3175	76483.6	0	0
proton	938.272	8.71686	76483.6	0	0
neutron	939.565	1.46444	76483.6	0	0
P32	29775.8	0.13957	76483.6	0	0
neutron	939.565	0.752772	75368.1	0	0
Ne22	20479.7	0.396722	75368.1	0	0
neutron	939.565	0.665302	77282.5	0	0
Ne22	20479.7	0.340558	77282.5	0	0
Na23	21409.2	0.62571	91206.7	6517.34	6516.71
neutron	939.565	3.41878	74846.1	0	0
neutron	939.565	1.34768	74846.1	0	0
Ne21	19550.5	0.64229	74846.1	0	0
Cl35	32564.6	0.067443	88591.9	5153.23	5153.05
neutron	939.565	31.3072	76479.4	0	0
neutron	939.565	4.99971	76479.4	0	0
neutron	939.565	1.47152	76479.4	0	0
S32	29773.6	2.12999	76479.4	0	0
Cl35	32564.6	0.143036	90947.7	5190.06	5189.72
Cl37	34424.8	0.796221	82768.6	1557.93	1557.03
neutron	939.565	9.93159	76665.6	0	0
Ne22	20479.7	0.988665	76665.6	0	0
S35	32565.3	0.166641	75437	0	0
Na23	21409.2	0.225467	98203.8	8960.87	8960.26
neutron	939.565	1.39259	76642.8	0	0
Ne22	20479.7	0.186864	76642.8	0	0
neutron	939.565	28.9828	75637.7	0	0
neutron	939.565	3.66715	75637.7	0	0
neutron	939.565	1.78021	75637.7	0	0
Ne20	18617.7	1.00199	75637.7	0	0
Na23	21409.2	0.428478	97874.1	9245.52	9244.92
Na23	21409.2	0.303802	98714.4	9515.68	9514.86
neutron	939.565	12.3505	75313.9	0	0
neutron	939.565	6.6153	75313.9	0	0
neutron	939.565	3.84496	75313.9	0	0
alpha	3727.38	4.46673	75313.9	0	0
O16	14895.1	2.45494	75313.9	0	0
neutron	939.565	0.845329	76721.5	0	0
S34	31632.7	0.180534	76721.5	0	0
Cl35	32564.6	0.074876	92025.9	6617.98	6617.79
Na23	21409.2	0.110144	81039.8	2227.03	2226.16
neutron	939.565	0.208646	75002.2	0	0
Ne22	20479.7	0.155635	75002.2	0	0
Na23	21409.2	0.153861	78145	652.899	652.736
neutron	939.565	0.462857	76433.7	0	0
Ne22	20479.7	0.18682	76433.7	0	0
Na23	21409.2	0.933739	88143.4	4981.95	4980.93
S37	34430.2	0.143641	77147.7	0	0
Cl35	32564.6	0.097902	98197.6	9138.7	9138.57
proton	938.272	58.5663	94863.2	7877.64	7464.4
Na22	20482.1	0.594213	94863.2	7877.64	7464.4
Ne23	21414.1	0.204636	78074	0	0
Cl37	34424.8	0.222967	82305.3	2737.8	2737.5
Na23	21409.2	0.145279	81130	2317.31	2317.07
neutron	939.565	6.90451	75360.1	0	0
neutron	939.565	5.10563	75360.1	0	0
proton	938.272	3.3224	75360.1	0	0
neutron	939.565	2.35104	75360.1	0	0
alpha	3727.38	8.37493	75360.1	0	0
N15	13968.9	8.27129	75360.1	0	0
neutron	939.565	5.09788	75020.2	0	0
neutron	939.565	1.61751	75020.2	0	0
S35	32565.3	0.244708	75020.2	0	0
Cl35	32564.6	0.0736877	85731.8	3324.35	3323.84
Cl35	32564.6	0.0852051	78323.6	461.214	461.103
proton	938.272	17.8794	77102.6	0	0
neutron	939.565	12.6108	77102.6	0	0
neutron	939.565	2.15443	77102.6	0	0
neutron	939.565	1.6816	77102.6	0	0
P31	28844.2	0.196281	77102.6	0	0
neutron	939.565	1.31002	77786.2	0	0
S34	31632.7	0.198432	77786.2	0	0
neutron	939.565	2.98435	77228.8	0	0
Ne22	20479.7	0.473965	77228.8	0	0
Na23	21409.2	0.267858	96533.9	8341.92	8341.3
Cl35	32564.6	0.0697272	94675.5	7777.93	7777.67
Na23	21409.2	0.101854	98733.2	9440.55	9440.31
Cl37	34424.8	0.275841	80052.4	1649.28	1648.94
S37	34430.2	0.140696	75929.3	0	0
Cl35	32564.6	0.0928676	97773.8	8887.19	8887.07
neutron	939.565	4.40059	75857.8	0	0
neutron	939.565	4.10379	75857.8	0	0
neutron	939.565	1.47806	75857.8	0	0
Ne20	18617.7	0.018255	75857.8	0	0
Na23	21409.2	0.143477	93768.3	7044.91	7044.59
neutron	939.565	5.30583	76812.7	0	0
neutron	939.565	5.04042	76812.7	0	0
neutron	939.565	5.01571	76812.7	0	0
proton	938.272	2.5288	76812.7	0	0
neutron	939.565	1.94659	76812.7	0	0
neutron	939.565	1.10694	76812.7	0	0
P31	28844.2	0.454678	76812.7	0	0
Cl35	32564.6	0.0744648	86473.7	4410.85	4410.73
neutron	939.565	0.933855	76003	0	0
S34	31632.7	0.290358	76003	0	0
Cl35	32564.6	0.214189	82900.4	1903.75	1903.22
neutron	939.565	0.291335	76888.5	0	0
S34	31632.7	0.0764928	76888.5	0	0
Cl35	32564.6	0.149431	98551.1	9479.53	9479.34
Cl35	32564.6	0.0860894	84359.7	2957.92	2957.57
Cl37	34424.8	0.0634364	96769	6790.16	6789.95
Na23	21409.2	0.107737	96244.8	8448.65	8448.54
Na23	21409.2	0.133854	79561.1	1443.95	1443.54
Cl37	34424.8	0.252309	85273.3	3868.4	3868.13
Cl35	32564.6	0.0777921	82355.2	2624.94	2624.8
Na23	21409.2	0.509273	75960.1	194.979	194.311
Ne23	21414.1	0.227304	75893.4	0	0
neutron	939.565	33.6276	76098.2	0	0
proton	938.272	10.5152	76098.2	0	0
P33	30705.3	1.85794	76098.2	0	0
Na23	21409.2	0.115941	94384.3	7471.12	7470.92
neutron	939.565	0.0484536	75762.2	0	0
Ne22	20479.7	0.248315	75762.2	0	0
Na23	21409.2	0.131307	91202.4	5958.27	5957.8
neutron	939.565	0.707813	79451.2	0	0
Ne22	20479.7	0.318964	79451.2	0	0
Cl35	32564.6	0.0706265	83019.4	3134.18	3133.86
neutron	939.565	7.72941	74496.1	0	0
neutron	939.565	7.65965	74496.1	0	0
neutron	939.565	0.531201	74496.1	0	0
alpha	3727.38	5.07182	74496.1	0	0
O16	14895.1	0.461392	74496.1	0	0
Na23	21409.2	0.103688	83870.9	1531.87	1531.22
proton	938.272	4.10235	82312.4	2168.76	1945.12
S34	31632.7	0.294055	82312.4	2168.76	1945.12
Na23	21409.2	0.113727	91243.7	5730.95	5730.7
Na23	21409.2	0.421898	79716.1	1077.54	1077.06
S37	34430.2	0.143097	76783.8	0	0
Cl35	32564.6	0.139386	90126.1	4894.03	4893.7
neutron	939.565	555.373	84842.7	2764.72	576.342
neutron	939.565	4.47528	84842.7	2764.72	576.342
Na21	19553.6	0.14342	84842.7	2764.72	576.342
Na23	21409.2	0.192447	83949.7	277.578	277.253
Cl35	32564.6	0.0936356	98525.6	9469.41	9469.14
Cl35	32564.6	0.172373	86582.7	4209.01	4208.75
S35	32565.3	0.154281	76318.8	0	0
Ne23	21414.1	0.233868	75353.5	0	0
Na23	21409.2	0.239743	87179	4782.53	4782.1
Cl35	32564.6	0.223111	85637.6	4067.14	4066.92
Cl35	32564.6	0.0675859	93011.6	6866.78	6866.63
neutron	939.565	22.5427	87559.4	4595.49	4340.7
neutron	939.565	0.588863	87559.4	4595.49	4340.7
Ne21	19550.5	0.108084	87559.4	4595.49	4340.7
neutron	939.565	35.0433	76920.5	0	0
neutron	939.565	2.16757	76920.5	0	0
neutron	939.565	0.758815	76920.5	0	0
alpha	3727.38	4.0817	76920.5	0	0
O16	14895.1	5.69289	76920.5	0	0
Cl35	32564.6	0.181109	80861.4	2148.44	2148.25
Cl35	32564.6	0.0681284	80694.8	2085.98	2085.76
Ne23	21414.1	0.233452	75079.9	0	0
Cl35	32564.6	0.0984919	99623.3	9860.52	9860.24
neutron	939.565	7.30277	75071.4	0	0
neutron	939.565	2.07308	75071.4	0	0
S33	30704.6	0.41122	75071.4	0	0
Na23	21409.2	0.330644	81413.8	1859.68	1859.06
Na23	21409.2	0.489214	78009.6	656.166	655.561
Cl35	32564.6	0.117677	85108	3774.66	3774.52
Ne23	21414.1	0.223346	75346.9	0	0
S35	32565.3	0.147459	75017.6	0	0
Ne23	21414.1	0.218559	75691.9	0	0
Cl35	32564.6	0.134718	98418.8	9317.43	9317.29
Cl37	34424.8	0.119327	81732.8	2375.11	2374.83
Ne23	21414.1	0.210601	75285.8	0	0
Na23	21409.2	0.307333	94166.9	6402.55	6402.24
neutron	939.565	0.167495	79620.1	0	0
S36	33495	0.0953231	79620.1	0	0
Cl35	32564.6	0.197419	74696.5	65.1268	64.9216
Cl35	32564.6	0.441705	86114.2	3645.76	3645.26
S37	34430.2	0.132293	76643.6	0	0
Na23	21409.2	0.295088	96431.1	8603.48	8602.94
Na23	21409.2	0.391568	90037.9	5674.05	5673.5
Na23	21409.2	0.216122	86999.2	4379.04	4378.73
Ne23	21414.1	0.224305	78470.2	0	0
neutron	939.565	8.78941	79296.3	0	0
alpha	3727.38	8.29889	79296.3	0	0
Si30	27913.2	1.07588	79296.3	0	0
Na23	21409.2	0.121087	93152.4	6589.19	6589.03
Na23	21409.2	0.267359	78674.9	739.121	738.659
Ne23	21414.1	0.232855	77647.7	0	0
Cl35	32564.6	0.189589	82571.6	2714.55	2714.28
neutron	939.565	11.1287	76399	0	0
neutron	939.565	7.76489	76399	0	0
neutron	939.565	1.19498	76399	0	0
alpha	3727.38	27.3188	76399	0	0
alpha	3727.38	7.06895	76399	0	0
C12	11174.9	4.17005	76399	0	0
Ne23	21414.1	0.22927	75914.6	0	0
Cl37	34424.8	0.0794628	94229.1	7676.21	7676.02
Cl35	32564.6	0.0800976	85277.6	3498.65	3498.49
neutron	939.565	9.01885	76070.6	0	0
neutron	939.565	0.173127	76070.6	0	0
Ne21	19550.5	0.938631	76070.6	0	0
neutron	939.565	0.16487	77072.9	0	0
S34	31632.7	0.159105	77072.9	0	0
neutron	939.565	2.51034	75386.6	0	0
S34	31632.7	0.244439	75386.6	0	0
Ne23	21414.1	0.204108	77956.9	0	0
neutron	939.565	4.40627	75977.2	0	0
Ne22	20479.7	0.180255	75977.2	0	0
Cl37	34424.8	0.0879581	97497.2	8907.13	8906.87
neutron	939.565	0.571511	76700	0	0
Ne22	20479.7	0.23547	76700	0	0
Na23	21409.2	0.13223	85913.9	4532.28	4531.83
neutron	939.565	0.407712	75322	0	0
Ne22	20479.7	0.163176	75322	0	0
Cl37	34424.8	0.0757153	97460.2	8902.43	8902.2
Na23	21409.2	0.189248	91467	6218.79	6218.6
Cl35	32564.6	0.0717947	76281.2	110.12	110.004
Cl37	34424.8	0.0976137	93488.4	6939.72	6939.43
Na23	21409.2	0.141056	76264.2	85.9556	85.7928
proton	938.272	23.531	76122.2	0	0
neutron	939.565	7.16726	76122.2	0	0
neutron	939.565	2.80986	76122.2	0	0
P32	29775.8	1.09438	76122.2	0	0
Na23	21409.2	0.797102	87307	4843.77	4842.9
Cl35	32564.6	0.116235	96276.3	8501.33	8501.04
Ne23	21414.1	0.206024	76620.9	0	0
Na23	21409.2	0.281899	97513.3	8975.92	8975.42
Na23	21409.2	0.283137	88481.9	4636.51	4635.89
neutron	939.565	2.35267	75288.4	0	0
neutron	939.565	0.864534	75288.4	0	0
neutron	939.565	0.500954	75288.4	0	0
Ne20	18617.7	0.26906	75288.4	0	0
Cl35	32564.6	0.210283	89222.1	5187.56	5187.2
triton	2808.92	8.27981	77508.3	0	0
F20	18625.3	1.89826	77508.3	0	0
Cl37	34424.8	0.0897289	88496.2	5150.49	5150.3
S35	32565.3	0.145462	75711.7	0	0
Na23	21409.2	0.101559	93485.7	7456.44	7456.17
Na23	21409.2	0.13272	84869.8	4044.68	4044.43
neutron	939.565	16.7464	74146.4	0	0
neutron	939.565	2.67238	74146.4	0	0
neutron	939.565	1.03607	74146.4	0	0
S34	31632.7	0.707031	74146.4	0	0
neutron	939.565	0.414912	75296.9	0	0
S36	33495	0.0893076	75296.9	0	0
Ne23	21414.1	0.229025	75684.9	0	0
Cl35	32564.6	0.111523	89704.4	5593.13	5592.73
Na23	21409.2	0.847425	83455	3205.66	3204.58
Na23	21409.2	0.178663	79846.7	1757	1756.71
Cl35	32564.6	0.199824	82338.6	1552.25	1551.98
neutron	939.565	0.456063	78378.6	0	0
S34	31632.7	0.082746	78378.6	0	0
Na23	21409.2	0.154759	99098.4	9644.99	9644.78
Ne23	21414.1	0.225006	77228.9	0	0
Cl35	32564.6	0.0882635	99780.2	9925.84	9925.48
neutron	939.565	8.06786	75291	0	0
proton	938.272	5.81398	75291	0	0
neutron	939.565	1.63988	75291	0	0
deuteron	1875.61	16.7691	75291	0	0
Si30	27913.2	0.500811	75291	0	0
Cl35	32564.6	0.0772086	94960.4	7853.38	7853.31
Cl35	32564.6	0.0889074	84402	2132.24	2131.88
neutron	939.565	1.66824	79274.8	0	0
neutron	939.565	1.40801	79274.8	0	0
S33	30704.6	0.123222	79274.8	0	0
Cl35	32564.6	0.115748	94689.2	7714.79	7714.63
Na23	21409.2	0.104047	98990.6	9595.9	9595.67
Na23	21409.2	0.177918	91603	6471.63	6471.26
neutron	939.565	3.15051	75373.1	0	0
alpha	3727.38	3.83833	75373.1	0	0
O18	16762	1.14613	75373.1	0	0
Cl35	32564.6	0.0976969	97265.4	8977.68	8977.38
Ne23	21414.1	0.230423	76484	0	0
Cl35	32564.6	0.231796	89694.5	5432.18	5431.92
proton	938.272	6.84872	75987.4	0	0
neutron	939.565	5.22501	75987.4	0	0
proton	938.272	4.38663	75987.4	0	0
neutron	939.565	2.44092	75987.4	0	0
neutron	939.565	0.291874	75987.4	0	0
Si30	27913.2	0.215428	75987.4	0	0
Na23	21409.2	0.134196	91051.8	6386.88	6386.33
Cl37	34424.8	0.0984295	77476.5	913.498	913.343
neutron	939.565	3.0719	75040.5	0	0
S34	31632.7	0.32178	75040.5	0	0
Cl35	32564.6	0.357155	92299.5	6761.5	6761.12
Ne23	21414.1	0.210829	76665.1	0	0
neutron	939.565	10.9268	77004.9	0	0
neutron	939.565	7.20994	77004.9	0	0
neutron	939.565	6.08323	77004.9	0	0
proton	938.272	4.00063	77004.9	0	0
F19	17692.3	1.61393	77004.9	0	0
proton	938.272	11.9092	74412.5	0	0
neutron	939.565	6.93009	74412.5	0	0
neutron	939.565	3.22119	74412.5	0	0
P32	29775.8	0.190294	74412.5	0	0
Cl35	32564.6	0.103709	84637.2	3239.26	3238.86
Na23	21409.2	0.215093	83158.8	2713.53	2713.26
neutron	939.565	3.88534	76224.7	0	0
neutron	939.565	0.536555	76224.7	0	0
triton	2808.92	7.37925	76224.7	0	0
P32	29775.8	0.694154	76224.7	0	0
neutron	939.565	1.23937	76748.7	0	0
neutron	939.565	0.979523	76748.7	0	0
Ne21	19550.5	0.458481	76748.7	0	0
Na23	21409.2	0.167352	99482.9	9670.9	9670.49
neutron	939.565	1.15448	75340.1	0	0
S34	31632.7	0.286298	75340.1	0	0
Na23	21409.2	0.103306	96369.6	8365.43	8365.17
Na23	21409.2	0.645433	94911.2	7818.59	7817.92
Ne23	21414.1	0.193851	76096.1	0	0
Na23	21409.2	0.283218	75511.7	384.488	384.032
neutron	939.565	1.48429	74614.8	0	0
S36	33495	0.200081	74614.8	0	0
Cl35	32564.6	0.281406	94102.4	7397.69	7397.05
Ne23	21414.1	0.226767	75073.6	0	0
Cl35	32564.6	0.257614	89055.2	4364.36	4364.02
Na23	21409.2	0.201648	88551.9	4142.9	4142.69
Na23	21409.2	0.146981	79693.4	690.127	689.753
Cl35	32564.6	0.118066	87959	5119.89	5119.49
Ne23	21414.1	0.207353	74522.5	0	0
neutron	939.565	2.60938	75876.7	0	0
neutron	939.565	1.41655	75876.7	0	0
neutron	939.565	0.0724789	75876.7	0	0
deuteron	1875.61	2.84165	75876.7	0	0
deuteron	1875.61	1.6629	75876.7	0	0
alpha	3727.38	10.5065	75876.7	0	0
C12	11174.9	1.12251	75876.7	0	0
Cl35	32564.6	0.0731781	94920.7	7656.88	7656.73
neutron	939.565	4.96163	76024.5	0	0
neutron	939.565	2.17818	76024.5	0	0
neutron	939.565	1.82664	76024.5	0	0
alpha	3727.38	11.969	76024.5	0	0
Si28	26053.2	2.68282	76024.5	0	0
Cl35	32564.6	0.0748603	99365	9635.87	9635.63
Cl35	32564.6	0.0823311	89743.4	5801.69	5801.54
Na23	21409.2	0.276013	80385.4	2024.08	2023.71
Cl35	32564.6	0.0994686	96602.2	8402.09	8401.93
Ne23	21414.1	0.226551	79182.7	0	0
Cl35	32564.6	0.224204	91343.7	4672.27	4672.02
Cl35	32564.6	0.0769869	88395.8	2931.02	2930.72
neutron	939.565	0.6881	76551.9	0	0
Ne22	20479.7	0.374078	76551.9	0	0
Na23	21409.2	0.4007	90567.5	6074.9	6074.5
Cl35	32564.6	0.0753384	88759.4	5510.24	5510.09
Cl35	32564.6	0.0861862	84284.5	3406.91	3406.68
Na23	21409.2	0.208471	94174.3	7430.97	7430.6
Cl37	34424.8	0.12598	93236.5	7030.51	7030.28
Cl35	32564.6	0.0691954	79369.9	1528.78	1528.54
Ne23	21414.1	0.230078	75451.6	0	0
Cl35	32564.6	0.0795593	83370.2	2399.63	2399.42
Cl35	32564.6	0.0992537	88162.6	4875.35	4875.01
Na23	21409.2	0.229267	96886.5	8165.47	8164.87
neutron	939.565	8.81249	79179.2	0	0
neutron	939.565	8.64352	79179.2	0	0
neutron	939.565	2.86979	79179.2	0	0
Ne20	18617.7	1.77643	79179.2	0	0
S35	32565.3	0.161255	78434.9	0	0
Na23	21409.2	0.866224	89937.8	6076.4	6075.43
neutron	939.565	3.26317	75916.5	0	0
neutron	939.565	0.73992	75916.5	0	0
alpha	3727.38	10.9408	75916.5	0	0
Si29	26984.3	1.07162	75916.5	0	0
Na23	21409.2	0.310996	96202.3	8311.53	8311.18
Na23	21409.2	0.126949	86638.9	3898.92	3898.56
neutron	939.565	1.25365	76562	0	0
S34	31632.7	0.192618	76562	0	0
neutron	939.565	18.8247	76686.4	0	0
neutron	939.565	2.32329	76686.4	0	0
neutron	939.565	0.9065	76686.4	0	0
S32	29773.6	0.472124	76686.4	0	0
Na23	21409.2	0.115576	98611	9461.08	9460.88
Cl35	32564.6	0.0746676	86945.4	4394.4	4393.84
Cl35	32564.6	0.486629	99742.8	9905.65	9904.76
Na23	21409.2	0.125251	98405	9229.14	9228.96
neutron	939.565	3.15272	77299.3	0	0
proton	938.272	2.95706	77299.3	0	0
neutron	939.565	1.89817	77299.3	0	0
neutron	939.565	1.41415	77299.3	0	0
deuteron	1875.61	10.2727	77299.3	0	0
Si29	26984.3	0.607467	77299.3	0	0
Na23	21409.2	0.104728	90222.2	6050.46	6050.1
Ne23	21414.1	0.226206	75225.5	0	0
neutron	939.565	1.18601	76734.8	0	0
S34	31632.7	0.282894	76734.8	0	0
Cl35	32564.6	0.243407	98501.6	9449.79	9449.45
Cl35	32564.6	0.215736	77035.4	225.739	225.522
neutron	939.565	1.03462	75586.1	0	0
S34	31632.7	0.156292	75586.1	0	0
Cl37	34424.8	0.065758	83831.9	3164.96	3164.8
Na23	21409.2	0.134476	81700.4	2366.53	2366.22
proton	938.272	26.4283	75587.2	0	0
neutron	939.565	4.08682	75587.2	0	0
neutron	939.565	2.87557	75587.2	0	0
proton	938.272	2.67754	75587.2	0	0
neutron	939.565	2.46247	75587.2	0	0
Si30	27913.2	0.706484	75587.2	0	0
neutron	939.565	7.52207	79202.4	0	0
proton	938.272	3.08545	79202.4	0	0
neutron	939.565	1.42925	79202.4	0	0
neutron	939.565	0.342022	79202.4	0	0
P31	28844.2	0.0585315	79202.4	0	0
Cl35	32564.6	0.16414	94576	7872.89	7872.14
Cl35	32564.6	0.0948903	85246.5	3898.8	3898.52
neutron	939.565	0.405905	76362.3	0	0
S34	31632.7	0.201737	76362.3	0	0
neutron	939.565	5.75714	80306	0	0
neutron	939.565	2.57184	80306	0	0
neutron	939.565	1.0081	80306	0	0
Ne20	18617.7	0.505936	80306	0	0
Cl35	32564.6	0.145046	78442.3	987.137	986.642
S37	34430.2	0.140808	76471.6	0	0
neutron	939.565	10.8672	75319.1	0	0
proton	938.272	7.13537	75319.1	0	0
neutron	939.565	3.55571	75319.1	0	0
neutron	939.565	1.60815	75319.1	0	0
F19	17692.3	2.54865	75319.1	0	0
S37	34430.2	0.145314	76504.7	0	0
neutron	939.565	0.591074	76480.5	0	0
Ne22	20479.7	0.300816	76480.5	0	0
Cl35	32564.6	0.281357	94111.7	7713.25	7712.88
Na23	21409.2	0.131909	82226.7	542.508	542.322
neutron	939.565	7.91142	80865.9	0	0
neutron	939.565	5.22279	80865.9	0	0
neutron	939.565	4.41053	80865.9	0	0
neutron	939.565	3.00525	80865.9	0	0
proton	938.272	2.16556	80865.9	0	0
P30	27917	1.36095	80865.9	0	0
Na23	21409.2	0.113394	95916.9	8458.94	8458.66
neutron	939.565	839.079	91588.4	6587.61	4922.67
proton	938.272	796.737	91588.4	6587.61	4922.67
neutron	939.565	0.401644	91588.4	6587.61	4922.67
S32	29773.6	0.56152	91588.4	6587.61	4922.67
Cl35	32564.6	0.259296	94469.1	6420.76	6420.26
neutron	939.565	1.90473	74420.7	0	0
Ne22	20479.7	0.483107	74420.7	0	0
neutron	939.565	1.01267	77686.1	0	0
Ne22	20479.7	0.21547	77686.1	0	0
Cl37	34424.8	0.831593	77765.1	666.106	665.229
Ne23	21414.1	0.22506	76112.2	0	0
neutron	939.565	16.3214	78705.6	0	0
neutron	939.565	4.41017	78705.6	0	0
Ne21	19550.5	1.16276	78705.6	0	0
Cl35	32564.6	0.0835504	89428.7	4345.81	4345.55
Na23	21409.2	0.246452	92735.5	6771.01	6770.58
proton	938.272	34.8434	76200.1	0	0
neutron	939.565	3.36192	76200.1	0	0
F21	19556.7	1.28997	76200.1	0	0
Cl35	32564.6	0.0784507	79856.7	2075.85	2075.74
Na23	21409.2	0.118885	97268.1	8820.01	8819.77
Cl35	32564.6	0.133537	87987.5	4981.4	4980.81
neutron	939.565	4.88235	75319.8	0	0
proton	938.272	4.17093	75319.8	0	0
neutron	939.565	1.67829	75319.8	0	0
P32	29775.8	0.104256	75319.8	0	0
Na23	21409.2	0.482287	91522.6	6594	6593.49
Na23	21409.2	0.49136	77867.8	819.731	819.027
neutron	939.565	0.961148	75728.1	0	0
Ne22	20479.7	0.100316	75728.1	0	0
proton	938.272	10.0601	75235.5	0	0
neutron	939.565	6.52733	75235.5	0	0
neutron	939.565	4.16686	75235.5	0	0
deuteron	1875.61	2.47025	75235.5	0	0
O18	16762	1.61927	75235.5	0	0
Na23	21409.2	1.13985	91708.3	4229.67	4228.28
Cl35	32564.6	0.0884125	81112.3	240.831	240.724
neutron	939.565	0.451502	80604.8	0	0
Ne22	20479.7	0.254867	80604.8	0	0
Cl35	32564.6	0.0861689	90803	5821.37	5820.94
proton	938.272	29.8878	78674.3	0	0
proton	938.272	4.08287	78674.3	0	0
neutron	939.565	1.95815	78674.3	0	0
neutron	939.565	1.69758	78674.3	0	0
neutron	939.565	1.15881	78674.3	0	0
neutron	939.565	0.561873	78674.3	0	0
Si29	26984.3	2.06175	78674.3	0	0
Cl35	32564.6	0.0805895	94058.6	7565.79	7565.35
Cl35	32564.6	0.0815794	86345.6	4500.94	4500.86
Cl35	32564.6	0.200265	83993.7	3411.73	3411.5
Cl35	32564.6	0.0668714	80837.9	2043.21	2043.03
Cl35	32564.6	0.0880069	95615.6	8231.26	8231.15
Na23	21409.2	0.238765	81827	1467.9	1467.62
neutron	939.565	9.85715	77954.4	0	0
neutron	939.565	9.19157	77954.4	0	0
neutron	939.565	2.84211	77954.4	0	0
proton	938.272	2.70345	77954.4	0	0
P31	28844.2	0.0855972	77954.4	0	0
Cl35	32564.6	0.1222	83968.6	3576.84	3576.02
Cl35	32564.6	0.0803538	81519.9	2685.53	2684.91
neutron	939.565	28.9625	74853.4	0	0
neutron	939.565	0.318672	74853.4	0	0
Ne21	19550.5	1.04106	74853.4	0	0
neutron	939.565	1.64825	78127.2	0	0
S34	31632.7	0.318057	78127.2	0	0
neutron	939.565	22.0807	75242.7	0	0
proton	938.272	15.3727	75242.7	0	0
neutron	939.565	0.452741	75242.7	0	0
P32	29775.8	0.224034	75242.7	0	0
Na23	21409.2	0.252251	91250.4	6288.51	6287.95
Na23	21409.2	0.212162	87703	4549.71	4549.22
Ne23	21414.1	0.197549	76529.9	0	0
Cl37	34424.8	0.091734	87494.3	4104.3	4104.02
S35	32565.3	0.142929	77244.1	0	0
Na23	21409.2	0.163917	99781.2	9916.55	9916.21
Cl37	34424.8	0.140113	80980.4	2301	2300.8
Na23	21409.2	0.218411	80067.8	1954.51	1954.26
neutron	939.565	0.890787	75437.8	0	0
neutron	939.565	0.548634	75437.8	0	0
S33	30704.6	0.0185226	75437.8	0	0
Na23	21409.2	0.159295	98395.5	9329.4	9329.21
Na23	21409.2	0.180988	97265.9	7991.09	7990.78
neutron	939.565	0.874079	75180.2	0	0
S34	31632.7	0.220017	75180.2	0	0
Cl35	32564.6	0.182954	94602.5	7328.01	7327.56
S35	32565.3	0.131699	76481.4	0	0
Cl35	32564.6	0.127365	95120.9	8125.59	8125.44
Cl35	32564.6	0.0742581	76039.1	491.38	490.986
S35	32565.3	0.155216	74752.5	0	0
Na23	21409.2	1.03016	78409.6	1361.5	1360.2
neutron	939.565	5.96475	74825.1	0	0
neutron	939.565	3.67089	74825.1	0	0
neutron	939.565	0.248805	74825.1	0	0
alpha	3727.38	16.3095	74825.1	0	0
O16	14895.1	3.11065	74825.1	0	0
Cl37	34424.8	0.258492	83255.1	3106.85	3106.46
neutron	939.565	1.33648	75137.4	0	0
S34	31632.7	0.0864452	75137.4	0	0
Na23	21409.2	0.113297	88719.6	4949.64	4949.43
S35	32565.3	0.155278	78464.7	0	0
S35	32565.3	0.15982	75734.8	0	0
Cl37	34424.8	0.167837	96553.4	8374.31	8374.05
Na23	21409.2	0.219944	96233.8	8264.37	8263.69
proton	938.272	4.00617	75741.5	0	0
neutron	939.565	2.58553	75741.5	0	0
triton	2808.92	3.68162	75741.5	0	0
O18	16762	1.92055	75741.5	0	0
Cl35	32564.6	0.248331	99032.4	9620.03	9619.71
Na23	21409.2	0.332894	97934.9	9159.1	9158.67
Na23	21409.2	0.131453	82033	2708.12	2707.7
neutron	939.565	48.4673	75032.1	0	0
neutron	939.565	2.48664	75032.1	0	0
neutron	939.565	1.71654	75032.1	0	0
S34	31632.7	1.08917	75032.1	0	0
Na23	21409.2	0.124924	94953.5	6961.72	6961.58
neutron	939.565	11.5321	76941.4	0	0
neutron	939.565	10.5383	76941.4	0	0
neutron	939.565	0.222426	76941.4	0	0
alpha	3727.38	7.56271	76941.4	0	0
O16	14895.1	1.77758	76941.4	0	0
S35	32565.3	0.166772	75343.1	0	0
neutron	939.565	0.846232	76157.3	0	0
S34	31632.7	0.108214	76157.3	0	0
neutron	939.565	0.881174	77386.4	0	0
S34	31632.7	0.16013	77386.4	0	0
Na23	21409.2	0.161825	95780.2	8174.63	8174.4
Na23	21409.2	0.429613	80223.3	412.45	411.63
neutron	939.565	1.16362	79134.5	0	0
Ne22	20479.7	0.323539	79134.5	0	0
neutron	939.565	0.435829	75429.8	0	0
S34	31632.7	0.231219	75429.8	0	0
neutron	939.565	29.1833	78126.5	0	0
neutron	939.565	6.24933	78126.5	0	0
deuteron	1875.61	2.21663	78126.5	0	0
alpha	3727.38	6.42723	78126.5	0	0
N15	13968.9	1.69792	78126.5	0	0
neutron	939.565	1.48477	75299.6	0	0
Ne22	20479.7	0.19871	75299.6	0	0
proton	938.272	19.3657	76296.1	0	0
proton	938.272	7.25923	76296.1	0	0
neutron	939.565	3.6153	76296.1	0	0
neutron	939.565	0.439853	76296.1	0	0
Si31	28846.2	1.62433	76296.1	0	0
Na23	21409.2	0.203768	95319.9	7908.68	7908.42
Cl37	34424.8	0.126398	92160	5934.06	5933.84
Cl35	32564.6	0.0710692	82343.5	2153.9	2153.71
Na23	21409.2	0.154318	77608.7	371.551	371.09
S37	34430.2	0.131388	76196.9	0	0
Na23	21409.2	0.14793	88667.1	5341.71	5341.52
Cl35	32564.6	0.152163	76937.5	761.822	761.118
neutron	939.565	20.6228	76613.1	0	0
neutron	939.565	4.49797	76613.1	0	0
triton	2808.92	3.2958	76613.1	0	0
deuteron	1875.61	9.26037	76613.1	0	0
O16	14895.1	1.20519	76613.1	0	0
S35	32565.3	0.154685	77177.9	0	0
Cl37	34424.8	0.136886	80725.4	1741.96	1741.81
neutron	939.565	0.863012	76051.2	0	0
Ne22	20479.7	0.190638	76051.2	0	0
Na23	21409.2	0.267223	98735.1	9537.57	9537.3
Na23	21409.2	0.261891	98012.7	9270.6	9270.32
neutron	939.565	0.0578937	77288.9	0	0
S34	31632.7	0.146949	77288.9	0	0
S37	34430.2	0.142156	76141.5	0	0
neutron	939.565	0.535683	75925.2	0	0
S34	31632.7	0.179749	75925.2	0	0
Na23	21409.2	0.33162	94824.6	7557.52	7557.01
Na23	21409.2	0.293834	90058.7	5679.11	5678.79
Cl37	34424.8	0.136376	83117.1	3000	2999.77
Cl35	32564.6	0.0948733	75401.5	54.4117	54.2911
Cl35	32564.6	0.0928196	88905.2	5440.47	5440.32
neutron	939.565	0.854236	75587.2	0	0
S34	31632.7	0.261228	75587.2	0	0
Cl35	32564.6	0.0980927	86153.3	3603.57	3603.37
Na23	21409.2	0.295832	86119.2	3590.68	3590.34
Cl37	34424.8	0.111955	91261	6247.41	6246.98
Na23	21409.2	0.292323	83259.3	2793.71	2792.97
Na23	21409.2	0.161108	76563.3	74.2327	73.9148
S35	32565.3	0.14303	75232.8	0	0
Na23	21409.2	0.193585	88729.5	5116.04	5115.82
Cl35	32564.6	0.10019	96108.1	8560.32	8560.13
Cl35	32564.6	0.0716139	79285.7	1800.43	1800.29
Cl35	32564.6	0.148555	86335.4	4020.84	4020.4
Cl35	32564.6	0.0670821	83338.9	2718.86	2718.72
Cl37	34424.8	0.0756132	91304.1	6504.49	6504.33
Cl35	32564.6	0.0679534	90166.6	6040.46	6040.3
Cl37	34424.8	0.135274	87453.3	4909.25	4909.09
neutron	939.565	0.980156	75097.6	0	0
Ne22	20479.7	0.383959	75097.6	0	0
Na23	21409.2	0.24514	99541.3	9800.45	9799.94
Na23	21409.2	0.132675	77059.2	658.747	658.427
Cl35	32564.6	0.175736	86546.4	3829.75	3829.46
Cl37	34424.8	0.120013	85358.3	3388.18	3387.86
S35	32565.3	0.145437	76343.3	0	0
neutron	939.565	0.468814	78784	0	0
Ne22	20479.7	0.127143	78784	0	0
Cl35	32564.6	1.1747	92820.7	7108.37	7106.94
Na23	21409.2	0.280593	86894.1	4530.47	4530.16
Ne23	21414.1	0.226948	75116.2	0	0
Na23	21409.2	0.105292	84482	2356.87	2356.36
Cl35	32564.6	0.435685	96449.2	8518.71	8518.05
Cl35	32564.6	0.0796511	79012.5	1043.07	1042.88
neutron	939.565	0.603	76266.8	0	0
S36	33495	0.213108	76266.8	0	0
neutron	939.565	4.45205	76083.5	0	0
Ne22	20479.7	0.259914	76083.5	0	0
Cl35	32564.6	0.0832221	86904.4	4681.42	4681.21
S37	34430.2	0.130142	75349.2	0	0
Cl35	32564.6	0.113528	93944.8	6855.53	6855.39
Na23	21409.2	0.17018	89436.6	4812.89	4812.7
Na23	21409.2	0.117061	80640.2	1384.64	1384.27
neutron	939.565	0.631961	76903.6	0	0
Ne22	20479.7	0.198193	76903.6	0	0
Cl35	32564.6	0.067607	96747.4	8737.83	8737.74
Na23	21409.2	0.152566	87280.3	4668.2	4667.61
neutron	939.565	1.39534	75857.2	0	0
Ne22	20479.7	0.375641	75857.2	0	0
Na23	21409.2	0.135763	93839	6902.51	6902.23
Na23	21409.2	0.264404	92158.7	6107.76	6107.45
Cl35	32564.6	0.0802829	91290.3	5802.84	5802.75
neutron	939.565	35.7781	77831.8	0	0
neutron	939.565	26.2878	77831.8	0	0
Ne21	19550.5	1.12845	77831.8	0	0
neutron	939.565	2.18785	74937.3	0	0
S34	31632.7	0.0354376	74937.3	0	0
Cl35	32564.6	0.0681569	95624.8	8332.09	8331.87
Na23	21409.2	0.251209	76494.7	146.591	146.251
Ne23	21414.1	0.213404	76222	0	0
neutron	939.565	3.31083	74577.6	0	0
Ne22	20479.7	0.393724	74577.6	0	0
Na23	21409.2	0.165186	92194.8	6372.09	6371.88
Na23	21409.2	0.140229	81310.9	2017.87	2017.71
Cl35	32564.6	0.0789675	97597.6	8924.38	8924.05
Cl35	32564.6	0.176534	91515	6070.94	6070.76
Ne23	21414.1	0.221558	76516.1	0	0
Cl35	32564.6	0.0762078	79555.2	1813.13	1812.98
neutron	939.565	7.98921	74889	0	0
proton	938.272	2.82156	74889	0	0
neutron	939.565	0.36736	74889	0	0
P32	29775.8	0.0174946	74889	0	0
Cl35	32564.6	0.0782984	78803.4	221.92	221.789
Ne23	21414.1	0.217353	77113.5	0	0
Cl35	32564.6	0.0727748	88594.2	5169.6	5169.16
Na23	21409.2	0.125016	77162.8	406.691	406.505
proton	938.272	9.16402	76095.9	0	0
neutron	939.565	7.96904	76095.9	0	0
neutron	939.565	5.30696	76095.9	0	0
neutron	939.565	2.94866	76095.9	0	0
proton	938.272	2.35394	76095.9	0	0
O18	16762	2.51824	76095.9	0	0
Na23	21409.2	0.135716	92827.8	6808.53	6808.4
neutron	939.565	1.23651	76559	0	0
S34	31632.7	0.249394	76559	0	0
neutron	939.565	30.3754	77073.4	0	0
neutron	939.565	3.2395	77073.4	0	0
neutron	939.565	0.396862	77073.4	0	0
S34	31632.7	0.561529	77073.4	0	0
Cl37	34424.8	0.159072	77933.5	824.416	824.033
neutron	939.565	15.5598	75690.2	0	0
neutron	939.565	7.08436	75690.2	0	0
Ne21	19550.5	0.194128	75690.2	0	0
Na23	21409.2	0.217191	90639.4	5429.29	5428.9
Cl35	32564.6	0.0727142	91995.4	6233.58	6233.37
Na23	21409.2	0.138582	83675.7	2887.13	2886.9
Na23	21409.2	0.104174	82973.6	2621.45	2621.34
neutron	939.565	29.1835	76222.7	0	0
neutron	939.565	2.37928	76222.7	0	0
neutron	939.565	1.35279	76222.7	0	0
S34	31632.7	0.647039	76222.7	0	0
neutron	939.565	0.475811	75692.6	0	0
Ne22	20479.7	0.305116	75692.6	0	0
neutron	939.565	182.488	97274.2	8858.23	7939.5
proton	938.272	136.147	97274.2	8858.23	7939.5
neutron	939.565	5.85254	97274.2	8858.23	7939.5
alpha	3727.38	4.5502	97274.2	8858.23	7939.5
O16	14895.1	4.34024	97274.2	8858.23	7939.5
Na23	21409.2	0.54183	97029.7	7853.35	7852.77
neutron	939.565	5.76609	75713	0	0
neutron	939.565	4.49168	75713	0	0
proton	938.272	3.63714	75713	0	0
proton	938.272	3.45015	75713	0	0
neutron	939.565	2.26521	75713	0	0
Si30	27913.2	0.488084	75713	0	0
neutron	939.565	37.5095	75397.2	0	0
neutron	939.565	5.07987	75397.2	0	0
neutron	939.565	2.42507	75397.2	0	0
S32	29773.6	1.0547	75397.2	0	0
neutron	939.565	0.327275	80159.3	0	0
S34	31632.7	0.108459	80159.3	0	0
Cl35	32564.6	0.256493	94002.8	6774	6773.58
Na23	21409.2	0.115136	87922.5	4129.57	4129.26
neutron	939.565	15.0104	77429.8	0	0
neutron	939.565	5.23778	77429.8	0	0
neutron	939.565	1.83062	77429.8	0	0
alpha	3727.38	11.1799	77429.8	0	0
O16	14895.1	8.93586	77429.8	0	0
Cl37	34424.8	0.266156	96922	8757.02	8756.74
Cl35	32564.6	0.092179	88301.4	5034.22	5033.77
neutron	939.565	2.23936	75482.7	0	0
S34	31632.7	0.127381	75482.7	0	0
Cl37	34424.8	0.151993	81664	1789.05	1788.68
neutron	939.565	1.90115	76823.4	0	0
S34	31632.7	0.214278	76823.4	0	0
neutron	939.565	7.39717	74931.3	0	0
neutron	939.565	0.475585	74931.3	0	0
S35	32565.3	0.627158	74931.3	0	0
neutron	939.565	0.381564	75906.5	0	0
Ne22	20479.7	0.25196	75906.5	0	0
Ne23	21414.1	0.213943	79839.5	0	0
neutron	939.565	2.13236	77091.4	0	0
S34	31632.7	0.206488	77091.4	0	0
Na23	21409.2	0.423825	89925.8	5405.77	5405.31
Cl37	34424.8	0.12234	80754.2	1332.6	1332.46
neutron	939.565	3.79352	77271.3	0	0
Ne22	20479.7	0.375788	77271.3	0	0
Cl35	32564.6	0.0967768	99749.8	9904.5	9904.36
Ne23	21414.1	0.220292	74408.9	0	0
Cl37	34424.8	0.139452	76817.2	459.465	459.029
Na23	21409.2	0.154325	84341.4	2193.44	2193.28
neutron	939.565	4.44257	78778.4	0	0
neutron	939.565	1.77192	78778.4	0	0
neutron	939.565	0.685014	78778.4	0	0
Ne20	18617.7	0.519178	78778.4	0	0
Na23	21409.2	0.737322	99632.3	9841.35	9840.39
Na23	21409.2	0.136016	75809	8.95732	8.656
Cl37	34424.8	0.212301	92663.9	6930.09	6929.55
Cl35	32564.6	0.0888256	75646	298.894	298.727
proton	938.272	12.1879	74931.7	0	0
neutron	939.565	5.69127	74931.7	0	0
proton	938.272	5.56704	74931.7	0	0
neutron	939.565	3.53016	74931.7	0	0
neutron	939.565	1.84008	74931.7	0	0
neutron	939.565	0.453143	74931.7	0	0
Si29	26984.3	0.872895	74931.7	0	0
Na23	21409.2	0.170142	95944.8	8248.15	8247.97
neutron	939.565	0.0463279	74710.5	0	0
S36	33495	0.142251	74710.5	0	0
Na23	21409.2	0.115699	90065.3	5828.14	5827.29
Na23	21409.2	0.224783	79118.9	1468.55	1468.28
proton	938.272	6.05204	75062.9	0	0
neutron	939.565	4.74765	75062.9	0	0
neutron	939.565	1.08751	75062.9	0	0
deuteron	1875.61	7.27051	75062.9	0	0
Si30	27913.2	0.323946	75062.9	0	0
Cl35	32564.6	0.0818275	86665.6	4716.07	4715.86
neutron	939.565	12.1816	74432.7	0	0
neutron	939.565	1.98708	74432.7	0	0
neutron	939.565	0.967234	74432.7	0	0
S34	31632.7	0.321819	74432.7	0	0
Na23	21409.2	0.353081	90602.5	5698.2	5697.78
Cl37	34424.8	0.252959	98963.3	9589.92	9589.64
Cl35	32564.6	0.0766208	92677.6	6996.29	6995.79
Ne23	21414.1	0.231787	77279.5	0	0
proton	938.272	8.10179	75802.7	0	0
neutron	939.565	4.86726	75802.7	0	0
neutron	939.565	3.81102	75802.7	0	0
proton	938.272	3.60019	75802.7	0	0
neutron	939.565	1.55127	75802.7	0	0
Si32	29776.6	0.454024	75802.7	0	0
Cl35	32564.6	0.0736943	99331.8	9681.21	9681.07
Cl35	32564.6	0.228546	86238.8	4234.29	4233.88
Cl35	32564.6	0.21651	83625.6	3131.21	3130.91
neutron	939.565	4.18656	75355.3	0	0
neutron	939.565	1.45442	75355.3	0	0
neutron	939.565	0.732313	75355.3	0	0
Ne20	18617.7	0.466884	75355.3	0	0
neutron	939.565	11.4931	75852.2	0	0
proton	938.272	6.81277	75852.2	0	0
proton	938.272	6.60253	75852.2	0	0
neutron	939.565	3.84981	75852.2	0	0
O19	17697.6	1.38805	75852.2	0	0
neutron	939.565	0.596939	77498.3	0	0
S36	33495	0.0799785	77498.3	0	0
neutron	939.565	1.14179	75590.6	0	0
S34	31632.7	0.224207	75590.6	0	0
neutron	939.565	5.34401	75969	0	0
neutron	939.565	0.709941	75969	0	0
Ne21	19550.5	0.118366	75969	0	0
S35	32565.3	0.155104	75046.9	0	0
Na23	21409.2	0.171772	97819.8	8554.87	8554.56
proton	938.272	15.4904	75699.5	0	0
neutron	939.565	5.25158	75699.5	0	0
proton	938.272	4.4881	75699.5	0	0
Si32	29776.6	0.223	75699.5	0	0
Cl35	32564.6	0.0694746	90588.1	6089.11	6088.94
Ne23	21414.1	0.224316	74939.3	0	0
Cl35	32564.6	0.0690941	93297	7063.22	7063.07
Ne23	21414.1	0.205626	75747.8	0	0
neutron	939.565	20.0537	77258.1	0	0
neutron	939.565	17.8269	77258.1	0	0
neutron	939.565	4.66018	77258.1	0	0
alpha	3727.38	3.76334	77258.1	0	0
O16	14895.1	3.27293	77258.1	0	0
Na23	21409.2	0.213142	83834.6	3458.12	3457.89
Na23	21409.2	0.238928	81527.6	2586.85	2586.59
Cl35	32564.6	0.238885	96752	8588.26	8587.96
Cl37	34424.8	0.0673519	82396.7	2523.48	2523.18
S37	34430.2	0.132812	75961	0	0
Cl35	32564.6	0.165837	92098.8	6459.91	6459.66
Na23	21409.2	0.217743	83878.4	2287.33	2286.38
neutron	939.565	4.19857	75364.2	0	0
neutron	939.565	1.59966	75364.2	0	0
neutron	939.565	0.51496	75364.2	0	0
S34	31632.7	0.233437	75364.2	0	0
Na23	21409.2	0.177521	84837	746.025	745.792
neutron	939.565	0.914938	82892.5	0	0
Ne22	20479.7	0.304871	82892.5	0	0
Na23	21409.2	0.32586	87320.6	4597.07	4596.49
Cl35	32564.6	0.123286	97895.9	9162.09	9161.94
Cl35	32564.6	0.127974	89934.7	5701.71	5701.06
Cl35	32564.6	0.0798285	84230.5	3581.66	3581.45
neutron	939.565	0.69631	75417.6	0	0
S34	31632.7	0.168468	75417.6	0	0
Na23	21409.2	0.145186	94341.2	7832.33	7832.07
Cl35	32564.6	0.0926918	90884.7	6118.29	6118.09
neutron	939.565	5.85912	76697.4	0	0
neutron	939.565	1.3039	76697.4	0	0
Ne21	19550.5	0.29845	76697.4	0	0
Cl35	32564.6	0.0704794	94904.7	7611.28	7611.16
Cl35	32564.6	0.23546	87316.1	4416.27	4415.84
Cl35	32564.6	0.0963163	79802.1	1367.28	1366.85
Na23	21409.2	0.101767	87350	4400.84	4400.7
neutron	939.565	0.910009	77283.6	0	0
S36	33495	0.173112	77283.6	0	0
Cl35	32564.6	0.148097	76286.7	144.287	144.074
Ne23	21414.1	0.220206	76022.3	0	0
Cl35	32564.6	0.628775	97221.7	8881.9	8881.25
Cl35	32564.6	0.0723606	86355.2	4255.68	4255.59
Cl37	34424.8	0.0733417	77702.4	575.9	575.821
S35	32565.3	0.141779	76190.3	0	0
Na23	21409.2	0.401008	94412.9	7454.72	7454.3
neutron	939.565	16.527	76015.4	0	0
neutron	939.565	0.963471	76015.4	0	0
Ne21	19550.5	0.466348	76015.4	0	0
Cl35	32564.6	0.0796301	86643.1	4565.19	4565.01
Cl35	32564.6	0.0887716	82542.8	2886.8	2886.62
neutron	939.565	0.325597	75205.8	0	0
Ne22	20479.7	0.133536	75205.8	0	0
Ne23	21414.1	0.205764	77174.7	0	0
Na23	21409.2	0.118194	84038	3654.95	3654.78
Cl35	32564.6	0.140531	84025.2	3647.05	3646.75
Na23	21409.2	0.143254	83762.1	3544.26	3543.93
neutron	939.565	1.82977	76339.7	0	0
S34	31632.7	0.27838	76339.7	0	0
Cl35	32564.6	0.147287	78211.9	131.445	131.285
neutron	939.565	0.0642536	77968.5	0	0
Ne22	20479.7	0.255997	77968.5	0	0
Cl37	34424.8	0.0815825	95912.9	8189.37	8189.05
neutron	939.565	1.51705	75707.4	0	0
S34	31632.7	0.28443	75707.4	0	0
neutron	939.565	0.0704149	77524.3	0	0
Ne22	20479.7	0.230266	77524.3	0	0
neutron	939.565	2.89852	77032.8	0	0
S34	31632.7	0.127016	77032.8	0	0
Na23	21409.2	0.184432	84404.8	2448.33	2448
S35	32565.3	0.147712	78195.9	0	0
Cl35	32564.6	0.170004	81883	2330.85	2330.57
S37	34430.2	0.144142	75582.1	0	0
neutron	939.565	9.01631	75971.2	0	0
neutron	939.565	1.5427	75971.2	0	0
neutron	939.565	1.41586	75971.2	0	0
Ne20	18617.7	0.0748846	75971.2	0	0
neutron	939.565	18.5357	75724	0	0
proton	938.272	4.86188	75724	0	0
neutron	939.565	2.55874	75724	0	0
F20	18625.3	0.41258	75724	0	0
Cl37	34424.8	0.116242	89288.1	3846.09	3845.59
Cl35	32564.6	0.146342	98715.1	9476.18	9476.02
Na23	21409.2	0.134962	92466.6	6930.8	6930.34
neutron	939.565	25.5396	77312.5	0	0
proton	938.272	8.12615	77312.5	0	0
neutron	939.565	0.612751	77312.5	0	0
P32	29775.8	0.110101	77312.5	0	0
Cl35	32564.6	0.113084	93910.8	7202.41	7202.23
neutron	939.565	17.363	76225.4	0	0
neutron	939.565	9.90762	76225.4	0	0
neutron	939.565	9.74725	76225.4	0	0
neutron	939.565	4.56874	76225.4	0	0
neutron	939.565	0.771771	76225.4	0	0
S32	29773.6	0.728249	76225.4	0	0
Na23	21409.2	0.231639	97349.8	8951.41	8951.05
Cl35	32564.6	0.0736869	76601.6	190.962	190.82
neutron	939.565	0.649141	76402.8	0	0
S34	31632.7	0.195858	76402.8	0	0
Na23	21409.2	0.35028	84267.4	3118.72	3118.37
neutron	939.565	0.0861548	75903.4	0	0
S34	31632.7	0.116259	75903.4	0	0
S35	32565.3	0.153692	77215.2	0	0
Na23	21409.2	0.205201	92450.7	6259.29	6259.06
Na23	21409.2	0.119117	78238.6	92.4404	92.1996
neutron	939.565	2.46837	78089.7	0	0
neutron	939.565	2.12179	78089.7	0	0
Ne21	19550.5	0.260855	78089.7	0	0
Ne23	21414.1	0.209282	78134.5	0	0
neutron	939.565	0.134236	77208.1	0	0
Ne22	20479.7	0.280786	77208.1	0	0
neutron	939.565	5.33145	75614.3	0	0
neutron	939.565	0.421205	75614.3	0	0
S33	30704.6	0.54333	75614.3	0	0
neutron	939.565	2.34022	77758.3	0	0
Ne22	20479.7	0.255307	77758.3	0	0
neutron	939.565	0.251884	75175.4	0	0
Ne22	20479.7	0.15363	75175.4	0	0
Ne23	21414.1	0.234881	85086.8	0	0
Na23	21409.2	0.107111	86179.1	3454.04	3453.86
S35	32565.3	0.146837	77028.5	0	0
Cl35	32564.6	0.138059	83072.7	2643.04	2642.88
neutron	939.565	0.972578	76409	0	0
neutron	939.565	0.816673	76409	0	0
S33	30704.6	0.17579	76409	0	0
Cl35	32564.6	0.0709625	85269.6	3912.08	3911.88
Na23	21409.2	0.130376	80675.5	1981.42	1981.28
Cl35	32564.6	0.173795	82570.4	1244	1243.13
Cl35	32564.6	0.340629	88819.7	5273.2	5272.77
Ne23	21414.1	0.213509	77029	0	0
Na23	21409.2	0.123643	85360.1	3560.2	3559.71
S35	32565.3	0.151888	76445.8	0	0
S35	32565.3	0.142802	78461.7	0	0
Na23	21409.2	0.415816	99722	9885.54	9885.09
Cl35	32564.6	0.430721	95998.4	8303.41	8302.89
Cl35	32564.6	0.125232	94793.1	7831.15	7830.74
Cl35	32564.6	0.330354	78147.9	481.171	480.591
neutron	939.565	0.842681	76927.9	0	0
Ne22	20479.7	0.236287	76927.9	0	0
Cl35	32564.6	0.184751	78601.6	1349.21	1349.02
neutron	939.565	3.01271	74978.5	0	0
S34	31632.7	0.0324807	74978.5	0	0
Cl35	32564.6	0.237512	80533.9	1528.03	1527.77
neutron	939.565	0.282473	76517.5	0	0
Ne22	20479.7	0.266187	76517.5	0	0
Cl35	32564.6	0.144845	94692.9	7767.47	7767.2
Na23	21409.2	0.204122	87309.4	4786.98	4786.5
neutron	939.565	0.317554	75757	0	0
S34	31632.7	0.0910681	75757	0	0
Na23	21409.2	0.939552	93712.2	6413.05	6411.35
Na23	21409.2	0.161198	86833.3	3237.77	3237.28
neutron	939.565	0.338179	78341.9	0	0
Ne22	20479.7	0.333486	78341.9	0	0
Cl35	32564.6	0.160498	87446.3	2523.65	2523.49
neutron	939.565	7.7979	80815	0	0
neutron	939.565	4.62794	80815	0	0
neutron	939.565	1.66514	80815	0	0
S32	29773.6	0.710037	80815	0	0
neutron	939.565	37.1602	76508.4	0	0
neutron	939.565	0.778533	76508.4	0	0
Ne21	19550.5	1.75311	76508.4	0	0
Cl37	34424.8	0.146819	94581.6	7794.59	7794.25
Cl35	32564.6	0.146732	89258.8	5525.08	5524.74
Cl35	32564.6	0.0817836	88816.7	5060.28	5059.98
Ne23	21414.1	0.232386	75944.4	0	0
Na23	21409.2	0.170488	81976	1922.97	1922.66
neutron	939.565	0.178759	77157.6	0	0
S34	31632.7	0.199106	77157.6	0	0
Na23	21409.2	0.122997	93812.3	7581.62	7581.41
Cl35	32564.6	0.202056	77997.5	943.79	943.249
neutron	939.565	5.66934	75487.4	0	0
proton	938.272	3.39335	75487.4	0	0
P33	30705.3	0.068463	75487.4	0	0
neutron	939.565	2.72276	75986.3	0	0
neutron	939.565	1.64175	75986.3	0	0
deuteron	1875.61	22.0216	75986.3	0	0
P31	28844.2	1.39009	75986.3	0	0
Na23	21409.2	0.112491	92090.4	5876.26	5875.84
neutron	939.565	3.24741	74770.2	0	0
neutron	939.565	1.78548	74770.2	0	0
neutron	939.565	1.75301	74770.2	0	0
S34	31632.7	0.0183458	74770.2	0	0
neutron	939.565	0.544301	76431.8	0	0
S34	31632.7	0.151743	76431.8	0	0
Na23	21409.2	0.141922	92628.6	6768.87	6768.56
Na23	21409.2	0.200177	80492.2	1460.4	1460.1
Cl35	32564.6	0.120753	86724	3172.12	3171.84
Na23	21409.2	0.428933	81649	1178.56	1177.47
neutron	939.565	1.80719	74854.7	0	0
S34	31632.7	0.163852	74854.7	0	0
Na23	21409.2	1.30926	99904.3	9965.13	9963.77
Ne23	21414.1	0.228663	75854.7	0	0
proton	938.272	13.1136	76524.8	0	0
neutron	939.565	5.76075	76524.8	0	0
P33	30705.3	0.278706	76524.8	0	0
Cl35	32564.6	0.0898037	96557.8	8075.15	8074.9
neutron	939.565	1.29128	76715.1	0	0
Ne22	20479.7	0.336349	76715.1	0	0
Cl37	34424.8	0.121006	97079.5	8417.36	8417.19
Cl35	32564.6	0.1374	91436.3	6137.71	6137.54
Na23	21409.2	0.154774	78230.7	569.975	569.79
Cl35	32564.6	0.398582	92432.8	5503.32	5502.91
neutron	939.565	7.29926	78865.5	0	0
neutron	939.565	5.90878	78865.5	0	0
neutron	939.565	1.02067	78865.5	0	0
Ne20	18617.7	0.105253	78865.5	0	0
neutron	939.565	0.91349	76780.2	0	0
S34	31632.7	0.218193	76780.2	0	0
S35	32565.3	0.157374	74365.8	0	0
neutron	939.565	0.452742	76259.7	0	0
S34	31632.7	0.136218	76259.7	0	0
Cl35	32564.6	0.0668785	84887.3	3478.53	3478.43
Cl35	32564.6	0.104154	81703.2	2616.5	2616.2
Cl35	32564.6	0.131027	97609.9	8758.42	8758.12
Ne23	21414.1	0.212651	76168.6	0	0
Ne23	21414.1	0.213379	75771.1	0	0
Cl35	32564.6	0.150352	82142.7	2511.5	2511.22
neutron	939.565	9.37678	75639	0	0
neutron	939.565	7.01198	75639	0	0
neutron	939.565	4.80532	75639	0	0
alpha	3727.38	6.21419	75639	0	0
O16	14895.1	2.19106	75639	0	0
neutron	939.565	3.46606	77949.3	0	0
Ne22	20479.7	0.0368431	77949.3	0	0
neutron	939.565	2.4457	79996.9	0	0
S36	33495	0.255708	79996.9	0	0
Cl35	32564.6	0.0689755	92796.3	6461.1	6460.95
Cl35	32564.6	0.0829379	77338.7	125.669	125.584
Ne23	21414.1	0.225981	77122.4	0	0
neutron	939.565	37.8495	74864.3	0	0
neutron	939.565	1.85717	74864.3	0	0
Ne21	19550.5	1.37164	74864.3	0	0
Cl35	32564.6	0.0716668	81595.1	1580.86	1580.62
S35	32565.3	0.144656	77387.1	0	0
Na23	21409.2	0.160055	91538	6078.19	6077.95
Na23	21409.2	0.300373	88450.3	4876.19	4875.77
Ne23	21414.1	0.214248	76901.4	0	0
Ne23	21414.1	0.229775	74689.2	0	0
Na23	21409.2	0.124872	93831.9	7417.19	7416.94
Cl35	32564.6	0.218852	93634	7343.03	7342.8
Na23	21409.2	0.101495	89363.9	5339.97	5339.67
Cl35	32564.6	0.0689112	86744.5	4044.56	4043.93
Cl35	32564.6	0.0858083	83218.9	2619.7	2619.3
Ne23	21414.1	0.207906	76501.1	0	0
Na23	21409.2	0.112111	99418.5	9790.82	9790.42
Na23	21409.2	0.249583	94155	6828.45	6827.89
Cl35	32564.6	0.107265	81269.6	1128.39	1127.75
Ne23	21414.1	0.233855	78372.8	0	0
Na23	21409.2	0.191127	99008.8	9555.43	9555.21
Cl35	32564.6	0.146988	94423.5	7574.78	7574.53
Ne23	21414.1	0.223834	75342.8	0	0
Cl35	32564.6	0.123736	99679.5	9814.32	9813.84
Ne23	21414.1	0.228227	76377	0	0
Na23	21409.2	0.269277	90183.4	5720.98	5720.71
Cl35	32564.6	0.0805087	79322	893.32	893.18
neutron	939.565	0.641509	77024.2	0	0
S34	31632.7	0.0735024	77024.2	0	0
Cl35	32564.6	0.0806444	86551.7	4353.89	4353.76
neutron	939.565	28.6822	75074.7	0	0
neutron	939.565	3.19953	75074.7	0	0
neutron	939.565	3.12745	75074.7	0	0
Ne20	18617.7	2.01042	75074.7	0	0
Na23	21409.2	0.249507	99500.9	9754.04	9753.08
Cl37	34424.8	0.140492	85183.3	3382.44	3382.22
S35	32565.3	0.145612	76388.8	0	0
Na23	21409.2	0.589273	96569.3	8557.72	8557.01
neutron	939.565	0.136154	77151.3	0	0
S34	31632.7	0.1887	77151.3	0	0
Na23	21409.2	0.330606	98237.5	9326.86	9326.49
neutron	939.565	0.544751	74387.1	0	0
S34	31632.7	0.142868	74387.1	0	0
Cl35	32564.6	0.16009	86703.2	4173.05	4172.83
proton	938.272	7.08485	78371.2	0	0
neutron	939.565	3.52929	78371.2	0	0
neutron	939.565	3.33665	78371.2	0	0
F20	18625.3	0.128664	78371.2	0	0
Cl35	32564.6	0.308478	88188.3	5472.05	5471.31
Cl35	32564.6	0.596177	77418.4	655.982	655.079
neutron	939.565	52.7471	75665.8	0	0
neutron	939.565	4.94625	75665.8	0	0
neutron	939.565	0.791572	75665.8	0	0
alpha	3727.38	3.03849	75665.8	0	0
O16	14895.1	5.71348	75665.8	0	0
Cl37	34424.8	0.112658	89944.1	5974.74	5974.58
Na23	21409.2	0.24227	88338.9	5286.25	5285.98
Cl35	32564.6	0.0958127	83049.4	3236.41	3236.24
neutron	939.565	0.69878	74862	0	0
S34	31632.7	0.0971577	74862	0	0
Cl37	34424.8	0.137286	89267.8	5124.58	5124.16
neutron	939.565	28.5216	77900.5	0	0
neutron	939.565	0.975837	77900.5	0	0
neutron	939.565	0.73465	77900.5	0	0
S34	31632.7	0.721102	77900.5	0	0
Na23	21409.2	0.17455	85349.2	2159.47	2158.56
neutron	939.565	0.552674	79592.1	0	0
Ne22	20479.7	0.173472	79592.1	0	0
Na23	21409.2	0.954052	78903.4	1305.76	1304.34
neutron	939.565	17.7236	76465.6	0	0
neutron	939.565	12.7064	76465.6	0	0
neutron	939.565	1.55169	76465.6	0	0
alpha	3727.38	8.24826	76465.6	0	0
alpha	3727.38	3.23142	76465.6	0	0
C12	11174.9	3.1869	76465.6	0	0
Na23	21409.2	0.111338	95171.4	7919.19	7918.72
Cl35	32564.6	0.088727	91271.8	6379.05	6378.74
Cl35	32564.6	0.0821007	93492.9	6870.92	6870.55
neutron	939.565	1.60795	75635.9	0	0
Ne22	20479.7	0.105187	75635.9	0	0
Na23	21409.2	0.120302	89917.4	5813.02	5812.8
Na23	21409.2	0.180378	81550.6	1834.64	1834.11
Cl35	32564.6	0.848344	80765.2	1400.11	1399.13
Na23	21409.2	0.138686	79524.6	911.737	911.531
neutron	939.565	0.823798	77063	0	0
S34	31632.7	0.108876	77063	0	0
Na23	21409.2	0.12491	89823.4	5487.83	5487.09
Na23	21409.2	0.132407	82870.5	2221.1	2220.63
Cl37	34424.8	0.611057	93924.2	7645.2	7644.46
Cl37	34424.8	0.167325	88343.9	5355.8	5355.15
Cl37	34424.8	0.104017	78729	1590.36	1590.1
Cl35	32564.6	0.0826943	75612.1	26.3473	26.1408
neutron	939.565	0.614681	75611.9	0	0
S34	31632.7	0.224489	75611.9	0	0
Cl35	32564.6	0.104755	80750.6	1744.71	1744.37
neutron	939.565	5.26862	76278.2	0	0
Ne22	20479.7	0.784964	76278.2	0	0
Cl37	34424.8	0.0859853	82865.3	2696.32	2696.21
Cl35	32564.6	0.41915	88005.7	4463.42	4462.92
Na23	21409.2	0.102663	88077.5	4864.43	4864.29
Na23	21409.2	0.143913	88320.7	4936.88	4936.53
Na23	21409.2	0.106065	87043.6	4427.19	4427.04
Cl35	32564.6	0.133457	82035.3	2567.77	2567.62
neutron	939.565	0.668586	75078.1	0	0
Ne22	20479.7	0.102559	75078.1	0	0
neutron	939.565	4.45359	75830.5	0	0
neutron	939.565	2.09315	75830.5	0	0
neutron	939.565	0.638149	75830.5	0	0
S32	29773.6	0.00834459	75830.5	0	0
Na23	21409.2	0.170244	84661	2831.59	2831.04
neutron	939.565	9.06143	74068.9	0	0
Ne22	20479.7	0.275891	74068.9	0	0
neutron	939.565	0.242078	73978.5	0	0
S34	31632.7	0.156945	73978.5	0	0
S35	32565.3	0.165442	75895.7	0	0
Ar35	32570.1	0.718477	98534.8	9448.56	9193.52
neutron	939.565	6.72244	76854.7	0	0
neutron	939.565	2.53221	76854.7	0	0
neutron	939.565	0.569515	76854.7	0	0
deuteron	1875.61	8.67077	76854.7	0	0
F18	16763.2	0.103704	76854.7	0	0
Cl37	34424.8	0.104592	96623.6	8709.05	8708.75
neutron	939.565	21.3959	75629.6	0	0
Ne22	20479.7	1.0487	75629.6	0	0
neutron	939.565	19.6662	75739.3	0	0
neutron	939.565	8.40357	75739.3	0	0
neutron	939.565	3.48791	75739.3	0	0
S32	29773.6	1.3609	75739.3	0	0
Na23	21409.2	0.16302	97143	8858.23	8858.02
Na23	21409.2	0.537147	94468.4	7748.17	7747.48
Cl37	34424.8	0.131059	87618.9	5019.18	5019.02
Na23	21409.2	0.142186	80667.9	2155.95	2155.81
neutron	939.565	24.125	75033.8	0	0
neutron	939.565	4.04464	75033.8	0	0
neutron	939.565	0.847121	75033.8	0	0
Ne20	18617.7	0.567759	75033.8	0	0
neutron	939.565	21.6922	76059.7	0	0
neutron	939.565	5.92589	76059.7	0	0
neutron	939.565	3.65643	76059.7	0	0
alpha	3727.38	4.19857	76059.7	0	0
O16	14895.1	4.36068	76059.7	0	0
Cl35	32564.6	0.0730254	86314.2	4272.26	4272.17
neutron	939.565	1.95349	75606.4	0	0
neutron	939.565	1.33624	75606.4	0	0
neutron	939.565	1.21729	75606.4	0	0
S34	31632.7	0.00954518	75606.4	0	0
Na23	21409.2	0.30402	90473.6	6153.62	6153.05
neutron	939.565	1.87607	75019.5	0	0
S34	31632.7	0.346932	75019.5	0	0
Cl35	32564.6	0.0886615	92424	6782.21	6782.1
Na23	21409.2	2.79942	90950	6256.89	6253.88
Na23	21409.2	0.62991	88434.8	5171.56	5170.79
S35	32565.3	0.154148	75695.7	0	0
Cl35	32564.6	0.0775954	93791	7251.75	7251.66
Ne23	21414.1	0.205228	76567.2	0	0
Cl35	32564.6	0.43875	95951.4	8273.76	8273.32
Cl37	34424.8	0.220161	97250	8822.85	8822.33
Cl37	34424.8	0.175543	92150	6548.17	6547.86
neutron	939.565	30.7155	76138.8	0	0
neutron	939.565	5.56388	76138.8	0	0
neutron	939.565	2.97911	76138.8	0	0
alpha	3727.38	6.06385	76138.8	0	0
O16	14895.1	1.80956	76138.8	0	0
Cl35	32564.6	0.0880301	92933.1	7051.36	7051.06
neutron	939.565	13.8371	75131.4	0	0
neutron	939.565	8.06168	75131.4	0	0
neutron	939.565	4.16728	75131.4	0	0
alpha	3727.38	5.14055	75131.4	0	0
O16	14895.1	1.59319	75131.4	0	0
neutron	939.565	3.74515	74831.1	0	0
neutron	939.565	2.09186	74831.1	0	0
neutron	939.565	0.925912	74831.1	0	0
S34	31632.7	0.243146	74831.1	0	0
neutron	939.565	33.5343	75627.5	0	0
neutron	939.565	4.50536	75627.5	0	0
neutron	939.565	1.08713	75627.5	0	0
alpha	3727.38	4.24279	75627.5	0	0
O16	14895.1	3.11553	75627.5	0	0
Na23	21409.2	0.214425	83458	2702.33	2701.87
Cl35	32564.6	0.0921359	76719.4	220.053	219.665
neutron	939.565	0.909112	76221.9	0	0
neutron	939.565	0.0195173	76221.9	0	0
S33	30704.6	0.251688	76221.9	0	0
neutron	939.565	4.25234	75633.3	0	0
neutron	939.565	3.51834	75633.3	0	0
neutron	939.565	0.827625	75633.3	0	0
alpha	3727.38	10.5482	75633.3	0	0
O16	14895.1	3.35747	75633.3	0	0
Cl35	32564.6	0.109738	96909	8691.14	8691.02
neutron	939.565	22.9417	75556.6	0	0
neutron	939.565	1.25145	75556.6	0	0
S33	30704.6	1.04209	75556.6	0	0
neutron	939.565	1.16147	76135.2	0	0
neutron	939.565	0.452687	76135.2	0	0
alpha	3727.38	14.7223	76135.2	0	0
Si29	26984.3	1.97708	76135.2	0	0
Cl35	32564.6	0.0687391	93882.1	6938.57	6938.47
proton	938.272	7.9156	79249.2	0	0
neutron	939.565	3.45111	79249.2	0	0
P33	30705.3	0.459114	79249.2	0	0
neutron	939.565	3.58685	76124.5	0	0
neutron	939.565	2.10888	76124.5	0	0
neutron	939.565	0.926339	76124.5	0	0
S32	29773.6	0.317875	76124.5	0	0
neutron	939.565	2.4206	79304.5	0	0
neutron	939.565	0.301025	79304.5	0	0
Ne21	19550.5	0.0960047	79304.5	0	0
Na23	21409.2	0.380143	79206.5	1271.29	1270.87
Cl35	32564.6	0.0755635	76414.2	249.03	248.751
Na23	21409.2	0.219811	76388	230.461	230.183
Ne23	21414.1	0.22703	75881.5	0	0
Na23	21409.2	0.716388	96726	8563.35	8562.59
neutron	939.565	6.79037	76847.9	0	0
neutron	939.565	4.50407	76847.9	0	0
neutron	939.565	1.97019	76847.9	0	0
alpha	3727.38	5.5748	76847.9	0	0
Si28	26053.2	2.41716	76847.9	0	0
neutron	939.565	0.599809	74739.9	0	0
S34	31632.7	0.0690997	74739.9	0	0
Cl35	32564.6	0.0831269	97963.4	9189.06	9188.59
Na23	21409.2	0.160419	89359	5605.66	5605.42
Cl35	32564.6	0.269003	86190.1	4399.36	4398.99
Na23	21409.2	0.157945	85496.9	4040.67	4040.35
Cl35	32564.6	0.0670487	89024.2	5554.96	5554.85
Cl35	32564.6	0.0828367	84578.7	3710.61	3710.33
Cl37	34424.8	0.506051	78096.6	732.117	731.541
neutron	939.565	11.427	77140	0	0
neutron	939.565	1.86273	77140	0	0
neutron	939.565	0.426534	77140	0	0
S32	29773.6	0.535382	77140	0	0
neutron	939.565	40.7593	77172.3	0	0
neutron	939.565	3.26115	77172.3	0	0
neutron	939.565	0.813864	77172.3	0	0
S32	29773.6	0.807876	77172.3	0	0
neutron	939.565	14.6798	76119.9	0	0
neutron	939.565	5.95254	76119.9	0	0
neutron	939.565	5.64057	76119.9	0	0
neutron	939.565	5.27195	76119.9	0	0
proton	938.272	2.98395	76119.9	0	0
neutron	939.565	1.71173	76119.9	0	0
P31	28844.2	1.43855	76119.9	0	0
neutron	939.565	17.5065	74210.6	0	0
neutron	939.565	9.95795	74210.6	0	0
neutron	939.565	4.09294	74210.6	0	0
alpha	3727.38	6.35145	74210.6	0	0
Si28	26053.2	1.35473	74210.6	0	0
Na23	21409.2	0.103005	95983.6	8361.61	8361.36
Na23	21409.2	0.786724	79872.8	2131.39	2130.42
neutron	939.565	4.28565	74781.8	0	0
neutron	939.565	0.480357	74781.8	0	0
Ne21	19550.5	0.379199	74781.8	0	0
Cl35	32564.6	0.309657	79565.5	616.815	616.467
neutron	939.565	0.589685	78012	0	0
Ne22	20479.7	0.27959	78012	0	0
Cl35	32564.6	0.0767277	88261.5	5045.24	5044.97
S37	34430.2	0.140643	76610.9	0	0
Na23	21409.2	0.282364	95392.6	8257.94	8257.49
Cl37	34424.8	0.0836086	77620.4	788.671	788.428
Na23	21409.2	0.190954	77525.9	752.193	751.836
neutron	939.565	2.2479	75579.8	0	0
Ne22	20479.7	0.280226	75579.8	0	0
Na23	21409.2	0.10506	97861.3	9098.8	9098.57
Na23	21409.2	0.220268	81732.4	2677.38	2677.03
Ne23	21414.1	0.224871	74732.8	0	0
Na23	21409.2	0.343594	99727	9858.67	9858.27
Cl35	32564.6	0.160072	99291.9	9700.29	9699.98
neutron	939.565	28.4916	76861.2	0	0
neutron	939.565	4.27187	76861.2	0	0
neutron	939.565	1.01337	76861.2	0	0
S34	31632.7	0.656714	76861.2	0	0
neutron	939.565	7.33174	74299.9	0	0
neutron	939.565	2.03346	74299.9	0	0
alpha	3727.38	12.8079	74299.9	0	0
O17	15830.5	5.18216	74299.9	0	0
Cl35	32564.6	0.0700476	88812.8	5097.54	5097.45
neutron	939.565	2.70158	76425.4	0	0
neutron	939.565	2.30722	76425.4	0	0
neutron	939.565	0.359311	76425.4	0	0
S32	29773.6	0.115129	76425.4	0	0
Na23	21409.2	0.20288	80737.9	2446.51	2446.29
S35	32565.3	0.138718	74106.3	0	0
neutron	939.565	6.72634	74884.9	0	0
neutron	939.565	0.205616	74884.9	0	0
S33	30704.6	0.261562	74884.9	0	0
Cl35	32564.6	0.133489	91845.9	4984.02	4983.79
Cl35	32564.6	0.113958	87776.7	3118.15	3117.98
Cl35	32564.6	0.0941423	95168.6	8148.72	8148.11
Cl35	32564.6	0.0851824	89648.9	5639.85	5639.76
neutron	939.565	14.8511	76147.4	0	0
neutron	939.565	1.45907	76147.4	0	0
neutron	939.565	0.794842	76147.4	0	0
alpha	3727.38	7.87854	76147.4	0	0
O16	14895.1	3.45863	76147.4	0	0
Na23	21409.2	0.213675	90405.1	5876.98	5876.72
Cl35	32564.6	0.0675841	87641	3681.66	3681.56
Ne23	21414.1	0.229509	77742.8	0	0
Cl35	32564.6	0.166399	87036.7	3073.5	3072.64
S35	32565.3	0.141694	80116	0	0
neutron	939.565	4.73474	74757.1	0	0
neutron	939.565	0.432926	74757.1	0	0
Ne21	19550.5	0.180792	74757.1	0	0
Na23	21409.2	0.209491	92024.2	6490.45	6490.09
Na23	21409.2	0.127212	86239.5	4072.92	4072.73
Na23	21409.2	0.63341	79235.3	1295.31	1294.67
Na23	21409.2	0.102508	79693.4	741.09	740.893
Na23	21409.2	0.205139	83400	2808.01	2807.44
neutron	939.565	2.6477	76236.8	0	0
S34	31632.7	0.0230351	76236.8	0	0
Cl35	32564.6	0.117382	78650.4	1389.55	1389.36
neutron	939.565	24.0437	74839.4	0	0
neutron	939.565	3.15506	74839.4	0	0
neutron	939.565	0.651759	74839.4	0	0
alpha	3727.38	3.08906	74839.4	0	0
O16	14895.1	2.71761	74839.4	0	0
Na23	21409.2	0.288615	87729.7	4507.84	4507.24
Na23	21409.2	0.828909	82985.4	2561.76	2560.89
neutron	939.565	0.417545	76398.4	0	0
S34	31632.7	0.204195	76398.4	0	0
S35	32565.3	0.166668	77366.9	0	0
S35	32565.3	0.158771	74778.8	0	0
Cl37	34424.8	0.0882631	96031.2	7885.97	7885.88
Na23	21409.2	0.11261	83568	2087.68	2087.22
Cl35	32564.6	0.129138	82243.1	1575.92	1575.59
Na23	21409.2	0.109066	97061.9	8903.29	8902.93
S37	34430.2	0.133749	75322.7	0	0
neutron	939.565	0.901337	75794.2	0	0
Ne22	20479.7	0.11104	75794.2	0	0
Na23	21409.2	0.135552	98099.1	9253.91	9253.76
Cl37	34424.8	0.0725923	95625.7	8227.57	8227.47
Cl35	32564.6	0.0790318	81666.8	1956.33	1956.2
Na23	21409.2	0.165497	89332.8	4333.75	4333.57
proton	938.272	8.59074	77702.4	0	0
neutron	939.565	6.48661	77702.4	0	0
neutron	939.565	0.803823	77702.4	0	0
alpha	3727.38	6.94036	77702.4	0	0
Al28	26058.3	1.72481	77702.4	0	0
neutron	939.565	11.3576	76153.9	0	0
neutron	939.565	6.6964	76153.9	0	0
neutron	939.565	2.81092	76153.9	0	0
Ne20	18617.7	0.415982	76153.9	0	0
Na23	21409.2	0.509373	91647.8	6625.86	6625.26
neutron	939.565	1.00677	76553.6	0	0
neutron	939.565	0.890062	76553.6	0	0
S35	32565.3	0.206796	76553.6	0	0
Cl37	34424.8	0.0652736	81304.3	1306.41	1306.23
neutron	939.565	2.5587	77813	0	0
neutron	939.565	0.245566	77813	0	0
Ne21	19550.5	0.490468	77813	0	0
Cl35	32564.6	0.114681	93264.1	7398.14	7397.9
Cl35	32564.6	0.0983082	79943.6	1364.77	1364.22
neutron	939.565	1.20065	77681.7	0	0
alpha	3727.38	4.78875	77681.7	0	0
O18	16762	1.87031	77681.7	0	0
Na23	21409.2	0.712567	99441.9	9796.53	9795.61
Cl35	32564.6	0.365641	83416.4	3335.46	3334.79
neutron	939.565	0.170332	75098.4	0	0
S34	31632.7	0.132622	75098.4	0	0
Cl35	32564.6	0.505944	77596.5	220.529	219.874
Cl35	32564.6	0.13946	82095.1	2440.8	2440.62
Cl35	32564.6	0.0730223	84328	2061.31	2061.18
neutron	939.565	11.9479	78883.5	0	0
neutron	939.565	4.49986	78883.5	0	0
Ne21	19550.5	0.192549	78883.5	0	0
Cl37	34424.8	0.0791897	81147.8	1990.03	1989.51
neutron	939.565	6.69018	75989.1	0	0
proton	938.272	5.84459	75989.1	0	0
neutron	939.565	1.0142	75989.1	0	0
F20	18625.3	1.20727	75989.1	0	0
Cl35	32564.6	0.117377	93187	7042.06	7041.8
Na23	21409.2	0.311602	77207	554.609	554.193
Na23	21409.2	0.106655	97356.9	9005.63	9005.47
neutron	939.565	7.48288	75570.6	0	0
neutron	939.565	2.09619	75570.6	0	0
neutron	939.565	1.84758	75570.6	0	0
S34	31632.7	0.0894058	75570.6	0	0
Cl37	34424.8	0.0799719	96512.4	8593.13	8592.89
Cl35	32564.6	0.0742104	81857.5	2687.34	2687.2
neutron	939.565	0.70894	75557.3	0	0
Ne22	20479.7	0.262632	75557.3	0	0
Cl35	32564.6	0.22815	82921.2	2417.92	2417.23
S35	32565.3	0.152212	76836.3	0	0
neutron	939.565	0.628467	75025.1	0	0
S34	31632.7	0.132279	75025.1	0	0
Cl35	32564.6	0.0807667	89679.3	5121.37	5121
Na23	21409.2	0.296649	88605.2	4735.71	4735.39
neutron	939.565	6.46858	75326.1	0	0
neutron	939.565	0.888311	75326.1	0	0
S35	32565.3	0.133391	75326.1	0	0
Na23	21409.2	0.404189	88534.4	5206.63	5205.29
Cl35	32564.6	0.0701999	88908.9	4802.1	4801.91
Cl35	32564.6	0.154594	82446.5	2147.49	2147.22
Cl37	34424.8	0.0656671	77486.1	143.883	143.761
S35	32565.3	0.151535	75636.4	0	0
neutron	939.565	12.807	77608.8	0	0
neutron	939.565	3.83774	77608.8	0	0
neutron	939.565	3.21649	77608.8	0	0
alpha	3727.38	12.5417	77608.8	0	0
O16	14895.1	6.92922	77608.8	0	0
Na23	21409.2	0.166304	91060.4	6254.91	6254.64
neutron	939.565	22.5698	76014.3	0	0
neutron	939.565	9.02167	76014.3	0	0
Ne21	19550.5	0.555887	76014.3	0	0
Cl35	32564.6	0.0805075	97670.4	8892.71	8892.61
neutron	939.565	28.6742	76358.8	0	0
proton	938.272	8.70644	76358.8	0	0
neutron	939.565	1.80864	76358.8	0	0
F20	18625.3	1.13046	76358.8	0	0
neutron	939.565	1.51481	77723.1	0	0
S34	31632.7	0.330653	77723.1	0	0
Ne23	21414.1	0.228397	76126.8	0	0
Na23	21409.2	0.164902	89820.3	5802.77	5802.54
neutron	939.565	3.76782	75626.1	0	0
neutron	939.565	0.666018	75626.1	0	0
alpha	3727.38	7.01877	75626.1	0	0
Si29	26984.3	1.70956	75626.1	0	0
Cl37	34424.8	0.121741	84700.4	3906.54	3906.34
Na23	21409.2	0.136501	84118.8	3510.95	3510.33
neutron	939.565	0.83503	75246.4	0	0
S34	31632.7	0.156035	75246.4	0	0
Cl35	32564.6	0.119773	80845.6	2088.67	2088.46
S35	32565.3	0.153374	74735.5	0	0
neutron	939.565	1.5235	76790.3	0	0
S34	31632.7	0.185126	76790.3	0	0
neutron	939.565	0.90557	76866.2	0	0
S36	33495	0.126581	76866.2	0	0
Na23	21409.2	0.147859	79379.8	1538.65	1538.13
neutron	939.565	0.505352	75253.9	0	0
Ne22	20479.7	0.307535	75253.9	0	0
Cl35	32564.6	0.0671524	96924.6	8690.57	8690.13
neutron	939.565	0.50198	76465.9	0	0
Ne22	20479.7	0.143552	76465.9	0	0
Cl35	32564.6	0.0684042	96852.4	8663.89	8663.61
Na23	21409.2	0.300432	85278.9	4052.17	4051.43
Cl35	32564.6	0.0803771	95943.8	8286.62	8286.29
Cl35	32564.6	0.119614	87717.5	4705.11	4704.88
Na23	21409.2	0.120589	91309.3	6441.92	6441.78
neutron	939.565	9.42116	76262.2	0	0
proton	938.272	4.29105	76262.2	0	0
neutron	939.565	3.01348	76262.2	0	0
neutron	939.565	1.23087	76262.2	0	0
P31	28844.2	0.855841	76262.2	0	0
neutron	939.565	0.57263	80833.3	0	0
S36	33495	0.0863913	80833.3	0	0
Na23	21409.2	0.52091	85496	3638.54	3637.77
neutron	939.565	1.08901	77415.2	0	0
neutron	939.565	0.374797	77415.2	0	0
Ne21	19550.5	0.154541	77415.2	0	0
Cl35	32564.6	0.0668003	91739	6753.36	6752.72
Cl35	32564.6	0.651199	80978.1	2449.15	2448.43
neutron	939.565	0.672258	74635.8	0	0
neutron	939.565	0.0926538	74635.8	0	0
S33	30704.6	0.253316	74635.8	0	0
neutron	939.565	1.64248	77102.8	0	0
S34	31632.7	0.174439	77102.8	0	0
neutron	939.565	0.767275	77096.7	0	0
S36	33495	0.107031	77096.7	0	0
neutron	939.565	0.768764	78651.7	0	0
S34	31632.7	0.126927	78651.7	0	0
Cl37	34424.8	0.0824673	81439.7	2557.25	2557.07
neutron	939.565	8.56865	74600.2	0	0
proton	938.272	2.32407	74600.2	0	0
P33	30705.3	1.0013	74600.2	0	0
Ne23	21414.1	0.227048	76191.2	0	0
Ne23	21414.1	0.221703	78511.6	0	0
Na23	21409.2	0.169815	92175.8	6487.42	6486.66
Cl35	32564.6	0.0905898	90294.8	5680.87	5680.72
neutron	939.565	3.69694	76373.3	0	0
neutron	939.565	3.23645	76373.3	0	0
neutron	939.565	0.439302	76373.3	0	0
S34	31632.7	0.356019	76373.3	0	0
Na23	21409.2	0.13547	93018.5	6653.76	6653.34
neutron	939.565	10.151	76530.7	0	0
neutron	939.565	2.58235	76530.7	0	0
neutron	939.565	2.47102	76530.7	0	0
alpha	3727.38	8.36232	76530.7	0	0
O16	14895.1	4.24258	76530.7	0	0
neutron	939.565	9.32489	75885	0	0
neutron	939.565	6.48153	75885	0	0
neutron	939.565	2.05168	75885	0	0
Ne20	18617.7	0.606728	75885	0	0
Na23	21409.2	0.112546	97344.6	8850.35	8850.14
Na23	21409.2	1.36013	92336.5	6695.61	6694.16
proton	938.272	12.1362	76927.7	0	0
proton	938.272	7.72477	76927.7	0	0
neutron	939.565	5.70146	76927.7	0	0
neutron	939.565	5.432	76927.7	0	0
neutron	939.565	3.21573	76927.7	0	0
neutron	939.565	3.03997	76927.7	0	0
Si29	26984.3	0.764071	76927.7	0	0
neutron	939.565	4.14749	76061.9	0	0
S34	31632.7	0.289026	76061.9	0	0
Na23	21409.2	0.175834	81063.3	1858.96	1858.55
Cl37	34424.8	0.262709	91405	6441.58	6440.84
Na23	21409.2	0.134052	83188.8	2312.46	2312.22
neutron	939.565	34.5705	77051.8	0	0
neutron	939.565	28.3213	77051.8	0	0
neutron	939.565	2.94675	77051.8	0	0
S32	29773.6	0.300058	77051.8	0	0
Na23	21409.2	0.11741	91841.6	6476.39	6476.15
Na23	21409.2	0.174682	99690.1	9871.5	9871.25
neutron	939.565	6.94503	76831.3	0	0
proton	938.272	5.35183	76831.3	0	0
neutron	939.565	2.94668	76831.3	0	0
neutron	939.565	0.56751	76831.3	0	0
F19	17692.3	0.743129	76831.3	0	0
Na23	21409.2	0.114391	78397.6	1219.76	1219.61
Na23	21409.2	0.187319	90492.8	6278.77	6278.53
Ne23	21414.1	0.192118	75145.5	0	0
Na23	21409.2	0.161681	97449.6	9026	9025.71
neutron	939.565	7.62148	75693.7	0	0
neutron	939.565	4.89943	75693.7	0	0
proton	938.272	2.72932	75693.7	0	0
neutron	939.565	0.437416	75693.7	0	0
P33	30705.3	0.115279	75693.7	0	0
Cl35	32564.6	0.240384	83014.8	3087.76	3087.49
neutron	939.565	0.407443	75038.1	0	0
S34	31632.7	0.0702798	75038.1	0	0
Na23	21409.2	0.371181	91059	6143.73	6143.12
proton	938.272	18.5659	77280.4	0	0
neutron	939.565	10.7883	77280.4	0	0
neutron	939.565	1.7578	77280.4	0	0
neutron	939.565	0.556773	77280.4	0	0
P31	28844.2	1.33575	77280.4	0	0
Na23	21409.2	0.29795	97916.8	9078.14	9077.45
neutron	939.565	11.1892	75494.9	0	0
neutron	939.565	4.64267	75494.9	0	0
proton	938.272	3.81208	75494.9	0	0
neutron	939.565	2.20844	75494.9	0	0
F19	17692.3	0.935422	75494.9	0	0
Cl35	32564.6	0.204146	97747.9	8994.37	8994.12
Cl35	32564.6	0.08469	79086.3	1190.11	1189.86
Cl35	32564.6	0.0731879	80788.3	2010.44	2010.33
Ne23	21414.1	0.224888	74535.9	0	0
Cl35	32564.6	0.14766	81210	1933.31	1932.94
neutron	939.565	1.46864	76497.3	0	0
S34	31632.7	0.0357552	76497.3	0	0
neutron	939.565	9.30789	77046.2	0	0
proton	938.272	6.46083	77046.2	0	0
neutron	939.565	5.64731	77046.2	0	0
neutron	939.565	5.10759	77046.2	0	0
proton	938.272	2.21411	77046.2	0	0
Si30	27913.2	0.207071	77046.2	0	0
neutron	939.565	29.5008	76620.9	0	0
neutron	939.565	1.71624	76620.9	0	0
neutron	939.565	0.66496	76620.9	0	0
S34	31632.7	0.76786	76620.9	0	0
neutron	939.565	1.0335	75525.2	0	0
S34	31632.7	0.0583528	75525.2	0	0
Cl35	32564.6	0.368833	92318.9	6599.41	6598.88
neutron	939.565	1.39311	77715.4	0	0
Ne22	20479.7	0.0948953	77715.4	0	0
Na23	21409.2	0.289788	95682.3	8328.09	8327.77
Ne23	21414.1	0.199852	74486.9	0	0
Na23	21409.2	0.284437	93115.1	7178.56	7178.26
Cl37	34424.8	0.0741187	97631.4	9037.78	9037.66
Cl35	32564.6	0.0947002	84626.2	3493.96	3493.74
Cl35	32564.6	0.117681	78338.8	686.656	686.508
Na23	21409.2	0.14014	96165.3	8144.41	8144.27
neutron	939.565	4.35767	74856.6	0	0
neutron	939.565	0.350465	74856.6	0	0
S33	30704.6	0.0652911	74856.6	0	0
Cl35	32564.6	0.075281	79801.6	1770.31	1770.06
neutron	939.565	3.35102	75249.1	0	0
neutron	939.565	0.572013	75249.1	0	0
neutron	939.565	0.295591	75249.1	0	0
S32	29773.6	0.292113	75249.1	0	0
proton	938.272	8.33634	75021.1	0	0
neutron	939.565	1.70644	75021.1	0	0
neutron	939.565	1.1818	75021.1	0	0
P32	29775.8	0.35579	75021.1	0	0
Cl35	32564.6	0.145935	98943	9611.43	9611
Na23	21409.2	0.589685	94711.5	7836.73	7835.9
Cl35	32564.6	0.0701179	86738.5	4711.25	4711.11
Na23	21409.2	0.192162	94089.6	6724.86	6724.57
Cl37	34424.8	0.0901567	88186.4	4438.85	4438.28
proton	938.272	22.0235	77369.3	0	0
neutron	939.565	4.82346	77369.3	0	0
triton	2808.92	4.3777	77369.3	0	0
O18	16762	3.94176	77369.3	0	0
Na23	21409.2	0.115952	96248.7	8251.56	8251.3
Cl37	34424.8	0.0696835	95445.8	7930.89	7930.68
Cl37	34424.8	0.190984	93350.4	7048.11	7047.86
Cl35	32564.6	0.0804383	76898.5	75.3973	75.3111
Cl35	32564.6	0.175449	91418.5	5992.85	5992.67
Na23	21409.2	0.584919	97897.4	9079.67	9079.02
Na23	21409.2	0.250234	89803	5364.03	5363.56
Cl37	34424.8	0.136479	77710.2	103.869	103.714
neutron	939.565	31.2609	77554.8	0	0
neutron	939.565	6.32384	77554.8	0	0
neutron	939.565	3.80127	77554.8	0	0
alpha	3727.38	5.80493	77554.8	0	0
O16	14895.1	5.37053	77554.8	0	0
Na23	21409.2	0.178299	89377.5	5717.19	5716.78
Cl35	32564.6	0.0980923	80234.3	1875.15	1874.57
proton	938.272	6.94295	75102.2	0	0
proton	938.272	5.17172	75102.2	0	0
neutron	939.565	2.64008	75102.2	0	0
neutron	939.565	2.27456	75102.2	0	0
neutron	939.565	1.33132	75102.2	0	0
alpha	3727.38	9.12963	75102.2	0	0
Mg26	24196.5	1.48922	75102.2	0	0
Na23	21409.2	0.397558	86905.6	3128.91	3128.35
neutron	939.565	0.805245	78803	0	0
Ne22	20479.7	0.359713	78803	0	0
Cl35	32564.6	0.079804	93006.6	6721.1	6720.95
Cl37	34424.8	0.0873332	87507.8	4574.37	4574.11
neutron	939.565	0.587681	75769	0	0
S34	31632.7	0.154892	75769	0	0
Na23	21409.2	0.10408	98405.4	9286.56	9286.38
Cl35	32564.6	0.100314	84461.2	2873.16	2872.98
Cl37	34424.8	0.180396	81098.9	1649.9	1649.65
Cl37	34424.8	0.08724	89529.4	5774.69	5774.52
Na23	21409.2	0.304031	75210.2	118.532	118.224
neutron	939.565	6.60365	75037.6	0	0
neutron	939.565	2.05103	75037.6	0	0
neutron	939.565	0.631035	75037.6	0	0
Ne20	18617.7	0.466175	75037.6	0	0
S35	32565.3	0.157015	75741.7	0	0
Cl35	32564.6	0.0687505	86500.7	4429.98	4429.57
S35	32565.3	0.155837	75541	0	0
Cl37	34424.8	0.135939	98576.6	9425.58	9425.27
Na23	21409.2	0.143293	94919.3	7793.62	7793.25
Cl35	32564.6	0.114017	87528.7	4723.58	4723.22
Na23	21409.2	0.191127	91819.5	6633.19	6632.94
Na23	21409.2	0.250159	77775.4	851.617	851.278
neutron	939.565	0.867468	75599.1	0	0
S34	31632.7	0.054879	75599.1	0	0
Na23	21409.2	0.401698	95404.7	7374.4	7373.92
neutron	939.565	1.2656	76060	0	0
S34	31632.7	0.26972	76060	0	0
Na23	21409.2	0.102896	89029.1	5632.46	5632.1
Ne23	21414.1	0.208193	75606.3	0	0
Na23	21409.2	0.116449	99992.1	9997.87	9997.62
Cl35	32564.6	0.211593	78849.8	534.391	534.021
neutron	939.565	0.521242	77584.4	0	0
Ne22	20479.7	0.203301	77584.4	0	0
Na23	21409.2	0.261837	77276.3	393.028	392.634
Na23	21409.2	0.106206	95124.6	6764.22	6763.98
Cl37	34424.8	0.0803797	92934.9	5909.25	5909.05
Cl35	32564.6	0.07117	92043.3	5406.75	5406.62
neutron	939.565	18.6417	77974	0	0
proton	938.272	11.8042	77974	0	0
neutron	939.565	3.33346	77974	0	0
neutron	939.565	1.64307	77974	0	0
P33	30705.3	1.55528	77974	0	0
Na23	21409.2	0.138394	83198.7	2816.09	2815.94
neutron	939.565	24.6754	76103.4	0	0
neutron	939.565	22.9846	76103.4	0	0
neutron	939.565	3.35779	76103.4	0	0
S32	29773.6	1.30596	76103.4	0	0
Na23	21409.2	0.203256	88016	4825.93	4825.72
proton	938.272	28.0417	76192.1	0	0
neutron	939.565	2.53222	76192.1	0	0
neutron	939.565	1.8606	76192.1	0	0
P32	29775.8	0.209175	76192.1	0	0
Cl37	34424.8	0.126639	91902.5	6427.48	6427.32
neutron	939.565	32.6061	76266	0	0
neutron	939.565	2.92415	76266	0	0
Ne21	19550.5	1.07651	76266	0	0
Cl35	32564.6	0.0740394	87710.9	4731.89	4731.78
Na23	21409.2	0.145769	80724.7	1898.07	1897.87
Na23	21409.2	0.206769	75814.9	63.4644	63.2519
neutron	939.565	5.65339	76624.5	0	0
neutron	939.565	1.93024	76624.5	0	0
neutron	939.565	0.626229	76624.5	0	0
alpha	3727.38	5.83009	76624.5	0	0
O16	14895.1	1.13023	76624.5	0	0
Cl35	32564.6	0.503214	99748.5	9908.46	9907.71
Cl37	34424.8	0.0718251	92324.8	6940.2	6940.12
Cl35	32564.6	0.0966615	87487.1	5006.82	5006.69
neutron	939.565	0.710325	76434.5	0	0
Ne22	20479.7	0.237576	76434.5	0	0
Cl35	32564.6	0.114294	82616.1	1787.65	1787.48
Na23	21409.2	0.174572	78997.9	432.397	432.188
S35	32565.3	0.143858	77932.8	0	0
Cl35	32564.6	0.158948	94387.9	7708.3	7708.05
Cl35	32564.6	0.379857	82947.2	3002.18	3001.5
neutron	939.565	22.5716	75475.1	0	0
neutron	939.565	6.24288	75475.1	0	0
neutron	939.565	5.17709	75475.1	0	0
alpha	3727.38	8.93326	75475.1	0	0
Si28	26053.2	0.670961	75475.1	0	0
Cl35	32564.6	0.0930931	91947	6079.59	6078.73
neutron	939.565	10.3391	77602.6	0	0
neutron	939.565	10.2165	77602.6	0	0
proton	938.272	5.74763	77602.6	0	0
proton	938.272	5.48546	77602.6	0	0
neutron	939.565	2.1579	77602.6	0	0
neutron	939.565	0.689008	77602.6	0	0
Si29	26984.3	0.326983	77602.6	0	0
Cl35	32564.6	0.0781432	78764.8	965.456	965.343
neutron	939.565	9.36619	76193.9	0	0
alpha	3727.38	2.60895	76193.9	0	0
O18	16762	2.81737	76193.9	0	0
Na23	21409.2	0.220254	90847.6	6136.87	6136.31
Cl37	34424.8	0.0655495	82252.1	2204.86	2204.78
neutron	939.565	15.7141	79515.5	0	0
neutron	939.565	2.27878	79515.5	0	0
neutron	939.565	1.35169	79515.5	0	0
S34	31632.7	0.344884	79515.5	0	0
neutron	939.565	0.316419	77075.1	0	0
Ne22	20479.7	0.212584	77075.1	0	0
Cl35	32564.6	0.0699989	95381.1	6581.74	6581.53
Cl35	32564.6	0.158058	96330.4	8412.58	8412.35
Na23	21409.2	1.26762	95106.3	7918.15	7916.88
S35	32565.3	0.153771	76890	0	0
Na23	21409.2	0.173435	84041.4	3094.11	3093.76
Na23	21409.2	0.208163	81784.6	2230.89	2230.58
neutron	939.565	0.470807	76114.3	0	0
S34	31632.7	0.175829	76114.3	0	0
Na23	21409.2	0.633356	77604.2	548.489	547.841
S35	32565.3	0.132054	76208.1	0	0
Na23	21409.2	0.238398	98973	9566.29	9565.52
Ne23	21414.1	0.231122	76671.9	0	0
Cl35	32564.6	0.109922	80612	15.052	14.9339
Na23	21409.2	0.317021	97438.7	8969.74	8969.38
Ne23	21414.1	0.218468	74947.5	0	0
Cl35	32564.6	0.205337	95213.4	8099.15	8098.92
Cl37	34424.8	0.503089	91942	6657.87	6656.88
S35	32565.3	0.160898	74650.6	0	0
Cl35	32564.6	0.0909994	95109.3	7850.39	7850.22
Cl35	32564.6	0.143665	94500.8	7280.95	7280.65
Cl35	32564.6	0.0969511	77528.2	75.1794	74.9772
Cl35	32564.6	0.123936	93384.3	7417.62	7417.47
neutron	939.565	0.759297	74355.5	0	0
Ne22	20479.7	0.227126	74355.5	0	0
neutron	939.565	9.66524	75065.3	0	0
neutron	939.565	2.39248	75065.3	0	0
neutron	939.565	1.63882	75065.3	0	0
alpha	3727.38	10.0298	75065.3	0	0
O16	14895.1	1.88866	75065.3	0	0
Cl35	32564.6	0.0910096	91152.7	6363.17	6363.06
neutron	939.565	0.0717201	77001	0	0
S34	31632.7	0.185135	77001	0	0
neutron	939.565	41.0039	75251.9	0	0
proton	938.272	4.39447	75251.9	0	0
neutron	939.565	3.08147	75251.9	0	0
P32	29775.8	1.98353	75251.9	0	0
Na23	21409.2	0.121508	86562.7	3804.82	3804.37
S35	32565.3	0.15187	76492.8	0	0
neutron	939.565	0.227721	78237.4	0	0
Ne22	20479.7	0.245601	78237.4	0	0
Na23	21409.2	0.11146	99453.5	9782.54	9782.37
Cl35	32564.6	0.115194	88540.6	4135.09	4134.75
neutron	939.565	1.29169	78343.4	0	0
S34	31632.7	0.0913822	78343.4	0	0
Cl37	34424.8	0.104777	86423.7	3892.77	3892.57
proton	938.272	10.6917	76744.7	0	0
neutron	939.565	1.44041	76744.7	0	0
deuteron	1875.61	23.4333	76744.7	0	0
alpha	3727.38	1.54486	76744.7	0	0
C15	13979.2	5.92093	76744.7	0	0
Cl35	32564.6	0.121456	79833.2	1118.3	1117.81
neutron	939.565	0.317107	76849	0	0
Ne22	20479.7	0.126148	76849	0	0
neutron	939.565	109.729	94733.2	7281.05	6975.45
proton	938.272	75.3815	94733.2	7281.05	6975.45
proton	938.272	9.45584	94733.2	7281.05	6975.45
proton	938.272	9.43341	94733.2	7281.05	6975.45
neutron	939.565	5.72251	94733.2	7281.05	6975.45
neutron	939.565	1.33087	94733.2	7281.05	6975.45
deuteron	1875.61	0.0851797	94733.2	7281.05	6975.45
N15	13968.9	17.806	94733.2	7281.05	6975.45
Cl35	32564.6	0.116989	95556.5	8155.34	8154.96
Cl37	34424.8	0.0783226	86845.3	4490.21	4490.01
Na23	21409.2	0.161124	82716.5	2818.96	2818.5
Cl35	32564.6	0.296885	80813.3	1943.96	1943.62
Cl37	34424.8	0.199345	88494.7	4605.18	4604.73
Ne23	21414.1	0.221162	78379.1	0	0
proton	938.272	8.42373	76925.9	0	0
neutron	939.565	2.84907	76925.9	0	0
alpha	3727.38	6.76361	76925.9	0	0
alpha	3727.38	10.3791	76925.9	0	0
Na25	23272.4	4.24935	76925.9	0	0
Cl35	32564.6	0.0919833	84550.8	3818.66	3818.47
neutron	939.565	3.21481	74756.6	0	0
S34	31632.7	0.174049	74756.6	0	0
Cl37	34424.8	0.221147	91035.2	6000.64	6000.31
Cl35	32564.6	0.0735712	89337.5	5160.1	5160.02
Na23	21409.2	0.29636	83201.2	2552.55	2552.24
neutron	939.565	0.263009	76597.5	0	0
S34	31632.7	0.103515	76597.5	0	0
Cl35	32564.6	0.0770206	96583	8637.64	8637.3
Na23	21409.2	0.560082	95645.3	8303.76	8303.06
Ne23	21414.1	0.231363	76197.6	0	0
Cl35	32564.6	0.07448	77517.9	1150.25	1149.96
proton	938.272	17.1868	78491.5	0	0
neutron	939.565	0.714902	78491.5	0	0
P33	30705.3	0.127539	78491.5	0	0
Na23	21409.2	0.474335	75648.8	74.5802	74.0443
Cl37	34424.8	0.0743807	99397.8	9770.42	9769.89
Na23	21409.2	0.129563	88417.8	4140.39	4139.86
proton	938.272	80.1052	84388.7	2511.2	2271
proton	938.272	35.8248	84388.7	2511.2	2271
proton	938.272	27.5528	84388.7	2511.2	2271
neutron	939.565	7.05061	84388.7	2511.2	2271
neutron	939.565	5.05895	84388.7	2511.2	2271
proton	938.272	3.15991	84388.7	2511.2	2271
neutron	939.565	2.57236	84388.7	2511.2	2271
neutron	939.565	1.22796	84388.7	2511.2	2271
Al27	25126.5	3.24997	84388.7	2511.2	2271
Cl35	32564.6	0.0708541	78681.3	38.1726	38.0317
neutron	939.565	7.80125	78649.7	0	0
S34	31632.7	0.0946867	78649.7	0	0
Cl37	34424.8	0.116273	96720.2	8652.31	8652.08
Na23	21409.2	0.207236	82314	2461.77	2461.55
Ne23	21414.1	0.223406	75542	0	0
neutron	939.565	1.63005	75607	0	0
S34	31632.7	0.293718	75607	0	0
neutron	939.565	14.225	77149.3	0	0
neutron	939.565	3.36406	77149.3	0	0
neutron	939.565	0.346029	77149.3	0	0
Ne20	18617.7	1.58398	77149.3	0	0
Na23	21409.2	0.93897	96334.7	8494.48	8493.42
Ne23	21414.1	0.230618	78480.1	0	0
Cl37	34424.8	0.0673013	90948.6	4707	4706.53
neutron	939.565	0.476958	79007	0	0
Ne22	20479.7	0.235061	79007	0	0
neutron	939.565	5.15445	76561.4	0	0
proton	938.272	2.38891	76561.4	0	0
P35	32569.8	0.13095	76561.4	0	0
Cl35	32564.6	0.0688029	96730.9	8536.88	8536.61
Cl37	34424.8	0.0770032	82129.7	2495.07	2494.6
S37	34430.2	0.142604	75614.6	0	0
Ne23	21414.1	0.234946	75296.1	0	0
Na23	21409.2	0.102591	85163.7	3111.13	3110.88
Cl35	32564.6	0.0904543	84622.4	2879.35	2879.01
Na23	21409.2	0.10213	82345.8	1988.62	1988.43
proton	938.272	16.8203	76983.5	0	0
neutron	939.565	5.75636	76983.5	0	0
proton	938.272	2.43853	76983.5	0	0
Si32	29776.6	0.331657	76983.5	0	0
neutron	939.565	1.18003	75087.7	0	0
Ne22	20479.7	0.0799174	75087.7	0	0
neutron	939.565	1.34116	76360.4	0	0
neutron	939.565	1.06695	76360.4	0	0
neutron	939.565	0.564656	76360.4	0	0
Ne20	18617.7	0.291556	76360.4	0	0
Cl35	32564.6	0.0879545	93916.4	7538.85	7538.62
Cl37	34424.8	0.163495	86348.1	4690.3	4690.12
Cl35	32564.6	0.0909952	77890.8	1279.68	1279.46
Na23	21409.2	0.241416	87078.1	4178.39	4178.05
neutron	939.565	0.677249	75948.9	0	0
S34	31632.7	0.245624	75948.9	0	0
S35	32565.3	0.157281	76416.3	0	0
Cl35	32564.6	0.152284	92232	7061.32	7061
Na23	21409.2	0.183885	89851.7	6185.56	6185.31
Ne23	21414.1	0.215832	76041.3	0	0
Cl35	32564.6	0.0841017	80972.3	2085.27	2084.98
Ne23	21414.1	0.208806	75263.9	0	0
neutron	939.565	7.71047	76437	0	0
neutron	939.565	6.29617	76437	0	0
neutron	939.565	4.85839	76437	0	0
proton	938.272	4.11579	76437	0	0
neutron	939.565	1.03674	76437	0	0
F18	16763.2	1.53837	76437	0	0
Cl35	32564.6	0.134299	78597.9	1093.63	1093.26
neutron	939.565	21.9724	75648.8	0	0
proton	938.272	10.4606	75648.8	0	0
neutron	939.565	0.482237	75648.8	0	0
P32	29775.8	1.26928	75648.8	0	0
Cl37	34424.8	0.0909676	97176	8946.86	8946.67
Cl35	32564.6	0.122353	97445.8	8872.68	8872.53
Na23	21409.2	0.106736	97352.5	8841.97	8841.57
proton	938.272	5.1098	76478.6	0	0
neutron	939.565	3.56213	76478.6	0	0
neutron	939.565	3.38167	76478.6	0	0
neutron	939.565	2.97247	76478.6	0	0
proton	938.272	2.17523	76478.6	0	0
neutron	939.565	1.72912	76478.6	0	0
neutron	939.565	1.20899	76478.6	0	0
O16	14895.1	0.732587	76478.6	0	0
S35	32565.3	0.15419	79348.4	0	0
Na23	21409.2	0.136136	91535.7	6687.96	6687.72
Na23	21409.2	0.213612	83995.6	3476.5	3476.13
Na23	21409.2	0.125444	82345	2789.5	2789.32
Ne23	21414.1	0.230894	75403.3	0	0
Na23	21409.2	0.253744	93027.9	6643.28	6642.86
neutron	939.565	0.11076	79364	0	0
S34	31632.7	0.132146	79364	0	0
neutron	939.565	2.70894	76439.4	0	0
neutron	939.565	1.60998	76439.4	0	0
S35	32565.3	0.0913552	76439.4	0	0
neutron	939.565	3.13441	74419.8	0	0
S34	31632.7	0.109363	74419.8	0	0
S35	32565.3	0.159925	75998.6	0	0
Cl35	32564.6	0.0864081	88818.5	4283.27	4282.84
neutron	939.565	8.41784	78016	0	0
neutron	939.565	5.29822	78016	0	0
neutron	939.565	4.57076	78016	0	0
Ne20	18617.7	0.995386	78016	0	0
Na23	21409.2	0.11983	88147.4	4380	4379.82
Na23	21409.2	0.284002	84064.7	2638.75	2638.38
Cl35	32564.6	0.0807807	83202.3	2319.01	2318.86
S35	32565.3	0.163833	77249.6	0	0
Cl35	32564.6	0.186327	91668.4	6203.52	6203.26
neutron	939.565	3.33835	75287.3	0	0
Ne22	20479.7	0.280346	75287.3	0	0
Na23	21409.2	0.190536	98758.4	9466.3	9466.01
Cl37	34424.8	0.161987	98578.1	9344.57	9344.28
Cl35	32564.6	0.0731596	94991.7	7902.25	7902.1
Cl35	32564.6	0.0750862	92279.8	6644.53	6644.45
S35	32565.3	0.15781	76372.3	0	0
Na23	21409.2	1.87825	96518.9	8382.44	8380.32
Na23	21409.2	0.122132	94808	7636.42	7636.16
neutron	939.565	1.04424	75575.9	0	0
Ne22	20479.7	0.238434	75575.9	0	0
neutron	939.565	0.666031	75023.1	0	0
Ne22	20479.7	0.103507	75023.1	0	0
neutron	939.565	10.3374	76876.1	0	0
neutron	939.565	6.8418	76876.1	0	0
neutron	939.565	1.13754	76876.1	0	0
S32	29773.6	0.0580233	76876.1	0	0
neutron	939.565	0.581686	75969.9	0	0
Ne22	20479.7	0.336646	75969.9	0	0
neutron	939.565	2.71513	76000.4	0	0
S34	31632.7	0.0424567	76000.4	0	0
neutron	939.565	6.44735	78068.6	0	0
neutron	939.565	1.00016	78068.6	0	0
neutron	939.565	0.506966	78068.6	0	0
Ne20	18617.7	0.726232	78068.6	0	0
neutron	939.565	0.133069	74645.4	0	0
S34	31632.7	0.129434	74645.4	0	0
neutron	939.565	33.2661	76959	0	0
neutron	939.565	9.90863	76959	0	0
neutron	939.565	1.69846	76959	0	0
S32	29773.6	0.363625	76959	0	0
Cl35	32564.6	0.342469	87251.3	3808.71	3808.23
Na23	21409.2	0.128872	91304.9	5902.12	5901.91
Na23	21409.2	0.338812	90589.1	5643.38	5642.74
Cl37	34424.8	0.0870018	85670.9	3921.19	3920.91
S35	32565.3	0.138377	75703.4	0	0
Cl35	32564.6	0.0903647	95432.1	6840.08	6839.95
Na23	21409.2	0.103837	83579	1531.08	1530.65
neutron	939.565	17.514	79381.5	0	0
neutron	939.565	10.7988	79381.5	0	0
neutron	939.565	5.11832	79381.5	0	0
S32	29773.6	0.067924	79381.5	0	0
Cl35	32564.6	0.0928168	85253.3	3692.57	3692.34
proton	938.272	11.1055	75788.1	0	0
neutron	939.565	5.46041	75788.1	0	0
neutron	939.565	1.65115	75788.1	0	0
neutron	939.565	0.304837	75788.1	0	0
F19	17692.3	0.143515	75788.1	0	0
Cl35	32564.6	0.0861434	86639.5	3414.27	3414.15
proton	938.272	18.1027	77574.4	0	0
neutron	939.565	5.08239	77574.4	0	0
neutron	939.565	1.03395	77574.4	0	0
neutron	939.565	0.490926	77574.4	0	0
F19	17692.3	0.961656	77574.4	0	0
Cl37	34424.8	0.064943	88886.7	5245.66	5245.09
neutron	939.565	0.683144	74695.9	0	0
Ne22	20479.7	0.105433	74695.9	0	0
Cl35	32564.6	0.458703	87021.8	3959.37	3958.9
Na23	21409.2	0.337231	77232.2	95.9509	95.508
neutron	939.565	12.1608	77094.6	0	0
neutron	939.565	8.48252	77094.6	0	0
neutron	939.565	2.19413	77094.6	0	0
alpha	3727.38	7.82876	77094.6	0	0
O16	14895.1	0.29	77094.6	0	0
Cl37	34424.8	0.102937	78409.2	899.421	899.18
neutron	939.565	5.06944	75977.9	0	0
neutron	939.565	1.6966	75977.9	0	0
neutron	939.565	0.251916	75977.9	0	0
S32	29773.6	0.483222	75977.9	0	0
Cl35	32564.6	0.105338	99960.3	9984.73	9984.62
S35	32565.3	0.146354	78268.3	0	0
Na23	21409.2	0.124977	77418.8	269.914	269.712
S35	32565.3	0.15123	77425.9	0	0
neutron	939.565	1.25748	79981.7	0	0
neutron	939.565	0.743139	79981.7	0	0
S33	30704.6	0.0452957	79981.7	0	0
Cl35	32564.6	0.214634	86231.9	4167.97	4167.71
Cl35	32564.6	0.0860708	82683	2678.74	2678.64
Na23	21409.2	0.103982	76898.7	504.449	504.33
neutron	939.565	7.10779	75555.1	0	0
neutron	939.565	4.60886	75555.1	0	0
Ne21	19550.5	0.771697	75555.1	0	0
Na23	21409.2	0.106265	92008.6	6518.06	6517.79
Cl35	32564.6	0.211549	85314.8	3607.94	3607.64
neutron	939.565	0.468138	75964.5	0	0
Ne22	20479.7	0.125197	75964.5	0	0
Na23	21409.2	0.231138	81844.5	2338.08	2337.4
Na23	21409.2	0.105403	78151.2	972.514	971.357
Na23	21409.2	0.400611	97842.8	9100.26	9099.47
neutron	939.565	6.39403	75837.5	0	0
neutron	939.565	4.61268	75837.5	0	0
neutron	939.565	1.01423	75837.5	0	0
S34	31632.7	0.158147	75837.5	0	0
neutron	939.565	1.55092	75633.9	0	0
neutron	939.565	0.969297	75633.9	0	0
deuteron	1875.61	17.2798	75633.9	0	0
F19	17692.3	2.75382	75633.9	0	0
Cl35	32564.6	0.11895	92527.9	6824.94	6824.77
neutron	939.565	28.954	76102.4	0	0
proton	938.272	26.8237	76102.4	0	0
F21	19556.7	0.0409874	76102.4	0	0
Cl35	32564.6	0.0697139	88674.7	5510.57	5510.49
Na23	21409.2	0.378699	82535.8	2935.96	2935.22
neutron	939.565	0.453335	74771.8	0	0
Ne22	20479.7	0.155624	74771.8	0	0
Cl37	34424.8	0.0705871	98233.9	9336.96	9336.73
neutron	939.565	5.50281	77731.9	0	0
proton	938.272	4.45713	77731.9	0	0
neutron	939.565	0.982867	77731.9	0	0
deuteron	1875.61	31.1588	77731.9	0	0
Si30	27913.2	4.24854	77731.9	0	0
Ne23	21414.1	0.226753	75275.4	0	0
neutron	939.565	0.665157	75415.7	0	0
Ne22	20479.7	0.127548	75415.7	0	0
Cl35	32564.6	0.0828624	77500.3	1170.04	1169.82
S37	34430.2	0.127126	74393.2	0	0
Ne23	21414.1	0.216831	75479	0	0
Na23	21409.2	0.999552	98534.4	9451.36	9450.09
Na23	21409.2	0.10448	82630.4	2699.82	2699.19
Na23	21409.2	0.130266	77568.1	719.358	718.765
neutron	939.565	1.95993	75629.6	0	0
S34	31632.7	0.162177	75629.6	0	0
Na23	21409.2	0.427681	91210.4	6484.65	6484.22
neutron	939.565	2.77789	76228.8	0	0
S34	31632.7	0.127857	76228.8	0	0
neutron	939.565	24.7165	76358.4	0	0
neutron	939.565	2.72873	76358.4	0	0
neutron	939.565	1.05676	76358.4	0	0
alpha	3727.38	2.79446	76358.4	0	0
O16	14895.1	4.21899	76358.4	0	0
Cl35	32564.6	0.298167	86469.1	4324.96	4324.6
neutron	939.565	2.66868	75500.6	0	0
S34	31632.7	0.0600431	75500.6	0	0
Cl37	34424.8	0.0886527	98413.1	9353.85	9353.74
Na23	21409.2	0.121557	83852.2	3203.16	3202.93
neutron	939.565	8.4398	75478.5	0	0
neutron	939.565	5.12791	75478.5	0	0
neutron	939.565	1.37533	75478.5	0	0
alpha	3727.38	6.41636	75478.5	0	0
O16	14895.1	2.77125	75478.5	0	0
Na23	21409.2	0.106513	83296.3	3079.41	3079.19
neutron	939.565	27.7628	75414.3	0	0
neutron	939.565	2.75481	75414.3	0	0
neutron	939.565	1.83517	75414.3	0	0
alpha	3727.38	7.38519	75414.3	0	0
O16	14895.1	3.24491	75414.3	0	0
neutron	939.565	21.9693	74797.6	0	0
proton	938.272	18.7585	74797.6	0	0
proton	938.272	2.27247	74797.6	0	0
Si32	29776.6	0.652607	74797.6	0	0
Na23	21409.2	0.102947	97752.5	8986.13	8985.88
S37	34430.2	0.141115	75955.8	0	0
Na23	21409.2	0.346882	85497.5	2826.2	2825.62
Na23	21409.2	0.101463	79713.5	401.046	400.892
proton	938.272	862.761	96437.7	8566.92	7355.62
proton	938.272	321.067	96437.7	8566.92	7355.62
F21	19556.7	0.139588	96437.7	8566.92	7355.62
neutron	939.565	4.15212	79157.3	0	0
neutron	939.565	2.61332	79157.3	0	0
Ne21	19550.5	0.561221	79157.3	0	0
Cl35	32564.6	0.606875	96636.4	8585.51	8584.64
Ne23	21414.1	0.229114	75496.3	0	0
Cl35	32564.6	0.0773144	94128.5	7648.73	7648.01
Na23	21409.2	0.159028	80543.3	1965.3	1965.12
neutron	939.565	0.110875	75511.6	0	0
S36	33495	0.11852	75511.6	0	0
Cl35	32564.6	0.0802576	79926.4	1838.09	1837.81
Na23	21409.2	0.144339	85743	3914.01	3913.62
S35	32565.3	0.150843	76263.1	0	0
Cl35	32564.6	0.0753845	81705.7	2282.41	2282.23
Cl35	32564.6	0.0801555	93632.3	7423.14	7423.02
Na23	21409.2	0.155833	90460.2	5967.64	5967.32
Na23	21409.2	0.240776	79172.6	1649.57	1649.33
neutron	939.565	0.327505	74911.4	0	0
S34	31632.7	0.215399	74911.4	0	0
Cl35	32564.6	0.0925132	93733.2	7389.88	7389.79
Na23	21409.2	0.238813	79168.9	1301.02	1300.32
neutron	939.565	2.268	76782	0	0
Ne22	20479.7	0.511406	76782	0	0
neutron	939.565	6.82439	75175.1	0	0
neutron	939.565	0.747504	75175.1	0	0
S33	30704.6	0.188716	75175.1	0	0
Na23	21409.2	0.160355	77266.6	656.65	655.727
Na23	21409.2	0.306754	97676.3	9104.53	9103.92
neutron	939.565	0.477388	76938.3	0	0
S34	31632.7	0.204945	76938.3	0	0
proton	938.272	15.9526	76367.2	0	0
proton	938.272	5.5738	76367.2	0	0
neutron	939.565	5.23877	76367.2	0	0
neutron	939.565	2.71209	76367.2	0	0
neutron	939.565	1.29711	76367.2	0	0
O18	16762	0.380862	76367.2	0	0
Na23	21409.2	0.101418	80201	1363.24	1362.91
neutron	939.565	1.14304	74367.3	0	0
S34	31632.7	0.0661192	74367.3	0	0
Na23	21409.2	0.124342	99968.7	9989.29	9989.15
Cl35	32564.6	0.134085	83418.8	3018.74	3018.47
neutron	939.565	15.0429	75123.3	0	0
neutron	939.565	2.03248	75123.3	0	0
Ne21	19550.5	0.877129	75123.3	0	0
Cl35	32564.6	0.0996079	92653.9	5631.41	5631.3
neutron	939.565	5.92218	78679.7	0	0
neutron	939.565	1.18521	78679.7	0	0
neutron	939.565	0.191773	78679.7	0	0
S34	31632.7	0.0641168	78679.7	0	0
Cl37	34424.8	0.092846	97631.4	8863.11	8862.63
Ne23	21414.1	0.228726	78127.7	0	0
Na23	21409.2	0.107935	90842.2	5908.08	5907.93
Cl35	32564.6	0.0823999	85047.8	3460.96	3460.82
Cl37	34424.8	0.0696345	79952.3	1585.96	1585.84
neutron	939.565	1.11864	75970.7	0	0
S34	31632.7	0.193168	75970.7	0	0
Cl37	34424.8	0.105143	79381.3	1908.51	1908.27
Ne23	21414.1	0.208049	74324.2	0	0
neutron	939.565	10.0175	75089.6	0	0
neutron	939.565	2.94386	75089.6	0	0
neutron	939.565	1.01101	75089.6	0	0
alpha	3727.38	6.35814	75089.6	0	0
O16	14895.1	1.21675	75089.6	0	0
Cl35	32564.6	0.35169	99842.7	9934.8	9934.04
Na23	21409.2	0.166653	91585.1	6637.99	6637.81
Na23	21409.2	0.203203	87879.7	5219.38	5219.12
Ne23	21414.1	0.227334	74712.2	0	0
neutron	939.565	0.410836	77394.3	0	0
Ne22	20479.7	0.242755	77394.3	0	0
neutron	939.565	9.56018	77129.6	0	0
neutron	939.565	7.49415	77129.6	0	0
neutron	939.565	1.08711	77129.6	0	0
alpha	3727.38	9.99655	77129.6	0	0
O16	14895.1	0.24208	77129.6	0	0
Cl35	32564.6	0.166046	96519.4	7907.28	7906.82
Na23	21409.2	0.437272	83348.3	1417.32	1416.82
S35	32565.3	0.150171	75182.2	0	0
Na23	21409.2	0.184627	95185.3	8070.04	8069.71
Cl37	34424.8	0.0856124	78244.7	484.858	484.75
neutron	939.565	4.09794	77018.8	0	0
S34	31632.7	0.342872	77018.8	0	0
neutron	939.565	4.20726	75532.2	0	0
neutron	939.565	3.14213	75532.2	0	0
neutron	939.565	2.80888	75532.2	0	0
S32	29773.6	0.511034	75532.2	0	0
Na23	21409.2	0.417595	83291.9	1150.42	1149.96
neutron	939.565	0.119003	80239.5	0	0
Ne22	20479.7	0.244779	80239.5	0	0
proton	938.272	33.2279	76700.6	0	0
neutron	939.565	2.31332	76700.6	0	0
neutron	939.565	1.61668	76700.6	0	0
F20	18625.3	1.96888	76700.6	0	0
neutron	939.565	28.3502	75440	0	0
neutron	939.565	21.3885	75440	0	0
neutron	939.565	0.395109	75440	0	0
S34	31632.7	0.282109	75440	0	0
neutron	939.565	2.3286	77828.5	0	0
neutron	939.565	0.270853	77828.5	0	0
alpha	3727.38	5.75803	77828.5	0	0
O17	15830.5	1.37557	77828.5	0	0
Ne23	21414.1	0.235126	76097.1	0	0
Na23	21409.2	0.638526	89142.3	4990.56	4989.87
Cl35	32564.6	0.0973828	75835.8	162.66	162.466
Ne23	21414.1	0.212481	75549.4	0	0
neutron	939.565	2.61718	77474.3	0	0
neutron	939.565	1.17371	77474.3	0	0
S33	30704.6	0.0748075	77474.3	0	0
Na23	21409.2	0.138244	91550.3	6468.35	6468.18
neutron	939.565	1.73857	75308.7	0	0
S34	31632.7	0.22234	75308.7	0	0
Cl37	34424.8	0.0671879	93548.5	6991.8	6991.57
Ne23	21414.1	0.227873	76436.2	0	0
Na23	21409.2	0.103876	84907.2	3562.47	3562.26
neutron	939.565	7.34245	75806.2	0	0
neutron	939.565	1.96094	75806.2	0	0
neutron	939.565	1.5583	75806.2	0	0
alpha	3727.38	11.7455	75806.2	0	0
O16	14895.1	3.75339	75806.2	0	0
Cl35	32564.6	0.0841204	95908.6	8365.72	8365.63
neutron	939.565	2.6415	76816.8	0	0
S34	31632.7	0.0399062	76816.8	0	0
Cl35	32564.6	0.0785983	82413.3	1729.56	1729.46
neutron	939.565	3.42079	77887.2	0	0
alpha	3727.38	6.32743	77887.2	0	0
O18	16762	2.74633	77887.2	0	0
Cl35	32564.6	0.122061	81037.3	2218.92	2218.43
neutron	939.565	0.856859	75232.6	0	0
Ne22	20479.7	0.197018	75232.6	0	0
Na23	21409.2	0.127473	98959.1	9376.02	9375.87
Ne23	21414.1	0.22467	77914.8	0	0
Cl35	32564.6	0.132352	75707.7	21.9461	21.7338
neutron	939.565	3.87315	75702.3	0	0
neutron	939.565	2.59388	75702.3	0	0
neutron	939.565	2.03593	75702.3	0	0
neutron	939.565	0.337422	75702.3	0	0
alpha	3727.38	11.4795	75702.3	0	0
Si29	26984.3	2.11423	75702.3	0	0
Cl35	32564.6	0.114491	92766.2	6578.75	6578.5
Cl35	32564.6	0.181797	79262.8	1341.25	1341.03
neutron	939.565	8.28364	75602.1	0	0
proton	938.272	3.71014	75602.1	0	0
neutron	939.565	2.88093	75602.1	0	0
neutron	939.565	0.910883	75602.1	0	0
P31	28844.2	0.957599	75602.1	0	0
neutron	939.565	0.0596135	78581	0	0
S34	31632.7	0.165184	78581	0	0
Na23	21409.2	0.300346	80291.4	1756.7	1756.39
S35	32565.3	0.16787	75546.2	0	0
neutron	939.565	5.26959	77071.1	0	0
neutron	939.565	4.27923	77071.1	0	0
Ne21	19550.5	1.4998	77071.1	0	0
Na23	21409.2	0.155743	99020.5	9550.55	9550.32
S35	32565.3	0.154608	75245.6	0	0
Na23	21409.2	0.231015	87989.5	4713.5	4713.23
neutron	939.565	7.74625	76802.7	0	0
neutron	939.565	6.29458	76802.7	0	0
neutron	939.565	3.64619	76802.7	0	0
alpha	3727.38	4.55733	76802.7	0	0
alpha	3727.38	2.13498	76802.7	0	0
C12	11174.9	11.1646	76802.7	0	0
Na23	21409.2	0.135979	94914.7	7683.66	7683.09
Ne23	21414.1	0.222223	75453.1	0	0
neutron	939.565	23.6581	82542.3	0	0
neutron	939.565	19.8343	82542.3	0	0
neutron	939.565	1.06784	82542.3	0	0
Ne20	18617.7	1.33556	82542.3	0	0
Na23	21409.2	0.503841	95998.4	8099.43	8098.35
S35	32565.3	0.132206	75947.5	0	0
Cl35	32564.6	0.0768665	76976.2	67.4464	67.1828
neutron	939.565	0.494694	75727.1	0	0
Ne22	20479.7	0.25275	75727.1	0	0
Na23	21409.2	0.142508	82417.6	2708.15	2707.56
S35	32565.3	0.165304	75441.2	0	0
Cl35	32564.6	0.102959	96042.4	8402.62	8402.47
Na23	21409.2	0.299404	89733.5	5842.28	5841.87
Ne23	21414.1	0.223383	75997	0	0
proton	938.272	7.35203	78135.1	0	0
neutron	939.565	7.19487	78135.1	0	0
neutron	939.565	1.1991	78135.1	0	0
P32	29775.8	0.853969	78135.1	0	0
proton	938.272	2432.97	90146.6	6073.29	3147.82
proton	938.272	464.615	90146.6	6073.29	3147.82
F21	19556.7	0.0386345	90146.6	6073.29	3147.82
neutron	939.565	1.6298	81849.6	0	0
S34	31632.7	0.253682	81849.6	0	0
Cl37	34424.8	0.139925	91500.9	6158.55	6158.28
Cl35	32564.6	0.0853474	98661.5	9407.03	9406.83
Cl37	34424.8	0.12449	96753	8668.56	8668.41
neutron	939.565	0.65906	75621.3	0	0
Ne22	20479.7	0.21051	75621.3	0	0
neutron	939.565	0.868651	74353.2	0	0
S34	31632.7	0.280568	74353.2	0	0
Na23	21409.2	0.229973	89600	4741.97	4741.56
neutron	939.565	4.4778	77368	0	0
neutron	939.565	1.8185	77368	0	0
neutron	939.565	0.157102	77368	0	0
S34	31632.7	0.330668	77368	0	0
Cl35	32564.6	0.0810242	89072.2	5229.05	5228.94
neutron	939.565	1.09665	77265.9	0	0
Ne22	20479.7	0.0715738	77265.9	0	0
Cl35	32564.6	0.377239	94920	7803.09	7802.71
Cl35	32564.6	0.0726956	92711.2	6846.52	6846.27
Cl35	32564.6	0.108906	77013.2	443.788	442.983
Na23	21409.2	0.423382	76733.3	348.78	348.097
Cl37	34424.8	0.119972	93847.1	7448.97	7448.74
Cl35	32564.6	0.0758855	82266.6	2985.64	2985.41
Na23	21409.2	0.111263	78213	1350.4	1350.17
neutron	939.565	1.40409	74513.5	0	0
S34	31632.7	0.0608336	74513.5	0	0
Na23	21409.2	0.254926	97783.4	9164.78	9164.44
Cl35	32564.6	0.136318	77612.3	1398.54	1397.73
neutron	939.565	0.103831	73862.2	0	0
Ne22	20479.7	0.178345	73862.2	0	0
Na23	21409.2	0.162439	99165.1	9663.82	9663.59
Na23	21409.2	0.125865	97662.7	9060.55	9060.27
Na23	21409.2	0.117948	94474.4	7825.74	7825.51
proton	938.272	16.3263	76682.2	0	0
neutron	939.565	12.6005	76682.2	0	0
neutron	939.565	6.17274	76682.2	0	0
neutron	939.565	3.44676	76682.2	0	0
proton	938.272	1.48635	76682.2	0	0
neutron	939.565	0.627092	76682.2	0	0
O17	15830.5	0.307819	76682.2	0	0
Cl35	32564.6	0.0766363	90521.9	6203.39	6203.21
Cl35	32564.6	0.0715826	84116.7	3268.49	3268.28
Na23	21409.2	0.154622	79681.7	1447.57	1447.17
Cl35	32564.6	0.130136	89604.3	5755.08	5754.76
neutron	939.565	0.2224	75396	0	0
S34	31632.7	0.183398	75396	0	0
Cl35	32564.6	0.0845755	99854.3	9941.12	9940.82
Na23	21409.2	0.177358	93591.2	6959.06	6958.86
Na23	21409.2	0.108878	80203.2	1282.94	1282.72
Na23	21409.2	0.128776	99968.1	9961.06	9960.81
Cl35	32564.6	0.14977	98364.7	9299.35	9299.13
Cl35	32564.6	0.10371	90202	5181.05	5180.92
Na23	21409.2	0.153686	85339.3	2716.1	2715.83
Cl35	32564.6	1.35451	78665.6	194.186	192.798
neutron	939.565	8.88442	78513.5	0	0
neutron	939.565	2.58914	78513.5	0	0
neutron	939.565	1.66371	78513.5	0	0
S34	31632.7	0.459248	78513.5	0	0
Cl35	32564.6	0.0672396	96110	8461.51	8461.3
neutron	939.565	0.307104	74081.9	0	0
S36	33495	0.19372	74081.9	0	0
Na23	21409.2	0.102658	96903.7	8031.87	8031.42
neutron	939.565	10.416	76768.5	0	0
neutron	939.565	1.61491	76768.5	0	0
Ne21	19550.5	0.0392269	76768.5	0	0
Cl37	34424.8	0.151609	98898.7	9546.24	9545.86
Na23	21409.2	0.147479	88300.1	5045.1	5044.92
Cl37	34424.8	0.13055	83719.9	3179.28	3178.94
S35	32565.3	0.149618	75253.3	0	0
Cl37	34424.8	0.0990839	89485	5909.69	5909.58
Na23	21409.2	0.748037	88429	4779.5	4778.72
neutron	939.565	5.31529	77450.6	0	0
neutron	939.565	5.21651	77450.6	0	0
neutron	939.565	1.25426	77450.6	0	0
alpha	3727.38	6.85615	77450.6	0	0
O16	14895.1	2.74642	77450.6	0	0
Cl35	32564.6	0.0859659	96282.6	8545.53	8544.93
neutron	939.565	29.8606	75955.7	0	0
neutron	939.565	5.06327	75955.7	0	0
neutron	939.565	1.15569	75955.7	0	0
S32	29773.6	0.766657	75955.7	0	0
neutron	939.565	0.917363	77411.3	0	0
S34	31632.7	0.0511579	77411.3	0	0
proton	938.272	42.6903	75992.1	0	0
neutron	939.565	2.75877	75992.1	0	0
P33	30705.3	0.964623	75992.1	0	0
Na23	21409.2	0.48131	93752.4	7361.23	7360.61
S35	32565.3	0.144451	76282.3	0	0
Cl37	34424.8	0.0695785	99267.7	9629.57	9629.2
neutron	939.565	1.21518	75326	0	0
Ne22	20479.7	0.145483	75326	0	0
Ne23	21414.1	0.206441	75467.5	0	0
Cl35	32564.6	0.0752969	89932.6	4251.95	4251.49
Na23	21409.2	0.61291	90359.2	6186.28	6185.36
Na23	21409.2	0.339276	86791.2	4799.15	4798.69
neutron	939.565	0.687787	75016.7	0	0
Ne22	20479.7	0.121221	75016.7	0	0
Cl35	32564.6	0.0988069	82833	3105.03	3104.68
Cl35	32564.6	0.121626	95704.3	8098.53	8098.35
Cl35	32564.6	0.0922478	82305.8	2718.84	2718.66
neutron	939.565	1.18296	75668.3	0	0
Ne22	20479.7	0.318204	75668.3	0	0
neutron	939.565	5.69848	77778.6	0	0
neutron	939.565	3.21373	77778.6	0	0
proton	938.272	1.95958	77778.6	0	0
F20	18625.3	0.694638	77778.6	0	0
Cl35	32564.6	0.275209	89752.9	5786.21	5785.89
S37	34430.2	0.139916	75186.7	0	0
Cl35	32564.6	0.165722	89014.9	5187.2	5186.86
Cl37	34424.8	0.0794228	86895.9	4364.29	4364.21
neutron	939.565	4.97059	75453.4	0	0
neutron	939.565	2.23861	75453.4	0	0
S33	30704.6	0.0920001	75453.4	0	0
neutron	939.565	0.167734	78268.2	0	0
S34	31632.7	0.156148	78268.2	0	0
Cl37	34424.8	0.207231	82221.2	1545.59	1545.32
Cl35	32564.6	0.0902667	96370.9	8512.48	8512.28
neutron	939.565	140.808	93810.8	7478.76	7220.5
neutron	939.565	21.6671	93810.8	7478.76	7220.5
proton	938.272	11.6295	93810.8	7478.76	7220.5
proton	938.272	8.26554	93810.8	7478.76	7220.5
neutron	939.565	7.65717	93810.8	7478.76	7220.5
proton	938.272	2.94897	93810.8	7478.76	7220.5
neutron	939.565	1.38668	93810.8	7478.76	7220.5
O16	14895.1	1.05028	93810.8	7478.76	7220.5
Cl35	32564.6	0.148259	91150.8	6168.06	6167.54
Na23	21409.2	0.134171	89294.6	5231.01	5230.85
Na23	21409.2	0.209194	90269	5000.91	5000.4
neutron	939.565	0.145643	77024	0	0
S34	31632.7	0.137313	77024	0	0
Na23	21409.2	0.327336	94618	6828	6827.63
Na23	21409.2	0.132272	87792.9	3390.75	3390.57
Na23	21409.2	0.104124	83044.6	1306.7	1306.57
neutron	939.565	3.93521	79426.7	0	0
triton	2808.92	8.79187	79426.7	0	0
alpha	3727.38	15.6121	79426.7	0	0
N15	13968.9	3.788	79426.7	0	0
Cl35	32564.6	0.192911	97091.7	8903.72	8903.38
Ne23	21414.1	0.231978	76429.1	0	0
Cl35	32564.6	0.253329	93427.8	6414.31	6413.96
neutron	939.565	2.58033	77108.3	0	0
neutron	939.565	1.05751	77108.3	0	0
neutron	939.565	0.230382	77108.3	0	0
S34	31632.7	0.192395	77108.3	0	0
Cl35	32564.6	0.136388	79425.3	1198.08	1197.89
S35	32565.3	0.139469	75195.6	0	0
Cl35	32564.6	0.408776	80369.1	2036.25	2035.15
S35	32565.3	0.151525	76017	0	0
Na23	21409.2	0.343762	96576.6	8543.49	8542.95
neutron	939.565	29.0432	75551.5	0	0
neutron	939.565	8.19644	75551.5	0	0
neutron	939.565	2.48348	75551.5	0	0
alpha	3727.38	9.77916	75551.5	0	0
O16	14895.1	2.23988	75551.5	0	0
Na23	21409.2	0.10931	87855.8	4914.31	4913.83
Cl35	32564.6	0.0705404	85582.3	3973.92	3973.81
Ne23	21414.1	0.227524	76070	0	0
Na23	21409.2	0.184105	95502.2	7992.82	7992.54
proton	938.272	43.1113	76792.2	0	0
neutron	939.565	5.15024	76792.2	0	0
neutron	939.565	0.714418	76792.2	0	0
F20	18625.3	2.66047	76792.2	0	0
neutron	939.565	16.3098	74938	0	0
neutron	939.565	4.21534	74938	0	0
neutron	939.565	1.53651	74938	0	0
Ne20	18617.7	0.621532	74938	0	0
neutron	939.565	7.03317	75329.5	0	0
neutron	939.565	6.41711	75329.5	0	0
Ne21	19550.5	0.819803	75329.5	0	0
Na23	21409.2	0.153709	95663.3	7478.44	7477.85
proton	938.272	10.7358	75566.3	0	0
neutron	939.565	1.04159	75566.3	0	0
neutron	939.565	0.444489	75566.3	0	0
P34	31638.6	0.377544	75566.3	0	0
Cl35	32564.6	0.0767638	89257.6	4728.99	4728.34
Na23	21409.2	0.153574	77288.4	129.013	128.774
neutron	939.565	2.2964	77040.8	0	0
Ne22	20479.7	0.0182687	77040.8	0	0
Na23	21409.2	0.166691	94548	7356.88	7356.16
Cl35	32564.6	0.0692806	90710.1	5749.69	5749.56
Na23	21409.2	0.204716	88315.5	4688.7	4688.39
Na23	21409.2	0.268299	78120	756.571	756.298
Cl35	32564.6	0.0801987	95327.1	8112.21	8111.96
Cl35	32564.6	0.121719	84345.4	3185.06	3184.63
Ne23	21414.1	0.226213	82304.9	0	0
neutron	939.565	6.87615	74488.4	0	0
proton	938.272	5.65235	74488.4	0	0
neutron	939.565	1.48499	74488.4	0	0
P32	29775.8	0.791047	74488.4	0	0
proton	938.272	3.98698	76234.1	0	0
neutron	939.565	2.2565	76234.1	0	0
neutron	939.565	0.914649	76234.1	0	0
neutron	939.565	0.895917	76234.1	0	0
P31	28844.2	0.228688	76234.1	0	0
Na23	21409.2	0.211919	80370.3	2050.13	2049.84
Cl37	34424.8	0.0703085	75444.9	228.41	228.289
Na23	21409.2	0.211978	94122	7471.73	7471.48
Cl35	32564.6	0.185073	78962	1142.08	1141.69
neutron	939.565	0.73006	75817.4	0	0
S34	31632.7	0.259801	75817.4	0	0
Cl37	34424.8	0.200225	90038.9	5875.66	5875.18
proton	938.272	14.4232	76383.4	0	0
neutron	939.565	2.5167	76383.4	0	0
P35	32569.8	0.405103	76383.4	0	0
Cl35	32564.6	0.111899	84886.4	3712.66	3712.34
Cl35	32564.6	0.131138	75905.7	174.614	174.22
Na23	21409.2	0.117712	90759.1	6127.26	6127.04
neutron	939.565	2.64658	75304.3	0	0
neutron	939.565	1.96523	75304.3	0	0
neutron	939.565	0.863967	75304.3	0	0
alpha	3727.38	5.8283	75304.3	0	0
O16	14895.1	0.694005	75304.3	0	0
Cl35	32564.6	0.134744	84502	3606.86	3606.5
Ne23	21414.1	0.213256	75961	0	0
Cl35	32564.6	0.1556	86274.6	4178.12	4177.94
Cl35	32564.6	0.0977887	78178.5	709.728	709.548
neutron	939.565	0.481709	76249.5	0	0
Ne22	20479.7	0.307461	76249.5	0	0
Cl35	32564.6	0.0780654	86932.7	3897.23	3897.15
Na23	21409.2	0.140785	95423.8	8024.07	8023.91
Na23	21409.2	0.14862	95745.9	8270.78	8270.61
Cl37	34424.8	0.0675592	83925.1	619.113	618.907
neutron	939.565	19.6348	82317.3	0	0
proton	938.272	6.82118	82317.3	0	0
proton	938.272	2.47318	82317.3	0	0
neutron	939.565	2.17278	82317.3	0	0
neutron	939.565	1.46854	82317.3	0	0
Si30	27913.2	0.492719	82317.3	0	0
Cl35	32564.6	0.0974607	98545.7	9416.76	9416.64
Cl35	32564.6	0.0953309	90619	6221.49	6221.35
Cl37	34424.8	0.10698	87859.5	4938.59	4937.81
proton	938.272	6.51609	75708.5	0	0
neutron	939.565	4.34038	75708.5	0	0
neutron	939.565	4.0266	75708.5	0	0
neutron	939.565	0.640612	75708.5	0	0
F19	17692.3	1.15971	75708.5	0	0
Na23	21409.2	0.113652	93093.5	7199.86	7199.74
proton	938.272	25.0736	74629.5	0	0
neutron	939.565	2.79927	74629.5	0	0
neutron	939.565	2.53953	74629.5	0	0
neutron	939.565	1.95829	74629.5	0	0
P31	28844.2	1.53648	74629.5	0	0
Cl37	34424.8	0.064655	92383.2	5873.02	5872.7
Cl37	34424.8	0.0808484	79130.7	1087.07	1086.84
S35	32565.3	0.163182	76179	0	0
neutron	939.565	3.29605	76010.1	0	0
Ne22	20479.7	0.483366	76010.1	0	0
neutron	939.565	21.2258	77183.2	0	0
proton	938.272	11.0773	77183.2	0	0
F21	19556.7	0.382498	77183.2	0	0
Na23	21409.2	0.368031	85298.7	3736.63	3736.15
neutron	939.565	12.3591	76022.5	0	0
neutron	939.565	10.7703	76022.5	0	0
neutron	939.565	1.40013	76022.5	0	0
Ne20	18617.7	0.179102	76022.5	0	0
Ne23	21414.1	0.217848	76129.8	0	0
Na23	21409.2	0.224218	94782.6	7711.99	7711.48
Cl37	34424.8	0.186196	78461.5	1160.09	1159.67
Na23	21409.2	0.198266	94902.9	7392.11	7391.84
neutron	939.565	19.0758	75974.1	0	0
proton	938.272	3.47667	75974.1	0	0
neutron	939.565	0.219946	75974.1	0	0
P32	29775.8	0.700509	75974.1	0	0
Na23	21409.2	0.353027	99450.5	9803.17	9802.78
Cl37	34424.8	0.074265	96121.3	8546.33	8545.96
Cl35	32564.6	0.0711265	94223.7	6959.04	6958.84
neutron	939.565	5.40915	77431.7	0	0
neutron	939.565	1.96755	77431.7	0	0
neutron	939.565	0.736264	77431.7	0	0
alpha	3727.38	7.0103	77431.7	0	0
O16	14895.1	2.21362	77431.7	0	0
Cl35	32564.6	0.33091	94805.7	7734.08	7733.59
neutron	939.565	0.117476	79195.7	0	0
S34	31632.7	0.184758	79195.7	0	0
Cl35	32564.6	0.12077	92119.5	6487.63	6486.62
neutron	939.565	0.533806	76362.5	0	0
S36	33495	0.224781	76362.5	0	0
neutron	939.565	5.63478	74835.4	0	0
neutron	939.565	5.40731	74835.4	0	0
proton	938.272	4.55519	74835.4	0	0
neutron	939.565	3.51009	74835.4	0	0
alpha	3727.38	16.2925	74835.4	0	0
N15	13968.9	4.65729	74835.4	0	0
proton	938.272	4.27069	75836.6	0	0
neutron	939.565	2.10419	75836.6	0	0
P33	30705.3	0.300376	75836.6	0	0
Cl35	32564.6	0.102572	98239.9	9066.89	9066.61
neutron	939.565	1.34799	77218.9	0	0
S36	33495	0.0857975	77218.9	0	0
Cl35	32564.6	0.293563	95432.2	8277.81	8277.13
Cl35	32564.6	0.142974	89500.5	5611.76	5611.38
Na23	21409.2	0.717535	93957.3	7453.28	7452.39
Cl35	32564.6	0.066961	89113.4	5206.48	5206.28
Cl35	32564.6	0.0692892	86574.2	3935.29	3934.83
Na23	21409.2	0.25251	84102.4	2418.75	2418.38
proton	938.272	22.444	77782.2	0	0
neutron	939.565	3.50998	77782.2	0	0
neutron	939.565	3.35808	77782.2	0	0
neutron	939.565	2.09709	77782.2	0	0
neutron	939.565	0.34454	77782.2	0	0
P32	29775.8	0.805562	77782.2	0	0
Na23	21409.2	0.15193	81911	2558.68	2558.44
neutron	939.565	11.3149	75027.7	0	0
neutron	939.565	6.77433	75027.7	0	0
proton	938.272	1.81467	75027.7	0	0
neutron	939.565	0.384104	75027.7	0	0
alpha	3727.38	5.38442	75027.7	0	0
N15	13968.9	1.28368	75027.7	0	0
Na23	21409.2	0.200208	89080.1	3854.71	3854.48
Ne23	21414.1	0.213094	79094.4	0	0
Cl35	32564.6	0.100897	75979.4	105.484	105.375
neutron	939.565	4.04486	79147.7	0	0
neutron	939.565	2.10221	79147.7	0	0
deuteron	1875.61	4.16859	79147.7	0	0
triton	2808.92	13.6247	79147.7	0	0
O16	14895.1	0.821219	79147.7	0	0
Cl35	32564.6	0.0988532	94928.2	8004.72	8004.55
Na23	21409.2	0.114453	78784.4	1078.75	1078.51
neutron	939.565	1641.09	92542.5	6710.25	4602.88
proton	938.272	41.1137	92542.5	6710.25	4602.88
neutron	939.565	8.41538	92542.5	6710.25	4602.88
proton	938.272	3.19864	92542.5	6710.25	4602.88
neutron	939.565	1.24804	92542.5	6710.25	4602.88
P32	29775.8	0.736141	92542.5	6710.25	4602.88
Cl37	34424.8	0.525719	90763.7	3895.58	3894.98
neutron	939.565	10.3538	75888.9	0	0
neutron	939.565	2.02117	75888.9	0	0
neutron	939.565	0.839404	75888.9	0	0
S34	31632.7	0.466163	75888.9	0	0
neutron	939.565	3.45106	77929.6	0	0
Ne22	20479.7	0.335525	77929.6	0	0
Na23	21409.2	0.215276	96214.2	8525.77	8525.51
Cl35	32564.6	0.227493	95055.6	7961.11	7960.77
neutron	939.565	14.8173	77238.7	0	0
triton	2808.92	12.5108	77238.7	0	0
alpha	3727.38	6.89679	77238.7	0	0
N15	13968.9	5.58118	77238.7	0	0
Na23	21409.2	0.163427	90340.4	6002.66	6002.47
Cl35	32564.6	0.0755351	86160.9	4375.78	4375.48
Na23	21409.2	0.120368	97043.7	8632.3	8631.88
neutron	939.565	10.1184	75436.8	0	0
neutron	939.565	0.278531	75436.8	0	0
S33	30704.6	0.419474	75436.8	0	0
Cl37	34424.8	0.0658973	76474.9	19.3284	19.1452
neutron	939.565	23.0504	76467.4	0	0
neutron	939.565	7.26219	76467.4	0	0
neutron	939.565	1.02685	76467.4	0	0
alpha	3727.38	12.6597	76467.4	0	0
Si30	27913.2	2.59693	76467.4	0	0
Cl35	32564.6	0.0734595	92977.7	6163.14	6163.04
neutron	939.565	9.52818	77982.2	0	0
neutron	939.565	5.5997	77982.2	0	0
S33	30704.6	0.163663	77982.2	0	0
neutron	939.565	0.399463	76794.8	0	0
Ne22	20479.7	0.243888	76794.8	0	0
Na23	21409.2	0.240301	85461.5	2853.28	2852.99
Cl37	34424.8	0.180739	80370.6	617.367	617.106
proton	938.272	23.0308	78340	0	0
neutron	939.565	10.3329	78340	0	0
neutron	939.565	7.26082	78340	0	0
neutron	939.565	3.18826	78340	0	0
F19	17692.3	1.33099	78340	0	0
Cl35	32564.6	0.0709952	78735.4	1343.46	1343.3
Ne23	21414.1	0.217842	75151	0	0
Cl37	34424.8	0.0915299	85312.3	3819.29	3819.14
proton	938.272	15.5275	76671	0	0
neutron	939.565	7.96321	76671	0	0
P35	32569.8	0.89161	76671	0	0
Cl35	32564.6	0.0746418	95221	8165.6	8165.15
neutron	939.565	4.94568	74388.7	0	0
neutron	939.565	2.54263	74388.7	0	0
neutron	939.565	0.2018	74388.7	0	0
Ne20	18617.7	0.82238	74388.7	0	0
Cl35	32564.6	0.0703655	92829.4	7241.98	7241.65
proton	938.272	22.1117	74823.5	0	0
neutron	939.565	20.4815	74823.5	0	0
neutron	939.565	0.308558	74823.5	0	0
F20	18625.3	0.954814	74823.5	0	0
Cl35	32564.6	0.116666	94845.3	7870.53	7870.23
Na23	21409.2	0.260328	75447.3	186.132	185.628
Ne23	21414.1	0.226627	75068.9	0	0
Na23	21409.2	0.131757	96296.2	8407.87	8407.43
neutron	939.565	1.30216	76118.1	0	0
S34	31632.7	0.0887722	76118.1	0	0
Cl35	32564.6	0.145957	78901.4	512.617	512.271
Na23	21409.2	0.136804	89714.2	5598.92	5598.74
proton	938.272	42.9279	75978.4	0	0
neutron	939.565	5.01988	75978.4	0	0
F21	19556.7	1.95503	75978.4	0	0
Cl35	32564.6	0.0962624	94470.7	6689.21	6688.88
S35	32565.3	0.154959	77968	0	0
Cl35	32564.6	0.0736572	91781.3	6543.15	6542.91
Cl35	32564.6	0.0723667	90343.4	5848.8	5848.63
Na23	21409.2	0.228079	80263.3	1796.5	1795.81
S37	34430.2	0.131039	75539.6	0	0
Cl35	32564.6	0.13381	86713.7	4216.34	4215.94
Cl37	34424.8	0.391382	81669.8	2077.03	2076.62
Na23	21409.2	0.16765	83582.7	3250.13	3249.61
Cl35	32564.6	0.0929178	78972.6	1456.29	1455.92
Cl35	32564.6	0.13463	76882.5	502.403	502.158
neutron	939.565	1.27355	75649.9	0	0
Ne22	20479.7	0.245941	75649.9	0	0
Cl35	32564.6	0.117936	84435.1	2572.54	2572.31
neutron	939.565	12.8085	77881.2	0	0
neutron	939.565	5.90654	77881.2	0	0
Ne21	19550.5	0.304366	77881.2	0	0
proton	938.272	319.454	88761.7	4533.67	3900.9
neutron	939.565	74.898	88761.7	4533.67	3900.9
neutron	939.565	2.60699	88761.7	4533.67	3900.9
neutron	939.565	2.16783	88761.7	4533.67	3900.9
F19	17692.3	1.59433	88761.7	4533.67	3900.9
Cl35	32564.6	0.0797207	84965.8	2198.29	2198.06
Cl37	34424.8	0.0718885	79708.9	251.034	250.645
neutron	939.565	8.23634	79150.4	0	0
neutron	939.565	7.01302	79150.4	0	0
neutron	939.565	4.46402	79150.4	0	0
proton	938.272	4.2233	79150.4	0	0
P31	28844.2	0.937946	79150.4	0	0
Cl35	32564.6	0.205344	85771.4	3814.16	3813.56
Cl35	32564.6	0.118233	85685.1	3783.95	3783.26
Cl35	32564.6	0.0826812	78714.6	953.845	953.691
Cl35	32564.6	0.251811	99583.6	9847.09	9846.62
neutron	939.565	25.2185	77908.5	0	0
neutron	939.565	2.52937	77908.5	0	0
neutron	939.565	2.05408	77908.5	0	0
neutron	939.565	0.0296418	77908.5	0	0
S33	30704.6	0.113671	77908.5	0	0
Na23	21409.2	1.95347	87491.4	4784.01	4781.72
Ne23	21414.1	0.220115	75917.2	0	0
Cl37	34424.8	0.159541	92482.5	6541.03	6540.87
neutron	939.565	1.05718	76237.2	0	0
S34	31632.7	0.102276	76237.2	0	0
Na23	21409.2	0.144741	84325.1	2444.09	2443.94
neutron	939.565	17.4273	78262.1	0	0
neutron	939.565	11.9934	78262.1	0	0
neutron	939.565	8.55432	78262.1	0	0
proton	938.272	2.86514	78262.1	0	0
P31	28844.2	2.47177	78262.1	0	0
neutron	939.565	0.132265	74880.8	0	0
Ne22	20479.7	0.266139	74880.8	0	0
Cl37	34424.8	0.068313	97716.3	9087.2	9087.04
Na23	21409.2	0.138322	93286.7	7106.2	7105.95
neutron	939.565	29.526	80279.6	0	0
neutron	939.565	5.50572	80279.6	0	0
neutron	939.565	1.96301	80279.6	0	0
alpha	3727.38	3.95589	80279.6	0	0
O16	14895.1	3.73294	80279.6	0	0
Na23	21409.2	0.11914	86397.6	4124.97	4124.78
neutron	939.565	12.2574	75304.6	0	0
neutron	939.565	6.97266	75304.6	0	0
neutron	939.565	4.42428	75304.6	0	0
neutron	939.565	1.94471	75304.6	0	0
neutron	939.565	0.996591	75304.6	0	0
S32	29773.6	1.09132	75304.6	0	0
Cl35	32564.6	0.155112	89062.7	5255.59	5255.36
Cl37	34424.8	0.0935916	86621.7	3914.32	3913.51
S35	32565.3	0.157129	76666.2	0	0
Na23	21409.2	0.291195	83094.7	1382.33	1381.54
Na23	21409.2	0.11889	83011	1342.13	1341.95
S35	32565.3	0.139619	79508.5	0	0
Cl35	32564.6	0.110339	97721.7	9091.19	9091.08
neutron	939.565	7.90907	75132.2	0	0
Ne22	20479.7	0.944106	75132.2	0	0
Na23	21409.2	0.113034	87678.3	4280.54	4280.42
Cl35	32564.6	0.368122	77639.5	293.575	292.949
S35	32565.3	0.155544	76965.8	0	0
Cl35	32564.6	0.105307	92421.9	6468.47	6468.37
Na23	21409.2	0.11947	88977.5	4888.43	4888.3
S35	32565.3	0.161962	77365.2	0	0
neutron	939.565	24.9078	76363.7	0	0
neutron	939.565	0.685988	76363.7	0	0
Ne21	19550.5	0.48563	76363.7	0	0
Cl35	32564.6	0.0671641	93109.4	6086.04	6085.94
Na23	21409.2	0.269855	94948.5	8038.35	8038
Cl35	32564.6	0.0722192	82781.4	2674.52	2674.41
neutron	939.565	8.86224	75609.8	0	0
neutron	939.565	0.225488	75609.8	0	0
Ne21	19550.5	0.818675	75609.8	0	0
Cl35	32564.6	0.0959036	84850.9	3382.2	3381.92
Na23	21409.2	0.175392	84703.2	3331.55	3331.35
neutron	939.565	2.67549	75553.4	0	0
neutron	939.565	2.60727	75553.4	0	0
Ne21	19550.5	0.205401	75553.4	0	0
neutron	939.565	34.0555	75644.3	0	0
neutron	939.565	2.26296	75644.3	0	0
neutron	939.565	0.65918	75644.3	0	0
S32	29773.6	1.03397	75644.3	0	0
Cl35	32564.6	0.586472	96883.2	8748.25	8747.42
neutron	939.565	1.94406	75233.8	0	0
S34	31632.7	0.122637	75233.8	0	0
Na23	21409.2	0.13643	99930.7	9976.41	9976.27
Cl35	32564.6	0.0777125	99249	9532.78	9532.62
Ne23	21414.1	0.228628	75578.5	0	0
neutron	939.565	2.21898	75104.8	0	0
neutron	939.565	1.60987	75104.8	0	0
alpha	3727.38	8.94767	75104.8	0	0
Si29	26984.3	1.01108	75104.8	0	0
Cl37	34424.8	0.0740702	98236.7	9240.18	9239.93
Na23	21409.2	0.227588	87421.2	4924.29	4923.88
neutron	939.565	14.2285	75074.3	0	0
neutron	939.565	0.887695	75074.3	0	0
Ne21	19550.5	0.252669	75074.3	0	0
S35	32565.3	0.149704	75058.3	0	0
Cl35	32564.6	0.0704865	98928.8	9572.05	9571.63
neutron	939.565	5.80234	74662.8	0	0
neutron	939.565	1.67988	74662.8	0	0
neutron	939.565	1.12044	74662.8	0	0
Ne20	18617.7	0.453068	74662.8	0	0
Na23	21409.2	0.138211	90502.3	5771.55	5771.24
Na23	21409.2	0.215957	79317.1	1243.78	1243.56
Na23	21409.2	0.32799	85830.4	4012.21	4011.86
Cl37	34424.8	0.095195	81050.6	2036.41	2035.84
Cl35	32564.6	0.205984	88988.6	5332.42	5332.04
Cl35	32564.6	0.0963453	79615.7	1591.77	1591.59
neutron	939.565	2.56164	75543.1	0	0
Ne22	20479.7	0.365516	75543.1	0	0
Cl37	34424.8	0.0824902	98048.1	8881.02	8880.69
Na23	21409.2	0.272873	89514.4	4993.89	4993.26
Cl35	32564.6	0.15187	95184.2	8184.26	8183.66
Ne23	21414.1	0.193312	75013.8	0	0
Na23	21409.2	0.144244	97658.5	8727.33	8727.12
Na23	21409.2	0.14066	81015.8	1117.03	1116.16
neutron	939.565	0.360863	78038.6	0	0
S34	31632.7	0.188131	78038.6	0	0
Na23	21409.2	0.157084	98745.1	9519.59	9519.32
neutron	939.565	19.5627	78522.7	0	0
neutron	939.565	2.99111	78522.7	0	0
neutron	939.565	1.19335	78522.7	0	0
S34	31632.7	0.196141	78522.7	0	0
Cl35	32564.6	0.100274	79755.6	1354.02	1353.71
S35	32565.3	0.151989	75960.5	0	0
Ne23	21414.1	0.213544	77320.6	0	0
Na23	21409.2	0.111748	91455	6308	6307.49
Cl35	32564.6	0.0786503	76728.8	412.853	412.692
neutron	939.565	18.6601	75684.1	0	0
proton	938.272	14.3787	75684.1	0	0
proton	938.272	13.2294	75684.1	0	0
neutron	939.565	0.615687	75684.1	0	0
Si31	28846.2	0.289618	75684.1	0	0
Cl35	32564.6	0.200472	98147.3	9244.2	9244
Na23	21409.2	0.143076	88408.4	4737.2	4736.87
Cl35	32564.6	0.110313	87285.8	4228.97	4228.44
Ne23	21414.1	0.215265	77467.9	0	0
neutron	939.565	3.51412	76962.7	0	0
S34	31632.7	0.0204384	76962.7	0	0
Na23	21409.2	0.12887	84967.9	3276.03	3275.56
neutron	939.565	0.843094	76557	0	0
S34	31632.7	0.211981	76557	0	0
Na23	21409.2	0.326559	94661.4	6872.74	6872.4
Na23	21409.2	0.414428	85280.5	3128.81	3128.35
Na23	21409.2	0.223487	97498.1	8908.39	8908.15
neutron	939.565	0.243553	75777.6	0	0
S34	31632.7	0.128617	75777.6	0	0
Cl35	32564.6	0.11053	83791.6	2232.9	2232.67
neutron	939.565	7.17356	78147.3	0	0
Ne22	20479.7	0.451875	78147.3	0	0
neutron	939.565	1.50595	76753.6	0	0
S34	31632.7	0.121235	76753.6	0	0
Na23	21409.2	0.150476	82501.2	2276.45	2275.99
Cl35	32564.6	0.0696797	80574.5	2089.13	2088.58
Ne23	21414.1	0.224766	75301.3	0	0
Cl35	32564.6	0.395388	82787.8	2084.21	2083.69
Na23	21409.2	0.105247	82358.7	1944.3	1944.03
Ne23	21414.1	0.229802	77013.6	0	0
Cl37	34424.8	0.102167	81484.9	2069.3	2069.16
Na23	21409.2	0.112665	85337.5	4043.05	4042.87
Cl35	32564.6	0.0865581	84654.7	3805.92	3805.4
Cl35	32564.6	0.0703353	83176.8	3248.17	3248.09
neutron	939.565	1.86355	76588.4	0	0
S36	33495	0.132801	76588.4	0	0
Cl35	32564.6	0.0706335	76626.3	267.945	267.807
Cl37	34424.8	0.107096	89516.9	5491.52	5491.05
neutron	939.565	6.37705	75263.6	0	0
S36	33495	0.526992	75263.6	0	0
neutron	939.565	5.91707	78093	0	0
neutron	939.565	2.09586	78093	0	0
deuteron	1875.61	11.4434	78093	0	0
P31	28844.2	0.871643	78093	0	0
Cl37	34424.8	0.156471	93471.4	7382.32	7382.11
Cl35	32564.6	0.0687582	76363.3	151.368	151.029
Ne23	21414.1	0.22375	76072.1	0	0
proton	938.272	41.2727	75892.1	0	0
neutron	939.565	2.30524	75892.1	0	0
neutron	939.565	1.78271	75892.1	0	0
P32	29775.8	1.26787	75892.1	0	0
neutron	939.565	24.4538	77578.7	0	0
neutron	939.565	4.47742	77578.7	0	0
neutron	939.565	1.50563	77578.7	0	0
neutron	939.565	0.809328	77578.7	0	0
S33	30704.6	0.298455	77578.7	0	0
S35	32565.3	0.143507	76671.2	0	0
Na23	21409.2	0.176962	96821.7	8794.82	8794.59
Na23	21409.2	0.887674	92723	7000.25	6999.34
neutron	939.565	0.746116	74834.2	0	0
Ne22	20479.7	0.246317	74834.2	0	0
Na23	21409.2	0.136358	96212.3	8176.99	8176.75
Na23	21409.2	0.13499	98070	9261.03	9260.39
proton	938.272	24.125	76802.1	0	0
neutron	939.565	0.485178	76802.1	0	0
neutron	939.565	0.188125	76802.1	0	0
P32	29775.8	0.625204	76802.1	0	0
Cl35	32564.6	0.0828841	99460.7	9762.53	9762.42
Cl35	32564.6	0.068606	87093.5	3681.85	3681.71
neutron	939.565	15.1262	77485.7	0	0
neutron	939.565	3.88311	77485.7	0	0
neutron	939.565	1.33638	77485.7	0	0
S34	31632.7	0.332085	77485.7	0	0
Cl35	32564.6	0.116399	86014.2	3515.4	3515.04
neutron	939.565	1.08669	75050.9	0	0
Ne22	20479.7	0.185206	75050.9	0	0
Na23	21409.2	0.120988	85298.8	2972.2	2971.61
Cl35	32564.6	0.119632	86310	3280.2	3279.54
neutron	939.565	25.903	77851.4	0	0
neutron	939.565	1.0402	77851.4	0	0
alpha	3727.38	9.18189	77851.4	0	0
O17	15830.5	2.16593	77851.4	0	0
Cl35	32564.6	0.073606	85945.9	3792.23	3791.9
Na23	21409.2	0.612788	96451.4	8523.41	8522.61
Cl37	34424.8	0.0927668	96090.1	8333.44	8333.31
neutron	939.565	0.288288	78120.2	0	0
S34	31632.7	0.159389	78120.2	0	0
Cl35	32564.6	0.240608	86214.3	3965.21	3964.81
Na23	21409.2	0.137757	83157	2696.5	2696.07
proton	938.272	10.5711	75969.9	0	0
neutron	939.565	3.63253	75969.9	0	0
P33	30705.3	0.865161	75969.9	0	0
Cl37	34424.8	0.128099	76454.8	430.225	429.976
proton	938.272	10.3761	75421.1	0	0
neutron	939.565	4.36496	75421.1	0	0
proton	938.272	3.98135	75421.1	0	0
neutron	939.565	3.33795	75421.1	0	0
Si31	28846.2	1.38265	75421.1	0	0
Na23	21409.2	0.148518	82721	2877.05	2876.9
Ne23	21414.1	0.211281	76012.2	0	0
Cl35	32564.6	0.0754535	94801.4	7865.27	7865.19
neutron	939.565	1.1797	76032.7	0	0
Ne22	20479.7	0.0738114	76032.7	0	0
Cl35	32564.6	0.149814	90585.7	5974.57	5974.41
Ne23	21414.1	0.233177	75427.6	0	0
Cl35	32564.6	0.102364	85465.7	3443.61	3443.28
Cl37	34424.8	0.683318	79076.1	997.067	996.349
Na23	21409.2	0.290282	91438.8	6542.99	6542.65
Cl37	34424.8	0.098642	74977.8	43.5085	43.3912
Cl37	34424.8	0.0760515	99755.7	9904.26	9903.9
Na23	21409.2	0.501737	81086.5	180.769	180.234
S37	34430.2	0.132135	80775.4	0	0
neutron	939.565	0.141686	78590.4	0	0
S36	33495	0.139737	78590.4	0	0
Cl35	32564.6	0.183806	94068.3	7577.15	7576.92
Cl35	32564.6	0.206061	93859.8	7438.36	7437.68
Na23	21409.2	0.158426	98025.6	9266.54	9266
Cl35	32564.6	0.0845535	82890.2	2838.44	2838.34
proton	938.272	5.67644	76379.1	0	0
neutron	939.565	4.66617	76379.1	0	0
neutron	939.565	2.78211	76379.1	0	0
neutron	939.565	1.79073	76379.1	0	0
F19	17692.3	0.0794532	76379.1	0	0
Na23	21409.2	0.263381	98998.4	9595.13	9594.74
Cl35	32564.6	0.0954827	79652.9	1325.08	1324.74
S37	34430.2	0.137452	75091.2	0	0
Cl35	32564.6	0.103433	81082.5	2141.21	2140.91
Ne23	21414.1	0.227941	75307.1	0	0
Cl35	32564.6	0.115885	86504.2	4267.88	4267.52
Ne23	21414.1	0.226537	75323.6	0	0
Na23	21409.2	0.144391	89171.3	5474.71	5474.31
Ne23	21414.1	0.213389	75360.2	0	0
Cl35	32564.6	0.867519	96921.1	8673.57	8672.57
neutron	939.565	14.6526	75509.1	0	0
neutron	939.565	11.9932	75509.1	0	0
neutron	939.565	0.550756	75509.1	0	0
alpha	3727.38	6.15513	75509.1	0	0
O16	14895.1	2.12421	75509.1	0	0
Na23	21409.2	0.248628	83738.2	3201.35	3200.94
neutron	939.565	1.53802	75742.8	0	0
Ne22	20479.7	0.429701	75742.8	0	0
neutron	939.565	10.5489	75597.7	0	0
proton	938.272	6.16807	75597.7	0	0
neutron	939.565	4.43293	75597.7	0	0
neutron	939.565	2.75051	75597.7	0	0
F19	17692.3	0.819365	75597.7	0	0
Na23	21409.2	0.422316	79986.3	1175.07	1174.48
Cl35	32564.6	0.307122	99838.8	9552.43	9552.1
Na23	21409.2	0.13676	96040.7	7621.01	7620.69
Cl35	32564.6	0.102617	84618.8	1805.92	1805.78
neutron	939.565	29.2469	80237.9	0	0
proton	938.272	12.5712	80237.9	0	0
F21	19556.7	2.05909	80237.9	0	0
neutron	939.565	0.647608	77070.9	0	0
S34	31632.7	0.137339	77070.9	0	0
Na23	21409.2	0.304939	97956.8	9181.89	9181.4
neutron	939.565	1.02717	76018.2	0	0
S36	33495	0.19013	76018.2	0	0
neutron	939.565	3.99729	74645.7	0	0
Ne22	20479.7	0.141331	74645.7	0	0
Cl35	32564.6	0.266965	99758	9920.54	9920.26
neutron	939.565	0.214991	74543.4	0	0
S34	31632.7	0.20144	74543.4	0	0
Cl35	32564.6	0.0871395	91650.9	5739.77	5739.44
Cl35	32564.6	0.0904092	82540	2110.27	2109.74
Cl35	32564.6	0.0722121	97531.6	9020.63	9020.37
neutron	939.565	1.38392	75925.9	0	0
S36	33495	0.162813	75925.9	0	0
Na23	21409.2	0.172283	91982.3	6458.88	6458.7
Cl35	32564.6	0.105297	85756.3	3415.93	3415.63
neutron	939.565	0.118599	77306	0	0
S34	31632.7	0.105854	77306	0	0
Cl37	34424.8	0.146368	90531.9	5715.91	5715.48
Na23	21409.2	0.147317	89581.2	5374.91	5374.74
neutron	939.565	1.24272	78431.5	0	0
neutron	939.565	0.199988	78431.5	0	0
S35	32565.3	0.202426	78431.5	0	0
Na23	21409.2	0.314279	80555.7	2306.04	2305.45
proton	938.272	4.66067	74411.2	0	0
neutron	939.565	0.451396	74411.2	0	0
P33	30705.3	0.112335	74411.2	0	0
proton	938.272	25.6245	75042.2	0	0
proton	938.272	7.24767	75042.2	0	0
O21	19565.4	0.943428	75042.2	0	0
Na23	21409.2	0.114913	97310.2	8983.24	8983.07
S37	34430.2	0.131989	75817.7	0	0
Cl35	32564.6	0.0674963	85044.1	2201.52	2201.41
Na23	21409.2	0.276539	83328	1530.93	1530.65
Cl35	32564.6	0.0822434	84580.7	2614.68	2614.33
S35	32565.3	0.145876	77748.6	0	0
Na23	21409.2	0.152332	90549.6	5038.53	5038.07
Ne23	21414.1	0.234635	79260.4	0	0
Na23	21409.2	0.104216	99573.8	9827.9	9827.73
neutron	939.565	17.7309	77403.8	0	0
neutron	939.565	4.4777	77403.8	0	0
neutron	939.565	2.00072	77403.8	0	0
alpha	3727.38	9.81135	77403.8	0	0
Si30	27913.2	0.962185	77403.8	0	0
Cl35	32564.6	0.104714	88082.4	4455.55	4455.2
neutron	939.565	0.126481	76159.5	0	0
Ne22	20479.7	0.230501	76159.5	0	0
neutron	939.565	28.6743	74807	0	0
neutron	939.565	7.48727	74807	0	0
neutron	939.565	3.03805	74807	0	0
S32	29773.6	0.644377	74807	0	0
Na23	21409.2	0.182375	88098.1	4809.78	4809.35
Cl35	32564.6	0.141765	76187.8	249.327	249.158
neutron	939.565	1.48453	75628.7	0	0
S34	31632.7	0.242893	75628.7	0	0
Na23	21409.2	0.143223	88164.8	5200.15	5199.69
neutron	939.565	1.0395	74798.9	0	0
S34	31632.7	0.0515704	74798.9	0	0
Cl37	34424.8	0.073193	93559.2	6852.75	6852.09
Cl35	32564.6	0.0666898	85869.7	3785.59	3784.98
Na23	21409.2	0.103418	85387.8	3619.47	3619.37
neutron	939.565	3.55112	76166.6	0	0
neutron	939.565	2.26674	76166.6	0	0
S33	30704.6	0.116993	76166.6	0	0
neutron	939.565	3.69755	74098.9	0	0
neutron	939.565	0.527632	74098.9	0	0
S33	30704.6	0.248062	74098.9	0	0
Na23	21409.2	0.154927	95109.2	7227.13	7226.62
neutron	939.565	20.3565	77734.9	0	0
neutron	939.565	2.51766	77734.9	0	0
S33	30704.6	0.796911	77734.9	0	0
Ne23	21414.1	0.227562	81625.3	0	0
Cl35	32564.6	0.126298	97581.6	8948.88	8948.59
neutron	939.565	0.681049	75128.8	0	0
S34	31632.7	0.0759152	75128.8	0	0
Ne23	21414.1	0.228363	76739.4	0	0
neutron	939.565	1.50131	76627.7	0	0
S34	31632.7	0.255156	76627.7	0	0
Cl35	32564.6	0.164217	78074.5	720.754	719.997
Na23	21409.2	0.116232	98057.8	9301.76	9301.41
Na23	21409.2	1.32053	85970.8	3922.9	3921.51
Na23	21409.2	0.251635	83127	2836.05	2835.69
neutron	939.565	1.32416	76023.2	0	0
S34	31632.7	0.0554516	76023.2	0	0
Cl35	32564.6	0.141542	99642.6	9849.29	9849.02
Na23	21409.2	0.275492	98086.4	9179.24	9178.85
neutron	939.565	0.989053	75434.3	0	0
S34	31632.7	0.0386754	75434.3	0	0
Cl35	32564.6	0.0824903	97448.2	9064.99	9064.8
neutron	939.565	4.38786	74843.6	0	0
neutron	939.565	4.07426	74843.6	0	0
neutron	939.565	3.60992	74843.6	0	0
alpha	3727.38	8.85457	74843.6	0	0
O16	14895.1	0.855116	74843.6	0	0
S37	34430.2	0.134967	76234.1	0	0
Cl35	32564.6	0.24507	99002.6	9578.38	9577.79
Cl37	34424.8	0.216069	88683.9	5126.27	5125.91
Cl35	32564.6	0.269777	86213.6	4216.67	4216.03
Cl35	32564.6	0.344826	82821.6	2873.42	2873.03
S35	32565.3	0.161736	75350.2	0	0
Cl35	32564.6	0.0869249	76159.3	491.008	490.849
neutron	939.565	4.51953	74899.3	0	0
proton	938.272	3.10481	74899.3	0	0
neutron	939.565	3.0251	74899.3	0	0
neutron	939.565	1.91776	74899.3	0	0
P31	28844.2	0.432902	74899.3	0	0
Cl35	32564.6	0.0852391	91221.2	6390.17	6389.98
Na23	21409.2	0.107998	88026.6	4690.16	4689.9
Ne23	21414.1	0.231054	75785.4	0	0
Cl35	32564.6	0.12521	79424.9	1974.95	1974.57
Na23	21409.2	0.121097	82515.1	2398.1	2397.83
neutron	939.565	1.27894	76222.4	0	0
Ne22	20479.7	0.372813	76222.4	0	0
Na23	21409.2	0.297571	85161.8	3077.02	3076.5
Cl35	32564.6	0.11884	82228.5	1668.48	1668.08
Cl35	32564.6	0.163491	86614.4	3151.97	3151.54
Na23	21409.2	0.233668	96816	8457.38	8456.99
Cl35	32564.6	0.0929821	85691.6	3969.23	3969.07
S35	32565.3	0.154602	77350.5	0	0
neutron	939.565	0.56833	76303.8	0	0
S34	31632.7	0.162223	76303.8	0	0
Cl35	32564.6	0.0832671	85634.9	3505.15	3505.05
neutron	939.565	2.16236	76903.1	0	0
S34	31632.7	0.0676445	76903.1	0	0
Cl35	32564.6	0.0878871	92303.5	6739.76	6739.66
Cl35	32564.6	0.181798	84363.2	3427.37	3427.16
Cl35	32564.6	0.161291	98812.3	9512.81	9512.46
Na23	21409.2	0.349134	88994.9	5304.62	5304.11
Cl37	34424.8	0.0881632	86637.7	4452.29	4452.11
Ne23	21414.1	0.210909	75439.1	0	0
Na23	21409.2	0.267944	93151.3	7016.61	7016.21
neutron	939.565	0.350627	75087.8	0	0
S34	31632.7	0.159365	75087.8	0	0
Ne23	21414.1	0.233387	75019.7	0	0
neutron	939.565	2.8327	77703.7	0	0
S34	31632.7	0.0428672	77703.7	0	0
neutron	939.565	1.3523	76618.6	0	0
S34	31632.7	0.271859	76618.6	0	0
Cl35	32564.6	0.0683187	87965.1	4657.19	4657.11
Na23	21409.2	0.363505	98581.3	9468.4	9467.96
Cl37	34424.8	0.153838	94627.9	7818.88	7818.71
neutron	939.565	3.32216	74974.7	0	0
neutron	939.565	0.382067	74974.7	0	0
neutron	939.565	0.0666687	74974.7	0	0
S32	29773.6	0.460768	74974.7	0	0
Cl35	32564.6	0.111736	91141.5	6427.88	6427.7
Cl35	32564.6	0.106666	86272.9	3844.73	3844.39
Na23	21409.2	0.20386	99493.9	9767.21	9767
proton	938.272	211.187	91266.5	5678.91	5342.34
neutron	939.565	94.0824	91266.5	5678.91	5342.34
neutron	939.565	0.564705	91266.5	5678.91	5342.34
S32	29773.6	0.442892	91266.5	5678.91	5342.34
Cl35	32564.6	0.0695649	81962.2	1183.24	1183.13
Na23	21409.2	0.298556	87404	4733.59	4732.67
neutron	939.565	1.42688	75667.7	0	0
S34	31632.7	0.303591	75667.7	0	0
Cl37	34424.8	0.605123	91018	6443.82	6443.08
Na23	21409.2	0.285405	87660.3	5064.59	5063.5
S37	34430.2	0.142979	74788.6	0	0
Ne23	21414.1	0.217731	74529.7	0	0
Cl35	32564.6	0.106606	88814.5	4841.87	4841.39
Na23	21409.2	0.240554	76481.4	211.81	211.527
Na23	21409.2	0.147777	76426.7	191.7	191.367
Cl35	32564.6	0.154947	83648.6	1273.7	1273.36
S35	32565.3	0.165495	76437.8	0	0
Cl35	32564.6	0.0766079	79238.1	1154	1153.52
neutron	939.565	0.116172	76111.8	0	0
Ne22	20479.7	0.15761	76111.8	0	0
Cl35	32564.6	0.0715651	96535.2	8549.95	8549.77
neutron	939.565	3.07461	75230.2	0	0
S34	31632.7	0.351615	75230.2	0	0
Cl35	32564.6	0.0683321	93120.9	6491.37	6491.28
Na23	21409.2	0.133469	86121.2	3680.96	3680.56
neutron	939.565	8.18209	77118.1	0	0
proton	938.272	3.99534	77118.1	0	0
neutron	939.565	0.611808	77118.1	0	0
F20	18625.3	0.866982	77118.1	0	0
neutron	939.565	0.623572	79481.7	0	0
S36	33495	0.217319	79481.7	0	0
Na23	21409.2	0.275917	83435.3	1527.27	1526.95
neutron	939.565	32.8446	79333.7	0	0
neutron	939.565	27.2617	79333.7	0	0
neutron	939.565	0.56425	79333.7	0	0
S34	31632.7	0.0876072	79333.7	0	0
Na23	21409.2	0.249249	93653.1	7588.97	7588.65
neutron	939.565	0.405528	75097.7	0	0
S36	33495	0.101884	75097.7	0	0
Cl37	34424.8	0.188577	83100.8	3132.67	3132.35
Cl35	32564.6	0.104457	80871.6	2278.63	2278.41
neutron	939.565	5.67676	74802.3	0	0
proton	938.272	4.83242	74802.3	0	0
proton	938.272	4.82598	74802.3	0	0
Si32	29776.6	0.680078	74802.3	0	0
neutron	939.565	0.238728	75434.9	0	0
S34	31632.7	0.175487	75434.9	0	0
Cl35	32564.6	0.0920443	96354.8	8556.86	8556.76
Cl37	34424.8	0.180609	97256.8	8850.88	8850.16
Cl35	32564.6	0.0901868	85620.8	4221.6	4221.32
Na23	21409.2	0.125786	80090.3	1891.94	1891.66
Cl35	32564.6	0.246387	82333.6	2688.16	2687.62
neutron	939.565	0.651359	74986.3	0	0
Ne22	20479.7	0.214889	74986.3	0	0
Ne23	21414.1	0.212936	78430.5	0	0
Cl37	34424.8	0.0673071	98709.5	9393.21	9393.12
Cl35	32564.6	0.0862028	97993.3	9075.41	9075.16
Cl35	32564.6	0.0687497	82105.3	2277.36	2277.19
neutron	939.565	2.5624	74738.7	0	0
neutron	939.565	2.08058	74738.7	0	0
neutron	939.565	0.117669	74738.7	0	0
Ne20	18617.7	0.566603	74738.7	0	0
Na23	21409.2	0.118312	87576	2989.65	2989.5
Ne23	21414.1	0.212441	80452.1	0	0
Na23	21409.2	0.201451	91929.6	6544.44	6544.18
neutron	939.565	1.79484	76355.3	0	0
neutron	939.565	1.16944	76355.3	0	0
Ne21	19550.5	0.232205	76355.3	0	0
Na23	21409.2	0.129221	94418.7	7562.32	7562.14
Ne23	21414.1	0.225059	76704.5	0	0
neutron	939.565	0.112779	75336.9	0	0
Ne22	20479.7	0.259032	75336.9	0	0
Cl37	34424.8	0.161234	82718.6	2071.13	2070.87
neutron	939.565	0.508542	77547.4	0	0
S34	31632.7	0.100812	77547.4	0	0
Na23	21409.2	0.21248	92724.8	7136.78	7136.33
neutron	939.565	0.367892	75799.7	0	0
S34	31632.7	0.151166	75799.7	0	0
S37	34430.2	0.136635	75248.4	0	0
neutron	939.565	23.5911	75846.8	0	0
neutron	939.565	4.34696	75846.8	0	0
neutron	939.565	3.07284	75846.8	0	0
Ne20	18617.7	0.974609	75846.8	0	0
Na23	21409.2	0.127553	83647	3311.79	3311.56
neutron	939.565	0.762855	75143	0	0
Ne22	20479.7	0.288133	75143	0	0
neutron	939.565	6.59899	76048.1	0	0
neutron	939.565	4.08533	76048.1	0	0
neutron	939.565	3.4253	76048.1	0	0
proton	938.272	3.17153	76048.1	0	0
P33	30705.3	0.834716	76048.1	0	0
neutron	939.565	7.43522	78272.5	0	0
neutron	939.565	0.737175	78272.5	0	0
S35	32565.3	0.508131	78272.5	0	0
neutron	939.565	8.63644	78223.7	0	0
neutron	939.565	5.9656	78223.7	0	0
neutron	939.565	1.02667	78223.7	0	0
S32	29773.6	0.211365	78223.7	0	0
Cl35	32564.6	0.0882893	89854.4	5688.38	5687.97
neutron	939.565	0.985513	76336.1	0	0
Ne22	20479.7	0.353184	76336.1	0	0
Cl35	32564.6	0.080224	82374.5	2422.15	2421.78
neutron	939.565	2.88055	76228.8	0	0
S34	31632.7	0.295696	76228.8	0	0
Cl35	32564.6	0.454651	89646.2	4940.28	4939.82
neutron	939.565	0.109874	78098	0	0
S36	33495	0.118524	78098	0	0
Na23	21409.2	0.20043	86437.2	4402.32	4402.08
Cl35	32564.6	0.0882564	84927	3607.39	3607.3
Cl35	32564.6	0.106342	78114.9	950.63	950.339
neutron	939.565	5.42133	75599.6	0	0
neutron	939.565	1.8434	75599.6	0	0
neutron	939.565	0.201879	75599.6	0	0
alpha	3727.38	7.64582	75599.6	0	0
alpha	3727.38	4.19896	75599.6	0	0
C12	11174.9	3.5898	75599.6	0	0
Cl37	34424.8	0.152258	87822.4	4223.48	4223.28
Na23	21409.2	0.140172	77601.7	254.399	254.187
S35	32565.3	0.162738	76992	0	0
Na23	21409.2	0.129408	82473.9	2964.77	2964.62
neutron	939.565	0.451147	75302.4	0	0
S34	31632.7	0.0925891	75302.4	0	0
proton	938.272	12.8068	78141.7	0	0
neutron	939.565	3.60838	78141.7	0	0
neutron	939.565	1.76861	78141.7	0	0
F20	18625.3	0.363769	78141.7	0	0
Na23	21409.2	0.799105	89618.3	5789.7	5788.82
Cl35	32564.6	0.0906609	83108.2	3080.21	3079.66
Ne23	21414.1	0.213274	75050	0	0
Cl35	32564.6	0.10353	95763.2	8211.61	8210.74
Cl35	32564.6	1.34797	82373.2	2380.78	2379.43
Cl35	32564.6	0.0680995	86412.4	3299.88	3299.8
neutron	939.565	17.6278	78024.6	0	0
neutron	939.565	16.1304	78024.6	0	0
neutron	939.565	2.26527	78024.6	0	0
S32	29773.6	1.52071	78024.6	0	0
Cl35	32564.6	0.0922992	95785.7	8308.85	8308.32
Na23	21409.2	0.228318	99831	9937.19	9936.71
Na23	21409.2	2.28951	98106.7	9000.28	8997.79
Ne23	21414.1	0.214147	75378.6	0	0
Na23	21409.2	0.159611	87654.1	5133.4	5132.9
S37	34430.2	0.136777	76229.3	0	0
neutron	939.565	1.1954	74318.6	0	0
Ne22	20479.7	0.170081	74318.6	0	0
neutron	939.565	2.33339	75434.1	0	0
proton	938.272	1.57176	75434.1	0	0
F21	19556.7	0.447535	75434.1	0	0
Cl37	34424.8	0.155873	79196.4	823.786	823.309
Cl37	34424.8	0.188385	79005.8	761.263	760.964
Na23	21409.2	0.216487	78271.3	518.173	517.613
Cl35	32564.6	0.239295	97085.1	8613.63	8613.28
Na23	21409.2	0.155162	96863.7	8511.06	8510.89
Cl37	34424.8	0.204988	90400.5	6012.37	6011.73
Ne23	21414.1	0.214871	77624.7	0	0
Cl35	32564.6	0.137193	77814.9	634.405	634.098
neutron	939.565	2.34539	76122.2	0	0
S34	31632.7	0.0785374	76122.2	0	0
Na23	21409.2	1.46119	77666.8	507.914	506.284
neutron	939.565	0.736937	76368.7	0	0
S34	31632.7	0.0841028	76368.7	0	0
Cl35	32564.6	0.0709101	93242.8	5713.34	5713.15
proton	938.272	20.7755	79984.2	0	0
neutron	939.565	3.81082	79984.2	0	0
P33	30705.3	0.311444	79984.2	0	0
Na23	21409.2	0.23227	79491.6	913.9	913.57
Cl35	32564.6	0.070592	98856.8	9459.99	9459.69
Cl37	34424.8	0.0868744	97275.8	8973.62	8973.33
Cl35	32564.6	0.181897	84049.7	3216.94	3216.44
Cl37	34424.8	0.0648881	76398.2	114.693	114.581
Na23	21409.2	0.111797	99920	9964.97	9964.28
Cl35	32564.6	0.189919	97645.3	8938.38	8937.92
Cl35	32564.6	0.070621	81917.2	1392.76	1392.55
neutron	939.565	11.8001	76155.1	0	0
neutron	939.565	8.83307	76155.1	0	0
neutron	939.565	2.11984	76155.1	0	0
alpha	3727.38	6.5262	76155.1	0	0
O16	14895.1	0.987727	76155.1	0	0
neutron	939.565	36.4806	77791.7	0	0
proton	938.272	12.5665	77791.7	0	0
neutron	939.565	1.644	77791.7	0	0
F20	18625.3	0.547998	77791.7	0	0
Cl35	32564.6	0.32697	94276.7	6773.47	6772.93
Na23	21409.2	0.123755	89881.9	4902.71	4901.81
neutron	939.565	1.49546	77283.5	0	0
Ne22	20479.7	0.327635	77283.5	0	0
Na23	21409.2	0.291614	87236.7	4880.96	4880.42
Ne23	21414.1	0.227042	74663.6	0	0
neutron	939.565	13.7003	75372.3	0	0
neutron	939.565	1.55815	75372.3	0	0
neutron	939.565	0.958384	75372.3	0	0
alpha	3727.38	6.94192	75372.3	0	0
O16	14895.1	3.35741	75372.3	0	0
neutron	939.565	2.08579	76682.1	0	0
Ne22	20479.7	0.157058	76682.1	0	0
Na23	21409.2	0.162495	83079.8	3217.08	3216.91
Ne23	21414.1	0.225089	75046.8	0	0
Cl35	32564.6	0.151403	82183.5	3072.61	3072.36
proton	938.272	22.2192	74616.8	0	0
neutron	939.565	0.168318	74616.8	0	0
P33	30705.3	0.826149	74616.8	0	0
Na23	21409.2	0.727729	98240.6	9303.08	9302.12
Na23	21409.2	0.1102	81937.2	2686.08	2685.91
neutron	939.565	16.1635	75584.5	0	0
neutron	939.565	1.82745	75584.5	0	0
neutron	939.565	0.97609	75584.5	0	0
S32	29773.6	0.451867	75584.5	0	0
Cl35	32564.6	0.111793	84288.5	1310.43	1310.01
proton	938.272	36.9859	75043.5	0	0
neutron	939.565	6.19257	75043.5	0	0
neutron	939.565	0.482991	75043.5	0	0
F20	18625.3	1.08544	75043.5	0	0
Cl35	32564.6	0.102845	98215.5	9338.24	9337.89
Na23	21409.2	0.233098	91475.6	6500.62	6500.23
Cl37	34424.8	0.0668523	83915.4	2869.11	2869.04
Cl37	34424.8	0.0887996	81948	2053.07	2052.88
Na23	21409.2	0.281449	96383.3	8546.09	8545.71
Na23	21409.2	0.10656	92514.3	7107.3	7106.02
Cl35	32564.6	0.0749661	94211.4	7494.78	7494.51
Cl35	32564.6	0.0791193	93642.7	7287.52	7287.3
Cl37	34424.8	0.120113	89188.3	5149.33	5149.13
Cl35	32564.6	0.130314	84844.9	3346.43	3345.96
neutron	939.565	28.6183	76774.2	0	0
neutron	939.565	13.2155	76774.2	0	0
neutron	939.565	4.81518	76774.2	0	0
proton	938.272	3.09937	76774.2	0	0
P31	28844.2	2.37967	76774.2	0	0
Na23	21409.2	0.11364	94122.5	7618.42	7617.64
neutron	939.565	12.781	77049.7	0	0
neutron	939.565	5.07264	77049.7	0	0
neutron	939.565	4.11556	77049.7	0	0
proton	938.272	2.92171	77049.7	0	0
P33	30705.3	1.22239	77049.7	0	0
Cl37	34424.8	0.140312	92872	6994.95	6994.5
neutron	939.565	7.4312	75240.2	0	0
neutron	939.565	6.89032	75240.2	0	0
neutron	939.565	0.234398	75240.2	0	0
alpha	3727.38	5.71353	75240.2	0	0
O16	14895.1	6.03606	75240.2	0	0
Cl35	32564.6	0.1282	96364.4	8513.79	8513.52
Na23	21409.2	0.184997	90100.7	5978.03	5977.83
Cl35	32564.6	0.136316	83763.4	3325.7	3325.48
Cl35	32564.6	0.089895	81998.5	2636.05	2635.53
Ne23	21414.1	0.230855	75289.8	0	0
neutron	939.565	1.73732	76127.5	0	0
S34	31632.7	0.260858	76127.5	0	0
neutron	939.565	1.63227	78382	0	0
Ne22	20479.7	0.0864413	78382	0	0
Cl35	32564.6	0.093296	87376.1	5104.91	5104.59
Cl35	32564.6	0.130632	80458	1881.45	1881.15
Cl35	32564.6	0.247596	79439.9	1924.06	1923.79
Cl37	34424.8	0.11846	78005.6	1408.81	1408.68
neutron	939.565	0.627356	74622.8	0	0
Ne22	20479.7	0.111844	74622.8	0	0
neutron	939.565	0.0940739	76131	0	0
Ne22	20479.7	0.179646	76131	0	0
neutron	939.565	4.92311	75477.1	0	0
neutron	939.565	2.06107	75477.1	0	0
neutron	939.565	1.21113	75477.1	0	0
alpha	3727.38	6.40998	75477.1	0	0
O16	14895.1	1.17925	75477.1	0	0
Cl35	32564.6	0.0711835	86766.8	4214.28	4214.16
Cl35	32564.6	0.363021	79216.9	1120.86	1120.22
Na23	21409.2	0.1035	78462.5	842.602	842.134
Na23	21409.2	0.261193	77828.4	618.168	617.878
Cl35	32564.6	0.0678172	93967.5	6523.4	6523.26
neutron	939.565	27.9888	77564.3	0	0
neutron	939.565	1.86718	77564.3	0	0
neutron	939.565	1.85848	77564.3	0	0
S34	31632.7	0.344606	77564.3	0	0
proton	938.272	3.32621	76008.1	0	0
neutron	939.565	2.80142	76008.1	0	0
proton	938.272	1.88124	76008.1	0	0
neutron	939.565	0.920772	76008.1	0	0
alpha	3727.38	5.62547	76008.1	0	0
Mg27	25129.6	1.50397	76008.1	0	0
neutron	939.565	6.09299	77393.3	0	0
neutron	939.565	4.00268	77393.3	0	0
neutron	939.565	3.95011	77393.3	0	0
proton	938.272	3.56083	77393.3	0	0
F19	17692.3	0.774712	77393.3	0	0
Na23	21409.2	0.575543	98643.2	9471.35	9470.64
neutron	939.565	0.334547	75334.3	0	0
S34	31632.7	0.166794	75334.3	0	0
Cl35	32564.6	0.0684349	98898.7	9571.57	9571.36
Na23	21409.2	0.322947	84307.6	3350.63	3349.51
Ne23	21414.1	0.219943	75767.8	0	0
neutron	939.565	7.53172	75858.1	0	0
neutron	939.565	4.03791	75858.1	0	0
S35	32565.3	0.309253	75858.1	0	0
Cl37	34424.8	0.0932222	84489.8	2572.78	2572.65
Cl37	34424.8	0.0712999	90463.8	5729.04	5728.92
neutron	939.565	5.25485	77476.1	0	0
alpha	3727.38	17.4345	77476.1	0	0
O18	16762	4.45192	77476.1	0	0
Cl37	34424.8	0.0646542	91301.6	6152.14	6151.91
proton	938.272	84.1175	83628.8	3168.52	2772.91
neutron	939.565	79.3035	83628.8	3168.52	2772.91
neutron	939.565	3.96555	83628.8	3168.52	2772.91
F20	18625.3	2.3676	83628.8	3168.52	2772.91
Na23	21409.2	0.737458	96220.8	8577.96	8577.07
neutron	939.565	3.27715	74590.6	0	0
Ne22	20479.7	0.417393	74590.6	0	0
Cl35	32564.6	0.081294	91843.6	6765.85	6765.76
Cl37	34424.8	0.128833	87844.9	4725.71	4725.58
neutron	939.565	3.67935	75381.9	0	0
neutron	939.565	3.27432	75381.9	0	0
neutron	939.565	2.29862	75381.9	0	0
Ne20	18617.7	0.140141	75381.9	0	0
Ne23	21414.1	0.209558	77115.4	0	0
Cl35	32564.6	0.184033	93599.1	7202.33	7202.04
proton	938.272	12.1886	75861.6	0	0
neutron	939.565	2.70892	75861.6	0	0
neutron	939.565	2.32185	75861.6	0	0
F20	18625.3	1.17633	75861.6	0	0
Cl35	32564.6	0.101515	96851.4	8749.99	8749.66
neutron	939.565	0.988338	75484.4	0	0
S36	33495	0.163643	75484.4	0	0
Cl35	32564.6	0.126589	94829.9	7944.17	7943.64
Na23	21409.2	0.250661	85355.2	3552.54	3552.29
Na23	21409.2	0.130439	82521.1	2350.51	2350.38
neutron	939.565	1.65625	74848.6	0	0
Ne22	20479.7	0.298044	74848.6	0	0
Cl35	32564.6	0.0784089	87326.8	4736.5	4736.35
S37	34430.2	0.130895	75954.7	0	0
Na23	21409.2	0.214474	95998.7	8309.86	8309.56
Cl35	32564.6	0.0744899	86826.5	3998.96	3998.79
neutron	939.565	7.77992	76905.2	0	0
neutron	939.565	3.73632	76905.2	0	0
neutron	939.565	2.72348	76905.2	0	0
alpha	3727.38	6.56808	76905.2	0	0
O16	14895.1	0.081967	76905.2	0	0
Na23	21409.2	0.223093	93106.3	7085.34	7084.9
Cl37	34424.8	0.201189	80117.1	2037.74	2037.28
Na23	21409.2	0.102606	87360.1	3898.53	3898.41
Cl37	34424.8	0.0892099	92585.2	6852.96	6852.56
neutron	939.565	13.7578	76256.4	0	0
neutron	939.565	5.27766	76256.4	0	0
neutron	939.565	3.98735	76256.4	0	0
proton	938.272	2.61733	76256.4	0	0
triton	2808.92	9.71914	76256.4	0	0
O16	14895.1	1.61638	76256.4	0	0
Na23	21409.2	0.222472	86054.8	4802.02	4801.74
Cl35	32564.6	0.0690253	83080	3592.14	3592.02
neutron	939.565	15.2623	73712.4	0	0
proton	938.272	6.3389	73712.4	0	0
alpha	3727.38	5.5155	73712.4	0	0
N17	15839.7	1.02388	73712.4	0	0
neutron	939.565	3.80199	76466.6	0	0
neutron	939.565	3.45636	76466.6	0	0
S33	30704.6	0.335319	76466.6	0	0
Cl35	32564.6	0.0793453	95009.4	7893.44	7893.01
neutron	939.565	34.3791	76043	0	0
proton	938.272	8.00846	76043	0	0
proton	938.272	2.30796	76043	0	0
neutron	939.565	1.61081	76043	0	0
neutron	939.565	0.925019	76043	0	0
Si30	27913.2	2.85563	76043	0	0
neutron	939.565	23.3453	75878.2	0	0
neutron	939.565	3.89197	75878.2	0	0
neutron	939.565	3.59865	75878.2	0	0
alpha	3727.38	8.86688	75878.2	0	0
O16	14895.1	2.49826	75878.2	0	0
neutron	939.565	0.266362	75259.3	0	0
Ne22	20479.7	0.321492	75259.3	0	0
Cl35	32564.6	0.0928983	83703.7	2707.35	2707.19
proton	938.272	41.8743	75873.6	0	0
neutron	939.565	2.31444	75873.6	0	0
F21	19556.7	3.05971	75873.6	0	0
Cl37	34424.8	0.095006	75275	178.588	178.434
S35	32565.3	0.16329	74901.2	0	0
Cl35	32564.6	0.0707823	94846.5	7892.31	7892.05
Na23	21409.2	0.2736	92238.8	6886.22	6885.76
Cl37	34424.8	0.113688	89157.6	5787.72	5787.46
Na23	21409.2	0.110296	87553	4996.22	4996.01
Cl35	32564.6	0.124367	91390.6	6306.89	6306.67
Cl35	32564.6	0.0934851	86871.8	4430.73	4430.6
Na23	21409.2	0.149041	77047.5	688.349	687.785
Na23	21409.2	0.219655	98638.9	9465.76	9465.3
Na23	21409.2	0.147972	93693.1	7295.3	7294.89
Cl35	32564.6	0.0864809	81921.3	2566.81	2566.63
Cl35	32564.6	0.0785828	88991	5254.21	5254.13
Ne23	21414.1	0.205858	75493.6	0	0
neutron	939.565	0.676183	74394.8	0	0
S36	33495	0.199507	74394.8	0	0
Na23	21409.2	0.322271	93958.3	7219.33	7218.98
neutron	939.565	0.74073	76366.8	0	0
Ne22	20479.7	0.0930474	76366.8	0	0
neutron	939.565	1.40842	77121	0	0
Ne22	20479.7	0.212356	77121	0	0
Na23	21409.2	0.353638	98533.2	9393.63	9393.25
proton	938.272	24.9631	76855.4	0	0
neutron	939.565	2.18254	76855.4	0	0
neutron	939.565	1.05947	76855.4	0	0
P34	31638.6	0.701399	76855.4	0	0
Na23	21409.2	0.110341	81379.4	847.72	847.405
S35	32565.3	0.159502	75842.8	0	0
Cl35	32564.6	0.813296	80496.3	1418.08	1417.13
Cl35	32564.6	0.0876163	80581.5	1672.7	1672.51
neutron	939.565	9.18546	76439.8	0	0
neutron	939.565	5.99837	76439.8	0	0
neutron	939.565	4.14828	76439.8	0	0
alpha	3727.38	3.54911	76439.8	0	0
O16	14895.1	2.35894	76439.8	0	0
Ne23	21414.1	0.228431	75949.3	0	0
Na23	21409.2	0.114923	95335.4	7976.81	7976.68
Cl35	32564.6	0.114763	84285	3496.61	3496.42
neutron	939.565	2.45576	75616.5	0	0
Ne22	20479.7	0.384133	75616.5	0	0
proton	938.272	9.48774	75622.4	0	0
neutron	939.565	0.157756	75622.4	0	0
P33	30705.3	0.508232	75622.4	0	0
Cl35	32564.6	0.110616	78326.5	487.467	487.326
S35	32565.3	0.155819	77072.6	0	0
Ne23	21414.1	0.224254	76016.9	0	0
Cl35	32564.6	0.0931839	79314.7	1400.35	1400.11
neutron	939.565	3.77606	75608.4	0	0
neutron	939.565	1.02607	75608.4	0	0
S33	30704.6	0.275318	75608.4	0	0
Na23	21409.2	0.109848	98586.5	9456.37	9455.92
Cl37	34424.8	0.0657877	87958.7	4796.28	4796.15
Cl35	32564.6	0.0728602	85072.1	2727.45	2727.32
Cl35	32564.6	0.505371	83909.4	2130.37	2129.79
Cl37	34424.8	0.099829	82960.1	1692.81	1692.25
Ne23	21414.1	0.230619	78580.7	0	0
Cl35	32564.6	0.0898479	93120.5	7051.29	7051.09
Cl35	32564.6	0.0833233	86615.3	4343.18	4343.08
neutron	939.565	0.331434	79223.6	0	0
Ne22	20479.7	0.33199	79223.6	0	0
Na23	21409.2	0.11766	85917.9	4422.47	4421.9
S35	32565.3	0.160223	76003	0	0
proton	938.272	13.4679	75741.2	0	0
neutron	939.565	9.54576	75741.2	0	0
neutron	939.565	7.73718	75741.2	0	0
neutron	939.565	0.535784	75741.2	0	0
deuteron	1875.61	8.87015	75741.2	0	0
O17	15830.5	0.42002	75741.2	0	0
Na23	21409.2	0.153442	95982.6	8191.88	8191.48
neutron	939.565	12.7051	75539.1	0	0
neutron	939.565	7.24194	75539.1	0	0
neutron	939.565	0.739812	75539.1	0	0
Ne20	18617.7	1.65639	75539.1	0	0
Cl37	34424.8	0.17971	92610.7	6974.53	6973.97
Na23	21409.2	0.104444	85347.8	4044.69	4044.56
neutron	939.565	1.2002	75258.8	0	0
Ne22	20479.7	0.238246	75258.8	0	0
Ne23	21414.1	0.228967	75790.7	0	0
neutron	939.565	1.94997	76241.1	0	0
Ne22	20479.7	0.219656	76241.1	0	0
Cl35	32564.6	0.17633	78145.9	156.267	155.867
Cl37	34424.8	0.143814	85828	2853.36	2853.18
Ne23	21414.1	0.233532	78689.8	0	0
Na23	21409.2	0.679191	99320.4	9473.59	9472.9
Cl35	32564.6	0.338125	78275.9	767.53	766.585
Na23	21409.2	0.120017	83283.5	2273.89	2273.65
Cl35	32564.6	0.130752	93319.2	7307.61	7307.43
neutron	939.565	1.50973	74836.1	0	0
Ne22	20479.7	0.349475	74836.1	0	0
Na23	21409.2	0.108274	96874.6	8259.12	8258.99
neutron	939.565	2.17591	77322.8	0	0
Ne22	20479.7	0.406554	77322.8	0	0
proton	938.272	10.815	75716.4	0	0
neutron	939.565	0.206841	75716.4	0	0
F21	19556.7	1.02087	75716.4	0	0
Na23	21409.2	0.227858	87965.3	4395.86	4395.56
Cl35	32564.6	0.0977882	75718.2	167.733	167.554
neutron	939.565	5.54925	75418.4	0	0
neutron	939.565	3.73525	75418.4	0	0
proton	938.272	3.67052	75418.4	0	0
proton	938.272	2.84759	75418.4	0	0
neutron	939.565	2.68557	75418.4	0	0
neutron	939.565	2.36996	75418.4	0	0
O17	15830.5	1.20389	75418.4	0	0
Na23	21409.2	0.10935	93997.6	7406.8	7406.54
Cl37	34424.8	0.113568	93536.2	7233.02	7232.77
Cl35	32564.6	0.343082	92621.2	7004.96	7004.3
neutron	939.565	0.875829	75293.2	0	0
neutron	939.565	0.404675	75293.2	0	0
Ne21	19550.5	0.499349	75293.2	0	0
Na23	21409.2	0.273478	82092.7	1712.64	1712.25
neutron	939.565	0.236832	74972.9	0	0
S34	31632.7	0.133488	74972.9	0	0
Na23	21409.2	0.315358	83629	3260.38	3259.85
proton	938.272	31.3619	75212.4	0	0
neutron	939.565	16.7233	75212.4	0	0
F21	19556.7	1.4598	75212.4	0	0
Cl37	34424.8	0.643018	79535.2	903.759	903.074
proton	938.272	11.2171	77057.7	0	0
F22	20491.1	0.674514	77057.7	0	0
Na23	21409.2	0.188181	90928.3	5660.98	5660.79
Cl35	32564.6	0.109813	83500.8	3421.07	3420.92
Ne23	21414.1	0.210248	74332.6	0	0
Cl35	32564.6	0.227769	94116	7699.26	7698.93
Na23	21409.2	0.108596	92208.8	7002.09	7001.82
Na23	21409.2	0.264775	86568.8	4684.24	4683.94
Na23	21409.2	0.110881	81365.3	2467.35	2467.17
neutron	939.565	7.01561	75199.6	0	0
S34	31632.7	0.421662	75199.6	0	0
neutron	939.565	7.75515	73959.8	0	0
neutron	939.565	3.35693	73959.8	0	0
neutron	939.565	1.43208	73959.8	0	0
Ne20	18617.7	0.423655	73959.8	0	0
Cl37	34424.8	0.0642397	94908.6	6992.57	6992.48
neutron	939.565	0.501094	77326.8	0	0
Ne22	20479.7	0.185094	77326.8	0	0
neutron	939.565	0.396183	76637.6	0	0
S34	31632.7	0.201291	76637.6	0	0
S35	32565.3	0.159153	76064.4	0	0
Na23	21409.2	0.193978	98323.4	9323.84	9323.32
neutron	939.565	8.88461	75467.4	0	0
neutron	939.565	4.16815	75467.4	0	0
neutron	939.565	1.47502	75467.4	0	0
Ne20	18617.7	0.0339115	75467.4	0	0
S35	32565.3	0.147459	77215.1	0	0
Cl35	32564.6	0.108981	81734.8	887.838	887.529
Na23	21409.2	0.186812	87494.3	4256.99	4256.69
Na23	21409.2	0.451286	88387.8	5034.14	5033.4
Cl35	32564.6	0.0991141	88399.6	5256.1	5255.94
Na23	21409.2	0.131805	77296.6	537.347	536.975
Cl35	32564.6	0.0715883	79702.4	1434.25	1433.93
Na23	21409.2	0.106185	77164.1	472.066	471.611
Ne23	21414.1	0.221169	75968.8	0	0
Cl35	32564.6	0.127475	98585.7	9468.8	9468.42
Na23	21409.2	0.215795	87045.9	4613.37	4612.91
Cl37	34424.8	0.248144	93000.4	7174.27	7173.85
proton	938.272	8.53038	74796	0	0
proton	938.272	5.31263	74796	0	0
neutron	939.565	4.66307	74796	0	0
neutron	939.565	4.4023	74796	0	0
neutron	939.565	1.67456	74796	0	0
neutron	939.565	0.691463	74796	0	0
Si29	26984.3	0.390877	74796	0	0
neutron	939.565	0.638717	75467.5	0	0
S34	31632.7	0.266339	75467.5	0	0
Na23	21409.2	0.334435	92524.2	6776.49	6775.98
neutron	939.565	0.606204	74913.4	0	0
S34	31632.7	0.0655003	74913.4	0	0
Cl35	32564.6	0.116371	87809.8	4998.69	4998.53
Na23	21409.2	0.106441	78430.5	1208.59	1208.46
proton	938.272	10.3862	75080.9	0	0
neutron	939.565	7.91187	75080.9	0	0
alpha	3727.38	6.13672	75080.9	0	0
Al29	26988.5	2.87425	75080.9	0	0
proton	938.272	38.5583	75064.3	0	0
neutron	939.565	4.41004	75064.3	0	0
neutron	939.565	0.681612	75064.3	0	0
neutron	939.565	0.432109	75064.3	0	0
P33	30705.3	0.991046	75064.3	0	0
neutron	939.565	23.2145	76015.4	0	0
neutron	939.565	3.16511	76015.4	0	0
neutron	939.565	1.35188	76015.4	0	0
alpha	3727.38	3.86298	76015.4	0	0
O16	14895.1	3.13686	76015.4	0	0
Na23	21409.2	0.126793	81749.8	2422.22	2421.63
neutron	939.565	8.78837	75806.6	0	0
proton	938.272	5.20509	75806.6	0	0
neutron	939.565	2.51207	75806.6	0	0
deuteron	1875.61	15.837	75806.6	0	0
Si30	27913.2	1.19899	75806.6	0	0
Cl35	32564.6	0.0695717	89425	5366.71	5366.62
neutron	939.565	0.651786	77614.3	0	0
Ne22	20479.7	0.15926	77614.3	0	0
Na23	21409.2	0.172836	81974.1	2255.24	2254.9
neutron	939.565	0.686822	76242.9	0	0
S34	31632.7	0.0702831	76242.9	0	0
Cl35	32564.6	0.392187	95301.2	8140.41	8140
Ne23	21414.1	0.225799	75846.7	0	0
Cl35	32564.6	0.0807069	92608.2	6992.26	6991.98
Na23	21409.2	0.13358	81736.4	2120.97	2120.77
Ne23	21414.1	0.233034	76425.3	0	0
S35	32565.3	0.155885	76088.6	0	0
neutron	939.565	0.910441	75919.3	0	0
neutron	939.565	0.606279	75919.3	0	0
S33	30704.6	0.225643	75919.3	0	0
proton	938.272	8.10258	76206.6	0	0
neutron	939.565	7.54603	76206.6	0	0
neutron	939.565	6.31001	76206.6	0	0
neutron	939.565	1.80491	76206.6	0	0
triton	2808.92	2.94634	76206.6	0	0
O16	14895.1	0.271874	76206.6	0	0
Cl35	32564.6	0.116102	98920.6	9208.51	9208.27
neutron	939.565	1.15134	77081.7	0	0
S34	31632.7	0.277183	77081.7	0	0
Cl35	32564.6	0.0796049	81719.9	2255.79	2255.4
neutron	939.565	5.86968	75775.2	0	0
neutron	939.565	3.95739	75775.2	0	0
neutron	939.565	1.17501	75775.2	0	0
alpha	3727.38	6.28123	75775.2	0	0
Si28	26053.2	0.553339	75775.2	0	0
neutron	939.565	15.5658	76586.9	0	0
neutron	939.565	5.23412	76586.9	0	0
neutron	939.565	1.21982	76586.9	0	0
alpha	3727.38	7.55523	76586.9	0	0
O16	14895.1	1.64585	76586.9	0	0
Cl35	32564.6	0.0820945	76529.4	79.5584	79.4165
Na23	21409.2	0.134955	92779.5	7120.15	7120
Cl37	34424.8	0.089607	89694.3	5712.52	5712.32
Ne23	21414.1	0.233008	75385.8	0	0
Cl35	32564.6	0.177504	94607.9	7698.74	7698.3
Na23	21409.2	0.10925	87709.9	4924.57	4924.29
neutron	939.565	0.836473	74857.3	0	0
S34	31632.7	0.171298	74857.3	0	0
S35	32565.3	0.150727	75209.5	0	0
Na23	21409.2	0.104613	81755	1693.43	1693.3
Cl35	32564.6	0.069537	87320.5	4947.73	4947.36
Cl37	34424.8	0.111996	89866.9	5708.19	5707.76
Na23	21409.2	0.112297	88996.8	5335.53	5335.31
Cl35	32564.6	0.120236	85827.8	3940.86	3940.73
neutron	939.565	14.7228	75781.5	0	0
proton	938.272	8.54653	75781.5	0	0
neutron	939.565	5.85296	75781.5	0	0
neutron	939.565	2.01633	75781.5	0	0
alpha	3727.38	4.26842	75781.5	0	0
N15	13968.9	1.39206	75781.5	0	0
Cl35	32564.6	0.154111	93898.9	7579.4	7579.13
neutron	939.565	20.0416	75981.9	0	0
neutron	939.565	0.242602	75981.9	0	0
Ne21	19550.5	0.448818	75981.9	0	0
Na23	21409.2	0.477374	87181.2	4702.48	4701.97
Ne23	21414.1	0.207263	76007.2	0	0
neutron	939.565	3.75778	75440.2	0	0
alpha	3727.38	10.3483	75440.2	0	0
Si30	27913.2	2.34477	75440.2	0	0
Cl37	34424.8	0.0634361	86882	3640.24	3640.05
S35	32565.3	0.160207	77698.5	0	0
Na23	21409.2	0.258234	98127.5	9267.55	9267.3
Cl37	34424.8	0.0790538	84153	3157.39	3157.13
Cl35	32564.6	0.163949	83093.2	1992.63	1992.42
neutron	939.565	24.5766	78149.2	0	0
proton	938.272	3.71837	78149.2	0	0
triton	2808.92	5.88626	78149.2	0	0
Si30	27913.2	1.16809	78149.2	0	0
proton	938.272	8.9356	75446.7	0	0
neutron	939.565	4.88725	75446.7	0	0
proton	938.272	2.88468	75446.7	0	0
Si32	29776.6	0.811827	75446.7	0	0
Ne23	21414.1	0.212746	74779.5	0	0
Na23	21409.2	0.153502	93648.1	7485.94	7485.68
neutron	939.565	5.95176	76386.7	0	0
neutron	939.565	1.11739	76386.7	0	0
Ne21	19550.5	0.653082	76386.7	0	0
neutron	939.565	37.9405	83369.9	2518.89	2298.8
neutron	939.565	2.60284	83369.9	2518.89	2298.8
S33	30704.6	0.065262	83369.9	2518.89	2298.8
Ne23	21414.1	0.227381	77270.1	0	0
neutron	939.565	3.12336	75662.2	0	0
neutron	939.565	3.08523	75662.2	0	0
neutron	939.565	2.85272	75662.2	0	0
alpha	3727.38	11.3904	75662.2	0	0
O16	14895.1	1.79767	75662.2	0	0
Na23	21409.2	0.121051	94278.6	7688.05	7687.8
neutron	939.565	0.541962	74269.7	0	0
S34	31632.7	0.219298	74269.7	0	0
Na23	21409.2	0.4172	91446.6	5962.01	5961.39
Cl37	34424.8	0.236763	79747.4	260.874	260.404
neutron	939.565	17.3959	79157.7	0	0
neutron	939.565	5.82152	79157.7	0	0
Ne21	19550.5	0.20117	79157.7	0	0
Ne23	21414.1	0.215101	79192	0	0
Na23	21409.2	0.115013	98293	8731.31	8731.1
Cl35	32564.6	0.196439	92239.6	5533.02	5532.55
Cl35	32564.6	0.238088	78211.9	70.8313	70.2065
S35	32565.3	0.14404	78121.3	0	0
Cl37	34424.8	0.102276	84299	3139.52	3139.4
Cl35	32564.6	0.0668898	88766.8	5468.08	5467.93
neutron	939.565	11.8579	74573.3	0	0
neutron	939.565	3.49574	74573.3	0	0
deuteron	1875.61	8.24774	74573.3	0	0
P31	28844.2	1.32486	74573.3	0	0
Ne23	21414.1	0.230915	76333.8	0	0
neutron	939.565	32.1743	75033.2	0	0
neutron	939.565	5.97593	75033.2	0	0
neutron	939.565	3.03328	75033.2	0	0
alpha	3727.38	4.55843	75033.2	0	0
O16	14895.1	5.49608	75033.2	0	0
Na23	21409.2	0.114992	95987.5	8436.81	8436.6
Cl35	32564.6	0.351641	79317.9	1227.55	1227.18
neutron	939.565	0.905602	75442.6	0	0
Ne22	20479.7	0.28506	75442.6	0	0
Na23	21409.2	0.119218	97745.2	8880.18	8879.76
Na23	21409.2	0.224914	94227.6	7237.47	7237.23
Ne23	21414.1	0.228523	75951.8	0	0
S35	32565.3	0.154419	76467.8	0	0
neutron	939.565	1.08176	82706.9	0	0
S34	31632.7	0.0961525	82706.9	0	0
neutron	939.565	10.7912	76043.2	0	0
neutron	939.565	1.79231	76043.2	0	0
neutron	939.565	1.6987	76043.2	0	0
alpha	3727.38	6.35993	76043.2	0	0
O16	14895.1	2.95435	76043.2	0	0
Na23	21409.2	0.105689	89520.9	5346.81	5346.58
Cl37	34424.8	0.0677943	80291.9	1394.19	1393.56
Na23	21409.2	0.179756	75843.5	753.966	753.65
proton	938.272	7.23682	73828.9	0	0
neutron	939.565	4.51002	73828.9	0	0
neutron	939.565	3.89145	73828.9	0	0
P32	29775.8	0.300721	73828.9	0	0
Na23	21409.2	0.14192	87605.9	4410.23	4409.93
Na23	21409.2	0.105754	87274	4357.08	4356.94
Na23	21409.2	0.116035	82341.8	3083.69	3083.55
Na23	21409.2	0.371731	99254.5	9704.32	9703.48
Cl35	32564.6	0.1018	97384.1	8897.46	8896.96
Cl37	34424.8	0.0920871	89184.1	5295.47	5295.32
Cl37	34424.8	0.0807634	77435.5	35.072	34.8876
Cl35	32564.6	0.721121	94953.4	7805.87	7805.09
Cl35	32564.6	0.12306	96407.2	8239.77	8239.5
Cl37	34424.8	0.0632647	77228.8	600.824	600.347
neutron	939.565	3.55344	77726.5	0	0
neutron	939.565	2.71273	77726.5	0	0
S33	30704.6	0.200096	77726.5	0	0
Cl35	32564.6	0.0845498	93060.7	6948.82	6948.61
Cl35	32564.6	0.152368	81836.1	2023.15	2022.55
Cl35	32564.6	0.0920347	81359.3	1851.62	1851.5
proton	938.272	7.47982	76475	0	0
neutron	939.565	4.17041	76475	0	0
neutron	939.565	2.76914	76475	0	0
neutron	939.565	1.85278	76475	0	0
F19	17692.3	2.79642	76475	0	0
Na23	21409.2	0.206591	91353.2	6638.71	6638.35
Cl35	32564.6	0.383518	91111.5	6546.78	6546.3
Cl37	34424.8	0.127284	81750.9	2866.38	2866.12
Na23	21409.2	0.16482	77215.8	211.391	211.152
neutron	939.565	1.3976	76759.4	0	0
S34	31632.7	0.107268	76759.4	0	0
Cl37	34424.8	0.347408	99864.2	9947.09	9946.63
Cl35	32564.6	0.135627	88340.7	5311.42	5311.15
Cl35	32564.6	0.140845	82115.5	2494.9	2494.59
Cl37	34424.8	0.0845768	79772.1	1484.47	1484.37
neutron	939.565	14.9804	75708.3	0	0
proton	938.272	5.90749	75708.3	0	0
neutron	939.565	2.35334	75708.3	0	0
neutron	939.565	1.90987	75708.3	0	0
P31	28844.2	1.0482	75708.3	0	0
neutron	939.565	0.0973291	75326.3	0	0
S34	31632.7	0.146856	75326.3	0	0
Cl35	32564.6	0.0918305	81063.2	2554.53	2554.35
neutron	939.565	2.08792	74781.7	0	0
S34	31632.7	0.0438401	74781.7	0	0
Cl35	32564.6	0.116485	90916.4	5191.64	5191.45
Na23	21409.2	0.17751	99443.9	9778.43	9778.11
Na23	21409.2	0.156179	96086.1	8458.4	8458.22
Cl35	32564.6	0.102904	96072.3	8454.27	8453.63
proton	938.272	199.435	83863.1	2677.06	2324.7
proton	938.272	133.146	83863.1	2677.06	2324.7
P33	30705.3	0.556786	83863.1	2677.06	2324.7
Na23	21409.2	0.135335	86621.9	4420.34	4420.1
Na23	21409.2	0.251713	90505.2	6086.95	6086.68
Cl37	34424.8	0.0870903	86571.8	4414.47	4414.38
Na23	21409.2	0.60587	88849	4562.82	4561.68
neutron	939.565	0.815214	76702.8	0	0
Ne22	20479.7	0.182398	76702.8	0	0
neutron	939.565	10.7928	76016.4	0	0
neutron	939.565	1.01802	76016.4	0	0
neutron	939.565	0.523925	76016.4	0	0
Ne20	18617.7	0.415471	76016.4	0	0
Cl35	32564.6	0.098543	91259.4	6094.06	6093.75
neutron	939.565	15.2487	76152.4	0	0
neutron	939.565	5.12686	76152.4	0	0
alpha	3727.38	4.34546	76152.4	0	0
O17	15830.5	3.44583	76152.4	0	0
Cl35	32564.6	0.0872032	91775.1	6645.7	6645.14
Na23	21409.2	0.236311	89774	5887.12	5886.86
Cl35	32564.6	0.142912	81376.3	2240.15	2239.79
Na23	21409.2	0.239814	76517.2	428.462	428.211
S35	32565.3	0.156948	75444.8	0	0
Na23	21409.2	0.206664	90227	5577.56	5576.83
Cl35	32564.6	0.312236	96543	8449.45	8448.97
proton	938.272	6.50434	76867.1	0	0
neutron	939.565	3.97381	76867.1	0	0
neutron	939.565	2.72072	76867.1	0	0
neutron	939.565	0.905097	76867.1	0	0
P31	28844.2	0.603281	76867.1	0	0
Cl35	32564.6	0.0946131	86844.7	4576.07	4575.94
Cl35	32564.6	0.155041	83875.8	3370.31	3370.13
Na23	21409.2	0.566771	80935.4	2165.61	2164.55
Cl35	32564.6	0.0728788	77272.1	832.958	832.692
neutron	939.565	14.5871	74986.3	0	0
neutron	939.565	4.88594	74986.3	0	0
neutron	939.565	1.28941	74986.3	0	0
alpha	3727.38	4.183	74986.3	0	0
O16	14895.1	2.91051	74986.3	0	0
Ne23	21414.1	0.224645	75883.2	0	0
Na23	21409.2	0.162379	86146.8	4239.76	4239.53
neutron	939.565	7.68958	75012.5	0	0
proton	938.272	4.60945	75012.5	0	0
neutron	939.565	2.86291	75012.5	0	0
P32	29775.8	0.346796	75012.5	0	0
Cl37	34424.8	0.117733	87304.7	4854.07	4853.93
Na23	21409.2	0.303879	77193.6	758.358	757.987
Cl35	32564.6	0.0898418	75530.3	195.541	195.399
neutron	939.565	1.97284	75113.9	0	0
S36	33495	0.305969	75113.9	0	0
Na23	21409.2	0.301837	94858.3	7940.05	7939.55
neutron	939.565	0.698951	75948.1	0	0
Ne22	20479.7	0.298392	75948.1	0	0
neutron	939.565	6.84866	75100.2	0	0
neutron	939.565	5.46669	75100.2	0	0
neutron	939.565	1.055	75100.2	0	0
Ne20	18617.7	1.44467	75100.2	0	0
Na23	21409.2	0.538005	84125.8	3225.4	3224.81
Cl35	32564.6	0.119339	77468.6	842.927	842.693
neutron	939.565	1.15097	76969.3	0	0
Ne22	20479.7	0.125083	76969.3	0	0
Na23	21409.2	0.108758	98235.8	9287.74	9287.22
Na23	21409.2	0.126219	96267.2	8464.85	8464.59
neutron	939.565	1.41925	75364	0	0
S34	31632.7	0.271951	75364	0	0
Cl37	34424.8	0.0634569	84479.1	3698.6	3698.4
neutron	939.565	6.82454	74873.7	0	0
neutron	939.565	1.9303	74873.7	0	0
Ne21	19550.5	0.628807	74873.7	0	0
neutron	939.565	14.161	76906.9	0	0
neutron	939.565	7.95299	76906.9	0	0
neutron	939.565	5.5522	76906.9	0	0
Ne20	18617.7	2.02716	76906.9	0	0
Na23	21409.2	0.654289	89694.9	5579.45	5578.75
neutron	939.565	7.5849	80230.4	0	0
neutron	939.565	2.31431	80230.4	0	0
S33	30704.6	0.0697426	80230.4	0	0
neutron	939.565	0.616626	78854.5	0	0
S34	31632.7	0.0628015	78854.5	0	0
Cl35	32564.6	0.0793582	96646.9	8675.4	8675.26
Cl35	32564.6	0.190943	93838.5	7627.47	7627.12
Na23	21409.2	0.325207	84551.1	3489.77	3488.63
S35	32565.3	0.140138	75430.3	0	0
Cl37	34424.8	0.0886805	92420.2	6061.28	6060.92
Cl37	34424.8	0.0636338	85830.8	3369.59	3369.46
Na23	21409.2	0.136169	80683.2	1134.81	1134.5
neutron	939.565	35.5886	77513.2	0	0
proton	938.272	30.2969	77513.2	0	0
neutron	939.565	0.354284	77513.2	0	0
F20	18625.3	0.392422	77513.2	0	0
Cl35	32564.6	0.183837	86346.2	3428.05	3427.86
Cl35	32564.6	0.0697113	83406.6	2213.06	2212.92
Na23	21409.2	0.265421	78702.9	407.495	407.159
neutron	939.565	0.619768	79735.2	0	0
S36	33495	0.149603	79735.2	0	0
Na23	21409.2	0.162778	89405	5319.38	5319.12
Na23	21409.2	0.184831	83080.1	2034.8	2034.21
neutron	939.565	14.4621	80454.8	0	0
neutron	939.565	7.90375	80454.8	0	0
Ne21	19550.5	1.39901	80454.8	0	0
Cl35	32564.6	0.15857	96952	8652.92	8652.48
neutron	939.565	0.507981	75124.5	0	0
Ne22	20479.7	0.190584	75124.5	0	0
Ne23	21414.1	0.224773	76011.3	0	0
neutron	939.565	1.52512	78034.9	0	0
S34	31632.7	0.164841	78034.9	0	0
Na23	21409.2	0.138413	97191	8826.5	8826.31
neutron	939.565	0.549713	75237.7	0	0
S34	31632.7	0.163585	75237.7	0	0
Cl35	32564.6	0.100463	80670.4	1172.91	1172.57
neutron	939.565	0.840801	77728	0	0
Ne22	20479.7	0.141555	77728	0	0
Na23	21409.2	0.133861	93339.4	7351.95	7351.73
S35	32565.3	0.160293	74690.1	0	0
Na23	21409.2	0.326533	86777.5	4276.84	4276.51
Cl35	32564.6	0.337157	78281.5	979.187	978.694
proton	938.272	11.6937	76055.1	0	0
neutron	939.565	6.83603	76055.1	0	0
P33	30705.3	1.24239	76055.1	0	0
neutron	939.565	10.0574	81129.8	0	0
neutron	939.565	9.40742	81129.8	0	0
neutron	939.565	4.91637	81129.8	0	0
alpha	3727.38	10.0558	81129.8	0	0
O16	14895.1	1.84602	81129.8	0	0
Na23	21409.2	0.272467	89673.6	5953.25	5952.95
Cl35	32564.6	0.116706	76552.7	961.783	961.629
neutron	939.565	0.618787	77036.7	0	0
S36	33495	0.0584134	77036.7	0	0
Cl35	32564.6	0.103742	82764.9	3227.05	3226.81
Na23	21409.2	1.41245	86630.8	3316.61	3315.1
Na23	21409.2	0.103518	85405.5	2817.13	2816.97
Cl35	32564.6	0.154565	83404	2011.16	2010.85
Ne23	21414.1	0.223792	76145.3	0	0
Na23	21409.2	0.284608	81921.1	2588.77	2588.3
neutron	939.565	0.274584	75621	0	0
Ne22	20479.7	0.22306	75621	0	0
neutron	939.565	0.967829	75126.5	0	0
S34	31632.7	0.145971	75126.5	0	0
S35	32565.3	0.163415	75086.7	0	0
Cl37	34424.8	0.0799357	99037.5	9630.16	9629.65
Na23	21409.2	0.588244	86044.3	4180.79	4179.98
neutron	939.565	34.393	75817.5	0	0
neutron	939.565	8.86151	75817.5	0	0
neutron	939.565	2.73329	75817.5	0	0
S34	31632.7	0.370673	75817.5	0	0
neutron	939.565	11.4254	76370.5	0	0
Ne22	20479.7	0.29753	76370.5	0	0
neutron	939.565	0.230389	76152.4	0	0
Ne22	20479.7	0.2678	76152.4	0	0
proton	938.272	312.617	91224.5	5622.5	4567.4
proton	938.272	148.136	91224.5	5622.5	4567.4
neutron	939.565	134.508	91224.5	5622.5	4567.4
proton	938.272	94.9414	91224.5	5622.5	4567.4
proton	938.272	8.02841	91224.5	5622.5	4567.4
neutron	939.565	2.6242	91224.5	5622.5	4567.4
neutron	939.565	2.4149	91224.5	5622.5	4567.4
Si30	27913.2	3.24213	91224.5	5622.5	4567.4
proton	938.272	7.16855	80129.7	0	0
neutron	939.565	2.77207	80129.7	0	0
neutron	939.565	0.755852	80129.7	0	0
P32	29775.8	0.156999	80129.7	0	0
Na23	21409.2	0.158121	79814.5	1197.49	1196.46
neutron	939.565	0.152823	76622.2	0	0
Ne22	20479.7	0.207921	76622.2	0	0
proton	938.272	6.19609	77696.7	0	0
neutron	939.565	1.32678	77696.7	0	0
neutron	939.565	0.785214	77696.7	0	0
deuteron	1875.61	11.7804	77696.7	0	0
Si30	27913.2	0.816074	77696.7	0	0
Na23	21409.2	1.70088	92221.8	6781.1	6778.94
neutron	939.565	0.392339	77793.8	0	0
S34	31632.7	0.0896592	77793.8	0	0
Cl37	34424.8	0.0750483	87113.5	4909.24	4908.79
Na23	21409.2	0.650478	81981.3	2826.89	2826.05
neutron	939.565	7.16064	74922.5	0	0
neutron	939.565	1.82659	74922.5	0	0
neutron	939.565	1.54754	74922.5	0	0
alpha	3727.38	14.3647	74922.5	0	0
alpha	3727.38	11.6931	74922.5	0	0
C12	11174.9	1.71483	74922.5	0	0
Na23	21409.2	0.146155	92100.8	6733.9	6733.55
neutron	939.565	0.286005	78233	0	0
S34	31632.7	0.0915738	78233	0	0
neutron	939.565	0.6943	76975.7	0	0
Ne22	20479.7	0.332842	76975.7	0	0
neutron	939.565	6.64322	75779.5	0	0
Ne22	20479.7	0.429471	75779.5	0	0
Ne23	21414.1	0.21254	75987.8	0	0
Na23	21409.2	0.169516	82085.5	1996.31	1995.99
Na23	21409.2	0.999075	77613.4	301.303	300.192
neutron	939.565	1.29524	77033.3	0	0
Ne22	20479.7	0.215111	77033.3	0	0
Na23	21409.2	0.106759	89607.4	5096.15	5095.95
neutron	939.565	0.932079	76499.1	0	0
S34	31632.7	0.116816	76499.1	0	0
neutron	939.565	3.57515	77029.2	0	0
S34	31632.7	0.327885	77029.2	0	0
Cl35	32564.6	0.121292	99376.3	9775.15	9774.5
Ne23	21414.1	0.21078	74094.1	0	0
Na23	21409.2	0.185872	95005.2	6971.57	6970.7
Cl35	32564.6	0.0812315	87300.3	3859.95	3859.7
Cl35	32564.6	0.131261	78491.3	449.285	449.127
Cl37	34424.8	0.102714	78249.5	368.389	367.626
Ne23	21414.1	0.229843	77325	0	0
Na23	21409.2	0.200327	97140.8	8882.67	8882.33
Cl35	32564.6	0.145733	97138.5	8882.19	8881.61
neutron	939.565	2.02058	74504.9	0	0
Ne22	20479.7	0.379356	74504.9	0	0
Na23	21409.2	0.122022	95305.2	8177.54	8177.29
Na23	21409.2	0.21748	85436.1	3941.78	3941.54
neutron	939.565	8.88766	75067.5	0	0
neutron	939.565	5.43439	75067.5	0	0
Ne21	19550.5	1.35805	75067.5	0	0
neutron	939.565	7.81853	75265.7	0	0
proton	938.272	3.24142	75265.7	0	0
neutron	939.565	1.41233	75265.7	0	0
neutron	939.565	1.29276	75265.7	0	0
P31	28844.2	0.236396	75265.7	0	0
Cl35	32564.6	0.0901547	94152.7	7394.05	7393.78
neutron	939.565	0.884906	77109.2	0	0
Ne22	20479.7	0.375036	77109.2	0	0
neutron	939.565	5.46363	76884.5	0	0
neutron	939.565	4.51073	76884.5	0	0
proton	938.272	3.6389	76884.5	0	0
neutron	939.565	3.34609	76884.5	0	0
F19	17692.3	0.235956	76884.5	0	0
neutron	939.565	3.43285	77050.1	0	0
neutron	939.565	3.39445	77050.1	0	0
neutron	939.565	0.763318	77050.1	0	0
Ne20	18617.7	0.0933298	77050.1	0	0
Na23	21409.2	0.139644	80047.1	1810.82	1810.38
neutron	939.565	0.234684	75174.8	0	0
Ne22	20479.7	0.276982	75174.8	0	0
Na23	21409.2	0.255763	94811.3	7896.97	7896.37
neutron	939.565	0.400026	74419.9	0	0
S36	33495	0.172805	74419.9	0	0
Na23	21409.2	0.134997	92463.7	5351.05	5350.85
Na23	21409.2	0.130607	83469.1	1769.37	1769.18
Na23	21409.2	0.275817	79507	273.823	273.116
Na23	21409.2	0.329978	79352	215.38	214.741
neutron	939.565	0.966704	78856.8	0	0
neutron	939.565	0.102989	78856.8	0	0
S33	30704.6	0.102365	78856.8	0	0
Cl35	32564.6	0.0694574	98184	9264.54	9264.11
Na23	21409.2	0.11988	89860	5985	5984.87
Na23	21409.2	0.168139	88249.9	4704.05	4703.76
Ne23	21414.1	0.230098	76174.9	0	0
Cl35	32564.6	1.09837	95316.9	8090.66	8089.09
Cl35	32564.6	0.100624	99618	9864.77	9864.49
Cl35	32564.6	0.469403	99096	9667.7	9666.85
S37	34430.2	0.134157	75151.9	0	0
neutron	939.565	145.406	91663.5	5610.12	5199.56
proton	938.272	138.757	91663.5	5610.12	5199.56
proton	938.272	56.0585	91663.5	5610.12	5199.56
proton	938.272	8.16707	91663.5	5610.12	5199.56
neutron	939.565	3.15584	91663.5	5610.12	5199.56
neutron	939.565	0.194745	91663.5	5610.12	5199.56
O17	15830.5	1.12397	91663.5	5610.12	5199.56
Na23	21409.2	0.11183	79492.1	88.4995	88.36
Cl35	32564.6	0.104359	99400.5	9786.97	9786.83
Na23	21409.2	0.109696	88975.3	4711.43	4711.32
Na23	21409.2	0.48549	87777	4017.26	4016.72
Na23	21409.2	0.183368	82644.9	1955.22	1954.94
Cl35	32564.6	0.212288	83960.6	3167.48	3167.01
Cl35	32564.6	0.17758	98024.4	9123.18	9122.76
neutron	939.565	0.407376	76048.3	0	0
Ne22	20479.7	0.123076	76048.3	0	0
Na23	21409.2	0.569173	95962.8	8263.51	8262.88
neutron	939.565	0.902141	80877.7	0	0
Ne22	20479.7	0.128703	80877.7	0	0
neutron	939.565	1.57581	76489.9	0	0
S34	31632.7	0.181906	76489.9	0	0
neutron	939.565	0.207604	77966.7	0	0
S34	31632.7	0.122436	77966.7	0	0
neutron	939.565	9.33454	76781.6	0	0
neutron	939.565	2.24941	76781.6	0	0
neutron	939.565	0.61428	76781.6	0	0
Ne20	18617.7	0.151116	76781.6	0	0
Na23	21409.2	0.207002	83256.4	3170.06	3169.61
Na23	21409.2	0.233884	82616.3	2966.25	2965.9
Ne23	21414.1	0.223685	75092.3	0	0
Na23	21409.2	0.390033	99864.4	9948.5	9948.09
Na23	21409.2	0.1405	93789.5	7417.35	7417.05
Ne23	21414.1	0.206559	75963.5	0	0
Na23	21409.2	0.123888	99555.1	9831.26	9831.04
Na23	21409.2	0.112539	79703.5	1574.52	1574.33
Ne23	21414.1	0.224757	75580.9	0	0
Na23	21409.2	0.117534	92981.4	6122.98	6122.83
neutron	939.565	0.714113	75929.4	0	0
triton	2808.92	22.1448	75929.4	0	0
alpha	3727.38	5.89557	75929.4	0	0
N15	13968.9	7.40654	75929.4	0	0
Na23	21409.2	0.108236	98790.6	9568.81	9568.66
Cl35	32564.6	0.131336	78882.9	518.281	517.456
Ne23	21414.1	0.207243	75133.9	0	0
neutron	939.565	2.70657	77281.4	0	0
Ne22	20479.7	0.201547	77281.4	0	0
Cl37	34424.8	0.99192	95908.1	8356.38	8355.38
Cl35	32564.6	0.19493	92809.6	7109.02	7108.65
Na23	21409.2	0.124882	92172.8	6838.31	6837.08
Na23	21409.2	0.118881	88848.9	5073.96	5073.84
Cl35	32564.6	0.0870805	82727.4	2459.68	2459.53
S35	32565.3	0.16252	76221.9	0	0
S35	32565.3	0.150672	76097.6	0	0
Cl35	32564.6	0.166608	98747.8	9531.99	9531.46
Na23	21409.2	0.699347	92960.8	7304.64	7303.66
Na23	21409.2	0.10797	77996.5	1171.32	1171.12
neutron	939.565	28.6201	74818.2	0	0
neutron	939.565	23.6084	74818.2	0	0
neutron	939.565	3.75235	74818.2	0	0
Ne20	18617.7	0.891214	74818.2	0	0
S35	32565.3	0.161334	75492.1	0	0
Cl35	32564.6	0.136127	91822.3	6870.96	6870.59
Cl37	34424.8	0.535447	88294.1	5106.86	5106.09
neutron	939.565	5.42496	76053.9	0	0
neutron	939.565	5.00709	76053.9	0	0
neutron	939.565	4.45072	76053.9	0	0
alpha	3727.38	4.72243	76053.9	0	0
O16	14895.1	1.3193	76053.9	0	0
neutron	939.565	0.112732	75132.7	0	0
S36	33495	0.176969	75132.7	0	0
Na23	21409.2	0.227078	99632	9859.88	9859.55
Cl35	32564.6	0.0911933	88951	4758.38	4757.97
Cl37	34424.8	0.0632539	93403.4	7014.24	7014.16
Cl35	32564.6	0.0823704	88585.4	4724.08	4723.97
Cl35	32564.6	0.124896	87302	4236.84	4236.64
neutron	939.565	1.63988	76531.1	0	0
deuteron	1875.61	7.67026	76531.1	0	0
F20	18625.3	0.97597	76531.1	0	0
Cl35	32564.6	0.0698049	92652.9	6913.57	6913.41
Cl37	34424.8	0.0755908	89150.9	5416.32	5416.2
neutron	939.565	0.367126	75051.1	0	0
Ne22	20479.7	0.213567	75051.1	0	0
neutron	939.565	3.18291	74027.2	0	0
S36	33495	0.338368	74027.2	0	0
neutron	939.565	3.48181	74151.3	0	0
S34	31632.7	0.167533	74151.3	0	0
neutron	939.565	0.552351	79069.4	0	0
S34	31632.7	0.194982	79069.4	0	0
neutron	939.565	2.02608	76713.8	0	0
S36	33495	0.151941	76713.8	0	0
Cl35	32564.6	0.0667435	89231.6	5429.8	5429.72
neutron	939.565	23.295	75612.7	0	0
neutron	939.565	21.653	75612.7	0	0
neutron	939.565	1.83158	75612.7	0	0
S32	29773.6	1.79059	75612.7	0	0
neutron	939.565	1.14313	76812.3	0	0
Ne22	20479.7	0.0726791	76812.3	0	0
Cl35	32564.6	0.0963101	89776.3	5545.1	5544.94
Cl35	32564.6	0.108974	97505.1	8841.01	8840.86
Na23	21409.2	0.115057	79490	1504.61	1504.41
neutron	939.565	2.37266	75462.9	0	0
S34	31632.7	0.132792	75462.9	0	0
Na23	21409.2	0.206779	89146.1	5069.88	5069.67
neutron	939.565	4.53013	76070.6	0	0
proton	938.272	4.52987	76070.6	0	0
neutron	939.565	3.16124	76070.6	0	0
deuteron	1875.61	1.79059	76070.6	0	0
O18	16762	0.23879	76070.6	0	0
Cl37	34424.8	0.108291	87428.1	4718.51	4718.16
Na23	21409.2	0.13207	76342.1	215.611	215.448
Ne23	21414.1	0.217028	75843.4	0	0
Na23	21409.2	0.394632	77362.9	250.133	249.715
Na23	21409.2	0.177562	90052.2	3603.99	3603.79
neutron	939.565	0.920658	81000.2	0	0
Ne22	20479.7	0.0818567	81000.2	0	0
neutron	939.565	3.82262	79135	0	0
neutron	939.565	1.57908	79135	0	0
neutron	939.565	0.906244	79135	0	0
Ne20	18617.7	0.520358	79135	0	0
Cl37	34424.8	0.168296	93056.1	7196.81	7196.6
Cl35	32564.6	0.100357	91333.8	6395.9	6395.45
Cl35	32564.6	0.242806	90940.2	6246.64	6246.01
Na23	21409.2	0.953234	78191.8	1067.85	1066.72
S35	32565.3	0.141828	75509.2	0	0
neutron	939.565	4.2647	76411.5	0	0
neutron	939.565	3.79076	76411.5	0	0
neutron	939.565	2.46765	76411.5	0	0
deuteron	1875.61	9.83342	76411.5	0	0
deuteron	1875.61	3.81439	76411.5	0	0
Si30	27913.2	2.90243	76411.5	0	0
neutron	939.565	1.07889	74440.9	0	0
S34	31632.7	0.0608655	74440.9	0	0
Na23	21409.2	0.125893	90899.7	6143.18	6142.86
Cl35	32564.6	0.113544	88293.3	4650.01	4649.6
Na23	21409.2	0.105245	86520.3	3969.24	3968.84
Ne23	21414.1	0.226451	75805.1	0	0
neutron	939.565	0.517089	74664.4	0	0
Ne22	20479.7	0.249874	74664.4	0	0
Cl35	32564.6	0.111803	82711.2	2182.67	2182.56
neutron	939.565	2.40888	76960.6	0	0
neutron	939.565	0.807673	76960.6	0	0
deuteron	1875.61	23.2936	76960.6	0	0
P33	30705.3	0.994095	76960.6	0	0
Na23	21409.2	0.139963	97054	8306.04	8305.64
neutron	939.565	19.7267	78632.5	0	0
neutron	939.565	4.60602	78632.5	0	0
neutron	939.565	1.10692	78632.5	0	0
Ne20	18617.7	0.079078	78632.5	0	0
Na23	21409.2	0.311817	94569.2	7686.62	7686.31
Na23	21409.2	0.17323	91645.1	6486.25	6485.91
neutron	939.565	32.6317	76490.4	0	0
proton	938.272	32.0333	76490.4	0	0
neutron	939.565	1.69251	76490.4	0	0
P32	29775.8	0.036478	76490.4	0	0
neutron	939.565	0.422124	76901.6	0	0
Ne22	20479.7	0.340194	76901.6	0	0
Na23	21409.2	0.212927	82783.9	2358.57	2357.84
neutron	939.565	4.48706	78738.6	0	0
proton	938.272	4.16966	78738.6	0	0
neutron	939.565	3.21501	78738.6	0	0
neutron	939.565	1.73354	78738.6	0	0
P31	28844.2	0.0528703	78738.6	0	0
Na23	21409.2	1.04457	90880.5	5575.46	5574.39
neutron	939.565	2.1826	76559	0	0
neutron	939.565	0.747676	76559	0	0
S35	32565.3	0.141632	76559	0	0
Cl35	32564.6	0.1038	91996.6	6507.24	6507.06
Na23	21409.2	0.173928	81967.5	2038.97	2038.73
S37	34430.2	0.141265	76472.6	0	0
Cl35	32564.6	0.0680912	97948.2	9269.23	9268.59
Cl37	34424.8	0.142105	96479.4	8626.91	8626.76
Ne23	21414.1	0.200963	76538.6	0	0
neutron	939.565	8.29128	75920.8	0	0
neutron	939.565	6.35154	75920.8	0	0
neutron	939.565	1.93223	75920.8	0	0
Ne20	18617.7	0.82564	75920.8	0	0
Ne23	21414.1	0.214458	76399	0	0
Cl35	32564.6	0.232338	89672.9	5870.38	5870.05
Cl35	32564.6	0.221315	78715.1	1504.99	1504.69
neutron	939.565	0.150208	74563.5	0	0
Ne22	20479.7	0.251963	74563.5	0	0
Na23	21409.2	0.113065	90542.5	6114.3	6113.93
Cl35	32564.6	0.133601	84663.4	3599.98	3599.77
Cl35	32564.6	0.0822372	75379.3	85.7065	85.2669
neutron	939.565	50.6893	75245.4	0	0
proton	938.272	6.60745	75245.4	0	0
neutron	939.565	2.66538	75245.4	0	0
P32	29775.8	1.69432	75245.4	0	0
Cl35	32564.6	0.072877	86741.4	4082.09	4081.98
Na23	21409.2	0.972053	82704	2306.26	2305.05
Ne23	21414.1	0.22809	77838.9	0	0
Cl35	32564.6	0.382072	86578.2	4143.9	4143.47
neutron	939.565	39.7827	75798.8	0	0
proton	938.272	11.1959	75798.8	0	0
P33	30705.3	1.17318	75798.8	0	0
neutron	939.565	6.48459	80936.9	0	0
neutron	939.565	4.50763	80936.9	0	0
neutron	939.565	2.05998	80936.9	0	0
Ne20	18617.7	0.844328	80936.9	0	0
Na23	21409.2	0.243465	98890	9572.52	9571.93
Cl35	32564.6	0.115949	84349.3	3438.28	3438.12
Cl37	34424.8	0.100511	81984.1	2426.09	2425.75
neutron	939.565	4.39606	75553.2	0	0
neutron	939.565	0.477859	75553.2	0	0
S33	30704.6	0.497763	75553.2	0	0
Cl37	34424.8	0.0902642	82740.4	1223.99	1223.51
neutron	939.565	33.7412	79582.9	0	0
neutron	939.565	12.4403	79582.9	0	0
neutron	939.565	3.1575	79582.9	0	0
Ne20	18617.7	0.827218	79582.9	0	0
Na23	21409.2	0.248786	99851.7	9948.54	9948.27
Na23	21409.2	0.168119	85985.3	3979.62	3979.44
Na23	21409.2	0.34319	95095.9	7826.12	7825.7
Na23	21409.2	0.143931	85373.9	3862.94	3862.65
Cl35	32564.6	0.103631	79639.7	1646.68	1646.41
Cl35	32564.6	0.084344	75656.2	273.47	273.186
neutron	939.565	1.75574	75009.7	0	0
neutron	939.565	0.592826	75009.7	0	0
Ne21	19550.5	0.162786	75009.7	0	0
Na23	21409.2	0.369788	78289.5	618.047	617.17
Cl35	32564.6	0.119583	94470.7	7849	7848.81
Cl35	32564.6	0.124016	97316.3	8638.5	8638.12
Cl35	32564.6	0.105623	76252.8	180.828	180.585
neutron	939.565	18.3168	75851.8	0	0
neutron	939.565	13.6453	75851.8	0	0
Ne21	19550.5	2.82079	75851.8	0	0
Cl35	32564.6	0.0868311	92453.9	6721.96	6721.78
Na23	21409.2	0.137518	82190	2425.5	2425.32
Cl35	32564.6	0.233519	85804.8	3756.68	3756.41
Ne23	21414.1	0.231937	74190.3	0	0
Na23	21409.2	0.160815	97366.1	9003.71	9003.11
Cl37	34424.8	0.154336	92324.4	6591.43	6591.21
S37	34430.2	0.139733	76123.2	0	0
neutron	939.565	0.22905	78176.4	0	0
Ne22	20479.7	0.28113	78176.4	0	0
Cl35	32564.6	0.144875	77288.8	635.476	635.28
Na23	21409.2	0.333765	98699.3	9487.23	9486.62
neutron	939.565	38.4561	74987.3	0	0
neutron	939.565	1.96501	74987.3	0	0
neutron	939.565	0.645549	74987.3	0	0
alpha	3727.38	3.54401	74987.3	0	0
O16	14895.1	4.72225	74987.3	0	0
Cl37	34424.8	0.600615	98779	9367.76	9366.99
Cl35	32564.6	0.12794	93431.2	7199.41	7199.21
S35	32565.3	0.148254	76090.4	0	0
neutron	939.565	2.38553	79589.6	0	0
S34	31632.7	0.236284	79589.6	0	0
Na23	21409.2	0.119873	92100.4	6453.13	6452.96
Ne23	21414.1	0.233645	76601.7	0	0
Cl35	32564.6	0.209664	99696	9878.77	9878
S37	34430.2	0.14382	76333.5	0	0
Ne23	21414.1	0.216028	75257.2	0	0
Na23	21409.2	0.207454	81040	1586.27	1585.96
neutron	939.565	4.11497	74504.4	0	0
neutron	939.565	2.31548	74504.4	0	0
neutron	939.565	0.317132	74504.4	0	0
S32	29773.6	0.0742365	74504.4	0	0
Na23	21409.2	0.102849	79452.6	1658.3	1658.09
S37	34430.2	0.136093	75315.7	0	0
neutron	939.565	5.71952	75058.9	0	0
neutron	939.565	0.764769	75058.9	0	0
Ne21	19550.5	0.970068	75058.9	0	0
Na23	21409.2	0.179454	98855.4	9486.79	9486.52
Cl37	34424.8	0.208806	94624.5	5311.33	5310.94
neutron	939.565	0.603735	75082.3	0	0
S34	31632.7	0.0714239	75082.3	0	0
Ne23	21414.1	0.199498	75657.1	0	0
Ne23	21414.1	0.224259	78662.3	0	0
S35	32565.3	0.14667	75212.1	0	0
Na23	21409.2	0.11687	98173.3	9252.18	9251.97
Cl35	32564.6	0.19904	97399.5	8914.76	8914.19
Na23	21409.2	0.103783	87718	3175.53	3175.17
S35	32565.3	0.141916	79410.8	0	0
Cl35	32564.6	0.328064	92863.4	7199.14	7198.45
Cl35	32564.6	0.0745559	94902.1	7805.76	7805.54
Ne23	21414.1	0.230044	75766.9	0	0
neutron	939.565	2.48843	74741.2	0	0
alpha	3727.38	9.10145	74741.2	0	0
alpha	3727.38	8.69822	74741.2	0	0
C14	13040.9	1.55777	74741.2	0	0
Cl35	32564.6	0.318486	98952.6	9610.38	9609.88
Na23	21409.2	0.268139	92836.2	6527.79	6527.13
S35	32565.3	0.148498	77452.6	0	0
Na23	21409.2	0.237556	97439.3	8776.62	8776.35
Ne23	21414.1	0.228792	75723.2	0	0
proton	938.272	295.418	93590.1	7046.74	5636.11
proton	938.272	4.13806	93590.1	7046.74	5636.11
Ne21	19550.5	0.247705	93590.1	7046.74	5636.11
proton	938.272	9.11438	74309.8	0	0
neutron	939.565	6.76779	74309.8	0	0
neutron	939.565	0.947202	74309.8	0	0
P32	29775.8	1.02093	74309.8	0	0
Cl37	34424.8	0.886457	86686.2	4008.47	4007.49
Ne23	21414.1	0.199502	78297.4	0	0
neutron	939.565	1.1567	76030.3	0	0
Ne22	20479.7	0.283795	76030.3	0	0
Na23	21409.2	0.149982	96292.4	8330.89	8330.64
neutron	939.565	4.70722	76168.8	0	0
neutron	939.565	0.861888	76168.8	0	0
Ne21	19550.5	0.756756	76168.8	0	0
neutron	939.565	1.42651	74545.9	0	0
S34	31632.7	0.111643	74545.9	0	0
Cl37	34424.8	0.0658183	95401.7	8075	8074.55
Na23	21409.2	0.54582	93539	7275.62	7274.98
Na23	21409.2	0.1031	92931.6	7061.22	7060.87
Cl35	32564.6	0.195509	85654.3	3752.61	3752.02
Na23	21409.2	0.114253	76923	278.633	278.416
neutron	939.565	1.41505	76262.8	0	0
S34	31632.7	0.252153	76262.8	0	0
neutron	939.565	5.56316	80914.7	0	0
neutron	939.565	4.82441	80914.7	0	0
neutron	939.565	1.48359	80914.7	0	0
S34	31632.7	0.521265	80914.7	0	0
Cl35	32564.6	0.0822703	99956.8	9984.72	9984.52
Cl35	32564.6	0.0766769	84000.6	3405.02	3404.86
neutron	939.565	0.164026	75329.2	0	0
S34	31632.7	0.155261	75329.2	0	0
neutron	939.565	5.12701	77259.2	0	0
proton	938.272	3.88338	77259.2	0	0
neutron	939.565	1.87441	77259.2	0	0
neutron	939.565	1.83471	77259.2	0	0
P31	28844.2	0.0952298	77259.2	0	0
neutron	939.565	0.327532	76818.2	0	0
S34	31632.7	0.131936	76818.2	0	0
S35	32565.3	0.160018	75178	0	0
neutron	939.565	0.547269	76334.8	0	0
S34	31632.7	0.213552	76334.8	0	0
Na23	21409.2	1.51101	78351.8	1180.42	1178.89
Na23	21409.2	0.1235	83038.9	3304.54	3304.1
Cl35	32564.6	0.100305	98838.8	9523.57	9523.43
Na23	21409.2	0.134083	85072.8	4101.8	4101.44
S35	32565.3	0.165839	74564.7	0	0
neutron	939.565	0.589292	77156.7	0	0
S34	31632.7	0.22697	77156.7	0	0
Na23	21409.2	0.167708	87018.6	4819.59	4818.87
Cl35	32564.6	0.0773326	85538	4215.18	4215.07
Cl35	32564.6	0.0807379	79763.1	2088.61	2088.4
Cl35	32564.6	0.14359	76380.1	843.131	842.711
neutron	939.565	4.80326	74174	0	0
neutron	939.565	0.935683	74174	0	0
S33	30704.6	0.0787267	74174	0	0
neutron	939.565	22.9145	75849.9	0	0
neutron	939.565	5.13092	75849.9	0	0
neutron	939.565	1.39885	75849.9	0	0
S32	29773.6	0.251662	75849.9	0	0
Na23	21409.2	0.601111	92062.1	5294.63	5293.94
Cl35	32564.6	0.135183	79865.2	28.7344	28.574
Na23	21409.2	0.179215	82469.1	2836.8	2836.25
proton	938.272	6.18926	75579.4	0	0
neutron	939.565	1.30844	75579.4	0	0
neutron	939.565	0.970688	75579.4	0	0
P32	29775.8	0.271936	75579.4	0	0
Na23	21409.2	0.115402	75493.6	188.394	188.13
proton	938.272	21.0586	75124.7	0	0
neutron	939.565	10.985	75124.7	0	0
neutron	939.565	0.44126	75124.7	0	0
P32	29775.8	0.754478	75124.7	0	0
Na23	21409.2	0.151895	90421.7	4756.3	4756.12
neutron	939.565	6.23752	76045	0	0
neutron	939.565	1.17671	76045	0	0
Ne21	19550.5	0.517524	76045	0	0
S35	32565.3	0.152882	74748.3	0	0
proton	938.272	5.04823	75832.5	0	0
neutron	939.565	0.396698	75832.5	0	0
P33	30705.3	0.505283	75832.5	0	0
Na23	21409.2	0.470134	75755.7	364.318	363.807
proton	938.272	7.74961	74884.5	0	0
neutron	939.565	5.94898	74884.5	0	0
neutron	939.565	4.26029	74884.5	0	0
neutron	939.565	3.20365	74884.5	0	0
triton	2808.92	2.76376	74884.5	0	0
Si28	26053.2	0.188842	74884.5	0	0
Na23	21409.2	0.129069	90888.6	6103.63	6103.4
neutron	939.565	6.35346	75376.2	0	0
neutron	939.565	1.32359	75376.2	0	0
alpha	3727.38	10.6148	75376.2	0	0
Si29	26984.3	2.6181	75376.2	0	0
Na23	21409.2	0.421095	83362.7	3404.62	3404.12
Na23	21409.2	0.111978	93210.4	5692.68	5692.5
proton	938.272	31.5157	78917.9	0	0
proton	938.272	6.54366	78917.9	0	0
neutron	939.565	1.57424	78917.9	0	0
neutron	939.565	0.512696	78917.9	0	0
Si31	28846.2	0.910546	78917.9	0	0
Ne23	21414.1	0.221658	75557.1	0	0
Na23	21409.2	0.318757	83791.9	3685.88	3685.48
Na23	21409.2	0.115707	95323.1	8260.9	8260.2
Na23	21409.2	0.105655	91206.1	5886.87	5886.28
Cl37	34424.8	0.0861525	84553.6	3066.09	3065.79
neutron	939.565	0.415223	76722	0	0
S34	31632.7	0.210264	76722	0	0
neutron	939.565	2.02871	76194	0	0
S34	31632.7	0.254011	76194	0	0
Na23	21409.2	0.212432	99175.9	9657.45	9657.15
Na23	21409.2	0.101582	91646.7	6377.85	6377.69
Na23	21409.2	0.10594	78773.6	836.966	836.765
Cl35	32564.6	0.134783	99966.2	9988.46	9988.17
Na23	21409.2	0.11497	93741.2	7061.53	7061.14
Ne23	21414.1	0.209739	75600.8	0	0
Cl35	32564.6	0.0906544	79461.3	725.804	725.695
Cl35	32564.6	0.0877497	79020.4	578.493	578.259
Na23	21409.2	0.294591	88709.9	5423.81	5423.36
Cl37	34424.8	0.0721549	92608.3	7180.77	7180.61
Cl35	32564.6	0.0917624	74322.9	117.542	117.429
Na23	21409.2	0.124498	80430.9	1308.61	1308.45
Cl35	32564.6	0.0802757	92944.1	7166.29	7165.63
Cl35	32564.6	0.0853781	81413.1	2520.01	2519.8
Na23	21409.2	0.372145	98451.9	9383.51	9383.1
proton	938.272	17.1217	76712.1	0	0
neutron	939.565	1.77331	76712.1	0	0
neutron	939.565	0.263948	76712.1	0	0
F20	18625.3	1.15014	76712.1	0	0
Na23	21409.2	0.242649	89318.2	5662.37	5661.89
neutron	939.565	1.8289	74506.7	0	0
neutron	939.565	1.70529	74506.7	0	0
alpha	3727.38	17.8055	74506.7	0	0
O17	15830.5	5.43612	74506.7	0	0
neutron	939.565	28.2751	77505	0	0
neutron	939.565	17.7555	77505	0	0
neutron	939.565	2.34868	77505	0	0
S32	29773.6	1.8664	77505	0	0
Cl35	32564.6	0.0814376	92621.8	7005.48	7005.38
Cl35	32564.6	0.142213	78223.9	1106.87	1106.21
Cl35	32564.6	0.257248	97364.7	8821.06	8820.56
neutron	939.565	5.32393	75321.8	0	0
neutron	939.565	2.45173	75321.8	0	0
neutron	939.565	1.74355	75321.8	0	0
S32	29773.6	0.22313	75321.8	0	0
Cl35	32564.6	0.0883692	82886.2	2681.15	2681.05
Cl35	32564.6	0.0993263	76998.6	118.009	117.81
Cl35	32564.6	0.0682275	91520.3	5933.87	5933.76
Na23	21409.2	0.230428	89790.7	4983.94	4983.56
Ne23	21414.1	0.213144	77522.9	0	0
Na23	21409.2	0.226069	92052	6527.26	6526.51
Cl35	32564.6	0.142933	78574.2	795.21	794.865
Cl37	34424.8	0.286074	89771.3	5840.27	5839.67
Cl35	32564.6	0.115728	77414.4	544.728	544.608
neutron	939.565	3.32227	76068.1	0	0
Ne22	20479.7	0.00895834	76068.1	0	0
Na23	21409.2	0.103707	99809.7	9931.39	9931.22
Cl37	34424.8	0.113297	97480.1	8830.37	8830.1
Cl35	32564.6	0.156425	93739.3	7307.49	7307.28
Cl35	32564.6	0.0894265	88523.8	5191.84	5191.61
neutron	939.565	5.02341	75517	0	0
neutron	939.565	0.471263	75517	0	0
Ne21	19550.5	0.20957	75517	0	0
Cl35	32564.6	0.106557	90222.1	5675.27	5674.92
Ne23	21414.1	0.228663	76556.5	0	0
Cl35	32564.6	0.0696491	91676	6650.66	6650.34
Na23	21409.2	1.08159	89954.7	5947.71	5946.4
Cl35	32564.6	0.0980094	99433.3	9767.57	9767.23
Na23	21409.2	0.141481	99399.3	9755.57	9755.41
Cl35	32564.6	0.152073	99286.3	9720.22	9719.73
Na23	21409.2	0.680329	98555.7	9348.45	9347.75
neutron	939.565	0.100009	76109.4	0	0
Ne22	20479.7	0.281701	76109.4	0	0
neutron	939.565	0.590257	75499.7	0	0
S34	31632.7	0.205513	75499.7	0	0
Na23	21409.2	0.123183	82415.4	2652.81	2652.6
S35	32565.3	0.144957	75780	0	0
Cl37	34424.8	0.466662	93641.4	7267.39	7266.88
neutron	939.565	6.29892	76622.3	0	0
S34	31632.7	0.142122	76622.3	0	0
Ne23	21414.1	0.213166	77256.9	0	0
neutron	939.565	122.798	80070.8	1766.43	1551.68
neutron	939.565	39.1841	80070.8	1766.43	1551.68
proton	938.272	16.0184	80070.8	1766.43	1551.68
alpha	3727.38	3.71698	80070.8	1766.43	1551.68
O16	14895.1	1.53406	80070.8	1766.43	1551.68
Cl37	34424.8	0.136504	82948.1	2613.07	2612.7
Na23	21409.2	0.145325	82129.7	2309.68	2309.51
S35	32565.3	0.146504	75951.9	0	0
Na23	21409.2	0.378259	84255.9	3364.09	3363.67
Cl37	34424.8	0.0665777	85909.5	4266.28	4266.21
neutron	939.565	0.532978	78147.2	0	0
S34	31632.7	0.198342	78147.2	0	0
neutron	939.565	4.20584	80803.7	0	0
neutron	939.565	1.01531	80803.7	0	0
Ne21	19550.5	0.0719651	80803.7	0	0
Na23	21409.2	0.37361	83247.9	3172.09	3171.39
Cl35	32564.6	0.0890623	96616.8	8586.48	8586.3
Na23	21409.2	0.11957	95088.3	7982.11	7981.12
Cl37	34424.8	0.0947156	77073.3	160.081	159.763
neutron	939.565	1.04197	76749.5	0	0
S34	31632.7	0.104795	76749.5	0	0
proton	938.272	4.37247	75803.8	0	0
neutron	939.565	4.12438	75803.8	0	0
neutron	939.565	3.1222	75803.8	0	0
neutron	939.565	1.61429	75803.8	0	0
deuteron	1875.61	4.95618	75803.8	0	0
Si31	28846.2	0.502504	75803.8	0	0
Na23	21409.2	0.198654	79793.9	1463.73	1463.29
neutron	939.565	7.40681	75123.8	0	0
proton	938.272	5.31233	75123.8	0	0
neutron	939.565	2.10011	75123.8	0	0
P32	29775.8	0.74035	75123.8	0	0
Na23	21409.2	0.110258	82336.8	1413.41	1413.03
Cl35	32564.6	0.188737	98422.2	9381.04	9380.84
neutron	939.565	0.446524	75526.6	0	0
S34	31632.7	0.122105	75526.6	0	0
S35	32565.3	0.156791	78426	0	0
neutron	939.565	3.31474	75018.4	0	0
S34	31632.7	0.259206	75018.4	0	0
S35	32565.3	0.158305	77295	0	0
neutron	939.565	1.02638	74589	0	0
Ne22	20479.7	0.16792	74589	0	0
Na23	21409.2	0.132463	99497.8	9796.77	9796.42
neutron	939.565	12.5468	76262.4	0	0
proton	938.272	6.44928	76262.4	0	0
neutron	939.565	3.65234	76262.4	0	0
neutron	939.565	3.1338	76262.4	0	0
neutron	939.565	1.4638	76262.4	0	0
P32	29775.8	0.0740149	76262.4	0	0
Cl35	32564.6	0.264597	88046.4	4934.39	4934.1
Cl37	34424.8	0.0879814	78906.7	1417.32	1417.06
neutron	939.565	2.19455	75274.1	0	0
neutron	939.565	0.115137	75274.1	0	0
S33	30704.6	0.344532	75274.1	0	0
Cl35	32564.6	0.110734	91212.6	4440.54	4440.29
neutron	939.565	7.02106	79816.4	0	0
proton	938.272	4.1807	79816.4	0	0
proton	938.272	3.35876	79816.4	0	0
neutron	939.565	3.34817	79816.4	0	0
neutron	939.565	3.18059	79816.4	0	0
Si30	27913.2	0.246031	79816.4	0	0
neutron	939.565	26.3896	75856.6	0	0
neutron	939.565	5.96228	75856.6	0	0
neutron	939.565	1.5425	75856.6	0	0
Ne20	18617.7	2.12136	75856.6	0	0
neutron	939.565	2.99651	75847.8	0	0
alpha	3727.38	6.63406	75847.8	0	0
Si30	27913.2	2.4234	75847.8	0	0
proton	938.272	9.89712	76891.9	0	0
neutron	939.565	1.32301	76891.9	0	0
neutron	939.565	0.751228	76891.9	0	0
neutron	939.565	0.407754	76891.9	0	0
F19	17692.3	1.4012	76891.9	0	0
Na23	21409.2	0.325686	95043	7710.76	7709.57
Na23	21409.2	0.373072	79782.9	1557.72	1557.28
neutron	939.565	1.61026	75826.3	0	0
Ne22	20479.7	0.467466	75826.3	0	0
Cl35	32564.6	0.0957411	83729.1	2905.03	2904.93
neutron	939.565	23.1871	77349.4	0	0
neutron	939.565	3.81071	77349.4	0	0
proton	938.272	2.42607	77349.4	0	0
F20	18625.3	2.07936	77349.4	0	0
neutron	939.565	0.358151	77088.3	0	0
S34	31632.7	0.182683	77088.3	0	0
Cl37	34424.8	0.142911	93651.9	7420.36	7420.02
Cl37	34424.8	0.0917581	77269	70.5229	70.3996
neutron	939.565	1.33727	75150.8	0	0
S34	31632.7	0.0958855	75150.8	0	0
Cl35	32564.6	0.093281	89071.4	5498.41	5498.25
Cl35	32564.6	0.625977	80462.6	2011.8	2011.14
proton	938.272	6.95141	75070.7	0	0
neutron	939.565	3.50977	75070.7	0	0
neutron	939.565	3.11933	75070.7	0	0
neutron	939.565	1.47603	75070.7	0	0
deuteron	1875.61	3.39304	75070.7	0	0
Si29	26984.3	0.134586	75070.7	0	0
Cl35	32564.6	0.213803	77127	882.722	882.412
neutron	939.565	0.454541	74694.2	0	0
S36	33495	0.0804967	74694.2	0	0
Cl35	32564.6	0.237891	94376.8	7780.63	7779.69
Ne23	21414.1	0.210358	77457.8	0	0
Cl37	34424.8	0.088493	93774.4	7538.01	7537.9
neutron	939.565	5.60405	75673.2	0	0
neutron	939.565	4.92734	75673.2	0	0
neutron	939.565	4.91004	75673.2	0	0
neutron	939.565	3.78782	75673.2	0	0
proton	938.272	3.71908	75673.2	0	0
neutron	939.565	3.11803	75673.2	0	0
neutron	939.565	1.36216	75673.2	0	0
P30	27917	2.69742	75673.2	0	0
Cl35	32564.6	0.105485	95729.8	8033.23	8033.09
Na23	21409.2	0.189653	90882.2	5809.28	5809
Cl35	32564.6	1.11815	84200.2	1773.28	1771.85
neutron	939.565	0.658619	79437.8	0	0
Ne22	20479.7	0.336693	79437.8	0	0
neutron	939.565	2.72993	75661.3	0	0
neutron	939.565	1.36147	75661.3	0	0
neutron	939.565	0.599115	75661.3	0	0
Ne20	18617.7	0.21509	75661.3	0	0
Cl35	32564.6	0.176482	97279.4	8859.29	8859.02
neutron	939.565	0.376647	76446.9	0	0
S34	31632.7	0.0996977	76446.9	0	0
neutron	939.565	7.40335	76423.2	0	0
neutron	939.565	0.234125	76423.2	0	0
S33	30704.6	0.0721485	76423.2	0	0
Cl37	34424.8	0.131752	93595.7	6908.79	6908.64
Cl37	34424.8	0.199702	84308.6	3149.25	3148.68
Cl35	32564.6	0.0698638	78407.1	935.49	935.206
neutron	939.565	13.7383	76040.6	0	0
neutron	939.565	5.35847	76040.6	0	0
neutron	939.565	3.36486	76040.6	0	0
Ne20	18617.7	1.4663	76040.6	0	0
Na23	21409.2	0.170809	96370.9	8496.87	8496.7
neutron	939.565	20.8267	77301.7	0	0
neutron	939.565	1.92244	77301.7	0	0
neutron	939.565	0.510955	77301.7	0	0
S32	29773.6	0.401706	77301.7	0	0
neutron	939.565	0.440485	76612.6	0	0
Ne22	20479.7	0.335846	76612.6	0	0
Na23	21409.2	0.263242	79339.3	1656.58	1656.31
Na23	21409.2	0.105987	86396.9	4338.72	4338.57
Cl35	32564.6	0.0703813	81358.9	2206.91	2206.15
Cl35	32564.6	0.0741433	99754.8	9905.59	9905.44
neutron	939.565	1.6828	80033.2	0	0
Ne22	20479.7	0.49967	80033.2	0	0
Cl35	32564.6	0.0681744	92326.2	6768.79	6768.67
Na23	21409.2	0.136119	90773.5	6130.27	6130.1
Cl35	32564.6	0.0700117	79517.3	1736.7	1736.11
S35	32565.3	0.159938	74949.5	0	0
neutron	939.565	1.78764	76500.6	0	0
S36	33495	0.167814	76500.6	0	0
Cl35	32564.6	0.0954722	99834.5	9926.83	9926.73
Na23	21409.2	0.201787	83810.5	3293.05	3292.75
Cl35	32564.6	0.0746081	95923.4	8439.22	8439.06
Cl37	34424.8	0.187563	99258.6	9741.26	9740.42
neutron	939.565	0.257961	74440.9	0	0
Ne22	20479.7	0.145697	74440.9	0	0
Cl35	32564.6	0.100522	84869.9	2485.26	2484.89
neutron	939.565	4.65187	76011	0	0
neutron	939.565	2.50191	76011	0	0
neutron	939.565	0.48732	76011	0	0
Ne20	18617.7	0.715762	76011	0	0
Na23	21409.2	0.117437	80142.3	1559.75	1559.47
proton	938.272	3.50707	75859.9	0	0
neutron	939.565	2.18983	75859.9	0	0
neutron	939.565	0.167663	75859.9	0	0
P32	29775.8	0.0101996	75859.9	0	0
proton	938.272	44.8072	74482.8	0	0
neutron	939.565	5.70055	74482.8	0	0
neutron	939.565	0.28181	74482.8	0	0
P32	29775.8	3.04702	74482.8	0	0
Cl35	32564.6	0.0781612	97308	9006.55	9006.34
neutron	939.565	14.5186	73989.8	0	0
neutron	939.565	12.6254	73989.8	0	0
neutron	939.565	0.938206	73989.8	0	0
Ne20	18617.7	0.940046	73989.8	0	0
Cl35	32564.6	0.297417	97281.7	8999.21	8998.9
Cl37	34424.8	0.120565	93412.5	7447.44	7447.01
neutron	939.565	29.1451	74769.8	0	0
neutron	939.565	2.65358	74769.8	0	0
neutron	939.565	2.04919	74769.8	0	0
alpha	3727.38	4.67419	74769.8	0	0
O16	14895.1	3.41332	74769.8	0	0
Cl35	32564.6	0.0750872	97400.8	9018.67	9018.42
Cl35	32564.6	0.0896874	88643.7	5402.38	5402.27
neutron	939.565	2.93985	75168	0	0
Ne22	20479.7	0.422422	75168	0	0
neutron	939.565	33.9415	76420.9	0	0
neutron	939.565	5.10522	76420.9	0	0
alpha	3727.38	9.91027	76420.9	0	0
O17	15830.5	2.02293	76420.9	0	0
Cl35	32564.6	0.0757134	91781.9	6404.43	6404.3
Cl35	32564.6	0.906621	83581.6	3098.49	3097.57
Cl35	32564.6	0.304928	99462.7	9772.5	9772.17
Na23	21409.2	0.104858	96677.6	8640.48	8640.11
Cl35	32564.6	0.0676272	93157.4	7148.47	7147.76
Cl35	32564.6	0.122706	86662.2	4553.42	4552.52
neutron	939.565	4.08235	76155.8	0	0
neutron	939.565	4.00133	76155.8	0	0
Ne21	19550.5	0.488257	76155.8	0	0
Na23	21409.2	0.155896	76794	384.046	383.82
Cl35	32564.6	0.244311	91194	5969.79	5969.31
neutron	939.565	6.89784	76509.6	0	0
neutron	939.565	3.08159	76509.6	0	0
S33	30704.6	0.711082	76509.6	0	0
Cl35	32564.6	0.0713788	97988.3	9104.2	9104.12
Cl35	32564.6	0.113213	78904	1165.83	1165.36
neutron	939.565	1.52783	75737.4	0	0
Ne22	20479.7	0.505363	75737.4	0	0
Cl35	32564.6	0.180659	86104.3	3309.93	3309.75
Na23	21409.2	0.220242	95248	7788.02	7787.74
Cl35	32564.6	0.130249	81455.1	1776.94	1776.13
Ne23	21414.1	0.216439	79952.3	0	0
Cl37	34424.8	0.0824625	93695	7363.23	7362.99
proton	938.272	12.8317	76312.4	0	0
neutron	939.565	6.74205	76312.4	0	0
proton	938.272	4.54169	76312.4	0	0
neutron	939.565	4.40088	76312.4	0	0
neutron	939.565	3.22235	76312.4	0	0
neutron	939.565	0.659755	76312.4	0	0
Si29	26984.3	0.808196	76312.4	0	0
Cl35	32564.6	0.342779	98515.5	9394.64	9393.7
neutron	939.565	9.51232	77201.6	0	0
deuteron	1875.61	6.86374	77201.6	0	0
alpha	3727.38	5.94176	77201.6	0	0
N16	14906	4.13992	77201.6	0	0
Na23	21409.2	0.736523	77012.2	700.78	700.008
neutron	939.565	10.4609	75371.5	0	0
proton	938.272	5.81345	75371.5	0	0
neutron	939.565	4.24081	75371.5	0	0
proton	938.272	3.12819	75371.5	0	0
neutron	939.565	1.23908	75371.5	0	0
Si30	27913.2	0.550058	75371.5	0	0
neutron	939.565	1.18805	76590.9	0	0
S34	31632.7	0.177768	76590.9	0	0
proton	938.272	7.34719	74734.5	0	0
neutron	939.565	6.18306	74734.5	0	0
neutron	939.565	5.21436	74734.5	0	0
neutron	939.565	3.07505	74734.5	0	0
F19	17692.3	1.29649	74734.5	0	0
Ne23	21414.1	0.209426	78346.6	0	0
Na23	21409.2	0.103464	80236.3	1295.8	1295.34
neutron	939.565	44.6125	76762.9	0	0
neutron	939.565	3.16563	76762.9	0	0
neutron	939.565	2.77721	76762.9	0	0
S32	29773.6	1.41111	76762.9	0	0
Cl37	34424.8	0.0811381	80792.6	2227.74	2227.26
Cl35	32564.6	0.0990687	84550.2	2965.88	2965.65
Cl35	32564.6	0.182277	91330.6	5629.46	5628.17
Cl35	32564.6	0.118043	77914.7	294.455	294.261
Ne23	21414.1	0.226485	77187.5	0	0
Na23	21409.2	0.107128	97008	8811.66	8811.5
Cl35	32564.6	0.612996	90530.8	5968.16	5967.28
neutron	939.565	31.5668	76526.5	0	0
proton	938.272	23.1052	76526.5	0	0
F21	19556.7	0.782543	76526.5	0	0
Cl35	32564.6	0.148117	91578.7	6100.3	6100.15
Ne23	21414.1	0.209633	75629.5	0	0
Ne23	21414.1	0.224919	77743.9	0	0
Cl35	32564.6	0.0808693	87380.6	4881.09	4880.99
proton	938.272	5.25419	74996.4	0	0
neutron	939.565	3.42215	74996.4	0	0
alpha	3727.38	12.5572	74996.4	0	0
Al29	26988.5	1.61398	74996.4	0	0
Na23	21409.2	1.8531	96539.7	8378.82	8376.89
Na23	21409.2	0.174237	79574.7	1362.18	1361.61
Ne23	21414.1	0.222337	76042.1	0	0
Cl35	32564.6	0.0925729	87928.3	5152.63	5152.17
neutron	939.565	0.658143	74457.9	0	0
Ne22	20479.7	0.160709	74457.9	0	0
Cl37	34424.8	0.100705	95023.9	8092.93	8092.75
Cl35	32564.6	0.0857357	87020.6	4637.17	4637.08
neutron	939.565	0.069893	76509	0	0
S34	31632.7	0.157831	76509	0	0
Cl35	32564.6	0.103317	99041.8	9656.95	9656.8
Na23	21409.2	0.117313	83859.5	2978.08	2977.77
neutron	939.565	0.74636	76349.6	0	0
S34	31632.7	0.189084	76349.6	0	0
Na23	21409.2	0.263416	94041	7612.34	7611.88
Na23	21409.2	0.592065	86613	4576.51	4575.64
S35	32565.3	0.148492	75169	0	0
Na23	21409.2	0.144463	87399	4780.49	4780.27
Cl35	32564.6	0.13143	80959.2	2022.66	2022.23
Na23	21409.2	0.106795	88546	5177.92	5177.62
Ne23	21414.1	0.229591	75326	0	0
Cl35	32564.6	0.140711	87699.5	5109.75	5109.46
Cl35	32564.6	0.205974	97811.3	9068.51	9068.18
Cl37	34424.8	0.210908	97782	9141.03	9140.78
Cl37	34424.8	0.0908037	84418.8	3115.25	3114.98
Cl37	34424.8	0.131112	93624.7	5216.72	5216.44
neutron	939.565	4.1316	76620.7	0	0
neutron	939.565	2.91718	76620.7	0	0
neutron	939.565	2.30584	76620.7	0	0
alpha	3727.38	8.78049	76620.7	0	0
Si28	26053.2	1.2965	76620.7	0	0
neutron	939.565	21.7575	77323.1	0	0
neutron	939.565	3.00942	77323.1	0	0
neutron	939.565	2.14185	77323.1	0	0
Ne20	18617.7	0.884894	77323.1	0	0
Cl35	32564.6	0.0984723	93813.7	7460.42	7460.19
Na23	21409.2	0.11185	89848.7	5944.3	5944.16
Ne23	21414.1	0.215847	75961.9	0	0
neutron	939.565	6.45496	74799.7	0	0
neutron	939.565	2.05311	74799.7	0	0
Ne21	19550.5	0.477518	74799.7	0	0
Cl35	32564.6	0.0834603	77461.8	699.312	699.081
neutron	939.565	18.4452	75774.1	0	0
neutron	939.565	5.71331	75774.1	0	0
neutron	939.565	4.12317	75774.1	0	0
Ne20	18617.7	1.16462	75774.1	0	0
neutron	939.565	194.636	96709.4	8625.88	7976.37
neutron	939.565	1.38193	96709.4	8625.88	7976.37
Ne21	19550.5	0.120095	96709.4	8625.88	7976.37
neutron	939.565	5.26519	77602.8	0	0
deuteron	1875.61	6.11941	77602.8	0	0
F20	18625.3	0.152825	77602.8	0	0
Na23	21409.2	0.215708	92686.6	6430.83	6430.55
neutron	939.565	36.0255	76969.9	0	0
neutron	939.565	12.5174	76969.9	0	0
neutron	939.565	3.08688	76969.9	0	0
S32	29773.6	1.14853	76969.9	0	0
Na23	21409.2	0.103234	93026.3	6888	6887.84
proton	938.272	12.7695	76372.9	0	0
neutron	939.565	6.2711	76372.9	0	0
neutron	939.565	4.28012	76372.9	0	0
P32	29775.8	1.58894	76372.9	0	0
Cl35	32564.6	0.0797789	81228.6	2050.35	2050.23
neutron	939.565	5.91023	76046.1	0	0
neutron	939.565	0.891459	76046.1	0	0
Ne21	19550.5	0.551733	76046.1	0	0
neutron	939.565	1.6549	76021.1	0	0
S34	31632.7	0.302374	76021.1	0	0
Cl37	34424.8	0.140878	89989.5	5423.99	5423.63
Na23	21409.2	0.753659	77189.2	433.185	432.273
Na23	21409.2	0.942347	92594.7	6873.02	6872.06
neutron	939.565	5.01991	76389.9	0	0
neutron	939.565	2.67841	76389.9	0	0
neutron	939.565	0.163947	76389.9	0	0
Ne20	18617.7	0.256558	76389.9	0	0
Cl35	32564.6	0.31716	93605.5	7518.24	7517.77
Cl35	32564.6	0.0794422	77793.3	1087.54	1087.4
Na23	21409.2	0.151478	83550.8	3367.24	3366.87
Cl35	32564.6	0.0830769	99514.9	9803.45	9803.29
Na23	21409.2	0.206636	96552.7	8666.27	8666
Na23	21409.2	0.400091	89615.3	5807.25	5806.78
Cl35	32564.6	0.125854	85404.9	3622.75	3622.61
Cl37	34424.8	0.0666717	84887.9	3430.77	3430.63
neutron	939.565	1.71834	78132.6	0	0
S34	31632.7	0.0810747	78132.6	0	0
Cl35	32564.6	0.0801606	95810.8	8139.64	8139.29
Na23	21409.2	0.323506	80659	1460.91	1460.04
neutron	939.565	11.096	76730.8	0	0
neutron	939.565	6.68682	76730.8	0	0
neutron	939.565	6.39484	76730.8	0	0
alpha	3727.38	4.19698	76730.8	0	0
O16	14895.1	1.34937	76730.8	0	0
Cl35	32564.6	0.0909996	81660	2318.35	2317.94
S35	32565.3	0.150554	75784.2	0	0
Ne23	21414.1	0.234804	76936.4	0	0
S35	32565.3	0.166748	76367.1	0	0
proton	938.272	5.29687	74473	0	0
neutron	939.565	2.46722	74473	0	0
neutron	939.565	0.209684	74473	0	0
triton	2808.92	4.46116	74473	0	0
O17	15830.5	1.05617	74473	0	0
Cl35	32564.6	0.225939	92399.6	6905.39	6905.13
Cl35	32564.6	0.0792419	83372	3193.65	3193.25
neutron	939.565	0.16388	76540.4	0	0
S34	31632.7	0.181344	76540.4	0	0
Na23	21409.2	0.139484	90116.9	5207.76	5207.54
Cl35	32564.6	0.0676382	77212.7	606.514	606.1
neutron	939.565	0.794001	75590.8	0	0
S34	31632.7	0.17068	75590.8	0	0
Cl35	32564.6	0.608565	92049.8	6920.66	6920.03
Na23	21409.2	0.209267	77491.8	1140.47	1139.75
Na23	21409.2	0.126142	75506.4	340.696	340.537
neutron	939.565	0.671786	74710.4	0	0
S34	31632.7	0.133636	74710.4	0	0
Na23	21409.2	0.136645	95634	8071.75	8071.55
Cl35	32564.6	0.171629	98336	9367.05	9366.86
Cl37	34424.8	0.0866786	95228.9	7576.59	7576.38
S35	32565.3	0.159566	75980.7	0	0
Na23	21409.2	0.34576	87616.2	4969.25	4968.82
Cl35	32564.6	0.156589	83996.4	3557.32	3557.1
neutron	939.565	3.90954	74360.3	0	0
alpha	3727.38	10.625	74360.3	0	0
Si30	27913.2	1.25974	74360.3	0	0
Cl35	32564.6	0.0758096	78793.1	829.135	828.995
Na23	21409.2	0.156403	96500.3	8478.08	8477.82
neutron	939.565	119.427	96243	8383.51	8174.84
proton	938.272	8.22308	96243	8383.51	8174.84
neutron	939.565	7.02522	96243	8383.51	8174.84
proton	938.272	5.32567	96243	8383.51	8174.84
proton	938.272	2.96403	96243	8383.51	8174.84
neutron	939.565	1.05364	96243	8383.51	8174.84
neutron	939.565	0.66497	96243	8383.51	8174.84
Si30	27913.2	1.78058	96243	8383.51	8174.84
Cl35	32564.6	0.122752	87364.3	4471.12	4470.92
Ne23	21414.1	0.216731	76314.2	0	0
Na23	21409.2	0.142171	89540.6	5638.04	5637.88
neutron	939.565	1.91258	76550.5	0	0
neutron	939.565	1.57829	76550.5	0	0
neutron	939.565	1.20586	76550.5	0	0
S32	29773.6	0.187731	76550.5	0	0
Cl37	34424.8	0.287284	94568.4	7871.18	7870.6
neutron	939.565	17.646	77379.4	0	0
proton	938.272	3.11296	77379.4	0	0
neutron	939.565	1.53007	77379.4	0	0
neutron	939.565	0.958479	77379.4	0	0
P31	28844.2	0.45354	77379.4	0	0
Na23	21409.2	0.244779	86468.6	4020.56	4020.24
Ne23	21414.1	0.219335	76267.6	0	0
Cl35	32564.6	0.389257	86735.5	4070.09	4069.59
neutron	939.565	0.601878	76048.7	0	0
Ne22	20479.7	0.362857	76048.7	0	0
Cl35	32564.6	1.14904	99439.1	9774.16	9772.77
Na23	21409.2	0.123458	77783.5	978.777	978.643
neutron	939.565	31.5786	75271.9	0	0
neutron	939.565	20.1722	75271.9	0	0
neutron	939.565	1.47479	75271.9	0	0
Ne20	18617.7	0.987745	75271.9	0	0
neutron	939.565	2.98002	75930.7	0	0
S34	31632.7	0.151925	75930.7	0	0
Cl37	34424.8	0.133533	87444.5	4102.47	4102.23
Cl37	34424.8	0.0737759	78655.6	485.003	484.723
neutron	939.565	17.6109	77445.7	0	0
proton	938.272	6.82806	77445.7	0	0
proton	938.272	4.82845	77445.7	0	0
neutron	939.565	3.1293	77445.7	0	0
neutron	939.565	0.834126	77445.7	0	0
neutron	939.565	0.539904	77445.7	0	0
Si29	26984.3	1.44307	77445.7	0	0
Ne23	21414.1	0.230153	74472.8	0	0
neutron	939.565	14.9339	76600.9	0	0
neutron	939.565	4.84078	76600.9	0	0
neutron	939.565	2.41125	76600.9	0	0
alpha	3727.38	5.22978	76600.9	0	0
O16	14895.1	1.9837	76600.9	0	0
Na23	21409.2	0.203079	76924.7	919.228	918.819
Cl35	32564.6	0.198486	87492.6	4617.28	4617.08
Na23	21409.2	0.408181	82629.3	2776.87	2776.38
neutron	939.565	5.28653	75543.8	0	0
proton	938.272	3.982	75543.8	0	0
neutron	939.565	1.44697	75543.8	0	0
neutron	939.565	0.866713	75543.8	0	0
alpha	3727.38	8.42295	75543.8	0	0
Al27	25126.5	1.22938	75543.8	0	0
Cl35	32564.6	0.152488	99635.1	9874.35	9873.87
neutron	939.565	1.13862	76193.7	0	0
S34	31632.7	0.257907	76193.7	0	0
neutron	939.565	25.2634	74853	0	0
neutron	939.565	5.39246	74853	0	0
neutron	939.565	4.1244	74853	0	0
proton	938.272	2.26382	74853	0	0
F19	17692.3	1.7655	74853	0	0
Cl37	34424.8	0.17742	82453.9	2076.74	2076.54
Na23	21409.2	0.380312	78132.4	362.137	361.754
Na23	21409.2	0.35053	98911.9	9560.57	9560.14
Na23	21409.2	0.647503	95251.8	7988.08	7987.2
neutron	939.565	6.43584	75447.6	0	0
neutron	939.565	2.3673	75447.6	0	0
S33	30704.6	0.0602273	75447.6	0	0
Na23	21409.2	0.158794	84428.9	3891.57	3891.26
S35	32565.3	0.150736	77028.6	0	0
Na23	21409.2	0.187064	77809.6	707.993	707.443
neutron	939.565	14.0652	75902.9	0	0
neutron	939.565	9.92736	75902.9	0	0
neutron	939.565	2.88952	75902.9	0	0
alpha	3727.38	4.18305	75902.9	0	0
O16	14895.1	4.77069	75902.9	0	0
Cl35	32564.6	0.15292	83443	2517.57	2517.4
Ne23	21414.1	0.199393	77308.9	0	0
Cl35	32564.6	0.0684968	96543	8541.77	8541.64
neutron	939.565	6.36228	76199.4	0	0
neutron	939.565	4.04427	76199.4	0	0
neutron	939.565	3.83045	76199.4	0	0
Ne20	18617.7	0.280679	76199.4	0	0
Cl37	34424.8	0.0787436	76117.4	178.346	178.195
Na23	21409.2	0.122518	84256.9	3677.97	3677.75
Na23	21409.2	0.137587	83997.2	3585.55	3585.23
neutron	939.565	0.332005	74385.5	0	0
S34	31632.7	0.130696	74385.5	0	0
Na23	21409.2	0.196093	89874.9	5827.35	5827.07
Cl35	32564.6	0.12386	81173.7	2006.12	2005.81
neutron	939.565	10.9136	75928.2	0	0
neutron	939.565	6.11512	75928.2	0	0
neutron	939.565	1.93843	75928.2	0	0
alpha	3727.38	14.0975	75928.2	0	0
O16	14895.1	3.96752	75928.2	0	0
Ne23	21414.1	0.224001	75803	0	0
Cl35	32564.6	0.136419	95754.7	8337.06	8336.87
neutron	939.565	0.455744	75964.3	0	0
S34	31632.7	0.0894713	75964.3	0	0
Cl35	32564.6	0.21581	97575.6	9054.38	9054.09
neutron	939.565	3.82447	76433.8	0	0
S34	31632.7	0.4179	76433.8	0	0
S37	34430.2	0.142093	77314.3	0	0
Ne23	21414.1	0.217035	74958.6	0	0
Na23	21409.2	0.211458	86567.8	2444.83	2444.49
neutron	939.565	33.8672	76926.3	0	0
proton	938.272	5.76745	76926.3	0	0
proton	938.272	5.17592	76926.3	0	0
neutron	939.565	1.36405	76926.3	0	0
neutron	939.565	0.718899	76926.3	0	0
O18	16762	4.5113	76926.3	0	0
Na23	21409.2	0.212565	99655.8	9843.58	9843.01
Na23	21409.2	0.177917	84453.2	3207.83	3207.49
Na23	21409.2	0.105309	80848.7	1699.04	1698.89
neutron	939.565	0.272073	76381.6	0	0
S34	31632.7	0.163002	76381.6	0	0
neutron	939.565	0.552247	76103.9	0	0
Ne22	20479.7	0.152937	76103.9	0	0
Cl37	34424.8	0.0716244	88256.3	5159.16	5158.67
Cl37	34424.8	0.101215	89008.7	4796.87	4796.63
Na23	21409.2	0.549529	88358.3	4533.15	4532.54
Cl35	32564.6	0.0704969	90056.2	5822.38	5822.3
neutron	939.565	2.74474	75506.6	0	0
Ne22	20479.7	0.366451	75506.6	0	0
Na23	21409.2	0.131462	95582.6	8056.3	8056.1
neutron	939.565	5.28811	76008	0	0
proton	938.272	4.9995	76008	0	0
neutron	939.565	4.02113	76008	0	0
neutron	939.565	3.49074	76008	0	0
triton	2808.92	2.17398	76008	0	0
O16	14895.1	2.60255	76008	0	0
Cl35	32564.6	0.0793912	91057.5	6293.99	6293.72
neutron	939.565	3.29174	75382.3	0	0
S34	31632.7	0.23118	75382.3	0	0
neutron	939.565	0.591509	78356.2	0	0
Ne22	20479.7	0.295749	78356.2	0	0
Cl35	32564.6	0.179512	88151.3	4854.73	4854.52
Cl37	34424.8	0.0796485	98412	9399.51	9399.38
S37	34430.2	0.13786	76233	0	0
Na23	21409.2	0.179493	97575.4	9035.23	9034.9
neutron	939.565	0.245805	76280.7	0	0
S34	31632.7	0.186918	76280.7	0	0
Na23	21409.2	0.123294	96736.5	8511.06	8510.89
neutron	939.565	20.5801	75320.6	0	0
neutron	939.565	3.22645	75320.6	0	0
Ne21	19550.5	0.445497	75320.6	0	0
Na23	21409.2	0.110067	91332.8	6293.13	6292.78
Cl35	32564.6	0.744607	90436.8	5926.75	5925.93
proton	938.272	28.2069	75029.2	0	0
neutron	939.565	13.393	75029.2	0	0
proton	938.272	8.30011	75029.2	0	0
neutron	939.565	1.96824	75029.2	0	0
Si31	28846.2	1.92024	75029.2	0	0
Cl35	32564.6	0.0822632	86669.6	4653.35	4653.03
neutron	939.565	6.13555	74993.1	0	0
proton	938.272	5.42435	74993.1	0	0
neutron	939.565	4.69595	74993.1	0	0
proton	938.272	4.60872	74993.1	0	0
neutron	939.565	2.82736	74993.1	0	0
Si30	27913.2	0.0322567	74993.1	0	0
Cl37	34424.8	0.087614	99526.9	9801.19	9800.7
S35	32565.3	0.140713	76545.1	0	0
Na23	21409.2	0.469972	99509	9800.33	9799.71
Cl35	32564.6	0.174381	96259.5	8409.85	8409.56
neutron	939.565	3.71462	79605.6	0	0
proton	938.272	2.36804	79605.6	0	0
neutron	939.565	1.97193	79605.6	0	0
neutron	939.565	1.62165	79605.6	0	0
P31	28844.2	0.514223	79605.6	0	0
neutron	939.565	0.201891	74575.7	0	0
S34	31632.7	0.122117	74575.7	0	0
neutron	939.565	0.107876	76031.9	0	0
S36	33495	0.137097	76031.9	0	0
Cl37	34424.8	0.0837882	90915.2	6359.46	6359.21
neutron	939.565	0.657805	75806.7	0	0
S34	31632.7	0.164941	75806.7	0	0
Ne23	21414.1	0.221502	75746	0	0
proton	938.272	4.0427	77269.4	0	0
neutron	939.565	0.386675	77269.4	0	0
P33	30705.3	0.0399563	77269.4	0	0
Cl35	32564.6	0.231471	85025.8	3104.76	3104.07
Cl35	32564.6	0.104715	77095.2	92.1373	91.9703
neutron	939.565	0.990946	76951.1	0	0
Ne22	20479.7	0.130696	76951.1	0	0
Cl35	32564.6	0.124526	94308.9	6907	6906.17
Na23	21409.2	0.132539	88398.2	5173.72	5173.52
Cl35	32564.6	0.242854	80021.3	2075.41	2075.03
Cl35	32564.6	0.125604	96255.5	8550.58	8549.97
Cl35	32564.6	0.115176	79065.4	1162.08	1161.86
Ne23	21414.1	0.214354	75958.4	0	0
neutron	939.565	153.111	88249.5	4929.99	4566.05
neutron	939.565	31.3316	88249.5	4929.99	4566.05
proton	938.272	26.8811	88249.5	4929.99	4566.05
proton	938.272	20.8724	88249.5	4929.99	4566.05
proton	938.272	14.309	88249.5	4929.99	4566.05
neutron	939.565	9.4761	88249.5	4929.99	4566.05
proton	938.272	6.05051	88249.5	4929.99	4566.05
neutron	939.565	5.8633	88249.5	4929.99	4566.05
neutron	939.565	1.17444	88249.5	4929.99	4566.05
neutron	939.565	0.326571	88249.5	4929.99	4566.05
Al27	25126.5	1.68475	88249.5	4929.99	4566.05
neutron	939.565	9.91525	76956.8	0	0
neutron	939.565	7.64288	76956.8	0	0
neutron	939.565	1.75575	76956.8	0	0
S34	31632.7	0.320331	76956.8	0	0
Ne23	21414.1	0.233615	79071.3	0	0
neutron	939.565	1.34397	77999.5	0	0
S34	31632.7	0.179282	77999.5	0	0
Ne23	21414.1	0.212046	75229.6	0	0
neutron	939.565	8.622	75437.2	0	0
neutron	939.565	2.22577	75437.2	0	0
S33	30704.6	0.126266	75437.2	0	0
neutron	939.565	11.8408	76288.1	0	0
proton	938.272	4.37225	76288.1	0	0
neutron	939.565	3.04172	76288.1	0	0
deuteron	1875.61	4.22635	76288.1	0	0
Si30	27913.2	0.0794272	76288.1	0	0
neutron	939.565	19.6517	77182.3	0	0
neutron	939.565	3.32517	77182.3	0	0
neutron	939.565	2.0883	77182.3	0	0
Ne20	18617.7	1.69694	77182.3	0	0
Na23	21409.2	0.130393	91891.9	5213.75	5213.42
neutron	939.565	14.0284	78320.6	0	0
neutron	939.565	8.57204	78320.6	0	0
neutron	939.565	2.73667	78320.6	0	0
neutron	939.565	1.00263	78320.6	0	0
Ne19	17695	0.830685	78320.6	0	0
Cl35	32564.6	0.0914828	77981.2	1124.73	1124.47
Ne23	21414.1	0.229244	75147	0	0
S35	32565.3	0.152661	74786.8	0	0
Cl35	32564.6	0.112189	95449.1	7804.37	7803.89
neutron	939.565	2.62775	75412.4	0	0
Ne22	20479.7	0.167585	75412.4	0	0
Na23	21409.2	0.228596	96669.8	8744.92	8744.39
Cl37	34424.8	0.229307	95829.8	8411.03	8410.76
Cl37	34424.8	0.710795	94705	7965.43	7964.71
Cl35	32564.6	0.0856798	89265.9	5657.17	5657.07
neutron	939.565	0.539228	74718	0	0
S34	31632.7	0.0507006	74718	0	0
neutron	939.565	1.91321	74759	0	0
S34	31632.7	0.0253476	74759	0	0
Na23	21409.2	0.214206	91971.8	6583.57	6583.21
Cl35	32564.6	0.0700778	94497.2	7706.21	7705.96
Na23	21409.2	0.72615	83698	3315.79	3314.98
Cl35	32564.6	0.325479	79115.1	1495.66	1495.16
Cl35	32564.6	0.116615	78414	410.107	409.895
proton	938.272	7.85842	77434.9	0	0
neutron	939.565	1.29743	77434.9	0	0
P33	30705.3	0.697739	77434.9	0	0
Cl35	32564.6	0.156934	97727.4	9091.37	9091.14
neutron	939.565	28.3894	75058	0	0
neutron	939.565	5.7882	75058	0	0
neutron	939.565	3.74027	75058	0	0
alpha	3727.38	6.6653	75058	0	0
O16	14895.1	0.654552	75058	0	0
Na23	21409.2	0.503324	93217.3	7272.85	7271.94
Cl35	32564.6	0.0682688	87134	4733.75	4733.64
neutron	939.565	0.941092	75220.6	0	0
S34	31632.7	0.2549	75220.6	0	0
Cl35	32564.6	0.0764934	81988.6	987.938	987.821
neutron	939.565	0.197434	79511.4	0	0
Ne22	20479.7	0.207593	79511.4	0	0
neutron	939.565	47.7782	75877.7	0	0
neutron	939.565	5.73915	75877.7	0	0
neutron	939.565	2.55982	75877.7	0	0
Ne20	18617.7	0.94578	75877.7	0	0
neutron	939.565	1.61367	75527.7	0	0
neutron	939.565	0.43284	75527.7	0	0
Ne21	19550.5	0.210693	75527.7	0	0
Na23	21409.2	0.127449	93846.5	7294.78	7294.61
Cl35	32564.6	0.151077	89942	5340.42	5339.92
Na23	21409.2	0.120329	82465.6	2188.39	2188.11
neutron	939.565	0.111293	76787	0	0
S36	33495	0.10111	76787	0	0
Cl35	32564.6	0.0755781	86981.6	4450.17	4449.91
Cl35	32564.6	0.0906822	81716.6	2329.93	2329.59
neutron	939.565	9.63204	75633.8	0	0
neutron	939.565	3.0084	75633.8	0	0
neutron	939.565	2.96577	75633.8	0	0
S34	31632.7	0.864188	75633.8	0	0
neutron	939.565	4.56844	77064.8	0	0
neutron	939.565	3.18135	77064.8	0	0
neutron	939.565	1.71689	77064.8	0	0
Ne20	18617.7	0.437558	77064.8	0	0
neutron	939.565	0.507327	75539.3	0	0
S34	31632.7	0.0992714	75539.3	0	0
Ne23	21414.1	0.228265	75802.6	0	0
Na23	21409.2	0.105969	90017.9	5785.7	5785.49
Na23	21409.2	0.143631	82632.9	2886.23	2885.16
neutron	939.565	6.80355	75110.4	0	0
neutron	939.565	3.81037	75110.4	0	0
neutron	939.565	0.138341	75110.4	0	0
S34	31632.7	0.229933	75110.4	0	0
neutron	939.565	14.033	75554	0	0
neutron	939.565	6.70056	75554	0	0
neutron	939.565	1.67583	75554	0	0
alpha	3727.38	5.75598	75554	0	0
O16	14895.1	1.502	75554	0	0
neutron	939.565	6.32346	74493.1	0	0
neutron	939.565	5.28261	74493.1	0	0
neutron	939.565	3.0801	74493.1	0	0
alpha	3727.38	8.58167	74493.1	0	0
O16	14895.1	3.23543	74493.1	0	0
Cl35	32564.6	0.280205	97887.1	8924.14	8923.59
Na23	21409.2	0.109852	95768.1	7212.39	7211.91
Na23	21409.2	0.406315	91043	5401.99	5400.82
Na23	21409.2	0.746615	88033.3	4237.98	4237.15
neutron	939.565	1.20867	74783.5	0	0
Ne22	20479.7	0.437491	74783.5	0	0
neutron	939.565	0.409015	74778.3	0	0
Ne22	20479.7	0.274648	74778.3	0	0
Na23	21409.2	0.187026	93916.9	7221.2	7220.88
neutron	939.565	1.58388	74899.7	0	0
neutron	939.565	1.41714	74899.7	0	0
neutron	939.565	0.670849	74899.7	0	0
S34	31632.7	0.160806	74899.7	0	0
Cl35	32564.6	0.096563	84184.9	1929.29	1929.11
Cl37	34424.8	0.649618	80820.7	708.024	707.246
Na23	21409.2	0.13759	89852.3	6109.22	6108.97
neutron	939.565	13.9577	75026.1	0	0
proton	938.272	6.92993	75026.1	0	0
P35	32569.8	0.0250968	75026.1	0	0
Cl37	34424.8	0.0713771	92166.5	6721.04	6720.94
S35	32565.3	0.164763	76746.5	0	0
Na23	21409.2	0.183434	96598	8543.24	8542.86
S35	32565.3	0.159317	75436	0	0
Na23	21409.2	0.117142	97731.6	9145.01	9144.88
Ne23	21414.1	0.23477	83209.8	0	0
Cl35	32564.6	0.110989	92601.1	6764.82	6764.66
Cl35	32564.6	0.0669806	91411.4	6015.69	6015.58
S35	32565.3	0.165367	76675.1	0	0
Na23	21409.2	0.10339	76450.2	562.711	562.601
neutron	939.565	5.23318	75719.1	0	0
neutron	939.565	1.05591	75719.1	0	0
alpha	3727.38	6.31743	75719.1	0	0
O17	15830.5	1.09763	75719.1	0	0
Cl35	32564.6	0.103636	95180.6	7672.33	7672.15
Na23	21409.2	0.176317	91625.7	6036.61	6035.84
Cl35	32564.6	0.140925	86949.4	4226.32	4225.56
neutron	939.565	0.313287	77251	0	0
Ne22	20479.7	0.30498	77251	0	0
Cl37	34424.8	0.091596	99736.3	9910.95	9910.59
Cl37	34424.8	0.0933612	91579.9	6316.57	6316.4
Cl35	32564.6	0.0941917	99179.1	9708.24	9708.04
neutron	939.565	0.100941	81270.2	0	0
S34	31632.7	0.155545	81270.2	0	0
neutron	939.565	35.8059	75747.7	0	0
neutron	939.565	3.9497	75747.7	0	0
proton	938.272	2.88202	75747.7	0	0
P32	29775.8	2.36578	75747.7	0	0
Na23	21409.2	0.370992	79039.3	1334.06	1333.65
neutron	939.565	11.7952	78822.2	0	0
neutron	939.565	5.35984	78822.2	0	0
neutron	939.565	5.09365	78822.2	0	0
alpha	3727.38	4.53191	78822.2	0	0
O16	14895.1	3.52256	78822.2	0	0
Cl35	32564.6	0.476572	99720.3	9802.98	9802.44
Ne23	21414.1	0.227195	74970.5	0	0
Na23	21409.2	0.136882	87674.5	4470.87	4470.62
Na23	21409.2	0.737156	79295.3	1144.92	1144.04
neutron	939.565	0.221015	76435.1	0	0
Ne22	20479.7	0.242923	76435.1	0	0
Na23	21409.2	0.136066	90957.6	5937.31	5937.13
Ne23	21414.1	0.21433	76456.5	0	0
S37	34430.2	0.139177	76874.4	0	0
Ne23	21414.1	0.218136	75437.6	0	0
Na23	21409.2	0.112693	89922.8	4942.18	4941.59
Cl35	32564.6	0.0869673	83518.8	2541.18	2541.03
neutron	939.565	1.05166	77094.6	0	0
Ne22	20479.7	0.246514	77094.6	0	0
Na23	21409.2	0.161947	87887.8	5067.97	5067.73
S35	32565.3	0.158214	74980.6	0	0
neutron	939.565	0.954753	76527.3	0	0
Ne22	20479.7	0.45031	76527.3	0	0
Cl35	32564.6	0.442717	85156.9	3325.19	3324.53
neutron	939.565	7.82178	75642.7	0	0
neutron	939.565	5.70735	75642.7	0	0
neutron	939.565	0.462092	75642.7	0	0
alpha	3727.38	10.7919	75642.7	0	0
Si28	26053.2	1.5926	75642.7	0	0
neutron	939.565	1.11359	75568.9	0	0
neutron	939.565	0.115461	75568.9	0	0
alpha	3727.38	11.8932	75568.9	0	0
Si29	26984.3	2.08866	75568.9	0	0
Na23	21409.2	0.107075	90274.7	5175.89	5175.49
Cl35	32564.6	0.167362	83464.8	2479.91	2479.72
neutron	939.565	7.7102	76830.2	0	0
neutron	939.565	3.35492	76830.2	0	0
deuteron	1875.61	2.3817	76830.2	0	0
triton	2808.92	7.82803	76830.2	0	0
O16	14895.1	0.902033	76830.2	0	0
Cl35	32564.6	0.0829617	94058.8	6725.02	6724.76
neutron	939.565	0.862571	76789.6	0	0
S34	31632.7	0.126383	76789.6	0	0
Cl35	32564.6	0.078375	88438.5	5325.82	5325.12
neutron	939.565	1.67993	74758.4	0	0
S34	31632.7	0.0989369	74758.4	0	0
Cl35	32564.6	0.107352	79404.9	1466.26	1465.91
neutron	939.565	0.200068	75330.1	0	0
Ne22	20479.7	0.159033	75330.1	0	0
Cl37	34424.8	0.231823	95868	6972.27	6971.87
Cl35	32564.6	0.10863	94142.1	7513.47	7513.29
Cl37	34424.8	0.0991786	84122.6	3342.78	3342.6
neutron	939.565	3.4496	75332.7	0	0
S34	31632.7	0.0471023	75332.7	0	0
Na23	21409.2	2.57031	90685.8	6118.96	6116.29
Na23	21409.2	0.112709	82138.1	2650.6	2650.42
neutron	939.565	9.79968	75022.4	0	0
neutron	939.565	6.75123	75022.4	0	0
neutron	939.565	0.874356	75022.4	0	0
alpha	3727.38	5.85652	75022.4	0	0
O16	14895.1	0.609798	75022.4	0	0
Cl35	32564.6	0.0715787	91872.9	4976.11	4975.54
Cl35	32564.6	0.806804	98829.1	9526.36	9525.48
Cl35	32564.6	0.11661	98279.3	9327.34	9327.1
Na23	21409.2	0.14004	79767.2	1793.66	1793.13
Na23	21409.2	0.774716	94171.4	7543.32	7542.25
Cl35	32564.6	0.11244	76464.2	195.067	194.823
Na23	21409.2	0.102362	88791.3	5489.65	5489.41
Ne23	21414.1	0.230044	75716.1	0	0
neutron	939.565	1.52477	79027.1	0	0
S34	31632.7	0.302143	79027.1	0	0
Cl35	32564.6	0.112362	96335.6	8315.66	8315.3
Na23	21409.2	0.200096	88722.9	5324.96	5324.47
Ne23	21414.1	0.233456	75006.5	0	0
Na23	21409.2	0.159799	95352.8	8272.02	8271.77
Na23	21409.2	0.130265	92422.6	6974.22	6974.01
Cl35	32564.6	0.0667199	98787.9	9459.21	9458.78
Cl35	32564.6	0.431969	89320.9	5333.71	5333.25
Cl37	34424.8	0.0764871	83464.8	2914.16	2913.94
proton	938.272	13.8608	76252.9	0	0
neutron	939.565	2.09218	76252.9	0	0
F21	19556.7	0.368909	76252.9	0	0
neutron	939.565	0.173475	76327.3	0	0
S34	31632.7	0.182103	76327.3	0	0
Cl37	34424.8	0.817041	91478.8	6272.52	6271.5
S35	32565.3	0.140013	75200.2	0	0
neutron	939.565	4.11337	76664.1	0	0
neutron	939.565	2.66898	76664.1	0	0
neutron	939.565	1.80559	76664.1	0	0
Ne20	18617.7	0.303087	76664.1	0	0
Na23	21409.2	0.216686	86289.8	3777.77	3777.51
Na23	21409.2	0.110546	89749.4	4483.21	4482.79
Ne23	21414.1	0.216123	78619.2	0	0
neutron	939.565	1.36016	77057.3	0	0
S34	31632.7	0.187967	77057.3	0	0
Ne23	21414.1	0.230269	75434.2	0	0
neutron	939.565	40.4357	75541.7	0	0
proton	938.272	3.83838	75541.7	0	0
proton	938.272	2.6582	75541.7	0	0
neutron	939.565	0.65746	75541.7	0	0
Si31	28846.2	1.28984	75541.7	0	0
Cl35	32564.6	0.0735781	93041.5	7098.04	7097.28
Na23	21409.2	0.284966	81560.4	1909.12	1908.59
neutron	939.565	32.85	76385.9	0	0
neutron	939.565	1.55455	76385.9	0	0
neutron	939.565	0.700484	76385.9	0	0
deuteron	1875.61	7.36777	76385.9	0	0
F18	16763.2	2.07268	76385.9	0	0
Na23	21409.2	0.163619	82604.3	2816.62	2816.35
Ne23	21414.1	0.209931	79397.9	0	0
neutron	939.565	4.17981	75350	0	0
neutron	939.565	0.177278	75350	0	0
Ne21	19550.5	0.481681	75350	0	0
Cl35	32564.6	0.09227	99288.8	9701.5	9701.22
Cl35	32564.6	0.0960504	97455.3	8999.21	8999.02
Na23	21409.2	0.141042	99634.8	9872.03	9871.85
Cl35	32564.6	0.0733201	78696	1282.48	1281.92
neutron	939.565	0.0601882	75435	0	0
Ne22	20479.7	0.256674	75435	0	0
Cl35	32564.6	0.0743305	81248.8	1952.39	1952.27
Cl37	34424.8	0.128584	81267.3	1820.37	1820.09
neutron	939.565	24.6319	76512.1	0	0
neutron	939.565	6.25187	76512.1	0	0
proton	938.272	3.94442	76512.1	0	0
neutron	939.565	1.00545	76512.1	0	0
alpha	3727.38	6.25473	76512.1	0	0
N15	13968.9	0.101073	76512.1	0	0
Ne23	21414.1	0.213183	75482.3	0	0
Ne23	21414.1	0.207764	75660.6	0	0
Cl35	32564.6	0.105361	81000.7	1714.45	1714
Cl35	32564.6	0.302938	80286.1	2185.05	2184.35
neutron	939.565	40.0742	75076.6	0	0
neutron	939.565	12.433	75076.6	0	0
neutron	939.565	5.20453	75076.6	0	0
proton	938.272	2.07854	75076.6	0	0
P31	28844.2	1.03449	75076.6	0	0
Cl35	32564.6	0.15157	86634.8	3428.36	3428.12
Na23	21409.2	0.351599	91986.5	6587.02	6586.47
Ne23	21414.1	0.228258	75418.6	0	0
Cl35	32564.6	0.10028	85737.9	4200.7	4200.52
Cl35	32564.6	0.242042	76904.8	728.492	728.21
Cl35	32564.6	0.140479	75146.8	80.8424	80.5703
proton	938.272	2.92457	75034.5	0	0
neutron	939.565	2.904	75034.5	0	0
neutron	939.565	1.42828	75034.5	0	0
deuteron	1875.61	15.0323	75034.5	0	0
O18	16762	0.754477	75034.5	0	0
S35	32565.3	0.163177	77162.3	0	0
neutron	939.565	14.7256	77778.3	0	0
neutron	939.565	7.62717	77778.3	0	0
neutron	939.565	3.94164	77778.3	0	0
Ne20	18617.7	0.732497	77778.3	0	0
Cl35	32564.6	0.231845	92524.1	6947.41	6947.11
neutron	939.565	17.4663	74999.5	0	0
proton	938.272	6.43984	74999.5	0	0
neutron	939.565	0.806041	74999.5	0	0
P32	29775.8	0.998073	74999.5	0	0
Na23	21409.2	0.117151	84573.1	2834.55	2833.52
Na23	21409.2	0.987705	83523.5	1950.98	1949.97
neutron	939.565	8.84434	78280.3	0	0
neutron	939.565	5.43	78280.3	0	0
neutron	939.565	1.58694	78280.3	0	0
Ne20	18617.7	0.850366	78280.3	0	0
Ne23	21414.1	0.200095	77717.7	0	0
Cl37	34424.8	0.298308	78629.6	1219.48	1218.46
neutron	939.565	1.32225	75380.6	0	0
Ne22	20479.7	0.496308	75380.6	0	0
Cl35	32564.6	0.117756	99026.3	9652.1	9651.6
Cl35	32564.6	0.100345	96806.6	8752.24	8751.81
Cl35	32564.6	0.111955	85705.7	4505.4	4505.12
S37	34430.2	0.126627	74306.5	0	0
Cl35	32564.6	0.0746095	94911.1	8141.16	8140.92
Cl35	32564.6	0.103088	82395	2981.69	2981.27
neutron	939.565	0.550203	74356.4	0	0
S34	31632.7	0.0744326	74356.4	0	0
S35	32565.3	0.165947	75526.2	0	0
Cl35	32564.6	0.0903933	88005.3	4997.81	4997.67
Cl37	34424.8	0.0632445	83517.1	3132.59	3132.4
Cl37	34424.8	0.0905641	83677.2	2883.01	2882.88
neutron	939.565	19.1594	75869.6	0	0
neutron	939.565	2.66938	75869.6	0	0
S33	30704.6	0.482824	75869.6	0	0
proton	938.272	2.54213	74029.2	0	0
neutron	939.565	0.912354	74029.2	0	0
neutron	939.565	0.428427	74029.2	0	0
F20	18625.3	0.0250973	74029.2	0	0
Na23	21409.2	0.858453	98221.7	9254.66	9253.49
Na23	21409.2	0.103528	90640.9	5978.57	5978.39
Cl35	32564.6	0.0781124	86263.2	3465.32	3465.23
Na23	21409.2	0.125621	83549.9	2153.38	2152.54
Na23	21409.2	0.159241	81277.6	1349.8	1349.48
Ne23	21414.1	0.232222	77546.9	0	0
neutron	939.565	344.892	83507.7	1328.34	800.095
proton	938.272	36.0196	83507.7	1328.34	800.095
proton	938.272	8.95425	83507.7	1328.34	800.095
proton	938.272	8.78165	83507.7	1328.34	800.095
neutron	939.565	7.53387	83507.7	1328.34	800.095
neutron	939.565	0.884085	83507.7	1328.34	800.095
deuteron	1875.61	23.7118	83507.7	1328.34	800.095
deuteron	1875.61	5.35954	83507.7	1328.34	800.095
Mg25	23268	0.343301	83507.7	1328.34	800.095
Na23	21409.2	0.166732	94613	7837.13	7836.65
Na23	21409.2	0.409261	74755.4	66.5739	66.058
Cl37	34424.8	0.068852	90584.2	5843.71	5843.63
neutron	939.565	8.3697	79716.9	0	0
neutron	939.565	0.174934	79716.9	0	0
deuteron	1875.61	10.3194	79716.9	0	0
F19	17692.3	1.87924	79716.9	0	0
Na23	21409.2	0.113463	87646.6	4092.41	4091.94
S35	32565.3	0.154968	78884.5	0	0
Na23	21409.2	0.246718	98850.8	9561.7	9561.4
Na23	21409.2	0.309362	78463.9	1124.17	1123.75
neutron	939.565	0.291981	75544.7	0	0
S36	33495	0.0911719	75544.7	0	0
Na23	21409.2	0.200659	96982.8	8173.13	8172.84
Na23	21409.2	0.328032	83232.4	3056.59	3056.21
Ne23	21414.1	0.231816	75546.9	0	0
Cl37	34424.8	0.0718039	99942.4	9982.43	9981.65
neutron	939.565	1.46967	77264.6	0	0
Ne22	20479.7	0.0923306	77264.6	0	0
Na23	21409.2	0.180426	87292.9	4574.47	4574.21
Cl35	32564.6	0.122284	83679.7	2955.79	2955.57
Cl35	32564.6	0.0858367	99973.8	9991.66	9991.4
Cl35	32564.6	0.210629	97719.8	8853.56	8853.21
Cl35	32564.6	0.0989624	87845.1	4922.78	4922.58
Cl35	32564.6	0.0719842	83298.5	3065.68	3065.03
neutron	939.565	8.46798	76068.3	0	0
neutron	939.565	7.74013	76068.3	0	0
Ne21	19550.5	0.456777	76068.3	0	0
neutron	939.565	45.4823	76038.7	0	0
neutron	939.565	4.52818	76038.7	0	0
neutron	939.565	1.04514	76038.7	0	0
S34	31632.7	0.715987	76038.7	0	0
neutron	939.565	1.29181	76710.7	0	0
S34	31632.7	0.25764	76710.7	0	0
Cl35	32564.6	0.0907646	87722.2	4914.47	4914.27
neutron	939.565	0.461775	75065.8	0	0
S34	31632.7	0.196542	75065.8	0	0
Cl35	32564.6	0.172212	98758.9	9473.74	9473.44
Na23	21409.2	0.262549	89916.4	5552.59	5552.26
Cl35	32564.6	0.0736713	98398	9387.82	9387.66
Na23	21409.2	0.101714	93166.5	7147.49	7147.3
Ne23	21414.1	0.226565	75555.2	0	0
Na23	21409.2	0.239703	82114	1104.01	1103.47
Cl35	32564.6	0.106302	89751.2	5939.56	5938.72
S35	32565.3	0.162582	75235.4	0	0
neutron	939.565	0.760095	74987.9	0	0
S34	31632.7	0.145792	74987.9	0	0
Cl35	32564.6	0.0690519	96772.1	8670.96	8670.83
neutron	939.565	0.195673	77209.8	0	0
S34	31632.7	0.139593	77209.8	0	0
Cl35	32564.6	0.288512	92636.7	7178.66	7178.3
Cl35	32564.6	0.716576	98487.7	9447.65	9446.71
neutron	939.565	0.431053	74915.4	0	0
S34	31632.7	0.169897	74915.4	0	0
Na23	21409.2	0.22455	84732.4	2612.62	2612.29
Cl37	34424.8	0.136011	83815.4	2248.81	2248.66
Na23	21409.2	0.16888	96332.9	8449.04	8448.8
Na23	21409.2	0.149143	83382.8	3363.39	3362.91
Ne23	21414.1	0.220851	74981	0	0
S37	34430.2	0.141448	75664.4	0	0
Ne23	21414.1	0.216785	75009.8	0	0
neutron	939.565	9.52606	76320.8	0	0
neutron	939.565	6.99922	76320.8	0	0
neutron	939.565	4.60449	76320.8	0	0
alpha	3727.38	6.63702	76320.8	0	0
O16	14895.1	0.435471	76320.8	0	0
Cl37	34424.8	0.105152	99400.5	9766.32	9766.2
Cl35	32564.6	0.171319	95426	8134.96	8134.66
Na23	21409.2	0.237134	98436.7	9254.3	9253.97
Na23	21409.2	0.132312	95502.5	8261.35	8260.91
Na23	21409.2	0.155339	94237.3	7757.78	7757.61
neutron	939.565	0.341797	75906.3	0	0
S36	33495	0.202511	75906.3	0	0
Na23	21409.2	0.239629	93781.2	7500.65	7500.4
Cl35	32564.6	0.345369	94998.3	7614.2	7613.71
Na23	21409.2	0.103948	85934.8	3733.7	3733.54
Cl35	32564.6	0.101368	81962.8	1803.96	1803.82
S35	32565.3	0.157535	76956.2	0	0
Cl35	32564.6	0.0747256	98212	9279.93	9279.84
Cl35	32564.6	0.178492	89409	5496	5495.79
neutron	939.565	2.98973	77033.6	0	0
neutron	939.565	0.393188	77033.6	0	0
S33	30704.6	0.0807458	77033.6	0	0
Cl35	32564.6	0.0807163	80851.9	1246.45	1246.33
S35	32565.3	0.161798	77423.2	0	0
Na23	21409.2	0.144779	93471.6	5831.2	5830.93
neutron	939.565	18.6954	78974.6	0	0
neutron	939.565	2.22077	78974.6	0	0
neutron	939.565	1.41754	78974.6	0	0
alpha	3727.38	6.30836	78974.6	0	0
Si28	26053.2	1.9578	78974.6	0	0
Na23	21409.2	0.167941	80194.3	1420.32	1419.82
Na23	21409.2	0.326876	78884.5	962.927	962.459
Cl35	32564.6	0.101705	77666.6	504.104	503.552
S35	32565.3	0.137939	76461.3	0	0
Na23	21409.2	0.494166	88288.5	3973.64	3973.14
Ne23	21414.1	0.228138	78183.1	0	0
neutron	939.565	0.730009	76091.5	0	0
S36	33495	0.13976	76091.5	0	0
Na23	21409.2	0.218403	90988.1	5708.18	5707.96
S35	32565.3	0.158694	76275.3	0	0
Cl35	32564.6	0.110155	95655.8	8247.49	8247.37
proton	938.272	5.91546	77342.1	0	0
neutron	939.565	2.87007	77342.1	0	0
neutron	939.565	2.67922	77342.1	0	0
neutron	939.565	2.31139	77342.1	0	0
neutron	939.565	1.88895	77342.1	0	0
P30	27917	0.439666	77342.1	0	0
Cl37	34424.8	0.331695	97426.6	8332.25	8331.56
Na23	21409.2	0.161406	89423.5	4669.33	4668.8
Na23	21409.2	0.161247	87193.1	3797.77	3797.48
neutron	939.565	26.7147	77280.5	0	0
neutron	939.565	8.21907	77280.5	0	0
neutron	939.565	1.00055	77280.5	0	0
S32	29773.6	0.117277	77280.5	0	0
Ne23	21414.1	0.221031	75865	0	0
Na23	21409.2	0.11399	99569.7	9848.01	9847.72
Cl37	34424.8	0.0977764	87110.6	4828.49	4827.97
Cl35	32564.6	0.137575	85089.4	4064.97	4064.41
Na23	21409.2	0.180229	88923.7	5030.05	5029.34
Na23	21409.2	0.344271	78575.9	67.7233	67.1145
neutron	939.565	3.29487	78493	0	0
neutron	939.565	1.64385	78493	0	0
neutron	939.565	0.372646	78493	0	0
S32	29773.6	0.112495	78493	0	0
Na23	21409.2	0.102631	78185.7	934.498	934.371
Na23	21409.2	1.08566	77806.8	802.764	801.369
Na23	21409.2	0.758151	77007.2	281.809	280.893
S35	32565.3	0.155707	76369	0	0
Na23	21409.2	0.3515	76731.5	245.189	244.596
neutron	939.565	0.350672	76170.5	0	0
Ne22	20479.7	0.324275	76170.5	0	0
Cl35	32564.6	0.0924237	91036.1	6018.96	6018.7
neutron	939.565	5.40858	76116.2	0	0
neutron	939.565	3.10697	76116.2	0	0
neutron	939.565	1.17238	76116.2	0	0
Ne20	18617.7	0.365198	76116.2	0	0
neutron	939.565	10.2729	77890.7	0	0
neutron	939.565	1.64335	77890.7	0	0
neutron	939.565	1.52714	77890.7	0	0
alpha	3727.38	17.6243	77890.7	0	0
O16	14895.1	4.45981	77890.7	0	0
Cl37	34424.8	0.174299	87315.8	3592.68	3592.49
neutron	939.565	0.229103	79168.7	0	0
S34	31632.7	0.152921	79168.7	0	0
Na23	21409.2	0.217133	93103.8	6937.46	6937.22
neutron	939.565	0.126519	75553.5	0	0
Ne22	20479.7	0.246064	75553.5	0	0
Cl37	34424.8	0.0661597	88750.2	4439.05	4438.95
neutron	939.565	0.252914	77380.1	0	0
S34	31632.7	0.134452	77380.1	0	0
Cl35	32564.6	0.359536	79486.1	1883.71	1883.31
neutron	939.565	0.0349539	74390.1	0	0
S34	31632.7	0.141924	74390.1	0	0
Cl35	32564.6	1.55344	87585.1	4718.22	4716.59
neutron	939.565	7.61258	75182.7	0	0
proton	938.272	5.59051	75182.7	0	0
triton	2808.92	6.32776	75182.7	0	0
Si30	27913.2	1.59243	75182.7	0	0
neutron	939.565	2.74582	76186.8	0	0
S34	31632.7	0.140756	76186.8	0	0
Cl37	34424.8	0.214539	96976.5	8811.87	8811.17
Cl35	32564.6	0.14793	97751.7	9124.02	9123.82
neutron	939.565	5.98825	76305.6	0	0
proton	938.272	4.58668	76305.6	0	0
neutron	939.565	0.212153	76305.6	0	0
F20	18625.3	0.442191	76305.6	0	0
Cl35	32564.6	0.0693571	97578.9	9059.23	9059.12
Na23	21409.2	0.128692	82376.2	2805.08	2804.62
S35	32565.3	0.162717	74849.5	0	0
Cl35	32564.6	0.125767	99601.5	9861.47	9861.34
Cl35	32564.6	0.150068	91580.1	5865.35	5865.12
neutron	939.565	1.51327	75915.2	0	0
S34	31632.7	0.220784	75915.2	0	0
Na23	21409.2	0.134398	95423	8216.2	8216.04
proton	938.272	7.64109	75806.5	0	0
neutron	939.565	4.46903	75806.5	0	0
P33	30705.3	0.820995	75806.5	0	0
Ne23	21414.1	0.223366	76458.5	0	0
Cl35	32564.6	0.138067	76562.4	214.566	214.208
neutron	939.565	2.68252	77251	0	0
S34	31632.7	0.0250861	77251	0	0
Cl35	32564.6	0.163324	98559.5	9367.11	9366.86
Na23	21409.2	0.166379	91058.8	6257.47	6257.28
Cl35	32564.6	0.106151	86307.8	4364.1	4363.89
Cl35	32564.6	0.341477	77944.2	1247.85	1247.47
Na23	21409.2	0.114778	99694.1	9904.07	9903.79
Na23	21409.2	0.192676	83458.6	3212.31	3212.01
Ne23	21414.1	0.207236	75328.3	0	0
Cl35	32564.6	0.108111	97511.8	9011.17	9010.71
Na23	21409.2	0.169256	97168.9	8587.74	8587.39
Na23	21409.2	0.268007	89624.6	5406.48	5406.12
Na23	21409.2	0.153294	85685.8	3287.52	3287.35
Na23	21409.2	0.106753	81991.7	2631.12	2631
neutron	939.565	39.6787	74903.9	0	0
Ne22	20479.7	1.59901	74903.9	0	0
S37	34430.2	0.136975	75667.8	0	0
Cl35	32564.6	0.163282	83628.8	2930.81	2930.56
neutron	939.565	18.7783	75989.8	0	0
neutron	939.565	14.9381	75989.8	0	0
neutron	939.565	1.28892	75989.8	0	0
S32	29773.6	0.24675	75989.8	0	0
Na23	21409.2	0.312318	96043.5	8390.04	8389.34
Cl35	32564.6	0.498079	84643.5	3111.44	3110.82
neutron	939.565	0.099396	76420	0	0
S34	31632.7	0.16135	76420	0	0
Na23	21409.2	0.208039	93689.3	7386.44	7386.11
Cl35	32564.6	0.0924467	77012.7	558.246	558.149
proton	938.272	108.66	86227	4182.98	3958.59
neutron	939.565	85.5881	86227	4182.98	3958.59
neutron	939.565	1.01689	86227	4182.98	3958.59
Ne20	18617.7	1.48561	86227	4182.98	3958.59
Na23	21409.2	0.114283	84192.7	3146.56	3146.43
Cl37	34424.8	0.122821	83998.7	3071.07	3070.85
neutron	939.565	0.381461	76007.9	0	0
S34	31632.7	0.139251	76007.9	0	0
Na23	21409.2	0.196087	85888.3	3455.44	3454.47
neutron	939.565	1.94155	77432.2	0	0
Ne22	20479.7	0.507528	77432.2	0	0
S35	32565.3	0.156764	76913.8	0	0
neutron	939.565	0.712139	76062.1	0	0
Ne22	20479.7	0.126318	76062.1	0	0
Cl35	32564.6	0.0678632	86823.9	3791.01	3790.69
neutron	939.565	0.120213	77039.3	0	0
S34	31632.7	0.125327	77039.3	0	0
neutron	939.565	0.0802668	78979.8	0	0
S34	31632.7	0.18622	78979.8	0	0
neutron	939.565	32.4008	76537.3	0	0
neutron	939.565	4.85893	76537.3	0	0
neutron	939.565	0.85953	76537.3	0	0
S34	31632.7	0.477346	76537.3	0	0
neutron	939.565	0.985566	74832	0	0
Ne22	20479.7	0.112502	74832	0	0
S35	32565.3	0.164772	76152.4	0	0
Cl37	34424.8	0.0651992	90464.8	6076.17	6075.9
Cl37	34424.8	0.249881	76753.6	226.559	226.273
Ne23	21414.1	0.224885	76246.1	0	0
Cl35	32564.6	0.0714871	84065.2	2762.29	2761.78
Ne23	21414.1	0.21148	76851.6	0	0
neutron	939.565	2.31178	77119.8	0	0
alpha	3727.38	9.88805	77119.8	0	0
alpha	3727.38	5.99507	77119.8	0	0
C14	13040.9	4.489	77119.8	0	0
neutron	939.565	3.2652	76350.5	0	0
S34	31632.7	0.00835562	76350.5	0	0
Na23	21409.2	0.140693	91369.9	6600.88	6600.72
S35	32565.3	0.146772	74283.8	0	0
neutron	939.565	1.10751	78484.8	0	0
S34	31632.7	0.163289	78484.8	0	0
Na23	21409.2	0.107092	94842.3	7680.4	7680.14
Cl35	32564.6	0.14821	88895.2	5016.67	5016.49
Ne23	21414.1	0.220242	76430.7	0	0
Cl35	32564.6	0.130851	96705.3	8750.33	8750.16
Ne23	21414.1	0.213147	74135.5	0	0
Cl35	32564.6	0.0736557	93038.8	6719.9	6719.7
Cl37	34424.8	0.208813	83022.4	3422.72	3422.38
Cl37	34424.8	0.156605	90935.3	5018.77	5018.54
Cl37	34424.8	0.0956351	80113.1	645.62	645.472
neutron	939.565	20.0084	78354.9	0	0
proton	938.272	8.32352	78354.9	0	0
neutron	939.565	5.37098	78354.9	0	0
neutron	939.565	4.09632	78354.9	0	0
neutron	939.565	2.88009	78354.9	0	0
F18	16763.2	2.08138	78354.9	0	0
Na23	21409.2	0.206724	86802.9	3607.03	3606.8
Cl37	34424.8	0.122524	78891.4	271.649	271.492
neutron	939.565	7.19567	75078.7	0	0
neutron	939.565	2.66401	75078.7	0	0
neutron	939.565	0.430139	75078.7	0	0
Ne20	18617.7	0.291798	75078.7	0	0
neutron	939.565	9.50803	79882.3	0	0
proton	938.272	3.19052	79882.3	0	0
neutron	939.565	2.47423	79882.3	0	0
neutron	939.565	1.29595	79882.3	0	0
P31	28844.2	0.158827	79882.3	0	0
neutron	939.565	0.0597963	74753.5	0	0
Ne22	20479.7	0.20924	74753.5	0	0
Cl35	32564.6	0.0980816	76821.2	422.543	422.423
Cl35	32564.6	0.122492	80851	2120.1	2119.89
Na23	21409.2	0.152242	79745.4	1040.21	1039.99
neutron	939.565	0.528819	76933.6	0	0
S34	31632.7	0.1484	76933.6	0	0
Cl35	32564.6	0.0812366	82181.5	1858.1	1857.85
neutron	939.565	6.70362	77347.4	0	0
proton	938.272	2.61937	77347.4	0	0
P33	30705.3	0.545226	77347.4	0	0
S37	34430.2	0.145353	76411.1	0	0
Na23	21409.2	0.186364	76927.9	367.799	367.419
neutron	939.565	0.757896	75975.6	0	0
S34	31632.7	0.272909	75975.6	0	0
Cl35	32564.6	0.130732	84625.3	3369.35	3369.05
Cl37	34424.8	0.101571	99638.4	9870.56	9870.12
Na23	21409.2	0.127895	81677.3	2344.33	2343.98
Na23	21409.2	0.343465	77923	791.674	790.795
Na23	21409.2	0.150449	76832.5	408.242	408.004
neutron	939.565	2.23116	75859.4	0	0
S34	31632.7	0.292183	75859.4	0	0
Cl35	32564.6	0.0917692	96892.3	8773.98	8773.76
proton	938.272	9.33191	74312.1	0	0
neutron	939.565	8.55739	74312.1	0	0
proton	938.272	5.82136	74312.1	0	0
neutron	939.565	5.08516	74312.1	0	0
neutron	939.565	1.74506	74312.1	0	0
neutron	939.565	0.952622	74312.1	0	0
Si29	26984.3	1.15394	74312.1	0	0
Cl35	32564.6	0.741791	93912.2	7652.61	7651.77
Na23	21409.2	0.560876	86723.4	4796.78	4795.99
Cl35	32564.6	0.135508	78504.5	1572.12	1571.77
neutron	939.565	15.9175	74247.9	0	0
neutron	939.565	9.55971	74247.9	0	0
neutron	939.565	0.379946	74247.9	0	0
S32	29773.6	0.866964	74247.9	0	0
Cl35	32564.6	0.121497	94784.6	7444.9	7444.59
Cl35	32564.6	0.0982071	88249.1	4799.85	4799.64
neutron	939.565	0.236086	77904.3	0	0
Ne22	20479.7	0.256452	77904.3	0	0
Cl35	32564.6	0.0812281	83146.1	2925.93	2925.53
neutron	939.565	26.1009	75816.2	0	0
neutron	939.565	4.46579	75816.2	0	0
proton	938.272	3.0541	75816.2	0	0
P32	29775.8	1.04567	75816.2	0	0
Ne23	21414.1	0.21446	74709.4	0	0
Na23	21409.2	0.146257	79107.5	1616.53	1616.21
neutron	939.565	3.8912	75081.7	0	0
S34	31632.7	0.262664	75081.7	0	0
Cl35	32564.6	0.101084	78471.6	786.484	786.362
S35	32565.3	0.163039	76740.2	0	0
Cl35	32564.6	0.0774687	93472.2	7421.46	7420.99
Na23	21409.2	0.174442	84556.1	3491.3	3491.08
neutron	939.565	7.29369	75365.9	0	0
neutron	939.565	6.23381	75365.9	0	0
neutron	939.565	4.46426	75365.9	0	0
alpha	3727.38	13.9434	75365.9	0	0
O16	14895.1	2.00819	75365.9	0	0
Na23	21409.2	0.174946	92492.9	6888.92	6888.43
neutron	939.565	4.64316	75764	0	0
neutron	939.565	3.48215	75764	0	0
neutron	939.565	2.18108	75764	0	0
Ne20	18617.7	0.829258	75764	0	0
neutron	939.565	21.1299	76710.4	0	0
neutron	939.565	5.25517	76710.4	0	0
neutron	939.565	3.32437	76710.4	0	0
alpha	3727.38	6.87714	76710.4	0	0
Si28	26053.2	1.13667	76710.4	0	0
Cl35	32564.6	0.0974068	94598	7710.26	7709.98
Na23	21409.2	0.172697	86957.5	4072.64	4072.2
Na23	21409.2	0.147342	83048.5	2564.32	2563.92
S37	34430.2	0.143368	76725.6	0	0
neutron	939.565	3.56353	75827.7	0	0
Ne22	20479.7	0.151245	75827.7	0	0
Na23	21409.2	0.102933	99793.8	9917.15	9917.03
neutron	939.565	0.57473	76193.8	0	0
S34	31632.7	0.216927	76193.8	0	0
Cl37	34424.8	0.0885547	83437.7	2954.48	2954.34
Ne23	21414.1	0.19892	75476.9	0	0
Na23	21409.2	0.107332	96668.7	8651.41	8651.09
Na23	21409.2	0.220515	92734.2	7174.32	7174.1
neutron	939.565	0.241904	76419	0	0
Ne22	20479.7	0.143391	76419	0	0
Cl37	34424.8	0.0765791	96747.7	8690.17	8689.58
Na23	21409.2	0.109088	89208.3	5441.93	5441.66
Na23	21409.2	0.126122	88708.9	5260.52	5260.23
neutron	939.565	0.856545	75102.9	0	0
S34	31632.7	0.072393	75102.9	0	0
Ne23	21414.1	0.226215	76102.1	0	0
neutron	939.565	11.9707	76326.3	0	0
neutron	939.565	4.3268	76326.3	0	0
neutron	939.565	4.32369	76326.3	0	0
Ne20	18617.7	1.95653	76326.3	0	0
Cl37	34424.8	0.0729382	85932.5	4293.99	4292.83
Cl35	32564.6	0.0951031	79000.5	1362.37	1361.94
Cl37	34424.8	0.10908	76821.7	609.568	609.453
S37	34430.2	0.138348	77064.9	0	0
Cl35	32564.6	0.0737563	97787.8	9133.35	9133.22
Cl35	32564.6	0.278045	78685.7	596.739	596.456
neutron	939.565	7.71795	77031.9	0	0
neutron	939.565	3.31839	77031.9	0	0
neutron	939.565	1.4879	77031.9	0	0
Ne20	18617.7	2.08019	77031.9	0	0
Na23	21409.2	7.7963	98519.1	9305.22	9297.25
Na23	21409.2	0.536875	92619.6	7014.99	7013.9
Cl35	32564.6	0.135574	87829.3	4918.53	4918.25
Cl37	34424.8	0.0989491	83608	2956.32	2955.87
neutron	939.565	5.18351	75655.8	0	0
neutron	939.565	2.5487	75655.8	0	0
alpha	3727.38	7.26154	75655.8	0	0
O17	15830.5	2.17544	75655.8	0	0
Cl35	32564.6	0.228502	85791.4	4191.2	4190.94
neutron	939.565	3.74068	75810.6	0	0
S34	31632.7	0.0131883	75810.6	0	0
Na23	21409.2	0.218597	98469	9218.38	9217.97
Na23	21409.2	0.106238	86820.7	4483.8	4483.11
Na23	21409.2	0.441283	94996.7	8017.27	8016.82
neutron	939.565	0.359357	77291.8	0	0
S36	33495	0.116309	77291.8	0	0
Na23	21409.2	0.21591	97406.8	8977.93	8977.46
Na23	21409.2	0.198187	89875.2	5494.53	5493.83
S35	32565.3	0.139617	75520.1	0	0
Ne23	21414.1	0.215983	75352.8	0	0
neutron	939.565	0.539225	75430.3	0	0
S34	31632.7	0.0764486	75430.3	0	0
Cl35	32564.6	0.075296	75817.2	238.115	237.492
Ne23	21414.1	0.219457	75254.2	0	0
Cl37	34424.8	0.0705575	98408	9148.71	9148.28
Cl35	32564.6	0.117912	93805	7393.55	7393.43
Cl35	32564.6	0.0725135	90793.9	6130.04	6129.92
S35	32565.3	0.156786	76697.5	0	0
Cl35	32564.6	0.378264	79851.1	2106.4	2105.82
Cl35	32564.6	0.0770267	75329.1	422.972	422.865
Na23	21409.2	0.152729	95465.7	8145.89	8145.69
Na23	21409.2	0.118686	84754.2	3772.5	3772.27
Na23	21409.2	0.558812	82773	2907.56	2906.8
Cl35	32564.6	0.0996021	87285	4637.78	4637.43
Cl35	32564.6	0.142748	90479.1	4986.88	4986.73
Cl35	32564.6	0.257476	79760.6	791.087	790.801
neutron	939.565	9.1494	76190.2	0	0
neutron	939.565	1.81699	76190.2	0	0
deuteron	1875.61	14.2397	76190.2	0	0
triton	2808.92	0.846817	76190.2	0	0
O16	14895.1	3.59223	76190.2	0	0
Cl35	32564.6	0.0938253	87983	5091.79	5091.62
S35	32565.3	0.164289	74536	0	0
Cl35	32564.6	0.0825785	78470.1	968.792	968.595
proton	938.272	21.7767	75959.4	0	0
neutron	939.565	0.772042	75959.4	0	0
P33	30705.3	0.43346	75959.4	0	0
Cl35	32564.6	0.198234	81232.7	2449.2	2448.76
Cl35	32564.6	0.190611	77421.4	1046.53	1046.32
Na23	21409.2	0.21692	75938.6	533.433	533.135
Cl35	32564.6	0.317114	94723.2	7781.14	7780.8
Ne23	21414.1	0.215638	76874.6	0	0
neutron	939.565	1.6944	75524.3	0	0
neutron	939.565	0.595079	75524.3	0	0
Ne21	19550.5	0.0278078	75524.3	0	0
Cl35	32564.6	0.0760853	77122.2	414.364	414.029
neutron	939.565	12.8475	76161.7	0	0
neutron	939.565	7.50409	76161.7	0	0
neutron	939.565	0.400562	76161.7	0	0
alpha	3727.38	8.59239	76161.7	0	0
O16	14895.1	1.94813	76161.7	0	0
Cl35	32564.6	0.123128	99625.7	9848.02	9847.81
neutron	939.565	9.20398	75863.9	0	0
neutron	939.565	7.20443	75863.9	0	0
neutron	939.565	2.96388	75863.9	0	0
alpha	3727.38	4.26404	75863.9	0	0
O16	14895.1	1.32887	75863.9	0	0
neutron	939.565	0.541759	76257.1	0	0
S36	33495	0.054008	76257.1	0	0
Cl35	32564.6	0.079987	86657.2	4469.86	4469.46
neutron	939.565	12.4357	76271.9	0	0
neutron	939.565	3.74043	76271.9	0	0
neutron	939.565	2.04302	76271.9	0	0
Ne20	18617.7	0.879181	76271.9	0	0
neutron	939.565	11.2591	76465.8	0	0
neutron	939.565	5.64866	76465.8	0	0
neutron	939.565	0.47221	76465.8	0	0
S32	29773.6	0.31288	76465.8	0	0
neutron	939.565	8.32848	77060.8	0	0
neutron	939.565	3.87596	77060.8	0	0
neutron	939.565	0.589723	77060.8	0	0
S32	29773.6	0.87838	77060.8	0	0
Cl37	34424.8	0.108801	94940.5	7886.26	7885.86
S35	32565.3	0.142288	77592.1	0	0
neutron	939.565	1.5432	76499.2	0	0
S34	31632.7	0.238408	76499.2	0	0
Cl35	32564.6	0.396388	99298.2	9714.26	9713.84
Cl37	34424.8	0.0696507	86435.9	3946.96	3946.7
Ne23	21414.1	0.223612	76244.7	0	0
Na23	21409.2	0.191358	89995.1	5312.66	5312.32
neutron	939.565	8.84652	75277	0	0
neutron	939.565	3.00705	75277	0	0
neutron	939.565	2.90426	75277	0	0
Ne20	18617.7	1.11259	75277	0	0
Cl37	34424.8	0.0897356	86092.2	3580.23	3580.05
Cl37	34424.8	0.131145	89931.8	5412.78	5412.57
Cl37	34424.8	0.387389	93921.6	7452.02	7451.59
Cl35	32564.6	0.126574	91091.3	6001.97	6001.82
Na23	21409.2	0.10541	85341.9	3598.43	3598.22
Na23	21409.2	0.138935	99157.1	9697.33	9697.19
Cl35	32564.6	0.0867704	97334	9021.14	9020.76
Cl35	32564.6	0.112875	82538.8	2823.74	2823.49
S35	32565.3	0.155775	78603.2	0	0
Cl37	34424.8	0.0763221	91201.7	6265.91	6265.68
neutron	939.565	2.15014	76459.9	0	0
Ne22	20479.7	0.530998	76459.9	0	0
neutron	939.565	5.73142	76524.5	0	0
neutron	939.565	3.46104	76524.5	0	0
neutron	939.565	0.733936	76524.5	0	0
S34	31632.7	0.925729	76524.5	0	0
Na23	21409.2	0.132086	89685.3	5084.11	5083.97
neutron	939.565	0.961357	76621.3	0	0
S34	31632.7	0.0683246	76621.3	0	0
Cl37	34424.8	0.0947484	94331.1	7373.44	7372.96
neutron	939.565	1.3448	76338.3	0	0
S36	33495	0.0836872	76338.3	0	0
Na23	21409.2	0.110833	94862.9	7966.91	7966.75
S35	32565.3	0.166697	74653.7	0	0
neutron	939.565	5.91445	75789.7	0	0
neutron	939.565	3.94088	75789.7	0	0
neutron	939.565	2.95502	75789.7	0	0
S34	31632.7	0.218059	75789.7	0	0
Na23	21409.2	0.193874	99124.4	9436.47	9436.17
neutron	939.565	20.493	78259.4	0	0
neutron	939.565	7.3545	78259.4	0	0
neutron	939.565	1.56214	78259.4	0	0
alpha	3727.38	5.3819	78259.4	0	0
O16	14895.1	2.40125	78259.4	0	0
Na23	21409.2	0.510856	83032.1	3148.44	3147.89
Na23	21409.2	0.187187	95788.1	8323.26	8323.06
neutron	939.565	4.57695	75455.2	0	0
neutron	939.565	0.976625	75455.2	0	0
Ne21	19550.5	0.130895	75455.2	0	0
Cl37	34424.8	0.0849873	94127	7412.42	7412.24
Na23	21409.2	0.113073	86595.5	4423.69	4423.46
neutron	939.565	3.35597	75339.6	0	0
neutron	939.565	2.62775	75339.6	0	0
neutron	939.565	1.24201	75339.6	0	0
S32	29773.6	0.0335539	75339.6	0	0
neutron	939.565	0.251288	75313.3	0	0
S36	33495	0.133061	75313.3	0	0
Cl35	32564.6	0.117928	98621.6	9417.01	9416.76
Na23	21409.2	0.123026	94009.9	7509.18	7508.81
neutron	939.565	0.369735	77794.3	0	0
S34	31632.7	0.230413	77794.3	0	0
neutron	939.565	23.0478	77766.2	0	0
neutron	939.565	6.40461	77766.2	0	0
neutron	939.565	1.91769	77766.2	0	0
Ne20	18617.7	1.44186	77766.2	0	0
Cl35	32564.6	0.101622	89282.8	5349.48	5349.35
Na23	21409.2	0.123672	77981.2	477.444	477.185
neutron	939.565	38.779	76726.8	0	0
proton	938.272	3.31046	76726.8	0	0
neutron	939.565	3.11112	76726.8	0	0
P32	29775.8	1.43948	76726.8	0	0
neutron	939.565	0.480279	76416.8	0	0
S34	31632.7	0.205811	76416.8	0	0
Na23	21409.2	0.102052	96266.8	8471.26	8471.11
Cl37	34424.8	0.0857465	88418.4	5367.29	5367.01
Cl35	32564.6	0.0680974	85444.6	4000.32	4000.2
Na23	21409.2	0.113685	81148.9	2161.07	2160.74
Na23	21409.2	0.151993	79208.3	1501.34	1500.98
neutron	939.565	37.1205	75274.6	0	0
neutron	939.565	3.06516	75274.6	0	0
neutron	939.565	0.807339	75274.6	0	0
S34	31632.7	1.15053	75274.6	0	0
Ne23	21414.1	0.218938	75552.5	0	0
Na23	21409.2	0.210022	87944.4	2708.43	2707.87
Na23	21409.2	1.47873	82249.8	522.685	521.085
neutron	939.565	9.34712	80943.9	0	0
S34	31632.7	0.209182	80943.9	0	0
Na23	21409.2	0.112573	94344	7434.22	7433.61
S35	32565.3	0.164954	76611.5	0	0
Na23	21409.2	0.258831	91642.2	6472.32	6471.9
Cl37	34424.8	0.0880458	92579.3	6950.72	6950.36
S37	34430.2	0.135864	74834.4	0	0
Cl35	32564.6	0.100078	78615.8	400.357	400.238
neutron	939.565	0.302926	77322.7	0	0
S34	31632.7	0.211495	77322.7	0	0
Cl35	32564.6	0.457995	83466.1	3076.61	3075.8
proton	938.272	9.93306	75527.7	0	0
proton	938.272	4.94524	75527.7	0	0
neutron	939.565	4.14478	75527.7	0	0
Si32	29776.6	0.71411	75527.7	0	0
neutron	939.565	24.058	77458.1	0	0
neutron	939.565	6.38787	77458.1	0	0
neutron	939.565	2.38689	77458.1	0	0
alpha	3727.38	4.66955	77458.1	0	0
O16	14895.1	1.85704	77458.1	0	0
Na23	21409.2	0.14687	87393.2	4358.64	4358.4
Ne23	21414.1	0.22042	78116.7	0	0
Cl37	34424.8	0.112895	95771.1	8268.55	8268.36
Cl37	34424.8	0.152097	94828.7	7843.28	7843.07
Na23	21409.2	0.10372	93220	7106.44	7106.31
neutron	939.565	0.666927	77242.6	0	0
Ne22	20479.7	0.129799	77242.6	0	0
Na23	21409.2	0.294408	88659	5249.84	5249.45
Cl35	32564.6	0.0831013	76647.9	579.436	579.054
neutron	939.565	0.150165	76296.4	0	0
Ne22	20479.7	0.162374	76296.4	0	0
Cl37	34424.8	0.0644271	97398.4	8975.33	8974.88
Cl37	34424.8	0.302209	95074.4	7958.55	7957.59
Na23	21409.2	0.146368	89254.6	5550.11	5549.93
Cl35	32564.6	0.113814	87202.6	4323.52	4323.27
neutron	939.565	2.92098	76444.6	0	0
neutron	939.565	2.28682	76444.6	0	0
neutron	939.565	1.67443	76444.6	0	0
Ne20	18617.7	0.142235	76444.6	0	0
Na23	21409.2	0.504755	97084.7	8709.37	8708.58
Cl35	32564.6	0.0773596	91831.7	5910.45	5909.61
Na23	21409.2	0.114305	88868.2	4786.01	4785.79
proton	938.272	8.61356	76878.2	0	0
neutron	939.565	5.18732	76878.2	0	0
neutron	939.565	2.09069	76878.2	0	0
neutron	939.565	0.927682	76878.2	0	0
deuteron	1875.61	9.49734	76878.2	0	0
Si29	26984.3	1.22428	76878.2	0	0
neutron	939.565	0.268557	74921.5	0	0
S34	31632.7	0.158405	74921.5	0	0
Na23	21409.2	0.106168	87134.3	4400.01	4399.74
neutron	939.565	2.54552	75532.7	0	0
S34	31632.7	0.295591	75532.7	0	0
Cl35	32564.6	0.479024	86368.1	3413.54	3412.92
neutron	939.565	3.21212	77542.5	0	0
neutron	939.565	2.56955	77542.5	0	0
neutron	939.565	0.913733	77542.5	0	0
Ne20	18617.7	0.136915	77542.5	0	0
Ne23	21414.1	0.23391	75110.4	0	0
Na23	21409.2	0.295941	95625.4	8225.03	8224.6
Cl37	34424.8	0.116608	93162.1	7180.66	7180.47
Na23	21409.2	0.305126	83433.1	2942.93	2942.63
neutron	939.565	1.03999	75445.9	0	0
S36	33495	0.162494	75445.9	0	0
Na23	21409.2	0.142121	91043.5	6451.57	6451.31
Cl35	32564.6	0.0850698	85996.9	4305.98	4305.89
neutron	939.565	4.87632	74660.2	0	0
neutron	939.565	3.48905	74660.2	0	0
neutron	939.565	0.981982	74660.2	0	0
Ne20	18617.7	0.202021	74660.2	0	0
Na23	21409.2	0.102293	83549.7	3393.11	3392.96
Ne23	21414.1	0.218934	74495.3	0	0
Cl35	32564.6	0.101202	79636.9	1035.56	1035.19
neutron	939.565	10.2047	76789.9	0	0
neutron	939.565	9.62103	76789.9	0	0
proton	938.272	3.34047	76789.9	0	0
proton	938.272	3.28079	76789.9	0	0
neutron	939.565	1.28126	76789.9	0	0
O18	16762	0.627419	76789.9	0	0
Cl35	32564.6	0.137707	80259.3	1261.76	1261.57
neutron	939.565	10.8853	76977.3	0	0
neutron	939.565	3.26606	76977.3	0	0
neutron	939.565	1.33992	76977.3	0	0
deuteron	1875.61	4.28048	76977.3	0	0
F18	16763.2	0.211921	76977.3	0	0
Na23	21409.2	0.180232	97184.5	8862.42	8861.97
Na23	21409.2	0.248791	88716.1	5383.89	5383.55
neutron	939.565	0.248635	76362	0	0
S34	31632.7	0.209973	76362	0	0
Na23	21409.2	0.148119	77876.6	594.767	594.507
neutron	939.565	0.437702	76358	0	0
Ne22	20479.7	0.26944	76358	0	0
Cl35	32564.6	0.174902	98326	9378.81	9378.45
Cl35	32564.6	0.0711418	79498.5	1098.47	1098.32
Ne23	21414.1	0.225809	76754.4	0	0
Cl35	32564.6	0.151755	82603.8	2286.6	2286.4
neutron	939.565	14.4077	75947.1	0	0
neutron	939.565	5.83384	75947.1	0	0
proton	938.272	4.68837	75947.1	0	0
neutron	939.565	3.95019	75947.1	0	0
neutron	939.565	0.807248	75947.1	0	0
P32	29775.8	1.81277	75947.1	0	0
neutron	939.565	7.56832	74789.7	0	0
neutron	939.565	3.89885	74789.7	0	0
neutron	939.565	3.68366	74789.7	0	0
alpha	3727.38	5.92806	74789.7	0	0
O16	14895.1	0.128913	74789.7	0	0
Ne23	21414.1	0.226021	81809.1	0	0
Na23	21409.2	0.619836	84046.7	3497.49	3496.79
neutron	939.565	0.961175	75101.4	0	0
S34	31632.7	0.173827	75101.4	0	0
neutron	939.565	2.07893	74980.1	0	0
Ne22	20479.7	0.100141	74980.1	0	0
Cl35	32564.6	0.0780613	91949.3	6664.86	6664.56
Ne23	21414.1	0.229699	74961.3	0	0
Cl37	34424.8	0.0662262	77117	162.121	161.841
neutron	939.565	13.3995	76797.2	0	0
neutron	939.565	3.82012	76797.2	0	0
neutron	939.565	2.75438	76797.2	0	0
proton	938.272	2.2227	76797.2	0	0
P31	28844.2	1.99172	76797.2	0	0
Na23	21409.2	0.215945	99938.9	9978.52	9978.22
neutron	939.565	3.39538	78103.9	0	0
S34	31632.7	0.135583	78103.9	0	0
Cl37	34424.8	0.0994181	98553.3	9418.63	9418.31
S35	32565.3	0.162959	77056.6	0	0
Cl35	32564.6	0.160744	98348.4	9370.91	9370.38
Cl35	32564.6	0.0793068	80926	1852.44	1852.32
Cl35	32564.6	0.0710617	97838.8	9080.02	9079.95
Cl35	32564.6	0.0741337	91082.7	6232.06	6231.79
Na23	21409.2	0.131219	88675.1	5173.79	5173.59
Na23	21409.2	0.430525	87480.4	4710.94	4710.31
neutron	939.565	0.509369	78958.1	0	0
S34	31632.7	0.153982	78958.1	0	0
Cl35	32564.6	0.092519	92570.3	6098.99	6098.85
neutron	939.565	0.15773	77692.7	0	0
S34	31632.7	0.140428	77692.7	0	0
Cl37	34424.8	0.0823162	92101	6358.79	6358.68
Na23	21409.2	0.124961	80730.4	1514.76	1514.58
neutron	939.565	0.867214	76798	0	0
Ne22	20479.7	0.330138	76798	0	0
neutron	939.565	3.41807	77505	0	0
S36	33495	0.141638	77505	0	0
Cl35	32564.6	0.0945801	79384.4	957.434	957.235
S37	34430.2	0.140164	76866.1	0	0
Na23	21409.2	0.469017	88824.1	4987.35	4986.7
Na23	21409.2	0.413919	84662.7	3474.83	3474.05
Cl35	32564.6	0.20509	95950.7	8233.82	8233.37
Cl37	34424.8	0.183467	95830.4	8195.28	8194.98
S37	34430.2	0.129752	75223.1	0	0
Cl35	32564.6	0.115346	95881.2	7480.59	7480.42
Cl37	34424.8	0.117726	81909.4	1713.53	1713.27
Cl35	32564.6	0.0961533	80569.5	1231.02	1230.64
neutron	939.565	40.8209	77410.6	0	0
neutron	939.565	13.8187	77410.6	0	0
neutron	939.565	1.23822	77410.6	0	0
S32	29773.6	1.18871	77410.6	0	0
Cl35	32564.6	0.114195	77932	871.893	871.603
Cl35	32564.6	0.0769351	77402.7	672.005	671.671
Cl35	32564.6	0.613551	87910.4	4382.13	4381.32
Cl37	34424.8	0.0655879	81097.3	1767.37	1767.24
Ne23	21414.1	0.219783	76499.4	0	0
neutron	939.565	2.58698	76040.7	0	0
Ne22	20479.7	0.288383	76040.7	0	0
Cl37	34424.8	0.124556	76633.2	282.863	282.697
neutron	939.565	8.43372	75994.1	0	0
neutron	939.565	4.13203	75994.1	0	0
neutron	939.565	3.56815	75994.1	0	0
S32	29773.6	0.565311	75994.1	0	0
Cl35	32564.6	0.0785315	90768.4	6091.49	6091.2
S37	34430.2	0.13714	78962.3	0	0
Na23	21409.2	0.126287	98757.8	9391.77	9391.56
Cl37	34424.8	0.099897	81590.5	2445.13	2445.01
Cl35	32564.6	0.234755	89381.6	3969.05	3968.75
Cl37	34424.8	0.845931	80662.6	515.307	514.418
neutron	939.565	0.563735	76772	0	0
S34	31632.7	0.0883809	76772	0	0
Na23	21409.2	0.106774	89287.9	5647.73	5647.55
neutron	939.565	1.66565	75235.5	0	0
S34	31632.7	0.0678095	75235.5	0	0
Na23	21409.2	0.105737	89033.7	5258.95	5257.91
Na23	21409.2	0.112997	81456.6	2151.92	2151.59
neutron	939.565	0.563686	75896.7	0	0
S34	31632.7	0.155257	75896.7	0	0
Cl37	34424.8	0.596349	99480.8	9813.71	9812.71
neutron	939.565	0.419917	76851.9	0	0
S34	31632.7	0.108712	76851.9	0	0
Na23	21409.2	0.132798	87449.8	4699.53	4699.04
neutron	939.565	21.5046	77781.3	0	0
neutron	939.565	8.97758	77781.3	0	0
proton	938.272	8.9344	77781.3	0	0
proton	938.272	5.23788	77781.3	0	0
neutron	939.565	1.54248	77781.3	0	0
O18	16762	1.06206	77781.3	0	0
neutron	939.565	7.57745	79018.8	0	0
neutron	939.565	5.13881	79018.8	0	0
neutron	939.565	2.52189	79018.8	0	0
alpha	3727.38	4.04848	79018.8	0	0
O16	14895.1	1.17278	79018.8	0	0
Na23	21409.2	0.117466	90180.1	5585.42	5585.22
Cl37	34424.8	0.110721	84725.2	3202.13	3201.79
Cl35	32564.6	0.207405	83808.7	2823.92	2823.71
S35	32565.3	0.160357	76397.8	0	0
Ne23	21414.1	0.234984	76417.7	0	0
Cl35	32564.6	0.100196	80575.1	1538.71	1538.13
neutron	939.565	2.33223	77227.2	0	0
S36	33495	0.258866	77227.2	0	0
neutron	939.565	1.33498	81705.5	0	0
neutron	939.565	0.170678	81705.5	0	0
S35	32565.3	0.105244	81705.5	0	0
Na23	21409.2	0.305182	98282.9	9279.7	9279.24
Cl37	34424.8	0.259498	87600	4503.04	4502.76
S35	32565.3	0.135757	76051.7	0	0
Cl37	34424.8	0.197556	95381.3	8161.05	8160.83
Cl35	32564.6	0.488031	94888.3	7961.25	7960.6
S35	32565.3	0.160877	76422.4	0	0
Cl37	34424.8	0.116444	86362.3	3988.96	3988.77
neutron	939.565	16.4599	77252.5	0	0
neutron	939.565	7.13109	77252.5	0	0
neutron	939.565	2.13932	77252.5	0	0
alpha	3727.38	15.0918	77252.5	0	0
O16	14895.1	1.71039	77252.5	0	0
neutron	939.565	0.0852065	79191.5	0	0
Ne22	20479.7	0.261519	79191.5	0	0
Cl37	34424.8	0.0993627	92078.1	5191.58	5191.35
neutron	939.565	0.0791089	79684	0	0
Ne22	20479.7	0.246726	79684	0	0
proton	938.272	6.68565	75263.5	0	0
neutron	939.565	4.28473	75263.5	0	0
neutron	939.565	3.28654	75263.5	0	0
neutron	939.565	2.56476	75263.5	0	0
neutron	939.565	1.35705	75263.5	0	0
deuteron	1875.61	3.57413	75263.5	0	0
Si28	26053.2	0.137371	75263.5	0	0
Na23	21409.2	0.211931	97976.7	8890.08	8889.51
Cl35	32564.6	0.0880377	83128.7	2766.13	2766.01
Na23	21409.2	2.42823	78514.9	1005.35	1002.87
S35	32565.3	0.159543	75923.8	0	0
neutron	939.565	0.653031	77416.3	0	0
Ne22	20479.7	0.192209	77416.3	0	0
Na23	21409.2	0.25465	97809.6	9191.4	9191.06
Na23	21409.2	0.143162	96188	8031.55	8031.27
Ne23	21414.1	0.219391	76312.1	0	0
Na23	21409.2	0.142725	82320.6	2562.53	2562.29
Ne23	21414.1	0.231802	76118.6	0	0
proton	938.272	4.51685	76907.5	0	0
neutron	939.565	2.69711	76907.5	0	0
F21	19556.7	0.296392	76907.5	0	0
Cl35	32564.6	0.33206	91893.7	5772.56	5772.17
neutron	939.565	4.54015	77039.2	0	0
neutron	939.565	0.9423	77039.2	0	0
neutron	939.565	0.549863	77039.2	0	0
Ne20	18617.7	0.199863	77039.2	0	0
neutron	939.565	58.9887	76304.5	0	0
alpha	3727.38	10.028	76304.5	0	0
Si30	27913.2	2.29003	76304.5	0	0
Cl35	32564.6	0.160247	89352	5603.34	5603.05
Na23	21409.2	0.165709	77400.8	202.515	202.316
Cl35	32564.6	0.381182	87787.5	4733.32	4732.81
Cl35	32564.6	0.0777508	86239.9	3931.19	3931.1
S37	34430.2	0.140479	76080.9	0	0
Na23	21409.2	0.181979	95105	8021.09	8020.9
Ne23	21414.1	0.21872	77128.3	0	0
Na23	21409.2	0.126833	92521.8	6875.88	6875.75
Cl35	32564.6	0.131002	79258	1715.88	1714.83
Cl35	32564.6	0.126275	79093.5	1657.99	1657.55
Cl37	34424.8	0.106353	97161.1	8450.53	8450.29
Na23	21409.2	0.414986	97124.6	8438.58	8438.13
Na23	21409.2	0.187271	84451	2147.33	2146.94
S35	32565.3	0.155909	79027.2	0	0
Cl35	32564.6	0.447124	95529	8109.63	8108.91
neutron	939.565	0.468744	76286.4	0	0
Ne22	20479.7	0.200005	76286.4	0	0
Cl37	34424.8	0.1183	87310.4	4346.51	4346.04
Cl35	32564.6	0.0907724	92923.3	7232.45	7232.29
Cl35	32564.6	0.075028	79561.6	219.693	219.592
neutron	939.565	0.123337	79139.1	0	0
Ne22	20479.7	0.182524	79139.1	0	0
proton	938.272	3.41749	76552.8	0	0
neutron	939.565	3.03822	76552.8	0	0
neutron	939.565	2.49632	76552.8	0	0
neutron	939.565	0.812601	76552.8	0	0
P31	28844.2	0.713662	76552.8	0	0
Cl35	32564.6	0.336146	91652.8	4215.57	4215.16
Na23	21409.2	0.126982	90040.3	3596.8	3596.62
Na23	21409.2	0.148915	98933.5	9546.56	9546.32
Na23	21409.2	0.112306	78698	760.22	760.074
neutron	939.565	4.99529	76657.9	0	0
neutron	939.565	3.88942	76657.9	0	0
neutron	939.565	2.17611	76657.9	0	0
Ne20	18617.7	0.357742	76657.9	0	0
Cl35	32564.6	0.264505	91134.4	6394.48	6394.18
S35	32565.3	0.164729	75660	0	0
Na23	21409.2	0.12144	89953.6	5608.61	5608.25
neutron	939.565	1.10982	75674.6	0	0
S34	31632.7	0.241154	75674.6	0	0
Cl35	32564.6	0.142181	96092.5	8017.93	8017.31
Na23	21409.2	0.222803	80862.7	207.694	207.207
Cl37	34424.8	0.13873	99198.4	9676.94	9676.69
Cl35	32564.6	0.0801872	79637.2	1686.69	1686.55
Na23	21409.2	0.386633	80255.5	709.075	708.634
Cl37	34424.8	0.248002	92119	6452.22	6451.74
neutron	939.565	16.071	77291.3	0	0
proton	938.272	7.51021	77291.3	0	0
neutron	939.565	3.09364	77291.3	0	0
P34	31638.6	1.14628	77291.3	0	0
neutron	939.565	17.449	75293.3	0	0
neutron	939.565	8.07366	75293.3	0	0
neutron	939.565	3.84384	75293.3	0	0
Ne20	18617.7	0.0595544	75293.3	0	0
Na23	21409.2	0.182054	81724.2	1475.62	1475.15
neutron	939.565	28.072	77980.9	0	0
proton	938.272	27.7886	77980.9	0	0
F21	19556.7	1.14439	77980.9	0	0
Na23	21409.2	3.2516	91503.7	6795.47	6792.17
Na23	21409.2	0.316698	80764.1	2041.87	2041.55
Cl35	32564.6	0.200201	78720.2	1227.9	1227.49
neutron	939.565	0.520425	74965.8	0	0
S34	31632.7	0.0953656	74965.8	0	0
Na23	21409.2	0.170602	88544.2	4980.29	4979.94
Cl37	34424.8	0.0918287	83855.1	2782.44	2781.97
neutron	939.565	47.1119	76329.7	0	0
neutron	939.565	6.14074	76329.7	0	0
neutron	939.565	2.08367	76329.7	0	0
alpha	3727.38	5.92754	76329.7	0	0
O16	14895.1	0.786289	76329.7	0	0
neutron	939.565	10.8706	78355.1	0	0
proton	938.272	8.88031	78355.1	0	0
neutron	939.565	4.8894	78355.1	0	0
proton	938.272	4.41233	78355.1	0	0
neutron	939.565	3.55554	78355.1	0	0
O18	16762	1.04169	78355.1	0	0
Cl35	32564.6	0.536852	84123	2897.28	2896.62
S35	32565.3	0.145022	76926.3	0	0
neutron	939.565	8.35809	77312.3	0	0
neutron	939.565	4.49715	77312.3	0	0
proton	938.272	3.87195	77312.3	0	0
proton	938.272	3.59931	77312.3	0	0
neutron	939.565	3.50398	77312.3	0	0
neutron	939.565	0.509324	77312.3	0	0
Si29	26984.3	0.973287	77312.3	0	0
neutron	939.565	0.113855	74517.7	0	0
S36	33495	0.170659	74517.7	0	0
Cl35	32564.6	0.283594	89194.5	5505.8	5505.43
Na23	21409.2	0.119468	77834	436.84	436.199
neutron	939.565	8.47724	76727	0	0
neutron	939.565	4.47517	76727	0	0
neutron	939.565	1.60768	76727	0	0
Ne20	18617.7	1.40386	76727	0	0
Na23	21409.2	0.12216	82601.4	2658.1	2657.74
Ne23	21414.1	0.225274	75462.9	0	0
Na23	21409.2	0.102196	90890.2	6384.79	6384.62
Cl35	32564.6	0.0829963	88499.5	5150.28	5149.88
neutron	939.565	3.82861	75578.6	0	0
S34	31632.7	0.144106	75578.6	0	0
Cl37	34424.8	0.446658	83765.2	2570.35	2569.83
Na23	21409.2	0.179312	79481.3	927.352	926.849
Ne23	21414.1	0.214987	76936.9	0	0
Cl35	32564.6	0.09707	94977.9	7996.98	7996.87
neutron	939.565	6.43952	76485.8	0	0
neutron	939.565	4.7391	76485.8	0	0
neutron	939.565	4.43403	76485.8	0	0
Ne20	18617.7	1.96915	76485.8	0	0
Na23	21409.2	0.140364	95938.9	8456.97	8456.8
Na23	21409.2	0.134976	77253	564.1	563.961
neutron	939.565	28.0969	75747.1	0	0
neutron	939.565	5.6875	75747.1	0	0
proton	938.272	3.59646	75747.1	0	0
neutron	939.565	2.6321	75747.1	0	0
P31	28844.2	1.26441	75747.1	0	0
Cl35	32564.6	0.0878013	86130.7	3846.52	3846.23
neutron	939.565	2.35894	77294.6	0	0
Ne22	20479.7	0.491739	77294.6	0	0
Ne23	21414.1	0.226448	80548.4	0	0
Cl37	34424.8	0.138567	91686	6601.56	6601.4
neutron	939.565	14.0586	76944.3	0	0
neutron	939.565	7.46337	76944.3	0	0
proton	938.272	6.29056	76944.3	0	0
neutron	939.565	1.02726	76944.3	0	0
alpha	3727.38	8.08732	76944.3	0	0
N15	13968.9	1.70306	76944.3	0	0
Na23	21409.2	0.234398	95118	7782.61	7782.34
neutron	939.565	4.12902	75329.8	0	0
Ne22	20479.7	0.475576	75329.8	0	0
neutron	939.565	0.452366	75523.8	0	0
S36	33495	0.187623	75523.8	0	0
Cl37	34424.8	0.136812	80966.2	1815.08	1814.58
neutron	939.565	29.0188	76322	0	0
neutron	939.565	4.3143	76322	0	0
neutron	939.565	0.22425	76322	0	0
alpha	3727.38	6.91836	76322	0	0
O16	14895.1	3.98289	76322	0	0
neutron	939.565	17.5688	78609	0	0
proton	938.272	6.00731	78609	0	0
neutron	939.565	5.03148	78609	0	0
proton	938.272	4.89869	78609	0	0
neutron	939.565	4.39136	78609	0	0
neutron	939.565	1.93582	78609	0	0
O17	15830.5	0.19306	78609	0	0
Na23	21409.2	0.548978	94471.7	7517.28	7516.7
Na23	21409.2	0.164998	85210.9	3354.87	3354.57
neutron	939.565	12.4872	77001.7	0	0
neutron	939.565	9.79337	77001.7	0	0
neutron	939.565	5.20303	77001.7	0	0
alpha	3727.38	5.97826	77001.7	0	0
O16	14895.1	1.06006	77001.7	0	0
neutron	939.565	17.1068	74397	0	0
proton	938.272	2.42688	74397	0	0
neutron	939.565	0.926317	74397	0	0
F20	18625.3	1.09548	74397	0	0
neutron	939.565	10.9369	73937.9	0	0
proton	938.272	6.94431	73937.9	0	0
proton	938.272	6.38154	73937.9	0	0
neutron	939.565	3.38781	73937.9	0	0
neutron	939.565	2.3009	73937.9	0	0
Si30	27913.2	0.450052	73937.9	0	0
S35	32565.3	0.146443	76826.8	0	0
Cl35	32564.6	0.264139	98911.3	9631.43	9630.83
Na23	21409.2	0.125816	91157	6690.94	6690.67
neutron	939.565	2.33664	73454.1	0	0
S34	31632.7	0.286758	73454.1	0	0
Ne23	21414.1	0.233628	75746.4	0	0
Cl35	32564.6	0.0900207	97497.2	8989.59	8989.37
Cl35	32564.6	0.172687	75917	305.748	305.571
Ne23	21414.1	0.223701	75668.8	0	0
proton	938.272	286.338	92756.8	6956.46	6106.96
neutron	939.565	2.21091	92756.8	6956.46	6106.96
Ne21	19550.5	0.00809628	92756.8	6956.46	6106.96
Na23	21409.2	0.167446	86482.6	3472.1	3471.81
Cl37	34424.8	0.0894846	85703.1	3179.99	3179.76
neutron	939.565	2.70502	77351.4	0	0
neutron	939.565	1.76845	77351.4	0	0
S33	30704.6	0.364293	77351.4	0	0
Cl37	34424.8	0.423595	86184.2	3274.54	3274.11
Na23	21409.2	0.114314	80787.3	793.053	792.827
neutron	939.565	0.376029	78634.7	0	0
Ne22	20479.7	0.335671	78634.7	0	0
S35	32565.3	0.13867	75106.3	0	0
Cl37	34424.8	0.0657963	90271.1	5877.99	5877.81
Na23	21409.2	0.147557	80357.3	1684.34	1684.04
neutron	939.565	9.24674	75730.7	0	0
neutron	939.565	7.06435	75730.7	0	0
neutron	939.565	1.86674	75730.7	0	0
alpha	3727.38	9.95695	75730.7	0	0
O16	14895.1	1.86505	75730.7	0	0
Ne23	21414.1	0.229745	76058.6	0	0
Cl35	32564.6	0.134328	85993.6	4041.34	4041.17
neutron	939.565	2.13576	75293.3	0	0
S34	31632.7	0.287183	75293.3	0	0
Cl35	32564.6	0.106349	95652.5	8367.51	8367.24
Ne23	21414.1	0.222794	74822.7	0	0
neutron	939.565	2.34962	81008.8	0	0
Ne22	20479.7	0.0220053	81008.8	0	0
neutron	939.565	10.8954	75415	0	0
neutron	939.565	4.30366	75415	0	0
neutron	939.565	2.33012	75415	0	0
Ne20	18617.7	0.766268	75415	0	0
Cl35	32564.6	0.111667	91004.7	6244.61	6244.34
neutron	939.565	0.125337	74552.9	0	0
Ne22	20479.7	0.265158	74552.9	0	0
Cl37	34424.8	0.0794096	95826.8	8184.18	8183.75
neutron	939.565	6.50591	77128.1	0	0
neutron	939.565	4.36942	77128.1	0	0
neutron	939.565	0.84334	77128.1	0	0
alpha	3727.38	5.72153	77128.1	0	0
Si28	26053.2	1.85053	77128.1	0	0
neutron	939.565	17.6355	75664.9	0	0
neutron	939.565	1.11129	75664.9	0	0
S35	32565.3	0.439914	75664.9	0	0
Na23	21409.2	0.449528	86032.8	3945.79	3945.18
Na23	21409.2	0.188798	77875.1	434.57	434.088
Na23	21409.2	0.552705	87201.8	4805.99	4805.31
neutron	939.565	3.07724	76011.4	0	0
S34	31632.7	0.231966	76011.4	0	0
Cl35	32564.6	0.0884408	95011	8026.22	8026.09
Cl37	34424.8	0.101131	87494.8	4776.53	4776.3
Cl35	32564.6	0.0981543	83685.5	3322.94	3322.82
Ne23	21414.1	0.217399	76328.3	0	0
Na23	21409.2	0.419995	82085.3	2003.02	2002.58
neutron	939.565	19.8651	76508.4	0	0
neutron	939.565	2.20451	76508.4	0	0
neutron	939.565	1.97982	76508.4	0	0
Ne20	18617.7	1.38675	76508.4	0	0
Na23	21409.2	0.208583	82604	2726.06	2725.59
Cl37	34424.8	0.0816648	76466.5	360.434	360.122
Cl35	32564.6	0.210541	93005.6	7044.43	7044.13
Cl35	32564.6	0.133703	87313.4	4445.5	4445.35
Na23	21409.2	0.157309	83063.9	2862.75	2862.47
S37	34430.2	0.140885	75902.5	0	0
Na23	21409.2	0.153325	99284.3	9712.15	9711.97
S37	34430.2	0.143553	75170	0	0
Cl37	34424.8	0.077238	90532.8	5914.57	5914.36
Na23	21409.2	0.186793	76950.6	455.493	454.975
neutron	939.565	1.8656	76576.3	0	0
neutron	939.565	0.91793	76576.3	0	0
Ne21	19550.5	0.305473	76576.3	0	0
Na23	21409.2	0.516074	95401.4	8007.54	8006.95
S35	32565.3	0.146343	75295.8	0	0
Cl35	32564.6	0.166013	82550.5	1165.78	1165.52
neutron	939.565	1.09531	75460.9	0	0
Ne22	20479.7	0.344044	75460.9	0	0
Na23	21409.2	0.13729	77861.2	1138.7	1138.39
Cl37	34424.8	0.157457	77674.4	1060.24	1059.95
neutron	939.565	20.2426	74984.6	0	0
neutron	939.565	18.334	74984.6	0	0
neutron	939.565	2.41192	74984.6	0	0
S32	29773.6	0.779367	74984.6	0	0
Na23	21409.2	0.299441	93128	6905.5	6905
S35	32565.3	0.150969	76380.2	0	0
Cl35	32564.6	0.120287	83036.4	2677.28	2677
Na23	21409.2	0.185523	79773.5	1156.9	1156.48
Na23	21409.2	0.114682	83107.7	1432.33	1432.19
Cl35	32564.6	0.0840452	92373.6	4767.74	4767.56
neutron	939.565	1.59719	80586.5	0	0
neutron	939.565	0.221053	80586.5	0	0
Ne21	19550.5	0.174799	80586.5	0	0
neutron	939.565	0.177942	77417.7	0	0
Ne22	20479.7	0.212188	77417.7	0	0
proton	938.272	8.49943	75350.4	0	0
neutron	939.565	8.10527	75350.4	0	0
neutron	939.565	5.92583	75350.4	0	0
neutron	939.565	2.84756	75350.4	0	0
proton	938.272	2.60928	75350.4	0	0
O18	16762	0.157509	75350.4	0	0
Cl35	32564.6	0.129276	86390.3	3959.56	3959.19
S35	32565.3	0.161031	77054.8	0	0
S35	32565.3	0.162568	76760.6	0	0
S35	32565.3	0.154348	80440.3	0	0
Cl35	32564.6	0.0714878	94395.4	6767.31	6767.14
Na23	21409.2	0.109637	91874.7	5471.66	5471.25
Cl35	32564.6	0.411576	83371.7	1984.75	1984.1
Na23	21409.2	0.128174	81447.3	2016.3	2016.1
neutron	939.565	6.49889	76153.5	0	0
proton	938.272	6.03044	76153.5	0	0
neutron	939.565	2.68063	76153.5	0	0
neutron	939.565	1.03037	76153.5	0	0
F19	17692.3	0.383486	76153.5	0	0
Na23	21409.2	0.158022	88434.4	4104.84	4104.67
Cl37	34424.8	0.0678028	96015.1	8328.64	8328.51
neutron	939.565	2.24793	76161.6	0	0
Ne22	20479.7	0.565041	76161.6	0	0
Na23	21409.2	0.134773	85420	4025.38	4025.14
Cl35	32564.6	0.685581	81692.8	2172.66	2171.86
S35	32565.3	0.166694	75875.8	0	0
S37	34430.2	0.137134	76696.3	0	0
Cl35	32564.6	0.0932196	95499.8	8081.67	8081.34
Na23	21409.2	0.675633	82562.5	2807.13	2806.3
Na23	21409.2	0.259392	99604.2	9837.52	9836.98
Na23	21409.2	0.52509	95436.9	7764.93	7763.85
Cl35	32564.6	0.173073	92182.6	6408.39	6407.94
neutron	939.565	1.13305	76286.9	0	0
Ne22	20479.7	0.0942383	76286.9	0	0
Na23	21409.2	0.193769	85717.3	3893.42	3893.16
Na23	21409.2	0.276318	79174.3	1345.42	1344.64
Ne23	21414.1	0.215652	77275	0	0
Na23	21409.2	0.438586	80626.9	1834.74	1834.28
Cl35	32564.6	0.309506	77216.8	628.427	628.057
S35	32565.3	0.163529	75650.5	0	0
neutron	939.565	2.77784	76376.9	0	0
S34	31632.7	0.315602	76376.9	0	0
Na23	21409.2	0.236683	80655.9	2433.93	2433.69
Na23	21409.2	0.519652	77509.6	1311.63	1311.04
S37	34430.2	0.142768	74066.1	0	0
S35	32565.3	0.141322	74478.7	0	0
Cl35	32564.6	0.126087	98865.6	9534.05	9533.59
Na23	21409.2	0.347782	94884	7451.26	7450.89
Cl37	34424.8	0.0810608	86304	3924.33	3924.01
neutron	939.565	23.5992	75834.5	0	0
proton	938.272	15.6157	75834.5	0	0
neutron	939.565	9.57688	75834.5	0	0
proton	938.272	2.7854	75834.5	0	0
neutron	939.565	0.477285	75834.5	0	0
Si30	27913.2	0.557795	75834.5	0	0
S35	32565.3	0.16161	75404.5	0	0
Na23	21409.2	0.156795	87370	4121.94	4121.61
Na23	21409.2	0.119127	95366.2	7995.15	7994.84
neutron	939.565	0.301888	76366.6	0	0
Ne22	20479.7	0.131297	76366.6	0	0
Ne23	21414.1	0.221972	77880.6	0	0
Na23	21409.2	0.106361	77086.2	270.472	270.356
Ne23	21414.1	0.229376	76418.4	0	0
proton	938.272	25.0267	78306.5	0	0
neutron	939.565	0.175005	78306.5	0	0
P35	32569.8	1.23278	78306.5	0	0
Na23	21409.2	0.485865	85233.7	2808.06	2807.31
neutron	939.565	22.3437	78004.9	0	0
neutron	939.565	5.7288	78004.9	0	0
neutron	939.565	1.02528	78004.9	0	0
S32	29773.6	0.980799	78004.9	0	0
neutron	939.565	4.51366	75272.1	0	0
proton	938.272	3.83924	75272.1	0	0
neutron	939.565	3.56054	75272.1	0	0
neutron	939.565	2.07564	75272.1	0	0
deuteron	1875.61	4.03009	75272.1	0	0
O17	15830.5	0.586858	75272.1	0	0
neutron	939.565	0.656181	76275.3	0	0
S34	31632.7	0.186126	76275.3	0	0
Cl35	32564.6	0.100566	92905.7	6640.75	6640.59
Na23	21409.2	0.108373	91327.6	6207.05	6206.93
Cl35	32564.6	0.189786	95244.6	8022.77	8022.22
Na23	21409.2	0.225012	79184.6	1343.66	1343.43
neutron	939.565	0.33766	74854.4	0	0
S34	31632.7	0.150827	74854.4	0	0
Cl35	32564.6	0.117084	99028.3	9510.87	9510.71
neutron	939.565	2.08411	75112.4	0	0
S34	31632.7	0.131348	75112.4	0	0
Na23	21409.2	0.210467	96151.4	8092.77	8092.49
Ne23	21414.1	0.219046	75355.2	0	0
Na23	21409.2	0.116041	85177.8	3971.3	3971.05
Na23	21409.2	0.169287	79086.5	43.0386	42.8141
Na23	21409.2	0.115489	95483	8161.73	8161.56
Cl35	32564.6	0.0759555	79652.6	1696.34	1696.04
S35	32565.3	0.163353	75663.7	0	0
neutron	939.565	1.86986	75303.7	0	0
S34	31632.7	0.275345	75303.7	0	0
Ne23	21414.1	0.232457	76444.4	0	0
Cl35	32564.6	0.131433	97728.5	9143.19	9142.95
Ne23	21414.1	0.220375	74962	0	0
Cl35	32564.6	0.0680145	77914.1	257.327	257.245
neutron	939.565	2.86165	77283.7	0	0
Ne22	20479.7	0.0364672	77283.7	0	0
Na23	21409.2	0.11921	98188.5	9250.56	9250.41
neutron	939.565	28.7141	75431.3	0	0
neutron	939.565	2.34122	75431.3	0	0
neutron	939.565	1.77691	75431.3	0	0
Ne20	18617.7	1.24226	75431.3	0	0
Cl35	32564.6	0.0895937	95125.6	8041.44	8041.33
Cl37	34424.8	0.113204	98992.3	9626.42	9626.06
S35	32565.3	0.149624	75020.4	0	0
neutron	939.565	7.05445	75410.2	0	0
proton	938.272	6.02825	75410.2	0	0
neutron	939.565	4.92665	75410.2	0	0
neutron	939.565	0.29532	75410.2	0	0
P31	28844.2	0.712822	75410.2	0	0
Cl37	34424.8	0.128729	79017.3	1730.65	1730.19
neutron	939.565	17.2208	74572.5	0	0
neutron	939.565	11.6795	74572.5	0	0
proton	938.272	2.65305	74572.5	0	0
neutron	939.565	0.128311	74572.5	0	0
F19	17692.3	0.195447	74572.5	0	0
neutron	939.565	0.65139	76239.6	0	0
S34	31632.7	0.25976	76239.6	0	0
Na23	21409.2	0.235743	82179.3	2640.56	2640.24
Na23	21409.2	0.220554	78024.6	1153.25	1153.02
S37	34430.2	0.144755	74988.6	0	0
neutron	939.565	8.45373	74579.8	0	0
neutron	939.565	0.472247	74579.8	0	0
Ne21	19550.5	0.944944	74579.8	0	0
Cl35	32564.6	0.16911	76695.7	462.135	461.932
Na23	21409.2	1.40026	97581.8	9080.63	9079.14
Cl35	32564.6	0.21676	89604.5	5518.85	5517.99
Cl37	34424.8	0.0654596	87432.4	4543.31	4543.22
Cl37	34424.8	0.123603	99705.3	9898.82	9898.46
S37	34430.2	0.136219	78334.8	0	0
Cl35	32564.6	0.205426	90191.8	6008.05	6007.66
neutron	939.565	0.0489427	74765.2	0	0
S34	31632.7	0.151388	74765.2	0	0
Cl35	32564.6	0.182351	99081.2	9521.7	9521.41
proton	938.272	8.18799	76779.2	0	0
neutron	939.565	3.50324	76779.2	0	0
neutron	939.565	2.0668	76779.2	0	0
neutron	939.565	0.0673169	76779.2	0	0
P31	28844.2	0.258101	76779.2	0	0
neutron	939.565	0.0567855	77746.3	0	0
S34	31632.7	0.16229	77746.3	0	0
Na23	21409.2	0.379031	99388.8	9775.68	9775.15
neutron	939.565	0.312251	78202.4	0	0
S34	31632.7	0.122605	78202.4	0	0
Na23	21409.2	0.134191	96634.3	8575.36	8574.31
Cl37	34424.8	0.0659654	90487.5	5106.53	5106.4
Na23	21409.2	0.20389	89100.4	4578.17	4577.81
neutron	939.565	1.06819	76894.2	0	0
S34	31632.7	0.16392	76894.2	0	0
Cl37	34424.8	0.527573	77954.9	707.943	707.362
neutron	939.565	3.1131	76134.4	0	0
S34	31632.7	0.269382	76134.4	0	0
Na23	21409.2	0.416905	92196.7	6293.99	6293.31
Cl35	32564.6	0.184766	83573.9	2997.73	2997.49
neutron	939.565	0.115899	75530.8	0	0
S36	33495	0.0978182	75530.8	0	0
Cl35	32564.6	0.112957	95915.8	7623.88	7623.64
Cl35	32564.6	0.206485	82000.2	1736.46	1736.21
S35	32565.3	0.144051	77196.3	0	0
Cl35	32564.6	0.0672165	87478.2	4941.41	4941.27
S37	34430.2	0.141089	77471.7	0	0
Cl35	32564.6	0.260092	78331.9	164.342	163.839
Cl35	32564.6	0.0755014	79891.7	1956.65	1955.97
S35	32565.3	0.156261	74690.7	0	0
neutron	939.565	0.366988	75031.9	0	0
Ne22	20479.7	0.252813	75031.9	0	0
neutron	939.565	5.75317	76014.1	0	0
neutron	939.565	1.39467	76014.1	0	0
neutron	939.565	0.974252	76014.1	0	0
Ne20	18617.7	0.666682	76014.1	0	0
Cl37	34424.8	0.196151	83255.2	2241.92	2241.33
S35	32565.3	0.158661	77105.4	0	0
Ne23	21414.1	0.207393	75834.7	0	0
Cl35	32564.6	0.0852598	87085.7	4265.27	4265.05
Na23	21409.2	0.418496	83921.2	2817.8	2817.27
Cl35	32564.6	0.0700752	81385.4	1831.93	1831.34
Na23	21409.2	0.130776	83856.4	2697.41	2697.02
neutron	939.565	1.69482	77157	0	0
Ne22	20479.7	0.386058	77157	0	0
Cl37	34424.8	0.180577	82688.1	2748.72	2748.33
neutron	939.565	5.87122	75863.5	0	0
neutron	939.565	4.79155	75863.5	0	0
neutron	939.565	1.55723	75863.5	0	0
S32	29773.6	0.409895	75863.5	0	0
proton	938.272	26.1138	76533.1	0	0
neutron	939.565	3.01586	76533.1	0	0
P35	32569.8	0.644856	76533.1	0	0
Cl35	32564.6	0.154208	99144.5	9326.24	9325.84
Cl35	32564.6	0.38326	87082.3	3818.52	3818.11
proton	938.272	139.979	83403.3	2332.61	1899.3
proton	938.272	3.25576	83403.3	2332.61	1899.3
S33	30704.6	0.0724572	83403.3	2332.61	1899.3
S37	34430.2	0.141866	78218.4	0	0
neutron	939.565	0.930317	79050.3	0	0
Ne22	20479.7	0.10354	79050.3	0	0
Cl35	32564.6	0.0834425	95644.3	8045.08	8044.9
neutron	939.565	12.9093	75705.2	0	0
neutron	939.565	6.54876	75705.2	0	0
neutron	939.565	1.56957	75705.2	0	0
Ne20	18617.7	0.631334	75705.2	0	0
Cl35	32564.6	0.0905884	87322.1	4314.9	4314.63
neutron	939.565	1.09303	76704.7	0	0
Ne22	20479.7	0.23482	76704.7	0	0
neutron	939.565	37.3502	79020.1	0	0
neutron	939.565	4.87891	79020.1	0	0
neutron	939.565	0.518806	79020.1	0	0
neutron	939.565	0.358072	79020.1	0	0
S33	30704.6	0.737419	79020.1	0	0
Cl37	34424.8	0.109502	85252.6	3580.25	3579.81
Na23	21409.2	0.463165	82711.2	2450.97	2450.43
neutron	939.565	1.19984	76555.3	0	0
Ne22	20479.7	0.265278	76555.3	0	0
Cl35	32564.6	0.232247	84962.3	3769.53	3769.19
S35	32565.3	0.166331	74928.7	0	0
neutron	939.565	8.6481	79466	0	0
neutron	939.565	3.55223	79466	0	0
neutron	939.565	0.664908	79466	0	0
S34	31632.7	0.586603	79466	0	0
Na23	21409.2	0.112161	99430.1	9801.59	9801.39
Cl35	32564.6	0.121604	89569.9	5651.94	5651.79
Na23	21409.2	0.283732	84914.7	3782.15	3781.77
neutron	939.565	5.25192	73918.3	0	0
neutron	939.565	2.88703	73918.3	0	0
Ne21	19550.5	0.76326	73918.3	0	0
Cl35	32564.6	0.0752329	78163.6	83.4568	83.3585
Cl37	34424.8	0.128053	97601.4	9085.26	9085.01
neutron	939.565	29.2203	76946.7	0	0
neutron	939.565	8.91991	76946.7	0	0
neutron	939.565	0.40039	76946.7	0	0
Ne20	18617.7	2.58889	76946.7	0	0
Ne23	21414.1	0.219247	79573.3	0	0
Na23	21409.2	0.137438	88544.5	5237.45	5237.31
Na23	21409.2	0.122337	95171.1	7958.56	7958.02
Cl35	32564.6	0.167898	86251.5	4492.1	4491.62
Cl35	32564.6	0.069573	78128	1154.48	1154.29
neutron	939.565	1.07492	75088.1	0	0
S34	31632.7	0.210597	75088.1	0	0
Na23	21409.2	0.460716	90288.9	4623.24	4622.7
Na23	21409.2	0.186504	99618.1	9850.27	9849.95
Cl35	32564.6	0.153407	95214.6	7788.38	7787.77
Na23	21409.2	0.466918	77889.5	496.162	495.622
proton	938.272	6.91573	76630.4	0	0
neutron	939.565	6.24348	76630.4	0	0
neutron	939.565	2.49675	76630.4	0	0
P32	29775.8	0.171445	76630.4	0	0
Cl35	32564.6	0.107218	91562.4	5928.81	5928.7
Na23	21409.2	0.154665	88438.2	4416.32	4416.1
Cl37	34424.8	0.0814509	89348.9	5473.69	5473.46
Na23	21409.2	0.158129	99648	9872.92	9872.72
Na23	21409.2	0.245386	89923.7	2333.55	2332.73
neutron	939.565	9.6407	83854.1	0	0
neutron	939.565	1.97768	83854.1	0	0
neutron	939.565	0.617179	83854.1	0	0
S34	31632.7	0.529193	83854.1	0	0
Ne23	21414.1	0.230007	74924.8	0	0
S35	32565.3	0.134628	75633.6	0	0
proton	938.272	5.67878	75545.4	0	0
neutron	939.565	5.5165	75545.4	0	0
neutron	939.565	4.81677	75545.4	0	0
neutron	939.565	0.610279	75545.4	0	0
P31	28844.2	0.0952372	75545.4	0	0
neutron	939.565	6.19688	75995.9	0	0
neutron	939.565	4.09655	75995.9	0	0
neutron	939.565	0.363794	75995.9	0	0
alpha	3727.38	17.649	75995.9	0	0
Si28	26053.2	2.50442	75995.9	0	0
neutron	939.565	2.11168	81275.9	0	0
Ne22	20479.7	0.139273	81275.9	0	0
neutron	939.565	4.91277	76842.1	0	0
neutron	939.565	4.7594	76842.1	0	0
neutron	939.565	4.47078	76842.1	0	0
Ne20	18617.7	0.100409	76842.1	0	0
Cl35	32564.6	0.104734	93352.2	7070.76	7070.61
Na23	21409.2	0.113996	93146.6	6995.98	6995.45
neutron	939.565	1.47964	76342.5	0	0
neutron	939.565	0.281798	76342.5	0	0
alpha	3727.38	13.4738	76342.5	0	0
Si29	26984.3	1.41791	76342.5	0	0
Cl35	32564.6	0.0918483	80074.1	1657.14	1656.9
Cl35	32564.6	0.17539	85207.9	3903	3902.55
neutron	939.565	45.1386	75570.2	0	0
neutron	939.565	8.97992	75570.2	0	0
neutron	939.565	4.92638	75570.2	0	0
alpha	3727.38	5.90834	75570.2	0	0
O16	14895.1	0.771639	75570.2	0	0
Cl35	32564.6	0.0824025	81298.9	2084.11	2083.85
neutron	939.565	3.95297	75518.8	0	0
neutron	939.565	2.40781	75518.8	0	0
S35	32565.3	0.22239	75518.8	0	0
Na23	21409.2	0.141331	84604.6	2943.47	2943.26
S37	34430.2	0.134497	77119.3	0	0
Na23	21409.2	0.110492	98874.8	9436.17	9435.94
proton	938.272	21.1184	75403.2	0	0
neutron	939.565	7.98574	75403.2	0	0
neutron	939.565	4.21198	75403.2	0	0
neutron	939.565	1.88575	75403.2	0	0
P33	30705.3	0.236154	75403.2	0	0
Na23	21409.2	0.730827	88991.6	5577.76	5576.55
Na23	21409.2	0.238128	75868.4	355.101	354.86
Cl37	34424.8	0.0654478	86747.8	4085.12	4084.97
Na23	21409.2	0.282812	81876.7	1730.6	1730.26
Cl35	32564.6	0.0934851	77931	905.786	905.524
Na23	21409.2	0.142431	76243.4	312.709	312.461
neutron	939.565	2.2138	75495.5	0	0
neutron	939.565	1.90167	75495.5	0	0
alpha	3727.38	6.83669	75495.5	0	0
Si29	26984.3	0.680526	75495.5	0	0
S37	34430.2	0.139901	76701.3	0	0
neutron	939.565	5.95139	76172.7	0	0
neutron	939.565	1.3164	76172.7	0	0
Ne21	19550.5	0.166462	76172.7	0	0
Cl35	32564.6	0.067731	87401.5	3443.1	3442.92
Cl35	32564.6	0.102091	85167.7	2343.5	2343.26
neutron	939.565	7.69631	78967.7	0	0
neutron	939.565	1.44026	78967.7	0	0
alpha	3727.38	6.3838	78967.7	0	0
Si29	26984.3	1.43438	78967.7	0	0
neutron	939.565	20.8128	74627.9	0	0
neutron	939.565	4.18933	74627.9	0	0
neutron	939.565	0.983117	74627.9	0	0
S32	29773.6	0.802874	74627.9	0	0
Cl35	32564.6	0.122344	98898.4	9526.35	9525.69
Na23	21409.2	0.538702	90352.3	5445.12	5444.04
Na23	21409.2	0.236668	95258.8	7774.83	7774.22
Cl35	32564.6	0.152095	91179.8	6026.88	6026.23
neutron	939.565	0.0876791	76997	0	0
Ne22	20479.7	0.202677	76997	0	0
neutron	939.565	3.41628	74728.8	0	0
Ne22	20479.7	0.0700179	74728.8	0	0
neutron	939.565	1.95163	79325.7	0	0
neutron	939.565	1.57763	79325.7	0	0
S33	30704.6	0.375697	79325.7	0	0
Cl37	34424.8	0.0710491	98521	9331.63	9331.51
Cl37	34424.8	0.109624	91611.4	6449.99	6449.87
neutron	939.565	11.4579	75085.9	0	0
neutron	939.565	6.12761	75085.9	0	0
neutron	939.565	3.63452	75085.9	0	0
neutron	939.565	1.05954	75085.9	0	0
S33	30704.6	0.366192	75085.9	0	0
Cl35	32564.6	0.0718618	95817.7	8392.62	8392.14
Ne23	21414.1	0.227337	79431.9	0	0
Na23	21409.2	0.223744	85827.6	4168.92	4168.63
Cl37	34424.8	0.0732222	84354.9	3570.23	3570.1
Cl35	32564.6	0.0675865	84734.5	3826.67	3826.25
neutron	939.565	2.27703	75563.1	0	0
Ne22	20479.7	0.179618	75563.1	0	0
Na23	21409.2	0.203656	76727.7	268.157	267.898
neutron	939.565	0.487466	76092.4	0	0
S34	31632.7	0.07786	76092.4	0	0
Cl35	32564.6	0.183839	90502.1	5698.3	5698.05
Cl35	32564.6	0.110063	78068.1	648.284	647.895
S37	34430.2	0.137663	76436.7	0	0
neutron	939.565	20.8177	73600.7	0	0
neutron	939.565	3.42568	73600.7	0	0
neutron	939.565	2.87395	73600.7	0	0
S32	29773.6	0.453671	73600.7	0	0
Cl35	32564.6	0.370141	88701.6	5458.25	5457.66
Cl35	32564.6	0.0741847	78710.2	916.058	915.803
Cl35	32564.6	0.249421	77722.1	550.104	549.852
S35	32565.3	0.144926	76349.4	0	0
Na23	21409.2	0.200778	96746.5	8692.62	8692.14
Cl37	34424.8	0.376437	96018.5	8399.28	8398.75
Cl35	32564.6	0.0673275	86010.8	4210.36	4210.25
Cl35	32564.6	0.0871773	78779.2	1495.04	1494.84
Na23	21409.2	0.666944	78358.5	1450.61	1449.69
neutron	939.565	1.18019	74358.6	0	0
S34	31632.7	0.131567	74358.6	0	0
neutron	939.565	2.44424	79142.7	0	0
deuteron	1875.61	3.58136	79142.7	0	0
deuteron	1875.61	6.04851	79142.7	0	0
O18	16762	0.425602	79142.7	0	0
Na23	21409.2	0.115638	79984.5	1785.15	1784.95
Cl35	32564.6	0.164914	81752.7	2560.98	2560.73
S35	32565.3	0.161938	75502.4	0	0
Na23	21409.2	0.127392	93438.5	7404.04	7403.87
Cl35	32564.6	0.154225	96274.2	8588.11	8587.93
Na23	21409.2	0.196853	94017.2	7629.06	7628.82
Cl35	32564.6	0.0818304	91508.1	6664.53	6664.29
Na23	21409.2	0.11601	99942.4	9978.23	9978.03
Cl35	32564.6	0.119342	88703.7	4559.46	4559.03
Na23	21409.2	0.201201	81459.8	1603.31	1603.1
S35	32565.3	0.140616	77317.8	0	0
neutron	939.565	6.22862	74855.9	0	0
Ne22	20479.7	0.233133	74855.9	0	0
Cl35	32564.6	0.234471	87190.8	4556.11	4555.71
proton	938.272	13.2697	76451.8	0	0
neutron	939.565	3.22303	76451.8	0	0
neutron	939.565	1.95577	76451.8	0	0
neutron	939.565	1.52081	76451.8	0	0
F19	17692.3	0.675184	76451.8	0	0
Cl35	32564.6	0.0827929	86090.6	4297.95	4297.26
neutron	939.565	6.53513	75964.7	0	0
neutron	939.565	2.9866	75964.7	0	0
neutron	939.565	2.70051	75964.7	0	0
Ne20	18617.7	0.972667	75964.7	0	0
Cl35	32564.6	0.119856	82120.1	2292.19	2292.04
neutron	939.565	8.39738	76202.5	0	0
neutron	939.565	5.83833	76202.5	0	0
neutron	939.565	3.45588	76202.5	0	0
alpha	3727.38	8.08774	76202.5	0	0
O16	14895.1	0.650197	76202.5	0	0
neutron	939.565	0.34923	76886.5	0	0
S34	31632.7	0.115501	76886.5	0	0
neutron	939.565	1.68599	76162.6	0	0
S34	31632.7	0.0660797	76162.6	0	0
neutron	939.565	6.27215	77232.9	0	0
neutron	939.565	1.21712	77232.9	0	0
Ne21	19550.5	0.901034	77232.9	0	0
Cl37	34424.8	0.197588	88702.4	5204.04	5203.79
Cl35	32564.6	0.132478	82323.5	2684.31	2684.15
proton	938.272	4.70701	75399.9	0	0
neutron	939.565	2.18363	75399.9	0	0
P33	30705.3	0.470953	75399.9	0	0
Cl37	34424.8	0.29781	95237.8	8019.79	8019.46
Na23	21409.2	0.150625	98550.4	8936.85	8936.48
Na23	21409.2	0.142192	77553.1	126.414	125.939
neutron	939.565	0.200996	77339.2	0	0
S34	31632.7	0.183919	77339.2	0	0
Cl37	34424.8	0.246109	79894.5	607.143	606.731
Cl35	32564.6	0.0686298	91671.4	6273.34	6272.95
Cl37	34424.8	0.203021	76804.2	138.523	138.275
neutron	939.565	6.71691	76575.6	0	0
neutron	939.565	6.29362	76575.6	0	0
proton	938.272	5.17945	76575.6	0	0
P32	29775.8	0.0360276	76575.6	0	0
Na23	21409.2	0.257179	93742.3	7483.53	7483
Na23	21409.2	0.154848	75856.8	136.041	135.493
neutron	939.565	0.111643	75589.9	0	0
S34	31632.7	0.122312	75589.9	0	0
Cl37	34424.8	0.0698232	98965.2	9369.31	9369.19
Cl35	32564.6	0.0797563	91174.5	6180.91	6180.71
neutron	939.565	9.10174	76209.7	0	0
neutron	939.565	3.68176	76209.7	0	0
neutron	939.565	1.78155	76209.7	0	0
S32	29773.6	1.129	76209.7	0	0
Na23	21409.2	0.116615	90807.8	5080.05	5079.74
S35	32565.3	0.159474	77798.8	0	0
Na23	21409.2	0.202749	83779.2	3000.8	3000.43
neutron	939.565	4.31389	77300.7	0	0
neutron	939.565	0.336729	77300.7	0	0
He3	2808.39	7.18259	77300.7	0	0
Si32	29776.6	0.412396	77300.7	0	0
Cl35	32564.6	0.0820514	81108.4	2238.17	2238.07
neutron	939.565	0.303569	75361.3	0	0
Ne22	20479.7	0.308361	75361.3	0	0
neutron	939.565	0.289402	75856.4	0	0
S34	31632.7	0.136136	75856.4	0	0
neutron	939.565	5.1423	74121.5	0	0
neutron	939.565	1.83059	74121.5	0	0
neutron	939.565	1.35762	74121.5	0	0
Ne20	18617.7	0.19648	74121.5	0	0
Cl35	32564.6	0.0713014	98810.9	9536.75	9536.53
Na23	21409.2	0.429011	97506	9014.79	9014.23
S35	32565.3	0.150329	75695	0	0
neutron	939.565	0.287957	77970	0	0
S34	31632.7	0.173294	77970	0	0
Cl37	34424.8	0.0676479	77966.3	628.607	628.408
neutron	939.565	2.86377	76262.2	0	0
neutron	939.565	2.67147	76262.2	0	0
neutron	939.565	0.848331	76262.2	0	0
alpha	3727.38	4.59062	76262.2	0	0
O16	14895.1	0.818894	76262.2	0	0
Na23	21409.2	0.110781	87558	3024.38	3024.06
neutron	939.565	1.16982	79694	0	0
S36	33495	0.0594597	79694	0	0
Cl35	32564.6	0.108438	82537.1	2581.59	2581.48
Cl35	32564.6	0.06759	77277.4	585.001	584.659
neutron	939.565	6.5268	75690.4	0	0
neutron	939.565	2.6761	75690.4	0	0
neutron	939.565	1.10539	75690.4	0	0
Ne20	18617.7	1.00476	75690.4	0	0
Na23	21409.2	0.114862	99074	9475.01	9474.58
Cl35	32564.6	0.196731	86411	4335.2	4334.56
Cl35	32564.6	0.334568	79211	1508.57	1508.23
neutron	939.565	6.09337	75190.5	0	0
proton	938.272	5.90065	75190.5	0	0
neutron	939.565	1.0363	75190.5	0	0
neutron	939.565	0.709401	75190.5	0	0
P33	30705.3	0.148385	75190.5	0	0
neutron	939.565	13.6725	78937.3	0	0
neutron	939.565	0.794355	78937.3	0	0
alpha	3727.38	12.6278	78937.3	0	0
Si29	26984.3	0.797568	78937.3	0	0
Cl35	32564.6	0.193803	91413.7	6087.66	6087.32
Ne23	21414.1	0.217492	76131.2	0	0
Cl35	32564.6	0.0699474	97812.7	9020.84	9020.51
Cl35	32564.6	0.0686644	96773.7	8517.01	8516.92
S35	32565.3	0.160972	78208.7	0	0
Na23	21409.2	0.301069	93817.1	7502.6	7501.82
Na23	21409.2	0.299718	99992.7	9997.49	9997.14
Cl35	32564.6	0.0946386	90500.2	5646.72	5646.55
proton	938.272	167.001	93019	7179.44	6778.34
proton	938.272	102.564	93019	7179.44	6778.34
neutron	939.565	29.1707	93019	7179.44	6778.34
neutron	939.565	15.1462	93019	7179.44	6778.34
neutron	939.565	6.04323	93019	7179.44	6778.34
deuteron	1875.61	6.47129	93019	7179.44	6778.34
alpha	3727.38	3.50372	93019	7179.44	6778.34
C12	11174.9	2.59383	93019	7179.44	6778.34
Cl37	34424.8	0.10546	91004.6	5997.05	5996.65
neutron	939.565	3.139	76789.4	0	0
neutron	939.565	0.172574	76789.4	0	0
Ne21	19550.5	0.228639	76789.4	0	0
neutron	939.565	3.05499	75661.4	0	0
neutron	939.565	1.37655	75661.4	0	0
neutron	939.565	0.920143	75661.4	0	0
Ne20	18617.7	0.276428	75661.4	0	0
neutron	939.565	9.90292	75050.7	0	0
neutron	939.565	0.121296	75050.7	0	0
Ne21	19550.5	0.555922	75050.7	0	0
Cl35	32564.6	0.158187	80750	2143.88	2143.52
neutron	939.565	4.35969	74979.6	0	0
neutron	939.565	2.36586	74979.6	0	0
proton	938.272	1.56921	74979.6	0	0
F20	18625.3	0.630397	74979.6	0	0
Cl35	32564.6	0.103556	75308.4	471.236	470.917
neutron	939.565	8.54407	74064	0	0
triton	2808.92	4.49739	74064	0	0
F19	17692.3	1.28999	74064	0	0
Cl35	32564.6	0.29208	76129.4	210.316	209.99
neutron	939.565	22.9445	75725.3	0	0
neutron	939.565	2.16099	75725.3	0	0
neutron	939.565	1.41063	75725.3	0	0
S32	29773.6	0.725975	75725.3	0	0
Ne23	21414.1	0.224268	76463.2	0	0
Ne23	21414.1	0.215766	75902.6	0	0
Na23	21409.2	0.118864	94869.4	7119.4	7119.15
Na23	21409.2	0.108757	92508.2	6065.03	6064.84
neutron	939.565	0.125617	77582.9	0	0
S34	31632.7	0.111591	77582.9	0	0
Cl35	32564.6	0.0737355	94207.7	7563.27	7562.97
Cl35	32564.6	0.127228	78416	448.281	448.066
Ne23	21414.1	0.231397	77356.7	0	0
S37	34430.2	0.141385	74952.6	0	0
S35	32565.3	0.166404	75724.6	0	0
neutron	939.565	0.12593	77384.6	0	0
S36	33495	0.143603	77384.6	0	0
Cl35	32564.6	0.12376	85186	3525.05	3524.74
S35	32565.3	0.154493	76655	0	0
S37	34430.2	0.136059	76202.3	0	0
neutron	939.565	3.08137	75719.5	0	0
Ne22	20479.7	0.240383	75719.5	0	0
Cl35	32564.6	0.0669866	84576.2	3704.73	3704.31
neutron	939.565	6.40991	77351.2	0	0
neutron	939.565	4.37365	77351.2	0	0
neutron	939.565	3.73746	77351.2	0	0
proton	938.272	3.67421	77351.2	0	0
P31	28844.2	0.351966	77351.2	0	0
proton	938.272	5.84247	74664.3	0	0
neutron	939.565	3.6612	74664.3	0	0
neutron	939.565	0.989671	74664.3	0	0
deuteron	1875.61	9.29263	74664.3	0	0
Si30	27913.2	0.516166	74664.3	0	0
Na23	21409.2	0.158483	81969.6	2482.8	2482.61
Ne23	21414.1	0.23139	75287.5	0	0
Na23	21409.2	0.245187	96499.7	8492.3	8491.87
neutron	939.565	11.9726	75905.2	0	0
proton	938.272	3.74509	75905.2	0	0
neutron	939.565	2.98438	75905.2	0	0
neutron	939.565	0.49234	75905.2	0	0
alpha	3727.38	3.18878	75905.2	0	0
N15	13968.9	2.04835	75905.2	0	0
Na23	21409.2	0.135936	82003.6	2423.94	2423.67
Cl37	34424.8	0.068532	77576.8	49.0916	48.7763
Cl37	34424.8	0.0809248	86949.5	4446.3	4445.95
neutron	939.565	21.7478	80162.8	0	0
neutron	939.565	3.67919	80162.8	0	0
neutron	939.565	2.74563	80162.8	0	0
neutron	939.565	2.4574	80162.8	0	0
S33	30704.6	0.750328	80162.8	0	0
Cl37	34424.8	0.170602	90180.6	6001.08	6000.85
S35	32565.3	0.15371	76795.3	0	0
neutron	939.565	0.38757	75808.4	0	0
Ne22	20479.7	0.274214	75808.4	0	0
Na23	21409.2	0.147551	80221.7	1978.46	1978.01
Na23	21409.2	0.120692	86544	4088.72	4088.53
neutron	939.565	1.01583	76730.9	0	0
Ne22	20479.7	0.196551	76730.9	0	0
S35	32565.3	0.163581	75690	0	0
Ne23	21414.1	0.229542	78276.9	0	0
Ne23	21414.1	0.218754	75041.8	0	0
neutron	939.565	0.401506	75768.2	0	0
S36	33495	0.0856659	75768.2	0	0
Cl35	32564.6	0.459707	87042.9	4419.51	4418.83
Na23	21409.2	0.18835	96476.3	8664.51	8664.29
Ne23	21414.1	0.213421	75428.9	0	0
S37	34430.2	0.131187	77347.5	0	0
Cl37	34424.8	0.0688326	95968.7	7802.38	7802.07
neutron	939.565	1.33211	76729.6	0	0
Ne22	20479.7	0.470179	76729.6	0	0
neutron	939.565	43.8034	77223.7	0	0
neutron	939.565	8.42286	77223.7	0	0
neutron	939.565	4.7901	77223.7	0	0
S32	29773.6	0.838883	77223.7	0	0
neutron	939.565	1.35929	75944.9	0	0
Ne22	20479.7	0.460167	75944.9	0	0
Na23	21409.2	0.152775	85730.6	3881.8	3881.64
Cl35	32564.6	0.313584	77563.5	217.393	217.073
neutron	939.565	6.54327	77107.2	0	0
Ne22	20479.7	0.0645999	77107.2	0	0
Cl35	32564.6	0.0703623	87975.3	4816.94	4816.7
Cl35	32564.6	0.128269	79586.1	1600.33	1599.91
S35	32565.3	0.155058	75378.8	0	0
Cl37	34424.8	0.0704296	87257.1	4302.03	4301.82
neutron	939.565	1.11407	77063.9	0	0
S34	31632.7	0.172068	77063.9	0	0
neutron	939.565	0.540723	76014.5	0	0
Ne22	20479.7	0.355958	76014.5	0	0
Ne23	21414.1	0.233885	76651.4	0	0
Cl37	34424.8	0.0680609	85036.3	3494.05	3493.9
Ne23	21414.1	0.218834	75678.2	0	0
Na23	21409.2	0.25444	92453.7	6928.93	6928.54
neutron	939.565	12.6508	75055.7	0	0
neutron	939.565	5.02558	75055.7	0	0
deuteron	1875.61	4.54864	75055.7	0	0
alpha	3727.38	9.84395	75055.7	0	0
N15	13968.9	0.160361	75055.7	0	0
proton	938.272	9.6028	76405.4	0	0
neutron	939.565	6.93205	76405.4	0	0
neutron	939.565	0.520589	76405.4	0	0
P32	29775.8	0.198701	76405.4	0	0
Na23	21409.2	0.106274	94690.9	7653.5	7653.35
Cl35	32564.6	0.0850335	88508.8	4339.82	4339.65
Cl37	34424.8	0.0709078	84170.6	3123.01	3122.55
neutron	939.565	0.517247	75770.5	0	0
S34	31632.7	0.170171	75770.5	0	0
Na23	21409.2	0.113801	77109.4	659.432	659.084
Cl35	32564.6	0.197665	82727.7	2661.13	2660.77
Cl35	32564.6	0.0786744	80301.7	1724.08	1723.79
neutron	939.565	1.03254	75668.5	0	0
S34	31632.7	0.175541	75668.5	0	0
Cl35	32564.6	1.12073	94864.1	8020.33	8018.82
Cl37	34424.8	0.149973	81277.2	2703.91	2702.74
neutron	939.565	0.417418	74898.8	0	0
S36	33495	0.197423	74898.8	0	0
Cl35	32564.6	0.102309	97061.4	8831.53	8831.19
Cl37	34424.8	0.44077	87983	5002.12	5001.63
neutron	939.565	11.876	75421.6	0	0
proton	938.272	6.16329	75421.6	0	0
neutron	939.565	4.2334	75421.6	0	0
neutron	939.565	0.669873	75421.6	0	0
P31	28844.2	0.31534	75421.6	0	0
Na23	21409.2	0.157562	94863.1	7849.57	7849.29
Na23	21409.2	0.115913	92702.5	7028.23	7027.92
Na23	21409.2	0.231045	87688.3	5170.52	5170.26
neutron	939.565	2.70194	75212.7	0	0
S34	31632.7	0.0807013	75212.7	0	0
Cl35	32564.6	0.263415	90880.1	6297.81	6297.4
Ne23	21414.1	0.228889	76289.2	0	0
Na23	21409.2	0.117083	88152.5	4965.9	4965.72
neutron	939.565	8.99968	75042.3	0	0
neutron	939.565	6.88044	75042.3	0	0
neutron	939.565	5.8363	75042.3	0	0
alpha	3727.38	10.9778	75042.3	0	0
alpha	3727.38	6.73863	75042.3	0	0
C12	11174.9	1.62596	75042.3	0	0
Cl35	32564.6	0.143356	87185.8	4791.16	4790.83
Na23	21409.2	0.123882	76233.7	232.567	232.396
neutron	939.565	30.5471	75691	0	0
proton	938.272	7.39008	75691	0	0
neutron	939.565	0.542602	75691	0	0
F20	18625.3	1.37679	75691	0	0
neutron	939.565	6.66162	75400.9	0	0
proton	938.272	2.31668	75400.9	0	0
neutron	939.565	1.61756	75400.9	0	0
neutron	939.565	1.22842	75400.9	0	0
neutron	939.565	1.02423	75400.9	0	0
P32	29775.8	0.488471	75400.9	0	0
Na23	21409.2	0.182522	89794.4	5502.98	5502.49
neutron	939.565	15.7061	75380.6	0	0
proton	938.272	5.40816	75380.6	0	0
neutron	939.565	4.21897	75380.6	0	0
neutron	939.565	0.434684	75380.6	0	0
P31	28844.2	0.194998	75380.6	0	0
Cl35	32564.6	0.15547	78680.1	1228.7	1228.11
Cl37	34424.8	0.363673	81427.4	2125.15	2124.75
Na23	21409.2	0.28971	80178.2	1565.74	1565.12
neutron	939.565	0.323383	75963.4	0	0
Ne22	20479.7	0.211597	75963.4	0	0
Na23	21409.2	0.192194	86418.6	4265.04	4263.96
Cl35	32564.6	0.188974	80995.9	2025.35	2025.03
Cl35	32564.6	0.168925	82066.8	2509.98	2509.71
Ne23	21414.1	0.232151	75525	0	0
proton	938.272	416.505	89622.2	5169.94	4341.32
proton	938.272	166.976	89622.2	5169.94	4341.32
neutron	939.565	2.07764	89622.2	5169.94	4341.32
neutron	939.565	0.828335	89622.2	5169.94	4341.32
O19	17697.6	3.14249	89622.2	5169.94	4341.32
Cl37	34424.8	0.0839074	96150.3	8309.23	8309.08
neutron	939.565	16.4397	78248.6	0	0
neutron	939.565	2.25339	78248.6	0	0
proton	938.272	0.867793	78248.6	0	0
triton	2808.92	1.63531	78248.6	0	0
O17	15830.5	3.23568	78248.6	0	0
Cl35	32564.6	0.131091	98326.5	9301.63	9301.16
S35	32565.3	0.163342	77170.5	0	0
Na23	21409.2	0.210013	82450.9	2480.26	2479.71
Cl35	32564.6	0.264369	90559.8	5235.15	5234.63
neutron	939.565	1.20261	77133.5	0	0
S34	31632.7	0.27012	77133.5	0	0
neutron	939.565	37.2271	99677.2	9814.43	9249.86
neutron	939.565	35.6023	99677.2	9814.43	9249.86
neutron	939.565	13.5605	99677.2	9814.43	9249.86
proton	938.272	3.84325	99677.2	9814.43	9249.86
proton	938.272	2.86071	99677.2	9814.43	9249.86
Si30	27913.2	3.1896	99677.2	9814.43	9249.86
Cl37	34424.8	0.338836	93933.8	7391.14	7390.7
Na23	21409.2	0.204967	81507.6	2256.73	2256.37
S35	32565.3	0.154012	75404.4	0	0
Cl35	32564.6	0.0925108	99456.8	9760.79	9760.54
Na23	21409.2	0.113364	93776.9	7299.7	7299.53
neutron	939.565	0.206722	74976.4	0	0
S34	31632.7	0.148846	74976.4	0	0
Cl35	32564.6	0.0719897	86305.2	4375.79	4375.57
Cl35	32564.6	0.0861201	98116.6	9223.13	9223.04
Ne23	21414.1	0.22657	75471.4	0	0
Cl35	32564.6	0.195139	98108.2	9227.97	9227.77
neutron	939.565	1.36116	78639.9	0	0
Ne22	20479.7	0.253357	78639.9	0	0
neutron	939.565	0.680883	76159.1	0	0
S34	31632.7	0.183203	76159.1	0	0
Cl35	32564.6	0.129873	86297.7	3323.41	3323.06
neutron	939.565	13.8051	78070.2	0	0
neutron	939.565	10.4991	78070.2	0	0
neutron	939.565	9.27235	78070.2	0	0
proton	938.272	5.79489	78070.2	0	0
F19	17692.3	2.70729	78070.2	0	0
Cl35	32564.6	0.203372	93130.8	6861.49	6861.07
neutron	939.565	17.3227	76289.7	0	0
neutron	939.565	4.49415	76289.7	0	0
neutron	939.565	4.45315	76289.7	0	0
Ne20	18617.7	1.22897	76289.7	0	0
neutron	939.565	41.1577	76228.5	0	0
neutron	939.565	4.59854	76228.5	0	0
proton	938.272	3.55868	76228.5	0	0
neutron	939.565	2.42644	76228.5	0	0
F19	17692.3	1.47834	76228.5	0	0
neutron	939.565	11.673	76284.7	0	0
proton	938.272	4.82393	76284.7	0	0
neutron	939.565	2.75325	76284.7	0	0
neutron	939.565	2.34088	76284.7	0	0
P31	28844.2	1.84305	76284.7	0	0
Cl37	34424.8	0.0646803	98789.9	9548.27	9548.01
neutron	939.565	0.470734	76319.1	0	0
S34	31632.7	0.157189	76319.1	0	0
Cl35	32564.6	0.0852388	76308	196.232	195.995
Na23	21409.2	0.301004	98390.6	9317.99	9317.37
Na23	21409.2	0.115344	94045.3	7458.05	7457.89
Cl35	32564.6	0.261908	83204.9	2967	2966.63
Cl37	34424.8	0.0917227	84902.9	3699.31	3699.19
neutron	939.565	2.04041	75509.8	0	0
S34	31632.7	0.104037	75509.8	0	0
Cl35	32564.6	0.129956	76293.3	261.798	261.594
neutron	939.565	1.34197	75696.3	0	0
Ne22	20479.7	0.054304	75696.3	0	0
neutron	939.565	0.221045	77267.6	0	0
Ne22	20479.7	0.155898	77267.6	0	0
neutron	939.565	11.7064	80902.4	0	0
neutron	939.565	6.30887	80902.4	0	0
proton	938.272	3.14714	80902.4	0	0
neutron	939.565	2.94628	80902.4	0	0
P31	28844.2	0.138058	80902.4	0	0
Cl35	32564.6	0.0764505	89297.5	5803.66	5803.52
neutron	939.565	14.4776	74844	0	0
neutron	939.565	4.93117	74844	0	0
neutron	939.565	2.90486	74844	0	0
Ne20	18617.7	0.357245	74844	0	0
Cl35	32564.6	0.0963735	97190.7	8864.38	8864.18
Na23	21409.2	0.211619	96054.6	8335.56	8334.56
Na23	21409.2	0.262845	93351.4	7082.95	7082.68
neutron	939.565	3.58899	75424.1	0	0
neutron	939.565	2.02663	75424.1	0	0
neutron	939.565	0.744405	75424.1	0	0
Ne20	18617.7	0.629327	75424.1	0	0
neutron	939.565	1.48741	76617.8	0	0
Ne22	20479.7	0.283569	76617.8	0	0
Cl35	32564.6	0.401887	99976	9992.76	9991.91
Na23	21409.2	0.205909	89647.6	5401.65	5401.4
Cl35	32564.6	0.0936498	83130.1	2562.11	2561.99
Na23	21409.2	0.141598	99443.1	9776.59	9776.29
S35	32565.3	0.142168	78188.7	0	0
Na23	21409.2	0.142792	97283.7	8827.95	8826.76
Cl35	32564.6	0.454189	95348	8027.24	8026.57
neutron	939.565	6.04452	76105.6	0	0
neutron	939.565	0.71232	76105.6	0	0
Ne21	19550.5	0.737592	76105.6	0	0
Cl35	32564.6	0.067295	78830.6	879.003	878.781
neutron	939.565	0.340915	76427.2	0	0
S34	31632.7	0.201214	76427.2	0	0
neutron	939.565	0.70813	75517.7	0	0
Ne22	20479.7	0.307362	75517.7	0	0
Cl37	34424.8	0.0676461	96308.4	8556.11	8555.73
Na23	21409.2	0.118552	87978.1	4829.17	4828.96
neutron	939.565	0.891853	76508.8	0	0
S34	31632.7	0.11381	76508.8	0	0
Ne23	21414.1	0.200482	76982.6	0	0
neutron	939.565	21.3017	77199.3	0	0
neutron	939.565	13.6654	77199.3	0	0
neutron	939.565	2.48225	77199.3	0	0
Ne20	18617.7	0.312787	77199.3	0	0
neutron	939.565	38.004	75439.3	0	0
neutron	939.565	5.54126	75439.3	0	0
neutron	939.565	3.45564	75439.3	0	0
alpha	3727.38	5.90873	75439.3	0	0
O16	14895.1	2.71934	75439.3	0	0
neutron	939.565	8.6021	76898.7	0	0
neutron	939.565	2.46865	76898.7	0	0
Ne21	19550.5	0.990413	76898.7	0	0
Ne23	21414.1	0.220494	75773.9	0	0
neutron	939.565	34.3442	76151.1	0	0
proton	938.272	4.32941	76151.1	0	0
neutron	939.565	1.79781	76151.1	0	0
neutron	939.565	0.226546	76151.1	0	0
P31	28844.2	1.41735	76151.1	0	0
Na23	21409.2	0.361883	80049.8	1865.7	1865.19
Cl35	32564.6	0.0710024	75900.9	232.591	232.394
Ne23	21414.1	0.219024	75419.7	0	0
neutron	939.565	0.133036	75090.7	0	0
Ne22	20479.7	0.295902	75090.7	0	0
Cl37	34424.8	0.215853	86386.5	4240.97	4240.73
S35	32565.3	0.161824	76021.8	0	0
proton	938.272	62.2847	96610.5	8349.42	8018.05
neutron	939.565	23.0034	96610.5	8349.42	8018.05
proton	938.272	21.306	96610.5	8349.42	8018.05
proton	938.272	19.9541	96610.5	8349.42	8018.05
neutron	939.565	15.3193	96610.5	8349.42	8018.05
neutron	939.565	9.25561	96610.5	8349.42	8018.05
neutron	939.565	8.97345	96610.5	8349.42	8018.05
proton	938.272	8.76523	96610.5	8349.42	8018.05
proton	938.272	7.52378	96610.5	8349.42	8018.05
neutron	939.565	4.11558	96610.5	8349.42	8018.05
neutron	939.565	2.89786	96610.5	8349.42	8018.05
proton	938.272	1.53242	96610.5	8349.42	8018.05
deuteron	1875.61	14.638	96610.5	8349.42	8018.05
Ne21	19550.5	3.19651	96610.5	8349.42	8018.05
neutron	939.565	9.22926	77854.1	0	0
neutron	939.565	0.8436	77854.1	0	0
Ne21	19550.5	0.118143	77854.1	0	0
Cl35	32564.6	0.0778859	88585.2	5529.96	5529.83
Cl37	34424.8	0.128001	85097.1	3368.27	3368.11
proton	938.272	10.4851	77754.8	0	0
neutron	939.565	3.44224	77754.8	0	0
neutron	939.565	3.43948	77754.8	0	0
proton	938.272	2.46914	77754.8	0	0
neutron	939.565	2.12143	77754.8	0	0
neutron	939.565	2.09449	77754.8	0	0
neutron	939.565	1.83788	77754.8	0	0
Si30	27913.2	1.16227	77754.8	0	0
Cl35	32564.6	0.114557	97530.9	9039.05	9038.42
S35	32565.3	0.143638	75324.2	0	0
Cl35	32564.6	0.121638	78110.6	51.6299	51.5026
Ne23	21414.1	0.21696	78064.3	0	0
Cl35	32564.6	0.170096	78810	847.047	846.691
Na23	21409.2	0.196537	77904.4	523.097	522.664
S37	34430.2	0.141552	76532.2	0	0
Na23	21409.2	0.184849	97282	8732.86	8732.64
Cl35	32564.6	0.0698941	82070.7	2325.35	2325.27
Cl37	34424.8	0.149672	98123.3	9244.98	9244.78
Na23	21409.2	0.134585	84102.4	2796.13	2795.98
neutron	939.565	9.63293	76802.3	0	0
neutron	939.565	2.70599	76802.3	0	0
Ne21	19550.5	0.742744	76802.3	0	0
Cl35	32564.6	0.177152	79774	1657.78	1657.26
neutron	939.565	0.546954	74592.9	0	0
Ne22	20479.7	0.304889	74592.9	0	0
Na23	21409.2	0.135585	93115.8	6110.2	6110.02
Cl35	32564.6	0.149184	86067.1	2290.24	2290.01
neutron	939.565	1.39499	80210.4	0	0
neutron	939.565	0.411205	80210.4	0	0
S33	30704.6	0.0896446	80210.4	0	0
Cl35	32564.6	0.0671346	97860.1	9031.47	9031.12
neutron	939.565	0.79495	76159.1	0	0
Ne22	20479.7	0.266408	76159.1	0	0
Cl35	32564.6	0.755566	84007.7	3533.68	3532.45
Ne23	21414.1	0.228623	75757.6	0	0
Na23	21409.2	0.169845	81357.8	2106.14	2105.67
neutron	939.565	6.83268	75484	0	0
neutron	939.565	3.59857	75484	0	0
neutron	939.565	1.53848	75484	0	0
Ne20	18617.7	0.288825	75484	0	0
Cl35	32564.6	0.390815	75604.8	102.996	102.465
neutron	939.565	2.0754	75460.2	0	0
S34	31632.7	0.0996561	75460.2	0	0
Na23	21409.2	0.150171	96536.6	8395.76	8395.52
S35	32565.3	0.159043	77146.7	0	0
Cl37	34424.8	0.133006	99780.6	9907.04	9906.83
neutron	939.565	14.9871	79714.2	0	0
neutron	939.565	6.06568	79714.2	0	0
neutron	939.565	2.82777	79714.2	0	0
Ne20	18617.7	0.742678	79714.2	0	0
neutron	939.565	0.672241	77051.9	0	0
S34	31632.7	0.18199	77051.9	0	0
Cl35	32564.6	0.173209	92499.4	6187.74	6187.12
neutron	939.565	5.08525	77134.6	0	0
proton	938.272	3.51788	77134.6	0	0
neutron	939.565	1.71264	77134.6	0	0
P32	29775.8	0.431169	77134.6	0	0
Cl35	32564.6	0.102098	94541.9	7735.45	7735.18
S35	32565.3	0.162326	77074.9	0	0
neutron	939.565	0.916779	76127.7	0	0
Ne22	20479.7	0.290909	76127.7	0	0
neutron	939.565	9.29172	76027.8	0	0
neutron	939.565	2.3646	76027.8	0	0
neutron	939.565	1.67301	76027.8	0	0
deuteron	1875.61	13.2677	76027.8	0	0
P32	29775.8	3.01729	76027.8	0	0
Cl37	34424.8	0.258029	90079.1	5832.31	5831.94
Cl35	32564.6	0.383739	88636.8	5294.09	5293.49
Na23	21409.2	0.165372	87502.1	4859.54	4859.34
Na23	21409.2	0.126214	78268.6	1041.21	1040.31
Cl35	32564.6	0.0717735	88236.9	4432.66	4432.34
neutron	939.565	1.59054	76744.9	0	0
S34	31632.7	0.206514	76744.9	0	0
Cl35	32564.6	0.12277	98319.5	9258.77	9258.5
Ne23	21414.1	0.22454	74928.2	0	0
Na23	21409.2	0.154214	89960.4	5012.94	5012.75
Cl35	32564.6	0.0839311	89756.8	4905.22	4904.95
Cl35	32564.6	0.0822695	87419.1	3934.54	3934.04
Na23	21409.2	0.214449	82003.4	1803.97	1803.74
Cl35	32564.6	0.0704215	86745.4	4396.12	4396.04
Cl35	32564.6	0.140627	85714	3804.5	3804.23
Cl35	32564.6	0.183234	76059.3	122.21	121.677
Ne23	21414.1	0.231358	75860.3	0	0
Cl35	32564.6	0.123913	78280.1	838.668	838.543
Ne23	21414.1	0.223449	75982.9	0	0
neutron	939.565	0.0623662	75969.5	0	0
S34	31632.7	0.13521	75969.5	0	0
neutron	939.565	3.76679	75012.9	0	0
S34	31632.7	0.22456	75012.9	0	0
Cl37	34424.8	0.452686	87268.8	4787.44	4786.91
neutron	939.565	1.60338	74749.4	0	0
S34	31632.7	0.182982	74749.4	0	0
Na23	21409.2	0.14418	85410.1	3029.95	3029.61
proton	938.272	32.2523	77621.5	0	0
neutron	939.565	6.18432	77621.5	0	0
neutron	939.565	2.38096	77621.5	0	0
P32	29775.8	0.659964	77621.5	0	0
Na23	21409.2	0.138845	82686	2472.13	2471.92
neutron	939.565	9.48947	76141	0	0
neutron	939.565	9.13784	76141	0	0
neutron	939.565	1.09002	76141	0	0
alpha	3727.38	6.3255	76141	0	0
Si28	26053.2	2.81792	76141	0	0
Na23	21409.2	0.173438	88476.2	4520.1	4519.77
Cl37	34424.8	0.0630496	86202.7	3574.03	3573.94
Na23	21409.2	0.10572	81512.9	1799.49	1798.82
S35	32565.3	0.162258	76867.9	0	0
Na23	21409.2	0.503209	83646.4	2826.38	2825.51
proton	938.272	20.0871	76232.9	0	0
neutron	939.565	15.7356	76232.9	0	0
neutron	939.565	2.81172	76232.9	0	0
neutron	939.565	0.347143	76232.9	0	0
P31	28844.2	0.965581	76232.9	0	0
Na23	21409.2	0.239793	88471	5363.76	5363.28
neutron	939.565	0.509295	74403.2	0	0
Ne22	20479.7	0.292661	74403.2	0	0
neutron	939.565	6.89848	75181.2	0	0
Ne22	20479.7	0.0911022	75181.2	0	0
S35	32565.3	0.151884	75464.3	0	0
Cl35	32564.6	0.399731	78503.4	762.408	761.853
neutron	939.565	10.6506	76476.8	0	0
neutron	939.565	4.61668	76476.8	0	0
neutron	939.565	1.4796	76476.8	0	0
Ne20	18617.7	0.0660028	76476.8	0	0
neutron	939.565	0.452077	76368.3	0	0
S36	33495	0.100911	76368.3	0	0
proton	938.272	9.57157	76220.4	0	0
neutron	939.565	0.857941	76220.4	0	0
neutron	939.565	0.492251	76220.4	0	0
triton	2808.92	7.0425	76220.4	0	0
Si31	28846.2	0.765349	76220.4	0	0
Cl35	32564.6	0.069914	88326	4613.22	4613.12
neutron	939.565	29.9951	76253.4	0	0
neutron	939.565	4.20551	76253.4	0	0
neutron	939.565	1.73674	76253.4	0	0
Ne20	18617.7	1.41212	76253.4	0	0
Cl37	34424.8	0.0850006	94286.7	7523.23	7523.02
Cl37	34424.8	0.147639	78012.3	1013.43	1013.02
neutron	939.565	0.565602	75403.1	0	0
Ne22	20479.7	0.164171	75403.1	0	0
neutron	939.565	7.20183	76532.1	0	0
neutron	939.565	4.04602	76532.1	0	0
neutron	939.565	2.53851	76532.1	0	0
alpha	3727.38	7.65983	76532.1	0	0
Si28	26053.2	1.80708	76532.1	0	0
neutron	939.565	0.221621	75485.2	0	0
S34	31632.7	0.171656	75485.2	0	0
neutron	939.565	3.62325	76022	0	0
alpha	3727.38	7.63075	76022	0	0
Si30	27913.2	0.958488	76022	0	0
Cl35	32564.6	0.0816216	98208.7	9075.59	9074.96
Na23	21409.2	0.181341	85394.5	3802.62	3802.32
neutron	939.565	12.7261	75299.4	0	0
neutron	939.565	6.46134	75299.4	0	0
proton	938.272	3.8235	75299.4	0	0
neutron	939.565	0.92182	75299.4	0	0
P31	28844.2	0.728297	75299.4	0	0
Na23	21409.2	0.15972	88558.4	5289.04	5287.84
Na23	21409.2	0.116485	89909.8	6079.55	6078.81
neutron	939.565	2.6625	74558.1	0	0
S34	31632.7	0.0233728	74558.1	0	0
neutron	939.565	1.58759	77197.9	0	0
S34	31632.7	0.287093	77197.9	0	0
Na23	21409.2	0.105845	97482.6	8924.98	8924.61
Cl35	32564.6	0.0912402	76358.6	109.6	109.237
neutron	939.565	7.35197	76187.1	0	0
neutron	939.565	5.11139	76187.1	0	0
proton	938.272	3.45936	76187.1	0	0
neutron	939.565	0.980223	76187.1	0	0
P31	28844.2	0.0915759	76187.1	0	0
Cl37	34424.8	0.274454	83437	3203.51	3203.19
neutron	939.565	0.0342601	75746.7	0	0
Ne22	20479.7	0.222905	75746.7	0	0
Cl35	32564.6	0.0843718	91081.8	6239.96	6239.32
neutron	939.565	1.96619	75539.3	0	0
Ne22	20479.7	0.0297888	75539.3	0	0
neutron	939.565	42.977	74853.6	0	0
neutron	939.565	5.78839	74853.6	0	0
neutron	939.565	2.49788	74853.6	0	0
neutron	939.565	0.451555	74853.6	0	0
S33	30704.6	0.215309	74853.6	0	0
Cl35	32564.6	0.0930817	88601.5	4857.81	4857.02
neutron	939.565	4.56496	76833.9	0	0
neutron	939.565	4.25424	76833.9	0	0
neutron	939.565	4.07338	76833.9	0	0
S32	29773.6	0.432906	76833.9	0	0
Na23	21409.2	0.350135	86169.7	4295.68	4295.17
Na23	21409.2	0.23891	77173.8	550.938	550.474
Na23	21409.2	0.196303	95492.8	8271.95	8271.7
neutron	939.565	18.971	74566.5	0	0
neutron	939.565	1.6257	74566.5	0	0
neutron	939.565	0.952783	74566.5	0	0
Ne20	18617.7	0.686417	74566.5	0	0
Cl35	32564.6	0.593517	98699	9097.46	9096.49
Cl37	34424.8	0.432654	77760.1	172.477	172.019
S35	32565.3	0.130966	77564.3	0	0
Cl35	32564.6	0.209646	82474	1962.31	1961.98
neutron	939.565	0.397424	77181.6	0	0
Ne22	20479.7	0.134683	77181.6	0	0
Cl35	32564.6	0.0956822	84336.3	3984.88	3984.58
Na23	21409.2	0.40466	95238	7982.46	7981.54
S37	34430.2	0.132731	77054.2	0	0
Cl37	34424.8	0.0977286	98457	9220.72	9220.52
neutron	939.565	2.30278	75047.6	0	0
Ne22	20479.7	0.388578	75047.6	0	0
neutron	939.565	6.00325	76769.1	0	0
neutron	939.565	5.18326	76769.1	0	0
neutron	939.565	2.45643	76769.1	0	0
Ne20	18617.7	0.237395	76769.1	0	0
neutron	939.565	8.37532	76221.5	0	0
neutron	939.565	4.75132	76221.5	0	0
neutron	939.565	0.690679	76221.5	0	0
Ne20	18617.7	0.753834	76221.5	0	0
Cl35	32564.6	0.131929	90337.2	5680.67	5680.41
Na23	21409.2	0.36985	77424.8	510.61	510.073
neutron	939.565	1.00094	75055.8	0	0
S34	31632.7	0.124958	75055.8	0	0
neutron	939.565	1.79039	74759	0	0
S34	31632.7	0.135303	74759	0	0
Cl35	32564.6	0.0940405	92507	7177.05	7176.93
Cl35	32564.6	0.912713	81717.2	2689.35	2688.36
Cl37	34424.8	0.832441	97978.2	9182.52	9181.64
neutron	939.565	1.00144	74149.6	0	0
Ne22	20479.7	0.0761049	74149.6	0	0
Na23	21409.2	0.327666	87586.3	4826.12	4825.39
neutron	939.565	13.8552	75127.4	0	0
neutron	939.565	10.8431	75127.4	0	0
proton	938.272	10.6103	75127.4	0	0
proton	938.272	2.84295	75127.4	0	0
neutron	939.565	1.34631	75127.4	0	0
neutron	939.565	0.408863	75127.4	0	0
Si29	26984.3	2.30965	75127.4	0	0
neutron	939.565	9.83312	74680.7	0	0
neutron	939.565	5.54056	74680.7	0	0
alpha	3727.38	7.00584	74680.7	0	0
Si31	28846.2	1.41739	74680.7	0	0
S35	32565.3	0.156544	77920.7	0	0
Cl37	34424.8	0.0734977	82439.4	2841.08	2840.99
Cl35	32564.6	0.0713443	79837	1577.87	1577.57
Cl35	32564.6	0.0899641	85249.4	3981.99	3981.89
Ne23	21414.1	0.212738	74819.5	0	0
Na23	21409.2	0.21856	91220.2	5789.71	5789.02
Cl35	32564.6	0.186009	89556.2	5099.77	5099.13
neutron	939.565	0.571638	76316.7	0	0
S36	33495	0.102912	76316.7	0	0
Na23	21409.2	0.134636	99315.5	9652.55	9652.22
Cl35	32564.6	0.100236	89839.1	5702.61	5702.43
Ne23	21414.1	0.230351	75592.6	0	0
Cl35	32564.6	0.0982583	99159.3	9668.21	9667.99
Cl35	32564.6	0.0765245	97490.2	8980.88	8980.78
neutron	939.565	3.08214	77799	0	0
Ne22	20479.7	0.580838	77799	0	0
Cl35	32564.6	0.0920284	98619.7	9207.87	9207.12
S37	34430.2	0.141155	79550.3	0	0
Na23	21409.2	0.138868	80838.1	2090.89	2090.74
neutron	939.565	7.48359	75461.5	0	0
neutron	939.565	4.33381	75461.5	0	0
proton	938.272	1.09218	75461.5	0	0
F20	18625.3	1.06303	75461.5	0	0
Cl35	32564.6	0.47547	96133.5	8333.4	8332.82
Cl35	32564.6	0.0676656	89298.2	5599.7	5599.13
neutron	939.565	0.410154	77145.2	0	0
S34	31632.7	0.0873607	77145.2	0	0
Cl35	32564.6	0.0909325	93343.6	7470.78	7470.68
neutron	939.565	1.29223	75062.6	0	0
S34	31632.7	0.0537501	75062.6	0	0
Na23	21409.2	0.141586	93949	7560.78	7560.04
Cl35	32564.6	0.155506	87119.1	4107.52	4107.34
Na23	21409.2	0.12748	78830.2	563.921	563.648
Cl35	32564.6	0.130107	97416.4	9023.63	9023.42
proton	938.272	6.81668	75158.9	0	0
neutron	939.565	6.25448	75158.9	0	0
P33	30705.3	0.685695	75158.9	0	0
neutron	939.565	0.218027	76812.1	0	0
S34	31632.7	0.0933778	76812.1	0	0
Cl35	32564.6	0.243753	86993.8	4815.56	4815.2
Ne23	21414.1	0.222184	74670.3	0	0
Cl35	32564.6	0.071084	76764.4	486.546	486.424
S37	34430.2	0.135609	75558.1	0	0
Cl35	32564.6	0.352595	87426.8	3022.43	3021.85
neutron	939.565	0.591213	79741.6	0	0
Ne22	20479.7	0.197168	79741.6	0	0
Cl35	32564.6	0.10582	79600.1	500.647	500.422
Ne23	21414.1	0.230911	78273.3	0	0
Cl37	34424.8	0.23257	99493.2	9442.13	9441.35
Na23	21409.2	0.272175	92356	6465.39	6464.98
Na23	21409.2	0.140342	92317.2	6433.11	6432.93
Cl35	32564.6	0.0786581	80169.5	1769.17	1768.95
Cl37	34424.8	0.0913394	90870.1	5751.71	5751.51
Cl35	32564.6	0.0883615	92212.3	6839.38	6839.22
Cl35	32564.6	0.101751	78158.8	1358.84	1358.69
neutron	939.565	0.924496	74402.8	0	0
S36	33495	0.172508	74402.8	0	0
Na23	21409.2	0.312285	78900.2	41.8153	41.453
Cl35	32564.6	0.0745684	93351.6	7237.53	7237.41
Na23	21409.2	0.28844	88017.1	4864.02	4863.52
Cl35	32564.6	0.0830611	80917.1	1754.19	1754.03
Na23	21409.2	0.118304	94409.1	7738.83	7738.66
Cl37	34424.8	0.0934238	78693.7	986.014	985.843
S35	32565.3	0.155728	75962.9	0	0
Na23	21409.2	0.136821	79571	1282.88	1282.44
Ne23	21414.1	0.22659	76145.3	0	0
neutron	939.565	1.27668	76604.2	0	0
S34	31632.7	0.0299844	76604.2	0	0
neutron	939.565	2.23192	76527.7	0	0
S34	31632.7	0.103913	76527.7	0	0
Cl35	32564.6	0.101789	99645.1	9874.57	9874.15
S35	32565.3	0.160802	75009.3	0	0
Cl37	34424.8	0.202847	95263.3	8044.12	8043.79
neutron	939.565	0.34846	76672.8	0	0
S34	31632.7	0.191784	76672.8	0	0
neutron	939.565	3.54396	76566.1	0	0
S34	31632.7	0.186801	76566.1	0	0
Na23	21409.2	0.883483	83233.5	3049.26	3048.31
Cl37	34424.8	0.0875594	77189.4	749.572	749.459
neutron	939.565	0.63695	75171.4	0	0
Ne22	20479.7	0.368804	75171.4	0	0
Cl37	34424.8	0.0784058	88494	5209.9	5209.82
proton	938.272	28.8547	75321.3	0	0
neutron	939.565	7.62657	75321.3	0	0
neutron	939.565	6.56447	75321.3	0	0
proton	938.272	4.04935	75321.3	0	0
neutron	939.565	1.35572	75321.3	0	0
O18	16762	0.411841	75321.3	0	0
S35	32565.3	0.152259	75776	0	0
Na23	21409.2	0.350871	89730.2	5450.14	5449.7
Na23	21409.2	0.186941	86620.9	4172.54	4171.77
neutron	939.565	15.6405	76237.6	0	0
neutron	939.565	8.98255	76237.6	0	0
neutron	939.565	5.43663	76237.6	0	0
Ne20	18617.7	0.609529	76237.6	0	0
Cl35	32564.6	0.135706	92014.3	6622.21	6621.96
Na23	21409.2	0.214206	91823.8	6605.54	6605.31
Cl37	34424.8	0.0835453	90785.4	6093.61	6093.53
Na23	21409.2	0.187942	90244.8	5898.97	5898.75
neutron	939.565	15.4772	74880.9	0	0
neutron	939.565	9.72062	74880.9	0	0
neutron	939.565	1.70485	74880.9	0	0
alpha	3727.38	5.32417	74880.9	0	0
O16	14895.1	2.27135	74880.9	0	0
Cl37	34424.8	0.613459	77365.1	139.796	139.154
neutron	939.565	0.715046	77198.5	0	0
S34	31632.7	0.265784	77198.5	0	0
Cl35	32564.6	0.234904	97760.5	8854.78	8854.31
proton	938.272	19.7203	75553.4	0	0
F22	20491.1	0.560059	75553.4	0	0
Cl35	32564.6	0.415733	95289.6	8050.06	8049.63
Na23	21409.2	0.136312	86177.8	4028.95	4028.79
Cl35	32564.6	0.0801991	82084.2	2334.83	2334.46
Cl35	32564.6	0.0936851	91075.3	6481.12	6481.02
S35	32565.3	0.13944	74705.2	0	0
Cl35	32564.6	0.117954	90920.5	5863.29	5863.01
neutron	939.565	1.06849	78209.2	0	0
S34	31632.7	0.123661	78209.2	0	0
Cl35	32564.6	0.0966489	96926.4	8679.95	8679.58
neutron	939.565	0.260709	75269.2	0	0
S34	31632.7	0.122243	75269.2	0	0
Na23	21409.2	0.20651	91437.2	6380.68	6380.36
Cl35	32564.6	0.32739	85717.4	4120.01	4118.89
neutron	939.565	18.5713	78650.4	0	0
proton	938.272	10.6063	78650.4	0	0
neutron	939.565	5.82434	78650.4	0	0
deuteron	1875.61	9.5712	78650.4	0	0
O18	16762	0.931706	78650.4	0	0
Ne23	21414.1	0.227326	76381.5	0	0
Cl35	32564.6	0.160617	80728.5	2298.7	2298.52
Na23	21409.2	0.160889	76391.6	708.871	708.676
neutron	939.565	25.5954	75381.1	0	0
proton	938.272	5.69723	75381.1	0	0
neutron	939.565	2.77581	75381.1	0	0
neutron	939.565	0.93567	75381.1	0	0
P31	28844.2	1.46851	75381.1	0	0
Na23	21409.2	0.174152	94287.9	7550.96	7550.74
Cl35	32564.6	0.0691385	94192.1	7515.47	7515.37
Na23	21409.2	0.19794	87146	4280.15	4279.93
Cl37	34424.8	0.149905	83265.7	2511.1	2510.73
neutron	939.565	8.45136	76978.8	0	0
neutron	939.565	1.60868	76978.8	0	0
neutron	939.565	0.946118	76978.8	0	0
Ne20	18617.7	1.17735	76978.8	0	0
S35	32565.3	0.160893	75959	0	0
neutron	939.565	2.77748	76072.1	0	0
Ne22	20479.7	0.241534	76072.1	0	0
S35	32565.3	0.162959	76336.8	0	0
Cl37	34424.8	0.144123	99585.6	9844.2	9844.03
Cl35	32564.6	0.0870008	79057.1	1779.81	1779.66
neutron	939.565	1.44581	74289.8	0	0
Ne22	20479.7	0.27954	74289.8	0	0
Na23	21409.2	0.327523	96524.1	8407.54	8407.19
Na23	21409.2	0.380768	90328.4	5276.9	5276.11
neutron	939.565	0.774462	76974.3	0	0
S34	31632.7	0.157627	76974.3	0	0
proton	938.272	35.0024	74760	0	0
neutron	939.565	5.4465	74760	0	0
neutron	939.565	0.242881	74760	0	0
neutron	939.565	0.0578149	74760	0	0
alpha	3727.38	2.06479	74760	0	0
N15	13968.9	4.6573	74760	0	0
neutron	939.565	4.78751	75954.8	0	0
proton	938.272	3.49573	75954.8	0	0
neutron	939.565	3.25858	75954.8	0	0
deuteron	1875.61	7.76351	75954.8	0	0
Si32	29776.6	0.603618	75954.8	0	0
Na23	21409.2	0.102154	98890.5	9594.81	9594.42
Cl35	32564.6	0.427317	87796.1	5049.47	5049.04
Cl35	32564.6	0.0783017	85178.6	4013.13	4012.99
Cl35	32564.6	0.2233	80094.2	1917.28	1917.03
Na23	21409.2	0.164729	77023.7	833.568	833.243
Ne23	21414.1	0.230961	74778	0	0
Na23	21409.2	0.169696	94649.1	7068.98	7068.8
Na23	21409.2	0.398757	86616.4	3686.35	3685.84
Na23	21409.2	0.408808	88243.7	4376.62	4376.1
Cl37	34424.8	0.0958703	80384.4	1270.68	1270.15
Ne23	21414.1	0.212497	77081	0	0
proton	938.272	3.40496	74952.1	0	0
neutron	939.565	2.16433	74952.1	0	0
neutron	939.565	1.15015	74952.1	0	0
P32	29775.8	0.286012	74952.1	0	0
S35	32565.3	0.165569	79652.4	0	0
Cl37	34424.8	0.0674861	85914.3	3413.23	3413
Na23	21409.2	0.151228	95856.1	8399.33	8399.09
Cl35	32564.6	0.08689	85054.9	3517.78	3517.68
Na23	21409.2	0.221053	84038.4	2991.53	2991.24
neutron	939.565	12.1571	76360.7	0	0
neutron	939.565	1.84535	76360.7	0	0
neutron	939.565	0.362137	76360.7	0	0
Ne20	18617.7	0.55232	76360.7	0	0
Cl35	32564.6	0.0789047	95602.6	8205.25	8205.1
neutron	939.565	0.275728	79012.2	0	0
Ne22	20479.7	0.293054	79012.2	0	0
Ne23	21414.1	0.213539	78260.4	0	0
neutron	939.565	1.03012	75727.5	0	0
S34	31632.7	0.150078	75727.5	0	0
Cl35	32564.6	0.282031	97269.6	8891.64	8891.35
neutron	939.565	1.3577	74440.1	0	0
Ne22	20479.7	0.0464626	74440.1	0	0
Cl35	32564.6	0.0898638	77050.6	353.56	353.46
Ne23	21414.1	0.232434	76142.5	0	0
proton	938.272	16.9408	75186.4	0	0
neutron	939.565	1.2795	75186.4	0	0
P33	30705.3	0.164918	75186.4	0	0
Ne23	21414.1	0.228486	76613.9	0	0
Cl35	32564.6	0.117977	96666.6	8569.49	8569.06
Na23	21409.2	0.602229	98290.2	9276.66	9275.92
Na23	21409.2	0.312406	87025.2	4323.01	4322.5
proton	938.272	18.3764	76153.9	0	0
proton	938.272	6.70678	76153.9	0	0
Si33	30711.6	0.207024	76153.9	0	0
Na23	21409.2	0.296234	77925	658.166	657.819
proton	938.272	18.3853	76240.4	0	0
neutron	939.565	2.71924	76240.4	0	0
F21	19556.7	1.48568	76240.4	0	0
Cl35	32564.6	0.0723186	91090.6	6035.05	6034.95
S35	32565.3	0.141237	74952.7	0	0
neutron	939.565	1.24279	79556.3	0	0
Ne22	20479.7	0.327808	79556.3	0	0
Cl37	34424.8	0.0843987	86441.3	2117.26	2116.92
neutron	939.565	0.536894	81043.6	0	0
S36	33495	0.107526	81043.6	0	0
Cl35	32564.6	0.0762995	80844.2	2063.87	2063.56
Cl35	32564.6	0.303231	82724.5	3087.54	3087.07
neutron	939.565	1.61414	74325.8	0	0
S34	31632.7	0.124121	74325.8	0	0
neutron	939.565	8.88178	76064.5	0	0
proton	938.272	6.88881	76064.5	0	0
P33	30705.3	0.840023	76064.5	0	0
Na23	21409.2	0.107982	98176.3	9167.92	9167.81
Ne23	21414.1	0.228521	78219.1	0	0
neutron	939.565	7.51668	78238.3	0	0
proton	938.272	4.08422	78238.3	0	0
proton	938.272	1.35057	78238.3	0	0
neutron	939.565	1.14335	78238.3	0	0
O19	17697.6	0.294805	78238.3	0	0
Cl37	34424.8	0.0651901	97391.1	9027.42	9027.08
Cl37	34424.8	0.169402	87304.1	4578.61	4578.09
Na23	21409.2	0.157141	84039.6	3162.53	3162.36
neutron	939.565	0.102574	76239.4	0	0
Ne22	20479.7	0.237441	76239.4	0	0
S37	34430.2	0.143445	78540.1	0	0
Cl35	32564.6	0.138643	81312.3	2011.36	2011.13
Ne23	21414.1	0.225157	75841.3	0	0
neutron	939.565	0.672242	74931.4	0	0
S34	31632.7	0.0977595	74931.4	0	0
neutron	939.565	0.86515	76794.1	0	0
Ne22	20479.7	0.284289	76794.1	0	0
Cl35	32564.6	0.0791224	84477.8	3579.91	3579.83
neutron	939.565	8.59047	74962.4	0	0
proton	938.272	2.26341	74962.4	0	0
F21	19556.7	0.0442966	74962.4	0	0
Cl37	34424.8	0.113547	99259.5	9704.9	9704.72
Cl37	34424.8	0.0726086	95999.6	8479.11	8478.95
Cl37	34424.8	0.0741511	81944.9	2143.85	2143.53
Na23	21409.2	0.22905	87679	4280.78	4280.52
S35	32565.3	0.159299	76878.7	0	0
neutron	939.565	0.756768	75806.5	0	0
neutron	939.565	0.373374	75806.5	0	0
S33	30704.6	0.126592	75806.5	0	0
neutron	939.565	2.97846	76009.5	0	0
neutron	939.565	1.94042	76009.5	0	0
neutron	939.565	1.66611	76009.5	0	0
S34	31632.7	0.232716	76009.5	0	0
Na23	21409.2	0.219103	79824.4	136.304	135.876
neutron	939.565	15.7042	79564.3	0	0
neutron	939.565	14.3776	79564.3	0	0
neutron	939.565	5.32768	79564.3	0	0
S34	31632.7	0.329297	79564.3	0	0
Na23	21409.2	0.456437	85003.9	3087.54	3086.96
S35	32565.3	0.16135	76976.2	0	0
Na23	21409.2	0.128657	81400.8	1472.49	1472.05
neutron	939.565	16.5652	77005.7	0	0
neutron	939.565	8.50327	77005.7	0	0
neutron	939.565	1.44971	77005.7	0	0
alpha	3727.38	3.54737	77005.7	0	0
O16	14895.1	6.25329	77005.7	0	0
Cl35	32564.6	0.0949105	94374.4	7895.44	7895.28
Cl35	32564.6	0.124928	87749.4	5082.41	5082.13
Ne23	21414.1	0.220713	74665.8	0	0
Cl35	32564.6	0.0899935	90217.5	5697.67	5697.54
Cl35	32564.6	0.148814	78476.8	1060.89	1060.64
Cl35	32564.6	0.15066	96450.2	7609.6	7609.34
neutron	939.565	29.8128	78981.6	0	0
Ne22	20479.7	1.83885	78981.6	0	0
Cl35	32564.6	0.13478	85253.6	3951.92	3951.74
S35	32565.3	0.139461	76439.3	0	0
Na23	21409.2	0.180806	89837.9	5828.86	5828.66
Cl35	32564.6	0.0774743	84944.9	2743.89	2743.23
neutron	939.565	0.16269	75410.6	0	0
Ne22	20479.7	0.269178	75410.6	0	0
neutron	939.565	6.53125	75270.6	0	0
neutron	939.565	2.99319	75270.6	0	0
neutron	939.565	1.52002	75270.6	0	0
Ne20	18617.7	0.573554	75270.6	0	0
Ne23	21414.1	0.221531	75113.8	0	0
neutron	939.565	4.94981	75136.8	0	0
alpha	3727.38	9.08106	75136.8	0	0
O18	16762	1.45591	75136.8	0	0
Ne23	21414.1	0.232986	79145	0	0
Cl35	32564.6	0.0970011	79469	777.47	777.223
neutron	939.565	3.08802	77321.4	0	0
S34	31632.7	0.0571352	77321.4	0	0
neutron	939.565	0.922549	75570.4	0	0
S34	31632.7	0.0503593	75570.4	0	0
Na23	21409.2	0.221797	77670.7	702.322	702.058
neutron	939.565	19.7556	75802.7	0	0
neutron	939.565	1.17781	75802.7	0	0
S35	32565.3	0.777509	75802.7	0	0
Cl37	34424.8	0.0676598	89508.6	5403.61	5403.54
neutron	939.565	1.74738	76476.5	0	0
neutron	939.565	0.314885	76476.5	0	0
S33	30704.6	0.216541	76476.5	0	0
Ne23	21414.1	0.219193	75136.8	0	0
Cl35	32564.6	0.169795	86529.4	4149.86	4149.68
S35	32565.3	0.159207	76034.8	0	0
Na23	21409.2	0.152777	99804.6	9863.13	9862.74
neutron	939.565	37.2489	76238	0	0
neutron	939.565	4.21655	76238	0	0
neutron	939.565	1.00666	76238	0	0
S34	31632.7	0.612789	76238	0	0
Cl35	32564.6	0.127152	99887.4	9910.56	9910.3
Cl37	34424.8	0.623693	87398.5	4558.42	4557.68
Cl37	34424.8	0.127916	90199.4	5891.13	5890.95
Na23	21409.2	1.35598	80275.9	1813.65	1812.03
Ne23	21414.1	0.231139	75675.1	0	0
Ne23	21414.1	0.227343	78717.8	0	0
Ne23	21414.1	0.223481	76382.6	0	0
Cl35	32564.6	0.145301	93907.4	7396.77	7396.59
neutron	939.565	0.95515	78124.2	0	0
S34	31632.7	0.114304	78124.2	0	0
Na23	21409.2	0.154901	82294.6	2364.86	2364.66
Na23	21409.2	1.28889	88000.9	5059.16	5057.64
Cl35	32564.6	0.168025	79334	1134.81	1134.63
Na23	21409.2	0.49883	78328.2	774.278	773.676
proton	938.272	8.05605	76374.8	0	0
proton	938.272	5.62447	76374.8	0	0
neutron	939.565	2.12291	76374.8	0	0
Si32	29776.6	1.53227	76374.8	0	0
Cl35	32564.6	0.348406	79920.6	2036.31	2035.92
neutron	939.565	0.395219	79646.7	0	0
S36	33495	0.18966	79646.7	0	0
Na23	21409.2	0.108278	92486.4	7034.2	7033.99
Cl37	34424.8	0.0904519	84991.3	3646.28	3645.62
neutron	939.565	20.3185	75630.6	0	0
proton	938.272	16.6621	75630.6	0	0
neutron	939.565	4.71693	75630.6	0	0
neutron	939.565	3.05767	75630.6	0	0
F19	17692.3	2.00859	75630.6	0	0
Cl37	34424.8	0.0763521	84600	3007.81	3007.46
neutron	939.565	19.2154	76732.8	0	0
proton	938.272	3.27526	76732.8	0	0
neutron	939.565	0.476263	76732.8	0	0
P32	29775.8	1.09484	76732.8	0	0
neutron	939.565	18.2001	76499.7	0	0
neutron	939.565	5.1947	76499.7	0	0
neutron	939.565	1.64214	76499.7	0	0
alpha	3727.38	6.13896	76499.7	0	0
O16	14895.1	0.949573	76499.7	0	0
S35	32565.3	0.158093	76176.8	0	0
Na23	21409.2	0.108321	89645.6	5587.91	5587.73
neutron	939.565	2.82586	75653.6	0	0
S34	31632.7	0.251789	75653.6	0	0
Na23	21409.2	0.116087	78882	1573.55	1573
Ne23	21414.1	0.206428	74482.5	0	0
neutron	939.565	0.954325	76141.6	0	0
S34	31632.7	0.156637	76141.6	0	0
neutron	939.565	23.2502	75981.5	0	0
neutron	939.565	4.78712	75981.5	0	0
proton	938.272	4.69156	75981.5	0	0
neutron	939.565	1.96802	75981.5	0	0
F19	17692.3	2.25273	75981.5	0	0
Cl35	32564.6	0.0984345	93366.2	7090.68	7090.28
Na23	21409.2	0.256363	90587.3	5958.17	5957.71
Na23	21409.2	0.185833	87262.2	4716.17	4715.83
S35	32565.3	0.157835	75521	0	0
Cl35	32564.6	0.0713361	76177	98.8423	98.2814
neutron	939.565	1.95754	74940.7	0	0
neutron	939.565	0.302864	74940.7	0	0
S33	30704.6	0.121531	74940.7	0	0
neutron	939.565	1.43896	74862.6	0	0
Ne22	20479.7	0.413143	74862.6	0	0
Cl35	32564.6	0.105441	99046.4	9524.77	9524.59
Cl35	32564.6	0.129814	95558.8	8132.55	8131.96
Cl35	32564.6	0.327383	84962.6	4037.71	4037.02
Cl35	32564.6	0.0686129	92569.2	6446.91	6446.76
Cl35	32564.6	0.109214	78242.4	874.002	873.809
Cl35	32564.6	0.192273	90746.1	6224.07	6223.83
Cl35	32564.6	0.0703723	87030.1	4105.04	4104.95
Ne23	21414.1	0.230436	76981.7	0	0
Cl35	32564.6	0.112664	91903.1	6552.75	6552.46
neutron	939.565	29.2836	75414.3	0	0
neutron	939.565	4.04743	75414.3	0	0
neutron	939.565	0.444719	75414.3	0	0
alpha	3727.38	4.67109	75414.3	0	0
Si28	26053.2	5.19543	75414.3	0	0
Ne23	21414.1	0.214084	77090.4	0	0
S35	32565.3	0.157992	75344.5	0	0
Cl35	32564.6	0.310312	91477.7	6349.44	6349.06
Cl35	32564.6	0.206822	82015.8	2498.94	2497.35
Cl37	34424.8	0.0655606	76857.9	611.388	611.304
proton	938.272	20.4714	75287.3	0	0
neutron	939.565	0.348258	75287.3	0	0
P33	30705.3	0.544619	75287.3	0	0
Ne23	21414.1	0.229624	78590.3	0	0
Cl37	34424.8	0.116505	99108.1	9665.46	9665.29
Cl37	34424.8	0.107373	93450.5	7194.79	7194.35
Cl37	34424.8	0.120651	95501	8202.82	8202.52
Cl35	32564.6	0.154257	81532.9	2243.24	2243.06
neutron	939.565	1.43933	75896.7	0	0
S34	31632.7	0.174183	75896.7	0	0
proton	938.272	25.4381	78951.7	0	0
neutron	939.565	20.8043	78951.7	0	0
F21	19556.7	1.64199	78951.7	0	0
Ne23	21414.1	0.212825	76354.6	0	0
neutron	939.565	42.2771	78107.7	0	0
proton	938.272	32.022	78107.7	0	0
neutron	939.565	0.139345	78107.7	0	0
P32	29775.8	0.812117	78107.7	0	0
Na23	21409.2	0.157713	88206.5	4025.67	4025.51
Cl35	32564.6	0.138417	87791.6	3890.44	3890.08
proton	938.272	10.3224	78378.8	0	0
neutron	939.565	6.66804	78378.8	0	0
neutron	939.565	6.12342	78378.8	0	0
neutron	939.565	3.01584	78378.8	0	0
P33	30705.3	1.00826	78378.8	0	0
proton	938.272	5.17798	75824.8	0	0
neutron	939.565	2.39086	75824.8	0	0
neutron	939.565	1.49539	75824.8	0	0
alpha	3727.38	34.1866	75824.8	0	0
Al28	26058.3	6.39722	75824.8	0	0
neutron	939.565	0.967525	75669.2	0	0
S34	31632.7	0.0709839	75669.2	0	0
neutron	939.565	1.11328	76788.3	0	0
neutron	939.565	0.376584	76788.3	0	0
deuteron	1875.61	28.5135	76788.3	0	0
P31	28844.2	1.22417	76788.3	0	0
Na23	21409.2	0.211516	97622.5	8645.85	8645.17
proton	938.272	11.378	78094.1	0	0
neutron	939.565	7.88297	78094.1	0	0
neutron	939.565	6.7782	78094.1	0	0
neutron	939.565	3.54235	78094.1	0	0
proton	938.272	3.24308	78094.1	0	0
alpha	3727.38	4.18255	78094.1	0	0
C14	13040.9	0.863898	78094.1	0	0
Na23	21409.2	0.509181	97900.4	9053.89	9052.58
Ne23	21414.1	0.220087	74877.3	0	0
proton	938.272	8.21628	77271.3	0	0
neutron	939.565	5.89424	77271.3	0	0
neutron	939.565	5.56854	77271.3	0	0
proton	938.272	3.46642	77271.3	0	0
neutron	939.565	2.40752	77271.3	0	0
Si30	27913.2	1.61587	77271.3	0	0
Ne23	21414.1	0.20356	75868.4	0	0
neutron	939.565	1.91242	75698.6	0	0
Ne22	20479.7	0.27456	75698.6	0	0
Na23	21409.2	0.114938	84475.2	3522.62	3522.46
Cl35	32564.6	0.129551	75773.3	61.22	61.0901
Cl35	32564.6	0.106496	99042.5	9643.69	9642.96
neutron	939.565	0.851202	80332.6	0	0
S34	31632.7	0.190821	80332.6	0	0
Cl37	34424.8	0.092285	82365.9	389.428	389.295
neutron	939.565	15.0344	75198.4	0	0
proton	938.272	11.5726	75198.4	0	0
neutron	939.565	0.574856	75198.4	0	0
P32	29775.8	0.492299	75198.4	0	0
Cl37	34424.8	0.511098	98932.7	9443.58	9442.88
neutron	939.565	7.2399	75913.7	0	0
proton	938.272	6.35672	75913.7	0	0
proton	938.272	5.5981	75913.7	0	0
neutron	939.565	3.38059	75913.7	0	0
neutron	939.565	1.38473	75913.7	0	0
Si30	27913.2	0.452697	75913.7	0	0
Cl37	34424.8	0.106323	97905.7	9129.23	9128.95
neutron	939.565	16.3632	75780.9	0	0
neutron	939.565	6.29087	75780.9	0	0
neutron	939.565	1.43178	75780.9	0	0
Ne20	18617.7	0.578074	75780.9	0	0
proton	938.272	890.187	97100.3	8797.97	7450.91
neutron	939.565	290.92	97100.3	8797.97	7450.91
proton	938.272	110.901	97100.3	8797.97	7450.91
neutron	939.565	2.30464	97100.3	8797.97	7450.91
alpha	3727.38	2.58236	97100.3	8797.97	7450.91
N15	13968.9	4.74842	97100.3	8797.97	7450.91
Ne23	21414.1	0.217451	76968.9	0	0
Na23	21409.2	0.166368	85486.2	3672.22	3671.76
Ne23	21414.1	0.225394	76257.9	0	0
Cl37	34424.8	0.0646946	76923.4	341.034	340.764
Na23	21409.2	0.222721	98376	9308.71	9308.27
neutron	939.565	1.45872	75793.3	0	0
S34	31632.7	0.27484	75793.3	0	0
Na23	21409.2	0.174189	93537.3	7335.76	7335.49
Ne23	21414.1	0.223919	75270.5	0	0
Na23	21409.2	0.144465	99489.4	9816.96	9816.71
neutron	939.565	0.121938	74811.6	0	0
Ne22	20479.7	0.293544	74811.6	0	0
Cl37	34424.8	0.0722047	99254.8	9729.3	9729.1
Cl35	32564.6	0.165894	97972.5	9182.08	9181.84
Cl35	32564.6	0.22064	93332.5	6367.88	6367.28
Cl35	32564.6	0.0815755	89002	5255.62	5255.42
S35	32565.3	0.158331	75608	0	0
Cl35	32564.6	0.191722	91643	2910.04	2909.75
neutron	939.565	0.659733	83781.7	0	0
Ne22	20479.7	0.182089	83781.7	0	0
Na23	21409.2	0.203584	94280.3	7840.03	7839.59
proton	938.272	11.0713	75447.5	0	0
neutron	939.565	2.63552	75447.5	0	0
neutron	939.565	2.35195	75447.5	0	0
neutron	939.565	1.07636	75447.5	0	0
P31	28844.2	1.72436	75447.5	0	0
neutron	939.565	0.30169	77459	0	0
alpha	3727.38	9.37451	77459	0	0
Si30	27913.2	1.31933	77459	0	0
Cl35	32564.6	0.248408	98231.6	9308.87	9308.54
Cl35	32564.6	0.0710567	85518	3551.46	3551.27
neutron	939.565	1.71862	78031.5	0	0
S34	31632.7	0.28605	78031.5	0	0
Na23	21409.2	0.109789	88057	3529.68	3529.22
neutron	939.565	1.03452	79033.9	0	0
Ne22	20479.7	0.15891	79033.9	0	0
Cl35	32564.6	0.0977739	94166.6	7491.91	7491.74
neutron	939.565	0.0492121	78553.7	0	0
S34	31632.7	0.17459	78553.7	0	0
S35	32565.3	0.163683	74722.4	0	0
Cl37	34424.8	0.082698	85312.9	3844.4	3844.31
Ne23	21414.1	0.228067	75716.8	0	0
S35	32565.3	0.161378	75139.9	0	0
Ne23	21414.1	0.216037	75254.2	0	0
neutron	939.565	18.5322	75175.8	0	0
neutron	939.565	11.8924	75175.8	0	0
neutron	939.565	3.37084	75175.8	0	0
S32	29773.6	0.85642	75175.8	0	0
Ne23	21414.1	0.225507	75305.4	0	0
S35	32565.3	0.133207	74783.1	0	0
Cl35	32564.6	0.154757	85396.5	3820.99	3820.63
Cl37	34424.8	0.200906	98759.5	9525.84	9525.27
Na23	21409.2	0.255028	92074.9	6846.97	6846.67
Cl35	32564.6	0.166231	78551	175.488	175.124
Cl35	32564.6	0.249243	75368	327.805	327.44
Ne23	21414.1	0.235088	74618.6	0	0
Na23	21409.2	0.183804	88128.5	5137.7	5137.36
neutron	939.565	15.2388	74847.6	0	0
neutron	939.565	8.46837	74847.6	0	0
neutron	939.565	3.95925	74847.6	0	0
Ne20	18617.7	2.92852	74847.6	0	0
neutron	939.565	24.5102	75308.4	0	0
neutron	939.565	3.82407	75308.4	0	0
neutron	939.565	2.91457	75308.4	0	0
alpha	3727.38	2.79663	75308.4	0	0
O16	14895.1	3.39547	75308.4	0	0
neutron	939.565	0.0783435	77423.8	0	0
S36	33495	0.141472	77423.8	0	0
Cl35	32564.6	0.170764	91235.1	6444.59	6444.02
neutron	939.565	3.64139	75647.6	0	0
neutron	939.565	1.33159	75647.6	0	0
neutron	939.565	0.316909	75647.6	0	0
Ne20	18617.7	0.191363	75647.6	0	0
Cl35	32564.6	0.185976	75110.2	203.97	203.776
neutron	939.565	0.297624	74674.5	0	0
S36	33495	0.0969646	74674.5	0	0
S37	34430.2	0.137926	74942.5	0	0
neutron	939.565	0.601956	75138.7	0	0
Ne22	20479.7	0.135565	75138.7	0	0
Na23	21409.2	0.132719	93471.5	6929.78	6929.61
Cl35	32564.6	0.0850029	79187.8	642.192	642.02
neutron	939.565	9.71891	77482	0	0
neutron	939.565	4.96575	77482	0	0
neutron	939.565	2.39354	77482	0	0
alpha	3727.38	3.7641	77482	0	0
O16	14895.1	2.16929	77482	0	0
neutron	939.565	0.584944	75576.7	0	0
S36	33495	0.0817518	75576.7	0	0
neutron	939.565	0.786449	75398	0	0
Ne22	20479.7	0.289926	75398	0	0
Ne23	21414.1	0.223067	75400.1	0	0
Cl35	32564.6	0.0862045	96838	8238.07	8237.79
Cl37	34424.8	0.0946683	84199.5	2799.65	2799.3
proton	938.272	15.7891	75528.7	0	0
neutron	939.565	4.70378	75528.7	0	0
neutron	939.565	1.76633	75528.7	0	0
proton	938.272	1.52445	75528.7	0	0
O19	17697.6	1.09927	75528.7	0	0
Cl37	34424.8	0.0650395	83705.7	2812.09	2811.93
Cl35	32564.6	0.108042	83185.7	3492.04	3491.71
neutron	939.565	0.73807	74326.9	0	0
S34	31632.7	0.178041	74326.9	0	0
Ne23	21414.1	0.232992	76203.1	0	0
Na23	21409.2	0.966964	85744.8	3992.36	3991.32
neutron	939.565	6.32	75356	0	0
S34	31632.7	0.0766858	75356	0	0
Na23	21409.2	0.294976	98492	9343.98	9343.53
Cl35	32564.6	0.0824665	87940.6	4591.89	4591.65
Cl35	32564.6	0.250944	95080.2	7878.72	7878.46
Cl35	32564.6	0.411003	94022.3	6998.59	6997.7
Na23	21409.2	0.194504	80585	1502.65	1502.24
Ne23	21414.1	0.228663	76795.3	0	0
neutron	939.565	2.47346	76380.8	0	0
neutron	939.565	1.89223	76380.8	0	0
Ne21	19550.5	0.384482	76380.8	0	0
neutron	939.565	1.06862	75055.8	0	0
S34	31632.7	0.290353	75055.8	0	0
Cl35	32564.6	0.0810382	82754.1	1646.62	1646.52
Cl35	32564.6	0.10111	79315.6	293.881	293.421
Cl35	32564.6	0.18209	83745.3	3251.31	3250.94
neutron	939.565	69.5311	82763.8	2834.42	1665.21
proton	938.272	4.57762	82763.8	2834.42	1665.21
S33	30704.6	0.852172	82763.8	2834.42	1665.21
Na23	21409.2	0.237175	97728	8614.28	8614
S37	34430.2	0.138464	77286.6	0	0
Na23	21409.2	0.175133	94519.9	7693.1	7692.82
neutron	939.565	0.29893	76509.3	0	0
S34	31632.7	0.150199	76509.3	0	0
Na23	21409.2	0.260818	75685	146.97	146.603
neutron	939.565	2.24716	75434.3	0	0
S34	31632.7	0.351656	75434.3	0	0
neutron	939.565	1.3292	76930	0	0
Ne22	20479.7	0.382559	76930	0	0
Cl35	32564.6	0.0828186	96254.2	8547.34	8547.14
Na23	21409.2	0.147882	92095.8	6854.54	6854.22
Cl37	34424.8	0.147052	80630.3	2329.7	2329.45
Na23	21409.2	0.654043	94064.3	6789.77	6789.04
neutron	939.565	41.8288	77209.8	0	0
neutron	939.565	9.11521	77209.8	0	0
neutron	939.565	8.88601	77209.8	0	0
alpha	3727.38	3.45543	77209.8	0	0
O16	14895.1	1.77166	77209.8	0	0
Na23	21409.2	1.55699	91583.7	5400.28	5398.15
neutron	939.565	1.06749	77747.4	0	0
S34	31632.7	0.164878	77747.4	0	0
proton	938.272	22.7307	77346.6	0	0
proton	938.272	6.539	77346.6	0	0
neutron	939.565	3.82998	77346.6	0	0
neutron	939.565	1.67953	77346.6	0	0
neutron	939.565	0.415699	77346.6	0	0
Si30	27913.2	0.563672	77346.6	0	0
Cl35	32564.6	0.104239	94012.2	7566.98	7566.52
Na23	21409.2	0.422507	83429	3125.65	3125.11
Cl35	32564.6	0.0820084	96664.1	8482.92	8482.63
neutron	939.565	13.5825	75432.4	0	0
proton	938.272	4.39678	75432.4	0	0
neutron	939.565	2.4559	75432.4	0	0
neutron	939.565	1.66496	75432.4	0	0
P33	30705.3	0.460686	75432.4	0	0
neutron	939.565	0.81575	77570	0	0
Ne22	20479.7	0.186137	77570	0	0
Cl37	34424.8	0.0741957	99750.7	9908.44	9908.15
Na23	21409.2	0.150312	85862.2	4075.31	4074.67
Cl35	32564.6	0.48628	99836.2	9942.34	9941.77
Cl35	32564.6	0.107574	95514	8078.36	8078.19
Ne23	21414.1	0.208193	77063.1	0	0
Cl37	34424.8	0.114302	85791.4	4269.97	4269.43
Cl35	32564.6	0.129863	93268.7	7058.97	7058.74
Na23	21409.2	0.14039	77790.6	861.942	861.74
Cl35	32564.6	0.0865609	77148.9	580.661	580.528
Cl35	32564.6	0.122475	83457.4	2866.23	2866.06
S37	34430.2	0.143261	76744.1	0	0
Na23	21409.2	0.192144	99224.3	9702.74	9702.52
Cl35	32564.6	0.0673305	98191	9282.82	9282.73
Na23	21409.2	0.109431	84081.9	869.285	869.116
neutron	939.565	0.743699	81683.2	0	0
S34	31632.7	0.0705644	81683.2	0	0
Na23	21409.2	0.193602	99208.7	9690.31	9689.95
S37	34430.2	0.134296	77184.7	0	0
Na23	21409.2	0.424294	88072.5	5294.05	5293.02
Na23	21409.2	0.102235	78564.5	1533.98	1533.48
S35	32565.3	0.158448	74748.1	0	0
Na23	21409.2	0.10534	87287.1	3961.99	3961.78
Cl35	32564.6	0.0791314	86132.8	3505.91	3505.51
neutron	939.565	0.586431	77014.5	0	0
S34	31632.7	0.078752	77014.5	0	0
Na23	21409.2	0.113924	96435.7	8658.08	8657.91
neutron	939.565	10.246	75513.5	0	0
proton	938.272	4.35628	75513.5	0	0
neutron	939.565	1.85185	75513.5	0	0
F20	18625.3	0.404415	75513.5	0	0
Cl35	32564.6	0.173472	92399.1	6790.44	6790.24
Cl35	32564.6	0.629243	84684.5	3676.39	3675.51
Cl35	32564.6	0.143423	76198.1	167.563	167.213
proton	938.272	5.93656	75864.4	0	0
neutron	939.565	4.17317	75864.4	0	0
neutron	939.565	3.62943	75864.4	0	0
neutron	939.565	0.417617	75864.4	0	0
neutron	939.565	0.385222	75864.4	0	0
P32	29775.8	0.404273	75864.4	0	0
Cl35	32564.6	0.287842	80604.2	2138.12	2137.81
Na23	21409.2	0.135271	96332.1	8523.39	8523.24
Cl37	34424.8	0.138409	95175.1	8086.63	8086.32
Cl35	32564.6	0.142403	82097.9	1826.4	1826.22
neutron	939.565	1.15905	77323.4	0	0
S34	31632.7	0.199125	77323.4	0	0
neutron	939.565	1.29298	75534.5	0	0
S34	31632.7	0.0850408	75534.5	0	0
Cl35	32564.6	0.0709909	86088.2	4161.09	4160.92
Cl35	32564.6	0.0822831	87685.8	4928.84	4928.71
Na23	21409.2	0.301768	78756.8	1304.17	1303.44
S35	32565.3	0.152629	75238.6	0	0
S37	34430.2	0.134922	75282.8	0	0
Cl35	32564.6	0.122498	95624.3	8150.08	8149.92
Cl35	32564.6	0.277516	84797.9	3075.33	3075.03
neutron	939.565	1.78028	76617.9	0	0
S34	31632.7	0.102967	76617.9	0	0
Na23	21409.2	0.697815	77501.6	501.85	501.122
Na23	21409.2	0.28204	99741.4	9905.52	9905.1
neutron	939.565	3.12522	76227.1	0	0
neutron	939.565	2.03069	76227.1	0	0
neutron	939.565	1.08827	76227.1	0	0
alpha	3727.38	3.50759	76227.1	0	0
O16	14895.1	2.63878	76227.1	0	0
proton	938.272	128.764	92531.2	6902.19	6683.81
neutron	939.565	58.1081	92531.2	6902.19	6683.81
neutron	939.565	5.17839	92531.2	6902.19	6683.81
Ne20	18617.7	0.284104	92531.2	6902.19	6683.81
Cl35	32564.6	0.0815232	89737.4	5542.86	5542.64
neutron	939.565	8.60053	75952.4	0	0
neutron	939.565	2.23534	75952.4	0	0
S33	30704.6	0.512671	75952.4	0	0
Cl35	32564.6	0.0749229	82508.5	2942.09	2941.88
Cl35	32564.6	0.115951	84866	3642.68	3642.42
Cl37	34424.8	0.063547	97893.3	8299.25	8299.18
S35	32565.3	0.155917	76818.2	0	0
neutron	939.565	5.80272	76620.3	0	0
neutron	939.565	0.274017	76620.3	0	0
alpha	3727.38	3.7545	76620.3	0	0
O17	15830.5	2.62147	76620.3	0	0
Cl35	32564.6	0.183194	89425.5	5598.15	5597.79
Na23	21409.2	0.846538	91977.4	6605.56	6604.7
Cl37	34424.8	0.242501	78078.5	784.49	784.235
Na23	21409.2	0.213467	77846.5	704.525	704.248
Cl35	32564.6	0.067296	96728.9	8534.37	8534.25
Na23	21409.2	0.129871	91928.5	6552.29	6551.87
S35	32565.3	0.143125	77667.3	0	0
neutron	939.565	21.5467	74835.1	0	0
neutron	939.565	2.50369	74835.1	0	0
Ne21	19550.5	0.910769	74835.1	0	0
Na23	21409.2	0.116912	98048.4	9292.23	9291.92
neutron	939.565	0.50278	75879.5	0	0
Ne22	20479.7	0.243879	75879.5	0	0
Na23	21409.2	0.133964	92969.3	6202.33	6202.12
neutron	939.565	0.532959	78173.5	0	0
S36	33495	0.139106	78173.5	0	0
Ne23	21414.1	0.231645	76064.2	0	0
Na23	21409.2	0.110533	92823.7	7015	7014.78
Cl37	34424.8	0.146291	86934.5	4635.44	4635.22
neutron	939.565	11.578	75088.1	0	0
proton	938.272	2.49088	75088.1	0	0
neutron	939.565	2.3445	75088.1	0	0
neutron	939.565	1.09656	75088.1	0	0
P31	28844.2	0.369682	75088.1	0	0
proton	938.272	151.602	85911.9	4189.15	3864.03
neutron	939.565	90.9199	85911.9	4189.15	3864.03
proton	938.272	31.6871	85911.9	4189.15	3864.03
neutron	939.565	1.01608	85911.9	4189.15	3864.03
F19	17692.3	8.17993	85911.9	4189.15	3864.03
neutron	939.565	1.37893	75952.2	0	0
S36	33495	0.250584	75952.2	0	0
neutron	939.565	0.544316	75194.4	0	0
S34	31632.7	0.13749	75194.4	0	0
Cl35	32564.6	0.312354	83810	3248.7	3248.3
neutron	939.565	2.45304	75024.5	0	0
S34	31632.7	0.277786	75024.5	0	0
neutron	939.565	1.13769	75087.6	0	0
Ne22	20479.7	0.252679	75087.6	0	0
Na23	21409.2	0.108473	97151.5	8850.4	8850.22
Na23	21409.2	0.128805	87608.6	3604.7	3604.14
Ne23	21414.1	0.22907	78435.7	0	0
Cl35	32564.6	0.281006	85044	3559.15	3558.69
neutron	939.565	16.5593	76139.2	0	0
neutron	939.565	7.40434	76139.2	0	0
neutron	939.565	4.92256	76139.2	0	0
proton	938.272	3.0629	76139.2	0	0
P31	28844.2	0.485138	76139.2	0	0
Cl35	32564.6	0.19283	88565.4	5353.33	5353.11
Cl35	32564.6	0.0802241	85540.7	4178.84	4178.62
Cl35	32564.6	0.0692759	83038.4	2352.65	2352.38
neutron	939.565	28.6254	76676.6	0	0
proton	938.272	2.56364	76676.6	0	0
neutron	939.565	1.13095	76676.6	0	0
neutron	939.565	0.546918	76676.6	0	0
P31	28844.2	0.983674	76676.6	0	0
Cl35	32564.6	0.100344	92438.5	6658.13	6657.98
Cl35	32564.6	0.0993593	99591.8	9857	9856.81
Cl35	32564.6	0.213734	94184.2	7319	7318.73
neutron	939.565	8.4147	77171.9	0	0
proton	938.272	7.3137	77171.9	0	0
neutron	939.565	4.79215	77171.9	0	0
neutron	939.565	3.3917	77171.9	0	0
alpha	3727.38	8.25618	77171.9	0	0
N15	13968.9	2.29103	77171.9	0	0
Na23	21409.2	0.319121	92230.2	6443.82	6443.4
Na23	21409.2	0.115078	78598.7	944.634	944.274
Ne23	21414.1	0.227861	76187.7	0	0
Cl35	32564.6	0.496887	89067.6	5212.12	5211.5
Cl35	32564.6	0.566928	84800.2	2938.54	2937.87
neutron	939.565	0.154777	77171.3	0	0
S34	31632.7	0.108207	77171.3	0	0
S35	32565.3	0.148965	76245.3	0	0
neutron	939.565	0.333616	76809	0	0
Ne22	20479.7	0.151694	76809	0	0
Cl35	32564.6	0.145209	96811.3	8740.72	8740.45
Na23	21409.2	0.198413	82679.3	2419.3	2418.85
Ne23	21414.1	0.226395	76321.8	0	0
Na23	21409.2	3.56188	89462.3	5556.83	5552.84
Na23	21409.2	2.29833	96389.9	8181.63	8179.15
Na23	21409.2	0.255862	83622.2	3087.56	3087.25
neutron	939.565	5.64248	75043.7	0	0
neutron	939.565	3.72871	75043.7	0	0
neutron	939.565	3.11708	75043.7	0	0
alpha	3727.38	9.92182	75043.7	0	0
Si30	27913.2	0.958065	75043.7	0	0
Na23	21409.2	0.112112	94573.8	7691.59	7691.15
neutron	939.565	120.631	90251	5235.56	4287.85
proton	938.272	6.03454	90251	5235.56	4287.85
Ne21	19550.5	0.868588	90251	5235.56	4287.85
Na23	21409.2	0.19714	94162.2	7153.71	7153.48
Na23	21409.2	0.173289	87380.2	4441.37	4441.12
Cl35	32564.6	0.0927401	79977.4	1455.52	1455.08
neutron	939.565	5.9922	76294	0	0
neutron	939.565	2.89504	76294	0	0
neutron	939.565	1.27826	76294	0	0
neutron	939.565	0.58634	76294	0	0
neutron	939.565	0.567552	76294	0	0
S32	29773.6	0.361382	76294	0	0
Cl35	32564.6	0.095741	93249.1	7124.99	7124.88
Cl35	32564.6	0.346033	79314	603.461	603.061
Na23	21409.2	0.185764	78940	467.55	466.987
S37	34430.2	0.142799	77709	0	0
Na23	21409.2	0.821102	91129.5	6497.59	6496.72
S37	34430.2	0.145181	75119.1	0	0
Na23	21409.2	0.105226	97800.5	9190.9	9190.79
Na23	21409.2	0.136554	90140.6	6062.68	6062.38
Cl35	32564.6	0.180146	82511.4	2939.1	2938.74
Na23	21409.2	0.114383	81575.7	2581.53	2581.2
S35	32565.3	0.159172	75301.6	0	0
Cl35	32564.6	0.104007	79823.2	1421.61	1421.45
neutron	939.565	0.886239	77059.9	0	0
S34	31632.7	0.221721	77059.9	0	0
Na23	21409.2	0.216627	95827.7	8289.76	8289.46
Na23	21409.2	2.67199	91939.9	6818.34	6815.43
Na23	21409.2	0.267682	81897.3	2633.2	2632.76
Ne23	21414.1	0.22	75636.3	0	0
Na23	21409.2	0.294802	93466	7026.31	7025.85
neutron	939.565	2.757	76560.7	0	0
S34	31632.7	0.374301	76560.7	0	0
neutron	939.565	1.2973	75644.7	0	0
S34	31632.7	0.135851	75644.7	0	0
Cl37	34424.8	0.153923	92909.8	6949.31	6949
S35	32565.3	0.151411	75528.5	0	0
Na23	21409.2	0.141389	99111.1	9628.71	9628.53
Na23	21409.2	0.124995	98312.4	9342.58	9342.16
Cl35	32564.6	0.115454	75895.5	184.186	183.792
Na23	21409.2	0.215369	75526.7	23.1145	22.8943
neutron	939.565	12.6914	75519.8	0	0
neutron	939.565	8.58651	75519.8	0	0
neutron	939.565	1.10038	75519.8	0	0
Ne20	18617.7	1.74719	75519.8	0	0
Na23	21409.2	0.167827	88156.3	5228.43	5228.09
Ne23	21414.1	0.209562	74641.5	0	0
Cl35	32564.6	0.0729485	98582.1	9379.92	9379.83
Cl35	32564.6	0.198649	78089.3	928.634	927.417
proton	938.272	9.80903	75620.5	0	0
neutron	939.565	4.0177	75620.5	0	0
neutron	939.565	2.76482	75620.5	0	0
neutron	939.565	1.25487	75620.5	0	0
deuteron	1875.61	3.87332	75620.5	0	0
O17	15830.5	0.733502	75620.5	0	0
neutron	939.565	3.28663	75747.1	0	0
neutron	939.565	3.2185	75747.1	0	0
alpha	3727.38	10.1095	75747.1	0	0
Si29	26984.3	0.918003	75747.1	0	0
Cl35	32564.6	0.197949	80453.3	842.004	841.707
neutron	939.565	26.1959	78142.4	0	0
proton	938.272	3.58657	78142.4	0	0
neutron	939.565	3.22625	78142.4	0	0
neutron	939.565	2.97451	78142.4	0	0
neutron	939.565	0.978031	78142.4	0	0
P30	27917	0.534374	78142.4	0	0
Na23	21409.2	0.104639	94341.7	7706.79	7706.66
Cl35	32564.6	0.096636	93855.1	7537.05	7536.45
Cl37	34424.8	0.339674	91778.5	6384.41	6384.07
Cl35	32564.6	0.103106	82744.6	2783.8	2783.64
Na23	21409.2	0.599387	81015.4	2046.54	2045.85
proton	938.272	5.78766	75489.6	0	0
F22	20491.1	0.34255	75489.6	0	0
Cl35	32564.6	0.103569	95964.6	7292.33	7292.23
neutron	939.565	17.3786	79579.7	0	0
neutron	939.565	16.763	79579.7	0	0
neutron	939.565	9.64047	79579.7	0	0
alpha	3727.38	4.27547	79579.7	0	0
O16	14895.1	5.17697	79579.7	0	0
Ne23	21414.1	0.22696	76793.9	0	0
Ne23	21414.1	0.225879	76424.9	0	0
Cl35	32564.6	0.276787	98920.3	9626	9625.36
Cl37	34424.8	0.0650882	77590.3	445.092	444.957
Cl35	32564.6	0.538322	87328.4	4173.01	4172.41
Na23	21409.2	0.300761	83552.6	3099.05	3098.66
Cl37	34424.8	0.14638	77187.7	638.352	638.023
Na23	21409.2	0.195457	80688.6	2234.84	2234.28
Cl35	32564.6	0.158993	83436.9	2937.82	2937.54
neutron	939.565	8.00767	75786.7	0	0
Ne22	20479.7	0.116724	75786.7	0	0
Cl37	34424.8	0.145852	94750.5	7839.75	7839.54
Na23	21409.2	0.112991	80921.2	2029.71	2029.34
neutron	939.565	15.3592	75500	0	0
neutron	939.565	3.7765	75500	0	0
neutron	939.565	0.645613	75500	0	0
Ne20	18617.7	0.485522	75500	0	0
Cl37	34424.8	0.44117	97667.2	9030.4	9029.94
Ne23	21414.1	0.210067	76935.5	0	0
proton	938.272	20.2904	74974.7	0	0
neutron	939.565	12.7984	74974.7	0	0
neutron	939.565	6.86857	74974.7	0	0
proton	938.272	6.79254	74974.7	0	0
neutron	939.565	2.49253	74974.7	0	0
Si30	27913.2	0.508092	74974.7	0	0
Na23	21409.2	0.105366	94282.9	7646.34	7646.22
neutron	939.565	0.165624	76240.4	0	0
S34	31632.7	0.114087	76240.4	0	0
Cl37	34424.8	0.163064	95964.2	8373.01	8372.73
Ne23	21414.1	0.198341	75340.7	0	0
neutron	939.565	10.0295	76211.8	0	0
neutron	939.565	2.15425	76211.8	0	0
neutron	939.565	1.0229	76211.8	0	0
S34	31632.7	0.0703537	76211.8	0	0
neutron	939.565	13.4112	76142.1	0	0
proton	938.272	2.94184	76142.1	0	0
neutron	939.565	1.38072	76142.1	0	0
neutron	939.565	0.786168	76142.1	0	0
P31	28844.2	0.367299	76142.1	0	0
Na23	21409.2	0.263197	79970.6	1771.47	1771.04
Cl35	32564.6	0.104083	76463.1	480.979	480.662
Na23	21409.2	0.114595	98969.1	9573.68	9573.51
Cl35	32564.6	0.0975754	98953.1	9561.4	9561.09
neutron	939.565	3.64075	75474.8	0	0
Ne22	20479.7	0.304827	75474.8	0	0
Cl35	32564.6	0.193432	81149.3	1172.1	1171.9
Na23	21409.2	0.123844	95351.3	8249.08	8248.71
neutron	939.565	2.94212	73766.6	0	0
neutron	939.565	0.580069	73766.6	0	0
Ne21	19550.5	0.141934	73766.6	0	0
neutron	939.565	0.673845	74858.5	0	0
S36	33495	0.117001	74858.5	0	0
S35	32565.3	0.16385	80936.6	0	0
Ne23	21414.1	0.220131	76399	0	0
Na23	21409.2	0.113399	96861.3	8654.01	8653.79
neutron	939.565	2.44562	76234.5	0	0
Ne22	20479.7	0.287137	76234.5	0	0
Na23	21409.2	0.148485	83431.1	3451.42	3450.83
neutron	939.565	12.2126	74709.4	0	0
neutron	939.565	7.81313	74709.4	0	0
neutron	939.565	7.5846	74709.4	0	0
alpha	3727.38	3.76665	74709.4	0	0
O16	14895.1	2.27321	74709.4	0	0
Cl37	34424.8	0.0764434	75105.8	327.184	326.921
S35	32565.3	0.142229	74750.3	0	0
neutron	939.565	0.433782	75173.8	0	0
S34	31632.7	0.102293	75173.8	0	0
Cl35	32564.6	0.155004	98749.9	9450.04	9449.87
Cl35	32564.6	0.104014	90093.2	5432.15	5431.92
neutron	939.565	8.2726	77799.7	0	0
proton	938.272	3.72697	77799.7	0	0
P33	30705.3	0.644592	77799.7	0	0
Cl35	32564.6	0.139628	83361	3083.83	3083.2
S37	34430.2	0.139132	75449.1	0	0
Cl35	32564.6	0.39817	89453.9	5931.65	5931.2
S35	32565.3	0.149711	74188.1	0	0
Cl35	32564.6	0.104701	99271.7	9728.15	9727.8
neutron	939.565	6.26216	75373.3	0	0
neutron	939.565	3.30689	75373.3	0	0
Ne21	19550.5	0.542129	75373.3	0	0
neutron	939.565	1.83297	78081.9	0	0
S34	31632.7	0.225759	78081.9	0	0
Cl35	32564.6	0.0738447	97152	8766.67	8766.42
Cl35	32564.6	0.135428	89337.6	5059.15	5058.84
Cl37	34424.8	0.0758355	88927.4	4888.06	4887.98
neutron	939.565	1.00983	76151.1	0	0
S34	31632.7	0.246834	76151.1	0	0
Cl35	32564.6	0.352999	77311	458.18	457.773
Cl35	32564.6	0.125593	95389	7595.2	7594.85
neutron	939.565	1.12659	76558	0	0
S34	31632.7	0.282549	76558	0	0
Na23	21409.2	0.181627	92181.3	6699.47	6698.94
Cl35	32564.6	0.187351	87181.5	4491.18	4490.49
neutron	939.565	0.591748	76352.5	0	0
S34	31632.7	0.0651909	76352.5	0	0
neutron	939.565	2.03488	74859.1	0	0
S34	31632.7	0.0565897	74859.1	0	0
Na23	21409.2	0.273628	87117.6	4197.73	4197.45
Ne23	21414.1	0.224866	76651.5	0	0
neutron	939.565	0.73773	76351.3	0	0
S36	33495	0.201696	76351.3	0	0
Cl35	32564.6	0.0972289	80361.2	1606.61	1606.48
Na23	21409.2	0.125301	78129.8	671.509	671.334
neutron	939.565	6.84784	76387.3	0	0
proton	938.272	3.57812	76387.3	0	0
neutron	939.565	3.28992	76387.3	0	0
neutron	939.565	1.35343	76387.3	0	0
P31	28844.2	0.487581	76387.3	0	0
Cl35	32564.6	0.114507	80716.8	2149.06	2148.91
neutron	939.565	0.251421	93336.5	7030.32	6801.53
Ne22	20479.7	0.198769	93336.5	7030.32	6801.53
Na23	21409.2	0.182373	88532.1	4825.96	4825.75
neutron	939.565	6.25671	76220	0	0
neutron	939.565	6.03462	76220	0	0
proton	938.272	5.47454	76220	0	0
proton	938.272	5.06805	76220	0	0
neutron	939.565	4.70695	76220	0	0
neutron	939.565	2.56683	76220	0	0
Si29	26984.3	0.0498138	76220	0	0
neutron	939.565	0.84463	76710.3	0	0
Ne22	20479.7	0.079689	76710.3	0	0
Cl35	32564.6	0.076273	93844.3	6799.52	6799.43
Cl35	32564.6	0.22111	81926.5	1584.07	1583.53
neutron	939.565	43.416	77557.8	0	0
neutron	939.565	3.80992	77557.8	0	0
neutron	939.565	0.288401	77557.8	0	0
S32	29773.6	0.844557	77557.8	0	0
neutron	939.565	2.91615	76655.7	0	0
S34	31632.7	0.248816	76655.7	0	0
Cl37	34424.8	0.46565	81647.2	2650.21	2649.64
Cl35	32564.6	0.101884	78054	1342.87	1342.73
Cl35	32564.6	0.127271	78502.9	730.023	729.591
neutron	939.565	0.643089	76680.4	0	0
S34	31632.7	0.264905	76680.4	0	0
Ne23	21414.1	0.22978	76187.9	0	0
Na23	21409.2	0.322849	89553.8	5395.77	5395.36
Cl35	32564.6	0.100127	81759.9	2106.53	2106.12
proton	938.272	16.9886	76071.4	0	0
neutron	939.565	10.8529	76071.4	0	0
proton	938.272	8.17765	76071.4	0	0
neutron	939.565	3.26512	76071.4	0	0
neutron	939.565	2.50992	76071.4	0	0
Si30	27913.2	0.452878	76071.4	0	0
Cl35	32564.6	0.0731964	98679.5	9436.21	9435.93
neutron	939.565	40.2556	77442.2	0	0
neutron	939.565	28.9689	77442.2	0	0
neutron	939.565	1.23786	77442.2	0	0
Ne20	18617.7	0.859479	77442.2	0	0
Cl35	32564.6	0.0685272	97370.3	8984.81	8984.2
Na23	21409.2	0.422193	93167.4	6651.16	6650.6
neutron	939.565	20.1163	76216.1	0	0
neutron	939.565	18.1953	76216.1	0	0
neutron	939.565	3.7485	76216.1	0	0
Ne20	18617.7	0.684797	76216.1	0	0
Cl37	34424.8	0.183603	94814.2	7800.8	7800.5
Cl35	32564.6	0.0919692	79418.9	1082.1	1081.76
Cl37	34424.8	0.175424	89038.5	5357.61	5357.16
Cl35	32564.6	0.251698	88113.2	5008.77	5008.26
neutron	939.565	3.66658	77007.1	0	0
proton	938.272	3.01295	77007.1	0	0
P33	30705.3	0.126099	77007.1	0	0
Na23	21409.2	0.130264	81946.3	2570.53	2570.35
neutron	939.565	18.579	75096.9	0	0
neutron	939.565	2.88317	75096.9	0	0
Ne21	19550.5	1.58922	75096.9	0	0
neutron	939.565	1.06405	75924.7	0	0
neutron	939.565	0.993199	75924.7	0	0
S33	30704.6	0.0988232	75924.7	0	0
Na23	21409.2	0.132483	78515.5	627.781	627.417
Cl37	34424.8	0.142338	76889.7	661.045	660.89
Ne23	21414.1	0.22678	75121.7	0	0
proton	938.272	3.48673	74911.6	0	0
neutron	939.565	2.14764	74911.6	0	0
neutron	939.565	0.145504	74911.6	0	0
F20	18625.3	0.597724	74911.6	0	0
Cl35	32564.6	0.0968448	80002.6	520.387	520.278
neutron	939.565	0.174486	78689.1	0	0
S34	31632.7	0.139584	78689.1	0	0
Cl35	32564.6	0.597119	80365.9	2281.97	2281.36
Ne23	21414.1	0.209066	74121.8	0	0
neutron	939.565	1.28462	76414.8	0	0
S34	31632.7	0.275154	76414.8	0	0
Cl35	32564.6	0.342536	94055.9	7541.46	7541.02
Cl35	32564.6	0.143076	92596.7	6971.87	6971.63
Ne23	21414.1	0.23228	77022.4	0	0
Cl37	34424.8	0.35654	94123	7621.58	7621.19
neutron	939.565	1.70105	76064.6	0	0
S34	31632.7	0.321474	76064.6	0	0
Cl35	32564.6	0.115514	95432.6	8132.98	8132.72
neutron	939.565	0.639465	76878.3	0	0
S34	31632.7	0.164324	76878.3	0	0
Na23	21409.2	0.169197	98484	9380.89	9380.41
proton	938.272	20.3328	77736.4	0	0
neutron	939.565	4.82124	77736.4	0	0
neutron	939.565	2.24344	77736.4	0	0
neutron	939.565	1.66333	77736.4	0	0
F19	17692.3	2.02334	77736.4	0	0
Cl35	32564.6	0.074732	98175.9	9254.69	9254.45
Cl37	34424.8	0.0803752	92138.1	6753.81	6753.63
Cl35	32564.6	0.0718165	79755.1	1202.07	1201.89
Cl35	32564.6	0.0736607	77008.1	178.943	178.858
neutron	939.565	1.09792	76285.2	0	0
Ne22	20479.7	0.411886	76285.2	0	0
neutron	939.565	0.21062	76813.2	0	0
S34	31632.7	0.155689	76813.2	0	0
Cl35	32564.6	0.253015	83127	2360.53	2360.25
Ne23	21414.1	0.233396	77372.5	0	0
Cl35	32564.6	0.076624	83306.1	2880.23	2879.82
Cl35	32564.6	0.269583	82941.8	2717.52	2717.25
proton	938.272	14.6889	76144	0	0
proton	938.272	7.7306	76144	0	0
neutron	939.565	6.54186	76144	0	0
neutron	939.565	1.68137	76144	0	0
O19	17697.6	0.356288	76144	0	0
Cl35	32564.6	0.0764404	98705.1	9464.5	9464.4
Cl35	32564.6	0.112972	76260.6	520.379	520.196
neutron	939.565	2.30105	74923.7	0	0
neutron	939.565	1.77695	74923.7	0	0
neutron	939.565	0.695819	74923.7	0	0
S32	29773.6	0.282088	74923.7	0	0
neutron	939.565	0.0359106	75238.8	0	0
Ne22	20479.7	0.203237	75238.8	0	0
Na23	21409.2	0.675094	89056.7	4201.38	4200.47
Na23	21409.2	0.199639	76276.1	289.732	289.519
neutron	939.565	0.124502	75595.5	0	0
S36	33495	0.158817	75595.5	0	0
Cl35	32564.6	0.169446	96110.1	8151.73	8151.46
neutron	939.565	9.27796	75926.7	0	0
alpha	3727.38	5.98803	75926.7	0	0
Si30	27913.2	1.28847	75926.7	0	0
Cl35	32564.6	0.0989318	98965.1	9619.21	9619.03
S35	32565.3	0.147908	75834.4	0	0
neutron	939.565	0.359881	77382	0	0
Ne22	20479.7	0.319499	77382	0	0
neutron	939.565	2.50499	75714.5	0	0
neutron	939.565	1.21865	75714.5	0	0
neutron	939.565	0.37323	75714.5	0	0
Ne20	18617.7	0.70298	75714.5	0	0
Na23	21409.2	0.537421	84582.7	2689.5	2688.94
neutron	939.565	0.285538	77618.6	0	0
S34	31632.7	0.145275	77618.6	0	0
neutron	939.565	9.78419	76406.2	0	0
neutron	939.565	5.52746	76406.2	0	0
neutron	939.565	1.30242	76406.2	0	0
Ne20	18617.7	0.263441	76406.2	0	0
Na23	21409.2	0.199707	89335.1	5204.48	5204.16
neutron	939.565	0.648567	76611	0	0
S34	31632.7	0.184626	76611	0	0
Cl35	32564.6	0.102918	89466.5	5301.3	5301.05
Cl35	32564.6	0.125666	86274.9	3117.22	3116.92
Cl35	32564.6	0.148156	78943.3	361.781	361.61
neutron	939.565	14.3893	78069.8	0	0
proton	938.272	4.74279	78069.8	0	0
neutron	939.565	2.78535	78069.8	0	0
neutron	939.565	1.67818	78069.8	0	0
neutron	939.565	0.236933	78069.8	0	0
P32	29775.8	0.645657	78069.8	0	0
Cl35	32564.6	0.0802747	88509.9	5166.76	5166.37
neutron	939.565	3.87796	75469.9	0	0
Ne22	20479.7	0.296223	75469.9	0	0
Na23	21409.2	0.300941	98750	9507.25	9506.95
Cl35	32564.6	0.0926534	96977.9	8850.31	8849.98
Na23	21409.2	0.173959	88854	5450.22	5449.41
Na23	21409.2	0.157145	81972.6	2553.53	2553.28
Cl37	34424.8	0.0812117	82054.1	2768.78	2768.5
Cl35	32564.6	0.0803016	77940.3	1249.84	1249.74
neutron	939.565	2.30427	74553.6	0	0
Ne22	20479.7	0.458255	74553.6	0	0
Na23	21409.2	0.176816	86459.5	3732.92	3732.7
Cl35	32564.6	0.126605	80611.6	1404.53	1404.39
Cl37	34424.8	0.086237	79289.6	858.175	857.913
neutron	939.565	4.20783	75933.8	0	0
neutron	939.565	2.61926	75933.8	0	0
neutron	939.565	1.56861	75933.8	0	0
S32	29773.6	0.254911	75933.8	0	0
neutron	939.565	10.7382	78212.6	0	0
proton	938.272	3.35272	78212.6	0	0
neutron	939.565	0.258328	78212.6	0	0
P32	29775.8	0.463763	78212.6	0	0
neutron	939.565	0.660717	76642.5	0	0
Ne22	20479.7	0.358286	76642.5	0	0
neutron	939.565	0.0972379	75147.8	0	0
Ne22	20479.7	0.225604	75147.8	0	0
Na23	21409.2	0.104404	92182.5	5846.93	5846.66
Cl37	34424.8	0.0790385	90330.2	5115.87	5115.77
Cl35	32564.6	1.15121	91834.5	6252.12	6250.96
Cl35	32564.6	0.0877717	91615	6123.1	6122.95
Cl37	34424.8	0.103968	87341	4450.43	4449.88
neutron	939.565	0.593189	75167	0	0
S34	31632.7	0.117608	75167	0	0
neutron	939.565	5.15646	79063.8	0	0
neutron	939.565	3.94855	79063.8	0	0
neutron	939.565	2.16285	79063.8	0	0
S32	29773.6	0.164481	79063.8	0	0
Cl35	32564.6	0.151224	94484.5	6413.7	6413.47
Na23	21409.2	0.12468	89175.5	5046	5045.29
neutron	939.565	18.514	78042.7	0	0
proton	938.272	7.58048	78042.7	0	0
neutron	939.565	3.87032	78042.7	0	0
F20	18625.3	1.41782	78042.7	0	0
Cl37	34424.8	0.0652683	93542.9	6733.6	6733.44
proton	938.272	10.7217	78216.4	0	0
neutron	939.565	6.5688	78216.4	0	0
neutron	939.565	1.43852	78216.4	0	0
F20	18625.3	1.17275	78216.4	0	0
Cl35	32564.6	0.0737832	81178.4	1475.14	1474.61
proton	938.272	5.16101	77062.2	0	0
neutron	939.565	0.340924	77062.2	0	0
deuteron	1875.61	2.61075	77062.2	0	0
Si31	28846.2	0.326346	77062.2	0	0
Cl35	32564.6	0.0908428	93633.8	7258.93	7258.79
neutron	939.565	1.86165	75615.8	0	0
Ne22	20479.7	0.233143	75615.8	0	0
neutron	939.565	1.09445	74928.4	0	0
Ne22	20479.7	0.106696	74928.4	0	0
neutron	939.565	0.811231	76343.7	0	0
Ne22	20479.7	0.3166	76343.7	0	0
Ne23	21414.1	0.228884	75172.8	0	0
Cl35	32564.6	0.247444	93636.1	7075.67	7075.25
neutron	939.565	1.20663	77112.8	0	0
S34	31632.7	0.195123	77112.8	0	0
Cl35	32564.6	0.124914	97117.1	6178.74	6178.42
neutron	939.565	12.3481	81208.3	0	0
neutron	939.565	1.37439	81208.3	0	0
neutron	939.565	0.860816	81208.3	0	0
Ne20	18617.7	1.19432	81208.3	0	0
Cl37	34424.8	0.101975	79620.7	879.715	879.484
Ne23	21414.1	0.205016	74925.8	0	0
Na23	21409.2	0.201441	77004.8	558.707	558.445
neutron	939.565	0.0819364	75500.1	0	0
S36	33495	0.139807	75500.1	0	0
neutron	939.565	9.05634	77862.1	0	0
neutron	939.565	1.55269	77862.1	0	0
Ne21	19550.5	0.195917	77862.1	0	0
Na23	21409.2	1.01567	99528.6	9808.42	9807.39
neutron	939.565	0.726034	76509.1	0	0
S36	33495	0.160114	76509.1	0	0
Cl37	34424.8	0.0679766	98909.7	9473.91	9473.82
neutron	939.565	0.750709	75160.3	0	0
S34	31632.7	0.120655	75160.3	0	0
Na23	21409.2	0.397525	87794.9	4664.07	4663.52
Cl37	34424.8	0.0805148	88905.5	5252.82	5252.56
Cl35	32564.6	0.0928013	82598.8	1951.41	1951.19
proton	938.272	34.19	77170.7	0	0
neutron	939.565	5.59382	77170.7	0	0
neutron	939.565	2.22073	77170.7	0	0
P32	29775.8	1.29555	77170.7	0	0
Cl35	32564.6	0.104963	96114.9	8375.5	8375.21
Na23	21409.2	0.283996	94862.1	7928.98	7928.66
neutron	939.565	6.21978	75771.2	0	0
neutron	939.565	2.99588	75771.2	0	0
neutron	939.565	0.981717	75771.2	0	0
S34	31632.7	0.473144	75771.2	0	0
neutron	939.565	9.21049	75273.4	0	0
neutron	939.565	6.08895	75273.4	0	0
S33	30704.6	0.273984	75273.4	0	0
neutron	939.565	2.60976	74624.6	0	0
neutron	939.565	1.48283	74624.6	0	0
S33	30704.6	0.204397	74624.6	0	0
Cl35	32564.6	0.397076	84175.9	3475.99	3475.36
Cl35	32564.6	0.0719619	98284.4	8874.26	8874.1
Ne23	21414.1	0.233617	76999.7	0	0
Na23	21409.2	0.158474	95573.5	8108.22	8108
Ne23	21414.1	0.22614	74989.1	0	0
proton	938.272	11.2948	80156.4	0	0
neutron	939.565	9.75415	80156.4	0	0
P33	30705.3	0.91611	80156.4	0	0
neutron	939.565	2.82876	75076.2	0	0
S34	31632.7	0.344418	75076.2	0	0
neutron	939.565	0.257632	77502	0	0
Ne22	20479.7	0.229039	77502	0	0
Cl37	34424.8	0.859315	99038.8	9663.57	9662.69
Cl35	32564.6	0.0767986	76089.8	81.0238	80.8941
Na23	21409.2	0.146454	99715.5	9888.12	9887.87
S35	32565.3	0.155178	83177.1	0	0
Na23	21409.2	0.230309	97290.6	8527.39	8527.12
Cl35	32564.6	0.125337	89516.3	5157.11	5156.88
Na23	21409.2	0.140459	85543.5	3374.59	3374.28
Cl35	32564.6	0.136629	80932.1	1621.54	1621.19
Na23	21409.2	0.102817	98292.4	9222.54	9222.44
neutron	939.565	35.2348	77254.2	0	0
neutron	939.565	15.46	77254.2	0	0
neutron	939.565	4.42043	77254.2	0	0
Ne20	18617.7	3.37778	77254.2	0	0
proton	938.272	5.56153	80593.7	0	0
neutron	939.565	4.5383	80593.7	0	0
proton	938.272	2.37284	80593.7	0	0
neutron	939.565	1.59091	80593.7	0	0
neutron	939.565	0.116496	80593.7	0	0
Si30	27913.2	1.04531	80593.7	0	0
Ne23	21414.1	0.220264	75813.4	0	0
neutron	939.565	0.239445	76496.6	0	0
S34	31632.7	0.105094	76496.6	0	0
Na23	21409.2	0.290413	88186.7	5152.22	5151.91
Cl35	32564.6	0.436471	85866.3	2718.43	2717.96
Cl35	32564.6	0.11924	85491.4	2576.02	2575.8
Cl37	34424.8	0.0836626	79988.1	1884.42	1884.17
neutron	939.565	8.37833	74974.4	0	0
neutron	939.565	1.4411	74974.4	0	0
Ne21	19550.5	0.755004	74974.4	0	0
proton	938.272	6.2192	75881.5	0	0
neutron	939.565	3.67212	75881.5	0	0
proton	938.272	3.15099	75881.5	0	0
neutron	939.565	0.0840704	75881.5	0	0
Si31	28846.2	0.210645	75881.5	0	0
Na23	21409.2	0.363509	82593.9	2015.8	2015.37
Ne23	21414.1	0.203556	77234.5	0	0
Na23	21409.2	0.142704	84240.9	3500.12	3499.67
Na23	21409.2	0.267354	94850.7	7821.16	7820.75
neutron	939.565	1.72976	76943.8	0	0
S34	31632.7	0.0885265	76943.8	0	0
proton	938.272	15.6444	75599.7	0	0
neutron	939.565	5.38996	75599.7	0	0
proton	938.272	3.97175	75599.7	0	0
neutron	939.565	2.66437	75599.7	0	0
neutron	939.565	0.860458	75599.7	0	0
Si30	27913.2	1.456	75599.7	0	0
Ne23	21414.1	0.233243	74731.3	0	0
neutron	939.565	132.862	85491.2	3824.11	3585.84
neutron	939.565	67.7461	85491.2	3824.11	3585.84
proton	938.272	4.60022	85491.2	3824.11	3585.84
S32	29773.6	0.160391	85491.2	3824.11	3585.84
S37	34430.2	0.13309	77152	0	0
Cl35	32564.6	0.0770493	83504.6	2942.15	2942.06
neutron	939.565	1.91104	75580.5	0	0
alpha	3727.38	10.1527	75580.5	0	0
Si30	27913.2	1.57496	75580.5	0	0
Cl37	34424.8	0.0996765	95789.6	8187.88	8187.63
Cl35	32564.6	0.0926639	86969.9	4041.8	4041.55
Cl35	32564.6	0.162025	89965.2	5779.39	5779.18
Na23	21409.2	0.292493	85135.9	3479.08	3478.54
neutron	939.565	0.336493	76172.4	0	0
S34	31632.7	0.129128	76172.4	0	0
Cl37	34424.8	0.107035	81308.3	2145.5	2144.88
proton	938.272	9.55339	75794.3	0	0
neutron	939.565	9.1685	75794.3	0	0
proton	938.272	4.91949	75794.3	0	0
neutron	939.565	0.610121	75794.3	0	0
Si31	28846.2	0.288956	75794.3	0	0
Cl35	32564.6	0.154096	87499.6	5035.22	5034.77
Na23	21409.2	0.118324	84564.6	3928.03	3927.77
Cl35	32564.6	0.212285	82982.2	3340.35	3340.01
proton	938.272	35.7564	87354.8	4157.43	3863.37
neutron	939.565	1.89135	87354.8	4157.43	3863.37
deuteron	1875.61	7.69553	87354.8	4157.43	3863.37
S33	30704.6	0.23047	87354.8	4157.43	3863.37
neutron	939.565	2.41833	77603	0	0
S34	31632.7	0.213164	77603	0	0
neutron	939.565	0.279352	74785.4	0	0
S34	31632.7	0.187199	74785.4	0	0
Na23	21409.2	0.162324	91631.6	6671.2	6670.97
Cl35	32564.6	0.0754042	85285.5	4210.8	4210.6
neutron	939.565	2.88565	75591.7	0	0
S34	31632.7	0.268615	75591.7	0	0
Cl35	32564.6	0.0979825	79558.3	1479.07	1478.78
neutron	939.565	0.242892	75800.1	0	0
S34	31632.7	0.143815	75800.1	0	0
Na23	21409.2	0.154734	96795.4	7205.44	7205.22
Cl37	34424.8	0.902849	86193.7	4411.49	4410.55
Cl35	32564.6	0.128747	75620.7	393.652	393.089
Cl35	32564.6	0.0763426	91514.2	6298.63	6298.49
Ne23	21414.1	0.204056	77242.7	0	0
S35	32565.3	0.155579	79989	0	0
neutron	939.565	0.319216	81930.8	0	0
S34	31632.7	0.155074	81930.8	0	0
Cl35	32564.6	0.183872	79049.8	1550.86	1550.6
Cl35	32564.6	0.386794	78098.9	1166.31	1165.92
Cl35	32564.6	0.0669955	77440.7	899.444	899.372
Na23	21409.2	0.127354	89538.6	5686.51	5686.26
neutron	939.565	5.80228	75127.9	0	0
proton	938.272	5.18165	75127.9	0	0
P33	30705.3	0.0909617	75127.9	0	0
neutron	939.565	0.483165	77121.4	0	0
Ne22	20479.7	0.175718	77121.4	0	0
neutron	939.565	5.37775	74985.9	0	0
proton	938.272	2.39664	74985.9	0	0
P33	30705.3	0.480353	74985.9	0	0
Cl37	34424.8	0.0752949	88334.3	5144.86	5144.22
Cl37	34424.8	0.133209	95391.7	8057.27	8056.73
Na23	21409.2	0.140329	95184.4	7980.8	7980.63
Cl35	32564.6	0.189798	77351	720.778	720.582
Cl35	32564.6	0.174914	77689.9	327.623	327.424
neutron	939.565	0.246265	76879.5	0	0
S34	31632.7	0.200906	76879.5	0	0
neutron	939.565	1.69613	75853.7	0	0
S34	31632.7	0.0432258	75853.7	0	0
Cl35	32564.6	0.256263	78960.1	1056.5	1056.14
Ne23	21414.1	0.211292	75983.7	0	0
Cl35	32564.6	0.104375	99857.4	9947.17	9946.99
Na23	21409.2	0.119377	98703.7	9066.57	9066.37
neutron	939.565	6.1461	75147.6	0	0
neutron	939.565	4.99778	75147.6	0	0
neutron	939.565	2.43311	75147.6	0	0
alpha	3727.38	4.92192	75147.6	0	0
alpha	3727.38	5.01721	75147.6	0	0
C12	11174.9	2.79613	75147.6	0	0
Cl35	32564.6	0.280478	74560.7	127.662	127.302
neutron	939.565	6.08167	74374.3	0	0
neutron	939.565	3.47224	74374.3	0	0
neutron	939.565	3.13779	74374.3	0	0
Ne20	18617.7	1.76891	74374.3	0	0
neutron	939.565	8.49751	75336.4	0	0
neutron	939.565	6.44362	75336.4	0	0
neutron	939.565	3.43936	75336.4	0	0
S32	29773.6	1.398	75336.4	0	0
neutron	939.565	1.3836	76043.7	0	0
S36	33495	0.114004	76043.7	0	0
neutron	939.565	31.6364	75149.6	0	0
neutron	939.565	16.4919	75149.6	0	0
neutron	939.565	3.37034	75149.6	0	0
Ne20	18617.7	1.14536	75149.6	0	0
Na23	21409.2	0.102036	93853.7	7597.78	7597.65
Cl35	32564.6	0.181588	99317.6	9744.8	9744.57
neutron	939.565	0.960382	75829.3	0	0
S34	31632.7	0.109005	75829.3	0	0
neutron	939.565	4.33566	76372	0	0
neutron	939.565	2.89622	76372	0	0
neutron	939.565	0.582771	76372	0	0
S32	29773.6	0.501997	76372	0	0
neutron	939.565	2.43837	77395.7	0	0
Ne22	20479.7	0.0614716	77395.7	0	0
Cl35	32564.6	0.293906	91957.3	6818.44	6818.05
Na23	21409.2	0.859641	84449.1	2987.33	2986.24
Ne23	21414.1	0.218607	76741.7	0	0
Cl35	32564.6	0.102284	95843.7	8341.81	8341.68
neutron	939.565	0.882661	75087.7	0	0
S36	33495	0.118493	75087.7	0	0
Ne23	21414.1	0.206179	76964.1	0	0
Na23	21409.2	0.112382	98008.2	9186.37	9186.2
S35	32565.3	0.165269	75483	0	0
Na23	21409.2	0.319676	77067.1	513.617	513.109
neutron	939.565	0.714005	75772.1	0	0
S36	33495	0.200986	75772.1	0	0
neutron	939.565	2.40139	76608.2	0	0
Ne22	20479.7	0.538878	76608.2	0	0
neutron	939.565	0.736279	76589.7	0	0
S34	31632.7	0.274907	76589.7	0	0
Cl37	34424.8	0.296566	90690.5	5324.58	5324
S37	34430.2	0.134584	77595.5	0	0
Cl35	32564.6	0.0768229	99403.2	9637.27	9636.89
Cl37	34424.8	0.0789661	86382.7	3185.55	3185.45
S35	32565.3	0.156812	78166.9	0	0
Cl37	34424.8	0.145343	93747.1	7046.09	7045.82
Cl35	32564.6	0.11319	90063	6178.77	6178.53
neutron	939.565	4.8561	75283.4	0	0
neutron	939.565	4.33025	75283.4	0	0
neutron	939.565	1.75555	75283.4	0	0
S34	31632.7	0.22096	75283.4	0	0
Cl35	32564.6	0.0969879	75987.6	155.85	155.662
Ne23	21414.1	0.233102	79194.1	0	0
Na23	21409.2	0.191921	86927.6	4458.12	4457.87
Na23	21409.2	0.210242	76040.4	284.439	283.854
neutron	939.565	21.3715	76836.5	0	0
neutron	939.565	1.0516	76836.5	0	0
alpha	3727.38	6.11376	76836.5	0	0
Si29	26984.3	2.82605	76836.5	0	0
Na23	21409.2	0.173496	98432.1	9414.22	9413.78
Ne23	21414.1	0.232805	74900.6	0	0
Cl35	32564.6	0.070081	99927.8	9974.39	9974.12
Cl35	32564.6	0.0765562	86283.5	4294.08	4293.85
Cl35	32564.6	0.136967	81947	2578.15	2578
Cl35	32564.6	0.372742	78384.2	1269.37	1268.91
neutron	939.565	0.443414	75020.1	0	0
S34	31632.7	0.0864432	75020.1	0	0
proton	938.272	27.2906	76269.3	0	0
neutron	939.565	2.60619	76269.3	0	0
neutron	939.565	2.14226	76269.3	0	0
neutron	939.565	0.760775	76269.3	0	0
P31	28844.2	1.37375	76269.3	0	0
proton	938.272	5.52898	76179.5	0	0
neutron	939.565	4.10188	76179.5	0	0
F21	19556.7	0.48841	76179.5	0	0
Cl35	32564.6	0.0869746	86728.7	4391.75	4391.59
neutron	939.565	41.0574	76549	0	0
proton	938.272	6.48045	76549	0	0
neutron	939.565	2.63981	76549	0	0
neutron	939.565	2.04137	76549	0	0
P31	28844.2	1.05553	76549	0	0
Cl35	32564.6	0.186928	89222.8	5770.28	5770.07
neutron	939.565	0.622757	74298.2	0	0
triton	2808.92	5.22187	74298.2	0	0
alpha	3727.38	5.45552	74298.2	0	0
N15	13968.9	0.887204	74298.2	0	0
Cl37	34424.8	0.176367	90556.7	5163.7	5163.14
Na23	21409.2	0.118287	93803.3	7523.78	7523.51
Cl35	32564.6	0.146609	83574.7	3438.46	3437.42
neutron	939.565	1.86064	74622.5	0	0
S34	31632.7	0.0422672	74622.5	0	0
Cl35	32564.6	0.907613	81173.2	1763.86	1762.92
Cl35	32564.6	0.081427	76045.9	178.22	177.935
neutron	939.565	2.84823	75662.4	0	0
neutron	939.565	2.3924	75662.4	0	0
neutron	939.565	2.23281	75662.4	0	0
S34	31632.7	0.704101	75662.4	0	0
S37	34430.2	0.135018	75116.6	0	0
Cl35	32564.6	0.0966515	79423.3	709.566	709.361
neutron	939.565	0.451947	77557.6	0	0
Ne22	20479.7	0.143272	77557.6	0	0
Na23	21409.2	0.266883	97517.5	8902.2	8901.66
Cl35	32564.6	0.069128	88834.1	5263.31	5262.9
Cl35	32564.6	0.0878588	76603.4	272.197	272.057
S35	32565.3	0.16332	75945	0	0
Cl35	32564.6	0.104672	99676.3	9826.9	9826.75
neutron	939.565	2.24691	75414.7	0	0
neutron	939.565	1.26828	75414.7	0	0
S33	30704.6	0.446262	75414.7	0	0
Cl35	32564.6	0.0762859	80324.7	1174.83	1174.63
Cl37	34424.8	0.0673574	84445.2	2864.71	2864.57
neutron	939.565	0.712675	76986	0	0
S36	33495	0.139573	76986	0	0
Na23	21409.2	0.5586	96539.4	8583.43	8582.71
neutron	939.565	14.1776	75094.1	0	0
neutron	939.565	2.43867	75094.1	0	0
alpha	3727.38	5.00738	75094.1	0	0
O17	15830.5	3.31335	75094.1	0	0
Na23	21409.2	0.492749	95731.8	8306.34	8305.02
Cl37	34424.8	0.153275	92769.2	7156.12	7155.62
Na23	21409.2	0.197249	93150.3	6200.15	6199.85
neutron	939.565	0.593365	77379.3	0	0
Ne22	20479.7	0.335367	77379.3	0	0
Cl35	32564.6	0.256204	94008.2	6952.39	6951.92
Cl37	34424.8	0.106264	98064.8	9281.3	9281.07
Cl37	34424.8	0.0631879	79309.2	1554.81	1554.72
neutron	939.565	1.8311	75211.5	0	0
S34	31632.7	0.285576	75211.5	0	0
Cl35	32564.6	0.13365	94483.6	7854.41	7854.07
neutron	939.565	3.86527	76061.8	0	0
S34	31632.7	0.459055	76061.8	0	0
Cl35	32564.6	0.171178	97663.5	9047.4	9047.16
proton	938.272	327.495	93788.8	7520.49	7061.06
neutron	939.565	47.0556	93788.8	7520.49	7061.06
proton	938.272	8.84297	93788.8	7520.49	7061.06
neutron	939.565	8.69268	93788.8	7520.49	7061.06
proton	938.272	6.38113	93788.8	7520.49	7061.06
neutron	939.565	1.02012	93788.8	7520.49	7061.06
Si29	26984.3	1.22554	93788.8	7520.49	7061.06
Cl37	34424.8	0.1466	97983.5	9166.94	9166.77
Na23	21409.2	0.130204	75547.8	181.017	180.849
neutron	939.565	0.1601	75189.1	0	0
S34	31632.7	0.159645	75189.1	0	0
Ne23	21414.1	0.216373	78830.7	0	0
Cl37	34424.8	0.0681035	79297.2	1459.63	1459.43
neutron	939.565	4.59855	75360.9	0	0
neutron	939.565	1.99457	75360.9	0	0
Ne21	19550.5	0.624189	75360.9	0	0
neutron	939.565	217.686	96975.2	8845.2	8464.85
proton	938.272	102.727	96975.2	8845.2	8464.85
neutron	939.565	7.17014	96975.2	8845.2	8464.85
alpha	3727.38	10.7228	96975.2	8845.2	8464.85
O16	14895.1	1.18975	96975.2	8845.2	8464.85
S35	32565.3	0.164315	76014.9	0	0
Na23	21409.2	0.253357	87089.4	4181.72	4181.3
Na23	21409.2	0.209195	85159.8	3429.71	3429.48
Cl35	32564.6	0.105852	81677.6	2077.12	2077
S35	32565.3	0.168554	76522.3	0	0
Na23	21409.2	0.247326	86806.6	3313.6	3313.25
S35	32565.3	0.150065	77872.7	0	0
Na23	21409.2	0.140278	82822.7	2275.37	2275.2
Ne23	21414.1	0.214708	77251.7	0	0
neutron	939.565	8.94551	74959.5	0	0
proton	938.272	7.67489	74959.5	0	0
neutron	939.565	3.82527	74959.5	0	0
neutron	939.565	3.73762	74959.5	0	0
neutron	939.565	3.45875	74959.5	0	0
proton	938.272	1.87244	74959.5	0	0
O17	15830.5	1.12498	74959.5	0	0
Cl37	34424.8	0.116524	86155.1	2821.85	2821.64
proton	938.272	4.46123	78716.3	0	0
neutron	939.565	3.71616	78716.3	0	0
neutron	939.565	0.630323	78716.3	0	0
deuteron	1875.61	5.49836	78716.3	0	0
Si32	29776.6	1.2534	78716.3	0	0
Cl35	32564.6	0.205654	91478.7	6652.65	6652.25
Na23	21409.2	0.168895	97334.2	9002.07	9001.48
Na23	21409.2	0.2293	78288.2	1246.78	1246.41
neutron	939.565	0.913577	74849	0	0
S34	31632.7	0.289597	74849	0	0
neutron	939.565	24.4669	75007.8	0	0
Ne22	20479.7	1.21292	75007.8	0	0
Na23	21409.2	0.105537	85097.1	3698.16	3697.91
neutron	939.565	11.7454	76649.1	0	0
neutron	939.565	11.2828	76649.1	0	0
neutron	939.565	1.83554	76649.1	0	0
alpha	3727.38	6.5238	76649.1	0	0
O16	14895.1	1.42066	76649.1	0	0
neutron	939.565	26.258	75724.3	0	0
proton	938.272	7.98074	75724.3	0	0
neutron	939.565	4.08552	75724.3	0	0
neutron	939.565	2.72888	75724.3	0	0
proton	938.272	1.86041	75724.3	0	0
Si30	27913.2	0.973826	75724.3	0	0
neutron	939.565	1.92603	76552.4	0	0
S34	31632.7	0.262123	76552.4	0	0
Na23	21409.2	0.127593	95436	6874.88	6874.7
Cl35	32564.6	0.266552	97839.3	9221.58	9221.04
Cl35	32564.6	0.0967883	94035.1	7624.81	7624.47
Cl35	32564.6	0.0757419	79705.6	1701.11	1701
neutron	939.565	0.238688	75191.8	0	0
S34	31632.7	0.149971	75191.8	0	0
Ne23	21414.1	0.218993	75334.1	0	0
Na23	21409.2	0.112661	97374	8815.17	8815.04
neutron	939.565	3.0619	76739.9	0	0
neutron	939.565	1.94597	76739.9	0	0
Ne21	19550.5	1.04586	76739.9	0	0
neutron	939.565	3.89005	75488.4	0	0
S34	31632.7	0.0160737	75488.4	0	0
Cl37	34424.8	0.121912	87422.6	4739.92	4739.78
neutron	939.565	4.46997	76066.1	0	0
neutron	939.565	4.16773	76066.1	0	0
proton	938.272	3.97166	76066.1	0	0
neutron	939.565	2.55463	76066.1	0	0
neutron	939.565	2.29028	76066.1	0	0
neutron	939.565	0.0388567	76066.1	0	0
alpha	3727.38	10.5392	76066.1	0	0
Al27	25126.5	1.4041	76066.1	0	0
Cl35	32564.6	0.0680744	90462.4	5902.89	5902.41
neutron	939.565	12.0058	78657.5	0	0
neutron	939.565	2.11205	78657.5	0	0
neutron	939.565	1.46627	78657.5	0	0
Ne20	18617.7	0.472738	78657.5	0	0
neutron	939.565	2.89413	76234.6	0	0
neutron	939.565	0.854703	76234.6	0	0
Ne21	19550.5	0.37127	76234.6	0	0
Na23	21409.2	0.154811	91831	6582.74	6582.53
Na23	21409.2	0.107873	85368.4	4085.8	4085.69
Cl37	34424.8	0.0647249	81808.3	1935.22	1935.05
neutron	939.565	1.33136	76781.3	0	0
S34	31632.7	0.131471	76781.3	0	0
Cl35	32564.6	0.112867	92186	6665.32	6664.81
Na23	21409.2	0.990438	85826.4	4122.9	4121.78
Na23	21409.2	0.200991	99864.9	9957.03	9956.69
neutron	939.565	10.6305	76086.1	0	0
neutron	939.565	3.83487	76086.1	0	0
neutron	939.565	0.995983	76086.1	0	0
Ne20	18617.7	0.778541	76086.1	0	0
neutron	939.565	2.04378	81260.3	0	0
S34	31632.7	0.23227	81260.3	0	0
neutron	939.565	0.884647	76009.4	0	0
S34	31632.7	0.284611	76009.4	0	0
neutron	939.565	0.768322	76444.6	0	0
S34	31632.7	0.233762	76444.6	0	0
Cl35	32564.6	0.0700741	94406.4	7456.55	7456.44
Ne23	21414.1	0.23322	76232.3	0	0
neutron	939.565	0.612632	78957.8	0	0
Ne22	20479.7	0.149519	78957.8	0	0
Cl35	32564.6	0.121919	96382.6	8360.01	8359.62
Na23	21409.2	0.130371	94954.6	7772.89	7772.75
neutron	939.565	4.62745	77328.2	0	0
neutron	939.565	0.24638	77328.2	0	0
Ne21	19550.5	0.152061	77328.2	0	0
neutron	939.565	698.751	83749.6	3205.89	1586.68
deuteron	1875.61	3.48171	83749.6	3205.89	1586.68
Ne20	18617.7	0.348252	83749.6	3205.89	1586.68
neutron	939.565	1.08114	75390.4	0	0
S34	31632.7	0.162103	75390.4	0	0
Ne23	21414.1	0.209952	74679.7	0	0
Ne23	21414.1	0.229774	76323.2	0	0
neutron	939.565	3.45737	75447.7	0	0
Ne22	20479.7	0.452493	75447.7	0	0
Na23	21409.2	0.494612	96297.1	8364.14	8362.99
neutron	939.565	1.20459	74451.6	0	0
Ne22	20479.7	0.24682	74451.6	0	0
Cl37	34424.8	0.389116	99960.8	9980.92	9980.48
neutron	939.565	2275.64	91329.2	6174.09	1975.1
neutron	939.565	2.67652	91329.2	6174.09	1975.1
Na21	19553.6	0.183821	91329.2	6174.09	1975.1
Cl35	32564.6	0.0715419	88857.9	2142.6	2142.26
neutron	939.565	0.746071	81995.6	0	0
S34	31632.7	0.22359	81995.6	0	0
Na23	21409.2	0.118498	95574.3	8024.43	8024.23
Cl35	32564.6	0.0776081	87064.2	4502.82	4502.45
Cl35	32564.6	0.0676235	95504.8	8271.72	8271.46
neutron	939.565	1.40186	75234.6	0	0
S34	31632.7	0.0823496	75234.6	0	0
Cl35	32564.6	0.0731541	93099.8	6465.74	6465.6
neutron	939.565	16.465	78880.6	0	0
proton	938.272	8.19059	78880.6	0	0
neutron	939.565	0.865869	78880.6	0	0
P32	29775.8	0.322758	78880.6	0	0
neutron	939.565	10.861	76323.8	0	0
neutron	939.565	10.1826	76323.8	0	0
neutron	939.565	5.94732	76323.8	0	0
S32	29773.6	0.388409	76323.8	0	0
Cl35	32564.6	0.110772	91678.8	6578.66	6578.31
Na23	21409.2	0.131993	85424	3044.95	3044.73
Ne23	21414.1	0.229462	77738.5	0	0
Cl37	34424.8	0.150841	94090.6	7757.73	7757.55
proton	938.272	27.0825	74424.2	0	0
neutron	939.565	1.4425	74424.2	0	0
F21	19556.7	1.38003	74424.2	0	0
Na23	21409.2	0.137968	98318.2	9248.29	9248.15
Na23	21409.2	0.102748	82939.6	2017.67	2017.37
Cl35	32564.6	0.101364	95120.9	5365.58	5365.34
neutron	939.565	12.9906	76166.8	0	0
proton	938.272	5.04286	76166.8	0	0
neutron	939.565	4.483	76166.8	0	0
neutron	939.565	4.0547	76166.8	0	0
P31	28844.2	0.122424	76166.8	0	0
Cl37	34424.8	0.109708	84808.6	3536.09	3535.95
Na23	21409.2	0.112856	79237.5	1268.16	1267.74
neutron	939.565	0.0879424	77471.8	0	0
Ne22	20479.7	0.202476	77471.8	0	0
Na23	21409.2	0.141644	90508.3	6226.86	6226.62
Na23	21409.2	0.166578	81603.6	2445.84	2445.47
Na23	21409.2	0.177795	99801.4	9160.69	9160.3
Cl37	34424.8	0.0979712	84602.9	1506.71	1506.1
Cl37	34424.8	0.0835029	83842.8	1243.54	1243.2
neutron	939.565	5.99446	80575.5	0	0
neutron	939.565	3.13752	80575.5	0	0
neutron	939.565	1.13654	80575.5	0	0
triton	2808.92	4.88791	80575.5	0	0
P31	28844.2	0.554218	80575.5	0	0
Ne23	21414.1	0.215098	77045.8	0	0
Na23	21409.2	0.126118	95817.6	8273.37	8273.24
Cl37	34424.8	0.0904245	86879.1	4525.51	4525.39
Cl35	32564.6	0.11641	80318.2	1907.1	1906.94
Cl37	34424.8	0.312867	78353.2	1124.27	1123.89
Na23	21409.2	0.138584	85762.3	3743.7	3743.28
neutron	939.565	2.73805	75328.8	0	0
Ne22	20479.7	0.107484	75328.8	0	0
Na23	21409.2	0.144467	99197.9	9625.45	9625.24
Na23	21409.2	0.168405	95104.9	7659.77	7659.49
Cl35	32564.6	0.090857	81093.4	1465.5	1465.23
neutron	939.565	1.03517	77447	0	0
S34	31632.7	0.194566	77447	0	0
Cl37	34424.8	0.0846891	81752.5	2202.16	2202.06
neutron	939.565	30.1001	75900.9	0	0
neutron	939.565	8.65873	75900.9	0	0
Ne21	19550.5	1.10098	75900.9	0	0
S35	32565.3	0.141287	76751.9	0	0
neutron	939.565	1.35547	75124.8	0	0
S34	31632.7	0.19714	75124.8	0	0
Na23	21409.2	0.151274	99813.5	9920.01	9919.72
Cl35	32564.6	0.0747727	92227.1	6779.85	6779.75
neutron	939.565	1.81585	75120.6	0	0
S34	31632.7	0.218029	75120.6	0	0
neutron	939.565	3.28489	74348.2	0	0
Ne22	20479.7	0.651955	74348.2	0	0
proton	938.272	10.6684	76005.7	0	0
proton	938.272	4.65569	76005.7	0	0
neutron	939.565	2.96229	76005.7	0	0
neutron	939.565	0.594947	76005.7	0	0
Si31	28846.2	0.0536069	76005.7	0	0
Na23	21409.2	0.119554	93220.8	7273.17	7273.02
Cl35	32564.6	0.19666	88656.9	5490.96	5490.72
Na23	21409.2	0.195268	79939.5	1836.67	1836.46
Na23	21409.2	0.446593	92854.5	6986.2	6985.74
Cl35	32564.6	0.160256	89762.5	5523.84	5523.55
Na23	21409.2	0.202482	83916.3	3153.91	3153.61
Cl37	34424.8	0.0693694	79556.1	1354.77	1354.58
S35	32565.3	0.136676	76067.2	0	0
neutron	939.565	16.3034	76058.4	0	0
proton	938.272	9.317	76058.4	0	0
neutron	939.565	9.20198	76058.4	0	0
proton	938.272	2.1639	76058.4	0	0
neutron	939.565	0.40976	76058.4	0	0
Si30	27913.2	0.785588	76058.4	0	0
Cl35	32564.6	0.270527	94599.1	7407.02	7406.68
Na23	21409.2	0.112981	89061.3	5063.05	5062.88
Cl35	32564.6	0.294382	86403	4328.08	4327.55
neutron	939.565	0.427596	75516.3	0	0
S36	33495	0.152621	75516.3	0	0
Cl37	34424.8	0.211854	96668.1	8621.03	8620.7
Cl35	32564.6	0.0851481	94082.1	7552.53	7552.3
proton	938.272	45.1965	75094.9	0	0
neutron	939.565	1.05961	75094.9	0	0
alpha	3727.38	5.24173	75094.9	0	0
Al29	26988.5	3.80797	75094.9	0	0
neutron	939.565	1.33406	75426.3	0	0
S34	31632.7	0.231876	75426.3	0	0
Cl35	32564.6	0.0678878	90455	5957.68	5957.6
proton	938.272	17.4751	75443.8	0	0
neutron	939.565	17.4172	75443.8	0	0
neutron	939.565	0.310808	75443.8	0	0
F20	18625.3	1.03221	75443.8	0	0
neutron	939.565	12.162	77598.1	0	0
proton	938.272	7.76222	77598.1	0	0
neutron	939.565	0.250231	77598.1	0	0
F20	18625.3	1.30114	77598.1	0	0
Cl35	32564.6	0.0801989	77081.9	326.778	326.595
Na23	21409.2	1.80387	87330.7	4326.45	4324.25
neutron	939.565	0.533358	77329.5	0	0
Ne22	20479.7	0.217677	77329.5	0	0
proton	938.272	6.84302	99627.2	9848.49	9361.17
neutron	939.565	5.06201	99627.2	9848.49	9361.17
neutron	939.565	4.31738	99627.2	9848.49	9361.17
neutron	939.565	1.45331	99627.2	9848.49	9361.17
triton	2808.92	8.19839	99627.2	9848.49	9361.17
O16	14895.1	3.74271	99627.2	9848.49	9361.17
Na23	21409.2	0.130866	92864.9	6422.19	6421.85
neutron	939.565	0.946112	77183.2	0	0
S34	31632.7	0.211546	77183.2	0	0
neutron	939.565	17.9155	75522.1	0	0
neutron	939.565	9.32666	75522.1	0	0
Ne21	19550.5	0.52731	75522.1	0	0
Na23	21409.2	0.160438	87517.2	4635.55	4635.03
neutron	939.565	6.82127	75278.1	0	0
neutron	939.565	1.75994	75278.1	0	0
S33	30704.6	0.482428	75278.1	0	0
neutron	939.565	0.762283	75689.6	0	0
Ne22	20479.7	0.117991	75689.6	0	0
neutron	939.565	0.495746	75559	0	0
Ne22	20479.7	0.104495	75559	0	0
Cl37	34424.8	0.106635	80389.9	1217.26	1216.83
neutron	939.565	32.6658	77030.9	0	0
neutron	939.565	4.61987	77030.9	0	0
neutron	939.565	0.433664	77030.9	0	0
Ne20	18617.7	2.47235	77030.9	0	0
Na23	21409.2	0.374655	82958.2	1286.55	1285.86
neutron	939.565	0.104141	76379.8	0	0
Ne22	20479.7	0.282968	76379.8	0	0
Ne23	21414.1	0.225765	76409.6	0	0
neutron	939.565	0.342884	77587.9	0	0
S34	31632.7	0.0853957	77587.9	0	0
Na23	21409.2	0.137791	77742.5	763.715	763.158
neutron	939.565	20.2869	75660.7	0	0
neutron	939.565	1.52657	75660.7	0	0
S35	32565.3	0.470029	75660.7	0	0
S37	34430.2	0.137	76242.9	0	0
neutron	939.565	0.295317	76219.7	0	0
S34	31632.7	0.11844	76219.7	0	0
Na23	21409.2	0.102547	98107.7	8778.4	8777.75
Cl35	32564.6	0.0906417	84965.4	3197.05	3196.79
Na23	21409.2	0.155357	80286.2	1467.87	1467.44
Cl35	32564.6	0.0691631	97116.5	8491.42	8491.34
neutron	939.565	30.5743	75606	0	0
neutron	939.565	0.894809	75606	0	0
alpha	3727.38	17.18	75606	0	0
O17	15830.5	0.61929	75606	0	0
S35	32565.3	0.15162	77180.4	0	0
neutron	939.565	2.75359	75610.7	0	0
Ne22	20479.7	0.508684	75610.7	0	0
Cl37	34424.8	0.0631476	87060.1	3522.46	3522.16
neutron	939.565	1.40434	77859.4	0	0
neutron	939.565	0.093477	77859.4	0	0
S33	30704.6	0.245248	77859.4	0	0
Na23	21409.2	0.174721	76297.7	11.5235	11.3404
neutron	939.565	8.81148	77936.6	0	0
neutron	939.565	1.94242	77936.6	0	0
neutron	939.565	1.59827	77936.6	0	0
S32	29773.6	0.682514	77936.6	0	0
Na23	21409.2	0.269614	99696.2	9885.15	9884.87
Na23	21409.2	0.129531	97748.9	9127.66	9127.53
Cl35	32564.6	0.207443	88854.1	5166.21	5165.8
proton	938.272	3.93874	76113.9	0	0
neutron	939.565	2.68625	76113.9	0	0
neutron	939.565	2.25277	76113.9	0	0
P32	29775.8	0.552821	76113.9	0	0
Na23	21409.2	0.114109	92718.2	7046.45	7046
Ne23	21414.1	0.217974	75282.7	0	0
Ne23	21414.1	0.210727	75319.5	0	0
Cl35	32564.6	0.164582	96992.3	8813.28	8812.99
Na23	21409.2	0.128936	91637.5	6360.25	6359.95
neutron	939.565	8.85293	76868.3	0	0
proton	938.272	6.45973	76868.3	0	0
neutron	939.565	4.38207	76868.3	0	0
neutron	939.565	0.742183	76868.3	0	0
alpha	3727.38	5.08685	76868.3	0	0
N15	13968.9	1.80217	76868.3	0	0
Cl35	32564.6	0.0940485	79404	1948.22	1948.12
Cl35	32564.6	0.105455	93852.4	7602.89	7602.69
Cl35	32564.6	0.832236	78096.6	1095.72	1094.88
Cl35	32564.6	0.0828151	76179.6	379.245	379.115
neutron	939.565	5.66368	76368.7	0	0
proton	938.272	5.57437	76368.7	0	0
neutron	939.565	3.62011	76368.7	0	0
P32	29775.8	1.00821	76368.7	0	0
Na23	21409.2	0.116135	91016.4	5936.94	5936.71
neutron	939.565	0.150767	77262.3	0	0
Ne22	20479.7	0.274796	77262.3	0	0
Na23	21409.2	0.168718	88068.3	4926	4925.5
Na23	21409.2	0.209205	81522.7	2355.31	2355.05
Na23	21409.2	0.114746	76118.5	374.883	374.555
Ne23	21414.1	0.218224	77373.9	0	0
Na23	21409.2	0.108695	93760.9	7500.97	7500.59
Cl35	32564.6	0.149064	80455.9	1945.93	1945.78
neutron	939.565	0.414146	75474.9	0	0
Ne22	20479.7	0.157558	75474.9	0	0
neutron	939.565	0.528281	77269.7	0	0
S34	31632.7	0.214069	77269.7	0	0
neutron	939.565	1.64241	75909	0	0
S34	31632.7	0.316016	75909	0	0
Na23	21409.2	0.172427	82531.1	2664.34	2664.06
proton	938.272	47.4548	76010.4	0	0
neutron	939.565	1.48272	76010.4	0	0
P33	30705.3	1.79133	76010.4	0	0
Cl37	34424.8	0.0664652	95265	8071.7	8071.52
Cl35	32564.6	0.0850203	85521.3	4222.83	4222.73
Cl35	32564.6	0.365534	78945.5	1613.27	1612.84
neutron	939.565	551.453	84515.2	3656.4	2910.83
neutron	939.565	158.686	84515.2	3656.4	2910.83
proton	938.272	4.70608	84515.2	3656.4	2910.83
Ne20	18617.7	3.37853	84515.2	3656.4	2910.83
Na23	21409.2	0.105222	81060.4	1532.57	1532.46
neutron	939.565	30.8478	77396	0	0
proton	938.272	5.24028	77396	0	0
neutron	939.565	1.58219	77396	0	0
neutron	939.565	0.125135	77396	0	0
P31	28844.2	1.16973	77396	0	0
neutron	939.565	5.41009	75510.8	0	0
neutron	939.565	0.262617	75510.8	0	0
S33	30704.6	0.132856	75510.8	0	0
Na23	21409.2	0.165682	98998.2	9643.72	9643.19
neutron	939.565	5.06142	75111.7	0	0
proton	938.272	4.05362	75111.7	0	0
P33	30705.3	0.304749	75111.7	0	0
Cl37	34424.8	0.0779187	98713.4	9447.08	9446.59
Cl35	32564.6	0.194591	94299.5	7292.13	7291.71
neutron	939.565	6.44606	75648.6	0	0
neutron	939.565	5.78045	75648.6	0	0
neutron	939.565	4.74274	75648.6	0	0
S34	31632.7	0.400576	75648.6	0	0
Na23	21409.2	0.265111	77122.3	481.678	481.332
Na23	21409.2	0.374115	77014.3	446.033	445.504
neutron	939.565	19.4372	75859	0	0
neutron	939.565	4.17209	75859	0	0
neutron	939.565	0.100875	75859	0	0
S32	29773.6	0.679915	75859	0	0
Cl35	32564.6	0.627321	96558.1	8589.94	8589.27
Cl37	34424.8	0.0688546	89988.5	5662.52	5662.45
Cl35	32564.6	0.183113	76762.9	571.648	571.403
Ne23	21414.1	0.217209	75261.2	0	0
proton	938.272	6.18456	75965.2	0	0
neutron	939.565	0.919815	75965.2	0	0
neutron	939.565	0.456106	75965.2	0	0
neutron	939.565	0.216157	75965.2	0	0
P31	28844.2	0.364021	75965.2	0	0
Cl35	32564.6	0.0814705	90825.4	6236.17	6235.7
Cl35	32564.6	0.10047	89769.9	5857.95	5857.56
Na23	21409.2	0.260453	92916.6	7175.87	7175.37
Cl37	34424.8	0.109285	83248.9	3425.25	3424.71
neutron	939.565	3.10829	73998.7	0	0
Ne22	20479.7	0.492348	73998.7	0	0
neutron	939.565	2.64528	75668	0	0
neutron	939.565	2.39947	75668	0	0
neutron	939.565	1.0197	75668	0	0
Ne20	18617.7	0.0301303	75668	0	0
neutron	939.565	1.70312	75329.6	0	0
S34	31632.7	0.193634	75329.6	0	0
Cl35	32564.6	0.0673479	93424.8	7119.48	7119.4
S35	32565.3	0.141823	75041.7	0	0
Na23	21409.2	0.201488	78596.7	1425.48	1425.11
neutron	939.565	0.203125	74916.1	0	0
S34	31632.7	0.115783	74916.1	0	0
Na23	21409.2	0.136402	96314.2	8401.9	8401.76
neutron	939.565	24.0384	74949.8	0	0
neutron	939.565	0.302516	74949.8	0	0
alpha	3727.38	8.86113	74949.8	0	0
O17	15830.5	0.695931	74949.8	0	0
Na23	21409.2	0.166712	76497.4	55.9323	55.7188
neutron	939.565	24.0048	76434.2	0	0
proton	938.272	20.4301	76434.2	0	0
F21	19556.7	1.06354	76434.2	0	0
neutron	939.565	6.88372	75925.8	0	0
proton	938.272	5.9083	75925.8	0	0
neutron	939.565	3.18876	75925.8	0	0
neutron	939.565	3.10796	75925.8	0	0
neutron	939.565	0.740684	75925.8	0	0
neutron	939.565	0.376317	75925.8	0	0
P31	28844.2	0.858596	75925.8	0	0
neutron	939.565	1.04126	75626.8	0	0
Ne22	20479.7	0.211307	75626.8	0	0
neutron	939.565	4.24285	76062.1	0	0
proton	938.272	3.11027	76062.1	0	0
neutron	939.565	1.62724	76062.1	0	0
neutron	939.565	0.736632	76062.1	0	0
P31	28844.2	0.486175	76062.1	0	0
S35	32565.3	0.148287	76501.4	0	0
Na23	21409.2	0.165004	95698.4	8161.84	8161.61
Cl35	32564.6	0.40308	92951.8	7019.04	7018.6
proton	938.272	39.4632	75011.9	0	0
neutron	939.565	2.23755	75011.9	0	0
F21	19556.7	2.11803	75011.9	0	0
Cl37	34424.8	0.0632101	97133.4	8807.96	8807.71
Cl35	32564.6	0.177188	91999.9	6658.59	6658.35
neutron	939.565	0.507885	76763	0	0
S34	31632.7	0.0914348	76763	0	0
Ne23	21414.1	0.224353	77111.6	0	0
Na23	21409.2	0.109043	85061.3	2783.66	2783.09
Cl37	34424.8	0.0645852	95345	8052.22	8051.39
S35	32565.3	0.164424	75723.4	0	0
Cl35	32564.6	0.088433	80954.9	1732.14	1731.93
neutron	939.565	1.64585	76562	0	0
S34	31632.7	0.29421	76562	0	0
Na23	21409.2	0.247989	97798.6	9138.53	9138.23
neutron	939.565	5.62488	76809.2	0	0
proton	938.272	2.29664	76809.2	0	0
neutron	939.565	2.1861	76809.2	0	0
deuteron	1875.61	4.91006	76809.2	0	0
Si30	27913.2	0.481507	76809.2	0	0
Cl35	32564.6	0.0831191	83804.2	3381.46	3381.28
Cl35	32564.6	0.110602	82115.6	2675.6	2675.37
neutron	939.565	10.7251	74929.7	0	0
neutron	939.565	8.1738	74929.7	0	0
neutron	939.565	3.59073	74929.7	0	0
neutron	939.565	0.698933	74929.7	0	0
S33	30704.6	0.181079	74929.7	0	0
Cl37	34424.8	1.01119	87896.6	4917.01	4915.94
proton	938.272	3.92433	75903	0	0
neutron	939.565	3.216	75903	0	0
neutron	939.565	2.10377	75903	0	0
neutron	939.565	0.556308	75903	0	0
P33	30705.3	0.72966	75903	0	0
Ne23	21414.1	0.231902	77493	0	0
Cl35	32564.6	0.0806395	81019.1	2140.54	2139.98
Cl37	34424.8	0.0776202	82703.7	2655.36	2655.27
neutron	939.565	1.73244	75723.4	0	0
neutron	939.565	0.0596055	75723.4	0	0
Ne21	19550.5	0.377057	75723.4	0	0
Cl35	32564.6	0.0843207	82033	2161.96	2161.86
Ne23	21414.1	0.234783	76302.3	0	0
Na23	21409.2	0.200262	94446.3	7460.9	7460.63
Cl35	32564.6	0.190382	85949.5	3872.96	3872.59
S35	32565.3	0.167077	76046.2	0	0
Na23	21409.2	0.277816	93987.1	7565.23	7564.39
neutron	939.565	0.805091	75477.8	0	0
Ne22	20479.7	0.367413	75477.8	0	0
Cl35	32564.6	0.105389	92274.4	6442.11	6441.8
Cl37	34424.8	0.166648	94282.4	7793.23	7793.04
neutron	939.565	3.25593	75776.8	0	0
neutron	939.565	2.20008	75776.8	0	0
neutron	939.565	0.972199	75776.8	0	0
neutron	939.565	0.836192	75776.8	0	0
S33	30704.6	0.230802	75776.8	0	0
Cl37	34424.8	0.199925	85170.7	3675.11	3674.87
neutron	939.565	4.74247	76260.1	0	0
neutron	939.565	4.23961	76260.1	0	0
neutron	939.565	0.37474	76260.1	0	0
S32	29773.6	0.594207	76260.1	0	0
neutron	939.565	30.4285	74281.5	0	0
neutron	939.565	0.992136	74281.5	0	0
Ne21	19550.5	1.21812	74281.5	0	0
Ne23	21414.1	0.205524	75743.7	0	0
Cl37	34424.8	0.0779962	97933	9247.77	9247.64
Cl35	32564.6	0.0783061	91352.2	6092.35	6092.25
Cl35	32564.6	0.0850674	83907	3073.21	3073.04
Cl35	32564.6	0.143717	95454.8	8104.84	8104.62
Cl35	32564.6	0.0920856	87053	4069.3	4069.15
Cl35	32564.6	0.199539	84749.7	3093.06	3092.83
S35	32565.3	0.160271	75683.2	0	0
Na23	21409.2	0.18676	99408.4	9745.44	9745.05
neutron	939.565	1.46941	76464.8	0	0
S34	31632.7	0.259093	76464.8	0	0
neutron	939.565	0.825347	76784.9	0	0
S34	31632.7	0.174552	76784.9	0	0
neutron	939.565	0.513757	75540.5	0	0
Ne22	20479.7	0.213998	75540.5	0	0
neutron	939.565	2.78715	75905.7	0	0
Ne22	20479.7	0.383732	75905.7	0	0
Ne23	21414.1	0.23148	78353.9	0	0
Cl35	32564.6	0.0760757	91725.3	5843.27	5842.93
S35	32565.3	0.153096	74630.1	0	0
proton	938.272	17.4802	76238.6	0	0
neutron	939.565	0.100954	76238.6	0	0
P33	30705.3	0.461084	76238.6	0	0
Ne23	21414.1	0.223837	75149.8	0	0
neutron	939.565	40.3836	75038.1	0	0
neutron	939.565	7.13777	75038.1	0	0
neutron	939.565	2.6733	75038.1	0	0
Ne20	18617.7	1.18947	75038.1	0	0
Na23	21409.2	0.180525	97426.7	8713.08	8712.73
S37	34430.2	0.140742	76478.9	0	0
Na23	21409.2	0.203655	98526.8	9453.47	9453.25
Cl35	32564.6	0.122075	87194.4	4934.79	4934.09
neutron	939.565	2.05522	75670.6	0	0
neutron	939.565	1.20723	75670.6	0	0
Ne21	19550.5	0.212064	75670.6	0	0
neutron	939.565	0.245882	77711.8	0	0
S34	31632.7	0.166712	77711.8	0	0
Cl37	34424.8	0.073767	88538.9	5244.25	5244.14
neutron	939.565	6.62302	75840.5	0	0
proton	938.272	3.69773	75840.5	0	0
neutron	939.565	0.0962177	75840.5	0	0
F20	18625.3	0.10025	75840.5	0	0
Cl35	32564.6	0.0869402	87534.6	3896.21	3895.9
Na23	21409.2	0.14424	83818.3	2305.22	2304.69
S35	32565.3	0.15195	77659.9	0	0
neutron	939.565	1.12025	77401.6	0	0
S36	33495	0.119118	77401.6	0	0
Cl37	34424.8	0.10396	75695.2	601.636	601.313
Cl35	32564.6	0.130483	93531.5	7425.02	7424.56
Cl37	34424.8	0.0741382	80379.9	2110.88	2110.63
neutron	939.565	10.4278	74859.3	0	0
neutron	939.565	8.61858	74859.3	0	0
proton	938.272	5.32727	74859.3	0	0
neutron	939.565	4.84291	74859.3	0	0
proton	938.272	4.3725	74859.3	0	0
neutron	939.565	1.6873	74859.3	0	0
Si29	26984.3	1.90773	74859.3	0	0
Cl37	34424.8	0.13383	87995.1	4495.7	4495.55
neutron	939.565	12.9926	75983.1	0	0
proton	938.272	11.7278	75983.1	0	0
neutron	939.565	5.07693	75983.1	0	0
neutron	939.565	3.53984	75983.1	0	0
deuteron	1875.61	7.15523	75983.1	0	0
Si29	26984.3	1.00245	75983.1	0	0
Cl35	32564.6	1.08277	81840	2886.6	2885.45
Cl35	32564.6	0.0703927	77158.8	1122.54	1122.11
neutron	939.565	15.0252	74192.8	0	0
neutron	939.565	7.70087	74192.8	0	0
neutron	939.565	1.83668	74192.8	0	0
alpha	3727.38	6.47478	74192.8	0	0
alpha	3727.38	7.1617	74192.8	0	0
C12	11174.9	2.67868	74192.8	0	0
Na23	21409.2	0.186606	99975.3	9990.69	9990.25
Cl35	32564.6	0.0766335	94585.7	7493.93	7493.73
Na23	21409.2	0.167708	92980.3	6861.44	6861.05
Na23	21409.2	0.488163	90281.7	6080.72	6080.02
neutron	939.565	14.9323	75581.9	0	0
neutron	939.565	4.62996	75581.9	0	0
neutron	939.565	1.15476	75581.9	0	0
S34	31632.7	0.636744	75581.9	0	0
Cl35	32564.6	0.101383	89155.4	4359.54	4359.28
neutron	939.565	1.70963	77807.8	0	0
S34	31632.7	0.128734	77807.8	0	0
neutron	939.565	27.345	80742.7	0	0
proton	938.272	4.82637	80742.7	0	0
neutron	939.565	4.65429	80742.7	0	0
neutron	939.565	0.795585	80742.7	0	0
P31	28844.2	0.502452	80742.7	0	0
Cl35	32564.6	0.128251	97257.6	8810.48	8810.21
Cl35	32564.6	0.0966309	76864.9	299.028	298.671
neutron	939.565	1.1184	76171.5	0	0
S34	31632.7	0.0378475	76171.5	0	0
Cl35	32564.6	0.074128	79796.7	1895.41	1895.33
Na23	21409.2	0.119325	91036.5	5152.92	5152.62
Cl35	32564.6	0.0958064	81912.1	1522.17	1521.68
neutron	939.565	0.345387	78116.5	0	0
S34	31632.7	0.143435	78116.5	0	0
Cl35	32564.6	0.0790958	98282.5	9261.38	9261.19
neutron	939.565	2.56327	76347.7	0	0
Ne22	20479.7	0.366357	76347.7	0	0
S35	32565.3	0.158184	75251.1	0	0
Cl35	32564.6	0.760306	96528.8	8438.78	8437.54
Na23	21409.2	0.111504	86221.9	3817.41	3817.13
Na23	21409.2	0.101734	81386.3	2044.61	2043.66
neutron	939.565	1.24481	76355.3	0	0
S34	31632.7	0.232015	76355.3	0	0
Na23	21409.2	0.262137	94122.9	7301.26	7300.88
Na23	21409.2	0.125393	77953.6	569.492	569.296
neutron	939.565	1.45812	74701.8	0	0
S34	31632.7	0.283259	74701.8	0	0
neutron	939.565	1.74834	75852.3	0	0
S34	31632.7	0.243927	75852.3	0	0
Cl35	32564.6	0.0927419	81359.1	2084.14	2083.77
Cl35	32564.6	0.071553	76308.6	163.875	163.67
neutron	939.565	6.36837	75987.6	0	0
neutron	939.565	5.6697	75987.6	0	0
neutron	939.565	2.1224	75987.6	0	0
alpha	3727.38	6.15019	75987.6	0	0
Si28	26053.2	2.73131	75987.6	0	0
Na23	21409.2	0.115631	83498.7	2930.24	2930.03
neutron	939.565	0.612064	76157.9	0	0
S36	33495	0.211171	76157.9	0	0
Cl35	32564.6	0.0668087	91784	6175.03	6174.67
proton	938.272	18.7732	76135.2	0	0
proton	938.272	5.25084	76135.2	0	0
neutron	939.565	0.475119	76135.2	0	0
O20	18629.6	0.532893	76135.2	0	0
Cl35	32564.6	0.117448	92699.4	7177.15	7176.75
Na23	21409.2	0.184387	76850.3	726.92	726.577
neutron	939.565	0.854046	75761.9	0	0
S34	31632.7	0.274402	75761.9	0	0
neutron	939.565	0.274699	76062.5	0	0
Ne22	20479.7	0.213828	76062.5	0	0
neutron	939.565	0.871874	77933.5	0	0
S34	31632.7	0.0587215	77933.5	0	0
Cl35	32564.6	0.0753819	86454.2	4752.57	4752.23
neutron	939.565	11.0015	74739	0	0
neutron	939.565	1.70934	74739	0	0
S33	30704.6	0.474563	74739	0	0
Cl37	34424.8	0.734671	99514.5	9825.04	9823.99
neutron	939.565	17.8296	75722	0	0
neutron	939.565	2.74742	75722	0	0
neutron	939.565	1.47923	75722	0	0
alpha	3727.38	3.50133	75722	0	0
O16	14895.1	1.58506	75722	0	0
neutron	939.565	267.025	84150.1	3477.45	3057.66
proton	938.272	125.04	84150.1	3477.45	3057.66
neutron	939.565	0.48389	84150.1	3477.45	3057.66
S32	29773.6	0.0632724	84150.1	3477.45	3057.66
Ne23	21414.1	0.204118	76344	0	0
Na23	21409.2	0.131011	95305.6	8203.39	8203.13
Na23	21409.2	0.104061	86658.7	4634.84	4634.61
S35	32565.3	0.160644	75247.3	0	0
Cl37	34424.8	0.0840205	92300.1	6995.04	6994.9
neutron	939.565	10.2696	74921.3	0	0
neutron	939.565	2.56794	74921.3	0	0
neutron	939.565	0.344615	74921.3	0	0
Ne20	18617.7	1.00652	74921.3	0	0
neutron	939.565	1.10771	76544.6	0	0
S34	31632.7	0.154832	76544.6	0	0
Ne23	21414.1	0.226495	76495.4	0	0
Cl37	34424.8	0.0775954	94655.7	7889.27	7889.01
Cl35	32564.6	0.359929	86657.5	3858.77	3858.22
neutron	939.565	2.42321	76533.4	0	0
Ne22	20479.7	0.548961	76533.4	0	0
Cl37	34424.8	0.0739749	78674.6	201.494	201.391
Cl37	34424.8	0.108114	92901.4	7286.23	7285.97
neutron	939.565	1.28824	76365.9	0	0
Ne22	20479.7	0.331037	76365.9	0	0
Cl35	32564.6	0.367743	90863.3	5649.86	5649.29
Cl37	34424.8	0.069358	95823.4	8311.11	8310.5
Na23	21409.2	0.104711	84069.5	2906.12	2905.86
Cl35	32564.6	0.0671137	76699.2	993.672	993.595
neutron	939.565	1.19099	74104.1	0	0
S34	31632.7	0.298433	74104.1	0	0
Na23	21409.2	0.11577	95774.5	8077.05	8076.9
Cl35	32564.6	0.146837	83846.6	3044.55	3044.27
Ne23	21414.1	0.235232	75744	0	0
Cl35	32564.6	0.0806568	82316.6	1392.96	1392.35
neutron	939.565	0.953142	76228	0	0
S34	31632.7	0.236121	76228	0	0
Cl35	32564.6	0.152633	87372.8	4801.36	4800.78
Cl37	34424.8	0.0843782	87360.6	4796.9	4796.79
Cl35	32564.6	0.161915	80675.4	1956.05	1955.64
neutron	939.565	0.458795	75606.2	0	0
S34	31632.7	0.129419	75606.2	0	0
Na23	21409.2	0.169298	91211.3	4945.26	4944.83
Ne23	21414.1	0.234639	80008.4	0	0
Cl35	32564.6	0.17822	90473	5454.38	5454.17
neutron	939.565	3.60861	76047.5	0	0
neutron	939.565	2.19962	76047.5	0	0
S33	30704.6	0.132748	76047.5	0	0
neutron	939.565	1.74014	75774.2	0	0
Ne22	20479.7	0.532947	75774.2	0	0
neutron	939.565	0.29125	75376.3	0	0
S34	31632.7	0.150031	75376.3	0	0
Ne23	21414.1	0.228031	75631.6	0	0
Cl35	32564.6	0.0776401	93904.3	7509.66	7509.35
neutron	939.565	0.197895	75204.1	0	0
S36	33495	0.133386	75204.1	0	0
Cl37	34424.8	0.141322	86551.2	4555.36	4555.17
Na23	21409.2	0.149151	84794.5	2759.2	2759.01
Ne23	21414.1	0.229454	75744.3	0	0
neutron	939.565	0.860827	76575.8	0	0
S34	31632.7	0.159498	76575.8	0	0
neutron	939.565	0.438843	76700.9	0	0
S36	33495	0.0713863	76700.9	0	0
Na23	21409.2	0.177486	88462.8	4812.76	4812.55
neutron	939.565	19.1404	76508.3	0	0
proton	938.272	11.4955	76508.3	0	0
neutron	939.565	0.677487	76508.3	0	0
P32	29775.8	1.16631	76508.3	0	0
Cl35	32564.6	0.114542	84409	3724.92	3724.76
S37	34430.2	0.126452	74789.7	0	0
S37	34430.2	0.14186	76264	0	0
Na23	21409.2	0.901256	95502	8212.08	8211.1
neutron	939.565	9.17579	73876.8	0	0
neutron	939.565	2.81047	73876.8	0	0
neutron	939.565	0.228388	73876.8	0	0
S32	29773.6	0.532301	73876.8	0	0
Cl35	32564.6	0.217642	86970.5	4808.23	4807.9
S35	32565.3	0.165351	74618.1	0	0
Cl35	32564.6	0.148728	95046.7	8007.91	8007.7
Cl37	34424.8	0.078059	89543.9	3715.66	3715.39
Cl35	32564.6	0.139063	81893	531.601	531.335
Na23	21409.2	0.238945	99047.3	9633.19	9632.93
proton	938.272	15.3592	76948.3	0	0
neutron	939.565	4.14317	76948.3	0	0
deuteron	1875.61	8.98932	76948.3	0	0
Si31	28846.2	0.282453	76948.3	0	0
S35	32565.3	0.168571	77380.8	0	0
Cl35	32564.6	0.0927611	93296.2	7235.18	7234.86
Na23	21409.2	0.16432	89896.5	5975.21	5974.84
Cl37	34424.8	0.238525	90125	6134.3	6134.04
neutron	939.565	0.67449	75390.8	0	0
S36	33495	0.186046	75390.8	0	0
neutron	939.565	3.40658	76164.7	0	0
S34	31632.7	0.0212514	76164.7	0	0
Na23	21409.2	0.203486	96513.9	8630.73	8630.52
Cl35	32564.6	0.074363	76562.4	764.378	764.086
S35	32565.3	0.148146	76152.9	0	0
Na23	21409.2	0.130331	85237.5	2772.77	2772.4
neutron	939.565	14.0645	77866.5	0	0
neutron	939.565	7.03973	77866.5	0	0
neutron	939.565	4.28757	77866.5	0	0
proton	938.272	3.52932	77866.5	0	0
P31	28844.2	1.6854	77866.5	0	0
Na23	21409.2	0.189276	83948.1	3484.3	3484.04
Na23	21409.2	0.119391	83437.6	3304.92	3304.79
Cl35	32564.6	0.118163	94717.2	7557.33	7557.18
neutron	939.565	18.4703	74841.9	0	0
neutron	939.565	0.623941	74841.9	0	0
deuteron	1875.61	4.18176	74841.9	0	0
P31	28844.2	0.262854	74841.9	0	0
Cl37	34424.8	0.0999162	94468.4	7107.34	7106.92
Cl35	32564.6	0.240392	82699.7	2396.9	2396.5
Cl35	32564.6	0.234043	81694.1	2041.48	2041.25
Na23	21409.2	0.114568	92250.3	6786.28	6786.15
neutron	939.565	1.15909	75368.6	0	0
Ne22	20479.7	0.158918	75368.6	0	0
Ne23	21414.1	0.21866	75216.2	0	0
neutron	939.565	0.644826	75277	0	0
Ne22	20479.7	0.293728	75277	0	0
neutron	939.565	31.2424	76904.9	0	0
proton	938.272	6.99323	76904.9	0	0
P33	30705.3	0.697372	76904.9	0	0
proton	938.272	5.58864	74945.3	0	0
neutron	939.565	0.432615	74945.3	0	0
F21	19556.7	0.0132781	74945.3	0	0
neutron	939.565	6.16397	76188.3	0	0
neutron	939.565	5.95219	76188.3	0	0
Ne21	19550.5	1.36555	76188.3	0	0
neutron	939.565	11.8054	76247.2	0	0
neutron	939.565	1.04977	76247.2	0	0
neutron	939.565	0.42872	76247.2	0	0
Ne20	18617.7	0.827086	76247.2	0	0
Na23	21409.2	0.15809	91999.8	6813.41	6813.12
neutron	939.565	0.786051	74716	0	0
Ne22	20479.7	0.414715	74716	0	0
neutron	939.565	8.92901	77836.3	0	0
proton	938.272	7.42327	77836.3	0	0
neutron	939.565	4.84656	77836.3	0	0
neutron	939.565	0.145797	77836.3	0	0
F19	17692.3	0.908075	77836.3	0	0
proton	938.272	10.7814	77228.9	0	0
neutron	939.565	6.87371	77228.9	0	0
proton	938.272	4.69965	77228.9	0	0
neutron	939.565	1.92067	77228.9	0	0
neutron	939.565	1.13693	77228.9	0	0
Si30	27913.2	1.65786	77228.9	0	0
Cl35	32564.6	0.274288	79718	1480.87	1480.38
Na23	21409.2	0.239198	93218.9	7173.99	7173.73
Na23	21409.2	0.254547	92287.4	6799.13	6798.87
Na23	21409.2	0.314532	84863.1	3840.56	3840.17
Ne23	21414.1	0.224448	75576.6	0	0
neutron	939.565	0.320948	75557.6	0	0
S34	31632.7	0.13412	75557.6	0	0
neutron	939.565	9.822	80021.7	0	0
neutron	939.565	6.03881	80021.7	0	0
neutron	939.565	1.53389	80021.7	0	0
S32	29773.6	0.48811	80021.7	0	0
Cl37	34424.8	0.294489	98909.8	9605.58	9605.25
Na23	21409.2	0.327473	97707.4	8849.68	8849.12
proton	938.272	23.8111	76374.6	0	0
neutron	939.565	9.2335	76374.6	0	0
neutron	939.565	6.42237	76374.6	0	0
neutron	939.565	5.75183	76374.6	0	0
F19	17692.3	0.0904541	76374.6	0	0
Na23	21409.2	0.10697	96212.3	6965.52	6964.64
neutron	939.565	2.4396	80727.4	0	0
S34	31632.7	0.360695	80727.4	0	0
Cl35	32564.6	0.0687369	80133.4	1887.4	1887.25
neutron	939.565	2.3352	75046.4	0	0
Ne22	20479.7	0.127935	75046.4	0	0
Na23	21409.2	0.120527	88235.2	5177.71	5177.38
Na23	21409.2	0.196797	86633.9	4468.22	4467.97
Cl35	32564.6	0.0801801	81555.9	2468.23	2468.06
Na23	21409.2	0.409929	78998.3	1464.84	1464.16
proton	938.272	24.6148	75097.7	0	0
F22	20491.1	1.42846	75097.7	0	0
Cl35	32564.6	0.0715549	88812.3	5083.9	5083.71
neutron	939.565	0.564377	75479.4	0	0
Ne22	20479.7	0.196871	75479.4	0	0
Cl35	32564.6	0.0759599	94350.9	7506.63	7506.28
neutron	939.565	18.537	76869.4	0	0
neutron	939.565	16.6582	76869.4	0	0
neutron	939.565	1.76192	76869.4	0	0
Ne20	18617.7	1.83144	76869.4	0	0
neutron	939.565	0.96713	74668.4	0	0
Ne22	20479.7	0.0727075	74668.4	0	0
Na23	21409.2	0.142661	99285.3	9734.34	9734.12
neutron	939.565	0.477983	78089.8	0	0
Ne22	20479.7	0.189915	78089.8	0	0
Cl35	32564.6	0.0720161	91631.7	6553.67	6553.58
neutron	939.565	0.409738	75479.5	0	0
Ne22	20479.7	0.198637	75479.5	0	0
Na23	21409.2	0.233574	99723.7	9883.6	9882.78
S35	32565.3	0.152701	75859.3	0	0
Na23	21409.2	0.143701	90480	6066.63	6066.49
Na23	21409.2	0.17269	83582.3	3180.61	3180.28
S37	34430.2	0.132076	75552.3	0	0
neutron	939.565	6.12133	75419	0	0
neutron	939.565	5.24517	75419	0	0
Ne21	19550.5	0.274518	75419	0	0
Ne23	21414.1	0.231635	75075	0	0
Ne23	21414.1	0.22938	74490.1	0	0
S35	32565.3	0.14843	75790.2	0	0
Na23	21409.2	0.127992	97769.9	9188.97	9188.77
Na23	21409.2	0.245282	90661.4	5925.89	5925.19
proton	938.272	10.5852	76298.1	0	0
neutron	939.565	10.0764	76298.1	0	0
neutron	939.565	1.10103	76298.1	0	0
neutron	939.565	0.119051	76298.1	0	0
P31	28844.2	0.164215	76298.1	0	0
neutron	939.565	17.3382	74500.5	0	0
neutron	939.565	4.24939	74500.5	0	0
neutron	939.565	4.06722	74500.5	0	0
alpha	3727.38	4.25188	74500.5	0	0
O16	14895.1	1.37923	74500.5	0	0
Cl37	34424.8	0.103537	99147.9	9665.17	9664.94
Na23	21409.2	0.109184	98940.5	9577.98	9577.75
Na23	21409.2	0.194798	95145.8	8024.3	8024.07
neutron	939.565	2.35876	77218.9	0	0
deuteron	1875.61	8.24023	77218.9	0	0
F20	18625.3	0.433502	77218.9	0	0
Cl35	32564.6	0.0862837	84486.6	2449.88	2449.42
neutron	939.565	0.776764	77996.2	0	0
S34	31632.7	0.202393	77996.2	0	0
Na23	21409.2	0.103787	89017.5	5215.52	5215.33
neutron	939.565	3.82927	76615.2	0	0
neutron	939.565	0.227634	76615.2	0	0
Ne21	19550.5	0.245206	76615.2	0	0
neutron	939.565	0.767934	75797.8	0	0
Ne22	20479.7	0.172104	75797.8	0	0
Cl35	32564.6	0.0822714	89394	5088.25	5088.12
neutron	939.565	0.736602	76341.1	0	0
S36	33495	0.117818	76341.1	0	0
Na23	21409.2	1.64318	84313.3	2681.5	2679.62
neutron	939.565	24.5848	77618.9	0	0
neutron	939.565	1.17634	77618.9	0	0
Ne21	19550.5	1.30482	77618.9	0	0
Cl35	32564.6	0.0764153	91948.4	6761.17	6761.09
Cl35	32564.6	0.371186	83445.4	3257	3256.59
Na23	21409.2	0.223771	93435.7	7368.23	7367.96
Ne23	21414.1	0.21594	74587.5	0	0
Na23	21409.2	0.237032	88890.2	4658.19	4657.86
proton	938.272	25.0567	76650.7	0	0
neutron	939.565	6.15928	76650.7	0	0
neutron	939.565	1.07075	76650.7	0	0
P32	29775.8	1.187	76650.7	0	0
Cl35	32564.6	0.109129	90556.9	5931.54	5931.16
proton	938.272	2.50782	76063.1	0	0
neutron	939.565	1.46446	76063.1	0	0
neutron	939.565	0.810842	76063.1	0	0
neutron	939.565	0.32621	76063.1	0	0
P31	28844.2	0.571544	76063.1	0	0
Cl35	32564.6	0.124143	99078.6	9645.57	9645.43
Cl37	34424.8	0.28584	98537.3	9325.49	9325.07
Cl35	32564.6	0.109526	79830.8	1616.98	1616.79
Na23	21409.2	0.34977	86451.4	4425.86	4425.45
Cl37	34424.8	0.0697836	84487.8	3672.02	3671.86
Ne23	21414.1	0.212641	75224.1	0	0
Na23	21409.2	0.396473	85310.9	3992.74	3991.99
proton	938.272	31.0819	74989.6	0	0
neutron	939.565	3.59103	74989.6	0	0
neutron	939.565	1.23854	74989.6	0	0
F20	18625.3	1.53662	74989.6	0	0
Na23	21409.2	0.270074	78751.3	895.881	895.532
neutron	939.565	1.13963	76414.1	0	0
Ne22	20479.7	0.41772	76414.1	0	0
neutron	939.565	9.06166	77263.3	0	0
neutron	939.565	2.35338	77263.3	0	0
neutron	939.565	0.849345	77263.3	0	0
Ne20	18617.7	0.0385765	77263.3	0	0
Cl37	34424.8	0.0824122	95974.4	7771.76	7771.68
neutron	939.565	1.71058	77596.3	0	0
Ne22	20479.7	0.0901642	77596.3	0	0
Cl35	32564.6	0.083431	78354.2	1380.53	1380.11
S35	32565.3	0.149063	74549.7	0	0
neutron	939.565	2.34879	74772.5	0	0
neutron	939.565	1.69458	74772.5	0	0
Ne21	19550.5	0.364056	74772.5	0	0
Cl35	32564.6	0.43071	99991.8	9997.21	9996.6
Na23	21409.2	0.211497	95710.2	8162.7	8162.37
Cl35	32564.6	0.144292	92774.9	6996.74	6996.22
Na23	21409.2	0.123506	79951.9	1865.72	1865.48
Na23	21409.2	0.14724	79716.7	1774.36	1773.77
neutron	939.565	5.52961	75040.8	0	0
neutron	939.565	2.57592	75040.8	0	0
Ne21	19550.5	0.0814645	75040.8	0	0
Na23	21409.2	0.181382	81201.9	1523.3	1523.07
neutron	939.565	3.14094	77142.6	0	0
S34	31632.7	0.375804	77142.6	0	0
Cl35	32564.6	0.142775	92331.6	6875.64	6875.28
neutron	939.565	1.18167	74542.5	0	0
S34	31632.7	0.0399361	74542.5	0	0
Na23	21409.2	0.245787	91478.9	6525.23	6524.86
Cl35	32564.6	0.0728721	83749.7	3051.27	3051.01
Cl35	32564.6	0.14322	76964.4	368.547	368.321
Cl37	34424.8	0.130174	97256.4	8493.81	8493.55
neutron	939.565	9.08809	76854.9	0	0
neutron	939.565	8.04625	76854.9	0	0
neutron	939.565	2.40502	76854.9	0	0
Ne20	18617.7	0.461064	76854.9	0	0
Ne23	21414.1	0.219559	78944.8	0	0
S35	32565.3	0.147408	74906.3	0	0
Cl35	32564.6	0.0891865	94850.7	7643.08	7642.88
Na23	21409.2	0.315367	91607.5	6376.41	6376.03
Na23	21409.2	0.139793	86579.2	4247.96	4247.81
Ne23	21414.1	0.234001	75694.8	0	0
neutron	939.565	3.18909	74620.1	0	0
neutron	939.565	1.4469	74620.1	0	0
neutron	939.565	1.2185	74620.1	0	0
neutron	939.565	0.141158	74620.1	0	0
S33	30704.6	0.703123	74620.1	0	0
Cl35	32564.6	0.0864335	97254.4	8923.31	8922.73
Ne23	21414.1	0.221823	74850.5	0	0
Na23	21409.2	0.164712	83621.1	3457.55	3457.33
neutron	939.565	13.9261	74614.1	0	0
neutron	939.565	9.14168	74614.1	0	0
neutron	939.565	8.00146	74614.1	0	0
neutron	939.565	5.72862	74614.1	0	0
S33	30704.6	0.3023	74614.1	0	0
Na23	21409.2	0.700072	88685.7	5419.35	5418.62
Cl35	32564.6	0.09945	83903.6	3484.15	3483.72
neutron	939.565	2.11172	74604.5	0	0
S34	31632.7	0.0259963	74604.5	0	0
Na23	21409.2	0.180402	86720.7	4693.93	4693.67
Cl35	32564.6	0.0812635	77666.2	1189.67	1189.58
Na23	21409.2	0.186862	83485.5	2722.85	2722.33
Cl35	32564.6	0.0776219	79979	1547.08	1546.77
neutron	939.565	3.9108	75663.6	0	0
neutron	939.565	3.53554	75663.6	0	0
neutron	939.565	0.541086	75663.6	0	0
alpha	3727.38	11.1346	75663.6	0	0
O16	14895.1	1.39855	75663.6	0	0
neutron	939.565	0.273366	75963.2	0	0
Ne22	20479.7	0.257932	75963.2	0	0
Na23	21409.2	0.130466	83427.5	3659.24	3658.99
neutron	939.565	1.30274	81740.3	0	0
S34	31632.7	0.236376	81740.3	0	0
Cl37	34424.8	0.0730801	98140.6	9280.71	9280.36
Na23	21409.2	0.106261	77645.8	356.254	355.979
proton	938.272	37.6948	76741.8	0	0
neutron	939.565	6.60049	76741.8	0	0
proton	938.272	4.25087	76741.8	0	0
neutron	939.565	0.247735	76741.8	0	0
Si31	28846.2	3.02711	76741.8	0	0
neutron	939.565	3.20881	79048.6	0	0
neutron	939.565	1.42796	79048.6	0	0
Ne21	19550.5	0.225616	79048.6	0	0
Cl35	32564.6	0.0687314	93241	7381.84	7381.25
Na23	21409.2	0.154995	80109.6	1900.37	1900.14
neutron	939.565	13.0272	74970.9	0	0
neutron	939.565	5.89065	74970.9	0	0
neutron	939.565	2.93479	74970.9	0	0
alpha	3727.38	4.70458	74970.9	0	0
O16	14895.1	4.90299	74970.9	0	0
Cl35	32564.6	0.245518	91688	6433.82	6433.34
Cl37	34424.8	0.105502	85348.8	3801.89	3801.6
Ne23	21414.1	0.228906	75511.7	0	0
Cl35	32564.6	0.0748815	97999.1	9284.4	9284.19
Cl35	32564.6	0.0667144	81306.8	1298.36	1298.16
neutron	939.565	5.3764	77763.4	0	0
neutron	939.565	4.2661	77763.4	0	0
neutron	939.565	1.38009	77763.4	0	0
Ne20	18617.7	0.989504	77763.4	0	0
Cl35	32564.6	0.121382	97511.4	8702.23	8701.58
Cl35	32564.6	0.146561	80053.3	1665.56	1665.33
Cl35	32564.6	0.113349	99196.3	9570.34	9569.84
Cl37	34424.8	0.189502	85788.7	4086.44	4086.17
Na23	21409.2	0.332447	79313.9	1424.35	1423.92
Na23	21409.2	0.18466	77030.6	425.876	425.675
neutron	939.565	554.83	86014.3	4149.55	3401.1
proton	938.272	167.2	86014.3	4149.55	3401.1
S33	30704.6	0.0601203	86014.3	4149.55	3401.1
Cl35	32564.6	0.100593	88943.5	5320.84	5320.44
neutron	939.565	1.02874	75561.7	0	0
S36	33495	0.104424	75561.7	0	0
Cl35	32564.6	0.151878	96591.7	8702.92	8702.69
Cl35	32564.6	0.0676584	82533.3	3085.58	3083.96
Ne23	21414.1	0.22853	74817.7	0	0
Cl37	34424.8	0.07485	98692.9	9470.65	9470.54
Na23	21409.2	1.41845	88797	5329.28	5327.82
neutron	939.565	17.0674	77922	0	0
neutron	939.565	13.3883	77922	0	0
deuteron	1875.61	6.69909	77922	0	0
P31	28844.2	0.654022	77922	0	0
Cl37	34424.8	0.126463	94645.6	7788.64	7788.45
Na23	21409.2	0.23791	84790.6	2616.58	2616.27
Cl35	32564.6	0.213777	80043.7	751.498	751.155
Ne23	21414.1	0.225644	76056.4	0	0
Cl35	32564.6	0.398423	75378.3	231.92	231.381
proton	938.272	40.3853	74891.8	0	0
neutron	939.565	24.7643	74891.8	0	0
F21	19556.7	2.97424	74891.8	0	0
Cl37	34424.8	0.0996692	99396.3	9754.66	9754.34
Cl35	32564.6	0.155638	77547.7	280.332	280.111
Cl35	32564.6	0.0721242	77389.8	223.414	223.328
Cl35	32564.6	0.0857467	94966.6	5780.45	5780.26
Cl37	34424.8	0.0636053	88414.4	2726.12	2725.96
Na23	21409.2	0.137207	98492.2	9413.91	9413.74
Ne23	21414.1	0.22561	76705.5	0	0
Na23	21409.2	0.121299	89006.7	5509.77	5509.65
neutron	939.565	0.655915	77416.7	0	0
S34	31632.7	0.216175	77416.7	0	0
Na23	21409.2	0.222395	80432.3	1638.5	1638.26
S35	32565.3	0.148645	76022.1	0	0
Cl37	34424.8	0.207698	79104	1699.38	1698.94
Cl37	34424.8	0.0940948	85161.2	2599.32	2599.22
neutron	939.565	0.923401	78446.6	0	0
Ne22	20479.7	0.219367	78446.6	0	0
Cl35	32564.6	0.0788974	91347.5	4422.32	4422.21
Cl35	32564.6	1.71659	88587.2	3284.7	3282.97
neutron	939.565	11.2557	79751.5	0	0
neutron	939.565	10.3349	79751.5	0	0
neutron	939.565	3.61763	79751.5	0	0
alpha	3727.38	3.53514	79751.5	0	0
alpha	3727.38	5.41626	79751.5	0	0
C12	11174.9	2.39595	79751.5	0	0
Cl37	34424.8	0.0945795	86272.4	4235.99	4235.8
neutron	939.565	6.07589	74894.6	0	0
Ne22	20479.7	0.394254	74894.6	0	0
Cl35	32564.6	0.234674	80841.3	1604.42	1604.14
neutron	939.565	39.0642	74399.3	0	0
neutron	939.565	2.66519	74399.3	0	0
neutron	939.565	1.84656	74399.3	0	0
Ne20	18617.7	1.99931	74399.3	0	0
neutron	939.565	22.4039	74985.2	0	0
neutron	939.565	9.3439	74985.2	0	0
neutron	939.565	3.43048	74985.2	0	0
Ne20	18617.7	3.07205	74985.2	0	0
Cl35	32564.6	0.998223	81862.3	2626.71	2625.43
Cl37	34424.8	0.168945	80012.5	1859.63	1859.45
neutron	939.565	4.65823	75007	0	0
neutron	939.565	4.20337	75007	0	0
Ne21	19550.5	0.479621	75007	0	0
neutron	939.565	1.93135	78214.4	0	0
S34	31632.7	0.0382058	78214.4	0	0
Na23	21409.2	0.440519	80014	1758.28	1757.84
proton	938.272	26.8709	75614.6	0	0
neutron	939.565	2.52647	75614.6	0	0
F21	19556.7	1.00962	75614.6	0	0
Cl35	32564.6	0.0840403	82204.1	2756.51	2756.31
S35	32565.3	0.146223	75310.3	0	0
Na23	21409.2	1.37869	75683.2	100.073	98.5748
neutron	939.565	0.647398	77891.1	0	0
S34	31632.7	0.0952083	77891.1	0	0
Cl35	32564.6	0.0788299	85897.8	4239.33	4239.23
neutron	939.565	5.07814	76527.4	0	0
neutron	939.565	0.554311	76527.4	0	0
S35	32565.3	0.384156	76527.4	0	0
Na23	21409.2	0.190836	80110.5	1484.07	1483.88
Cl35	32564.6	0.096656	96233.4	8542.27	8542.13
neutron	939.565	1.15684	76031.5	0	0
S34	31632.7	0.237412	76031.5	0	0
Ne23	21414.1	0.208088	77067.5	0	0
proton	938.272	6.86377	77109	0	0
neutron	939.565	2.63135	77109	0	0
P33	30705.3	0.167762	77109	0	0
Na23	21409.2	0.121809	90391.5	4485.48	4484.8
proton	938.272	17.8389	78669.9	0	0
neutron	939.565	0.770506	78669.9	0	0
P33	30705.3	0.414903	78669.9	0	0
Na23	21409.2	0.516348	82487.1	2475.8	2475.25
Ne23	21414.1	0.234015	76518	0	0
neutron	939.565	0.390927	76687.8	0	0
Ne22	20479.7	0.175534	76687.8	0	0
Cl37	34424.8	0.06466	96877.6	8627.24	8626.54
neutron	939.565	0.217368	75837	0	0
Ne22	20479.7	0.281057	75837	0	0
Cl35	32564.6	0.236443	91743.1	6287.14	6286.74
Na23	21409.2	0.160989	78450.3	923.876	923.62
neutron	939.565	0.607813	76035	0	0
S36	33495	0.122548	76035	0	0
Cl37	34424.8	0.0665153	78713.9	634.183	633.968
Na23	21409.2	0.12248	84436.5	3707.99	3707.83
Na23	21409.2	0.112622	83832.6	3444.18	3443.9
Cl37	34424.8	0.172484	82024	2745.54	2745.07
neutron	939.565	0.280654	74557	0	0
S34	31632.7	0.153858	74557	0	0
Ne23	21414.1	0.220052	75256.1	0	0
S37	34430.2	0.144938	76760.6	0	0
proton	938.272	16.4181	75080.3	0	0
neutron	939.565	6.53047	75080.3	0	0
neutron	939.565	1.27	75080.3	0	0
P32	29775.8	1.11397	75080.3	0	0
Na23	21409.2	0.391779	88319.9	4685.36	4684.7
neutron	939.565	32.7026	76096.1	0	0
neutron	939.565	0.876597	76096.1	0	0
S35	32565.3	0.511824	76096.1	0	0
neutron	939.565	6.65917	77892.3	0	0
neutron	939.565	5.10407	77892.3	0	0
neutron	939.565	3.70161	77892.3	0	0
Ne20	18617.7	0.236002	77892.3	0	0
neutron	939.565	13.5637	77035	0	0
proton	938.272	5.91215	77035	0	0
neutron	939.565	4.46178	77035	0	0
proton	938.272	3.33109	77035	0	0
neutron	939.565	2.05071	77035	0	0
Si30	27913.2	0.695076	77035	0	0
Na23	21409.2	0.393676	96573.9	8714.94	8714.53
neutron	939.565	81.2549	93770.7	7626.89	7304.86
proton	938.272	4.68102	93770.7	7626.89	7304.86
neutron	939.565	2.00719	93770.7	7626.89	7304.86
Ne20	18617.7	2.22373	93770.7	7626.89	7304.86
Na23	21409.2	0.36949	80852.8	1395.88	1395.4
neutron	939.565	9.81297	77082.3	0	0
proton	938.272	6.60117	77082.3	0	0
neutron	939.565	2.05655	77082.3	0	0
P34	31638.6	0.524957	77082.3	0	0
neutron	939.565	1.02597	76040.5	0	0
S34	31632.7	0.0998517	76040.5	0	0
Cl37	34424.8	0.652578	94417.4	7520.07	7519.07
neutron	939.565	0.0613627	75263.7	0	0
Ne22	20479.7	0.231125	75263.7	0	0
neutron	939.565	2.12389	77352.4	0	0
neutron	939.565	0.567173	77352.4	0	0
deuteron	1875.61	4.96096	77352.4	0	0
P31	28844.2	0.635202	77352.4	0	0
proton	938.272	5.9124	78123.7	0	0
neutron	939.565	4.49009	78123.7	0	0
proton	938.272	3.08156	78123.7	0	0
neutron	939.565	2.75735	78123.7	0	0
neutron	939.565	1.29572	78123.7	0	0
neutron	939.565	0.855152	78123.7	0	0
Si29	26984.3	1.37832	78123.7	0	0
Cl35	32564.6	0.091728	91189	6408.64	6408.54
Cl35	32564.6	0.0785826	85844.1	4026.14	4026.03
Cl35	32564.6	0.179533	77099.7	583.097	582.797
neutron	939.565	3.66247	75625.1	0	0
neutron	939.565	0.124171	75625.1	0	0
S33	30704.6	0.0625242	75625.1	0	0
Na23	21409.2	0.160295	79533	1390.95	1390.64
neutron	939.565	1.09688	75842.2	0	0
S34	31632.7	0.275816	75842.2	0	0
Cl35	32564.6	0.166587	90633.6	5745.38	5745.08
Cl35	32564.6	0.0755507	86670.5	4180.32	4180.11
Ne23	21414.1	0.230702	76567.2	0	0
Na23	21409.2	0.112955	99466	9795.82	9795.3
Na23	21409.2	0.158371	82161.1	2878.81	2878.36
S35	32565.3	0.162295	74782.7	0	0
Cl37	34424.8	0.0982878	98806.2	9494.81	9494.52
Na23	21409.2	0.113004	98236.5	9256.93	9256.63
Na23	21409.2	0.161419	88091.8	5190.83	5190.6
Na23	21409.2	0.195268	84294.1	3592.16	3591.85
Cl35	32564.6	0.106224	95141.9	7942.54	7942.25
S35	32565.3	0.14886	77365	0	0
neutron	939.565	14.4832	75059.4	0	0
neutron	939.565	3.25402	75059.4	0	0
neutron	939.565	2.1602	75059.4	0	0
Ne20	18617.7	0.663064	75059.4	0	0
neutron	939.565	46.543	74825.6	0	0
neutron	939.565	3.38187	74825.6	0	0
neutron	939.565	0.465702	74825.6	0	0
Ne20	18617.7	1.58871	74825.6	0	0
Cl35	32564.6	0.0680079	98899.4	9534.73	9534.65
Cl35	32564.6	0.163573	78450.9	1605.82	1605.58
Cl35	32564.6	0.475162	87248	3700.89	3700.34
neutron	939.565	0.540089	77781.9	0	0
Ne22	20479.7	0.1409	77781.9	0	0
Na23	21409.2	0.117386	86105.2	4426.74	4426.54
Na23	21409.2	0.102489	79602.2	1298.59	1298.01
Cl35	32564.6	0.169753	91660.7	5920.39	5920.07
neutron	939.565	22.0143	75923.6	0	0
proton	938.272	3.45257	75923.6	0	0
proton	938.272	2.69802	75923.6	0	0
neutron	939.565	1.97991	75923.6	0	0
neutron	939.565	0.26825	75923.6	0	0
Si30	27913.2	0.548131	75923.6	0	0
Ne23	21414.1	0.232657	76135	0	0
Cl35	32564.6	0.0976029	97087.6	8909.56	8909.45
neutron	939.565	3.85389	79720.1	0	0
neutron	939.565	2.67773	79720.1	0	0
neutron	939.565	1.1604	79720.1	0	0
alpha	3727.38	3.99197	79720.1	0	0
O16	14895.1	1.22874	79720.1	0	0
Na23	21409.2	0.123211	90015.4	5167.43	5167.26
Na23	21409.2	0.118339	85760.2	3851.72	3851.41
Cl35	32564.6	0.0923897	76338.3	41.3307	41.2233
proton	938.272	13.2299	77359.6	0	0
deuteron	1875.61	4.3862	77359.6	0	0
O20	18629.6	0.917666	77359.6	0	0
neutron	939.565	251.972	95246.4	7921.66	7499.25
neutron	939.565	134.553	95246.4	7921.66	7499.25
proton	938.272	3.04671	95246.4	7921.66	7499.25
S32	29773.6	0.205693	95246.4	7921.66	7499.25
Cl35	32564.6	0.0883095	90803.9	4927.58	4927.47
Cl35	32564.6	0.0968748	90483.5	4800.24	4800.06
Cl37	34424.8	0.12098	82820	1580.69	1580.45
S35	32565.3	0.155231	77393.4	0	0
neutron	939.565	1.32395	75501.8	0	0
Ne22	20479.7	0.382445	75501.8	0	0
Cl35	32564.6	0.666327	77479.7	146.74	145.977
neutron	939.565	0.513449	75272	0	0
S36	33495	0.0733292	75272	0	0
Cl35	32564.6	0.282032	81994.1	1826.89	1826.56
neutron	939.565	7.03969	77153.6	0	0
S34	31632.7	0.021976	77153.6	0	0
Na23	21409.2	0.224631	88943.3	5161.96	5161.26
neutron	939.565	9.59448	76040.3	0	0
neutron	939.565	2.24157	76040.3	0	0
neutron	939.565	0.417378	76040.3	0	0
S32	29773.6	0.226508	76040.3	0	0
Cl35	32564.6	0.146908	76072.9	105.748	105.154
neutron	939.565	12.3068	75882.7	0	0
neutron	939.565	7.68989	75882.7	0	0
neutron	939.565	1.80488	75882.7	0	0
S32	29773.6	0.0495869	75882.7	0	0
Cl37	34424.8	0.074596	95832	8393.89	8393.8
neutron	939.565	7.86151	75623.6	0	0
neutron	939.565	1.79607	75623.6	0	0
neutron	939.565	0.666876	75623.6	0	0
S34	31632.7	0.218148	75623.6	0	0
Na23	21409.2	0.112825	86277.6	3809.51	3809.26
Na23	21409.2	0.209723	83297.2	2498.33	2497.78
neutron	939.565	8.63922	76365.3	0	0
neutron	939.565	1.79236	76365.3	0	0
alpha	3727.38	9.2276	76365.3	0	0
O17	15830.5	3.57328	76365.3	0	0
Cl35	32564.6	0.156811	96114	8438.95	8438.71
Na23	21409.2	0.136129	76964.9	399.658	399.42
Ne23	21414.1	0.226157	76059.9	0	0
Na23	21409.2	0.139505	96662.8	8661.06	8660.84
Cl35	32564.6	0.129732	77444	496.962	496.68
proton	938.272	9.07557	76172.8	0	0
neutron	939.565	9.05211	76172.8	0	0
neutron	939.565	6.01348	76172.8	0	0
proton	938.272	2.22329	76172.8	0	0
neutron	939.565	0.42269	76172.8	0	0
Si30	27913.2	0.873131	76172.8	0	0
Na23	21409.2	0.125373	87197.4	4531.87	4531.69
Cl35	32564.6	0.335597	85902.6	4065.69	4065.08
neutron	939.565	2.62395	75163.7	0	0
Ne22	20479.7	0.351534	75163.7	0	0
neutron	939.565	1.68051	76488.8	0	0
S34	31632.7	0.0802488	76488.8	0	0
Ne23	21414.1	0.226707	76615.5	0	0
neutron	939.565	4.00341	76937.9	0	0
S34	31632.7	0.0699729	76937.9	0	0
Cl35	32564.6	0.162786	82901.9	3186.18	3185.92
Cl35	32564.6	0.191369	79847.5	1693.72	1692.68
neutron	939.565	3.30635	77780.4	0	0
Ne22	20479.7	0.581013	77780.4	0	0
Na23	21409.2	0.162269	88668.7	5089.33	5089.11
Ne23	21414.1	0.221115	76429.7	0	0
neutron	939.565	0.713571	77358.5	0	0
Ne22	20479.7	0.127046	77358.5	0	0
neutron	939.565	0.973084	74989.2	0	0
S34	31632.7	0.0999921	74989.2	0	0
neutron	939.565	30.782	76776.2	0	0
neutron	939.565	2.17422	76776.2	0	0
S35	32565.3	0.363806	76776.2	0	0
Ne23	21414.1	0.227692	75079.2	0	0
neutron	939.565	1.45522	76517	0	0
Ne22	20479.7	0.222147	76517	0	0
Na23	21409.2	0.125605	78768.4	1508.71	1508.54
neutron	939.565	23.7163	74786.5	0	0
neutron	939.565	3.52003	74786.5	0	0
proton	938.272	3.23312	74786.5	0	0
neutron	939.565	0.464793	74786.5	0	0
P33	30705.3	0.0442516	74786.5	0	0
Cl37	34424.8	0.190877	81294.7	1536.46	1535.8
proton	938.272	10.3596	77169.6	0	0
neutron	939.565	1.9835	77169.6	0	0
P33	30705.3	0.692255	77169.6	0	0
Ne23	21414.1	0.213292	74413.8	0	0
Cl37	34424.8	0.32439	97614.9	9037.73	9037.3
Cl35	32564.6	0.320214	93641.7	7463.69	7463.26
Cl37	34424.8	0.138696	90290	6098.12	6097.91
neutron	939.565	0.545325	74840.3	0	0
Ne22	20479.7	0.125226	74840.3	0	0
Na23	21409.2	0.22933	89053.2	3653.53	3653.25
Cl37	34424.8	0.0723429	93655.1	7015.13	7014.72
Cl35	32564.6	0.126858	78941.3	541.449	541.229
proton	938.272	30.8282	77630.5	0	0
neutron	939.565	6.24771	77630.5	0	0
neutron	939.565	0.606515	77630.5	0	0
P32	29775.8	0.780199	77630.5	0	0
Cl37	34424.8	0.0685715	78767.5	796.208	796.08
neutron	939.565	0.369419	76699.5	0	0
S34	31632.7	0.207631	76699.5	0	0
Cl35	32564.6	0.136462	99435.7	9743.22	9742.98
neutron	939.565	10.367	75219.6	0	0
neutron	939.565	4.72075	75219.6	0	0
neutron	939.565	1.80171	75219.6	0	0
Ne20	18617.7	0.25323	75219.6	0	0
neutron	939.565	9.04688	77314.8	0	0
alpha	3727.38	10.99	77314.8	0	0
Si32	29776.6	1.95908	77314.8	0	0
Ne23	21414.1	0.212153	75575.1	0	0
neutron	939.565	18.9421	76598.5	0	0
neutron	939.565	1.53411	76598.5	0	0
S33	30704.6	0.662717	76598.5	0	0
Na23	21409.2	0.188395	87305	3672.6	3672.38
Na23	21409.2	0.288585	83051.5	2010.33	2010.01
Ne23	21414.1	0.234669	77801.8	0	0
Cl35	32564.6	0.0696522	99164.1	9479.02	9478.89
proton	938.272	352.992	95517.8	8137.79	7374.13
Cl34	31637.7	0.0942112	95517.8	8137.79	7374.13
neutron	939.565	0.95032	77140.9	0	0
S34	31632.7	0.11676	77140.9	0	0
Cl35	32564.6	0.123442	83066.7	3157.13	3157
Cl35	32564.6	0.0956081	97531.9	8955.59	8955.16
Cl35	32564.6	0.0849277	99421.6	9780.6	9780.44
Na23	21409.2	0.168389	92148.8	6515.67	6515.33
Na23	21409.2	0.126884	78428.5	529.963	529.745
Cl37	34424.8	0.186271	84708.7	2893.5	2893.15
proton	938.272	31.7327	77247.6	0	0
neutron	939.565	2.95496	77247.6	0	0
P33	30705.3	1.00534	77247.6	0	0
Cl35	32564.6	0.0699143	81063.3	2470.91	2470.8
Na23	21409.2	0.164326	78227.5	1276.33	1276.03
neutron	939.565	0.0424653	78658.3	0	0
Ne22	20479.7	0.240045	78658.3	0	0
Cl35	32564.6	0.0685541	79459.7	1215.13	1215.06
S35	32565.3	0.160236	76288.2	0	0
neutron	939.565	3.28445	76626.8	0	0
S36	33495	0.205493	76626.8	0	0
Na23	21409.2	0.843629	97401.9	8906.44	8905.57
Na23	21409.2	0.109544	89666.6	5743.71	5743.16
proton	938.272	24.9501	75689.8	0	0
neutron	939.565	8.20742	75689.8	0	0
proton	938.272	3.89149	75689.8	0	0
neutron	939.565	0.733992	75689.8	0	0
Si31	28846.2	1.65131	75689.8	0	0
Cl35	32564.6	0.239127	88956.7	5070.86	5069.97
neutron	939.565	0.552673	77193.3	0	0
S34	31632.7	0.248035	77193.3	0	0
Na23	21409.2	0.127044	97434.7	8985.83	8985.15
Na23	21409.2	0.722264	83892.9	3345.92	3345.19
S35	32565.3	0.142033	75450.1	0	0
Cl35	32564.6	0.764743	87632.5	4813.3	4812.52
neutron	939.565	0.297084	75008.1	0	0
S36	33495	0.116068	75008.1	0	0
Na23	21409.2	0.27476	98205.3	9352.91	9352.61
Cl35	32564.6	0.0787934	82163.3	2834.72	2834.49
proton	938.272	4.94826	74771.1	0	0
neutron	939.565	1.35807	74771.1	0	0
neutron	939.565	0.816952	74771.1	0	0
P32	29775.8	0.176725	74771.1	0	0
Na23	21409.2	0.126966	96516.9	8608.97	8608.84
Cl35	32564.6	0.131734	95347.2	8185.49	8185.05
Na23	21409.2	0.125646	90488	5878.54	5878.29
Na23	21409.2	0.172648	99662	9858.12	9857.84
Na23	21409.2	0.167844	77872.3	1401.89	1401.67
neutron	939.565	3.63314	74273.6	0	0
neutron	939.565	2.37233	74273.6	0	0
S33	30704.6	0.205508	74273.6	0	0
neutron	939.565	0.861124	75799.5	0	0
S34	31632.7	0.24607	75799.5	0	0
Cl35	32564.6	0.112512	96323.7	8371.88	8371.56
neutron	939.565	1.49309	74578.9	0	0
Ne22	20479.7	0.131969	74578.9	0	0
Cl35	32564.6	0.128101	91527.8	6500.75	6500.46
Ne23	21414.1	0.224396	76616.4	0	0
Ne23	21414.1	0.225664	77079.8	0	0
neutron	939.565	0.246801	74861.1	0	0
S34	31632.7	0.0957259	74861.1	0	0
neutron	939.565	1.10191	75653.3	0	0
S34	31632.7	0.299571	75653.3	0	0
Cl35	32564.6	0.0704286	94809.6	7706.19	7706
Cl35	32564.6	0.127262	99577.9	9832.15	9831.97
Ne23	21414.1	0.223352	77988.3	0	0
neutron	939.565	0.574445	75836.6	0	0
Ne22	20479.7	0.195909	75836.6	0	0
Cl37	34424.8	0.0867989	84015.6	3256.58	3256.19
Cl37	34424.8	0.147489	75825	47.3486	46.8965
Ne23	21414.1	0.201009	75796.4	0	0
Cl37	34424.8	0.20528	87257.8	3392.56	3392.35
neutron	939.565	3.90152	78542.3	0	0
neutron	939.565	3.41969	78542.3	0	0
neutron	939.565	2.01195	78542.3	0	0
neutron	939.565	0.896765	78542.3	0	0
S33	30704.6	0.0891903	78542.3	0	0
Na23	21409.2	0.617339	99309.7	9720.56	9719.95
Cl35	32564.6	0.0957567	99014.2	9547.36	9546.92
Cl35	32564.6	0.0842808	81740	2428.55	2428.3
Na23	21409.2	0.605967	88982.3	4865.18	4864.46
Cl37	34424.8	0.0702514	87500.1	4285.72	4285.18
Cl35	32564.6	0.348591	99322.6	9753.07	9752.66
neutron	939.565	0.617223	74648.5	0	0
S34	31632.7	0.234232	74648.5	0	0
Na23	21409.2	0.1281	88402.2	5066.25	5066.1
neutron	939.565	5.0346	76248	0	0
deuteron	1875.61	2.30456	76248	0	0
F20	18625.3	0.169155	76248	0	0
Cl35	32564.6	0.125122	99608.3	9863.74	9863.44
Na23	21409.2	0.118584	87290.7	4863.54	4863.41
Cl35	32564.6	0.0749534	88891.2	4820.08	4819.58
Cl37	34424.8	0.0709305	90218.4	5904	5903.72
neutron	939.565	0.751914	75152.2	0	0
S36	33495	0.0468961	75152.2	0	0
Cl35	32564.6	0.223752	83067	2472.71	2472.4
neutron	939.565	3.45884	76506.8	0	0
neutron	939.565	3.12277	76506.8	0	0
Ne21	19550.5	0.219283	76506.8	0	0
neutron	939.565	3.51113	75827.3	0	0
S34	31632.7	0.102562	75827.3	0	0
Cl37	34424.8	0.0690127	90203.9	5913.34	5913.2
neutron	939.565	0.120751	75739.3	0	0
S34	31632.7	0.198206	75739.3	0	0
Na23	21409.2	0.150688	98073.9	9241.95	9241.67
Na23	21409.2	0.462101	75858.1	476.098	475.499
neutron	939.565	0.71258	74702.6	0	0
Ne22	20479.7	0.113122	74702.6	0	0
Na23	21409.2	0.108023	84049	3347.37	3347.14
neutron	939.565	0.725421	76948.2	0	0
S36	33495	0.216012	76948.2	0	0
Na23	21409.2	0.190775	93112.8	7323.68	7323.26
neutron	939.565	2.29149	75471.5	0	0
neutron	939.565	0.580178	75471.5	0	0
deuteron	1875.61	4.91522	75471.5	0	0
deuteron	1875.61	9.52273	75471.5	0	0
alpha	3727.38	6.49244	75471.5	0	0
C13	12109.5	1.06512	75471.5	0	0
Cl35	32564.6	0.0673777	87876.3	4794.6	4793.92
Cl35	32564.6	0.107049	85816	3982.03	3981.42
Ne23	21414.1	0.191494	76150.4	0	0
Cl35	32564.6	0.106532	99865.8	9956.02	9955.6
neutron	939.565	0.671029	77007.6	0	0
Ne22	20479.7	0.300737	77007.6	0	0
Cl35	32564.6	0.147921	82813.8	2645.67	2645.44
neutron	939.565	0.965735	75822.6	0	0
S34	31632.7	0.285375	75822.6	0	0
Na23	21409.2	0.223494	96192.8	8178.41	8178.13
Na23	21409.2	0.124204	94466.6	7228.61	7227.56
Cl35	32564.6	0.0709809	78293.3	266.647	266.5
neutron	939.565	44.4703	77686.6	0	0
proton	938.272	20.8275	77686.6	0	0
F21	19556.7	0.505151	77686.6	0	0
neutron	939.565	4.41216	75083.3	0	0
Ne22	20479.7	0.312789	75083.3	0	0
Cl35	32564.6	0.696477	98013.8	9179.55	9178.73
neutron	939.565	3.53306	75632.9	0	0
neutron	939.565	3.52856	75632.9	0	0
Ne21	19550.5	0.814833	75632.9	0	0
neutron	939.565	134.453	86059.4	4155.22	3793.39
proton	938.272	4.27962	86059.4	4155.22	3793.39
neutron	939.565	2.73175	86059.4	4155.22	3793.39
proton	938.272	2.37132	86059.4	4155.22	3793.39
neutron	939.565	2.16819	86059.4	4155.22	3793.39
Si30	27913.2	1.68994	86059.4	4155.22	3793.39
neutron	939.565	0.541024	76100.9	0	0
S36	33495	0.183405	76100.9	0	0
Cl37	34424.8	0.0659384	98878.6	9593.76	9593.51
neutron	939.565	1.33182	75958.8	0	0
S34	31632.7	0.0722367	75958.8	0	0
deuteron	1875.61	13.9079	79196.7	0	0
triton	2808.92	9.36611	79196.7	0	0
alpha	3727.38	4.71967	79196.7	0	0
C14	13040.9	7.98835	79196.7	0	0
neutron	939.565	0.810052	74850.7	0	0
Ne22	20479.7	0.361315	74850.7	0	0
Cl37	34424.8	0.0671412	90794.2	6105.14	6104.03
Cl35	32564.6	0.281097	82681.5	2892.74	2892.4
Cl37	34424.8	0.0750998	78130.8	1094.78	1094.65
Ne23	21414.1	0.22273	75221.1	0	0
neutron	939.565	6.63111	76105.6	0	0
neutron	939.565	5.50522	76105.6	0	0
neutron	939.565	1.72572	76105.6	0	0
S34	31632.7	0.415755	76105.6	0	0
Cl35	32564.6	0.143015	77450.4	155.835	155.517
neutron	939.565	4.59251	77135.8	0	0
neutron	939.565	3.37055	77135.8	0	0
Ne21	19550.5	0.351901	77135.8	0	0
neutron	939.565	1.81152	77332	0	0
neutron	939.565	1.55607	77332	0	0
Ne21	19550.5	0.204526	77332	0	0
Cl37	34424.8	0.0839852	87039.4	4130.97	4130.59
Na23	21409.2	0.139189	77249.5	488.235	488.08
neutron	939.565	0.191038	75977.2	0	0
S36	33495	0.143502	75977.2	0	0
Cl35	32564.6	0.130721	90610.6	6199.89	6199.75
neutron	939.565	2.7958	74841.1	0	0
neutron	939.565	1.49341	74841.1	0	0
neutron	939.565	0.410473	74841.1	0	0
Ne20	18617.7	0.707888	74841.1	0	0
Ne23	21414.1	0.203462	75613.3	0	0
Cl35	32564.6	0.075693	86114.7	4254.81	4254.63
Cl35	32564.6	0.0772758	80672.4	2075.56	2075.4
Ne23	21414.1	0.217786	75364	0	0
neutron	939.565	4.68378	76809.3	0	0
neutron	939.565	3.20437	76809.3	0	0
alpha	3727.38	11.4626	76809.3	0	0
Si29	26984.3	1.26427	76809.3	0	0
neutron	939.565	0.831188	77651.5	0	0
S36	33495	0.0534492	77651.5	0	0
Na23	21409.2	0.298937	84855.4	3531.15	3530.83
Na23	21409.2	0.125987	81562	2275.14	2274.88
Cl37	34424.8	0.121759	78881.2	1220.19	1220.02
neutron	939.565	2.1212	75653.1	0	0
S36	33495	0.127466	75653.1	0	0
Na23	21409.2	0.272062	93647	7117.14	7116.65
Cl35	32564.6	0.110419	77733.7	357.503	356.809
Ne23	21414.1	0.2291	76848.1	0	0
neutron	939.565	7.16113	77018.7	0	0
neutron	939.565	4.12306	77018.7	0	0
Ne21	19550.5	0.0914816	77018.7	0	0
Na23	21409.2	0.216604	80471.8	1510.72	1510.49
Cl35	32564.6	0.120359	88862.5	5195.05	5194.85
neutron	939.565	7.13998	77683.8	0	0
neutron	939.565	2.69235	77683.8	0	0
neutron	939.565	0.367433	77683.8	0	0
S32	29773.6	0.238218	77683.8	0	0
neutron	939.565	1.62426	77367.6	0	0
Ne22	20479.7	0.0822326	77367.6	0	0
Cl35	32564.6	1.00883	98990.9	9617.56	9616.46
proton	938.272	17.5104	76758.9	0	0
neutron	939.565	4.52707	76758.9	0	0
neutron	939.565	2.97433	76758.9	0	0
F20	18625.3	0.688116	76758.9	0	0
Na23	21409.2	0.278607	93718.4	7469.45	7469.07
Na23	21409.2	0.129185	98734.5	9347.58	9347.3
Cl35	32564.6	0.141108	96301.1	8436.33	8436.17
Cl35	32564.6	0.152862	75726.3	294.635	294.46
neutron	939.565	3.26426	75076.9	0	0
neutron	939.565	0.794511	75076.9	0	0
S33	30704.6	0.393974	75076.9	0	0
Na23	21409.2	0.114723	84618.6	2756.96	2756.79
Na23	21409.2	0.128225	84453.2	2696.31	2696.07
neutron	939.565	0.260184	76998.4	0	0
Ne22	20479.7	0.260822	76998.4	0	0
S37	34430.2	0.128175	75241.6	0	0
Cl35	32564.6	0.072145	99603.3	9798.78	9798.53
neutron	939.565	0.36665	77221.9	0	0
S34	31632.7	0.123306	77221.9	0	0
Na23	21409.2	0.132149	75588.8	322.014	321.593
Cl35	32564.6	0.0931676	97472.4	8532.19	8532.04
S37	34430.2	0.131734	76310	0	0
Na23	21409.2	0.130264	96774.7	8689.21	8688.89
Na23	21409.2	0.401852	85381.6	3692.02	3691.57
Cl35	32564.6	0.166055	94803.8	7965.21	7964.13
Ne23	21414.1	0.23154	79666.8	0	0
Cl37	34424.8	0.337436	99351.9	9755.5	9754.98
Na23	21409.2	0.242374	83576.7	2941.26	2941
Cl35	32564.6	0.526251	76391.7	189.325	188.741
Ne23	21414.1	0.220136	76094.8	0	0
Cl35	32564.6	0.140231	81088.1	1693.83	1693.67
Ne23	21414.1	0.235152	76459	0	0
Na23	21409.2	0.118567	80369.1	1517.23	1517.09
proton	938.272	8.5228	78301.6	0	0
neutron	939.565	5.03398	78301.6	0	0
neutron	939.565	1.76022	78301.6	0	0
neutron	939.565	0.853953	78301.6	0	0
alpha	3727.38	4.22998	78301.6	0	0
N15	13968.9	0.789824	78301.6	0	0
Na23	21409.2	0.398628	83744.1	2983.24	2982.72
neutron	939.565	15.8629	76121.2	0	0
proton	938.272	3.91365	76121.2	0	0
neutron	939.565	2.06122	76121.2	0	0
neutron	939.565	1.70523	76121.2	0	0
neutron	939.565	0.466726	76121.2	0	0
F18	16763.2	2.12292	76121.2	0	0
neutron	939.565	0.207665	77516.7	0	0
S34	31632.7	0.112429	77516.7	0	0
Na23	21409.2	0.144305	76476.1	237.297	237.095
neutron	939.565	3.18728	77166.2	0	0
alpha	3727.38	5.83972	77166.2	0	0
O18	16762	1.26065	77166.2	0	0
Cl37	34424.8	0.162927	97821.1	9190.62	9190.4
proton	938.272	157.213	86242.9	4446.01	4033.28
S34	31632.7	0.191334	86242.9	4446.01	4033.28
Cl37	34424.8	0.0781441	84154.9	3241.92	3241.8
neutron	939.565	30.7676	75616.5	0	0
S34	31632.7	0.747379	75616.5	0	0
neutron	939.565	1.11588	74923.3	0	0
neutron	939.565	1.03963	74923.3	0	0
deuteron	1875.61	7.51514	74923.3	0	0
P31	28844.2	0.941892	74923.3	0	0
Ne23	21414.1	0.198617	77615.7	0	0
Cl37	34424.8	0.0665234	78235.1	943.563	943.45
neutron	939.565	4.33007	75840.1	0	0
neutron	939.565	2.12182	75840.1	0	0
S35	32565.3	0.222599	75840.1	0	0
Na23	21409.2	0.179035	78712.6	622.759	622.531
neutron	939.565	8.00521	77087.5	0	0
neutron	939.565	1.89607	77087.5	0	0
neutron	939.565	0.515559	77087.5	0	0
Ne20	18617.7	0.240943	77087.5	0	0
Na23	21409.2	0.308546	87683.4	4719.23	4718.83
Cl35	32564.6	0.0732143	77617.5	655.866	655.739
neutron	939.565	3.42723	75887.8	0	0
S34	31632.7	0.102183	75887.8	0	0
proton	938.272	16.4982	80561.5	0	0
neutron	939.565	3.07918	80561.5	0	0
F21	19556.7	0.536527	80561.5	0	0
neutron	939.565	1.98388	78511.4	0	0
neutron	939.565	1.17972	78511.4	0	0
neutron	939.565	1.17399	78511.4	0	0
Ne20	18617.7	0.411276	78511.4	0	0
Cl35	32564.6	0.119477	92740.8	6507.57	6507.38
Ne23	21414.1	0.210824	76845.3	0	0
Na23	21409.2	0.137831	79269.9	1471.45	1470.98
neutron	939.565	3.4278	75344.7	0	0
alpha	3727.38	3.99324	75344.7	0	0
O18	16762	1.8358	75344.7	0	0
Na23	21409.2	0.213909	79957	1958.73	1958.44
neutron	939.565	16.764	74826.4	0	0
neutron	939.565	10.7861	74826.4	0	0
neutron	939.565	10.1152	74826.4	0	0
Ne20	18617.7	0.824775	74826.4	0	0
neutron	939.565	3.16068	75251.9	0	0
S34	31632.7	0.12796	75251.9	0	0
proton	938.272	256.954	97092.9	8812.21	8419.67
proton	938.272	54.168	97092.9	8812.21	8419.67
neutron	939.565	9.92982	97092.9	8812.21	8419.67
neutron	939.565	6.9536	97092.9	8812.21	8419.67
neutron	939.565	5.097	97092.9	8812.21	8419.67
neutron	939.565	0.269024	97092.9	8812.21	8419.67
P31	28844.2	4.54469	97092.9	8812.21	8419.67
Cl35	32564.6	0.0752742	93044.6	7104.27	7104.14
Ne23	21414.1	0.210919	78800.9	0	0
Na23	21409.2	0.121272	88458.8	4506.08	4505.88
Cl35	32564.6	0.525234	86460.1	4190.7	4190.01
Na23	21409.2	0.17076	85154.7	3703.72	3703.54
Ne23	21414.1	0.229227	75720.3	0	0
Cl35	32564.6	0.243073	82766.9	2591.56	2590.9
neutron	939.565	7.78304	76151.3	0	0
neutron	939.565	2.62808	76151.3	0	0
neutron	939.565	0.920074	76151.3	0	0
alpha	3727.38	5.54243	76151.3	0	0
Si28	26053.2	0.49246	76151.3	0	0
neutron	939.565	0.568049	75874.2	0	0
S36	33495	0.133846	75874.2	0	0
Cl37	34424.8	0.0881794	99884.1	9953.9	9953.56
Na23	21409.2	0.201849	94679.9	7311.73	7311.47
Na23	21409.2	0.22399	86788.8	4517.6	4517.24
Na23	21409.2	0.110068	80410.7	2007.86	2007.69
Ne23	21414.1	0.214356	75331.1	0	0
Na23	21409.2	0.309781	79652.7	1441.76	1441.23
neutron	939.565	0.550108	75798.2	0	0
Ne22	20479.7	0.10117	75798.2	0	0
Na23	21409.2	0.110099	82233.6	1999.39	1999.28
neutron	939.565	2.02362	76883.6	0	0
alpha	3727.38	6.46506	76883.6	0	0
Si30	27913.2	1.49058	76883.6	0	0
Cl37	34424.8	0.216378	82716.5	2744.69	2744.44
neutron	939.565	0.259362	75498.9	0	0
S34	31632.7	0.130482	75498.9	0	0
Cl35	32564.6	0.111625	90339.9	6231.26	6231.13
neutron	939.565	7.92148	74532.9	0	0
neutron	939.565	4.07131	74532.9	0	0
Ne21	19550.5	0.535565	74532.9	0	0
Cl35	32564.6	0.157232	93110.3	7103.56	7103.16
neutron	939.565	0.647324	76013.6	0	0
S34	31632.7	0.195861	76013.6	0	0
Na23	21409.2	0.180639	80346	1475.79	1475.47
neutron	939.565	0.77144	76276	0	0
S34	31632.7	0.116708	76276	0	0
S35	32565.3	0.162454	77434.8	0	0
Na23	21409.2	0.504557	98295.9	8893.4	8892.88
Cl35	32564.6	0.0909691	94029.3	7193.44	7193.24
Cl35	32564.6	0.143646	76176.6	90.9677	90.6965
Ne23	21414.1	0.229037	76059.8	0	0
Na23	21409.2	0.180653	87191.4	4664.08	4663.89
neutron	939.565	2.00721	75577.6	0	0
neutron	939.565	1.08162	75577.6	0	0
S35	32565.3	0.22947	75577.6	0	0
neutron	939.565	8.3415	75531	0	0
neutron	939.565	0.658054	75531	0	0
S35	32565.3	0.320799	75531	0	0
Cl35	32564.6	0.138266	86013.9	3096.27	3096
Ne23	21414.1	0.224702	78418.1	0	0
Na23	21409.2	0.348934	99721.7	9876.53	9876.15
neutron	939.565	19.3624	78168	0	0
neutron	939.565	5.68358	78168	0	0
neutron	939.565	2.34482	78168	0	0
alpha	3727.38	11.5746	78168	0	0
O16	14895.1	3.72701	78168	0	0
Cl35	32564.6	0.621567	86669.1	2891.9	2891.11
neutron	939.565	0.598465	76382.7	0	0
Ne22	20479.7	0.144668	76382.7	0	0
neutron	939.565	0.162231	75475.4	0	0
S34	31632.7	0.192364	75475.4	0	0
Cl37	34424.8	0.153049	80282.6	1573.72	1573.06
neutron	939.565	0.30462	76102.3	0	0
Ne22	20479.7	0.244934	76102.3	0	0
neutron	939.565	0.384269	75325.2	0	0
S34	31632.7	0.183722	75325.2	0	0
Cl37	34424.8	0.128517	81254.6	2386.67	2386.03
Na23	21409.2	0.172274	81117.4	2339.63	2338.87
Na23	21409.2	0.114984	80246.1	1997.71	1997.58
Ne23	21414.1	0.216275	74826.5	0	0
Na23	21409.2	0.444586	93067.1	7001.21	7000.71
Na23	21409.2	0.614154	89384.5	5020.51	5019.78
S37	34430.2	0.141962	76726.7	0	0
Cl35	32564.6	0.114387	92016	6763.01	6762.87
proton	938.272	624.831	98965.2	9626.39	7182.64
proton	938.272	7.2916	98965.2	9626.39	7182.64
Ne21	19550.5	3.42087	98965.2	9626.39	7182.64
neutron	939.565	0.844356	77077.1	0	0
S36	33495	0.0754991	77077.1	0	0
Cl35	32564.6	0.152519	91870.6	6701.05	6700.71
Cl35	32564.6	0.0855152	86592.6	4347.7	4347.41
Cl37	34424.8	0.324464	77646.7	761.044	760.67
Cl35	32564.6	0.523847	80776.8	2175.32	2174.45
Na23	21409.2	0.113204	79994.8	1907.04	1906.56
Ne23	21414.1	0.232669	75028.7	0	0
Cl35	32564.6	0.08477	97340.9	8880.52	8880.38
neutron	939.565	18.1684	77376.8	0	0
neutron	939.565	3.96149	77376.8	0	0
neutron	939.565	0.391198	77376.8	0	0
Ne20	18617.7	1.32487	77376.8	0	0
Cl35	32564.6	0.166716	83620.4	3364.2	3363.84
Ne23	21414.1	0.220559	75631.3	0	0
neutron	939.565	2.71858	74947.4	0	0
S34	31632.7	0.176786	74947.4	0	0
Cl35	32564.6	0.573467	91806.7	6616.98	6615.99
Na23	21409.2	0.19897	91130.3	6610.3	6609.91
S35	32565.3	0.158675	75760.2	0	0
Cl35	32564.6	0.0753635	90682	6187.48	6187.28
Na23	21409.2	0.130257	82035.7	2654.12	2653.94
Na23	21409.2	0.285546	90087.4	6123.44	6123.13
proton	938.272	2.56381	74193.9	0	0
neutron	939.565	2.35154	74193.9	0	0
P33	30705.3	0.115758	74193.9	0	0
Cl35	32564.6	0.0735063	96832.1	8520.06	8519.75
Cl37	34424.8	0.0662976	94329.1	7492.14	7492.04
Na23	21409.2	0.18417	92983.8	6079.56	6079.3
neutron	939.565	7.05713	77853.4	0	0
neutron	939.565	3.88018	77853.4	0	0
S33	30704.6	0.811839	77853.4	0	0
Cl35	32564.6	0.098545	94110.1	7634.97	7634.86
Ne23	21414.1	0.200211	76434.1	0	0
neutron	939.565	6.94828	75615.6	0	0
neutron	939.565	5.89197	75615.6	0	0
neutron	939.565	5.10382	75615.6	0	0
alpha	3727.38	8.56019	75615.6	0	0
O16	14895.1	0.55497	75615.6	0	0
Cl35	32564.6	0.164842	94827	7029.25	7029.06
S35	32565.3	0.156597	75863.1	0	0
Na23	21409.2	0.293545	90938.7	6268.25	6267.81
Cl35	32564.6	0.0738205	84907.1	3913.46	3913.26
neutron	939.565	7.48799	75336.2	0	0
neutron	939.565	6.80872	75336.2	0	0
neutron	939.565	0.559559	75336.2	0	0
Ne20	18617.7	0.407217	75336.2	0	0
proton	938.272	2.96305	77172	0	0
neutron	939.565	2.62939	77172	0	0
F21	19556.7	0.0376939	77172	0	0
Cl37	34424.8	0.0964446	89066.2	4860.01	4859.65
neutron	939.565	2.25728	77200.9	0	0
S34	31632.7	0.239751	77200.9	0	0
neutron	939.565	1.1113	76355.6	0	0
S34	31632.7	0.288302	76355.6	0	0
neutron	939.565	12.3061	75030	0	0
neutron	939.565	9.22162	75030	0	0
S33	30704.6	1.20367	75030	0	0
Cl35	32564.6	0.127933	93972.4	7511.75	7511.08
neutron	939.565	0.0884738	75625.2	0	0
Ne22	20479.7	0.239238	75625.2	0	0
neutron	939.565	0.607396	77814	0	0
S34	31632.7	0.16351	77814	0	0
Na23	21409.2	0.110172	91711.1	6032.65	6032.31
Cl35	32564.6	0.0870799	79558.1	1658.78	1658.64
neutron	939.565	6.84561	74995.1	0	0
neutron	939.565	4.20193	74995.1	0	0
proton	938.272	2.99453	74995.1	0	0
neutron	939.565	2.2953	74995.1	0	0
P31	28844.2	0.825847	74995.1	0	0
Cl35	32564.6	0.353821	99585.3	9838.91	9838.4
Cl35	32564.6	0.112725	89642.5	5004.57	5004.34
Ne23	21414.1	0.224054	76472.7	0	0
Cl35	32564.6	0.126117	76803.8	368.533	368.028
proton	938.272	869.49	98946.7	9505.51	4877.97
neutron	939.565	2.08321	98946.7	9505.51	4877.97
S33	30704.6	0.210217	98946.7	9505.51	4877.97
neutron	939.565	4.47052	86798.5	0	0
neutron	939.565	3.08588	86798.5	0	0
neutron	939.565	0.59968	86798.5	0	0
S32	29773.6	0.51252	86798.5	0	0
Cl35	32564.6	0.104987	85388.2	3895.07	3894.76
neutron	939.565	1.73323	75177	0	0
Ne22	20479.7	0.283251	75177	0	0
Cl35	32564.6	0.12114	98710.9	9485.27	9484.78
Na23	21409.2	0.122459	92545	7204.59	7203.96
neutron	939.565	3.51015	76185.9	0	0
neutron	939.565	1.58098	76185.9	0	0
neutron	939.565	1.45885	76185.9	0	0
Ne20	18617.7	0.0568007	76185.9	0	0
Cl35	32564.6	0.0754675	79498.9	1425.61	1425.42
Ne23	21414.1	0.226771	75863.1	0	0
Cl35	32564.6	0.0947155	84258.8	3180.94	3180.58
neutron	939.565	9.57281	76515.3	0	0
proton	938.272	3.26851	76515.3	0	0
neutron	939.565	2.00576	76515.3	0	0
neutron	939.565	1.55473	76515.3	0	0
P31	28844.2	0.0528254	76515.3	0	0
Cl35	32564.6	0.069243	97118.2	8798.27	8797.87
neutron	939.565	2.55219	75114.9	0	0
S34	31632.7	0.27877	75114.9	0	0
Ne23	21414.1	0.209189	78845.8	0	0
S35	32565.3	0.159003	76976.9	0	0
neutron	939.565	2.83892	76643.6	0	0
neutron	939.565	1.99561	76643.6	0	0
alpha	3727.38	10.6875	76643.6	0	0
Si29	26984.3	1.79557	76643.6	0	0
Ne23	21414.1	0.233926	75595.3	0	0
Na23	21409.2	0.107651	92644.2	6846.25	6845.84
neutron	939.565	13.7554	75559.2	0	0
proton	938.272	8.02911	75559.2	0	0
neutron	939.565	3.32446	75559.2	0	0
P32	29775.8	0.200628	75559.2	0	0
Ne23	21414.1	0.231957	75980.7	0	0
Na23	21409.2	0.273778	86929.3	4037.67	4037.34
Na23	21409.2	0.531439	82456.2	2202.45	2201.89
neutron	939.565	48.9729	76665	0	0
neutron	939.565	6.86556	76665	0	0
proton	938.272	4.85428	76665	0	0
neutron	939.565	0.711029	76665	0	0
P31	28844.2	1.11962	76665	0	0
Cl35	32564.6	0.116197	98667.8	9411.47	9411.01
Cl35	32564.6	0.205825	97981.9	9129.14	9128.63
Na23	21409.2	0.106103	88138.7	4249.84	4249.5
proton	938.272	3.33213	77410.3	0	0
neutron	939.565	2.07897	77410.3	0	0
P33	30705.3	0.714154	77410.3	0	0
Na23	21409.2	0.112949	87600.7	4083.63	4083.3
Cl37	34424.8	0.0638158	83464.5	3147.86	3147.72
Cl35	32564.6	0.07068	86708.8	3721.55	3721.39
neutron	939.565	1.46651	78453.5	0	0
Ne22	20479.7	0.206883	78453.5	0	0
Cl35	32564.6	0.0701266	81628.9	1444.67	1444.44
S35	32565.3	0.157134	77695.4	0	0
Cl37	34424.8	0.225494	93867.4	7635.86	7635.46
neutron	939.565	0.388329	75721.6	0	0
S34	31632.7	0.0902394	75721.6	0	0
Ne23	21414.1	0.22258	75917.9	0	0
Cl35	32564.6	0.123879	91045.9	6057.82	6057.4
neutron	939.565	4.49367	78414.5	0	0
S34	31632.7	0.182445	78414.5	0	0
Na23	21409.2	0.101785	92925.8	6637.24	6636.97
S37	34430.2	0.141582	75891.1	0	0
proton	938.272	32.4015	75898.2	0	0
neutron	939.565	5.49798	75898.2	0	0
neutron	939.565	0.766566	75898.2	0	0
P32	29775.8	0.297251	75898.2	0	0
proton	938.272	9.51297	76933.4	0	0
neutron	939.565	6.5604	76933.4	0	0
neutron	939.565	1.36775	76933.4	0	0
neutron	939.565	0.754374	76933.4	0	0
alpha	3727.38	5.84878	76933.4	0	0
N15	13968.9	0.228867	76933.4	0	0
Cl37	34424.8	0.107692	89913.1	4094.71	4094.42
Na23	21409.2	0.339059	89623.8	3962.72	3962.33
Ne23	21414.1	0.225711	80821.5	0	0
Ne23	21414.1	0.209752	76660.3	0	0
Cl37	34424.8	0.313772	94438.9	7597.91	7597.56
Cl35	32564.6	0.22034	94530.4	7513.52	7513.16
Cl37	34424.8	0.308365	93647.3	7035.12	7034.75
Cl35	32564.6	0.0728585	90853.4	6269.53	6269.14
Na23	21409.2	0.453338	89192.5	5650.78	5650
neutron	939.565	1.17322	74729.3	0	0
Ne22	20479.7	0.260617	74729.3	0	0
Ne23	21414.1	0.227422	75865.2	0	0
neutron	939.565	0.689915	76734.8	0	0
neutron	939.565	0.449678	76734.8	0	0
S35	32565.3	0.13596	76734.8	0	0
proton	938.272	4.54836	92976.1	6488.08	6184.1
neutron	939.565	0.120396	92976.1	6488.08	6184.1
S33	30704.6	0.346276	92976.1	6488.08	6184.1
Ne23	21414.1	0.220407	78066.1	0	0
Cl35	32564.6	0.0688758	95558.7	7524.04	7523.89
neutron	939.565	9.57508	78193.8	0	0
neutron	939.565	1.29067	78193.8	0	0
S33	30704.6	0.375567	78193.8	0	0
neutron	939.565	8.24462	76063.4	0	0
neutron	939.565	0.528883	76063.4	0	0
S33	30704.6	0.0656424	76063.4	0	0
neutron	939.565	0.339491	76322	0	0
S34	31632.7	0.119242	76322	0	0
Na23	21409.2	0.154714	92152.7	6472.57	6472.06
Cl37	34424.8	0.123812	97515.2	7419.18	7418.88
Cl35	32564.6	0.213226	96018.8	6893.44	6893.22
Cl35	32564.6	0.0697007	87803.4	4297.65	4297.27
Na23	21409.2	0.270118	84650.2	3121.79	3121.51
S37	34430.2	0.132001	76361.9	0	0
neutron	939.565	10.641	75015.5	0	0
neutron	939.565	6.71607	75015.5	0	0
neutron	939.565	3.1399	75015.5	0	0
S34	31632.7	0.958802	75015.5	0	0
Cl35	32564.6	0.06856	80791.1	1268.85	1268.6
Na23	21409.2	0.134559	90461.4	6038.02	6037.81
Cl35	32564.6	0.0667496	80787.4	1949.25	1949.14
Na23	21409.2	0.161799	76629.3	391.389	391.15
S35	32565.3	0.159503	75579.3	0	0
neutron	939.565	14.346	77478.6	0	0
neutron	939.565	1.62895	77478.6	0	0
Ne21	19550.5	1.5964	77478.6	0	0
Na23	21409.2	0.164526	95280.4	6888.84	6888.61
Cl35	32564.6	0.0685261	89104.5	4225.28	4225.07
neutron	939.565	35.6103	78294.5	0	0
neutron	939.565	1.09766	78294.5	0	0
neutron	939.565	0.711759	78294.5	0	0
alpha	3727.38	13.4645	78294.5	0	0
Si28	26053.2	0.587516	78294.5	0	0
neutron	939.565	0.999475	76270	0	0
S34	31632.7	0.24221	76270	0	0
neutron	939.565	37.5028	74511	0	0
neutron	939.565	6.55309	74511	0	0
S33	30704.6	0.818174	74511	0	0
Na23	21409.2	0.206369	82290.3	3061.37	3061.09
Cl35	32564.6	0.298079	79297.1	1901.56	1901.2
neutron	939.565	3.8057	74360.3	0	0
neutron	939.565	1.41441	74360.3	0	0
S33	30704.6	0.302326	74360.3	0	0
neutron	939.565	17.5651	74740.1	0	0
proton	938.272	6.50524	74740.1	0	0
neutron	939.565	5.14931	74740.1	0	0
P32	29775.8	0.55958	74740.1	0	0
neutron	939.565	19.0309	74910.3	0	0
neutron	939.565	4.77488	74910.3	0	0
neutron	939.565	2.05394	74910.3	0	0
He3	2808.39	6.96963	74910.3	0	0
alpha	3727.38	9.72343	74910.3	0	0
C13	12109.5	1.76484	74910.3	0	0
Cl35	32564.6	0.0789055	78529.7	1396.97	1396.86
Na23	21409.2	0.155457	86738.6	3577.91	3577.71
Cl35	32564.6	0.241574	86104.7	3358.42	3358.17
Na23	21409.2	0.3791	88357.1	4411.99	4411.59
Na23	21409.2	0.10714	83698	2506.53	2506
Cl35	32564.6	0.067341	77047.1	27.1665	27.0805
Na23	21409.2	0.18266	80474.8	1335.92	1335.66
Na23	21409.2	0.187833	76363.7	146.144	145.712
S35	32565.3	0.16141	75035.6	0	0
neutron	939.565	9.58241	80046	0	0
neutron	939.565	9.24126	80046	0	0
neutron	939.565	4.25135	80046	0	0
alpha	3727.38	5.70187	80046	0	0
O16	14895.1	1.19366	80046	0	0
neutron	939.565	2.59671	75391.3	0	0
S34	31632.7	0.0622955	75391.3	0	0
neutron	939.565	1.22654	74618.4	0	0
neutron	939.565	0.771853	74618.4	0	0
deuteron	1875.61	6.04482	74618.4	0	0
F19	17692.3	0.557747	74618.4	0	0
Cl35	32564.6	0.089826	96370	8420.44	8420.24
Cl35	32564.6	0.0673403	84142.5	3661.86	3661.71
Na23	21409.2	0.131448	79798.1	1962.86	1962.43
Na23	21409.2	0.119954	78861.4	1565.21	1565.08
Ne23	21414.1	0.213856	75833.8	0	0
neutron	939.565	0.510069	76845.5	0	0
S34	31632.7	0.181707	76845.5	0	0
Na23	21409.2	0.118379	95697.5	8304.63	8304.35
neutron	939.565	0.185779	76299.2	0	0
Ne22	20479.7	0.156636	76299.2	0	0
Cl35	32564.6	0.0975075	79059.6	651.057	650.681
proton	938.272	18.9976	74900.6	0	0
neutron	939.565	1.00163	74900.6	0	0
deuteron	1875.61	22.1118	74900.6	0	0
Si31	28846.2	0.537378	74900.6	0	0
Cl35	32564.6	0.0880136	85298.4	3488.17	3487.4
Cl37	34424.8	0.0649074	98630.5	9381.34	9381.03
neutron	939.565	1.04409	75241.3	0	0
Ne22	20479.7	0.184248	75241.3	0	0
Cl37	34424.8	0.104698	93315.9	7097.97	7097.86
Cl35	32564.6	0.242199	80629.8	234.467	234.224
Na23	21409.2	0.187592	82030.2	1386.72	1386.32
proton	938.272	27.9434	78295.4	0	0
neutron	939.565	13.4792	78295.4	0	0
triton	2808.92	3.27574	78295.4	0	0
O18	16762	0.434012	78295.4	0	0
neutron	939.565	0.302779	76447.1	0	0
Ne22	20479.7	0.290803	76447.1	0	0
Na23	21409.2	0.208022	93095.2	7046.88	7046.14
Na23	21409.2	0.138932	82540.8	2466.26	2466.04
Na23	21409.2	0.140257	89996.8	5921.26	5921.07
Cl35	32564.6	0.0690442	94074.3	6914.76	6914.48
neutron	939.565	0.801683	80853.1	0	0
S34	31632.7	0.140805	80853.1	0	0
S37	34430.2	0.131093	76550.7	0	0
neutron	939.565	37.5664	75566.2	0	0
neutron	939.565	3.45712	75566.2	0	0
neutron	939.565	0.396636	75566.2	0	0
alpha	3727.38	3.3845	75566.2	0	0
O16	14895.1	3.0954	75566.2	0	0
Cl35	32564.6	0.144247	89590.4	5434.61	5434.42
neutron	939.565	0.098751	75388.9	0	0
Ne22	20479.7	0.229964	75388.9	0	0
S35	32565.3	0.15716	75485.8	0	0
Cl35	32564.6	0.0670442	98471.6	9217.02	9216.89
Cl35	32564.6	0.0711138	89460.2	5721.95	5721.78
Cl35	32564.6	0.411228	82591.3	2531.24	2530.45
Na23	21409.2	0.203985	98097.5	9306.69	9306.45
Na23	21409.2	0.24248	85843.5	2361.05	2360.71
proton	938.272	13.8566	79742.8	0	0
proton	938.272	8.17405	79742.8	0	0
neutron	939.565	3.60409	79742.8	0	0
neutron	939.565	1.3579	79742.8	0	0
neutron	939.565	1.32278	79742.8	0	0
neutron	939.565	0.85286	79742.8	0	0
neutron	939.565	0.753092	79742.8	0	0
O16	14895.1	0.619724	79742.8	0	0
S35	32565.3	0.159017	74778.1	0	0
Cl35	32564.6	0.0815553	83680.5	3314.01	3313.53
Na23	21409.2	0.176517	80267.8	1981.67	1981.32
neutron	939.565	0.903768	74798.1	0	0
S34	31632.7	0.228808	74798.1	0	0
neutron	939.565	8.32956	74900.8	0	0
proton	938.272	6.41763	74900.8	0	0
neutron	939.565	2.72306	74900.8	0	0
neutron	939.565	1.56109	74900.8	0	0
triton	2808.92	7.98374	74900.8	0	0
alpha	3727.38	5.43041	74900.8	0	0
C12	11174.9	3.37927	74900.8	0	0
Cl37	34424.8	0.102912	98414.3	8816.54	8816.27
Na23	21409.2	0.122803	91629.7	6060.85	6060.69
Cl35	32564.6	0.0956404	91581.9	6044.92	6044.62
neutron	939.565	0.639078	77120.5	0	0
Ne22	20479.7	0.327024	77120.5	0	0
Ne23	21414.1	0.20565	76602.4	0	0
neutron	939.565	3.02197	77515.9	0	0
Ne22	20479.7	0.0109861	77515.9	0	0
Cl35	32564.6	0.100436	92978	6907.95	6907.69
Ne23	21414.1	0.231123	77468.1	0	0
Cl35	32564.6	0.126878	96561.6	8581.68	8581.48
Cl35	32564.6	0.112751	95399.9	8143.83	8143.58
Cl37	34424.8	0.0881223	79635.1	1393.85	1393.45
Na23	21409.2	0.254455	86087.8	4285.55	4285.25
Cl35	32564.6	0.166074	75984.1	390.05	389.752
neutron	939.565	0.246277	74997.8	0	0
S36	33495	0.137702	74997.8	0	0
Na23	21409.2	0.410312	92179.1	6733.02	6732.6
neutron	939.565	6.56593	76083.1	0	0
proton	938.272	3.3864	76083.1	0	0
neutron	939.565	2.42117	76083.1	0	0
P32	29775.8	0.335301	76083.1	0	0
Cl37	34424.8	0.125714	85519.4	3577.01	3576.73
Cl35	32564.6	0.185277	93055	7072.69	7072.11
Cl35	32564.6	0.113903	83392.2	3295.2	3295.05
neutron	939.565	4.90607	75971.2	0	0
neutron	939.565	4.60323	75971.2	0	0
proton	938.272	3.86318	75971.2	0	0
neutron	939.565	1.85993	75971.2	0	0
F19	17692.3	1.01448	75971.2	0	0
Cl37	34424.8	0.0784562	93772.6	7315.24	7314.98
Cl35	32564.6	0.26148	87685.8	4796.13	4795.49
S35	32565.3	0.144452	75444.3	0	0
Cl35	32564.6	0.0978243	94794.5	7889.82	7889.59
neutron	939.565	0.969557	76575.6	0	0
S34	31632.7	0.215645	76575.6	0	0
S37	34430.2	0.139596	75042.9	0	0
neutron	939.565	7.25741	97507.4	8896.11	8630.36
Ne22	20479.7	1.83691	97507.4	8896.11	8630.36
Ne23	21414.1	0.22532	78007.9	0	0
Cl35	32564.6	0.0781043	97653.9	9058.84	9058.39
Cl35	32564.6	0.071357	75168.6	44.5455	44.3932
proton	938.272	29.6955	79120	0	0
neutron	939.565	4.81346	79120	0	0
proton	938.272	3.44586	79120	0	0
neutron	939.565	3.26628	79120	0	0
neutron	939.565	2.82137	79120	0	0
Si30	27913.2	1.07298	79120	0	0
Na23	21409.2	0.161814	91516.2	6059.73	6059.4
Na23	21409.2	0.146503	88015.5	4730.52	4730.22
neutron	939.565	2.12535	75856.3	0	0
Ne22	20479.7	0.166489	75856.3	0	0
Ne23	21414.1	0.21234	74707.1	0	0
Cl35	32564.6	0.0750866	78507.8	725.238	725.073
neutron	939.565	187.493	95439.6	8195.72	7803.14
proton	938.272	175.146	95439.6	8195.72	7803.14
neutron	939.565	0.983341	95439.6	8195.72	7803.14
S32	29773.6	1.29783	95439.6	8195.72	7803.14
Cl35	32564.6	0.092006	78742	44.1108	43.8964
Cl35	32564.6	0.0846577	89106.9	5724.6	5723.96
Cl35	32564.6	0.130099	77890.5	273.032	272.836
neutron	939.565	7.46041	77216.4	0	0
neutron	939.565	5.35725	77216.4	0	0
neutron	939.565	0.438006	77216.4	0	0
alpha	3727.38	5.53976	77216.4	0	0
O16	14895.1	1.9837	77216.4	0	0
Na23	21409.2	0.328602	78042	1377.1	1376.28
neutron	939.565	38.9883	74368.6	0	0
neutron	939.565	3.20257	74368.6	0	0
neutron	939.565	0.95757	74368.6	0	0
Ne20	18617.7	1.04895	74368.6	0	0
neutron	939.565	1.63843	75792.6	0	0
S34	31632.7	0.325754	75792.6	0	0
Cl35	32564.6	0.128361	89019	5561.72	5561.45
Na23	21409.2	0.132245	85854.1	4252.61	4252.28
Cl35	32564.6	0.426206	94835.6	7178.43	7177.96
Na23	21409.2	0.149688	91958.1	5994.97	5994.73
Cl35	32564.6	0.0903528	90009.4	812.036	811.778
neutron	939.565	7.77156	87952.2	0	0
neutron	939.565	4.59943	87952.2	0	0
neutron	939.565	3.58544	87952.2	0	0
Ne20	18617.7	0.604564	87952.2	0	0
neutron	939.565	0.12759	76465.1	0	0
S36	33495	0.122833	76465.1	0	0
Cl37	34424.8	0.0833993	76647.1	308.821	308.674
neutron	939.565	22.6804	75910.9	0	0
proton	938.272	10.6881	75910.9	0	0
neutron	939.565	0.258853	75910.9	0	0
F20	18625.3	0.764685	75910.9	0	0
proton	938.272	185.671	97406.3	9043.74	8487.15
neutron	939.565	163.8	97406.3	9043.74	8487.15
proton	938.272	33.6318	97406.3	9043.74	8487.15
neutron	939.565	20.533	97406.3	9043.74	8487.15
neutron	939.565	13.8428	97406.3	9043.74	8487.15
proton	938.272	10.4691	97406.3	9043.74	8487.15
neutron	939.565	9.94529	97406.3	9043.74	8487.15
proton	938.272	6.6611	97406.3	9043.74	8487.15
proton	938.272	2.48129	97406.3	9043.74	8487.15
alpha	3727.38	11.8685	97406.3	9043.74	8487.15
Ne22	20479.7	3.0512	97406.3	9043.74	8487.15
Cl37	34424.8	0.0682458	81036.1	1344.4	1344.27
neutron	939.565	2.72397	75979.4	0	0
S34	31632.7	0.158051	75979.4	0	0
Cl35	32564.6	0.086746	99330.4	9733.49	9733.39
Cl35	32564.6	0.105536	96960.1	8737.38	8737.21
neutron	939.565	112.894	92498.1	6812.9	6516.6
proton	938.272	70.079	92498.1	6812.9	6516.6
proton	938.272	12.241	92498.1	6812.9	6516.6
neutron	939.565	3.06578	92498.1	6812.9	6516.6
neutron	939.565	1.99562	92498.1	6812.9	6516.6
alpha	3727.38	3.84397	92498.1	6812.9	6516.6
deuteron	1875.61	2.8728	92498.1	6812.9	6516.6
alpha	3727.38	8.05317	92498.1	6812.9	6516.6
Be8	7454.85	9.35309	92498.1	6812.9	6516.6
Na23	21409.2	0.383128	89043	5142.34	5141.95
Na23	21409.2	0.105733	77947.4	975.17	974.937
Na23	21409.2	0.203285	94746.2	7576.34	7575.66
Cl35	32564.6	0.0868642	88768.4	5162.67	5162.35
neutron	939.565	19.3802	77410.6	0	0
neutron	939.565	7.11574	77410.6	0	0
proton	938.272	4.16614	77410.6	0	0
neutron	939.565	2.14713	77410.6	0	0
neutron	939.565	0.349333	77410.6	0	0
deuteron	1875.61	1.94505	77410.6	0	0
Si30	27913.2	3.18295	77410.6	0	0
Cl37	34424.8	0.559083	95839.9	8289.77	8288.21
neutron	939.565	10.7524	75124.7	0	0
proton	938.272	6.23888	75124.7	0	0
neutron	939.565	1.81761	75124.7	0	0
deuteron	1875.61	4.35427	75124.7	0	0
Si30	27913.2	0.984853	75124.7	0	0
Cl35	32564.6	0.240927	79435	1708.9	1708.5
S37	34430.2	0.135431	74782	0	0
Ne23	21414.1	0.198183	75674.1	0	0
Cl35	32564.6	0.234928	83633.7	3036.73	3036.42
Cl35	32564.6	0.211898	83600.3	3026.53	3026.3
neutron	939.565	9.78713	76584.2	0	0
neutron	939.565	5.20269	76584.2	0	0
S35	32565.3	0.189574	76584.2	0	0
neutron	939.565	1.30124	77535.5	0	0
S34	31632.7	0.0994733	77535.5	0	0
Cl35	32564.6	0.125847	95862.7	8371.37	8371.22
neutron	939.565	0.501975	75134.3	0	0
S34	31632.7	0.157705	75134.3	0	0
neutron	939.565	0.792616	77290.8	0	0
S34	31632.7	0.193805	77290.8	0	0
Na23	21409.2	0.139208	91539.3	5857.8	5857.66
neutron	939.565	6.38548	77685.2	0	0
neutron	939.565	6.08477	77685.2	0	0
neutron	939.565	2.14267	77685.2	0	0
neutron	939.565	1.77851	77685.2	0	0
S33	30704.6	0.443576	77685.2	0	0
Ne23	21414.1	0.221587	77573.1	0	0
Cl37	34424.8	0.0940163	98080.7	9056.28	9056.01
neutron	939.565	21.3667	76956.8	0	0
proton	938.272	7.72072	76956.8	0	0
proton	938.272	6.89873	76956.8	0	0
neutron	939.565	5.76443	76956.8	0	0
neutron	939.565	3.26905	76956.8	0	0
Si30	27913.2	1.6997	76956.8	0	0
neutron	939.565	5.61608	74856.4	0	0
neutron	939.565	0.852631	74856.4	0	0
S35	32565.3	0.470447	74856.4	0	0
Na23	21409.2	0.238226	83451.7	2820.89	2820.5
Cl35	32564.6	0.392863	89853.5	5693.69	5693.28
Na23	21409.2	0.165838	84674.8	3242.73	3242.33
Na23	21409.2	0.105547	81644.3	2052.21	2052.07
neutron	939.565	1.60619	76291.9	0	0
S36	33495	0.289796	76291.9	0	0
Cl35	32564.6	0.113017	85779.1	3705.95	3705.82
Ne23	21414.1	0.215427	75464.1	0	0
neutron	939.565	1.47977	75910.7	0	0
deuteron	1875.61	3.59755	75910.7	0	0
F20	18625.3	0.443509	75910.7	0	0
Cl37	34424.8	0.117215	98687.4	9504.07	9503.92
neutron	939.565	0.394666	74692.8	0	0
S34	31632.7	0.116797	74692.8	0	0
proton	938.272	10.411	79496.6	0	0
neutron	939.565	9.52024	79496.6	0	0
proton	938.272	7.88813	79496.6	0	0
neutron	939.565	2.37803	79496.6	0	0
neutron	939.565	2.03586	79496.6	0	0
Si30	27913.2	0.793129	79496.6	0	0
Na23	21409.2	0.289004	87799.2	4480.37	4479.86
Na23	21409.2	0.212525	86390.9	3160.82	3160.46
Cl35	32564.6	0.0677342	98742.1	9069.9	9069.42
Na23	21409.2	0.324183	78272	197.539	197.193
S35	32565.3	0.160347	75166.9	0	0
Cl35	32564.6	0.077087	95428.7	8209.11	8208.98
neutron	939.565	0.0585196	76801	0	0
S34	31632.7	0.14031	76801	0	0
Cl35	32564.6	0.106641	83561.9	1911.2	1910.84
neutron	939.565	4.95952	75681	0	0
neutron	939.565	3.46861	75681	0	0
neutron	939.565	2.17738	75681	0	0
Ne20	18617.7	0.219556	75681	0	0
Cl35	32564.6	0.124588	95059.7	7999.85	7998.86
Cl35	32564.6	0.0670814	94315.3	7690.91	7690.73
Ne23	21414.1	0.227415	74695.8	0	0
neutron	939.565	0.358035	80194.7	0	0
Ne22	20479.7	0.286921	80194.7	0	0
S35	32565.3	0.159586	76090.3	0	0
Cl37	34424.8	0.119663	89512.5	5823.94	5823.69
neutron	939.565	1.00428	75365.6	0	0
S34	31632.7	0.0915443	75365.6	0	0
S35	32565.3	0.14587	77239.5	0	0
Cl37	34424.8	0.0700561	94004.3	6641.5	6641.37
neutron	939.565	30.0973	75565.3	0	0
neutron	939.565	4.4009	75565.3	0	0
neutron	939.565	2.21148	75565.3	0	0
S32	29773.6	0.79204	75565.3	0	0
Cl35	32564.6	0.15955	93370.7	6336.94	6336.6
Cl37	34424.8	0.228965	86576.3	4433.06	4432.64
Cl35	32564.6	0.0809358	82568.9	2663.57	2663.42
neutron	939.565	2.61524	75656.7	0	0
neutron	939.565	2.61283	75656.7	0	0
neutron	939.565	2.33041	75656.7	0	0
Ne20	18617.7	0.749561	75656.7	0	0
Na23	21409.2	0.108945	91869.9	6675.07	6674.88
S35	32565.3	0.161207	77491.1	0	0
Na23	21409.2	0.11196	82165.7	1833.55	1833.24
Ne23	21414.1	0.224253	75107.9	0	0
Na23	21409.2	0.460886	88930.8	5591.37	5590.73
Na23	21409.2	0.225092	80365.3	2135.11	2134.8
Na23	21409.2	0.138111	90745.1	5738.87	5738.69
neutron	939.565	26.1654	76238	0	0
proton	938.272	5.20043	76238	0	0
neutron	939.565	1.00448	76238	0	0
F20	18625.3	2.70554	76238	0	0
Na23	21409.2	0.275629	90811.2	6345.48	6345.02
Na23	21409.2	0.197022	84123.4	3651.12	3650.89
neutron	939.565	0.0439111	74496.5	0	0
S34	31632.7	0.146938	74496.5	0	0
Cl35	32564.6	0.135545	79060.7	1147.91	1147.45
proton	938.272	24.1713	75053.6	0	0
neutron	939.565	9.41262	75053.6	0	0
F21	19556.7	0.332069	75053.6	0	0
neutron	939.565	0.0201052	75043.8	0	0
Ne22	20479.7	0.224648	75043.8	0	0
Cl35	32564.6	0.418674	88167.7	5451.58	5451.12
Cl35	32564.6	0.106925	82245	3232.29	3232.14
Na23	21409.2	0.11326	76926.9	822.904	822.443
Ne23	21414.1	0.228579	74785.9	0	0
neutron	939.565	38.5067	77119.8	0	0
proton	938.272	8.73853	77119.8	0	0
F21	19556.7	2.5317	77119.8	0	0
neutron	939.565	17.8908	74956.3	0	0
neutron	939.565	5.98826	74956.3	0	0
neutron	939.565	5.90913	74956.3	0	0
Ne20	18617.7	1.77606	74956.3	0	0
Na23	21409.2	0.254547	82783.4	2702.54	2702.27
neutron	939.565	4.43622	75912.1	0	0
neutron	939.565	0.304672	75912.1	0	0
neutron	939.565	0.102636	75912.1	0	0
Ne20	18617.7	0.14134	75912.1	0	0
Na23	21409.2	0.12237	79526.3	1248.34	1247.87
Cl35	32564.6	0.110886	78356.6	809.344	809.099
Cl37	34424.8	0.0818361	78150.6	741.224	741.031
Cl37	34424.8	0.502383	89756.6	5696.95	5696.28
neutron	939.565	19.4835	74906.5	0	0
neutron	939.565	6.2727	74906.5	0	0
neutron	939.565	1.51484	74906.5	0	0
S32	29773.6	1.61165	74906.5	0	0
Cl35	32564.6	1.16089	77460.4	95.6028	94.2893
Ne23	21414.1	0.220709	77494.4	0	0
neutron	939.565	0.160743	76179.1	0	0
S34	31632.7	0.106582	76179.1	0	0
Cl35	32564.6	0.0827296	79669	1465.21	1465.01
Cl35	32564.6	0.121882	76262.8	218.416	218.132
neutron	939.565	3.63443	75771.1	0	0
neutron	939.565	2.93271	75771.1	0	0
neutron	939.565	1.65569	75771.1	0	0
Ne20	18617.7	0.299386	75771.1	0	0
Cl37	34424.8	0.103218	84353.9	2187.52	2187.29
Na23	21409.2	0.114605	83424.8	2906.1	2905.94
neutron	939.565	28.1335	76046.7	0	0
neutron	939.565	11.6896	76046.7	0	0
neutron	939.565	1.67916	76046.7	0	0
S34	31632.7	0.558096	76046.7	0	0
neutron	939.565	1.15747	78513	0	0
Ne22	20479.7	0.0690197	78513	0	0
Na23	21409.2	0.118551	79859.5	1937.77	1937.54
neutron	939.565	3.36987	74697.5	0	0
neutron	939.565	2.20155	74697.5	0	0
neutron	939.565	1.23763	74697.5	0	0
alpha	3727.38	9.12757	74697.5	0	0
Si30	27913.2	2.41406	74697.5	0	0
Na23	21409.2	0.112325	83375.8	2440.57	2440.31
neutron	939.565	1.76642	77183.6	0	0
S34	31632.7	0.177523	77183.6	0	0
Cl35	32564.6	0.101774	89036.6	5660.52	5660.41
Cl35	32564.6	0.567075	83084.5	3355.7	3354.97
neutron	939.565	6.44196	74617.4	0	0
neutron	939.565	1.70492	74617.4	0	0
S33	30704.6	0.575927	74617.4	0	0
Na23	21409.2	0.149719	91433.4	6431.08	6430.91
Cl35	32564.6	0.0876448	76024.8	325.685	325.538
Ne23	21414.1	0.224652	75257.9	0	0
Cl37	34424.8	0.120362	87992.5	4932.54	4932.42
Cl37	34424.8	0.085288	86048.8	4042.55	4042.39
S35	32565.3	0.152376	75555.4	0	0
neutron	939.565	13.2458	77281.7	0	0
neutron	939.565	9.94977	77281.7	0	0
S33	30704.6	0.105661	77281.7	0	0
Cl35	32564.6	0.112846	79760.3	982.037	981.727
proton	938.272	6.41214	77157	0	0
neutron	939.565	2.62719	77157	0	0
P33	30705.3	0.821575	77157	0	0
Cl35	32564.6	0.471982	98644	9467.79	9467.25
neutron	939.565	8.3261	75072.7	0	0
neutron	939.565	7.12276	75072.7	0	0
proton	938.272	5.27715	75072.7	0	0
P32	29775.8	0.912297	75072.7	0	0
Na23	21409.2	0.140028	85254.1	3171.62	3171.41
Na23	21409.2	0.116779	82369.1	2953.65	2952.74
Na23	21409.2	0.134692	76276.8	580.566	580.378
neutron	939.565	5.81653	74741.8	0	0
neutron	939.565	3.06366	74741.8	0	0
Ne21	19550.5	0.744097	74741.8	0	0
Cl35	32564.6	0.0957639	89502.5	4633.02	4632.64
Cl37	34424.8	0.0719784	99425.5	9791.98	9791.87
Cl35	32564.6	0.230026	78124.4	604.379	604.055
neutron	939.565	0.257029	76658.9	0	0
S34	31632.7	0.188663	76658.9	0	0
Na23	21409.2	0.194276	92211.2	6774.23	6773.89
Cl35	32564.6	0.0849396	89346.9	5255.49	5255.29
neutron	939.565	8.64268	77815.2	0	0
neutron	939.565	0.246213	77815.2	0	0
S33	30704.6	0.133148	77815.2	0	0
Cl35	32564.6	0.108738	77941.1	235.774	235.606
neutron	939.565	0.299296	77409.7	0	0
S34	31632.7	0.187294	77409.7	0	0
Cl35	32564.6	0.593477	96997.7	8835.55	8834.93
proton	938.272	9.18711	76277.6	0	0
neutron	939.565	3.63793	76277.6	0	0
P33	30705.3	0.116622	76277.6	0	0
Cl37	34424.8	0.095164	98922.3	9546.8	9546.65
Cl35	32564.6	0.119141	78441.8	1172.19	1171.54
neutron	939.565	1.10782	75424.7	0	0
Ne22	20479.7	0.173693	75424.7	0	0
Cl35	32564.6	0.107634	87654.9	4712.29	4712.17
Cl37	34424.8	0.0890458	79294	860.526	860.101
neutron	939.565	1.44893	76964.4	0	0
Ne22	20479.7	0.24737	76964.4	0	0
Cl35	32564.6	0.0774347	88691.4	5010.2	5009.81
Ne23	21414.1	0.233877	77615.2	0	0
neutron	939.565	0.130475	76252.6	0	0
S34	31632.7	0.112248	76252.6	0	0
Cl35	32564.6	0.0695217	86705.7	837.712	837.541
Ne23	21414.1	0.221796	84616.2	0	0
neutron	939.565	2.09231	74625.5	0	0
Ne22	20479.7	0.0407776	74625.5	0	0
Ne23	21414.1	0.216475	77025	0	0
Na23	21409.2	0.241083	92667.2	6039.36	6037.59
Cl35	32564.6	0.0712359	87782.2	4119.29	4118.21
neutron	939.565	1.72871	76803.6	0	0
Ne22	20479.7	0.217689	76803.6	0	0
proton	938.272	10.6235	76679.3	0	0
neutron	939.565	9.95889	76679.3	0	0
proton	938.272	6.5476	76679.3	0	0
neutron	939.565	0.875857	76679.3	0	0
Si33	30711.6	1.22633	76679.3	0	0
Cl35	32564.6	0.0910068	79802.5	1184.54	1184.09
Cl35	32564.6	0.187977	85502.3	3510.74	3510.49
S37	34430.2	0.139672	76306	0	0
neutron	939.565	1.48162	74084.7	0	0
S36	33495	0.0863721	74084.7	0	0
Na23	21409.2	0.317482	97507.5	8955.5	8955.09
Cl35	32564.6	0.116509	84250.5	3238.18	3237.39
Cl35	32564.6	0.154561	82435.5	2585.1	2584.81
neutron	939.565	1.99462	75779.7	0	0
S34	31632.7	0.243664	75779.7	0	0
neutron	939.565	31.2679	74916.1	0	0
neutron	939.565	10.3704	74916.1	0	0
neutron	939.565	5.08641	74916.1	0	0
proton	938.272	2.48446	74916.1	0	0
P31	28844.2	3.39601	74916.1	0	0
Na23	21409.2	0.185776	87634.3	4691.04	4690.45
neutron	939.565	2.78817	76421.7	0	0
neutron	939.565	1.37864	76421.7	0	0
neutron	939.565	0.402672	76421.7	0	0
Ne20	18617.7	0.0320971	76421.7	0	0
neutron	939.565	12.4403	78705.2	0	0
neutron	939.565	2.94833	78705.2	0	0
neutron	939.565	1.69712	78705.2	0	0
S32	29773.6	0.783796	78705.2	0	0
Cl37	34424.8	0.131373	90448.5	5731.36	5730.88
Cl35	32564.6	0.0938307	83050.8	2449.41	2449.04
neutron	939.565	29.0733	76479.7	0	0
neutron	939.565	9.78064	76479.7	0	0
neutron	939.565	2.76417	76479.7	0	0
alpha	3727.38	7.57253	76479.7	0	0
Si28	26053.2	4.55361	76479.7	0	0
Ne23	21414.1	0.231401	78056.3	0	0
Na23	21409.2	0.420038	83660.4	3444.59	3444.09
neutron	939.565	5.59069	75281.5	0	0
alpha	3727.38	7.32247	75281.5	0	0
Si30	27913.2	1.20301	75281.5	0	0
Na23	21409.2	0.379923	98573.8	9481.94	9481.54
Na23	21409.2	0.119025	88504	4687.94	4687.43
Na23	21409.2	0.111202	86051.1	3733.04	3732.9
Cl35	32564.6	0.154487	85447	3514.92	3514.38
neutron	939.565	0.0305201	76632.2	0	0
S34	31632.7	0.149485	76632.2	0	0
neutron	939.565	13.3068	76421.9	0	0
neutron	939.565	6.58879	76421.9	0	0
neutron	939.565	4.2592	76421.9	0	0
Ne20	18617.7	1.52854	76421.9	0	0
neutron	939.565	0.529089	76796.8	0	0
S34	31632.7	0.182011	76796.8	0	0
Ne23	21414.1	0.222289	76225.3	0	0
Ne23	21414.1	0.203091	75799.7	0	0
Na23	21409.2	0.734383	98168.4	9262.05	9261.23
Na23	21409.2	0.109417	88531.8	4849.77	4849.63
neutron	939.565	0.696888	75993.1	0	0
S34	31632.7	0.1085	75993.1	0	0
Ne23	21414.1	0.214463	76330.3	0	0
Cl35	32564.6	0.133904	79673.7	1018.56	1018.42
neutron	939.565	3.89285	76851.4	0	0
alpha	3727.38	7.44193	76851.4	0	0
O18	16762	0.883831	76851.4	0	0
Cl37	34424.8	0.513491	87285.9	4599.55	4598.83
Cl35	32564.6	0.189444	90984.3	5378.15	5377.88
neutron	939.565	36.5668	77183.7	0	0
neutron	939.565	14.1201	77183.7	0	0
neutron	939.565	2.23031	77183.7	0	0
Ne20	18617.7	0.603203	77183.7	0	0
Na23	21409.2	1.28651	98100.2	9282.89	9281.38
Cl35	32564.6	0.102316	92851.2	6583.52	6583.2
Ne23	21414.1	0.198478	75930.8	0	0
Cl35	32564.6	0.0799761	82293.9	3253.35	3253.24
neutron	939.565	1.22855	73866	0	0
S36	33495	0.157262	73866	0	0
Na23	21409.2	0.295914	94716.5	7773.51	7773.14
Cl37	34424.8	0.121225	94274.2	7606.17	7605.85
Cl35	32564.6	0.0677983	92201.8	6813.56	6813.29
Cl35	32564.6	0.156282	87319.3	4007.07	4006.34
neutron	939.565	1.40341	77157	0	0
S34	31632.7	0.0793999	77157	0	0
Cl35	32564.6	0.0667643	99566.5	9849.77	9849.11
neutron	939.565	10.208	78196.3	0	0
neutron	939.565	4.03777	78196.3	0	0
neutron	939.565	1.64292	78196.3	0	0
Ne20	18617.7	0.793685	78196.3	0	0
Na23	21409.2	0.144676	77217	1007.22	1006.89
Cl35	32564.6	0.0735076	76801.6	843.814	843.626
Cl35	32564.6	0.161625	90514.5	5791.86	5791.65
Cl35	32564.6	0.545534	83335.2	2812.91	2812.26
Cl37	34424.8	0.0913456	99078.1	9307.7	9307.53
neutron	939.565	37.9576	79705.4	0	0
neutron	939.565	3.00353	79705.4	0	0
neutron	939.565	0.580481	79705.4	0	0
Ne20	18617.7	1.48006	79705.4	0	0
Cl37	34424.8	0.0704106	94126.1	7539.73	7539.64
Na23	21409.2	0.110937	94075.8	7523.02	7522.84
neutron	939.565	0.794708	74590.5	0	0
S34	31632.7	0.0861705	74590.5	0	0
Cl35	32564.6	0.112345	96126.1	8067.2	8067.06
proton	938.272	4.79105	77235.6	0	0
neutron	939.565	1.34325	77235.6	0	0
neutron	939.565	0.0802068	77235.6	0	0
P32	29775.8	0.0801783	77235.6	0	0
Cl35	32564.6	0.104253	99575.8	9830.86	9830.54
Cl35	32564.6	0.0949416	83575.5	2350.54	2350.41
Cl35	32564.6	0.127032	83724.3	1326.2	1326
Na23	21409.2	0.14786	93372.4	6360.86	6360.68
Cl35	32564.6	0.154581	86989.5	3787.69	3787.1
neutron	939.565	7.81486	77469.2	0	0
neutron	939.565	7.73547	77469.2	0	0
neutron	939.565	3.55312	77469.2	0	0
Ne20	18617.7	0.958879	77469.2	0	0
neutron	939.565	0.732756	76597.2	0	0
Ne22	20479.7	0.330933	76597.2	0	0
Cl37	34424.8	0.0645525	93104.2	5131.35	5130.91
Ne23	21414.1	0.210327	80193.1	0	0
Cl35	32564.6	0.109766	86612.5	4508.92	4508.51
Cl37	34424.8	0.466324	77490.1	880.989	880.466
neutron	939.565	8.53927	75325.6	0	0
proton	938.272	6.96734	75325.6	0	0
neutron	939.565	3.49917	75325.6	0	0
neutron	939.565	1.46815	75325.6	0	0
F19	17692.3	0.824334	75325.6	0	0
proton	938.272	11.0018	78129.4	0	0
neutron	939.565	0.642652	78129.4	0	0
P33	30705.3	0.427381	78129.4	0	0
neutron	939.565	19.1087	78483.2	0	0
neutron	939.565	7.31599	78483.2	0	0
proton	938.272	3.54216	78483.2	0	0
neutron	939.565	1.8329	78483.2	0	0
neutron	939.565	0.963788	78483.2	0	0
P30	27917	0.504364	78483.2	0	0
Na23	21409.2	0.329155	80512	1057.31	1056.97
S35	32565.3	0.15851	77743.8	0	0
neutron	939.565	3.77478	75284.2	0	0
neutron	939.565	3.07933	75284.2	0	0
S33	30704.6	0.0945482	75284.2	0	0
Cl35	32564.6	0.076442	98428.4	9377.48	9377.21
Cl37	34424.8	0.0867537	92433.3	6964.62	6964.48
Cl37	34424.8	0.0951146	89013	5650.68	5650.46
Na23	21409.2	0.297768	78533.5	1542.38	1541.87
Na23	21409.2	0.147743	83601.3	2799.95	2799.77
neutron	939.565	0.404605	76365	0	0
S36	33495	0.146655	76365	0	0
Cl37	34424.8	0.0780515	79548.9	1792.92	1792.77
Na23	21409.2	0.373296	88384.2	4881.24	4880.59
neutron	939.565	0.966774	76190.3	0	0
Ne22	20479.7	0.151635	76190.3	0	0
Na23	21409.2	0.265218	98370.3	9218.86	9218.55
Cl37	34424.8	0.104902	96024.6	8239.79	8239.67
Na23	21409.2	0.353609	86151.5	4035.6	4035.17
S35	32565.3	0.139128	75754.8	0	0
neutron	939.565	7.69774	76165.5	0	0
neutron	939.565	5.76869	76165.5	0	0
neutron	939.565	3.55819	76165.5	0	0
alpha	3727.38	4.61848	76165.5	0	0
alpha	3727.38	4.27937	76165.5	0	0
C12	11174.9	6.09354	76165.5	0	0
Na23	21409.2	0.114631	78669.1	1075.73	1075.28
Cl37	34424.8	0.100104	88659.9	5018.95	5018.82
neutron	939.565	0.236742	75920.4	0	0
Ne22	20479.7	0.166645	75920.4	0	0
Cl35	32564.6	0.267778	87083.9	3261.3	3261.03
Cl35	32564.6	0.0670861	88755.9	4147.8	4147.68
Cl37	34424.8	0.13526	88488	4051.06	4050.77
Cl35	32564.6	0.150179	82647.3	1628.3	1628.14
Ne23	21414.1	0.217571	78466.8	0	0
Cl35	32564.6	0.0693779	99651.2	9861.56	9861.32
neutron	939.565	0.193201	75096.7	0	0
S34	31632.7	0.194855	75096.7	0	0
Cl35	32564.6	0.182178	82910.2	2481.53	2481.31
neutron	939.565	0.357714	76737.7	0	0
Ne22	20479.7	0.337661	76737.7	0	0
Ne23	21414.1	0.228532	75627.1	0	0
Na23	21409.2	0.426232	78955.7	359.175	358.62
neutron	939.565	0.860219	78126.4	0	0
Ne22	20479.7	0.439047	78126.4	0	0
Cl37	34424.8	0.0645487	97145.7	8529.2	8528.6
Cl35	32564.6	0.110538	85093.5	3172.64	3172.31
Cl35	32564.6	0.0857909	94812	7873.34	7873.13
Cl35	32564.6	0.101776	82745.8	3015.99	3015.82
Ne23	21414.1	0.218953	74843.2	0	0
proton	938.272	7.00212	77832.5	0	0
proton	938.272	4.69211	77832.5	0	0
neutron	939.565	2.03054	77832.5	0	0
Si32	29776.6	0.971494	77832.5	0	0
Cl35	32564.6	0.0725301	96193.5	8449.42	8449.31
Ne23	21414.1	0.225249	76046.3	0	0
Cl35	32564.6	0.19701	79421.7	1511.69	1511.2
Cl37	34424.8	0.0790562	78416.2	1152.65	1152.5
Ne23	21414.1	0.227061	75636.8	0	0
Cl37	34424.8	0.119522	88373.9	5385.54	5384.8
neutron	939.565	2.02691	76638.5	0	0
Ne22	20479.7	0.0817451	76638.5	0	0
Cl37	34424.8	0.0882585	97633.7	9039.95	9039.78
proton	938.272	2.53125	80023.8	0	0
neutron	939.565	2.38995	80023.8	0	0
neutron	939.565	1.74181	80023.8	0	0
neutron	939.565	1.25424	80023.8	0	0
P31	28844.2	0.472744	80023.8	0	0
neutron	939.565	1.55555	76247.8	0	0
Ne22	20479.7	0.0782387	76247.8	0	0
Ne23	21414.1	0.228756	78478.9	0	0
Na23	21409.2	0.109978	87454.7	4710.53	4710.25
Cl35	32564.6	0.0745791	97751.1	9080.94	9080.82
Na23	21409.2	0.465064	91382.1	6618.9	6618.24
proton	938.272	11.3293	88298.2	5204.62	4937.28
neutron	939.565	4.84042	88298.2	5204.62	4937.28
neutron	939.565	3.61257	88298.2	5204.62	4937.28
neutron	939.565	1.28142	88298.2	5204.62	4937.28
S33	30704.6	0.364769	88298.2	5204.62	4937.28
Ne23	21414.1	0.232213	75892	0	0
Cl37	34424.8	0.0827948	89645.5	5842.94	5842.77
neutron	939.565	1.14127	75674.4	0	0
Ne22	20479.7	0.412244	75674.4	0	0
Na23	21409.2	0.24569	88967.4	5620.51	5620.21
Na23	21409.2	0.354784	85878.2	4356.33	4355.35
Na23	21409.2	0.121003	78773	1449.61	1449.45
neutron	939.565	0.266238	74885.9	0	0
S34	31632.7	0.188316	74885.9	0	0
Cl35	32564.6	0.123199	91495.3	6478.53	6478.28
Cl35	32564.6	0.222939	84410.6	2523.9	2523.46
neutron	939.565	26.6493	77973.4	0	0
neutron	939.565	7.52904	77973.4	0	0
neutron	939.565	4.65311	77973.4	0	0
Ne20	18617.7	1.01317	77973.4	0	0
Cl35	32564.6	0.263994	90779.8	6350.69	6350.19
neutron	939.565	14.8102	75556.7	0	0
proton	938.272	11.3362	75556.7	0	0
neutron	939.565	1.62676	75556.7	0	0
neutron	939.565	0.807743	75556.7	0	0
P33	30705.3	0.311393	75556.7	0	0
Ne23	21414.1	0.227512	74299.3	0	0
Cl35	32564.6	0.104418	93635.7	7064.98	7064.78
neutron	939.565	2.66098	77140	0	0
Ne22	20479.7	0.0321567	77140	0	0
Na23	21409.2	0.266636	77569.7	482.425	481.841
S37	34430.2	0.138251	76304.7	0	0
Cl37	34424.8	0.07463	76462.2	330.919	330.842
Cl35	32564.6	0.109828	88523	4538.02	4537.89
neutron	939.565	4.31006	77405.1	0	0
deuteron	1875.61	9.78439	77405.1	0	0
F20	18625.3	0.550148	77405.1	0	0
Cl35	32564.6	0.0793468	84793.3	3778.08	3777.97
Cl35	32564.6	0.0733782	81521.2	2335.42	2335.28
Cl37	34424.8	0.14354	92473.1	6728.91	6728.39
neutron	939.565	0.54006	75494.5	0	0
S34	31632.7	0.108287	75494.5	0	0
Na23	21409.2	0.105023	93442.3	7305.45	7305.23
Cl35	32564.6	0.0796926	80472	1565.41	1564.92
Cl37	34424.8	0.132775	82450.2	2603.42	2602.88
Ne23	21414.1	0.226295	77288.3	0	0
Cl35	32564.6	0.0876169	93291.9	6345.23	6345.06
Na23	21409.2	0.181444	88229.9	4043.23	4042.93
S35	32565.3	0.159815	74646.8	0	0
neutron	939.565	37.0361	78336.1	0	0
neutron	939.565	4.70931	78336.1	0	0
neutron	939.565	1.34928	78336.1	0	0
Ne20	18617.7	0.757236	78336.1	0	0
Na23	21409.2	0.291149	96296	8433.45	8433.07
Cl35	32564.6	0.076171	91636	6182.28	6182.08
Na23	21409.2	0.173037	80189.8	1483.84	1483.38
Ne23	21414.1	0.226025	76495	0	0
Na23	21409.2	0.337129	88368.5	4489.75	4489.39
Cl37	34424.8	0.0854552	81948.8	1432.48	1431.38
neutron	939.565	4.53795	77915	0	0
Ne22	20479.7	0.552826	77915	0	0
neutron	939.565	1.4436	77078.5	0	0
Ne22	20479.7	0.372221	77078.5	0	0
Na23	21409.2	0.226057	86695	4707.58	4707.03
Ne23	21414.1	0.225871	76156.4	0	0
Na23	21409.2	0.123717	94562.9	7584.97	7583.83
Na23	21409.2	0.111262	98957.1	9607.38	9606.8
Cl37	34424.8	0.160447	85177.6	3607.62	3607.38
Na23	21409.2	0.134121	84631.4	3317.51	3317.15
Na23	21409.2	0.177902	95476.8	6675.22	6674.14
Cl37	34424.8	0.0777302	85506.7	2412.28	2412.1
Cl35	32564.6	0.135499	81582.2	844.912	844.674
Ne23	21414.1	0.222956	79324.8	0	0
Cl35	32564.6	0.0746215	90019.2	6029.6	6029.47
neutron	939.565	3.89274	75110.4	0	0
neutron	939.565	1.07583	75110.4	0	0
S33	30704.6	0.333418	75110.4	0	0
Cl37	34424.8	0.0902674	79246.7	1716.94	1716.84
neutron	939.565	9.73474	74592.6	0	0
neutron	939.565	1.42623	74592.6	0	0
neutron	939.565	1.36016	74592.6	0	0
S32	29773.6	0.163014	74592.6	0	0
Na23	21409.2	1.11014	97656.6	9063.77	9062.64
Cl35	32564.6	0.170674	76594.4	499.588	499.298
Cl35	32564.6	0.223794	83410.1	2727.15	2726.93
S35	32565.3	0.14789	76299.2	0	0
neutron	939.565	0.172373	75471.4	0	0
Ne22	20479.7	0.262029	75471.4	0	0
Na23	21409.2	0.285284	91821.6	4878.27	4877.73
Na23	21409.2	1.80395	84837.3	2118.04	2116.19
proton	938.272	6.08481	83921.1	0	0
neutron	939.565	1.54861	83921.1	0	0
P33	30705.3	0.239434	83921.1	0	0
Cl35	32564.6	0.0687098	98258	9180.93	9180.79
neutron	939.565	1.32376	76100.1	0	0
S36	33495	0.162277	76100.1	0	0
Ne23	21414.1	0.224688	75939.2	0	0
neutron	939.565	7.95719	75371	0	0
proton	938.272	6.63701	75371	0	0
proton	938.272	2.76954	75371	0	0
neutron	939.565	1.54145	75371	0	0
deuteron	1875.61	8.91917	75371	0	0
Al29	26988.5	0.290101	75371	0	0
Cl35	32564.6	0.127133	81396.8	2120.72	2120.51
Na23	21409.2	0.132337	93695.6	7217.33	7216.96
proton	938.272	19.5856	76091.2	0	0
proton	938.272	8.21571	76091.2	0	0
neutron	939.565	1.67547	76091.2	0	0
neutron	939.565	1.2246	76091.2	0	0
neutron	939.565	1.19086	76091.2	0	0
neutron	939.565	0.828834	76091.2	0	0
O17	15830.5	1.90297	76091.2	0	0
Na23	21409.2	1.35185	95579.9	8172.56	8170.51
Na23	21409.2	0.101495	87920.8	4909.14	4908.99
S37	34430.2	0.131033	76978.5	0	0
Na23	21409.2	0.131397	80541.9	1951.22	1950.79
S35	32565.3	0.149866	75619.8	0	0
neutron	939.565	12.4534	75908.2	0	0
neutron	939.565	5.42985	75908.2	0	0
neutron	939.565	1.64511	75908.2	0	0
alpha	3727.38	3.61573	75908.2	0	0
O16	14895.1	1.9968	75908.2	0	0
proton	938.272	9.68497	79665.1	0	0
neutron	939.565	0.993432	79665.1	0	0
F21	19556.7	0.26925	79665.1	0	0
Na23	21409.2	0.14242	99925.5	9972.5	9972.21
neutron	939.565	6.55056	76479.8	0	0
proton	938.272	5.97708	76479.8	0	0
neutron	939.565	4.39913	76479.8	0	0
neutron	939.565	4.35857	76479.8	0	0
P31	28844.2	0.734639	76479.8	0	0
proton	938.272	9.55983	75373.7	0	0
neutron	939.565	8.78187	75373.7	0	0
neutron	939.565	3.12666	75373.7	0	0
neutron	939.565	1.78671	75373.7	0	0
triton	2808.92	2.82288	75373.7	0	0
O16	14895.1	0.549833	75373.7	0	0
Cl35	32564.6	0.0921735	92254.1	5934.74	5934.49
neutron	939.565	2.54107	77176.8	0	0
alpha	3727.38	5.4332	77176.8	0	0
O18	16762	1.12177	77176.8	0	0
Cl37	34424.8	0.120556	94257.4	7784.46	7783.73
Na23	21409.2	0.114259	75221.8	216.025	215.871
neutron	939.565	0.404972	77048.8	0	0
Ne22	20479.7	0.215816	77048.8	0	0
Cl37	34424.8	0.131681	82400.7	2275.54	2275.35
neutron	939.565	1.23121	76472.8	0	0
S36	33495	0.233647	76472.8	0	0
Ne23	21414.1	0.216995	75012.5	0	0
Cl35	32564.6	0.208441	87401.2	4393.03	4392.78
Cl35	32564.6	0.119655	91396.3	6120.9	6120.4
S35	32565.3	0.147836	76422.1	0	0
Cl35	32564.6	0.0756255	88805.8	4071.53	4071.31
neutron	939.565	4.3655	79107.7	0	0
neutron	939.565	3.35033	79107.7	0	0
neutron	939.565	0.959409	79107.7	0	0
S32	29773.6	0.0861372	79107.7	0	0
neutron	939.565	1.24414	77886.8	0	0
Ne22	20479.7	0.10344	77886.8	0	0
neutron	939.565	0.582345	76470.2	0	0
Ne22	20479.7	0.258888	76470.2	0	0
Cl35	32564.6	0.142086	92691.5	6980.31	6980.1
neutron	939.565	0.547978	74676.2	0	0
Ne22	20479.7	0.261906	74676.2	0	0
neutron	939.565	1.43917	76400.4	0	0
S34	31632.7	0.274146	76400.4	0	0
Cl35	32564.6	0.0824751	87929.5	4408.49	4408.31
Na23	21409.2	0.141136	90778.9	6151.65	6151.34
Na23	21409.2	1.0884	76265.4	337.872	336.755
neutron	939.565	3.16706	75496.6	0	0
neutron	939.565	0.883158	75496.6	0	0
Ne21	19550.5	0.588356	75496.6	0	0
Cl35	32564.6	0.0868393	91859.8	6441.94	6441.53
neutron	939.565	0.957465	76289	0	0
S34	31632.7	0.20981	76289	0	0
Cl35	32564.6	0.0950493	95735.1	8404.67	8404.55
Cl35	32564.6	0.071403	77040.2	423.246	423.059
neutron	939.565	14.0392	75946.6	0	0
neutron	939.565	11.5699	75946.6	0	0
neutron	939.565	4.30648	75946.6	0	0
S34	31632.7	0.338259	75946.6	0	0
proton	938.272	317.93	95061.2	7852.11	7294.37
neutron	939.565	181.55	95061.2	7852.11	7294.37
proton	938.272	17.4806	95061.2	7852.11	7294.37
neutron	939.565	0.666261	95061.2	7852.11	7294.37
F19	17692.3	1.11446	95061.2	7852.11	7294.37
proton	938.272	12.2417	76969.6	0	0
neutron	939.565	11.2612	76969.6	0	0
neutron	939.565	5.61198	76969.6	0	0
proton	938.272	5.45606	76969.6	0	0
neutron	939.565	3.39134	76969.6	0	0
neutron	939.565	2.92058	76969.6	0	0
Si29	26984.3	0.813919	76969.6	0	0
Na23	21409.2	0.114607	91217.2	6344.32	6344.06
neutron	939.565	7.42234	79059.7	0	0
proton	938.272	3.25547	79059.7	0	0
P33	30705.3	0.913899	79059.7	0	0
Cl35	32564.6	0.995721	97710.5	9110.76	9109.76
Na23	21409.2	0.117042	95945.9	8454.27	8454.09
Cl35	32564.6	0.0748176	80539	2092.72	2092.59
Ne23	21414.1	0.227937	75272.8	0	0
Cl35	32564.6	0.0829571	88150.3	5059.32	5059.17
Na23	21409.2	0.107551	84236.7	3520.13	3519.98
neutron	939.565	0.822397	76419.2	0	0
S34	31632.7	0.253795	76419.2	0	0
Cl35	32564.6	0.0808448	91916.1	6792.57	6792.42
Cl35	32564.6	0.130711	93662.1	7272.07	7271.91
neutron	939.565	7.26008	78998.6	0	0
neutron	939.565	4.04982	78998.6	0	0
neutron	939.565	2.80923	78998.6	0	0
alpha	3727.38	8.75701	78998.6	0	0
O16	14895.1	3.08797	78998.6	0	0
Na23	21409.2	0.267176	87103.4	4541.12	4540.75
Cl35	32564.6	0.0826416	87994.7	5199.11	5198.93
neutron	939.565	0.646551	74655	0	0
neutron	939.565	0.0823607	74655	0	0
S35	32565.3	0.20524	74655	0	0
Cl35	32564.6	0.338195	99311.6	9736.03	9735.68
Cl35	32564.6	0.0689187	83820.6	3337.68	3337.29
Na23	21409.2	0.274375	94833.2	7869.69	7869.24
neutron	939.565	8.23516	79071.8	0	0
neutron	939.565	2.08649	79071.8	0	0
neutron	939.565	0.466153	79071.8	0	0
alpha	3727.38	16.1029	79071.8	0	0
O16	14895.1	3.1347	79071.8	0	0
neutron	939.565	1.8826	76305.3	0	0
S34	31632.7	0.336965	76305.3	0	0
neutron	939.565	1.68569	75867.8	0	0
Ne22	20479.7	0.398218	75867.8	0	0
Cl37	34424.8	0.213233	99224.5	9712.37	9712.05
neutron	939.565	2.43663	74750.9	0	0
neutron	939.565	1.34815	74750.9	0	0
neutron	939.565	0.220734	74750.9	0	0
S32	29773.6	0.0323324	74750.9	0	0
Ne23	21414.1	0.196682	75636.7	0	0
Na23	21409.2	0.117388	89490	5195.46	5195.3
neutron	939.565	0.172491	78093.8	0	0
S34	31632.7	0.195862	78093.8	0	0
Cl37	34424.8	0.112526	91629.8	6647.06	6646.73
proton	938.272	2.74403	75177	0	0
neutron	939.565	1.08673	75177	0	0
neutron	939.565	0.360784	75177	0	0
P34	31638.6	0.328736	75177	0	0
neutron	939.565	1.24842	76261.1	0	0
S34	31632.7	0.228871	76261.1	0	0
Cl35	32564.6	0.0840256	90402.3	5797.57	5796.96
neutron	939.565	0.199558	76107.9	0	0
Ne22	20479.7	0.19068	76107.9	0	0
Na23	21409.2	0.227289	89445.2	5402.7	5402.27
Na23	21409.2	0.124908	88209.6	4892.77	4892.63
Ne23	21414.1	0.22339	76330.1	0	0
Cl35	32564.6	0.0753414	99970.1	9990.38	9990.19
Ne23	21414.1	0.221416	75503.1	0	0
neutron	939.565	1.3903	75877.8	0	0
Ne22	20479.7	0.12518	75877.8	0	0
neutron	939.565	10.2991	75656.8	0	0
neutron	939.565	3.62425	75656.8	0	0
neutron	939.565	3.04149	75656.8	0	0
S32	29773.6	0.6055	75656.8	0	0
Cl35	32564.6	0.13537	79312.9	1245.36	1245.2
Ne23	21414.1	0.215604	77289.2	0	0
Na23	21409.2	0.277415	99632.1	9807.63	9807.27
Na23	21409.2	0.281074	80074.1	1006.82	1006.37
Ne23	21414.1	0.197714	77405.3	0	0
neutron	939.565	8.89645	96175.8	8158.19	7634.77
neutron	939.565	8.07948	96175.8	8158.19	7634.77
proton	938.272	5.85576	96175.8	8158.19	7634.77
neutron	939.565	3.96185	96175.8	8158.19	7634.77
alpha	3727.38	7.33266	96175.8	8158.19	7634.77
N15	13968.9	1.89138	96175.8	8158.19	7634.77
Cl35	32564.6	0.0968565	87326.7	3854.57	3854.38
Na23	21409.2	0.418206	81610.5	2070.4	2069.74
neutron	939.565	0.145154	76168	0	0
S34	31632.7	0.122413	76168	0	0
neutron	939.565	0.731567	74326.3	0	0
S34	31632.7	0.189017	74326.3	0	0
Cl35	32564.6	0.432952	76431.1	569.578	568.952
Cl35	32564.6	0.134125	78199.5	483.913	483.746
Ne23	21414.1	0.229259	76916.7	0	0
Cl35	32564.6	0.100563	94489	7814.27	7814.14
neutron	939.565	7.36769	77591.5	0	0
proton	938.272	5.55315	77591.5	0	0
proton	938.272	3.91248	77591.5	0	0
neutron	939.565	3.16765	77591.5	0	0
neutron	939.565	2.31361	77591.5	0	0
neutron	939.565	1.53488	77591.5	0	0
Si29	26984.3	0.575147	77591.5	0	0
Na23	21409.2	0.131688	84699.4	3858.26	3858.03
Ne23	21414.1	0.209557	75757.2	0	0
Na23	21409.2	0.231483	83796.5	3205.51	3205.26
neutron	939.565	1.97912	75399.9	0	0
S34	31632.7	0.291666	75399.9	0	0
Na23	21409.2	0.145211	93849.4	7081.64	7081.33
neutron	939.565	2.37649	76369.6	0	0
neutron	939.565	1.4936	76369.6	0	0
neutron	939.565	0.97024	76369.6	0	0
S34	31632.7	0.300362	76369.6	0	0
Cl35	32564.6	0.123488	94240.4	7300.19	7299.32
neutron	939.565	1.06967	75474.4	0	0
S34	31632.7	0.236923	75474.4	0	0
Cl35	32564.6	0.0764175	78301.6	1166.97	1166.61
Ne23	21414.1	0.232586	75258.9	0	0
neutron	939.565	1.95211	77499.9	0	0
Ne22	20479.7	0.180516	77499.9	0	0
neutron	939.565	3.72704	74405.9	0	0
S34	31632.7	0.20755	74405.9	0	0
Na23	21409.2	0.420698	80269.3	1694.1	1693.48
neutron	939.565	12.2575	75705.3	0	0
proton	938.272	4.20961	75705.3	0	0
neutron	939.565	2.98627	75705.3	0	0
neutron	939.565	0.919682	75705.3	0	0
F19	17692.3	1.31957	75705.3	0	0
Cl37	34424.8	0.0653348	98746.6	9367.89	9367.75
Na23	21409.2	0.11777	87010.3	4088.78	4088.4
neutron	939.565	7.09619	76247.1	0	0
neutron	939.565	2.59986	76247.1	0	0
neutron	939.565	1.97048	76247.1	0	0
S34	31632.7	0.193121	76247.1	0	0
Ne23	21414.1	0.224338	76412.8	0	0
neutron	939.565	5.29279	75303.3	0	0
proton	938.272	3.44793	75303.3	0	0
neutron	939.565	2.8897	75303.3	0	0
neutron	939.565	0.862293	75303.3	0	0
P31	28844.2	0.318068	75303.3	0	0
Cl35	32564.6	0.160373	98839	9539.84	9539.51
neutron	939.565	0.310479	75274.7	0	0
Ne22	20479.7	0.282029	75274.7	0	0
neutron	939.565	104.801	87793.7	4954.16	4713.37
neutron	939.565	79.0472	87793.7	4954.16	4713.37
proton	938.272	7.87656	87793.7	4954.16	4713.37
alpha	3727.38	9.12556	87793.7	4954.16	4713.37
O16	14895.1	0.589562	87793.7	4954.16	4713.37
Cl35	32564.6	0.067453	83575.3	2831.98	2831.87
neutron	939.565	26.1294	76317.8	0	0
neutron	939.565	3.30783	76317.8	0	0
neutron	939.565	0.65638	76317.8	0	0
Ne20	18617.7	2.28961	76317.8	0	0
Ne23	21414.1	0.230493	76798	0	0
neutron	939.565	32.4441	76367.7	0	0
neutron	939.565	5.91747	76367.7	0	0
neutron	939.565	4.40316	76367.7	0	0
S34	31632.7	0.990911	76367.7	0	0
S35	32565.3	0.147928	75452.1	0	0
Na23	21409.2	1.74025	91652.7	6558.9	6557.14
Na23	21409.2	0.105787	91362.3	6425.56	6425.17
neutron	939.565	4.35011	74849.2	0	0
neutron	939.565	0.683606	74849.2	0	0
neutron	939.565	0.247433	74849.2	0	0
Ne20	18617.7	0.249336	74849.2	0	0
Na23	21409.2	0.105929	91491.5	6372.86	6372.68
Na23	21409.2	0.257656	80244.5	1944.25	1943.95
neutron	939.565	0.168363	74996.4	0	0
S34	31632.7	0.138898	74996.4	0	0
Na23	21409.2	0.109762	92356.9	6607.19	6606.97
Na23	21409.2	0.221063	76344.6	340.374	339.941
neutron	939.565	1.43687	75563.9	0	0
S34	31632.7	0.0754165	75563.9	0	0
Cl35	32564.6	0.115388	82524.1	1884.49	1884.25
neutron	939.565	1.20669	77380.2	0	0
S34	31632.7	0.0590573	77380.2	0	0
proton	938.272	6.23324	75733.8	0	0
neutron	939.565	4.62759	75733.8	0	0
proton	938.272	4.32535	75733.8	0	0
neutron	939.565	3.33042	75733.8	0	0
neutron	939.565	0.521127	75733.8	0	0
O18	16762	0.699669	75733.8	0	0
Cl35	32564.6	0.401382	91724	6093.36	6092.82
neutron	939.565	2.68411	76278.7	0	0
S34	31632.7	0.277999	76278.7	0	0
Na23	21409.2	0.146679	93967.7	7655.22	7654.87
neutron	939.565	12.9133	77914.1	0	0
neutron	939.565	5.1531	77914.1	0	0
neutron	939.565	3.38613	77914.1	0	0
Ne20	18617.7	2.18021	77914.1	0	0
Cl35	32564.6	0.0751781	99827.9	9931.11	9930.89
neutron	939.565	1.25621	75185.1	0	0
S34	31632.7	0.243017	75185.1	0	0
Cl35	32564.6	0.0976117	96883.3	8788.69	8788.58
Na23	21409.2	0.13399	78119.2	393.126	392.955
Cl35	32564.6	0.103845	85054.3	2234.3	2234.14
neutron	939.565	12.1149	76696.1	0	0
neutron	939.565	0.657364	76696.1	0	0
S35	32565.3	0.308377	76696.1	0	0
Na23	21409.2	0.780487	80911.2	1058.39	1057.21
neutron	939.565	1.14813	77999.4	0	0
S34	31632.7	0.243533	77999.4	0	0
neutron	939.565	15.7807	75421.4	0	0
proton	938.272	3.93925	75421.4	0	0
neutron	939.565	3.21236	75421.4	0	0
neutron	939.565	2.60653	75421.4	0	0
P31	28844.2	0.621241	75421.4	0	0
Na23	21409.2	0.261842	87935.6	4837.24	4836.84
neutron	939.565	0.224872	75583.7	0	0
S34	31632.7	0.212831	75583.7	0	0
Ne23	21414.1	0.228261	76253.5	0	0
Cl37	34424.8	0.0948227	77900	861.646	861.45
neutron	939.565	1.10808	75599.8	0	0
S34	31632.7	0.162038	75599.8	0	0
Ne23	21414.1	0.23102	77317	0	0
Cl35	32564.6	0.0718524	95288	8152.22	8152.07
Na23	21409.2	0.125287	86326.7	4149.69	4149.4
neutron	939.565	12.2229	77206	0	0
proton	938.272	7.64652	77206	0	0
neutron	939.565	0.607251	77206	0	0
P32	29775.8	0.460552	77206	0	0
Cl35	32564.6	0.263793	89414	3372.03	3371.76
neutron	939.565	0.572227	81032.7	0	0
Ne22	20479.7	0.108967	81032.7	0	0
Cl35	32564.6	0.154659	80905.6	1403.39	1402.86
neutron	939.565	0.809049	77621.9	0	0
Ne22	20479.7	0.251266	77621.9	0	0
Na23	21409.2	0.282552	91958	6594.54	6594.08
neutron	939.565	8.94998	75718.6	0	0
neutron	939.565	6.62447	75718.6	0	0
proton	938.272	5.11299	75718.6	0	0
neutron	939.565	2.05027	75718.6	0	0
P33	30705.3	0.300188	75718.6	0	0
neutron	939.565	9.88884	76380	0	0
neutron	939.565	4.89258	76380	0	0
proton	938.272	3.70507	76380	0	0
neutron	939.565	1.52954	76380	0	0
alpha	3727.38	14.8515	76380	0	0
N15	13968.9	2.32881	76380	0	0
Cl35	32564.6	0.113556	95935.2	8329.62	8329.49
Na23	21409.2	0.179694	79065.6	849.428	848.7
neutron	939.565	6.67389	76869.5	0	0
neutron	939.565	2.00892	76869.5	0	0
neutron	939.565	1.85978	76869.5	0	0
Ne20	18617.7	0.898561	76869.5	0	0
Ne23	21414.1	0.202558	77149.9	0	0
S37	34430.2	0.13973	79020	0	0
Cl35	32564.6	0.418303	85762.1	4109.36	4108.85
neutron	939.565	4.06586	75414.3	0	0
neutron	939.565	2.89585	75414.3	0	0
S33	30704.6	0.167311	75414.3	0	0
Na23	21409.2	0.120984	96560.5	8556.49	8556.25
Cl37	34424.8	0.129644	96575.8	8223.97	8223.77
Ne23	21414.1	0.201969	75168.8	0	0
Na23	21409.2	0.364237	89787	4929.09	4928.71
neutron	939.565	34.7776	78560	0	0
proton	938.272	3.50636	78560	0	0
neutron	939.565	2.17025	78560	0	0
P32	29775.8	1.47109	78560	0	0
neutron	939.565	5.33475	76492.4	0	0
neutron	939.565	0.599166	76492.4	0	0
neutron	939.565	0.587135	76492.4	0	0
Ne20	18617.7	0.261585	76492.4	0	0
Cl35	32564.6	0.203672	86703.2	4462.74	4462.47
neutron	939.565	14.2111	77524.7	0	0
neutron	939.565	4.186	77524.7	0	0
neutron	939.565	4.05623	77524.7	0	0
S32	29773.6	0.566073	77524.7	0	0
Na23	21409.2	0.176715	94791.6	6715.71	6715.5
Cl35	32564.6	0.0724448	78758.1	359.649	359.536
Ne23	21414.1	0.213091	77817.9	0	0
proton	938.272	13.6686	75283.7	0	0
neutron	939.565	5.52371	75283.7	0	0
neutron	939.565	4.97994	75283.7	0	0
neutron	939.565	1.11195	75283.7	0	0
neutron	939.565	0.581698	75283.7	0	0
deuteron	1875.61	9.56099	75283.7	0	0
Si28	26053.2	2.70985	75283.7	0	0
Cl35	32564.6	0.292833	95864.6	8259.91	8259.59
Cl35	32564.6	0.0767698	83051.6	3107.86	3107.66
Na23	21409.2	0.239858	96802.1	8794.99	8794.48
Ne23	21414.1	0.228923	75028.5	0	0
Cl35	32564.6	0.296131	98346.8	9354.06	9353.61
Cl35	32564.6	0.140436	90692.4	5469.28	5469.02
neutron	939.565	5.97059	76835.5	0	0
neutron	939.565	4.08757	76835.5	0	0
S33	30704.6	0.31381	76835.5	0	0
Na23	21409.2	2.725	94919.5	7545.59	7542.84
neutron	939.565	15.4669	76200.9	0	0
neutron	939.565	14.7788	76200.9	0	0
proton	938.272	7.31098	76200.9	0	0
proton	938.272	4.37205	76200.9	0	0
neutron	939.565	0.948262	76200.9	0	0
Si30	27913.2	3.23741	76200.9	0	0
Na23	21409.2	0.12196	83780.9	3131.66	3131.53
Cl35	32564.6	0.202834	76761.6	120.264	120.06
S35	32565.3	0.159441	76572	0	0
Na23	21409.2	0.262284	85424.9	3666.87	3666.58
neutron	939.565	12.7137	75901.6	0	0
neutron	939.565	3.92816	75901.6	0	0
neutron	939.565	2.83671	75901.6	0	0
alpha	3727.38	6.52867	75901.6	0	0
O16	14895.1	6.12872	75901.6	0	0
Cl35	32564.6	0.29487	90858.1	6391.93	6391.62
neutron	939.565	10.1968	77186.1	0	0
neutron	939.565	1.26369	77186.1	0	0
S33	30704.6	0.118066	77186.1	0	0
Na23	21409.2	0.19119	99332.9	9733.4	9733.2
Cl35	32564.6	0.0686527	93557	6911.09	6910.84
Cl37	34424.8	0.0902073	85714.9	3492.22	3492.01
neutron	939.565	2.35463	76790.9	0	0
S34	31632.7	0.150829	76790.9	0	0
Na23	21409.2	0.414191	97666.3	9042.96	9042.41
Na23	21409.2	0.405867	92905.7	7105.76	7105.34
neutron	939.565	0.232332	75584.1	0	0
S36	33495	0.127715	75584.1	0	0
Cl35	32564.6	0.15346	82360.9	2780.6	2780.34
neutron	939.565	13.2658	75830.8	0	0
S34	31632.7	0.17115	75830.8	0	0
Cl35	32564.6	0.126495	81489.9	2435.99	2435.74
Na23	21409.2	0.168606	77913.4	688.381	688.206
neutron	939.565	3.29778	76124.1	0	0
neutron	939.565	2.78722	76124.1	0	0
neutron	939.565	0.334814	76124.1	0	0
Ne20	18617.7	0.187489	76124.1	0	0
Cl35	32564.6	0.0899513	97553	9058.67	9058.54
Na23	21409.2	0.283257	92394.3	6613.99	6613.55
Cl37	34424.8	0.0894355	78657.5	448.86	448.4
Na23	21409.2	0.179924	80601.1	457.822	457.633
neutron	939.565	0.974915	75564.4	0	0
Ne22	20479.7	0.220266	75564.4	0	0
Cl37	34424.8	0.673482	99782.8	9890.43	9889.2
Na23	21409.2	0.180692	90957.9	6103.31	6102.8
Cl35	32564.6	0.0739935	90679.4	5950.06	5949.98
S37	34430.2	0.14018	76328.6	0	0
Na23	21409.2	0.147182	81023.6	1823.67	1823.43
neutron	939.565	0.335101	76216.8	0	0
S34	31632.7	0.188959	76216.8	0	0
neutron	939.565	0.161156	75872.6	0	0
Ne22	20479.7	0.272432	75872.6	0	0
Cl35	32564.6	0.086889	96155.5	8271.26	8271.15
proton	938.272	3.51808	76377.1	0	0
neutron	939.565	3.49999	76377.1	0	0
P33	30705.3	0.147869	76377.1	0	0
Na23	21409.2	0.148334	95001.6	7727.83	7727.65
Cl35	32564.6	0.865955	93828.1	7548.55	7547.59
neutron	939.565	5.83546	74226.2	0	0
neutron	939.565	3.4287	74226.2	0	0
Ne21	19550.5	0.194106	74226.2	0	0
Cl37	34424.8	0.0918375	90597.7	5582.97	5582.54
neutron	939.565	2.17803	76278.6	0	0
S36	33495	0.275987	76278.6	0	0
Cl37	34424.8	1.44371	90683.4	5668.68	5667.2
neutron	939.565	2.78936	76331.4	0	0
neutron	939.565	2.37076	76331.4	0	0
neutron	939.565	2.28873	76331.4	0	0
Ne20	18617.7	0.225742	76331.4	0	0
proton	938.272	31.9715	75721.9	0	0
neutron	939.565	2.4433	75721.9	0	0
P33	30705.3	1.2298	75721.9	0	0
neutron	939.565	0.315062	76691	0	0
S36	33495	0.179165	76691	0	0
Cl37	34424.8	0.074836	81396.2	2080.64	2080.49
Cl35	32564.6	0.339835	95618.8	8377.74	8377.09
Cl35	32564.6	0.116893	84713.2	2967.3	2967.14
Na23	21409.2	0.267559	97452.4	8979.08	8978.71
Cl37	34424.8	0.179855	78361.4	235.364	234.763
neutron	939.565	5.43568	75111.5	0	0
neutron	939.565	4.30021	75111.5	0	0
neutron	939.565	2.6669	75111.5	0	0
S32	29773.6	0.125942	75111.5	0	0
Cl35	32564.6	0.109486	93807	7147.54	7147.4
Cl37	34424.8	0.134561	92640.3	5944.49	5944.05
neutron	939.565	0.247817	75342.5	0	0
Ne22	20479.7	0.143772	75342.5	0	0
Ne23	21414.1	0.226764	75908.9	0	0
Na23	21409.2	0.108906	82372.1	1925.01	1924.65
Cl35	32564.6	0.0858668	78771.6	442.979	442.493
S35	32565.3	0.152519	77650.6	0	0
Cl35	32564.6	0.165308	89130.1	5741.13	5740.97
neutron	939.565	0.565645	76032	0	0
Ne22	20479.7	0.353104	76032	0	0
Cl35	32564.6	0.106769	87455	4006.9	4006.78
Cl35	32564.6	0.250503	85223.5	3033.71	3033.2
neutron	939.565	17.0514	77252.4	0	0
neutron	939.565	5.48899	77252.4	0	0
neutron	939.565	3.4923	77252.4	0	0
alpha	3727.38	4.15391	77252.4	0	0
O16	14895.1	3.30153	77252.4	0	0
neutron	939.565	1.93902	78904.2	0	0
S34	31632.7	0.0216477	78904.2	0	0
neutron	939.565	1.34577	75176.1	0	0
Ne22	20479.7	0.0871545	75176.1	0	0
Cl35	32564.6	0.120456	90307.2	6040.19	6039.97
Na23	21409.2	0.594776	78841	1166.96	1166.26
Cl35	32564.6	0.211881	98848.9	9544.06	9543.76
neutron	939.565	1.50607	74594.1	0	0
Ne22	20479.7	0.200923	74594.1	0	0
Cl35	32564.6	0.0958598	95158.9	7836.05	7835.32
Ne23	21414.1	0.199369	76528.8	0	0
Cl35	32564.6	0.0850842	96409.3	8517.89	8517.6
Cl37	34424.8	0.116826	81349.3	1392.45	1392.33
neutron	939.565	0.350982	77682.6	0	0
Ne22	20479.7	0.255332	77682.6	0	0
Cl37	34424.8	0.307349	92510.9	5309.6	5308.96
Ne23	21414.1	0.230377	79284.4	0	0
proton	938.272	7.26312	74562.4	0	0
proton	938.272	3.98052	74562.4	0	0
neutron	939.565	3.16679	74562.4	0	0
neutron	939.565	3.0092	74562.4	0	0
Si31	28846.2	0.304812	74562.4	0	0
neutron	939.565	0.406498	75808.8	0	0
S34	31632.7	0.0864722	75808.8	0	0
Cl35	32564.6	0.124193	80413.5	1843.15	1842.86
neutron	939.565	7.32121	75524.6	0	0
neutron	939.565	1.29152	75524.6	0	0
S33	30704.6	0.0987123	75524.6	0	0
Cl35	32564.6	0.157047	82223.3	2368.53	2368.34
neutron	939.565	39.548	75847.6	0	0
proton	938.272	5.25968	75847.6	0	0
neutron	939.565	1.59233	75847.6	0	0
deuteron	1875.61	4.16802	75847.6	0	0
Si30	27913.2	1.13224	75847.6	0	0
Na23	21409.2	0.236592	98610.1	9275.93	9275.6
Cl35	32564.6	0.0707549	88576.6	5366.22	5365.17
S37	34430.2	0.141626	74803.5	0	0
Cl35	32564.6	0.0811743	79088.8	1639.8	1639.69
Ne23	21414.1	0.232908	74709.4	0	0
Cl35	32564.6	0.337886	89796.2	5130.39	5129.76
S35	32565.3	0.161826	78928.7	0	0
Na23	21409.2	0.342447	76326.1	268.825	268.072
Na23	21409.2	0.148459	75832.5	72.9684	72.5896
Cl35	32564.6	0.36265	82864.1	2613.81	2613.35
neutron	939.565	0.38257	75869.9	0	0
S34	31632.7	0.192049	75869.9	0	0
Cl35	32564.6	0.195548	85991.1	3224.16	3223.93
Cl35	32564.6	0.0962383	78806.4	1127.48	1127.28
proton	938.272	13.9178	76498.1	0	0
neutron	939.565	13.6555	76498.1	0	0
neutron	939.565	2.94311	76498.1	0	0
triton	2808.92	7.00336	76498.1	0	0
Si29	26984.3	0.805948	76498.1	0	0
Cl37	34424.8	0.0677334	93841	6566.4	6566.18
Cl35	32564.6	0.412498	88419.3	4121.63	4121.11
neutron	939.565	0.88725	76365.3	0	0
Ne22	20479.7	0.303622	76365.3	0	0
Cl35	32564.6	0.324714	94390.5	7745.15	7744.69
Na23	21409.2	0.135032	95902.7	8378.83	8378.68
Cl37	34424.8	0.0945179	74813.8	71.5041	71.3561
Cl35	32564.6	0.0827852	92548.9	6778.99	6778.87
Cl35	32564.6	0.128479	98335.8	9061.93	9061.76
neutron	939.565	10.0111	76337	0	0
proton	938.272	4.80417	76337	0	0
neutron	939.565	1.07451	76337	0	0
P32	29775.8	0.021748	76337	0	0
Cl35	32564.6	0.0765353	88608	4733.2	4732.86
neutron	939.565	0.455518	78526.1	0	0
Ne22	20479.7	0.195416	78526.1	0	0
Na23	21409.2	0.602685	96556.3	7952.87	7952.27
S35	32565.3	0.154802	77305.9	0	0
Cl35	32564.6	0.208574	95373.1	7401.94	7401.43
Na23	21409.2	0.120479	85285.8	3748.65	3748.51
Cl37	34424.8	0.183381	82985.9	2677.74	2677.49
Ne23	21414.1	0.22056	76612.6	0	0
S35	32565.3	0.145229	77081.3	0	0
neutron	939.565	28.8961	76414.1	0	0
neutron	939.565	12.0299	76414.1	0	0
neutron	939.565	3.3207	76414.1	0	0
neutron	939.565	2.919	76414.1	0	0
S33	30704.6	0.451071	76414.1	0	0
Cl35	32564.6	0.138883	88550.4	5247.64	5247.27
neutron	939.565	1.29878	74933.1	0	0
neutron	939.565	0.758475	74933.1	0	0
Ne21	19550.5	0.107438	74933.1	0	0
Na23	21409.2	0.129832	96295.1	8546.68	8546.21
Na23	21409.2	0.113699	95788.6	8359.51	8359.33
Na23	21409.2	0.104989	86056.6	2031.46	2031.3
neutron	939.565	7.45903	80730.8	0	0
neutron	939.565	3.51715	80730.8	0	0
proton	938.272	2.16118	80730.8	0	0
neutron	939.565	2.00929	80730.8	0	0
alpha	3727.38	6.80143	80730.8	0	0
Al27	25126.5	1.52326	80730.8	0	0
neutron	939.565	2.89246	76869.5	0	0
S34	31632.7	0.226408	76869.5	0	0
Cl35	32564.6	0.259562	99737.3	9871.07	9870.77
Cl37	34424.8	0.0902334	89401.8	5517.9	5517.8
neutron	939.565	0.265463	76749.5	0	0
S36	33495	0.11951	76749.5	0	0
Cl37	34424.8	0.135155	89165.3	5373.6	5373.34
Ne23	21414.1	0.232562	75401	0	0
neutron	939.565	3.68158	78122.5	0	0
neutron	939.565	1.2616	78122.5	0	0
S33	30704.6	0.250619	78122.5	0	0
Na23	21409.2	0.133534	84834.8	3547.02	3546.83
Na23	21409.2	0.226661	77181	739.651	739.334
neutron	939.565	4.75972	74580.2	0	0
neutron	939.565	0.246069	74580.2	0	0
S33	30704.6	0.0322842	74580.2	0	0
S35	32565.3	0.142251	74762.3	0	0
Cl35	32564.6	0.0760049	86403.1	2890.01	2889.91
Cl35	32564.6	0.113443	83830.6	1849.78	1849.58
Cl37	34424.8	0.069012	80500.5	572.194	571.955
neutron	939.565	11.6097	79029.7	0	0
neutron	939.565	2.90401	79029.7	0	0
neutron	939.565	1.99895	79029.7	0	0
alpha	3727.38	3.11625	79029.7	0	0
O16	14895.1	3.73655	79029.7	0	0
Na23	21409.2	0.12828	90966.4	6010.61	6010.19
Ne23	21414.1	0.229222	76489.1	0	0
Cl35	32564.6	0.152868	86143.3	3545.83	3545.34
Cl35	32564.6	0.115874	94015.9	7618.6	7618.48
Ne23	21414.1	0.216322	75266.8	0	0
S35	32565.3	0.152863	75792.5	0	0
neutron	939.565	3.52283	81788.3	0	0
alpha	3727.38	7.2579	81788.3	0	0
Si32	29776.6	1.73047	81788.3	0	0
Na23	21409.2	0.436471	84385.5	3595.59	3595.02
S35	32565.3	0.16386	75550.2	0	0
neutron	939.565	1.58826	75373.3	0	0
S34	31632.7	0.3299	75373.3	0	0
Na23	21409.2	0.105503	97138.9	8853.22	8852.71
Cl37	34424.8	0.146779	88779.2	5374.04	5373.73
Cl35	32564.6	0.0955723	75711.5	406.435	406.15
Na23	21409.2	0.302202	99250.6	9718.59	9718.06
Na23	21409.2	0.139088	88774.8	5372.52	5372.37
proton	938.272	6.66488	75553.4	0	0
neutron	939.565	4.47838	75553.4	0	0
P35	32569.8	0.211773	75553.4	0	0
Cl37	34424.8	0.348305	95862.6	8259.87	8259.47
Cl35	32564.6	0.0744782	77989.3	343.571	343.475
S35	32565.3	0.16276	77159.7	0	0
neutron	939.565	34.4456	74983	0	0
neutron	939.565	15.4904	74983	0	0
neutron	939.565	2.16462	74983	0	0
S32	29773.6	1.51044	74983	0	0
Cl37	34424.8	0.0704144	84721.8	3185.81	3185.49
Na23	21409.2	0.178635	91553.6	6246.41	6246.07
Cl35	32564.6	0.0759275	83342.6	2594.55	2594.4
S37	34430.2	0.13191	76920.7	0	0
neutron	939.565	1.23298	77203.8	0	0
Ne22	20479.7	0.0468102	77203.8	0	0
Cl35	32564.6	0.114851	99632.7	9862.61	9862.3
Na23	21409.2	0.123945	81815.5	1779.7	1779.05
Cl35	32564.6	0.0828344	92307.1	6958.29	6958.14
neutron	939.565	1.08527	74674.6	0	0
S34	31632.7	0.099668	74674.6	0	0
proton	938.272	5.14755	76076.7	0	0
neutron	939.565	3.87248	76076.7	0	0
proton	938.272	3.0091	76076.7	0	0
neutron	939.565	2.16158	76076.7	0	0
neutron	939.565	1.8396	76076.7	0	0
Si30	27913.2	0.0999446	76076.7	0	0
Cl37	34424.8	0.289345	81830.7	2555.81	2555.17
Ne23	21414.1	0.210544	75151.2	0	0
Na23	21409.2	0.103878	95704.9	7394.05	7393.78
Cl37	34424.8	0.454582	92090.7	5992.27	5991.68
Na23	21409.2	0.150789	87680.4	4138.91	4138.75
Na23	21409.2	0.162451	80962.1	1539.63	1539.44
neutron	939.565	0.967331	77032.1	0	0
S36	33495	0.138195	77032.1	0	0
proton	938.272	18.0419	77332.5	0	0
F22	20491.1	0.381998	77332.5	0	0
Na23	21409.2	0.119151	96153.9	8505.54	8505.22
neutron	939.565	17.0878	75199.7	0	0
neutron	939.565	4.64565	75199.7	0	0
neutron	939.565	3.42454	75199.7	0	0
Ne20	18617.7	0.272717	75199.7	0	0
Cl35	32564.6	0.366683	89833.4	5892.47	5891.5
Na23	21409.2	0.133495	76205.8	365.623	365.446
neutron	939.565	12.2373	77554.5	0	0
proton	938.272	8.55322	77554.5	0	0
neutron	939.565	6.67349	77554.5	0	0
neutron	939.565	1.93572	77554.5	0	0
alpha	3727.38	7.87978	77554.5	0	0
Al27	25126.5	2.02234	77554.5	0	0
Cl37	34424.8	0.111638	96116.6	8342.72	8342.52
S35	32565.3	0.153516	79317.6	0	0
neutron	939.565	0.711619	75590.6	0	0
S34	31632.7	0.165544	75590.6	0	0
Cl37	34424.8	0.0800564	78259.7	741.3	741.175
Ne23	21414.1	0.226777	76289.6	0	0
neutron	939.565	8.78338	75878.6	0	0
neutron	939.565	6.1242	75878.6	0	0
neutron	939.565	4.14883	75878.6	0	0
Ne20	18617.7	0.233827	75878.6	0	0
Na23	21409.2	0.293415	86645.9	4133.15	4132.39
Na23	21409.2	0.246583	92936.7	7010	7009.56
Na23	21409.2	0.123055	80845.1	1575.76	1575.6
proton	938.272	3.37087	76761.6	0	0
neutron	939.565	2.41982	76761.6	0	0
neutron	939.565	1.68471	76761.6	0	0
neutron	939.565	1.27802	76761.6	0	0
P31	28844.2	0.0240039	76761.6	0	0
neutron	939.565	17.6016	79646.1	0	0
neutron	939.565	1.34811	79646.1	0	0
S33	30704.6	0.518307	79646.1	0	0
Na23	21409.2	0.137555	86866.4	3838.49	3837.53
Na23	21409.2	0.151908	80364.4	1195.62	1195.39
neutron	939.565	3.56361	77221.8	0	0
alpha	3727.38	3.93151	77221.8	0	0
O18	16762	1.7896	77221.8	0	0
neutron	939.565	0.755073	74763.2	0	0
S34	31632.7	0.206741	74763.2	0	0
Ne23	21414.1	0.228436	77902.9	0	0
Ne23	21414.1	0.223492	75850.6	0	0
Cl37	34424.8	0.116807	80610.3	1656.35	1656.23
Ne23	21414.1	0.229681	76141	0	0
S37	34430.2	0.134368	74279.5	0	0
neutron	939.565	9.39687	76594.3	0	0
proton	938.272	6.82427	76594.3	0	0
proton	938.272	3.28352	76594.3	0	0
neutron	939.565	0.855584	76594.3	0	0
Si31	28846.2	0.197712	76594.3	0	0
Na23	21409.2	0.193541	97639.4	9056.6	9056.2
Na23	21409.2	0.203361	86026.7	4169.71	4169.35
Cl35	32564.6	0.121474	76142.1	361.511	361.167
proton	938.272	6.9755	75348.6	0	0
neutron	939.565	6.29281	75348.6	0	0
proton	938.272	5.20457	75348.6	0	0
neutron	939.565	5.05011	75348.6	0	0
neutron	939.565	2.72336	75348.6	0	0
neutron	939.565	0.379415	75348.6	0	0
Si31	28846.2	1.29855	75348.6	0	0
Na23	21409.2	0.502056	97317.4	8967.53	8966.73
Na23	21409.2	0.730499	76998.4	512.827	511.971
Cl35	32564.6	0.108611	76411.9	101.162	100.945
neutron	939.565	3.71635	80626.3	0	0
neutron	939.565	2.11483	80626.3	0	0
S33	30704.6	0.257112	80626.3	0	0
neutron	939.565	33.373	75227.1	0	0
proton	938.272	7.29735	75227.1	0	0
neutron	939.565	4.22105	75227.1	0	0
P32	29775.8	1.66876	75227.1	0	0
Cl37	34424.8	0.103273	95851.5	8214.8	8214.58
neutron	939.565	3.33328	75360.8	0	0
S34	31632.7	0.404376	75360.8	0	0
Cl37	34424.8	0.0692109	97344.1	6428.94	6428.54
Cl35	32564.6	0.111808	88377	5125.28	5124.8
Na23	21409.2	0.142399	79482.7	1444.12	1443.81
Cl37	34424.8	5.98077	89024.1	4994.97	4988.97
proton	938.272	11.5461	76477.9	0	0
neutron	939.565	7.68905	76477.9	0	0
proton	938.272	4.6914	76477.9	0	0
neutron	939.565	4.43644	76477.9	0	0
O19	17697.6	0.636997	76477.9	0	0
Cl35	32564.6	0.210347	92496.2	6889.8	6889.57
neutron	939.565	0.401765	76981.5	0	0
Ne22	20479.7	0.250858	76981.5	0	0
Cl35	32564.6	0.314599	86627.3	3575.66	3575.34
neutron	939.565	4.16742	77326.3	0	0
S34	31632.7	0.424416	77326.3	0	0
S35	32565.3	0.141525	75636.6	0	0
Cl35	32564.6	0.0804592	87337	4629.51	4629.37
Cl35	32564.6	0.150124	79345.2	1445.35	1445.18
Ne23	21414.1	0.226827	77373.5	0	0
Cl37	34424.8	0.274222	82306.7	2814.98	2814.43
neutron	939.565	0.643443	75106.5	0	0
Ne22	20479.7	0.166462	75106.5	0	0
Na23	21409.2	0.139863	87816.5	4521.51	4521.29
neutron	939.565	0.750745	76559	0	0
S36	33495	0.2112	76559	0	0
Na23	21409.2	0.126275	85056.9	3466.13	3465.87
neutron	939.565	2.16369	75610.9	0	0
Ne22	20479.7	0.268307	75610.9	0	0
neutron	939.565	0.217582	75049	0	0
S34	31632.7	0.0957402	75049	0	0
Na23	21409.2	0.10309	93375.4	7094.62	7094.48
neutron	939.565	2.8164	75452.9	0	0
S34	31632.7	0.257367	75452.9	0	0
Na23	21409.2	0.10677	90050.6	4428.98	4428.7
Na23	21409.2	0.137425	78996.5	82.583	82.4236
Cl37	34424.8	0.098362	88020.3	4268.6	4268.45
proton	938.272	264.005	97183.3	8798.25	8279.23
proton	938.272	229.215	97183.3	8798.25	8279.23
F21	19556.7	0.4227	97183.3	8798.25	8279.23
Na23	21409.2	0.118007	78122	679.041	678.922
Cl35	32564.6	0.132693	85676.8	2305	2304.83
proton	938.272	9.44007	79519.3	0	0
neutron	939.565	5.65188	79519.3	0	0
neutron	939.565	2.70528	79519.3	0	0
neutron	939.565	0.0422472	79519.3	0	0
deuteron	1875.61	15.6035	79519.3	0	0
O17	15830.5	2.37889	79519.3	0	0
neutron	939.565	10.4244	76481.9	0	0
neutron	939.565	0.852203	76481.9	0	0
S33	30704.6	0.516412	76481.9	0	0
Cl35	32564.6	0.0723756	99504.4	9812.96	9812.65
Ne23	21414.1	0.221985	77942.8	0	0
neutron	939.565	19.822	75182.6	0	0
neutron	939.565	12.1407	75182.6	0	0
neutron	939.565	0.0169818	75182.6	0	0
S34	31632.7	0.279687	75182.6	0	0
Cl35	32564.6	0.0820074	80890	1635.06	1634.89
proton	938.272	25.2703	76604.8	0	0
neutron	939.565	12.6026	76604.8	0	0
F21	19556.7	1.3391	76604.8	0	0
neutron	939.565	12.4484	76250.5	0	0
neutron	939.565	5.66585	76250.5	0	0
proton	938.272	3.13426	76250.5	0	0
P32	29775.8	0.392298	76250.5	0	0
Cl35	32564.6	0.106208	95578.7	8286.3	8285.87
neutron	939.565	16.5298	75603.4	0	0
proton	938.272	6.8611	75603.4	0	0
proton	938.272	5.12895	75603.4	0	0
neutron	939.565	3.4838	75603.4	0	0
neutron	939.565	1.15187	75603.4	0	0
Si30	27913.2	1.17558	75603.4	0	0
Cl35	32564.6	0.133422	81842.3	2808.64	2808.26
Na23	21409.2	0.120518	78392.1	1390.39	1390.14
Cl35	32564.6	0.108042	84643.6	3318.16	3317.84
Cl35	32564.6	0.072479	77132.1	410.963	410.854
neutron	939.565	0.310309	76080.5	0	0
Ne22	20479.7	0.148058	76080.5	0	0
Cl35	32564.6	0.118026	76033.6	90.6854	90.4245
neutron	939.565	4.52239	75909.8	0	0
proton	938.272	2.61554	75909.8	0	0
neutron	939.565	2.14065	75909.8	0	0
neutron	939.565	1.51823	75909.8	0	0
neutron	939.565	0.365285	75909.8	0	0
P30	27917	0.546664	75909.8	0	0
Cl35	32564.6	0.311276	94844.9	7745.33	7744.71
neutron	939.565	0.600085	76113.1	0	0
S34	31632.7	0.151215	76113.1	0	0
Na23	21409.2	0.194869	98768.3	9543.32	9543.03
Cl35	32564.6	0.0763897	79341.6	1925.45	1925.28
neutron	939.565	17.2666	74270.5	0	0
neutron	939.565	15.7359	74270.5	0	0
neutron	939.565	0.777292	74270.5	0	0
Ne20	18617.7	2.44197	74270.5	0	0
Cl37	34424.8	0.0735436	95478.1	8022.96	8022.89
Na23	21409.2	0.291527	81168.2	2154.03	2153.58
Cl35	32564.6	0.163939	80600.5	1943.24	1943.08
neutron	939.565	22.1004	75378.1	0	0
neutron	939.565	10.2013	75378.1	0	0
neutron	939.565	3.87532	75378.1	0	0
Ne20	18617.7	0.774613	75378.1	0	0
Na23	21409.2	0.107216	96554.1	8314.45	8313.7
neutron	939.565	4.69266	77962.3	0	0
neutron	939.565	1.92367	77962.3	0	0
neutron	939.565	0.671605	77962.3	0	0
S32	29773.6	0.0612299	77962.3	0	0
Cl35	32564.6	0.0815096	88714.4	4555.98	4555.5
S35	32565.3	0.153389	77279.2	0	0
Na23	21409.2	0.257632	98069.1	9242.72	9242.18
Cl37	34424.8	0.0638209	79224.6	1214.82	1214.67
proton	938.272	307.745	81855.6	2140.9	1691.23
neutron	939.565	64.3395	81855.6	2140.9	1691.23
neutron	939.565	27.4719	81855.6	2140.9	1691.23
alpha	3727.38	11.7993	81855.6	2140.9	1691.23
O16	14895.1	1.5125	81855.6	2140.9	1691.23
neutron	939.565	0.599685	78285	0	0
S34	31632.7	0.131099	78285	0	0
Ne23	21414.1	0.222687	78783.4	0	0
Cl37	34424.8	0.152059	79551.7	1334.79	1334.55
Na23	21409.2	0.44007	79917.7	2002.07	2001.62
neutron	939.565	2.79325	77209.6	0	0
S36	33495	0.217422	77209.6	0	0
Cl35	32564.6	0.162879	97495.1	8907.18	8907
neutron	939.565	0.262026	76017.3	0	0
Ne22	20479.7	0.155481	76017.3	0	0
Cl35	32564.6	0.0673751	90630.2	5379.75	5379.66
S35	32565.3	0.150103	74618.7	0	0
proton	938.272	4.11613	77215.3	0	0
neutron	939.565	0.759771	77215.3	0	0
F21	19556.7	0.780227	77215.3	0	0
neutron	939.565	5.10556	81552.1	0	0
proton	938.272	3.96518	81552.1	0	0
proton	938.272	2.99158	81552.1	0	0
Si32	29776.6	0.12812	81552.1	0	0
S37	34430.2	0.140107	77701.4	0	0
Cl35	32564.6	0.0865743	87887.5	3944.16	3943.95
neutron	939.565	2.08032	77746.9	0	0
S34	31632.7	0.282338	77746.9	0	0
Cl35	32564.6	0.287337	97622	9085.38	9085
Na23	21409.2	0.101906	86643.7	4605.79	4605.65
neutron	939.565	0.243014	74813.7	0	0
Ne22	20479.7	0.128233	74813.7	0	0
Cl35	32564.6	0.130526	91418.8	6479.72	6479.56
neutron	939.565	1.28885	75994.7	0	0
S34	31632.7	0.0699214	75994.7	0	0
Na23	21409.2	0.148915	86175.8	4462.67	4462.43
neutron	939.565	0.743945	74690.4	0	0
S34	31632.7	0.126564	74690.4	0	0
Ne23	21414.1	0.230222	82380.6	0	0
neutron	939.565	0.649696	78287.7	0	0
Ne22	20479.7	0.149311	78287.7	0	0
neutron	939.565	6.35036	76480.6	0	0
neutron	939.565	4.58487	76480.6	0	0
neutron	939.565	2.87639	76480.6	0	0
neutron	939.565	0.948002	76480.6	0	0
S33	30704.6	0.731198	76480.6	0	0
Cl35	32564.6	0.214477	93652.6	7445.35	7445.08
Na23	21409.2	0.109983	88812.7	5276.84	5276.72
neutron	939.565	2.15421	76137.6	0	0
Ne22	20479.7	0.0647283	76137.6	0	0
Cl35	32564.6	0.0896033	95856.3	8504.07	8503.62
neutron	939.565	12.0415	76921.7	0	0
neutron	939.565	6.08506	76921.7	0	0
neutron	939.565	3.02906	76921.7	0	0
alpha	3727.38	6.16435	76921.7	0	0
O16	14895.1	2.3329	76921.7	0	0
Cl35	32564.6	0.111704	79479.4	1280.02	1279.64
Ne23	21414.1	0.219406	76044.2	0	0
Na23	21409.2	0.104747	78532.5	804.036	803.876
Cl35	32564.6	0.09847	84317.5	3492.83	3492.61
Cl35	32564.6	0.272701	83323.7	3115.5	3115.14
neutron	939.565	20.7323	75838.5	0	0
neutron	939.565	8.08344	75838.5	0	0
neutron	939.565	2.08303	75838.5	0	0
neutron	939.565	1.8014	75838.5	0	0
S33	30704.6	2.44041	75838.5	0	0
Na23	21409.2	0.364738	86165	4355.19	4354.77
proton	938.272	330.856	99851.4	9928.03	8595.55
proton	938.272	1.67526	99851.4	9928.03	8595.55
neutron	939.565	1.29632	99851.4	9928.03	8595.55
Ne20	18617.7	0.827839	99851.4	9928.03	8595.55
Ne23	21414.1	0.231013	78224.6	0	0
Cl35	32564.6	0.491191	93969.5	5666.63	5665.91
Cl35	32564.6	0.0813328	80196.8	271.313	271.23
Na23	21409.2	0.369596	78310.2	519.87	519.415
S35	32565.3	0.158075	77075.1	0	0
Cl35	32564.6	0.384192	77759.7	860.249	859.848
neutron	939.565	0.509448	75611.7	0	0
S34	31632.7	0.191422	75611.7	0	0
neutron	939.565	2.8245	74390.3	0	0
neutron	939.565	2.28102	74390.3	0	0
S33	30704.6	0.0212786	74390.3	0	0
neutron	939.565	5.79052	76565.9	0	0
neutron	939.565	5.60047	76565.9	0	0
proton	938.272	5.38084	76565.9	0	0
neutron	939.565	2.42946	76565.9	0	0
P31	28844.2	0.0477607	76565.9	0	0
Ne23	21414.1	0.217983	75295.6	0	0
Na23	21409.2	0.15944	80943.7	2146.82	2146.48
neutron	939.565	1.22706	75418.4	0	0
S34	31632.7	0.0514777	75418.4	0	0
Cl35	32564.6	0.0873854	82873.6	2993.89	2993.53
Cl35	32564.6	0.0681855	82316.4	2796.81	2796.63
neutron	939.565	0.581305	74658.1	0	0
S34	31632.7	0.131666	74658.1	0	0
Ne23	21414.1	0.229814	78705.3	0	0
Cl37	34424.8	0.133638	97077.8	8739.06	8738.76
neutron	939.565	0.354712	76067.7	0	0
S34	31632.7	0.15689	76067.7	0	0
Na23	21409.2	0.103535	97476.6	8955.18	8955.03
neutron	939.565	9.5235	74596.2	0	0
neutron	939.565	0.551861	74596.2	0	0
Ne21	19550.5	0.50275	74596.2	0	0
Ne23	21414.1	0.225952	76636.4	0	0
S35	32565.3	0.165032	77929.7	0	0
Cl35	32564.6	0.117547	80716.3	2223.43	2223.2
neutron	939.565	31.0918	74631.2	0	0
neutron	939.565	5.72374	74631.2	0	0
S33	30704.6	0.923455	74631.2	0	0
Na23	21409.2	0.119823	85288.9	3910.02	3909.82
neutron	939.565	2.41593	75117.7	0	0
Ne22	20479.7	0.0229027	75117.7	0	0
neutron	939.565	0.942017	77935.9	0	0
Ne22	20479.7	0.348665	77935.9	0	0
Cl35	32564.6	0.141194	84951.7	4037.67	4037.45
Na23	21409.2	0.120478	78280.8	1471.45	1471.27
neutron	939.565	8.08417	74487.4	0	0
neutron	939.565	4.2629	74487.4	0	0
neutron	939.565	1.85191	74487.4	0	0
neutron	939.565	1.07488	74487.4	0	0
S33	30704.6	0.552307	74487.4	0	0
Na23	21409.2	0.12135	92143.4	6641.39	6641.16
Na23	21409.2	0.123332	87734.2	4804.3	4803.98
neutron	939.565	6.94103	76479.4	0	0
neutron	939.565	6.29779	76479.4	0	0
neutron	939.565	3.31501	76479.4	0	0
S32	29773.6	0.122578	76479.4	0	0
neutron	939.565	2.24762	75593.9	0	0
S34	31632.7	0.139525	75593.9	0	0
Cl35	32564.6	0.0909181	76618.4	40.5448	40.1475
Na23	21409.2	0.174074	93972.8	7491.93	7491.68
Na23	21409.2	0.493364	86435.6	2404.08	2403.5
neutron	939.565	0.347234	79977	0	0
S34	31632.7	0.12496	79977	0	0
neutron	939.565	3.6127	77716.2	0	0
S34	31632.7	0.0211914	77716.2	0	0
Cl35	32564.6	0.0667823	84416.4	1845.44	1845.03
Cl35	32564.6	0.199046	82232.2	2141.44	2141.16
neutron	939.565	0.16675	76410.1	0	0
S34	31632.7	0.091187	76410.1	0	0
Cl35	32564.6	0.13131	79166.7	333.043	332.823
Na23	21409.2	0.563999	79102.5	311.193	310.498
neutron	939.565	25.2802	78423.4	0	0
proton	938.272	12.0827	78423.4	0	0
proton	938.272	4.89121	78423.4	0	0
neutron	939.565	0.7578	78423.4	0	0
neutron	939.565	0.451473	78423.4	0	0
Si30	27913.2	2.1086	78423.4	0	0
Cl35	32564.6	0.0879887	90363.2	4585.69	4585.48
Cl35	32564.6	0.31583	87469.4	3481.21	3480.85
Na23	21409.2	0.299898	83052.4	1723.04	1722.66
neutron	939.565	2.12121	77890.3	0	0
S34	31632.7	0.0523505	77890.3	0	0
Ne23	21414.1	0.234003	75099.8	0	0
Na23	21409.2	0.142159	92331.2	6785.65	6785.44
Cl35	32564.6	0.200104	85224.9	3878.32	3878.07
neutron	939.565	12.5287	75777.2	0	0
proton	938.272	9.96053	75777.2	0	0
neutron	939.565	6.27675	75777.2	0	0
neutron	939.565	0.162412	75777.2	0	0
P31	28844.2	0.453205	75777.2	0	0
proton	938.272	11.4439	79504.4	0	0
neutron	939.565	5.72795	79504.4	0	0
neutron	939.565	5.40408	79504.4	0	0
neutron	939.565	3.50561	79504.4	0	0
P31	28844.2	1.21011	79504.4	0	0
Ne23	21414.1	0.211002	74579.3	0	0
neutron	939.565	6.13355	76065.4	0	0
neutron	939.565	3.96825	76065.4	0	0
neutron	939.565	2.31992	76065.4	0	0
S32	29773.6	0.470099	76065.4	0	0
Ne23	21414.1	0.221709	76470.6	0	0
neutron	939.565	6.74172	79217.6	0	0
proton	938.272	5.68825	79217.6	0	0
neutron	939.565	3.14064	79217.6	0	0
P32	29775.8	0.358274	79217.6	0	0
Cl37	34424.8	0.0633294	94898.2	7529.07	7528.75
Cl35	32564.6	0.0854835	84368.2	3376.64	3376.29
Cl35	32564.6	0.124673	83927.1	2795.61	2795.48
Na23	21409.2	0.29807	76479.8	887.766	886.958
Na23	21409.2	0.281547	80190.7	1361.64	1360.59
neutron	939.565	14.2555	76447.8	0	0
neutron	939.565	6.56441	76447.8	0	0
neutron	939.565	1.08893	76447.8	0	0
alpha	3727.38	12.5448	76447.8	0	0
O16	14895.1	4.60981	76447.8	0	0
Cl35	32564.6	0.263191	86633.6	3662.43	3662.03
Cl37	34424.8	0.198622	83454.7	3135.08	3134.69
Ne23	21414.1	0.203384	75997	0	0
Na23	21409.2	0.102966	87599.7	4853.53	4853.22
Na23	21409.2	0.288233	84604.9	3406.9	3406.58
neutron	939.565	6.09648	75708	0	0
neutron	939.565	4.48242	75708	0	0
neutron	939.565	2.66134	75708	0	0
S34	31632.7	0.309566	75708	0	0
Cl35	32564.6	0.0949213	98580.2	9442.13	9441.73
Cl35	32564.6	0.117555	96861	8679.76	8679.58
Ne23	21414.1	0.234097	76460.9	0	0
Cl35	32564.6	0.0763612	90455.2	5976.28	5976.19
proton	938.272	8.42216	75242.4	0	0
neutron	939.565	5.83123	75242.4	0	0
neutron	939.565	3.69353	75242.4	0	0
neutron	939.565	2.04666	75242.4	0	0
P31	28844.2	1.08298	75242.4	0	0
neutron	939.565	10.9344	78044.5	0	0
neutron	939.565	6.61878	78044.5	0	0
neutron	939.565	5.0069	78044.5	0	0
proton	938.272	4.80042	78044.5	0	0
alpha	3727.38	7.42571	78044.5	0	0
N15	13968.9	1.8617	78044.5	0	0
Na23	21409.2	0.101714	97568.6	9125.05	9124.85
Cl37	34424.8	0.0728464	97513.1	9038.1	9037.8
Na23	21409.2	0.106969	93731.5	7215.82	7215.7
Cl35	32564.6	0.0672955	85115.7	3763.85	3763.43
Cl35	32564.6	0.0852105	78931.4	824.242	824.048
Cl35	32564.6	0.0835936	94879.5	7712.33	7712.06
neutron	939.565	3.68905	75349.7	0	0
Ne22	20479.7	0.115006	75349.7	0	0
Cl35	32564.6	0.0837017	87481.8	3704.26	3704.06
Na23	21409.2	0.184373	94976	7676.74	7675.75
neutron	939.565	1.24476	75277.8	0	0
S34	31632.7	0.305498	75277.8	0	0
Na23	21409.2	0.202603	87488.9	4626.64	4626.37
Cl35	32564.6	0.0764568	87567.3	4567.48	4567.06
neutron	939.565	4.41244	78645.1	0	0
neutron	939.565	1.06009	78645.1	0	0
Ne21	19550.5	0.345027	78645.1	0	0
Na23	21409.2	0.197007	91845.9	6168.82	6168.36
Cl35	32564.6	0.164063	90835.3	5794.71	5794.44
Na23	21409.2	0.136465	83039.1	1645.75	1645.6
neutron	939.565	22.3417	78962.7	0	0
neutron	939.565	19.7296	78962.7	0	0
neutron	939.565	4.08576	78962.7	0	0
Ne20	18617.7	0.901908	78962.7	0	0
Cl35	32564.6	0.11521	85400.1	4102.83	4102.7
Na23	21409.2	0.170291	78672.1	1466.81	1466.63
neutron	939.565	1.5974	74641.6	0	0
S34	31632.7	0.261212	74641.6	0	0
Cl35	32564.6	0.0689342	96756.9	8727.62	8727.5
Na23	21409.2	0.219288	86704.4	4430.29	4429.96
S35	32565.3	0.156904	77339	0	0
Cl37	34424.8	0.0981117	90172.7	4883.62	4883.44
Na23	21409.2	0.123852	88076.6	3446.06	3445.93
neutron	939.565	3.09969	78987	0	0
Ne22	20479.7	0.378833	78987	0	0
Na23	21409.2	0.112401	86911.8	3931.51	3931.25
Na23	21409.2	0.640933	79607.9	1086.19	1085.55
neutron	939.565	0.0846002	76779.7	0	0
Ne22	20479.7	0.213341	76779.7	0	0
Na23	21409.2	0.112129	83799	3458.01	3457.78
Na23	21409.2	0.174104	80851	2311.74	2311.42
proton	938.272	6.56391	75418.6	0	0
neutron	939.565	6.37378	75418.6	0	0
proton	938.272	4.44194	75418.6	0	0
neutron	939.565	1.12178	75418.6	0	0
Si31	28846.2	1.1014	75418.6	0	0
Na23	21409.2	0.267743	98977.2	9637.42	9636.86
Cl37	34424.8	0.101769	87664.4	4421.76	4421.58
Cl35	32564.6	0.135539	76691.4	124.279	124.088
neutron	939.565	0.229772	76474.5	0	0
S34	31632.7	0.148265	76474.5	0	0
neutron	939.565	14.3997	75814.5	0	0
neutron	939.565	6.59181	75814.5	0	0
neutron	939.565	3.16052	75814.5	0	0
alpha	3727.38	4.62333	75814.5	0	0
O16	14895.1	4.22051	75814.5	0	0
Cl35	32564.6	0.138845	94268.5	7571.51	7571.34
Cl35	32564.6	0.162295	86307.9	4480.12	4479.64
Na23	21409.2	0.188879	84914	3921.17	3920.9
Cl35	32564.6	0.0719851	81405.2	2394.45	2394.25
neutron	939.565	0.332787	76458.8	0	0
Ne22	20479.7	0.149905	76458.8	0	0
Na23	21409.2	0.180035	92448.2	5888.87	5888.59
neutron	939.565	0.495805	77698.4	0	0
S34	31632.7	0.156273	77698.4	0	0
neutron	939.565	0.844128	78164.3	0	0
S34	31632.7	0.138562	78164.3	0	0
neutron	939.565	0.143235	75092.2	0	0
Ne22	20479.7	0.16531	75092.2	0	0
Na23	21409.2	0.652577	96831.2	8049.16	8047.86
Ne23	21414.1	0.220751	77763.7	0	0
Na23	21409.2	0.398273	81212.1	2406.61	2405.77
Cl37	34424.8	0.0816992	90801.7	6257.24	6256.99
neutron	939.565	1.57686	74616.5	0	0
S34	31632.7	0.14519	74616.5	0	0
S35	32565.3	0.150802	80151.2	0	0
proton	938.272	154.992	89935	5831.63	4121.53
proton	938.272	3.02695	89935	5831.63	4121.53
Ne21	19550.5	0.0298429	89935	5831.63	4121.53
Na23	21409.2	0.116437	96590.3	8675.5	8674.72
neutron	939.565	1.16327	74735.2	0	0
Ne22	20479.7	0.334987	74735.2	0	0
Cl35	32564.6	0.0953176	83086.1	2939.05	2938.72
neutron	939.565	6.06712	75236.5	0	0
neutron	939.565	3.14349	75236.5	0	0
neutron	939.565	2.36022	75236.5	0	0
S32	29773.6	0.0338235	75236.5	0	0
neutron	939.565	0.916208	82238.4	0	0
S34	31632.7	0.103256	82238.4	0	0
Cl37	34424.8	0.154554	91674.2	6648.57	6648.16
Na23	21409.2	0.312176	79449.6	1381.05	1380.64
neutron	939.565	1.13242	74941.1	0	0
Ne22	20479.7	0.359648	74941.1	0	0
Cl37	34424.8	0.168506	96253.9	8542.79	8542.4
neutron	939.565	0.632846	74854	0	0
Ne22	20479.7	0.349143	74854	0	0
Na23	21409.2	0.198319	99736.1	9894.45	9894.16
neutron	939.565	13.7262	76733.1	0	0
neutron	939.565	5.35963	76733.1	0	0
neutron	939.565	3.67667	76733.1	0	0
alpha	3727.38	8.03439	76733.1	0	0
O16	14895.1	0.839214	76733.1	0	0
Cl35	32564.6	0.0855752	96542.3	8183.12	8182.64
Na23	21409.2	0.259033	82034.1	865.926	865.475
neutron	939.565	0.780024	79879.7	0	0
S34	31632.7	0.0914408	79879.7	0	0
neutron	939.565	3.17604	75428.7	0	0
neutron	939.565	1.68305	75428.7	0	0
neutron	939.565	1.61808	75428.7	0	0
deuteron	1875.61	4.66955	75428.7	0	0
F18	16763.2	0.63309	75428.7	0	0
Cl37	34424.8	0.196283	94721.7	7884.91	7884.52
neutron	939.565	1.24802	75861.9	0	0
Ne22	20479.7	0.269351	75861.9	0	0
Na23	21409.2	0.382965	89002.3	5015.35	5014.93
Ne23	21414.1	0.231212	77541.2	0	0
Na23	21409.2	0.139597	77286.5	1127.33	1127.12
neutron	939.565	9.92356	74144.2	0	0
neutron	939.565	2.16254	74144.2	0	0
Ne21	19550.5	0.750548	74144.2	0	0
Cl37	34424.8	0.0918767	87403	3585.86	3585.39
neutron	939.565	0.459198	78755	0	0
S34	31632.7	0.0984411	78755	0	0
Na23	21409.2	0.110078	88010.6	4796.99	4796.23
Ne23	21414.1	0.206763	75837	0	0
Na23	21409.2	0.136369	93035.3	7114.64	7114.1
Na23	21409.2	0.153419	88505.5	5318.78	5318.49
Cl37	34424.8	0.0828169	77754.3	500.581	500.415
proton	938.272	21.6378	76423.4	0	0
proton	938.272	4.65224	76423.4	0	0
neutron	939.565	3.29529	76423.4	0	0
neutron	939.565	2.45201	76423.4	0	0
neutron	939.565	1.22138	76423.4	0	0
Si30	27913.2	0.337978	76423.4	0	0
Na23	21409.2	0.267275	98214.3	9169.04	9168.68
neutron	939.565	0.746274	75821.3	0	0
neutron	939.565	0.514703	75821.3	0	0
Ne21	19550.5	0.231248	75821.3	0	0
neutron	939.565	0.602295	79321.6	0	0
neutron	939.565	0.129334	79321.6	0	0
Ne21	19550.5	0.14009	79321.6	0	0
Na23	21409.2	0.131523	87511.8	4877.76	4877.49
neutron	939.565	10.1739	75150.1	0	0
proton	938.272	9.49688	75150.1	0	0
neutron	939.565	6.21715	75150.1	0	0
neutron	939.565	5.16623	75150.1	0	0
F19	17692.3	1.84807	75150.1	0	0
Cl37	34424.8	0.253845	88359	4764.29	4764.03
proton	938.272	37.5427	76054.9	0	0
neutron	939.565	16.4219	76054.9	0	0
neutron	939.565	1.43227	76054.9	0	0
P32	29775.8	0.447997	76054.9	0	0
Na23	21409.2	0.311411	87119.3	4822.9	4822.48
neutron	939.565	1.31191	74627.7	0	0
S34	31632.7	0.0847938	74627.7	0	0
Ne23	21414.1	0.206479	76090.6	0	0
Na23	21409.2	0.183822	88220.1	5005.59	5005.29
Cl35	32564.6	0.0907618	76719.1	763.021	762.329
neutron	939.565	1.18591	74699	0	0
Ne22	20479.7	0.328066	74699	0	0
Na23	21409.2	0.153398	98044	9224.04	9223.25
Na23	21409.2	0.102804	84857.3	3846.97	3846.6
Na23	21409.2	0.324082	88632.7	5278.25	5277.79
Cl35	32564.6	0.13118	79715.1	1706.13	1705.9
neutron	939.565	0.14286	75138.3	0	0
Ne22	20479.7	0.178126	75138.3	0	0
S35	32565.3	0.145235	76921	0	0
proton	938.272	15.3518	75749.6	0	0
proton	938.272	6.00735	75749.6	0	0
neutron	939.565	3.87544	75749.6	0	0
neutron	939.565	1.90409	75749.6	0	0
neutron	939.565	0.580412	75749.6	0	0
Si30	27913.2	1.80832	75749.6	0	0
Cl35	32564.6	0.129428	89667.8	5873.68	5873.5
Cl35	32564.6	0.0790862	83451.8	3480.38	3480.18
Cl35	32564.6	0.1094	79762.1	1846.3	1846.09
neutron	939.565	20.557	75863.4	0	0
neutron	939.565	1.98042	75863.4	0	0
Ne21	19550.5	0.994181	75863.4	0	0
Na23	21409.2	0.199116	99012	9631.06	9630.59
neutron	939.565	1.35676	76359.7	0	0
S34	31632.7	0.0460672	76359.7	0	0
Cl35	32564.6	0.247011	93707.7	7494.55	7494.27
Cl35	32564.6	0.327009	92816.2	7003.45	7002.73
neutron	939.565	0.692915	77158.2	0	0
Ne22	20479.7	0.388269	77158.2	0	0
Na23	21409.2	0.539592	92496.8	7028.26	7027.69
Cl35	32564.6	0.148307	89960.6	6013.79	6013.48
proton	938.272	3.744	74877.7	0	0
neutron	939.565	0.212832	74877.7	0	0
P33	30705.3	0.15001	74877.7	0	0
Na23	21409.2	0.485438	79495.4	1191.26	1190.44
Cl35	32564.6	0.123869	78149.2	660.574	660.292
Ne23	21414.1	0.22207	76441.5	0	0
Na23	21409.2	0.105727	76106.1	259.137	258.969
proton	938.272	14.5498	75530.2	0	0
neutron	939.565	5.89528	75530.2	0	0
proton	938.272	5.0739	75530.2	0	0
neutron	939.565	1.25972	75530.2	0	0
neutron	939.565	0.651207	75530.2	0	0
Si30	27913.2	1.10129	75530.2	0	0
Cl37	34424.8	0.761719	93479.2	7191.68	7190.75
neutron	939.565	0.480782	74819.2	0	0
S34	31632.7	0.0906537	74819.2	0	0
Cl35	32564.6	0.0794617	78699.3	1064.29	1064.16
neutron	939.565	5.60544	75963.2	0	0
neutron	939.565	3.44344	75963.2	0	0
neutron	939.565	2.18285	75963.2	0	0
Ne20	18617.7	0.574601	75963.2	0	0
Cl35	32564.6	0.0869512	78700.4	946.011	945.197
neutron	939.565	17.9129	76107.4	0	0
Ne22	20479.7	0.935269	76107.4	0	0
Cl35	32564.6	0.275177	81973.1	2503.64	2503.14
Na23	21409.2	0.426477	76538.1	457.733	457.227
neutron	939.565	1.96629	75402.1	0	0
S34	31632.7	0.34824	75402.1	0	0
neutron	939.565	0.289087	79638.7	0	0
S36	33495	0.200376	79638.7	0	0
Cl35	32564.6	0.0802842	99029	9129.09	9128.96
Na23	21409.2	0.143002	94502.1	7238.06	7237.88
Na23	21409.2	0.113326	76490.2	38.3384	38.09
neutron	939.565	0.750259	76457.2	0	0
S34	31632.7	0.23173	76457.2	0	0
Cl35	32564.6	0.196473	97246.8	8891.13	8890.89
Cl35	32564.6	0.182638	96048.6	8400.1	8399.85
Cl35	32564.6	0.0720613	92026.9	6800.48	6800.33
neutron	939.565	2.61329	75331.3	0	0
Ne22	20479.7	0.469511	75331.3	0	0
Cl37	34424.8	0.0734619	98532.7	9322.3	9322.02
Na23	21409.2	0.10155	98159.1	9180.57	9180.47
neutron	939.565	104.964	92893.1	6698.92	6121.95
neutron	939.565	1.87472	92893.1	6698.92	6121.95
S35	32565.3	0.448919	92893.1	6698.92	6121.95
neutron	939.565	8.54593	78043.4	0	0
proton	938.272	2.84705	78043.4	0	0
neutron	939.565	1.61572	78043.4	0	0
neutron	939.565	1.34017	78043.4	0	0
P31	28844.2	0.309837	78043.4	0	0
Ne23	21414.1	0.231127	75740.1	0	0
Na23	21409.2	0.153189	90196.4	5838.18	5837.47
Cl37	34424.8	0.416478	95005.4	8131.81	8131.24
Cl35	32564.6	0.0833296	90907	5943.06	5942.93
S35	32565.3	0.148848	75317.7	0	0
Na23	21409.2	0.243834	87096.8	4522.22	4521.92
neutron	939.565	1.63186	75560	0	0
Ne22	20479.7	0.0591253	75560	0	0
Ne23	21414.1	0.218041	76101.7	0	0
Cl35	32564.6	0.144547	81577.3	1738.69	1738.42
neutron	939.565	7.75981	76487.4	0	0
neutron	939.565	1.60916	76487.4	0	0
neutron	939.565	0.198416	76487.4	0	0
Ne20	18617.7	1.01633	76487.4	0	0
Na23	21409.2	0.160894	84631.1	2566.33	2566.07
S37	34430.2	0.13757	78022.1	0	0
Ne23	21414.1	0.209409	78584.4	0	0
neutron	939.565	0.866535	74825.4	0	0
Ne22	20479.7	0.222879	74825.4	0	0
neutron	939.565	30.2472	76346.9	0	0
neutron	939.565	1.33471	76346.9	0	0
S33	30704.6	0.963597	76346.9	0	0
Cl35	32564.6	0.0740818	93978.1	7129.38	7129.29
Cl35	32564.6	0.075125	77812	490.686	490.278
Cl37	34424.8	0.123049	94894	7877	7876.79
Na23	21409.2	0.379733	98435.7	9072.82	9072.42
Cl35	32564.6	0.124224	82870.9	2702.3	2702.12
neutron	939.565	18.559	75690.6	0	0
proton	938.272	7.03823	75690.6	0	0
neutron	939.565	3.47278	75690.6	0	0
neutron	939.565	3.27849	75690.6	0	0
neutron	939.565	1.74867	75690.6	0	0
neutron	939.565	0.266675	75690.6	0	0
P31	28844.2	0.559139	75690.6	0	0
S35	32565.3	0.140831	76547.4	0	0
Cl37	34424.8	0.146812	88406.3	4836.76	4836.48
Na23	21409.2	0.131233	87188	4397.59	4397.42
Cl35	32564.6	0.101647	92482.1	6917.97	6917.86
Cl35	32564.6	0.10052	74581.3	50.4213	49.8246
neutron	939.565	0.213453	74533.7	0	0
Ne22	20479.7	0.219474	74533.7	0	0
Ne23	21414.1	0.21787	75457.6	0	0
Cl35	32564.6	0.0807661	90387.5	5364.08	5363.81
Na23	21409.2	0.404288	87487.1	4253.04	4252.17
Cl37	34424.8	0.0970484	86775.3	3832.97	3832.86
Cl35	32564.6	0.100267	85559.8	3084.47	3084.21
neutron	939.565	4.23337	77605.6	0	0
neutron	939.565	2.47725	77605.6	0	0
alpha	3727.38	6.57904	77605.6	0	0
O17	15830.5	1.41805	77605.6	0	0
Na23	21409.2	0.164269	78314.8	831.529	831.245
proton	938.272	40.622	76094.5	0	0
neutron	939.565	4.84742	76094.5	0	0
neutron	939.565	2.78395	76094.5	0	0
neutron	939.565	1.08296	76094.5	0	0
F19	17692.3	1.82072	76094.5	0	0
Cl37	34424.8	0.0722312	92217.4	6462.64	6462.46
Cl37	34424.8	0.0913584	80244.5	1261.32	1261.09
Na23	21409.2	0.19935	99384.2	9768.1	9767.84
neutron	939.565	478.459	87431.3	5022.22	4412.7
neutron	939.565	77.3463	87431.3	5022.22	4412.7
proton	938.272	3.79719	87431.3	5022.22	4412.7
alpha	3727.38	12.4237	87431.3	5022.22	4412.7
O16	14895.1	2.80259	87431.3	5022.22	4412.7
Na23	21409.2	0.133485	97222.1	8942.42	8942.24
Cl35	32564.6	0.380788	78961.7	396.104	395.539
Na23	21409.2	0.357839	96223.9	8392.99	8392.32
neutron	939.565	1.49617	76230.8	0	0
Ne22	20479.7	0.295808	76230.8	0	0
neutron	939.565	1.90364	76344.9	0	0
S34	31632.7	0.040636	76344.9	0	0
Cl35	32564.6	0.0762146	80730.8	1791.31	1791.2
neutron	939.565	9.50673	75830.9	0	0
neutron	939.565	4.37966	75830.9	0	0
neutron	939.565	4.12028	75830.9	0	0
proton	938.272	2.75473	75830.9	0	0
F19	17692.3	0.291031	75830.9	0	0
proton	938.272	6.97897	76273.1	0	0
neutron	939.565	6.19534	76273.1	0	0
P33	30705.3	0.456593	76273.1	0	0
Cl35	32564.6	0.144028	88123.4	4354.87	4354.69
neutron	939.565	8.67964	77152.9	0	0
neutron	939.565	6.29318	77152.9	0	0
neutron	939.565	2.27998	77152.9	0	0
Ne20	18617.7	0.457281	77152.9	0	0
Cl37	34424.8	0.160925	93373.5	6998.24	6997.85
Cl35	32564.6	0.519772	98285.8	9338.12	9337.5
Na23	21409.2	0.148456	80969.7	2018.8	2018.14
Na23	21409.2	0.104619	75970	73.7126	73.5117
neutron	939.565	20.3272	78316.3	0	0
neutron	939.565	5.73304	78316.3	0	0
neutron	939.565	4.50223	78316.3	0	0
alpha	3727.38	8.23752	78316.3	0	0
O16	14895.1	1.63188	78316.3	0	0
neutron	939.565	3.24913	75373.5	0	0
neutron	939.565	2.20011	75373.5	0	0
neutron	939.565	0.228892	75373.5	0	0
Ne20	18617.7	0.354147	75373.5	0	0
neutron	939.565	48.6445	75382.4	0	0
neutron	939.565	6.20154	75382.4	0	0
Ne21	19550.5	0.904528	75382.4	0	0
Na23	21409.2	0.175134	81773.6	1577.38	1576.52
proton	938.272	7.34529	75974	0	0
neutron	939.565	1.97806	75974	0	0
P35	32569.8	0.697263	75974	0	0
Na23	21409.2	0.132958	89816.6	4780.81	4780.64
Cl37	34424.8	0.161437	86298.6	3292.03	3291.36
Na23	21409.2	0.228179	84343.9	2500.68	2500.44
neutron	939.565	1.64811	77797.7	0	0
S34	31632.7	0.276467	77797.7	0	0
Cl35	32564.6	0.0980481	92873.5	6605.68	6605.36
Cl37	34424.8	0.127087	88551.8	4402.51	4402.34
Cl35	32564.6	0.144107	83275.8	2831.78	2831.5
Cl37	34424.8	0.0701998	80956.3	1949.23	1948.99
Cl37	34424.8	0.325335	95463.6	8017.82	8017.42
Cl37	34424.8	0.303551	79520.8	1364.86	1364.3
neutron	939.565	9.09823	75915.6	0	0
neutron	939.565	2.37858	75915.6	0	0
neutron	939.565	2.14684	75915.6	0	0
Ne20	18617.7	1.45469	75915.6	0	0
neutron	939.565	32.2982	75650.2	0	0
neutron	939.565	12.6456	75650.2	0	0
neutron	939.565	10.2584	75650.2	0	0
Ne20	18617.7	0.949118	75650.2	0	0
Cl35	32564.6	0.0981547	93004	7118.55	7118.44
Cl35	32564.6	0.0795828	85671.1	4136.09	4135.97
neutron	939.565	3.37611	75324.1	0	0
S34	31632.7	0.0796892	75324.1	0	0
Cl37	34424.8	0.396194	94471.4	7091.67	7091.09
Cl35	32564.6	0.247427	96764.7	8766.2	8765.95
proton	938.272	43.272	75420.8	0	0
neutron	939.565	9.44406	75420.8	0	0
P33	30705.3	1.20275	75420.8	0	0
Cl37	34424.8	0.444834	77224.5	681.01	680.447
Cl35	32564.6	0.184164	98907.4	9530.04	9529.58
Cl35	32564.6	0.130382	80328.1	1399.33	1399.15
S35	32565.3	0.148429	75706.1	0	0
Na23	21409.2	0.166265	89444.4	5752.87	5752.61
Cl35	32564.6	0.141974	87082.7	4698.43	4698.24
neutron	939.565	0.88574	74714.6	0	0
Ne22	20479.7	0.421763	74714.6	0	0
Cl35	32564.6	0.131183	99525.6	9808.75	9807.92
S35	32565.3	0.135231	76057.1	0	0
Na23	21409.2	0.75952	89306.6	5600.63	5599.8
Na23	21409.2	0.530878	82918.5	3146.15	3145.59
neutron	939.565	43.3149	74941.4	0	0
alpha	3727.38	3.19	74941.4	0	0
triton	2808.92	1.8818	74941.4	0	0
N15	13968.9	3.99458	74941.4	0	0
neutron	939.565	1.44252	74637.7	0	0
Ne22	20479.7	0.267636	74637.7	0	0
proton	938.272	20.3519	76212	0	0
neutron	939.565	7.84965	76212	0	0
neutron	939.565	5.9465	76212	0	0
proton	938.272	3.97105	76212	0	0
neutron	939.565	2.77366	76212	0	0
Si30	27913.2	1.30571	76212	0	0
Na23	21409.2	0.104312	85337.3	4134.38	4134.17
neutron	939.565	2.4229	75161.5	0	0
Ne22	20479.7	0.354213	75161.5	0	0
neutron	939.565	23.7519	77406.2	0	0
neutron	939.565	0.618487	77406.2	0	0
S33	30704.6	0.645261	77406.2	0	0
neutron	939.565	1.11235	75811.9	0	0
S34	31632.7	0.101004	75811.9	0	0
Ne23	21414.1	0.218707	74796.2	0	0
Cl35	32564.6	0.161047	99556.9	9473.89	9473.66
Ne23	21414.1	0.216789	76032.6	0	0
proton	938.272	7.26343	78325.3	0	0
neutron	939.565	3.4306	78325.3	0	0
neutron	939.565	3.39425	78325.3	0	0
proton	938.272	2.89391	78325.3	0	0
neutron	939.565	1.65143	78325.3	0	0
neutron	939.565	1.07993	78325.3	0	0
neutron	939.565	0.50587	78325.3	0	0
Si28	26053.2	0.710452	78325.3	0	0
Cl37	34424.8	0.0925475	87004.6	3876.34	3875.97
Na23	21409.2	0.367413	81308.9	1751	1750.36
neutron	939.565	0.442044	76435	0	0
S34	31632.7	0.239155	76435	0	0
Na23	21409.2	0.279397	96767.2	8686.46	8686.03
neutron	939.565	262.352	98058.5	9246.38	8788.08
proton	938.272	33.5455	98058.5	9246.38	8788.08
neutron	939.565	9.38574	98058.5	9246.38	8788.08
proton	938.272	8.82191	98058.5	9246.38	8788.08
proton	938.272	6.45683	98058.5	9246.38	8788.08
proton	938.272	5.81679	98058.5	9246.38	8788.08
neutron	939.565	5.45396	98058.5	9246.38	8788.08
neutron	939.565	3.55408	98058.5	9246.38	8788.08
neutron	939.565	1.80623	98058.5	9246.38	8788.08
deuteron	1875.61	5.83082	98058.5	9246.38	8788.08
Mg26	24196.5	9.66963	98058.5	9246.38	8788.08
neutron	939.565	1.58495	78047.9	0	0
S34	31632.7	0.329111	78047.9	0	0
Na23	21409.2	0.123078	77692.4	681.121	680.164
Cl35	32564.6	0.0830828	91221.2	6684.73	6684.55
neutron	939.565	8.31179	75643.3	0	0
neutron	939.565	6.78497	75643.3	0	0
neutron	939.565	3.98457	75643.3	0	0
alpha	3727.38	6.94969	75643.3	0	0
O16	14895.1	0.104197	75643.3	0	0
Na23	21409.2	0.441916	89987	4978.59	4978.12
neutron	939.565	0.884543	77195.7	0	0
S34	31632.7	0.132234	77195.7	0	0
Cl35	32564.6	0.0845035	86134.1	3989.23	3988.96
neutron	939.565	0.224639	76345.1	0	0
S34	31632.7	0.111757	76345.1	0	0
Na23	21409.2	0.118411	92443.1	7000.92	7000.36
neutron	939.565	2.76567	75790.2	0	0
neutron	939.565	1.83794	75790.2	0	0
Ne21	19550.5	0.219775	75790.2	0	0
neutron	939.565	33.2294	76541.6	0	0
neutron	939.565	18.168	76541.6	0	0
neutron	939.565	1.49507	76541.6	0	0
S32	29773.6	1.09435	76541.6	0	0
neutron	939.565	35.2975	77606.7	0	0
neutron	939.565	2.52217	77606.7	0	0
neutron	939.565	1.9145	77606.7	0	0
alpha	3727.38	7.80317	77606.7	0	0
O16	14895.1	2.97421	77606.7	0	0
Na23	21409.2	0.415405	96693.2	8429.76	8429.14
neutron	939.565	2.30739	76424.8	0	0
S36	33495	0.170231	76424.8	0	0
neutron	939.565	7.29004	77137.3	0	0
neutron	939.565	0.0719051	77137.3	0	0
alpha	3727.38	14.1272	77137.3	0	0
O17	15830.5	5.69813	77137.3	0	0
Cl35	32564.6	0.207009	79980.4	502.273	502.014
S35	32565.3	0.156101	78667.8	0	0
Na23	21409.2	0.205273	87232.4	3799.84	3799.55
Cl35	32564.6	0.150646	86012.6	3349.89	3349.71
neutron	939.565	31.774	77509.5	0	0
neutron	939.565	1.91611	77509.5	0	0
neutron	939.565	1.27757	77509.5	0	0
S34	31632.7	0.855663	77509.5	0	0
Cl35	32564.6	0.0763693	95850.4	8178.3	8178.06
Cl35	32564.6	0.103857	94304.6	7482.32	7482.15
Cl35	32564.6	0.27258	88080.8	4936.68	4936.4
neutron	939.565	2.82418	76199.7	0	0
S34	31632.7	0.250205	76199.7	0	0
Cl35	32564.6	0.112531	96395.9	7712.97	7712.55
neutron	939.565	1.75648	76763.2	0	0
S34	31632.7	0.0263335	76763.2	0	0
Na23	21409.2	0.234255	79194.2	1295.49	1294.95
Na23	21409.2	0.192085	97213.4	8740.86	8740.52
Cl35	32564.6	0.0826194	79841.8	1485.72	1485.45
Ne23	21414.1	0.210635	77907.1	0	0
Cl37	34424.8	0.120282	77920.9	1156.93	1156.79
neutron	939.565	2.06871	74715.4	0	0
S34	31632.7	0.227541	74715.4	0	0
Na23	21409.2	0.269841	93458.7	7234.31	7233.98
Cl37	34424.8	0.140996	88049.2	5089.77	5089.58
Na23	21409.2	0.175457	84267.4	3607.19	3606.62
Cl35	32564.6	0.0713858	81504.2	2484.07	2483.92
neutron	939.565	8.54074	76122.2	0	0
neutron	939.565	5.42556	76122.2	0	0
neutron	939.565	3.47179	76122.2	0	0
S34	31632.7	0.249292	76122.2	0	0
Na23	21409.2	0.387278	95461.1	8146.04	8145.63
Na23	21409.2	0.104149	88157.3	4869.06	4868.76
neutron	939.565	0.124802	77098.3	0	0
Ne22	20479.7	0.23187	77098.3	0	0
Cl35	32564.6	0.167981	98664.7	9504.24	9504.02
Na23	21409.2	0.133529	95447.6	8270.17	8269.99
Cl37	34424.8	0.225156	84677.9	3884.81	3884.5
neutron	939.565	2.42752	75756.8	0	0
Ne22	20479.7	0.343823	75756.8	0	0
Na23	21409.2	0.167172	76025.7	129.111	128.928
Na23	21409.2	0.123573	91380.4	5642.04	5641.76
Cl35	32564.6	0.075836	80207.7	1189.08	1188.98
neutron	939.565	4.16783	77152.9	0	0
S34	31632.7	0.459932	77152.9	0	0
Cl35	32564.6	0.0851158	98952.2	9526.89	9526.65
neutron	939.565	1.59077	76225.3	0	0
Ne22	20479.7	0.457511	76225.3	0	0
Na23	21409.2	0.112858	75343.1	66.2874	66.1144
Cl35	32564.6	0.171511	79355.8	733.741	733.429
Cl37	34424.8	0.0631071	99343.4	9737.74	9737.66
Na23	21409.2	0.260596	87331.8	4735.69	4735.39
Na23	21409.2	1.04029	86780	4517.99	4516.78
Cl35	32564.6	0.130076	99854.2	9943.74	9943.59
Cl35	32564.6	0.0710154	90924	6419.8	6419.72
Na23	21409.2	0.131339	92543.2	7224.74	7224.49
neutron	939.565	5.86689	75015.8	0	0
Ne22	20479.7	0.152095	75015.8	0	0
Cl37	34424.8	0.152959	99556.6	9819.97	9819.59
Na23	21409.2	0.64787	93325.6	7120.25	7119.43
S37	34430.2	0.138899	77084.7	0	0
proton	938.272	29.8093	75134.1	0	0
neutron	939.565	5.45075	75134.1	0	0
neutron	939.565	0.0814017	75134.1	0	0
F20	18625.3	0.430667	75134.1	0	0
S35	32565.3	0.146951	75628.3	0	0
Cl35	32564.6	0.132305	77976.5	300.754	300.6
neutron	939.565	0.691533	77202.2	0	0
Ne22	20479.7	0.126247	77202.2	0	0
neutron	939.565	13.4331	76276.8	0	0
proton	938.272	11.064	76276.8	0	0
neutron	939.565	4.2011	76276.8	0	0
neutron	939.565	3.18887	76276.8	0	0
P31	28844.2	0.175756	76276.8	0	0
Cl35	32564.6	0.0990333	92117.9	6651.06	6650.75
Ne23	21414.1	0.19261	75770.3	0	0
Cl35	32564.6	0.0759239	85000.4	3864.89	3864.74
S37	34430.2	0.139491	75036.3	0	0
neutron	939.565	0.333882	78637.3	0	0
S34	31632.7	0.106319	78637.3	0	0
Cl35	32564.6	0.793713	84675.6	2248.79	2247.62
Cl35	32564.6	0.0808798	97160.8	8888.44	8888.35
Cl37	34424.8	0.0798302	89899	5751.51	5750.89
neutron	939.565	0.923599	74791.1	0	0
Ne22	20479.7	0.112514	74791.1	0	0
Na23	21409.2	0.203216	98636.9	9419.73	9419.17
neutron	939.565	0.8715	75902.5	0	0
S34	31632.7	0.257147	75902.5	0	0
S35	32565.3	0.137305	75557	0	0
Na23	21409.2	0.163629	89456.4	5642.91	5642.7
Cl35	32564.6	0.533264	81762.2	2612.92	2612.37
S35	32565.3	0.15336	75332.6	0	0
Cl35	32564.6	0.0822804	94526.6	7843.31	7843.11
neutron	939.565	19.1413	76399	0	0
proton	938.272	11.6486	76399	0	0
neutron	939.565	0.506078	76399	0	0
neutron	939.565	0.450359	76399	0	0
P33	30705.3	1.54562	76399	0	0
neutron	939.565	1.99693	79288.9	0	0
S36	33495	0.237431	79288.9	0	0
Na23	21409.2	0.10242	82194.4	2011.55	2011.42
neutron	939.565	1.99796	76737.5	0	0
Ne22	20479.7	0.186801	76737.5	0	0
neutron	939.565	27.0837	75150.2	0	0
neutron	939.565	17.1434	75150.2	0	0
neutron	939.565	0.552596	75150.2	0	0
Ne20	18617.7	0.806837	75150.2	0	0
neutron	939.565	2.85225	75478.3	0	0
Ne22	20479.7	0.335827	75478.3	0	0
neutron	939.565	21.144	75392	0	0
neutron	939.565	1.44183	75392	0	0
alpha	3727.38	6.99842	75392	0	0
Si29	26984.3	1.22749	75392	0	0
Na23	21409.2	0.2898	92390.8	6758.92	6758.07
neutron	939.565	0.844099	75540.3	0	0
S34	31632.7	0.277076	75540.3	0	0
Na23	21409.2	0.237362	79677.9	1551.97	1551.71
neutron	939.565	0.0541107	75291.3	0	0
S36	33495	0.141131	75291.3	0	0
Na23	21409.2	0.197893	83186.5	3026.23	3025.75
S35	32565.3	0.161605	75789.4	0	0
neutron	939.565	0.49504	74456.5	0	0
S34	31632.7	0.141568	74456.5	0	0
Na23	21409.2	0.191445	82557.7	2603.8	2603.05
Cl35	32564.6	0.0887801	78794	1166.01	1165.86
Cl37	34424.8	0.0803842	83608.6	2285.29	2285.18
Cl35	32564.6	0.077265	86186.8	3350.02	3349.82
neutron	939.565	0.344272	78076.2	0	0
Ne22	20479.7	0.171941	78076.2	0	0
Cl35	32564.6	0.0964476	79490.9	1042.07	1041.77
Ne23	21414.1	0.215991	76669.2	0	0
Cl35	32564.6	0.119356	79547.5	914.481	914.242
neutron	939.565	12.1034	74790.5	0	0
neutron	939.565	3.44264	74790.5	0	0
proton	938.272	2.80374	74790.5	0	0
neutron	939.565	1.70892	74790.5	0	0
P33	30705.3	0.407544	74790.5	0	0
Cl37	34424.8	0.346348	94399.6	7788.28	7787.71
Cl35	32564.6	0.116005	76970.2	426.883	426.614
neutron	939.565	0.527707	75864.6	0	0
S34	31632.7	0.195308	75864.6	0	0
Cl35	32564.6	0.0688648	93390.4	6812.89	6812.62
neutron	939.565	1.61072	75821.1	0	0
S34	31632.7	0.196334	75821.1	0	0
S37	34430.2	0.139881	75810.8	0	0
neutron	939.565	1.2718	78455.1	0	0
Ne22	20479.7	0.223477	78455.1	0	0
neutron	939.565	12.2307	77298.3	0	0
neutron	939.565	0.331607	77298.3	0	0
S35	32565.3	0.536412	77298.3	0	0
neutron	939.565	34.6198	77369.1	0	0
neutron	939.565	13.2199	77369.1	0	0
proton	938.272	4.46804	77369.1	0	0
neutron	939.565	2.05694	77369.1	0	0
P31	28844.2	0.945505	77369.1	0	0
neutron	939.565	0.170476	75294.8	0	0
S34	31632.7	0.182391	75294.8	0	0
Na23	21409.2	0.155145	78519.7	1266.53	1266.32
neutron	939.565	0.562597	75118.7	0	0
S34	31632.7	0.20207	75118.7	0	0
Cl35	32564.6	0.0739062	97911.8	9244.83	9244.74
Na23	21409.2	0.39473	93886.3	5861.48	5861.02
Cl35	32564.6	0.0698732	84457	2205.6	2205.12
proton	938.272	14.6183	78689.8	0	0
proton	938.272	4.83166	78689.8	0	0
neutron	939.565	2.76546	78689.8	0	0
neutron	939.565	1.13168	78689.8	0	0
neutron	939.565	0.264759	78689.8	0	0
Si30	27913.2	0.972769	78689.8	0	0
Na23	21409.2	0.25379	91382.9	5966.54	5966.15
Na23	21409.2	0.250239	88021.7	4547.16	4546.8
Cl35	32564.6	0.208859	80156	1047.77	1047.55
S37	34430.2	0.134095	77472	0	0
Ne23	21414.1	0.217117	76759.8	0	0
Na23	21409.2	0.1382	84514.7	2691.02	2690.78
S35	32565.3	0.154779	77438.6	0	0
Na23	21409.2	0.25408	99820.5	9938.56	9938.3
neutron	939.565	8.89292	76471.8	0	0
neutron	939.565	7.085	76471.8	0	0
neutron	939.565	1.09058	76471.8	0	0
Ne20	18617.7	1.21026	76471.8	0	0
S35	32565.3	0.142636	78741.1	0	0
Na23	21409.2	2.03277	99685.8	9826	9823.89
Na23	21409.2	0.452777	81570.9	2044.24	2043.51
Cl35	32564.6	0.0880416	94804.4	7700.7	7700.52
Cl35	32564.6	0.21616	99738.5	9882.91	9882.46
Ne23	21414.1	0.220061	76453.4	0	0
S37	34430.2	0.143437	74859.8	0	0
Na23	21409.2	0.362834	77625	1554.7	1554.02
Na23	21409.2	0.143952	94136.6	7398.77	7398.47
neutron	939.565	7.05431	75277.7	0	0
neutron	939.565	4.70854	75277.7	0	0
neutron	939.565	2.26894	75277.7	0	0
neutron	939.565	1.13262	75277.7	0	0
neutron	939.565	0.989377	75277.7	0	0
S32	29773.6	0.364599	75277.7	0	0
Na23	21409.2	0.259217	80474.3	1793.51	1793.1
Na23	21409.2	0.111723	87571.5	4319.41	4319.19
Na23	21409.2	0.28587	84365.3	3053.88	3053.57
Na23	21409.2	0.165374	77566.3	889.543	889.214
Na23	21409.2	0.753192	77150.2	701.548	700.682
Na23	21409.2	0.260642	99583.2	9809.14	9808.65
Na23	21409.2	0.151172	80941.7	1284.18	1283.86
Ne23	21414.1	0.218525	77758.6	0	0
Na23	21409.2	0.141018	80458.2	1360.67	1360.41
neutron	939.565	0.972383	76889.9	0	0
S34	31632.7	0.112909	76889.9	0	0
Na23	21409.2	0.109487	95992.7	8099.75	8099.45
neutron	939.565	36.4413	75923.1	0	0
proton	938.272	26.7584	75923.1	0	0
neutron	939.565	1.66869	75923.1	0	0
P32	29775.8	0.658368	75923.1	0	0
Na23	21409.2	0.23298	86734	4029.62	4029.25
Na23	21409.2	0.157071	83764.7	2878.96	2878.73
Cl35	32564.6	0.0791323	83102.8	2559.93	2559.73
neutron	939.565	10.436	76504.9	0	0
neutron	939.565	6.78839	76504.9	0	0
neutron	939.565	1.74239	76504.9	0	0
Ne20	18617.7	0.922775	76504.9	0	0
Ne23	21414.1	0.221597	75091.1	0	0
neutron	939.565	0.282265	76063.6	0	0
S34	31632.7	0.100912	76063.6	0	0
Cl35	32564.6	0.111278	78130.9	1494.36	1494.17
Ne23	21414.1	0.22281	74349.2	0	0
Cl37	34424.8	0.128386	93993.7	5482.93	5482.78
S37	34430.2	0.139729	80563.5	0	0
Cl37	34424.8	0.067082	78026.2	680.546	680.359
Na23	21409.2	0.279103	87387.1	4931.02	4930.69
Na23	21409.2	0.11249	75539.7	300.637	300.361
Cl35	32564.6	0.0860686	89172.6	3418.6	3417.43
S37	34430.2	0.141743	80684.1	0	0
Cl35	32564.6	0.2797	83980.7	2469.45	2469.12
Na23	21409.2	0.10922	92699.7	6664.08	6663.82
Ne23	21414.1	0.202298	76269.3	0	0
Na23	21409.2	1.48916	85952.4	2962.95	2961.02
neutron	939.565	8.01681	78696.7	0	0
neutron	939.565	2.86157	78696.7	0	0
neutron	939.565	0.545125	78696.7	0	0
S32	29773.6	0.765952	78696.7	0	0
Na23	21409.2	0.384136	89942.9	5860.08	5859.66
neutron	939.565	0.795008	75123.9	0	0
Ne22	20479.7	0.248282	75123.9	0	0
Cl35	32564.6	0.0776444	86649.9	4341.37	4341.07
Cl37	34424.8	0.160078	86516.8	4259.14	4258.82
neutron	939.565	6.80346	75891	0	0
neutron	939.565	0.831096	75891	0	0
neutron	939.565	0.430047	75891	0	0
S32	29773.6	0.464871	75891	0	0
Cl35	32564.6	0.0863211	99826.8	9940.85	9940.54
Cl35	32564.6	0.0790623	99404.1	9765.81	9765.63
Cl35	32564.6	0.519439	92754	5544.59	5543.99
Na23	21409.2	0.254686	93847.1	7354.93	7354.34
neutron	939.565	1.25284	74740.4	0	0
Ne22	20479.7	0.186395	74740.4	0	0
Cl35	32564.6	0.082418	76685.8	355.773	355.481
neutron	939.565	8.26778	76675.5	0	0
neutron	939.565	4.42574	76675.5	0	0
neutron	939.565	1.64849	76675.5	0	0
alpha	3727.38	5.24593	76675.5	0	0
alpha	3727.38	6.97617	76675.5	0	0
C12	11174.9	6.96583	76675.5	0	0
Cl35	32564.6	0.123282	83402.9	2150.58	2150.46
neutron	939.565	0.307919	77933.8	0	0
S36	33495	0.0975988	77933.8	0	0
proton	938.272	18.8622	76561.6	0	0
neutron	939.565	5.98697	76561.6	0	0
proton	938.272	3.15228	76561.6	0	0
neutron	939.565	1.68504	76561.6	0	0
neutron	939.565	1.41086	76561.6	0	0
Si30	27913.2	0.66526	76561.6	0	0
proton	938.272	8.78541	77220.3	0	0
proton	938.272	5.04853	77220.3	0	0
neutron	939.565	4.77898	77220.3	0	0
neutron	939.565	2.50945	77220.3	0	0
neutron	939.565	2.22224	77220.3	0	0
neutron	939.565	0.28216	77220.3	0	0
Si29	26984.3	0.116213	77220.3	0	0
Cl37	34424.8	0.107952	87912	4929.14	4928.99
S35	32565.3	0.155777	75002	0	0
Cl35	32564.6	0.176468	90384.8	6119.94	6119.76
neutron	939.565	0.529308	76874.6	0	0
Ne22	20479.7	0.189779	76874.6	0	0
Cl35	32564.6	0.128008	98408.5	9109.35	9109.14
Cl35	32564.6	0.0667361	81117.9	1407.69	1407.14
neutron	939.565	2.49104	77381.1	0	0
S34	31632.7	0.351104	77381.1	0	0
Cl35	32564.6	0.0714835	81330.4	1692.44	1692.34
neutron	939.565	2.73963	76748	0	0
alpha	3727.38	9.53039	76748	0	0
Si30	27913.2	0.619335	76748	0	0
Cl35	32564.6	0.246171	81054.4	2261.54	2261.2
Na23	21409.2	0.236391	75467.9	46.9407	46.6442
Cl37	34424.8	0.427674	94491.5	7706.4	7705.2
Cl35	32564.6	0.0787849	79822.6	967.292	967.096
Cl35	32564.6	0.0856191	78407.1	503.585	503.344
Cl35	32564.6	0.329664	96901.6	8536.97	8536.62
neutron	939.565	1.77718	75486.5	0	0
Ne22	20479.7	0.0807657	75486.5	0	0
Na23	21409.2	0.146418	95278.3	8042.76	8042.55
Cl35	32564.6	0.147392	89995.8	5826.42	5826.27
neutron	939.565	3.53567	76045	0	0
neutron	939.565	1.80412	76045	0	0
neutron	939.565	0.418899	76045	0	0
alpha	3727.38	4.83074	76045	0	0
O16	14895.1	1.43587	76045	0	0
S35	32565.3	0.134339	76914.5	0	0
Na23	21409.2	0.117459	98911.5	9537.31	9537.12
Cl37	34424.8	0.0924318	95605.8	8208.46	8208.27
neutron	939.565	0.698683	75124.6	0	0
Ne22	20479.7	0.227259	75124.6	0	0
Cl35	32564.6	0.103723	82548.4	2616.77	2616.6
neutron	939.565	31.6792	75832.8	0	0
neutron	939.565	3.46219	75832.8	0	0
Ne21	19550.5	1.01139	75832.8	0	0
Cl35	32564.6	0.118411	89711.6	5932.09	5931.32
Na23	21409.2	0.153744	74871.5	24.4316	24.0116
Na23	21409.2	0.759378	88716.9	4003.37	4002.48
Cl35	32564.6	0.0924108	81956.7	1241.72	1241.55
neutron	939.565	6.00223	78940.1	0	0
neutron	939.565	1.53918	78940.1	0	0
S33	30704.6	0.436829	78940.1	0	0
neutron	939.565	0.160818	76505.3	0	0
S34	31632.7	0.185568	76505.3	0	0
Ne23	21414.1	0.23038	75386.3	0	0
Cl35	32564.6	0.0895819	96440	8445.56	8445.4
proton	938.272	9.14358	75833.8	0	0
neutron	939.565	8.04878	75833.8	0	0
neutron	939.565	7.17948	75833.8	0	0
proton	938.272	5.27508	75833.8	0	0
neutron	939.565	4.53232	75833.8	0	0
Si30	27913.2	0.0655136	75833.8	0	0
Cl37	34424.8	0.205869	97327.7	8976.81	8976.57
Na23	21409.2	0.162535	93045.7	7206.58	7206.09
neutron	939.565	1.32587	75294.2	0	0
S36	33495	0.119915	75294.2	0	0
Cl37	34424.8	0.0861382	77488.5	443.361	443.145
Ne23	21414.1	0.23008	76319.7	0	0
S37	34430.2	0.141754	77064.1	0	0
neutron	939.565	0.36801	76054	0	0
Ne22	20479.7	0.183116	76054	0	0
Cl35	32564.6	0.140435	93502.9	6973.19	6973.03
Cl37	34424.8	0.135563	87944.9	4639.21	4638.95
neutron	939.565	4.08066	75941.4	0	0
neutron	939.565	3.45818	75941.4	0	0
neutron	939.565	1.83546	75941.4	0	0
Ne20	18617.7	0.210221	75941.4	0	0
Cl37	34424.8	0.150378	94624.8	7628.58	7628.28
Na23	21409.2	0.231244	83405.2	2415.29	2414.97
Na23	21409.2	0.232991	85847.5	4010.72	4009.99
neutron	939.565	2.11281	76450.4	0	0
neutron	939.565	1.63866	76450.4	0	0
neutron	939.565	0.419075	76450.4	0	0
S32	29773.6	0.646823	76450.4	0	0
neutron	939.565	20.5966	78515	0	0
neutron	939.565	18.3994	78515	0	0
neutron	939.565	0.473345	78515	0	0
alpha	3727.38	6.85553	78515	0	0
O16	14895.1	1.36243	78515	0	0
Cl35	32564.6	0.0791638	90914.7	6263.55	6263.27
neutron	939.565	2.16183	76648.3	0	0
Ne22	20479.7	0.124089	76648.3	0	0
Cl37	34424.8	0.0884873	95057.8	7879.88	7879.76
Cl35	32564.6	0.0739773	87720	5031.6	5031.43
Ne23	21414.1	0.231898	74765.1	0	0
Ne23	21414.1	0.209899	80602.1	0	0
neutron	939.565	2.15026	77704	0	0
neutron	939.565	1.29509	77704	0	0
Ne21	19550.5	0.392039	77704	0	0
Na23	21409.2	0.135765	88417.2	4842.85	4842.7
Na23	21409.2	0.109303	82513.7	1614.9	1614.77
neutron	939.565	0.56908	78058.8	0	0
S34	31632.7	0.0711071	78058.8	0	0
Na23	21409.2	0.18447	79599.2	817.664	817.413
neutron	939.565	0.0882266	77580.5	0	0
S36	33495	0.109604	77580.5	0	0
Cl35	32564.6	0.568568	87871.7	2918.74	2917.98
Na23	21409.2	0.101587	86933.9	4575.07	4574.93
Cl35	32564.6	0.0986311	81237.5	2317.6	2317.41
Na23	21409.2	0.196174	77666.3	985.313	984.958
Cl37	34424.8	0.083016	96425.7	7909.8	7909.46
Cl35	32564.6	0.799985	94300	6990.49	6989.55
Ne23	21414.1	0.207264	76255.9	0	0
Ne23	21414.1	0.208345	75852.6	0	0
Cl37	34424.8	0.335727	93187	6683.04	6682.39
Cl35	32564.6	0.150943	88622.2	5194.55	5194.33
neutron	939.565	1.65488	75855.5	0	0
Ne22	20479.7	0.0981092	75855.5	0	0
Na23	21409.2	0.246905	76593	660.075	659.822
Ne23	21414.1	0.226245	74819.9	0	0
Na23	21409.2	1.11745	99628.4	9851.89	9850.52
neutron	939.565	0.0897205	76459.6	0	0
Ne22	20479.7	0.207971	76459.6	0	0
S35	32565.3	0.149741	76428.3	0	0
Ne23	21414.1	0.218651	76484.9	0	0
Cl37	34424.8	0.081902	98934.4	9580.22	9579.91
neutron	939.565	0.426529	79421.2	0	0
Ne22	20479.7	0.246314	79421.2	0	0
Na23	21409.2	0.213066	89896.3	4148.94	4148.49
Na23	21409.2	0.204018	81478	979.172	978.9
Cl35	32564.6	0.0855373	79056.7	120.502	120.075
Ne23	21414.1	0.229946	78830.4	0	0
neutron	939.565	1.21316	79147	0	0
Ne22	20479.7	0.351442	79147	0	0
Cl37	34424.8	0.0858098	92732.4	6640.02	6639.92
Na23	21409.2	0.111411	83393.2	2544.5	2543.83
Na23	21409.2	0.109885	92591.7	6696.19	6695.82
S35	32565.3	0.148417	77018.1	0	0
Na23	21409.2	0.15391	79791.8	852.086	851.764
Na23	21409.2	0.106216	77948.8	218.101	217.8
neutron	939.565	0.0471485	77076.2	0	0
Ne22	20479.7	0.23539	77076.2	0	0
neutron	939.565	0.612525	75689.7	0	0
S34	31632.7	0.260274	75689.7	0	0
Cl35	32564.6	0.265899	80300.6	1071.9	1071.29
neutron	939.565	3.07801	77427.8	0	0
S34	31632.7	0.0920968	77427.8	0	0
proton	938.272	80.7517	90259.3	5524.74	4857.72
neutron	939.565	25.8754	90259.3	5524.74	4857.72
proton	938.272	18.6072	90259.3	5524.74	4857.72
neutron	939.565	11.8476	90259.3	5524.74	4857.72
proton	938.272	9.56284	90259.3	5524.74	4857.72
neutron	939.565	9.44446	90259.3	5524.74	4857.72
proton	938.272	5.53561	90259.3	5524.74	4857.72
neutron	939.565	5.52944	90259.3	5524.74	4857.72
neutron	939.565	4.64844	90259.3	5524.74	4857.72
neutron	939.565	4.18525	90259.3	5524.74	4857.72
neutron	939.565	1.31553	90259.3	5524.74	4857.72
deuteron	1875.61	108.562	90259.3	5524.74	4857.72
Na22	20482.1	0.890032	90259.3	5524.74	4857.72
neutron	939.565	0.170647	78829.7	0	0
S34	31632.7	0.129411	78829.7	0	0
Cl37	34424.8	0.0697939	94932.1	7819.5	7819.26
Na23	21409.2	0.114068	81994.7	2521.64	2521.52
Cl35	32564.6	0.0728362	97089.1	8719.17	8718.9
neutron	939.565	0.932894	75450.3	0	0
S34	31632.7	0.0811582	75450.3	0	0
proton	938.272	4.80264	76172.4	0	0
neutron	939.565	1.90241	76172.4	0	0
neutron	939.565	1.05823	76172.4	0	0
P32	29775.8	0.115114	76172.4	0	0
proton	938.272	6.73431	78475.6	0	0
neutron	939.565	2.23195	78475.6	0	0
neutron	939.565	1.58926	78475.6	0	0
P34	31638.6	0.365167	78475.6	0	0
neutron	939.565	0.182743	78724.9	0	0
S34	31632.7	0.171887	78724.9	0	0
Na23	21409.2	0.311863	83612.9	3503.23	3502.7
neutron	939.565	1.76566	74258.9	0	0
Ne22	20479.7	0.298144	74258.9	0	0
Ne23	21414.1	0.211787	76172.2	0	0
Cl35	32564.6	0.0797497	77288.1	153.904	153.709
Na23	21409.2	0.285636	85506.8	3786.85	3786.51
Na23	21409.2	0.236659	83436.1	2951.45	2951.14
Cl37	34424.8	0.0662917	87567.6	4405.14	4404.94
Ne23	21414.1	0.230976	77746.5	0	0
Cl37	34424.8	0.149195	93134.4	6688.46	6688.27
neutron	939.565	0.695653	77161.4	0	0
Ne22	20479.7	0.330806	77161.4	0	0
Cl35	32564.6	0.0856662	86350.2	2747.37	2747.25
proton	938.272	9.46315	79291.5	0	0
neutron	939.565	3.89997	79291.5	0	0
neutron	939.565	1.04454	79291.5	0	0
alpha	3727.38	6.32215	79291.5	0	0
N16	14906	2.96669	79291.5	0	0
Na23	21409.2	0.118413	92639.3	6873.59	6873.39
neutron	939.565	0.701213	75641.7	0	0
Ne22	20479.7	0.320563	75641.7	0	0
neutron	939.565	1.91385	75503.4	0	0
S34	31632.7	0.07341	75503.4	0	0
Na23	21409.2	0.106798	98728.2	9514.18	9514.01
Cl35	32564.6	0.102184	87747.7	4962.48	4962.2
neutron	939.565	26.9453	75002.5	0	0
neutron	939.565	3.09967	75002.5	0	0
neutron	939.565	1.71279	75002.5	0	0
S34	31632.7	0.830927	75002.5	0	0
Cl35	32564.6	0.082504	82302.3	3066.22	3066.09
neutron	939.565	5.86958	74109.3	0	0
Ne22	20479.7	0.52435	74109.3	0	0
Cl37	34424.8	0.437444	91221.3	6535.03	6534.47
Cl35	32564.6	0.080372	81580.4	2751.15	2750.98
neutron	939.565	7.75074	74785.3	0	0
neutron	939.565	5.31393	74785.3	0	0
neutron	939.565	1.51329	74785.3	0	0
alpha	3727.38	4.93514	74785.3	0	0
O16	14895.1	0.578559	74785.3	0	0
Cl35	32564.6	0.0733456	93544	6629.41	6629.16
Cl35	32564.6	0.115978	81434.6	2379.96	2379.67
neutron	939.565	2.06067	75390.5	0	0
S34	31632.7	0.060778	75390.5	0	0
neutron	939.565	3.21941	75773.5	0	0
S34	31632.7	0.028096	75773.5	0	0
Na23	21409.2	0.325114	91605.4	6732.2	6731.68
Na23	21409.2	0.347338	90368.3	6253.19	6252.8
Cl35	32564.6	0.0854601	87764.7	4998.06	4997.91
Ne23	21414.1	0.212204	74672.8	0	0
neutron	939.565	0.276484	76888.8	0	0
S34	31632.7	0.126859	76888.8	0	0
neutron	939.565	25.3778	76545.4	0	0
neutron	939.565	17.0046	76545.4	0	0
neutron	939.565	0.204308	76545.4	0	0
S34	31632.7	0.0860848	76545.4	0	0
Na23	21409.2	0.669513	77573.1	783.028	782.339
Na23	21409.2	0.153674	97236.1	8630.2	8629.94
neutron	939.565	1.63538	76170.4	0	0
S34	31632.7	0.166354	76170.4	0	0
Cl37	34424.8	0.234212	85638.4	4187.42	4186.86
Cl35	32564.6	0.180329	77061.7	472.095	471.879
Na23	21409.2	0.154506	80356.5	1220.39	1220.23
Na23	21409.2	0.109951	77808.7	307.618	307.342
neutron	939.565	31.6801	74741.3	0	0
neutron	939.565	6.04419	74741.3	0	0
neutron	939.565	3.37412	74741.3	0	0
proton	938.272	2.17878	74741.3	0	0
P31	28844.2	0.728848	74741.3	0	0
proton	938.272	5.13786	76587.2	0	0
neutron	939.565	1.64857	76587.2	0	0
P35	32569.8	0.30411	76587.2	0	0
Cl35	32564.6	0.146254	78031.5	527.264	526.993
Cl35	32564.6	0.255438	99118.3	9650.63	9650.37
Cl35	32564.6	0.074016	81452.5	2278.8	2278.61
Cl35	32564.6	0.583315	75994.4	281.266	280.648
Na23	21409.2	0.148126	87006.1	4469.04	4468.8
Na23	21409.2	0.284091	95887.3	8511.33	8510.79
Cl37	34424.8	0.111495	79946.5	1540.41	1539.85
Cl35	32564.6	0.121548	81852.7	1931.56	1931.2
Cl35	32564.6	0.132496	96253.6	8234.36	8233.94
neutron	939.565	11.0399	76897.2	0	0
neutron	939.565	5.03914	76897.2	0	0
neutron	939.565	1.00164	76897.2	0	0
alpha	3727.38	5.6718	76897.2	0	0
O16	14895.1	0.803658	76897.2	0	0
Na23	21409.2	0.24819	83160.6	3276.72	3276.37
Na23	21409.2	0.915564	80722.1	1682.13	1680.87
Ne23	21414.1	0.230127	76204.3	0	0
Ne23	21414.1	0.219425	74452.6	0	0
neutron	939.565	39.6147	75135.6	0	0
proton	938.272	11.7744	75135.6	0	0
neutron	939.565	1.22718	75135.6	0	0
neutron	939.565	0.311933	75135.6	0	0
P31	28844.2	1.06923	75135.6	0	0
Cl37	34424.8	0.0756826	88169.2	4991.92	4991.7
Na23	21409.2	0.140527	79202.9	919.051	918.9
Na23	21409.2	0.805236	84216.7	2932.97	2931.92
neutron	939.565	16.8244	76608.1	0	0
neutron	939.565	8.56351	76608.1	0	0
neutron	939.565	0.748092	76608.1	0	0
S32	29773.6	0.285252	76608.1	0	0
Na23	21409.2	0.167066	96532.2	8422.55	8422.32
Cl35	32564.6	0.0928452	77520.8	688.484	687.851
Cl35	32564.6	0.0908499	75875.3	70.6999	70.4791
S37	34430.2	0.13821	75798.7	0	0
Na23	21409.2	0.204714	86013.8	4148.97	4148.14
neutron	939.565	0.096812	75741.2	0	0
S34	31632.7	0.115704	75741.2	0	0
Cl35	32564.6	0.0698093	85869.3	3936.9	3936.46
S35	32565.3	0.147653	75677.6	0	0
Cl37	34424.8	0.178132	82871.6	3044.23	3043.9
Na23	21409.2	0.186546	80955.5	2275.24	2274.96
neutron	939.565	1.88647	75161.6	0	0
S34	31632.7	0.226306	75161.6	0	0
neutron	939.565	1.34013	76505.3	0	0
S36	33495	0.0374304	76505.3	0	0
Cl37	34424.8	0.117271	92156.6	6400.56	6400.32
neutron	939.565	0.0249436	76211.8	0	0
S34	31632.7	0.140589	76211.8	0	0
S35	32565.3	0.153666	76273.3	0	0
neutron	939.565	17.2564	75355.2	0	0
neutron	939.565	5.31168	75355.2	0	0
neutron	939.565	0.414655	75355.2	0	0
alpha	3727.38	8.65489	75355.2	0	0
O16	14895.1	1.12199	75355.2	0	0
neutron	939.565	6.55351	75486.4	0	0
neutron	939.565	2.08712	75486.4	0	0
neutron	939.565	1.82381	75486.4	0	0
S32	29773.6	0.150843	75486.4	0	0
Cl35	32564.6	0.0898869	75894.9	196.57	196.382
Cl35	32564.6	0.157701	95784.8	7122.94	7122.45
Cl35	32564.6	0.135704	96207.5	8371.38	8370.68
Cl35	32564.6	0.131527	86861.6	4209.9	4209.59
Cl35	32564.6	0.225355	79426.6	1090.96	1090.18
neutron	939.565	0.250412	76482.9	0	0
Ne22	20479.7	0.25384	76482.9	0	0
Cl35	32564.6	0.0745027	93329.2	7232.27	7232.03
Na23	21409.2	0.230213	92145.2	6782.53	6782.12
Na23	21409.2	0.234553	86876.9	4668.52	4667.31
Cl35	32564.6	0.131943	85040.3	3997.49	3997.22
Ne23	21414.1	0.209057	75173.7	0	0
Na23	21409.2	0.141884	82734.2	2708.18	2707.8
neutron	939.565	7.07296	76412.8	0	0
neutron	939.565	4.04821	76412.8	0	0
neutron	939.565	2.18726	76412.8	0	0
S34	31632.7	0.140586	76412.8	0	0
Na23	21409.2	0.11588	96412.8	8153.16	8152.91
neutron	939.565	3.83886	76563.8	0	0
neutron	939.565	1.59375	76563.8	0	0
Ne21	19550.5	0.71494	76563.8	0	0
Na23	21409.2	0.165181	86818.7	3023.13	3022.69
Ne23	21414.1	0.21665	79464.5	0	0
Cl35	32564.6	0.0700099	99687.3	9884.23	9884
neutron	939.565	0.167261	74624.9	0	0
Ne22	20479.7	0.194132	74624.9	0	0
Cl37	34424.8	0.171039	98661.7	9508.37	9508.14
neutron	939.565	0.392292	76839.1	0	0
S34	31632.7	0.178804	76839.1	0	0
Ne23	21414.1	0.222781	76132.8	0	0
Na23	21409.2	2.81249	97700	9097.09	9094.04
Cl35	32564.6	0.128492	95415.1	8186.64	8186.49
Cl35	32564.6	0.582605	94084.7	7671.83	7671.14
Na23	21409.2	0.128379	87303.3	4880.28	4880.03
Na23	21409.2	0.117038	84117.4	3258.33	3257.49
neutron	939.565	2.63547	75130.9	0	0
Ne22	20479.7	0.266174	75130.9	0	0
Cl35	32564.6	0.07168	96564	8369.12	8367.75
Cl35	32564.6	0.0685913	78447.5	651.566	651.074
neutron	939.565	1.95342	76781.1	0	0
S34	31632.7	0.186329	76781.1	0	0
Cl35	32564.6	0.0704733	98413.3	9190.29	9189.89
Na23	21409.2	0.355081	91979.4	6435.21	6434.3
Cl35	32564.6	0.297719	89655.5	5316.54	5316.13
Na23	21409.2	0.29447	87193.1	4352.2	4351.81
Cl35	32564.6	0.074388	88496.7	5650.45	5650.25
S35	32565.3	0.141759	74785.8	0	0
Cl35	32564.6	0.116922	80811.2	1715.37	1715.03
Na23	21409.2	0.134272	77268.3	351.25	350.902
neutron	939.565	5.54364	76414.8	0	0
neutron	939.565	0.535495	76414.8	0	0
Ne21	19550.5	0.0666303	76414.8	0	0
Na23	21409.2	0.16342	96389	8326.44	8325.76
Na23	21409.2	0.129141	95488.9	7981.32	7980.53
neutron	939.565	0.642032	75882.4	0	0
Ne22	20479.7	0.147499	75882.4	0	0
neutron	939.565	4.596	76069.2	0	0
S34	31632.7	0.400491	76069.2	0	0
Cl37	34424.8	0.101096	84330.1	3004.13	3003.83
neutron	939.565	1.8724	77075.1	0	0
S34	31632.7	0.303182	77075.1	0	0
Cl35	32564.6	0.0993563	91465.2	6350.48	6350.35
S37	34430.2	0.125659	77180.4	0	0
Cl35	32564.6	0.0741379	91374.9	6339.11	6338.81
neutron	939.565	1.75994	75732.7	0	0
Ne22	20479.7	0.110745	75732.7	0	0
Ne23	21414.1	0.234212	75396	0	0
Na23	21409.2	0.281248	99324.4	9710.76	9710.48
neutron	939.565	23.1203	74963.4	0	0
neutron	939.565	9.94778	74963.4	0	0
neutron	939.565	5.24681	74963.4	0	0
neutron	939.565	2.01708	74963.4	0	0
S33	30704.6	1.38677	74963.4	0	0
Cl35	32564.6	0.066805	93587.5	7141.05	7140.75
Cl35	32564.6	0.169333	81843.6	1562.49	1562.25
neutron	939.565	11.8694	77644.3	0	0
proton	938.272	5.52868	77644.3	0	0
neutron	939.565	0.288044	77644.3	0	0
P32	29775.8	0.157224	77644.3	0	0
Na23	21409.2	0.112541	92692.4	7043.39	7042.56
Na23	21409.2	0.121995	86740	4623.82	4623.58
neutron	939.565	3.24588	75038.8	0	0
neutron	939.565	0.547852	75038.8	0	0
neutron	939.565	0.383919	75038.8	0	0
alpha	3727.38	4.57536	75038.8	0	0
O16	14895.1	2.53365	75038.8	0	0
Cl37	34424.8	0.099816	98557.8	9381.69	9381.55
Na23	21409.2	0.252682	83925.3	1775.78	1775
Cl35	32564.6	0.239126	89340	4358.12	4357.77
Cl35	32564.6	0.0888301	99576.6	9812.27	9812.08
Na23	21409.2	0.153262	98888.3	9512.52	9512.17
neutron	939.565	2.42386	77295	0	0
neutron	939.565	1.01055	77295	0	0
Ne21	19550.5	0.299595	77295	0	0
neutron	939.565	11.3684	80893.8	0	0
neutron	939.565	0.568182	80893.8	0	0
Ne21	19550.5	0.480562	80893.8	0	0
Na23	21409.2	0.334715	97226.5	8853.11	8852.69
proton	938.272	22.6829	76709.6	0	0
neutron	939.565	10.4529	76709.6	0	0
proton	938.272	7.13953	76709.6	0	0
neutron	939.565	3.3939	76709.6	0	0
neutron	939.565	0.416665	76709.6	0	0
Si32	29776.6	0.868941	76709.6	0	0
Cl35	32564.6	0.115558	97987.3	8746.01	8745.14
Na23	21409.2	0.137535	84676.1	3349.28	3349.05
neutron	939.565	0.7232	75588	0	0
S36	33495	0.162957	75588	0	0
Cl35	32564.6	0.0942183	99890.5	9962.35	9961.95
Cl35	32564.6	0.101931	94013.6	7426.47	7426.21
Cl35	32564.6	0.140875	93411.2	7178.04	7177.71
Na23	21409.2	0.311312	91711.1	6553.49	6552.79
Na23	21409.2	0.202845	75623.6	241.46	241.14
neutron	939.565	4.61403	75067.4	0	0
neutron	939.565	3.11943	75067.4	0	0
neutron	939.565	1.88061	75067.4	0	0
Ne20	18617.7	0.0404399	75067.4	0	0
Na23	21409.2	0.102618	87033.3	4320.96	4320.32
Ne23	21414.1	0.226482	76508.1	0	0
Cl37	34424.8	0.0634731	78653.9	620.686	620.61
neutron	939.565	0.198862	76991.5	0	0
Ne22	20479.7	0.140064	76991.5	0	0
Cl35	32564.6	0.105712	91727.8	6626.06	6625.91
S35	32565.3	0.159161	74601.8	0	0
neutron	939.565	0.0562872	75961.9	0	0
Ne22	20479.7	0.197194	75961.9	0	0
Cl35	32564.6	0.0791942	90559.8	6160.28	6160.01
neutron	939.565	3.86383	74358.3	0	0
neutron	939.565	2.58709	74358.3	0	0
neutron	939.565	1.1568	74358.3	0	0
alpha	3727.38	8.84537	74358.3	0	0
O16	14895.1	1.29058	74358.3	0	0
Cl35	32564.6	0.229828	90101.2	5506.46	5505.94
Cl37	34424.8	0.315659	81185	1931.6	1930.99
Cl37	34424.8	0.0939234	91752.1	6187.92	6187.69
Cl35	32564.6	0.0938073	86958.3	4015.29	4014.98
neutron	939.565	29.1215	77008.6	0	0
proton	938.272	5.90403	77008.6	0	0
proton	938.272	5.40784	77008.6	0	0
neutron	939.565	2.30701	77008.6	0	0
Si31	28846.2	0.484617	77008.6	0	0
Na23	21409.2	0.108119	99744	9911.54	9910.89
proton	938.272	29.7264	77753.5	0	0
neutron	939.565	1.43121	77753.5	0	0
neutron	939.565	0.488038	77753.5	0	0
P32	29775.8	0.626103	77753.5	0	0
neutron	939.565	1.42198	78462.9	0	0
Ne22	20479.7	0.265434	78462.9	0	0
neutron	939.565	16.3244	75352.7	0	0
neutron	939.565	7.6478	75352.7	0	0
neutron	939.565	1.75785	75352.7	0	0
S32	29773.6	0.706324	75352.7	0	0
Na23	21409.2	0.194928	85084.1	3500.51	3500.1
Cl35	32564.6	0.0747067	78175.2	746.347	746.14
neutron	939.565	24.5656	77023.5	0	0
proton	938.272	7.57696	77023.5	0	0
neutron	939.565	1.59766	77023.5	0	0
P34	31638.6	0.841149	77023.5	0	0
Na23	21409.2	0.423209	97263.6	8652.89	8652.25
Na23	21409.2	0.141687	86231	3691.58	3691.26
neutron	939.565	0.780475	76594.5	0	0
S34	31632.7	0.227862	76594.5	0	0
Ne23	21414.1	0.217822	76977.1	0	0
Cl37	34424.8	0.127557	76442.5	497.915	497.371
neutron	939.565	3.9204	75656.9	0	0
neutron	939.565	2.00916	75656.9	0	0
S35	32565.3	0.0417696	75656.9	0	0
Na23	21409.2	0.104368	76877.9	142.02	141.89
neutron	939.565	10.5293	76617.8	0	0
neutron	939.565	1.68663	76617.8	0	0
alpha	3727.38	10.9274	76617.8	0	0
Si29	26984.3	1.81316	76617.8	0	0
neutron	939.565	2.66327	77034	0	0
Ne22	20479.7	0.0904692	77034	0	0
Cl35	32564.6	0.309015	96105.4	8135.27	8134.68
Cl37	34424.8	0.0813116	89465.5	5577.58	5577.29
neutron	939.565	31.3745	76222.8	0	0
proton	938.272	6.79622	76222.8	0	0
P33	30705.3	1.15303	76222.8	0	0
Cl35	32564.6	0.149411	98673.9	9516.19	9516.02
neutron	939.565	23.3736	76974.1	0	0
neutron	939.565	23.3124	76974.1	0	0
neutron	939.565	1.80607	76974.1	0	0
S32	29773.6	1.21294	76974.1	0	0
Na23	21409.2	0.414605	95364.3	7772.31	7771.76
Cl37	34424.8	0.106628	81288.2	1154.83	1154.69
neutron	939.565	0.963972	78162.8	0	0
S34	31632.7	0.254272	78162.8	0	0
Cl35	32564.6	0.0969366	81200.9	1517.82	1517.36
Na23	21409.2	0.108465	83840.3	2555.6	2554.88
Cl35	32564.6	0.175989	94530.1	7330.39	7330.03
Na23	21409.2	0.105881	88301.7	4825.76	4825.47
Cl35	32564.6	0.103195	79413.6	1184.04	1183.87
neutron	939.565	0.951476	76132.3	0	0
Ne22	20479.7	0.148398	76132.3	0	0
neutron	939.565	13.9794	76091.1	0	0
S34	31632.7	0.492843	76091.1	0	0
neutron	939.565	11.9382	77507.4	0	0
neutron	939.565	1.70922	77507.4	0	0
neutron	939.565	0.917746	77507.4	0	0
Ne20	18617.7	0.697011	77507.4	0	0
Cl37	34424.8	0.116276	79565.5	1096.76	1096.55
Cl37	34424.8	0.15346	86718.8	3665.21	3665.03
S35	32565.3	0.131624	77203.8	0	0
neutron	939.565	6.61824	76036.2	0	0
neutron	939.565	0.262703	76036.2	0	0
Ne21	19550.5	0.478618	76036.2	0	0
neutron	939.565	0.879825	78102.2	0	0
S36	33495	0.208291	78102.2	0	0
neutron	939.565	4.38122	75239.5	0	0
neutron	939.565	0.71776	75239.5	0	0
Ne21	19550.5	0.540381	75239.5	0	0
Na23	21409.2	0.218986	85553.9	3366.27	3365.96
Cl35	32564.6	0.197811	78220.8	819.157	818.86
neutron	939.565	6.93793	76154.2	0	0
neutron	939.565	4.55362	76154.2	0	0
Ne21	19550.5	1.06292	76154.2	0	0
Na23	21409.2	0.206018	90962	6191.42	6191.02
neutron	939.565	1.88205	76373.1	0	0
neutron	939.565	1.55693	76373.1	0	0
deuteron	1875.61	2.54955	76373.1	0	0
F19	17692.3	0.400352	76373.1	0	0
Na23	21409.2	0.132916	79268.6	851.573	851.412
S35	32565.3	0.164336	76932	0	0
neutron	939.565	9.7006	75943.9	0	0
S34	31632.7	0.154647	75943.9	0	0
Na23	21409.2	0.197951	85460.7	3654.74	3654.37
Ne23	21414.1	0.225171	76724.4	0	0
Na23	21409.2	0.202284	80202.8	929.849	929.563
Cl35	32564.6	0.184453	94551.6	7633	7632.8
Na23	21409.2	0.137211	82098.6	2708.18	2707.59
proton	938.272	35.8545	74780.6	0	0
neutron	939.565	3.24814	74780.6	0	0
neutron	939.565	1.16738	74780.6	0	0
P32	29775.8	2.15681	74780.6	0	0
Cl35	32564.6	0.172043	77504.6	761.04	760.854
Cl35	32564.6	0.0764272	89995.9	3992.4	3992.19
neutron	939.565	5.10575	80859.6	0	0
Ne22	20479.7	0.616058	80859.6	0	0
neutron	939.565	0.0629198	75554.3	0	0
Ne22	20479.7	0.220502	75554.3	0	0
S35	32565.3	0.146585	74645.6	0	0
Cl35	32564.6	0.311604	79616.9	1181.09	1180.57
Cl35	32564.6	0.493052	79293.9	1425.8	1425.29
neutron	939.565	0.343792	75531	0	0
Ne22	20479.7	0.348927	75531	0	0
Cl35	32564.6	0.171166	98021.2	9225.84	9225.54
Cl35	32564.6	0.0936595	77678.3	601.946	601.801
S35	32565.3	0.154039	76080.6	0	0
neutron	939.565	3.69115	77750.7	0	0
Ne22	20479.7	0.530464	77750.7	0	0
Cl35	32564.6	0.0688608	99584.2	9825.9	9825.75
Cl35	32564.6	0.223551	79084.2	956.712	956.113
Ne23	21414.1	0.220639	76441.8	0	0
Na23	21409.2	0.385588	94122	7360.28	7359.89
Ne23	21414.1	0.218051	75965.4	0	0
neutron	939.565	1.29428	75800.7	0	0
Ne22	20479.7	0.22468	75800.7	0	0
Cl35	32564.6	0.119939	91184.1	6382.03	6381.69
neutron	939.565	0.0866473	82358.7	0	0
Ne22	20479.7	0.194849	82358.7	0	0
Na23	21409.2	0.130981	89543.5	5561.84	5561.65
Cl35	32564.6	0.307158	77607.3	1037.04	1036.53
proton	938.272	15.1556	74914.1	0	0
neutron	939.565	8.01521	74914.1	0	0
neutron	939.565	3.87143	74914.1	0	0
neutron	939.565	1.15945	74914.1	0	0
neutron	939.565	0.638659	74914.1	0	0
P32	29775.8	0.663527	74914.1	0	0
proton	938.272	491.946	91746	5889.46	5054.43
neutron	939.565	87.365	91746	5889.46	5054.43
neutron	939.565	81.8887	91746	5889.46	5054.43
proton	938.272	38.0761	91746	5889.46	5054.43
proton	938.272	7.98936	91746	5889.46	5054.43
proton	938.272	7.07416	91746	5889.46	5054.43
proton	938.272	6.76508	91746	5889.46	5054.43
neutron	939.565	4.93747	91746	5889.46	5054.43
neutron	939.565	2.33264	91746	5889.46	5054.43
Mg26	24196.5	14.0249	91746	5889.46	5054.43
S35	32565.3	0.150894	78851	0	0
Cl35	32564.6	0.0892891	99787.5	9915.4	9915.31
neutron	939.565	0.91052	75815.2	0	0
S34	31632.7	0.266516	75815.2	0	0
Cl35	32564.6	0.131153	83459.2	2937.68	2937.31
Na23	21409.2	0.230898	86090	4274.78	4274.2
Cl35	32564.6	0.105061	77123	612.707	612.438
neutron	939.565	0.548017	74768.1	0	0
S34	31632.7	0.171298	74768.1	0	0
Na23	21409.2	0.193721	84685	3739.82	3739.39
neutron	939.565	1.47605	75055.2	0	0
Ne22	20479.7	0.297772	75055.2	0	0
Na23	21409.2	0.222308	80752.1	2269.32	2269.06
Na23	21409.2	0.311945	89435.1	5475.9	5475.44
neutron	939.565	4.62438	75538.1	0	0
neutron	939.565	3.38949	75538.1	0	0
neutron	939.565	0.717294	75538.1	0	0
Ne20	18617.7	1.1344	75538.1	0	0
Na23	21409.2	0.202554	82152.1	406.449	406.09
neutron	939.565	8.54223	81162.3	0	0
neutron	939.565	5.15177	81162.3	0	0
neutron	939.565	4.48415	81162.3	0	0
S32	29773.6	0.0839961	81162.3	0	0
neutron	939.565	4.76591	75431.1	0	0
neutron	939.565	2.79665	75431.1	0	0
neutron	939.565	2.58798	75431.1	0	0
S34	31632.7	0.396485	75431.1	0	0
Cl37	34424.8	0.137897	87856	4972.02	4971.73
S35	32565.3	0.141993	75157	0	0
neutron	939.565	0.179386	77742.5	0	0
S34	31632.7	0.1381	77742.5	0	0
Cl35	32564.6	0.0976976	93053.7	7005.17	7004.54
Na23	21409.2	0.184734	92853.4	5916.37	5916.02
Ne23	21414.1	0.22403	77133.9	0	0
Cl35	32564.6	0.0688094	89821	4956.93	4956.83
Na23	21409.2	0.314736	85817.5	3322.59	3322.19
neutron	939.565	20.6668	77180	0	0
neutron	939.565	5.92593	77180	0	0
neutron	939.565	2.95202	77180	0	0
neutron	939.565	1.79603	77180	0	0
S33	30704.6	1.22009	77180	0	0
Cl35	32564.6	0.110407	93514.1	7045.88	7045.57
Na23	21409.2	0.171324	92771.2	6770.07	6769.83
Cl35	32564.6	0.221476	88896.8	5091.96	5091.72
S35	32565.3	0.160188	76298.4	0	0
Cl35	32564.6	0.0825765	86811.7	3615.24	3615.14
Cl35	32564.6	0.170515	93730.8	7119.21	7118.97
Na23	21409.2	0.129275	85517.1	3675.59	3675.25
Na23	21409.2	0.445277	96847.8	8860.17	8859.68
Ne23	21414.1	0.227332	75136.6	0	0
Na23	21409.2	0.549416	81479.7	2386.09	2385.44
Cl37	34424.8	0.0667781	91157.6	6290.43	6290.26
neutron	939.565	13.9691	75885.1	0	0
neutron	939.565	1.85298	75885.1	0	0
neutron	939.565	0.0955026	75885.1	0	0
S32	29773.6	0.810221	75885.1	0	0
neutron	939.565	0.971569	76816.9	0	0
S34	31632.7	0.220395	76816.9	0	0
Na23	21409.2	0.1789	82232.8	2304.99	2304.8
neutron	939.565	2.74215	76390.5	0	0
S34	31632.7	0.0974929	76390.5	0	0
S35	32565.3	0.148188	74723.8	0	0
Cl35	32564.6	0.0763121	94123.3	6845.07	6844.98
Na23	21409.2	0.301641	84929.3	3097.05	3096.42
Cl35	32564.6	0.0703614	82920.8	2292.55	2292.09
Cl35	32564.6	0.499878	79511.6	994.875	994.312
Cl35	32564.6	0.0675744	79187.7	888.095	887.763
Cl35	32564.6	0.114185	83809.3	2065.17	2064.88
S35	32565.3	0.148548	78310.2	0	0
Cl35	32564.6	0.0688975	77545	970.868	970.288
Ne23	21414.1	0.208268	76063.4	0	0
Cl35	32564.6	0.0684344	79608.4	1564.93	1564.7
neutron	939.565	10.516	77154.9	0	0
neutron	939.565	0.328853	77154.9	0	0
S33	30704.6	0.211319	77154.9	0	0
Cl35	32564.6	0.0713546	94546.5	7696.8	7696.65
neutron	939.565	234.601	94737.1	5391.92	3798.56
neutron	939.565	202.134	94737.1	5391.92	3798.56
neutron	939.565	178.709	94737.1	5391.92	3798.56
neutron	939.565	9.24871	94737.1	5391.92	3798.56
proton	938.272	4.14516	94737.1	5391.92	3798.56
deuteron	1875.61	10.0808	94737.1	5391.92	3798.56
deuteron	1875.61	7.16066	94737.1	5391.92	3798.56
N14	13040.2	3.30904	94737.1	5391.92	3798.56
Ne23	21414.1	0.212666	85326.4	0	0
Ne23	21414.1	0.201789	80357.6	0	0
S37	34430.2	0.13853	76282.7	0	0
Na23	21409.2	0.318404	99079.7	9578.6	9578.21
Na23	21409.2	0.181471	84848.1	3561.91	3561.46
neutron	939.565	1.14124	75106.5	0	0
S34	31632.7	0.243152	75106.5	0	0
Na23	21409.2	0.163747	91555.4	6449.38	6449.14
Na23	21409.2	0.107264	80917.3	1955.17	1955.05
neutron	939.565	0.45429	76093.5	0	0
S34	31632.7	0.137621	76093.5	0	0
Na23	21409.2	0.819295	99188.4	9642.74	9641.59
Cl35	32564.6	0.0987084	87247.8	4573.26	4572.96
Cl35	32564.6	0.111917	76033.5	195.711	195.597
neutron	939.565	0.323439	75608.6	0	0
S36	33495	0.113816	75608.6	0	0
Cl35	32564.6	0.0766198	82576.2	2822.39	2822.22
Cl35	32564.6	0.106656	80287.4	1887.51	1887.21
neutron	939.565	0.147685	75231.2	0	0
S34	31632.7	0.120721	75231.2	0	0
Na23	21409.2	0.140266	96887.2	5483.49	5483.24
Cl35	32564.6	0.131753	91508.1	6462.62	6462.44
neutron	939.565	10.2891	76990.1	0	0
proton	938.272	3.79523	76990.1	0	0
neutron	939.565	2.12799	76990.1	0	0
neutron	939.565	1.85813	76990.1	0	0
P31	28844.2	0.023175	76990.1	0	0
Cl35	32564.6	0.118659	96400.7	8386.16	8385.78
Na23	21409.2	0.171321	94871.7	7760.86	7760.51
Cl37	34424.8	0.127949	88125.7	5082.8	5082.62
neutron	939.565	11.0188	75985.8	0	0
neutron	939.565	3.30554	75985.8	0	0
S35	32565.3	0.451868	75985.8	0	0
Na23	21409.2	0.186071	91604.6	5763.09	5762.84
Na23	21409.2	0.251478	83462	1441.51	1441.19
neutron	939.565	0.799116	79650.6	0	0
S36	33495	0.226204	79650.6	0	0
Cl35	32564.6	0.0745644	85939.7	3947.05	3946.96
Cl35	32564.6	0.147217	78677.5	802.897	802.748
neutron	939.565	27.0999	76456.7	0	0
neutron	939.565	3.33849	76456.7	0	0
S33	30704.6	1.00596	76456.7	0	0
Cl35	32564.6	0.079649	94981.7	8035.26	8035.01
Cl35	32564.6	0.0718135	82957.8	2668.95	2668.54
Na23	21409.2	0.118337	85603	4128.27	4127.96
neutron	939.565	9.85059	77796.2	0	0
neutron	939.565	4.47373	77796.2	0	0
neutron	939.565	1.36755	77796.2	0	0
alpha	3727.38	7.66271	77796.2	0	0
Si28	26053.2	1.63503	77796.2	0	0
neutron	939.565	0.469555	76355	0	0
S34	31632.7	0.121614	76355	0	0
Cl35	32564.6	0.0818488	94597.6	7790.82	7790.73
Na23	21409.2	0.232209	85166.4	2828.88	2828.61
Cl35	32564.6	0.090725	85881.2	3480.04	3479.89
proton	938.272	5.86293	77261.3	0	0
neutron	939.565	2.68343	77261.3	0	0
neutron	939.565	2.67447	77261.3	0	0
P32	29775.8	0.0731622	77261.3	0	0
Na23	21409.2	0.188217	78258.7	652.32	651.856
Cl37	34424.8	0.174887	76808.7	135.26	135.033
Ne23	21414.1	0.223534	76571.9	0	0
S35	32565.3	0.163361	77052.5	0	0
neutron	939.565	2.87963	77403.4	0	0
S34	31632.7	0.332517	77403.4	0	0
Na23	21409.2	0.712287	96467.2	8541.64	8540.86
Ne23	21414.1	0.220458	77434.8	0	0
neutron	939.565	37.4802	77632.1	0	0
neutron	939.565	17.865	77632.1	0	0
neutron	939.565	4.38817	77632.1	0	0
Ne20	18617.7	1.59405	77632.1	0	0
Cl37	34424.8	1.04286	77479.2	415.817	414.729
neutron	939.565	0.851867	76669.9	0	0
Ne22	20479.7	0.285865	76669.9	0	0
Na23	21409.2	0.173558	86439.9	4319.86	4319.64
neutron	939.565	7.03315	75133.4	0	0
neutron	939.565	5.74703	75133.4	0	0
neutron	939.565	5.6933	75133.4	0	0
neutron	939.565	4.40766	75133.4	0	0
proton	938.272	3.11856	75133.4	0	0
deuteron	1875.61	3.46051	75133.4	0	0
O16	14895.1	0.757853	75133.4	0	0
neutron	939.565	1.36953	76094.9	0	0
Ne22	20479.7	0.499951	76094.9	0	0
Cl35	32564.6	0.0683069	96823.9	8757.55	8757.23
proton	938.272	30.4533	75758.9	0	0
neutron	939.565	22.4839	75758.9	0	0
F21	19556.7	0.332749	75758.9	0	0
neutron	939.565	28.8271	78679.8	0	0
proton	938.272	7.37811	78679.8	0	0
proton	938.272	6.69297	78679.8	0	0
neutron	939.565	1.40734	78679.8	0	0
neutron	939.565	1.32898	78679.8	0	0
Si30	27913.2	0.182796	78679.8	0	0
neutron	939.565	8.84174	76478.1	0	0
neutron	939.565	3.22536	76478.1	0	0
neutron	939.565	2.03023	76478.1	0	0
alpha	3727.38	4.9789	76478.1	0	0
O16	14895.1	1.5252	76478.1	0	0
Na23	21409.2	0.299794	92811.6	6823.27	6822.9
Na23	21409.2	0.212768	92062.5	5940.45	5939.92
Na23	21409.2	0.243113	87573.4	3910.59	3910.33
Cl35	32564.6	0.0787937	80290.1	1002.29	1002.2
S37	34430.2	0.135028	76381	0	0
Na23	21409.2	0.494796	98252.9	9303.67	9302.83
Cl37	34424.8	0.0687373	96218.4	8298.68	8298.57
Cl37	34424.8	0.245956	93979.6	7428.45	7428.13
Na23	21409.2	0.131111	80375.9	1845.92	1845.69
neutron	939.565	2.43689	75376.9	0	0
S34	31632.7	0.0414793	75376.9	0	0
Na23	21409.2	0.132776	98963.2	9588.06	9587.93
neutron	939.565	22.6794	76279.1	0	0
neutron	939.565	10.5652	76279.1	0	0
neutron	939.565	3.29784	76279.1	0	0
Ne20	18617.7	0.850264	76279.1	0	0
Na23	21409.2	0.31335	89238.8	5584.28	5583.94
neutron	939.565	13.1763	76833.6	0	0
neutron	939.565	4.54043	76833.6	0	0
neutron	939.565	3.34497	76833.6	0	0
alpha	3727.38	13.6497	76833.6	0	0
O16	14895.1	1.89361	76833.6	0	0
Ne23	21414.1	0.220279	76583.3	0	0
neutron	939.565	38.0606	77336.4	0	0
neutron	939.565	5.40331	77336.4	0	0
neutron	939.565	0.185264	77336.4	0	0
alpha	3727.38	8.69148	77336.4	0	0
O16	14895.1	0.088117	77336.4	0	0
Cl35	32564.6	0.1381	99131.1	9594.3	9594.14
Na23	21409.2	0.216072	88369.5	5323.24	5322.96
Cl37	34424.8	0.11254	80278.6	2102.66	2102.36
Na23	21409.2	0.181733	75195.4	79.448	79.0287
neutron	939.565	0.745311	75101.9	0	0
S34	31632.7	0.203379	75101.9	0	0
Na23	21409.2	0.117484	91003.1	6315.7	6314.83
Na23	21409.2	0.103482	84028.8	3514.25	3514.09
Ne23	21414.1	0.21984	74764.8	0	0
Na23	21409.2	0.354229	88432.8	4046.65	4046.23
Ne23	21414.1	0.230566	77608.8	0	0
neutron	939.565	0.794017	77492.7	0	0
Ne22	20479.7	0.14002	77492.7	0	0
Cl35	32564.6	0.0708928	98354.3	9117.23	9116.96
Cl35	32564.6	0.0817468	90591.4	5762.01	5761.89
neutron	939.565	0.397611	76271.4	0	0
Ne22	20479.7	0.339563	76271.4	0	0
neutron	939.565	9.99493	74527.7	0	0
neutron	939.565	0.319968	74527.7	0	0
Ne21	19550.5	0.172112	74527.7	0	0
Na23	21409.2	0.251217	87667.6	4918.71	4918.27
Cl35	32564.6	0.138242	76854.9	298.322	297.921
Na23	21409.2	0.281824	96838	8738.22	8737.78
neutron	939.565	13.5078	77141.5	0	0
neutron	939.565	1.5916	77141.5	0	0
alpha	3727.38	5.98633	77141.5	0	0
O17	15830.5	2.77637	77141.5	0	0
Cl35	32564.6	0.188783	77027.5	288.425	288.164
Na23	21409.2	0.60978	80859.8	1581.81	1580.96
neutron	939.565	8.27256	76493.1	0	0
Ne22	20479.7	0.367474	76493.1	0	0
neutron	939.565	1.07078	75494.5	0	0
Ne22	20479.7	0.0872901	75494.5	0	0
Na23	21409.2	0.280909	78929.3	969.433	969.023
neutron	939.565	2.59601	76301.2	0	0
S34	31632.7	0.243702	76301.2	0	0
Cl35	32564.6	0.136588	95689.9	8263.07	8262.88
neutron	939.565	0.0579939	77874.9	0	0
Ne22	20479.7	0.192663	77874.9	0	0
Cl37	34424.8	0.06613	79435.6	1249.52	1249.43
neutron	939.565	1.32313	76162.4	0	0
S34	31632.7	0.114497	76162.4	0	0
proton	938.272	23.3175	76120.1	0	0
neutron	939.565	9.59831	76120.1	0	0
F21	19556.7	0.464176	76120.1	0	0
Cl35	32564.6	0.125503	88658.8	5446.38	5446.24
proton	938.272	9.7222	74337.2	0	0
neutron	939.565	6.97048	74337.2	0	0
neutron	939.565	1.61117	74337.2	0	0
P32	29775.8	1.06867	74337.2	0	0
Na23	21409.2	0.129772	93281.6	6323.01	6322.88
neutron	939.565	28.6536	77641.7	0	0
neutron	939.565	6.79263	77641.7	0	0
neutron	939.565	6.63985	77641.7	0	0
proton	938.272	3.18167	77641.7	0	0
neutron	939.565	0.226608	77641.7	0	0
P32	29775.8	1.20421	77641.7	0	0
neutron	939.565	2.11471	76006.3	0	0
S34	31632.7	0.346333	76006.3	0	0
Cl35	32564.6	0.105491	94041.7	7080.39	7080.23
Na23	21409.2	0.242471	79124.1	897.534	896.982
Na23	21409.2	0.155991	89617.2	5565.19	5564.98
neutron	939.565	1.95005	77490.3	0	0
S36	33495	0.217294	77490.3	0	0
Cl37	34424.8	0.0860587	86271.5	4173.74	4173.35
Cl35	32564.6	0.0808629	97445	9012.02	9011.91
neutron	939.565	12.4783	76137.2	0	0
neutron	939.565	1.41691	76137.2	0	0
neutron	939.565	0.843523	76137.2	0	0
S32	29773.6	0.202285	76137.2	0	0
Na23	21409.2	0.107171	98656.1	9465.42	9465.02
Cl37	34424.8	0.0720273	92989	6985.11	6984.99
Na23	21409.2	0.183637	85997.7	4101.58	4101.31
Cl35	32564.6	0.0743869	93816	7505.58	7505.05
Na23	21409.2	0.1749	84370.5	3665.61	3665.41
Cl35	32564.6	0.123776	99591.1	9851.43	9851.29
neutron	939.565	30.6875	80692.5	0	0
alpha	3727.38	5.60143	80692.5	0	0
Si30	27913.2	2.18333	80692.5	0	0
Cl35	32564.6	0.131071	87199.6	4196.76	4196.51
Cl35	32564.6	0.118405	97666.7	9081.05	9080.86
Na23	21409.2	0.129632	80288.5	1915.37	1915.22
neutron	939.565	1.30096	79982.9	0	0
S36	33495	0.254837	79982.9	0	0
Na23	21409.2	0.142369	99388.9	9770.99	9770.48
neutron	939.565	1.4315	74013.7	0	0
S36	33495	0.194913	74013.7	0	0
Cl35	32564.6	0.0810452	81878.5	2588.04	2587.88
neutron	939.565	0.274736	75595.8	0	0
Ne22	20479.7	0.318114	75595.8	0	0
S35	32565.3	0.158593	75546.3	0	0
Cl35	32564.6	0.265664	88731.8	4934.89	4934.58
Cl35	32564.6	0.0889877	97234.5	8589.88	8589.76
Cl35	32564.6	0.194647	94924	7676.63	7676.37
Ne23	21414.1	0.227056	75152.8	0	0
Ne23	21414.1	0.211806	77157.6	0	0
neutron	939.565	298.406	88640.9	5308.44	4884.32
neutron	939.565	53.6413	88640.9	5308.44	4884.32
proton	938.272	8.52389	88640.9	5308.44	4884.32
proton	938.272	5.7209	88640.9	5308.44	4884.32
proton	938.272	4.21271	88640.9	5308.44	4884.32
Si30	27913.2	2.87535	88640.9	5308.44	4884.32
Cl37	34424.8	0.0813931	78309.1	730.902	730.502
S37	34430.2	0.142232	77398.6	0	0
neutron	939.565	0.389995	75820	0	0
S36	33495	0.0916947	75820	0	0
Na23	21409.2	0.165723	92754.8	6837.92	6837.65
neutron	939.565	0.409614	75878	0	0
S34	31632.7	0.190255	75878	0	0
neutron	939.565	12.6243	76260.5	0	0
neutron	939.565	3.44743	76260.5	0	0
neutron	939.565	3.33251	76260.5	0	0
alpha	3727.38	5.36288	76260.5	0	0
O16	14895.1	0.275757	76260.5	0	0
Cl35	32564.6	0.131008	97050.7	7249.5	7248.97
Na23	21409.2	0.319004	81260.9	2572.23	2571.91
Cl35	32564.6	0.104298	78075.9	1206.53	1206.37
neutron	939.565	1.35206	74953.5	0	0
Ne22	20479.7	0.0883485	74953.5	0	0
Cl35	32564.6	0.0963633	97873.4	9006.23	9005.49
Cl35	32564.6	0.272839	86980.1	4231.26	4230.96
Cl35	32564.6	0.335939	77945.2	524.743	523.996
neutron	939.565	26.5106	76603.9	0	0
neutron	939.565	4.346	76603.9	0	0
neutron	939.565	2.4294	76603.9	0	0
Ne20	18617.7	1.94112	76603.9	0	0
Cl35	32564.6	0.529252	97312.1	8930.31	8929.37
Na23	21409.2	0.126527	99058.1	9578.65	9578.06
Cl35	32564.6	0.218379	89844.9	4946.95	4946.71
neutron	939.565	9.9426	77533.2	0	0
neutron	939.565	1.18903	77533.2	0	0
deuteron	1875.61	7.06201	77533.2	0	0
F19	17692.3	0.497523	77533.2	0	0
Cl35	32564.6	0.125196	88042.4	5234.05	5233.89
Cl35	32564.6	0.113176	99883.8	9960.9	9960.6
neutron	939.565	3.5971	75885.7	0	0
neutron	939.565	0.742076	75885.7	0	0
S33	30704.6	0.439434	75885.7	0	0
Cl37	34424.8	0.108119	82919.3	2742.56	2742.39
Cl37	34424.8	0.0926382	96122.8	8134.68	8134.19
Cl35	32564.6	0.364908	82150.8	2654.38	2653.99
neutron	939.565	27.9992	75200.9	0	0
neutron	939.565	21.9511	75200.9	0	0
neutron	939.565	1.34617	75200.9	0	0
Ne20	18617.7	0.425965	75200.9	0	0
Ne23	21414.1	0.217601	76403	0	0
Cl35	32564.6	0.270563	85372.3	3861.56	3861.02
Cl37	34424.8	0.24505	77029.1	484.246	483.922
Na23	21409.2	0.963976	92764.2	7062.77	7061.74
Na23	21409.2	0.121413	82599.3	2086.63	2086.43
Ne23	21414.1	0.205873	77079.9	0	0
Cl35	32564.6	0.069889	87845.3	4751.5	4751.32
Cl37	34424.8	0.0698653	80746.9	1760.29	1760.22
Na23	21409.2	0.170912	81176.3	1933.37	1932.86
neutron	939.565	7.75062	76096.6	0	0
neutron	939.565	2.1957	76096.6	0	0
S33	30704.6	0.15251	76096.6	0	0
Na23	21409.2	0.214316	96389.9	8448.44	8447.25
Cl35	32564.6	0.126971	91651.9	6224.26	6223.98
neutron	939.565	0.363417	75311.8	0	0
S34	31632.7	0.0762743	75311.8	0	0
neutron	939.565	3.06803	75764.1	0	0
Ne22	20479.7	0.213347	75764.1	0	0
neutron	939.565	4.20364	75705	0	0
neutron	939.565	3.18598	75705	0	0
neutron	939.565	0.798934	75705	0	0
S32	29773.6	0.227685	75705	0	0
Na23	21409.2	0.169759	80864.7	1331.53	1330.91
Ne23	21414.1	0.22813	77573.7	0	0
Cl35	32564.6	0.112822	83719.1	1632.19	1631.92
Ne23	21414.1	0.233135	79293.4	0	0
Cl35	32564.6	0.0709156	95824.1	8242.74	8242.54
Na23	21409.2	0.207946	95420.8	7837.66	7836.99
neutron	939.565	2.1821	75648.7	0	0
Ne22	20479.7	0.342888	75648.7	0	0
Cl35	32564.6	0.0692631	90520	6097.51	6097.01
S37	34430.2	0.136786	75967.7	0	0
S37	34430.2	0.132877	75589	0	0
S35	32565.3	0.142995	74446.1	0	0
Na23	21409.2	0.124159	93411.1	7078.69	7078.36
Na23	21409.2	0.110713	81850.7	2589.74	2589.08
Ne23	21414.1	0.23204	75148.8	0	0
neutron	939.565	1.74801	75253.5	0	0
S34	31632.7	0.19257	75253.5	0	0
Na23	21409.2	0.312888	91893.2	6215.91	6215.16
neutron	939.565	0.474408	75875.7	0	0
Ne22	20479.7	0.241185	75875.7	0	0
Ne23	21414.1	0.197566	74938.8	0	0
Cl35	32564.6	0.129667	95013.1	7818.05	7817.73
neutron	939.565	0.228892	74911.9	0	0
S34	31632.7	0.150501	74911.9	0	0
neutron	939.565	4.73451	75462.3	0	0
neutron	939.565	4.42073	75462.3	0	0
proton	938.272	3.23908	75462.3	0	0
neutron	939.565	1.71098	75462.3	0	0
deuteron	1875.61	5.79452	75462.3	0	0
O17	15830.5	1.06529	75462.3	0	0
Cl35	32564.6	0.186012	89145.1	5231.84	5231.64
Cl35	32564.6	0.547887	87435.7	4612.92	4611.76
Cl37	34424.8	0.113416	77484.4	526.784	526.608
neutron	939.565	0.916599	76196.3	0	0
S34	31632.7	0.213205	76196.3	0	0
Cl35	32564.6	0.163086	94651.8	7180.22	7179.36
Cl35	32564.6	0.0994848	93863	7690.69	7690.55
Cl35	32564.6	0.124147	79045.9	1675.81	1675.68
neutron	939.565	0.712272	76078.3	0	0
Ne22	20479.7	0.358405	76078.3	0	0
Na23	21409.2	0.104452	79294.3	1463.58	1463.38
Na23	21409.2	0.181357	76311.4	351.55	350.913
S37	34430.2	0.133971	75933.4	0	0
neutron	939.565	1.36226	79544.8	0	0
S34	31632.7	0.166031	79544.8	0	0
Na23	21409.2	0.334156	87045.4	4154.05	4153.69
neutron	939.565	3.93469	76724.8	0	0
neutron	939.565	1.4083	76724.8	0	0
neutron	939.565	1.383	76724.8	0	0
alpha	3727.38	8.80347	76724.8	0	0
Si28	26053.2	2.03628	76724.8	0	0
Ne23	21414.1	0.226491	75325.5	0	0
Cl35	32564.6	0.100745	88129	4994.11	4993.94
Na23	21409.2	0.152613	86703.1	4352.07	4351.86
neutron	939.565	1.1649	75727.9	0	0
S34	31632.7	0.104712	75727.9	0	0
Cl35	32564.6	0.0919927	89218.5	5421.69	5421.59
Cl37	34424.8	0.13501	86287.6	4222.54	4222.19
neutron	939.565	12.3733	75239.8	0	0
neutron	939.565	7.25723	75239.8	0	0
neutron	939.565	1.21069	75239.8	0	0
S32	29773.6	1.20103	75239.8	0	0
Na23	21409.2	0.153326	93815.8	7411.31	7411.03
Na23	21409.2	0.31871	99108.9	9676.03	9675.42
Na23	21409.2	0.176317	91495.4	6488.44	6488.1
neutron	939.565	27.396	76289.5	0	0
alpha	3727.38	8.32937	76289.5	0	0
O18	16762	1.48586	76289.5	0	0
neutron	939.565	1.9054	75371.4	0	0
neutron	939.565	0.722631	75371.4	0	0
S33	30704.6	0.0924501	75371.4	0	0
Cl37	34424.8	0.234695	97134.4	8711.53	8711.16
neutron	939.565	3.80023	76212.9	0	0
Ne22	20479.7	0.101844	76212.9	0	0
neutron	939.565	0.192898	75935	0	0
S34	31632.7	0.102547	75935	0	0
neutron	939.565	0.277629	76254.3	0	0
S34	31632.7	0.176823	76254.3	0	0
Cl35	32564.6	0.0836855	99760.2	9897.34	9896.97
Na23	21409.2	0.556556	90993.9	6408.53	6407.94
neutron	939.565	4.25322	74790.9	0	0
neutron	939.565	0.157588	74790.9	0	0
S33	30704.6	0.00893718	74790.9	0	0
Cl35	32564.6	0.0753592	95362.2	7805.29	7804.62
neutron	939.565	4.2377	76309.7	0	0
S34	31632.7	0.121686	76309.7	0	0
S35	32565.3	0.144389	77382.6	0	0
Na23	21409.2	0.204366	92206.2	6734.65	6734.4
Na23	21409.2	0.233243	92326.1	6685.43	6685.05
Cl35	32564.6	0.201914	80968.2	2021.53	2021.29
neutron	939.565	5.0578	75614.3	0	0
neutron	939.565	3.07508	75614.3	0	0
neutron	939.565	2.33673	75614.3	0	0
alpha	3727.38	9.83242	75614.3	0	0
Si30	27913.2	1.23091	75614.3	0	0
Cl35	32564.6	0.318757	88579.1	5563.36	5563.04
Na23	21409.2	0.3773	97136	8689.37	8688.82
Cl37	34424.8	0.0958831	97977.5	9252.08	9251.8
Cl37	34424.8	0.0743651	92927.4	7098.99	7098.46
Na23	21409.2	0.110003	99629.1	9858.75	9858.2
Cl35	32564.6	0.0889148	91184.8	4896.76	4896.53
Cl35	32564.6	0.135778	79788.8	68.6645	68.509
Cl35	32564.6	0.0769456	87947.5	5259.24	5259.1
Cl35	32564.6	0.128774	85829.7	4094.67	4094.53
proton	938.272	14.8317	74899.9	0	0
neutron	939.565	2.72083	74899.9	0	0
F21	19556.7	1.58259	74899.9	0	0
neutron	939.565	0.804822	76933.2	0	0
Ne22	20479.7	0.220847	76933.2	0	0
neutron	939.565	0.477273	77970.2	0	0
S34	31632.7	0.090733	77970.2	0	0
Na23	21409.2	0.105384	88298.4	5018.99	5018.77
neutron	939.565	8.57989	76846.6	0	0
neutron	939.565	2.46702	76846.6	0	0
neutron	939.565	1.41757	76846.6	0	0
Ne20	18617.7	0.296731	76846.6	0	0
Cl35	32564.6	0.253074	87304.9	4640.8	4640.23
S35	32565.3	0.138436	75347.6	0	0
neutron	939.565	0.303445	74227.4	0	0
Ne22	20479.7	0.190286	74227.4	0	0
Na23	21409.2	0.156774	99358.8	9745.9	9745.65
Cl35	32564.6	0.0884027	84339	3254.66	3253.99
Cl37	34424.8	0.11239	80677.9	1577.44	1577.08
neutron	939.565	8.58749	76676.7	0	0
neutron	939.565	0.941982	76676.7	0	0
neutron	939.565	0.603727	76676.7	0	0
S34	31632.7	0.225251	76676.7	0	0
Na23	21409.2	0.106782	99619.6	9859.36	9859.18
Na23	21409.2	0.200394	93489.6	6505.3	6505.04
neutron	939.565	1.85549	78020.6	0	0
Ne22	20479.7	0.39162	78020.6	0	0
Cl35	32564.6	0.111689	99262.6	9714.81	9714.61
Cl35	32564.6	0.207172	81655.2	2178.71	2178.43
neutron	939.565	6.13787	74770.8	0	0
S34	31632.7	0.528738	74770.8	0	0
Cl37	34424.8	0.0787071	94513.6	7677.28	7676.62
Cl35	32564.6	0.0814963	94594	7748.68	7748.43
Cl35	32564.6	0.127048	91570.5	6234.87	6234.47
Na23	21409.2	0.20743	82458.6	2636.42	2636.16
Cl35	32564.6	0.260752	77805.5	799.779	799.282
neutron	939.565	4.19738	75714.5	0	0
neutron	939.565	3.64897	75714.5	0	0
neutron	939.565	2.95079	75714.5	0	0
S32	29773.6	0.218024	75714.5	0	0
Cl35	32564.6	0.158149	82556.7	1963.82	1963.61
neutron	939.565	3.23988	77334.1	0	0
S34	31632.7	0.280577	77334.1	0	0
neutron	939.565	4.91841	75081.5	0	0
Ne22	20479.7	0.422885	75081.5	0	0
Cl35	32564.6	0.0905018	82956.9	1779.05	1778.82
Na23	21409.2	0.120805	82585.3	1629.32	1628.92
neutron	939.565	34.105	78214.5	0	0
neutron	939.565	4.09144	78214.5	0	0
neutron	939.565	3.28959	78214.5	0	0
alpha	3727.38	3.26823	78214.5	0	0
O16	14895.1	5.46593	78214.5	0	0
neutron	939.565	1.28764	76224.1	0	0
Ne22	20479.7	0.0960753	76224.1	0	0
Cl35	32564.6	0.0946755	80360.8	1691.08	1690.53
Cl35	32564.6	0.0947962	78273.4	850.644	850.208
neutron	939.565	1.40277	75989.5	0	0
Ne22	20479.7	0.467237	75989.5	0	0
Cl35	32564.6	0.156286	80812.4	1944.38	1944.14
Na23	21409.2	0.117152	77843.3	690.969	690.403
Cl35	32564.6	0.48317	87816.9	4576.75	4576.21
Na23	21409.2	0.105422	82330.7	2136.39	2136.28
neutron	939.565	0.578592	76680.6	0	0
Ne22	20479.7	0.30543	76680.6	0	0
neutron	939.565	0.382065	75969.4	0	0
S34	31632.7	0.200646	75969.4	0	0
neutron	939.565	0.706193	76924.7	0	0
Ne22	20479.7	0.121029	76924.7	0	0
Na23	21409.2	0.112062	82551.9	2104	2103.48
Na23	21409.2	0.251878	81705.3	1569.35	1568.67
Cl35	32564.6	0.273095	99815.9	9929.34	9928.95
Na23	21409.2	0.140128	95020.5	7545.09	7544.5
Cl35	32564.6	0.0694255	91552.6	5931.89	5931.46
Cl35	32564.6	0.124577	87410.1	4881.8	4881.57
neutron	939.565	26.3226	75778.4	0	0
neutron	939.565	7.40535	75778.4	0	0
neutron	939.565	2.53609	75778.4	0	0
S32	29773.6	0.836878	75778.4	0	0
Cl35	32564.6	0.13028	84732.8	2513.45	2513.21
Cl35	32564.6	0.189635	94712.9	7937.31	7936.88
Na23	21409.2	0.12922	77611.2	595.006	594.481
S37	34430.2	0.13394	76056.6	0	0
Cl35	32564.6	0.0681618	77934.7	584.353	584.228
neutron	939.565	0.692636	76367.3	0	0
S34	31632.7	0.107017	76367.3	0	0
Na23	21409.2	0.148547	95510.4	8048.39	8048.16
Ne23	21414.1	0.233204	75735.5	0	0
Cl35	32564.6	0.0836269	88538.6	5207.2	5206.89
Na23	21409.2	0.158029	96708.8	8627.27	8626.97
S35	32565.3	0.147668	76294.2	0	0
Cl37	34424.8	0.100376	91779.8	6029.25	6029.14
Na23	21409.2	0.13783	85642.3	3458.84	3458.23
Cl37	34424.8	0.0685117	78335.5	641.26	640.906
S35	32565.3	0.154391	76610.8	0	0
Na23	21409.2	0.35877	93418.7	7071.45	7071.09
Cl35	32564.6	0.0738605	91411	6350.1	6349.63
Cl37	34424.8	0.344922	79201.5	1230.19	1229.45
Cl35	32564.6	0.0788364	83863	3607.6	3607.45
Cl35	32564.6	0.146824	93685.9	7235.49	7235.29
Cl35	32564.6	0.0666817	78064.3	657.415	657.095
neutron	939.565	0.508607	76336.4	0	0
S34	31632.7	0.225417	76336.4	0	0
Na23	21409.2	0.222613	96968.4	8811.78	8811.32
Cl35	32564.6	0.0867724	80575.1	907.955	907.703
Na23	21409.2	0.140522	92098.9	6604.13	6603.95
Ne23	21414.1	0.221826	75963.5	0	0
neutron	939.565	13.9978	76100.5	0	0
neutron	939.565	10.3051	76100.5	0	0
neutron	939.565	2.26641	76100.5	0	0
alpha	3727.38	12.4767	76100.5	0	0
O16	14895.1	2.1785	76100.5	0	0
S37	34430.2	0.140949	78160.3	0	0
Cl35	32564.6	0.0761055	82426.3	3166.12	3165.91
Ne23	21414.1	0.232466	80336.7	0	0
Cl37	34424.8	0.143436	99313.2	9746.14	9745.93
Na23	21409.2	0.215427	99144.4	9691.23	9690.54
neutron	939.565	5.1114	80701.7	0	0
alpha	3727.38	12.8959	80701.7	0	0
O18	16762	3.43416	80701.7	0	0
Cl35	32564.6	0.0666501	84216.3	3041.99	3041.87
Na23	21409.2	0.104638	82240.1	2282.7	2282.3
Na23	21409.2	0.218497	88796.5	5348.4	5347.84
Cl35	32564.6	0.121895	86846.2	4533.08	4532.87
neutron	939.565	1.23225	75361.6	0	0
Ne22	20479.7	0.380801	75361.6	0	0
neutron	939.565	16.486	74196.3	0	0
neutron	939.565	4.08474	74196.3	0	0
neutron	939.565	2.11093	74196.3	0	0
Ne20	18617.7	0.854578	74196.3	0	0
Na23	21409.2	0.151767	97384.5	8927.21	8926.92
Cl37	34424.8	0.252688	94264.8	7579.5	7579.15
Cl37	34424.8	0.13669	84502.9	3763.31	3763.12
Na23	21409.2	0.230539	75876.2	464.434	464.136
S37	34430.2	0.134364	74714.3	0	0
Ne23	21414.1	0.230547	75658.5	0	0
Cl37	34424.8	0.326062	80686.2	1683.42	1683.08
S37	34430.2	0.139019	76291.4	0	0
Cl37	34424.8	0.0773679	93738.3	7124.54	7124.3
neutron	939.565	14.9736	75751.9	0	0
neutron	939.565	9.92841	75751.9	0	0
neutron	939.565	0.99351	75751.9	0	0
Ne20	18617.7	0.366071	75751.9	0	0
Cl35	32564.6	0.0891742	85766.2	3384.92	3384.76
Cl37	34424.8	0.0956039	79587	1036.13	1035.55
S37	34430.2	0.143197	76964.8	0	0
neutron	939.565	1.44853	75525.5	0	0
S34	31632.7	0.2709	75525.5	0	0
Cl35	32564.6	0.0816199	91336.2	5920.38	5919.96
neutron	939.565	0.888235	77303.4	0	0
S34	31632.7	0.172169	77303.4	0	0
Na23	21409.2	0.125863	95329.5	8054.51	8054.12
Ne23	21414.1	0.235147	75852.7	0	0
neutron	939.565	1157.62	83691.6	2864.19	1300.78
neutron	939.565	368.768	83691.6	2864.19	1300.78
proton	938.272	3.13064	83691.6	2864.19	1300.78
Ne20	18617.7	0.398525	83691.6	2864.19	1300.78
Cl35	32564.6	0.0762553	79761.6	1952.91	1952.62
neutron	939.565	1.71988	74630.3	0	0
S34	31632.7	0.143188	74630.3	0	0
Cl35	32564.6	0.304633	78715.1	1771.16	1770.34
Cl35	32564.6	0.136348	91790.5	6324.82	6324.63
neutron	939.565	13.2031	76581.1	0	0
proton	938.272	5.07587	76581.1	0	0
neutron	939.565	2.51863	76581.1	0	0
neutron	939.565	1.75602	76581.1	0	0
F19	17692.3	0.286376	76581.1	0	0
Cl35	32564.6	0.122655	79139.7	705.466	705.278
Ne23	21414.1	0.223165	77388	0	0
Na23	21409.2	0.203385	97113.2	8808.15	8807.82
Na23	21409.2	0.235768	76561.4	889.043	888.672
neutron	939.565	21.1698	74261.7	0	0
proton	938.272	20.7657	74261.7	0	0
P33	30705.3	0.341209	74261.7	0	0
Ne23	21414.1	0.225457	76275.5	0	0
Na23	21409.2	0.162376	89001.4	4911.1	4910.79
Na23	21409.2	0.115075	77685.6	333.048	332.842
neutron	939.565	0.85652	76867	0	0
S34	31632.7	0.145652	76867	0	0
Cl37	34424.8	0.0688385	77225.5	307.366	307.282
Na23	21409.2	1.15922	77214.2	624.726	623.542
neutron	939.565	1.47304	75798.8	0	0
Ne22	20479.7	0.258872	75798.8	0	0
Na23	21409.2	0.3206	75663.3	252.992	252.671
Ne23	21414.1	0.219237	75070.8	0	0
Cl35	32564.6	0.578526	83285.4	2620.8	2620.07
neutron	939.565	0.482308	75597.6	0	0
Ne22	20479.7	0.199677	75597.6	0	0
Cl35	32564.6	0.191468	86786.8	3801.29	3800.88
Ne23	21414.1	0.22577	77526.2	0	0
Cl35	32564.6	0.0888776	91517.3	6475.27	6475.08
Cl35	32564.6	0.0720767	81405.7	2099.68	2099.16
neutron	939.565	0.416693	75629.2	0	0
S36	33495	0.0858729	75629.2	0	0
Cl35	32564.6	0.349377	97417.5	8927.26	8926.64
Cl35	32564.6	0.137613	96692.7	8638.4	8637.86
neutron	939.565	5.2235	74963.6	0	0
neutron	939.565	4.89235	74963.6	0	0
neutron	939.565	2.79874	74963.6	0	0
proton	938.272	1.38636	74963.6	0	0
alpha	3727.38	3.33565	74963.6	0	0
N15	13968.9	3.70698	74963.6	0	0
S35	32565.3	0.156841	76017.9	0	0
neutron	939.565	0.160112	76841.6	0	0
Ne22	20479.7	0.259335	76841.6	0	0
proton	938.272	13.5172	76363.7	0	0
proton	938.272	6.06957	76363.7	0	0
neutron	939.565	5.99007	76363.7	0	0
neutron	939.565	2.53744	76363.7	0	0
neutron	939.565	1.8866	76363.7	0	0
neutron	939.565	1.32836	76363.7	0	0
Si29	26984.3	0.771387	76363.7	0	0
Cl35	32564.6	0.12946	98428	8750.8	8750.62
neutron	939.565	292.679	86911.1	3737.63	2786.53
proton	938.272	3.83905	86911.1	3737.63	2786.53
neutron	939.565	1.23509	86911.1	3737.63	2786.53
S34	31632.7	1.10025	86911.1	3737.63	2786.53
neutron	939.565	2.45482	79570.6	0	0
S34	31632.7	0.0110434	79570.6	0	0
proton	938.272	47.4112	75984.6	0	0
P34	31638.6	1.17046	75984.6	0	0
Cl35	32564.6	0.0858871	86862.6	2031.41	2031.3
Na23	21409.2	0.173576	86241.7	1773.3	1773.11
S35	32565.3	0.144607	80805.5	0	0
neutron	939.565	3.80621	77045.5	0	0
neutron	939.565	3.28017	77045.5	0	0
neutron	939.565	1.49193	77045.5	0	0
S34	31632.7	0.792791	77045.5	0	0
Cl35	32564.6	0.304869	83452.9	2066.06	2065.58
neutron	939.565	7.56821	78424.8	0	0
S34	31632.7	0.508993	78424.8	0	0
neutron	939.565	4.81603	76385.8	0	0
neutron	939.565	2.26618	76385.8	0	0
Ne21	19550.5	0.708218	76385.8	0	0
Na23	21409.2	0.132915	83372.4	2767.32	2767.1
neutron	939.565	12.1474	74787.4	0	0
neutron	939.565	0.912046	74787.4	0	0
S33	30704.6	0.245983	74787.4	0	0
Na23	21409.2	0.110185	98085.2	9224.52	9224.35
neutron	939.565	8.39333	75226.2	0	0
neutron	939.565	4.04674	75226.2	0	0
Ne21	19550.5	0.524329	75226.2	0	0
neutron	939.565	0.357488	75842.6	0	0
S34	31632.7	0.205786	75842.6	0	0
Na23	21409.2	0.111779	91224.6	6417.17	6416.97
Cl35	32564.6	0.0911814	89828.3	5812.76	5812.66
Na23	21409.2	0.393554	75375.2	158.489	157.984
neutron	939.565	5.79905	75062.1	0	0
neutron	939.565	2.59943	75062.1	0	0
neutron	939.565	0.946747	75062.1	0	0
S34	31632.7	0.618765	75062.1	0	0
Cl35	32564.6	0.0800565	96923.4	8744.88	8744.65
neutron	939.565	13.0148	76845.5	0	0
neutron	939.565	11.9489	76845.5	0	0
neutron	939.565	7.52838	76845.5	0	0
proton	938.272	2.41088	76845.5	0	0
F19	17692.3	2.33196	76845.5	0	0
Na23	21409.2	0.11031	83039.1	2976.21	2975.97
Ne23	21414.1	0.207283	75608.9	0	0
Na23	21409.2	0.146174	76807.7	978.233	977.98
Cl35	32564.6	0.125287	97984.2	9220.21	9219.96
Ne23	21414.1	0.214446	74564.6	0	0
Cl35	32564.6	0.0823693	83788.6	2683.21	2682.73
Na23	21409.2	0.16779	82830.4	2067.24	2066.72
neutron	939.565	1.30605	77205	0	0
Ne22	20479.7	0.137644	77205	0	0
neutron	939.565	0.243441	78281.8	0	0
S34	31632.7	0.0996974	78281.8	0	0
Ne23	21414.1	0.230268	76957.3	0	0
Cl35	32564.6	0.0699783	92724.1	6322.71	6322.5
Cl35	32564.6	0.087444	92076.4	5978.27	5978.18
Na23	21409.2	0.128761	85500	3109.41	3108.97
S35	32565.3	0.163091	77274.6	0	0
Ne23	21414.1	0.22462	75979.6	0	0
Cl35	32564.6	0.0722366	79904	1401.18	1400.96
Ne23	21414.1	0.226421	76197	0	0
neutron	939.565	1.35781	74747.7	0	0
S34	31632.7	0.076815	74747.7	0	0
neutron	939.565	0.358458	77341.2	0	0
S34	31632.7	0.199417	77341.2	0	0
neutron	939.565	2.01403	76653.3	0	0
neutron	939.565	0.968513	76653.3	0	0
neutron	939.565	0.711047	76653.3	0	0
S34	31632.7	0.186408	76653.3	0	0
Cl35	32564.6	0.0870324	92165	6236.57	6236.44
S37	34430.2	0.13433	76207	0	0
neutron	939.565	14.2828	75571.9	0	0
neutron	939.565	4.77813	75571.9	0	0
neutron	939.565	2.9619	75571.9	0	0
Ne20	18617.7	0.824374	75571.9	0	0
neutron	939.565	0.868838	75749.2	0	0
S34	31632.7	0.229334	75749.2	0	0
Cl35	32564.6	0.0872674	77595.1	30.4836	30.3921
neutron	939.565	39.5851	77585.2	0	0
neutron	939.565	8.88529	77585.2	0	0
proton	938.272	1.82344	77585.2	0	0
neutron	939.565	1.80691	77585.2	0	0
P31	28844.2	3.32843	77585.2	0	0
Na23	21409.2	0.139953	88390.8	5200.73	5200.26
Cl35	32564.6	0.110041	78422.2	956.813	956.586
Na23	21409.2	0.203588	99888.2	9956.87	9956.57
neutron	939.565	9.87416	77225.3	0	0
neutron	939.565	6.47939	77225.3	0	0
neutron	939.565	0.798968	77225.3	0	0
alpha	3727.38	6.26128	77225.3	0	0
O16	14895.1	0.77376	77225.3	0	0
Na23	21409.2	0.118204	94712.9	7704.18	7703.79
Cl35	32564.6	0.219711	83431.2	3206.99	3206.7
Na23	21409.2	0.173717	82473.4	2853.51	2853.27
S35	32565.3	0.154189	74907.2	0	0
Cl37	34424.8	0.0997223	94688.4	7953.88	7953.74
Na23	21409.2	0.180812	90500.9	5646	5645.49
Na23	21409.2	0.305484	87981.5	4620.19	4619.88
Cl35	32564.6	0.0716423	97387	8879.45	8879.29
Cl35	32564.6	0.130008	90690.4	6271.36	6271.2
neutron	939.565	1.89477	75158.2	0	0
S34	31632.7	0.218815	75158.2	0	0
Na23	21409.2	0.123736	96378.7	8523.76	8522.66
Na23	21409.2	0.123872	85637.9	2014.77	2014.4
Cl37	34424.8	0.0979087	82272.2	756.625	756.376
neutron	939.565	46.286	80268.8	0	0
neutron	939.565	4.03568	80268.8	0	0
neutron	939.565	2.44642	80268.8	0	0
Ne20	18617.7	2.28679	80268.8	0	0
Cl37	34424.8	0.168779	99974.4	9988.33	9988.15
Na23	21409.2	0.260283	76388.3	63.309	63.0061
Ne23	21414.1	0.224611	76327.3	0	0
Ne23	21414.1	0.226373	76325	0	0
Na23	21409.2	0.112752	91471.7	6590.7	6590.46
S35	32565.3	0.133223	74871.3	0	0
Ne23	21414.1	0.20416	77906.1	0	0
Na23	21409.2	0.191923	99184.7	9668.28	9668.08
Cl35	32564.6	0.138972	93203.6	5230.06	5229.72
Na23	21409.2	0.18227	87790.6	2676.71	2676.28
Cl37	34424.8	0.0669948	82560.3	492.43	492.346
proton	938.272	28.9228	81330.5	0	0
neutron	939.565	13.3256	81330.5	0	0
P33	30705.3	1.04627	81330.5	0	0
Cl37	34424.8	0.132651	97642.7	9155.79	9155.6
Cl37	34424.8	0.238292	96081.8	7447.26	7446.15
Cl35	32564.6	0.175157	87366.1	4811.07	4810.78
Cl37	34424.8	0.113884	75829.3	331.95	331.671
Na23	21409.2	0.158123	97700.9	9114.45	9114.19
Cl35	32564.6	0.0746682	89862	5835.19	5834.94
Cl35	32564.6	0.179117	75369.4	262.111	261.861
Cl37	34424.8	0.113408	98582.5	9433.35	9433.11
Ne23	21414.1	0.21638	74938.6	0	0
Cl35	32564.6	0.201715	96343.9	7334.25	7333.7
neutron	939.565	35.911	77800.7	0	0
neutron	939.565	5.56813	77800.7	0	0
neutron	939.565	1.25834	77800.7	0	0
Ne20	18617.7	1.42745	77800.7	0	0
neutron	939.565	49.3499	93019.9	6990.92	6600.92
neutron	939.565	2.42992	93019.9	6990.92	6600.92
S33	30704.6	0.131264	93019.9	6990.92	6600.92
Na23	21409.2	0.104169	98364.2	9337.69	9337.51
Cl35	32564.6	0.0667408	83042.9	2625.35	2625.26
Na23	21409.2	0.41688	77634.1	538.136	537.659
proton	938.272	37.9027	76252.8	0	0
neutron	939.565	2.19069	76252.8	0	0
P33	30705.3	0.729698	76252.8	0	0
Na23	21409.2	0.240128	94039.9	7521.48	7521.22
Na23	21409.2	0.454825	88149	4966.16	4965.66
Cl35	32564.6	0.0886475	78329.1	1134.81	1134.58
Na23	21409.2	0.281099	90900.1	6405.88	6405.54
Na23	21409.2	0.220679	88846.6	5566.74	5566.43
Cl37	34424.8	0.959219	85811	4284.42	4283.29
Cl35	32564.6	0.225245	81073.7	2363.42	2363.18
Ne23	21414.1	0.22069	75265.3	0	0
Cl35	32564.6	0.117525	86754.5	4791.07	4790.79
neutron	939.565	0.183241	75167.3	0	0
S34	31632.7	0.171117	75167.3	0	0
Ne23	21414.1	0.233953	75373.9	0	0
Cl35	32564.6	0.136113	89611	5845.52	5844.76
neutron	939.565	12.5321	76325.3	0	0
proton	938.272	10.7757	76325.3	0	0
neutron	939.565	0.256944	76325.3	0	0
P34	31638.6	0.0917256	76325.3	0	0
Cl37	34424.8	0.178145	89362.3	5430.08	5429.9
Na23	21409.2	0.294018	86502.7	3904.91	3904.45
Na23	21409.2	0.182639	78265.9	756.285	756.09
proton	938.272	4.40983	76317.3	0	0
neutron	939.565	2.87332	76317.3	0	0
neutron	939.565	1.16205	76317.3	0	0
neutron	939.565	0.526029	76317.3	0	0
triton	2808.92	8.21212	76317.3	0	0
O16	14895.1	1.5557	76317.3	0	0
Na23	21409.2	0.144869	76807.7	399.545	399.164
neutron	939.565	9.23433	75843.1	0	0
neutron	939.565	1.12712	75843.1	0	0
neutron	939.565	0.24585	75843.1	0	0
alpha	3727.38	7.66981	75843.1	0	0
Si30	27913.2	0.369022	75843.1	0	0
Na23	21409.2	0.118907	92768.8	6893.66	6893.45
Na23	21409.2	0.142452	84288.1	2500.85	2500.68
Cl37	34424.8	0.121436	98751.9	9552.31	9551.79
Na23	21409.2	0.120695	91882.8	6529.84	6529.61
Cl35	32564.6	0.170843	76017.8	163.103	162.904
S37	34430.2	0.13889	75771	0	0
Ne23	21414.1	0.22669	77147.2	0	0
proton	938.272	14.7401	74686	0	0
neutron	939.565	2.36452	74686	0	0
neutron	939.565	2.10389	74686	0	0
F20	18625.3	0.598204	74686	0	0
neutron	939.565	0.173987	75872.3	0	0
S34	31632.7	0.152552	75872.3	0	0
Na23	21409.2	0.154166	87113.8	4640.27	4639.78
Na23	21409.2	0.11637	79489.7	1380.61	1380.47
Cl35	32564.6	0.428398	91753.3	6716.79	6716.09
Cl35	32564.6	0.0816617	80876.8	1830.4	1830.25
neutron	939.565	24.3132	76641.2	0	0
neutron	939.565	6.31813	76641.2	0	0
proton	938.272	3.99376	76641.2	0	0
neutron	939.565	3.34932	76641.2	0	0
P31	28844.2	0.304528	76641.2	0	0
Na23	21409.2	0.147004	88074.4	4638.98	4638.53
proton	938.272	9.32848	76678.7	0	0
neutron	939.565	6.4552	76678.7	0	0
neutron	939.565	3.42347	76678.7	0	0
neutron	939.565	2.27864	76678.7	0	0
F19	17692.3	1.0588	76678.7	0	0
Cl35	32564.6	0.111224	96095.3	8370.5	8370.37
proton	938.272	4.64528	76255.8	0	0
proton	938.272	4.36517	76255.8	0	0
neutron	939.565	2.35662	76255.8	0	0
O20	18629.6	0.329476	76255.8	0	0
Cl35	32564.6	0.0672377	88633.5	5085.69	5085.61
neutron	939.565	30.3808	75517.1	0	0
proton	938.272	8.55869	75517.1	0	0
P33	30705.3	0.893294	75517.1	0	0
S37	34430.2	0.13773	75271	0	0
Ne23	21414.1	0.228236	75203.2	0	0
Na23	21409.2	0.112471	90316.8	6094.56	6094.37
Ne23	21414.1	0.22513	76764.5	0	0
Cl35	32564.6	0.0804573	89093	5351.53	5351.23
Cl35	32564.6	0.0790983	80377.8	1618.7	1618.51
Cl35	32564.6	0.110681	83626.4	3173.14	3172.71
neutron	939.565	0.650146	76028.2	0	0
Ne22	20479.7	0.356744	76028.2	0	0
Na23	21409.2	0.136865	93350.8	6362.4	6361.98
Na23	21409.2	0.161311	79005.9	848.549	848.225
Cl35	32564.6	0.0711645	88515.7	4317.16	4316.94
neutron	939.565	0.490977	77186.1	0	0
S34	31632.7	0.067651	77186.1	0	0
Cl37	34424.8	0.0776083	96175.3	8551.92	8551.36
Cl35	32564.6	0.11048	81396.9	2523.65	2523.43
Na23	21409.2	0.308596	91727.6	6337.45	6337.11
S35	32565.3	0.156782	74974.9	0	0
Na23	21409.2	0.152753	86318.7	4077.76	4077.54
neutron	939.565	24.1276	75498.5	0	0
proton	938.272	11.0588	75498.5	0	0
proton	938.272	4.67182	75498.5	0	0
neutron	939.565	3.71067	75498.5	0	0
neutron	939.565	2.31089	75498.5	0	0
Si30	27913.2	0.562683	75498.5	0	0
Na23	21409.2	0.10519	90405.6	5958.59	5958.48
Cl35	32564.6	0.0816028	88149.7	4787.42	4787.32
neutron	939.565	13.2393	75686.2	0	0
neutron	939.565	9.1	75686.2	0	0
neutron	939.565	5.51503	75686.2	0	0
alpha	3727.38	7.2541	75686.2	0	0
alpha	3727.38	3.68546	75686.2	0	0
C12	11174.9	1.96594	75686.2	0	0
Cl37	34424.8	0.148066	74306.1	64.161	63.9142
neutron	939.565	1.41683	74252.2	0	0
S36	33495	0.0465112	74252.2	0	0
Cl35	32564.6	0.124728	87922.4	5218.87	5218.73
Na23	21409.2	0.104807	75013.9	86.1329	85.8475
proton	938.272	39.898	74874.8	0	0
neutron	939.565	16.4682	74874.8	0	0
F21	19556.7	2.21493	74874.8	0	0
neutron	939.565	1.88503	75444.3	0	0
neutron	939.565	1.57507	75444.3	0	0
S35	32565.3	0.241653	75444.3	0	0
Cl35	32564.6	0.161512	78932.4	686.682	686.361
Na23	21409.2	0.113594	99700.2	9808.95	9808.7
Cl35	32564.6	0.121951	82623.7	2350.64	2350.46
neutron	939.565	0.253193	76100.5	0	0
S34	31632.7	0.166818	76100.5	0	0
neutron	939.565	27.428	76474.4	0	0
neutron	939.565	2.02846	76474.4	0	0
proton	938.272	1.96883	76474.4	0	0
neutron	939.565	1.882	76474.4	0	0
alpha	3727.38	6.99819	76474.4	0	0
Al27	25126.5	3.40099	76474.4	0	0
Na23	21409.2	0.171213	92296.2	6666.5	6666.26
Na23	21409.2	1.00053	83729.4	3288.51	3287.49
Cl35	32564.6	0.148646	75377.9	94.4722	94.2124
neutron	939.565	1.05855	75686.7	0	0
Ne22	20479.7	0.348818	75686.7	0	0
Cl35	32564.6	0.103309	92979.8	6493.79	6493.59
Cl37	34424.8	0.103488	85399.4	2984.28	2984.11
neutron	939.565	2.78505	77411.6	0	0
neutron	939.565	2.22032	77411.6	0	0
neutron	939.565	1.15703	77411.6	0	0
S32	29773.6	0.191931	77411.6	0	0
neutron	939.565	0.487165	76942.3	0	0
S34	31632.7	0.143671	76942.3	0	0
Cl35	32564.6	0.129088	98592.8	9416.55	9416.4
Cl35	32564.6	0.157882	94280.9	7344.22	7344.04
Cl35	32564.6	0.176141	87209.8	4953.21	4952.7
Na23	21409.2	0.122265	96811.4	8707.58	8707.25
Cl35	32564.6	0.110634	79364.8	1681.56	1681.43
S35	32565.3	0.150989	75090.3	0	0
Na23	21409.2	0.118766	92141.4	5842.63	5842.23
neutron	939.565	0.963825	77504	0	0
S34	31632.7	0.233426	77504	0	0
Cl35	32564.6	0.177606	85709.2	4266.82	4266.33
Ne23	21414.1	0.214036	75462.8	0	0
Cl35	32564.6	0.323392	98117.1	9314.09	9313.73
neutron	939.565	3.94786	74860.5	0	0
S34	31632.7	0.0323048	74860.5	0	0
Cl35	32564.6	0.0984036	84123.2	2869.7	2869.5
Cl35	32564.6	0.143472	78565.2	567.305	567
neutron	939.565	0.488129	77090.6	0	0
Ne22	20479.7	0.342746	77090.6	0	0
Cl35	32564.6	0.159965	96608.5	8226.22	8225.97
Cl35	32564.6	0.251333	77590.8	45.2849	44.8986
neutron	939.565	3.39579	76774.1	0	0
S34	31632.7	0.18675	76774.1	0	0
neutron	939.565	4.66623	80948.3	0	0
neutron	939.565	1.29561	80948.3	0	0
S33	30704.6	0.542053	80948.3	0	0
Na23	21409.2	0.120913	84142.4	3494.88	3494.42
S35	32565.3	0.151888	74823.1	0	0
Na23	21409.2	0.266871	84301	3446.48	3446.19
Na23	21409.2	0.107304	82086.1	2538.5	2538.32
Ne23	21414.1	0.218885	75459.9	0	0
Na23	21409.2	0.334036	95436.9	8173.85	8173.48
Na23	21409.2	0.114851	75441.1	48.1848	47.9901
Cl35	32564.6	0.278267	88274.6	5100.05	5099.63
S37	34430.2	0.143982	76963.5	0	0
Ne23	21414.1	0.204909	78878.4	0	0
proton	938.272	29.9785	75926.2	0	0
neutron	939.565	3.27685	75926.2	0	0
neutron	939.565	2.14631	75926.2	0	0
F20	18625.3	1.47898	75926.2	0	0
Cl35	32564.6	0.0973931	94308.2	7836.93	7836.62
neutron	939.565	27.1583	75430.8	0	0
neutron	939.565	12.0518	75430.8	0	0
neutron	939.565	5.71248	75430.8	0	0
alpha	3727.38	5.75234	75430.8	0	0
O16	14895.1	1.8106	75430.8	0	0
Ne23	21414.1	0.229416	75227.6	0	0
Cl37	34424.8	0.085887	99163.7	9597.9	9597.8
Cl37	34424.8	0.268386	84611.3	2683.64	2683.07
neutron	939.565	3.99878	75744.5	0	0
S34	31632.7	0.0423451	75744.5	0	0
Cl35	32564.6	0.0994214	81905.2	2170.95	2170.8
S35	32565.3	0.148367	75899.7	0	0
neutron	939.565	0.355026	75653.3	0	0
S36	33495	0.1893	75653.3	0	0
Cl35	32564.6	0.141981	83065.8	2971.38	2971.23
Cl35	32564.6	1.63853	79039	1371.21	1369.56
Cl37	34424.8	0.0867167	88905.1	5454.81	5454.63
proton	938.272	3.26647	78247.8	0	0
deuteron	1875.61	8.61479	78247.8	0	0
O20	18629.6	0.410578	78247.8	0	0
Cl35	32564.6	0.0787603	92887.7	6969.07	6968.92
proton	938.272	15.2283	75957.1	0	0
neutron	939.565	2.75727	75957.1	0	0
neutron	939.565	1.79603	75957.1	0	0
neutron	939.565	1.71036	75957.1	0	0
P31	28844.2	0.337096	75957.1	0	0
Cl37	34424.8	0.195171	95628	8254.37	8253.98
Cl35	32564.6	0.698959	93766.2	7586.24	7585.37
proton	938.272	16.7208	75366.9	0	0
neutron	939.565	0.841608	75366.9	0	0
F21	19556.7	0.34077	75366.9	0	0
Cl35	32564.6	0.112652	90905.8	5787.75	5787.54
neutron	939.565	1.08751	77267.1	0	0
S34	31632.7	0.29957	77267.1	0	0
proton	938.272	10.824	74932.2	0	0
neutron	939.565	0.677724	74932.2	0	0
neutron	939.565	0.492984	74932.2	0	0
P32	29775.8	0.231456	74932.2	0	0
Cl35	32564.6	0.0694414	86029	4295.7	4295.63
Cl35	32564.6	0.0716097	97000.8	8368.13	8367.97
neutron	939.565	0.153877	78063.8	0	0
S36	33495	0.120318	78063.8	0	0
Cl35	32564.6	0.0820366	77431	616.112	615.893
Na23	21409.2	0.119451	76513.2	280.807	280.575
neutron	939.565	16.1833	75891.2	0	0
neutron	939.565	2.78084	75891.2	0	0
neutron	939.565	1.90498	75891.2	0	0
alpha	3727.38	7.15709	75891.2	0	0
O16	14895.1	2.50514	75891.2	0	0
Na23	21409.2	0.106029	86954.8	3086.23	3085.98
Cl35	32564.6	0.201058	88110.5	4746.64	4746.16
neutron	939.565	0.203507	75943.5	0	0
S34	31632.7	0.130331	75943.5	0	0
Cl35	32564.6	0.0763094	80593.8	1946.31	1946.22
neutron	939.565	0.280291	76111.8	0	0
Ne22	20479.7	0.335357	76111.8	0	0
Cl35	32564.6	0.510552	86477	3792.57	3791.91
Cl35	32564.6	0.313141	79722.2	1085.47	1085
neutron	939.565	0.359442	76799.3	0	0
S34	31632.7	0.127731	76799.3	0	0
Cl35	32564.6	0.0932331	82089.7	2777.44	2777.03
neutron	939.565	0.940308	74877.4	0	0
S34	31632.7	0.223584	74877.4	0	0
Cl37	34424.8	0.0636005	81854.9	2517.61	2517.35
S37	34430.2	0.133047	76722.7	0	0
proton	938.272	17.0234	79175.1	0	0
neutron	939.565	5.25016	79175.1	0	0
neutron	939.565	2.06198	79175.1	0	0
P34	31638.6	0.921856	79175.1	0	0
neutron	939.565	1.17884	76647.7	0	0
S34	31632.7	0.320793	76647.7	0	0
neutron	939.565	0.332133	74885.7	0	0
S36	33495	0.1552	74885.7	0	0
neutron	939.565	6.19623	75338.9	0	0
neutron	939.565	5.21893	75338.9	0	0
neutron	939.565	0.457652	75338.9	0	0
Ne20	18617.7	0.960545	75338.9	0	0
Cl35	32564.6	0.149621	94068.9	7665.75	7664.9
Na23	21409.2	0.16759	96754.4	8748.07	8747.61
Cl35	32564.6	0.195717	89859.3	5852.9	5852.33
neutron	939.565	1.68551	74826.9	0	0
S34	31632.7	0.350085	74826.9	0	0
Cl35	32564.6	0.258018	80645	2335.69	2335.33
Na23	21409.2	0.149219	77882.2	1183.46	1182.9
S35	32565.3	0.165564	74915.8	0	0
Na23	21409.2	0.225892	83846.9	1848.19	1847.78
neutron	939.565	0.575213	74738	0	0
S36	33495	0.171815	74738	0	0
neutron	939.565	1.43943	76091	0	0
neutron	939.565	0.434604	76091	0	0
Ne21	19550.5	0.204662	76091	0	0
Cl37	34424.8	0.0818874	96519.1	8527.78	8527.59
Cl35	32564.6	0.153645	95084.2	7943.84	7943.53
Cl37	34424.8	0.165597	92540.9	6746.48	6746.25
Cl35	32564.6	0.346614	87675.2	4766.17	4765.64
Cl35	32564.6	0.163756	78824.6	1199.76	1199.58
S37	34430.2	0.1396	75738.1	0	0
Na23	21409.2	0.217394	95652.9	8375.81	8375.28
neutron	939.565	2.84407	74556.9	0	0
neutron	939.565	1.55305	74556.9	0	0
neutron	939.565	1.50526	74556.9	0	0
S32	29773.6	0.42288	74556.9	0	0
Ne23	21414.1	0.226212	76788.7	0	0
Cl35	32564.6	0.266268	83557.4	2952.59	2952.04
Cl35	32564.6	0.0760225	92671.2	6974.76	6974.65
Cl35	32564.6	0.283925	84058.8	3398.6	3398
Cl35	32564.6	0.346822	97744.8	9071.45	9071.02
neutron	939.565	0.13274	75110.3	0	0
S34	31632.7	0.191304	75110.3	0	0
Cl37	34424.8	0.118911	99689.4	9890.47	9890.27
Cl35	32564.6	0.0883889	95842.6	8245.42	8245.32
neutron	939.565	18.5446	74950.2	0	0
neutron	939.565	6.12655	74950.2	0	0
neutron	939.565	1.61509	74950.2	0	0
alpha	3727.38	6.89706	74950.2	0	0
O16	14895.1	2.03538	74950.2	0	0
Cl35	32564.6	0.133634	88385.5	5215	5214.61
neutron	939.565	0.366546	74931.4	0	0
Ne22	20479.7	0.135842	74931.4	0	0
S37	34430.2	0.135013	76256.9	0	0
Cl35	32564.6	0.0882226	81060.1	2093.83	2093.26
neutron	939.565	0.349578	75340.2	0	0
Ne22	20479.7	0.205076	75340.2	0	0
Na23	21409.2	0.137386	98981.2	9583.35	9583.17
Na23	21409.2	0.135794	91730.4	6523.45	6523.23
Cl35	32564.6	0.236998	84720.6	3488.07	3487.76
proton	938.272	28.8658	75650.3	0	0
neutron	939.565	5.57982	75650.3	0	0
neutron	939.565	0.655135	75650.3	0	0
P32	29775.8	0.271408	75650.3	0	0
Cl35	32564.6	0.09399	77792.6	854.5	854.386
neutron	939.565	32.5443	75476.8	0	0
neutron	939.565	5.84149	75476.8	0	0
neutron	939.565	2.31069	75476.8	0	0
alpha	3727.38	7.57628	75476.8	0	0
O16	14895.1	2.17399	75476.8	0	0
neutron	939.565	0.0824517	80606.4	1967.31	1629.44
Ne22	20479.7	0.645282	80606.4	1967.31	1629.44
neutron	939.565	19.7588	75930.9	0	0
proton	938.272	5.27798	75930.9	0	0
P33	30705.3	0.909767	75930.9	0	0
Ne23	21414.1	0.200903	75148.2	0	0
Na23	21409.2	0.23569	92315.5	6779.58	6779.01
Cl37	34424.8	0.137898	77696.1	787.558	787.043
Na23	21409.2	0.398176	96682.5	8128.34	8127.29
Cl35	32564.6	0.351925	93950.2	6779.67	6779.02
Na23	21409.2	0.137854	82469.5	2159.74	2159.54
neutron	939.565	7.29037	76781.7	0	0
proton	938.272	3.02176	76781.7	0	0
neutron	939.565	2.05965	76781.7	0	0
neutron	939.565	1.59757	76781.7	0	0
F19	17692.3	0.527006	76781.7	0	0
neutron	939.565	5.19648	75737.6	0	0
neutron	939.565	1.34054	75737.6	0	0
Ne21	19550.5	0.528027	75737.6	0	0
neutron	939.565	0.523881	77905.2	0	0
S34	31632.7	0.167643	77905.2	0	0
Na23	21409.2	0.117154	91567.4	6474.76	6474.55
Na23	21409.2	0.139467	88040.2	5040.95	5040.39
proton	938.272	587.385	85834.7	4067.46	2459.35
proton	938.272	3.376	85834.7	4067.46	2459.35
S33	30704.6	0.919642	85834.7	4067.46	2459.35
neutron	939.565	1.02757	79357.3	0	0
Ne22	20479.7	0.408877	79357.3	0	0
Cl35	32564.6	0.0881813	84388.4	3434.81	3434.68
neutron	939.565	5.02745	75745.7	0	0
proton	938.272	3.48585	75745.7	0	0
neutron	939.565	1.94696	75745.7	0	0
P32	29775.8	0.489899	75745.7	0	0
Cl35	32564.6	0.0831854	98671.5	9418.35	9418.23
Cl35	32564.6	0.0941733	80993.3	650.837	650.723
Ne23	21414.1	0.218792	79219.6	0	0
Na23	21409.2	0.101991	91862	6515.58	6515.17
neutron	939.565	34.7208	76338.8	0	0
proton	938.272	21.6729	76338.8	0	0
neutron	939.565	3.76742	76338.8	0	0
P32	29775.8	0.25632	76338.8	0	0
Cl35	32564.6	0.566272	78535.5	1600.8	1600.19
Ne23	21414.1	0.232236	74213.7	0	0
neutron	939.565	0.615074	76672.3	0	0
Ne22	20479.7	0.109542	76672.3	0	0
Na23	21409.2	0.172085	91633.8	5795.75	5795.56
Ne23	21414.1	0.232809	77264	0	0
Na23	21409.2	0.426291	79205.9	1741.79	1740.96
neutron	939.565	0.651644	74773.9	0	0
Ne22	20479.7	0.0905719	74773.9	0	0
Na23	21409.2	0.234457	90858.3	5938.84	5938.28
Cl35	32564.6	0.0985142	83606.1	2673.29	2673.17
Cl37	34424.8	0.092729	97550.4	8952.09	8951.94
Na23	21409.2	0.151375	87928	5077.05	5076.86
neutron	939.565	1.20584	76888.4	0	0
S36	33495	0.210766	76888.4	0	0
S37	34430.2	0.139867	76915.6	0	0
Cl35	32564.6	1.01594	86763.2	4488.04	4486.92
S37	34430.2	0.138714	76167.8	0	0
Cl35	32564.6	0.10448	99427.2	9715.33	9715.05
Ne23	21414.1	0.227898	75398.5	0	0
Cl35	32564.6	0.0835825	89928.2	5602.44	5602.27
neutron	939.565	1.27598	76116.1	0	0
S34	31632.7	0.23759	76116.1	0	0
S37	34430.2	0.137274	75875.4	0	0
neutron	939.565	0.704621	79492	0	0
Ne22	20479.7	0.282678	79492	0	0
neutron	939.565	1.71843	78483.9	0	0
Ne22	20479.7	0.0730198	78483.9	0	0
Cl35	32564.6	0.165657	96953.4	7890.12	7889.88
Ne23	21414.1	0.232718	77242.4	0	0
Cl35	32564.6	0.142369	92002.9	6803.96	6803.61
Cl35	32564.6	0.217695	99845.8	9944.67	9944.37
Na23	21409.2	0.598216	98653.4	9483.74	9483.13
neutron	939.565	7.32073	78369	0	0
proton	938.272	5.60698	78369	0	0
neutron	939.565	1.65549	78369	0	0
neutron	939.565	1.13084	78369	0	0
deuteron	1875.61	20.2173	78369	0	0
Si29	26984.3	0.626966	78369	0	0
Cl35	32564.6	0.243875	82408.2	1718.48	1718
neutron	939.565	8.89477	77833.4	0	0
neutron	939.565	6.49979	77833.4	0	0
neutron	939.565	5.09188	77833.4	0	0
alpha	3727.38	8.57914	77833.4	0	0
alpha	3727.38	6.8779	77833.4	0	0
C12	11174.9	0.97656	77833.4	0	0
Cl35	32564.6	0.0961713	80491.4	2173.13	2172.83
neutron	939.565	8.18933	74904.5	0	0
Ne22	20479.7	0.690234	74904.5	0	0
Ne23	21414.1	0.21897	75710.9	0	0
Cl35	32564.6	0.091854	89552.1	5628.8	5628.5
neutron	939.565	3.10512	77235	0	0
S34	31632.7	0.161474	77235	0	0
S35	32565.3	0.158769	79957.9	0	0
Na23	21409.2	0.965572	96204.4	8197.65	8196.23
Cl35	32564.6	0.0702892	77020.7	192.318	192.246
neutron	939.565	1.1087	76676	0	0
Ne22	20479.7	0.302433	76676	0	0
Ne23	21414.1	0.229546	75186.9	0	0
proton	938.272	241.702	85786.2	3218.68	2808.41
neutron	939.565	138.999	85786.2	3218.68	2808.41
neutron	939.565	0.920588	85786.2	3218.68	2808.41
Ne20	18617.7	0.0973752	85786.2	3218.68	2808.41
neutron	939.565	7.0005	78658	0	0
proton	938.272	6.94171	78658	0	0
neutron	939.565	2.0371	78658	0	0
neutron	939.565	1.0645	78658	0	0
alpha	3727.38	4.24807	78658	0	0
N15	13968.9	0.433151	78658	0	0
neutron	939.565	3.12611	74856.3	0	0
Ne22	20479.7	0.252451	74856.3	0	0
Na23	21409.2	0.130053	90389.9	5785.86	5785.47
neutron	939.565	0.650753	75955.1	0	0
S34	31632.7	0.223018	75955.1	0	0
Cl35	32564.6	0.331194	98367.7	9237.12	9236.38
Na23	21409.2	0.126437	96230.3	8495.67	8495.52
Cl35	32564.6	0.0697439	83525	3404.26	3404.19
neutron	939.565	3.97703	74362.8	0	0
neutron	939.565	0.585607	74362.8	0	0
Ne21	19550.5	0.0129169	74362.8	0	0
Cl35	32564.6	0.123372	95457.3	8162.32	8161.92
Na23	21409.2	0.180704	93132.3	7278.38	7278.17
Cl35	32564.6	0.155671	78883.7	1284.42	1284.1
proton	938.272	12.4334	75466.8	0	0
neutron	939.565	2.9091	75466.8	0	0
neutron	939.565	1.98855	75466.8	0	0
F20	18625.3	0.813744	75466.8	0	0
Cl35	32564.6	0.170215	87484.7	4319.78	4319.56
S35	32565.3	0.152544	75956	0	0
Cl35	32564.6	0.102468	96796.2	8568.42	8568.03
Cl35	32564.6	0.0882799	92267.4	6814.33	6814.1
Cl35	32564.6	0.57795	86397.2	4155.35	4154.7
Na23	21409.2	0.259809	89588.4	5168.94	5168.57
Na23	21409.2	0.139553	84060.5	2645.46	2645.24
Cl35	32564.6	0.0694804	80592	1302.18	1301.99
neutron	939.565	4.71373	77221.5	0	0
S34	31632.7	0.0749697	77221.5	0	0
Cl35	32564.6	0.106729	98342.9	9367.98	9367.73
Cl37	34424.8	0.0653058	93443.6	7327.14	7327.07
Cl35	32564.6	0.165104	94320.7	6545.01	6544.63
Cl35	32564.6	0.165311	99231.9	9697.64	9697.35
Cl37	34424.8	0.0664586	86161.3	4366.83	4366.48
S35	32565.3	0.147515	74595.6	0	0
Cl35	32564.6	0.104302	81969	573.78	573.303
neutron	939.565	10.6723	75062.2	0	0
neutron	939.565	0.713626	75062.2	0	0
Ne21	19550.5	0.489826	75062.2	0	0
S37	34430.2	0.136213	74997	0	0
Na23	21409.2	0.454334	98815.4	8581.86	8581.19
Cl35	32564.6	0.0791768	95725.2	6660.29	6660.14
neutron	939.565	1.22356	80144.8	0	0
S34	31632.7	0.262643	80144.8	0	0
Cl35	32564.6	0.0941396	78992.4	1164.91	1164.44
neutron	939.565	1.22548	76020.3	0	0
S34	31632.7	0.0912932	76020.3	0	0
Ne23	21414.1	0.230385	75467.5	0	0
S35	32565.3	0.137874	80673.4	0	0
Cl35	32564.6	0.392373	94361.5	7774.97	7774.06
Cl35	32564.6	0.1761	83818.1	2850.52	2849.83
Cl37	34424.8	0.143139	76580.4	57.2654	56.9377
Ne23	21414.1	0.194748	76576.7	0	0
proton	938.272	26.3828	77953.5	0	0
neutron	939.565	4.41744	77953.5	0	0
P33	30705.3	0.898652	77953.5	0	0
Cl35	32564.6	0.27058	96855.3	8521.84	8521.56
proton	938.272	11.8176	74682.5	0	0
neutron	939.565	6.9637	74682.5	0	0
neutron	939.565	3.80627	74682.5	0	0
neutron	939.565	2.75473	74682.5	0	0
proton	938.272	1.95391	74682.5	0	0
O18	16762	2.33285	74682.5	0	0
Cl35	32564.6	0.21964	90854.6	5928.31	5928
Na23	21409.2	0.257868	87664.7	4646.63	4645.95
Cl35	32564.6	0.107084	84256.8	3086.79	3086.5
proton	938.272	2.57328	76217	0	0
neutron	939.565	1.32477	76217	0	0
P33	30705.3	0.158548	76217	0	0
Cl35	32564.6	0.219157	98574.4	8821.38	8821.06
Na23	21409.2	0.138517	93983	6971.52	6971
Ne23	21414.1	0.225042	75901.1	0	0
neutron	939.565	0.583344	79669.8	0	0
S34	31632.7	0.114275	79669.8	0	0
neutron	939.565	1.5283	75261	0	0
S34	31632.7	0.103399	75261	0	0
Cl35	32564.6	0.0798632	98382.8	9325.84	9325.74
Cl35	32564.6	0.0877848	92092.4	6720.09	6719.87
neutron	939.565	1.1137	75409	0	0
S36	33495	0.103972	75409	0	0
Ne23	21414.1	0.219514	76557.4	0	0
proton	938.272	10.2432	75673	0	0
proton	938.272	7.67203	75673	0	0
neutron	939.565	6.51536	75673	0	0
neutron	939.565	1.65492	75673	0	0
neutron	939.565	1.17131	75673	0	0
Si30	27913.2	0.505152	75673	0	0
Cl35	32564.6	0.100591	91502.7	6455.94	6455.66
Cl35	32564.6	0.102604	89314.9	5622.79	5622.65
Cl35	32564.6	0.0671217	85668.7	3983.44	3983.33
S37	34430.2	0.142238	75134.2	0	0
Cl37	34424.8	0.073979	97857.7	9171.21	9171.03
Cl35	32564.6	0.091847	92911.6	7174.72	7174.59
Cl35	32564.6	0.068703	86845.7	4527.6	4527.41
Cl35	32564.6	0.12456	84682.9	3761.8	3761.48
Ne23	21414.1	0.22394	75182.8	0	0
Na23	21409.2	0.111647	97921.9	9224.93	9224.69
Cl35	32564.6	0.0859437	89295.7	5591.36	5591.18
Cl35	32564.6	0.0917965	96734.2	8312.18	8312.02
Cl35	32564.6	0.83374	89561.8	4881.44	4880.32
neutron	939.565	2.18089	76995.4	0	0
S34	31632.7	0.0224767	76995.4	0	0
Na23	21409.2	0.104805	96335.1	8540.63	8540.26
Cl35	32564.6	0.369533	81325	2608.55	2608.05
neutron	939.565	0.225503	74338.7	0	0
S34	31632.7	0.104375	74338.7	0	0
Cl35	32564.6	0.0882616	99762.5	9908.54	9908.34
Na23	21409.2	0.439445	86654	4239.43	4238.87
Cl37	34424.8	0.0633948	77451.1	588.985	588.808
neutron	939.565	4.71695	75926	0	0
neutron	939.565	3.2121	75926	0	0
neutron	939.565	0.342634	75926	0	0
S32	29773.6	0.295443	75926	0	0
Cl35	32564.6	0.108256	95519.8	7012.07	7011.83
Cl37	34424.8	0.0637225	97974.6	9259.48	9259.18
Na23	21409.2	0.103636	94407.8	7282.21	7281.88
Na23	21409.2	0.182092	83375.3	2656.13	2655.93
neutron	939.565	13.4117	76854.3	0	0
neutron	939.565	2.3948	76854.3	0	0
neutron	939.565	1.6136	76854.3	0	0
Ne20	18617.7	0.228413	76854.3	0	0
Na23	21409.2	0.695594	96627.8	8719.54	8718.59
Cl37	34424.8	0.123828	89843.8	5747.89	5747.53
Cl35	32564.6	0.120105	77650.8	998.787	998.615
Cl35	32564.6	0.142494	94898.4	7871.32	7871.17
neutron	939.565	5.00833	76475	0	0
Ne22	20479.7	0.661863	76475	0	0
Na23	21409.2	0.174215	94313	7493.97	7493.65
Cl35	32564.6	0.0833892	91433.9	6367.21	6366.9
Cl35	32564.6	0.0798556	98474.5	9357.61	9357.5
proton	938.272	8.27304	74922	0	0
neutron	939.565	7.90907	74922	0	0
neutron	939.565	4.82812	74922	0	0
neutron	939.565	0.69892	74922	0	0
deuteron	1875.61	4.35164	74922	0	0
O17	15830.5	0.0915245	74922	0	0
S35	32565.3	0.149771	75229.7	0	0
Cl35	32564.6	0.0868864	80625	1519.01	1518.87
Na23	21409.2	0.146331	97959.6	9173.36	9173.18
Cl35	32564.6	0.566999	92644.6	7094.99	7093.56
Cl35	32564.6	0.0925846	90848.6	6412.47	6412.33
proton	938.272	9.70628	74491.5	0	0
neutron	939.565	7.09547	74491.5	0	0
proton	938.272	3.69618	74491.5	0	0
neutron	939.565	1.90747	74491.5	0	0
neutron	939.565	1.61547	74491.5	0	0
Si30	27913.2	1.137	74491.5	0	0
Na23	21409.2	0.137866	74352	56.1704	55.9459
proton	938.272	25.4732	74305.4	0	0
proton	938.272	9.89097	74305.4	0	0
neutron	939.565	2.5075	74305.4	0	0
neutron	939.565	0.239735	74305.4	0	0
Si31	28846.2	1.89648	74305.4	0	0
Cl35	32564.6	0.0739461	95776.3	7979.32	7979.22
Cl35	32564.6	0.106051	85450.6	3367.49	3367.02
Na23	21409.2	0.208257	76797	482.116	481.879
neutron	939.565	1.25323	75655.9	0	0
Ne22	20479.7	0.128877	75655.9	0	0
neutron	939.565	4.16459	79222.1	0	0
proton	938.272	3.70815	79222.1	0	0
proton	938.272	3.62161	79222.1	0	0
neutron	939.565	2.73291	79222.1	0	0
neutron	939.565	2.19954	79222.1	0	0
neutron	939.565	1.81902	79222.1	0	0
neutron	939.565	0.11167	79222.1	0	0
Si28	26053.2	0.216913	79222.1	0	0
Na23	21409.2	0.28506	90724.8	5697.79	5697.48
Cl35	32564.6	0.0768689	87662	4516.87	4516.71
Na23	21409.2	0.119822	76342.1	162.318	162.063
neutron	939.565	12.8454	76029.6	0	0
neutron	939.565	3.35938	76029.6	0	0
neutron	939.565	0.501198	76029.6	0	0
Ne20	18617.7	1.19436	76029.6	0	0
Ne23	21414.1	0.230324	74756.3	0	0
neutron	939.565	8.31201	75001.8	0	0
neutron	939.565	5.45921	75001.8	0	0
neutron	939.565	2.88497	75001.8	0	0
S34	31632.7	0.722092	75001.8	0	0
Cl35	32564.6	0.229788	89740.9	5756.3	5755.82
neutron	939.565	0.244806	75033.5	0	0
S34	31632.7	0.120283	75033.5	0	0
Ne23	21414.1	0.224209	75847.8	0	0
neutron	939.565	11.7604	76724.8	0	0
neutron	939.565	2.62621	76724.8	0	0
neutron	939.565	1.40581	76724.8	0	0
S32	29773.6	0.488974	76724.8	0	0
Na23	21409.2	0.109336	87475	3554.74	3554.53
Na23	21409.2	0.283813	79576.8	335.578	335.102
Cl35	32564.6	0.0780661	78955.2	95.9666	95.855
neutron	939.565	0.864564	78785	0	0
Ne22	20479.7	0.262367	78785	0	0
Cl35	32564.6	0.0988594	98931.8	9592.63	9592.52
Na23	21409.2	0.128684	82054.3	2447.73	2447.6
S35	32565.3	0.139935	75850.2	0	0
neutron	939.565	5.08276	75008.7	0	0
proton	938.272	3.40919	75008.7	0	0
neutron	939.565	2.84226	75008.7	0	0
P32	29775.8	0.191134	75008.7	0	0
neutron	939.565	20.0976	75618.7	0	0
proton	938.272	5.82207	75618.7	0	0
neutron	939.565	4.37552	75618.7	0	0
neutron	939.565	2.21234	75618.7	0	0
P31	28844.2	1.53926	75618.7	0	0
neutron	939.565	0.935461	75142.5	0	0
Ne22	20479.7	0.30268	75142.5	0	0
neutron	939.565	1.1983	75588	0	0
Ne22	20479.7	0.439961	75588	0	0
Na23	21409.2	0.169954	95267.6	7616.77	7616.37
Cl35	32564.6	0.0714699	81273.9	2326.03	2325.91
Cl35	32564.6	0.164339	78906.2	1395.23	1394.96
neutron	939.565	0.280811	75136.5	0	0
S34	31632.7	0.171155	75136.5	0	0
Cl37	34424.8	0.145168	84738.6	2744.22	2743.95
neutron	939.565	0.837313	77522.3	0	0
S34	31632.7	0.0549126	77522.3	0	0
Cl35	32564.6	0.0815369	89437.8	5586.78	5586.49
Cl37	34424.8	0.0956635	88302.1	5149.21	5148.53
neutron	939.565	23.4227	75417.5	0	0
neutron	939.565	3.44682	75417.5	0	0
neutron	939.565	0.194031	75417.5	0	0
alpha	3727.38	5.95129	75417.5	0	0
O16	14895.1	1.1571	75417.5	0	0
Cl37	34424.8	0.194992	96740.3	8748.07	8747.87
Na23	21409.2	0.231124	80516.6	1422.27	1421.88
Cl35	32564.6	0.0811033	80325.3	1352.7	1352.54
neutron	939.565	4.29724	76805.6	0	0
neutron	939.565	3.82662	76805.6	0	0
neutron	939.565	2.75525	76805.6	0	0
alpha	3727.38	10.4208	76805.6	0	0
alpha	3727.38	13.3458	76805.6	0	0
C12	11174.9	7.94231	76805.6	0	0
Na23	21409.2	0.133621	96486.5	8683.68	8683.32
neutron	939.565	25.0663	76306.3	0	0
neutron	939.565	7.63593	76306.3	0	0
neutron	939.565	3.42114	76306.3	0	0
S34	31632.7	0.263233	76306.3	0	0
neutron	939.565	0.356407	76569.1	0	0
Ne22	20479.7	0.257734	76569.1	0	0
Na23	21409.2	0.601541	87087.6	4086.08	4085.09
neutron	939.565	19.2644	76433	0	0
neutron	939.565	1.54886	76433	0	0
S35	32565.3	0.274222	76433	0	0
Cl37	34424.8	0.0895555	94044.1	7544.12	7543.49
Na23	21409.2	0.10697	96285.3	8471.6	8471.38
Cl37	34424.8	0.0673544	88885.4	5366.21	5365.8
neutron	939.565	15.0144	76455.2	0	0
proton	938.272	3.70331	76455.2	0	0
proton	938.272	3.07816	76455.2	0	0
neutron	939.565	3.06924	76455.2	0	0
neutron	939.565	2.03769	76455.2	0	0
Si30	27913.2	0.261675	76455.2	0	0
Cl35	32564.6	0.0859007	75673.4	251.903	251.655
Ne23	21414.1	0.225525	76183.6	0	0
Na23	21409.2	0.432427	89220.7	5033.75	5033.26
Cl35	32564.6	0.231375	99933.8	9977.76	9977.39
Na23	21409.2	0.239623	97285.4	8895.63	8894.94
Cl35	32564.6	0.157462	92292	6955.33	6955.07
Cl35	32564.6	0.286123	83785.7	2346.55	2346.25
Na23	21409.2	0.667078	86888.5	3715.47	3714.69
Na23	21409.2	0.244937	82604.6	1977.7	1977.39
Cl35	32564.6	0.137741	78601.6	408.687	408.253
neutron	939.565	1.48489	77582.5	0	0
S34	31632.7	0.12102	77582.5	0	0
S35	32565.3	0.146217	77400.1	0	0
Cl35	32564.6	0.126289	84948.2	3799.86	3799.52
neutron	939.565	0.551418	74786.8	0	0
S36	33495	0.0488977	74786.8	0	0
Na23	21409.2	0.363316	80162.9	1110.41	1109.7
neutron	939.565	18.2361	77131.8	0	0
neutron	939.565	1.93885	77131.8	0	0
neutron	939.565	0.865931	77131.8	0	0
Ne20	18617.7	0.964068	77131.8	0	0
Na23	21409.2	0.133261	88221.2	5360.79	5360.64
Cl35	32564.6	0.082223	88531.6	5078.81	5078.26
Na23	21409.2	0.288123	95226.3	8070.7	8070.31
neutron	939.565	0.259305	75890.2	0	0
S34	31632.7	0.108939	75890.2	0	0
Cl35	32564.6	0.0916196	83382.6	3314.97	3314.88
neutron	939.565	1.20023	75719.4	0	0
Ne22	20479.7	0.388655	75719.4	0	0
neutron	939.565	2.88831	74652.1	0	0
S34	31632.7	0.0234008	74652.1	0	0
Cl37	34424.8	0.0733149	97318.1	8832.7	8832.42
Cl37	34424.8	0.0644136	95178.1	7844.42	7844.12
proton	938.272	14.9567	75778	0	0
neutron	939.565	10.6412	75778	0	0
neutron	939.565	7.37679	75778	0	0
proton	938.272	3.65186	75778	0	0
neutron	939.565	3.33817	75778	0	0
Si30	27913.2	1.16875	75778	0	0
Cl37	34424.8	0.133617	95710.3	8178.67	8178.46
Cl35	32564.6	0.0930816	99475.2	9816.9	9816.78
neutron	939.565	0.454538	76918.6	0	0
Ne22	20479.7	0.357079	76918.6	0	0
proton	938.272	32.6515	77681.4	0	0
neutron	939.565	0.846779	77681.4	0	0
P33	30705.3	0.943816	77681.4	0	0
Cl35	32564.6	0.0704426	81094.4	2446.45	2446.12
Na23	21409.2	0.534124	90428.6	5860.08	5859.13
Na23	21409.2	0.434089	88713.2	5157.8	5157.25
Ne23	21414.1	0.231934	79067.8	0	0
Na23	21409.2	0.203532	90910.7	6232.49	6232.18
Na23	21409.2	0.102133	82756.7	2829.55	2829.09
S35	32565.3	0.149087	75389.8	0	0
Cl35	32564.6	0.073582	82102.8	2032.99	2032.92
neutron	939.565	0.925181	76652.8	0	0
Ne22	20479.7	0.277469	76652.8	0	0
Cl37	34424.8	0.106507	83076.7	2042.58	2042.46
neutron	939.565	0.583864	77872.9	0	0
Ne22	20479.7	0.177184	77872.9	0	0
S35	32565.3	0.152198	75547.2	0	0
Cl37	34424.8	0.108359	94723.2	7571.66	7571.55
S37	34430.2	0.137361	75524.8	0	0
Ne23	21414.1	0.216482	75001.6	0	0
Cl35	32564.6	0.168385	98525.9	8945.73	8944.88
Cl35	32564.6	0.114931	85848.4	3319.05	3318.84
Cl37	34424.8	0.12001	80850.2	1317.57	1317.28
neutron	939.565	11.6987	77548.7	0	0
neutron	939.565	10.1415	77548.7	0	0
neutron	939.565	8.7901	77548.7	0	0
proton	938.272	5.02671	77548.7	0	0
neutron	939.565	2.14973	77548.7	0	0
P30	27917	1.37896	77548.7	0	0
Cl35	32564.6	0.125608	89248.5	5525.44	5525.31
Na23	21409.2	0.112625	81377.8	1968.36	1968.1
Cl35	32564.6	0.071467	76364.6	89.3943	89.2478
neutron	939.565	1.46339	76215.4	0	0
S34	31632.7	0.0682106	76215.4	0	0
Na23	21409.2	0.131404	92162	6970.68	6970.22
Na23	21409.2	0.115583	87114.4	4812.34	4812.07
neutron	939.565	1.17092	75053.6	0	0
Ne22	20479.7	0.401806	75053.6	0	0
neutron	939.565	11.6724	75147.2	0	0
proton	938.272	7.52597	75147.2	0	0
neutron	939.565	5.01644	75147.2	0	0
neutron	939.565	0.75277	75147.2	0	0
neutron	939.565	0.674032	75147.2	0	0
P32	29775.8	0.49813	75147.2	0	0
Cl37	34424.8	0.159768	95936.3	7835.23	7835.03
Cl35	32564.6	0.0687044	84099.3	2622.77	2622.65
Cl37	34424.8	0.122599	82410.8	1956.74	1956.42
Cl37	34424.8	0.098158	96404.4	8528.82	8528.7
Na23	21409.2	0.103627	86009.6	3693.33	3693.15
neutron	939.565	0.834758	76963.4	0	0
S34	31632.7	0.255824	76963.4	0	0
S37	34430.2	0.141361	76247.3	0	0
Na23	21409.2	0.105691	97566.7	9049.41	9049.08
Na23	21409.2	0.945117	81921.6	1966.28	1965.3
Na23	21409.2	0.151512	93730.7	7346.16	7345.96
neutron	939.565	16.8289	77174.6	0	0
neutron	939.565	2.54887	77174.6	0	0
neutron	939.565	1.49729	77174.6	0	0
Ne20	18617.7	0.874917	77174.6	0	0
Na23	21409.2	0.166169	94724.6	7644.78	7644.53
neutron	939.565	1.60266	75734.7	0	0
S34	31632.7	0.291495	75734.7	0	0
Na23	21409.2	0.11684	82901.1	2635.56	2635.36
neutron	939.565	1.98356	76118.7	0	0
Ne22	20479.7	0.204077	76118.7	0	0
Cl37	34424.8	0.0648627	93637.7	7118.74	7118.67
Cl35	32564.6	0.0756549	85577	3935.57	3935.46
Na23	21409.2	0.226521	80734.5	1871.69	1871.19
neutron	939.565	0.305074	78891.5	0	0
Ne22	20479.7	0.144452	78891.5	0	0
Na23	21409.2	0.127714	97992.1	8823.42	8823.2
Cl35	32564.6	0.0894781	91156.2	5601.04	5600.94
Cl35	32564.6	0.751095	88978.5	4711.25	4710.47
Cl35	32564.6	0.0776469	82202.5	1998.67	1998.59
Na23	21409.2	0.122674	79243.6	898.444	897.958
neutron	939.565	2.54381	76862.5	0	0
neutron	939.565	2.44624	76862.5	0	0
S35	32565.3	0.0668861	76862.5	0	0
Na23	21409.2	0.916782	99194.1	9714.86	9713.93
proton	938.272	5.54523	75452.7	0	0
neutron	939.565	2.33677	75452.7	0	0
neutron	939.565	0.689172	75452.7	0	0
P34	31638.6	0.607652	75452.7	0	0
Na23	21409.2	0.115111	97482.8	8952.44	8952.28
Na23	21409.2	0.149934	86026	3324.76	3324.59
S35	32565.3	0.153451	77860.8	0	0
Cl35	32564.6	0.0688977	93701.3	7335.61	7335.21
Na23	21409.2	0.106441	79907.9	1121.59	1121.38
Ne23	21414.1	0.226094	77720.4	0	0
neutron	939.565	2.07674	78565.1	0	0
Ne22	20479.7	0.469499	78565.1	0	0
Cl35	32564.6	0.102578	93533.8	6816.89	6816.66
S35	32565.3	0.163039	77649.9	0	0
Na23	21409.2	0.132643	84002.9	3364.15	3363.99
neutron	939.565	0.983469	75160.4	0	0
Ne22	20479.7	0.193682	75160.4	0	0
Cl35	32564.6	0.0940353	97266.3	8779.5	8779.35
neutron	939.565	0.955634	75589.5	0	0
S34	31632.7	0.224934	75589.5	0	0
Cl35	32564.6	0.162573	81685.5	1078.26	1078.04
neutron	939.565	1.5999	78788.4	0	0
S34	31632.7	0.250461	78788.4	0	0
neutron	939.565	9.64808	74897.8	0	0
neutron	939.565	6.05692	74897.8	0	0
neutron	939.565	4.16261	74897.8	0	0
S34	31632.7	0.158152	74897.8	0	0
Cl37	34424.8	0.0679185	84816.3	3242.35	3242.23
neutron	939.565	12.5129	76545.4	0	0
proton	938.272	4.58224	76545.4	0	0
P33	30705.3	0.850579	76545.4	0	0
S35	32565.3	0.134603	76641	0	0
Cl35	32564.6	0.0730172	83111.2	3393.81	3393.57
neutron	939.565	2.11314	74246.7	0	0
S34	31632.7	0.165759	74246.7	0	0
neutron	939.565	1.87303	78125.5	0	0
S34	31632.7	0.259647	78125.5	0	0
S35	32565.3	0.143702	77765.4	0	0
Cl35	32564.6	0.0793333	93164.9	6936.35	6936.01
Na23	21409.2	0.104101	83241.5	2368.87	2368.07
Cl35	32564.6	0.206949	77297.6	25.4507	25.1934
Ne23	21414.1	0.232883	77298.9	0	0
neutron	939.565	2.17342	77240.2	0	0
S36	33495	0.0954805	77240.2	0	0
Cl35	32564.6	0.078561	92700.4	6974.78	6974.33
Cl35	32564.6	0.071174	80405.6	1394.01	1393.35
neutron	939.565	0.473248	76669.7	0	0
S34	31632.7	0.118747	76669.7	0	0
Cl37	34424.8	0.102165	90330.1	5936.89	5936.43
neutron	939.565	0.739892	75899.5	0	0
Ne22	20479.7	0.354105	75899.5	0	0
Cl35	32564.6	0.0675249	85086.9	2418.51	2418.44
proton	938.272	12.9562	78717.3	0	0
neutron	939.565	5.42226	78717.3	0	0
neutron	939.565	1.0376	78717.3	0	0
deuteron	1875.61	4.88572	78717.3	0	0
Si32	29776.6	1.65189	78717.3	0	0
Na23	21409.2	0.58983	78007.6	299.854	299.075
Na23	21409.2	0.306977	98674.6	9453.46	9453
S35	32565.3	0.162834	76616.9	0	0
Ne23	21414.1	0.22897	77445.3	0	0
neutron	939.565	4.46898	77000.2	0	0
Ne22	20479.7	0.253957	77000.2	0	0
Cl35	32564.6	0.0888806	82800.5	2555.76	2555.62
Na23	21409.2	0.328475	96559.9	7621.33	7620.7
Na23	21409.2	0.12504	81579.1	1495.4	1495.26
Na23	21409.2	0.180471	97287.6	8762.84	8762.66
neutron	939.565	0.37048	78091.8	0	0
S34	31632.7	0.223766	78091.8	0	0
neutron	939.565	7.12903	75363.6	0	0
neutron	939.565	5.30162	75363.6	0	0
Ne21	19550.5	0.589175	75363.6	0	0
Cl35	32564.6	0.247861	82722.3	2190.6	2190.11
neutron	939.565	15.0694	74872.2	0	0
neutron	939.565	13.6079	74872.2	0	0
neutron	939.565	9.30366	74872.2	0	0
Ne20	18617.7	2.4747	74872.2	0	0
neutron	939.565	9.82077	75977	0	0
neutron	939.565	2.19769	75977	0	0
alpha	3727.38	12.3711	75977	0	0
O17	15830.5	1.50956	75977	0	0
Cl35	32564.6	0.147671	85918.9	3852.97	3852.67
Na23	21409.2	0.177839	99378.1	9765.25	9764.93
neutron	939.565	2.33576	74942.1	0	0
Ne22	20479.7	0.108221	74942.1	0	0
Na23	21409.2	0.106786	92824.2	6591.69	6591.58
Cl37	34424.8	0.13348	81847.4	2128.72	2128.23
Na23	21409.2	0.135946	77360	1223.14	1222.83
Cl35	32564.6	0.0693355	74012.1	18.0859	17.969
S37	34430.2	0.144962	74006.9	0	0
Na23	21409.2	0.815525	93612	7409.05	7408.22
Cl37	34424.8	0.117685	89980	5498.52	5498.28
Na23	21409.2	0.263481	84449.9	2906.38	2906.03
Cl35	32564.6	0.169879	85904	4282.73	4282.55
Na23	21409.2	0.394368	79905.9	1743.48	1742.98
neutron	939.565	11.2189	75439.3	0	0
neutron	939.565	6.09431	75439.3	0	0
neutron	939.565	2.69282	75439.3	0	0
neutron	939.565	1.09593	75439.3	0	0
S33	30704.6	0.046698	75439.3	0	0
Na23	21409.2	0.102374	99300.1	9713.22	9712.97
Cl37	34424.8	0.259772	85139.4	3160.88	3160.6
neutron	939.565	0.119736	74667.6	0	0
S34	31632.7	0.155339	74667.6	0	0
Cl35	32564.6	0.174924	89269.7	5246.57	5246.33
neutron	939.565	23.1228	75640.3	0	0
neutron	939.565	6.19196	75640.3	0	0
neutron	939.565	1.35082	75640.3	0	0
alpha	3727.38	5.36845	75640.3	0	0
O16	14895.1	1.99917	75640.3	0	0
Cl35	32564.6	0.345796	89442.1	5603.1	5602.58
S35	32565.3	0.163894	74898.8	0	0
Ne23	21414.1	0.233001	75613.9	0	0
Na23	21409.2	0.116614	93248.4	7171.61	7171.44
Na23	21409.2	0.33586	85797.2	2802.54	2801.98
Cl35	32564.6	0.0968864	76213.7	252.638	252.53
neutron	939.565	10.956	75656	0	0
neutron	939.565	8.4263	75656	0	0
proton	938.272	4.62905	75656	0	0
neutron	939.565	3.98197	75656	0	0
alpha	3727.38	4.14483	75656	0	0
N15	13968.9	6.13355	75656	0	0
neutron	939.565	2.8592	76929.3	0	0
neutron	939.565	2.64333	76929.3	0	0
S35	32565.3	0.245898	76929.3	0	0
S35	32565.3	0.155165	77547.5	0	0
neutron	939.565	9.82642	75533.8	0	0
neutron	939.565	5.22263	75533.8	0	0
proton	938.272	3.7197	75533.8	0	0
neutron	939.565	2.06871	75533.8	0	0
alpha	3727.38	8.81738	75533.8	0	0
N15	13968.9	3.09497	75533.8	0	0
Cl35	32564.6	0.0688083	91347.4	6133.57	6133.45
neutron	939.565	1.59236	75988.6	0	0
Ne22	20479.7	0.242406	75988.6	0	0
Ne23	21414.1	0.226991	76121.9	0	0
S37	34430.2	0.143646	75131.1	0	0
Na23	21409.2	0.357426	99015.9	9634.21	9633.64
neutron	939.565	6.52824	77471.2	0	0
neutron	939.565	5.48387	77471.2	0	0
neutron	939.565	3.66024	77471.2	0	0
proton	938.272	3.60963	77471.2	0	0
proton	938.272	3.50668	77471.2	0	0
neutron	939.565	2.87013	77471.2	0	0
neutron	939.565	1.27272	77471.2	0	0
O16	14895.1	0.771439	77471.2	0	0
Na23	21409.2	0.12191	80080.1	618.691	618.502
neutron	939.565	23.798	78444.3	0	0
neutron	939.565	3.46924	78444.3	0	0
proton	938.272	2.64089	78444.3	0	0
neutron	939.565	0.547208	78444.3	0	0
F19	17692.3	0.406456	78444.3	0	0
Ne23	21414.1	0.218646	79004.9	0	0
Cl37	34424.8	0.0935541	97118.6	8487.46	8487.3
Na23	21409.2	0.20772	93796.7	7139.39	7138.43
Na23	21409.2	0.164091	80937.2	1665.96	1665.71
Cl35	32564.6	0.0763308	92017.8	6829.23	6829.03
neutron	939.565	18.3201	75093.7	0	0
neutron	939.565	4.56742	75093.7	0	0
neutron	939.565	3.34718	75093.7	0	0
Ne20	18617.7	0.534641	75093.7	0	0
Cl35	32564.6	0.0690679	91282.9	6058.78	6058.47
Na23	21409.2	0.500262	90782.9	5815.73	5815.19
neutron	939.565	0.602844	75608.1	0	0
Ne22	20479.7	0.257627	75608.1	0	0
Na23	21409.2	0.165116	85931.3	4332.08	4331.81
neutron	939.565	0.591954	74935	0	0
S36	33495	0.0574374	74935	0	0
proton	938.272	4.49696	75796.1	0	0
neutron	939.565	4.12651	75796.1	0	0
neutron	939.565	2.65869	75796.1	0	0
neutron	939.565	2.28085	75796.1	0	0
P31	28844.2	0.342514	75796.1	0	0
neutron	939.565	8.41518	75906.6	0	0
proton	938.272	2.4818	75906.6	0	0
neutron	939.565	1.51928	75906.6	0	0
neutron	939.565	0.801452	75906.6	0	0
P31	28844.2	0.511617	75906.6	0	0
Na23	21409.2	0.572537	87664.6	5092.17	5091.55
Na23	21409.2	0.181719	75364.4	323.566	322.952
neutron	939.565	0.721649	74581.2	0	0
Ne22	20479.7	0.286369	74581.2	0	0
Cl35	32564.6	0.159827	96097.9	8280.92	8279.56
Cl35	32564.6	0.658092	76257.4	105.15	104.384
neutron	939.565	17.7215	76195.3	0	0
neutron	939.565	0.242641	76195.3	0	0
alpha	3727.38	5.50745	76195.3	0	0
O17	15830.5	2.94956	76195.3	0	0
Ne23	21414.1	0.199814	80427.2	0	0
Ne23	21414.1	0.219441	75273.6	0	0
neutron	939.565	21.557	78524.8	0	0
proton	938.272	5.60641	78524.8	0	0
neutron	939.565	0.720074	78524.8	0	0
F20	18625.3	1.22971	78524.8	0	0
Cl35	32564.6	0.220834	92614.8	6802.92	6802.65
Cl37	34424.8	0.27655	90235.5	5467.4	5467.02
Cl35	32564.6	0.0784945	86414.4	3910.95	3910.43
S37	34430.2	0.141915	78008.5	0	0
Na23	21409.2	0.998327	78713.8	531.305	530.265
Cl35	32564.6	0.13147	97951.9	9209.5	9209.27
Cl35	32564.6	0.104911	96480.4	8545.43	8545.32
Ne23	21414.1	0.228677	74185	0	0
Cl37	34424.8	0.0707492	83046	2383.22	2382.96
neutron	939.565	0.955941	76707.1	0	0
Ne22	20479.7	0.358546	76707.1	0	0
Ne23	21414.1	0.224661	77412.1	0	0
Cl35	32564.6	0.100957	91677.1	6701.82	6701.63
Cl35	32564.6	0.0779373	87606.6	5161.57	5161.31
Cl35	32564.6	0.09052	75941.2	433.166	433.028
neutron	939.565	11.4242	74839.3	0	0
neutron	939.565	3.664	74839.3	0	0
Ne21	19550.5	0.449743	74839.3	0	0
Na23	21409.2	0.405231	92542.5	3541.07	3540.44
Cl35	32564.6	0.0766389	89707.6	2396.48	2396.1
Na23	21409.2	0.196872	97637.5	8460.95	8460.48
Na23	21409.2	0.114885	91039.7	5559.28	5558.89
neutron	939.565	4.89922	78273.3	0	0
neutron	939.565	0.474482	78273.3	0	0
neutron	939.565	0.304494	78273.3	0	0
Ne20	18617.7	0.354828	78273.3	0	0
Cl35	32564.6	0.0681265	80000.8	1948.72	1948.53
S35	32565.3	0.163709	74867.2	0	0
Cl35	32564.6	0.222311	88670.8	5416.78	5416.37
Cl35	32564.6	0.168798	84993.3	3848.09	3847.76
Na23	21409.2	0.133339	83186.1	3119.83	3119.67
Cl37	34424.8	0.0825884	79570.6	1443.78	1443.59
proton	938.272	7.02843	75844.3	0	0
neutron	939.565	2.77964	75844.3	0	0
neutron	939.565	0.535181	75844.3	0	0
P32	29775.8	0.503911	75844.3	0	0
neutron	939.565	33.0894	74812.1	0	0
neutron	939.565	20.4179	74812.1	0	0
Ne21	19550.5	3.85977	74812.1	0	0
neutron	939.565	0.461166	79154.6	0	0
S34	31632.7	0.229424	79154.6	0	0
Na23	21409.2	0.18194	88409.3	5466.33	5466.03
neutron	939.565	7.30572	74987.5	0	0
neutron	939.565	5.86509	74987.5	0	0
neutron	939.565	3.92933	74987.5	0	0
proton	938.272	1.28627	74987.5	0	0
alpha	3727.38	8.69312	74987.5	0	0
Al27	25126.5	3.67538	74987.5	0	0
Cl35	32564.6	0.0852408	80678.5	1842.64	1842.55
neutron	939.565	15.94	81699.7	0	0
neutron	939.565	3.88969	81699.7	0	0
neutron	939.565	2.27507	81699.7	0	0
alpha	3727.38	5.8957	81699.7	0	0
O16	14895.1	1.46698	81699.7	0	0
neutron	939.565	3.42133	76827.7	0	0
S34	31632.7	0.151383	76827.7	0	0
neutron	939.565	2.17853	76656.6	0	0
neutron	939.565	1.77755	76656.6	0	0
S35	32565.3	0.0716335	76656.6	0	0
Cl35	32564.6	0.428762	98934.3	9570.88	9570.45
Na23	21409.2	0.108144	93019.9	7380.09	7379.78
Cl35	32564.6	0.0707367	76828.3	786.724	786.62
Na23	21409.2	0.133511	97949.8	8961.95	8961.71
neutron	939.565	9.90684	77165.4	0	0
neutron	939.565	3.59659	77165.4	0	0
Ne21	19550.5	0.178283	77165.4	0	0
Cl35	32564.6	0.142431	97855.4	8518.24	8517.95
neutron	939.565	9.8544	79155.3	0	0
neutron	939.565	1.14033	79155.3	0	0
neutron	939.565	0.0435212	79155.3	0	0
S34	31632.7	0.514428	79155.3	0	0
Na23	21409.2	0.140043	91329.5	6314.98	6314.39
Na23	21409.2	0.544292	77831.4	1040.22	1039.6
neutron	939.565	3.47646	75567.5	0	0
Ne22	20479.7	0.154668	75567.5	0	0
neutron	939.565	167.12	88384.8	5131.16	4891.18
neutron	939.565	43.1925	88384.8	5131.16	4891.18
proton	938.272	2.51633	88384.8	5131.16	4891.18
S34	31632.7	1.25999	88384.8	5131.16	4891.18
neutron	939.565	1.08265	77246.6	0	0
S34	31632.7	0.0499265	77246.6	0	0
Cl35	32564.6	0.136522	97637.9	9038.28	9038.1
S37	34430.2	0.137437	75915.5	0	0
S35	32565.3	0.155318	77450.9	0	0
Cl37	34424.8	0.528226	93741.8	7042.97	7042.4
Na23	21409.2	0.174891	90588.7	5552.59	5552.28
Na23	21409.2	0.176391	88040.3	4135.89	4135.28
neutron	939.565	1.35699	77497.2	0	0
S34	31632.7	0.201591	77497.2	0	0
Na23	21409.2	0.108581	86393.9	4293.53	4293.41
Na23	21409.2	0.172574	85259.5	3869.77	3869.36
Cl35	32564.6	0.122943	76776.9	522.639	522.475
neutron	939.565	1.13263	75386.7	0	0
S36	33495	0.123825	75386.7	0	0
neutron	939.565	14.518	76000.5	0	0
neutron	939.565	7.17595	76000.5	0	0
neutron	939.565	6.68453	76000.5	0	0
S32	29773.6	0.41998	76000.5	0	0
Cl35	32564.6	0.100695	92302	7003.41	7003.28
neutron	939.565	0.0787344	77025	0	0
S34	31632.7	0.115241	77025	0	0
Cl35	32564.6	0.147322	85535.7	4392.44	4392.18
Cl37	34424.8	0.316836	88430.9	5017.86	5017.38
neutron	939.565	13.0991	75308.7	0	0
neutron	939.565	8.17604	75308.7	0	0
neutron	939.565	4.1174	75308.7	0	0
proton	938.272	2.8943	75308.7	0	0
alpha	3727.38	6.87824	75308.7	0	0
N15	13968.9	4.12717	75308.7	0	0
Na23	21409.2	0.114931	97913.5	8838.53	8838.07
Cl35	32564.6	0.088372	82703.1	1222.48	1222.38
S37	34430.2	0.142185	75929.6	0	0
Ne23	21414.1	0.208053	75625.7	0	0
neutron	939.565	1.73182	76517.1	0	0
S34	31632.7	0.194976	76517.1	0	0
Cl37	34424.8	0.315133	76306.7	661.111	660.69
Cl35	32564.6	0.102243	93513	7331.7	7331.58
neutron	939.565	4.3261	76134.1	0	0
neutron	939.565	2.6954	76134.1	0	0
Ne21	19550.5	0.653501	76134.1	0	0
Na23	21409.2	0.281037	95019.6	8131.8	8131.3
Cl35	32564.6	0.266151	83805.4	3361.38	3361.04
S37	34430.2	0.135989	75429.3	0	0
Na23	21409.2	0.420612	96082.8	8171.12	8170.46
Na23	21409.2	0.173834	90226.7	5823.47	5822.36
neutron	939.565	0.725527	75983	0	0
Ne22	20479.7	0.149172	75983	0	0
Cl35	32564.6	0.196159	94104.1	6752.12	6751.13
Na23	21409.2	0.134281	77110.9	36.8817	36.5715
neutron	939.565	1.33894	77091	0	0
Ne22	20479.7	0.449149	77091	0	0
Cl35	32564.6	0.131941	78024.2	769.46	769.231
proton	938.272	13.9094	76072.8	0	0
neutron	939.565	4.14316	76072.8	0	0
neutron	939.565	0.683694	76072.8	0	0
F20	18625.3	1.80551	76072.8	0	0
Cl35	32564.6	0.0890417	88830.5	5446.65	5446.43
neutron	939.565	1.37638	76796.3	0	0
S34	31632.7	0.229685	76796.3	0	0
S37	34430.2	0.140988	78740.1	0	0
neutron	939.565	0.204488	74748	0	0
S34	31632.7	0.19805	74748	0	0
Cl37	34424.8	0.0993865	86374.3	4608.64	4608.11
Na23	21409.2	1.16194	81772.6	2199	2197.82
Cl35	32564.6	0.222811	94129.8	7726.3	7726.07
Cl35	32564.6	0.145337	93128.4	7332.82	7332.64
Cl37	34424.8	0.142893	76395.6	343.371	343.007
Cl37	34424.8	0.107949	97496.4	9002.41	9002.21
S35	32565.3	0.144104	74547.1	0	0
Na23	21409.2	0.33886	96891.3	8547.32	8546.78
S35	32565.3	0.145025	74735.2	0	0
neutron	939.565	31.3186	76682.3	0	0
neutron	939.565	2.98352	76682.3	0	0
neutron	939.565	2.10139	76682.3	0	0
alpha	3727.38	6.2362	76682.3	0	0
O16	14895.1	8.17567	76682.3	0	0
neutron	939.565	0.883209	74779.6	0	0
Ne22	20479.7	0.246207	74779.6	0	0
Na23	21409.2	0.166578	91274.5	5668.86	5668.67
neutron	939.565	43.4491	77104.8	0	0
neutron	939.565	6.10006	77104.8	0	0
neutron	939.565	1.9537	77104.8	0	0
neutron	939.565	0.716647	77104.8	0	0
neutron	939.565	0.708648	77104.8	0	0
S32	29773.6	1.00516	77104.8	0	0
Na23	21409.2	0.124298	83645.4	3060.68	3060.36
neutron	939.565	13.2665	76111	0	0
neutron	939.565	2.11634	76111	0	0
neutron	939.565	0.9784	76111	0	0
S32	29773.6	0.844784	76111	0	0
neutron	939.565	2.83655	77982.3	0	0
S34	31632.7	0.213128	77982.3	0	0
neutron	939.565	0.45406	81693.9	0	0
S34	31632.7	0.227574	81693.9	0	0
neutron	939.565	2.52659	75699.2	0	0
S34	31632.7	0.333035	75699.2	0	0
Cl35	32564.6	0.0760295	89434	5725.6	5725.5
Na23	21409.2	1.05784	88266.8	5171.85	5170.77
Cl35	32564.6	0.114464	76239	274.751	274.359
neutron	939.565	1.34372	75752.7	0	0
S34	31632.7	0.0974537	75752.7	0	0
Cl35	32564.6	0.0967678	77465.8	509.282	508.87
neutron	939.565	15.7228	76187.8	0	0
neutron	939.565	7.45582	76187.8	0	0
neutron	939.565	5.04181	76187.8	0	0
S32	29773.6	0.781163	76187.8	0	0
Na23	21409.2	0.140617	94500.2	7819.98	7819.77
Na23	21409.2	0.103642	94023.1	7646.44	7646.13
Cl35	32564.6	0.138797	86831.4	4894.56	4894.35
neutron	939.565	23.9483	74321.5	0	0
neutron	939.565	7.90824	74321.5	0	0
neutron	939.565	6.90595	74321.5	0	0
alpha	3727.38	9.59254	74321.5	0	0
alpha	3727.38	1.7174	74321.5	0	0
C12	11174.9	5.68836	74321.5	0	0
Cl35	32564.6	0.161867	78653.7	884.62	884.177
neutron	939.565	0.887152	76320.5	0	0
Ne22	20479.7	0.392363	76320.5	0	0
Na23	21409.2	0.164875	78250.4	318.718	318.439
neutron	939.565	30.3909	77528.7	0	0
proton	938.272	20.1322	77528.7	0	0
neutron	939.565	0.75401	77528.7	0	0
F20	18625.3	2.00421	77528.7	0	0
Na23	21409.2	0.140624	82070.9	2411.71	2411.32
S35	32565.3	0.164912	75819.9	0	0
Na23	21409.2	0.26132	89151.3	4648.12	4647.82
Cl35	32564.6	0.0840274	75493.2	182.935	182.84
Cl35	32564.6	0.0696545	98514.7	9390.45	9389.55
Na23	21409.2	0.401042	86803.5	4290.38	4289.8
Cl37	34424.8	0.0701146	77941.7	875.442	875.196
neutron	939.565	0.314904	75587.1	0	0
S34	31632.7	0.181466	75587.1	0	0
Na23	21409.2	0.209504	85349.5	3512.85	3512.36
neutron	939.565	0.649602	76083.2	0	0
S34	31632.7	0.228967	76083.2	0	0
Cl37	34424.8	0.0918877	80953.1	2111.16	2111.06
neutron	939.565	3.3548	75322.6	0	0
Ne22	20479.7	0.549629	75322.6	0	0
Cl35	32564.6	0.184183	97622.5	9046.05	9045.86
Cl37	34424.8	0.0704724	85655.8	4319.79	4319.59
neutron	939.565	16.9181	74801.9	0	0
neutron	939.565	6.51027	74801.9	0	0
proton	938.272	6.31719	74801.9	0	0
neutron	939.565	4.50999	74801.9	0	0
neutron	939.565	1.08454	74801.9	0	0
P32	29775.8	0.876085	74801.9	0	0
neutron	939.565	1.33348	75834.3	0	0
Ne22	20479.7	0.076045	75834.3	0	0
neutron	939.565	2.98184	75974.9	0	0
Ne22	20479.7	0.134779	75974.9	0	0
Cl35	32564.6	0.103563	93600.8	7516.47	7515.97
Cl37	34424.8	0.138135	89165.6	5537.68	5537.27
Na23	21409.2	0.105868	76624.8	395.879	395.584
neutron	939.565	4.922	77652.6	0	0
Ne22	20479.7	0.276613	77652.6	0	0
Cl35	32564.6	0.124292	77377.1	846.743	846.531
neutron	939.565	0.664669	75096.4	0	0
Ne22	20479.7	0.0999747	75096.4	0	0
neutron	939.565	265.228	96689.1	8442.55	7972.2
proton	938.272	49.4036	96689.1	8442.55	7972.2
neutron	939.565	29.0486	96689.1	8442.55	7972.2
proton	938.272	13.5142	96689.1	8442.55	7972.2
neutron	939.565	10.665	96689.1	8442.55	7972.2
proton	938.272	8.10666	96689.1	8442.55	7972.2
neutron	939.565	0.868001	96689.1	8442.55	7972.2
alpha	3727.38	20.2974	96689.1	8442.55	7972.2
C12	11174.9	4.14926	96689.1	8442.55	7972.2
neutron	939.565	0.664298	78009.2	0	0
S34	31632.7	0.135981	78009.2	0	0
Cl35	32564.6	0.265611	97940.4	9067.25	9066.69
Cl37	34424.8	0.0968642	97308.2	6764.67	6764.55
neutron	939.565	19.0903	80981	0	0
alpha	3727.38	5.4336	80981	0	0
O18	16762	1.09339	80981	0	0
neutron	939.565	1.28057	76314.2	0	0
S34	31632.7	0.243018	76314.2	0	0
Na23	21409.2	2.03907	76514.8	382.726	380.648
neutron	939.565	27.4167	75688	0	0
neutron	939.565	5.60148	75688	0	0
neutron	939.565	4.92048	75688	0	0
alpha	3727.38	7.04242	75688	0	0
O16	14895.1	2.8561	75688	0	0
Na23	21409.2	0.140282	93735.8	7355.82	7355.68
Cl35	32564.6	0.0797103	88031.7	4980.17	4980.05
Na23	21409.2	0.14449	87035.3	4543.85	4543.69
Cl35	32564.6	0.159437	75403.5	312.376	312.168
Ne23	21414.1	0.229523	74616.4	0	0
neutron	939.565	1.03569	76795	0	0
Ne22	20479.7	0.146851	76795	0	0
Na23	21409.2	0.185375	98235.3	9348.48	9348.23
neutron	939.565	9.04774	74214.5	0	0
neutron	939.565	4.62477	74214.5	0	0
neutron	939.565	3.16276	74214.5	0	0
S34	31632.7	0.0717529	74214.5	0	0
neutron	939.565	9.36508	76430.1	0	0
proton	938.272	6.27114	76430.1	0	0
proton	938.272	4.68275	76430.1	0	0
Si32	29776.6	0.325745	76430.1	0	0
Cl35	32564.6	0.0885786	84543.5	2033.77	2033.59
S35	32565.3	0.163487	79454	0	0
Cl35	32564.6	0.148809	98505.5	9354.7	9354.44
Cl35	32564.6	0.220149	96182.1	8452.16	8451.8
neutron	939.565	8.06405	78237.2	0	0
neutron	939.565	3.77047	78237.2	0	0
neutron	939.565	1.02144	78237.2	0	0
alpha	3727.38	14.9695	78237.2	0	0
O16	14895.1	3.17588	78237.2	0	0
Ne23	21414.1	0.218311	76229.3	0	0
neutron	939.565	1.97826	75582.2	0	0
Ne22	20479.7	0.160917	75582.2	0	0
Na23	21409.2	0.202312	94011.1	7635.87	7635.59
Cl37	34424.8	0.0679566	81545.2	1895.51	1894.91
Na23	21409.2	0.143732	89608.4	5525.83	5525.47
Na23	21409.2	0.672979	87333.2	4627.57	4626.86
Cl35	32564.6	1.05479	82243.4	2568.5	2567.13
Na23	21409.2	0.191487	90728.6	5924.25	5924.05
S35	32565.3	0.166237	75915.1	0	0
Na23	21409.2	0.173535	99101.2	9680.4	9680.14
Cl37	34424.8	0.228854	82225.8	2670.81	2670.39
Na23	21409.2	0.23611	76091.6	406.795	406.424
Ne23	21414.1	0.230456	76093.3	0	0
Na23	21409.2	0.18662	99735.7	9893.72	9893.53
Cl35	32564.6	0.290878	82975	3071.46	3071.03
Cl35	32564.6	0.123525	85765.7	4172.54	4172.25
neutron	939.565	28.1609	78107.2	0	0
proton	938.272	7.33118	78107.2	0	0
neutron	939.565	1.01146	78107.2	0	0
F20	18625.3	2.57633	78107.2	0	0
Cl37	34424.8	0.0638879	82808.8	2960.73	2960.44
Na23	21409.2	0.105794	80459.3	1847	1846.61
neutron	939.565	18.1443	75356.9	0	0
neutron	939.565	2.93099	75356.9	0	0
neutron	939.565	0.454585	75356.9	0	0
S32	29773.6	0.229717	75356.9	0	0
Na23	21409.2	0.548948	99888.4	9959.74	9958.9
Cl35	32564.6	0.0719758	92265.8	6245.93	6245.62
Cl35	32564.6	0.160076	88118.9	4688.83	4688.38
Cl35	32564.6	0.229673	80605.5	1790.66	1790.2
Ne23	21414.1	0.218037	75843.2	0	0
Na23	21409.2	0.177731	88919.4	3835.49	3835.1
S35	32565.3	0.15097	79263.7	0	0
Cl35	32564.6	0.169204	83299.1	2411.96	2411.37
neutron	939.565	0.447699	76738.7	0	0
Ne22	20479.7	0.335453	76738.7	0	0
S37	34430.2	0.13885	75902.1	0	0
Na23	21409.2	0.244157	94613.8	7782.23	7781.33
Cl35	32564.6	0.152954	87147.9	4715.58	4715.37
neutron	939.565	0.247104	74943.1	0	0
Ne22	20479.7	0.184646	74943.1	0	0
Cl37	34424.8	0.121238	94328.3	7164.78	7164.51
Cl37	34424.8	0.0721567	93223.4	6741.52	6741.16
Cl37	34424.8	0.0819866	92769	6582.69	6582.6
Cl35	32564.6	0.0929853	87011.5	4435.72	4435.6
Cl35	32564.6	0.147437	98554.8	9418.14	9417.96
Cl35	32564.6	0.11509	95581.1	8271.88	8271.25
neutron	939.565	0.916128	77638.4	0	0
Ne22	20479.7	0.119737	77638.4	0	0
Na23	21409.2	0.102476	85477.8	4053.44	4053.26
Na23	21409.2	0.124075	85314.9	3994.92	3994.79
Cl37	34424.8	0.0966049	80513.8	2170.16	2169.72
neutron	939.565	16.0752	77922.8	0	0
neutron	939.565	10.8296	77922.8	0	0
neutron	939.565	5.45697	77922.8	0	0
alpha	3727.38	5.29136	77922.8	0	0
O16	14895.1	0.903153	77922.8	0	0
neutron	939.565	3.54957	75894.8	0	0
S34	31632.7	0.206066	75894.8	0	0
neutron	939.565	179.124	94364.1	7585.47	7178.41
proton	938.272	164.561	94364.1	7585.47	7178.41
neutron	939.565	5.2355	94364.1	7585.47	7178.41
proton	938.272	3.88137	94364.1	7585.47	7178.41
alpha	3727.38	4.84115	94364.1	7585.47	7178.41
N15	13968.9	4.01999	94364.1	7585.47	7178.41
Na23	21409.2	0.205526	91172.2	6161	6160.68
Cl35	32564.6	0.0673833	78837.9	1303.14	1303.05
Ne23	21414.1	0.225018	75325.3	0	0
Cl35	32564.6	0.0792043	92755	7149.22	7148.98
Na23	21409.2	0.14502	75863.4	572.81	572.637
neutron	939.565	0.407097	74411	0	0
S34	31632.7	0.16819	74411	0	0
Na23	21409.2	0.429445	77311.5	872.772	872.095
Cl35	32564.6	0.111663	97860.5	9146.76	9146.59
Na23	21409.2	0.285207	83389.8	3274.11	3273.59
neutron	939.565	0.761981	75164.9	0	0
S34	31632.7	0.163155	75164.9	0	0
Na23	21409.2	0.118283	75970.3	58.2236	58.0149
S35	32565.3	0.15388	75903.5	0	0
Cl37	34424.8	0.0690125	80916.1	1461.47	1461.29
neutron	939.565	1.50196	77208.9	0	0
S34	31632.7	0.337171	77208.9	0	0
Ne23	21414.1	0.202467	75570.2	0	0
Cl37	34424.8	0.0696743	99072.1	9617.15	9616.97
Na23	21409.2	0.516209	98253.4	9314.65	9313.98
Na23	21409.2	0.16661	85382.2	3991.44	3991.22
Cl35	32564.6	0.281446	84890.3	3820.59	3820.17
Cl37	34424.8	0.0713279	80505.7	2110.53	2110.35
Cl35	32564.6	0.0915633	96664.3	8746.19	8746.06
Na23	21409.2	0.130827	77667.9	1287.05	1286.76
proton	938.272	6.63405	74170.3	0	0
neutron	939.565	5.82152	74170.3	0	0
neutron	939.565	3.92086	74170.3	0	0
neutron	939.565	0.495303	74170.3	0	0
P31	28844.2	0.425207	74170.3	0	0
Cl35	32564.6	0.244679	83974.5	3865.8	3865.36
neutron	939.565	36.5199	74505.4	0	0
neutron	939.565	27.2189	74505.4	0	0
neutron	939.565	2.21145	74505.4	0	0
Ne20	18617.7	0.691181	74505.4	0	0
neutron	939.565	1.35633	79211.2	0	0
S36	33495	0.200716	79211.2	0	0
Cl35	32564.6	0.100558	89514.8	5481.61	5481.45
Ne23	21414.1	0.215507	77139.7	0	0
neutron	939.565	1.32122	76062.1	0	0
S34	31632.7	0.255919	76062.1	0	0
Cl35	32564.6	0.0785564	93414.7	6602.34	6602.23
Cl37	34424.8	0.232252	90312.8	5226.82	5226.08
Cl37	34424.8	0.0669822	89628.3	4973.64	4973.26
Cl35	32564.6	0.101787	97677.4	9065.27	9065.17
neutron	939.565	10.4006	77383.2	0	0
neutron	939.565	3.6387	77383.2	0	0
neutron	939.565	1.93369	77383.2	0	0
Ne20	18617.7	0.575841	77383.2	0	0
Cl37	34424.8	0.126831	75249.7	138.322	137.969
Ne23	21414.1	0.229299	74303.4	0	0
Na23	21409.2	0.177797	94879.9	7925.28	7924.27
Na23	21409.2	0.113767	99110.9	9626.01	9625.87
proton	938.272	21.3476	76234	0	0
neutron	939.565	1.74515	76234	0	0
neutron	939.565	1.3721	76234	0	0
neutron	939.565	0.381082	76234	0	0
P33	30705.3	0.586313	76234	0	0
Ne23	21414.1	0.222654	75133.6	0	0
Cl35	32564.6	0.079858	78417.5	784.108	783.871
Cl35	32564.6	0.0892956	76792.2	215.518	215.174
Na23	21409.2	0.804819	89475	5746.56	5745.29
neutron	939.565	1.0024	76652.9	0	0
S34	31632.7	0.298634	76652.9	0	0
Na23	21409.2	0.102843	95930.9	8395.39	8395.05
Cl35	32564.6	0.0667948	89881.6	5828.94	5827.93
Ne23	21414.1	0.222549	78095.2	0	0
neutron	939.565	5.72974	77451.6	0	0
proton	938.272	5.38558	77451.6	0	0
neutron	939.565	5.29868	77451.6	0	0
neutron	939.565	2.74907	77451.6	0	0
neutron	939.565	1.37843	77451.6	0	0
deuteron	1875.61	7.59305	77451.6	0	0
O16	14895.1	1.56852	77451.6	0	0
Na23	21409.2	0.153179	94236.4	7427.38	7427.09
Na23	21409.2	0.141284	92444.3	6663.65	6663.48
Cl37	34424.8	0.130858	85418.4	3505.94	3505.76
neutron	939.565	1.12018	76740.1	0	0
S34	31632.7	0.151043	76740.1	0	0
Na23	21409.2	0.166225	92644.3	7070.47	7070.28
Cl35	32564.6	0.0697353	90808.2	6018.94	6018.14
S37	34430.2	0.1431	75741.2	0	0
neutron	939.565	7.03351	78589.1	0	0
neutron	939.565	2.7981	78589.1	0	0
neutron	939.565	1.15026	78589.1	0	0
S32	29773.6	0.10411	78589.1	0	0
Cl35	32564.6	0.0681677	94875.2	7912.86	7912.6
Na23	21409.2	0.217322	92721	7133.33	7132.71
Na23	21409.2	0.253862	87532.1	5120.59	5120.28
neutron	939.565	0.448702	76864.1	0	0
Ne22	20479.7	0.10403	76864.1	0	0
Na23	21409.2	0.918828	96798.9	8523.28	8521.98
S35	32565.3	0.155307	75821.6	0	0
Na23	21409.2	0.129326	82484.6	1437.66	1437.52
Cl35	32564.6	0.457749	91512	5908.4	5907.79
neutron	939.565	1.08016	76410.8	0	0
Ne22	20479.7	0.0865752	76410.8	0	0
neutron	939.565	6.33716	77387.9	0	0
neutron	939.565	3.05288	77387.9	0	0
neutron	939.565	1.43079	77387.9	0	0
Ne20	18617.7	0.976629	77387.9	0	0
neutron	939.565	6.33116	80467.6	0	0
neutron	939.565	1.79015	80467.6	0	0
alpha	3727.38	13.0955	80467.6	0	0
deuteron	1875.61	13.6211	80467.6	0	0
Al27	25126.5	0.605984	80467.6	0	0
Na23	21409.2	0.563879	89160.3	4942.98	4941.97
Cl35	32564.6	0.184986	79603	1062.37	1062.12
neutron	939.565	0.31015	76795.2	0	0
S34	31632.7	0.158618	76795.2	0	0
Cl37	34424.8	0.201841	91070.5	6170.63	6169.97
neutron	939.565	24.0333	77038.4	0	0
neutron	939.565	4.07952	77038.4	0	0
Ne21	19550.5	1.79731	77038.4	0	0
neutron	939.565	9.07609	76846.8	0	0
neutron	939.565	4.95463	76846.8	0	0
Ne21	19550.5	0.476796	76846.8	0	0
Cl35	32564.6	0.202521	82212.3	2408.92	2408.58
neutron	939.565	0.627376	75502.5	0	0
S34	31632.7	0.0703525	75502.5	0	0
Na23	21409.2	0.983225	95171.8	7572.2	7571.05
Na23	21409.2	0.210852	90822.7	5938.34	5937.65
proton	938.272	9.22636	81937.5	0	0
neutron	939.565	4.72388	81937.5	0	0
neutron	939.565	0.242309	81937.5	0	0
P34	31638.6	0.241349	81937.5	0	0
Cl35	32564.6	0.116316	75800	290.239	290.104
Cl35	32564.6	0.0907425	99741	9900.41	9900.18
neutron	939.565	0.181056	75090.1	0	0
Ne22	20479.7	0.251723	75090.1	0	0
Cl35	32564.6	0.187599	84180.2	2290.75	2289.96
Ne23	21414.1	0.232461	78117.2	0	0
Cl35	32564.6	0.0755405	76335.7	332.712	332.508
S37	34430.2	0.138963	75502.4	0	0
Cl37	34424.8	0.117125	89752	5733.64	5733.5
Na23	21409.2	0.173894	81257.4	2376.87	2376.67
Cl35	32564.6	0.0821937	98767.8	9452.27	9452.12
Cl37	34424.8	0.321269	83797.8	2477.34	2476.93
Na23	21409.2	0.192701	93492	7107.07	7106.8
Na23	21409.2	0.517739	95376.2	7636.02	7635.46
Cl35	32564.6	0.128916	82816.9	1934.48	1934.18
neutron	939.565	6.58289	77829.7	0	0
neutron	939.565	1.66925	77829.7	0	0
neutron	939.565	0.934009	77829.7	0	0
S34	31632.7	0.396442	77829.7	0	0
Cl35	32564.6	0.0988271	80393.7	2041.94	2041.46
Cl35	32564.6	0.0715286	77634.3	988.951	988.823
neutron	939.565	0.213098	75029.5	0	0
Ne22	20479.7	0.196009	75029.5	0	0
Cl35	32564.6	0.0808219	96126.8	8457.89	8457.56
neutron	939.565	0.537346	76198.5	0	0
S34	31632.7	0.0894708	76198.5	0	0
Cl35	32564.6	0.137988	88467.4	5299.45	5299.11
Ne23	21414.1	0.225841	78569.7	0	0
Cl35	32564.6	0.0689177	84235.9	2821.95	2821.69
neutron	939.565	9.29058	76720.6	0	0
neutron	939.565	5.13696	76720.6	0	0
neutron	939.565	0.558412	76720.6	0	0
neutron	939.565	0.357945	76720.6	0	0
S33	30704.6	0.661736	76720.6	0	0
neutron	939.565	28.9372	77056.3	0	0
neutron	939.565	5.44112	77056.3	0	0
proton	938.272	4.51119	77056.3	0	0
neutron	939.565	1.48475	77056.3	0	0
P33	30705.3	0.356023	77056.3	0	0
neutron	939.565	9.62363	76961.4	0	0
Ne22	20479.7	0.733406	76961.4	0	0
Na23	21409.2	0.372872	85113	3272.62	3272.24
neutron	939.565	1.26029	76590.9	0	0
S34	31632.7	0.0476849	76590.9	0	0
Cl35	32564.6	0.0780391	89984.2	4997.67	4997.35
Na23	21409.2	0.480322	86619.1	3543.28	3542.58
neutron	939.565	19.7345	77388.3	0	0
neutron	939.565	1.03918	77388.3	0	0
neutron	939.565	0.305487	77388.3	0	0
Ne20	18617.7	1.10831	77388.3	0	0
neutron	939.565	2.40941	76874.5	0	0
neutron	939.565	2.05901	76874.5	0	0
neutron	939.565	1.96479	76874.5	0	0
S32	29773.6	0.0512056	76874.5	0	0
Cl35	32564.6	0.0724933	93169.8	7053.78	7053.49
S35	32565.3	0.154696	75506.2	0	0
Cl35	32564.6	0.164314	79685.2	1242.86	1242.13
Na23	21409.2	0.143677	80481.8	1793.61	1793.32
neutron	939.565	11.0737	75677	0	0
neutron	939.565	2.26308	75677	0	0
neutron	939.565	1.7506	75677	0	0
Ne20	18617.7	0.744479	75677	0	0
neutron	939.565	0.0620812	78413.4	0	0
Ne22	20479.7	0.226834	78413.4	0	0
Cl35	32564.6	0.0835044	89962.1	5790.48	5790.39
Ne23	21414.1	0.212136	75402.1	0	0
Ne23	21414.1	0.22471	76228	0	0
Na23	21409.2	0.276009	89755	5736.98	5736.42
neutron	939.565	0.581634	74939.5	0	0
S34	31632.7	0.106883	74939.5	0	0
Ne23	21414.1	0.232597	76570.7	0	0
Na23	21409.2	0.419486	91534	6753.48	6752.77
neutron	939.565	0.10957	74826.5	0	0
S34	31632.7	0.138178	74826.5	0	0
neutron	939.565	0.952463	76509.4	0	0
S34	31632.7	0.174754	76509.4	0	0
neutron	939.565	1.00688	75237	0	0
S34	31632.7	0.0891882	75237	0	0
Cl35	32564.6	0.0789844	80504.4	2138.52	2138.42
neutron	939.565	13.044	75307.6	0	0
neutron	939.565	7.28947	75307.6	0	0
neutron	939.565	0.725126	75307.6	0	0
Ne20	18617.7	1.01656	75307.6	0	0
neutron	939.565	0.764682	76135.2	0	0
Ne22	20479.7	0.174538	76135.2	0	0
Cl35	32564.6	0.196588	85549.3	4128.38	4127.71
Cl35	32564.6	0.109867	76843.4	507.35	507.161
neutron	939.565	1.01192	75489.5	0	0
Ne22	20479.7	0.381084	75489.5	0	0
Cl37	34424.8	0.0778331	91988.6	6460.85	6460.71
Na23	21409.2	0.394039	93454.6	7419.43	7419.01
Na23	21409.2	0.146741	80667.4	2154.06	2153.86
proton	938.272	26.3629	74865.4	0	0
neutron	939.565	1.58392	74865.4	0	0
F21	19556.7	1.645	74865.4	0	0
Na23	21409.2	0.343787	91049.7	6194.71	6194.21
Cl35	32564.6	0.267071	81285.4	2176.02	2175.22
proton	938.272	34.0319	75502.9	0	0
neutron	939.565	4.91543	75502.9	0	0
proton	938.272	4.6374	75502.9	0	0
neutron	939.565	1.73669	75502.9	0	0
neutron	939.565	0.953399	75502.9	0	0
Si30	27913.2	1.67519	75502.9	0	0
Na23	21409.2	0.131247	81549.3	1609.13	1608.8
proton	938.272	22.8116	77362	0	0
proton	938.272	5.09089	77362	0	0
neutron	939.565	3.34731	77362	0	0
neutron	939.565	1.39481	77362	0	0
O19	17697.6	2.46776	77362	0	0
Na23	21409.2	0.473416	97625.4	9060.12	9059.62
S37	34430.2	0.139634	76131.8	0	0
neutron	939.565	2.54817	76259.7	0	0
S34	31632.7	0.159646	76259.7	0	0
neutron	939.565	10.0698	76377.5	0	0
neutron	939.565	1.63917	76377.5	0	0
Ne21	19550.5	0.508047	76377.5	0	0
Na23	21409.2	0.138598	78924.7	620.067	619.927
neutron	939.565	1.35265	77278.8	0	0
S34	31632.7	0.135007	77278.8	0	0
Cl35	32564.6	0.0825214	97406.3	8911.62	8911.39
neutron	939.565	1.3116	75457.4	0	0
Ne22	20479.7	0.228178	75457.4	0	0
neutron	939.565	2.27963	75660.2	0	0
neutron	939.565	0.637538	75660.2	0	0
S33	30704.6	0.251825	75660.2	0	0
Cl37	34424.8	0.384363	86265.5	4035.05	4034.48
Cl37	34424.8	0.183013	79817.6	1224.39	1223.97
Ne23	21414.1	0.232457	76890.7	0	0
Cl35	32564.6	0.134268	99718.2	9893.36	9892.46
Cl37	34424.8	0.0663434	79877.1	1435.66	1435.47
Na23	21409.2	0.134407	79355.4	1213.1	1212.81
neutron	939.565	0.421735	76930.2	0	0
Ne22	20479.7	0.125043	76930.2	0	0
Na23	21409.2	0.424488	78480.5	317.493	317.06
neutron	939.565	0.121645	77805.6	0	0
Ne22	20479.7	0.190454	77805.6	0	0
neutron	939.565	3.02487	77456.2	0	0
neutron	939.565	1.50125	77456.2	0	0
S33	30704.6	0.169826	77456.2	0	0
Ne23	21414.1	0.231625	75275.1	0	0
Cl35	32564.6	0.0900156	92064.1	6770.94	6770.67
S37	34430.2	0.130328	75659.2	0	0
Na23	21409.2	0.141629	93772.9	7044.78	7044.58
neutron	939.565	0.420235	76880.1	0	0
Ne22	20479.7	0.298457	76880.1	0	0
neutron	939.565	11.8524	75614.6	0	0
neutron	939.565	2.30936	75614.6	0	0
neutron	939.565	2.17503	75614.6	0	0
alpha	3727.38	5.11463	75614.6	0	0
O16	14895.1	1.16304	75614.6	0	0
Cl37	34424.8	0.0645633	99406.3	9779.55	9779.34
S35	32565.3	0.166091	75858	0	0
Na23	21409.2	0.159156	99135.8	9611.28	9610.92
Cl35	32564.6	0.0689098	98078	9164.08	9163.96
S35	32565.3	0.158302	77154.4	0	0
Cl37	34424.8	0.106321	96199	8573.64	8573.47
Na23	21409.2	0.128594	77855.3	1461.49	1460.68
S35	32565.3	0.161328	74227.7	0	0
Na23	21409.2	0.290426	81634.6	2201.85	2201.55
Cl35	32564.6	0.0681975	87151	2937.48	2937.23
Na23	21409.2	0.171845	83644.3	3332.57	3331.92
Ne23	21414.1	0.218344	75284.9	0	0
Cl35	32564.6	0.235175	98410.1	9394.42	9394.17
Cl35	32564.6	0.15835	76149.9	93.8643	93.6742
neutron	939.565	1.48634	75999.6	0	0
Ne22	20479.7	0.357029	75999.6	0	0
Na23	21409.2	0.135725	78643.7	976.316	976.071
neutron	939.565	0.402787	76056	0	0
S34	31632.7	0.0782079	76056	0	0
Na23	21409.2	0.1409	88561.1	5440.19	5440.02
neutron	939.565	4.63598	75038.3	0	0
neutron	939.565	3.97008	75038.3	0	0
S33	30704.6	0.221441	75038.3	0	0
neutron	939.565	0.737249	74665.3	0	0
Ne22	20479.7	0.195509	74665.3	0	0
neutron	939.565	0.669445	76048.9	0	0
S36	33495	0.237896	76048.9	0	0
S35	32565.3	0.166013	74908	0	0
neutron	939.565	5.36131	75446.5	0	0
neutron	939.565	0.747373	75446.5	0	0
neutron	939.565	0.0887436	75446.5	0	0
S32	29773.6	0.35679	75446.5	0	0
neutron	939.565	11.4218	89465.5	0	0
neutron	939.565	6.11877	89465.5	0	0
neutron	939.565	2.86087	89465.5	0	0
Ne20	18617.7	0.172398	89465.5	0	0
Cl35	32564.6	0.243476	81438.6	2048.38	2048.12
Cl35	32564.6	0.085705	79320.4	1741.49	1741.38
neutron	939.565	0.312466	74816.1	0	0
S34	31632.7	0.209605	74816.1	0	0
Cl35	32564.6	0.163823	78135.7	716.168	715.95
neutron	939.565	1.8031	74343.1	0	0
S34	31632.7	0.194632	74343.1	0	0
Na23	21409.2	0.31037	77222.9	1060.32	1059.81
proton	938.272	7.23018	74444.4	0	0
proton	938.272	4.71694	74444.4	0	0
neutron	939.565	3.07847	74444.4	0	0
neutron	939.565	1.63825	74444.4	0	0
neutron	939.565	1.55385	74444.4	0	0
Si32	29776.6	0.795004	74444.4	0	0
Cl37	34424.8	0.0699602	98612.8	9454.54	9454.34
Cl35	32564.6	0.0778762	79801	143.456	143.334
Cl37	34424.8	0.0925815	86165	3779.42	3778.85
Ne23	21414.1	0.232456	77030.1	0	0
Cl35	32564.6	0.146257	83407.2	204.325	203.987
neutron	939.565	0.468827	82966	0	0
S34	31632.7	0.150792	82966	0	0
proton	938.272	12.5861	75110.6	0	0
proton	938.272	8.44032	75110.6	0	0
neutron	939.565	2.63694	75110.6	0	0
O20	18629.6	1.2188	75110.6	0	0
Cl37	34424.8	0.115856	77431.1	915.018	914.65
Na23	21409.2	0.140619	86254.1	4503.91	4503.58
Cl37	34424.8	0.0655029	88670.7	5382.18	5381.31
Na23	21409.2	0.152074	80408.5	2116.25	2115.7
Cl35	32564.6	0.121485	83006.4	2686.7	2686.41
proton	938.272	21.4374	76226.4	0	0
neutron	939.565	1.86742	76226.4	0	0
neutron	939.565	0.997657	76226.4	0	0
neutron	939.565	0.546014	76226.4	0	0
F19	17692.3	1.44263	76226.4	0	0
Na23	21409.2	0.107418	94975.5	7930.81	7930.55
Cl37	34424.8	0.183547	94344	7696.48	7696.23
Na23	21409.2	0.152082	91951.2	6645.17	6644.9
Cl35	32564.6	0.112796	78157.6	655.936	655.75
neutron	939.565	0.300023	76402.3	0	0
S34	31632.7	0.169478	76402.3	0	0
Na23	21409.2	0.182377	98045.2	9065.18	9064.86
Na23	21409.2	0.164716	84786.5	2748.41	2748.21
neutron	939.565	1.04031	77709.5	0	0
Ne22	20479.7	0.102159	77709.5	0	0
S35	32565.3	0.163376	77241.3	0	0
Cl37	34424.8	0.0969507	81461.5	844.998	844.786
neutron	939.565	0.160261	79201.8	0	0
Ne22	20479.7	0.166333	79201.8	0	0
proton	938.272	8.66119	74704.9	0	0
neutron	939.565	4.55479	74704.9	0	0
proton	938.272	2.70737	74704.9	0	0
neutron	939.565	1.69379	74704.9	0	0
neutron	939.565	1.45539	74704.9	0	0
Si30	27913.2	0.176351	74704.9	0	0
neutron	939.565	25.8519	92151	6655.75	6384.89
neutron	939.565	4.97163	92151	6655.75	6384.89
neutron	939.565	2.27195	92151	6655.75	6384.89
Ne20	18617.7	1.04456	92151	6655.75	6384.89
neutron	939.565	0.253784	76678.1	0	0
Ne22	20479.7	0.272647	76678.1	0	0
Na23	21409.2	0.10295	85492.9	3915.35	3915.15
Cl37	34424.8	0.21769	80945.4	2210.28	2209.92
neutron	939.565	5.7052	75146.3	0	0
neutron	939.565	4.54332	75146.3	0	0
neutron	939.565	1.62753	75146.3	0	0
Ne20	18617.7	0.0445124	75146.3	0	0
Cl35	32564.6	0.215602	79878.9	1863.43	1863.12
neutron	939.565	4.04894	75078.8	0	0
neutron	939.565	3.38877	75078.8	0	0
Ne21	19550.5	0.584848	75078.8	0	0
neutron	939.565	0.50251	76916.9	0	0
S34	31632.7	0.218233	76916.9	0	0
neutron	939.565	0.726618	76400.5	0	0
S34	31632.7	0.215288	76400.5	0	0
Cl35	32564.6	0.115022	79343.1	1741.69	1741.23
neutron	939.565	0.803263	74656.2	0	0
S34	31632.7	0.135277	74656.2	0	0
Cl35	32564.6	0.0702299	85220.3	3706.09	3705.94
Cl37	34424.8	0.246324	85056.1	3646.06	3645.65
Ne23	21414.1	0.227128	75453	0	0
Ne23	21414.1	0.212026	75314.4	0	0
Na23	21409.2	0.111272	95412.9	8158.21	8157.65
Na23	21409.2	0.110757	77371.5	616.607	616.464
Ne23	21414.1	0.225501	75904.2	0	0
Cl35	32564.6	0.0836423	88442.8	4712.08	4711.84
Na23	21409.2	0.124	84825.2	3287.57	3287.34
Cl35	32564.6	0.172965	81337.1	1953.05	1952.87
neutron	939.565	0.0746795	76256.1	0	0
Ne22	20479.7	0.217482	76256.1	0	0
neutron	939.565	2.82934	76207.6	0	0
neutron	939.565	2.82607	76207.6	0	0
neutron	939.565	0.48125	76207.6	0	0
S34	31632.7	0.349005	76207.6	0	0
neutron	939.565	1.16249	77358.7	0	0
S36	33495	0.257297	77358.7	0	0
Na23	21409.2	0.181818	89996.1	5612.75	5612.31
Cl35	32564.6	0.0894094	84050.7	3266.31	3266.05
Na23	21409.2	0.104825	77349.8	706.528	706.322
S37	34430.2	0.131051	75486	0	0
proton	938.272	20.1594	79693.8	0	0
neutron	939.565	0.664726	79693.8	0	0
neutron	939.565	0.601787	79693.8	0	0
F20	18625.3	1.08316	79693.8	0	0
Na23	21409.2	0.160135	91074.5	6308.63	6308.42
Na23	21409.2	0.145456	84255.5	3557.58	3557.23
neutron	939.565	0.551364	74984.1	0	0
S34	31632.7	0.121199	74984.1	0	0
Na23	21409.2	0.127083	90582	5849.15	5848.84
Cl35	32564.6	0.0705106	88067.3	4797.83	4797.56
Cl35	32564.6	0.34167	85649	3755.49	3754.65
Cl37	34424.8	0.082525	76551.9	267.013	266.812
proton	938.272	229.546	93413.8	7379.45	7077.64
proton	938.272	49.8147	93413.8	7379.45	7077.64
P33	30705.3	0.362963	93413.8	7379.45	7077.64
Na23	21409.2	0.199617	88549.2	5152.32	5151.72
S37	34430.2	0.142401	75109.6	0	0
Na23	21409.2	0.113017	93645.3	7583.91	7583.54
neutron	939.565	0.631592	75102.1	0	0
S34	31632.7	0.0913365	75102.1	0	0
Cl37	34424.8	0.211502	83105.9	2041.97	2041.63
Cl35	32564.6	0.11211	78328.1	705.389	705.134
Cl35	32564.6	0.197428	76762.7	137.878	137.51
S37	34430.2	0.125173	76517.1	0	0
Cl37	34424.8	0.0759638	82054.2	1711.16	1711.07
Cl35	32564.6	0.0741952	81546.9	1518.67	1518.42
proton	938.272	5.78462	77621.1	0	0
neutron	939.565	5.72526	77621.1	0	0
neutron	939.565	2.59572	77621.1	0	0
neutron	939.565	1.17531	77621.1	0	0
P31	28844.2	0.211089	77621.1	0	0
Na23	21409.2	0.163633	78266.9	1543.39	1542.79
neutron	939.565	12.2508	74313.1	0	0
proton	938.272	6.56429	74313.1	0	0
F21	19556.7	0.805678	74313.1	0	0
neutron	939.565	4.70405	76281.1	0	0
neutron	939.565	1.25403	76281.1	0	0
neutron	939.565	0.147229	76281.1	0	0
S34	31632.7	0.184054	76281.1	0	0
Na23	21409.2	0.828922	92361.1	6816.82	6815.75
Na23	21409.2	0.192332	89064.5	5519.92	5519.46
Na23	21409.2	0.123039	85967.9	4001.58	4001.31
Ne23	21414.1	0.212406	75992.7	0	0
Na23	21409.2	0.162498	78858.6	1059.87	1059.69
Ne23	21414.1	0.228969	76051.3	0	0
Na23	21409.2	0.11814	82422.7	3136.64	3136.51
Ne23	21414.1	0.227315	74558.4	0	0
neutron	939.565	43.3711	75573.6	0	0
neutron	939.565	12.0031	75573.6	0	0
neutron	939.565	1.95436	75573.6	0	0
Ne20	18617.7	2.80582	75573.6	0	0
Cl35	32564.6	0.0705135	97816.8	8959.79	8959.58
Cl37	34424.8	0.132878	96171.3	8302.23	8302.04
neutron	939.565	6.66709	77167.6	0	0
neutron	939.565	4.16014	77167.6	0	0
neutron	939.565	0.628493	77167.6	0	0
S34	31632.7	0.482236	77167.6	0	0
Cl35	32564.6	0.0762341	82292.1	1495.33	1494.97
Ne23	21414.1	0.225827	78371	0	0
proton	938.272	1203.9	94857.5	7641.56	2849.2
neutron	939.565	205.273	94857.5	7641.56	2849.2
neutron	939.565	21.3936	94857.5	7641.56	2849.2
neutron	939.565	17.4793	94857.5	7641.56	2849.2
neutron	939.565	13.5884	94857.5	7641.56	2849.2
proton	938.272	12.4497	94857.5	7641.56	2849.2
neutron	939.565	3.18317	94857.5	7641.56	2849.2
alpha	3727.38	4.72906	94857.5	7641.56	2849.2
C12	11174.9	3.29289	94857.5	7641.56	2849.2
neutron	939.565	53.7948	87429.4	0	0
neutron	939.565	11.2932	87429.4	0	0
neutron	939.565	0.83383	87429.4	0	0
S32	29773.6	1.35411	87429.4	0	0
Na23	21409.2	0.13431	91423	6002.6	6002.22
Na23	21409.2	0.204723	89418.7	5206.54	5206.32
neutron	939.565	1.12947	76707.6	0	0
S34	31632.7	0.307201	76707.6	0	0
Ne23	21414.1	0.20153	75898.7	0	0
neutron	939.565	25.3908	74771	0	0
neutron	939.565	20.8897	74771	0	0
neutron	939.565	3.98901	74771	0	0
Ne20	18617.7	0.761902	74771	0	0
neutron	939.565	11.4802	76839.8	0	0
neutron	939.565	5.91864	76839.8	0	0
neutron	939.565	4.0015	76839.8	0	0
alpha	3727.38	4.99196	76839.8	0	0
O16	14895.1	5.10492	76839.8	0	0
Na23	21409.2	0.384393	97923.4	9172.72	9172.26
neutron	939.565	0.204239	76950.4	0	0
S34	31632.7	0.180035	76950.4	0	0
Cl37	34424.8	0.0838781	96355.8	8461.7	8461.57
Na23	21409.2	0.27106	96149	8369.37	8369.1
Cl35	32564.6	0.10546	82878	2837.96	2837.85
neutron	939.565	1.95843	76216.9	0	0
Ne22	20479.7	0.400605	76216.9	0	0
Cl35	32564.6	0.175398	99264.1	9715.97	9715.77
Cl37	34424.8	0.219035	92815.6	6449.57	6449.34
Na23	21409.2	0.157784	83067.2	3278.67	3278.39
Cl37	34424.8	0.638212	81443.7	2634.63	2633.96
Ne23	21414.1	0.21661	74467.3	0	0
neutron	939.565	1.02288	79978.4	0	0
S34	31632.7	0.146409	79978.4	0	0
Cl35	32564.6	0.127858	92525.7	6798.26	6797.93
Na23	21409.2	0.135475	84118.9	1509.06	1508.49
S35	32565.3	0.134471	80134	0	0
Na23	21409.2	0.140652	92921.7	6684.4	6684.16
neutron	939.565	20.4886	76258.5	0	0
neutron	939.565	6.3869	76258.5	0	0
neutron	939.565	2.55103	76258.5	0	0
Ne20	18617.7	0.474794	76258.5	0	0
neutron	939.565	121.843	91452.3	6421.4	6149.87
proton	938.272	47.6523	91452.3	6421.4	6149.87
neutron	939.565	17.7879	91452.3	6421.4	6149.87
proton	938.272	11.8047	91452.3	6421.4	6149.87
proton	938.272	3.97132	91452.3	6421.4	6149.87
neutron	939.565	2.2259	91452.3	6421.4	6149.87
neutron	939.565	2.18884	91452.3	6421.4	6149.87
O16	14895.1	2.47816	91452.3	6421.4	6149.87
neutron	939.565	0.235979	75878.7	0	0
Ne22	20479.7	0.245403	75878.7	0	0
Na23	21409.2	0.167424	83628.7	3019.8	3019.47
Ne23	21414.1	0.224491	75578.1	0	0
Na23	21409.2	0.267221	97901.7	9200.48	9200.1
Cl37	34424.8	0.0734559	77508.1	751.323	751.186
neutron	939.565	0.406153	75507.1	0	0
S34	31632.7	0.135525	75507.1	0	0
neutron	939.565	0.154419	76662.9	0	0
Ne22	20479.7	0.158782	76662.9	0	0
Cl35	32564.6	0.1061	95620.2	8212.42	8212.06
Na23	21409.2	0.159822	82136.6	2490.59	2489.55
S35	32565.3	0.166575	75450.8	0	0
S35	32565.3	0.151455	77630.9	0	0
Na23	21409.2	0.145095	93748.6	7278.45	7278.28
Cl35	32564.6	0.0879476	81687.6	2401.52	2401.3
Cl35	32564.6	0.0899273	76858.5	598.427	598.294
Cl35	32564.6	0.0675167	90049.2	5795.45	5794.77
neutron	939.565	3.26406	75782.3	0	0
S34	31632.7	0.259186	75782.3	0	0
neutron	939.565	45.2193	77219.7	0	0
neutron	939.565	19.593	77219.7	0	0
neutron	939.565	2.241	77219.7	0	0
S34	31632.7	0.974448	77219.7	0	0
neutron	939.565	1.47214	75867.2	0	0
S34	31632.7	0.0942813	75867.2	0	0
Cl35	32564.6	0.112863	92072.6	6738.4	6738.22
S37	34430.2	0.141812	75837.6	0	0
Cl35	32564.6	0.0667884	88051.5	5034.3	5033.38
Cl35	32564.6	0.0704138	83667.3	3440.13	3439.79
Na23	21409.2	0.306722	77130.8	893.08	892.621
neutron	939.565	33.6281	74777.1	0	0
proton	938.272	6.58615	74777.1	0	0
neutron	939.565	2.10746	74777.1	0	0
neutron	939.565	1.58335	74777.1	0	0
P33	30705.3	1.1099	74777.1	0	0
Na23	21409.2	0.144094	96204.2	8457.62	8457.42
Na23	21409.2	0.325122	98855.2	9529.69	9529.17
neutron	939.565	12.6989	80237.8	0	0
neutron	939.565	1.79396	80237.8	0	0
Ne21	19550.5	1.51464	80237.8	0	0
Cl35	32564.6	0.322516	87286.3	5000.86	5000.34
Cl35	32564.6	0.11898	83289.9	3491.19	3490.93
Na23	21409.2	0.200387	77605.7	1381.71	1381.38
Ne23	21414.1	0.213738	73958.1	0	0
Cl37	34424.8	0.135894	79683.1	1715.5	1715.29
Cl35	32564.6	0.169679	86476.8	2858.67	2858.29
Cl35	32564.6	0.0737996	94291.2	7619.66	7619.58
proton	938.272	24.639	76118.3	0	0
neutron	939.565	3.47026	76118.3	0	0
neutron	939.565	2.75011	76118.3	0	0
neutron	939.565	0.256851	76118.3	0	0
P33	30705.3	0.601513	76118.3	0	0
Cl35	32564.6	0.478519	81029.7	2095.45	2094.97
neutron	939.565	8.31458	75800.7	0	0
neutron	939.565	5.1802	75800.7	0	0
neutron	939.565	4.13927	75800.7	0	0
alpha	3727.38	6.26106	75800.7	0	0
O16	14895.1	1.13941	75800.7	0	0
S35	32565.3	0.149587	77536.5	0	0
neutron	939.565	1.93619	75267.3	0	0
Ne22	20479.7	0.240479	75267.3	0	0
Cl35	32564.6	0.150702	98583.5	9439.07	9438.83
Na23	21409.2	0.135467	94123.2	6409.37	6409.17
Ne23	21414.1	0.219567	77281.4	0	0
Cl35	32564.6	0.127334	84303.4	2947.91	2947.78
Cl35	32564.6	0.0709398	97511.8	8978.49	8978.11
Na23	21409.2	0.236406	85948.3	3686.72	3686.41
proton	938.272	5.06844	77600.5	0	0
deuteron	1875.61	7.92296	77600.5	0	0
Si32	29776.6	0.934072	77600.5	0	0
Na23	21409.2	0.108045	92434.8	6649.83	6649.51
Cl35	32564.6	0.0886983	87427.9	4542.66	4542.51
Cl35	32564.6	0.161615	83230.8	2891.79	2891.56
S35	32565.3	0.148938	75593.9	0	0
neutron	939.565	7.25379	75837	0	0
neutron	939.565	2.20168	75837	0	0
neutron	939.565	0.968625	75837	0	0
alpha	3727.38	8.26442	75837	0	0
O16	14895.1	3.51902	75837	0	0
Cl35	32564.6	0.0973303	93367.3	7152.56	7152.4
Cl35	32564.6	0.0978644	84240	3618.04	3617.93
Cl35	32564.6	0.114776	97527.2	8851.14	8850.99
Na23	21409.2	0.220376	90542.7	5916.83	5916.57
neutron	939.565	0.975806	76335.8	0	0
S34	31632.7	0.217365	76335.8	0	0
Na23	21409.2	0.102918	84623.1	3867.78	3867.62
S37	34430.2	0.139352	74733.5	0	0
Cl37	34424.8	0.0737599	98102.6	8757.35	8757.23
Ne23	21414.1	0.192567	76731.5	0	0
neutron	939.565	10.4802	75154.5	0	0
neutron	939.565	8.29875	75154.5	0	0
neutron	939.565	4.5702	75154.5	0	0
alpha	3727.38	4.41442	75154.5	0	0
alpha	3727.38	2.1104	75154.5	0	0
C12	11174.9	10.9138	75154.5	0	0
Na23	21409.2	0.107888	95998.4	8450.66	8450.3
Ne23	21414.1	0.22182	75194.6	0	0
proton	938.272	8.85676	76011.5	0	0
neutron	939.565	7.26488	76011.5	0	0
neutron	939.565	5.63812	76011.5	0	0
F20	18625.3	0.714792	76011.5	0	0
S35	32565.3	0.161586	76564.7	0	0
Cl35	32564.6	0.517389	76908.9	157.384	156.608
neutron	939.565	2.67506	76645	0	0
neutron	939.565	2.01883	76645	0	0
neutron	939.565	1.56359	76645	0	0
Ne20	18617.7	0.0777805	76645	0	0
Cl35	32564.6	0.129746	96322.6	8460.57	8460.1
neutron	939.565	31.1808	75976.6	0	0
proton	938.272	24.888	75976.6	0	0
F21	19556.7	1.431	75976.6	0	0
Cl35	32564.6	0.0725517	80972	2298	2297.73
Cl37	34424.8	0.0880416	99780.1	9925.05	9924.94
Na23	21409.2	0.147337	80063.4	641.023	640.601
neutron	939.565	33.3458	78386.7	0	0
neutron	939.565	9.01387	78386.7	0	0
neutron	939.565	3.87247	78386.7	0	0
alpha	3727.38	8.14594	78386.7	0	0
O16	14895.1	2.17233	78386.7	0	0
Cl35	32564.6	0.185253	99274	9730.27	9729.99
Na23	21409.2	0.401024	92934.1	7130.68	7130.21
proton	938.272	10.9415	75785.6	0	0
neutron	939.565	4.69938	75785.6	0	0
neutron	939.565	2.99528	75785.6	0	0
P32	29775.8	0.38019	75785.6	0	0
Cl35	32564.6	0.0827646	76730.9	267.728	267.538
Cl35	32564.6	0.0998014	93480.9	7237.97	7237.45
Cl35	32564.6	0.319339	84851.4	3795.44	3795.08
neutron	939.565	0.924925	74999	0	0
S34	31632.7	0.0462656	74999	0	0
Cl35	32564.6	1.68344	85493.3	3544.59	3542.53
S35	32565.3	0.15323	76759.7	0	0
Na23	21409.2	0.120388	90283.4	5786.76	5786.2
Na23	21409.2	0.269537	79586.7	1589.65	1589.21
S35	32565.3	0.157117	75368.1	0	0
Na23	21409.2	0.109752	88843.8	4842.14	4842.03
Na23	21409.2	0.152614	86397.6	3745.76	3745.22
neutron	939.565	3.13132	76480.1	0	0
neutron	939.565	2.81833	76480.1	0	0
neutron	939.565	0.603824	76480.1	0	0
Ne20	18617.7	0.0730942	76480.1	0	0
Cl37	34424.8	0.109164	83899.7	3213.18	3212.97
neutron	939.565	4.55458	75931.3	0	0
neutron	939.565	1.76275	75931.3	0	0
neutron	939.565	1.49682	75931.3	0	0
S32	29773.6	0.427243	75931.3	0	0
Na23	21409.2	0.279536	87969.4	4627.82	4627.07
neutron	939.565	0.532887	75977	0	0
S34	31632.7	0.0974109	75977	0	0
neutron	939.565	1.21151	76571.1	0	0
Ne22	20479.7	0.335682	76571.1	0	0
Cl35	32564.6	0.166557	91482.6	6387.59	6387.14
neutron	939.565	1.37832	75492.9	0	0
Ne22	20479.7	0.364652	75492.9	0	0
neutron	939.565	5.79954	75909	0	0
neutron	939.565	1.10135	75909	0	0
neutron	939.565	0.319974	75909	0	0
S34	31632.7	0.119548	75909	0	0
neutron	939.565	2.4303	75685	0	0
S34	31632.7	0.123377	75685	0	0
Cl35	32564.6	0.0762569	84910.1	2161.77	2161.32
neutron	939.565	0.968572	79523.6	0	0
S36	33495	0.207936	79523.6	0	0
Na23	21409.2	0.190549	94395.2	7276.53	7276.34
Na23	21409.2	0.799607	88597.7	4829.94	4829.13
Na23	21409.2	0.178689	80420.5	1503.33	1502.7
Na23	21409.2	1.01303	78560.6	776.875	775.823
Cl35	32564.6	0.0815109	76309.4	517.27	517.067
Na23	21409.2	0.19841	83745	3385.2	3384.76
Na23	21409.2	0.208446	83412.7	3142.03	3141.71
Na23	21409.2	0.154905	91166.8	6122.7	6122.54
Na23	21409.2	0.735229	85762	3857.78	3856.82
S35	32565.3	0.155805	76059.1	0	0
Na23	21409.2	0.101465	93506.8	6816.65	6816.51
Cl35	32564.6	0.100277	92558.8	6410.64	6410.46
Na23	21409.2	0.124926	88501	4699.12	4698.71
neutron	939.565	0.638116	75801.9	0	0
S34	31632.7	0.203265	75801.9	0	0
Cl35	32564.6	0.113253	87686.1	3261.39	3261.11
Na23	21409.2	0.268219	86209.3	4075.65	4075.3
S35	32565.3	0.152017	75380.9	0	0
neutron	939.565	11.0987	76146.3	0	0
alpha	3727.38	8.39483	76146.3	0	0
Si30	27913.2	1.04823	76146.3	0	0
Cl35	32564.6	0.0834627	91185.1	6312.31	6312.21
neutron	939.565	2.08171	75789.8	0	0
neutron	939.565	0.539437	75789.8	0	0
S35	32565.3	0.356567	75789.8	0	0
Na23	21409.2	0.122179	80209.1	1627.82	1627.7
neutron	939.565	2.31538	75876.1	0	0
S36	33495	0.168212	75876.1	0	0
Na23	21409.2	0.201053	98898	9603.88	9603.49
Na23	21409.2	0.185918	90749.4	6296.32	6296.08
Na23	21409.2	0.110293	88311.1	5126.42	5126.25
neutron	939.565	34.6725	75712.6	0	0
neutron	939.565	2.79678	75712.6	0	0
neutron	939.565	2.69747	75712.6	0	0
neutron	939.565	0.849999	75712.6	0	0
S33	30704.6	0.696586	75712.6	0	0
Cl37	34424.8	0.177646	84953.9	2630.33	2629.84
neutron	939.565	12.0287	77671.2	0	0
neutron	939.565	7.27433	77671.2	0	0
neutron	939.565	3.8268	77671.2	0	0
Ne20	18617.7	1.16466	77671.2	0	0
Na23	21409.2	0.162033	94213	5455.3	5455.04
neutron	939.565	24.4349	81239.9	0	0
neutron	939.565	7.11044	81239.9	0	0
alpha	3727.38	10.4079	81239.9	0	0
Si29	26984.3	2.11555	81239.9	0	0
Cl35	32564.6	0.128935	97467.2	9010.96	9010.45
Ne23	21414.1	0.222161	75710.1	0	0
S35	32565.3	0.1612	76175.3	0	0
Na23	21409.2	0.148218	88627.8	5204.14	5203.99
neutron	939.565	11.0818	75608.5	0	0
neutron	939.565	5.83265	75608.5	0	0
proton	938.272	4.51778	75608.5	0	0
F20	18625.3	0.436051	75608.5	0	0
Na23	21409.2	0.108197	97337.5	8999.72	8999.54
Cl35	32564.6	0.145681	95255.4	8112.26	8111.69
S35	32565.3	0.164266	74548.9	0	0
Na23	21409.2	0.177518	83060.1	3151.93	3151.69
Cl35	32564.6	0.113617	77983.5	1215.48	1215.29
neutron	939.565	4.09361	74717.1	0	0
neutron	939.565	0.591638	74717.1	0	0
Ne21	19550.5	0.285256	74717.1	0	0
Ne23	21414.1	0.225335	76889.8	0	0
S37	34430.2	0.126796	75459.2	0	0
proton	938.272	878.617	97797.8	9207.26	7153.75
neutron	939.565	551.856	97797.8	9207.26	7153.75
neutron	939.565	523.257	97797.8	9207.26	7153.75
proton	938.272	6.59277	97797.8	9207.26	7153.75
neutron	939.565	5.39432	97797.8	9207.26	7153.75
proton	938.272	3.02108	97797.8	9207.26	7153.75
deuteron	1875.61	9.14283	97797.8	9207.26	7153.75
Al27	25126.5	1.91877	97797.8	9207.26	7153.75
Na23	21409.2	0.321844	81389.2	631.058	630.714
neutron	939.565	3.49243	79676.2	0	0
neutron	939.565	0.474642	79676.2	0	0
Ne21	19550.5	0.434034	79676.2	0	0
Ne23	21414.1	0.215381	76199.3	0	0
neutron	939.565	0.668823	77439.9	0	0
S34	31632.7	0.190744	77439.9	0	0
neutron	939.565	7.46352	78624.6	0	0
neutron	939.565	6.76194	78624.6	0	0
neutron	939.565	0.687013	78624.6	0	0
Ne20	18617.7	0.333609	78624.6	0	0
Cl37	34424.8	0.104243	83770.6	3072.79	3072.55
neutron	939.565	5.99318	74825.5	0	0
proton	938.272	4.83548	74825.5	0	0
neutron	939.565	1.83247	74825.5	0	0
neutron	939.565	1.20628	74825.5	0	0
F19	17692.3	0.882362	74825.5	0	0
Na23	21409.2	0.473769	92740.3	6796.88	6796.35
Cl35	32564.6	0.0843151	90289.7	5880.44	5880.29
Cl35	32564.6	0.25275	86948	4508.74	4508
Ne23	21414.1	0.231514	76862.2	0	0
Cl35	32564.6	0.0989035	94344.5	7674.41	7674
Na23	21409.2	0.208528	97383.7	8706.39	8706.07
Ne23	21414.1	0.225983	75273.4	0	0
Na23	21409.2	0.117597	92923.4	7215.3	7215.02
Na23	21409.2	0.268095	84063.5	3535.49	3534.25
neutron	939.565	1.15792	75470	0	0
S34	31632.7	0.245223	75470	0	0
Na23	21409.2	0.174656	83303.7	2230.29	2230.08
neutron	939.565	1.63445	77306.3	0	0
neutron	939.565	1.37866	77306.3	0	0
neutron	939.565	0.821817	77306.3	0	0
Ne20	18617.7	0.272818	77306.3	0	0
Cl35	32564.6	0.247734	82381.5	2314.23	2313.91
neutron	939.565	0.37006	76504.8	0	0
Ne22	20479.7	0.175006	76504.8	0	0
S35	32565.3	0.154422	77235.5	0	0
neutron	939.565	2.13818	77788.1	0	0
S34	31632.7	0.181859	77788.1	0	0
Cl35	32564.6	0.329063	87799.9	4279.21	4278.85
Cl35	32564.6	0.149308	77039.1	19.3427	19.0197
S35	32565.3	0.162644	77046.2	0	0
proton	938.272	15.5086	74311.2	0	0
neutron	939.565	5.14759	74311.2	0	0
neutron	939.565	3.96964	74311.2	0	0
neutron	939.565	2.88889	74311.2	0	0
F19	17692.3	1.06946	74311.2	0	0
Na23	21409.2	0.120749	91028.6	6400.09	6399.84
neutron	939.565	0.863864	74362.3	0	0
Ne22	20479.7	0.320771	74362.3	0	0
Na23	21409.2	0.30376	85564.4	3384.33	3383.76
neutron	939.565	45.612	76859.5	0	0
neutron	939.565	6.44028	76859.5	0	0
neutron	939.565	0.572387	76859.5	0	0
Ne20	18617.7	1.88674	76859.5	0	0
S35	32565.3	0.154595	74834.5	0	0
neutron	939.565	0.0682802	75272.7	0	0
S34	31632.7	0.126025	75272.7	0	0
Cl35	32564.6	0.124028	91184.9	6441.69	6441.46
neutron	939.565	0.0736196	74310.7	0	0
S34	31632.7	0.174845	74310.7	0	0
Cl37	34424.8	0.0902352	91466.2	5941.44	5941.35
neutron	939.565	0.00986416	74447	0	0
S36	33495	0.145068	74447	0	0
Cl35	32564.6	0.126281	95178.2	8060.66	8060.48
neutron	939.565	1.59037	74621.9	0	0
S34	31632.7	0.0264211	74621.9	0	0
Na23	21409.2	0.105459	97508.1	8722.54	8722.29
Na23	21409.2	0.12564	87176.7	3324.01	3323.45
Ne23	21414.1	0.214493	76153.8	0	0
Cl35	32564.6	0.0704164	79721.5	1448.24	1448.12
neutron	939.565	8.82507	76365.2	0	0
neutron	939.565	1.38181	76365.2	0	0
S33	30704.6	0.381696	76365.2	0	0
proton	938.272	189.839	97998.3	9100.72	7942.27
neutron	939.565	69.4734	97998.3	9100.72	7942.27
proton	938.272	3.46646	97998.3	9100.72	7942.27
neutron	939.565	2.20629	97998.3	9100.72	7942.27
alpha	3727.38	7.98564	97998.3	9100.72	7942.27
Al27	25126.5	1.88423	97998.3	9100.72	7942.27
Cl37	34424.8	0.0853333	93289	6868.03	6867.74
neutron	939.565	0.49914	77919.4	0	0
Ne22	20479.7	0.26832	77919.4	0	0
proton	938.272	21.7208	75014.6	0	0
neutron	939.565	0.370981	75014.6	0	0
F21	19556.7	0.802563	75014.6	0	0
Cl35	32564.6	0.134801	99380.9	9779.11	9778.82
Cl35	32564.6	0.0911055	80359.1	820.814	820.35
neutron	939.565	0.545235	78159.4	0	0
Ne22	20479.7	0.195276	78159.4	0	0
neutron	939.565	5.23489	76781.8	0	0
Ne22	20479.7	0.146876	76781.8	0	0
Cl35	32564.6	0.0968382	96105.7	8304.86	8304.65
neutron	939.565	21.7956	76440	0	0
neutron	939.565	5.46004	76440	0	0
neutron	939.565	3.289	76440	0	0
Ne20	18617.7	2.30917	76440	0	0
Cl35	32564.6	0.231911	78129.4	94.4609	94.1742
Cl35	32564.6	0.0715352	96449.4	8678.73	8678.44
Cl35	32564.6	0.105983	80411.5	2474.74	2474.15
neutron	939.565	0.670355	73874.5	0	0
Ne22	20479.7	0.386679	73874.5	0	0
Ne23	21414.1	0.215621	75838.8	0	0
Cl35	32564.6	0.08177	84631.6	3548.21	3548.1
Na23	21409.2	0.143757	75454.9	36.5646	36.3486
Cl37	34424.8	0.065179	96338.8	8205.4	8205.14
Ne23	21414.1	0.228047	77838.4	0	0
Cl35	32564.6	0.0996976	87847.3	4776.83	4776.6
Cl35	32564.6	0.069838	77033	159.13	159.04
Na23	21409.2	0.139316	80952.6	2059.89	2059.26
neutron	939.565	0.627934	75516.8	0	0
S34	31632.7	0.254148	75516.8	0	0
neutron	939.565	2.26878	77764.3	0	0
S34	31632.7	0.121995	77764.3	0	0
Na23	21409.2	0.282086	99563.6	9733.9	9733.5
Na23	21409.2	0.171994	84869.3	3636.38	3635.79
neutron	939.565	2.207	75759.7	0	0
S34	31632.7	0.0682723	75759.7	0	0
Cl37	34424.8	0.0796685	85269	2593.41	2593.26
neutron	939.565	0.826439	78460.3	0	0
S34	31632.7	0.236737	78460.3	0	0
neutron	939.565	0.278791	79828.4	0	0
Ne22	20479.7	0.212138	79828.4	0	0
Na23	21409.2	0.382178	81184.7	1218.9	1218.48
Cl35	32564.6	0.0709052	89918.7	5583.67	5583.27
Cl35	32564.6	0.109975	97420.2	8796.88	8796.65
proton	938.272	461.792	88570.3	5340.3	4318.57
Cl34	31637.7	0.125357	88570.3	5340.3	4318.57
neutron	939.565	1.47389	77560.2	0	0
neutron	939.565	0.651707	77560.2	0	0
Ne21	19550.5	0.267209	77560.2	0	0
Cl37	34424.8	0.105692	97293.3	8919.11	8918.59
Cl37	34424.8	0.101734	87346.9	4061.35	4060.87
neutron	939.565	0.512648	77011.4	0	0
S34	31632.7	0.197738	77011.4	0	0
Cl35	32564.6	0.0736734	81368.6	2475.29	2474.2
Ne23	21414.1	0.222166	75119	0	0
Na23	21409.2	0.138136	86970.6	3835.02	3834.8
Cl35	32564.6	0.0721712	86740.5	3737.97	3737.83
neutron	939.565	4.76004	77345.3	0	0
S34	31632.7	0.120647	77345.3	0	0
Cl35	32564.6	0.23523	97284.1	8459.86	8459.58
Na23	21409.2	0.122707	90368.4	5280.18	5279.8
neutron	939.565	0.349705	76074.2	0	0
Ne22	20479.7	0.228389	76074.2	0	0
Cl37	34424.8	0.0821462	80345.7	1478.41	1478.23
proton	938.272	6.41928	76316	0	0
neutron	939.565	4.18769	76316	0	0
neutron	939.565	3.48564	76316	0	0
deuteron	1875.61	5.5927	76316	0	0
Si30	27913.2	0.417581	76316	0	0
Cl37	34424.8	0.0934161	90739.9	5406.25	5405.7
proton	938.272	4.18296	77053.8	0	0
neutron	939.565	3.48649	77053.8	0	0
neutron	939.565	0.417919	77053.8	0	0
neutron	939.565	0.241985	77053.8	0	0
P31	28844.2	0.0822033	77053.8	0	0
Cl35	32564.6	0.0690321	96441.6	8163.54	8163.28
neutron	939.565	1.28069	76037.5	0	0
S34	31632.7	0.26696	76037.5	0	0
Cl35	32564.6	0.124075	97928.7	9170.8	9170.58
Na23	21409.2	0.611915	96040.7	5151.18	5150.57
Cl35	32564.6	0.17491	96023.7	5146.06	5145.5
Na23	21409.2	0.10333	84473.8	624.387	624.139
neutron	939.565	0.0194968	74800.6	0	0
S34	31632.7	0.14081	74800.6	0	0
Cl35	32564.6	0.156289	81974.9	1922.27	1921.98
Cl37	34424.8	0.0767092	79996.4	1170.42	1170.34
Na23	21409.2	0.485478	87182.3	4221.9	4220.98
neutron	939.565	38.5229	76618.8	0	0
neutron	939.565	3.53697	76618.8	0	0
neutron	939.565	2.62455	76618.8	0	0
Ne20	18617.7	0.8949	76618.8	0	0
Cl35	32564.6	0.0815013	87761.9	5007.2	5007.11
Cl37	34424.8	0.362698	78554.3	1103.34	1102.91
Ne23	21414.1	0.219576	75613.1	0	0
Cl35	32564.6	0.0733465	92040.2	6740.16	6740.02
Na23	21409.2	0.10742	84705.9	3750.71	3750.47
S35	32565.3	0.167077	75032.8	0	0
Cl35	32564.6	0.11571	75428.9	131.104	130.951
Cl37	34424.8	0.0685491	90541.8	5603.69	5603.47
Cl37	34424.8	0.0835188	89715.5	5241.78	5241.34
Cl37	34424.8	0.106755	94977.8	8111.3	8110.89
S35	32565.3	0.152032	74175.8	0	0
Na23	21409.2	0.134469	80974.7	1689.83	1689.51
Ne23	21414.1	0.207385	76463.1	0	0
Cl35	32564.6	0.145036	85705.4	4206.81	4206.35
neutron	939.565	16.772	75250	0	0
neutron	939.565	6.87585	75250	0	0
neutron	939.565	4.98026	75250	0	0
neutron	939.565	4.44782	75250	0	0
proton	938.272	3.78286	75250	0	0
F18	16763.2	0.438446	75250	0	0
neutron	939.565	19.8425	78133	0	0
neutron	939.565	3.04794	78133	0	0
neutron	939.565	0.553522	78133	0	0
S32	29773.6	0.454138	78133	0	0
Cl35	32564.6	0.252264	92507.2	6494	6493.73
neutron	939.565	0.937355	76377.6	0	0
Ne22	20479.7	0.0879907	76377.6	0	0
Na23	21409.2	0.273152	80149.8	1229.62	1229.12
S35	32565.3	0.136107	76738.7	0	0
Cl35	32564.6	0.0962036	85652.5	3722.41	3722.12
Na23	21409.2	0.20623	76787	584.21	583.956
Ne23	21414.1	0.222875	75287.6	0	0
Cl35	32564.6	0.0921424	78782.4	1273.23	1272.81
neutron	939.565	14.3693	75357.6	0	0
proton	938.272	6.85978	75357.6	0	0
neutron	939.565	2.96067	75357.6	0	0
neutron	939.565	1.77216	75357.6	0	0
P33	30705.3	0.61144	75357.6	0	0
Na23	21409.2	0.110303	98886.8	9380.02	9379.9
Cl35	32564.6	0.105111	89106.7	5187.18	5186.65
Cl35	32564.6	0.117245	84982.6	3239.55	3239.36
Cl35	32564.6	0.299751	92291.2	6195.2	6194.78
Ne23	21414.1	0.208085	77078.1	0	0
Na23	21409.2	0.117586	90586.2	5770.84	5770.66
Na23	21409.2	0.118643	83556.5	2850.67	2850.45
Na23	21409.2	0.222151	76190	58.6863	58.0286
Cl37	34424.8	0.176012	80573.7	991.399	990.997
neutron	939.565	0.599129	78088.8	0	0
S34	31632.7	0.097347	78088.8	0	0
Cl35	32564.6	0.0926244	81451.7	2335.52	2335.42
Na23	21409.2	0.208739	81832.9	2034.99	2034.78
neutron	939.565	0.45875	76701.2	0	0
Ne22	20479.7	0.227193	76701.2	0	0
neutron	939.565	1.3044	75270.8	0	0
S34	31632.7	0.16645	75270.8	0	0
neutron	939.565	22.3386	75866.8	0	0
neutron	939.565	7.6504	75866.8	0	0
neutron	939.565	4.17517	75866.8	0	0
alpha	3727.38	3.93832	75866.8	0	0
O16	14895.1	1.9501	75866.8	0	0
S35	32565.3	0.158282	75517.6	0	0
Cl35	32564.6	0.0749687	89422	5691.5	5691.4
neutron	939.565	1.74315	75171.2	0	0
S34	31632.7	0.271159	75171.2	0	0
Cl35	32564.6	0.312038	98542.3	9318.56	9318.19
Na23	21409.2	0.167775	89686.6	5739.93	5739.48
Cl35	32564.6	0.0750003	86492.9	4522.65	4522.34
Cl35	32564.6	0.0710672	86077.8	4373.27	4373.05
neutron	939.565	3.93064	75356.6	0	0
neutron	939.565	0.743988	75356.6	0	0
alpha	3727.38	8.04522	75356.6	0	0
Si29	26984.3	0.457418	75356.6	0	0
Cl35	32564.6	0.113945	87554.3	4701.16	4700.38
S37	34430.2	0.126091	75803.1	0	0
Cl35	32564.6	0.148442	95553	8067.07	8066.75
Cl37	34424.8	0.120469	92325.9	6687.07	6686.61
Cl35	32564.6	0.118094	79127.5	1451.41	1451.18
neutron	939.565	9.58625	75098.7	0	0
neutron	939.565	3.75072	75098.7	0	0
neutron	939.565	3.54461	75098.7	0	0
proton	938.272	3.0344	75098.7	0	0
alpha	3727.38	7.09492	75098.7	0	0
Al27	25126.5	1.62378	75098.7	0	0
Cl35	32564.6	0.0684688	90952.1	5449.19	5449.05
Na23	21409.2	0.184011	94756.3	7654.53	7654.29
Cl35	32564.6	0.173644	89419.9	5601.96	5601.46
Cl35	32564.6	0.087887	81857.9	2475.46	2475.35
neutron	939.565	0.536626	75837.9	0	0
S36	33495	0.132113	75837.9	0	0
Na23	21409.2	0.176388	78067.1	1118.72	1118.11
neutron	939.565	0.386363	75063.6	0	0
S34	31632.7	0.147444	75063.6	0	0
Cl37	34424.8	0.0803369	93346.6	7281.8	7281.6
neutron	939.565	1.05593	76436.7	0	0
Ne22	20479.7	0.216304	76436.7	0	0
Cl35	32564.6	0.110841	94959.2	7901.38	7901.19
neutron	939.565	5.05434	76689.6	0	0
proton	938.272	2.66686	76689.6	0	0
neutron	939.565	2.44818	76689.6	0	0
neutron	939.565	2.30155	76689.6	0	0
P31	28844.2	0.549033	76689.6	0	0
neutron	939.565	19.1364	76940.4	0	0
neutron	939.565	3.00698	76940.4	0	0
neutron	939.565	2.73149	76940.4	0	0
S34	31632.7	0.554214	76940.4	0	0
Na23	21409.2	0.117053	96190.5	8579.92	8579.56
neutron	939.565	22.3728	75257.9	0	0
proton	938.272	8.4144	75257.9	0	0
proton	938.272	7.158	75257.9	0	0
neutron	939.565	2.27607	75257.9	0	0
Si31	28846.2	0.432035	75257.9	0	0
neutron	939.565	0.2405	75010.6	0	0
S36	33495	0.0984148	75010.6	0	0
Cl35	32564.6	0.0837995	94284	7143.01	7142.73
Na23	21409.2	0.118	90878.9	5831.33	5831.09
neutron	939.565	1.92981	76257	0	0
neutron	939.565	1.10595	76257	0	0
neutron	939.565	0.611847	76257	0	0
S32	29773.6	0.129409	76257	0	0
neutron	939.565	0.558608	76950.9	0	0
S34	31632.7	0.179704	76950.9	0	0
S37	34430.2	0.128137	76769.4	0	0
Na23	21409.2	0.151654	90432.8	5990.72	5990.55
Cl35	32564.6	0.11522	77685.9	904.087	903.627
neutron	939.565	6.47127	75314.7	0	0
neutron	939.565	3.27984	75314.7	0	0
neutron	939.565	2.51214	75314.7	0	0
neutron	939.565	1.08823	75314.7	0	0
S33	30704.6	0.430684	75314.7	0	0
Na23	21409.2	0.121387	90135.3	5265.29	5264.85
Na23	21409.2	0.59444	79173.6	851.796	851.158
proton	938.272	31.285	77086.8	0	0
neutron	939.565	3.57608	77086.8	0	0
P33	30705.3	0.961955	77086.8	0	0
Na23	21409.2	0.566621	88627.1	3676.15	3675.48
neutron	939.565	0.310139	79365.7	0	0
S36	33495	0.128339	79365.7	0	0
Cl35	32564.6	0.177527	87168.8	2333.63	2333.3
Cl37	34424.8	0.240049	80506.7	2118.41	2118.04
proton	938.272	13.0996	74704.8	0	0
neutron	939.565	3.42946	74704.8	0	0
P33	30705.3	0.499312	74704.8	0	0
Na23	21409.2	0.300145	95666.6	8279.58	8279.09
Cl35	32564.6	0.64619	92222.7	6971.89	6971.25
Na23	21409.2	0.453358	99371.9	9779.24	9778.76
Cl37	34424.8	0.102463	91870.6	6607.11	6606.57
neutron	939.565	0.257937	76470.6	0	0
S34	31632.7	0.121156	76470.6	0	0
Cl35	32564.6	0.0812206	82644.7	3144.93	3144.83
Cl37	34424.8	0.0799372	81608	2789.44	2788.89
Na23	21409.2	0.188371	79333.9	1901.83	1901.55
Na23	21409.2	0.284506	84822.7	3676.53	3675.9
neutron	939.565	23.5302	75580.3	0	0
neutron	939.565	3.86518	75580.3	0	0
neutron	939.565	0.965063	75580.3	0	0
S32	29773.6	1.10046	75580.3	0	0
Cl37	34424.8	0.157418	81318.6	2259.23	2259.07
neutron	939.565	23.4406	76890.8	0	0
neutron	939.565	18.3076	76890.8	0	0
neutron	939.565	0.333258	76890.8	0	0
S34	31632.7	1.72503	76890.8	0	0
Cl35	32564.6	0.133938	85546.9	4156.07	4155.74
Na23	21409.2	0.223907	82556.9	2885.44	2885.21
neutron	939.565	25.2884	75295.1	0	0
neutron	939.565	6.00895	75295.1	0	0
neutron	939.565	4.32714	75295.1	0	0
Ne20	18617.7	1.6674	75295.1	0	0
Cl35	32564.6	0.130085	84514.8	3534.91	3534.66
neutron	939.565	0.510175	75251.6	0	0
Ne22	20479.7	0.295881	75251.6	0	0
Cl35	32564.6	0.0772218	98446.4	9388.1	9388.02
Cl35	32564.6	0.116833	94755.3	7187.28	7186.78
neutron	939.565	96.1415	90304.2	5511.67	5303.43
neutron	939.565	78.8498	90304.2	5511.67	5303.43
proton	938.272	4.71291	90304.2	5511.67	5303.43
Ne20	18617.7	0.75243	90304.2	5511.67	5303.43
Cl35	32564.6	0.0937917	84893.8	3273.3	3272.29
neutron	939.565	8.28208	76248.8	0	0
alpha	3727.38	16.5433	76248.8	0	0
alpha	3727.38	5.62004	76248.8	0	0
C14	13040.9	6.7519	76248.8	0	0
proton	938.272	10.9716	76988.3	0	0
neutron	939.565	2.94834	76988.3	0	0
proton	938.272	2.23764	76988.3	0	0
neutron	939.565	2.12982	76988.3	0	0
neutron	939.565	1.10074	76988.3	0	0
Si30	27913.2	0.952377	76988.3	0	0
Na23	21409.2	0.192219	87458.2	4806.61	4806.12
Na23	21409.2	0.134868	98782.2	9517.47	9516.86
Na23	21409.2	0.112667	90112.7	6055.96	6055.74
Cl35	32564.6	0.172604	85437.6	4096.29	4096.07
Na23	21409.2	0.177397	78644.9	1491.38	1490.94
Ne23	21414.1	0.223562	74914.4	0	0
Na23	21409.2	0.224138	99964.9	9987.75	9987.36
Cl35	32564.6	0.076609	84599.2	2779.42	2779.33
neutron	939.565	2.47231	77260.7	0	0
S34	31632.7	0.368366	77260.7	0	0
Na23	21409.2	0.108884	76406.4	465.807	465.698
neutron	939.565	1.72758	75235.9	0	0
Ne22	20479.7	0.281308	75235.9	0	0
Ne23	21414.1	0.2204	75279.1	0	0
Na23	21409.2	0.150953	83110	2576.56	2576.35
Ne23	21414.1	0.217233	76401.7	0	0
Cl35	32564.6	0.0758418	98521.9	9430.84	9430.73
Cl37	34424.8	0.0658349	93632.3	6654.54	6654.36
neutron	939.565	29.3837	76642.7	0	0
neutron	939.565	6.4915	76642.7	0	0
neutron	939.565	6.00025	76642.7	0	0
alpha	3727.38	10.2452	76642.7	0	0
alpha	3727.38	3.69502	76642.7	0	0
C12	11174.9	5.35799	76642.7	0	0
Na23	21409.2	0.133698	93443	7248.96	7248.8
neutron	939.565	6.19367	76533.2	0	0
proton	938.272	4.32243	76533.2	0	0
proton	938.272	4.14029	76533.2	0	0
neutron	939.565	0.173423	76533.2	0	0
Si31	28846.2	0.627833	76533.2	0	0
neutron	939.565	5.41937	76528.1	0	0
neutron	939.565	4.39954	76528.1	0	0
neutron	939.565	0.809	76528.1	0	0
S32	29773.6	0.320105	76528.1	0	0
Cl35	32564.6	0.0739471	97105	8766.06	8765.89
neutron	939.565	0.950444	77214.9	0	0
S34	31632.7	0.261167	77214.9	0	0
Na23	21409.2	0.292869	94285.8	7613.01	7612.64
Na23	21409.2	0.104213	83893.4	2938.41	2938.23
neutron	939.565	8.67529	76377.1	0	0
proton	938.272	2.36291	76377.1	0	0
neutron	939.565	1.47597	76377.1	0	0
neutron	939.565	0.999431	76377.1	0	0
P31	28844.2	0.0666264	76377.1	0	0
Cl35	32564.6	0.625531	83375	2708.1	2707.01
S37	34430.2	0.1398	75553.3	0	0
Cl35	32564.6	0.126265	88742.3	5254.39	5254.11
neutron	939.565	7.09005	75628	0	0
neutron	939.565	2.94284	75628	0	0
neutron	939.565	0.732853	75628	0	0
S32	29773.6	0.0459085	75628	0	0
Na23	21409.2	0.114981	90619.1	5811.81	5811.57
S35	32565.3	0.160072	75734.7	0	0
proton	938.272	9.5353	76994.7	0	0
neutron	939.565	1.41027	76994.7	0	0
P33	30705.3	0.296544	76994.7	0	0
Na23	21409.2	0.280212	76093.3	622.321	621.967
neutron	939.565	1.7434	74404.4	0	0
S34	31632.7	0.0528032	74404.4	0	0
Na23	21409.2	0.107103	77464.6	487.543	487.357
Cl35	32564.6	0.0861344	82071.4	2350.65	2350.43
Cl35	32564.6	0.0735565	76964.3	393.152	392.922
neutron	939.565	1.35239	76009.7	0	0
Ne22	20479.7	0.0811802	76009.7	0	0
Na23	21409.2	0.15946	90871.6	5489.23	5488.99
neutron	939.565	0.255673	76977.5	0	0
S34	31632.7	0.20983	76977.5	0	0
Cl37	34424.8	0.102653	92196.8	6778.89	6778.73
neutron	939.565	27.8291	75780	0	0
neutron	939.565	10.8993	75780	0	0
proton	938.272	3.02543	75780	0	0
neutron	939.565	0.172548	75780	0	0
P31	28844.2	1.10565	75780	0	0
Na23	21409.2	0.109718	82569.7	3235.12	3234.97
S37	34430.2	0.142523	74062.4	0	0
Cl35	32564.6	0.114445	79304.3	1357.75	1357.59
Cl35	32564.6	0.418854	82255.4	2690.46	2689.9
neutron	939.565	5.27351	75286.8	0	0
alpha	3727.38	5.29571	75286.8	0	0
O18	16762	2.01038	75286.8	0	0
Cl35	32564.6	0.245427	95612.5	8155.67	8155.4
Ne23	21414.1	0.205138	77492.8	0	0
Na23	21409.2	0.110524	90567.6	5098.42	5098.22
Cl35	32564.6	0.0971046	86626.6	3511.44	3511.28
S35	32565.3	0.15113	77447.3	0	0
Cl35	32564.6	0.0810401	99358.4	9765.18	9764.52
Cl35	32564.6	0.665357	91510.3	6429.35	6428.52
proton	938.272	17.4643	75115.4	0	0
neutron	939.565	13.5741	75115.4	0	0
neutron	939.565	2.51012	75115.4	0	0
neutron	939.565	2.20435	75115.4	0	0
alpha	3727.38	2.53496	75115.4	0	0
N15	13968.9	7.18959	75115.4	0	0
Cl35	32564.6	0.0794587	81104.9	2492.53	2492.23
neutron	939.565	12.6803	74383.6	0	0
proton	938.272	6.08551	74383.6	0	0
neutron	939.565	2.8862	74383.6	0	0
neutron	939.565	1.37807	74383.6	0	0
P31	28844.2	0.804031	74383.6	0	0
Cl37	34424.8	0.280081	82704.8	2884.92	2884.56
S35	32565.3	0.165058	75277.9	0	0
Na23	21409.2	0.13205	87365.4	4773.95	4773.68
neutron	939.565	2.80889	75553.4	0	0
neutron	939.565	1.29765	75553.4	0	0
Ne21	19550.5	0.624688	75553.4	0	0
Cl35	32564.6	0.069836	82805.5	2134	2133.77
S35	32565.3	0.162972	76257.8	0	0
Na23	21409.2	0.276152	85856.1	1988.51	1988.18
Na23	21409.2	0.119621	95674.2	8127.15	8126.97
Cl35	32564.6	0.0727884	85384.2	3700.26	3699.95
Na23	21409.2	0.978475	83846.7	3241.64	3240.62
Cl35	32564.6	0.274488	78746.1	1175.23	1174.68
S35	32565.3	0.157869	75487.1	0	0
Cl37	34424.8	0.514048	88824.3	4967.36	4966.75
proton	938.272	31.5853	76768.4	0	0
neutron	939.565	3.01466	76768.4	0	0
P33	30705.3	0.877553	76768.4	0	0
Ne23	21414.1	0.234351	77912.3	0	0
Na23	21409.2	0.204547	94165.1	7654.46	7654.24
neutron	939.565	0.363842	75023.3	0	0
S34	31632.7	0.0943723	75023.3	0	0
neutron	939.565	0.0906332	77170	0	0
Ne22	20479.7	0.230383	77170	0	0
Cl35	32564.6	0.275144	81360.3	2594.65	2594.35
Cl35	32564.6	0.119523	77816	1232.45	1232.21
Cl35	32564.6	0.161557	91274.5	6485.94	6485.76
Cl35	32564.6	0.136416	80252.8	1621.22	1620.82
Ne23	21414.1	0.22969	75946.1	0	0
Na23	21409.2	0.170856	93943.3	7392.67	7392.41
Cl37	34424.8	0.102543	91826.8	6598.9	6598.69
Cl37	34424.8	0.077012	82386.4	2690.36	2690.01
Cl35	32564.6	0.243507	88919.4	5174.2	5173.95
Cl35	32564.6	0.0889136	80753.7	1917.28	1917.09
neutron	939.565	2.89165	75452.7	0	0
neutron	939.565	1.17733	75452.7	0	0
S33	30704.6	0.0254168	75452.7	0	0
Cl35	32564.6	0.142664	96348.4	7790.06	7789.56
Na23	21409.2	0.23479	79534.2	1041.83	1041.57
S35	32565.3	0.156228	75843.3	0	0
Na23	21409.2	0.108637	92610.8	6853.37	6853.18
Cl35	32564.6	0.332605	87110.7	4614.48	4614.06
neutron	939.565	0.340886	75824.3	0	0
S34	31632.7	0.144252	75824.3	0	0
neutron	939.565	8.55545	75097.8	0	0
proton	938.272	2.51991	75097.8	0	0
neutron	939.565	1.38846	75097.8	0	0
P32	29775.8	0.402411	75097.8	0	0
Na23	21409.2	0.256976	80996.3	1044.66	1044.38
Cl35	32564.6	0.230403	96223.7	8516.25	8515.86
Na23	21409.2	0.191158	78416.2	1225.01	1224.74
Cl37	34424.8	0.0728502	77429.9	833.595	833.469
neutron	939.565	1.27895	75186.5	0	0
Ne22	20479.7	0.133848	75186.5	0	0
Cl37	34424.8	0.0874419	75319.2	84.3524	84.1925
neutron	939.565	1.34558	75202.1	0	0
alpha	3727.38	6.63101	75202.1	0	0
Si30	27913.2	1.81374	75202.1	0	0
neutron	939.565	2.48422	74573	0	0
S34	31632.7	0.190266	74573	0	0
Ne23	21414.1	0.22476	77457.6	0	0
proton	938.272	36.1513	77141.3	0	0
neutron	939.565	18.4443	77141.3	0	0
neutron	939.565	2.92016	77141.3	0	0
neutron	939.565	0.841507	77141.3	0	0
P31	28844.2	2.41493	77141.3	0	0
neutron	939.565	25.6024	75777	0	0
proton	938.272	3.08826	75777	0	0
neutron	939.565	1.82703	75777	0	0
neutron	939.565	0.0298532	75777	0	0
P31	28844.2	0.783951	75777	0	0
Na23	21409.2	0.103328	89356.5	5335.04	5334.27
Cl35	32564.6	0.0866877	78751.3	1072.7	1072.08
S35	32565.3	0.159253	75986.3	0	0
Na23	21409.2	0.309037	79247.6	1021.02	1020.46
neutron	939.565	1.87498	76492.8	0	0
Ne22	20479.7	0.118654	76492.8	0	0
S37	34430.2	0.139263	79077	0	0
Cl37	34424.8	0.0764386	76511.3	140.191	140.076
neutron	939.565	1.64042	76247.2	0	0
S34	31632.7	0.14468	76247.2	0	0
S35	32565.3	0.163786	75837.2	0	0
Cl35	32564.6	0.150413	92179.5	6979.91	6979.6
Na23	21409.2	0.139576	81853.7	1190.84	1189.49
neutron	939.565	2.68976	78686.7	0	0
neutron	939.565	2.2019	78686.7	0	0
neutron	939.565	1.16568	78686.7	0	0
Ne20	18617.7	0.0455665	78686.7	0	0
Cl35	32564.6	0.496857	85168.3	3621.89	3621.32
neutron	939.565	1.11239	75533	0	0
S36	33495	0.175615	75533	0	0
Cl35	32564.6	0.126296	88698.3	5621.71	5621.35
Cl37	34424.8	0.154677	75568.2	252.313	251.691
Cl37	34424.8	0.0954119	86911	4620.83	4620.59
Cl35	32564.6	0.0793507	84709	3759.2	3758.99
S37	34430.2	0.138478	76272.5	0	0
Cl35	32564.6	0.0898489	88583.6	4776.27	4776.06
neutron	939.565	5.39238	77010.6	0	0
neutron	939.565	3.2408	77010.6	0	0
Ne21	19550.5	1.19488	77010.6	0	0
S35	32565.3	0.157004	74894.8	0	0
Na23	21409.2	0.411127	85354.2	4052.57	4052.02
neutron	939.565	12.8078	75116	0	0
proton	938.272	9.56534	75116	0	0
neutron	939.565	1.7961	75116	0	0
F20	18625.3	1.22229	75116	0	0
Ne23	21414.1	0.22599	75215.9	0	0
Cl35	32564.6	0.230077	91332	6083.12	6082.88
Na23	21409.2	0.149747	81910.8	2017.08	2016.84
Cl35	32564.6	0.140563	80260.7	1340.1	1339.71
neutron	939.565	0.111855	76773	0	0
Ne22	20479.7	0.208952	76773	0	0
neutron	939.565	22.177	78253	0	0
neutron	939.565	7.77439	78253	0	0
proton	938.272	3.75546	78253	0	0
neutron	939.565	2.06655	78253	0	0
P33	30705.3	0.471386	78253	0	0
Na23	21409.2	0.322289	79528	1796.03	1795.17
Na23	21409.2	0.133491	85384.5	3001	3000.76
proton	938.272	21.2657	78291.7	0	0
neutron	939.565	5.1708	78291.7	0	0
neutron	939.565	2.22732	78291.7	0	0
neutron	939.565	1.41476	78291.7	0	0
alpha	3727.38	3.58712	78291.7	0	0
N15	13968.9	3.77594	78291.7	0	0
Na23	21409.2	0.332889	91474.8	6370.45	6369.9
neutron	939.565	3.79518	91290.5	6242.26	6005.83
neutron	939.565	0.962136	91290.5	6242.26	6005.83
Ne21	19550.5	1.89587	91290.5	6242.26	6005.83
Na23	21409.2	0.715199	88236.1	4729.04	4728.19
Cl35	32564.6	0.172443	85856	3819.3	3819.03
neutron	939.565	0.405583	75633.3	0	0
Ne22	20479.7	0.123255	75633.3	0	0
neutron	939.565	1.36895	77762.2	0	0
S36	33495	0.270258	77762.2	0	0
Cl35	32564.6	0.0697896	98218.6	9333.34	9333.24
Cl35	32564.6	0.0848916	95261.1	7990.86	7990.63
Na23	21409.2	0.10578	85527.7	3294.26	3294.06
Cl35	32564.6	0.0692219	82193.6	2035.15	2035.04
Ne23	21414.1	0.226553	76967	0	0
Cl35	32564.6	0.136718	85432.6	3754.89	3754.7
neutron	939.565	20.6728	76376.6	0	0
alpha	3727.38	5.11389	76376.6	0	0
O18	16762	1.55892	76376.6	0	0
neutron	939.565	4.27021	75692	0	0
S34	31632.7	0.120287	75692	0	0
S35	32565.3	0.153361	77956.8	0	0
S35	32565.3	0.155466	74945.4	0	0
Ne23	21414.1	0.226735	73935.4	0	0
neutron	939.565	11.5285	75716.5	0	0
proton	938.272	6.17785	75716.5	0	0
neutron	939.565	4.00734	75716.5	0	0
neutron	939.565	3.48332	75716.5	0	0
F19	17692.3	0.777093	75716.5	0	0
Na23	21409.2	0.105096	99316.5	9756.74	9756.47
Cl35	32564.6	0.0862415	74809.6	13.7555	13.6133
neutron	939.565	0.458367	74811.7	0	0
Ne22	20479.7	0.344756	74811.7	0	0
neutron	939.565	1.77092	76168.1	0	0
S34	31632.7	0.262293	76168.1	0	0
Na23	21409.2	0.455718	94497.2	6894.1	6893.15
neutron	939.565	5.21493	77154.8	0	0
neutron	939.565	2.30044	77154.8	0	0
Ne21	19550.5	0.481659	77154.8	0	0
Na23	21409.2	0.109915	95215	7903.7	7903.59
Ne23	21414.1	0.228359	81082.4	0	0
Ne23	21414.1	0.203537	75862.9	0	0
neutron	939.565	0.249596	76164.3	0	0
S34	31632.7	0.197076	76164.3	0	0
Cl35	32564.6	0.254162	76415.6	105.966	105.706
neutron	939.565	4.29337	76110.7	0	0
neutron	939.565	3.80603	76110.7	0	0
neutron	939.565	2.94385	76110.7	0	0
Ne20	18617.7	0.365116	76110.7	0	0
Cl35	32564.6	0.263972	77110.8	787.897	787.576
neutron	939.565	1.44214	75094.6	0	0
S34	31632.7	0.241436	75094.6	0	0
Na23	21409.2	0.178927	85851.5	3784.3	3784.06
Ne23	21414.1	0.221859	76499.8	0	0
Cl35	32564.6	0.182331	99669	9874.91	9874.66
Na23	21409.2	0.463058	97566.7	8644.28	8643.73
Na23	21409.2	0.11466	83682.7	2882.82	2882.43
neutron	939.565	10.1106	77694.2	0	0
proton	938.272	4.79798	77694.2	0	0
neutron	939.565	2.75237	77694.2	0	0
neutron	939.565	0.219103	77694.2	0	0
P31	28844.2	0.201535	77694.2	0	0
neutron	939.565	25.4664	76520.7	0	0
neutron	939.565	6.83777	76520.7	0	0
proton	938.272	2.79972	76520.7	0	0
neutron	939.565	2.73885	76520.7	0	0
P31	28844.2	2.51717	76520.7	0	0
Na23	21409.2	1.23255	98857.8	9092.32	9090.96
Cl35	32564.6	0.552809	85885.9	3838.94	3838.32
proton	938.272	118.159	99111.5	9459.96	9122.3
S34	31632.7	0.252321	99111.5	9459.96	9122.3
Cl35	32564.6	0.95798	98163.9	9300.72	9299.74
Ne23	21414.1	0.207561	75878.7	0	0
Na23	21409.2	0.127224	85649.8	3601.73	3601.51
Cl35	32564.6	0.124688	78394.8	1073.43	1073.22
Cl35	32564.6	0.125758	98592.3	9381.64	9381.4
Cl35	32564.6	0.0689548	84442.4	3327.52	3327.27
Na23	21409.2	0.116808	98157.1	9290.68	9290.42
neutron	939.565	4.53061	93554.8	7171.19	6907.47
neutron	939.565	1.84203	93554.8	7171.19	6907.47
neutron	939.565	1.34694	93554.8	7171.19	6907.47
S32	29773.6	1.4157	93554.8	7171.19	6907.47
Na23	21409.2	0.116815	83916.5	2774.14	2773.96
S37	34430.2	0.134106	77119.3	0	0
Na23	21409.2	0.305467	76962.9	585.093	584.579
neutron	939.565	4.14263	75477.4	0	0
neutron	939.565	0.069888	75477.4	0	0
S35	32565.3	0.18977	75477.4	0	0
Na23	21409.2	0.165456	91554.1	6416.09	6415.92
neutron	939.565	0.657914	75934.1	0	0
S34	31632.7	0.144612	75934.1	0	0
Cl35	32564.6	0.150031	80333.4	2050.6	2050.42
Cl35	32564.6	0.0882733	83546.8	2471.45	2471.36
neutron	939.565	15.4436	76381.4	0	0
neutron	939.565	3.96898	76381.4	0	0
neutron	939.565	1.78548	76381.4	0	0
Ne20	18617.7	0.877307	76381.4	0	0
Cl37	34424.8	0.0752137	94284.8	7313.56	7313.3
neutron	939.565	10.754	76582.9	0	0
neutron	939.565	4.56259	76582.9	0	0
proton	938.272	3.91359	76582.9	0	0
neutron	939.565	3.49285	76582.9	0	0
P31	28844.2	0.651803	76582.9	0	0
Na23	21409.2	0.122008	85980	3964.36	3964.17
Cl35	32564.6	0.0669775	85669.9	3847.29	3846.67
S37	34430.2	0.131202	75389.2	0	0
proton	938.272	12.5474	76805.2	0	0
proton	938.272	5.0191	76805.2	0	0
neutron	939.565	3.5521	76805.2	0	0
neutron	939.565	1.84155	76805.2	0	0
Si31	28846.2	0.127539	76805.2	0	0
Ne23	21414.1	0.233101	75421	0	0
Cl37	34424.8	0.0844811	88169.6	4497.85	4497.6
Cl35	32564.6	0.185243	78477.8	621.882	621.453
Cl35	32564.6	0.0757235	94129.4	7275.18	7274.81
Na23	21409.2	0.558112	95836.6	8448.88	8448.23
Na23	21409.2	0.139073	94866.1	8083.7	8083.34
Cl35	32564.6	0.297461	77885.8	698.991	698.655
Cl37	34424.8	0.10214	89690.4	5378.08	5377.74
Cl35	32564.6	0.152751	84492.1	2644.28	2643.91
neutron	939.565	12.0056	75711.8	0	0
proton	938.272	8.99176	75711.8	0	0
neutron	939.565	1.99458	75711.8	0	0
neutron	939.565	1.03528	75711.8	0	0
F19	17692.3	1.26162	75711.8	0	0
neutron	939.565	17.0076	77185.1	0	0
neutron	939.565	8.57111	77185.1	0	0
neutron	939.565	2.12597	77185.1	0	0
S34	31632.7	0.794271	77185.1	0	0
proton	938.272	2.4999	76085	0	0
P34	31638.6	0.309294	76085	0	0
neutron	939.565	1.47587	75664.1	0	0
S34	31632.7	0.0694083	75664.1	0	0
neutron	939.565	38.1942	75129.4	0	0
proton	938.272	3.55905	75129.4	0	0
P33	30705.3	1.09501	75129.4	0	0
S37	34430.2	0.132141	76400	0	0
Na23	21409.2	0.122463	78581.7	1368.7	1368.38
Cl35	32564.6	0.0818317	75270	176.865	176.484
Cl35	32564.6	0.122707	93097.1	6971.95	6971.74
proton	938.272	2.80216	75929.3	0	0
neutron	939.565	1.5223	75929.3	0	0
neutron	939.565	1.16151	75929.3	0	0
deuteron	1875.61	4.47862	75929.3	0	0
Si30	27913.2	0.407226	75929.3	0	0
Na23	21409.2	0.121885	98008	9271.43	9271.29
neutron	939.565	4.06383	77815.8	0	0
neutron	939.565	3.34757	77815.8	0	0
neutron	939.565	1.2453	77815.8	0	0
neutron	939.565	0.861543	77815.8	0	0
S33	30704.6	0.388874	77815.8	0	0
neutron	939.565	6.02812	76487.7	0	0
neutron	939.565	0.580198	76487.7	0	0
neutron	939.565	0.516944	76487.7	0	0
alpha	3727.38	6.79249	76487.7	0	0
O16	14895.1	1.44217	76487.7	0	0
Na23	21409.2	0.467716	91227.4	5558.43	5557.79
Cl35	32564.6	0.115763	85170	3231.19	3230.89
neutron	939.565	3.17398	77290.4	0	0
neutron	939.565	1.21278	77290.4	0	0
neutron	939.565	0.651241	77290.4	0	0
S32	29773.6	0.299019	77290.4	0	0
Na23	21409.2	0.135793	90837.8	6102.67	6102.4
proton	938.272	11.938	76529	0	0
neutron	939.565	9.23586	76529	0	0
neutron	939.565	7.22411	76529	0	0
neutron	939.565	3.00257	76529	0	0
P31	28844.2	2.05317	76529	0	0
neutron	939.565	27.3554	77080.3	0	0
neutron	939.565	23.4808	77080.3	0	0
neutron	939.565	4.54067	77080.3	0	0
Ne20	18617.7	1.12966	77080.3	0	0
neutron	939.565	1.33061	74922.1	0	0
S34	31632.7	0.0925043	74922.1	0	0
Cl37	34424.8	0.120998	82570	2631.41	2631.05
neutron	939.565	0.890248	75727.6	0	0
Ne22	20479.7	0.282189	75727.6	0	0
Na23	21409.2	0.109615	90948	5943.31	5943.16
neutron	939.565	0.0749864	76815.2	0	0
S34	31632.7	0.156275	76815.2	0	0
Cl35	32564.6	0.111777	85062.8	2833.25	2832.9
neutron	939.565	0.291792	77782.2	0	0
S34	31632.7	0.207442	77782.2	0	0
Na23	21409.2	0.174219	96071.8	8420.54	8420.32
proton	938.272	68.3684	91605.2	6188.17	5777.99
neutron	939.565	18.3237	91605.2	6188.17	5777.99
neutron	939.565	17.3862	91605.2	6188.17	5777.99
proton	938.272	6.92585	91605.2	6188.17	5777.99
proton	938.272	5.39434	91605.2	6188.17	5777.99
proton	938.272	4.02182	91605.2	6188.17	5777.99
neutron	939.565	3.54778	91605.2	6188.17	5777.99
neutron	939.565	0.0415439	91605.2	6188.17	5777.99
Si29	26984.3	0.398161	91605.2	6188.17	5777.99
Na23	21409.2	0.134594	85841.2	3993.16	3992.95
neutron	939.565	0.755938	75229.7	0	0
neutron	939.565	0.494636	75229.7	0	0
S33	30704.6	0.108833	75229.7	0	0
Cl37	34424.8	0.0678605	89977.7	4977.12	4977.03
Cl35	32564.6	0.409423	86555.2	3108.55	3108.04
neutron	939.565	0.292733	78475	0	0
Ne22	20479.7	0.213764	78475	0	0
Na23	21409.2	0.271828	90203.3	5173.94	5173.66
Ne23	21414.1	0.222489	76900.2	0	0
Ne23	21414.1	0.218038	76714	0	0
S35	32565.3	0.157076	81177	0	0
Cl35	32564.6	0.178326	94251.5	7513.7	7513.2
Cl35	32564.6	0.0928751	76724.3	470.673	470.402
Cl35	32564.6	0.0912425	87796.2	4505.86	4505.28
Cl37	34424.8	5.63032	84217.1	3056.12	3050.44
S35	32565.3	0.150458	76498.8	0	0
Cl35	32564.6	0.082459	95377.4	8109.49	8109.4
neutron	939.565	1.26451	76808.3	0	0
Ne22	20479.7	0.194357	76808.3	0	0
Cl35	32564.6	0.154931	97858.4	9070.4	9070.05
Na23	21409.2	0.22699	89509.3	5460.37	5459.88
Na23	21409.2	2.01915	86704.7	3957.45	3955.38
neutron	939.565	5.63579	76794.6	0	0
neutron	939.565	3.14654	76794.6	0	0
neutron	939.565	2.2475	76794.6	0	0
alpha	3727.38	11.8304	76794.6	0	0
O16	14895.1	3.5149	76794.6	0	0
Na23	21409.2	0.262002	98202.2	9212.11	9211.67
Na23	21409.2	0.589101	97781.2	9052.15	9051.3
Cl35	32564.6	0.133615	97010.4	8690.16	8689.93
Cl37	34424.8	0.182506	97909.6	9119.84	9119.5
neutron	939.565	40.1144	76047.5	0	0
neutron	939.565	21.0787	76047.5	0	0
neutron	939.565	0.279811	76047.5	0	0
Ne20	18617.7	0.895733	76047.5	0	0
neutron	939.565	14.7201	78275.1	0	0
alpha	3727.38	5.47859	78275.1	0	0
O18	16762	1.99035	78275.1	0	0
Na23	21409.2	0.532158	84684.2	3909.55	3908.9
Cl35	32564.6	0.0984322	79765.1	1890.16	1889.75
neutron	939.565	7.14763	74837.2	0	0
neutron	939.565	6.0302	74837.2	0	0
neutron	939.565	2.82477	74837.2	0	0
alpha	3727.38	6.81396	74837.2	0	0
O16	14895.1	2.69605	74837.2	0	0
Cl35	32564.6	0.0778063	99894.3	9965.02	9964.65
Cl35	32564.6	0.0764119	90624.1	5842.03	5841.9
Cl35	32564.6	0.139605	83288.3	3009.44	3009.26
proton	938.272	24.2796	96510.2	8303.39	8019.58
Cl34	31637.7	0.0666699	96510.2	8303.39	8019.58
neutron	939.565	0.269017	76326.4	0	0
Ne22	20479.7	0.144835	76326.4	0	0
proton	938.272	234.906	97642.7	9045.44	8496.07
Cl34	31637.7	0.25752	97642.7	9045.44	8496.07
neutron	939.565	0.894333	77203.7	0	0
S34	31632.7	0.24789	77203.7	0	0
Na23	21409.2	0.256409	77513.5	465.26	464.737
Cl35	32564.6	0.285892	80514.9	1878.54	1878.25
Ne23	21414.1	0.227365	75588.4	0	0
Cl35	32564.6	0.0707962	88066.8	5014.69	5014.58
Cl35	32564.6	0.853723	77435.7	910.088	909.131
neutron	939.565	0.98452	74952.2	0	0
S34	31632.7	0.201496	74952.2	0	0
neutron	939.565	8.4141	77139.2	0	0
neutron	939.565	3.53234	77139.2	0	0
neutron	939.565	3.38427	77139.2	0	0
alpha	3727.38	6.88421	77139.2	0	0
O16	14895.1	2.44261	77139.2	0	0
Cl35	32564.6	0.0692605	96981.6	8860.66	8860.4
Ne23	21414.1	0.215386	75764.7	0	0
Na23	21409.2	0.361671	87288.1	4514.9	4514.49
neutron	939.565	29.7573	76480.1	0	0
neutron	939.565	1.7933	76480.1	0	0
S35	32565.3	0.733825	76480.1	0	0
Cl35	32564.6	0.115742	95914	7949.35	7949.1
Cl35	32564.6	0.103125	80056.3	1268.67	1268.49
Na23	21409.2	1.5176	78441.2	610.429	608.764
Cl35	32564.6	0.132039	77984.7	419.485	418.759
Cl35	32564.6	0.0758194	77715.2	286.319	286.185
Na23	21409.2	0.119907	85723	4083.34	4083
Ne23	21414.1	0.208373	75587.3	0	0
neutron	939.565	17.9391	75502.8	0	0
neutron	939.565	9.26144	75502.8	0	0
neutron	939.565	7.86923	75502.8	0	0
Ne20	18617.7	0.611106	75502.8	0	0
Ne23	21414.1	0.22286	75722.4	0	0
Na23	21409.2	0.79557	87536	4496.49	4495.42
Cl35	32564.6	0.0929977	79677.3	590.646	590.301
Cl37	34424.8	0.117565	78192.2	21.2699	21.0495
neutron	939.565	0.436127	78190.7	0	0
Ne22	20479.7	0.269598	78190.7	0	0
neutron	939.565	4.3597	75633.7	0	0
neutron	939.565	1.60225	75633.7	0	0
neutron	939.565	0.87372	75633.7	0	0
Ne20	18617.7	0.282284	75633.7	0	0
Na23	21409.2	0.117854	83911.8	2176.27	2176.11
neutron	939.565	4.41772	78330.6	0	0
S36	33495	0.0566655	78330.6	0	0
Cl37	34424.8	0.103307	81602.4	2053.32	2053.1
neutron	939.565	9.1255	76265.8	0	0
neutron	939.565	1.54377	76265.8	0	0
neutron	939.565	0.601086	76265.8	0	0
Ne20	18617.7	0.146251	76265.8	0	0
Cl35	32564.6	0.0900221	95154.1	7956.37	7955.91
Na23	21409.2	0.114581	87125.7	3870.58	3870.36
Na23	21409.2	0.106227	83700.4	2203.28	2203.14
Na23	21409.2	0.387007	80849.4	1074.37	1073.79
S35	32565.3	0.165434	76947.1	0	0
Na23	21409.2	0.27801	82904.5	1384.32	1383.93
Ne23	21414.1	0.214464	79206.9	0	0
Cl35	32564.6	0.0839153	87728.7	2159.7	2159.56
Cl35	32564.6	0.0765759	82322	19.3896	19.2902
neutron	939.565	13.8498	82318.6	0	0
neutron	939.565	4.68323	82318.6	0	0
neutron	939.565	2.24204	82318.6	0	0
neutron	939.565	0.746284	82318.6	0	0
S33	30704.6	0.951954	82318.6	0	0
Na23	21409.2	0.244503	92272.4	6474.05	6473.67
Ne23	21414.1	0.214045	78839.2	0	0
Ne23	21414.1	0.230057	76729.6	0	0
Na23	21409.2	0.256342	77271.5	447.761	447.374
Ne23	21414.1	0.230365	76146.8	0	0
Na23	21409.2	0.774014	97333	8823.4	8822.19
neutron	939.565	3.16834	75192.5	0	0
S36	33495	0.282353	75192.5	0	0
neutron	939.565	1.83572	84277.1	0	0
Ne22	20479.7	0.276951	84277.1	0	0
Na23	21409.2	0.258079	92733.6	6745.62	6745.12
neutron	939.565	4.64271	75900	0	0
neutron	939.565	3.98029	75900	0	0
neutron	939.565	0.216672	75900	0	0
Ne20	18617.7	0.14533	75900	0	0
neutron	939.565	0.672588	82048.1	0	0
S36	33495	0.216442	82048.1	0	0
neutron	939.565	0.754925	78621.3	0	0
S36	33495	0.0734366	78621.3	0	0
Na23	21409.2	0.490323	95973.9	8437.07	8436.41
Cl35	32564.6	0.0675745	93670.6	7293.63	7293.54
neutron	939.565	0.165844	76223.7	0	0
S34	31632.7	0.193835	76223.7	0	0
Na23	21409.2	0.133671	80217.4	1354.2	1353.93
Na23	21409.2	0.140273	98045.2	9212.66	9212.43
Cl35	32564.6	0.196678	85816.5	4339.93	4339.58
proton	938.272	41.5431	75054.1	0	0
neutron	939.565	7.50765	75054.1	0	0
P33	30705.3	0.62499	75054.1	0	0
Cl35	32564.6	0.105172	95315	8063.4	8063.16
Na23	21409.2	0.129179	84540.6	3276.52	3276.35
Ne23	21414.1	0.227912	76506.9	0	0
Cl35	32564.6	0.0783152	78676.8	1208.28	1207.79
Cl35	32564.6	0.0821126	75577.5	115.576	115.476
S35	32565.3	0.146622	75375.5	0	0
Cl35	32564.6	0.137334	98589.7	9417.37	9417.13
S35	32565.3	0.146905	77529.8	0	0
Cl35	32564.6	0.0733816	96198	7735.65	7735.17
neutron	939.565	11.5663	77491.1	0	0
proton	938.272	2.30541	77491.1	0	0
neutron	939.565	2.15731	77491.1	0	0
neutron	939.565	0.553802	77491.1	0	0
P31	28844.2	0.216191	77491.1	0	0
neutron	939.565	358.446	95434.7	8101.58	7535.37
neutron	939.565	155.233	95434.7	8101.58	7535.37
proton	938.272	8.2904	95434.7	8101.58	7535.37
neutron	939.565	0.73042	95434.7	8101.58	7535.37
S33	30704.6	3.68601	95434.7	8101.58	7535.37
Cl37	34424.8	0.289482	81194.1	1826.46	1825.99
Cl35	32564.6	0.0770857	76633.4	128.758	128.452
neutron	939.565	1.2008	76422.5	0	0
S34	31632.7	0.260456	76422.5	0	0
Cl35	32564.6	0.100469	92011.3	6608.43	6608.29
Na23	21409.2	0.156542	82755.9	2914.52	2914.36
Cl35	32564.6	0.0699856	81267.6	1282.02	1281.51
proton	938.272	11.3858	77793.3	0	0
neutron	939.565	2.66185	77793.3	0	0
neutron	939.565	1.63631	77793.3	0	0
P32	29775.8	0.0839459	77793.3	0	0
Cl35	32564.6	0.11313	91450.9	6135.65	6135.46
Cl35	32564.6	0.312727	87772.6	5113.75	5113.28
Cl35	32564.6	0.249442	75095.2	25.9442	25.5122
Ne23	21414.1	0.231482	77552.8	0	0
neutron	939.565	4.06493	76543.2	0	0
alpha	3727.38	6.45364	76543.2	0	0
O18	16762	2.66964	76543.2	0	0
Ne23	21414.1	0.232668	78421.9	0	0
Na23	21409.2	0.122071	78215.6	679.604	679.408
neutron	939.565	0.657864	76431.3	0	0
Ne22	20479.7	0.176925	76431.3	0	0
neutron	939.565	18.0844	74693	0	0
neutron	939.565	7.90293	74693	0	0
proton	938.272	4.48767	74693	0	0
neutron	939.565	1.45008	74693	0	0
P31	28844.2	0.866348	74693	0	0
neutron	939.565	13.6271	75750.8	0	0
neutron	939.565	3.43306	75750.8	0	0
neutron	939.565	0.882145	75750.8	0	0
alpha	3727.38	4.50024	75750.8	0	0
O16	14895.1	1.24649	75750.8	0	0
Na23	21409.2	0.118533	99851.4	9940.32	9940.05
Cl35	32564.6	0.133624	91896.8	6269.68	6269.52
Na23	21409.2	0.297632	85010.8	3423.26	3422.83
neutron	939.565	2.57167	76322.9	0	0
Ne22	20479.7	0.0649762	76322.9	0	0
neutron	939.565	0.678572	75268.8	0	0
S34	31632.7	0.102227	75268.8	0	0
Na23	21409.2	0.144531	83239.6	2587.56	2587.29
neutron	939.565	3.25838	75851.1	0	0
proton	938.272	2.52259	75851.1	0	0
neutron	939.565	1.98079	75851.1	0	0
neutron	939.565	0.744464	75851.1	0	0
P31	28844.2	0.270537	75851.1	0	0
S35	32565.3	0.157944	76511.2	0	0
Na23	21409.2	0.190484	94708.3	7314.91	7314.42
Cl35	32564.6	0.0816665	82366.1	2133.38	2133.18
Na23	21409.2	0.115596	95022.7	7855.55	7855.34
Ne23	21414.1	0.234129	76345	0	0
Cl35	32564.6	0.0823386	87622.9	4101.6	4101.12
Cl35	32564.6	0.172718	87008.6	3813.46	3813
neutron	939.565	1.39364	77697.8	0	0
S36	33495	0.188578	77697.8	0	0
Cl35	32564.6	0.0876827	83577.7	1982.14	1981.82
neutron	939.565	5.14242	78699.2	0	0
neutron	939.565	4.15029	78699.2	0	0
neutron	939.565	4.05141	78699.2	0	0
Ne20	18617.7	0.518431	78699.2	0	0
Ne23	21414.1	0.214962	77201.3	0	0
neutron	939.565	4.52866	75367	0	0
neutron	939.565	0.373809	75367	0	0
Ne21	19550.5	0.538326	75367	0	0
neutron	939.565	3.30993	77518.3	0	0
neutron	939.565	2.76654	77518.3	0	0
neutron	939.565	2.73618	77518.3	0	0
Ne20	18617.7	0.659148	77518.3	0	0
Na23	21409.2	0.166074	87155.7	4494.83	4494.66
neutron	939.565	33.2211	76806.3	0	0
neutron	939.565	6.43881	76806.3	0	0
neutron	939.565	2.01659	76806.3	0	0
neutron	939.565	1.6554	76806.3	0	0
S33	30704.6	1.32701	76806.3	0	0
Na23	21409.2	0.11145	98146.4	9198.37	9198.2
Cl35	32564.6	0.1682	92257.5	6538.79	6538.38
neutron	939.565	0.777333	75581.6	0	0
S36	33495	0.231838	75581.6	0	0
Na23	21409.2	0.119833	76406.7	15.8138	15.5982
neutron	939.565	4.32429	76407.9	0	0
neutron	939.565	1.72975	76407.9	0	0
neutron	939.565	0.662141	76407.9	0	0
S34	31632.7	0.197376	76407.9	0	0
neutron	939.565	2.77437	75088.8	0	0
S34	31632.7	0.302037	75088.8	0	0
neutron	939.565	5.713	80098.9	0	0
proton	938.272	5.30438	80098.9	0	0
neutron	939.565	4.24412	80098.9	0	0
neutron	939.565	1.22371	80098.9	0	0
P31	28844.2	0.0262404	80098.9	0	0
Na23	21409.2	0.42737	97206.2	8888.44	8887.88
Na23	21409.2	0.197318	89296	5816.59	5816.18
neutron	939.565	0.704876	75620.4	0	0
S34	31632.7	0.275947	75620.4	0	0
Cl35	32564.6	0.0941213	98636.3	9456.46	9456.06
neutron	939.565	15.7642	76670.9	0	0
neutron	939.565	3.795	76670.9	0	0
Ne21	19550.5	0.962101	76670.9	0	0
Na23	21409.2	0.336712	94110.1	7019.62	7018.87
neutron	939.565	15.9529	78387.5	0	0
neutron	939.565	6.34592	78387.5	0	0
neutron	939.565	1.57774	78387.5	0	0
Ne20	18617.7	0.29843	78387.5	0	0
Na23	21409.2	0.118036	90118.9	5579.51	5579.36
Ne23	21414.1	0.206519	76425.8	0	0
S35	32565.3	0.162222	75106.6	0	0
Cl35	32564.6	0.164919	97009.4	8725.05	8724.58
Cl35	32564.6	0.0736299	92358.7	6805.78	6805.59
neutron	939.565	6.35174	75854.5	0	0
neutron	939.565	3.90086	75854.5	0	0
neutron	939.565	3.02573	75854.5	0	0
Ne20	18617.7	0.262906	75854.5	0	0
Na23	21409.2	0.140478	93402.3	7014.06	7013.91
Cl35	32564.6	0.10106	91570	6310.45	6310.34
neutron	939.565	5.92876	76418.3	0	0
neutron	939.565	0.843734	76418.3	0	0
neutron	939.565	0.268671	76418.3	0	0
S34	31632.7	0.161502	76418.3	0	0
neutron	939.565	2.12506	76576	0	0
Ne22	20479.7	0.361057	76576	0	0
Na23	21409.2	0.131653	96451	8507.62	8507.44
neutron	939.565	33.006	74851	0	0
neutron	939.565	10.2674	74851	0	0
neutron	939.565	3.51489	74851	0	0
Ne20	18617.7	0.998589	74851	0	0
Cl35	32564.6	0.0887911	83362.5	1258.68	1258.32
proton	938.272	6.4077	80069.7	0	0
proton	938.272	3.54677	80069.7	0	0
neutron	939.565	2.3262	80069.7	0	0
neutron	939.565	1.44717	80069.7	0	0
Si31	28846.2	0.397815	80069.7	0	0
Na23	21409.2	0.128279	80919.6	1883.91	1883.4
Cl35	32564.6	0.0693965	93311.8	6988.46	6987.9
Cl35	32564.6	0.10514	92498.6	6704.93	6704.79
Ne23	21414.1	0.223071	75134.5	0	0
Na23	21409.2	0.155488	89044.8	5574.57	5574.03
neutron	939.565	0.765101	76226.6	0	0
Ne22	20479.7	0.108021	76226.6	0	0
Na23	21409.2	0.211936	97624.9	8690.21	8689.95
neutron	939.565	3.30576	81101.9	0	0
neutron	939.565	2.78688	81101.9	0	0
S33	30704.6	0.187975	81101.9	0	0
Na23	21409.2	0.259891	77244.8	1006.75	1006.42
Ne23	21414.1	0.235293	74641.1	0	0
Ne23	21414.1	0.214468	78666.8	0	0
Ne23	21414.1	0.22996	76130.3	0	0
Cl35	32564.6	0.151606	77609.2	841.581	841.309
Na23	21409.2	0.137629	85034.6	2831.09	2830.88
S35	32565.3	0.136685	75386.3	0	0
Cl37	34424.8	0.410718	85615.9	3790.23	3789.74
neutron	939.565	0.407232	75822.4	0	0
S34	31632.7	0.144528	75822.4	0	0
Cl37	34424.8	0.0948603	95549.9	8161.41	8161.11
Na23	21409.2	0.229764	83838.2	3669.28	3668.9
Cl35	32564.6	0.0710995	79422.8	1989.65	1989.44
proton	938.272	4.09121	74307.6	0	0
neutron	939.565	2.17135	74307.6	0	0
neutron	939.565	0.826929	74307.6	0	0
P32	29775.8	0.0508156	74307.6	0	0
neutron	939.565	2.12301	76595.4	0	0
Ne22	20479.7	0.394138	76595.4	0	0
Cl35	32564.6	0.207414	91917.6	6341.32	6340.99
Cl35	32564.6	0.131231	78873.2	898.991	898.746
neutron	939.565	0.703238	76614.3	0	0
S36	33495	0.233266	76614.3	0	0
Cl37	34424.8	0.194969	89448.7	4993.56	4993.36
neutron	939.565	133.952	88157.5	4451.52	4224.56
neutron	939.565	57.8026	88157.5	4451.52	4224.56
proton	938.272	4.51388	88157.5	4451.52	4224.56
S32	29773.6	0.237025	88157.5	4451.52	4224.56
neutron	939.565	4.59056	77219.2	0	0
neutron	939.565	3.92273	77219.2	0	0
proton	938.272	2.80872	77219.2	0	0
neutron	939.565	2.75368	77219.2	0	0
P31	28844.2	0.484358	77219.2	0	0
Na23	21409.2	0.120412	95875.5	8172.45	8172.06
Cl35	32564.6	0.0685059	80183.3	1384.87	1384.74
Cl35	32564.6	0.072074	89245.7	5359.06	5358.65
neutron	939.565	27.0273	75788.9	0	0
neutron	939.565	9.49156	75788.9	0	0
neutron	939.565	4.73628	75788.9	0	0
alpha	3727.38	5.75968	75788.9	0	0
O16	14895.1	0.700229	75788.9	0	0
Cl35	32564.6	0.0783556	98731.2	9514.76	9514.68
neutron	939.565	1.27572	76120.3	0	0
S34	31632.7	0.228275	76120.3	0	0
Cl37	34424.8	0.13782	93921.6	7511.34	7511.09
Cl35	32564.6	0.184889	86842.6	4713.65	4713.44
proton	938.272	25.2591	75755.7	0	0
proton	938.272	17.4641	75755.7	0	0
neutron	939.565	4.84732	75755.7	0	0
O20	18629.6	1.88386	75755.7	0	0
Cl37	34424.8	0.174887	86096.2	3663.61	3663.39
Cl35	32564.6	0.0808943	82812.3	2447.79	2447.58
Na23	21409.2	0.16437	81600.2	1772.44	1772.04
Na23	21409.2	0.114515	77459.7	177.663	177.498
neutron	939.565	0.750221	77103	0	0
Ne22	20479.7	0.23611	77103	0	0
S35	32565.3	0.163206	76295.4	0	0
Cl35	32564.6	0.412794	85712.7	3389.65	3389.23
neutron	939.565	0.0313353	77074.7	0	0
S36	33495	0.133804	77074.7	0	0
Cl35	32564.6	0.0749303	92847.9	7184.34	7184.26
Cl37	34424.8	0.185047	91180	6505.14	6504.64
S35	32565.3	0.158533	74642.8	0	0
Cl35	32564.6	0.255075	93277.3	7099.23	7098.77
proton	938.272	1109.01	87981.1	4836.44	3056.32
proton	938.272	4.2029	87981.1	4836.44	3056.32
S33	30704.6	0.113551	87981.1	4836.44	3056.32
proton	938.272	14.4072	77065.1	0	0
proton	938.272	2.874	77065.1	0	0
neutron	939.565	2.20947	77065.1	0	0
neutron	939.565	1.88386	77065.1	0	0
Si31	28846.2	0.972393	77065.1	0	0
neutron	939.565	1.25138	79269.5	0	0
Ne22	20479.7	0.199242	79269.5	0	0
Cl37	34424.8	0.123294	91770.3	6895.3	6895.01
Cl35	32564.6	0.429316	89253.5	5974.32	5973.75
neutron	939.565	5.96843	78082.9	0	0
neutron	939.565	2.56756	78082.9	0	0
S33	30704.6	0.359026	78082.9	0	0
neutron	939.565	10.9317	83071.7	0	0
alpha	3727.38	10.6403	83071.7	0	0
O18	16762	3.4613	83071.7	0	0
Cl37	34424.8	0.0709377	96512.6	8615.58	8615.46
neutron	939.565	0.994044	74581.3	0	0
S36	33495	0.0527148	74581.3	0	0
Na23	21409.2	0.174995	94337	7365	7364.75
Cl35	32564.6	0.0736521	81125.7	1944.78	1944.54
Ne23	21414.1	0.230548	76018.5	0	0
Cl35	32564.6	0.0698667	77084.5	267.684	267.4
Cl35	32564.6	0.181772	85626.7	3842.57	3842.27
Na23	21409.2	0.201822	80705.1	1970.37	1970.07
Na23	21409.2	0.380121	95030.4	8014.41	8013.93
Cl35	32564.6	0.305323	86701.7	4608.03	4607.69
neutron	939.565	1.64947	75475.2	0	0
Ne22	20479.7	0.495604	75475.2	0	0
Na23	21409.2	0.497943	89377.5	5925.29	5924.64
Cl35	32564.6	0.122414	93055.2	7273.37	7273.21
Cl35	32564.6	0.103727	82147.8	2806.81	2806.52
neutron	939.565	22.915	74768.3	0	0
neutron	939.565	2.89089	74768.3	0	0
neutron	939.565	2.58617	74768.3	0	0
Ne20	18617.7	0.884064	74768.3	0	0
Na23	21409.2	0.564666	96574.3	8704.84	8704.2
Cl35	32564.6	0.075393	90955.8	6428.15	6427.72
S35	32565.3	0.143969	75376.5	0	0
neutron	939.565	11.0289	75372.1	0	0
neutron	939.565	8.92723	75372.1	0	0
neutron	939.565	6.58542	75372.1	0	0
proton	938.272	6.35072	75372.1	0	0
alpha	3727.38	5.93896	75372.1	0	0
Al27	25126.5	1.98899	75372.1	0	0
Ne23	21414.1	0.227904	76916.9	0	0
Na23	21409.2	0.176394	83425.3	2996.8	2996.4
neutron	939.565	0.0624574	75744.3	0	0
S34	31632.7	0.137769	75744.3	0	0
Na23	21409.2	1.47013	95171.3	8127.48	8125.9
Na23	21409.2	0.171343	74439	95.6767	95.4003
neutron	939.565	5.56795	74300.5	0	0
S34	31632.7	0.339174	74300.5	0	0
Na23	21409.2	0.28217	97125.1	8752.46	8751.67
proton	938.272	158.623	95625.2	8160.75	7679.77
S34	31632.7	0.0316899	95625.2	8160.75	7679.77
neutron	939.565	9.14003	76354.3	0	0
proton	938.272	5.17403	76354.3	0	0
neutron	939.565	3.26242	76354.3	0	0
P32	29775.8	0.771691	76354.3	0	0
Cl35	32564.6	0.175403	98753.3	9411.16	9410.98
Na23	21409.2	0.204744	74623.3	25.0023	24.6708
neutron	939.565	13.8419	74616.1	0	0
neutron	939.565	5.39403	74616.1	0	0
proton	938.272	5.37358	74616.1	0	0
neutron	939.565	4.76578	74616.1	0	0
P31	28844.2	0.717131	74616.1	0	0
Cl37	34424.8	0.14482	81658.1	2475.59	2475.4
neutron	939.565	4.13158	75130.8	0	0
neutron	939.565	2.23803	75130.8	0	0
neutron	939.565	1.63429	75130.8	0	0
S34	31632.7	0.234736	75130.8	0	0
Na23	21409.2	0.121857	81863.1	2592.52	2592.28
Na23	21409.2	0.169774	77132.2	781.782	781.587
Na23	21409.2	0.115462	91393.2	6076.8	6076.51
Na23	21409.2	0.104754	79866.8	1563.24	1563.05
neutron	939.565	9.00307	75547	0	0
neutron	939.565	7.76225	75547	0	0
neutron	939.565	3.30855	75547	0	0
Ne20	18617.7	0.448369	75547	0	0
Cl35	32564.6	0.376638	82596.9	2194.17	2193.34
neutron	939.565	0.129871	77027.2	0	0
S34	31632.7	0.148848	77027.2	0	0
Cl35	32564.6	0.932698	99568.7	9801.09	9800.12
Cl35	32564.6	0.147503	78900.1	1386.21	1386.05
neutron	939.565	12.1384	76498.9	0	0
proton	938.272	10.8522	76498.9	0	0
proton	938.272	3.24976	76498.9	0	0
neutron	939.565	1.59686	76498.9	0	0
neutron	939.565	0.903258	76498.9	0	0
Si30	27913.2	0.934997	76498.9	0	0
Na23	21409.2	0.180161	90978.3	6446.16	6445.72
neutron	939.565	46.8939	92163.2	6940.48	6735.19
proton	938.272	38.9884	92163.2	6940.48	6735.19
neutron	939.565	22.0326	92163.2	6940.48	6735.19
neutron	939.565	19.262	92163.2	6940.48	6735.19
proton	938.272	11.4067	92163.2	6940.48	6735.19
proton	938.272	3.68567	92163.2	6940.48	6735.19
O17	15830.5	4.38198	92163.2	6940.48	6735.19
Cl35	32564.6	0.0693306	83518.9	3421.25	3421.04
Ne23	21414.1	0.233854	74616.4	0	0
Cl35	32564.6	0.076145	93404.2	6737.66	6737.52
Na23	21409.2	0.159614	90126.6	5456.78	5456.6
neutron	939.565	5.08192	76090.3	0	0
neutron	939.565	1.28338	76090.3	0	0
Ne21	19550.5	0.160716	76090.3	0	0
Ne23	21414.1	0.225246	74921	0	0
Cl35	32564.6	0.0955854	94206.7	7512.93	7512.66
Cl35	32564.6	0.115884	77060	666.278	665.887
neutron	939.565	8.68176	80032.8	0	0
neutron	939.565	2.18232	80032.8	0	0
neutron	939.565	0.164691	80032.8	0	0
Ne20	18617.7	0.474743	80032.8	0	0
Cl35	32564.6	0.165272	84708.5	2830.13	2829.94
Cl35	32564.6	0.0781961	86377.2	3842.57	3842.46
Cl35	32564.6	0.320744	91702.4	6007.02	6006.54
Cl35	32564.6	0.131279	82361.9	1253.58	1253.41
S37	34430.2	0.137281	78900.8	0	0
Cl35	32564.6	0.301816	99576.5	9789.17	9788.55
Cl35	32564.6	0.153522	83503.4	3049.85	3049.65
Cl37	34424.8	0.199855	95970.7	8005.13	8004.87
Cl35	32564.6	0.289	92935.9	6563.04	6562.64
Cl35	32564.6	0.109395	89959	5715.82	5715.57
neutron	939.565	5.95132	75149.3	0	0
alpha	3727.38	7.15303	75149.3	0	0
O18	16762	3.24226	75149.3	0	0
Cl37	34424.8	0.129005	96518.4	8437.73	8437.47
neutron	939.565	5.27919	76029.6	0	0
neutron	939.565	3.55372	76029.6	0	0
Ne21	19550.5	0.405127	76029.6	0	0
Na23	21409.2	0.141899	91004.1	5483.55	5483.31
Cl35	32564.6	0.118897	81117.8	1390.91	1390.76
Cl35	32564.6	0.283744	80602.3	1221.67	1221.35
neutron	939.565	1.29021	77286	0	0
S34	31632.7	0.309977	77286	0	0
Na23	21409.2	0.197484	77063.4	33.7201	33.4804
Cl35	32564.6	0.0686254	97211.2	7523.33	7522.89
neutron	939.565	0.448356	78953.5	0	0
S34	31632.7	0.118681	78953.5	0	0
Ne23	21414.1	0.221441	76618.8	0	0
Na23	21409.2	0.337081	99559.9	9763.62	9763.12
neutron	939.565	2.6095	75643.3	0	0
S34	31632.7	0.0636532	75643.3	0	0
Cl37	34424.8	0.0892071	81928.2	651.07	650.98
neutron	939.565	0.485914	80185.8	0	0
S34	31632.7	0.107092	80185.8	0	0
neutron	939.565	4.35219	75210	0	0
neutron	939.565	1.67324	75210	0	0
neutron	939.565	0.503294	75210	0	0
Ne20	18617.7	0.875589	75210	0	0
neutron	939.565	11.0936	74929.7	0	0
proton	938.272	9.94939	74929.7	0	0
neutron	939.565	2.80502	74929.7	0	0
neutron	939.565	2.10036	74929.7	0	0
P31	28844.2	1.45005	74929.7	0	0
Cl35	32564.6	0.0960379	77766.6	397.899	397.611
Cl35	32564.6	0.0677744	76965.5	109.637	109.532
neutron	939.565	14.7845	77720.4	0	0
neutron	939.565	4.607	77720.4	0	0
neutron	939.565	0.828919	77720.4	0	0
S34	31632.7	0.684831	77720.4	0	0
neutron	939.565	9.4462	75509.8	0	0
neutron	939.565	5.52444	75509.8	0	0
neutron	939.565	4.33057	75509.8	0	0
proton	938.272	3.33152	75509.8	0	0
neutron	939.565	2.84499	75509.8	0	0
neutron	939.565	2.68312	75509.8	0	0
P31	28844.2	1.1642	75509.8	0	0
Na23	21409.2	0.102939	77930.1	777.694	777.499
S37	34430.2	0.134301	75840.1	0	0
Na23	21409.2	0.119682	86942.7	4603.53	4602.77
neutron	939.565	1.8566	75251.8	0	0
Ne22	20479.7	0.492516	75251.8	0	0
Na23	21409.2	0.127926	89370.9	4572.39	4572.25
Ne23	21414.1	0.216857	78080.4	0	0
Na23	21409.2	0.235702	79739.2	1815.07	1814.77
proton	938.272	8.86523	74985.1	0	0
neutron	939.565	2.93743	74985.1	0	0
neutron	939.565	0.991128	74985.1	0	0
triton	2808.92	16.9932	74985.1	0	0
O17	15830.5	3.19975	74985.1	0	0
Na23	21409.2	0.255941	92565.4	7017.41	7016.62
neutron	939.565	0.216656	75680.8	0	0
Ne22	20479.7	0.14886	75680.8	0	0
Cl35	32564.6	0.27504	91856.7	6618.22	6617.93
Na23	21409.2	2.14236	89181.5	5562.54	5560.18
Cl35	32564.6	0.0820316	82200.4	2825.18	2825.07
Cl35	32564.6	0.0820727	81322	2421.81	2421.68
neutron	939.565	0.723258	75038.2	0	0
S34	31632.7	0.230067	75038.2	0	0
neutron	939.565	2.31997	76420.3	0	0
neutron	939.565	1.68466	76420.3	0	0
neutron	939.565	0.9817	76420.3	0	0
alpha	3727.38	12.0252	76420.3	0	0
alpha	3727.38	1.9396	76420.3	0	0
C12	11174.9	6.19019	76420.3	0	0
neutron	939.565	16.9306	75818.3	0	0
neutron	939.565	5.41686	75818.3	0	0
deuteron	1875.61	4.63525	75818.3	0	0
F19	17692.3	3.40754	75818.3	0	0
Cl35	32564.6	0.0866629	99775.1	9916.72	9916.37
neutron	939.565	31.4758	76918.1	0	0
neutron	939.565	4.08974	76918.1	0	0
proton	938.272	3.15089	76918.1	0	0
P34	31638.6	0.353893	76918.1	0	0
Na23	21409.2	0.116689	94959.7	7618.01	7617.79
Na23	21409.2	0.10995	78794.8	1083.74	1083.48
S37	34430.2	0.138779	76113.2	0	0
neutron	939.565	3.75546	77034.5	0	0
S34	31632.7	0.238905	77034.5	0	0
Na23	21409.2	0.173732	79994.8	48.0704	47.732
Cl35	32564.6	0.270564	97866.6	8985.9	8985.62
Cl35	32564.6	0.0756435	93632.6	6962.34	6962.14
Na23	21409.2	0.109417	82625.4	2707.77	2707.57
Na23	21409.2	0.148384	77072.7	585.272	584.964
neutron	939.565	27.7807	75503.4	0	0
neutron	939.565	24.7282	75503.4	0	0
neutron	939.565	6.6541	75503.4	0	0
S32	29773.6	0.305954	75503.4	0	0
S35	32565.3	0.157474	79376.5	0	0
Ne23	21414.1	0.228699	75262.1	0	0
Ne23	21414.1	0.205158	75328.6	0	0
Cl35	32564.6	0.0917465	77551.4	763.707	763.541
Cl35	32564.6	0.0760583	95366.1	8253.88	8253.74
neutron	939.565	0.569357	74878.3	0	0
S34	31632.7	0.235575	74878.3	0	0
Na23	21409.2	0.139801	92025.6	6414.03	6413.47
Cl35	32564.6	0.149017	82918.4	2576.88	2576.71
S35	32565.3	0.159638	75879.4	0	0
Na23	21409.2	0.137081	91621.7	6767.8	6767.55
Cl37	34424.8	0.117227	86221	4347.67	4347.52
neutron	939.565	2.38332	75259.3	0	0
neutron	939.565	1.20478	75259.3	0	0
neutron	939.565	0.993567	75259.3	0	0
S34	31632.7	0.438862	75259.3	0	0
neutron	939.565	22.3188	77787.7	0	0
neutron	939.565	6.67933	77787.7	0	0
neutron	939.565	0.875453	77787.7	0	0
alpha	3727.38	3.20405	77787.7	0	0
O16	14895.1	3.66234	77787.7	0	0
Cl35	32564.6	0.0689221	81404.5	2070.35	2070.23
Ne23	21414.1	0.211629	75167.6	0	0
neutron	939.565	7.82531	75379.7	0	0
neutron	939.565	5.80165	75379.7	0	0
alpha	3727.38	13.7172	75379.7	0	0
O17	15830.5	2.48528	75379.7	0	0
Cl35	32564.6	0.100475	84486.5	2774.66	2774.48
Cl37	34424.8	0.0707441	92338.1	6588.82	6588.57
neutron	939.565	25.8739	76216.8	0	0
proton	938.272	1.87814	76216.8	0	0
neutron	939.565	0.0314459	76216.8	0	0
F20	18625.3	1.46025	76216.8	0	0
proton	938.272	13.2247	75874.2	0	0
neutron	939.565	6.50699	75874.2	0	0
F21	19556.7	0.284961	75874.2	0	0
Cl35	32564.6	0.0930505	76009.7	200.237	200.094
Cl37	34424.8	0.290131	98767.4	9310.33	9309.76
Na23	21409.2	0.327928	78563.1	1150.22	1149.84
Na23	21409.2	0.394714	78385.1	691.018	690.564
Cl35	32564.6	0.12477	98049.5	9177.53	9177.13
neutron	939.565	2.82573	75036.3	0	0
neutron	939.565	0.777333	75036.3	0	0
Ne21	19550.5	0.0756819	75036.3	0	0
Cl37	34424.8	0.118183	81628	1579.1	1578.78
neutron	939.565	4.26419	75306.6	0	0
Ne22	20479.7	0.196635	75306.6	0	0
neutron	939.565	2.00263	76621.6	0	0
Ne22	20479.7	0.172948	76621.6	0	0
Cl35	32564.6	0.182317	83164.5	2210.24	2209.93
neutron	939.565	0.964556	75531	0	0
S34	31632.7	0.184112	75531	0	0
neutron	939.565	1.64356	74887.6	0	0
S34	31632.7	0.170222	74887.6	0	0
Na23	21409.2	0.221504	83692.4	2887.58	2886.94
Na23	21409.2	0.279426	78703.5	994.619	994.273
Na23	21409.2	0.144541	80769	2464.26	2464
Ne23	21414.1	0.230849	75045.2	0	0
Na23	21409.2	0.263636	97239.1	8925.75	8925.45
Ne23	21414.1	0.226624	75799.7	0	0
Cl35	32564.6	0.147434	92631.8	6600.47	6600.19
Ne23	21414.1	0.221354	77739.8	0	0
Cl35	32564.6	0.118361	83160.5	2685.19	2684.79
Ne23	21414.1	0.23217	76595.3	0	0
Na23	21409.2	0.103584	85265.6	4177.88	4177.72
Na23	21409.2	0.103659	90316.7	5499.06	5498.77
neutron	939.565	2.96926	76776.3	0	0
neutron	939.565	1.56908	76776.3	0	0
Ne21	19550.5	0.716012	76776.3	0	0
Cl37	34424.8	0.0738105	94906.8	7681.18	7680.96
Cl35	32564.6	0.0858493	80596.3	921.94	921.447
Cl35	32564.6	0.130456	85770.9	4272.28	4272.15
neutron	939.565	23.7646	76102.8	0	0
neutron	939.565	3.5795	76102.8	0	0
neutron	939.565	1.01391	76102.8	0	0
S34	31632.7	1.10146	76102.8	0	0
proton	938.272	39.7099	76430.3	0	0
neutron	939.565	3.10866	76430.3	0	0
neutron	939.565	0.856439	76430.3	0	0
P32	29775.8	1.16252	76430.3	0	0
Cl35	32564.6	0.255986	78629.7	143.645	143.093
neutron	939.565	1.61293	78356.7	0	0
S34	31632.7	0.225466	78356.7	0	0
neutron	939.565	6.72901	74949.4	0	0
neutron	939.565	2.92658	74949.4	0	0
Ne21	19550.5	0.79351	74949.4	0	0
Na23	21409.2	0.576771	98310.6	9354.39	9353.74
neutron	939.565	2.81294	79084.4	0	0
neutron	939.565	1.8695	79084.4	0	0
neutron	939.565	1.67963	79084.4	0	0
Ne20	18617.7	0.18845	79084.4	0	0
Cl35	32564.6	0.0920012	96828.9	7437.07	7436.94
neutron	939.565	5.16085	79300.9	0	0
neutron	939.565	1.05859	79300.9	0	0
neutron	939.565	0.365364	79300.9	0	0
Ne20	18617.7	0.390947	79300.9	0	0
Ne23	21414.1	0.221528	76066.4	0	0
neutron	939.565	0.1229	75251.1	0	0
S34	31632.7	0.176995	75251.1	0	0
neutron	939.565	5.84076	74543.5	0	0
neutron	939.565	4.03838	74543.5	0	0
neutron	939.565	1.028	74543.5	0	0
Ne20	18617.7	0.455426	74543.5	0	0
Cl35	32564.6	0.129552	84229.1	3545.88	3545.73
neutron	939.565	53.1637	75787.6	0	0
proton	938.272	4.35509	75787.6	0	0
proton	938.272	3.99245	75787.6	0	0
Si32	29776.6	2.89626	75787.6	0	0
Cl37	34424.8	0.0686799	94113	7768.8	7768.69
neutron	939.565	13.3435	74498.9	0	0
alpha	3727.38	7.18981	74498.9	0	0
Si30	27913.2	0.261138	74498.9	0	0
Na23	21409.2	0.139757	86490	4564.17	4563.33
neutron	939.565	5.23855	75336.1	0	0
S34	31632.7	0.502812	75336.1	0	0
neutron	939.565	0.83663	75168.2	0	0
S34	31632.7	0.23893	75168.2	0	0
neutron	939.565	5.96197	76483.5	0	0
neutron	939.565	0.911371	76483.5	0	0
neutron	939.565	0.470659	76483.5	0	0
S34	31632.7	0.322822	76483.5	0	0
Na23	21409.2	2.01272	92863.1	6782.32	6780.07
Na23	21409.2	0.152766	89827.4	5545.96	5545.75
neutron	939.565	0.363715	76625.3	0	0
Ne22	20479.7	0.224404	76625.3	0	0
proton	938.272	356.458	99954.6	9980.39	9505.16
proton	938.272	90.7165	99954.6	9980.39	9505.16
F21	19556.7	0.366647	99954.6	9980.39	9505.16
Cl35	32564.6	0.32817	91777.7	6254.78	6254.44
neutron	939.565	6.85672	76768	0	0
Ne22	20479.7	0.548995	76768	0	0
Cl35	32564.6	0.125441	87798.5	4564.72	4564.07
Na23	21409.2	0.141093	84766.2	3408.09	3407.92
neutron	939.565	1.14521	75948	0	0
S36	33495	0.0837578	75948	0	0
neutron	939.565	29.4893	74643.3	0	0
neutron	939.565	14.3443	74643.3	0	0
neutron	939.565	3.42748	74643.3	0	0
S32	29773.6	0.265942	74643.3	0	0
Na23	21409.2	0.107502	97307.8	8872.9	8872.77
Na23	21409.2	0.274062	90187.9	5998.02	5997.47
Na23	21409.2	0.138492	85751.8	4254.91	4254.49
Na23	21409.2	0.233378	75895.4	345.223	344.819
Na23	21409.2	0.128011	97732.7	9004.96	9004.66
proton	938.272	11.8835	76103.8	0	0
neutron	939.565	6.44823	76103.8	0	0
proton	938.272	4.00895	76103.8	0	0
neutron	939.565	2.42696	76103.8	0	0
neutron	939.565	2.15114	76103.8	0	0
neutron	939.565	1.87425	76103.8	0	0
neutron	939.565	1.08732	76103.8	0	0
Si28	26053.2	1.81498	76103.8	0	0
Na23	21409.2	0.116236	95781.9	8116.07	8115.86
Cl35	32564.6	0.102558	98045	9159.49	9159.36
Cl35	32564.6	0.0783963	90802.2	6190.85	6190.77
Na23	21409.2	0.157739	77788.6	118.417	117.998
neutron	939.565	0.572936	77570.5	0	0
S34	31632.7	0.139681	77570.5	0	0
Ne23	21414.1	0.230091	77138.7	0	0
Na23	21409.2	0.423565	92281	6075.88	6074.84
Cl35	32564.6	0.0669227	98387.4	9359.25	9358.91
Na23	21409.2	0.398727	90345.6	6129.7	6129.23
Na23	21409.2	0.286634	80118.2	1835.82	1835.33
neutron	939.565	4.21079	75155.3	0	0
Ne22	20479.7	0.123861	75155.3	0	0
Cl35	32564.6	0.285895	99627	9727.95	9727.48
Na23	21409.2	0.147963	86627.2	4208.17	4207.91
Cl35	32564.6	0.159394	84266.2	3349.47	3349.26
S35	32565.3	0.146481	76506.2	0	0
Cl37	34424.8	0.112845	82133.4	1938.45	1937.97
proton	938.272	3.59089	77013.7	0	0
neutron	939.565	0.941663	77013.7	0	0
F21	19556.7	0.0140454	77013.7	0	0
Cl35	32564.6	0.0711861	95831.6	8190.17	8190.05
proton	938.272	18.0369	75200.8	0	0
neutron	939.565	0.452437	75200.8	0	0
F21	19556.7	0.447804	75200.8	0	0
Na23	21409.2	0.268485	76387.9	176.673	176.138
S35	32565.3	0.147714	76037.8	0	0
Na23	21409.2	0.215377	75666.3	149.005	148.778
Cl35	32564.6	0.0667719	85967.4	3824.91	3824.82
S37	34430.2	0.140135	75651	0	0
neutron	939.565	6.10415	75536.4	0	0
S34	31632.7	0.320981	75536.4	0	0
Cl35	32564.6	0.111016	84188.5	2589.52	2589.37
S35	32565.3	0.156862	74555.4	0	0
Cl35	32564.6	0.11416	94913.1	7976.83	7976.49
neutron	939.565	3.19871	77270.3	0	0
S34	31632.7	0.424816	77270.3	0	0
proton	938.272	14.4644	78437	0	0
neutron	939.565	10.4967	78437	0	0
proton	938.272	4.02928	78437	0	0
Si32	29776.6	0.318356	78437	0	0
neutron	939.565	5.37169	75555.5	0	0
S34	31632.7	0.211753	75555.5	0	0
neutron	939.565	0.182508	76350.2	0	0
S34	31632.7	0.110779	76350.2	0	0
Na23	21409.2	0.307589	85684.3	3852.54	3851.97
proton	938.272	148.301	82260.3	2340.19	2064.36
proton	938.272	100.325	82260.3	2340.19	2064.36
F21	19556.7	0.339888	82260.3	2340.19	2064.36
Ne23	21414.1	0.216677	76602	0	0
neutron	939.565	34.5351	76157.7	0	0
neutron	939.565	3.59978	76157.7	0	0
proton	938.272	3.35277	76157.7	0	0
neutron	939.565	0.18841	76157.7	0	0
P31	28844.2	0.986662	76157.7	0	0
neutron	939.565	2.33065	77185.6	0	0
Ne22	20479.7	0.212324	77185.6	0	0
Cl35	32564.6	0.0790794	85712.7	3802.22	3801.94
S35	32565.3	0.153817	76472.2	0	0
Na23	21409.2	0.276224	91517.9	6115.19	6114.91
Ne23	21414.1	0.213003	76616.2	0	0
neutron	939.565	30.0035	76941.9	0	0
neutron	939.565	1.73466	76941.9	0	0
neutron	939.565	0.0620827	76941.9	0	0
Ne20	18617.7	1.18085	76941.9	0	0
Na23	21409.2	0.147754	83634.2	1961.22	1961.04
proton	938.272	4.21444	77511.2	0	0
neutron	939.565	1.73302	77511.2	0	0
neutron	939.565	1.1028	77511.2	0	0
deuteron	1875.61	18.6885	77511.2	0	0
O18	16762	2.14231	77511.2	0	0
neutron	939.565	6.08774	76191.4	0	0
neutron	939.565	2.35269	76191.4	0	0
neutron	939.565	0.507163	76191.4	0	0
Ne20	18617.7	0.15294	76191.4	0	0
neutron	939.565	1.23597	75683.9	0	0
S34	31632.7	0.167551	75683.9	0	0
Na23	21409.2	0.917363	85544.1	3756.32	3755.08
neutron	939.565	11.393	75281.3	0	0
alpha	3727.38	12.7839	75281.3	0	0
O18	16762	1.20725	75281.3	0	0
neutron	939.565	0.635327	76036.2	0	0
Ne22	20479.7	0.117511	76036.2	0	0
Ne23	21414.1	0.226801	76256.7	0	0
neutron	939.565	0.628735	75149.8	0	0
S36	33495	0.222219	75149.8	0	0
Ne23	21414.1	0.232899	75825.4	0	0
Cl35	32564.6	0.187623	74955.5	125.167	124.902
Cl35	32564.6	0.0774056	89073.3	5290.22	5289.98
neutron	939.565	0.04827	79960.8	0	0
S34	31632.7	0.140777	79960.8	0	0
Cl37	34424.8	0.142408	87919.6	4890.25	4889.86
Ne23	21414.1	0.22605	76017.6	0	0
Cl35	32564.6	0.0975569	94211.5	6927.3	6926.99
Cl35	32564.6	0.178575	83347.4	2292.06	2291.66
Cl37	34424.8	0.144366	77956.3	382.211	381.926
neutron	939.565	0.074276	76964.5	0	0
S34	31632.7	0.148759	76964.5	0	0
neutron	939.565	0.655265	75207.4	0	0
S34	31632.7	0.12909	75207.4	0	0
Cl35	32564.6	0.141852	79144.9	1170.5	1170.26
proton	938.272	15.5581	76038.2	0	0
neutron	939.565	12.173	76038.2	0	0
neutron	939.565	0.166367	76038.2	0	0
F20	18625.3	0.77761	76038.2	0	0
Cl37	34424.8	0.205275	91641.7	6608.16	6607.83
Na23	21409.2	0.159018	78860.4	1586.75	1586.44
Cl37	34424.8	0.492366	77643.9	1151.89	1151.34
Ne23	21414.1	0.203425	74615.5	0	0
Cl35	32564.6	0.084943	83869.2	2693.54	2693.36
neutron	939.565	1.9835	77339	0	0
S36	33495	0.234549	77339	0	0
Na23	21409.2	0.104517	80603.7	2158.77	2158.59
Ne23	21414.1	0.215053	74924.8	0	0
Cl35	32564.6	0.146595	94457	7667.23	7666.88
Cl35	32564.6	0.520583	77814.8	421.705	420.943
neutron	939.565	0.658552	76842.9	0	0
S36	33495	0.0987497	76842.9	0	0
S35	32565.3	0.143977	75126.9	0	0
neutron	939.565	1.6178	76912.5	0	0
S34	31632.7	0.0806829	76912.5	0	0
Cl35	32564.6	0.0912538	94654.5	7646.57	7646.43
Cl37	34424.8	0.458877	95541.4	7725.52	7724.84
Cl35	32564.6	0.0991648	86850.1	2240.79	2240.61
neutron	939.565	9.45692	80893.4	0	0
neutron	939.565	9.34651	80893.4	0	0
neutron	939.565	0.722533	80893.4	0	0
alpha	3727.38	7.0015	80893.4	0	0
Si28	26053.2	0.807534	80893.4	0	0
S35	32565.3	0.156132	77727.1	0	0
Cl35	32564.6	0.185031	84719.2	3552.62	3551.9
Cl35	32564.6	0.0699381	81342.8	2110.47	2110.27
neutron	939.565	2.06043	76085.9	0	0
S34	31632.7	0.324449	76085.9	0	0
Na23	21409.2	0.166571	81417.9	2075.8	2075.08
Ne23	21414.1	0.222558	75736.7	0	0
neutron	939.565	0.642181	75459.6	0	0
Ne22	20479.7	0.249509	75459.6	0	0
Na23	21409.2	0.267453	97825.7	8919.47	8919.18
Na23	21409.2	0.224354	83300.3	2886.35	2886.08
S35	32565.3	0.143983	76128	0	0
neutron	939.565	0.312737	75357.1	0	0
S34	31632.7	0.193795	75357.1	0	0
Cl37	34424.8	0.0895996	86472.4	4610.04	4609.88
Cl37	34424.8	0.169182	93759	7627.58	7627.26
neutron	939.565	2.85324	75890.7	0	0
S34	31632.7	0.30219	75890.7	0	0
Na23	21409.2	0.212177	82726.6	1149.27	1148.82
neutron	939.565	0.911265	76350.3	0	0
S34	31632.7	0.18602	76350.3	0	0
Cl37	34424.8	0.111406	82495.8	2496.31	2496.09
neutron	939.565	0.356314	74687.3	0	0
S34	31632.7	0.0801121	74687.3	0	0
Na23	21409.2	0.142743	76518.9	519.724	519.27
Na23	21409.2	0.112147	94398.2	7839.89	7839.53
proton	938.272	11.0378	77141.6	0	0
neutron	939.565	0.457178	77141.6	0	0
P33	30705.3	0.467946	77141.6	0	0
neutron	939.565	1.95853	78489.7	0	0
Ne22	20479.7	0.2551	78489.7	0	0
Cl35	32564.6	0.160837	94641.9	7800.24	7799.91
S35	32565.3	0.135036	75758.7	0	0
proton	938.272	13.9026	76353.5	0	0
proton	938.272	4.7303	76353.5	0	0
neutron	939.565	4.11012	76353.5	0	0
neutron	939.565	3.8191	76353.5	0	0
neutron	939.565	3.8109	76353.5	0	0
Si30	27913.2	1.85754	76353.5	0	0
Na23	21409.2	0.102996	92978.4	6618.35	6618.07
Na23	21409.2	0.125444	81722.9	2211.34	2210.85
neutron	939.565	24.0547	75829.7	0	0
neutron	939.565	3.08159	75829.7	0	0
neutron	939.565	1.5718	75829.7	0	0
S34	31632.7	0.235789	75829.7	0	0
Cl35	32564.6	0.0734326	77743.9	176.943	176.727
Na23	21409.2	0.121348	95942.5	7980.2	7980.03
Ne23	21414.1	0.2275	76515.3	0	0
neutron	939.565	1.57074	75061.1	0	0
S34	31632.7	0.0467744	75061.1	0	0
Cl35	32564.6	0.0839812	90486.2	6289.81	6289.69
Cl35	32564.6	0.279455	90156.1	6135.2	6134.87
Na23	21409.2	0.174371	77154.7	924.78	924.589
Ne23	21414.1	0.21296	74571.2	0	0
Cl35	32564.6	0.0896384	93508	7317.25	7317.1
Cl35	32564.6	0.163873	92569	6981.04	6980.79
Cl37	34424.8	0.348846	81578.5	2288.88	2288.49
Cl35	32564.6	0.102358	81403.6	2228.84	2228.61
Cl35	32564.6	0.0806086	78473	1157.9	1157.78
Cl35	32564.6	0.0932394	88606	5327.24	5327.13
Ne23	21414.1	0.219267	75048.8	0	0
Na23	21409.2	0.1107	96169.9	8483.22	8483
Cl35	32564.6	0.188014	90932.1	6424.48	6424.28
Cl35	32564.6	0.222343	86434.9	4362.81	4362.55
Na23	21409.2	0.723559	84709.9	3692.42	3691.68
Cl35	32564.6	0.0883509	77537.8	788.001	787.862
neutron	939.565	2.72539	75378.5	0	0
S34	31632.7	0.304186	75378.5	0	0
neutron	939.565	30.2035	75618.1	0	0
neutron	939.565	2.94008	75618.1	0	0
neutron	939.565	1.26501	75618.1	0	0
Ne20	18617.7	2.24798	75618.1	0	0
Ne23	21414.1	0.215452	75392.9	0	0
Ne23	21414.1	0.235053	84609.8	0	0
Cl37	34424.8	0.0674419	76883.5	73.3704	73.2036
neutron	939.565	9.08996	76788.4	0	0
proton	938.272	4.83593	76788.4	0	0
neutron	939.565	4.67828	76788.4	0	0
neutron	939.565	2.83136	76788.4	0	0
P31	28844.2	0.3862	76788.4	0	0
proton	938.272	7.76863	75537.6	0	0
proton	938.272	6.68316	75537.6	0	0
neutron	939.565	3.69395	75537.6	0	0
neutron	939.565	2.63436	75537.6	0	0
neutron	939.565	0.765043	75537.6	0	0
Si30	27913.2	0.871315	75537.6	0	0
neutron	939.565	7.06176	76784.3	0	0
neutron	939.565	0.348943	76784.3	0	0
S35	32565.3	0.074904	76784.3	0	0
Cl35	32564.6	0.0985596	99274	9703.01	9702.53
Cl35	32564.6	0.398482	84175.4	2078.64	2078.11
neutron	939.565	2.84393	78631.6	0	0
alpha	3727.38	6.618	78631.6	0	0
Si30	27913.2	0.540281	78631.6	0	0
Na23	21409.2	0.175063	89455.8	4750.35	4750.03
Ne23	21414.1	0.205469	76590.4	0	0
Na23	21409.2	0.147904	97427	8937.94	8937.75
Cl35	32564.6	0.0832944	85441.8	3842.84	3842.74
Ne23	21414.1	0.23226	77595.4	0	0
Na23	21409.2	0.148455	97165.9	8840.49	8840.3
S35	32565.3	0.160833	75953.3	0	0
Ne23	21414.1	0.228039	75477.6	0	0
Cl35	32564.6	0.122806	96558.5	8512.19	8511.97
Cl35	32564.6	0.106612	84393	3460.91	3460.5
neutron	939.565	0.964114	75241.9	0	0
S34	31632.7	0.173489	75241.9	0	0
Na23	21409.2	0.402406	76785.9	773.701	773.261
proton	938.272	4.29944	75041.1	0	0
neutron	939.565	4.12527	75041.1	0	0
neutron	939.565	1.05384	75041.1	0	0
neutron	939.565	0.815056	75041.1	0	0
triton	2808.92	12.508	75041.1	0	0
O16	14895.1	2.01973	75041.1	0	0
Cl35	32564.6	0.0695089	95755.6	8150.81	8150.36
Cl35	32564.6	0.0785781	94130.7	7525.01	7524.78
Cl35	32564.6	0.0706283	89646.9	5415.73	5415.57
neutron	939.565	0.013858	75886.3	0	0
S34	31632.7	0.136485	75886.3	0	0
Na23	21409.2	0.325134	94053.3	7636.83	7636.47
neutron	939.565	0.411002	76624.6	0	0
Ne22	20479.7	0.129227	76624.6	0	0
Cl35	32564.6	0.0710455	86619.4	3213.62	3213.49
Na23	21409.2	0.225251	83133.3	2511.59	2511.17
neutron	939.565	3.53722	76646.3	0	0
S34	31632.7	0.196167	76646.3	0	0
neutron	939.565	2.57729	75681.5	0	0
Ne22	20479.7	0.61034	75681.5	0	0
Cl37	34424.8	0.11437	90266.8	5778.08	5777.9
Na23	21409.2	0.250342	98612.4	9134.23	9132.95
Na23	21409.2	0.109949	78065.3	380.593	380.483
Cl35	32564.6	0.195916	95988.6	8360.28	8359.73
Cl35	32564.6	0.178954	76202.8	385.498	385.179
neutron	939.565	0.0694742	77756.8	0	0
S34	31632.7	0.136731	77756.8	0	0
Na23	21409.2	0.250823	76662.3	99.9756	99.591
neutron	939.565	0.480829	76500.6	0	0
S34	31632.7	0.215125	76500.6	0	0
Na23	21409.2	0.244593	79703.3	1056.99	1056.71
Na23	21409.2	1.44034	96995.8	8649.65	8647.94
Ne23	21414.1	0.234027	75676.5	0	0
Na23	21409.2	0.20856	81652.5	2202.47	2202.13
neutron	939.565	0.219699	76060.7	0	0
Ne22	20479.7	0.178634	76060.7	0	0
Na23	21409.2	0.131614	98707.7	9512.74	9512.55
Na23	21409.2	0.169128	93388.4	7125.36	7125.19
Na23	21409.2	0.819505	78112.4	91.7375	90.8036
neutron	939.565	0.753559	78087.6	0	0
S34	31632.7	0.189953	78087.6	0	0
Cl37	34424.8	0.137711	96013	8320.73	8320.5
neutron	939.565	9.11709	76437.8	0	0
Ne22	20479.7	0.141662	76437.8	0	0
Cl35	32564.6	0.0688118	91804.8	6462.4	6462.22
Cl37	34424.8	0.0802456	82261.2	2585.87	2585.58
S37	34430.2	0.13822	75309.4	0	0
S35	32565.3	0.162993	80834.8	0	0
Cl35	32564.6	0.124982	93856	7231.04	7230.76
Cl37	34424.8	0.0711321	79214.3	935.895	935.804
neutron	939.565	3.80222	76767.9	0	0
Ne22	20479.7	0.478288	76767.9	0	0
S37	34430.2	0.134848	75015.7	0	0
neutron	939.565	3.3605	76572.9	0	0
S34	31632.7	0.205088	76572.9	0	0
Ne23	21414.1	0.226631	77457.5	0	0
Cl35	32564.6	0.093919	78245.7	1028.9	1028.68
neutron	939.565	11.3967	75566.2	0	0
neutron	939.565	7.92204	75566.2	0	0
neutron	939.565	3.84667	75566.2	0	0
alpha	3727.38	3.97709	75566.2	0	0
O16	14895.1	5.02233	75566.2	0	0
Cl37	34424.8	0.108525	83283.3	2900.1	2899.78
S35	32565.3	0.150858	75698.2	0	0
neutron	939.565	0.751009	76623.5	0	0
S34	31632.7	0.0758179	76623.5	0	0
Cl35	32564.6	0.0849406	90265.2	5839.96	5839.74
Cl35	32564.6	0.123945	76230.5	241.95	241.7
neutron	939.565	1.60863	75670.4	0	0
S34	31632.7	0.144259	75670.4	0	0
Na23	21409.2	0.225323	81565.8	2263.73	2263.47
S35	32565.3	0.163973	74374.7	0	0
Cl35	32564.6	0.109051	97844.8	9162.49	9162.17
Na23	21409.2	0.14457	83869.7	2952.27	2951.96
S35	32565.3	0.155314	76064.9	0	0
Cl37	34424.8	0.493881	89352.8	5400.84	5399.84
neutron	939.565	14.1889	76357.6	0	0
proton	938.272	11.058	76357.6	0	0
neutron	939.565	1.43494	76357.6	0	0
F20	18625.3	0.468595	76357.6	0	0
Ne23	21414.1	0.209133	75455.2	0	0
Ne23	21414.1	0.232764	77792.4	0	0
Cl35	32564.6	0.3715	93838.9	7077.19	7076.8
Cl35	32564.6	0.196415	84334.1	2972.9	2972.5
Na23	21409.2	0.210986	86509.1	4360.88	4360.56
neutron	939.565	8.29617	75140.7	0	0
neutron	939.565	2.31265	75140.7	0	0
neutron	939.565	0.285724	75140.7	0	0
alpha	3727.38	8.42419	75140.7	0	0
Si28	26053.2	0.368811	75140.7	0	0
Cl35	32564.6	0.230755	94426.3	7814.57	7814.32
Cl35	32564.6	0.06759	85330.5	3662.08	3662
Ne23	21414.1	0.21391	77027.4	0	0
Cl35	32564.6	0.139064	77300.7	66.3777	66.1425
proton	938.272	8.10532	77207.2	0	0
neutron	939.565	6.64358	77207.2	0	0
neutron	939.565	4.9213	77207.2	0	0
neutron	939.565	1.80776	77207.2	0	0
alpha	3727.38	6.42122	77207.2	0	0
N15	13968.9	1.21657	77207.2	0	0
Cl35	32564.6	0.0999605	84848.1	4029.21	4029.05
Na23	21409.2	0.195797	84649.2	3633.07	3632.85
Cl35	32564.6	0.115202	86807.8	4268.77	4268.63
Na23	21409.2	0.113795	94138.8	4700.43	4700
Na23	21409.2	0.185686	94068.5	4664.17	4663.94
neutron	939.565	0.276228	82831.9	0	0
S36	33495	0.14283	82831.9	0	0
Na23	21409.2	0.160632	88136.6	4989.54	4988.81
neutron	939.565	2.32583	75570	0	0
S34	31632.7	0.177566	75570	0	0
proton	938.272	34.2898	77932.4	0	0
neutron	939.565	3.5019	77932.4	0	0
P33	30705.3	0.946606	77932.4	0	0
neutron	939.565	0.279017	75131.7	0	0
S34	31632.7	0.144509	75131.7	0	0
Ne23	21414.1	0.219509	77014.6	0	0
Cl37	34424.8	0.590039	98504.9	9409.5	9408.52
Cl35	32564.6	0.475767	85611.7	4061.87	4061.25
Cl37	34424.8	0.127961	89368.6	5690.46	5690.17
Cl37	34424.8	0.0788776	75450.4	193.675	193.595
neutron	939.565	0.716777	75735.4	0	0
Ne22	20479.7	0.113886	75735.4	0	0
Na23	21409.2	0.605996	90578.8	5942.21	5941.56
neutron	939.565	5.44768	75084.9	0	0
neutron	939.565	4.95856	75084.9	0	0
S33	30704.6	0.105944	75084.9	0	0
Cl37	34424.8	0.160879	93904	6903.4	6902.94
neutron	939.565	0.862918	77066.2	0	0
S36	33495	0.121084	77066.2	0	0
Cl35	32564.6	0.804519	88881.6	5298.2	5297.18
Na23	21409.2	0.178563	88602.8	5202.37	5202.16
Cl35	32564.6	0.488129	83699.7	3124.83	3124.08
Cl35	32564.6	0.141157	95730.5	8329.86	8329.69
neutron	939.565	32.4234	76082.2	0	0
proton	938.272	7.45249	76082.2	0	0
neutron	939.565	4.86101	76082.2	0	0
neutron	939.565	0.367148	76082.2	0	0
F19	17692.3	1.50812	76082.2	0	0
Cl35	32564.6	0.175197	97448.5	8976.26	8975.93
S35	32565.3	0.14914	76241.9	0	0
Cl35	32564.6	0.141464	98092.3	9114.39	9114.04
Cl35	32564.6	0.0695227	96529.2	8508.36	8508.06
Na23	21409.2	0.158056	98402.3	9307.78	9307.61
Cl35	32564.6	0.282061	89115.8	5420.55	5420.15
neutron	939.565	0.337446	75949.3	0	0
S34	31632.7	0.22236	75949.3	0	0
Na23	21409.2	0.118658	83097.6	3316.1	3315.43
Cl35	32564.6	0.165439	74666.6	142.312	141.961
Cl35	32564.6	0.192807	82795.7	2578.66	2578.45
Cl35	32564.6	0.163528	95434	8134.73	8134.43
Na23	21409.2	0.115372	80715.9	1157.08	1156.9
neutron	939.565	7.44861	77728.4	0	0
neutron	939.565	4.2349	77728.4	0	0
neutron	939.565	4.134	77728.4	0	0
neutron	939.565	1.17085	77728.4	0	0
S33	30704.6	0.599473	77728.4	0	0
proton	938.272	4.32098	75151.4	0	0
neutron	939.565	3.62033	75151.4	0	0
proton	938.272	3.38511	75151.4	0	0
neutron	939.565	0.690907	75151.4	0	0
Si31	28846.2	0.384493	75151.4	0	0
Cl37	34424.8	0.130414	99316.4	9546.19	9545.99
S35	32565.3	0.140973	79617.7	0	0
Cl35	32564.6	0.0802453	98332.7	9319.79	9319.42
neutron	939.565	0.988551	74722.4	0	0
Ne22	20479.7	0.240282	74722.4	0	0
Na23	21409.2	0.198427	99629.3	9862.76	9862.46
Ne23	21414.1	0.209477	75434.9	0	0
Cl37	34424.8	0.11928	93489.8	7527.56	7527.39
Na23	21409.2	0.108037	79388	2121.95	2121.81
Cl35	32564.6	0.203667	83747	2368.57	2367.85
Na23	21409.2	0.135831	87513.3	4603.74	4603.45
neutron	939.565	0.557826	78772.9	0	0
S34	31632.7	0.17797	78772.9	0	0
Cl37	34424.8	0.0909313	93885.9	5359.53	5359.37
S35	32565.3	0.161464	79928.3	0	0
neutron	939.565	3.82047	75754.7	0	0
neutron	939.565	0.339192	75754.7	0	0
Ne21	19550.5	0.027385	75754.7	0	0
neutron	939.565	7.85864	76864.1	0	0
proton	938.272	5.52681	76864.1	0	0
neutron	939.565	1.33174	76864.1	0	0
P32	29775.8	0.523314	76864.1	0	0
Na23	21409.2	0.106508	96696.6	8584.82	8584.64
proton	938.272	170.098	86348.9	4313.88	3874.32
neutron	939.565	85.8534	86348.9	4313.88	3874.32
neutron	939.565	82.0054	86348.9	4313.88	3874.32
neutron	939.565	8.12133	86348.9	4313.88	3874.32
proton	938.272	2.68041	86348.9	4313.88	3874.32
proton	938.272	2.18897	86348.9	4313.88	3874.32
neutron	939.565	0.76831	86348.9	4313.88	3874.32
alpha	3727.38	6.80622	86348.9	4313.88	3874.32
C12	11174.9	8.44079	86348.9	4313.88	3874.32
Cl37	34424.8	0.0803669	82042.6	2063.66	2063.32
neutron	939.565	8.02552	76769.2	0	0
neutron	939.565	7.80851	76769.2	0	0
neutron	939.565	1.43119	76769.2	0	0
alpha	3727.38	6.37792	76769.2	0	0
Si28	26053.2	0.459484	76769.2	0	0
S35	32565.3	0.161736	77910.5	0	0
Cl37	34424.8	0.0672615	99617	9843.01	9842.71
Na23	21409.2	0.860828	96302.3	8451.2	8450.18
neutron	939.565	1.18484	75671.6	0	0
Ne22	20479.7	0.163387	75671.6	0	0
Cl35	32564.6	0.0960024	95050.5	5060.84	5060.53
Ne23	21414.1	0.208786	81940.3	0	0
neutron	939.565	0.35024	74962.5	0	0
S34	31632.7	0.152591	74962.5	0	0
Cl35	32564.6	0.292749	79814.6	1696.54	1696.18
proton	938.272	11.4176	75326.3	0	0
neutron	939.565	9.66468	75326.3	0	0
neutron	939.565	3.85695	75326.3	0	0
F20	18625.3	0.266226	75326.3	0	0
Cl37	34424.8	0.182327	96193.2	8561.53	8561.18
Ne23	21414.1	0.231099	76006.8	0	0
Cl35	32564.6	0.120959	99221.2	9714.48	9714.21
S35	32565.3	0.163955	77620.5	0	0
Na23	21409.2	0.216186	84655	4039.94	4039.53
Cl35	32564.6	0.113227	75925.1	666.704	666.558
neutron	939.565	5.73589	74167.1	0	0
neutron	939.565	3.05974	74167.1	0	0
neutron	939.565	0.35298	74167.1	0	0
Ne20	18617.7	0.906334	74167.1	0	0
Cl35	32564.6	0.191997	86767.4	4132.29	4132.09
neutron	939.565	0.57851	77219	0	0
S34	31632.7	0.194306	77219	0	0
Cl35	32564.6	0.298582	89719.1	5613.1	5612.59
Cl37	34424.8	0.198848	95207.3	8146.32	8145.9
Cl35	32564.6	0.129129	82282.5	2581.4	2581.04
neutron	939.565	0.893221	75687.9	0	0
Ne22	20479.7	0.431396	75687.9	0	0
Cl35	32564.6	0.0775296	94884	7894.76	7894.48
neutron	939.565	0.961442	75918	0	0
Ne22	20479.7	0.400433	75918	0	0
Na23	21409.2	0.335037	91584.2	6147.59	6146.58
neutron	939.565	0.460546	75656.2	0	0
S34	31632.7	0.152427	75656.2	0	0
Na23	21409.2	0.370223	87863.1	5224.8	5223.93
S35	32565.3	0.149302	74615.2	0	0
Cl37	34424.8	0.0689325	91380.8	6059.17	6059
neutron	939.565	12.3106	76240.1	0	0
neutron	939.565	0.870553	76240.1	0	0
S35	32565.3	0.591143	76240.1	0	0
Ne23	21414.1	0.22141	76853.8	0	0
Na23	21409.2	0.196468	94416.1	7846.81	7846.55
neutron	939.565	1.56579	76351	0	0
S36	33495	0.108414	76351	0	0
Na23	21409.2	0.184546	94064	6968.18	6967.84
Na23	21409.2	0.309852	95313.8	8174.32	8174
Cl35	32564.6	0.0882518	83317.8	2090.77	2090.45
Cl35	32564.6	0.0827323	78719.5	259.574	259.433
neutron	939.565	0.745866	78090.1	0	0
S34	31632.7	0.205284	78090.1	0	0
Cl35	32564.6	0.391792	89151.1	5490.48	5490.07
neutron	939.565	0.771289	81659.9	0	0
Ne22	20479.7	0.33067	81659.9	0	0
proton	938.272	13.2211	75188.1	0	0
neutron	939.565	1.013	75188.1	0	0
F21	19556.7	0.733978	75188.1	0	0
neutron	939.565	0.655656	75439.9	0	0
S36	33495	0.145795	75439.9	0	0
Na23	21409.2	0.389353	86122	2778.31	2777.9
Na23	21409.2	0.154098	95595.7	7923.67	7923.35
Na23	21409.2	0.1016	75188.7	54.8583	54.574
Cl35	32564.6	0.0838619	78754.6	787.296	786.889
neutron	939.565	0.676337	76813.3	0	0
S34	31632.7	0.0596446	76813.3	0	0
Na23	21409.2	0.144624	97033.5	8030.16	8029.89
neutron	939.565	0.271794	75526.2	0	0
S34	31632.7	0.148674	75526.2	0	0
Na23	21409.2	0.473795	79628	654.116	653.353
neutron	939.565	20.3446	77970.8	0	0
neutron	939.565	3.61955	77970.8	0	0
neutron	939.565	0.441263	77970.8	0	0
Ne20	18617.7	0.797298	77970.8	0	0
Cl35	32564.6	0.0727604	83168.7	2700.17	2700.07
neutron	939.565	4.62731	76005.3	0	0
neutron	939.565	4.19521	76005.3	0	0
neutron	939.565	3.62319	76005.3	0	0
proton	938.272	3.39009	76005.3	0	0
F19	17692.3	1.06885	76005.3	0	0
S35	32565.3	0.153522	76205.9	0	0
Ne23	21414.1	0.214641	76403.9	0	0
Cl35	32564.6	0.287228	95492.7	8072.81	8072.4
Cl37	34424.8	0.336643	88473.9	4301.49	4300.83
Cl37	34424.8	0.11637	80351.4	359.001	358.833
neutron	939.565	0.170512	79447	0	0
S34	31632.7	0.127739	79447	0	0
Cl35	32564.6	0.113307	96699.7	8517.5	8517.28
Cl37	34424.8	0.149482	81491.6	1696	1695.81
Cl35	32564.6	0.389995	91626.3	6003.72	6003.21
neutron	939.565	0.560937	77015.5	0	0
S34	31632.7	0.146884	77015.5	0	0
Cl35	32564.6	0.148533	93479.6	6329.84	6329.47
Na23	21409.2	0.129938	80987.3	920.685	920.524
neutron	939.565	2.49597	78451.8	0	0
S34	31632.7	0.0213333	78451.8	0	0
neutron	939.565	37.4487	77179	0	0
proton	938.272	5.84787	77179	0	0
neutron	939.565	0.26216	77179	0	0
P32	29775.8	1.85756	77179	0	0
Na23	21409.2	0.174774	87091.9	4812.67	4812.38
neutron	939.565	0.35842	76060	0	0
S36	33495	0.0875497	76060	0	0
Na23	21409.2	0.250659	90143.1	5674.3	5673.8
Cl35	32564.6	0.0921487	81417.5	2231.22	2231.03
Cl37	34424.8	0.087196	78931.2	1221.62	1221.26
Na23	21409.2	0.223504	77900.1	806.684	806.451
neutron	939.565	4.52744	75736.4	0	0
neutron	939.565	2.2408	75736.4	0	0
Ne21	19550.5	0.0932086	75736.4	0	0
Cl35	32564.6	0.0937223	89720.9	5757.88	5757.38
Na23	21409.2	0.110773	84175.1	3164.64	3164.37
neutron	939.565	1.37703	76148.3	0	0
Ne22	20479.7	0.0987963	76148.3	0	0
Cl37	34424.8	0.0757354	88989.2	5030.58	5030.47
Na23	21409.2	0.196817	86911.5	4163.25	4162.91
S35	32565.3	0.155057	75869.8	0	0
Na23	21409.2	0.187381	87810.1	4973.48	4973.13
Cl35	32564.6	0.118593	94499.9	7527.88	7527.71
Cl35	32564.6	0.170941	93009	6736.86	6736.68
neutron	939.565	0.399168	76002.6	0	0
S34	31632.7	0.107902	76002.6	0	0
S35	32565.3	0.167217	77990.6	0	0
Cl35	32564.6	0.0739333	89324.6	5217.8	5217.67
Cl35	32564.6	0.10242	86858.4	4195.13	4194.84
Cl37	34424.8	0.107698	77190.1	410.1	409.983
Cl35	32564.6	0.206741	90525.4	5904.3	5904.03
neutron	939.565	10.3236	75253.9	0	0
proton	938.272	6.1242	75253.9	0	0
neutron	939.565	0.488139	75253.9	0	0
neutron	939.565	0.197778	75253.9	0	0
P31	28844.2	1.41647	75253.9	0	0
Cl35	32564.6	0.0895326	81490.2	1710.95	1710.83
Na23	21409.2	0.262292	77808.3	343.409	342.983
Na23	21409.2	0.154187	89701.8	5241.38	5241.19
Cl35	32564.6	0.438493	82058.3	2118	2117.41
Cl37	34424.8	0.0683138	89505.3	4472.72	4472.53
neutron	939.565	29.344	80058.4	0	0
neutron	939.565	2.54792	80058.4	0	0
neutron	939.565	1.36521	80058.4	0	0
Ne20	18617.7	2.50603	80058.4	0	0
neutron	939.565	6.17317	74635	0	0
neutron	939.565	0.693598	74635	0	0
Ne21	19550.5	0.938374	74635	0	0
Cl35	32564.6	0.106671	82744.3	1922.44	1921.9
neutron	939.565	0.261975	77716	0	0
Ne22	20479.7	0.30784	77716	0	0
neutron	939.565	8.16617	75563	0	0
neutron	939.565	1.94609	75563	0	0
Ne21	19550.5	0.024822	75563	0	0
Cl35	32564.6	0.124938	83099.2	2306.92	2306.74
neutron	939.565	1.12876	77754.7	0	0
Ne22	20479.7	0.299241	77754.7	0	0
neutron	939.565	2.40056	77416.6	0	0
S34	31632.7	0.0343217	77416.6	0	0
Cl35	32564.6	0.0992839	80099.2	1606.24	1605.55
neutron	939.565	15.9426	75911.3	0	0
neutron	939.565	10.4463	75911.3	0	0
neutron	939.565	3.7134	75911.3	0	0
Ne20	18617.7	0.476315	75911.3	0	0
Na23	21409.2	0.147878	89217.9	5429.82	5429.53
Cl35	32564.6	0.0959936	83896.2	3309.91	3309.67
Ne23	21414.1	0.216061	78159.7	0	0
Cl35	32564.6	0.0725805	77975	241.895	241.751
S35	32565.3	0.154822	77445.4	0	0
Cl35	32564.6	0.0702921	91769.3	6483.32	6482.83
neutron	939.565	9.0328	75256	0	0
neutron	939.565	8.33966	75256	0	0
proton	938.272	4.59445	75256	0	0
proton	938.272	3.81319	75256	0	0
neutron	939.565	2.49783	75256	0	0
Si30	27913.2	2.28937	75256	0	0
Cl35	32564.6	0.32815	95216.8	8014.62	8014.16
Cl37	34424.8	0.0831735	79466	1323.3	1323.15
Ne23	21414.1	0.230313	75938	0	0
neutron	939.565	3.22686	75912.4	0	0
neutron	939.565	2.46884	75912.4	0	0
neutron	939.565	1.53084	75912.4	0	0
Ne20	18617.7	0.111736	75912.4	0	0
S35	32565.3	0.139892	75296.1	0	0
neutron	939.565	11.9906	74826.5	0	0
neutron	939.565	5.30282	74826.5	0	0
neutron	939.565	4.22169	74826.5	0	0
alpha	3727.38	15.7849	74826.5	0	0
O16	14895.1	2.3307	74826.5	0	0
Cl37	34424.8	0.0653356	87706	4353.5	4353.39
neutron	939.565	9.97359	76921.6	0	0
neutron	939.565	4.97241	76921.6	0	0
neutron	939.565	1.74063	76921.6	0	0
alpha	3727.38	4.47988	76921.6	0	0
O16	14895.1	3.82261	76921.6	0	0
neutron	939.565	1.5137	75880.6	0	0
Ne22	20479.7	0.170539	75880.6	0	0
Cl35	32564.6	0.0668092	82241.5	1493.93	1493.18
neutron	939.565	0.86994	78362.4	0	0
S34	31632.7	0.089238	78362.4	0	0
Na23	21409.2	0.119292	93833.5	7512.26	7511.96
Cl35	32564.6	0.0708544	89773.1	3701.4	3701.25
proton	938.272	13.0244	80732.8	0	0
neutron	939.565	3.40823	80732.8	0	0
neutron	939.565	1.19188	80732.8	0	0
deuteron	1875.61	7.05822	80732.8	0	0
O18	16762	0.875067	80732.8	0	0
Cl35	32564.6	0.0978561	89391.4	5675.2	5674.99
Na23	21409.2	0.140238	76041.2	245.369	245.007
neutron	939.565	2.40814	76785.3	0	0
neutron	939.565	1.7963	76785.3	0	0
neutron	939.565	1.71102	76785.3	0	0
S32	29773.6	0.831088	76785.3	0	0
Cl35	32564.6	0.142639	99125.2	9675.42	9675.21
Na23	21409.2	0.193655	80542.1	2130.51	2130.24
Na23	21409.2	0.128095	90807.6	6382.49	6382.17
Cl35	32564.6	0.0679628	82084.3	2333.24	2333.02
Ne23	21414.1	0.227679	75798	0	0
Cl35	32564.6	0.270029	84137.6	2907.96	2907.65
neutron	939.565	0.575184	76130.6	0	0
Ne22	20479.7	0.320842	76130.6	0	0
Cl35	32564.6	0.0985673	89803.5	5838.82	5838.45
Na23	21409.2	0.957753	86742.3	4480.32	4479.26
Na23	21409.2	0.275654	83779.9	3282.19	3281.85
neutron	939.565	0.470201	75773.1	0	0
Ne22	20479.7	0.218737	75773.1	0	0
proton	938.272	20.0559	76798.1	0	0
neutron	939.565	11.4125	76798.1	0	0
neutron	939.565	2.53869	76798.1	0	0
F20	18625.3	2.00538	76798.1	0	0
Cl35	32564.6	0.22077	90125.4	5545.58	5545.23
neutron	939.565	0.174145	76603.8	0	0
Ne22	20479.7	0.216384	76603.8	0	0
neutron	939.565	9.12777	76074.3	0	0
neutron	939.565	8.20018	76074.3	0	0
neutron	939.565	2.37815	76074.3	0	0
alpha	3727.38	5.29013	76074.3	0	0
O16	14895.1	1.3117	76074.3	0	0
Cl35	32564.6	0.138493	91664.4	6330.48	6330.22
neutron	939.565	6.268	76098.4	0	0
neutron	939.565	5.13556	76098.4	0	0
neutron	939.565	2.53652	76098.4	0	0
neutron	939.565	1.5884	76098.4	0	0
S33	30704.6	0.0313239	76098.4	0	0
neutron	939.565	13.1248	78998.3	0	0
neutron	939.565	1.42139	78998.3	0	0
S33	30704.6	0.946697	78998.3	0	0
neutron	939.565	2.23641	74959.9	0	0
neutron	939.565	1.84534	74959.9	0	0
neutron	939.565	0.560325	74959.9	0	0
alpha	3727.38	5.08527	74959.9	0	0
O16	14895.1	1.19092	74959.9	0	0
Na23	21409.2	0.256395	88120.4	4953.4	4953
Cl35	32564.6	0.0885661	87402.2	4694.77	4694.57
Ne23	21414.1	0.227883	75447.3	0	0
neutron	939.565	0.759647	75765.3	0	0
Ne22	20479.7	0.38864	75765.3	0	0
Na23	21409.2	0.111596	97419.8	8657.89	8657.75
Na23	21409.2	0.101571	86935.6	4356.21	4356.09
proton	938.272	32.8107	75827.2	0	0
proton	938.272	4.39851	75827.2	0	0
neutron	939.565	3.8185	75827.2	0	0
neutron	939.565	2.30749	75827.2	0	0
neutron	939.565	0.58016	75827.2	0	0
Si30	27913.2	1.11872	75827.2	0	0
neutron	939.565	1.37086	75138.2	0	0
Ne22	20479.7	0.203875	75138.2	0	0
Na23	21409.2	0.12027	77713	370.196	369.942
neutron	939.565	3.54064	74712.7	0	0
neutron	939.565	0.268265	74712.7	0	0
Ne21	19550.5	0.602723	74712.7	0	0
Cl35	32564.6	0.0817897	77571	693.98	693.646
neutron	939.565	12.8837	77521.1	0	0
neutron	939.565	5.07446	77521.1	0	0
neutron	939.565	0.529597	77521.1	0	0
alpha	3727.38	14.1148	77521.1	0	0
O16	14895.1	0.711765	77521.1	0	0
Cl37	34424.8	0.0647341	89524.7	5385.02	5384.58
neutron	939.565	0.840259	76053.2	0	0
S34	31632.7	0.075126	76053.2	0	0
Ne23	21414.1	0.206213	76414.4	0	0
Na23	21409.2	0.127858	98605.4	9388.71	9388.53
S35	32565.3	0.147058	77872.2	0	0
Na23	21409.2	0.229203	96621.9	8434.04	8433.37
neutron	939.565	17.8222	75747.2	0	0
neutron	939.565	5.20979	75747.2	0	0
neutron	939.565	1.86316	75747.2	0	0
Ne20	18617.7	1.4009	75747.2	0	0
Cl35	32564.6	0.0692306	93899.5	7282.67	7282.24
Cl35	32564.6	0.0688737	77586	123.643	123.298
neutron	939.565	3.80785	77354	0	0
neutron	939.565	0.766522	77354	0	0
S35	32565.3	0.259345	77354	0	0
Cl35	32564.6	0.0722077	99840.3	9946.03	9945.91
Cl35	32564.6	0.0726477	75955.8	58.8647	58.7692
neutron	939.565	0.410751	75890	0	0
Ne22	20479.7	0.221753	75890	0	0
Cl35	32564.6	0.106706	94576.6	7914.58	7914.27
Cl35	32564.6	0.0741771	84444.5	3621.76	3621.65
Na23	21409.2	1.12507	84214.1	3351.4	3350.24
Na23	21409.2	1.05353	77394.3	671.969	670.031
neutron	939.565	11.9408	77078.6	0	0
neutron	939.565	5.20629	77078.6	0	0
neutron	939.565	0.761864	77078.6	0	0
Ne20	18617.7	0.953178	77078.6	0	0
neutron	939.565	3.824	74665.4	0	0
Ne22	20479.7	0.443315	74665.4	0	0
neutron	939.565	0.369957	77306.9	0	0
S36	33495	0.188575	77306.9	0	0
Cl35	32564.6	0.515332	94687.4	5214.83	5213.78
Na23	21409.2	0.384028	81661.6	2730.1	2729.52
Na23	21409.2	0.206351	85025.5	3784.54	3784.17
neutron	939.565	1.76968	75283.4	0	0
Ne22	20479.7	0.303973	75283.4	0	0
Cl37	34424.8	0.0678398	93740.6	7491.55	7491.42
Ne23	21414.1	0.230069	75081.4	0	0
Na23	21409.2	0.311558	87589.5	3720.04	3719.72
Na23	21409.2	0.103	82605.6	2985.32	2984.8
Cl37	34424.8	0.0740208	94440.7	7937.75	7937.49
Na23	21409.2	0.141129	91418.1	6663.94	6663.76
Na23	21409.2	0.378374	82017.9	3125.95	3125.34
neutron	939.565	17.8702	73975.5	0	0
neutron	939.565	1.86311	73975.5	0	0
neutron	939.565	0.477146	73975.5	0	0
Ne20	18617.7	0.590002	73975.5	0	0
neutron	939.565	3.35387	75391.9	0	0
neutron	939.565	3.30252	75391.9	0	0
neutron	939.565	3.2665	75391.9	0	0
Ne20	18617.7	1.31009	75391.9	0	0
Na23	21409.2	0.315204	95702.4	8295.04	8294.24
Cl35	32564.6	0.698782	84441.7	2951.85	2950.77
Cl35	32564.6	0.181661	82221.1	2129.98	2129.79
neutron	939.565	4.77796	76699.7	0	0
neutron	939.565	3.1841	76699.7	0	0
neutron	939.565	1.04394	76699.7	0	0
Ne20	18617.7	0.378544	76699.7	0	0
neutron	939.565	0.236492	75885.4	0	0
Ne22	20479.7	0.160406	75885.4	0	0
proton	938.272	19.1676	75996.8	0	0
neutron	939.565	5.9459	75996.8	0	0
proton	938.272	1.75683	75996.8	0	0
O20	18629.6	0.949361	75996.8	0	0
Ne23	21414.1	0.213435	75291.1	0	0
Cl35	32564.6	0.0690747	95556.4	7449.63	7449.47
Na23	21409.2	0.272262	94880.2	7135.06	7134.72
S37	34430.2	0.141174	77292.9	0	0
neutron	939.565	25.1172	75468.7	0	0
neutron	939.565	11.3357	75468.7	0	0
proton	938.272	8.5378	75468.7	0	0
neutron	939.565	1.76247	75468.7	0	0
P31	28844.2	1.59439	75468.7	0	0
Cl35	32564.6	0.0738043	87605.8	3728.22	3727.96
Cl35	32564.6	0.0779719	95123.1	7894.41	7894.18
Cl35	32564.6	0.0935601	88177.8	4889.67	4889.1
neutron	939.565	4.85552	76385.1	0	0
neutron	939.565	2.93559	76385.1	0	0
neutron	939.565	2.38044	76385.1	0	0
S32	29773.6	1.06313	76385.1	0	0
Na23	21409.2	0.184265	89015.9	4793.12	4792.79
Na23	21409.2	0.115492	75640.9	253.285	253.151
neutron	939.565	0.753329	75083.9	0	0
S34	31632.7	0.252948	75083.9	0	0
Cl35	32564.6	0.150728	79277.1	1172.99	1172.48
neutron	939.565	0.202291	76055.1	0	0
S34	31632.7	0.18101	76055.1	0	0
neutron	939.565	1.0715	76298.6	0	0
S34	31632.7	0.255802	76298.6	0	0
Ne23	21414.1	0.22481	75039.4	0	0
proton	938.272	7.86237	75944.4	0	0
neutron	939.565	3.07203	75944.4	0	0
neutron	939.565	2.58617	75944.4	0	0
neutron	939.565	0.24729	75944.4	0	0
triton	2808.92	5.57259	75944.4	0	0
Si28	26053.2	0.557143	75944.4	0	0
Na23	21409.2	0.138498	92292.1	6551.22	6550.98
Cl35	32564.6	0.0728999	77602.8	788.933	788.795
S37	34430.2	0.135635	75915.6	0	0
Cl35	32564.6	0.502216	92927.6	6046.63	6046.06
neutron	939.565	13.4411	74942.9	0	0
proton	938.272	10.3986	74942.9	0	0
neutron	939.565	3.92224	74942.9	0	0
proton	938.272	2.51868	74942.9	0	0
neutron	939.565	1.03631	74942.9	0	0
Si30	27913.2	0.403258	74942.9	0	0
Cl35	32564.6	0.11162	76213.4	225.335	225.041
S35	32565.3	0.145507	76733	0	0
Na23	21409.2	0.399198	92051.7	6730.53	6730.13
Cl35	32564.6	0.232713	78722.3	1159.12	1158.83
neutron	939.565	2.81635	75494.4	0	0
S34	31632.7	0.0312893	75494.4	0	0
Cl35	32564.6	0.258308	86832.5	4195.72	4195.26
neutron	939.565	1.32151	76813.9	0	0
S34	31632.7	0.251968	76813.9	0	0
neutron	939.565	3.2227	76038.8	0	0
S34	31632.7	0.0988006	76038.8	0	0
Cl35	32564.6	0.0707746	99132.8	9682.44	9682.23
neutron	939.565	1.91297	75970.6	0	0
S34	31632.7	0.310488	75970.6	0	0
Cl35	32564.6	0.0853673	81898.6	1591.55	1591.05
neutron	939.565	3.769	77600	0	0
neutron	939.565	0.736611	77600	0	0
deuteron	1875.61	3.6208	77600	0	0
P31	28844.2	0.801739	77600	0	0
Cl37	34424.8	0.0719082	92754.3	7069.4	7069.3
S35	32565.3	0.157306	75331.2	0	0
Na23	21409.2	0.13146	99802.7	9930.39	9930.17
Na23	21409.2	0.189051	79710.4	1603.53	1603.21
Cl37	34424.8	0.136171	85018.6	3710.55	3710.4
neutron	939.565	6.20341	75818.1	0	0
Ne22	20479.7	0.571271	75818.1	0	0
Na23	21409.2	0.133857	82396.4	2631.93	2631.58
Cl37	34424.8	0.293859	98847.8	9580.46	9580.15
Na23	21409.2	0.529954	89327.2	5046.16	5045.44
neutron	939.565	3.13039	76493.6	0	0
S34	31632.7	0.171734	76493.6	0	0
S35	32565.3	0.154756	75675.9	0	0
Cl35	32564.6	0.1138	92660.9	6105.32	6105.03
S35	32565.3	0.153396	77912.8	0	0
Na23	21409.2	0.675493	96990.4	8837.28	8836.41
neutron	939.565	13.91	75900	0	0
proton	938.272	9.67955	75900	0	0
proton	938.272	8.29056	75900	0	0
neutron	939.565	0.901151	75900	0	0
neutron	939.565	0.764089	75900	0	0
Si30	27913.2	2.06367	75900	0	0
S35	32565.3	0.163274	74996.8	0	0
S35	32565.3	0.162526	75613.2	0	0
S35	32565.3	0.132629	77580.3	0	0
neutron	939.565	0.127972	75304.1	0	0
Ne22	20479.7	0.187729	75304.1	0	0
Cl35	32564.6	0.0761931	80758.7	1620.58	1620.33
Na23	21409.2	0.289751	76094.9	20.6723	20.1949
S35	32565.3	0.147664	76099.4	0	0
Cl37	34424.8	0.0780732	75877.8	251.301	251.083
neutron	939.565	40.7671	75322.5	0	0
neutron	939.565	2.28984	75322.5	0	0
deuteron	1875.61	3.43131	75322.5	0	0
F19	17692.3	2.36358	75322.5	0	0
Cl35	32564.6	0.124265	85605.6	3694.72	3694.55
Cl35	32564.6	0.156605	88188.5	4374.24	4373.6
S35	32565.3	0.156512	76687.8	0	0
Cl35	32564.6	0.0764352	87121.9	4623.08	4622.87
neutron	939.565	4.98431	75350.2	0	0
neutron	939.565	3.36849	75350.2	0	0
Ne21	19550.5	0.0137303	75350.2	0	0
neutron	939.565	0.731663	75284	0	0
Ne22	20479.7	0.328635	75284	0	0
Na23	21409.2	0.24266	79932.5	1164.3	1164.03
S35	32565.3	0.146346	76969.8	0	0
Cl35	32564.6	0.0797762	88903.9	5239.52	5239.16
neutron	939.565	9.06099	76111.6	0	0
neutron	939.565	2.58671	76111.6	0	0
alpha	3727.38	5.24882	76111.6	0	0
O17	15830.5	1.28487	76111.6	0	0
Cl35	32564.6	0.0666912	96484.4	6112.86	6112.66
Na23	21409.2	0.151774	92112.6	6299.49	6299.15
neutron	939.565	3.53446	76742.4	0	0
S34	31632.7	0.231772	76742.4	0	0
Na23	21409.2	0.346007	93487.5	7250.82	7250.43
Cl35	32564.6	0.0730725	78535.2	1024.92	1024.45
neutron	939.565	0.195125	75826.1	0	0
S36	33495	0.108716	75826.1	0	0
Na23	21409.2	0.418961	91183.5	5425.2	5424.65
Ne23	21414.1	0.228265	77903.3	0	0
neutron	939.565	0.485495	76133.8	0	0
Ne22	20479.7	0.163637	76133.8	0	0
Na23	21409.2	0.191405	82371.2	1489.46	1488.73
Cl35	32564.6	0.0927916	89454.7	5200.23	5199.87
Ne23	21414.1	0.215194	76955.8	0	0
neutron	939.565	2.55326	76013.7	0	0
S36	33495	0.348593	76013.7	0	0
Cl35	32564.6	0.122381	81103.3	1885.03	1884.71
Ne23	21414.1	0.22784	76291.7	0	0
Cl35	32564.6	0.101218	95369.9	8139.67	8139.52
S35	32565.3	0.136924	76126.8	0	0
Cl37	34424.8	0.290155	99258.3	9733.6	9732.75
Cl35	32564.6	0.06806	85468.9	4043.34	4042.83
Cl37	34424.8	0.0667274	87134	3952.1	3951.98
S37	34430.2	0.141129	77133.2	0	0
Cl35	32564.6	0.189834	89133.6	4680.4	4679.86
Cl35	32564.6	0.1174	82812.8	2248.25	2248.05
neutron	939.565	5.7299	77006.8	0	0
neutron	939.565	4.90974	77006.8	0	0
neutron	939.565	0.589572	77006.8	0	0
Ne20	18617.7	0.290188	77006.8	0	0
Ne23	21414.1	0.216491	75674.7	0	0
Cl35	32564.6	0.073103	93733.5	7096.28	7096.11
Na23	21409.2	0.110999	82956	1324.78	1324.53
Na23	21409.2	0.20244	90642	6065.24	6065
neutron	939.565	1.67771	75324.6	0	0
S34	31632.7	0.188961	75324.6	0	0
Cl35	32564.6	0.110413	95738.2	8087.53	8087.19
neutron	939.565	0.232792	75974.8	0	0
Ne22	20479.7	0.298013	75974.8	0	0
neutron	939.565	0.465448	74172.9	0	0
Ne22	20479.7	0.300675	74172.9	0	0
Ne23	21414.1	0.214497	76636.4	0	0
Cl35	32564.6	0.0990879	98642.3	9450.88	9450.52
Na23	21409.2	0.11291	94392.8	7742.08	7741.78
neutron	939.565	0.883241	76493.9	0	0
S34	31632.7	0.0562413	76493.9	0	0
Na23	21409.2	0.107385	89592.4	5343.79	5343.68
proton	938.272	7.51128	75496.9	0	0
proton	938.272	5.35598	75496.9	0	0
neutron	939.565	3.16825	75496.9	0	0
neutron	939.565	3.14669	75496.9	0	0
Si31	28846.2	0.914192	75496.9	0	0
Cl35	32564.6	0.150704	80835.7	280.224	279.96
neutron	939.565	2.65569	80131.1	0	0
neutron	939.565	0.419355	80131.1	0	0
S33	30704.6	0.36407	80131.1	0	0
S37	34430.2	0.134626	76562.5	0	0
neutron	939.565	7.91654	77886.9	0	0
S34	31632.7	0.13221	77886.9	0	0
Na23	21409.2	0.133085	78714.4	1316.17	1315.93
Ne23	21414.1	0.229438	75395	0	0
Na23	21409.2	0.181929	95378.5	8151.87	8151.41
Na23	21409.2	0.170298	93364.1	7362.58	7362.33
Cl35	32564.6	0.118893	91340.8	5416.61	5416.27
neutron	939.565	8.91969	77811.5	0	0
proton	938.272	7.97611	77811.5	0	0
proton	938.272	4.57268	77811.5	0	0
neutron	939.565	0.705945	77811.5	0	0
Si31	28846.2	0.776132	77811.5	0	0
neutron	939.565	0.883564	76653.2	0	0
S34	31632.7	0.169471	76653.2	0	0
Na23	21409.2	0.116597	93868.5	7224.33	7223.93
Ne23	21414.1	0.217112	78095	0	0
Cl35	32564.6	0.1258	89452.4	5402.38	5402
neutron	939.565	1.11816	75577.4	0	0
S34	31632.7	0.302192	75577.4	0	0
Na23	21409.2	0.121271	94268.5	7355.92	7355.66
Na23	21409.2	0.129513	92579.3	6656.48	6656.15
Cl35	32564.6	0.0957824	97152.9	8716.3	8716.19
Cl37	34424.8	0.114311	89697.7	5210.98	5210.53
Cl35	32564.6	0.106464	82319.7	2172.55	2172.38
neutron	939.565	1.66241	80383.3	0	0
Ne22	20479.7	0.102712	80383.3	0	0
Cl35	32564.6	0.0992945	80719.9	1703.32	1702.94
Na23	21409.2	0.362203	76994.2	247.027	246.634
neutron	939.565	5.49897	76462.3	0	0
proton	938.272	4.65568	76462.3	0	0
neutron	939.565	2.0304	76462.3	0	0
P32	29775.8	0.280205	76462.3	0	0
Cl35	32564.6	0.0668843	94473.2	7330.52	7330.14
Ne23	21414.1	0.222244	76774.8	0	0
neutron	939.565	0.507849	75026.2	0	0
S34	31632.7	0.205463	75026.2	0	0
Na23	21409.2	0.373979	83893.7	3179.84	3179.45
neutron	939.565	3.31487	75740.5	0	0
Ne22	20479.7	0.046485	75740.5	0	0
Cl37	34424.8	0.191726	89005.1	4458.94	4458.73
Na23	21409.2	0.118316	81919.7	1613.48	1613.16
Ne23	21414.1	0.227973	74641.1	0	0
neutron	939.565	2.9043	76955.4	0	0
neutron	939.565	1.55419	76955.4	0	0
S33	30704.6	0.0664061	76955.4	0	0
Cl35	32564.6	0.0712952	86579.4	4849.2	4849.13
Cl35	32564.6	1.12887	81703.1	2428.68	2427.32
neutron	939.565	0.304923	75730.9	0	0
S34	31632.7	0.169562	75730.9	0	0
Na23	21409.2	0.149341	87237.8	4099.55	4099.35
S35	32565.3	0.152289	76203.4	0	0
Cl35	32564.6	0.144947	92822.7	6917.98	6917.48
Na23	21409.2	0.109884	85387.6	3934.67	3934.45
Na23	21409.2	0.248678	83525.7	3203.27	3202.91
neutron	939.565	14.4069	75635.8	0	0
neutron	939.565	6.25785	75635.8	0	0
proton	938.272	3.12195	75635.8	0	0
neutron	939.565	1.65579	75635.8	0	0
neutron	939.565	0.554653	75635.8	0	0
deuteron	1875.61	6.42106	75635.8	0	0
Si28	26053.2	1.14488	75635.8	0	0
neutron	939.565	2.11917	76113	0	0
S36	33495	0.244597	76113	0	0
Na23	21409.2	0.288544	92054.6	5526.03	5525.61
Cl35	32564.6	0.072262	99799.8	9898.81	9898.69
proton	938.272	13.5012	76005	0	0
neutron	939.565	6.29646	76005	0	0
proton	938.272	3.57332	76005	0	0
neutron	939.565	1.9205	76005	0	0
Si31	28846.2	0.198295	76005	0	0
Cl37	34424.8	0.0664479	81556.4	1962.44	1962.15
S35	32565.3	0.159294	76232	0	0
neutron	939.565	8.79295	79509.3	0	0
neutron	939.565	6.88414	79509.3	0	0
neutron	939.565	0.604723	79509.3	0	0
Ne20	18617.7	0.241907	79509.3	0	0
Na23	21409.2	0.215777	97902.2	8923.84	8923.36
neutron	939.565	0.792389	76144.8	0	0
S36	33495	0.184808	76144.8	0	0
Cl37	34424.8	0.117864	93236.1	7352.3	7352.03
Cl35	32564.6	0.082386	89230.3	5090.84	5090.65
neutron	939.565	8.82682	75875.7	0	0
neutron	939.565	4.17083	75875.7	0	0
neutron	939.565	1.02318	75875.7	0	0
Ne20	18617.7	0.0583653	75875.7	0	0
Cl35	32564.6	0.0866992	97161.4	8925.47	8925.19
neutron	939.565	0.286375	78078.3	0	0
S34	31632.7	0.116048	78078.3	0	0
Na23	21409.2	0.125496	92264.2	6630.35	6629.92
S35	32565.3	0.15045	74848.9	0	0
neutron	939.565	19.8255	74407.3	0	0
neutron	939.565	8.40361	74407.3	0	0
proton	938.272	5.55345	74407.3	0	0
neutron	939.565	4.98258	74407.3	0	0
alpha	3727.38	8.8341	74407.3	0	0
N15	13968.9	3.3139	74407.3	0	0
Na23	21409.2	0.397581	79852.6	894.228	893.689
Na23	21409.2	0.137637	90879.2	6033.01	6032.85
neutron	939.565	36.8823	75473.2	0	0
neutron	939.565	18.2941	75473.2	0	0
alpha	3727.38	6.23159	75473.2	0	0
O17	15830.5	3.24767	75473.2	0	0
Ne23	21414.1	0.224019	75778.4	0	0
Ne23	21414.1	0.222548	75734.5	0	0
Na23	21409.2	0.171215	87204.1	4593.27	4593.04
Na23	21409.2	0.112361	76423	524.992	524.767
Ne23	21414.1	0.225922	75116.7	0	0
Cl35	32564.6	0.102313	88245.1	1525.79	1525.09
Ne23	21414.1	0.215202	74557.8	0	0
neutron	939.565	0.456416	74416.2	0	0
S36	33495	0.160553	74416.2	0	0
Na23	21409.2	0.103222	97623.7	9012.06	9011.82
Cl35	32564.6	0.113373	91955.2	6344.46	6344.3
Cl35	32564.6	0.0690778	86249.3	3469.17	3468.82
proton	938.272	31.9445	77320.1	0	0
neutron	939.565	5.63243	77320.1	0	0
F21	19556.7	0.873671	77320.1	0	0
Na23	21409.2	0.209336	85172	3708.88	3708.62
Cl35	32564.6	0.0669545	90374.5	5884.9	5884.55
neutron	939.565	4.88187	75778.7	0	0
proton	938.272	2.89116	75778.7	0	0
proton	938.272	2.43927	75778.7	0	0
Si32	29776.6	0.725458	75778.7	0	0
Na23	21409.2	0.293922	88241.4	4731.95	4731.25
neutron	939.565	3.5469	75889.9	0	0
Ne22	20479.7	0.0538638	75889.9	0	0
Ne23	21414.1	0.215099	80725.6	0	0
Cl35	32564.6	0.158366	95270.7	7968.04	7967.79
Cl37	34424.8	0.0811667	85899.5	3054.94	3054.78
Cl35	32564.6	0.122109	94029.3	7089.25	7088.93
Na23	21409.2	0.27776	86053.2	3159.25	3158.52
proton	938.272	3.92408	76214.4	0	0
neutron	939.565	1.95956	76214.4	0	0
neutron	939.565	1.81983	76214.4	0	0
P32	29775.8	0.0221974	76214.4	0	0
neutron	939.565	0.0984821	75181.4	0	0
S34	31632.7	0.112172	75181.4	0	0
neutron	939.565	5.55708	77025.2	0	0
neutron	939.565	2.71382	77025.2	0	0
neutron	939.565	0.22753	77025.2	0	0
Ne20	18617.7	0.936542	77025.2	0	0
proton	938.272	7.05147	75498.8	0	0
neutron	939.565	5.91558	75498.8	0	0
neutron	939.565	2.05977	75498.8	0	0
deuteron	1875.61	12.7274	75498.8	0	0
Si30	27913.2	0.683178	75498.8	0	0
Cl35	32564.6	0.0961071	99372.6	9677.82	9677.56
Na23	21409.2	0.14908	92983.2	6802.08	6801.7
Na23	21409.2	0.131957	91575.2	5688.31	5688.14
Cl37	34424.8	0.328535	82507.6	1834.58	1834.24
Cl35	32564.6	0.0836191	86636.1	4349.1	4348.77
neutron	939.565	1.17374	77215.5	0	0
S34	31632.7	0.125918	77215.5	0	0
Na23	21409.2	0.301092	88345.2	5183.68	5183.26
Ne23	21414.1	0.223105	76608.4	0	0
Na23	21409.2	0.153647	96189	8317.47	8317
neutron	939.565	2.58312	74554.9	0	0
Ne22	20479.7	0.509423	74554.9	0	0
Na23	21409.2	0.113334	82492.6	2369.75	2369.63
Na23	21409.2	0.397513	95718.9	8330.91	8330.46
Cl37	34424.8	0.0935196	86507.5	4432.23	4431.93
Ne23	21414.1	0.222102	75458.5	0	0
Cl35	32564.6	0.555079	95584.1	7930.15	7928.98
Cl37	34424.8	0.0875011	85494.8	3214.04	3213.93
Na23	21409.2	0.304707	81918.4	2199.41	2198.92
neutron	939.565	2.9602	76324.7	0	0
Ne22	20479.7	0.341281	76324.7	0	0
Na23	21409.2	0.117664	99949.8	9984.27	9983.9
neutron	939.565	19.4972	76119	0	0
neutron	939.565	8.78912	76119	0	0
neutron	939.565	2.26505	76119	0	0
alpha	3727.38	2.10427	76119	0	0
O16	14895.1	4.54187	76119	0	0
Cl35	32564.6	0.196771	93164.7	7074.48	7074.17
Cl35	32564.6	0.144061	89577	5566.44	5566.18
neutron	939.565	34.6203	75226.4	0	0
neutron	939.565	5.2928	75226.4	0	0
neutron	939.565	1.566	75226.4	0	0
alpha	3727.38	5.82682	75226.4	0	0
O16	14895.1	3.27663	75226.4	0	0
Ne23	21414.1	0.234242	74315.5	0	0
neutron	939.565	5.0067	77862.8	0	0
neutron	939.565	4.40587	77862.8	0	0
neutron	939.565	2.7053	77862.8	0	0
Ne20	18617.7	0.343471	77862.8	0	0
Cl35	32564.6	0.0946938	88887.2	5198.39	5198.25
Na23	21409.2	0.174247	85376.7	3800.46	3800.18
Na23	21409.2	0.186392	84685.1	3561.99	3561.59
Cl35	32564.6	0.0927087	80013.6	1705.98	1705.59
S35	32565.3	0.159516	75328.4	0	0
Cl35	32564.6	0.115375	87875	5073.43	5073.14
Ne23	21414.1	0.235077	75259.9	0	0
Ne23	21414.1	0.231429	76655.5	0	0
Na23	21409.2	0.676224	84246.4	1847.25	1846.23
S35	32565.3	0.163636	77394.3	0	0
Cl35	32564.6	0.0919346	84919.3	3491.15	3490.99
Cl37	34424.8	0.0839659	77301	473.686	472.658
neutron	939.565	3.11093	76066.3	0	0
neutron	939.565	2.51877	76066.3	0	0
Ne21	19550.5	0.206365	76066.3	0	0
neutron	939.565	32.8063	74379.5	0	0
proton	938.272	19.7143	74379.5	0	0
neutron	939.565	0.465498	74379.5	0	0
P34	31638.6	0.448962	74379.5	0	0
neutron	939.565	2.52971	75935.4	0	0
S36	33495	0.362235	75935.4	0	0
S37	34430.2	0.142717	78698	0	0
Na23	21409.2	0.120903	78679.8	967.833	967.59
Cl35	32564.6	0.107638	78674	970.664	970.31
neutron	939.565	38.0068	76234.3	0	0
proton	938.272	27.491	76234.3	0	0
P33	30705.3	0.587934	76234.3	0	0
Cl37	34424.8	0.0803864	84527.6	2092.71	2092.35
Ne23	21414.1	0.233345	79784.8	0	0
neutron	939.565	7.16553	76335.9	0	0
neutron	939.565	5.48479	76335.9	0	0
neutron	939.565	4.53715	76335.9	0	0
Ne20	18617.7	1.62492	76335.9	0	0
Na23	21409.2	0.119078	83734.5	3257.37	3257.07
neutron	939.565	41.0458	75166.4	0	0
proton	938.272	14.7807	75166.4	0	0
neutron	939.565	1.04026	75166.4	0	0
F20	18625.3	0.881892	75166.4	0	0
Cl35	32564.6	0.316803	84321.5	3354.17	3353.77
Cl35	32564.6	0.103569	83844.2	3129.04	3128.91
neutron	939.565	14.0614	75434.3	0	0
neutron	939.565	2.56976	75434.3	0	0
neutron	939.565	0.660339	75434.3	0	0
alpha	3727.38	4.87077	75434.3	0	0
O16	14895.1	3.10803	75434.3	0	0
neutron	939.565	0.351555	74508	0	0
S34	31632.7	0.218458	74508	0	0
neutron	939.565	0.458611	75762.1	0	0
S34	31632.7	0.110994	75762.1	0	0
proton	938.272	6.51739	76575.5	0	0
neutron	939.565	4.61962	76575.5	0	0
neutron	939.565	3.91546	76575.5	0	0
neutron	939.565	3.79437	76575.5	0	0
alpha	3727.38	9.13745	76575.5	0	0
N15	13968.9	0.686614	76575.5	0	0
Na23	21409.2	0.155472	90488.8	6072.6	6071.98
Na23	21409.2	0.131793	78503.4	1073.77	1073.32
Cl37	34424.8	0.178687	94655.2	7705.05	7704.85
Ne23	21414.1	0.20514	76577.1	0	0
neutron	939.565	1.69156	79863.9	0	0
Ne22	20479.7	0.281236	79863.9	0	0
Cl35	32564.6	0.155618	93299.4	7280.77	7280.44
neutron	939.565	25.8937	76283.4	0	0
neutron	939.565	10.4513	76283.4	0	0
neutron	939.565	1.56982	76283.4	0	0
S32	29773.6	0.51102	76283.4	0	0
Na23	21409.2	0.135628	97153.8	8938.49	8938.31
neutron	939.565	6.46136	75297.2	0	0
neutron	939.565	2.70662	75297.2	0	0
neutron	939.565	1.75018	75297.2	0	0
S34	31632.7	0.355144	75297.2	0	0
Na23	21409.2	0.374411	89662.6	4889.77	4889.39
neutron	939.565	8.11845	77531.5	0	0
neutron	939.565	2.29369	77531.5	0	0
neutron	939.565	1.1971	77531.5	0	0
Ne20	18617.7	0.563998	77531.5	0	0
neutron	939.565	0.975515	77461.7	0	0
S34	31632.7	0.230958	77461.7	0	0
Cl35	32564.6	0.19772	80167.7	1285.09	1284.74
neutron	939.565	0.879724	76986.6	0	0
Ne22	20479.7	0.436486	76986.6	0	0
Na23	21409.2	0.131343	77835.4	510.644	510.357
Na23	21409.2	0.213685	92238	6545.08	6544.78
neutron	939.565	3.11378	75676.5	0	0
Ne22	20479.7	0.0540198	75676.5	0	0
Ne23	21414.1	0.230262	75920.3	0	0
neutron	939.565	2.09579	78131.2	0	0
S34	31632.7	0.245051	78131.2	0	0
neutron	939.565	1.02027	75095.9	0	0
S34	31632.7	0.189705	75095.9	0	0
Cl35	32564.6	0.0768435	98211.1	9333.59	9333.35
Cl35	32564.6	0.109378	97073.8	8838.67	8838.54
neutron	939.565	1.33659	77517.1	0	0
S34	31632.7	0.0629958	77517.1	0	0
Cl37	34424.8	0.106562	91343.1	6656.67	6656.36
Cl37	34424.8	0.101837	86207.5	4186.23	4185.89
Cl35	32564.6	0.162752	87165.7	4303.55	4303.07
neutron	939.565	7.74006	76487.4	0	0
neutron	939.565	0.883936	76487.4	0	0
neutron	939.565	0.855916	76487.4	0	0
Ne20	18617.7	0.957751	76487.4	0	0
Cl35	32564.6	0.161232	86417	4636.17	4635.73
Ne23	21414.1	0.212446	74895.8	0	0
Cl37	34424.8	0.0796675	95298	7703.75	7703.55
Cl37	34424.8	0.202394	87994.1	4684.04	4683.77
Cl35	32564.6	0.0911933	75965.5	12.8321	12.7026
neutron	939.565	1.98142	75965.1	0	0
S34	31632.7	0.365422	75965.1	0	0
Cl37	34424.8	0.0906485	93516.9	7011.98	7011.6
neutron	939.565	5.914	76959.6	0	0
neutron	939.565	2.73334	76959.6	0	0
neutron	939.565	1.50108	76959.6	0	0
S34	31632.7	0.123396	76959.6	0	0
neutron	939.565	0.181146	77070.7	0	0
S36	33495	0.109668	77070.7	0	0
Na23	21409.2	0.275894	78232.1	641.254	640.925
Na23	21409.2	0.616748	99247.6	9727.06	9726.4
neutron	939.565	5.96367	75543.6	0	0
proton	938.272	5.34302	75543.6	0	0
neutron	939.565	4.66053	75543.6	0	0
neutron	939.565	4.40872	75543.6	0	0
proton	938.272	4.38429	75543.6	0	0
Si30	27913.2	0.673714	75543.6	0	0
Na23	21409.2	0.159913	94382.1	7211.87	7211.44
neutron	939.565	0.49727	76894.6	0	0
Ne22	20479.7	0.116684	76894.6	0	0
Na23	21409.2	0.108243	95353.3	8134.24	8133.77
Cl35	32564.6	0.0748202	88283.4	5023.65	5023.41
Cl35	32564.6	0.242801	86056.5	4096.76	4096.46
Na23	21409.2	0.139914	88449.3	4559.06	4558.72
Na23	21409.2	0.16062	76620.6	43.526	42.9915
proton	938.272	12.9557	76589.3	0	0
neutron	939.565	6.57064	76589.3	0	0
neutron	939.565	4.13808	76589.3	0	0
neutron	939.565	3.13319	76589.3	0	0
alpha	3727.38	3.41525	76589.3	0	0
N15	13968.9	4.13162	76589.3	0	0
Cl37	34424.8	0.176805	84529.4	3685.18	3684.6
neutron	939.565	0.229623	75232.2	0	0
Ne22	20479.7	0.221515	75232.2	0	0
Cl35	32564.6	0.121683	83889.3	3055.66	3055.33
Na23	21409.2	0.106361	83373.9	3345.93	3345.29
Cl37	34424.8	0.0724436	79878.6	1709.69	1709.48
neutron	939.565	4.07	75110.1	0	0
neutron	939.565	3.5879	75110.1	0	0
neutron	939.565	1.28149	75110.1	0	0
S34	31632.7	0.205489	75110.1	0	0
neutron	939.565	42.8414	74066.1	0	0
neutron	939.565	2.25181	74066.1	0	0
neutron	939.565	2.0115	74066.1	0	0
S32	29773.6	0.823222	74066.1	0	0
Cl37	34424.8	0.0642313	92196.4	6702.24	6702.1
Cl35	32564.6	0.123937	85138.9	3781.72	3781.54
neutron	939.565	1.08621	75764.3	0	0
Ne22	20479.7	0.0766594	75764.3	0	0
Na23	21409.2	0.142994	76920	570.753	570.552
Ne23	21414.1	0.206391	77328.1	0	0
Cl35	32564.6	0.0819894	97542.3	9062.18	9061.36
neutron	939.565	1.18295	76129.6	0	0
Ne22	20479.7	0.236274	76129.6	0	0
neutron	939.565	0.166615	74717.4	0	0
S34	31632.7	0.172548	74717.4	0	0
Cl35	32564.6	0.0714656	88129.6	4116.66	4116.5
neutron	939.565	0.327478	77829.4	0	0
S34	31632.7	0.134284	77829.4	0	0
Na23	21409.2	0.711786	85723.4	4286.49	4285.6
Cl37	34424.8	0.286129	84113.8	3618.94	3618.6
Cl35	32564.6	0.1413	93719.4	7462.98	7462.61
Cl35	32564.6	0.0832841	86895.8	4508.7	4508.48
neutron	939.565	2.44086	79167.6	0	0
neutron	939.565	0.624479	79167.6	0	0
S33	30704.6	0.146949	79167.6	0	0
Cl35	32564.6	0.243254	96189.9	8417.52	8416.96
Cl35	32564.6	0.207973	81733	2430.45	2430.01
neutron	939.565	4.70269	76039.1	0	0
Ne22	20479.7	0.0466938	76039.1	0	0
neutron	939.565	5.17995	75084.2	0	0
neutron	939.565	4.09081	75084.2	0	0
neutron	939.565	2.63238	75084.2	0	0
alpha	3727.38	6.76713	75084.2	0	0
O16	14895.1	1.55504	75084.2	0	0
Na23	21409.2	0.120122	77008.2	1102.85	1102.52
neutron	939.565	0.666532	73956	0	0
Ne22	20479.7	0.36144	73956	0	0
neutron	939.565	1.41355	75195.5	0	0
Ne22	20479.7	0.134189	75195.5	0	0
Cl35	32564.6	0.152499	98182.2	9336.9	9336.54
neutron	939.565	1.17232	75953.8	0	0
S34	31632.7	0.0862229	75953.8	0	0
Na23	21409.2	0.242711	96416.2	7983.82	7983.35
neutron	939.565	0.399695	76995.2	0	0
Ne22	20479.7	0.35542	76995.2	0	0
Cl37	34424.8	0.10696	83378.4	1716.83	1716.7
proton	938.272	6.1453	78889.1	0	0
neutron	939.565	5.24519	78889.1	0	0
neutron	939.565	3.09218	78889.1	0	0
F20	18625.3	0.130354	78889.1	0	0
Cl35	32564.6	0.0754243	86697.4	4417.74	4417.64
Na23	21409.2	0.806198	82694.7	2005.71	2004.63
neutron	939.565	0.979634	77371.6	0	0
Ne22	20479.7	0.210581	77371.6	0	0
Na23	21409.2	0.232411	90208.7	5490.3	5490
proton	938.272	30.1238	77520.8	0	0
neutron	939.565	6.58671	77520.8	0	0
P33	30705.3	1.20128	77520.8	0	0
Cl35	32564.6	0.120499	93132.7	5914.97	5914.82
Cl35	32564.6	0.0931678	85043.6	3061.42	3061.05
Ne23	21414.1	0.205058	77051.8	0	0
neutron	939.565	0.69306	81471.4	0	0
S34	31632.7	0.133491	81471.4	0	0
Cl35	32564.6	0.194546	79178	751.145	750.374
proton	938.272	14.5797	77198.5	0	0
neutron	939.565	5.35754	77198.5	0	0
neutron	939.565	1.62677	77198.5	0	0
F20	18625.3	0.0294794	77198.5	0	0
proton	938.272	4.86683	77467.4	0	0
proton	938.272	3.85862	77467.4	0	0
neutron	939.565	3.4993	77467.4	0	0
neutron	939.565	1.80975	77467.4	0	0
Si31	28846.2	0.128341	77467.4	0	0
Na23	21409.2	0.194219	95370.8	7766.11	7765.89
neutron	939.565	0.776474	75970.8	0	0
Ne22	20479.7	0.167878	75970.8	0	0
Na23	21409.2	0.270758	77375.1	722.198	721.728
neutron	939.565	4.0735	75482.4	0	0
neutron	939.565	0.437941	75482.4	0	0
Ne21	19550.5	0.505861	75482.4	0	0
Cl35	32564.6	0.0686084	99323.8	9745.22	9745.15
Ne23	21414.1	0.222177	75476.1	0	0
Cl35	32564.6	0.0890162	96454.7	8336.47	8336.14
neutron	939.565	1.25751	78888.9	0	0
S34	31632.7	0.300207	78888.9	0	0
Cl35	32564.6	0.129759	78190.1	95.4081	95.2165
neutron	939.565	0.147579	75649.2	0	0
alpha	3727.38	8.67574	75649.2	0	0
Si30	27913.2	0.655168	75649.2	0	0
Cl35	32564.6	0.076263	92254.9	5062.84	5062.63
Cl35	32564.6	0.123149	85225.3	3815.12	3814.87
neutron	939.565	5.51048	75476.1	0	0
neutron	939.565	1.62491	75476.1	0	0
Ne21	19550.5	0.426594	75476.1	0	0
neutron	939.565	23.8532	76556.6	0	0
neutron	939.565	8.71863	76556.6	0	0
neutron	939.565	1.56182	76556.6	0	0
alpha	3727.38	5.26085	76556.6	0	0
O16	14895.1	1.60761	76556.6	0	0
Cl35	32564.6	0.074514	95131.4	7975.37	7974.85
Cl35	32564.6	0.08724	93580.4	7451.16	7451.01
Na23	21409.2	0.184427	93295.8	7353.39	7352.81
Cl35	32564.6	0.0830355	81170.8	2140.81	2140.56
neutron	939.565	1.39949	75456.8	0	0
S36	33495	0.0986127	75456.8	0	0
Cl35	32564.6	0.393644	90128.1	5667.09	5666.61
Cl35	32564.6	0.123458	87577.8	4685.8	4685.19
neutron	939.565	0.271766	77258.7	0	0
S34	31632.7	0.120756	77258.7	0	0
Na23	21409.2	0.418534	93817.5	7285.85	7285.42
Cl35	32564.6	0.0784056	78868.3	958.44	958.271
S35	32565.3	0.145357	75757.5	0	0
Na23	21409.2	0.158696	88180	4048.25	4048.02
neutron	939.565	1.60407	77238.1	0	0
S34	31632.7	0.207967	77238.1	0	0
Cl37	34424.8	0.0747884	92322.7	6579.6	6579.5
neutron	939.565	3.64627	78329.4	0	0
S34	31632.7	0.00229552	78329.4	0	0
Cl35	32564.6	0.107194	97038.2	8841.27	8841.13
Cl35	32564.6	0.0989429	78190.8	760.02	759.578
Cl35	32564.6	0.0915387	99140.9	9496.62	9496.17
Cl35	32564.6	0.101969	94803.4	7076.59	7076.47
Cl35	32564.6	0.083899	89083	2987.54	2987.42
neutron	939.565	12.2423	81147.2	0	0
neutron	939.565	9.24518	81147.2	0	0
neutron	939.565	7.34834	81147.2	0	0
Ne20	18617.7	0.876199	81147.2	0	0
neutron	939.565	5.15728	77559.4	0	0
neutron	939.565	4.33873	77559.4	0	0
neutron	939.565	2.72005	77559.4	0	0
Ne20	18617.7	0.809942	77559.4	0	0
Na23	21409.2	0.55566	83718.7	3186.5	3185.8
neutron	939.565	0.0381047	75620	0	0
S34	31632.7	0.157346	75620	0	0
Cl35	32564.6	0.0743656	99822	9930.27	9930.13
Cl35	32564.6	0.252274	89076.6	5645.05	5644.42
Cl37	34424.8	0.0770469	82113.8	2654.41	2654
Na23	21409.2	0.326177	79998.9	992.62	992.244
neutron	939.565	20.8462	78539	0	0
neutron	939.565	1.158	78539	0	0
neutron	939.565	0.543892	78539	0	0
alpha	3727.38	7.66832	78539	0	0
O16	14895.1	6.60417	78539	0	0
Na23	21409.2	0.204825	95398.3	8006.54	8005.68
neutron	939.565	0.545222	76722.2	0	0
S34	31632.7	0.110969	76722.2	0	0
Cl35	32564.6	0.0790678	78841.7	891.482	891.266
Cl35	32564.6	0.123511	76707.6	140.003	139.873
Na23	21409.2	0.491636	85803.7	3948.06	3947.46
Cl35	32564.6	0.098828	94104.9	7145.92	7145.76
Cl35	32564.6	0.173468	83761.8	2977.38	2977.04
Ne23	21414.1	0.233397	75656.1	0	0
Na23	21409.2	0.373135	90269.3	5879.86	5878.85
Cl35	32564.6	0.111612	83728.4	3329.05	3328.89
neutron	939.565	1.1955	75257.9	0	0
Ne22	20479.7	0.107547	75257.9	0	0
Cl35	32564.6	0.267632	88797.7	5153.61	5153.3
neutron	939.565	5.11684	75644.5	0	0
neutron	939.565	4.85671	75644.5	0	0
neutron	939.565	1.22835	75644.5	0	0
S34	31632.7	0.496988	75644.5	0	0
neutron	939.565	10.6959	75358.3	0	0
neutron	939.565	0.51185	75358.3	0	0
alpha	3727.38	5.403	75358.3	0	0
Si29	26984.3	1.47307	75358.3	0	0
neutron	939.565	0.891027	74790.3	0	0
S34	31632.7	0.165164	74790.3	0	0
Cl35	32564.6	0.117424	97625.4	9104.82	9104.12
neutron	939.565	18.4194	75223.3	0	0
neutron	939.565	3.05654	75223.3	0	0
neutron	939.565	1.56122	75223.3	0	0
S34	31632.7	0.448784	75223.3	0	0
Cl35	32564.6	0.103354	87343.1	4338.92	4338.52
neutron	939.565	4.26723	76725.3	0	0
alpha	3727.38	18.5014	76725.3	0	0
O18	16762	4.86156	76725.3	0	0
Na23	21409.2	0.167698	92595.7	6735.24	6734.83
Cl35	32564.6	0.151982	75925.8	277.593	277.415
proton	938.272	5.30427	76832	0	0
neutron	939.565	2.72896	76832	0	0
neutron	939.565	1.87233	76832	0	0
neutron	939.565	1.18558	76832	0	0
P33	30705.3	0.137347	76832	0	0
Cl35	32564.6	0.0968524	78805.9	1331.7	1331.23
Ne23	21414.1	0.227388	75195.7	0	0
Na23	21409.2	0.174743	84535.8	3316.6	3316.12
Cl37	34424.8	0.186419	93449.7	7240.54	7240.31
S35	32565.3	0.158786	75187	0	0
Cl35	32564.6	0.0810069	78150.7	708.646	708.189
neutron	939.565	5.46782	76289.6	0	0
neutron	939.565	4.81676	76289.6	0	0
neutron	939.565	0.570823	76289.6	0	0
Ne20	18617.7	0.559611	76289.6	0	0
neutron	939.565	0.130657	75967.2	0	0
S34	31632.7	0.177936	75967.2	0	0
Cl35	32564.6	0.0955156	79521.8	1414.24	1414.13
Cl37	34424.8	0.136205	97456.9	8839.68	8839.5
neutron	939.565	6.45203	77244.1	0	0
neutron	939.565	6.41191	77244.1	0	0
neutron	939.565	0.423962	77244.1	0	0
Ne20	18617.7	0.370356	77244.1	0	0
Cl35	32564.6	0.0857811	90060.3	4054.52	4054.12
S35	32565.3	0.160745	79909.9	0	0
S37	34430.2	0.133653	76605.3	0	0
Cl35	32564.6	0.171952	89750.5	5652.85	5652.63
Cl35	32564.6	0.0907453	87818.2	4914.48	4914.34
Ne23	21414.1	0.207486	75118.5	0	0
neutron	939.565	2.04089	75074.3	0	0
Ne22	20479.7	0.49195	75074.3	0	0
Na23	21409.2	0.314366	97486.8	7894.68	7894.37
neutron	939.565	0.506657	78309.3	0	0
Ne22	20479.7	0.345314	78309.3	0	0
Cl35	32564.6	0.161369	82114.7	2140.41	2140.21
neutron	939.565	8.97007	76762.4	0	0
neutron	939.565	0.580113	76762.4	0	0
S33	30704.6	0.545889	76762.4	0	0
Na23	21409.2	0.147387	94993.3	7868.85	7868.61
Ne23	21414.1	0.218339	76474.4	0	0
neutron	939.565	5.61013	78590.5	0	0
neutron	939.565	3.38908	78590.5	0	0
neutron	939.565	1.88818	78590.5	0	0
alpha	3727.38	3.78042	78590.5	0	0
O16	14895.1	3.45211	78590.5	0	0
neutron	939.565	4.29795	76653.3	0	0
neutron	939.565	2.78599	76653.3	0	0
neutron	939.565	2.781	76653.3	0	0
He3	2808.39	9.33744	76653.3	0	0
Si29	26984.3	0.892466	76653.3	0	0
Cl35	32564.6	0.0937424	81153.7	1767.76	1767.63
neutron	939.565	0.505686	76225.2	0	0
Ne22	20479.7	0.11148	76225.2	0	0
neutron	939.565	19.6054	74718.4	0	0
neutron	939.565	5.54034	74718.4	0	0
deuteron	1875.61	3.72726	74718.4	0	0
P31	28844.2	0.181275	74718.4	0	0
S35	32565.3	0.166636	75997.5	0	0
S35	32565.3	0.145002	74801.3	0	0
S37	34430.2	0.139146	75343.2	0	0
Cl35	32564.6	0.112252	94501.1	7876.4	7876.22
neutron	939.565	23.498	78468.9	0	0
proton	938.272	6.91974	78468.9	0	0
neutron	939.565	6.64716	78468.9	0	0
proton	938.272	3.40122	78468.9	0	0
neutron	939.565	2.51335	78468.9	0	0
Si30	27913.2	0.476972	78468.9	0	0
neutron	939.565	6.13213	77597	0	0
neutron	939.565	1.77295	77597	0	0
neutron	939.565	0.420172	77597	0	0
S34	31632.7	0.352992	77597	0	0
Na23	21409.2	0.108879	79796.2	1602.48	1602.37
Cl35	32564.6	0.246538	75853.7	129.704	129.438
neutron	939.565	3.21602	75678.6	0	0
S34	31632.7	0.103757	75678.6	0	0
Cl37	34424.8	0.0807823	77772.5	753.246	753.121
S37	34430.2	0.131006	75794.6	0	0
Cl35	32564.6	0.157563	88475.8	5175.57	5175.04
Na23	21409.2	0.142091	82858.8	2884.77	2884.55
Cl35	32564.6	0.102951	77077.9	669.966	669.779
neutron	939.565	11.2054	75392.5	0	0
proton	938.272	5.77381	75392.5	0	0
neutron	939.565	5.45507	75392.5	0	0
neutron	939.565	4.9794	75392.5	0	0
P31	28844.2	1.34405	75392.5	0	0
proton	938.272	13.5005	75589.3	0	0
neutron	939.565	4.57788	75589.3	0	0
neutron	939.565	2.93473	75589.3	0	0
P32	29775.8	0.0942524	75589.3	0	0
Cl35	32564.6	0.077876	79620.8	1841.86	1841.61
Cl35	32564.6	0.234319	75487.4	290.445	290.199
Na23	21409.2	0.18469	92730.3	7267.63	7267.25
Na23	21409.2	0.307494	84571.5	3558.48	3558.17
Na23	21409.2	0.122176	79685	1506.81	1506.52
Ne23	21414.1	0.226734	76354	0	0
Cl35	32564.6	0.143554	90214.2	5789.47	5789.22
Na23	21409.2	0.20484	88591.2	5187.99	5187.76
neutron	939.565	0.391975	76122.1	0	0
Ne22	20479.7	0.12938	76122.1	0	0
Cl35	32564.6	0.0781181	93770.7	7631.28	7630.87
Ne23	21414.1	0.227896	74470.1	0	0
proton	938.272	24.5046	75074.4	0	0
neutron	939.565	5.74674	75074.4	0	0
neutron	939.565	2.58225	75074.4	0	0
F20	18625.3	0.323937	75074.4	0	0
Na23	21409.2	0.253504	81803.2	2452.37	2452.1
neutron	939.565	5.71449	75457	0	0
neutron	939.565	4.39597	75457	0	0
neutron	939.565	2.0283	75457	0	0
S34	31632.7	0.550071	75457	0	0
Cl35	32564.6	0.0833691	94861	7566.96	7566.7
Na23	21409.2	0.173095	76558.7	150.097	149.863
S37	34430.2	0.141099	76257.9	0	0
Cl35	32564.6	0.153873	95677.7	8224.43	8224.11
Cl37	34424.8	0.0644333	91482.6	6363.42	6363.16
neutron	939.565	1.33488	74668.4	0	0
S34	31632.7	0.0636667	74668.4	0	0
S35	32565.3	0.139526	78266.3	0	0
Cl35	32564.6	0.110019	84420.7	3684.26	3683.48
Ne23	21414.1	0.214625	79257.1	0	0
Cl35	32564.6	0.0798087	97840.1	9046.21	9046.11
Na23	21409.2	0.168841	94507.5	6400.62	6400.3
Na23	21409.2	0.143697	97681.6	8992.29	8992.1
Na23	21409.2	0.210774	94994.8	7830.62	7830.31
Cl35	32564.6	0.0996468	83540	3023.74	3023.57
Cl35	32564.6	0.0749565	76234.1	29.5465	29.3732
neutron	939.565	7.49904	76216.3	0	0
neutron	939.565	1.60815	76216.3	0	0
S33	30704.6	0.308314	76216.3	0	0
Na23	21409.2	0.147468	86952.4	4875.59	4875.37
neutron	939.565	28.6169	75141.2	0	0
neutron	939.565	8.59148	75141.2	0	0
proton	938.272	6.85677	75141.2	0	0
F20	18625.3	1.62777	75141.2	0	0
neutron	939.565	3.4437	75527.7	0	0
neutron	939.565	2.57222	75527.7	0	0
neutron	939.565	1.27889	75527.7	0	0
alpha	3727.38	5.07877	75527.7	0	0
O16	14895.1	1.01321	75527.7	0	0
Na23	21409.2	0.118628	83383.9	2379.79	2379.67
neutron	939.565	2.90781	77418.5	0	0
S34	31632.7	0.318556	77418.5	0	0
Na23	21409.2	0.165425	88661.8	4913.78	4913.16
Cl37	34424.8	0.104374	81575.2	1764	1763.39
neutron	939.565	0.459862	76962.9	0	0
S34	31632.7	0.08758	76962.9	0	0
Cl35	32564.6	0.140763	79979.7	1304.49	1303.98
Na23	21409.2	0.1466	98829.4	9531.74	9531.52
Cl35	32564.6	0.126239	81001.5	1684.2	1683.56
proton	938.272	39.3016	76462.3	0	0
neutron	939.565	4.48561	76462.3	0	0
neutron	939.565	3.71223	76462.3	0	0
proton	938.272	3.37034	76462.3	0	0
neutron	939.565	1.44521	76462.3	0	0
Si30	27913.2	1.83748	76462.3	0	0
Cl35	32564.6	0.08638	77603.1	676.592	676.344
neutron	939.565	3.07692	75221.9	0	0
S34	31632.7	0.436908	75221.9	0	0
neutron	939.565	0.424878	76113.1	0	0
S34	31632.7	0.173819	76113.1	0	0
Cl37	34424.8	0.0817701	84863	4038.15	4038.04
Cl35	32564.6	0.139164	83046.2	3360.16	3359.98
Na23	21409.2	0.812327	95724.1	8164.54	8163.33
neutron	939.565	13.4507	76517.9	0	0
proton	938.272	11.1274	76517.9	0	0
neutron	939.565	1.94051	76517.9	0	0
P32	29775.8	0.626018	76517.9	0	0
Na23	21409.2	0.18513	94547.7	7866.01	7865.68
Na23	21409.2	0.335525	87338.3	5115.96	5115.38
neutron	939.565	51.6399	77065	0	0
neutron	939.565	3.79316	77065	0	0
neutron	939.565	0.121515	77065	0	0
Ne20	18617.7	1.46152	77065	0	0
Cl35	32564.6	0.101832	94718.6	7803.07	7802.65
neutron	939.565	10.8727	74878.8	0	0
neutron	939.565	5.82175	74878.8	0	0
neutron	939.565	2.57069	74878.8	0	0
Ne20	18617.7	2.01222	74878.8	0	0
neutron	939.565	2.58246	76339.3	0	0
S34	31632.7	0.165742	76339.3	0	0
Cl35	32564.6	0.0949181	86436.8	4022.1	4021.98
Cl35	32564.6	0.0788657	89658	5454.35	5454.15
neutron	939.565	2.55066	76789.9	0	0
S34	31632.7	0.292706	76789.9	0	0
Cl37	34424.8	0.110936	95835.4	8293.13	8292.84
proton	938.272	4.84037	75246	0	0
neutron	939.565	0.49528	75246	0	0
F21	19556.7	0.296117	75246	0	0
Na23	21409.2	0.268485	93757.7	6836.23	6835.81
neutron	939.565	1.94643	76979.2	0	0
S34	31632.7	0.0555371	76979.2	0	0
neutron	939.565	20.6146	75338	0	0
neutron	939.565	3.66454	75338	0	0
neutron	939.565	1.20453	75338	0	0
S32	29773.6	0.925868	75338	0	0
Cl35	32564.6	0.346919	85062.2	3119.38	3118.89
Na23	21409.2	0.200894	87786.6	4936.81	4936.4
Na23	21409.2	0.396269	87079	4680.33	4679.86
neutron	939.565	4.43644	76644.6	0	0
neutron	939.565	2.66218	76644.6	0	0
S33	30704.6	0.870069	76644.6	0	0
Cl37	34424.8	0.103555	91968	6701.52	6700.75
Ne23	21414.1	0.231581	76612.1	0	0
Na23	21409.2	0.153689	91209.9	6038.69	6038.41
Na23	21409.2	0.1093	88563.8	5256.81	5256.47
S35	32565.3	0.16518	75600.6	0	0
Na23	21409.2	0.120871	99517	9814.01	9813.77
Na23	21409.2	0.133672	83028.3	2293.18	2292.91
neutron	939.565	0.736343	74539.3	0	0
S34	31632.7	0.231774	74539.3	0	0
Cl35	32564.6	0.275773	79068	782.919	781.97
Cl35	32564.6	0.0720356	92473.6	6822.81	6822.5
neutron	939.565	15.336	75849.9	0	0
neutron	939.565	0.455098	75849.9	0	0
S33	30704.6	0.341308	75849.9	0	0
S37	34430.2	0.126471	75182.2	0	0
Ne23	21414.1	0.231459	75833.5	0	0
neutron	939.565	8.44774	79767.7	0	0
neutron	939.565	2.69996	79767.7	0	0
neutron	939.565	2.15482	79767.7	0	0
Ne20	18617.7	0.656574	79767.7	0	0
Na23	21409.2	0.157439	78639.5	572.254	571.93
S37	34430.2	0.143544	77182.6	0	0
Na23	21409.2	0.850841	82356.1	2529.69	2528.75
Na23	21409.2	0.127405	85769.5	3546.51	3546.1
S35	32565.3	0.162951	77000	0	0
Na23	21409.2	0.130596	77831.2	1180.88	1180.64
neutron	939.565	20.067	74731.7	0	0
neutron	939.565	6.57429	74731.7	0	0
neutron	939.565	0.968669	74731.7	0	0
alpha	3727.38	9.84837	74731.7	0	0
Si28	26053.2	1.75368	74731.7	0	0
Cl35	32564.6	0.140379	82847.6	2607.45	2606.95
Cl35	32564.6	0.101235	78344.9	1407.77	1407.61
Ne23	21414.1	0.232178	74558.2	0	0
Cl37	34424.8	0.0943875	90497.4	5837.03	5836.72
S35	32565.3	0.135972	75427.1	0	0
neutron	939.565	0.380954	76016.6	0	0
Ne22	20479.7	0.265175	76016.6	0	0
Cl35	32564.6	0.399656	93744.2	7459.22	7458.74
neutron	939.565	21.9762	75982	0	0
neutron	939.565	1.52632	75982	0	0
neutron	939.565	0.922919	75982	0	0
alpha	3727.38	12.6128	75982	0	0
O16	14895.1	7.67366	75982	0	0
Cl37	34424.8	0.145501	81787.8	1941.06	1940.9
neutron	939.565	16.3956	76502.4	0	0
alpha	3727.38	7.98495	76502.4	0	0
Si30	27913.2	0.722318	76502.4	0	0
Cl35	32564.6	0.0897632	92470.9	6307.52	6306.83
Cl35	32564.6	0.108704	80899.3	1608.4	1607.55
Cl37	34424.8	0.0672571	94747.9	7782.81	7782.24
Na23	21409.2	0.216512	89175.6	5574.52	5574.1
Cl35	32564.6	0.118872	98815.2	9551.7	9551.52
Cl35	32564.6	0.461336	86401.9	4106.69	4105.82
neutron	939.565	8.21688	76077.5	0	0
neutron	939.565	7.33595	76077.5	0	0
neutron	939.565	5.91975	76077.5	0	0
alpha	3727.38	12.0684	76077.5	0	0
O16	14895.1	2.4483	76077.5	0	0
Na23	21409.2	0.31983	94953.5	7385.92	7385.31
Cl37	34424.8	0.0912314	81410.7	1756.97	1756.71
Na23	21409.2	0.152561	80339.5	1324.95	1324.51
Na23	21409.2	0.107829	77820.7	300.979	300.731
neutron	939.565	0.4392	77090.6	0	0
S36	33495	0.160607	77090.6	0	0
neutron	939.565	1.63481	75500.6	0	0
Ne22	20479.7	0.216702	75500.6	0	0
Cl35	32564.6	0.439698	94495.9	7810.18	7809.65
Na23	21409.2	0.179805	92662.1	7072.73	7072.45
neutron	939.565	0.376753	77047.6	0	0
S34	31632.7	0.0997835	77047.6	0	0
Cl35	32564.6	0.0978966	95838.3	5949.29	5948.89
Cl35	32564.6	0.74671	90883.1	3941.55	3940.29
neutron	939.565	0.397185	81117.2	0	0
Ne22	20479.7	0.290998	81117.2	0	0
Cl35	32564.6	0.0985286	84916.8	3525.48	3525.25
S35	32565.3	0.150282	75997.6	0	0
Cl37	34424.8	0.299334	99527.8	9844.97	9844.45
Cl37	34424.8	0.0931802	98181.2	9267.35	9267.18
Cl35	32564.6	0.118755	85535	2879.26	2879.11
Na23	21409.2	0.216336	98212.6	9317.09	9316.74
neutron	939.565	0.668746	74878.1	0	0
Ne22	20479.7	0.152192	74878.1	0	0
neutron	939.565	6.89711	76474.6	0	0
proton	938.272	5.13773	76474.6	0	0
neutron	939.565	1.88212	76474.6	0	0
deuteron	1875.61	2.46917	76474.6	0	0
O18	16762	0.48248	76474.6	0	0
Cl35	32564.6	0.469676	92815.9	6915.04	6914.49
Cl35	32564.6	0.233029	77795.1	606.667	606.091
neutron	939.565	0.0794791	76229.3	0	0
S34	31632.7	0.171997	76229.3	0	0
neutron	939.565	3.50273	83926.4	0	0
S34	31632.7	0.277991	83926.4	0	0
Cl35	32564.6	0.222755	95674	8321.5	8320.91
Na23	21409.2	0.134321	84504.5	3249.9	3249.72
neutron	939.565	0.732539	76416.2	0	0
S34	31632.7	0.128684	76416.2	0	0
Na23	21409.2	0.106301	93155.3	7213.76	7213.61
proton	938.272	14.8414	77314.8	580.088	368.584
S34	31632.7	1.07389	77314.8	580.088	368.584
Cl35	32564.6	0.0840246	88807.3	5410.29	5410.07
neutron	939.565	0.108906	75067.5	0	0
S36	33495	0.135613	75067.5	0	0
Na23	21409.2	0.210827	84591	3278.31	3277.98
Na23	21409.2	0.160177	83268.6	2665.61	2665.44
neutron	939.565	0.219096	76232.8	0	0
S36	33495	0.124292	76232.8	0	0
Na23	21409.2	0.262982	93962.7	7458.88	7458.36
Cl35	32564.6	0.103802	91084.5	6395.29	6395.17
Ne23	21414.1	0.227503	74148.5	0	0
Na23	21409.2	0.265588	89720	5751.62	5751.23
Cl37	34424.8	0.0843442	81751.8	2387.29	2387.19
Ne23	21414.1	0.217798	75861.7	0	0
Cl35	32564.6	0.201335	94388.1	7721.78	7721.48
neutron	939.565	6.87642	74812.4	0	0
neutron	939.565	4.98131	74812.4	0	0
neutron	939.565	4.15994	74812.4	0	0
proton	938.272	3.35775	74812.4	0	0
P31	28844.2	0.219101	74812.4	0	0
Cl35	32564.6	0.096083	81389	2570.9	2570.58
S35	32565.3	0.162939	74633.4	0	0
Cl37	34424.8	0.124918	79094.4	861.019	860.86
neutron	939.565	24.5673	76806.2	0	0
neutron	939.565	7.4852	76806.2	0	0
neutron	939.565	4.04935	76806.2	0	0
proton	938.272	3.13808	76806.2	0	0
alpha	3727.38	10.2183	76806.2	0	0
N15	13968.9	1.70421	76806.2	0	0
Na23	21409.2	1.26202	94917.4	7930.06	7928.59
neutron	939.565	2.64409	75174.5	0	0
S34	31632.7	0.163809	75174.5	0	0
Cl35	32564.6	0.0823863	96417.6	8379.87	8379.38
Na23	21409.2	0.122652	83644.8	2391.49	2391.2
neutron	939.565	16.1174	75864	0	0
neutron	939.565	5.19158	75864	0	0
neutron	939.565	4.12784	75864	0	0
neutron	939.565	1.64778	75864	0	0
alpha	3727.38	4.2636	75864	0	0
O15	13971.2	1.89654	75864	0	0
Na23	21409.2	0.17164	94305.9	7499.52	7499.16
Ne23	21414.1	0.229706	77577.8	0	0
Cl35	32564.6	0.165607	96760.9	8737.14	8736.9
neutron	939.565	3.61729	75908.9	0	0
S34	31632.7	0.104254	75908.9	0	0
Na23	21409.2	0.106592	81998.9	2150.62	2150.3
S35	32565.3	0.162634	76189.9	0	0
Cl35	32564.6	0.212169	93241.7	6717.73	6716.97
neutron	939.565	17.3995	76316.8	0	0
neutron	939.565	0.392758	76316.8	0	0
S33	30704.6	0.540694	76316.8	0	0
Cl37	34424.8	0.0770994	86572	4470.09	4470
proton	938.272	40.3233	75515.2	0	0
neutron	939.565	2.75867	75515.2	0	0
neutron	939.565	0.61409	75515.2	0	0
neutron	939.565	0.24334	75515.2	0	0
P31	28844.2	1.66747	75515.2	0	0
S35	32565.3	0.151363	75883.3	0	0
Na23	21409.2	0.112184	91789.9	6633.7	6633.54
Na23	21409.2	0.129515	78844.9	1011.64	1011.48
neutron	939.565	6.71144	76361.1	0	0
proton	938.272	4.71108	76361.1	0	0
neutron	939.565	3.65425	76361.1	0	0
proton	938.272	3.41183	76361.1	0	0
neutron	939.565	0.151738	76361.1	0	0
Si30	27913.2	1.47057	76361.1	0	0
Cl35	32564.6	0.240411	90235.7	5464.77	5464.43
Cl35	32564.6	0.458111	86323.7	3902.99	3902.03
neutron	939.565	0.219069	76354.9	0	0
S34	31632.7	0.137813	76354.9	0	0
Ne23	21414.1	0.231913	76805.2	0	0
neutron	939.565	5.42758	75846	0	0
neutron	939.565	2.83598	75846	0	0
Ne21	19550.5	0.0405182	75846	0	0
Na23	21409.2	0.752431	79175.6	468.74	467.887
neutron	939.565	2.18522	77949.8	0	0
S34	31632.7	0.169182	77949.8	0	0
Na23	21409.2	0.103127	77240.8	666.44	666.329
neutron	939.565	17.2471	75478	0	0
alpha	3727.38	10.099	75478	0	0
Si30	27913.2	2.48296	75478	0	0
Na23	21409.2	0.174799	79079.3	1126.41	1126.07
neutron	939.565	30.1953	75879.2	0	0
neutron	939.565	5.10483	75879.2	0	0
neutron	939.565	3.21668	75879.2	0	0
Ne20	18617.7	1.4875	75879.2	0	0
Na23	21409.2	0.119059	80766.9	2090.69	2090.51
neutron	939.565	3.75536	75031.7	0	0
neutron	939.565	1.46134	75031.7	0	0
neutron	939.565	1.25082	75031.7	0	0
S34	31632.7	0.112937	75031.7	0	0
proton	938.272	5.50057	74040.4	0	0
neutron	939.565	2.01346	74040.4	0	0
P33	30705.3	0.293535	74040.4	0	0
Cl35	32564.6	0.138578	90460.7	5764.28	5764.07
neutron	939.565	2.9299	76194.9	0	0
S34	31632.7	0.117063	76194.9	0	0
neutron	939.565	1.98961	76923	0	0
neutron	939.565	0.313076	76923	0	0
Ne21	19550.5	0.409257	76923	0	0
neutron	939.565	0.285464	77837.5	0	0
S34	31632.7	0.158101	77837.5	0	0
Cl35	32564.6	0.079124	78521	352.966	352.771
S35	32565.3	0.145882	76390	0	0
S35	32565.3	0.150578	77327.9	0	0
Cl35	32564.6	0.0873324	95182.5	8083.51	8083.37
Cl37	34424.8	0.212926	76721.7	91.845	91.4654
Na23	21409.2	0.172323	92533.5	6962.84	6962.58
neutron	939.565	0.241465	75021.4	0	0
S36	33495	0.17849	75021.4	0	0
neutron	939.565	34.5435	85573.3	0	0
neutron	939.565	9.57964	85573.3	0	0
neutron	939.565	1.63769	85573.3	0	0
alpha	3727.38	5.70404	85573.3	0	0
O16	14895.1	4.37714	85573.3	0	0
neutron	939.565	6.59881	73810.6	0	0
neutron	939.565	1.33437	73810.6	0	0
neutron	939.565	0.691149	73810.6	0	0
Ne20	18617.7	0.699759	73810.6	0	0
Na23	21409.2	0.138437	85911.9	2851.68	2851.35
Cl35	32564.6	0.0926919	90319.3	6164.92	6164.74
Ne23	21414.1	0.220583	76250.2	0	0
Cl35	32564.6	0.118534	92283.4	6562.78	6562.57
Cl35	32564.6	0.281403	76730.8	438.328	437.594
Cl35	32564.6	0.153332	95130.6	7995.19	7994.94
Ne23	21414.1	0.215788	75725.2	0	0
Cl35	32564.6	0.113092	94479.2	6302.5	6302.05
Cl35	32564.6	0.208643	83961.4	2150.97	2150.76
neutron	939.565	1.04746	78241	0	0
Ne22	20479.7	0.374074	78241	0	0
neutron	939.565	0.521703	75629.4	0	0
S34	31632.7	0.196125	75629.4	0	0
Cl37	34424.8	0.0747573	90608.3	5856.48	5856.03
neutron	939.565	5.87449	76193	0	0
S34	31632.7	0.177434	76193	0	0
Cl35	32564.6	0.0902979	90932.5	6239.31	6238.67
Na23	21409.2	0.474382	76950.3	161.867	161.353
neutron	939.565	37.012	76682.7	0	0
neutron	939.565	26.8453	76682.7	0	0
neutron	939.565	1.11388	76682.7	0	0
Ne20	18617.7	1.064	76682.7	0	0
Cl35	32564.6	0.114392	81825.8	2499.84	2499.63
neutron	939.565	0.920744	75394	0	0
Ne22	20479.7	0.408815	75394	0	0
Cl35	32564.6	0.306447	91733.9	6667.72	6667.14
Na23	21409.2	0.168539	80497.7	2043.26	2043.09
Na23	21409.2	0.140427	76168.9	266.017	265.849
S35	32565.3	0.141482	75515.3	0	0
Na23	21409.2	0.188651	98658.4	9509.94	9509.64
Na23	21409.2	0.617657	84427.8	2928.89	2928.23
proton	938.272	4.97399	76812.4	0	0
neutron	939.565	3.35807	76812.4	0	0
neutron	939.565	2.59451	76812.4	0	0
neutron	939.565	2.25062	76812.4	0	0
alpha	3727.38	16.9391	76812.4	0	0
Al27	25126.5	2.98911	76812.4	0	0
Na23	21409.2	0.284674	76684.2	134.425	134.097
Na23	21409.2	0.18204	90765.8	5539.84	5539.4
Cl35	32564.6	0.260824	77321	175.707	175.258
neutron	939.565	3.74693	77002.2	0	0
Ne22	20479.7	0.693429	77002.2	0	0
neutron	939.565	2.18778	75287.7	0	0
S34	31632.7	0.0850354	75287.7	0	0
proton	938.272	6.72231	76236.5	0	0
neutron	939.565	2.35425	76236.5	0	0
neutron	939.565	0.874509	76236.5	0	0
triton	2808.92	4.45652	76236.5	0	0
Si29	26984.3	0.152642	76236.5	0	0
neutron	939.565	6.80137	74983.3	0	0
neutron	939.565	5.053	74983.3	0	0
neutron	939.565	4.11336	74983.3	0	0
alpha	3727.38	7.97463	74983.3	0	0
alpha	3727.38	7.70512	74983.3	0	0
C12	11174.9	0.408429	74983.3	0	0
Na23	21409.2	0.102217	89427.5	5399.49	5398.89
neutron	939.565	43.0191	76870.2	0	0
neutron	939.565	3.29699	76870.2	0	0
neutron	939.565	3.19396	76870.2	0	0
S34	31632.7	1.15355	76870.2	0	0
neutron	939.565	1.23641	75347.5	0	0
S34	31632.7	0.265864	75347.5	0	0
Cl37	34424.8	0.0977505	83971.4	3284.08	3283.53
neutron	939.565	0.318362	77499.6	0	0
S36	33495	0.161634	77499.6	0	0
Cl35	32564.6	0.127772	96426.7	8201.64	8201.09
neutron	939.565	0.585658	77433.2	0	0
S34	31632.7	0.209213	77433.2	0	0
Cl35	32564.6	1.07153	86480.6	3667	3665.86
Na23	21409.2	0.173832	82658.6	2206.79	2206.47
neutron	939.565	0.984683	74922.1	0	0
S34	31632.7	0.297619	74922.1	0	0
Cl35	32564.6	0.0810211	86376.9	3242.65	3242.38
neutron	939.565	5.42912	78014.3	0	0
neutron	939.565	1.39935	78014.3	0	0
neutron	939.565	1.16068	78014.3	0	0
S32	29773.6	0.144655	78014.3	0	0
neutron	939.565	0.914641	75339.4	0	0
S36	33495	0.136494	75339.4	0	0
Cl35	32564.6	0.125393	75387.2	223.103	222.74
Na23	21409.2	1.89488	83421.1	1880.93	1878.83
S35	32565.3	0.162351	76724.7	0	0
Na23	21409.2	0.141718	81263.5	1754.66	1754.48
Ne23	21414.1	0.22423	76668.9	0	0
Cl35	32564.6	0.0713335	93140.2	7041.63	7041.3
proton	938.272	34.4587	75847.7	0	0
neutron	939.565	2.90685	75847.7	0	0
neutron	939.565	2.14667	75847.7	0	0
neutron	939.565	0.956095	75847.7	0	0
F19	17692.3	4.15733	75847.7	0	0
neutron	939.565	5.75173	75259.4	0	0
neutron	939.565	3.03955	75259.4	0	0
neutron	939.565	0.214332	75259.4	0	0
S34	31632.7	0.348134	75259.4	0	0
neutron	939.565	0.0880658	74291.9	0	0
S34	31632.7	0.112809	74291.9	0	0
neutron	939.565	4.5792	76642.5	0	0
proton	938.272	2.4734	76642.5	0	0
F21	19556.7	0.0570065	76642.5	0	0
neutron	939.565	1.47498	79587.6	0	0
S34	31632.7	0.0565631	79587.6	0	0
