neutron	939.565	0.434209	98830.4	0	0
S34	31632.7	0.122891	98830.4	0	0
neutron	939.565	0.652593	98798	0	0
S34	31632.7	0.119328	98798	0	0
neutron	939.565	26.6602	98904.9	0	0
neutron	939.565	16.2755	98904.9	0	0
neutron	939.565	0.446492	98904.9	0	0
S32	29773.6	0.488946	98904.9	0	0
neutron	939.565	0.193621	98838.9	0	0
S36	33495	0.127943	98838.9	0	0
neutron	939.565	14.8214	98842.7	0	0
neutron	939.565	6.52968	98842.7	0	0
neutron	939.565	0.0442233	98842.7	0	0
Ne20	18617.7	0.29673	98842.7	0	0
S35	32565.3	0.155122	98887.4	0	0
S35	32565.3	0.157431	98881.8	0	0
neutron	939.565	10.2053	98809.5	0	0
neutron	939.565	4.83081	98809.5	0	0
neutron	939.565	3.95516	98809.5	0	0
alpha	3727.38	5.63132	98809.5	0	0
alpha	3727.38	4.04119	98809.5	0	0
C12	11174.9	1.29896	98809.5	0	0
neutron	939.565	0.245374	98858.3	0	0
S34	31632.7	0.182068	98858.3	0	0
neutron	939.565	7.18796	98834.7	0	0
neutron	939.565	6.78279	98834.7	0	0
neutron	939.565	4.16788	98834.7	0	0
alpha	3727.38	8.05374	98834.7	0	0
Si28	26053.2	0.688748	98834.7	0	0
neutron	939.565	3.1863	98801	0	0
S34	31632.7	0.220871	98801	0	0
neutron	939.565	1.89429	98863.3	0	0
neutron	939.565	0.543831	98863.3	0	0
Ne21	19550.5	0.336515	98863.3	0	0
neutron	939.565	0.959319	98887.4	0	0
Ne22	20479.7	0.2448	98887.4	0	0
neutron	939.565	19.8728	98909.8	0	0
neutron	939.565	6.36407	98909.8	0	0
Ne21	19550.5	0.671674	98909.8	0	0
S35	32565.3	0.154338	98821.6	0	0
proton	938.272	8.77815	98863	0	0
neutron	939.565	8.06416	98863	0	0
neutron	939.565	6.5872	98863	0	0
proton	938.272	4.39646	98863	0	0
neutron	939.565	2.83069	98863	0	0
neutron	939.565	0.705616	98863	0	0
O17	15830.5	2.99708	98863	0	0
neutron	939.565	0.922552	98874.1	0	0
Ne22	20479.7	0.254136	98874.1	0	0
neutron	939.565	34.6496	98838.1	0	0
neutron	939.565	4.21071	98838.1	0	0
Ne21	19550.5	1.16159	98838.1	0	0
neutron	939.565	0.286363	98829.1	0	0
Ne22	20479.7	0.268784	98829.1	0	0
neutron	939.565	0.501191	98901.8	0	0
Ne22	20479.7	0.274782	98901.8	0	0
Ne23	21414.1	0.218548	98896.6	0	0
neutron	939.565	34.6876	98798.4	0	0
neutron	939.565	10.8286	98798.4	0	0
neutron	939.565	1.33469	98798.4	0	0
S32	29773.6	1.12007	98798.4	0	0
Ne23	21414.1	0.230042	98822.6	0	0
neutron	939.565	0.941828	98807.4	0	0
neutron	939.565	0.0977991	98807.4	0	0
S33	30704.6	0.147726	98807.4	0	0
S37	34430.2	0.136422	98912	0	0
Na23	21409.2	0.107526	98972	75.5029	75.3105
neutron	939.565	37.0239	98822.4	0	0
neutron	939.565	22.2446	98822.4	0	0
neutron	939.565	1.56324	98822.4	0	0
Ne20	18617.7	0.41967	98822.4	0	0
S35	32565.3	0.15573	98812.3	0	0
neutron	939.565	5.18679	98859.6	0	0
neutron	939.565	1.75578	98859.6	0	0
neutron	939.565	0.54435	98859.6	0	0
Ne20	18617.7	0.200698	98859.6	0	0
neutron	939.565	4.48397	98844.5	0	0
Ne22	20479.7	0.366593	98844.5	0	0
Ne23	21414.1	0.233458	98829.9	0	0
neutron	939.565	0.971909	98875.2	0	0
Ne22	20479.7	0.0894726	98875.2	0	0
proton	938.272	30.5292	98877.6	0	0
neutron	939.565	4.88101	98877.6	0	0
proton	938.272	2.96851	98877.6	0	0
Si32	29776.6	1.61581	98877.6	0	0
Cl37	34424.8	0.0979858	99380.8	227.989	227.868
S35	32565.3	0.151068	98906.6	0	0
neutron	939.565	1.42555	98820.6	0	0
S34	31632.7	0.304184	98820.6	0	0
neutron	939.565	1.19825	98874.2	0	0
Ne22	20479.7	0.0708359	98874.2	0	0
neutron	939.565	2.45059	98829.8	0	0
Ne22	20479.7	0.0735728	98829.8	0	0
Ne23	21414.1	0.212982	98876.4	0	0
Ne23	21414.1	0.2158	98836.1	0	0
neutron	939.565	1.39006	98867.6	0	0
S34	31632.7	0.319779	98867.6	0	0
neutron	939.565	1.00073	98843	0	0
Ne22	20479.7	0.21816	98843	0	0
Ne23	21414.1	0.225213	98850.1	0	0
neutron	939.565	1.24227	98859.6	0	0
Ne22	20479.7	0.0931862	98859.6	0	0
neutron	939.565	12.3687	98890.3	0	0
alpha	3727.38	7.72965	98890.3	0	0
Si30	27913.2	3.03057	98890.3	0	0
neutron	939.565	1.44856	98867.8	0	0
Ne22	20479.7	0.476734	98867.8	0	0
proton	938.272	4.63341	98827.6	0	0
neutron	939.565	0.129808	98827.6	0	0
P33	30705.3	0.267373	98827.6	0	0
neutron	939.565	48.3949	98855.5	0	0
neutron	939.565	6.49837	98855.5	0	0
neutron	939.565	0.652196	98855.5	0	0
S32	29773.6	1.56377	98855.5	0	0
neutron	939.565	11.3806	98845.1	0	0
neutron	939.565	5.71198	98845.1	0	0
S33	30704.6	1.35027	98845.1	0	0
S35	32565.3	0.158828	98860.2	0	0
Ne23	21414.1	0.223326	98843.5	0	0
neutron	939.565	0.507568	98882.7	0	0
Ne22	20479.7	0.168577	98882.7	0	0
neutron	939.565	16.5921	98913.6	0	0
proton	938.272	11.0572	98913.6	0	0
neutron	939.565	9.18333	98913.6	0	0
neutron	939.565	1.81076	98913.6	0	0
neutron	939.565	0.502445	98913.6	0	0
P30	27917	1.03221	98913.6	0	0
neutron	939.565	0.489355	98843.7	0	0
Ne22	20479.7	0.214986	98843.7	0	0
neutron	939.565	3.45213	98866	0	0
S34	31632.7	0.423309	98866	0	0
S37	34430.2	0.126655	98864.5	0	0
Na23	21409.2	0.113976	99161	147.944	147.715
neutron	939.565	0.824089	98863.7	0	0
S34	31632.7	0.146111	98863.7	0	0
proton	938.272	25.8683	98854.8	0	0
neutron	939.565	3.26929	98854.8	0	0
neutron	939.565	2.85774	98854.8	0	0
neutron	939.565	0.756363	98854.8	0	0
P31	28844.2	1.77137	98854.8	0	0
S35	32565.3	0.140563	98882.6	0	0
neutron	939.565	14.3312	98889	0	0
neutron	939.565	3.42725	98889	0	0
neutron	939.565	1.33332	98889	0	0
alpha	3727.38	6.74355	98889	0	0
alpha	3727.38	5.13392	98889	0	0
C12	11174.9	1.41155	98889	0	0
neutron	939.565	0.339858	98843.8	0	0
S34	31632.7	0.111423	98843.8	0	0
neutron	939.565	1.1901	98862.9	0	0
S34	31632.7	0.288682	98862.9	0	0
proton	938.272	6.12715	98866	0	0
neutron	939.565	2.51941	98866	0	0
P33	30705.3	0.315693	98866	0	0
neutron	939.565	4.90776	98834.6	0	0
neutron	939.565	2.7432	98834.6	0	0
S33	30704.6	0.274127	98834.6	0	0
neutron	939.565	5.67884	98804.1	0	0
S36	33495	0.372033	98804.1	0	0
Ne23	21414.1	0.220816	98963.1	0	0
neutron	939.565	27.3723	98819.9	0	0
triton	2808.92	3.82262	98819.9	0	0
triton	2808.92	5.8674	98819.9	0	0
alpha	3727.38	3.96888	98819.9	0	0
C12	11174.9	2.19581	98819.9	0	0
proton	938.272	4.19433	98853.4	0	0
neutron	939.565	3.45886	98853.4	0	0
proton	938.272	2.29321	98853.4	0	0
neutron	939.565	0.512498	98853.4	0	0
Si31	28846.2	0.791739	98853.4	0	0
neutron	939.565	6.51016	98894.5	0	0
Ne22	20479.7	0.36805	98894.5	0	0
neutron	939.565	3.92977	98885.6	0	0
neutron	939.565	1.27836	98885.6	0	0
Ne21	19550.5	0.198486	98885.6	0	0
proton	938.272	4.90591	98822.4	0	0
neutron	939.565	3.94451	98822.4	0	0
neutron	939.565	1.21678	98822.4	0	0
neutron	939.565	1.17148	98822.4	0	0
neutron	939.565	0.270697	98822.4	0	0
P32	29775.8	0.608434	98822.4	0	0
S35	32565.3	0.149816	98832.8	0	0
neutron	939.565	16.9024	98816	0	0
neutron	939.565	10.1965	98816	0	0
neutron	939.565	2.55053	98816	0	0
Ne20	18617.7	1.83315	98816	0	0
Cl37	34424.8	0.0726215	99399.5	221.289	221.086
S37	34430.2	0.144492	98816.3	0	0
neutron	939.565	0.525801	98803.8	0	0
S34	31632.7	0.18877	98803.8	0	0
Ne23	21414.1	0.219764	98812.6	0	0
neutron	939.565	4.1814	98922.1	0	0
neutron	939.565	3.16623	98922.1	0	0
S35	32565.3	0.425159	98922.1	0	0
neutron	939.565	8.6065	98845	0	0
neutron	939.565	0.686094	98845	0	0
S35	32565.3	0.333635	98845	0	0
neutron	939.565	0.090336	98824.1	0	0
Ne22	20479.7	0.179424	98824.1	0	0
neutron	939.565	0.311298	98833.4	0	0
S36	33495	0.105632	98833.4	0	0
neutron	939.565	5.67878	98845.2	0	0
alpha	3727.38	6.57388	98845.2	0	0
Si30	27913.2	1.50575	98845.2	0	0
neutron	939.565	29.5258	98848	0	0
neutron	939.565	0.918505	98848	0	0
neutron	939.565	0.773729	98848	0	0
Ne20	18617.7	1.74895	98848	0	0
neutron	939.565	1.29081	98803.3	0	0
S34	31632.7	0.0338364	98803.3	0	0
neutron	939.565	1.96626	98833.8	0	0
S34	31632.7	0.215725	98833.8	0	0
neutron	939.565	0.567102	98874.8	0	0
Ne22	20479.7	0.219203	98874.8	0	0
neutron	939.565	0.503681	98849.4	0	0
S34	31632.7	0.144787	98849.4	0	0
S35	32565.3	0.165424	98833.6	0	0
proton	938.272	14.7264	98848.1	0	0
neutron	939.565	6.04709	98848.1	0	0
neutron	939.565	3.06086	98848.1	0	0
neutron	939.565	1.44282	98848.1	0	0
F19	17692.3	0.502182	98848.1	0	0
neutron	939.565	7.38086	98843.9	0	0
neutron	939.565	4.66284	98843.9	0	0
neutron	939.565	2.92663	98843.9	0	0
alpha	3727.38	2.46582	98843.9	0	0
O16	14895.1	3.44667	98843.9	0	0
neutron	939.565	1.55464	98828.9	0	0
Ne22	20479.7	0.397077	98828.9	0	0
neutron	939.565	30.7461	98842.2	0	0
neutron	939.565	3.16562	98842.2	0	0
neutron	939.565	2.74835	98842.2	0	0
proton	938.272	2.60707	98842.2	0	0
P31	28844.2	2.28491	98842.2	0	0
Ne23	21414.1	0.234996	98856.6	0	0
neutron	939.565	15.8631	98841.3	0	0
neutron	939.565	1.8211	98841.3	0	0
proton	938.272	1.42586	98841.3	0	0
deuteron	1875.61	3.58768	98841.3	0	0
O18	16762	1.53293	98841.3	0	0
neutron	939.565	5.25201	98826.6	0	0
neutron	939.565	3.94671	98826.6	0	0
proton	938.272	3.77196	98826.6	0	0
neutron	939.565	2.37271	98826.6	0	0
P31	28844.2	0.736546	98826.6	0	0
neutron	939.565	2.7836	98825.3	0	0
S34	31632.7	0.0208562	98825.3	0	0
neutron	939.565	1.04386	98808.9	0	0
alpha	3727.38	9.60599	98808.9	0	0
O18	16762	2.27133	98808.9	0	0
Cl35	32564.6	0.174379	99029.4	88.6812	87.8929
Ne23	21414.1	0.22234	98950.4	0	0
neutron	939.565	2.40531	98872.5	0	0
neutron	939.565	0.0829343	98872.5	0	0
S33	30704.6	0.23777	98872.5	0	0
neutron	939.565	7.14095	98909.1	0	0
neutron	939.565	3.44346	98909.1	0	0
proton	938.272	2.52604	98909.1	0	0
neutron	939.565	0.86281	98909.1	0	0
P31	28844.2	0.797593	98909.1	0	0
neutron	939.565	0.281795	98815.1	0	0
S34	31632.7	0.0884287	98815.1	0	0
proton	938.272	5.76592	98855.2	0	0
neutron	939.565	3.26504	98855.2	0	0
neutron	939.565	2.16287	98855.2	0	0
neutron	939.565	1.83969	98855.2	0	0
P31	28844.2	0.612756	98855.2	0	0
neutron	939.565	3.03915	98897.4	0	0
S34	31632.7	0.0268514	98897.4	0	0
Na23	21409.2	0.204264	99065.7	136.054	135.753
neutron	939.565	1.70551	98907.3	0	0
Ne22	20479.7	0.163605	98907.3	0	0
S35	32565.3	0.161863	98901.5	0	0
S35	32565.3	0.144007	98945.5	0	0
neutron	939.565	0.255983	98870.6	0	0
S34	31632.7	0.167123	98870.6	0	0
Ne23	21414.1	0.219919	98862.1	0	0
Ne23	21414.1	0.216839	98880.9	0	0
neutron	939.565	25.9849	98817	0	0
neutron	939.565	21.1074	98817	0	0
neutron	939.565	1.61398	98817	0	0
S32	29773.6	0.974307	98817	0	0
neutron	939.565	2.90968	98825.9	0	0
S34	31632.7	0.26144	98825.9	0	0
S37	34430.2	0.133844	98882.9	0	0
Ne23	21414.1	0.206749	98873.8	0	0
S35	32565.3	0.151214	98855.8	0	0
neutron	939.565	0.83556	98803.5	0	0
S34	31632.7	0.218802	98803.5	0	0
neutron	939.565	4.04	98893.5	0	0
Ne22	20479.7	0.200846	98893.5	0	0
Cl35	32564.6	0.0781857	99373.5	226.272	226.005
neutron	939.565	7.52634	98869.8	0	0
neutron	939.565	3.16493	98869.8	0	0
neutron	939.565	2.1187	98869.8	0	0
deuteron	1875.61	12.7679	98869.8	0	0
alpha	3727.38	4.48637	98869.8	0	0
Al28	26058.3	2.16636	98869.8	0	0
neutron	939.565	1.09869	98873.7	0	0
Ne22	20479.7	0.0850564	98873.7	0	0
neutron	939.565	9.86305	98842.9	0	0
neutron	939.565	0.0537989	98842.9	0	0
deuteron	1875.61	7.4085	98842.9	0	0
F19	17692.3	1.64745	98842.9	0	0
neutron	939.565	1.58842	98818.4	0	0
Ne22	20479.7	0.0480991	98818.4	0	0
S37	34430.2	0.136241	98880.1	0	0
S35	32565.3	0.162295	98806.2	0	0
Ne23	21414.1	0.20834	98872.2	0	0
neutron	939.565	16.4878	98842.4	0	0
neutron	939.565	10.8922	98842.4	0	0
neutron	939.565	1.62957	98842.4	0	0
Ne20	18617.7	0.763575	98842.4	0	0
neutron	939.565	0.97498	98857.5	0	0
S34	31632.7	0.0718263	98857.5	0	0
neutron	939.565	0.645304	98796.6	0	0
S34	31632.7	0.0592739	98796.6	0	0
proton	938.272	9.04827	98815.7	0	0
neutron	939.565	8.469	98815.7	0	0
proton	938.272	3.2707	98815.7	0	0
neutron	939.565	2.9035	98815.7	0	0
neutron	939.565	0.0689772	98815.7	0	0
Si30	27913.2	0.130681	98815.7	0	0
neutron	939.565	19.0052	98812.5	0	0
neutron	939.565	0.861657	98812.5	0	0
Ne21	19550.5	1.3607	98812.5	0	0
Cl35	32564.6	0.0858889	99618	314.745	314.623
Ne23	21414.1	0.208653	98802.3	0	0
neutron	939.565	3.96227	98815.7	0	0
neutron	939.565	3.7156	98815.7	0	0
neutron	939.565	2.42857	98815.7	0	0
S34	31632.7	0.111641	98815.7	0	0
S37	34430.2	0.134881	98818.8	0	0
S35	32565.3	0.162073	98859.6	0	0
proton	938.272	47.9179	98872.2	0	0
neutron	939.565	5.88397	98872.2	0	0
neutron	939.565	1.55206	98872.2	0	0
F20	18625.3	1.28688	98872.2	0	0
neutron	939.565	1.40928	98835.6	0	0
neutron	939.565	1.25895	98835.6	0	0
S33	30704.6	0.129187	98835.6	0	0
neutron	939.565	3.93296	98828.5	0	0
S34	31632.7	0.448763	98828.5	0	0
neutron	939.565	1.46044	98822.8	0	0
S36	33495	0.157618	98822.8	0	0
neutron	939.565	2.61818	98836.2	0	0
neutron	939.565	1.35991	98836.2	0	0
S33	30704.6	0.433508	98836.2	0	0
neutron	939.565	0.72683	98825.5	0	0
Ne22	20479.7	0.303642	98825.5	0	0
neutron	939.565	20.4047	98853.2	0	0
neutron	939.565	16.9717	98853.2	0	0
neutron	939.565	2.75602	98853.2	0	0
alpha	3727.38	4.9898	98853.2	0	0
O16	14895.1	1.82592	98853.2	0	0
Cl35	32564.6	0.697937	98915.9	63.536	62.6143
neutron	939.565	18.4331	98924.9	0	0
neutron	939.565	14.8045	98924.9	0	0
neutron	939.565	2.08451	98924.9	0	0
S32	29773.6	0.502078	98924.9	0	0
neutron	939.565	4.12217	98859.8	0	0
neutron	939.565	1.92348	98859.8	0	0
neutron	939.565	0.207274	98859.8	0	0
alpha	3727.38	4.22222	98859.8	0	0
O16	14895.1	1.56271	98859.8	0	0
neutron	939.565	9.98357	98838.4	0	0
proton	938.272	3.77464	98838.4	0	0
neutron	939.565	0.227509	98838.4	0	0
P32	29775.8	0.125121	98838.4	0	0
S35	32565.3	0.145713	98897.9	0	0
neutron	939.565	0.133689	98820.4	0	0
Ne22	20479.7	0.270461	98820.4	0	0
S35	32565.3	0.162219	98885.6	0	0
neutron	939.565	10.4082	98882.2	0	0
neutron	939.565	1.30085	98882.2	0	0
neutron	939.565	0.482814	98882.2	0	0
alpha	3727.38	6.78827	98882.2	0	0
O16	14895.1	1.25566	98882.2	0	0
neutron	939.565	18.867	98824	0	0
proton	938.272	8.55183	98824	0	0
proton	938.272	3.59492	98824	0	0
neutron	939.565	1.35934	98824	0	0
Si31	28846.2	1.32053	98824	0	0
neutron	939.565	0.183036	98845.6	0	0
S36	33495	0.138259	98845.6	0	0
neutron	939.565	3.01895	98898	0	0
Ne22	20479.7	0.207901	98898	0	0
neutron	939.565	4.033	98859.8	0	0
neutron	939.565	1.4812	98859.8	0	0
alpha	3727.38	6.57348	98859.8	0	0
Si29	26984.3	0.593399	98859.8	0	0
neutron	939.565	0.810688	98822.8	0	0
S34	31632.7	0.173849	98822.8	0	0
Ne23	21414.1	0.212101	98850.3	0	0
neutron	939.565	10.0056	98837.8	0	0
neutron	939.565	5.34738	98837.8	0	0
neutron	939.565	2.60293	98837.8	0	0
neutron	939.565	1.29881	98837.8	0	0
alpha	3727.38	9.6821	98837.8	0	0
Si29	26984.3	0.0472555	98837.8	0	0
neutron	939.565	24.3337	98814.1	0	0
neutron	939.565	23.3699	98814.1	0	0
neutron	939.565	2.93527	98814.1	0	0
S32	29773.6	0.536375	98814.1	0	0
Ne23	21414.1	0.22071	98855	0	0
neutron	939.565	19.5256	98857.9	0	0
neutron	939.565	7.11372	98857.9	0	0
neutron	939.565	0.86329	98857.9	0	0
Ne20	18617.7	1.24845	98857.9	0	0
neutron	939.565	1.22809	98888	0	0
S34	31632.7	0.23801	98888	0	0
Cl37	34424.8	0.071472	99504	271.223	271.149
neutron	939.565	3.40722	98863.7	0	0
S34	31632.7	0.0615336	98863.7	0	0
neutron	939.565	5.36855	98863.1	0	0
neutron	939.565	4.47961	98863.1	0	0
neutron	939.565	1.20755	98863.1	0	0
neutron	939.565	1.04479	98863.1	0	0
S33	30704.6	0.886554	98863.1	0	0
neutron	939.565	4.40478	98837.7	0	0
neutron	939.565	3.25941	98837.7	0	0
neutron	939.565	0.836396	98837.7	0	0
Ne20	18617.7	0.671384	98837.7	0	0
proton	938.272	12.8144	98851.8	0	0
neutron	939.565	8.45198	98851.8	0	0
neutron	939.565	4.29635	98851.8	0	0
proton	938.272	2.91381	98851.8	0	0
neutron	939.565	2.21944	98851.8	0	0
Si30	27913.2	0.263019	98851.8	0	0
neutron	939.565	0.311328	98833.8	0	0
S34	31632.7	0.191204	98833.8	0	0
neutron	939.565	0.298928	98795.6	0	0
S34	31632.7	0.163372	98795.6	0	0
neutron	939.565	1.54631	98893.8	0	0
S34	31632.7	0.0789051	98893.8	0	0
S35	32565.3	0.144152	98935.7	0	0
neutron	939.565	0.224132	98817.7	0	0
Ne22	20479.7	0.202714	98817.7	0	0
S35	32565.3	0.145944	98893.9	0	0
Ne23	21414.1	0.218339	98817	0	0
neutron	939.565	1.33296	98837.9	0	0
S34	31632.7	0.269854	98837.9	0	0
neutron	939.565	0.964582	98848.4	0	0
S36	33495	0.0360227	98848.4	0	0
Ne23	21414.1	0.22088	98841.4	0	0
neutron	939.565	3.50021	98854.6	0	0
neutron	939.565	0.735789	98854.6	0	0
S33	30704.6	0.0882696	98854.6	0	0
S35	32565.3	0.16308	98810.4	0	0
neutron	939.565	1.89558	98929.4	0	0
S34	31632.7	0.119314	98929.4	0	0
neutron	939.565	1.49483	98783	0	0
Ne22	20479.7	0.441693	98783	0	0
neutron	939.565	25.8556	98865.3	0	0
neutron	939.565	9.4232	98865.3	0	0
neutron	939.565	4.67318	98865.3	0	0
Ne20	18617.7	0.946874	98865.3	0	0
proton	938.272	9.75192	98860.7	0	0
neutron	939.565	9.10563	98860.7	0	0
neutron	939.565	8.29073	98860.7	0	0
neutron	939.565	5.53488	98860.7	0	0
P31	28844.2	0.465264	98860.7	0	0
S35	32565.3	0.164336	98856.7	0	0
S35	32565.3	0.16253	98877.3	0	0
neutron	939.565	3.14644	98818.1	0	0
S34	31632.7	0.297287	98818.1	0	0
neutron	939.565	9.67181	98893.7	0	0
proton	938.272	6.45753	98893.7	0	0
neutron	939.565	5.25116	98893.7	0	0
neutron	939.565	2.45357	98893.7	0	0
F19	17692.3	0.665088	98893.7	0	0
neutron	939.565	1.90635	98818.1	0	0
Ne22	20479.7	0.399339	98818.1	0	0
neutron	939.565	0.614409	98836	0	0
Ne22	20479.7	0.326276	98836	0	0
neutron	939.565	0.156087	98858.5	0	0
Ne22	20479.7	0.15413	98858.5	0	0
Ne23	21414.1	0.214998	98833.5	0	0
neutron	939.565	12.6071	98861.8	0	0
neutron	939.565	10.5186	98861.8	0	0
neutron	939.565	1.25034	98861.8	0	0
alpha	3727.38	10.8111	98861.8	0	0
O16	14895.1	0.258868	98861.8	0	0
Ne23	21414.1	0.22002	98896.4	0	0
neutron	939.565	2.55885	98849.6	0	0
S36	33495	0.0531588	98849.6	0	0
Ne23	21414.1	0.23245	98837.7	0	0
proton	938.272	13.2625	98808.9	0	0
neutron	939.565	8.20303	98808.9	0	0
neutron	939.565	1.30486	98808.9	0	0
P34	31638.6	0.547079	98808.9	0	0
S37	34430.2	0.131002	98958.7	0	0
neutron	939.565	0.331393	98839	0	0
Ne22	20479.7	0.253119	98839	0	0
Ne23	21414.1	0.216769	98783.6	0	0
proton	938.272	11.4062	98836.5	0	0
neutron	939.565	9.99439	98836.5	0	0
neutron	939.565	1.74587	98836.5	0	0
F20	18625.3	0.00349469	98836.5	0	0
neutron	939.565	0.813797	98843.4	0	0
Ne22	20479.7	0.398796	98843.4	0	0
Cl35	32564.6	0.069109	99927.4	419.725	419.584
neutron	939.565	0.759052	98834.1	0	0
S34	31632.7	0.106746	98834.1	0	0
Ne23	21414.1	0.206122	98804.9	0	0
neutron	939.565	0.864253	98882.6	0	0
Ne22	20479.7	0.138052	98882.6	0	0
neutron	939.565	1.58	98892.6	0	0
S36	33495	0.261937	98892.6	0	0
neutron	939.565	11.6879	98830.9	0	0
neutron	939.565	4.75735	98830.9	0	0
proton	938.272	4.71934	98830.9	0	0
neutron	939.565	0.530555	98830.9	0	0
F19	17692.3	0.931958	98830.9	0	0
Ne23	21414.1	0.19786	98821.9	0	0
neutron	939.565	26.7196	98762.4	0	0
neutron	939.565	1.52864	98762.4	0	0
deuteron	1875.61	9.44124	98762.4	0	0
P31	28844.2	1.10694	98762.4	0	0
S35	32565.3	0.167596	98830.4	0	0
Cl35	32564.6	0.081049	99695.6	340.206	340.11
neutron	939.565	8.93686	98832.3	0	0
neutron	939.565	5.05557	98832.3	0	0
neutron	939.565	4.02238	98832.3	0	0
alpha	3727.38	2.93284	98832.3	0	0
O16	14895.1	3.21003	98832.3	0	0
S37	34430.2	0.140218	98852.1	0	0
Ne23	21414.1	0.222621	98852.4	0	0
neutron	939.565	5.82922	98857.3	0	0
neutron	939.565	3.15772	98857.3	0	0
neutron	939.565	2.96502	98857.3	0	0
neutron	939.565	1.93427	98857.3	0	0
S33	30704.6	0.669408	98857.3	0	0
neutron	939.565	0.07001	98860.3	0	0
S34	31632.7	0.13654	98860.3	0	0
S37	34430.2	0.13813	98832.2	0	0
neutron	939.565	0.121216	98897.3	0	0
S34	31632.7	0.13382	98897.3	0	0
Na23	21409.2	0.198742	99531.9	282.655	282.426
neutron	939.565	2.61638	98844.8	0	0
S36	33495	0.203885	98844.8	0	0
Ne23	21414.1	0.218309	98888.9	0	0
Ne23	21414.1	0.230933	98893.4	0	0
S35	32565.3	0.154043	98852.5	0	0
neutron	939.565	6.74448	98851.8	0	0
alpha	3727.38	5.257	98851.8	0	0
O18	16762	0.338231	98851.8	0	0
neutron	939.565	7.61266	98868.5	0	0
alpha	3727.38	6.1825	98868.5	0	0
O18	16762	1.42032	98868.5	0	0
neutron	939.565	1.47803	98833.7	0	0
S34	31632.7	0.249486	98833.7	0	0
proton	938.272	8.60592	98821	0	0
neutron	939.565	2.35719	98821	0	0
neutron	939.565	0.846063	98821	0	0
deuteron	1875.61	2.19164	98821	0	0
Si30	27913.2	0.614482	98821	0	0
Ne23	21414.1	0.216849	98816.5	0	0
neutron	939.565	0.208492	98869.9	0	0
S34	31632.7	0.100174	98869.9	0	0
neutron	939.565	6.16174	98836.8	0	0
neutron	939.565	1.48069	98836.8	0	0
Ne21	19550.5	0.463741	98836.8	0	0
neutron	939.565	24.8914	98838.6	0	0
proton	938.272	7.25625	98838.6	0	0
neutron	939.565	1.41557	98838.6	0	0
neutron	939.565	0.861727	98838.6	0	0
P31	28844.2	1.14735	98838.6	0	0
neutron	939.565	0.688289	98836.5	0	0
Ne22	20479.7	0.252066	98836.5	0	0
S35	32565.3	0.163653	98864.5	0	0
neutron	939.565	0.485453	98819.4	0	0
S34	31632.7	0.110295	98819.4	0	0
neutron	939.565	0.935127	98906	0	0
Ne22	20479.7	0.251709	98906	0	0
S35	32565.3	0.1519	98870	0	0
Ne23	21414.1	0.231373	98884.9	0	0
S37	34430.2	0.130605	98857.6	0	0
proton	938.272	18.1909	98829.8	0	0
neutron	939.565	5.41796	98829.8	0	0
neutron	939.565	5.09428	98829.8	0	0
F20	18625.3	1.16547	98829.8	0	0
neutron	939.565	2.25656	98862.7	0	0
S34	31632.7	0.0381616	98862.7	0	0
neutron	939.565	4.55658	98856.1	0	0
neutron	939.565	0.616455	98856.1	0	0
Ne21	19550.5	0.628085	98856.1	0	0
Ne23	21414.1	0.232758	98821.9	0	0
proton	938.272	3.16057	98852.7	0	0
neutron	939.565	3.14117	98852.7	0	0
neutron	939.565	1.78043	98852.7	0	0
neutron	939.565	1.49943	98852.7	0	0
P31	28844.2	0.235848	98852.7	0	0
neutron	939.565	0.994556	98840.3	0	0
Ne22	20479.7	0.178495	98840.3	0	0
neutron	939.565	2.09475	98867.3	0	0
S34	31632.7	0.299991	98867.3	0	0
neutron	939.565	0.552626	98816	0	0
S34	31632.7	0.137854	98816	0	0
neutron	939.565	0.804014	98856.8	0	0
S36	33495	0.0629413	98856.8	0	0
Na23	21409.2	0.112096	98851.2	21.3676	21.2398
Ne23	21414.1	0.205164	98846	0	0
proton	938.272	13.1589	98941.1	0	0
neutron	939.565	1.9425	98941.1	0	0
neutron	939.565	1.7691	98941.1	0	0
neutron	939.565	0.756794	98941.1	0	0
F19	17692.3	0.884302	98941.1	0	0
neutron	939.565	12.4311	98900	0	0
proton	938.272	6.24279	98900	0	0
neutron	939.565	5.55735	98900	0	0
neutron	939.565	2.83111	98900	0	0
F19	17692.3	3.70541	98900	0	0
neutron	939.565	1.52166	98854	0	0
alpha	3727.38	6.15662	98854	0	0
Si30	27913.2	0.841376	98854	0	0
neutron	939.565	0.574477	98838.7	0	0
Ne22	20479.7	0.34161	98838.7	0	0
neutron	939.565	2.02578	98859	0	0
S34	31632.7	0.0422132	98859	0	0
Ne23	21414.1	0.224013	98828.5	0	0
neutron	939.565	18.5633	98827.2	0	0
neutron	939.565	11.8279	98827.2	0	0
Ne21	19550.5	0.881478	98827.2	0	0
neutron	939.565	0.911539	98820.7	0	0
S34	31632.7	0.169417	98820.7	0	0
neutron	939.565	2.77085	98869.3	0	0
S36	33495	0.36244	98869.3	0	0
S35	32565.3	0.137053	98868.3	0	0
neutron	939.565	2.07283	98861.3	0	0
S34	31632.7	0.0171678	98861.3	0	0
Ne23	21414.1	0.215804	98864	0	0
neutron	939.565	7.87835	98950.8	0	0
neutron	939.565	5.91428	98950.8	0	0
neutron	939.565	5.30918	98950.8	0	0
alpha	3727.38	7.68102	98950.8	0	0
O16	14895.1	4.50234	98950.8	0	0
Ne23	21414.1	0.215889	98914.3	0	0
Ne23	21414.1	0.223565	98878.2	0	0
neutron	939.565	1.08071	98827.8	0	0
S34	31632.7	0.162036	98827.8	0	0
Ne23	21414.1	0.232448	98833.4	0	0
S35	32565.3	0.155245	98844.8	0	0
neutron	939.565	0.433567	98816.5	0	0
Ne22	20479.7	0.290983	98816.5	0	0
S35	32565.3	0.164316	98862.3	0	0
neutron	939.565	1.32917	98866.9	0	0
Ne22	20479.7	0.383885	98866.9	0	0
deuteron	1875.61	17.3739	98850.5	0	0
P33	30705.3	1.57207	98850.5	0	0
neutron	939.565	1.64561	98854.4	0	0
S34	31632.7	0.317714	98854.4	0	0
Cl35	32564.6	0.126734	98800.1	29.24	29.0623
neutron	939.565	11.9836	98785.5	0	0
neutron	939.565	11.7406	98785.5	0	0
neutron	939.565	5.70983	98785.5	0	0
alpha	3727.38	3.65585	98785.5	0	0
O16	14895.1	3.11522	98785.5	0	0
Ne23	21414.1	0.233942	98853.4	0	0
S37	34430.2	0.134788	98842.6	0	0
neutron	939.565	29.1914	98845.7	0	0
neutron	939.565	3.81312	98845.7	0	0
neutron	939.565	1.7567	98845.7	0	0
Ne20	18617.7	0.816592	98845.7	0	0
neutron	939.565	3.05434	98956.9	0	0
neutron	939.565	0.385334	98956.9	0	0
neutron	939.565	0.353455	98956.9	0	0
Ne20	18617.7	0.374268	98956.9	0	0
neutron	939.565	3.89307	98828.4	0	0
Ne22	20479.7	0.69998	98828.4	0	0
Ne23	21414.1	0.230086	98785.9	0	0
neutron	939.565	4.07711	98846.5	0	0
neutron	939.565	0.74078	98846.5	0	0
S33	30704.6	0.526173	98846.5	0	0
neutron	939.565	0.11777	98868.9	0	0
Ne22	20479.7	0.163527	98868.9	0	0
S35	32565.3	0.145592	98853.9	0	0
neutron	939.565	2.34606	98828.8	0	0
neutron	939.565	0.471799	98828.8	0	0
S33	30704.6	0.149635	98828.8	0	0
proton	938.272	30.6965	98911.7	0	0
neutron	939.565	2.40589	98911.7	0	0
neutron	939.565	1.0904	98911.7	0	0
neutron	939.565	0.727259	98911.7	0	0
F19	17692.3	0.631618	98911.7	0	0
neutron	939.565	0.574799	98857.5	0	0
S34	31632.7	0.18478	98857.5	0	0
S35	32565.3	0.15274	98840.6	0	0
neutron	939.565	0.318791	98895.5	0	0
S34	31632.7	0.170494	98895.5	0	0
Ne23	21414.1	0.226179	98875.6	0	0
neutron	939.565	10.3347	98841	0	0
proton	938.272	9.09096	98841	0	0
neutron	939.565	1.07248	98841	0	0
deuteron	1875.61	22.0657	98841	0	0
Si30	27913.2	0.166482	98841	0	0
neutron	939.565	5.66033	98834.5	0	0
neutron	939.565	2.19626	98834.5	0	0
neutron	939.565	0.981375	98834.5	0	0
Ne20	18617.7	1.15676	98834.5	0	0
Cl35	32564.6	0.0975626	98808	8.69155	8.28855
neutron	939.565	20.3959	98809.7	0	0
neutron	939.565	7.55176	98809.7	0	0
S33	30704.6	0.27093	98809.7	0	0
neutron	939.565	0.938812	98850.8	0	0
S34	31632.7	0.122791	98850.8	0	0
neutron	939.565	0.577265	98781.8	0	0
S34	31632.7	0.214372	98781.8	0	0
neutron	939.565	0.211028	98850.6	0	0
Ne22	20479.7	0.296385	98850.6	0	0
S35	32565.3	0.128867	98890.3	0	0
neutron	939.565	0.807145	98856.7	0	0
S34	31632.7	0.217821	98856.7	0	0
neutron	939.565	0.497402	98892.6	0	0
S34	31632.7	0.175219	98892.6	0	0
S37	34430.2	0.142289	98830.9	0	0
Na23	21409.2	0.121839	99120.5	124.999	124.754
Cl35	32564.6	0.0816294	99808.9	381.641	381.446
neutron	939.565	4.13249	98825.6	0	0
neutron	939.565	3.05116	98825.6	0	0
neutron	939.565	0.441576	98825.6	0	0
S34	31632.7	0.0754071	98825.6	0	0
Ne23	21414.1	0.224772	98846.9	0	0
Cl35	32564.6	0.105335	99868.8	399.146	399.003
neutron	939.565	0.841289	98849.2	0	0
S36	33495	0.12847	98849.2	0	0
neutron	939.565	11.5736	98863.4	0	0
proton	938.272	5.25966	98863.4	0	0
neutron	939.565	4.96026	98863.4	0	0
proton	938.272	3.69672	98863.4	0	0
neutron	939.565	1.75193	98863.4	0	0
Si30	27913.2	0.462865	98863.4	0	0
neutron	939.565	30.98	98923.4	0	0
neutron	939.565	16.1912	98923.4	0	0
neutron	939.565	3.63182	98923.4	0	0
Ne20	18617.7	0.996761	98923.4	0	0
neutron	939.565	0.350081	98789.6	0	0
S34	31632.7	0.162682	98789.6	0	0
Cl37	34424.8	0.184795	99779.6	375.608	375.143
neutron	939.565	3.99684	98857.4	0	0
neutron	939.565	0.00178261	98857.4	0	0
Ne21	19550.5	0.517549	98857.4	0	0
neutron	939.565	9.36396	98819.5	0	0
neutron	939.565	7.27311	98819.5	0	0
neutron	939.565	4.22074	98819.5	0	0
proton	938.272	3.53584	98819.5	0	0
proton	938.272	2.81079	98819.5	0	0
neutron	939.565	1.81411	98819.5	0	0
Si31	28846.2	0.887415	98819.5	0	0
Na23	21409.2	0.109312	99864.1	401.8	401.248
neutron	939.565	1.34239	98942.7	0	0
Ne22	20479.7	0.141228	98942.7	0	0
neutron	939.565	2.01356	98856.4	0	0
S34	31632.7	0.364797	98856.4	0	0
neutron	939.565	0.0973268	98829.4	0	0
S34	31632.7	0.144871	98829.4	0	0
neutron	939.565	9.89509	98837.5	0	0
neutron	939.565	6.10408	98837.5	0	0
neutron	939.565	2.40565	98837.5	0	0
alpha	3727.38	6.26514	98837.5	0	0
O16	14895.1	1.22463	98837.5	0	0
neutron	939.565	7.1973	98871.9	0	0
neutron	939.565	4.73723	98871.9	0	0
neutron	939.565	4.62835	98871.9	0	0
alpha	3727.38	5.22548	98871.9	0	0
O16	14895.1	1.082	98871.9	0	0
neutron	939.565	9.14579	98851.1	0	0
neutron	939.565	8.44766	98851.1	0	0
proton	938.272	5.8008	98851.1	0	0
neutron	939.565	0.813813	98851.1	0	0
alpha	3727.38	10.3974	98851.1	0	0
N15	13968.9	5.17272	98851.1	0	0
neutron	939.565	17.7976	98808.6	0	0
proton	938.272	17.4958	98808.6	0	0
neutron	939.565	4.74573	98808.6	0	0
proton	938.272	4.08148	98808.6	0	0
neutron	939.565	1.60211	98808.6	0	0
O18	16762	0.639825	98808.6	0	0
Cl35	32564.6	0.133044	98993.9	102.271	102.12
Ne23	21414.1	0.213496	98817.1	0	0
neutron	939.565	5.81915	98862.1	0	0
neutron	939.565	1.27694	98862.1	0	0
Ne21	19550.5	0.230501	98862.1	0	0
neutron	939.565	8.32184	98869.1	0	0
neutron	939.565	2.27053	98869.1	0	0
neutron	939.565	0.0679682	98869.1	0	0
S32	29773.6	0.591068	98869.1	0	0
Na23	21409.2	0.10161	98992.3	99.1669	99.0606
neutron	939.565	1.16336	98848.1	0	0
S34	31632.7	0.0641316	98848.1	0	0
S37	34430.2	0.142693	98874.3	0	0
S37	34430.2	0.144341	98802.4	0	0
neutron	939.565	6.49062	98914.9	0	0
neutron	939.565	0.541626	98914.9	0	0
Ne21	19550.5	0.0822126	98914.9	0	0
neutron	939.565	4.34162	98815.8	0	0
neutron	939.565	1.85561	98815.8	0	0
neutron	939.565	0.778309	98815.8	0	0
S34	31632.7	0.227938	98815.8	0	0
proton	938.272	9.50447	98922.4	0	0
neutron	939.565	1.93727	98922.4	0	0
neutron	939.565	0.129537	98922.4	0	0
P32	29775.8	0.62264	98922.4	0	0
neutron	939.565	2.35836	98862.9	0	0
S36	33495	0.350523	98862.9	0	0
S37	34430.2	0.142647	98806.8	0	0
neutron	939.565	29.0955	98848.9	0	0
neutron	939.565	4.43139	98848.9	0	0
proton	938.272	4.42338	98848.9	0	0
neutron	939.565	1.74617	98848.9	0	0
P31	28844.2	0.34387	98848.9	0	0
neutron	939.565	3.0285	98916.7	0	0
Ne22	20479.7	0.434292	98916.7	0	0
neutron	939.565	1.09317	98833.9	0	0
S34	31632.7	0.107292	98833.9	0	0
neutron	939.565	19.972	98818.4	0	0
neutron	939.565	2.2502	98818.4	0	0
neutron	939.565	2.01197	98818.4	0	0
S34	31632.7	0.87002	98818.4	0	0
neutron	939.565	0.255346	98822.5	0	0
S34	31632.7	0.202031	98822.5	0	0
Cl35	32564.6	0.105719	98892.9	53.7275	53.4689
neutron	939.565	0.166861	98835	0	0
S34	31632.7	0.12607	98835	0	0
neutron	939.565	0.830948	98893.6	0	0
S34	31632.7	0.143153	98893.6	0	0
Na23	21409.2	0.248733	99251.7	173.416	172.813
Ne23	21414.1	0.227548	98877.8	0	0
neutron	939.565	18.6322	98800.9	0	0
neutron	939.565	7.50493	98800.9	0	0
proton	938.272	6.14683	98800.9	0	0
neutron	939.565	5.60314	98800.9	0	0
proton	938.272	2.55979	98800.9	0	0
Si30	27913.2	1.16302	98800.9	0	0
Na23	21409.2	0.104456	99024.1	104.231	103.55
neutron	939.565	1.05419	98824.2	0	0
S34	31632.7	0.250171	98824.2	0	0
neutron	939.565	5.9069	98804.7	0	0
neutron	939.565	4.99456	98804.7	0	0
Ne21	19550.5	0.10297	98804.7	0	0
neutron	939.565	1.39907	98913.4	0	0
alpha	3727.38	7.3934	98913.4	0	0
Si32	29776.6	1.57152	98913.4	0	0
neutron	939.565	1.64357	98827.5	0	0
S34	31632.7	0.117213	98827.5	0	0
neutron	939.565	6.05814	98858.8	0	0
neutron	939.565	1.35271	98858.8	0	0
Ne21	19550.5	0.388129	98858.8	0	0
S35	32565.3	0.156825	98827.6	0	0
neutron	939.565	1.16851	98893.1	0	0
Ne22	20479.7	0.246243	98893.1	0	0
neutron	939.565	1.39411	98836.5	0	0
Ne22	20479.7	0.421308	98836.5	0	0
neutron	939.565	6.15423	98837.9	0	0
neutron	939.565	5.27297	98837.9	0	0
neutron	939.565	0.905199	98837.9	0	0
S32	29773.6	0.576384	98837.9	0	0
neutron	939.565	31.1358	98851.1	0	0
neutron	939.565	4.4094	98851.1	0	0
neutron	939.565	3.71377	98851.1	0	0
deuteron	1875.61	8.59068	98851.1	0	0
F18	16763.2	1.83439	98851.1	0	0
neutron	939.565	0.651626	98841.3	0	0
Ne22	20479.7	0.186258	98841.3	0	0
Ne23	21414.1	0.227259	98941.7	0	0
proton	938.272	9.97777	98879.2	0	0
neutron	939.565	2.16109	98879.2	0	0
neutron	939.565	1.55878	98879.2	0	0
P32	29775.8	0.673027	98879.2	0	0
neutron	939.565	0.0311785	98812.1	0	0
Ne22	20479.7	0.231683	98812.1	0	0
neutron	939.565	0.542376	98877.2	0	0
S34	31632.7	0.133052	98877.2	0	0
neutron	939.565	4.43747	98828.7	0	0
proton	938.272	2.53033	98828.7	0	0
proton	938.272	2.03357	98828.7	0	0
Si32	29776.6	0.540566	98828.7	0	0
neutron	939.565	0.623633	98909.8	0	0
S36	33495	0.234104	98909.8	0	0
Ne23	21414.1	0.219551	98846.6	0	0
Na23	21409.2	0.229489	99148.2	160.199	159.952
S35	32565.3	0.131197	98835.2	0	0
Ne23	21414.1	0.231289	98824.5	0	0
S35	32565.3	0.156119	98813.1	0	0
neutron	939.565	0.76641	98941.6	0	0
Ne22	20479.7	0.392398	98941.6	0	0
proton	938.272	5.43988	98880.6	0	0
neutron	939.565	3.91851	98880.6	0	0
alpha	3727.38	7.70984	98880.6	0	0
Al29	26988.5	1.9222	98880.6	0	0
neutron	939.565	0.818859	98895.5	0	0
S34	31632.7	0.0514496	98895.5	0	0
Cl37	34424.8	0.124413	99872.6	401.159	400.824
neutron	939.565	0.721229	98870.8	0	0
S34	31632.7	0.0562853	98870.8	0	0
S35	32565.3	0.136917	98802.6	0	0
neutron	939.565	6.01414	98865.2	0	0
neutron	939.565	1.96434	98865.2	0	0
alpha	3727.38	7.8676	98865.2	0	0
Si29	26984.3	2.66378	98865.2	0	0
Na23	21409.2	0.104013	99065	112.296	112.042
neutron	939.565	3.93981	98861.9	0	0
S34	31632.7	0.454184	98861.9	0	0
S37	34430.2	0.141258	98847.1	0	0
neutron	939.565	5.9633	98911.4	0	0
neutron	939.565	4.8803	98911.4	0	0
proton	938.272	3.80467	98911.4	0	0
neutron	939.565	1.80638	98911.4	0	0
P31	28844.2	0.962897	98911.4	0	0
S37	34430.2	0.133661	98839	0	0
Ne23	21414.1	0.199939	98852.1	0	0
neutron	939.565	0.846459	98820.3	0	0
S34	31632.7	0.0896078	98820.3	0	0
neutron	939.565	0.775902	98819.8	0	0
S34	31632.7	0.234865	98819.8	0	0
neutron	939.565	0.360372	98844.3	0	0
S34	31632.7	0.10051	98844.3	0	0
Ne23	21414.1	0.219373	98847.7	0	0
neutron	939.565	2.97449	98832.5	0	0
neutron	939.565	2.83362	98832.5	0	0
alpha	3727.38	4.67095	98832.5	0	0
O17	15830.5	2.36354	98832.5	0	0
S35	32565.3	0.161568	98835.4	0	0
S35	32565.3	0.13983	98806.2	0	0
neutron	939.565	23.4423	98844.2	0	0
neutron	939.565	2.30166	98844.2	0	0
neutron	939.565	0.164003	98844.2	0	0
Ne20	18617.7	0.715213	98844.2	0	0
neutron	939.565	12.0864	98852.1	0	0
neutron	939.565	6.08901	98852.1	0	0
neutron	939.565	1.38934	98852.1	0	0
Ne20	18617.7	2.20445	98852.1	0	0
S35	32565.3	0.167565	98837.8	0	0
Ne23	21414.1	0.225242	98799.5	0	0
neutron	939.565	1.02304	98813.4	0	0
Ne22	20479.7	0.352246	98813.4	0	0
neutron	939.565	5.75113	98845.2	0	0
neutron	939.565	5.74916	98845.2	0	0
neutron	939.565	1.36416	98845.2	0	0
alpha	3727.38	4.46885	98845.2	0	0
O16	14895.1	1.07482	98845.2	0	0
neutron	939.565	34.5718	98795.3	0	0
neutron	939.565	6.67632	98795.3	0	0
proton	938.272	4.05412	98795.3	0	0
neutron	939.565	2.38864	98795.3	0	0
F19	17692.3	0.431114	98795.3	0	0
neutron	939.565	9.88331	98812.8	0	0
neutron	939.565	1.77131	98812.8	0	0
neutron	939.565	0.575487	98812.8	0	0
S34	31632.7	0.178822	98812.8	0	0
neutron	939.565	0.391471	98889.6	0	0
S34	31632.7	0.18225	98889.6	0	0
Cl35	32564.6	0.391235	99778.6	366.066	365.575
neutron	939.565	0.370646	98945.9	0	0
Ne22	20479.7	0.291371	98945.9	0	0
neutron	939.565	20.514	98813.3	0	0
neutron	939.565	13.6362	98813.3	0	0
proton	938.272	4.06039	98813.3	0	0
F20	18625.3	2.94508	98813.3	0	0
neutron	939.565	9.73062	98832.3	0	0
neutron	939.565	3.17926	98832.3	0	0
neutron	939.565	0.406474	98832.3	0	0
S32	29773.6	0.59868	98832.3	0	0
neutron	939.565	30.3421	98906.7	0	0
neutron	939.565	20.7352	98906.7	0	0
neutron	939.565	1.20625	98906.7	0	0
S34	31632.7	0.773373	98906.7	0	0
neutron	939.565	35.5804	98838.1	0	0
neutron	939.565	13.0634	98838.1	0	0
neutron	939.565	9.9469	98838.1	0	0
S34	31632.7	2.44177	98838.1	0	0
neutron	939.565	8.37805	98844.4	0	0
neutron	939.565	4.63146	98844.4	0	0
neutron	939.565	2.2983	98844.4	0	0
alpha	3727.38	5.97908	98844.4	0	0
O16	14895.1	0.347841	98844.4	0	0
neutron	939.565	31.4383	98851.3	0	0
neutron	939.565	5.88584	98851.3	0	0
proton	938.272	3.37002	98851.3	0	0
F20	18625.3	1.46644	98851.3	0	0
neutron	939.565	3.5584	98817.7	0	0
neutron	939.565	0.35234	98817.7	0	0
S35	32565.3	0.301482	98817.7	0	0
neutron	939.565	3.67431	98838.8	0	0
S34	31632.7	0.0954239	98838.8	0	0
S37	34430.2	0.144179	98868.9	0	0
S35	32565.3	0.149599	98829.3	0	0
Ne23	21414.1	0.214184	98818.4	0	0
proton	938.272	28.3417	98860.9	0	0
neutron	939.565	3.33745	98860.9	0	0
neutron	939.565	2.89579	98860.9	0	0
F20	18625.3	0.935525	98860.9	0	0
neutron	939.565	34.9764	98856.2	0	0
proton	938.272	15.4085	98856.2	0	0
neutron	939.565	2.09685	98856.2	0	0
neutron	939.565	0.682301	98856.2	0	0
P33	30705.3	0.694766	98856.2	0	0
neutron	939.565	30.3601	98802.5	0	0
neutron	939.565	16.0863	98802.5	0	0
neutron	939.565	0.190086	98802.5	0	0
S34	31632.7	0.18002	98802.5	0	0
neutron	939.565	2.79102	98862.9	0	0
S34	31632.7	0.306717	98862.9	0	0
proton	938.272	28.1825	98846.5	0	0
neutron	939.565	1.81327	98846.5	0	0
neutron	939.565	0.0664833	98846.5	0	0
P34	31638.6	1.33416	98846.5	0	0
neutron	939.565	0.0896096	98869.7	0	0
S34	31632.7	0.144454	98869.7	0	0
S35	32565.3	0.150541	98878.9	0	0
neutron	939.565	1.73035	98850.9	0	0
neutron	939.565	1.06436	98850.9	0	0
neutron	939.565	0.602105	98850.9	0	0
alpha	3727.38	8.80543	98850.9	0	0
Si28	26053.2	1.53408	98850.9	0	0
neutron	939.565	37.0135	98826.4	0	0
neutron	939.565	22.7393	98826.4	0	0
neutron	939.565	1.08905	98826.4	0	0
Ne20	18617.7	0.463128	98826.4	0	0
neutron	939.565	0.334244	98786.6	0	0
Ne22	20479.7	0.238857	98786.6	0	0
S35	32565.3	0.16652	98867	0	0
neutron	939.565	1.53647	98837.3	0	0
S34	31632.7	0.134025	98837.3	0	0
neutron	939.565	0.435784	98835.9	0	0
Ne22	20479.7	0.251873	98835.9	0	0
Na23	21409.2	0.23203	98929	57.1166	56.8425
S35	32565.3	0.152649	98868.3	0	0
neutron	939.565	0.416244	98883.1	0	0
S34	31632.7	0.0924913	98883.1	0	0
proton	938.272	5.48845	98837.5	0	0
neutron	939.565	3.82172	98837.5	0	0
neutron	939.565	2.92383	98837.5	0	0
P32	29775.8	0.247851	98837.5	0	0
Ne23	21414.1	0.231792	98859	0	0
neutron	939.565	1.55617	98832.6	0	0
S34	31632.7	0.115957	98832.6	0	0
S35	32565.3	0.151337	98866.5	0	0
Ne23	21414.1	0.230221	98798.6	0	0
S37	34430.2	0.138132	98901.2	0	0
neutron	939.565	6.12198	98920.1	0	0
neutron	939.565	0.639893	98920.1	0	0
S33	30704.6	0.520933	98920.1	0	0
neutron	939.565	0.996733	98826.9	0	0
Ne22	20479.7	0.456601	98826.9	0	0
neutron	939.565	0.396798	98886.6	0	0
S36	33495	0.142898	98886.6	0	0
neutron	939.565	0.125709	98876.6	0	0
Ne22	20479.7	0.248631	98876.6	0	0
S35	32565.3	0.150138	98932.5	0	0
neutron	939.565	20.3386	98897.6	0	0
neutron	939.565	4.23864	98897.6	0	0
deuteron	1875.61	6.8288	98897.6	0	0
P31	28844.2	0.224069	98897.6	0	0
proton	938.272	2.37181	98855.2	0	0
neutron	939.565	2.01876	98855.2	0	0
neutron	939.565	1.63672	98855.2	0	0
neutron	939.565	0.936211	98855.2	0	0
F19	17692.3	1.07349	98855.2	0	0
neutron	939.565	0.605878	98867.2	0	0
S34	31632.7	0.0614682	98867.2	0	0
Ne23	21414.1	0.22045	98861.5	0	0
neutron	939.565	34.6944	98859.3	0	0
neutron	939.565	7.77413	98859.3	0	0
neutron	939.565	7.3852	98859.3	0	0
Ne20	18617.7	3.46437	98859.3	0	0
neutron	939.565	8.04444	98875.4	0	0
neutron	939.565	1.88785	98875.4	0	0
Ne21	19550.5	0.370829	98875.4	0	0
neutron	939.565	2.90234	98823.9	0	0
Ne22	20479.7	0.466945	98823.9	0	0
neutron	939.565	7.87767	98837.1	0	0
neutron	939.565	4.87701	98837.1	0	0
proton	938.272	4.64793	98837.1	0	0
neutron	939.565	2.89096	98837.1	0	0
P31	28844.2	0.355518	98837.1	0	0
neutron	939.565	8.81848	98825.1	0	0
alpha	3727.38	5.37898	98825.1	0	0
O18	16762	1.63372	98825.1	0	0
S35	32565.3	0.143288	98850.8	0	0
neutron	939.565	35.7627	98885.5	0	0
neutron	939.565	8.48883	98885.5	0	0
S33	30704.6	0.912426	98885.5	0	0
neutron	939.565	7.64741	98891.7	0	0
neutron	939.565	2.6736	98891.7	0	0
neutron	939.565	1.69273	98891.7	0	0
alpha	3727.38	5.72963	98891.7	0	0
O16	14895.1	0.344026	98891.7	0	0
neutron	939.565	8.1481	98808.4	0	0
neutron	939.565	1.05687	98808.4	0	0
S35	32565.3	0.558594	98808.4	0	0
Na23	21409.2	0.145467	99022	79.1727	78.8632
S37	34430.2	0.125736	98894.9	0	0
neutron	939.565	8.21673	98854.2	0	0
proton	938.272	5.4991	98854.2	0	0
proton	938.272	5.24579	98854.2	0	0
neutron	939.565	3.04497	98854.2	0	0
neutron	939.565	1.45395	98854.2	0	0
Si30	27913.2	0.91775	98854.2	0	0
Cl35	32564.6	0.0827788	99293	192.486	192.311
neutron	939.565	4.20103	98870.1	0	0
neutron	939.565	1.47637	98870.1	0	0
Ne21	19550.5	0.262007	98870.1	0	0
S37	34430.2	0.135018	98849.5	0	0
S35	32565.3	0.160151	98862.8	0	0
proton	938.272	19.1931	98793.4	0	0
neutron	939.565	0.296524	98793.4	0	0
P35	32569.8	0.514775	98793.4	0	0
proton	938.272	16.5402	98862.4	0	0
neutron	939.565	1.23276	98862.4	0	0
neutron	939.565	0.0919593	98862.4	0	0
P32	29775.8	0.151515	98862.4	0	0
neutron	939.565	4.38701	98885.8	0	0
neutron	939.565	1.57056	98885.8	0	0
neutron	939.565	0.905498	98885.8	0	0
Ne20	18617.7	0.331975	98885.8	0	0
Ne23	21414.1	0.203751	98874.3	0	0
S35	32565.3	0.139159	98797	0	0
neutron	939.565	19.0378	98891.9	0	0
neutron	939.565	3.41748	98891.9	0	0
neutron	939.565	0.377581	98891.9	0	0
S32	29773.6	0.154486	98891.9	0	0
neutron	939.565	0.422262	98832.9	0	0
Ne22	20479.7	0.175076	98832.9	0	0
neutron	939.565	6.46245	98841	0	0
neutron	939.565	2.72392	98841	0	0
neutron	939.565	1.29815	98841	0	0
Ne20	18617.7	0.206522	98841	0	0
S35	32565.3	0.153642	98796.6	0	0
neutron	939.565	0.451201	98894.6	0	0
Ne22	20479.7	0.11138	98894.6	0	0
neutron	939.565	10.2863	98865.5	0	0
neutron	939.565	5.87918	98865.5	0	0
neutron	939.565	2.69252	98865.5	0	0
alpha	3727.38	7.814	98865.5	0	0
O16	14895.1	1.17161	98865.5	0	0
neutron	939.565	4.675	98827.6	0	0
neutron	939.565	2.5172	98827.6	0	0
S33	30704.6	0.174647	98827.6	0	0
proton	938.272	23.447	98862.3	0	0
P34	31638.6	0.945658	98862.3	0	0
neutron	939.565	1.19623	98863.4	0	0
neutron	939.565	0.454537	98863.4	0	0
S33	30704.6	0.0579682	98863.4	0	0
neutron	939.565	15.5026	98829.6	0	0
proton	938.272	5.62324	98829.6	0	0
P33	30705.3	1.6454	98829.6	0	0
neutron	939.565	36.9049	98883.5	0	0
neutron	939.565	1.1502	98883.5	0	0
neutron	939.565	0.819009	98883.5	0	0
alpha	3727.38	12.7505	98883.5	0	0
Si28	26053.2	4.46869	98883.5	0	0
Ne23	21414.1	0.230695	98829.4	0	0
neutron	939.565	0.221475	98912.1	0	0
Ne22	20479.7	0.138614	98912.1	0	0
proton	938.272	26.0494	98846.9	0	0
neutron	939.565	4.51096	98846.9	0	0
neutron	939.565	4.4932	98846.9	0	0
neutron	939.565	2.85696	98846.9	0	0
F19	17692.3	0.838859	98846.9	0	0
Cl35	32564.6	0.271057	99085.5	113.952	113.577
Ne23	21414.1	0.213748	98867	0	0
neutron	939.565	0.367621	98877.6	0	0
Ne22	20479.7	0.137079	98877.6	0	0
S37	34430.2	0.141983	98869.9	0	0
neutron	939.565	0.743689	98858.1	0	0
S34	31632.7	0.274352	98858.1	0	0
neutron	939.565	8.08621	98814.1	0	0
proton	938.272	7.44684	98814.1	0	0
neutron	939.565	1.82122	98814.1	0	0
F20	18625.3	0.0594497	98814.1	0	0
neutron	939.565	1.70619	98845.4	0	0
Ne22	20479.7	0.0565134	98845.4	0	0
neutron	939.565	2.25464	98831.5	0	0
Ne22	20479.7	0.137179	98831.5	0	0
neutron	939.565	0.3034	98830.3	0	0
S34	31632.7	0.152596	98830.3	0	0
neutron	939.565	10.4698	98879.2	0	0
neutron	939.565	3.76653	98879.2	0	0
neutron	939.565	0.982077	98879.2	0	0
alpha	3727.38	9.65803	98879.2	0	0
alpha	3727.38	7.23156	98879.2	0	0
C12	11174.9	2.20558	98879.2	0	0
Ne23	21414.1	0.221956	98904.8	0	0
neutron	939.565	0.548696	98855.4	0	0
S34	31632.7	0.10552	98855.4	0	0
proton	938.272	7.95632	98870.7	0	0
neutron	939.565	5.02709	98870.7	0	0
neutron	939.565	3.04013	98870.7	0	0
P32	29775.8	0.143104	98870.7	0	0
neutron	939.565	0.617797	98863.2	0	0
Ne22	20479.7	0.301616	98863.2	0	0
proton	938.272	46.0688	98849.4	0	0
neutron	939.565	2.02171	98849.4	0	0
F21	19556.7	2.22642	98849.4	0	0
neutron	939.565	4.26194	98832.4	0	0
neutron	939.565	0.880253	98832.4	0	0
S33	30704.6	0.0800235	98832.4	0	0
proton	938.272	10.9839	98865.1	0	0
proton	938.272	6.92214	98865.1	0	0
neutron	939.565	4.33	98865.1	0	0
Si32	29776.6	0.233561	98865.1	0	0
neutron	939.565	0.365311	98844.2	0	0
Ne22	20479.7	0.326702	98844.2	0	0
neutron	939.565	2.96255	98875.9	0	0
neutron	939.565	1.90379	98875.9	0	0
neutron	939.565	1.72527	98875.9	0	0
S32	29773.6	0.146536	98875.9	0	0
neutron	939.565	3.54475	98865.4	0	0
S34	31632.7	0.441152	98865.4	0	0
neutron	939.565	9.92023	98823.6	0	0
neutron	939.565	1.34026	98823.6	0	0
neutron	939.565	1.22785	98823.6	0	0
S34	31632.7	0.240142	98823.6	0	0
neutron	939.565	6.04389	98865.7	0	0
neutron	939.565	3.37885	98865.7	0	0
neutron	939.565	1.81855	98865.7	0	0
Ne20	18617.7	1.00463	98865.7	0	0
neutron	939.565	0.845582	98810.7	0	0
Ne22	20479.7	0.285389	98810.7	0	0
Ne23	21414.1	0.224779	98838.7	0	0
S35	32565.3	0.145119	98809.8	0	0
neutron	939.565	7.03188	98857.2	0	0
neutron	939.565	5.62124	98857.2	0	0
neutron	939.565	0.752797	98857.2	0	0
alpha	3727.38	5.10432	98857.2	0	0
alpha	3727.38	9.82653	98857.2	0	0
C12	11174.9	1.52882	98857.2	0	0
neutron	939.565	1.88723	98823.7	0	0
S34	31632.7	0.100872	98823.7	0	0
neutron	939.565	0.716401	98858.5	0	0
S34	31632.7	0.126097	98858.5	0	0
Cl35	32564.6	0.118714	99290.5	198.15	197.968
proton	938.272	26.4229	98818.6	0	0
neutron	939.565	19.4708	98818.6	0	0
F21	19556.7	1.97917	98818.6	0	0
Ne23	21414.1	0.22315	98836.6	0	0
Na23	21409.2	0.185275	99026.6	94.2435	94.0464
Ne23	21414.1	0.209668	98890.5	0	0
proton	938.272	9.9348	98807.5	0	0
F22	20491.1	0.43585	98807.5	0	0
neutron	939.565	0.59356	98817.7	0	0
Ne22	20479.7	0.226994	98817.7	0	0
S35	32565.3	0.13742	98838.6	0	0
S35	32565.3	0.165295	98787.8	0	0
S35	32565.3	0.15185	98843.1	0	0
neutron	939.565	12.4682	98961.1	0	0
neutron	939.565	5.85883	98961.1	0	0
neutron	939.565	5.42541	98961.1	0	0
neutron	939.565	2.52437	98961.1	0	0
alpha	3727.38	5.25626	98961.1	0	0
O15	13971.2	1.76666	98961.1	0	0
neutron	939.565	0.267475	98888	0	0
Ne22	20479.7	0.199295	98888	0	0
Cl37	34424.8	0.207327	98869.6	30.7037	30.3333
neutron	939.565	2.65728	98865.9	0	0
S34	31632.7	0.194987	98865.9	0	0
S35	32565.3	0.14213	98891.9	0	0
neutron	939.565	3.37113	98892.1	0	0
neutron	939.565	3.25361	98892.1	0	0
neutron	939.565	0.921156	98892.1	0	0
S32	29773.6	0.0957735	98892.1	0	0
neutron	939.565	0.682897	98890.8	0	0
S34	31632.7	0.192464	98890.8	0	0
neutron	939.565	1.993	98890.1	0	0
neutron	939.565	0.833919	98890.1	0	0
S33	30704.6	0.361667	98890.1	0	0
neutron	939.565	0.52808	98848.7	0	0
S36	33495	0.222077	98848.7	0	0
proton	938.272	17.3278	98913.8	0	0
proton	938.272	12.3812	98913.8	0	0
neutron	939.565	6.81624	98913.8	0	0
neutron	939.565	4.91056	98913.8	0	0
neutron	939.565	3.5736	98913.8	0	0
Si30	27913.2	1.37513	98913.8	0	0
neutron	939.565	1.66911	98829.9	0	0
S34	31632.7	0.194986	98829.9	0	0
Ne23	21414.1	0.232355	98871.9	0	0
neutron	939.565	0.679333	98814	0	0
Ne22	20479.7	0.169934	98814	0	0
S37	34430.2	0.139513	98828.8	0	0
S37	34430.2	0.139969	98887.2	0	0
S37	34430.2	0.131745	98793.1	0	0
proton	938.272	11.3511	98837.3	0	0
neutron	939.565	6.80253	98837.3	0	0
F21	19556.7	0.515902	98837.3	0	0
neutron	939.565	2.97784	98847.6	0	0
neutron	939.565	2.23779	98847.6	0	0
neutron	939.565	2.06112	98847.6	0	0
S32	29773.6	0.283867	98847.6	0	0
neutron	939.565	2.50375	98867.6	0	0
S34	31632.7	0.289787	98867.6	0	0
neutron	939.565	5.71694	98899.3	0	0
proton	938.272	4.40958	98899.3	0	0
neutron	939.565	1.01911	98899.3	0	0
P32	29775.8	0.650569	98899.3	0	0
alpha	3727.38	10.871	98807.7	0	0
Si31	28846.2	1.6764	98807.7	0	0
Ne23	21414.1	0.233373	98891.2	0	0
Ne23	21414.1	0.213886	98811.2	0	0
Ne23	21414.1	0.230741	98827.4	0	0
neutron	939.565	32.2938	98817.3	0	0
neutron	939.565	16.9639	98817.3	0	0
neutron	939.565	2.94673	98817.3	0	0
Ne20	18617.7	1.34162	98817.3	0	0
proton	938.272	9.48335	98911.4	0	0
neutron	939.565	4.76856	98911.4	0	0
neutron	939.565	1.5895	98911.4	0	0
triton	2808.92	9.93415	98911.4	0	0
O17	15830.5	3.7817	98911.4	0	0
proton	938.272	6.25545	98879.9	0	0
neutron	939.565	5.15971	98879.9	0	0
neutron	939.565	5.11867	98879.9	0	0
neutron	939.565	2.44075	98879.9	0	0
deuteron	1875.61	6.62522	98879.9	0	0
Si29	26984.3	0.12452	98879.9	0	0
S35	32565.3	0.145538	98906.3	0	0
neutron	939.565	0.534665	98856.8	0	0
S36	33495	0.0650485	98856.8	0	0
neutron	939.565	9.5966	98826	0	0
neutron	939.565	6.06869	98826	0	0
neutron	939.565	5.00516	98826	0	0
alpha	3727.38	7.30237	98826	0	0
O16	14895.1	0.918982	98826	0	0
proton	938.272	8.53272	98864	0	0
neutron	939.565	2.84884	98864	0	0
neutron	939.565	2.33366	98864	0	0
neutron	939.565	0.568817	98864	0	0
F19	17692.3	0.0526284	98864	0	0
neutron	939.565	0.56248	98839.6	0	0
Ne22	20479.7	0.250381	98839.6	0	0
neutron	939.565	0.217452	98841.4	0	0
Ne22	20479.7	0.256013	98841.4	0	0
neutron	939.565	6.41815	98842.1	0	0
neutron	939.565	1.74871	98842.1	0	0
Ne21	19550.5	1.14086	98842.1	0	0
neutron	939.565	2.26042	98856.1	0	0
neutron	939.565	1.13651	98856.1	0	0
Ne21	19550.5	0.044044	98856.1	0	0
neutron	939.565	11.7498	98802.5	0	0
neutron	939.565	5.80666	98802.5	0	0
neutron	939.565	3.77697	98802.5	0	0
proton	938.272	3.63959	98802.5	0	0
proton	938.272	2.46414	98802.5	0	0
Si30	27913.2	0.578215	98802.5	0	0
neutron	939.565	0.22279	98816.8	0	0
S36	33495	0.14732	98816.8	0	0
neutron	939.565	3.85949	98803.8	0	0
neutron	939.565	0.669852	98803.8	0	0
Ne21	19550.5	0.420244	98803.8	0	0
S35	32565.3	0.165118	98911.6	0	0
neutron	939.565	4.77972	98855.1	0	0
proton	938.272	2.53382	98855.1	0	0
P33	30705.3	0.0973998	98855.1	0	0
neutron	939.565	0.133426	98860.2	0	0
Ne22	20479.7	0.155951	98860.2	0	0
S35	32565.3	0.151583	98851.2	0	0
neutron	939.565	12.212	98877	0	0
neutron	939.565	8.33059	98877	0	0
proton	938.272	4.02699	98877	0	0
P32	29775.8	0.735858	98877	0	0
neutron	939.565	25.2908	98783.5	0	0
neutron	939.565	9.86414	98783.5	0	0
neutron	939.565	2.11855	98783.5	0	0
S32	29773.6	1.145	98783.5	0	0
neutron	939.565	2.62452	98820.9	0	0
Ne22	20479.7	0.0238321	98820.9	0	0
S37	34430.2	0.140156	98892.6	0	0
neutron	939.565	3.0542	98831.1	0	0
Ne22	20479.7	0.331411	98831.1	0	0
Na23	21409.2	0.21475	98950.2	48.1198	47.8634
Ne23	21414.1	0.212367	98811.7	0	0
Ne23	21414.1	0.233537	98868.1	0	0
Ne23	21414.1	0.224824	98862.6	0	0
neutron	939.565	0.0360437	98850.8	0	0
Ne22	20479.7	0.223987	98850.8	0	0
Ne23	21414.1	0.213611	98816.6	0	0
neutron	939.565	0.200241	98807.4	0	0
Ne22	20479.7	0.18796	98807.4	0	0
Na23	21409.2	0.232467	98904.7	33.8854	33.6527
neutron	939.565	3.3167	98897.7	0	0
neutron	939.565	2.49315	98897.7	0	0
neutron	939.565	0.608329	98897.7	0	0
alpha	3727.38	9.04479	98897.7	0	0
Si28	26053.2	1.97196	98897.7	0	0
S37	34430.2	0.134075	98924.3	0	0
neutron	939.565	0.163138	98880.9	0	0
Ne22	20479.7	0.26284	98880.9	0	0
neutron	939.565	15.8721	98860	0	0
neutron	939.565	13.6044	98860	0	0
neutron	939.565	8.76914	98860	0	0
Ne20	18617.7	0.291805	98860	0	0
neutron	939.565	20.3407	98863.7	0	0
proton	938.272	11.1071	98863.7	0	0
neutron	939.565	0.454958	98863.7	0	0
P32	29775.8	0.0616954	98863.7	0	0
neutron	939.565	1.47512	98800.8	0	0
Ne22	20479.7	0.0544962	98800.8	0	0
neutron	939.565	0.223418	98899.1	0	0
S34	31632.7	0.17053	98899.1	0	0
neutron	939.565	1.02853	98811.5	0	0
S34	31632.7	0.180811	98811.5	0	0
S35	32565.3	0.145412	98845	0	0
S35	32565.3	0.146557	98869.3	0	0
Na23	21409.2	0.180795	99223	185.831	185.419
neutron	939.565	1.89942	98850.2	0	0
S34	31632.7	0.145373	98850.2	0	0
neutron	939.565	3.15678	98892.2	0	0
neutron	939.565	3.08146	98892.2	0	0
neutron	939.565	1.70949	98892.2	0	0
Ne20	18617.7	0.276882	98892.2	0	0
Na23	21409.2	0.407205	99085.6	110.791	110.332
Ne23	21414.1	0.224123	98905.3	0	0
Ne23	21414.1	0.200275	98785.3	0	0
S35	32565.3	0.159171	98810.6	0	0
Ne23	21414.1	0.213465	98822.2	0	0
neutron	939.565	3.31645	98841.6	0	0
Ne22	20479.7	0.1743	98841.6	0	0
neutron	939.565	1.40646	98863.8	0	0
neutron	939.565	1.40023	98863.8	0	0
Ne21	19550.5	0.378934	98863.8	0	0
Ne23	21414.1	0.215344	98842.9	0	0
proton	938.272	3.58791	98864.6	0	0
F22	20491.1	0.178681	98864.6	0	0
neutron	939.565	19.9527	98805.1	0	0
proton	938.272	11.8372	98805.1	0	0
neutron	939.565	6.94816	98805.1	0	0
P32	29775.8	0.0928372	98805.1	0	0
neutron	939.565	0.110482	98849.5	0	0
Ne22	20479.7	0.240198	98849.5	0	0
neutron	939.565	0.0457071	98834.3	0	0
S34	31632.7	0.157228	98834.3	0	0
neutron	939.565	22.0595	98869	0	0
proton	938.272	7.80507	98869	0	0
proton	938.272	5.31188	98869	0	0
Si32	29776.6	0.633825	98869	0	0
neutron	939.565	0.274852	98858.2	0	0
Ne22	20479.7	0.282448	98858.2	0	0
proton	938.272	3.32078	98866.4	0	0
deuteron	1875.61	4.62416	98866.4	0	0
Si32	29776.6	0.0474244	98866.4	0	0
neutron	939.565	1.08447	98844.9	0	0
S36	33495	0.125338	98844.9	0	0
neutron	939.565	0.783086	98792.8	0	0
S34	31632.7	0.131876	98792.8	0	0
neutron	939.565	0.916996	98900	0	0
neutron	939.565	0.650149	98900	0	0
Ne21	19550.5	0.311682	98900	0	0
neutron	939.565	0.240396	98844.5	0	0
S34	31632.7	0.131431	98844.5	0	0
neutron	939.565	2.09015	98866	0	0
neutron	939.565	1.71884	98866	0	0
neutron	939.565	0.445476	98866	0	0
S32	29773.6	0.297519	98866	0	0
neutron	939.565	3.06349	98890.7	0	0
neutron	939.565	2.91273	98890.7	0	0
neutron	939.565	2.09299	98890.7	0	0
S34	31632.7	0.265697	98890.7	0	0
proton	938.272	36.9087	98860.5	0	0
neutron	939.565	3.38662	98860.5	0	0
neutron	939.565	1.61717	98860.5	0	0
neutron	939.565	0.75814	98860.5	0	0
P31	28844.2	1.52849	98860.5	0	0
neutron	939.565	6.68962	98872.5	0	0
neutron	939.565	2.18738	98872.5	0	0
neutron	939.565	0.858596	98872.5	0	0
alpha	3727.38	11.3032	98872.5	0	0
Si30	27913.2	0.97326	98872.5	0	0
Ne23	21414.1	0.231552	98863	0	0
neutron	939.565	0.333614	98879	0	0
S34	31632.7	0.17902	98879	0	0
Ne23	21414.1	0.229317	98853.9	0	0
Ne23	21414.1	0.221634	98874.5	0	0
neutron	939.565	1.50012	98871.5	0	0
Ne22	20479.7	0.292098	98871.5	0	0
Ne23	21414.1	0.230704	98888.4	0	0
neutron	939.565	1.84772	98843	0	0
S34	31632.7	0.254512	98843	0	0
neutron	939.565	1.04688	98869.8	0	0
Ne22	20479.7	0.254352	98869.8	0	0
Ne23	21414.1	0.218021	98886	0	0
neutron	939.565	3.61748	98825.8	0	0
S34	31632.7	0.0396728	98825.8	0	0
proton	938.272	33.0706	98825.4	0	0
neutron	939.565	3.64851	98825.4	0	0
neutron	939.565	3.62769	98825.4	0	0
F20	18625.3	0.684599	98825.4	0	0
Cl37	34424.8	0.078512	99146.6	153.509	153.026
neutron	939.565	20.9932	98832.7	0	0
neutron	939.565	5.26031	98832.7	0	0
proton	938.272	2.94198	98832.7	0	0
triton	2808.92	4.82172	98832.7	0	0
Si29	26984.3	1.34106	98832.7	0	0
proton	938.272	44.9467	98826.7	0	0
neutron	939.565	3.78529	98826.7	0	0
neutron	939.565	0.727287	98826.7	0	0
F20	18625.3	3.63993	98826.7	0	0
neutron	939.565	8.57804	98819.9	0	0
proton	938.272	5.53259	98819.9	0	0
proton	938.272	5.2773	98819.9	0	0
neutron	939.565	0.443648	98819.9	0	0
neutron	939.565	0.193984	98819.9	0	0
Si30	27913.2	1.61815	98819.9	0	0
neutron	939.565	0.450962	98819.4	0	0
Ne22	20479.7	0.259581	98819.4	0	0
proton	938.272	11.1832	98843	0	0
proton	938.272	6.98641	98843	0	0
neutron	939.565	5.36434	98843	0	0
neutron	939.565	2.65073	98843	0	0
neutron	939.565	2.01972	98843	0	0
Si30	27913.2	1.07284	98843	0	0
neutron	939.565	1.12457	98875.7	0	0
S36	33495	0.0767662	98875.7	0	0
S35	32565.3	0.15426	98879.7	0	0
neutron	939.565	0.183652	98867	0	0
S34	31632.7	0.12831	98867	0	0
proton	938.272	5.72946	98826.1	0	0
neutron	939.565	4.58199	98826.1	0	0
neutron	939.565	1.87214	98826.1	0	0
deuteron	1875.61	3.73617	98826.1	0	0
O18	16762	0.736679	98826.1	0	0
Ne23	21414.1	0.233062	98875.8	0	0
neutron	939.565	2.34359	98808.2	0	0
neutron	939.565	1.33347	98808.2	0	0
S33	30704.6	0.106762	98808.2	0	0
neutron	939.565	3.02214	98919.2	0	0
neutron	939.565	2.06074	98919.2	0	0
S35	32565.3	0.349029	98919.2	0	0
neutron	939.565	7.31592	98869	0	0
neutron	939.565	5.18004	98869	0	0
neutron	939.565	4.65725	98869	0	0
proton	938.272	3.13416	98869	0	0
P31	28844.2	0.573454	98869	0	0
Ne23	21414.1	0.224497	98928	0	0
neutron	939.565	9.47079	98852.2	0	0
proton	938.272	7.9696	98852.2	0	0
proton	938.272	5.09792	98852.2	0	0
Si32	29776.6	0.852245	98852.2	0	0
Ne23	21414.1	0.225892	98913.4	0	0
neutron	939.565	0.14148	98898.8	0	0
S34	31632.7	0.109801	98898.8	0	0
proton	938.272	6.16749	98863.9	0	0
neutron	939.565	0.601534	98863.9	0	0
P33	30705.3	0.317834	98863.9	0	0
Ne23	21414.1	0.224482	98852.9	0	0
neutron	939.565	26.022	98919	0	0
neutron	939.565	3.73332	98919	0	0
neutron	939.565	0.781062	98919	0	0
Ne20	18617.7	0.372923	98919	0	0
neutron	939.565	8.32572	98869	0	0
alpha	3727.38	6.4714	98869	0	0
Si30	27913.2	0.76353	98869	0	0
neutron	939.565	1.68906	98897.3	0	0
deuteron	1875.61	11.2922	98897.3	0	0
P32	29775.8	1.34023	98897.3	0	0
neutron	939.565	11.9724	98846.6	0	0
neutron	939.565	3.98571	98846.6	0	0
alpha	3727.38	4.92912	98846.6	0	0
O17	15830.5	2.00154	98846.6	0	0
S37	34430.2	0.134939	98828.5	0	0
neutron	939.565	8.46825	98826.9	0	0
alpha	3727.38	7.34062	98826.9	0	0
O18	16762	0.298582	98826.9	0	0
proton	938.272	15.5848	98832.7	0	0
proton	938.272	5.66566	98832.7	0	0
neutron	939.565	1.45388	98832.7	0	0
neutron	939.565	1.04086	98832.7	0	0
Si31	28846.2	1.16625	98832.7	0	0
neutron	939.565	1.21654	98882.9	0	0
Ne22	20479.7	0.37698	98882.9	0	0
proton	938.272	21.6382	98838.4	0	0
F22	20491.1	1.54387	98838.4	0	0
S35	32565.3	0.149445	98818.3	0	0
neutron	939.565	0.972883	98838	0	0
S36	33495	0.137657	98838	0	0
neutron	939.565	2.69443	98911.9	0	0
S34	31632.7	0.171835	98911.9	0	0
neutron	939.565	6.32154	98900.7	0	0
neutron	939.565	4.13516	98900.7	0	0
neutron	939.565	1.89225	98900.7	0	0
S32	29773.6	0.338191	98900.7	0	0
Ne23	21414.1	0.206509	98793	0	0
neutron	939.565	30.9006	98894.8	0	0
neutron	939.565	2.29786	98894.8	0	0
neutron	939.565	2.05796	98894.8	0	0
S34	31632.7	1.69459	98894.8	0	0
neutron	939.565	7.9147	98873.5	0	0
proton	938.272	3.93721	98873.5	0	0
neutron	939.565	0.523851	98873.5	0	0
P32	29775.8	0.763605	98873.5	0	0
neutron	939.565	0.875669	98865.7	0	0
S34	31632.7	0.0547279	98865.7	0	0
neutron	939.565	0.208405	98919.9	0	0
S34	31632.7	0.144067	98919.9	0	0
neutron	939.565	0.0828159	98876.6	0	0
S36	33495	0.11065	98876.6	0	0
neutron	939.565	3.15739	98873.5	0	0
S34	31632.7	0.229751	98873.5	0	0
neutron	939.565	1.02878	98850.6	0	0
S34	31632.7	0.24432	98850.6	0	0
Ne23	21414.1	0.229286	98869.4	0	0
neutron	939.565	1.0263	98825.3	0	0
Ne22	20479.7	0.0623317	98825.3	0	0
neutron	939.565	1.36345	98831.5	0	0
S34	31632.7	0.111825	98831.5	0	0
neutron	939.565	0.329137	98858.9	0	0
Ne22	20479.7	0.166244	98858.9	0	0
neutron	939.565	0.915643	98860.8	0	0
S34	31632.7	0.0800742	98860.8	0	0
Ne23	21414.1	0.219991	98893.5	0	0
neutron	939.565	0.413071	98847.1	0	0
Ne22	20479.7	0.138701	98847.1	0	0
neutron	939.565	31.8663	98826.5	0	0
neutron	939.565	4.23538	98826.5	0	0
neutron	939.565	0.422875	98826.5	0	0
Ne20	18617.7	0.439742	98826.5	0	0
neutron	939.565	1.91219	98826.2	0	0
S34	31632.7	0.161957	98826.2	0	0
neutron	939.565	22.5356	98849.2	0	0
neutron	939.565	18.5274	98849.2	0	0
neutron	939.565	2.34755	98849.2	0	0
alpha	3727.38	13.7748	98849.2	0	0
O16	14895.1	0.788308	98849.2	0	0
neutron	939.565	4.03566	98871.6	0	0
neutron	939.565	3.19867	98871.6	0	0
neutron	939.565	0.280879	98871.6	0	0
S32	29773.6	0.291982	98871.6	0	0
S35	32565.3	0.149015	98856.1	0	0
neutron	939.565	1.85234	98860.7	0	0
neutron	939.565	1.85179	98860.7	0	0
neutron	939.565	0.702956	98860.7	0	0
S32	29773.6	0.0563909	98860.7	0	0
neutron	939.565	0.147	98872.6	0	0
S34	31632.7	0.143866	98872.6	0	0
S35	32565.3	0.140816	98837.5	0	0
proton	938.272	9.66343	98913.8	0	0
neutron	939.565	5.89201	98913.8	0	0
proton	938.272	4.03374	98913.8	0	0
Si32	29776.6	0.391424	98913.8	0	0
Ne23	21414.1	0.229932	98835.8	0	0
neutron	939.565	10.2108	98839.8	0	0
neutron	939.565	5.20052	98839.8	0	0
neutron	939.565	0.883389	98839.8	0	0
Ne20	18617.7	1.14122	98839.8	0	0
neutron	939.565	4.99161	98891.8	0	0
neutron	939.565	2.54743	98891.8	0	0
neutron	939.565	0.905346	98891.8	0	0
S32	29773.6	0.40375	98891.8	0	0
Na23	21409.2	0.237332	99033.3	95.2615	95.0068
S35	32565.3	0.167054	98923	0	0
proton	938.272	39.8305	98877.6	0	0
neutron	939.565	9.18521	98877.6	0	0
neutron	939.565	2.55733	98877.6	0	0
neutron	939.565	1.60689	98877.6	0	0
P31	28844.2	1.16627	98877.6	0	0
neutron	939.565	6.32612	98917.9	0	0
neutron	939.565	2.00425	98917.9	0	0
S33	30704.6	0.251769	98917.9	0	0
Cl37	34424.8	0.132032	99206.4	163.206	163.029
neutron	939.565	0.745902	98921.6	0	0
Ne22	20479.7	0.182948	98921.6	0	0
Ne23	21414.1	0.222436	98893.4	0	0
neutron	939.565	0.0509343	98851.8	0	0
Ne22	20479.7	0.236544	98851.8	0	0
S37	34430.2	0.144147	98842.2	0	0
neutron	939.565	2.10154	98837.4	0	0
neutron	939.565	0.260647	98837.4	0	0
Ne21	19550.5	0.286249	98837.4	0	0
neutron	939.565	18.8981	98856.5	0	0
neutron	939.565	0.262719	98856.5	0	0
deuteron	1875.61	16.1655	98856.5	0	0
F19	17692.3	1.84556	98856.5	0	0
Cl35	32564.6	0.127811	99695.6	346.218	346.04
neutron	939.565	4.79847	98824.9	0	0
Ne22	20479.7	0.489091	98824.9	0	0
neutron	939.565	26.6379	98874.5	0	0
neutron	939.565	3.4556	98874.5	0	0
neutron	939.565	1.88584	98874.5	0	0
neutron	939.565	0.941857	98874.5	0	0
neutron	939.565	0.864032	98874.5	0	0
S32	29773.6	1.18636	98874.5	0	0
neutron	939.565	2.9426	98846.8	0	0
Ne22	20479.7	0.0878677	98846.8	0	0
Ne23	21414.1	0.228451	98833.5	0	0
Ne23	21414.1	0.233554	98805	0	0
neutron	939.565	0.350637	98851.8	0	0
S36	33495	0.0995164	98851.8	0	0
Ne23	21414.1	0.217197	98876.7	0	0
neutron	939.565	1.26705	98886.5	0	0
S34	31632.7	0.0762823	98886.5	0	0
Ne23	21414.1	0.229762	98820.8	0	0
neutron	939.565	0.322065	98874.1	0	0
S34	31632.7	0.0884656	98874.1	0	0
Ne23	21414.1	0.224975	98952.9	0	0
neutron	939.565	5.4654	98872	0	0
neutron	939.565	1.12848	98872	0	0
S33	30704.6	0.543501	98872	0	0
neutron	939.565	0.705317	98878	0	0
S36	33495	0.169905	98878	0	0
proton	938.272	34.1062	98835.2	0	0
neutron	939.565	6.83375	98835.2	0	0
F21	19556.7	1.43713	98835.2	0	0
neutron	939.565	0.182856	98892.8	0	0
Ne22	20479.7	0.290925	98892.8	0	0
neutron	939.565	1.86282	98852.1	0	0
S34	31632.7	0.0260835	98852.1	0	0
neutron	939.565	4.65292	98834.1	0	0
S34	31632.7	0.397318	98834.1	0	0
neutron	939.565	1.84833	98803.8	0	0
Ne22	20479.7	0.309526	98803.8	0	0
neutron	939.565	26.1553	98907	0	0
neutron	939.565	8.04505	98907	0	0
proton	938.272	4.6371	98907	0	0
neutron	939.565	1.66779	98907	0	0
P31	28844.2	1.54709	98907	0	0
neutron	939.565	2.79005	98872.9	0	0
S34	31632.7	0.016926	98872.9	0	0
Ne23	21414.1	0.223714	98845.6	0	0
neutron	939.565	0.687585	98836.7	0	0
Ne22	20479.7	0.277761	98836.7	0	0
proton	938.272	16.2538	98834.8	0	0
neutron	939.565	14.4883	98834.8	0	0
neutron	939.565	0.190536	98834.8	0	0
F20	18625.3	0.75081	98834.8	0	0
neutron	939.565	1.54422	98843.9	0	0
S34	31632.7	0.0330572	98843.9	0	0
Na23	21409.2	0.399005	98921.6	58.6143	58.1942
S35	32565.3	0.158943	98897.7	0	0
S35	32565.3	0.15901	98839.4	0	0
neutron	939.565	38.2048	98879.2	0	0
neutron	939.565	0.267871	98879.2	0	0
Ne21	19550.5	1.28873	98879.2	0	0
neutron	939.565	2.72819	98874.7	0	0
neutron	939.565	2.55905	98874.7	0	0
neutron	939.565	0.924674	98874.7	0	0
Ne20	18617.7	0.159866	98874.7	0	0
neutron	939.565	1.86942	98880.9	0	0
Ne22	20479.7	0.162319	98880.9	0	0
Ne23	21414.1	0.227003	98901.8	0	0
Na23	21409.2	0.322259	99693.9	330.836	330.298
neutron	939.565	0.771154	98825.4	0	0
S34	31632.7	0.123364	98825.4	0	0
Na23	21409.2	0.12327	99986.7	438.741	438.558
neutron	939.565	2.51764	98841.3	0	0
Ne22	20479.7	0.53075	98841.3	0	0
neutron	939.565	4.06855	98837	0	0
neutron	939.565	4.05181	98837	0	0
neutron	939.565	2.6141	98837	0	0
Ne20	18617.7	1.08813	98837	0	0
S35	32565.3	0.167482	98875.4	0	0
Ne23	21414.1	0.216731	98828.6	0	0
S35	32565.3	0.162015	98858	0	0
Ne23	21414.1	0.226165	98884.7	0	0
Ne23	21414.1	0.200746	98835.1	0	0
neutron	939.565	5.77541	98860.8	0	0
neutron	939.565	2.53716	98860.8	0	0
S35	32565.3	0.221209	98860.8	0	0
neutron	939.565	0.258081	98810.1	0	0
S36	33495	0.163301	98810.1	0	0
proton	938.272	27.6718	98884.8	0	0
neutron	939.565	1.72558	98884.8	0	0
neutron	939.565	0.184844	98884.8	0	0
P32	29775.8	0.406217	98884.8	0	0
neutron	939.565	2.16909	98845	0	0
S36	33495	0.144936	98845	0	0
S35	32565.3	0.153361	98875.3	0	0
neutron	939.565	0.223644	98812.3	0	0
Ne22	20479.7	0.176896	98812.3	0	0
neutron	939.565	0.187329	98840.5	0	0
Ne22	20479.7	0.145841	98840.5	0	0
neutron	939.565	0.326033	98972.8	0	0
Ne22	20479.7	0.17664	98972.8	0	0
neutron	939.565	0.637098	98798.8	0	0
S34	31632.7	0.0625837	98798.8	0	0
proton	938.272	39.3002	98829.7	0	0
neutron	939.565	3.76106	98829.7	0	0
neutron	939.565	1.96663	98829.7	0	0
F20	18625.3	1.93742	98829.7	0	0
neutron	939.565	5.30378	98847.1	0	0
neutron	939.565	4.6822	98847.1	0	0
neutron	939.565	3.88588	98847.1	0	0
S32	29773.6	0.340952	98847.1	0	0
proton	938.272	17.5144	98848.8	0	0
neutron	939.565	4.51919	98848.8	0	0
neutron	939.565	1.46329	98848.8	0	0
neutron	939.565	0.510456	98848.8	0	0
F19	17692.3	1.69692	98848.8	0	0
Ne23	21414.1	0.23202	98825.3	0	0
neutron	939.565	7.63426	98850.1	0	0
neutron	939.565	0.365821	98850.1	0	0
Ne21	19550.5	0.0610789	98850.1	0	0
S35	32565.3	0.154466	98830.5	0	0
proton	938.272	3.71478	98894	0	0
neutron	939.565	3.51641	98894	0	0
neutron	939.565	1.36385	98894	0	0
neutron	939.565	0.570275	98894	0	0
neutron	939.565	0.540799	98894	0	0
P32	29775.8	0.500735	98894	0	0
neutron	939.565	48.1431	98850.3	0	0
neutron	939.565	12.667	98850.3	0	0
Ne21	19550.5	2.01713	98850.3	0	0
neutron	939.565	26.2934	98786.6	0	0
neutron	939.565	2.85787	98786.6	0	0
neutron	939.565	1.26521	98786.6	0	0
S34	31632.7	0.695171	98786.6	0	0
neutron	939.565	0.558628	98826	0	0
Ne22	20479.7	0.155191	98826	0	0
Cl35	32564.6	0.0828069	99788.8	369.164	368.222
neutron	939.565	5.60476	98840.1	0	0
neutron	939.565	5.54203	98840.1	0	0
neutron	939.565	2.41604	98840.1	0	0
neutron	939.565	0.467069	98840.1	0	0
S33	30704.6	0.262028	98840.1	0	0
Ne23	21414.1	0.224895	98837.1	0	0
Ne23	21414.1	0.219398	98903.4	0	0
neutron	939.565	1.25099	98773.2	0	0
S34	31632.7	0.270364	98773.2	0	0
Na23	21409.2	0.326036	99461.2	240.469	240.124
Cl35	32564.6	0.109546	98952.9	31.0955	30.9312
Ne23	21414.1	0.228941	98844.6	0	0
Ne23	21414.1	0.228515	98825.1	0	0
neutron	939.565	1.35753	98857.3	0	0
S34	31632.7	0.154215	98857.3	0	0
neutron	939.565	14.4648	98857.2	0	0
neutron	939.565	1.81876	98857.2	0	0
S33	30704.6	0.587099	98857.2	0	0
neutron	939.565	0.808151	98873.4	0	0
S34	31632.7	0.123382	98873.4	0	0
neutron	939.565	0.593372	98857	0	0
Ne22	20479.7	0.376235	98857	0	0
neutron	939.565	1.56758	98833.8	0	0
Ne22	20479.7	0.0550013	98833.8	0	0
neutron	939.565	0.493139	98920.2	0	0
Ne22	20479.7	0.364073	98920.2	0	0
Cl35	32564.6	0.104979	99002.4	91.7048	91.5495
S35	32565.3	0.160222	98893.4	0	0
neutron	939.565	14.7155	98913.7	0	0
neutron	939.565	3.29516	98913.7	0	0
neutron	939.565	0.701515	98913.7	0	0
Ne20	18617.7	1.54033	98913.7	0	0
neutron	939.565	4.08082	98848.1	0	0
neutron	939.565	2.63741	98848.1	0	0
Ne21	19550.5	0.431369	98848.1	0	0
neutron	939.565	2.26486	98805.3	0	0
Ne22	20479.7	0.219244	98805.3	0	0
Ne23	21414.1	0.227488	98858.6	0	0
neutron	939.565	1.63027	98874.8	0	0
S36	33495	0.0728715	98874.8	0	0
Ne23	21414.1	0.225691	98894.5	0	0
neutron	939.565	0.157838	98845.5	0	0
Ne22	20479.7	0.244085	98845.5	0	0
Ne23	21414.1	0.219938	98854.2	0	0
neutron	939.565	7.97077	98839.9	0	0
neutron	939.565	5.47302	98839.9	0	0
neutron	939.565	3.29898	98839.9	0	0
Ne20	18617.7	0.752896	98839.9	0	0
neutron	939.565	0.822063	98861.3	0	0
S34	31632.7	0.0759139	98861.3	0	0
neutron	939.565	5.56382	98893.7	0	0
neutron	939.565	0.706995	98893.7	0	0
S33	30704.6	0.30392	98893.7	0	0
neutron	939.565	19.8209	98889.6	0	0
proton	938.272	9.63559	98889.6	0	0
proton	938.272	4.28153	98889.6	0	0
neutron	939.565	1.60163	98889.6	0	0
neutron	939.565	0.824693	98889.6	0	0
Si30	27913.2	1.19512	98889.6	0	0
neutron	939.565	1.26273	98835.2	0	0
S34	31632.7	0.204411	98835.2	0	0
neutron	939.565	3.6321	98854.4	0	0
neutron	939.565	2.25049	98854.4	0	0
neutron	939.565	0.707568	98854.4	0	0
S34	31632.7	0.120729	98854.4	0	0
Ne23	21414.1	0.228222	98863	0	0
neutron	939.565	8.91951	98817.4	0	0
proton	938.272	2.82515	98817.4	0	0
neutron	939.565	1.55678	98817.4	0	0
P32	29775.8	0.634239	98817.4	0	0
neutron	939.565	1.26494	98877.6	0	0
S34	31632.7	0.263354	98877.6	0	0
Na23	21409.2	0.108177	99893.2	410.247	409.865
Ne23	21414.1	0.226363	98826.1	0	0
S35	32565.3	0.159162	98889.9	0	0
neutron	939.565	3.36855	98879.2	0	0
neutron	939.565	0.013812	98879.2	0	0
Ne21	19550.5	0.0414363	98879.2	0	0
neutron	939.565	27.6172	98882.6	0	0
neutron	939.565	2.38448	98882.6	0	0
neutron	939.565	1.31932	98882.6	0	0
S34	31632.7	0.933811	98882.6	0	0
neutron	939.565	4.7771	98866.3	0	0
neutron	939.565	2.42022	98866.3	0	0
S33	30704.6	0.447205	98866.3	0	0
S37	34430.2	0.133193	98848.2	0	0
neutron	939.565	7.81637	98880.8	0	0
neutron	939.565	7.68748	98880.8	0	0
proton	938.272	2.9474	98880.8	0	0
deuteron	1875.61	7.48117	98880.8	0	0
Si30	27913.2	0.79221	98880.8	0	0
S35	32565.3	0.151079	98792.9	0	0
neutron	939.565	1.69774	98854.7	0	0
S34	31632.7	0.095957	98854.7	0	0
proton	938.272	30.8255	98898.1	0	0
neutron	939.565	8.68337	98898.1	0	0
neutron	939.565	3.07768	98898.1	0	0
neutron	939.565	2.09881	98898.1	0	0
F19	17692.3	0.88502	98898.1	0	0
proton	938.272	16.5615	98849	0	0
neutron	939.565	15.138	98849	0	0
P33	30705.3	0.0718064	98849	0	0
neutron	939.565	3.46226	98859.1	0	0
proton	938.272	2.1606	98859.1	0	0
F21	19556.7	0.168464	98859.1	0	0
neutron	939.565	0.142925	98900.9	0	0
S34	31632.7	0.157466	98900.9	0	0
Ne23	21414.1	0.231881	98856.3	0	0
Cl35	32564.6	0.0892888	99735.7	358.504	358.36
neutron	939.565	4.97933	98835.4	0	0
proton	938.272	4.8977	98835.4	0	0
proton	938.272	3.72521	98835.4	0	0
neutron	939.565	3.5107	98835.4	0	0
neutron	939.565	1.43971	98835.4	0	0
Si32	29776.6	0.0446366	98835.4	0	0
neutron	939.565	58.3778	98858.4	0	0
neutron	939.565	0.441315	98858.4	0	0
neutron	939.565	0.0348186	98858.4	0	0
Ne20	18617.7	2.66252	98858.4	0	0
neutron	939.565	0.625154	98836.5	0	0
S34	31632.7	0.169289	98836.5	0	0
neutron	939.565	0.241041	98875.6	0	0
S34	31632.7	0.0956265	98875.6	0	0
neutron	939.565	7.16547	98859.1	0	0
neutron	939.565	4.03243	98859.1	0	0
neutron	939.565	2.83862	98859.1	0	0
alpha	3727.38	7.96946	98859.1	0	0
O16	14895.1	1.31682	98859.1	0	0
neutron	939.565	9.73639	98851	0	0
neutron	939.565	4.83995	98851	0	0
Ne21	19550.5	0.752794	98851	0	0
neutron	939.565	3.20608	98852.5	0	0
Ne22	20479.7	0.346928	98852.5	0	0
neutron	939.565	0.375345	98847.9	0	0
S36	33495	0.0901922	98847.9	0	0
neutron	939.565	3.09183	98831.9	0	0
neutron	939.565	0.79707	98831.9	0	0
Ne21	19550.5	0.227426	98831.9	0	0
neutron	939.565	0.34762	98803.3	0	0
S34	31632.7	0.217272	98803.3	0	0
neutron	939.565	1.02526	98860.7	0	0
S34	31632.7	0.169856	98860.7	0	0
neutron	939.565	0.225426	98858.9	0	0
S34	31632.7	0.153959	98858.9	0	0
Ne23	21414.1	0.231446	98898.8	0	0
neutron	939.565	0.708922	98898.4	0	0
S34	31632.7	0.0975544	98898.4	0	0
S35	32565.3	0.162651	98856.8	0	0
neutron	939.565	16.3433	98846.3	0	0
proton	938.272	3.79643	98846.3	0	0
neutron	939.565	0.236693	98846.3	0	0
P32	29775.8	0.506423	98846.3	0	0
neutron	939.565	3.9359	98860.7	0	0
S34	31632.7	0.0579024	98860.7	0	0
neutron	939.565	0.955997	98865.2	0	0
S34	31632.7	0.0817497	98865.2	0	0
S35	32565.3	0.164749	98921.6	0	0
neutron	939.565	1.28581	98832.2	0	0
S34	31632.7	0.17727	98832.2	0	0
Ne23	21414.1	0.233433	98856.3	0	0
Ne23	21414.1	0.216303	98807.8	0	0
neutron	939.565	0.986423	98855	0	0
S34	31632.7	0.161303	98855	0	0
neutron	939.565	0.556151	98835.9	0	0
S34	31632.7	0.0648598	98835.9	0	0
neutron	939.565	5.7772	98853.9	0	0
neutron	939.565	0.774866	98853.9	0	0
S33	30704.6	0.153897	98853.9	0	0
S35	32565.3	0.131119	98901.2	0	0
neutron	939.565	2.42144	98830.4	0	0
S34	31632.7	0.176784	98830.4	0	0
neutron	939.565	1.68401	98833.9	0	0
neutron	939.565	0.662404	98833.9	0	0
neutron	939.565	0.0878871	98833.9	0	0
alpha	3727.38	7.14427	98833.9	0	0
O16	14895.1	3.32791	98833.9	0	0
Cl35	32564.6	0.142356	99382.8	232.212	231.886
proton	938.272	21.1887	98859.2	0	0
neutron	939.565	7.6139	98859.2	0	0
neutron	939.565	5.26769	98859.2	0	0
neutron	939.565	4.11671	98859.2	0	0
F19	17692.3	0.0844215	98859.2	0	0
Cl35	32564.6	0.100242	99508	281.93	281.785
neutron	939.565	2.44615	98822.1	0	0
S34	31632.7	0.185939	98822.1	0	0
Cl35	32564.6	0.0879293	99003	107.234	106.968
Ne23	21414.1	0.215769	98844.8	0	0
neutron	939.565	8.08633	98831	0	0
proton	938.272	6.40304	98831	0	0
neutron	939.565	6.04467	98831	0	0
proton	938.272	2.64377	98831	0	0
neutron	939.565	0.744097	98831	0	0
Si30	27913.2	0.921968	98831	0	0
Ne23	21414.1	0.232644	98863.9	0	0
proton	938.272	15.7212	98868.2	0	0
neutron	939.565	5.67976	98868.2	0	0
neutron	939.565	3.69904	98868.2	0	0
neutron	939.565	3.29541	98868.2	0	0
proton	938.272	2.01668	98868.2	0	0
O18	16762	1.0827	98868.2	0	0
S35	32565.3	0.146526	98810.8	0	0
neutron	939.565	20.4641	98849.4	0	0
neutron	939.565	11.3102	98849.4	0	0
neutron	939.565	8.41563	98849.4	0	0
Ne20	18617.7	0.603917	98849.4	0	0
neutron	939.565	2.92756	98870.9	0	0
neutron	939.565	2.47121	98870.9	0	0
neutron	939.565	0.893798	98870.9	0	0
alpha	3727.38	5.67409	98870.9	0	0
O16	14895.1	3.43851	98870.9	0	0
Ne23	21414.1	0.217228	98795.7	0	0
neutron	939.565	0.959971	98828.7	0	0
S36	33495	0.229713	98828.7	0	0
neutron	939.565	9.91059	98863.1	0	0
neutron	939.565	6.85156	98863.1	0	0
neutron	939.565	4.81663	98863.1	0	0
neutron	939.565	3.5352	98863.1	0	0
alpha	3727.38	10.1623	98863.1	0	0
Si27	25130.8	1.16605	98863.1	0	0
Ne23	21414.1	0.232053	98849.6	0	0
Ne23	21414.1	0.224338	98878.4	0	0
S35	32565.3	0.156124	98852	0	0
proton	938.272	22.3312	98836.5	0	0
neutron	939.565	4.7565	98836.5	0	0
neutron	939.565	3.27817	98836.5	0	0
neutron	939.565	0.563133	98836.5	0	0
F19	17692.3	0.683435	98836.5	0	0
neutron	939.565	1.14414	98900.1	0	0
Ne22	20479.7	0.172803	98900.1	0	0
neutron	939.565	10.1836	98844.2	0	0
neutron	939.565	1.37272	98844.2	0	0
neutron	939.565	0.568754	98844.2	0	0
Ne20	18617.7	1.63194	98844.2	0	0
neutron	939.565	2.02335	98832.2	0	0
S34	31632.7	0.360035	98832.2	0	0
neutron	939.565	5.46292	98907.7	0	0
neutron	939.565	3.32556	98907.7	0	0
neutron	939.565	0.355488	98907.7	0	0
Ne20	18617.7	0.303382	98907.7	0	0
neutron	939.565	2.17241	98910.7	0	0
S34	31632.7	0.178849	98910.7	0	0
neutron	939.565	0.470923	98943	0	0
S34	31632.7	0.10688	98943	0	0
neutron	939.565	1.70598	98856.2	0	0
S36	33495	0.301295	98856.2	0	0
neutron	939.565	1.26158	98809	0	0
S34	31632.7	0.117642	98809	0	0
neutron	939.565	4.37227	98839.7	0	0
Ne22	20479.7	0.293911	98839.7	0	0
neutron	939.565	21.6018	98873.3	0	0
neutron	939.565	5.4618	98873.3	0	0
neutron	939.565	3.37284	98873.3	0	0
S32	29773.6	0.649537	98873.3	0	0
neutron	939.565	0.234678	98839.1	0	0
S36	33495	0.199532	98839.1	0	0
neutron	939.565	9.32264	98835.2	0	0
neutron	939.565	7.66801	98835.2	0	0
neutron	939.565	6.12418	98835.2	0	0
alpha	3727.38	5.85734	98835.2	0	0
O16	14895.1	3.85395	98835.2	0	0
neutron	939.565	11.51	98865.5	0	0
neutron	939.565	1.40804	98865.5	0	0
Ne21	19550.5	1.18148	98865.5	0	0
neutron	939.565	0.441094	98825.3	0	0
S34	31632.7	0.0917406	98825.3	0	0
S35	32565.3	0.143898	98859	0	0
neutron	939.565	0.441892	98930	0	0
S34	31632.7	0.191217	98930	0	0
proton	938.272	23.1834	98837.9	0	0
neutron	939.565	4.70101	98837.9	0	0
neutron	939.565	4.42179	98837.9	0	0
P32	29775.8	0.27675	98837.9	0	0
neutron	939.565	1.18433	98877.6	0	0
Ne22	20479.7	0.335666	98877.6	0	0
proton	938.272	7.97175	98774.1	0	0
neutron	939.565	2.61049	98774.1	0	0
P33	30705.3	0.197433	98774.1	0	0
neutron	939.565	0.149163	98837.1	0	0
Ne22	20479.7	0.242707	98837.1	0	0
Na23	21409.2	0.212002	98887	11.5684	11.3502
neutron	939.565	45.1086	98890.1	0	0
proton	938.272	3.13143	98890.1	0	0
neutron	939.565	1.79075	98890.1	0	0
neutron	939.565	0.960974	98890.1	0	0
P31	28844.2	0.785563	98890.1	0	0
Cl35	32564.6	0.0842844	99905	408.602	408.395
neutron	939.565	4.00776	98854	0	0
neutron	939.565	3.90497	98854	0	0
neutron	939.565	1.24675	98854	0	0
alpha	3727.38	7.68005	98854	0	0
Si28	26053.2	0.94637	98854	0	0
Ne23	21414.1	0.232881	98804.7	0	0
neutron	939.565	28.9082	98844	0	0
neutron	939.565	3.30726	98844	0	0
neutron	939.565	0.988703	98844	0	0
alpha	3727.38	6.31961	98844	0	0
O16	14895.1	1.48318	98844	0	0
neutron	939.565	5.43443	98832.8	0	0
neutron	939.565	0.549949	98832.8	0	0
S33	30704.6	0.0926666	98832.8	0	0
S35	32565.3	0.158041	98828.7	0	0
S35	32565.3	0.146469	98831.1	0	0
neutron	939.565	0.698927	98849.9	0	0
S34	31632.7	0.0630965	98849.9	0	0
neutron	939.565	2.66809	98870.5	0	0
Ne22	20479.7	0.471237	98870.5	0	0
neutron	939.565	0.764935	98876.5	0	0
S34	31632.7	0.160267	98876.5	0	0
neutron	939.565	4.84409	98827.1	0	0
S36	33495	0.223205	98827.1	0	0
proton	938.272	36.9812	98876.1	0	0
neutron	939.565	30.4226	98876.1	0	0
F21	19556.7	0.731776	98876.1	0	0
neutron	939.565	0.934999	98889.5	0	0
Ne22	20479.7	0.363961	98889.5	0	0
neutron	939.565	12.0894	98873.2	0	0
neutron	939.565	0.981127	98873.2	0	0
neutron	939.565	0.449496	98873.2	0	0
S32	29773.6	0.235417	98873.2	0	0
neutron	939.565	1.01327	98859.3	0	0
S34	31632.7	0.0860259	98859.3	0	0
neutron	939.565	0.14615	98812.2	0	0
Ne22	20479.7	0.173345	98812.2	0	0
neutron	939.565	5.64671	98911.4	0	0
S34	31632.7	0.0137644	98911.4	0	0
neutron	939.565	3.25123	98840.4	0	0
deuteron	1875.61	8.26835	98840.4	0	0
deuteron	1875.61	2.76362	98840.4	0	0
O18	16762	2.47634	98840.4	0	0
proton	938.272	22.3752	98825.7	0	0
neutron	939.565	3.8753	98825.7	0	0
proton	938.272	1.1371	98825.7	0	0
O20	18629.6	2.6123	98825.7	0	0
neutron	939.565	1.35154	98843.2	0	0
S34	31632.7	0.137408	98843.2	0	0
neutron	939.565	2.27054	98846.4	0	0
S34	31632.7	0.191419	98846.4	0	0
neutron	939.565	2.19459	98858	0	0
S34	31632.7	0.166585	98858	0	0
Ne23	21414.1	0.225327	98841.1	0	0
S35	32565.3	0.166284	98836.2	0	0
Ne23	21414.1	0.230448	98884.6	0	0
Ne23	21414.1	0.221923	98876.6	0	0
neutron	939.565	31.7513	98804.8	0	0
neutron	939.565	2.28834	98804.8	0	0
S33	30704.6	0.898319	98804.8	0	0
neutron	939.565	7.68191	98845.6	0	0
neutron	939.565	4.27573	98845.6	0	0
neutron	939.565	0.212123	98845.6	0	0
alpha	3727.38	6.09963	98845.6	0	0
O16	14895.1	2.78368	98845.6	0	0
S35	32565.3	0.132776	98889.9	0	0
Ne23	21414.1	0.205626	98808.1	0	0
neutron	939.565	0.35377	98941.9	0	0
S34	31632.7	0.0877813	98941.9	0	0
neutron	939.565	0.622195	98823.8	0	0
S34	31632.7	0.148584	98823.8	0	0
Ne23	21414.1	0.218023	98870.4	0	0
proton	938.272	23.3099	98875.6	0	0
neutron	939.565	5.30882	98875.6	0	0
neutron	939.565	3.06177	98875.6	0	0
neutron	939.565	0.936736	98875.6	0	0
P31	28844.2	1.30053	98875.6	0	0
neutron	939.565	2.82422	98867.6	0	0
S34	31632.7	0.123549	98867.6	0	0
neutron	939.565	0.813406	98922.9	0	0
neutron	939.565	0.711219	98922.9	0	0
S35	32565.3	0.345412	98922.9	0	0
neutron	939.565	1.14225	98900.6	0	0
S34	31632.7	0.154184	98900.6	0	0
neutron	939.565	0.66075	98819.4	0	0
neutron	939.565	0.216011	98819.4	0	0
deuteron	1875.61	7.50181	98819.4	0	0
F19	17692.3	0.487345	98819.4	0	0
neutron	939.565	0.688955	98859.7	0	0
Ne22	20479.7	0.311551	98859.7	0	0
proton	938.272	22.6665	98893.3	0	0
neutron	939.565	7.18598	98893.3	0	0
proton	938.272	2.43633	98893.3	0	0
Si32	29776.6	0.398752	98893.3	0	0
neutron	939.565	0.591978	98921.9	0	0
S36	33495	0.108193	98921.9	0	0
neutron	939.565	1.13081	98851.3	0	0
S34	31632.7	0.104893	98851.3	0	0
neutron	939.565	7.48747	98832.6	0	0
neutron	939.565	3.5876	98832.6	0	0
neutron	939.565	3.39775	98832.6	0	0
Ne20	18617.7	0.683293	98832.6	0	0
neutron	939.565	0.203629	98854.3	0	0
S34	31632.7	0.153151	98854.3	0	0
S35	32565.3	0.141763	98821.4	0	0
neutron	939.565	3.92989	98820.8	0	0
Ne22	20479.7	0.565016	98820.8	0	0
Ne23	21414.1	0.230178	98873.5	0	0
Na23	21409.2	0.181296	99061.8	111.041	110.837
S37	34430.2	0.141152	98902.3	0	0
S35	32565.3	0.144241	98868.8	0	0
neutron	939.565	2.01654	98842	0	0
S34	31632.7	0.100308	98842	0	0
neutron	939.565	2.108	98832.4	0	0
neutron	939.565	1.29489	98832.4	0	0
Ne21	19550.5	0.686764	98832.4	0	0
S35	32565.3	0.163064	98813.6	0	0
Ne23	21414.1	0.228645	98937	0	0
neutron	939.565	21.4814	98908.5	0	0
neutron	939.565	6.90859	98908.5	0	0
deuteron	1875.61	7.47365	98908.5	0	0
P31	28844.2	0.248759	98908.5	0	0
neutron	939.565	26.6607	98845.5	0	0
neutron	939.565	4.66641	98845.5	0	0
proton	938.272	3.79567	98845.5	0	0
neutron	939.565	2.10401	98845.5	0	0
P31	28844.2	1.04354	98845.5	0	0
neutron	939.565	0.390732	98835.7	0	0
S34	31632.7	0.158295	98835.7	0	0
S35	32565.3	0.154273	98841.8	0	0
neutron	939.565	0.0355724	98827.5	0	0
Ne22	20479.7	0.213868	98827.5	0	0
neutron	939.565	0.202491	98808.9	0	0
S34	31632.7	0.142864	98808.9	0	0
neutron	939.565	0.269109	98817.9	0	0
S34	31632.7	0.135223	98817.9	0	0
neutron	939.565	5.35785	98818.8	0	0
proton	938.272	4.60779	98818.8	0	0
neutron	939.565	1.03626	98818.8	0	0
P32	29775.8	0.704669	98818.8	0	0
neutron	939.565	0.536937	98889.5	0	0
S34	31632.7	0.18121	98889.5	0	0
proton	938.272	11.5816	98839.8	0	0
proton	938.272	10.9882	98839.8	0	0
neutron	939.565	5.57591	98839.8	0	0
neutron	939.565	0.0465675	98839.8	0	0
Si31	28846.2	0.408889	98839.8	0	0
S37	34430.2	0.140162	98824	0	0
neutron	939.565	0.544984	98881.5	0	0
S36	33495	0.222599	98881.5	0	0
neutron	939.565	0.767058	98842.1	0	0
S36	33495	0.0523712	98842.1	0	0
Ne23	21414.1	0.205173	98879.2	0	0
S35	32565.3	0.151295	98864.3	0	0
neutron	939.565	13.074	98817.9	0	0
neutron	939.565	6.39707	98817.9	0	0
Ne21	19550.5	0.129189	98817.9	0	0
Ne23	21414.1	0.214071	98835.9	0	0
Ne23	21414.1	0.226884	98798.2	0	0
proton	938.272	12.7878	98879	0	0
neutron	939.565	6.05235	98879	0	0
neutron	939.565	4.30951	98879	0	0
neutron	939.565	3.55377	98879	0	0
P31	28844.2	0.191314	98879	0	0
Ne23	21414.1	0.230125	98841.2	0	0
neutron	939.565	0.481491	98808.8	0	0
Ne22	20479.7	0.191481	98808.8	0	0
neutron	939.565	3.08515	98865.2	0	0
S34	31632.7	0.382476	98865.2	0	0
Ne23	21414.1	0.232452	98921.8	0	0
neutron	939.565	0.730251	98839.1	0	0
S34	31632.7	0.208472	98839.1	0	0
neutron	939.565	0.674857	98840.6	0	0
S36	33495	0.0580793	98840.6	0	0
neutron	939.565	21.9657	98873.6	0	0
neutron	939.565	18.8432	98873.6	0	0
proton	938.272	4.1379	98873.6	0	0
neutron	939.565	1.15835	98873.6	0	0
P33	30705.3	0.860571	98873.6	0	0
neutron	939.565	0.169356	98863.6	0	0
S34	31632.7	0.134538	98863.6	0	0
Ne23	21414.1	0.225562	98865.8	0	0
neutron	939.565	2.46892	98844.1	0	0
S34	31632.7	0.215478	98844.1	0	0
neutron	939.565	0.696458	98845.3	0	0
S36	33495	0.138951	98845.3	0	0
neutron	939.565	2.05067	98871.8	0	0
Ne22	20479.7	0.0450335	98871.8	0	0
neutron	939.565	1.19153	98806	0	0
Ne22	20479.7	0.435002	98806	0	0
Ne23	21414.1	0.213582	98881.5	0	0
neutron	939.565	1.37409	98834.5	0	0
Ne22	20479.7	0.450759	98834.5	0	0
neutron	939.565	1.653	98823.5	0	0
Ne22	20479.7	0.374689	98823.5	0	0
neutron	939.565	0.303195	98867.2	0	0
S34	31632.7	0.0907365	98867.2	0	0
neutron	939.565	12.5638	98889	0	0
proton	938.272	4.35895	98889	0	0
neutron	939.565	0.562345	98889	0	0
P32	29775.8	0.597026	98889	0	0
S37	34430.2	0.138693	98896.4	0	0
neutron	939.565	0.162645	98875.7	0	0
S34	31632.7	0.170429	98875.7	0	0
neutron	939.565	2.33504	98844.6	0	0
Ne22	20479.7	0.512129	98844.6	0	0
neutron	939.565	3.10408	98850.4	0	0
neutron	939.565	1.57982	98850.4	0	0
neutron	939.565	1.23065	98850.4	0	0
Ne20	18617.7	0.26273	98850.4	0	0
proton	938.272	20.3572	98832.7	0	0
neutron	939.565	6.31953	98832.7	0	0
P33	30705.3	1.02055	98832.7	0	0
S35	32565.3	0.152179	98881.3	0	0
neutron	939.565	4.96499	98842.8	0	0
neutron	939.565	3.70388	98842.8	0	0
Ne21	19550.5	0.838863	98842.8	0	0
neutron	939.565	0.92463	98900.1	0	0
Ne22	20479.7	0.312313	98900.1	0	0
Cl35	32564.6	0.153335	98941.7	64.8758	64.6891
neutron	939.565	8.42219	98869.2	0	0
neutron	939.565	5.57404	98869.2	0	0
neutron	939.565	1.70899	98869.2	0	0
S34	31632.7	1.42652	98869.2	0	0
S35	32565.3	0.162915	98863.1	0	0
neutron	939.565	2.95293	98887	0	0
S34	31632.7	0.128469	98887	0	0
neutron	939.565	0.238818	98790.7	0	0
S36	33495	0.0917234	98790.7	0	0
neutron	939.565	8.91904	98814.4	0	0
neutron	939.565	8.07897	98814.4	0	0
neutron	939.565	4.62246	98814.4	0	0
Ne20	18617.7	0.158405	98814.4	0	0
neutron	939.565	2.25478	98839.7	0	0
S34	31632.7	0.0268639	98839.7	0	0
S35	32565.3	0.154446	98872.1	0	0
neutron	939.565	22.3753	98852.5	0	0
neutron	939.565	6.32295	98852.5	0	0
neutron	939.565	1.38721	98852.5	0	0
alpha	3727.38	6.77884	98852.5	0	0
O16	14895.1	1.59641	98852.5	0	0
proton	938.272	15.0516	98823.1	0	0
F22	20491.1	0.428749	98823.1	0	0
neutron	939.565	22.197	98880.3	0	0
neutron	939.565	7.9574	98880.3	0	0
neutron	939.565	7.88586	98880.3	0	0
proton	938.272	2.52102	98880.3	0	0
triton	2808.92	2.1792	98880.3	0	0
O16	14895.1	1.3266	98880.3	0	0
neutron	939.565	2.00517	98874.4	0	0
S34	31632.7	0.215676	98874.4	0	0
Ne23	21414.1	0.200686	98842.8	0	0
Na23	21409.2	0.130799	99947.7	428.445	428.267
neutron	939.565	0.134413	98882.6	0	0
S34	31632.7	0.174801	98882.6	0	0
neutron	939.565	0.963858	98833.5	0	0
S34	31632.7	0.12454	98833.5	0	0
proton	938.272	14.053	98909.9	0	0
neutron	939.565	2.61607	98909.9	0	0
neutron	939.565	2.60586	98909.9	0	0
neutron	939.565	0.34924	98909.9	0	0
F19	17692.3	0.665901	98909.9	0	0
neutron	939.565	2.73562	98835.4	0	0
neutron	939.565	2.63529	98835.4	0	0
neutron	939.565	0.237189	98835.4	0	0
S32	29773.6	0.330713	98835.4	0	0
proton	938.272	7.60128	98854.1	0	0
neutron	939.565	2.2071	98854.1	0	0
neutron	939.565	1.60787	98854.1	0	0
F20	18625.3	0.98292	98854.1	0	0
neutron	939.565	1.51098	98869.8	0	0
S34	31632.7	0.161137	98869.8	0	0
neutron	939.565	1.29626	98872.6	0	0
S34	31632.7	0.0811584	98872.6	0	0
neutron	939.565	19.8944	98870.8	0	0
neutron	939.565	1.38544	98870.8	0	0
neutron	939.565	1.32977	98870.8	0	0
S34	31632.7	0.727005	98870.8	0	0
neutron	939.565	16.2326	98857.7	0	0
neutron	939.565	15.2749	98857.7	0	0
neutron	939.565	4.18711	98857.7	0	0
alpha	3727.38	7.18094	98857.7	0	0
alpha	3727.38	5.53198	98857.7	0	0
C12	11174.9	6.26774	98857.7	0	0
proton	938.272	29.3748	98875.6	0	0
proton	938.272	18.1422	98875.6	0	0
neutron	939.565	5.41798	98875.6	0	0
neutron	939.565	1.18595	98875.6	0	0
O19	17697.6	1.18943	98875.6	0	0
S35	32565.3	0.141103	98865.5	0	0
Ne23	21414.1	0.224153	98856.5	0	0
S35	32565.3	0.155597	98844.4	0	0
neutron	939.565	2.34615	98814.1	0	0
neutron	939.565	1.74537	98814.1	0	0
neutron	939.565	0.719399	98814.1	0	0
Ne20	18617.7	0.258349	98814.1	0	0
neutron	939.565	1.23552	98837.6	0	0
Ne22	20479.7	0.111364	98837.6	0	0
neutron	939.565	0.456543	98824	0	0
S36	33495	0.0623179	98824	0	0
Ne23	21414.1	0.199093	98861.7	0	0
neutron	939.565	8.86496	98859.6	0	0
neutron	939.565	4.29963	98859.6	0	0
neutron	939.565	4.03375	98859.6	0	0
neutron	939.565	1.21068	98859.6	0	0
S33	30704.6	0.973125	98859.6	0	0
neutron	939.565	0.662524	98896.6	0	0
S34	31632.7	0.174924	98896.6	0	0
S35	32565.3	0.155697	98877	0	0
Ne23	21414.1	0.223343	98859.5	0	0
neutron	939.565	8.59564	98795.7	0	0
neutron	939.565	6.65501	98795.7	0	0
proton	938.272	3.80135	98795.7	0	0
neutron	939.565	3.61123	98795.7	0	0
neutron	939.565	0.266182	98795.7	0	0
deuteron	1875.61	5.4611	98795.7	0	0
Si28	26053.2	1.14479	98795.7	0	0
neutron	939.565	3.28954	98932.2	0	0
S34	31632.7	0.386808	98932.2	0	0
neutron	939.565	0.460176	98823.2	0	0
Ne22	20479.7	0.310078	98823.2	0	0
neutron	939.565	7.48289	98848.3	0	0
neutron	939.565	1.00049	98848.3	0	0
neutron	939.565	0.047061	98848.3	0	0
Ne20	18617.7	0.642448	98848.3	0	0
neutron	939.565	0.150767	98856.4	0	0
S34	31632.7	0.124061	98856.4	0	0
neutron	939.565	0.20098	98853.2	0	0
Ne22	20479.7	0.23283	98853.2	0	0
neutron	939.565	1.47963	98879.2	0	0
S34	31632.7	0.161203	98879.2	0	0
neutron	939.565	2.92101	98824.8	0	0
neutron	939.565	1.0076	98824.8	0	0
neutron	939.565	0.571531	98824.8	0	0
S32	29773.6	0.304145	98824.8	0	0
Na23	21409.2	0.509057	99770.1	360.377	359.85
S35	32565.3	0.163933	98925.3	0	0
neutron	939.565	0.131099	98887.9	0	0
S34	31632.7	0.184654	98887.9	0	0
S35	32565.3	0.165451	98874.9	0	0
S37	34430.2	0.138176	98889.2	0	0
neutron	939.565	9.07239	98911.7	0	0
neutron	939.565	4.39667	98911.7	0	0
neutron	939.565	1.06198	98911.7	0	0
alpha	3727.38	6.76033	98911.7	0	0
Si30	27913.2	1.98589	98911.7	0	0
neutron	939.565	35.9477	98838.9	0	0
neutron	939.565	5.63185	98838.9	0	0
neutron	939.565	2.18398	98838.9	0	0
S34	31632.7	0.721219	98838.9	0	0
neutron	939.565	1.3282	98934.2	0	0
S34	31632.7	0.247187	98934.2	0	0
neutron	939.565	7.83654	98855.2	0	0
neutron	939.565	2.6907	98855.2	0	0
S35	32565.3	0.413872	98855.2	0	0
neutron	939.565	43.4746	98829.2	0	0
neutron	939.565	14.3078	98829.2	0	0
neutron	939.565	3.37983	98829.2	0	0
Ne20	18617.7	2.30974	98829.2	0	0
neutron	939.565	1.05278	98866.2	0	0
S34	31632.7	0.0640116	98866.2	0	0
neutron	939.565	0.942435	98811.3	0	0
S34	31632.7	0.270951	98811.3	0	0
neutron	939.565	36.5484	98825.4	0	0
neutron	939.565	2.35643	98825.4	0	0
neutron	939.565	1.4553	98825.4	0	0
Ne20	18617.7	1.59616	98825.4	0	0
Ne23	21414.1	0.21428	98857.4	0	0
Na23	21409.2	0.219763	99172.6	160.325	160.011
S35	32565.3	0.13889	98854.4	0	0
Cl37	34424.8	0.0727242	99369.9	227.292	227.106
neutron	939.565	36.2481	98862.1	0	0
neutron	939.565	4.07411	98862.1	0	0
neutron	939.565	3.23281	98862.1	0	0
Ne20	18617.7	2.30663	98862.1	0	0
Ne23	21414.1	0.22207	98807.4	0	0
neutron	939.565	7.07819	98926.5	0	0
neutron	939.565	1.54124	98926.5	0	0
Ne21	19550.5	0.926537	98926.5	0	0
S35	32565.3	0.148324	98847.5	0	0
neutron	939.565	1.4306	98871.4	0	0
neutron	939.565	0.769329	98871.4	0	0
S33	30704.6	0.147761	98871.4	0	0
neutron	939.565	1.25788	98815.3	0	0
Ne22	20479.7	0.140106	98815.3	0	0
neutron	939.565	0.562438	98936	0	0
S34	31632.7	0.15692	98936	0	0
Ne23	21414.1	0.231647	98850.5	0	0
Ne23	21414.1	0.224909	98816.2	0	0
S35	32565.3	0.152658	98827.9	0	0
neutron	939.565	7.82735	98845	0	0
neutron	939.565	6.81875	98845	0	0
neutron	939.565	2.61496	98845	0	0
proton	938.272	2.50547	98845	0	0
proton	938.272	2.29683	98845	0	0
neutron	939.565	1.1872	98845	0	0
O17	15830.5	1.00044	98845	0	0
neutron	939.565	8.42711	98841.3	0	0
neutron	939.565	4.68097	98841.3	0	0
neutron	939.565	4.26797	98841.3	0	0
alpha	3727.38	4.32073	98841.3	0	0
O16	14895.1	2.3843	98841.3	0	0
neutron	939.565	5.56616	98820.9	0	0
S34	31632.7	0.503962	98820.9	0	0
S35	32565.3	0.163387	98863.2	0	0
neutron	939.565	2.67984	98863.3	0	0
neutron	939.565	0.417504	98863.3	0	0
Ne21	19550.5	0.38935	98863.3	0	0
Ne23	21414.1	0.215837	98846.4	0	0
neutron	939.565	30.8412	98821.3	0	0
neutron	939.565	5.73259	98821.3	0	0
neutron	939.565	3.83677	98821.3	0	0
proton	938.272	3.75303	98821.3	0	0
P33	30705.3	0.464562	98821.3	0	0
S35	32565.3	0.150886	98896.6	0	0
neutron	939.565	0.447261	98841.8	0	0
S36	33495	0.207381	98841.8	0	0
neutron	939.565	6.01927	98861.8	0	0
S34	31632.7	0.229356	98861.8	0	0
S37	34430.2	0.13992	98842.8	0	0
proton	938.272	4.41422	98862.4	0	0
neutron	939.565	2.9723	98862.4	0	0
neutron	939.565	0.768883	98862.4	0	0
neutron	939.565	0.493097	98862.4	0	0
P31	28844.2	0.0872089	98862.4	0	0
Ne23	21414.1	0.22521	98814.1	0	0
proton	938.272	8.05124	98875.4	0	0
neutron	939.565	3.57603	98875.4	0	0
neutron	939.565	1.04894	98875.4	0	0
deuteron	1875.61	11.3781	98875.4	0	0
Si30	27913.2	0.480516	98875.4	0	0
Ne23	21414.1	0.230249	98843.3	0	0
Ne23	21414.1	0.215439	98846.2	0	0
Ne23	21414.1	0.226325	98861.8	0	0
neutron	939.565	0.290225	98848	0	0
S34	31632.7	0.121257	98848	0	0
Ne23	21414.1	0.226481	98898.1	0	0
S35	32565.3	0.154231	98856.3	0	0
neutron	939.565	1.34655	98843.4	0	0
S34	31632.7	0.111495	98843.4	0	0
neutron	939.565	0.152796	98889.3	0	0
Ne22	20479.7	0.158735	98889.3	0	0
S35	32565.3	0.141849	98837.8	0	0
neutron	939.565	7.46182	98825.5	0	0
neutron	939.565	4.30949	98825.5	0	0
neutron	939.565	3.77607	98825.5	0	0
S32	29773.6	0.0663227	98825.5	0	0
proton	938.272	26.1849	98851.9	0	0
neutron	939.565	3.97029	98851.9	0	0
neutron	939.565	2.67189	98851.9	0	0
F20	18625.3	0.630391	98851.9	0	0
neutron	939.565	3.73437	98853.2	0	0
neutron	939.565	2.59338	98853.2	0	0
neutron	939.565	1.44146	98853.2	0	0
alpha	3727.38	6.12798	98853.2	0	0
Si30	27913.2	2.57255	98853.2	0	0
Ne23	21414.1	0.220737	98892.8	0	0
neutron	939.565	36.7165	98834	0	0
neutron	939.565	1.02831	98834	0	0
neutron	939.565	0.740438	98834	0	0
S32	29773.6	1.87313	98834	0	0
neutron	939.565	0.652829	98850.8	0	0
Ne22	20479.7	0.222281	98850.8	0	0
Ne23	21414.1	0.229822	98810.9	0	0
Ne23	21414.1	0.220723	98855.1	0	0
proton	938.272	2.97542	98817	0	0
neutron	939.565	2.10187	98817	0	0
neutron	939.565	1.66639	98817	0	0
F20	18625.3	0.450767	98817	0	0
Ne23	21414.1	0.22838	98823.2	0	0
S37	34430.2	0.136814	98810.2	0	0
neutron	939.565	1.45339	98863.7	0	0
S34	31632.7	0.242125	98863.7	0	0
neutron	939.565	0.766788	98870.1	0	0
S34	31632.7	0.270717	98870.1	0	0
proton	938.272	4.70135	98912.6	0	0
neutron	939.565	0.848526	98912.6	0	0
P33	30705.3	0.158507	98912.6	0	0
S37	34430.2	0.136305	98870.5	0	0
neutron	939.565	7.61578	98857.5	0	0
neutron	939.565	5.69375	98857.5	0	0
S33	30704.6	0.381959	98857.5	0	0
neutron	939.565	14.4404	98844.6	0	0
neutron	939.565	3.84127	98844.6	0	0
proton	938.272	3.76166	98844.6	0	0
neutron	939.565	2.06889	98844.6	0	0
P33	30705.3	0.961231	98844.6	0	0
neutron	939.565	0.654965	98888.1	0	0
S36	33495	0.127333	98888.1	0	0
Na23	21409.2	0.398032	99726.9	345.294	344.587
neutron	939.565	7.01135	98923	0	0
neutron	939.565	3.26317	98923	0	0
neutron	939.565	2.64454	98923	0	0
alpha	3727.38	5.06712	98923	0	0
O16	14895.1	2.40844	98923	0	0
neutron	939.565	0.0845344	98836.1	0	0
S36	33495	0.169591	98836.1	0	0
proton	938.272	8.82343	98809.3	0	0
neutron	939.565	2.1549	98809.3	0	0
neutron	939.565	0.926249	98809.3	0	0
F20	18625.3	0.383565	98809.3	0	0
neutron	939.565	0.405182	98857.4	0	0
Ne22	20479.7	0.266525	98857.4	0	0
neutron	939.565	6.78347	98809.6	0	0
neutron	939.565	3.82178	98809.6	0	0
proton	938.272	3.07426	98809.6	0	0
neutron	939.565	2.73223	98809.6	0	0
neutron	939.565	0.312843	98809.6	0	0
P32	29775.8	0.439698	98809.6	0	0
neutron	939.565	8.08388	98891	0	0
neutron	939.565	7.28435	98891	0	0
neutron	939.565	4.11978	98891	0	0
Ne20	18617.7	0.0530053	98891	0	0
Ne23	21414.1	0.224335	98876.8	0	0
neutron	939.565	0.86838	98921.7	0	0
S34	31632.7	0.1837	98921.7	0	0
S37	34430.2	0.125089	98872.7	0	0
neutron	939.565	1.71314	98884.6	0	0
S34	31632.7	0.112532	98884.6	0	0
neutron	939.565	1.08453	98807.8	0	0
S34	31632.7	0.0805469	98807.8	0	0
proton	938.272	9.7041	98836.6	0	0
neutron	939.565	7.89198	98836.6	0	0
neutron	939.565	7.22621	98836.6	0	0
proton	938.272	5.57809	98836.6	0	0
neutron	939.565	4.35345	98836.6	0	0
neutron	939.565	3.46925	98836.6	0	0
Si29	26984.3	0.298096	98836.6	0	0
neutron	939.565	27.8556	98881.7	0	0
neutron	939.565	3.51345	98881.7	0	0
neutron	939.565	2.58179	98881.7	0	0
S34	31632.7	0.811719	98881.7	0	0
neutron	939.565	0.24727	98887.6	0	0
S34	31632.7	0.0949661	98887.6	0	0
neutron	939.565	2.99762	98816.8	0	0
S34	31632.7	0.171797	98816.8	0	0
S35	32565.3	0.140015	98843.4	0	0
Ne23	21414.1	0.228833	98906.7	0	0
neutron	939.565	0.325409	98816	0	0
S34	31632.7	0.201174	98816	0	0
neutron	939.565	1.2828	98868.6	0	0
S34	31632.7	0.165927	98868.6	0	0
neutron	939.565	0.069808	98807	0	0
Ne22	20479.7	0.223516	98807	0	0
neutron	939.565	0.767606	98862.7	0	0
S36	33495	0.202858	98862.7	0	0
neutron	939.565	4.32388	98879.6	0	0
S34	31632.7	0.176923	98879.6	0	0
S35	32565.3	0.145988	98823.9	0	0
neutron	939.565	0.542282	98840	0	0
S36	33495	0.12082	98840	0	0
neutron	939.565	26.3668	98891.2	0	0
neutron	939.565	6.50913	98891.2	0	0
neutron	939.565	0.936344	98891.2	0	0
alpha	3727.38	17.4176	98891.2	0	0
O16	14895.1	3.67935	98891.2	0	0
Na23	21409.2	0.127432	99634.2	317.149	316.936
neutron	939.565	26.1022	98878.5	0	0
proton	938.272	7.43628	98878.5	0	0
neutron	939.565	4.68196	98878.5	0	0
neutron	939.565	3.88621	98878.5	0	0
F19	17692.3	0.757715	98878.5	0	0
neutron	939.565	2.8752	98865.5	0	0
Ne22	20479.7	0.512365	98865.5	0	0
neutron	939.565	8.91014	98880.8	0	0
neutron	939.565	3.12209	98880.8	0	0
neutron	939.565	1.12544	98880.8	0	0
Ne20	18617.7	0.935768	98880.8	0	0
neutron	939.565	0.0469319	98902.5	0	0
S34	31632.7	0.15848	98902.5	0	0
neutron	939.565	9.1951	98841.3	0	0
proton	938.272	3.90097	98841.3	0	0
proton	938.272	3.35127	98841.3	0	0
neutron	939.565	2.26434	98841.3	0	0
neutron	939.565	1.4117	98841.3	0	0
Si32	29776.6	1.17886	98841.3	0	0
neutron	939.565	0.0630357	98820.5	0	0
S34	31632.7	0.16361	98820.5	0	0
neutron	939.565	20.9014	98847.4	0	0
proton	938.272	16.323	98847.4	0	0
neutron	939.565	1.59037	98847.4	0	0
P34	31638.6	0.350542	98847.4	0	0
neutron	939.565	40.4011	98859.4	0	0
neutron	939.565	2.44487	98859.4	0	0
neutron	939.565	1.21765	98859.4	0	0
S32	29773.6	1.37207	98859.4	0	0
neutron	939.565	2.26671	98804.7	0	0
S34	31632.7	0.102746	98804.7	0	0
neutron	939.565	9.18618	98857.5	0	0
neutron	939.565	6.14812	98857.5	0	0
neutron	939.565	1.90024	98857.5	0	0
alpha	3727.38	5.30274	98857.5	0	0
O16	14895.1	2.07143	98857.5	0	0
S35	32565.3	0.141665	98825.9	0	0
neutron	939.565	2.94064	98863.8	0	0
deuteron	1875.61	8.89221	98863.8	0	0
F20	18625.3	0.73487	98863.8	0	0
neutron	939.565	39.1899	98875.3	0	0
neutron	939.565	1.05595	98875.3	0	0
neutron	939.565	0.294268	98875.3	0	0
Ne20	18617.7	2.41476	98875.3	0	0
proton	938.272	15.9161	98822.1	0	0
neutron	939.565	2.54007	98822.1	0	0
F21	19556.7	0.735601	98822.1	0	0
neutron	939.565	11.5411	98887.3	0	0
proton	938.272	10.5972	98887.3	0	0
neutron	939.565	8.72771	98887.3	0	0
neutron	939.565	3.76335	98887.3	0	0
alpha	3727.38	2.36531	98887.3	0	0
N15	13968.9	3.44758	98887.3	0	0
neutron	939.565	7.44978	98804.8	0	0
neutron	939.565	4.05576	98804.8	0	0
neutron	939.565	3.69064	98804.8	0	0
alpha	3727.38	4.35651	98804.8	0	0
O16	14895.1	1.12988	98804.8	0	0
neutron	939.565	6.58082	98827	0	0
neutron	939.565	2.33774	98827	0	0
neutron	939.565	0.147169	98827	0	0
Ne20	18617.7	0.198924	98827	0	0
Ne23	21414.1	0.219069	98817.5	0	0
neutron	939.565	18.1301	98840.9	0	0
neutron	939.565	1.33945	98840.9	0	0
Ne21	19550.5	0.781869	98840.9	0	0
neutron	939.565	24.9798	98795.6	0	0
neutron	939.565	2.61544	98795.6	0	0
neutron	939.565	1.26254	98795.6	0	0
Ne20	18617.7	1.63026	98795.6	0	0
proton	938.272	30.8527	98853.2	0	0
neutron	939.565	12.4424	98853.2	0	0
neutron	939.565	0.927111	98853.2	0	0
F20	18625.3	0.421989	98853.2	0	0
neutron	939.565	0.440642	98841.3	0	0
S34	31632.7	0.200335	98841.3	0	0
S35	32565.3	0.149072	98797	0	0
Cl35	32564.6	0.0779083	99139.5	158.953	158.752
Ne23	21414.1	0.197934	98882.4	0	0
neutron	939.565	3.44134	98871.6	0	0
neutron	939.565	2.72769	98871.6	0	0
neutron	939.565	1.52077	98871.6	0	0
S34	31632.7	0.181527	98871.6	0	0
neutron	939.565	11.4298	98849.6	0	0
neutron	939.565	3.09783	98849.6	0	0
neutron	939.565	2.5376	98849.6	0	0
alpha	3727.38	9.4879	98849.6	0	0
O16	14895.1	0.760737	98849.6	0	0
S35	32565.3	0.150128	98849	0	0
Na23	21409.2	0.196455	98998.4	91.2117	91.0101
neutron	939.565	1.14218	98844.5	0	0
S34	31632.7	0.253529	98844.5	0	0
S35	32565.3	0.165578	98844.1	0	0
Ne23	21414.1	0.210207	98836.6	0	0
neutron	939.565	0.827192	98795.2	0	0
S34	31632.7	0.120691	98795.2	0	0
neutron	939.565	6.97014	98836.7	0	0
neutron	939.565	4.58641	98836.7	0	0
neutron	939.565	2.76802	98836.7	0	0
alpha	3727.38	7.73219	98836.7	0	0
O16	14895.1	0.281221	98836.7	0	0
neutron	939.565	11.7106	98909.8	0	0
alpha	3727.38	5.86204	98909.8	0	0
alpha	3727.38	11.1796	98909.8	0	0
C14	13040.9	7.09578	98909.8	0	0
neutron	939.565	7.76646	98841.2	0	0
neutron	939.565	3.5269	98841.2	0	0
neutron	939.565	1.46558	98841.2	0	0
Ne20	18617.7	0.258884	98841.2	0	0
neutron	939.565	1.00562	98901.6	0	0
S34	31632.7	0.0716585	98901.6	0	0
neutron	939.565	16.6261	98836.3	0	0
neutron	939.565	0.320565	98836.3	0	0
S33	30704.6	0.227516	98836.3	0	0
neutron	939.565	0.35657	98867.1	0	0
Ne22	20479.7	0.281674	98867.1	0	0
Ne23	21414.1	0.215958	98807.4	0	0
neutron	939.565	46.0361	98863.7	0	0
proton	938.272	7.17351	98863.7	0	0
alpha	3727.38	9.92013	98863.7	0	0
N17	15839.7	0.356009	98863.7	0	0
neutron	939.565	0.743979	98805	0	0
S34	31632.7	0.227192	98805	0	0
Cl37	34424.8	0.0988445	99430.3	258.124	258.01
neutron	939.565	0.284862	98823.1	0	0
S34	31632.7	0.134187	98823.1	0	0
proton	938.272	2.39784	98832.9	0	0
neutron	939.565	2.16958	98832.9	0	0
F21	19556.7	0.242677	98832.9	0	0
neutron	939.565	1.14244	98864.7	0	0
S36	33495	0.261693	98864.7	0	0
neutron	939.565	0.75843	98876.5	0	0
Ne22	20479.7	0.280431	98876.5	0	0
Ne23	21414.1	0.225825	98861.6	0	0
neutron	939.565	3.13713	98835.4	0	0
neutron	939.565	0.98169	98835.4	0	0
S33	30704.6	0.216931	98835.4	0	0
neutron	939.565	12.3859	98871	0	0
neutron	939.565	2.93244	98871	0	0
neutron	939.565	0.8673	98871	0	0
alpha	3727.38	4.84109	98871	0	0
O16	14895.1	2.17199	98871	0	0
neutron	939.565	45.4682	98842.1	0	0
neutron	939.565	1.75076	98842.1	0	0
neutron	939.565	1.10586	98842.1	0	0
alpha	3727.38	2.49057	98842.1	0	0
O16	14895.1	4.31097	98842.1	0	0
Ne23	21414.1	0.22756	98855	0	0
Ne23	21414.1	0.227773	98851.8	0	0
S35	32565.3	0.148957	98890.2	0	0
neutron	939.565	8.48525	98781.7	0	0
neutron	939.565	0.566917	98781.7	0	0
S35	32565.3	0.388628	98781.7	0	0
proton	938.272	6.07802	98863.5	0	0
neutron	939.565	4.68845	98863.5	0	0
neutron	939.565	4.10444	98863.5	0	0
neutron	939.565	3.95605	98863.5	0	0
P31	28844.2	0.284051	98863.5	0	0
neutron	939.565	15.234	98869.4	0	0
proton	938.272	4.64116	98869.4	0	0
neutron	939.565	4.18186	98869.4	0	0
proton	938.272	2.89184	98869.4	0	0
neutron	939.565	1.937	98869.4	0	0
neutron	939.565	0.719275	98869.4	0	0
Si29	26984.3	0.0810848	98869.4	0	0
neutron	939.565	10.087	98806.6	0	0
neutron	939.565	7.30655	98806.6	0	0
neutron	939.565	1.37043	98806.6	0	0
alpha	3727.38	9.69543	98806.6	0	0
O16	14895.1	5.14077	98806.6	0	0
neutron	939.565	9.63055	98838.1	0	0
neutron	939.565	5.06946	98838.1	0	0
neutron	939.565	3.34359	98838.1	0	0
neutron	939.565	0.981716	98838.1	0	0
Ne19	17695	1.06182	98838.1	0	0
neutron	939.565	12.6191	98800.1	0	0
neutron	939.565	5.49784	98800.1	0	0
proton	938.272	3.68822	98800.1	0	0
F20	18625.3	0.555459	98800.1	0	0
Ne23	21414.1	0.215746	98854.3	0	0
Ne23	21414.1	0.216601	98863	0	0
neutron	939.565	20.0995	98838.5	0	0
proton	938.272	11.4698	98838.5	0	0
proton	938.272	4.79216	98838.5	0	0
neutron	939.565	4.37787	98838.5	0	0
neutron	939.565	2.64302	98838.5	0	0
Si30	27913.2	4.85372	98838.5	0	0
neutron	939.565	0.33676	98869	0	0
S36	33495	0.1431	98869	0	0
neutron	939.565	1.21777	98916	0	0
Ne22	20479.7	0.234862	98916	0	0
neutron	939.565	0.098898	98863.5	0	0
S36	33495	0.143584	98863.5	0	0
neutron	939.565	8.60623	98822.5	0	0
neutron	939.565	5.91757	98822.5	0	0
neutron	939.565	3.30297	98822.5	0	0
deuteron	1875.61	7.53597	98822.5	0	0
deuteron	1875.61	2.50068	98822.5	0	0
Si28	26053.2	0.210758	98822.5	0	0
Ne23	21414.1	0.206655	98815.7	0	0
proton	938.272	4.35244	98878.8	0	0
neutron	939.565	1.84862	98878.8	0	0
P33	30705.3	0.435508	98878.8	0	0
Na23	21409.2	0.167419	99610.4	311.072	310.793
Na23	21409.2	0.198713	99107.3	131.786	131.576
neutron	939.565	0.0939558	98861.9	0	0
Ne22	20479.7	0.282297	98861.9	0	0
neutron	939.565	2.07373	98821.5	0	0
S36	33495	0.253472	98821.5	0	0
Na23	21409.2	0.102732	99554.9	279.074	278.934
proton	938.272	24.2257	98935.8	0	0
proton	938.272	2.47589	98935.8	0	0
neutron	939.565	1.75664	98935.8	0	0
Si32	29776.6	1.09944	98935.8	0	0
neutron	939.565	1.25575	98872.5	0	0
Ne22	20479.7	0.0795693	98872.5	0	0
S35	32565.3	0.151486	98837.9	0	0
neutron	939.565	2.86336	98884	0	0
S34	31632.7	0.327124	98884	0	0
Ne23	21414.1	0.200481	98928.2	0	0
neutron	939.565	17.2443	98853.7	0	0
neutron	939.565	2.33194	98853.7	0	0
neutron	939.565	0.903721	98853.7	0	0
Ne20	18617.7	0.813981	98853.7	0	0
Ne23	21414.1	0.226605	98855.7	0	0
neutron	939.565	1.94709	98864.3	0	0
S34	31632.7	0.229445	98864.3	0	0
neutron	939.565	19.3888	98911.6	0	0
neutron	939.565	2.67204	98911.6	0	0
neutron	939.565	1.56574	98911.6	0	0
S32	29773.6	0.298175	98911.6	0	0
S35	32565.3	0.153645	98896.2	0	0
neutron	939.565	0.58931	98804.5	0	0
Ne22	20479.7	0.154138	98804.5	0	0
neutron	939.565	3.23176	98904.3	0	0
S34	31632.7	0.0981941	98904.3	0	0
Ne23	21414.1	0.217229	98891.3	0	0
neutron	939.565	0.641415	98866	0	0
S34	31632.7	0.0624916	98866	0	0
neutron	939.565	0.264468	98807.2	0	0
Ne22	20479.7	0.13215	98807.2	0	0
neutron	939.565	0.131706	98838.9	0	0
S34	31632.7	0.115146	98838.9	0	0
neutron	939.565	1.92205	98849.6	0	0
Ne22	20479.7	0.389578	98849.6	0	0
S37	34430.2	0.135679	98882.6	0	0
neutron	939.565	8.07177	98819.3	0	0
neutron	939.565	6.95113	98819.3	0	0
neutron	939.565	2.37654	98819.3	0	0
Ne20	18617.7	2.01005	98819.3	0	0
Ne23	21414.1	0.227173	98835.4	0	0
S35	32565.3	0.154543	98848.3	0	0
neutron	939.565	58.3967	98859.9	0	0
neutron	939.565	4.27637	98859.9	0	0
Ne21	19550.5	1.95296	98859.9	0	0
neutron	939.565	6.87313	98841.3	0	0
neutron	939.565	2.82657	98841.3	0	0
neutron	939.565	0.354243	98841.3	0	0
S32	29773.6	0.761146	98841.3	0	0
neutron	939.565	3.45941	98813.7	0	0
neutron	939.565	0.851514	98813.7	0	0
neutron	939.565	0.256178	98813.7	0	0
S32	29773.6	0.25949	98813.7	0	0
neutron	939.565	14.1092	98874.3	0	0
alpha	3727.38	4.70309	98874.3	0	0
O18	16762	1.26075	98874.3	0	0
neutron	939.565	6.01725	98822	0	0
neutron	939.565	4.051	98822	0	0
neutron	939.565	2.8947	98822	0	0
alpha	3727.38	6.5632	98822	0	0
O16	14895.1	0.731245	98822	0	0
neutron	939.565	0.971077	98883.2	0	0
Ne22	20479.7	0.104188	98883.2	0	0
proton	938.272	11.746	98862.9	0	0
neutron	939.565	6.10789	98862.9	0	0
neutron	939.565	5.13412	98862.9	0	0
neutron	939.565	2.16511	98862.9	0	0
P33	30705.3	0.821485	98862.9	0	0
neutron	939.565	7.5459	98850.9	0	0
neutron	939.565	5.70889	98850.9	0	0
neutron	939.565	3.71987	98850.9	0	0
S34	31632.7	0.238169	98850.9	0	0
neutron	939.565	30.3579	98855.4	0	0
neutron	939.565	5.53559	98855.4	0	0
proton	938.272	3.3969	98855.4	0	0
neutron	939.565	2.23512	98855.4	0	0
P31	28844.2	0.916555	98855.4	0	0
neutron	939.565	0.140033	98860.8	0	0
S34	31632.7	0.135014	98860.8	0	0
neutron	939.565	2.58659	98849.5	0	0
neutron	939.565	1.47001	98849.5	0	0
deuteron	1875.61	11.4446	98849.5	0	0
alpha	3727.38	3.98214	98849.5	0	0
N15	13968.9	2.40254	98849.5	0	0
S35	32565.3	0.150039	98827.8	0	0
neutron	939.565	5.59534	98889.2	0	0
neutron	939.565	1.89346	98889.2	0	0
S35	32565.3	0.253678	98889.2	0	0
neutron	939.565	0.83668	98819	0	0
Ne22	20479.7	0.285827	98819	0	0
Cl35	32564.6	0.302696	99297.6	184.809	184.431
proton	938.272	9.26048	98970.6	0	0
neutron	939.565	8.45556	98970.6	0	0
proton	938.272	6.75738	98970.6	0	0
neutron	939.565	4.32426	98970.6	0	0
neutron	939.565	4.29501	98970.6	0	0
neutron	939.565	1.93857	98970.6	0	0
Si29	26984.3	1.5171	98970.6	0	0
S35	32565.3	0.151501	98842.3	0	0
neutron	939.565	29.6793	98836.9	0	0
neutron	939.565	6.26908	98836.9	0	0
neutron	939.565	1.27284	98836.9	0	0
S34	31632.7	0.555019	98836.9	0	0
neutron	939.565	1.15258	98883.4	0	0
Ne22	20479.7	0.310931	98883.4	0	0
neutron	939.565	8.64808	98880.4	0	0
neutron	939.565	3.1126	98880.4	0	0
neutron	939.565	2.19679	98880.4	0	0
proton	938.272	2.10826	98880.4	0	0
deuteron	1875.61	6.16975	98880.4	0	0
deuteron	1875.61	9.57417	98880.4	0	0
Al27	25126.5	1.80454	98880.4	0	0
neutron	939.565	41.3227	98793.1	0	0
neutron	939.565	16.1614	98793.1	0	0
neutron	939.565	1.62923	98793.1	0	0
Ne20	18617.7	1.23079	98793.1	0	0
neutron	939.565	20.8109	98856.4	0	0
proton	938.272	3.37827	98856.4	0	0
neutron	939.565	2.66172	98856.4	0	0
neutron	939.565	0.912997	98856.4	0	0
P33	30705.3	1.01673	98856.4	0	0
neutron	939.565	0.990428	98897.3	0	0
Ne22	20479.7	0.15962	98897.3	0	0
Na23	21409.2	0.701628	99928.8	420.994	420.231
proton	938.272	11.9012	98801.7	0	0
neutron	939.565	0.910642	98801.7	0	0
neutron	939.565	0.677927	98801.7	0	0
P32	29775.8	0.236059	98801.7	0	0
proton	938.272	12.5025	98896.4	0	0
neutron	939.565	4.93001	98896.4	0	0
proton	938.272	3.23065	98896.4	0	0
neutron	939.565	1.52196	98896.4	0	0
neutron	939.565	0.600099	98896.4	0	0
Si30	27913.2	0.240912	98896.4	0	0
neutron	939.565	23.5058	98869.6	0	0
neutron	939.565	22.0259	98869.6	0	0
neutron	939.565	4.04625	98869.6	0	0
Ne20	18617.7	0.675323	98869.6	0	0
proton	938.272	18.1728	98816.3	0	0
proton	938.272	4.6315	98816.3	0	0
neutron	939.565	2.50968	98816.3	0	0
neutron	939.565	2.36756	98816.3	0	0
neutron	939.565	1.72802	98816.3	0	0
neutron	939.565	0.925196	98816.3	0	0
Si29	26984.3	0.462392	98816.3	0	0
neutron	939.565	0.665995	98877.2	0	0
Ne22	20479.7	0.0909652	98877.2	0	0
neutron	939.565	4.22906	98924.7	0	0
neutron	939.565	0.694185	98924.7	0	0
S35	32565.3	0.167884	98924.7	0	0
proton	938.272	38.9302	98824.4	0	0
neutron	939.565	6.10154	98824.4	0	0
neutron	939.565	4.1484	98824.4	0	0
neutron	939.565	0.173174	98824.4	0	0
F19	17692.3	4.16122	98824.4	0	0
neutron	939.565	19.7123	98902.6	0	0
alpha	3727.38	8.20854	98902.6	0	0
O18	16762	3.78348	98902.6	0	0
neutron	939.565	13.8764	98893.8	0	0
neutron	939.565	8.44363	98893.8	0	0
neutron	939.565	4.37372	98893.8	0	0
Ne20	18617.7	0.127148	98893.8	0	0
proton	938.272	8.93717	98906.5	0	0
neutron	939.565	7.0294	98906.5	0	0
neutron	939.565	4.60681	98906.5	0	0
deuteron	1875.61	5.23769	98906.5	0	0
O18	16762	1.97361	98906.5	0	0
neutron	939.565	23.7743	98828.5	0	0
neutron	939.565	4.01619	98828.5	0	0
proton	938.272	3.71965	98828.5	0	0
P32	29775.8	0.51343	98828.5	0	0
Cl37	34424.8	0.389885	99296.9	198.93	198.355
neutron	939.565	0.67572	98928.1	0	0
S34	31632.7	0.151838	98928.1	0	0
neutron	939.565	6.37253	98829.8	0	0
proton	938.272	4.82674	98829.8	0	0
proton	938.272	4.57334	98829.8	0	0
neutron	939.565	1.88836	98829.8	0	0
neutron	939.565	0.519483	98829.8	0	0
Si30	27913.2	0.172112	98829.8	0	0
neutron	939.565	3.0071	98828.8	0	0
neutron	939.565	0.0347986	98828.8	0	0
S35	32565.3	0.264362	98828.8	0	0
S35	32565.3	0.157315	98847.4	0	0
neutron	939.565	8.30017	98825	0	0
neutron	939.565	0.357274	98825	0	0
Ne21	19550.5	0.807489	98825	0	0
neutron	939.565	0.0906694	98840	0	0
S34	31632.7	0.118588	98840	0	0
Ne23	21414.1	0.212834	98927.1	0	0
neutron	939.565	14.5059	98849	0	0
neutron	939.565	5.7883	98849	0	0
neutron	939.565	3.22255	98849	0	0
alpha	3727.38	6.7129	98849	0	0
O16	14895.1	0.730031	98849	0	0
neutron	939.565	2.69024	98867.9	0	0
neutron	939.565	1.1104	98867.9	0	0
Ne21	19550.5	0.324311	98867.9	0	0
S35	32565.3	0.149762	98804.3	0	0
neutron	939.565	0.62324	98858.7	0	0
S36	33495	0.190009	98858.7	0	0
neutron	939.565	0.365114	98796	0	0
Ne22	20479.7	0.254512	98796	0	0
neutron	939.565	4.71043	98855.5	0	0
neutron	939.565	4.06848	98855.5	0	0
neutron	939.565	3.69669	98855.5	0	0
Ne20	18617.7	0.847562	98855.5	0	0
neutron	939.565	0.56914	98934.2	0	0
S34	31632.7	0.157363	98934.2	0	0
S35	32565.3	0.148624	98801.5	0	0
S37	34430.2	0.140987	98831	0	0
neutron	939.565	9.68805	98859.2	0	0
neutron	939.565	9.4292	98859.2	0	0
neutron	939.565	5.78397	98859.2	0	0
alpha	3727.38	7.12391	98859.2	0	0
O16	14895.1	0.754004	98859.2	0	0
neutron	939.565	0.233225	98836.6	0	0
S34	31632.7	0.127542	98836.6	0	0
neutron	939.565	8.32573	98861.7	0	0
alpha	3727.38	11.2258	98861.7	0	0
Si30	27913.2	2.08336	98861.7	0	0
neutron	939.565	39.9284	98826.1	0	0
neutron	939.565	6.01887	98826.1	0	0
neutron	939.565	1.22884	98826.1	0	0
Ne20	18617.7	3.23925	98826.1	0	0
S35	32565.3	0.166288	98841.5	0	0
neutron	939.565	3.45858	98892.1	0	0
neutron	939.565	2.68974	98892.1	0	0
S33	30704.6	0.113539	98892.1	0	0
neutron	939.565	0.755428	98831.6	0	0
Ne22	20479.7	0.359323	98831.6	0	0
Ne23	21414.1	0.211715	98843	0	0
neutron	939.565	3.58467	98889.7	0	0
neutron	939.565	1.0234	98889.7	0	0
Ne21	19550.5	0.391312	98889.7	0	0
proton	938.272	11.4772	98836.4	0	0
neutron	939.565	2.79079	98836.4	0	0
P33	30705.3	0.424776	98836.4	0	0
Ne23	21414.1	0.227335	98813.2	0	0
neutron	939.565	0.377417	98873.1	0	0
Ne22	20479.7	0.319096	98873.1	0	0
neutron	939.565	1.09444	98836.1	0	0
S34	31632.7	0.207864	98836.1	0	0
neutron	939.565	1.92107	98914.3	0	0
S34	31632.7	0.371367	98914.3	0	0
S37	34430.2	0.134962	98881.8	0	0
neutron	939.565	1.85032	98840.1	0	0
S34	31632.7	0.155641	98840.1	0	0
neutron	939.565	0.484037	98871.8	0	0
Ne22	20479.7	0.168412	98871.8	0	0
S35	32565.3	0.168236	98845.2	0	0
neutron	939.565	0.413306	98835.4	0	0
S34	31632.7	0.174603	98835.4	0	0
S35	32565.3	0.154845	98873.2	0	0
neutron	939.565	0.129814	98801.9	0	0
S34	31632.7	0.114975	98801.9	0	0
neutron	939.565	0.747615	98834.6	0	0
Ne22	20479.7	0.183822	98834.6	0	0
Ne23	21414.1	0.226161	98898	0	0
S35	32565.3	0.155981	98852	0	0
neutron	939.565	14.1666	98873.9	0	0
neutron	939.565	7.38116	98873.9	0	0
neutron	939.565	0.766518	98873.9	0	0
Ne20	18617.7	0.766918	98873.9	0	0
neutron	939.565	0.469336	98850.1	0	0
Ne22	20479.7	0.288724	98850.1	0	0
proton	938.272	18.2752	98802.8	0	0
neutron	939.565	4.16759	98802.8	0	0
neutron	939.565	3.09605	98802.8	0	0
neutron	939.565	1.06686	98802.8	0	0
neutron	939.565	0.473837	98802.8	0	0
P32	29775.8	0.44063	98802.8	0	0
proton	938.272	5.95923	98885.6	0	0
neutron	939.565	4.4485	98885.6	0	0
neutron	939.565	2.05947	98885.6	0	0
F20	18625.3	0.404309	98885.6	0	0
neutron	939.565	10.0826	98819.2	0	0
neutron	939.565	9.54261	98819.2	0	0
neutron	939.565	6.83154	98819.2	0	0
alpha	3727.38	5.1788	98819.2	0	0
O16	14895.1	1.39143	98819.2	0	0
neutron	939.565	3.33434	98855.3	0	0
neutron	939.565	2.91517	98855.3	0	0
neutron	939.565	1.34875	98855.3	0	0
deuteron	1875.61	11.7295	98855.3	0	0
deuteron	1875.61	2.90724	98855.3	0	0
O16	14895.1	0.288714	98855.3	0	0
proton	938.272	32.8445	98892.1	0	0
proton	938.272	3.67179	98892.1	0	0
neutron	939.565	3.0215	98892.1	0	0
neutron	939.565	2.69033	98892.1	0	0
neutron	939.565	0.827263	98892.1	0	0
Si30	27913.2	0.436572	98892.1	0	0
neutron	939.565	28.2204	98839	0	0
proton	938.272	18.4679	98839	0	0
neutron	939.565	5.29522	98839	0	0
neutron	939.565	0.422546	98839	0	0
F19	17692.3	4.3987	98839	0	0
neutron	939.565	1.32447	98852.8	0	0
Ne22	20479.7	0.298481	98852.8	0	0
neutron	939.565	0.111202	98815.5	0	0
S34	31632.7	0.193451	98815.5	0	0
neutron	939.565	0.21374	98812.9	0	0
Ne22	20479.7	0.181627	98812.9	0	0
Na23	21409.2	0.150951	99872	404.989	404.724
neutron	939.565	0.95036	98864.8	0	0
S34	31632.7	0.177852	98864.8	0	0
neutron	939.565	35.8462	98862.9	0	0
neutron	939.565	3.72	98862.9	0	0
Ne21	19550.5	1.07937	98862.9	0	0
Ne23	21414.1	0.230536	98888.1	0	0
Na23	21409.2	0.895211	99461.6	268.547	267.482
neutron	939.565	0.912047	98939	0	0
S34	31632.7	0.188577	98939	0	0
neutron	939.565	37.8442	98819.9	0	0
proton	938.272	5.84505	98819.9	0	0
neutron	939.565	3.64505	98819.9	0	0
F20	18625.3	1.53574	98819.9	0	0
S35	32565.3	0.141262	98788	0	0
neutron	939.565	0.981328	98849.4	0	0
S34	31632.7	0.0522399	98849.4	0	0
Ne23	21414.1	0.232358	98818.8	0	0
neutron	939.565	10.1265	98895.8	0	0
neutron	939.565	3.57399	98895.8	0	0
neutron	939.565	2.2576	98895.8	0	0
alpha	3727.38	6.90202	98895.8	0	0
alpha	3727.38	4.78094	98895.8	0	0
C12	11174.9	2.0472	98895.8	0	0
neutron	939.565	5.43429	98850.6	0	0
neutron	939.565	0.252348	98850.6	0	0
S33	30704.6	0.231689	98850.6	0	0
Ne23	21414.1	0.222933	98841.1	0	0
neutron	939.565	20.2583	98823.4	0	0
neutron	939.565	6.71864	98823.4	0	0
neutron	939.565	3.58219	98823.4	0	0
proton	938.272	3.0357	98823.4	0	0
P31	28844.2	1.16189	98823.4	0	0
neutron	939.565	3.51856	98890.7	0	0
neutron	939.565	3.34555	98890.7	0	0
neutron	939.565	0.436462	98890.7	0	0
S32	29773.6	0.282971	98890.7	0	0
neutron	939.565	4.01105	98821.8	0	0
Ne22	20479.7	0.220326	98821.8	0	0
S35	32565.3	0.156884	98851.8	0	0
neutron	939.565	8.83077	98956.2	0	0
neutron	939.565	5.41923	98956.2	0	0
neutron	939.565	3.91562	98956.2	0	0
S34	31632.7	0.876831	98956.2	0	0
proton	938.272	14.7743	98852.3	0	0
neutron	939.565	1.06451	98852.3	0	0
F21	19556.7	0.990159	98852.3	0	0
neutron	939.565	22.9821	98867.3	0	0
neutron	939.565	5.19553	98867.3	0	0
neutron	939.565	0.586679	98867.3	0	0
Ne20	18617.7	1.19023	98867.3	0	0
S35	32565.3	0.139071	98833.6	0	0
neutron	939.565	2.24118	98906.3	0	0
S34	31632.7	0.243372	98906.3	0	0
neutron	939.565	1.12638	98824.2	0	0
S34	31632.7	0.0452311	98824.2	0	0
S35	32565.3	0.138557	98839.4	0	0
neutron	939.565	0.853415	98778.6	0	0
S34	31632.7	0.180719	98778.6	0	0
Cl35	32564.6	0.0879169	99887.5	407.793	407.693
neutron	939.565	1.06927	98869.4	0	0
Ne22	20479.7	0.383874	98869.4	0	0
neutron	939.565	3.37286	98856	0	0
neutron	939.565	0.859452	98856	0	0
S33	30704.6	0.051268	98856	0	0
S37	34430.2	0.131217	98847.1	0	0
Na23	21409.2	0.120823	99316.2	201.04	200.785
Ne23	21414.1	0.207759	98875	0	0
neutron	939.565	0.939495	98819.1	0	0
Ne22	20479.7	0.08876	98819.1	0	0
Na23	21409.2	0.105769	99199	168.575	168.248
Ne23	21414.1	0.234475	98841.5	0	0
neutron	939.565	19.1171	98898.4	0	0
neutron	939.565	17.8492	98898.4	0	0
proton	938.272	4.00482	98898.4	0	0
P32	29775.8	0.31032	98898.4	0	0
S35	32565.3	0.151201	98879.2	0	0
proton	938.272	25.4582	98820.2	0	0
neutron	939.565	2.18196	98820.2	0	0
neutron	939.565	1.21831	98820.2	0	0
neutron	939.565	0.231144	98820.2	0	0
F19	17692.3	0.961019	98820.2	0	0
neutron	939.565	9.1861	98871.2	0	0
neutron	939.565	8.34317	98871.2	0	0
neutron	939.565	7.71279	98871.2	0	0
alpha	3727.38	4.74836	98871.2	0	0
O16	14895.1	1.49134	98871.2	0	0
neutron	939.565	15.1644	98848.3	0	0
neutron	939.565	3.68383	98848.3	0	0
neutron	939.565	1.54287	98848.3	0	0
alpha	3727.38	3.9948	98848.3	0	0
O16	14895.1	6.13395	98848.3	0	0
neutron	939.565	0.869061	98879.8	0	0
Ne22	20479.7	0.171024	98879.8	0	0
neutron	939.565	28.9245	98885.8	0	0
neutron	939.565	1.79081	98885.8	0	0
neutron	939.565	0.197208	98885.8	0	0
Ne20	18617.7	0.92547	98885.8	0	0
neutron	939.565	1.02507	98833.3	0	0
Ne22	20479.7	0.304629	98833.3	0	0
neutron	939.565	7.22008	98864.5	0	0
neutron	939.565	0.610125	98864.5	0	0
S33	30704.6	0.384561	98864.5	0	0
neutron	939.565	4.15705	98794.5	0	0
neutron	939.565	2.43262	98794.5	0	0
neutron	939.565	0.130253	98794.5	0	0
Ne20	18617.7	0.451783	98794.5	0	0
neutron	939.565	7.13582	98826.7	0	0
neutron	939.565	5.75969	98826.7	0	0
neutron	939.565	3.6029	98826.7	0	0
alpha	3727.38	5.50702	98826.7	0	0
O16	14895.1	1.63357	98826.7	0	0
neutron	939.565	5.98133	98888.3	0	0
neutron	939.565	2.26227	98888.3	0	0
S35	32565.3	0.589379	98888.3	0	0
S37	34430.2	0.141661	98880.4	0	0
neutron	939.565	0.21751	98809.6	0	0
S36	33495	0.137681	98809.6	0	0
S35	32565.3	0.160507	98872.2	0	0
Ne23	21414.1	0.226144	98832.6	0	0
neutron	939.565	6.45128	98853.6	0	0
alpha	3727.38	3.67561	98853.6	0	0
O18	16762	1.20346	98853.6	0	0
neutron	939.565	1.31759	98854	0	0
S34	31632.7	0.256037	98854	0	0
Ne23	21414.1	0.211799	98827	0	0
proton	938.272	5.68112	98864.7	0	0
neutron	939.565	5.34956	98864.7	0	0
proton	938.272	3.26013	98864.7	0	0
Si32	29776.6	0.387495	98864.7	0	0
neutron	939.565	3.91309	98836.2	0	0
neutron	939.565	0.981898	98836.2	0	0
S33	30704.6	0.12233	98836.2	0	0
neutron	939.565	0.667772	98880.4	0	0
S34	31632.7	0.165458	98880.4	0	0
Ne23	21414.1	0.209634	98850.4	0	0
neutron	939.565	6.55938	98848.5	0	0
neutron	939.565	6.06721	98848.5	0	0
neutron	939.565	5.48339	98848.5	0	0
neutron	939.565	0.501004	98848.5	0	0
S33	30704.6	0.657075	98848.5	0	0
proton	938.272	15.831	98821.9	0	0
proton	938.272	2.26524	98821.9	0	0
neutron	939.565	1.91756	98821.9	0	0
neutron	939.565	1.16647	98821.9	0	0
neutron	939.565	0.496672	98821.9	0	0
Si30	27913.2	0.8146	98821.9	0	0
neutron	939.565	0.270591	98811.9	0	0
S34	31632.7	0.21126	98811.9	0	0
neutron	939.565	1.42697	98872.9	0	0
S34	31632.7	0.264282	98872.9	0	0
S35	32565.3	0.160249	98868.8	0	0
Na23	21409.2	0.295897	99292.7	192.431	192.068
neutron	939.565	1.44611	98852.9	0	0
S36	33495	0.12014	98852.9	0	0
neutron	939.565	9.50766	98856.6	0	0
neutron	939.565	6.32174	98856.6	0	0
proton	938.272	4.81892	98856.6	0	0
neutron	939.565	4.36725	98856.6	0	0
proton	938.272	3.7361	98856.6	0	0
Si30	27913.2	1.86196	98856.6	0	0
Cl35	32564.6	0.228204	99884.1	406.145	405.725
neutron	939.565	1.89943	98920	0	0
neutron	939.565	0.0215756	98920	0	0
alpha	3727.38	6.21401	98920	0	0
O17	15830.5	2.07608	98920	0	0
proton	938.272	5.28977	98874.3	0	0
neutron	939.565	0.916495	98874.3	0	0
P33	30705.3	0.362951	98874.3	0	0
neutron	939.565	1.23441	98898.2	0	0
S34	31632.7	0.182835	98898.2	0	0
neutron	939.565	9.92721	98862.2	0	0
proton	938.272	4.18884	98862.2	0	0
P33	30705.3	0.206854	98862.2	0	0
neutron	939.565	0.842086	98815.3	0	0
Ne22	20479.7	0.133093	98815.3	0	0
neutron	939.565	6.17132	98874.6	0	0
triton	2808.92	4.77902	98874.6	0	0
alpha	3727.38	4.52095	98874.6	0	0
N15	13968.9	2.54168	98874.6	0	0
Na23	21409.2	0.164521	98953.8	52.2418	52.075
neutron	939.565	0.966211	98900.6	0	0
S34	31632.7	0.0890476	98900.6	0	0
neutron	939.565	4.28358	98884.8	0	0
S34	31632.7	0.11064	98884.8	0	0
Na23	21409.2	0.284988	99991.6	441.531	441.115
Na23	21409.2	0.124748	99686.3	341.105	340.958
neutron	939.565	0.752891	98870.9	0	0
S34	31632.7	0.169734	98870.9	0	0
neutron	939.565	7.33142	98800.8	0	0
neutron	939.565	1.94795	98800.8	0	0
neutron	939.565	1.90572	98800.8	0	0
S34	31632.7	0.704309	98800.8	0	0
Na23	21409.2	0.104748	99702.7	334.603	334.411
proton	938.272	49.8501	98892	0	0
neutron	939.565	21.561	98892	0	0
neutron	939.565	1.9129	98892	0	0
P32	29775.8	0.789223	98892	0	0
Ne23	21414.1	0.220503	98943.6	0	0
neutron	939.565	25.8719	98865.2	0	0
neutron	939.565	11.3814	98865.2	0	0
proton	938.272	2.77289	98865.2	0	0
neutron	939.565	1.22673	98865.2	0	0
P31	28844.2	0.794341	98865.2	0	0
neutron	939.565	0.792916	98838.2	0	0
neutron	939.565	0.747254	98838.2	0	0
Ne21	19550.5	0.414304	98838.2	0	0
S37	34430.2	0.140783	98876.9	0	0
Ne23	21414.1	0.207637	98818.2	0	0
Ne23	21414.1	0.231151	98843	0	0
neutron	939.565	3.34033	98893.9	0	0
alpha	3727.38	5.44761	98893.9	0	0
O18	16762	0.935834	98893.9	0	0
neutron	939.565	0.580872	98796.1	0	0
Ne22	20479.7	0.267633	98796.1	0	0
neutron	939.565	30.2972	98862.7	0	0
proton	938.272	21.9477	98862.7	0	0
F21	19556.7	1.46146	98862.7	0	0
neutron	939.565	0.121365	98860.1	0	0
S36	33495	0.101992	98860.1	0	0
neutron	939.565	19.5019	98944.3	0	0
alpha	3727.38	7.50109	98944.3	0	0
O18	16762	1.81881	98944.3	0	0
neutron	939.565	39.1125	98889.1	0	0
neutron	939.565	22.8232	98889.1	0	0
neutron	939.565	0.0843027	98889.1	0	0
Ne20	18617.7	1.60971	98889.1	0	0
S35	32565.3	0.147342	98841.6	0	0
S35	32565.3	0.159945	98893.7	0	0
neutron	939.565	0.317984	98783.3	0	0
S34	31632.7	0.171611	98783.3	0	0
neutron	939.565	42.9975	98852.7	0	0
neutron	939.565	17.9202	98852.7	0	0
neutron	939.565	5.48926	98852.7	0	0
S32	29773.6	0.446341	98852.7	0	0
neutron	939.565	35.4058	98844.6	0	0
Ne22	20479.7	1.18941	98844.6	0	0
neutron	939.565	0.698461	98893.5	0	0
S34	31632.7	0.0914001	98893.5	0	0
S35	32565.3	0.145898	98817.6	0	0
neutron	939.565	4.12493	98842.7	0	0
neutron	939.565	2.84083	98842.7	0	0
neutron	939.565	1.57604	98842.7	0	0
alpha	3727.38	3.31979	98842.7	0	0
O16	14895.1	2.3069	98842.7	0	0
S35	32565.3	0.144217	98849.3	0	0
neutron	939.565	2.96366	98833.1	0	0
neutron	939.565	2.17216	98833.1	0	0
Ne21	19550.5	0.268216	98833.1	0	0
neutron	939.565	0.903366	98854.5	0	0
S34	31632.7	0.0871905	98854.5	0	0
S35	32565.3	0.156127	98831.6	0	0
neutron	939.565	0.895274	98850.2	0	0
Ne22	20479.7	0.225776	98850.2	0	0
S37	34430.2	0.143384	98826.4	0	0
S37	34430.2	0.130159	98812.6	0	0
proton	938.272	17.4062	98858.6	0	0
neutron	939.565	6.75246	98858.6	0	0
proton	938.272	5.29039	98858.6	0	0
neutron	939.565	2.38909	98858.6	0	0
Si31	28846.2	0.534176	98858.6	0	0
neutron	939.565	22.5248	98861.6	0	0
neutron	939.565	6.27882	98861.6	0	0
neutron	939.565	4.11725	98861.6	0	0
Ne20	18617.7	0.175141	98861.6	0	0
S35	32565.3	0.143221	98891.9	0	0
Cl35	32564.6	0.221292	99050.6	118.06	117.414
neutron	939.565	25.9787	98848.1	0	0
neutron	939.565	5.88672	98848.1	0	0
neutron	939.565	5.00488	98848.1	0	0
proton	938.272	2.53133	98848.1	0	0
P31	28844.2	0.665466	98848.1	0	0
neutron	939.565	21.4138	98835.7	0	0
neutron	939.565	16.7758	98835.7	0	0
neutron	939.565	2.48636	98835.7	0	0
Ne20	18617.7	0.168924	98835.7	0	0
Na23	21409.2	0.270164	99270.3	201.816	201.49
Na23	21409.2	0.126591	99006.6	93.1785	92.8506
neutron	939.565	2.63504	98869.9	0	0
neutron	939.565	0.708621	98869.9	0	0
neutron	939.565	0.436603	98869.9	0	0
alpha	3727.38	8.17731	98869.9	0	0
Si28	26053.2	1.96626	98869.9	0	0
neutron	939.565	9.672	98860.4	0	0
neutron	939.565	3.22877	98860.4	0	0
neutron	939.565	1.55637	98860.4	0	0
Ne20	18617.7	0.155543	98860.4	0	0
neutron	939.565	0.376821	98828.2	0	0
neutron	939.565	0.338027	98828.2	0	0
S33	30704.6	0.170425	98828.2	0	0
neutron	939.565	5.83002	98816.5	0	0
neutron	939.565	4.14942	98816.5	0	0
neutron	939.565	4.02896	98816.5	0	0
Ne20	18617.7	0.0730279	98816.5	0	0
proton	938.272	10.8279	98879.8	0	0
neutron	939.565	6.7031	98879.8	0	0
neutron	939.565	2.0413	98879.8	0	0
F20	18625.3	0.258354	98879.8	0	0
neutron	939.565	8.34418	98853.9	0	0
neutron	939.565	5.17508	98853.9	0	0
proton	938.272	3.80101	98853.9	0	0
neutron	939.565	0.427904	98853.9	0	0
P31	28844.2	1.13952	98853.9	0	0
neutron	939.565	7.22399	98838.2	0	0
neutron	939.565	2.45023	98838.2	0	0
neutron	939.565	0.390232	98838.2	0	0
Ne20	18617.7	0.0140241	98838.2	0	0
neutron	939.565	0.617082	98880.8	0	0
Ne22	20479.7	0.209419	98880.8	0	0
Ne23	21414.1	0.224336	98902.3	0	0
neutron	939.565	0.185526	98847.7	0	0
S34	31632.7	0.199902	98847.7	0	0
neutron	939.565	5.01589	98845.5	0	0
neutron	939.565	1.39223	98845.5	0	0
neutron	939.565	0.594644	98845.5	0	0
Ne20	18617.7	0.35307	98845.5	0	0
neutron	939.565	8.65269	98797.4	0	0
neutron	939.565	6.50916	98797.4	0	0
Ne21	19550.5	0.904403	98797.4	0	0
neutron	939.565	5.11074	98882.4	0	0
neutron	939.565	4.64328	98882.4	0	0
neutron	939.565	3.79748	98882.4	0	0
proton	938.272	3.38039	98882.4	0	0
neutron	939.565	2.00895	98882.4	0	0
proton	938.272	1.75219	98882.4	0	0
O17	15830.5	1.83399	98882.4	0	0
Na23	21409.2	0.224442	99307.4	199.643	199.388
proton	938.272	4.14071	98915.6	0	0
neutron	939.565	2.61214	98915.6	0	0
neutron	939.565	2.29058	98915.6	0	0
neutron	939.565	0.327662	98915.6	0	0
F19	17692.3	1.02782	98915.6	0	0
Ne23	21414.1	0.22503	98790.2	0	0
proton	938.272	7.76979	98820.2	0	0
neutron	939.565	0.863372	98820.2	0	0
P33	30705.3	0.280887	98820.2	0	0
neutron	939.565	20.1271	98866	0	0
proton	938.272	15.6377	98866	0	0
neutron	939.565	0.47923	98866	0	0
P32	29775.8	0.221938	98866	0	0
neutron	939.565	4.04529	98842.1	0	0
Ne22	20479.7	0.616338	98842.1	0	0
proton	938.272	48.3922	98899.6	0	0
neutron	939.565	2.33323	98899.6	0	0
neutron	939.565	0.739564	98899.6	0	0
P32	29775.8	1.60504	98899.6	0	0
neutron	939.565	0.84748	98815	0	0
Ne22	20479.7	0.0802767	98815	0	0
Cl35	32564.6	0.218009	99646	322.549	322.152
neutron	939.565	1.4655	98906.7	0	0
S34	31632.7	0.195806	98906.7	0	0
neutron	939.565	0.0912666	98874.1	0	0
S34	31632.7	0.159131	98874.1	0	0
proton	938.272	10.2129	98831.9	0	0
neutron	939.565	4.16941	98831.9	0	0
neutron	939.565	3.86457	98831.9	0	0
neutron	939.565	0.904415	98831.9	0	0
P33	30705.3	0.115487	98831.9	0	0
Na23	21409.2	0.131024	99242.8	188.316	188.07
neutron	939.565	1.94952	98832.7	0	0
Ne22	20479.7	0.0926233	98832.7	0	0
proton	938.272	5.80743	98877	0	0
neutron	939.565	3.92787	98877	0	0
neutron	939.565	1.59796	98877	0	0
P32	29775.8	0.282374	98877	0	0
Ne23	21414.1	0.225379	98870.4	0	0
Ne23	21414.1	0.206492	98820.5	0	0
neutron	939.565	7.41875	98806.5	0	0
proton	938.272	6.66225	98806.5	0	0
neutron	939.565	3.43814	98806.5	0	0
P32	29775.8	1.68961	98806.5	0	0
S37	34430.2	0.144633	98899.4	0	0
Cl35	32564.6	0.0842163	99698.3	340.661	340.506
S35	32565.3	0.165623	98883.6	0	0
Cl35	32564.6	0.167064	98878.8	36.475	36.2335
neutron	939.565	11.2643	98861.9	0	0
neutron	939.565	0.727371	98861.9	0	0
Ne21	19550.5	0.400608	98861.9	0	0
neutron	939.565	1.27843	98883	0	0
Ne22	20479.7	0.0544033	98883	0	0
Ne23	21414.1	0.22748	98841.2	0	0
Cl37	34424.8	0.180798	98939.9	66.2741	65.8139
neutron	939.565	24.2358	98890.7	0	0
neutron	939.565	6.00836	98890.7	0	0
proton	938.272	3.39609	98890.7	0	0
neutron	939.565	2.93983	98890.7	0	0
P31	28844.2	0.480811	98890.7	0	0
S37	34430.2	0.134603	98833.4	0	0
neutron	939.565	3.65362	98849.7	0	0
S34	31632.7	0.0344709	98849.7	0	0
neutron	939.565	0.518057	98780.8	0	0
Ne22	20479.7	0.294288	98780.8	0	0
neutron	939.565	4.16485	98894.3	0	0
neutron	939.565	4.01569	98894.3	0	0
proton	938.272	3.47493	98894.3	0	0
neutron	939.565	1.65034	98894.3	0	0
P31	28844.2	0.523212	98894.3	0	0
S35	32565.3	0.131362	98924.8	0	0
S35	32565.3	0.166132	98841.1	0	0
neutron	939.565	40.6606	98858.4	0	0
neutron	939.565	2.91463	98858.4	0	0
neutron	939.565	0.139158	98858.4	0	0
alpha	3727.38	6.05893	98858.4	0	0
O16	14895.1	2.12122	98858.4	0	0
neutron	939.565	0.0775879	98834.9	0	0
S34	31632.7	0.140176	98834.9	0	0
neutron	939.565	0.463071	98878	0	0
Ne22	20479.7	0.338673	98878	0	0
S37	34430.2	0.142264	98927.3	0	0
neutron	939.565	0.125986	98814.8	0	0
S34	31632.7	0.148749	98814.8	0	0
neutron	939.565	2.4728	98893.2	0	0
Ne22	20479.7	0.271084	98893.2	0	0
neutron	939.565	1.83774	98860.6	0	0
neutron	939.565	1.54298	98860.6	0	0
S35	32565.3	0.184481	98860.6	0	0
S35	32565.3	0.160908	98829.1	0	0
neutron	939.565	0.969484	98864	0	0
S34	31632.7	0.227208	98864	0	0
neutron	939.565	1.47647	98848	0	0
Ne22	20479.7	0.174624	98848	0	0
neutron	939.565	0.69418	98881.1	0	0
S34	31632.7	0.0973093	98881.1	0	0
Ne23	21414.1	0.213814	98877.9	0	0
Na23	21409.2	0.118394	98843.9	23.9279	23.7788
neutron	939.565	1.7332	98871.8	0	0
Ne22	20479.7	0.502365	98871.8	0	0
neutron	939.565	0.716555	98825.8	0	0
S34	31632.7	0.102183	98825.8	0	0
Ne23	21414.1	0.222182	98855.9	0	0
Ne23	21414.1	0.216674	98866.4	0	0
Ne23	21414.1	0.227706	98941.1	0	0
Ne23	21414.1	0.23217	98847	0	0
neutron	939.565	16.5244	98816.5	0	0
neutron	939.565	6.40807	98816.5	0	0
neutron	939.565	1.15436	98816.5	0	0
S32	29773.6	0.648628	98816.5	0	0
neutron	939.565	0.255597	98880.9	0	0
S36	33495	0.16517	98880.9	0	0
neutron	939.565	3.97953	98865.4	0	0
neutron	939.565	0.356846	98865.4	0	0
S35	32565.3	0.319163	98865.4	0	0
Ne23	21414.1	0.231548	98858.9	0	0
proton	938.272	28.1892	98886.4	0	0
neutron	939.565	0.763432	98886.4	0	0
P33	30705.3	0.431991	98886.4	0	0
neutron	939.565	10.0129	98823.1	0	0
neutron	939.565	2.71863	98823.1	0	0
neutron	939.565	1.12842	98823.1	0	0
S34	31632.7	0.310785	98823.1	0	0
Cl37	34424.8	0.141961	99564.3	291.519	291.322
neutron	939.565	15.4532	98858.5	0	0
proton	938.272	12.1429	98858.5	0	0
neutron	939.565	0.211658	98858.5	0	0
F20	18625.3	0.1164	98858.5	0	0
neutron	939.565	1.36561	98821.3	0	0
Ne22	20479.7	0.234664	98821.3	0	0
S35	32565.3	0.156764	98853.3	0	0
S35	32565.3	0.148535	98818.2	0	0
neutron	939.565	1.39819	98891.7	0	0
Ne22	20479.7	0.139633	98891.7	0	0
Na23	21409.2	0.24631	99611	309.678	309.296
Na23	21409.2	0.119423	99316.8	209.787	209.474
neutron	939.565	3.68714	98870.7	0	0
neutron	939.565	2.24075	98870.7	0	0
neutron	939.565	1.77364	98870.7	0	0
Ne20	18617.7	0.0996859	98870.7	0	0
proton	938.272	4.08896	98859.8	0	0
proton	938.272	3.38366	98859.8	0	0
neutron	939.565	2.77012	98859.8	0	0
neutron	939.565	1.51285	98859.8	0	0
alpha	3727.38	5.72951	98859.8	0	0
Mg27	25129.6	0.19145	98859.8	0	0
neutron	939.565	4.84692	98889.3	0	0
neutron	939.565	0.427094	98889.3	0	0
Ne21	19550.5	0.305258	98889.3	0	0
Ne23	21414.1	0.228478	98893.2	0	0
S35	32565.3	0.161748	98863.9	0	0
neutron	939.565	0.0677049	98873.8	0	0
S34	31632.7	0.17272	98873.8	0	0
neutron	939.565	13.6783	98815.3	0	0
proton	938.272	7.55486	98815.3	0	0
neutron	939.565	6.20798	98815.3	0	0
neutron	939.565	3.09069	98815.3	0	0
proton	938.272	2.56622	98815.3	0	0
Si30	27913.2	0.478269	98815.3	0	0
S35	32565.3	0.130217	98876.2	0	0
neutron	939.565	8.00293	98880.7	0	0
neutron	939.565	3.16175	98880.7	0	0
deuteron	1875.61	6.11588	98880.7	0	0
P31	28844.2	0.168806	98880.7	0	0
proton	938.272	32.6939	98865.3	0	0
neutron	939.565	14.4486	98865.3	0	0
F21	19556.7	1.32178	98865.3	0	0
Ne23	21414.1	0.228882	98796.2	0	0
neutron	939.565	1.20191	98882.4	0	0
S34	31632.7	0.0733246	98882.4	0	0
neutron	939.565	0.0241942	98844.4	0	0
S34	31632.7	0.138396	98844.4	0	0
S35	32565.3	0.160215	98879.1	0	0
neutron	939.565	2.84194	98797.2	0	0
S34	31632.7	0.364313	98797.2	0	0
Cl35	32564.6	0.0863495	99883.6	403.11	402.762
neutron	939.565	2.12603	98910.4	0	0
S34	31632.7	0.373957	98910.4	0	0
S35	32565.3	0.158387	98857	0	0
neutron	939.565	0.235148	98821.7	0	0
S36	33495	0.197723	98821.7	0	0
neutron	939.565	0.284719	98838.3	0	0
Ne22	20479.7	0.277962	98838.3	0	0
S35	32565.3	0.158201	98860.8	0	0
neutron	939.565	1.77412	98859.7	0	0
S34	31632.7	0.293187	98859.7	0	0
neutron	939.565	2.26169	98845.4	0	0
S34	31632.7	0.155329	98845.4	0	0
neutron	939.565	1.50981	98872.6	0	0
Ne22	20479.7	0.366462	98872.6	0	0
neutron	939.565	11.7826	98901.1	0	0
neutron	939.565	4.00823	98901.1	0	0
neutron	939.565	2.07149	98901.1	0	0
alpha	3727.38	4.92219	98901.1	0	0
O16	14895.1	0.660631	98901.1	0	0
neutron	939.565	2.67136	98841.3	0	0
S36	33495	0.156669	98841.3	0	0
Ne23	21414.1	0.23194	98852.2	0	0
Cl35	32564.6	0.0777136	98991.8	90.6749	90.5906
Cl37	34424.8	0.288723	98916.6	50.1851	49.8091
neutron	939.565	0.60398	98945.6	0	0
Ne22	20479.7	0.348694	98945.6	0	0
neutron	939.565	1.19057	98849.4	0	0
S34	31632.7	0.119467	98849.4	0	0
neutron	939.565	0.652769	98862.2	0	0
S34	31632.7	0.18212	98862.2	0	0
neutron	939.565	1.07776	98882.9	0	0
S34	31632.7	0.143727	98882.9	0	0
Cl35	32564.6	0.0770231	99862.1	400.254	399.904
Na23	21409.2	0.277836	99644.8	325.982	325.425
neutron	939.565	17.7769	98866.8	0	0
neutron	939.565	2.22564	98866.8	0	0
neutron	939.565	1.82315	98866.8	0	0
alpha	3727.38	14.714	98866.8	0	0
O16	14895.1	2.1073	98866.8	0	0
neutron	939.565	4.55125	98843	0	0
neutron	939.565	1.85387	98843	0	0
neutron	939.565	0.502085	98843	0	0
Ne20	18617.7	0.158493	98843	0	0
neutron	939.565	1.7866	98905.1	0	0
S34	31632.7	0.320617	98905.1	0	0
neutron	939.565	22.3804	98872.6	0	0
neutron	939.565	12.7623	98872.6	0	0
neutron	939.565	5.05858	98872.6	0	0
Ne20	18617.7	1.47328	98872.6	0	0
Na23	21409.2	0.153649	99085.5	116.577	116.115
neutron	939.565	10.2159	98898.6	0	0
neutron	939.565	6.8838	98898.6	0	0
proton	938.272	2.84565	98898.6	0	0
proton	938.272	2.84348	98898.6	0	0
neutron	939.565	1.81227	98898.6	0	0
Si30	27913.2	0.178774	98898.6	0	0
neutron	939.565	2.04866	98909.7	0	0
S34	31632.7	0.142637	98909.7	0	0
neutron	939.565	15.5616	98900.5	0	0
neutron	939.565	9.13282	98900.5	0	0
neutron	939.565	1.52241	98900.5	0	0
alpha	3727.38	6.27696	98900.5	0	0
O16	14895.1	1.20979	98900.5	0	0
neutron	939.565	22.3266	98853.1	0	0
neutron	939.565	6.92448	98853.1	0	0
neutron	939.565	1.89812	98853.1	0	0
alpha	3727.38	4.12207	98853.1	0	0
O16	14895.1	2.02777	98853.1	0	0
neutron	939.565	0.273341	98856.6	0	0
S34	31632.7	0.130964	98856.6	0	0
neutron	939.565	0.578973	98855	0	0
Ne22	20479.7	0.326897	98855	0	0
neutron	939.565	13.6175	98862.8	0	0
neutron	939.565	3.40349	98862.8	0	0
neutron	939.565	1.4323	98862.8	0	0
alpha	3727.38	9.34499	98862.8	0	0
O16	14895.1	4.73698	98862.8	0	0
Ne23	21414.1	0.212328	98817.6	0	0
Ne23	21414.1	0.224365	98862	0	0
Ne23	21414.1	0.207406	98812.9	0	0
neutron	939.565	2.08512	98870	0	0
Ne22	20479.7	0.539276	98870	0	0
Ne23	21414.1	0.198677	98896.2	0	0
neutron	939.565	5.18558	98873.1	0	0
neutron	939.565	3.25863	98873.1	0	0
neutron	939.565	2.65401	98873.1	0	0
S34	31632.7	0.610869	98873.1	0	0
Cl35	32564.6	0.349934	99254	185.793	185.295
Ne23	21414.1	0.233337	98897.6	0	0
neutron	939.565	6.45084	98881.4	0	0
neutron	939.565	2.7296	98881.4	0	0
neutron	939.565	1.69474	98881.4	0	0
S32	29773.6	0.318154	98881.4	0	0
neutron	939.565	1.71537	98867.7	0	0
S34	31632.7	0.307295	98867.7	0	0
neutron	939.565	1.91887	98872.5	0	0
Ne22	20479.7	0.0321996	98872.5	0	0
neutron	939.565	0.991268	98809.8	0	0
Ne22	20479.7	0.100651	98809.8	0	0
neutron	939.565	1.38868	98805.7	0	0
S34	31632.7	0.306763	98805.7	0	0
neutron	939.565	17.4754	98846.5	0	0
proton	938.272	6.61826	98846.5	0	0
neutron	939.565	4.20388	98846.5	0	0
proton	938.272	3.88854	98846.5	0	0
neutron	939.565	2.22894	98846.5	0	0
neutron	939.565	0.962931	98846.5	0	0
Si29	26984.3	3.22735	98846.5	0	0
neutron	939.565	19.0808	98840	0	0
neutron	939.565	18.4385	98840	0	0
neutron	939.565	1.62636	98840	0	0
Ne20	18617.7	2.61784	98840	0	0
neutron	939.565	1.79617	98835.7	0	0
S34	31632.7	0.2077	98835.7	0	0
Ne23	21414.1	0.229537	98865.3	0	0
neutron	939.565	0.715251	98837.4	0	0
S34	31632.7	0.188801	98837.4	0	0
proton	938.272	22.3256	98866	0	0
neutron	939.565	1.33445	98866	0	0
neutron	939.565	1.08941	98866	0	0
P32	29775.8	0.801083	98866	0	0
neutron	939.565	27.701	98860.4	0	0
neutron	939.565	17.666	98860.4	0	0
neutron	939.565	1.59299	98860.4	0	0
Ne20	18617.7	2.4589	98860.4	0	0
Na23	21409.2	0.368829	99075.6	137.823	137.39
neutron	939.565	28.2587	98873.7	0	0
proton	938.272	2.89229	98873.7	0	0
triton	2808.92	5.08314	98873.7	0	0
Si30	27913.2	0.517961	98873.7	0	0
neutron	939.565	9.56667	98869.6	0	0
neutron	939.565	3.87965	98869.6	0	0
neutron	939.565	3.64677	98869.6	0	0
alpha	3727.38	4.63073	98869.6	0	0
O16	14895.1	1.91841	98869.6	0	0
Ne23	21414.1	0.234974	98873.4	0	0
Ne23	21414.1	0.222117	98830.8	0	0
Ne23	21414.1	0.225869	98831.1	0	0
Cl37	34424.8	0.120407	99155.4	154.051	153.877
Ne23	21414.1	0.225091	98884.3	0	0
Ne23	21414.1	0.227288	98824.4	0	0
Ne23	21414.1	0.228177	98914.1	0	0
neutron	939.565	0.0982846	98851	0	0
Ne22	20479.7	0.195783	98851	0	0
neutron	939.565	0.265787	98830.4	0	0
S34	31632.7	0.173524	98830.4	0	0
neutron	939.565	0.216055	98888.7	0	0
Ne22	20479.7	0.160292	98888.7	0	0
neutron	939.565	0.405325	98822.2	0	0
Ne22	20479.7	0.272159	98822.2	0	0
Ne23	21414.1	0.194905	98813.7	0	0
neutron	939.565	3.61267	98870.6	0	0
S36	33495	0.0168103	98870.6	0	0
neutron	939.565	2.73765	98918.4	0	0
neutron	939.565	2.50009	98918.4	0	0
neutron	939.565	0.777329	98918.4	0	0
Ne20	18617.7	0.101199	98918.4	0	0
S35	32565.3	0.148092	98877.3	0	0
neutron	939.565	22.4779	98843	0	0
neutron	939.565	6.32014	98843	0	0
neutron	939.565	4.67935	98843	0	0
proton	938.272	3.94781	98843	0	0
P31	28844.2	0.432088	98843	0	0
neutron	939.565	3.88427	98852.6	0	0
S36	33495	0.294155	98852.6	0	0
S37	34430.2	0.13568	98853.4	0	0
Ne23	21414.1	0.225674	98864.6	0	0
Cl37	34424.8	0.0662326	99211.4	130.315	130.221
Ne23	21414.1	0.223805	98961.5	0	0
neutron	939.565	1.42374	98835.7	0	0
alpha	3727.38	8.05458	98835.7	0	0
Si30	27913.2	0.796339	98835.7	0	0
neutron	939.565	2.35875	98901.7	0	0
S34	31632.7	0.0628596	98901.7	0	0
neutron	939.565	1.11196	98860.2	0	0
Ne22	20479.7	0.441717	98860.2	0	0
neutron	939.565	0.706849	98829.9	0	0
S34	31632.7	0.0881035	98829.9	0	0
neutron	939.565	2.90693	98870.6	0	0
Ne22	20479.7	0.24632	98870.6	0	0
Cl35	32564.6	0.075922	99662	330.578	330.2
Cl35	32564.6	0.310436	99054.8	105.207	104.554
neutron	939.565	0.669836	98865.1	0	0
S34	31632.7	0.0510574	98865.1	0	0
neutron	939.565	0.367873	98833.2	0	0
Ne22	20479.7	0.297695	98833.2	0	0
neutron	939.565	1.05977	98843.3	0	0
Ne22	20479.7	0.241453	98843.3	0	0
proton	938.272	9.96627	98857.4	0	0
F22	20491.1	0.385184	98857.4	0	0
neutron	939.565	20.5414	98852.5	0	0
proton	938.272	14.6846	98852.5	0	0
neutron	939.565	0.599333	98852.5	0	0
P32	29775.8	0.228796	98852.5	0	0
S35	32565.3	0.163051	98844	0	0
neutron	939.565	0.466633	98850.5	0	0
S34	31632.7	0.183917	98850.5	0	0
neutron	939.565	1.20856	98878.1	0	0
neutron	939.565	1.02053	98878.1	0	0
S33	30704.6	0.137483	98878.1	0	0
Ne23	21414.1	0.216564	98865.5	0	0
neutron	939.565	1.42941	98837.3	0	0
neutron	939.565	1.17952	98837.3	0	0
neutron	939.565	0.939116	98837.3	0	0
S32	29773.6	0.254023	98837.3	0	0
neutron	939.565	4.17828	98855.6	0	0
neutron	939.565	4.00026	98855.6	0	0
neutron	939.565	3.6097	98855.6	0	0
neutron	939.565	2.2953	98855.6	0	0
neutron	939.565	1.98181	98855.6	0	0
S32	29773.6	0.245213	98855.6	0	0
neutron	939.565	16.4778	98916.6	0	0
neutron	939.565	3.81649	98916.6	0	0
proton	938.272	2.53811	98916.6	0	0
neutron	939.565	0.0925516	98916.6	0	0
P31	28844.2	0.587425	98916.6	0	0
proton	938.272	24.3785	98936.5	0	0
neutron	939.565	12.0867	98936.5	0	0
F21	19556.7	0.78378	98936.5	0	0
proton	938.272	10.2249	98837.2	0	0
proton	938.272	7.41346	98837.2	0	0
neutron	939.565	1.08429	98837.2	0	0
O20	18629.6	0.832085	98837.2	0	0
Ne23	21414.1	0.227553	98899.2	0	0
neutron	939.565	1.47748	98872.5	0	0
S36	33495	0.0388886	98872.5	0	0
neutron	939.565	0.0554519	98835.8	0	0
S36	33495	0.142014	98835.8	0	0
neutron	939.565	13.1993	98820.4	0	0
neutron	939.565	9.83196	98820.4	0	0
Ne21	19550.5	1.77255	98820.4	0	0
neutron	939.565	1.92016	98823	0	0
Ne22	20479.7	0.103363	98823	0	0
neutron	939.565	0.297569	98833.1	0	0
S34	31632.7	0.204373	98833.1	0	0
neutron	939.565	9.09066	98844.7	0	0
neutron	939.565	3.57868	98844.7	0	0
neutron	939.565	1.73933	98844.7	0	0
S32	29773.6	0.406115	98844.7	0	0
neutron	939.565	0.388424	98832.9	0	0
Ne22	20479.7	0.17983	98832.9	0	0
neutron	939.565	3.32555	98840.1	0	0
S34	31632.7	0.0356198	98840.1	0	0
Ne23	21414.1	0.22204	98889.5	0	0
neutron	939.565	2.24045	98947.4	0	0
Ne22	20479.7	0.349209	98947.4	0	0
neutron	939.565	31.4605	98868.6	0	0
neutron	939.565	6.03702	98868.6	0	0
neutron	939.565	2.95458	98868.6	0	0
Ne20	18617.7	1.01249	98868.6	0	0
neutron	939.565	11.2869	98892.1	0	0
proton	938.272	3.13542	98892.1	0	0
P33	30705.3	0.815513	98892.1	0	0
S35	32565.3	0.150299	98845.9	0	0
proton	938.272	6.14876	98825	0	0
neutron	939.565	1.65395	98825	0	0
neutron	939.565	1.10297	98825	0	0
F20	18625.3	0.743466	98825	0	0
neutron	939.565	1.20652	98848.3	0	0
Ne22	20479.7	0.145748	98848.3	0	0
neutron	939.565	7.11148	98838.5	0	0
neutron	939.565	5.69218	98838.5	0	0
proton	938.272	2.47754	98838.5	0	0
neutron	939.565	1.41801	98838.5	0	0
neutron	939.565	1.41495	98838.5	0	0
F18	16763.2	0.837281	98838.5	0	0
neutron	939.565	2.79603	98800.2	0	0
S34	31632.7	0.20897	98800.2	0	0
S35	32565.3	0.164038	98888.7	0	0
S35	32565.3	0.152195	98825.5	0	0
neutron	939.565	0.56683	98885.2	0	0
S36	33495	0.0988694	98885.2	0	0
S35	32565.3	0.138331	98848.3	0	0
S35	32565.3	0.162273	98832.8	0	0
neutron	939.565	1.00452	98887.1	0	0
S34	31632.7	0.193461	98887.1	0	0
S35	32565.3	0.143888	98814.9	0	0
Ne23	21414.1	0.212646	98866.2	0	0
neutron	939.565	2.32092	98900.5	0	0
S36	33495	0.254514	98900.5	0	0
neutron	939.565	7.01122	98843.5	0	0
neutron	939.565	2.25294	98843.5	0	0
neutron	939.565	2.09219	98843.5	0	0
Ne20	18617.7	1.11879	98843.5	0	0
neutron	939.565	2.95514	98889.8	0	0
alpha	3727.38	8.09668	98889.8	0	0
Si30	27913.2	1.27877	98889.8	0	0
Cl35	32564.6	0.0694681	98851.8	25.9209	25.7634
neutron	939.565	0.611163	98836.6	0	0
Ne22	20479.7	0.209726	98836.6	0	0
neutron	939.565	0.67505	98854.8	0	0
S34	31632.7	0.240065	98854.8	0	0
neutron	939.565	0.290344	98849.7	0	0
S36	33495	0.144493	98849.7	0	0
neutron	939.565	9.21691	98879.1	0	0
alpha	3727.38	4.24165	98879.1	0	0
O18	16762	0.70089	98879.1	0	0
neutron	939.565	7.04356	98881.8	0	0
proton	938.272	5.66575	98881.8	0	0
proton	938.272	4.46904	98881.8	0	0
neutron	939.565	1.03469	98881.8	0	0
Si31	28846.2	0.626795	98881.8	0	0
proton	938.272	24.2684	98878.4	0	0
F22	20491.1	0.827951	98878.4	0	0
Ne23	21414.1	0.221565	98893.4	0	0
neutron	939.565	0.258031	98932.9	0	0
S36	33495	0.193422	98932.9	0	0
proton	938.272	6.08218	98889.7	0	0
neutron	939.565	4.0186	98889.7	0	0
neutron	939.565	3.09726	98889.7	0	0
deuteron	1875.61	8.71257	98889.7	0	0
Si30	27913.2	0.493713	98889.7	0	0
neutron	939.565	33.7882	98938.8	0	0
neutron	939.565	3.28201	98938.8	0	0
neutron	939.565	2.35712	98938.8	0	0
Ne20	18617.7	0.983603	98938.8	0	0
neutron	939.565	2.44429	98862.7	0	0
Ne22	20479.7	0.305595	98862.7	0	0
neutron	939.565	9.29398	98872.9	0	0
neutron	939.565	6.637	98872.9	0	0
neutron	939.565	2.77096	98872.9	0	0
alpha	3727.38	7.20197	98872.9	0	0
O16	14895.1	1.77615	98872.9	0	0
S35	32565.3	0.132336	98863.3	0	0
neutron	939.565	0.119456	98866.3	0	0
Ne22	20479.7	0.257295	98866.3	0	0
S35	32565.3	0.146644	98832.9	0	0
neutron	939.565	0.388154	98897.4	0	0
S34	31632.7	0.107086	98897.4	0	0
neutron	939.565	0.354736	98891.6	0	0
Ne22	20479.7	0.171978	98891.6	0	0
neutron	939.565	13.2955	98873.2	0	0
neutron	939.565	5.82157	98873.2	0	0
proton	938.272	3.93684	98873.2	0	0
proton	938.272	2.96106	98873.2	0	0
neutron	939.565	2.36234	98873.2	0	0
Si30	27913.2	0.906323	98873.2	0	0
Na23	21409.2	0.193777	98997.7	83.5681	83.1714
proton	938.272	20.0406	98861.5	0	0
proton	938.272	7.19537	98861.5	0	0
neutron	939.565	6.49742	98861.5	0	0
neutron	939.565	2.3923	98861.5	0	0
Si31	28846.2	0.995669	98861.5	0	0
S35	32565.3	0.161468	98819.7	0	0
neutron	939.565	6.01468	98847.1	0	0
neutron	939.565	5.26933	98847.1	0	0
neutron	939.565	1.48748	98847.1	0	0
Ne20	18617.7	2.01674	98847.1	0	0
Ne23	21414.1	0.232646	98904.1	0	0
neutron	939.565	0.265821	98796.8	0	0
S36	33495	0.19566	98796.8	0	0
proton	938.272	22.7243	98921.1	0	0
deuteron	1875.61	5.79814	98921.1	0	0
O20	18629.6	2.01491	98921.1	0	0
neutron	939.565	4.90992	98878.3	0	0
Ne22	20479.7	0.773969	98878.3	0	0
neutron	939.565	6.90355	98855.4	0	0
neutron	939.565	0.761228	98855.4	0	0
Ne21	19550.5	0.218651	98855.4	0	0
neutron	939.565	1.38831	98860.3	0	0
Ne22	20479.7	0.448412	98860.3	0	0
neutron	939.565	2.97571	98864.4	0	0
neutron	939.565	0.20267	98864.4	0	0
S35	32565.3	0.293832	98864.4	0	0
neutron	939.565	0.255888	98861.9	0	0
S34	31632.7	0.115155	98861.9	0	0
Ne23	21414.1	0.209421	98831.2	0	0
neutron	939.565	5.48411	98865.3	0	0
neutron	939.565	1.40828	98865.3	0	0
S35	32565.3	0.311964	98865.3	0	0
neutron	939.565	1.28245	98832.9	0	0
Ne22	20479.7	0.483789	98832.9	0	0
S35	32565.3	0.146453	98885.2	0	0
neutron	939.565	11.2333	98855.6	0	0
Ne22	20479.7	1.15591	98855.6	0	0
neutron	939.565	27.0749	98823.7	0	0
neutron	939.565	22.1021	98823.7	0	0
neutron	939.565	1.11516	98823.7	0	0
S34	31632.7	2.02303	98823.7	0	0
Ne23	21414.1	0.229945	98836.5	0	0
S35	32565.3	0.137918	98877.5	0	0
proton	938.272	16.6445	98880.3	0	0
neutron	939.565	6.87287	98880.3	0	0
neutron	939.565	4.13686	98880.3	0	0
neutron	939.565	3.26312	98880.3	0	0
P31	28844.2	0.922798	98880.3	0	0
neutron	939.565	0.456923	98919.3	0	0
S34	31632.7	0.0793014	98919.3	0	0
neutron	939.565	1.38769	98858.2	0	0
S34	31632.7	0.180282	98858.2	0	0
neutron	939.565	7.78725	98887	0	0
neutron	939.565	7.67187	98887	0	0
proton	938.272	4.1592	98887	0	0
neutron	939.565	2.68496	98887	0	0
F19	17692.3	0.209303	98887	0	0
neutron	939.565	4.61312	98823.2	0	0
proton	938.272	2.93201	98823.2	0	0
neutron	939.565	1.14555	98823.2	0	0
neutron	939.565	0.138312	98823.2	0	0
alpha	3727.38	5.44092	98823.2	0	0
N15	13968.9	0.396091	98823.2	0	0
Cl37	34424.8	0.105656	98960.2	52.1767	52.0648
neutron	939.565	1.41996	98913	0	0
Ne22	20479.7	0.148215	98913	0	0
Ne23	21414.1	0.221539	98865.5	0	0
neutron	939.565	22.2298	98881.3	0	0
neutron	939.565	10.1993	98881.3	0	0
proton	938.272	6.01392	98881.3	0	0
neutron	939.565	1.12852	98881.3	0	0
F19	17692.3	2.37052	98881.3	0	0
neutron	939.565	0.203928	98796.2	0	0
Ne22	20479.7	0.311088	98796.2	0	0
neutron	939.565	4.15867	98807	0	0
S36	33495	0.420702	98807	0	0
neutron	939.565	6.1674	98825.4	0	0
neutron	939.565	1.18463	98825.4	0	0
neutron	939.565	1.1136	98825.4	0	0
Ne20	18617.7	0.254953	98825.4	0	0
proton	938.272	23.3576	98838.2	0	0
neutron	939.565	6.33503	98838.2	0	0
neutron	939.565	3.10919	98838.2	0	0
P32	29775.8	0.970484	98838.2	0	0
S35	32565.3	0.139291	98856.7	0	0
neutron	939.565	52.9766	98822.2	0	0
neutron	939.565	19.3482	98822.2	0	0
S35	32565.3	0.473942	98822.2	0	0
neutron	939.565	0.767474	98883.1	0	0
Ne22	20479.7	0.0856143	98883.1	0	0
neutron	939.565	0.754535	98905.8	0	0
Ne22	20479.7	0.248761	98905.8	0	0
Ne23	21414.1	0.231571	98878.7	0	0
Ne23	21414.1	0.203737	98904.4	0	0
neutron	939.565	6.62218	98876.9	0	0
proton	938.272	4.29616	98876.9	0	0
P33	30705.3	0.515332	98876.9	0	0
neutron	939.565	30.8261	98857.2	0	0
neutron	939.565	5.60364	98857.2	0	0
S35	32565.3	0.943612	98857.2	0	0
neutron	939.565	8.23755	98827.4	0	0
neutron	939.565	1.78257	98827.4	0	0
S33	30704.6	0.536379	98827.4	0	0
Ne23	21414.1	0.221179	98821	0	0
neutron	939.565	27.5649	98831.8	0	0
neutron	939.565	3.61577	98831.8	0	0
neutron	939.565	1.55402	98831.8	0	0
Ne20	18617.7	2.60763	98831.8	0	0
Ne23	21414.1	0.198259	98886.6	0	0
neutron	939.565	8.15787	98862.6	0	0
neutron	939.565	7.48897	98862.6	0	0
neutron	939.565	3.90645	98862.6	0	0
neutron	939.565	0.845114	98862.6	0	0
S33	30704.6	0.484222	98862.6	0	0
Ne23	21414.1	0.223839	98848.7	0	0
proton	938.272	6.9898	98882.5	0	0
neutron	939.565	5.23077	98882.5	0	0
neutron	939.565	1.36434	98882.5	0	0
F20	18625.3	0.319381	98882.5	0	0
neutron	939.565	7.05276	98811.7	0	0
neutron	939.565	6.31709	98811.7	0	0
proton	938.272	2.5138	98811.7	0	0
neutron	939.565	0.572008	98811.7	0	0
P31	28844.2	0.466927	98811.7	0	0
neutron	939.565	0.650398	98868.7	0	0
Ne22	20479.7	0.39987	98868.7	0	0
Na23	21409.2	0.137117	99636.8	328.611	327.755
S35	32565.3	0.164736	98829.9	0	0
neutron	939.565	7.72241	98860.8	0	0
neutron	939.565	5.55635	98860.8	0	0
neutron	939.565	4.92168	98860.8	0	0
Ne20	18617.7	0.622915	98860.8	0	0
neutron	939.565	3.17369	98867.4	0	0
neutron	939.565	2.47463	98867.4	0	0
S35	32565.3	0.143274	98867.4	0	0
neutron	939.565	20.3918	98885.7	0	0
neutron	939.565	4.38563	98885.7	0	0
neutron	939.565	1.80402	98885.7	0	0
neutron	939.565	0.378539	98885.7	0	0
S33	30704.6	0.915044	98885.7	0	0
neutron	939.565	2.20558	98827	0	0
S34	31632.7	0.0953636	98827	0	0
Ne23	21414.1	0.228535	98880.7	0	0
proton	938.272	8.84279	98858.2	0	0
neutron	939.565	3.68061	98858.2	0	0
proton	938.272	2.26206	98858.2	0	0
neutron	939.565	2.01623	98858.2	0	0
neutron	939.565	1.90671	98858.2	0	0
neutron	939.565	1.62165	98858.2	0	0
Si29	26984.3	1.47466	98858.2	0	0
neutron	939.565	46.2108	98886.8	0	0
neutron	939.565	8.36677	98886.8	0	0
neutron	939.565	1.06317	98886.8	0	0
neutron	939.565	0.685606	98886.8	0	0
S33	30704.6	1.24914	98886.8	0	0
neutron	939.565	2.42741	98790.4	0	0
S34	31632.7	0.0988153	98790.4	0	0
neutron	939.565	29.1489	98922	0	0
proton	938.272	24.8051	98922	0	0
neutron	939.565	0.197195	98922	0	0
P32	29775.8	0.400338	98922	0	0
Ne23	21414.1	0.213078	98923.5	0	0
neutron	939.565	2.29324	98799.8	0	0
S34	31632.7	0.277019	98799.8	0	0
S35	32565.3	0.155481	98891.3	0	0
neutron	939.565	0.149402	98865.2	0	0
S34	31632.7	0.117183	98865.2	0	0
neutron	939.565	0.906034	98828.6	0	0
S34	31632.7	0.251081	98828.6	0	0
neutron	939.565	6.10494	98872.3	0	0
neutron	939.565	5.42004	98872.3	0	0
neutron	939.565	3.68747	98872.3	0	0
alpha	3727.38	6.05195	98872.3	0	0
O16	14895.1	6.60922	98872.3	0	0
S35	32565.3	0.141816	98892.9	0	0
proton	938.272	36.9222	98921.1	0	0
neutron	939.565	2.00818	98921.1	0	0
neutron	939.565	0.51174	98921.1	0	0
P32	29775.8	0.743413	98921.1	0	0
neutron	939.565	1.07151	98941.6	0	0
Ne22	20479.7	0.128105	98941.6	0	0
neutron	939.565	1.33778	98834.3	0	0
S36	33495	0.1304	98834.3	0	0
Ne23	21414.1	0.224531	98835.9	0	0
neutron	939.565	2.2684	98856	0	0
neutron	939.565	1.58616	98856	0	0
S35	32565.3	0.0428215	98856	0	0
neutron	939.565	0.481868	98833.4	0	0
S36	33495	0.182755	98833.4	0	0
neutron	939.565	25.5381	98874.8	0	0
neutron	939.565	7.38264	98874.8	0	0
neutron	939.565	1.55558	98874.8	0	0
Ne20	18617.7	0.836609	98874.8	0	0
neutron	939.565	0.449581	98907.4	0	0
Ne22	20479.7	0.37219	98907.4	0	0
neutron	939.565	1.75555	98883.8	0	0
S34	31632.7	0.333059	98883.8	0	0
neutron	939.565	0.607921	98859.2	0	0
S34	31632.7	0.123415	98859.2	0	0
neutron	939.565	7.35295	98857.1	0	0
neutron	939.565	6.6566	98857.1	0	0
neutron	939.565	2.83142	98857.1	0	0
S34	31632.7	0.084849	98857.1	0	0
neutron	939.565	0.683412	98833.5	0	0
Ne22	20479.7	0.283383	98833.5	0	0
neutron	939.565	0.888801	98855.5	0	0
Ne22	20479.7	0.176286	98855.5	0	0
neutron	939.565	2.37444	98906.6	0	0
Ne22	20479.7	0.135342	98906.6	0	0
Na23	21409.2	0.200723	99221.7	175.394	174.791
neutron	939.565	6.03477	98905.6	0	0
neutron	939.565	5.24447	98905.6	0	0
neutron	939.565	1.70518	98905.6	0	0
S32	29773.6	0.940164	98905.6	0	0
Ne23	21414.1	0.213876	98840.4	0	0
Ne23	21414.1	0.228317	98837.4	0	0
neutron	939.565	28.2648	98808.1	0	0
neutron	939.565	11.6048	98808.1	0	0
proton	938.272	3.01173	98808.1	0	0
deuteron	1875.61	3.03064	98808.1	0	0
Si30	27913.2	0.0817993	98808.1	0	0
neutron	939.565	0.0695998	98858.5	0	0
S34	31632.7	0.130006	98858.5	0	0
neutron	939.565	6.34159	98811.6	0	0
neutron	939.565	2.21037	98811.6	0	0
Ne21	19550.5	0.234849	98811.6	0	0
S35	32565.3	0.153064	98798.7	0	0
neutron	939.565	8.54151	98885.4	0	0
neutron	939.565	6.89972	98885.4	0	0
neutron	939.565	1.70773	98885.4	0	0
alpha	3727.38	5.77248	98885.4	0	0
O16	14895.1	3.51124	98885.4	0	0
neutron	939.565	2.67685	98839.7	0	0
S34	31632.7	0.394919	98839.7	0	0
neutron	939.565	0.292489	98840.1	0	0
S34	31632.7	0.142145	98840.1	0	0
neutron	939.565	2.85848	98804.6	0	0
S34	31632.7	0.389648	98804.6	0	0
Ne23	21414.1	0.225741	98837.6	0	0
neutron	939.565	6.80228	98829.3	0	0
neutron	939.565	2.59003	98829.3	0	0
neutron	939.565	0.226757	98829.3	0	0
Ne20	18617.7	0.656952	98829.3	0	0
proton	938.272	12.6095	98849.6	0	0
neutron	939.565	3.20379	98849.6	0	0
neutron	939.565	1.3639	98849.6	0	0
neutron	939.565	0.186057	98849.6	0	0
P31	28844.2	0.141901	98849.6	0	0
proton	938.272	11.037	98863.7	0	0
proton	938.272	10.5242	98863.7	0	0
neutron	939.565	5.66512	98863.7	0	0
neutron	939.565	4.80195	98863.7	0	0
neutron	939.565	3.65081	98863.7	0	0
Si32	29776.6	1.51101	98863.7	0	0
neutron	939.565	1.348	98881.8	0	0
S36	33495	0.127589	98881.8	0	0
neutron	939.565	3.77159	98860.4	0	0
neutron	939.565	1.9927	98860.4	0	0
Ne21	19550.5	0.362395	98860.4	0	0
S35	32565.3	0.159286	98886.5	0	0
neutron	939.565	26.1712	98905	0	0
neutron	939.565	3.38607	98905	0	0
neutron	939.565	1.08879	98905	0	0
Ne20	18617.7	2.24245	98905	0	0
neutron	939.565	8.70865	98822.6	0	0
neutron	939.565	5.6506	98822.6	0	0
neutron	939.565	1.18946	98822.6	0	0
S32	29773.6	0.716662	98822.6	0	0
S35	32565.3	0.155734	98857.9	0	0
neutron	939.565	0.205593	98865.8	0	0
Ne22	20479.7	0.151626	98865.8	0	0
proton	938.272	8.69182	98842.3	0	0
proton	938.272	2.87461	98842.3	0	0
neutron	939.565	2.22816	98842.3	0	0
neutron	939.565	0.609513	98842.3	0	0
Si31	28846.2	0.38343	98842.3	0	0
Ne23	21414.1	0.209478	98933.1	0	0
neutron	939.565	0.448192	98839.1	0	0
Ne22	20479.7	0.316552	98839.1	0	0
neutron	939.565	6.01952	98821.7	0	0
S34	31632.7	0.11051	98821.7	0	0
neutron	939.565	27.046	98846.4	0	0
neutron	939.565	6.2541	98846.4	0	0
neutron	939.565	0.350233	98846.4	0	0
Ne20	18617.7	0.811995	98846.4	0	0
neutron	939.565	6.30931	98863.5	0	0
neutron	939.565	0.958236	98863.5	0	0
alpha	3727.38	11.8135	98863.5	0	0
deuteron	1875.61	9.101	98863.5	0	0
Al27	25126.5	1.84229	98863.5	0	0
neutron	939.565	0.266962	98839.6	0	0
S34	31632.7	0.124362	98839.6	0	0
S35	32565.3	0.155755	98891.9	0	0
Ne23	21414.1	0.206296	98829.5	0	0
neutron	939.565	0.443609	98848.4	0	0
Ne22	20479.7	0.199694	98848.4	0	0
S35	32565.3	0.158466	98863.2	0	0
S37	34430.2	0.136039	98848	0	0
proton	938.272	39.0922	98844.1	0	0
neutron	939.565	3.8318	98844.1	0	0
neutron	939.565	0.868964	98844.1	0	0
neutron	939.565	0.37512	98844.1	0	0
P33	30705.3	2.44342	98844.1	0	0
neutron	939.565	5.98871	98836.3	0	0
neutron	939.565	0.955275	98836.3	0	0
neutron	939.565	0.81997	98836.3	0	0
Ne20	18617.7	0.0880784	98836.3	0	0
neutron	939.565	0.0928421	98834.1	0	0
S34	31632.7	0.130395	98834.1	0	0
neutron	939.565	4.46298	98870.6	0	0
proton	938.272	1.65738	98870.6	0	0
triton	2808.92	2.02355	98870.6	0	0
O18	16762	0.587266	98870.6	0	0
neutron	939.565	0.508109	98931.7	0	0
S36	33495	0.0812725	98931.7	0	0
neutron	939.565	2.39631	98881.1	0	0
S34	31632.7	0.238268	98881.1	0	0
neutron	939.565	1.44754	98820	0	0
S34	31632.7	0.0614238	98820	0	0
Ne23	21414.1	0.228489	98855.1	0	0
neutron	939.565	4.06914	98864.7	0	0
neutron	939.565	0.900155	98864.7	0	0
Ne21	19550.5	0.411406	98864.7	0	0
Na23	21409.2	0.174698	99153.1	152.692	151.961
neutron	939.565	5.14805	98895.2	0	0
neutron	939.565	3.59114	98895.2	0	0
neutron	939.565	2.35161	98895.2	0	0
S34	31632.7	0.411008	98895.2	0	0
Ne23	21414.1	0.21212	98890.4	0	0
S35	32565.3	0.156378	98823.4	0	0
Ne23	21414.1	0.202683	98822.1	0	0
neutron	939.565	10.41	98852.9	0	0
proton	938.272	4.55443	98852.9	0	0
proton	938.272	3.68232	98852.9	0	0
neutron	939.565	2.49418	98852.9	0	0
neutron	939.565	0.872358	98852.9	0	0
Si30	27913.2	0.679086	98852.9	0	0
Ne23	21414.1	0.227458	98845.6	0	0
Cl35	32564.6	0.0821156	99309.6	207.855	207.712
neutron	939.565	5.79172	98843	0	0
neutron	939.565	4.25585	98843	0	0
alpha	3727.38	6.22561	98843	0	0
Si29	26984.3	0.827083	98843	0	0
neutron	939.565	0.220054	98820.8	0	0
S36	33495	0.159274	98820.8	0	0
neutron	939.565	0.60954	98863.5	0	0
S34	31632.7	0.185724	98863.5	0	0
neutron	939.565	0.142053	98837.6	0	0
Ne22	20479.7	0.278817	98837.6	0	0
S35	32565.3	0.15749	98853.4	0	0
neutron	939.565	3.01401	98870.2	0	0
S34	31632.7	0.228699	98870.2	0	0
neutron	939.565	0.101098	98877.2	0	0
Ne22	20479.7	0.20476	98877.2	0	0
neutron	939.565	1.17494	98813	0	0
S36	33495	0.0809784	98813	0	0
Cl35	32564.6	0.0761332	99431.4	238.065	237.985
neutron	939.565	1.65123	98882.1	0	0
Ne22	20479.7	0.364605	98882.1	0	0
neutron	939.565	0.18457	98815.5	0	0
Ne22	20479.7	0.19054	98815.5	0	0
neutron	939.565	4.49717	98835.2	0	0
S34	31632.7	0.458809	98835.2	0	0
neutron	939.565	6.69931	98915.5	0	0
neutron	939.565	5.48571	98915.5	0	0
neutron	939.565	2.32012	98915.5	0	0
Ne20	18617.7	0.674999	98915.5	0	0
neutron	939.565	9.79756	98866.7	0	0
neutron	939.565	0.953005	98866.7	0	0
alpha	3727.38	7.83578	98866.7	0	0
Si29	26984.3	0.586062	98866.7	0	0
neutron	939.565	0.0641459	98853.9	0	0
S34	31632.7	0.173907	98853.9	0	0
S35	32565.3	0.13505	98785.8	0	0
neutron	939.565	0.299527	98877.6	0	0
Ne22	20479.7	0.191367	98877.6	0	0
Ne23	21414.1	0.219565	98809.2	0	0
neutron	939.565	1.22599	98830.6	0	0
Ne22	20479.7	0.15132	98830.6	0	0
neutron	939.565	0.342964	98860.4	0	0
S34	31632.7	0.112909	98860.4	0	0
neutron	939.565	1.65594	98845.3	0	0
Ne22	20479.7	0.228725	98845.3	0	0
neutron	939.565	0.327451	98863.7	0	0
S34	31632.7	0.151484	98863.7	0	0
neutron	939.565	0.225729	98924.9	0	0
S34	31632.7	0.166892	98924.9	0	0
Ne23	21414.1	0.218803	98831.3	0	0
Cl37	34424.8	0.0732983	98889.1	23.316	23.0026
neutron	939.565	4.30546	98883	0	0
neutron	939.565	2.97751	98883	0	0
neutron	939.565	0.557227	98883	0	0
S32	29773.6	0.137173	98883	0	0
proton	938.272	7.30267	98859	0	0
neutron	939.565	6.98408	98859	0	0
neutron	939.565	0.512811	98859	0	0
deuteron	1875.61	15.7589	98859	0	0
O18	16762	0.815005	98859	0	0
Ne23	21414.1	0.229627	98836.1	0	0
Ne23	21414.1	0.231863	98832.3	0	0
neutron	939.565	1.34922	98906.5	0	0
Ne22	20479.7	0.299691	98906.5	0	0
neutron	939.565	1.84645	98839	0	0
S34	31632.7	0.152392	98839	0	0
neutron	939.565	33.2752	98863.1	0	0
neutron	939.565	3.72752	98863.1	0	0
neutron	939.565	2.41503	98863.1	0	0
neutron	939.565	2.33127	98863.1	0	0
neutron	939.565	1.35975	98863.1	0	0
S32	29773.6	2.45806	98863.1	0	0
Ne23	21414.1	0.220704	98841.2	0	0
neutron	939.565	0.228839	98836.1	0	0
Ne22	20479.7	0.195852	98836.1	0	0
neutron	939.565	7.68471	98823.7	0	0
neutron	939.565	6.14107	98823.7	0	0
neutron	939.565	0.622734	98823.7	0	0
S32	29773.6	0.551464	98823.7	0	0
Ne23	21414.1	0.233014	98847.2	0	0
Ne23	21414.1	0.220367	98842	0	0
S37	34430.2	0.135511	98864.3	0	0
neutron	939.565	1.63412	98820.2	0	0
neutron	939.565	0.543805	98820.2	0	0
Ne21	19550.5	0.122643	98820.2	0	0
neutron	939.565	0.187281	98898.6	0	0
Ne22	20479.7	0.313554	98898.6	0	0
S35	32565.3	0.161105	98895	0	0
neutron	939.565	0.637429	98910.9	0	0
S34	31632.7	0.262726	98910.9	0	0
neutron	939.565	0.21062	98850.2	0	0
S34	31632.7	0.171173	98850.2	0	0
neutron	939.565	7.63305	98935.8	0	0
neutron	939.565	2.03908	98935.8	0	0
neutron	939.565	0.535863	98935.8	0	0
alpha	3727.38	10.7596	98935.8	0	0
Si30	27913.2	2.01716	98935.8	0	0
neutron	939.565	23.8075	98851.4	0	0
proton	938.272	10.2459	98851.4	0	0
P35	32569.8	0.625756	98851.4	0	0
neutron	939.565	0.624164	98864.3	0	0
Ne22	20479.7	0.0976595	98864.3	0	0
neutron	939.565	2.19797	98855.5	0	0
S34	31632.7	0.158376	98855.5	0	0
Cl35	32564.6	0.121258	99688.6	334.808	334.495
neutron	939.565	5.45716	98853.4	0	0
neutron	939.565	4.72135	98853.4	0	0
Ne21	19550.5	0.176683	98853.4	0	0
neutron	939.565	30.1655	98830.2	0	0
neutron	939.565	0.141229	98830.2	0	0
S33	30704.6	0.661632	98830.2	0	0
Cl37	34424.8	0.0685711	99874.6	394.285	394.126
neutron	939.565	2.31171	98855.9	0	0
Ne22	20479.7	0.47234	98855.9	0	0
proton	938.272	17.4976	98841.1	0	0
neutron	939.565	3.6047	98841.1	0	0
proton	938.272	2.47906	98841.1	0	0
Si32	29776.6	1.34456	98841.1	0	0
Ne23	21414.1	0.199726	98811.3	0	0
neutron	939.565	3.72967	98904.3	0	0
neutron	939.565	3.4558	98904.3	0	0
proton	938.272	3.26543	98904.3	0	0
neutron	939.565	2.93798	98904.3	0	0
proton	938.272	2.92671	98904.3	0	0
Si30	27913.2	1.29049	98904.3	0	0
neutron	939.565	16.6241	98891.9	0	0
neutron	939.565	6.62949	98891.9	0	0
neutron	939.565	6.26372	98891.9	0	0
alpha	3727.38	4.19755	98891.9	0	0
O16	14895.1	1.44058	98891.9	0	0
neutron	939.565	3.71223	98887	0	0
S34	31632.7	0.250644	98887	0	0
neutron	939.565	1.15165	98867.5	0	0
Ne22	20479.7	0.23456	98867.5	0	0
S35	32565.3	0.139069	98899.5	0	0
neutron	939.565	1.48452	98828.2	0	0
neutron	939.565	0.198345	98828.2	0	0
S35	32565.3	0.0379693	98828.2	0	0
Cl37	34424.8	0.0861376	99297.8	194.247	194.161
neutron	939.565	1.38465	98865.9	0	0
S34	31632.7	0.254649	98865.9	0	0
neutron	939.565	0.740377	98870.7	0	0
S34	31632.7	0.105638	98870.7	0	0
Ne23	21414.1	0.215059	98826.4	0	0
Ne23	21414.1	0.216716	98798.4	0	0
proton	938.272	9.63019	98885.2	0	0
neutron	939.565	7.88389	98885.2	0	0
neutron	939.565	7.50097	98885.2	0	0
neutron	939.565	3.51564	98885.2	0	0
neutron	939.565	1.08628	98885.2	0	0
P32	29775.8	0.567217	98885.2	0	0
neutron	939.565	1.24843	98827.3	0	0
S34	31632.7	0.200941	98827.3	0	0
neutron	939.565	0.94928	98876.7	0	0
Ne22	20479.7	0.0768791	98876.7	0	0
Cl35	32564.6	0.193086	99226.4	176.681	176.377
neutron	939.565	0.380333	98879.7	0	0
S34	31632.7	0.192856	98879.7	0	0
neutron	939.565	16.1417	98820.1	0	0
proton	938.272	6.79263	98820.1	0	0
neutron	939.565	5.5779	98820.1	0	0
proton	938.272	2.42167	98820.1	0	0
neutron	939.565	2.17901	98820.1	0	0
Si30	27913.2	0.12313	98820.1	0	0
neutron	939.565	0.449373	98872.8	0	0
S36	33495	0.197667	98872.8	0	0
S35	32565.3	0.152158	98932.5	0	0
neutron	939.565	15.386	98873.7	0	0
alpha	3727.38	5.43705	98873.7	0	0
O18	16762	1.85162	98873.7	0	0
neutron	939.565	16.715	98818	0	0
neutron	939.565	3.38702	98818	0	0
alpha	3727.38	23.4872	98818	0	0
Si29	26984.3	0.863191	98818	0	0
Ne23	21414.1	0.220741	98809.4	0	0
neutron	939.565	1.9455	98827.9	0	0
Ne22	20479.7	0.174526	98827.9	0	0
neutron	939.565	3.99546	98866.9	0	0
neutron	939.565	2.07079	98866.9	0	0
neutron	939.565	1.21419	98866.9	0	0
Ne20	18617.7	0.15684	98866.9	0	0
S35	32565.3	0.15674	98811.5	0	0
proton	938.272	6.31358	98826.1	0	0
neutron	939.565	6.18452	98826.1	0	0
neutron	939.565	4.77886	98826.1	0	0
neutron	939.565	3.72377	98826.1	0	0
neutron	939.565	0.326778	98826.1	0	0
alpha	3727.38	8.006	98826.1	0	0
Al28	26058.3	0.678105	98826.1	0	0
proton	938.272	14.9463	98812.5	0	0
neutron	939.565	9.51306	98812.5	0	0
neutron	939.565	4.19622	98812.5	0	0
proton	938.272	3.57385	98812.5	0	0
neutron	939.565	1.37076	98812.5	0	0
neutron	939.565	0.780154	98812.5	0	0
Si29	26984.3	0.664179	98812.5	0	0
Ne23	21414.1	0.214997	98836.2	0	0
neutron	939.565	1.36272	98853.8	0	0
Ne22	20479.7	0.4412	98853.8	0	0
Ne23	21414.1	0.226889	98838.1	0	0
S35	32565.3	0.161601	98899.3	0	0
Na23	21409.2	0.115115	99650	315.567	315.372
Ne23	21414.1	0.218087	98816.8	0	0
S35	32565.3	0.149905	98866.6	0	0
neutron	939.565	0.805445	98897.8	0	0
Ne22	20479.7	0.284167	98897.8	0	0
neutron	939.565	20.4702	98858.2	0	0
neutron	939.565	19.7762	98858.2	0	0
neutron	939.565	4.0557	98858.2	0	0
alpha	3727.38	3.29376	98858.2	0	0
O16	14895.1	5.00317	98858.2	0	0
Ne23	21414.1	0.223898	98881.3	0	0
Na23	21409.2	0.144287	99688.4	335.719	335.553
Ne23	21414.1	0.21893	98868.9	0	0
S37	34430.2	0.129642	98836.2	0	0
neutron	939.565	6.27106	98815	0	0
neutron	939.565	5.23483	98815	0	0
neutron	939.565	1.1735	98815	0	0
Ne20	18617.7	0.70178	98815	0	0
neutron	939.565	30.6041	98935.6	0	0
neutron	939.565	15.2775	98935.6	0	0
neutron	939.565	2.89256	98935.6	0	0
alpha	3727.38	5.45096	98935.6	0	0
O16	14895.1	3.94175	98935.6	0	0
Ne23	21414.1	0.224304	98819.2	0	0
neutron	939.565	46.025	98843.7	0	0
neutron	939.565	7.58966	98843.7	0	0
neutron	939.565	0.909017	98843.7	0	0
Ne20	18617.7	3.46032	98843.7	0	0
neutron	939.565	0.736615	98898.9	0	0
S36	33495	0.0998844	98898.9	0	0
Ne23	21414.1	0.213689	98844.5	0	0
neutron	939.565	0.077866	98890.8	0	0
S34	31632.7	0.183854	98890.8	0	0
neutron	939.565	9.26396	98851.5	0	0
proton	938.272	3.12528	98851.5	0	0
neutron	939.565	2.50267	98851.5	0	0
deuteron	1875.61	6.30199	98851.5	0	0
Si30	27913.2	0.595977	98851.5	0	0
neutron	939.565	0.43423	98900.1	0	0
S34	31632.7	0.202429	98900.1	0	0
proton	938.272	17.6727	98879.4	0	0
neutron	939.565	6.29141	98879.4	0	0
neutron	939.565	4.40177	98879.4	0	0
neutron	939.565	0.994182	98879.4	0	0
P33	30705.3	0.613095	98879.4	0	0
neutron	939.565	2.42112	98848.2	0	0
Ne22	20479.7	0.304001	98848.2	0	0
Cl35	32564.6	0.11626	99274.7	182.245	182.087
Ne23	21414.1	0.220643	98845.1	0	0
neutron	939.565	3.13626	98849.3	0	0
neutron	939.565	0.703286	98849.3	0	0
neutron	939.565	0.556318	98849.3	0	0
S32	29773.6	0.0244157	98849.3	0	0
neutron	939.565	9.51833	98779.2	0	0
neutron	939.565	8.4649	98779.2	0	0
proton	938.272	7.782	98779.2	0	0
neutron	939.565	6.5523	98779.2	0	0
deuteron	1875.61	6.8632	98779.2	0	0
Si29	26984.3	1.15823	98779.2	0	0
Ne23	21414.1	0.231083	98883.7	0	0
neutron	939.565	17.5648	98843.7	0	0
neutron	939.565	1.05529	98843.7	0	0
neutron	939.565	0.863121	98843.7	0	0
alpha	3727.38	6.42413	98843.7	0	0
Si30	27913.2	3.636	98843.7	0	0
neutron	939.565	2.58185	98815.3	0	0
neutron	939.565	2.30959	98815.3	0	0
Ne21	19550.5	0.982027	98815.3	0	0
neutron	939.565	3.04981	98830.5	0	0
neutron	939.565	2.47948	98830.5	0	0
neutron	939.565	1.25009	98830.5	0	0
Ne20	18617.7	0.114638	98830.5	0	0
neutron	939.565	3.38611	98846.2	0	0
neutron	939.565	2.63454	98846.2	0	0
neutron	939.565	2.28626	98846.2	0	0
alpha	3727.38	4.03753	98846.2	0	0
O16	14895.1	1.46205	98846.2	0	0
neutron	939.565	33.8404	98807.8	0	0
Ne22	20479.7	1.19888	98807.8	0	0
neutron	939.565	7.12454	98916.5	0	0
neutron	939.565	6.03962	98916.5	0	0
neutron	939.565	3.47286	98916.5	0	0
Ne20	18617.7	0.0747106	98916.5	0	0
neutron	939.565	4.41588	98911.6	0	0
S34	31632.7	0.0459151	98911.6	0	0
Ne23	21414.1	0.217889	98832.5	0	0
neutron	939.565	10.9349	98885.6	0	0
neutron	939.565	0.598777	98885.6	0	0
S35	32565.3	0.438273	98885.6	0	0
neutron	939.565	0.270796	98850.7	0	0
Ne22	20479.7	0.258299	98850.7	0	0
S35	32565.3	0.156097	98855.1	0	0
neutron	939.565	1.99341	98833.9	0	0
neutron	939.565	1.61819	98833.9	0	0
neutron	939.565	0.22114	98833.9	0	0
deuteron	1875.61	11.4924	98833.9	0	0
deuteron	1875.61	9.92617	98833.9	0	0
alpha	3727.38	6.2817	98833.9	0	0
C12	11174.9	1.64353	98833.9	0	0
Ne23	21414.1	0.224645	98849.1	0	0
proton	938.272	28.0577	98868.4	0	0
neutron	939.565	1.93356	98868.4	0	0
P33	30705.3	0.561834	98868.4	0	0
neutron	939.565	0.896085	98872.7	0	0
S34	31632.7	0.252556	98872.7	0	0
neutron	939.565	1.32218	98825.8	0	0
S34	31632.7	0.0352047	98825.8	0	0
Na23	21409.2	0.401615	99167.6	162.083	161.536
neutron	939.565	1.69121	98861.7	0	0
neutron	939.565	1.57157	98861.7	0	0
S33	30704.6	0.240434	98861.7	0	0
neutron	939.565	10.8497	98901.5	0	0
neutron	939.565	8.07778	98901.5	0	0
neutron	939.565	2.19155	98901.5	0	0
neutron	939.565	1.45234	98901.5	0	0
S33	30704.6	0.315179	98901.5	0	0
neutron	939.565	10.8824	98812	0	0
neutron	939.565	7.19835	98812	0	0
neutron	939.565	0.802949	98812	0	0
alpha	3727.38	4.75582	98812	0	0
O16	14895.1	1.61124	98812	0	0
neutron	939.565	6.76071	98868.7	0	0
proton	938.272	5.56741	98868.7	0	0
neutron	939.565	4.29605	98868.7	0	0
neutron	939.565	1.26444	98868.7	0	0
F19	17692.3	0.348121	98868.7	0	0
neutron	939.565	4.22411	98851.4	0	0
neutron	939.565	0.324265	98851.4	0	0
Ne21	19550.5	0.136048	98851.4	0	0
Cl35	32564.6	0.0734298	99052.4	98.9892	98.7595
neutron	939.565	1.17173	98908.9	0	0
S34	31632.7	0.265687	98908.9	0	0
neutron	939.565	0.810481	98790.7	0	0
S34	31632.7	0.145412	98790.7	0	0
neutron	939.565	0.164145	98882.2	0	0
S34	31632.7	0.18004	98882.2	0	0
proton	938.272	23.8392	98858.5	0	0
neutron	939.565	3.80619	98858.5	0	0
neutron	939.565	0.862908	98858.5	0	0
P32	29775.8	1.40368	98858.5	0	0
proton	938.272	13.8563	98850.7	0	0
neutron	939.565	3.56715	98850.7	0	0
neutron	939.565	3.08353	98850.7	0	0
neutron	939.565	1.14682	98850.7	0	0
F19	17692.3	0.1976	98850.7	0	0
S37	34430.2	0.141558	98810.6	0	0
S35	32565.3	0.160977	98874.4	0	0
Ne23	21414.1	0.213859	98802.7	0	0
Cl37	34424.8	0.806679	98873.1	57.2111	56.371
Ne23	21414.1	0.215068	98927.2	0	0
Ne23	21414.1	0.224667	98869.1	0	0
neutron	939.565	1.5479	98858	0	0
S34	31632.7	0.0444871	98858	0	0
Ne23	21414.1	0.234459	98920.6	0	0
S35	32565.3	0.16164	98886.2	0	0
proton	938.272	18.9742	98816.5	0	0
neutron	939.565	6.66945	98816.5	0	0
neutron	939.565	6.04798	98816.5	0	0
P34	31638.6	0.192782	98816.5	0	0
neutron	939.565	8.76458	98857.7	0	0
proton	938.272	6.72661	98857.7	0	0
F21	19556.7	0.671071	98857.7	0	0
neutron	939.565	1.44715	98880.5	0	0
S34	31632.7	0.124526	98880.5	0	0
neutron	939.565	2.12845	98843.7	0	0
Ne22	20479.7	0.213431	98843.7	0	0
neutron	939.565	21.2132	98804.5	0	0
neutron	939.565	3.93089	98804.5	0	0
neutron	939.565	0.615739	98804.5	0	0
Ne20	18617.7	0.902359	98804.5	0	0
Ne23	21414.1	0.206117	98900.8	0	0
neutron	939.565	0.473991	98860	0	0
Ne22	20479.7	0.365034	98860	0	0
neutron	939.565	0.680683	98837.9	0	0
S36	33495	0.179652	98837.9	0	0
neutron	939.565	1.3267	98878.2	0	0
S36	33495	0.251003	98878.2	0	0
Ne23	21414.1	0.229656	98866.2	0	0
proton	938.272	22.006	98851.8	0	0
neutron	939.565	5.90525	98851.8	0	0
P33	30705.3	0.573079	98851.8	0	0
neutron	939.565	0.235124	98816.3	0	0
S34	31632.7	0.124935	98816.3	0	0
neutron	939.565	8.59316	98883.4	0	0
proton	938.272	6.23722	98883.4	0	0
neutron	939.565	4.78219	98883.4	0	0
neutron	939.565	4.5636	98883.4	0	0
alpha	3727.38	4.30764	98883.4	0	0
N15	13968.9	3.41717	98883.4	0	0
neutron	939.565	27.4081	98897.1	0	0
proton	938.272	8.3609	98897.1	0	0
P35	32569.8	0.231116	98897.1	0	0
neutron	939.565	1.04749	98905.4	0	0
S36	33495	0.179944	98905.4	0	0
neutron	939.565	8.76612	98901.2	0	0
neutron	939.565	0.594156	98901.2	0	0
neutron	939.565	0.146072	98901.2	0	0
alpha	3727.38	4.8152	98901.2	0	0
O16	14895.1	1.84902	98901.2	0	0
neutron	939.565	0.810614	98882.3	0	0
S34	31632.7	0.250966	98882.3	0	0
neutron	939.565	1.63293	98880.5	0	0
Ne22	20479.7	0.215538	98880.5	0	0
neutron	939.565	6.78458	98838.7	0	0
neutron	939.565	6.60636	98838.7	0	0
neutron	939.565	2.59479	98838.7	0	0
neutron	939.565	0.871209	98838.7	0	0
S33	30704.6	0.931467	98838.7	0	0
S37	34430.2	0.13976	98777.8	0	0
neutron	939.565	0.904605	98823.6	0	0
S36	33495	0.0804937	98823.6	0	0
neutron	939.565	0.888966	98820.6	0	0
S36	33495	0.17597	98820.6	0	0
neutron	939.565	5.63979	98903.8	0	0
proton	938.272	5.20565	98903.8	0	0
proton	938.272	3.23277	98903.8	0	0
Si32	29776.6	0.335898	98903.8	0	0
Cl35	32564.6	0.153269	99085.5	107.266	107.098
neutron	939.565	0.391262	98833.7	0	0
Ne22	20479.7	0.311185	98833.7	0	0
neutron	939.565	9.08023	98863.7	0	0
neutron	939.565	5.32125	98863.7	0	0
neutron	939.565	0.405503	98863.7	0	0
Ne20	18617.7	0.118029	98863.7	0	0
neutron	939.565	0.11184	98887.7	0	0
S34	31632.7	0.114428	98887.7	0	0
S35	32565.3	0.157533	98881.4	0	0
neutron	939.565	1.40241	98906.3	0	0
Ne22	20479.7	0.138176	98906.3	0	0
neutron	939.565	19.4107	98900.4	0	0
neutron	939.565	0.447804	98900.4	0	0
neutron	939.565	0.327135	98900.4	0	0
S34	31632.7	0.702708	98900.4	0	0
neutron	939.565	0.508896	98812.2	0	0
Ne22	20479.7	0.316534	98812.2	0	0
neutron	939.565	0.888455	98840.2	0	0
Ne22	20479.7	0.0704799	98840.2	0	0
proton	938.272	28.068	98860.6	0	0
neutron	939.565	4.18479	98860.6	0	0
neutron	939.565	0.495278	98860.6	0	0
P34	31638.6	1.01901	98860.6	0	0
neutron	939.565	22.609	98877.9	0	0
neutron	939.565	2.90048	98877.9	0	0
neutron	939.565	1.39551	98877.9	0	0
Ne20	18617.7	0.648585	98877.9	0	0
neutron	939.565	43.7841	98835.5	0	0
proton	938.272	7.48433	98835.5	0	0
neutron	939.565	1.66614	98835.5	0	0
P32	29775.8	1.19054	98835.5	0	0
neutron	939.565	8.75804	98827.6	0	0
proton	938.272	3.89503	98827.6	0	0
proton	938.272	2.15488	98827.6	0	0
O20	18629.6	0.602645	98827.6	0	0
Ne23	21414.1	0.232729	98804.3	0	0
neutron	939.565	5.21016	98874.1	0	0
neutron	939.565	3.63187	98874.1	0	0
neutron	939.565	1.43987	98874.1	0	0
alpha	3727.38	5.0717	98874.1	0	0
O16	14895.1	3.4209	98874.1	0	0
Cl37	34424.8	0.109922	99590.6	299.369	299.156
neutron	939.565	10.1789	98859.5	0	0
neutron	939.565	4.99105	98859.5	0	0
neutron	939.565	1.8444	98859.5	0	0
alpha	3727.38	6.26082	98859.5	0	0
Si30	27913.2	2.37874	98859.5	0	0
Ne23	21414.1	0.220656	98818.8	0	0
Na23	21409.2	0.218268	99274.4	190.673	190.435
neutron	939.565	22.7808	98911.1	0	0
proton	938.272	22.2072	98911.1	0	0
neutron	939.565	0.147088	98911.1	0	0
F20	18625.3	0.375048	98911.1	0	0
proton	938.272	3.58352	98910.9	0	0
neutron	939.565	2.74765	98910.9	0	0
neutron	939.565	2.08867	98910.9	0	0
P32	29775.8	0.329035	98910.9	0	0
proton	938.272	33.6959	98838	0	0
neutron	939.565	4.24086	98838	0	0
proton	938.272	3.34805	98838	0	0
neutron	939.565	0.501262	98838	0	0
neutron	939.565	0.375456	98838	0	0
Si30	27913.2	1.246	98838	0	0
S37	34430.2	0.142063	98810.5	0	0
S35	32565.3	0.135871	98875.9	0	0
Cl35	32564.6	0.0847173	99064.7	135.773	134.695
Ne23	21414.1	0.222464	98809.3	0	0
neutron	939.565	19.2819	98872.4	0	0
neutron	939.565	3.26151	98872.4	0	0
neutron	939.565	3.22831	98872.4	0	0
S32	29773.6	1.38937	98872.4	0	0
neutron	939.565	11.6585	98867.9	0	0
neutron	939.565	5.4123	98867.9	0	0
neutron	939.565	5.12312	98867.9	0	0
neutron	939.565	2.31749	98867.9	0	0
alpha	3727.38	7.051	98867.9	0	0
O15	13971.2	1.32503	98867.9	0	0
neutron	939.565	20.8655	98839	0	0
neutron	939.565	2.76815	98839	0	0
neutron	939.565	1.46784	98839	0	0
alpha	3727.38	11.3036	98839	0	0
O16	14895.1	0.781976	98839	0	0
neutron	939.565	0.405363	98955.8	0	0
neutron	939.565	0.0812775	98955.8	0	0
neutron	939.565	0.0198376	98955.8	0	0
S34	31632.7	0.0553115	98955.8	0	0
neutron	939.565	16.7547	98864.7	0	0
neutron	939.565	6.45852	98864.7	0	0
neutron	939.565	1.61351	98864.7	0	0
alpha	3727.38	9.33319	98864.7	0	0
O16	14895.1	0.530611	98864.7	0	0
neutron	939.565	0.447562	98848.6	0	0
S34	31632.7	0.135338	98848.6	0	0
neutron	939.565	0.0819787	98870.8	0	0
Ne22	20479.7	0.217101	98870.8	0	0
neutron	939.565	2.24208	98808.8	0	0
neutron	939.565	1.00779	98808.8	0	0
Ne21	19550.5	0.458369	98808.8	0	0
neutron	939.565	0.0846178	98829.1	0	0
Ne22	20479.7	0.184231	98829.1	0	0
neutron	939.565	0.279736	98835.9	0	0
S34	31632.7	0.199319	98835.9	0	0
neutron	939.565	1.09743	98887.6	0	0
neutron	939.565	0.221413	98887.6	0	0
S33	30704.6	0.0663345	98887.6	0	0
S35	32565.3	0.158739	98874.2	0	0
neutron	939.565	3.51127	98902.8	0	0
S34	31632.7	0.46203	98902.8	0	0
neutron	939.565	1.13845	98843.9	0	0
S36	33495	0.255825	98843.9	0	0
Ne23	21414.1	0.218493	98826.7	0	0
neutron	939.565	13.8355	98818.1	0	0
proton	938.272	3.59379	98818.1	0	0
neutron	939.565	0.831873	98818.1	0	0
neutron	939.565	0.56019	98818.1	0	0
P31	28844.2	0.261277	98818.1	0	0
neutron	939.565	1.92278	98885.1	0	0
S36	33495	0.222443	98885.1	0	0
neutron	939.565	0.22293	98835.2	0	0
S34	31632.7	0.124529	98835.2	0	0
Cl37	34424.8	0.135375	99199.9	165.375	165.12
proton	938.272	9.32237	98869.5	0	0
neutron	939.565	1.92483	98869.5	0	0
F21	19556.7	1.25057	98869.5	0	0
S35	32565.3	0.153554	98797.4	0	0
Ne23	21414.1	0.217893	98906.5	0	0
S35	32565.3	0.140647	98967.9	0	0
neutron	939.565	35.7861	98899.6	0	0
neutron	939.565	7.00087	98899.6	0	0
neutron	939.565	3.15261	98899.6	0	0
alpha	3727.38	4.86368	98899.6	0	0
O16	14895.1	2.30488	98899.6	0	0
neutron	939.565	0.234273	98868.9	0	0
S34	31632.7	0.135506	98868.9	0	0
Ne23	21414.1	0.23168	98808.7	0	0
Ne23	21414.1	0.217574	98853.6	0	0
Cl35	32564.6	0.103712	99109.7	144.481	144.23
neutron	939.565	1.53541	98830.8	0	0
S34	31632.7	0.283981	98830.8	0	0
S35	32565.3	0.147235	98840.3	0	0
neutron	939.565	0.17793	98952.9	0	0
S34	31632.7	0.189127	98952.9	0	0
neutron	939.565	0.343085	98837.5	0	0
S34	31632.7	0.0896832	98837.5	0	0
neutron	939.565	1.12557	98823.2	0	0
Ne22	20479.7	0.170525	98823.2	0	0
neutron	939.565	8.50004	98838.9	0	0
neutron	939.565	3.27066	98838.9	0	0
Ne21	19550.5	0.508561	98838.9	0	0
neutron	939.565	0.401213	98916	0	0
Ne22	20479.7	0.263156	98916	0	0
Na23	21409.2	0.712123	99583.9	294.611	293.797
neutron	939.565	0.804369	98856.8	0	0
S36	33495	0.204548	98856.8	0	0
neutron	939.565	0.110264	98920.4	0	0
Ne22	20479.7	0.247266	98920.4	0	0
neutron	939.565	2.33582	98912.2	0	0
neutron	939.565	1.90691	98912.2	0	0
neutron	939.565	0.662042	98912.2	0	0
S34	31632.7	0.324066	98912.2	0	0
S35	32565.3	0.135793	98843.3	0	0
Ne23	21414.1	0.230182	98861.5	0	0
S35	32565.3	0.156912	98842.2	0	0
Cl35	32564.6	0.33312	99656.3	327.056	326.53
Ne23	21414.1	0.201666	98898.5	0	0
neutron	939.565	9.78436	98817	0	0
proton	938.272	7.40767	98817	0	0
proton	938.272	3.52291	98817	0	0
neutron	939.565	2.47985	98817	0	0
neutron	939.565	0.885175	98817	0	0
Si30	27913.2	0.116423	98817	0	0
neutron	939.565	2.69449	98872.3	0	0
S34	31632.7	0.276336	98872.3	0	0
neutron	939.565	3.76854	98821.3	0	0
neutron	939.565	0.714567	98821.3	0	0
S33	30704.6	0.169234	98821.3	0	0
S37	34430.2	0.139169	98831.9	0	0
neutron	939.565	0.455764	98895.1	0	0
Ne22	20479.7	0.21927	98895.1	0	0
neutron	939.565	6.1156	98860	0	0
S34	31632.7	0.0195467	98860	0	0
Ne23	21414.1	0.225526	98888.2	0	0
neutron	939.565	11.2331	98900.5	0	0
neutron	939.565	10.2264	98900.5	0	0
neutron	939.565	0.391347	98900.5	0	0
S34	31632.7	0.724172	98900.5	0	0
S37	34430.2	0.145298	98823.1	0	0
neutron	939.565	7.69746	98881.8	0	0
neutron	939.565	0.86451	98881.8	0	0
neutron	939.565	0.384813	98881.8	0	0
alpha	3727.38	4.60541	98881.8	0	0
O16	14895.1	0.392448	98881.8	0	0
S35	32565.3	0.15098	98881.9	0	0
neutron	939.565	5.36887	98834.8	0	0
neutron	939.565	1.92488	98834.8	0	0
Ne21	19550.5	0.101	98834.8	0	0
proton	938.272	8.11207	98867.9	0	0
neutron	939.565	2.14152	98867.9	0	0
neutron	939.565	0.946108	98867.9	0	0
P32	29775.8	0.262554	98867.9	0	0
S35	32565.3	0.138824	98879.2	0	0
Ne23	21414.1	0.223099	98833	0	0
neutron	939.565	3.64815	98883.4	0	0
proton	938.272	2.72703	98883.4	0	0
P33	30705.3	0.702915	98883.4	0	0
neutron	939.565	7.10717	98868.1	0	0
S34	31632.7	0.175182	98868.1	0	0
proton	938.272	6.1643	98859.8	0	0
neutron	939.565	4.65405	98859.8	0	0
neutron	939.565	4.34904	98859.8	0	0
neutron	939.565	2.85179	98859.8	0	0
proton	938.272	2.55276	98859.8	0	0
Si30	27913.2	1.40643	98859.8	0	0
Ne23	21414.1	0.199943	98878.2	0	0
Ne23	21414.1	0.209304	98807	0	0
neutron	939.565	0.29644	98847.1	0	0
S34	31632.7	0.125416	98847.1	0	0
neutron	939.565	0.516997	98835.4	0	0
S34	31632.7	0.119225	98835.4	0	0
neutron	939.565	0.965037	98895.7	0	0
S34	31632.7	0.054794	98895.7	0	0
Ne23	21414.1	0.212371	98876.5	0	0
neutron	939.565	2.28451	98854.3	0	0
Ne22	20479.7	0.0901081	98854.3	0	0
neutron	939.565	26.6965	98835.2	0	0
proton	938.272	22.1629	98835.2	0	0
neutron	939.565	1.57939	98835.2	0	0
P32	29775.8	1.18396	98835.2	0	0
neutron	939.565	2.75509	98818.4	0	0
Ne22	20479.7	0.514663	98818.4	0	0
neutron	939.565	0.543278	98847	0	0
Ne22	20479.7	0.213044	98847	0	0
neutron	939.565	5.94428	98809.3	0	0
neutron	939.565	5.51592	98809.3	0	0
neutron	939.565	5.24504	98809.3	0	0
alpha	3727.38	9.66707	98809.3	0	0
O16	14895.1	1.32179	98809.3	0	0
neutron	939.565	15.2386	98857.7	0	0
neutron	939.565	2.04763	98857.7	0	0
neutron	939.565	1.54491	98857.7	0	0
Ne20	18617.7	0.87035	98857.7	0	0
Ne23	21414.1	0.226938	98810	0	0
neutron	939.565	31.8912	98861.9	0	0
proton	938.272	14.7146	98861.9	0	0
neutron	939.565	5.6835	98861.9	0	0
neutron	939.565	3.24965	98861.9	0	0
P31	28844.2	1.90753	98861.9	0	0
Ne23	21414.1	0.228547	98900.6	0	0
neutron	939.565	0.134617	98899	0	0
S34	31632.7	0.187612	98899	0	0
Ne23	21414.1	0.22784	98895.3	0	0
Ne23	21414.1	0.212302	98842.8	0	0
neutron	939.565	2.71193	98796.1	0	0
S34	31632.7	0.352573	98796.1	0	0
neutron	939.565	0.37555	98888.4	0	0
Ne22	20479.7	0.115231	98888.4	0	0
neutron	939.565	4.6744	98808.9	0	0
neutron	939.565	4.29005	98808.9	0	0
neutron	939.565	3.79022	98808.9	0	0
proton	938.272	3.59064	98808.9	0	0
alpha	3727.38	3.91741	98808.9	0	0
N15	13968.9	1.27611	98808.9	0	0
neutron	939.565	36.1475	98807.3	0	0
neutron	939.565	2.41004	98807.3	0	0
Ne21	19550.5	0.685579	98807.3	0	0
neutron	939.565	3.38314	98906.1	0	0
neutron	939.565	1.49178	98906.1	0	0
S33	30704.6	0.140116	98906.1	0	0
neutron	939.565	10.3399	98848.2	0	0
proton	938.272	6.79916	98848.2	0	0
neutron	939.565	3.73097	98848.2	0	0
neutron	939.565	3.55925	98848.2	0	0
proton	938.272	3.0426	98848.2	0	0
Si30	27913.2	1.15728	98848.2	0	0
neutron	939.565	9.25678	98874.4	0	0
neutron	939.565	2.44742	98874.4	0	0
He3	2808.39	6.05145	98874.4	0	0
Si30	27913.2	0.186631	98874.4	0	0
neutron	939.565	27.4364	98891.2	0	0
proton	938.272	7.74406	98891.2	0	0
neutron	939.565	3.02096	98891.2	0	0
proton	938.272	2.77722	98891.2	0	0
Si31	28846.2	0.383124	98891.2	0	0
neutron	939.565	6.47922	98892.5	0	0
neutron	939.565	3.65445	98892.5	0	0
Ne21	19550.5	0.577806	98892.5	0	0
Ne23	21414.1	0.228262	98853.6	0	0
neutron	939.565	6.35545	98912.6	0	0
proton	938.272	4.32734	98912.6	0	0
neutron	939.565	3.51569	98912.6	0	0
neutron	939.565	2.04051	98912.6	0	0
P31	28844.2	0.302987	98912.6	0	0
neutron	939.565	0.646401	98812.8	0	0
Ne22	20479.7	0.211057	98812.8	0	0
neutron	939.565	2.06692	98854.5	0	0
Ne22	20479.7	0.0489244	98854.5	0	0
neutron	939.565	8.92543	98846.7	0	0
alpha	3727.38	6.2536	98846.7	0	0
O18	16762	1.73668	98846.7	0	0
Ne23	21414.1	0.220188	98847.5	0	0
neutron	939.565	0.957606	98831.9	0	0
S34	31632.7	0.276627	98831.9	0	0
Cl35	32564.6	0.220418	99828.8	367.348	366.614
neutron	939.565	2.56214	98883.4	0	0
neutron	939.565	1.81092	98883.4	0	0
neutron	939.565	0.809787	98883.4	0	0
S34	31632.7	0.129619	98883.4	0	0
neutron	939.565	8.35989	98864.9	0	0
neutron	939.565	2.47092	98864.9	0	0
neutron	939.565	1.04384	98864.9	0	0
alpha	3727.38	3.90372	98864.9	0	0
O16	14895.1	2.11932	98864.9	0	0
neutron	939.565	2.10763	98834.2	0	0
S34	31632.7	0.321732	98834.2	0	0
neutron	939.565	6.0128	98920.9	0	0
neutron	939.565	4.91391	98920.9	0	0
Ne21	19550.5	0.355396	98920.9	0	0
Ne23	21414.1	0.224529	98839.3	0	0
neutron	939.565	0.821514	98848.6	0	0
S36	33495	0.162554	98848.6	0	0
neutron	939.565	34.8672	98860.1	0	0
neutron	939.565	8.57672	98860.1	0	0
neutron	939.565	2.47732	98860.1	0	0
alpha	3727.38	4.11621	98860.1	0	0
O16	14895.1	2.3175	98860.1	0	0
Ne23	21414.1	0.221589	98876.5	0	0
neutron	939.565	3.2693	98867.1	0	0
neutron	939.565	1.31397	98867.1	0	0
neutron	939.565	0.356723	98867.1	0	0
S34	31632.7	0.451586	98867.1	0	0
neutron	939.565	0.63494	98900.5	0	0
S34	31632.7	0.0654916	98900.5	0	0
neutron	939.565	0.804993	98832.7	0	0
Ne22	20479.7	0.113515	98832.7	0	0
Na23	21409.2	0.485422	99733.2	353.539	352.925
neutron	939.565	4.73161	98815.8	0	0
neutron	939.565	2.32905	98815.8	0	0
neutron	939.565	1.80908	98815.8	0	0
S34	31632.7	0.64829	98815.8	0	0
neutron	939.565	1.59292	98832.6	0	0
S34	31632.7	0.099896	98832.6	0	0
neutron	939.565	0.964805	98801.4	0	0
Ne22	20479.7	0.247094	98801.4	0	0
neutron	939.565	6.89496	98839	0	0
neutron	939.565	0.186502	98839	0	0
S33	30704.6	0.128303	98839	0	0
Ne23	21414.1	0.218861	98862.8	0	0
Ne23	21414.1	0.232163	98852.7	0	0
neutron	939.565	0.505275	98808.9	0	0
Ne22	20479.7	0.211652	98808.9	0	0
neutron	939.565	7.11025	98875.6	0	0
neutron	939.565	6.66859	98875.6	0	0
proton	938.272	5.19869	98875.6	0	0
neutron	939.565	2.24886	98875.6	0	0
P31	28844.2	0.509812	98875.6	0	0
S37	34430.2	0.14396	98908.2	0	0
neutron	939.565	11.3761	98802.7	0	0
neutron	939.565	10.0416	98802.7	0	0
proton	938.272	6.3595	98802.7	0	0
neutron	939.565	2.09143	98802.7	0	0
F19	17692.3	1.41424	98802.7	0	0
neutron	939.565	1.15527	98806.4	0	0
S36	33495	0.259616	98806.4	0	0
Ne23	21414.1	0.216531	98881.3	0	0
neutron	939.565	4.72101	98882.9	0	0
neutron	939.565	1.22241	98882.9	0	0
neutron	939.565	0.130028	98882.9	0	0
S34	31632.7	0.28716	98882.9	0	0
neutron	939.565	0.621429	98846.3	0	0
Ne22	20479.7	0.109488	98846.3	0	0
neutron	939.565	0.347564	98840.4	0	0
S34	31632.7	0.115481	98840.4	0	0
neutron	939.565	16.0165	98857.5	0	0
neutron	939.565	11.2901	98857.5	0	0
neutron	939.565	3.88704	98857.5	0	0
alpha	3727.38	5.82148	98857.5	0	0
O16	14895.1	0.519734	98857.5	0	0
proton	938.272	16.7282	98838.2	0	0
neutron	939.565	7.68675	98838.2	0	0
neutron	939.565	2.35779	98838.2	0	0
neutron	939.565	1.43168	98838.2	0	0
P31	28844.2	1.67792	98838.2	0	0
neutron	939.565	0.309396	98837.6	0	0
S34	31632.7	0.16955	98837.6	0	0
Ne23	21414.1	0.22693	98833.5	0	0
neutron	939.565	3.35814	98854.1	0	0
S34	31632.7	0.0724335	98854.1	0	0
neutron	939.565	0.232649	98817.3	0	0
S34	31632.7	0.125562	98817.3	0	0
neutron	939.565	0.0811862	98892.6	0	0
S34	31632.7	0.120418	98892.6	0	0
neutron	939.565	5.03205	98801.6	0	0
neutron	939.565	1.35609	98801.6	0	0
deuteron	1875.61	3.0431	98801.6	0	0
F19	17692.3	0.773913	98801.6	0	0
neutron	939.565	27.6352	98887.7	0	0
neutron	939.565	5.72768	98887.7	0	0
neutron	939.565	4.26717	98887.7	0	0
Ne20	18617.7	0.443357	98887.7	0	0
S35	32565.3	0.152453	98832.2	0	0
Ne23	21414.1	0.228118	98888.4	0	0
Ne23	21414.1	0.226243	98825.3	0	0
Ne23	21414.1	0.230178	98832.2	0	0
neutron	939.565	1.11976	98863.3	0	0
Ne22	20479.7	0.201042	98863.3	0	0
Ne23	21414.1	0.214566	98833.2	0	0
neutron	939.565	1.21451	98837	0	0
S36	33495	0.121651	98837	0	0
S35	32565.3	0.153198	98830.3	0	0
Cl35	32564.6	0.0833491	99971	434.797	434.554
S35	32565.3	0.130071	98842.9	0	0
neutron	939.565	1.72979	98872.4	0	0
S34	31632.7	0.200757	98872.4	0	0
neutron	939.565	6.32192	98810.2	0	0
proton	938.272	4.76855	98810.2	0	0
neutron	939.565	4.66088	98810.2	0	0
neutron	939.565	3.98387	98810.2	0	0
proton	938.272	2.59421	98810.2	0	0
neutron	939.565	1.67569	98810.2	0	0
Si29	26984.3	0.557242	98810.2	0	0
neutron	939.565	3.21244	98860.2	0	0
neutron	939.565	2.48395	98860.2	0	0
deuteron	1875.61	17.6198	98860.2	0	0
alpha	3727.38	4.78002	98860.2	0	0
N15	13968.9	3.79654	98860.2	0	0
neutron	939.565	16.8769	98833.4	0	0
proton	938.272	8.3861	98833.4	0	0
proton	938.272	3.04036	98833.4	0	0
Si32	29776.6	0.648923	98833.4	0	0
neutron	939.565	0.97179	98854.6	0	0
Ne22	20479.7	0.0724804	98854.6	0	0
proton	938.272	13.8658	98872.6	0	0
neutron	939.565	9.05758	98872.6	0	0
neutron	939.565	0.275427	98872.6	0	0
F20	18625.3	0.73249	98872.6	0	0
neutron	939.565	1.24255	98852.2	0	0
Ne22	20479.7	0.12815	98852.2	0	0
neutron	939.565	5.09262	98868	0	0
neutron	939.565	3.45922	98868	0	0
neutron	939.565	0.624645	98868	0	0
S34	31632.7	0.251882	98868	0	0
neutron	939.565	0.349313	98859	0	0
S36	33495	0.10495	98859	0	0
neutron	939.565	34.8603	98865.8	0	0
neutron	939.565	6.20392	98865.8	0	0
proton	938.272	5.94741	98865.8	0	0
neutron	939.565	1.31082	98865.8	0	0
P33	30705.3	0.907048	98865.8	0	0
neutron	939.565	1.25714	98856.3	0	0
Ne22	20479.7	0.0625367	98856.3	0	0
neutron	939.565	45.2637	98819	0	0
proton	938.272	3.72045	98819	0	0
neutron	939.565	3.69247	98819	0	0
neutron	939.565	0.889337	98819	0	0
P33	30705.3	1.61995	98819	0	0
proton	938.272	5.79509	98871.4	0	0
neutron	939.565	1.94659	98871.4	0	0
P33	30705.3	0.130814	98871.4	0	0
Na23	21409.2	0.122861	99717.3	320.484	320.322
proton	938.272	7.70386	98867.6	0	0
neutron	939.565	1.48667	98867.6	0	0
F21	19556.7	0.0469998	98867.6	0	0
neutron	939.565	1.53305	98809.2	0	0
S34	31632.7	0.113559	98809.2	0	0
S35	32565.3	0.155838	98868.8	0	0
neutron	939.565	22.2456	98854.1	0	0
neutron	939.565	3.27066	98854.1	0	0
proton	938.272	3.2257	98854.1	0	0
neutron	939.565	1.89679	98854.1	0	0
P31	28844.2	0.391122	98854.1	0	0
proton	938.272	25.8314	98903.9	0	0
neutron	939.565	7.09833	98903.9	0	0
F21	19556.7	0.600657	98903.9	0	0
neutron	939.565	14.0911	98831.3	0	0
triton	2808.92	4.15465	98831.3	0	0
alpha	3727.38	1.4976	98831.3	0	0
triton	2808.92	3.99934	98831.3	0	0
C12	11174.9	3.36145	98831.3	0	0
neutron	939.565	0.188511	98849.3	0	0
S36	33495	0.193406	98849.3	0	0
neutron	939.565	0.693755	98903.1	0	0
S34	31632.7	0.0771308	98903.1	0	0
Ne23	21414.1	0.225122	98834.1	0	0
Na23	21409.2	0.339609	99965.1	432.734	431.791
S37	34430.2	0.145144	98814.1	0	0
neutron	939.565	0.500204	98815.4	0	0
S34	31632.7	0.0841573	98815.4	0	0
S35	32565.3	0.157676	98952.8	0	0
neutron	939.565	3.57682	98844.1	0	0
neutron	939.565	0.706068	98844.1	0	0
S35	32565.3	0.260397	98844.1	0	0
Ne23	21414.1	0.215025	98875.5	0	0
neutron	939.565	0.0842193	98825.1	0	0
S34	31632.7	0.141682	98825.1	0	0
neutron	939.565	11.0517	98866.3	0	0
neutron	939.565	8.3191	98866.3	0	0
neutron	939.565	7.07591	98866.3	0	0
alpha	3727.38	5.33589	98866.3	0	0
O16	14895.1	0.799724	98866.3	0	0
neutron	939.565	0.348504	98884.3	0	0
S34	31632.7	0.11277	98884.3	0	0
Ne23	21414.1	0.215017	98848.4	0	0
neutron	939.565	0.0576272	98841.3	0	0
S36	33495	0.143675	98841.3	0	0
neutron	939.565	6.06148	98848.5	0	0
neutron	939.565	5.71129	98848.5	0	0
proton	938.272	3.14215	98848.5	0	0
neutron	939.565	1.15226	98848.5	0	0
P31	28844.2	0.419081	98848.5	0	0
neutron	939.565	1.42563	98843	0	0
S34	31632.7	0.0510415	98843	0	0
S35	32565.3	0.162122	98826.6	0	0
proton	938.272	2.87178	98847.3	0	0
neutron	939.565	1.32201	98847.3	0	0
neutron	939.565	0.214673	98847.3	0	0
P32	29775.8	0.182265	98847.3	0	0
S37	34430.2	0.144319	98851.6	0	0
S35	32565.3	0.156014	98929.3	0	0
neutron	939.565	1.52352	98874.6	0	0
S34	31632.7	0.159438	98874.6	0	0
S37	34430.2	0.139786	98883.1	0	0
neutron	939.565	9.20019	98832.3	0	0
neutron	939.565	4.16897	98832.3	0	0
neutron	939.565	0.853511	98832.3	0	0
Ne20	18617.7	0.453389	98832.3	0	0
neutron	939.565	0.155173	98909.7	0	0
Ne22	20479.7	0.209447	98909.7	0	0
S35	32565.3	0.158625	98817.5	0	0
neutron	939.565	4.53891	98844.7	0	0
Ne22	20479.7	0.0594864	98844.7	0	0
neutron	939.565	4.13996	98858.7	0	0
S34	31632.7	0.259936	98858.7	0	0
neutron	939.565	0.248628	98880.3	0	0
S36	33495	0.15602	98880.3	0	0
neutron	939.565	18.8779	98884.7	0	0
neutron	939.565	5.72214	98884.7	0	0
neutron	939.565	3.45632	98884.7	0	0
Ne20	18617.7	1.13745	98884.7	0	0
neutron	939.565	1.82988	98853.6	0	0
S34	31632.7	0.192899	98853.6	0	0
neutron	939.565	1.17152	98830.7	0	0
S34	31632.7	0.161802	98830.7	0	0
S35	32565.3	0.139228	98863.1	0	0
neutron	939.565	4.28921	98814.7	0	0
neutron	939.565	0.51093	98814.7	0	0
Ne21	19550.5	0.167311	98814.7	0	0
neutron	939.565	1.25102	98886.1	0	0
S34	31632.7	0.128253	98886.1	0	0
neutron	939.565	21.0987	98886.9	0	0
neutron	939.565	6.56509	98886.9	0	0
proton	938.272	5.11683	98886.9	0	0
neutron	939.565	2.93454	98886.9	0	0
P31	28844.2	0.122067	98886.9	0	0
S35	32565.3	0.162236	98801.3	0	0
Cl35	32564.6	0.0796999	99629.9	312.456	312.348
proton	938.272	21.8945	98912.5	0	0
neutron	939.565	3.46237	98912.5	0	0
P33	30705.3	0.530201	98912.5	0	0
S35	32565.3	0.142982	98817.8	0	0
neutron	939.565	0.263772	98898.2	0	0
Ne22	20479.7	0.164392	98898.2	0	0
Ne23	21414.1	0.196981	98852.2	0	0
S35	32565.3	0.156591	98821.5	0	0
neutron	939.565	3.69379	98861.2	0	0
S34	31632.7	0.0437269	98861.2	0	0
Cl35	32564.6	0.327914	98990.1	54.4076	53.9781
neutron	939.565	0.559327	98996	0	0
S34	31632.7	0.0686583	98996	0	0
Ne23	21414.1	0.220187	98844.3	0	0
neutron	939.565	5.32872	98867	0	0
neutron	939.565	2.73376	98867	0	0
neutron	939.565	2.52104	98867	0	0
Ne20	18617.7	0.527174	98867	0	0
Ne23	21414.1	0.223397	98882	0	0
Na23	21409.2	0.152389	99057.8	106.447	106.236
Ne23	21414.1	0.21826	98890.9	0	0
neutron	939.565	0.52744	98880.2	0	0
S34	31632.7	0.170904	98880.2	0	0
neutron	939.565	11.0652	98804.2	0	0
neutron	939.565	0.555501	98804.2	0	0
alpha	3727.38	11.942	98804.2	0	0
Si29	26984.3	1.54785	98804.2	0	0
neutron	939.565	4.14778	98832.8	0	0
neutron	939.565	3.66401	98832.8	0	0
neutron	939.565	2.12674	98832.8	0	0
alpha	3727.38	5.2849	98832.8	0	0
O16	14895.1	3.31357	98832.8	0	0
proton	938.272	4.34259	98843	0	0
proton	938.272	4.17961	98843	0	0
neutron	939.565	2.42452	98843	0	0
neutron	939.565	2.05624	98843	0	0
Si31	28846.2	0.0299063	98843	0	0
neutron	939.565	0.0795641	98894.6	0	0
Ne22	20479.7	0.227758	98894.6	0	0
neutron	939.565	3.26907	98917.2	0	0
neutron	939.565	0.589895	98917.2	0	0
S35	32565.3	0.0381401	98917.2	0	0
neutron	939.565	1.12306	98897.6	0	0
S34	31632.7	0.141342	98897.6	0	0
Cl37	34424.8	0.0763872	99115.6	132.155	132.03
Ne23	21414.1	0.223021	98860.4	0	0
neutron	939.565	0.159347	98907.3	0	0
S34	31632.7	0.176298	98907.3	0	0
neutron	939.565	0.361121	98908.2	0	0
S34	31632.7	0.196326	98908.2	0	0
neutron	939.565	0.307776	98850.3	0	0
Ne22	20479.7	0.335884	98850.3	0	0
neutron	939.565	0.71231	98876	0	0
S34	31632.7	0.110899	98876	0	0
neutron	939.565	21.1441	98812.1	0	0
neutron	939.565	16.8063	98812.1	0	0
proton	938.272	4.23285	98812.1	0	0
neutron	939.565	2.0959	98812.1	0	0
P31	28844.2	0.762849	98812.1	0	0
proton	938.272	10.3344	98771.3	0	0
neutron	939.565	2.82489	98771.3	0	0
neutron	939.565	2.34854	98771.3	0	0
neutron	939.565	1.0457	98771.3	0	0
alpha	3727.38	3.39886	98771.3	0	0
N15	13968.9	4.66587	98771.3	0	0
neutron	939.565	3.03543	98932.1	0	0
Ne22	20479.7	0.12573	98932.1	0	0
proton	938.272	9.74737	98855.6	0	0
neutron	939.565	4.2155	98855.6	0	0
neutron	939.565	2.68209	98855.6	0	0
neutron	939.565	2.011	98855.6	0	0
P31	28844.2	1.22007	98855.6	0	0
neutron	939.565	2.60221	98873.6	0	0
S34	31632.7	0.415166	98873.6	0	0
proton	938.272	5.38182	98852	0	0
neutron	939.565	4.87271	98852	0	0
neutron	939.565	1.23448	98852	0	0
F20	18625.3	0.133944	98852	0	0
proton	938.272	8.78134	98860.1	0	0
neutron	939.565	6.19224	98860.1	0	0
neutron	939.565	4.68107	98860.1	0	0
proton	938.272	3.72078	98860.1	0	0
neutron	939.565	3.40486	98860.1	0	0
Si30	27913.2	0.921208	98860.1	0	0
neutron	939.565	8.26077	98858.6	0	0
Ne22	20479.7	0.941111	98858.6	0	0
neutron	939.565	7.38942	98900.6	0	0
neutron	939.565	5.29381	98900.6	0	0
neutron	939.565	1.54583	98900.6	0	0
Ne20	18617.7	0.90712	98900.6	0	0
neutron	939.565	1.19108	98874.8	0	0
S34	31632.7	0.0385048	98874.8	0	0
S37	34430.2	0.141964	98806.7	0	0
Ne23	21414.1	0.222625	98882.7	0	0
neutron	939.565	0.988767	98837.3	0	0
Ne22	20479.7	0.107726	98837.3	0	0
neutron	939.565	0.160507	98849.4	0	0
Ne22	20479.7	0.206886	98849.4	0	0
proton	938.272	5.25286	98882.8	0	0
neutron	939.565	3.89259	98882.8	0	0
neutron	939.565	2.67287	98882.8	0	0
neutron	939.565	0.543524	98882.8	0	0
F19	17692.3	0.517414	98882.8	0	0
Ne23	21414.1	0.21055	98819.2	0	0
neutron	939.565	11.5304	98822.8	0	0
neutron	939.565	6.95446	98822.8	0	0
neutron	939.565	4.15622	98822.8	0	0
Ne20	18617.7	1.892	98822.8	0	0
neutron	939.565	3.97816	98838.9	0	0
neutron	939.565	3.27158	98838.9	0	0
S33	30704.6	0.330222	98838.9	0	0
neutron	939.565	0.157021	98874.1	0	0
S34	31632.7	0.195553	98874.1	0	0
S35	32565.3	0.153358	98881.6	0	0
neutron	939.565	1.25182	98907.7	0	0
S34	31632.7	0.0888265	98907.7	0	0
neutron	939.565	1.06083	98890	0	0
Ne22	20479.7	0.0618189	98890	0	0
neutron	939.565	1.06742	98877.5	0	0
Ne22	20479.7	0.40273	98877.5	0	0
neutron	939.565	13.2274	98848.4	0	0
proton	938.272	3.81646	98848.4	0	0
neutron	939.565	1.32424	98848.4	0	0
P32	29775.8	0.772646	98848.4	0	0
neutron	939.565	2.70702	98834.8	0	0
neutron	939.565	0.617701	98834.8	0	0
S33	30704.6	0.197442	98834.8	0	0
neutron	939.565	0.664806	98853.3	0	0
S34	31632.7	0.146503	98853.3	0	0
S37	34430.2	0.137379	98838.4	0	0
proton	938.272	10.6309	98939.2	0	0
neutron	939.565	3.95439	98939.2	0	0
neutron	939.565	3.33719	98939.2	0	0
neutron	939.565	1.18141	98939.2	0	0
neutron	939.565	0.747336	98939.2	0	0
P32	29775.8	0.253634	98939.2	0	0
proton	938.272	32.7375	98861.4	0	0
proton	938.272	3.38972	98861.4	0	0
neutron	939.565	3.20749	98861.4	0	0
Si32	29776.6	2.23108	98861.4	0	0
S37	34430.2	0.143336	98924.5	0	0
S37	34430.2	0.129974	98820.1	0	0
Cl35	32564.6	0.126702	99738.8	326.759	326.35
Cl35	32564.6	0.452405	99291	165.859	165.359
neutron	939.565	0.595581	98836.6	0	0
alpha	3727.38	4.94796	98836.6	0	0
O18	16762	0.59112	98836.6	0	0
Cl35	32564.6	0.25218	99725.4	350.247	349.924
neutron	939.565	0.254642	98895.2	0	0
S34	31632.7	0.154387	98895.2	0	0
neutron	939.565	2.11245	98854.3	0	0
Ne22	20479.7	0.239487	98854.3	0	0
proton	938.272	22.6169	98826.6	0	0
neutron	939.565	4.79373	98826.6	0	0
neutron	939.565	1.72887	98826.6	0	0
neutron	939.565	0.713662	98826.6	0	0
F19	17692.3	0.692241	98826.6	0	0
neutron	939.565	0.83801	98845.7	0	0
S34	31632.7	0.138525	98845.7	0	0
neutron	939.565	0.443774	98892.6	0	0
Ne22	20479.7	0.188127	98892.6	0	0
neutron	939.565	1.77878	98868.8	0	0
S34	31632.7	0.19089	98868.8	0	0
neutron	939.565	1.77659	98837.2	0	0
S34	31632.7	0.0899305	98837.2	0	0
neutron	939.565	9.86656	98833	0	0
neutron	939.565	1.31543	98833	0	0
Ne21	19550.5	1.00024	98833	0	0
neutron	939.565	5.09353	98805.9	0	0
Ne22	20479.7	0.262954	98805.9	0	0
neutron	939.565	0.256099	98886.3	0	0
S34	31632.7	0.194644	98886.3	0	0
neutron	939.565	19.1484	98801.6	0	0
neutron	939.565	6.57977	98801.6	0	0
neutron	939.565	0.910896	98801.6	0	0
alpha	3727.38	3.88075	98801.6	0	0
O16	14895.1	2.75998	98801.6	0	0
proton	938.272	5.17122	98806.1	0	0
neutron	939.565	3.22191	98806.1	0	0
neutron	939.565	0.769714	98806.1	0	0
P32	29775.8	0.308195	98806.1	0	0
S35	32565.3	0.147339	98844.7	0	0
Ne23	21414.1	0.2324	98875.3	0	0
Ne23	21414.1	0.221832	98831.4	0	0
Ne23	21414.1	0.21048	98833.3	0	0
neutron	939.565	1.17259	98842.4	0	0
Ne22	20479.7	0.376964	98842.4	0	0
neutron	939.565	5.00155	98858	0	0
neutron	939.565	4.78132	98858	0	0
neutron	939.565	0.372259	98858	0	0
Ne20	18617.7	0.395678	98858	0	0
neutron	939.565	28.1114	98861.5	0	0
neutron	939.565	17.2369	98861.5	0	0
alpha	3727.38	3.67392	98861.5	0	0
O17	15830.5	3.37744	98861.5	0	0
Na23	21409.2	0.350937	99934.7	423.174	422.748
Ne23	21414.1	0.230297	98869.6	0	0
neutron	939.565	0.798896	98849.7	0	0
Ne22	20479.7	0.13194	98849.7	0	0
neutron	939.565	2.3594	98864.3	0	0
S34	31632.7	0.159736	98864.3	0	0
neutron	939.565	2.37594	98818.3	0	0
Ne22	20479.7	0.118495	98818.3	0	0
neutron	939.565	1.22548	98821.5	0	0
S34	31632.7	0.312234	98821.5	0	0
Ne23	21414.1	0.213943	98824.3	0	0
neutron	939.565	20.1756	98830.7	0	0
neutron	939.565	2.78756	98830.7	0	0
neutron	939.565	2.5621	98830.7	0	0
neutron	939.565	2.11223	98830.7	0	0
S33	30704.6	0.873234	98830.7	0	0
proton	938.272	12.5914	98826.1	0	0
neutron	939.565	3.44923	98826.1	0	0
proton	938.272	2.49565	98826.1	0	0
neutron	939.565	1.60711	98826.1	0	0
Si31	28846.2	0.710217	98826.1	0	0
Ne23	21414.1	0.215426	98825.3	0	0
neutron	939.565	0.231863	98822.3	0	0
Ne22	20479.7	0.247105	98822.3	0	0
Ne23	21414.1	0.2305	98809.6	0	0
proton	938.272	9.79	98835	0	0
neutron	939.565	3.4695	98835	0	0
proton	938.272	2.73783	98835	0	0
Si32	29776.6	0.320724	98835	0	0
neutron	939.565	24.5295	98841.7	0	0
neutron	939.565	23.0703	98841.7	0	0
neutron	939.565	1.86741	98841.7	0	0
S32	29773.6	0.368877	98841.7	0	0
neutron	939.565	2.03814	98860.5	0	0
Ne22	20479.7	0.123518	98860.5	0	0
neutron	939.565	5.28668	98874.3	0	0
neutron	939.565	2.49279	98874.3	0	0
neutron	939.565	1.14192	98874.3	0	0
Ne20	18617.7	0.517813	98874.3	0	0
proton	938.272	15.193	98873.3	0	0
proton	938.272	5.77559	98873.3	0	0
neutron	939.565	3.86594	98873.3	0	0
neutron	939.565	2.34752	98873.3	0	0
Si31	28846.2	2.10915	98873.3	0	0
neutron	939.565	3.2201	98860.4	0	0
neutron	939.565	1.44406	98860.4	0	0
Ne21	19550.5	0.139932	98860.4	0	0
neutron	939.565	0.308595	98872.4	0	0
Ne22	20479.7	0.255433	98872.4	0	0
S35	32565.3	0.161393	98893.2	0	0
neutron	939.565	0.704195	98873.4	0	0
Ne22	20479.7	0.267759	98873.4	0	0
neutron	939.565	0.220366	98814	0	0
S34	31632.7	0.107431	98814	0	0
S35	32565.3	0.15506	98829.8	0	0
neutron	939.565	2.01409	98862.5	0	0
S36	33495	0.101167	98862.5	0	0
neutron	939.565	5.40859	98859.9	0	0
proton	938.272	4.71153	98859.9	0	0
proton	938.272	3.17386	98859.9	0	0
neutron	939.565	2.19408	98859.9	0	0
neutron	939.565	1.53265	98859.9	0	0
neutron	939.565	1.26113	98859.9	0	0
Si29	26984.3	0.265111	98859.9	0	0
neutron	939.565	8.81906	98844.6	0	0
neutron	939.565	5.63176	98844.6	0	0
neutron	939.565	5.24702	98844.6	0	0
proton	938.272	4.45995	98844.6	0	0
neutron	939.565	0.131934	98844.6	0	0
deuteron	1875.61	1.79378	98844.6	0	0
alpha	3727.38	4.5276	98844.6	0	0
C12	11174.9	0.416363	98844.6	0	0
neutron	939.565	4.9995	98841.3	0	0
alpha	3727.38	4.64613	98841.3	0	0
O18	16762	1.9126	98841.3	0	0
neutron	939.565	2.33858	98831.4	0	0
S34	31632.7	0.150538	98831.4	0	0
neutron	939.565	9.88045	98901.6	0	0
neutron	939.565	9.36188	98901.6	0	0
neutron	939.565	3.75348	98901.6	0	0
alpha	3727.38	6.76185	98901.6	0	0
alpha	3727.38	4.42544	98901.6	0	0
C12	11174.9	6.12065	98901.6	0	0
neutron	939.565	0.500043	98919.9	0	0
Ne22	20479.7	0.27154	98919.9	0	0
neutron	939.565	6.28746	98894.7	0	0
neutron	939.565	1.62697	98894.7	0	0
neutron	939.565	1.43846	98894.7	0	0
Ne20	18617.7	1.17954	98894.7	0	0
neutron	939.565	0.613655	98850	0	0
S34	31632.7	0.059974	98850	0	0
Cl35	32564.6	0.129691	99874.6	403.415	403.109
neutron	939.565	3.84722	98823.5	0	0
neutron	939.565	3.19731	98823.5	0	0
S33	30704.6	0.381096	98823.5	0	0
neutron	939.565	2.92749	98867.1	0	0
S34	31632.7	0.36341	98867.1	0	0
neutron	939.565	0.996712	98904.1	0	0
Ne22	20479.7	0.0805582	98904.1	0	0
neutron	939.565	2.72647	98821.2	0	0
S34	31632.7	0.0398776	98821.2	0	0
neutron	939.565	10.2764	98833.8	0	0
proton	938.272	10.2056	98833.8	0	0
neutron	939.565	4.43875	98833.8	0	0
neutron	939.565	3.40108	98833.8	0	0
alpha	3727.38	5.5823	98833.8	0	0
N15	13968.9	0.49981	98833.8	0	0
neutron	939.565	0.971971	98840.9	0	0
Ne22	20479.7	0.272478	98840.9	0	0
neutron	939.565	0.707015	98899.2	0	0
S34	31632.7	0.173388	98899.2	0	0
neutron	939.565	8.80788	98820.7	0	0
Ne22	20479.7	0.836099	98820.7	0	0
Ne23	21414.1	0.22977	98841.3	0	0
Na23	21409.2	0.196079	99762	355.133	354.569
Ne23	21414.1	0.22656	98929.1	0	0
neutron	939.565	0.241013	98780.4	0	0
S34	31632.7	0.0937012	98780.4	0	0
neutron	939.565	20.986	98878.7	0	0
neutron	939.565	15.6773	98878.7	0	0
neutron	939.565	0.600302	98878.7	0	0
S34	31632.7	0.555187	98878.7	0	0
Na23	21409.2	0.224113	99403.5	240.396	240.085
Ne23	21414.1	0.21374	98842.3	0	0
neutron	939.565	0.346846	98885.8	0	0
S34	31632.7	0.224659	98885.8	0	0
neutron	939.565	11.3258	98787.7	0	0
neutron	939.565	2.42292	98787.7	0	0
neutron	939.565	1.36026	98787.7	0	0
neutron	939.565	0.191351	98787.7	0	0
deuteron	1875.61	3.75827	98787.7	0	0
deuteron	1875.61	4.8214	98787.7	0	0
Si29	26984.3	0.790597	98787.7	0	0
S35	32565.3	0.153969	98884.7	0	0
neutron	939.565	7.14105	98838.1	0	0
neutron	939.565	3.03529	98838.1	0	0
neutron	939.565	2.47198	98838.1	0	0
Ne20	18617.7	0.437235	98838.1	0	0
neutron	939.565	3.73978	98889.3	0	0
neutron	939.565	1.00021	98889.3	0	0
Ne21	19550.5	0.123103	98889.3	0	0
neutron	939.565	1.23716	98832.8	0	0
S34	31632.7	0.206416	98832.8	0	0
neutron	939.565	17.6501	98826.6	0	0
neutron	939.565	2.73836	98826.6	0	0
neutron	939.565	2.34913	98826.6	0	0
Ne20	18617.7	1.54295	98826.6	0	0
neutron	939.565	3.57008	98865.6	0	0
neutron	939.565	3.17401	98865.6	0	0
neutron	939.565	1.20033	98865.6	0	0
Ne20	18617.7	0.72438	98865.6	0	0
neutron	939.565	0.243186	98886.9	0	0
Ne22	20479.7	0.184501	98886.9	0	0
neutron	939.565	0.315917	98836	0	0
S34	31632.7	0.173549	98836	0	0
S35	32565.3	0.155941	98820.9	0	0
neutron	939.565	0.378719	98864.2	0	0
S36	33495	0.150888	98864.2	0	0
proton	938.272	14.5782	98884.4	0	0
proton	938.272	9.95323	98884.4	0	0
neutron	939.565	4.56505	98884.4	0	0
proton	938.272	2.85842	98884.4	0	0
neutron	939.565	1.70414	98884.4	0	0
neutron	939.565	1.61023	98884.4	0	0
Al29	26988.5	1.12039	98884.4	0	0
neutron	939.565	1.29256	98916.7	0	0
S34	31632.7	0.167502	98916.7	0	0
Ne23	21414.1	0.200512	98878.4	0	0
neutron	939.565	0.637279	98843.6	0	0
Ne22	20479.7	0.129537	98843.6	0	0
Ne23	21414.1	0.228257	98885.5	0	0
Ne23	21414.1	0.214605	98832.9	0	0
Ne23	21414.1	0.227238	98831.1	0	0
neutron	939.565	0.300648	98872.1	0	0
S36	33495	0.132621	98872.1	0	0
neutron	939.565	16.5346	98852.9	0	0
neutron	939.565	6.39328	98852.9	0	0
neutron	939.565	4.01011	98852.9	0	0
alpha	3727.38	5.50441	98852.9	0	0
alpha	3727.38	5.74338	98852.9	0	0
C12	11174.9	2.55567	98852.9	0	0
neutron	939.565	0.642749	98844.5	0	0
S34	31632.7	0.136617	98844.5	0	0
S35	32565.3	0.159584	98843	0	0
proton	938.272	10.2506	98833.2	0	0
neutron	939.565	6.36415	98833.2	0	0
triton	2808.92	2.43783	98833.2	0	0
alpha	3727.38	4.9389	98833.2	0	0
C14	13040.9	3.00098	98833.2	0	0
neutron	939.565	25.3632	98914	0	0
neutron	939.565	9.40438	98914	0	0
neutron	939.565	0.880333	98914	0	0
S32	29773.6	1.51818	98914	0	0
S35	32565.3	0.16467	98823.4	0	0
Na23	21409.2	0.124348	99781.4	374.126	373.981
Ne23	21414.1	0.224991	98865.8	0	0
proton	938.272	10.0712	98815.6	0	0
neutron	939.565	8.44851	98815.6	0	0
neutron	939.565	3.43725	98815.6	0	0
proton	938.272	2.84956	98815.6	0	0
neutron	939.565	0.690211	98815.6	0	0
Si30	27913.2	1.53935	98815.6	0	0
neutron	939.565	0.408756	98855.4	0	0
Ne22	20479.7	0.278155	98855.4	0	0
Cl35	32564.6	0.145641	99191.8	156.919	156.745
neutron	939.565	4.8207	98871.6	0	0
alpha	3727.38	8.71241	98871.6	0	0
O18	16762	1.72913	98871.6	0	0
proton	938.272	24.9753	98837.2	0	0
neutron	939.565	0.43934	98837.2	0	0
F21	19556.7	0.832185	98837.2	0	0
proton	938.272	21.3471	98843.6	0	0
neutron	939.565	4.03756	98843.6	0	0
proton	938.272	3.67621	98843.6	0	0
Si32	29776.6	0.695632	98843.6	0	0
neutron	939.565	1.63851	98791.7	0	0
Ne22	20479.7	0.473492	98791.7	0	0
neutron	939.565	0.371023	98887.5	0	0
S34	31632.7	0.139626	98887.5	0	0
Na23	21409.2	0.414191	99545.5	282.202	281.742
neutron	939.565	7.57316	98896.2	0	0
neutron	939.565	2.71777	98896.2	0	0
neutron	939.565	1.51346	98896.2	0	0
alpha	3727.38	3.73842	98896.2	0	0
O16	14895.1	1.43055	98896.2	0	0
neutron	939.565	22.388	98879.2	0	0
neutron	939.565	12.1106	98879.2	0	0
neutron	939.565	1.6558	98879.2	0	0
S32	29773.6	0.424548	98879.2	0	0
neutron	939.565	0.281507	98881.8	0	0
Ne22	20479.7	0.232978	98881.8	0	0
Cl35	32564.6	0.139626	99673.6	341.494	341.338
neutron	939.565	0.128022	98833.1	0	0
Ne22	20479.7	0.26488	98833.1	0	0
neutron	939.565	46.3339	98845.3	0	0
neutron	939.565	2.85121	98845.3	0	0
neutron	939.565	0.266432	98845.3	0	0
Ne20	18617.7	2.26406	98845.3	0	0
Cl35	32564.6	0.13568	99325.4	210.233	209.816
neutron	939.565	1.2281	98893.5	0	0
S34	31632.7	0.158968	98893.5	0	0
proton	938.272	28.1957	98809.7	0	0
neutron	939.565	17.373	98809.7	0	0
F21	19556.7	1.10916	98809.7	0	0
neutron	939.565	1.21827	98859.5	0	0
S34	31632.7	0.150588	98859.5	0	0
S35	32565.3	0.150308	98898.9	0	0
neutron	939.565	8.8631	98803.2	0	0
neutron	939.565	6.06749	98803.2	0	0
neutron	939.565	1.69103	98803.2	0	0
Ne20	18617.7	0.0403936	98803.2	0	0
neutron	939.565	6.43452	98879.7	0	0
neutron	939.565	3.54153	98879.7	0	0
neutron	939.565	0.79366	98879.7	0	0
alpha	3727.38	8.36396	98879.7	0	0
O16	14895.1	2.84612	98879.7	0	0
neutron	939.565	4.35893	98884.3	0	0
neutron	939.565	2.58776	98884.3	0	0
neutron	939.565	1.79225	98884.3	0	0
Ne20	18617.7	0.517449	98884.3	0	0
neutron	939.565	13.5923	98807.7	0	0
neutron	939.565	4.66282	98807.7	0	0
neutron	939.565	3.13551	98807.7	0	0
neutron	939.565	0.808697	98807.7	0	0
neutron	939.565	0.452408	98807.7	0	0
S32	29773.6	0.574103	98807.7	0	0
neutron	939.565	9.24083	98891.8	0	0
neutron	939.565	6.20721	98891.8	0	0
Ne21	19550.5	1.86135	98891.8	0	0
S35	32565.3	0.152194	98860.5	0	0
neutron	939.565	2.87244	98840.5	0	0
Ne22	20479.7	0.213868	98840.5	0	0
proton	938.272	14.3299	98817.2	0	0
neutron	939.565	2.61831	98817.2	0	0
neutron	939.565	0.356784	98817.2	0	0
F20	18625.3	0.497454	98817.2	0	0
neutron	939.565	0.586558	98838.4	0	0
S34	31632.7	0.104546	98838.4	0	0
S35	32565.3	0.151279	98851.9	0	0
Cl37	34424.8	0.0749231	98894.2	54.4799	54.2986
neutron	939.565	0.5026	98846.8	0	0
S34	31632.7	0.0652573	98846.8	0	0
neutron	939.565	2.83728	98866.7	0	0
S34	31632.7	0.0918119	98866.7	0	0
proton	938.272	30.9535	98854.5	0	0
neutron	939.565	6.65963	98854.5	0	0
P35	32569.8	2.14357	98854.5	0	0
proton	938.272	5.60398	98854	0	0
neutron	939.565	0.693722	98854	0	0
F21	19556.7	0.442599	98854	0	0
neutron	939.565	11.9033	98915.6	0	0
neutron	939.565	10.455	98915.6	0	0
neutron	939.565	3.81341	98915.6	0	0
alpha	3727.38	9.65472	98915.6	0	0
O16	14895.1	1.42746	98915.6	0	0
neutron	939.565	0.109152	98888.3	0	0
S34	31632.7	0.196881	98888.3	0	0
Ne23	21414.1	0.215652	98805.8	0	0
neutron	939.565	20.8276	98834.4	0	0
neutron	939.565	3.50189	98834.4	0	0
neutron	939.565	0.662049	98834.4	0	0
Ne20	18617.7	1.51993	98834.4	0	0
neutron	939.565	1.92455	98823.2	0	0
S36	33495	0.147249	98823.2	0	0
neutron	939.565	18.8233	98839.3	0	0
proton	938.272	3.86957	98839.3	0	0
neutron	939.565	2.9562	98839.3	0	0
neutron	939.565	0.0384106	98839.3	0	0
deuteron	1875.61	7.88595	98839.3	0	0
Si29	26984.3	1.91695	98839.3	0	0
neutron	939.565	1.36855	98871	0	0
Ne22	20479.7	0.25427	98871	0	0
Ne23	21414.1	0.222203	98891.2	0	0
Na23	21409.2	0.206249	99119	113.193	112.954
neutron	939.565	5.54716	98947.9	0	0
neutron	939.565	2.5941	98947.9	0	0
Ne21	19550.5	0.456308	98947.9	0	0
Ne23	21414.1	0.223098	98916.1	0	0
neutron	939.565	12.0282	98871.9	0	0
neutron	939.565	4.52226	98871.9	0	0
neutron	939.565	2.22231	98871.9	0	0
alpha	3727.38	7.73021	98871.9	0	0
O16	14895.1	2.91935	98871.9	0	0
proton	938.272	31.1364	98823	0	0
neutron	939.565	5.06999	98823	0	0
proton	938.272	4.48055	98823	0	0
O20	18629.6	2.08383	98823	0	0
neutron	939.565	7.71926	98860.8	0	0
neutron	939.565	4.72513	98860.8	0	0
neutron	939.565	2.86775	98860.8	0	0
S34	31632.7	0.0733778	98860.8	0	0
neutron	939.565	12.3949	98866.4	0	0
neutron	939.565	8.10683	98866.4	0	0
neutron	939.565	0.625031	98866.4	0	0
S32	29773.6	0.505883	98866.4	0	0
neutron	939.565	0.340159	98843.5	0	0
Ne22	20479.7	0.16541	98843.5	0	0
neutron	939.565	6.52601	98838.9	0	0
neutron	939.565	3.53566	98838.9	0	0
neutron	939.565	3.10686	98838.9	0	0
S32	29773.6	0.77938	98838.9	0	0
Ne23	21414.1	0.220941	98872	0	0
proton	938.272	4.42901	98812.4	0	0
proton	938.272	3.92681	98812.4	0	0
neutron	939.565	2.0973	98812.4	0	0
Si32	29776.6	0.0565824	98812.4	0	0
Cl35	32564.6	0.123376	99977.5	436.414	436.284
Cl37	34424.8	0.0899814	99647.6	325.879	325.695
Na23	21409.2	0.122061	99942	424.356	424.193
Ne23	21414.1	0.201291	98884.8	0	0
Na23	21409.2	0.144699	99700.7	344.658	344.101
neutron	939.565	0.578593	98830	0	0
S34	31632.7	0.0776747	98830	0	0
neutron	939.565	1.36513	98851.2	0	0
Ne22	20479.7	0.227959	98851.2	0	0
neutron	939.565	0.771221	98828.5	0	0
Ne22	20479.7	0.0740203	98828.5	0	0
neutron	939.565	13.0946	98873.3	0	0
neutron	939.565	2.25608	98873.3	0	0
neutron	939.565	0.863606	98873.3	0	0
alpha	3727.38	9.3153	98873.3	0	0
Si28	26053.2	2.90033	98873.3	0	0
neutron	939.565	1.98199	98815.1	0	0
S34	31632.7	0.053836	98815.1	0	0
neutron	939.565	7.35615	98839.5	0	0
proton	938.272	4.85356	98839.5	0	0
neutron	939.565	2.07306	98839.5	0	0
deuteron	1875.61	28.3962	98839.5	0	0
Si30	27913.2	1.77979	98839.5	0	0
neutron	939.565	11.5322	98898.6	0	0
neutron	939.565	3.11664	98898.6	0	0
neutron	939.565	2.28442	98898.6	0	0
S34	31632.7	0.288935	98898.6	0	0
neutron	939.565	1.83004	98843.4	0	0
S34	31632.7	0.32264	98843.4	0	0
neutron	939.565	0.780629	98862.1	0	0
Ne22	20479.7	0.245532	98862.1	0	0
neutron	939.565	17.8525	98855.8	0	0
neutron	939.565	5.40016	98855.8	0	0
Ne21	19550.5	0.556507	98855.8	0	0
S35	32565.3	0.155867	98840.2	0	0
neutron	939.565	0.059232	98846.3	0	0
S34	31632.7	0.182531	98846.3	0	0
proton	938.272	6.58094	98942.8	0	0
neutron	939.565	1.30291	98942.8	0	0
P33	30705.3	0.111526	98942.8	0	0
neutron	939.565	31.7644	98861.1	0	0
proton	938.272	6.41801	98861.1	0	0
F21	19556.7	0.85773	98861.1	0	0
S35	32565.3	0.150797	98857.6	0	0
neutron	939.565	18.319	98860.3	0	0
neutron	939.565	0.432595	98860.3	0	0
deuteron	1875.61	3.42864	98860.3	0	0
alpha	3727.38	5.0395	98860.3	0	0
N15	13968.9	2.96263	98860.3	0	0
neutron	939.565	1.08982	98861.3	0	0
Ne22	20479.7	0.423912	98861.3	0	0
neutron	939.565	1.9318	98858.7	0	0
Ne22	20479.7	0.132882	98858.7	0	0
neutron	939.565	29.5582	98806.6	0	0
neutron	939.565	2.42568	98806.6	0	0
S33	30704.6	1.02811	98806.6	0	0
proton	938.272	9.89786	98828.6	0	0
neutron	939.565	6.7806	98828.6	0	0
neutron	939.565	6.43299	98828.6	0	0
proton	938.272	5.2162	98828.6	0	0
neutron	939.565	0.524838	98828.6	0	0
Si30	27913.2	1.62317	98828.6	0	0
neutron	939.565	0.404834	98817.9	0	0
S34	31632.7	0.199238	98817.9	0	0
S37	34430.2	0.133858	98889.1	0	0
neutron	939.565	2.08279	98946.7	0	0
S34	31632.7	0.189783	98946.7	0	0
neutron	939.565	26.1907	98869.2	0	0
neutron	939.565	15.5	98869.2	0	0
neutron	939.565	0.696366	98869.2	0	0
Ne20	18617.7	2.85525	98869.2	0	0
neutron	939.565	0.132704	98798.4	0	0
S34	31632.7	0.200202	98798.4	0	0
proton	938.272	6.79134	98912.3	0	0
P34	31638.6	0.386983	98912.3	0	0
neutron	939.565	12.0107	98849	0	0
neutron	939.565	2.13561	98849	0	0
neutron	939.565	1.9027	98849	0	0
alpha	3727.38	3.88644	98849	0	0
O16	14895.1	1.96656	98849	0	0
Na23	21409.2	0.118818	99281.3	201.729	201.581
neutron	939.565	0.172609	98842.8	0	0
S34	31632.7	0.0958714	98842.8	0	0
neutron	939.565	0.349709	98799.4	0	0
S34	31632.7	0.113981	98799.4	0	0
neutron	939.565	3.09295	98849.1	0	0
S36	33495	0.159812	98849.1	0	0
proton	938.272	5.53245	98874.5	0	0
neutron	939.565	1.29717	98874.5	0	0
neutron	939.565	0.837945	98874.5	0	0
P32	29775.8	0.0837621	98874.5	0	0
neutron	939.565	22.3247	98905.2	0	0
neutron	939.565	7.25138	98905.2	0	0
neutron	939.565	3.91138	98905.2	0	0
alpha	3727.38	4.95614	98905.2	0	0
O16	14895.1	1.01069	98905.2	0	0
neutron	939.565	0.305916	98852.7	0	0
Ne22	20479.7	0.143939	98852.7	0	0
neutron	939.565	16.4562	98819.2	0	0
neutron	939.565	1.26726	98819.2	0	0
neutron	939.565	0.371124	98819.2	0	0
S34	31632.7	0.318746	98819.2	0	0
neutron	939.565	4.10184	98817.9	0	0
neutron	939.565	0.207257	98817.9	0	0
S35	32565.3	0.341832	98817.9	0	0
proton	938.272	15.2771	98795.1	0	0
neutron	939.565	4.14334	98795.1	0	0
neutron	939.565	3.29063	98795.1	0	0
neutron	939.565	1.60255	98795.1	0	0
neutron	939.565	0.841862	98795.1	0	0
F18	16763.2	1.42731	98795.1	0	0
neutron	939.565	0.248279	98882	0	0
S34	31632.7	0.212306	98882	0	0
S35	32565.3	0.142795	98878.1	0	0
neutron	939.565	7.84959	98847.3	0	0
neutron	939.565	2.24823	98847.3	0	0
neutron	939.565	1.61225	98847.3	0	0
Ne20	18617.7	0.116951	98847.3	0	0
neutron	939.565	0.376516	98939.4	0	0
S34	31632.7	0.212397	98939.4	0	0
Ne23	21414.1	0.228225	98835.6	0	0
neutron	939.565	13.2161	98866.1	0	0
proton	938.272	4.38481	98866.1	0	0
triton	2808.92	10.1667	98866.1	0	0
O18	16762	0.148338	98866.1	0	0
proton	938.272	30.5794	98853.7	0	0
neutron	939.565	21.3482	98853.7	0	0
F21	19556.7	1.88871	98853.7	0	0
S37	34430.2	0.139631	98822.1	0	0
neutron	939.565	0.73474	98805.4	0	0
S36	33495	0.178469	98805.4	0	0
neutron	939.565	19.3897	98873.2	0	0
neutron	939.565	12.3835	98873.2	0	0
neutron	939.565	4.83815	98873.2	0	0
S34	31632.7	1.36367	98873.2	0	0
S35	32565.3	0.145921	98835.5	0	0
proton	938.272	6.35718	98876.5	0	0
neutron	939.565	4.86198	98876.5	0	0
neutron	939.565	0.953497	98876.5	0	0
neutron	939.565	0.384259	98876.5	0	0
P33	30705.3	0.0441859	98876.5	0	0
neutron	939.565	2.89155	98817.7	0	0
S36	33495	0.0133757	98817.7	0	0
S35	32565.3	0.14629	98814	0	0
neutron	939.565	13.7594	98833.5	0	0
neutron	939.565	2.27177	98833.5	0	0
neutron	939.565	1.65838	98833.5	0	0
Ne20	18617.7	0.321088	98833.5	0	0
Ne23	21414.1	0.229139	98793.3	0	0
neutron	939.565	0.935619	98859.4	0	0
Ne22	20479.7	0.299788	98859.4	0	0
neutron	939.565	1.42257	98883.1	0	0
S34	31632.7	0.0601209	98883.1	0	0
neutron	939.565	8.88563	98808.3	0	0
neutron	939.565	3.7835	98808.3	0	0
neutron	939.565	3.35554	98808.3	0	0
alpha	3727.38	8.92233	98808.3	0	0
O16	14895.1	0.655949	98808.3	0	0
Ne23	21414.1	0.217753	98853.4	0	0
neutron	939.565	0.219652	98918	0	0
S34	31632.7	0.11683	98918	0	0
Ne23	21414.1	0.223603	98845.1	0	0
Na23	21409.2	0.122484	98939.5	62.2321	62.0775
neutron	939.565	12.11	98867.6	0	0
neutron	939.565	0.276271	98867.6	0	0
S33	30704.6	0.361128	98867.6	0	0
Ne23	21414.1	0.220579	98820.9	0	0
Cl37	34424.8	0.120587	99606	306.382	306.191
Ne23	21414.1	0.215622	98820	0	0
neutron	939.565	37.4988	98909.8	0	0
neutron	939.565	9.07898	98909.8	0	0
neutron	939.565	0.241405	98909.8	0	0
Ne20	18617.7	1.36493	98909.8	0	0
neutron	939.565	1.28404	98884.6	0	0
alpha	3727.38	4.50036	98884.6	0	0
O18	16762	0.697984	98884.6	0	0
neutron	939.565	41.7297	98841.4	0	0
neutron	939.565	19.3432	98841.4	0	0
neutron	939.565	1.38235	98841.4	0	0
Ne20	18617.7	2.33411	98841.4	0	0
Ne23	21414.1	0.228701	98815.2	0	0
Ne23	21414.1	0.229905	98836.9	0	0
neutron	939.565	2.16204	98928.6	0	0
Ne22	20479.7	0.212468	98928.6	0	0
neutron	939.565	32.6573	98846.2	0	0
neutron	939.565	7.30162	98846.2	0	0
neutron	939.565	3.08132	98846.2	0	0
Ne20	18617.7	1.82137	98846.2	0	0
Cl35	32564.6	0.166136	99099.1	108.004	107.651
neutron	939.565	0.175676	98904.6	0	0
S34	31632.7	0.106652	98904.6	0	0
proton	938.272	4.4867	98841.2	0	0
neutron	939.565	1.27256	98841.2	0	0
P33	30705.3	0.256871	98841.2	0	0
Ne23	21414.1	0.221413	98830.5	0	0
neutron	939.565	8.33376	98842.1	0	0
neutron	939.565	3.84288	98842.1	0	0
neutron	939.565	2.05228	98842.1	0	0
S32	29773.6	0.903657	98842.1	0	0
Na23	21409.2	0.101767	98947.2	69.4837	69.3551
neutron	939.565	0.122942	98872.5	0	0
Ne22	20479.7	0.228743	98872.5	0	0
S37	34430.2	0.140733	98860.9	0	0
neutron	939.565	11.7506	98949.2	0	0
proton	938.272	9.1642	98949.2	0	0
neutron	939.565	5.90228	98949.2	0	0
F20	18625.3	2.16008	98949.2	0	0
Ne23	21414.1	0.221528	98833.4	0	0
proton	938.272	9.38337	98865.9	0	0
neutron	939.565	4.38936	98865.9	0	0
neutron	939.565	3.66141	98865.9	0	0
neutron	939.565	0.423843	98865.9	0	0
P31	28844.2	0.0689416	98865.9	0	0
neutron	939.565	8.17437	98858.6	0	0
proton	938.272	5.90817	98858.6	0	0
neutron	939.565	3.51592	98858.6	0	0
neutron	939.565	1.0097	98858.6	0	0
F19	17692.3	0.305364	98858.6	0	0
neutron	939.565	6.90615	98825.6	0	0
neutron	939.565	1.93169	98825.6	0	0
neutron	939.565	1.62813	98825.6	0	0
S34	31632.7	0.168039	98825.6	0	0
Ne23	21414.1	0.230808	98851	0	0
neutron	939.565	10.6076	98838.6	0	0
neutron	939.565	6.14563	98838.6	0	0
proton	938.272	4.06749	98838.6	0	0
proton	938.272	2.80555	98838.6	0	0
neutron	939.565	1.06809	98838.6	0	0
Si30	27913.2	1.37831	98838.6	0	0
Ne23	21414.1	0.222931	98817.9	0	0
neutron	939.565	1.16641	98818	0	0
S34	31632.7	0.284215	98818	0	0
neutron	939.565	3.68275	98866.8	0	0
S34	31632.7	0.239566	98866.8	0	0
Ne23	21414.1	0.210503	98912.8	0	0
neutron	939.565	0.341932	98849.8	0	0
Ne22	20479.7	0.198494	98849.8	0	0
neutron	939.565	1.2046	98815.8	0	0
Ne22	20479.7	0.219532	98815.8	0	0
neutron	939.565	0.788596	98855.8	0	0
S34	31632.7	0.129849	98855.8	0	0
neutron	939.565	2.94864	98906.9	0	0
Ne22	20479.7	0.380604	98906.9	0	0
Ne23	21414.1	0.228297	98848.6	0	0
S35	32565.3	0.131965	98877.3	0	0
neutron	939.565	14.1612	98857.7	0	0
proton	938.272	8.1065	98857.7	0	0
proton	938.272	2.67323	98857.7	0	0
neutron	939.565	1.81604	98857.7	0	0
neutron	939.565	1.15241	98857.7	0	0
Si30	27913.2	0.595875	98857.7	0	0
proton	938.272	13.7497	98854	0	0
neutron	939.565	2.50083	98854	0	0
neutron	939.565	0.441797	98854	0	0
F20	18625.3	0.988319	98854	0	0
S35	32565.3	0.139527	98888.9	0	0
neutron	939.565	8.24232	98867	0	0
neutron	939.565	3.91487	98867	0	0
neutron	939.565	1.00106	98867	0	0
S32	29773.6	0.185795	98867	0	0
proton	938.272	13.6491	98849.5	0	0
neutron	939.565	9.36607	98849.5	0	0
neutron	939.565	6.87521	98849.5	0	0
neutron	939.565	4.6243	98849.5	0	0
proton	938.272	3.88716	98849.5	0	0
Si30	27913.2	0.574349	98849.5	0	0
neutron	939.565	8.37104	98825	0	0
neutron	939.565	5.23278	98825	0	0
proton	938.272	4.46421	98825	0	0
neutron	939.565	4.43721	98825	0	0
neutron	939.565	1.43789	98825	0	0
P32	29775.8	1.34523	98825	0	0
neutron	939.565	15.4211	98822.8	0	0
neutron	939.565	0.800402	98822.8	0	0
Ne21	19550.5	0.423961	98822.8	0	0
neutron	939.565	3.49293	98864.8	0	0
neutron	939.565	0.802388	98864.8	0	0
Ne21	19550.5	0.537317	98864.8	0	0
Na23	21409.2	0.121262	99258.7	198.603	198.186
Ne23	21414.1	0.222894	98836.9	0	0
Ne23	21414.1	0.222378	98845	0	0
Na23	21409.2	0.180778	98813.7	12.4812	12.2483
neutron	939.565	3.09713	98841.8	0	0
neutron	939.565	2.80724	98841.8	0	0
neutron	939.565	0.488907	98841.8	0	0
S32	29773.6	0.196916	98841.8	0	0
S35	32565.3	0.154859	98845.2	0	0
Ne23	21414.1	0.223078	98839.3	0	0
neutron	939.565	5.82371	98834.2	0	0
neutron	939.565	4.44501	98834.2	0	0
neutron	939.565	1.45947	98834.2	0	0
Ne20	18617.7	0.347166	98834.2	0	0
neutron	939.565	4.28978	98866.8	0	0
S34	31632.7	0.270129	98866.8	0	0
neutron	939.565	3.20483	98807.7	0	0
neutron	939.565	1.59443	98807.7	0	0
Ne21	19550.5	0.335223	98807.7	0	0
Ne23	21414.1	0.222755	98866.4	0	0
S35	32565.3	0.143229	98853.5	0	0
neutron	939.565	22.579	98854.1	0	0
proton	938.272	7.38967	98854.1	0	0
neutron	939.565	2.62286	98854.1	0	0
alpha	3727.38	6.83649	98854.1	0	0
Al28	26058.3	1.7542	98854.1	0	0
proton	938.272	5.93395	98885.3	0	0
proton	938.272	4.41733	98885.3	0	0
neutron	939.565	1.58489	98885.3	0	0
Si32	29776.6	0.781719	98885.3	0	0
neutron	939.565	1.08261	98812	0	0
Ne22	20479.7	0.229413	98812	0	0
proton	938.272	7.66154	98835.6	0	0
neutron	939.565	7.26658	98835.6	0	0
neutron	939.565	6.42504	98835.6	0	0
neutron	939.565	2.01598	98835.6	0	0
F19	17692.3	0.338243	98835.6	0	0
neutron	939.565	0.83061	98858.4	0	0
Ne22	20479.7	0.263206	98858.4	0	0
neutron	939.565	21.8811	98922.1	0	0
neutron	939.565	0.941228	98922.1	0	0
alpha	3727.38	7.55487	98922.1	0	0
Si29	26984.3	2.03617	98922.1	0	0
neutron	939.565	9.68901	98891.9	0	0
neutron	939.565	2.18452	98891.9	0	0
Ne21	19550.5	0.425979	98891.9	0	0
Ne23	21414.1	0.225431	98811.6	0	0
neutron	939.565	1.32597	98840.3	0	0
Ne22	20479.7	0.129628	98840.3	0	0
neutron	939.565	46.5938	98910.1	0	0
neutron	939.565	3.24606	98910.1	0	0
neutron	939.565	3.22703	98910.1	0	0
proton	938.272	2.84609	98910.1	0	0
P31	28844.2	1.6004	98910.1	0	0
neutron	939.565	0.0249602	98884.4	0	0
Ne22	20479.7	0.245944	98884.4	0	0
neutron	939.565	10.292	98820.6	0	0
proton	938.272	8.70799	98820.6	0	0
neutron	939.565	5.36124	98820.6	0	0
neutron	939.565	4.40449	98820.6	0	0
proton	938.272	2.35635	98820.6	0	0
Si30	27913.2	0.188012	98820.6	0	0
S37	34430.2	0.14361	98858.5	0	0
neutron	939.565	5.55224	98903.4	0	0
neutron	939.565	3.74799	98903.4	0	0
proton	938.272	3.58908	98903.4	0	0
proton	938.272	2.9644	98903.4	0	0
Si31	28846.2	0.558574	98903.4	0	0
neutron	939.565	0.42638	98843.4	0	0
S34	31632.7	0.201154	98843.4	0	0
neutron	939.565	0.467529	98883.4	0	0
S34	31632.7	0.156761	98883.4	0	0
neutron	939.565	2.66816	98850	0	0
neutron	939.565	1.68605	98850	0	0
Ne21	19550.5	0.262553	98850	0	0
neutron	939.565	0.775038	98855	0	0
S34	31632.7	0.105605	98855	0	0
neutron	939.565	1.31494	98848.1	0	0
Ne22	20479.7	0.18353	98848.1	0	0
neutron	939.565	29.9712	98837	0	0
neutron	939.565	6.03694	98837	0	0
neutron	939.565	4.33774	98837	0	0
Ne20	18617.7	2.00592	98837	0	0
neutron	939.565	0.625848	98855	0	0
S34	31632.7	0.266803	98855	0	0
neutron	939.565	0.0960173	98889.1	0	0
Ne22	20479.7	0.199614	98889.1	0	0
S35	32565.3	0.160644	98813.2	0	0
neutron	939.565	6.30712	98867.1	0	0
neutron	939.565	1.78398	98867.1	0	0
neutron	939.565	0.413888	98867.1	0	0
S34	31632.7	0.277321	98867.1	0	0
neutron	939.565	0.714829	98822	0	0
S34	31632.7	0.267108	98822	0	0
S37	34430.2	0.141734	98816.8	0	0
neutron	939.565	6.15706	98824.9	0	0
neutron	939.565	0.549227	98824.9	0	0
Ne21	19550.5	0.346654	98824.9	0	0
neutron	939.565	1.53465	98824.5	0	0
S34	31632.7	0.0496892	98824.5	0	0
neutron	939.565	27.613	98828.2	0	0
proton	938.272	3.02778	98828.2	0	0
F21	19556.7	2.04366	98828.2	0	0
neutron	939.565	0.197504	98870.3	0	0
S34	31632.7	0.168423	98870.3	0	0
neutron	939.565	2.39689	98851.6	0	0
neutron	939.565	1.37521	98851.6	0	0
neutron	939.565	0.183846	98851.6	0	0
alpha	3727.38	4.3928	98851.6	0	0
O16	14895.1	1.42264	98851.6	0	0
neutron	939.565	2.0582	98838	0	0
S36	33495	0.276907	98838	0	0
neutron	939.565	2.16258	98809.1	0	0
Ne22	20479.7	0.451393	98809.1	0	0
neutron	939.565	0.833066	98882.9	0	0
Ne22	20479.7	0.141721	98882.9	0	0
neutron	939.565	8.48077	98872.7	0	0
proton	938.272	6.94371	98872.7	0	0
neutron	939.565	1.06283	98872.7	0	0
neutron	939.565	0.128452	98872.7	0	0
P31	28844.2	0.684399	98872.7	0	0
neutron	939.565	14.0646	98860.3	0	0
neutron	939.565	3.46141	98860.3	0	0
neutron	939.565	0.800285	98860.3	0	0
S34	31632.7	0.169867	98860.3	0	0
neutron	939.565	0.275944	98849.1	0	0
S34	31632.7	0.188436	98849.1	0	0
Ne23	21414.1	0.22148	98773.5	0	0
neutron	939.565	0.831378	98852.1	0	0
Ne22	20479.7	0.153945	98852.1	0	0
neutron	939.565	1.67788	98879.3	0	0
Ne22	20479.7	0.185031	98879.3	0	0
neutron	939.565	1.8294	98832.1	0	0
S34	31632.7	0.204732	98832.1	0	0
S37	34430.2	0.128214	98867.4	0	0
neutron	939.565	7.41871	98893.8	0	0
neutron	939.565	3.32012	98893.8	0	0
proton	938.272	3.24009	98893.8	0	0
neutron	939.565	0.438602	98893.8	0	0
P31	28844.2	0.162958	98893.8	0	0
neutron	939.565	8.20263	98868.3	0	0
neutron	939.565	6.90442	98868.3	0	0
neutron	939.565	2.60681	98868.3	0	0
proton	938.272	2.25491	98868.3	0	0
alpha	3727.38	11.36	98868.3	0	0
Al27	25126.5	0.449254	98868.3	0	0
S35	32565.3	0.158216	98813.4	0	0
proton	938.272	6.76797	98872.3	0	0
neutron	939.565	4.95916	98872.3	0	0
neutron	939.565	3.92488	98872.3	0	0
neutron	939.565	1.61805	98872.3	0	0
P31	28844.2	0.631359	98872.3	0	0
proton	938.272	11.8359	98903.5	0	0
neutron	939.565	2.64198	98903.5	0	0
neutron	939.565	0.366589	98903.5	0	0
F20	18625.3	0.208445	98903.5	0	0
neutron	939.565	21.6902	98836.8	0	0
neutron	939.565	12.8306	98836.8	0	0
alpha	3727.38	7.83262	98836.8	0	0
Si29	26984.3	1.3286	98836.8	0	0
S35	32565.3	0.167383	98894	0	0
Cl35	32564.6	0.070846	98955.4	70.5116	70.3801
neutron	939.565	1.44621	98876.4	0	0
S34	31632.7	0.137262	98876.4	0	0
neutron	939.565	11.7348	98817.7	0	0
neutron	939.565	0.96656	98817.7	0	0
neutron	939.565	0.401771	98817.7	0	0
S34	31632.7	0.268738	98817.7	0	0
neutron	939.565	13.3057	98852.6	0	0
proton	938.272	4.20547	98852.6	0	0
neutron	939.565	1.17728	98852.6	0	0
neutron	939.565	0.682614	98852.6	0	0
P31	28844.2	0.750972	98852.6	0	0
Ne23	21414.1	0.224975	98844	0	0
Ne23	21414.1	0.214041	98847.8	0	0
S35	32565.3	0.162682	98868.5	0	0
neutron	939.565	7.73791	98812.3	0	0
neutron	939.565	7.00725	98812.3	0	0
neutron	939.565	1.03134	98812.3	0	0
alpha	3727.38	4.24716	98812.3	0	0
O16	14895.1	2.03738	98812.3	0	0
neutron	939.565	5.67092	98823.1	0	0
neutron	939.565	0.776075	98823.1	0	0
S35	32565.3	0.243953	98823.1	0	0
neutron	939.565	4.79589	98803.7	0	0
neutron	939.565	1.06715	98803.7	0	0
neutron	939.565	0.144816	98803.7	0	0
S34	31632.7	0.0322742	98803.7	0	0
neutron	939.565	20.8067	98854	0	0
neutron	939.565	2.20883	98854	0	0
Ne21	19550.5	0.947272	98854	0	0
neutron	939.565	21.4756	98868.8	0	0
neutron	939.565	17.0672	98868.8	0	0
neutron	939.565	1.49785	98868.8	0	0
S32	29773.6	0.370545	98868.8	0	0
neutron	939.565	2.83346	98787.3	0	0
S34	31632.7	0.377105	98787.3	0	0
neutron	939.565	0.627213	98813.4	0	0
S34	31632.7	0.242855	98813.4	0	0
neutron	939.565	0.530923	98830.1	0	0
Ne22	20479.7	0.348966	98830.1	0	0
Ne23	21414.1	0.226827	98860.5	0	0
S35	32565.3	0.151341	98825	0	0
neutron	939.565	1.0736	98880.7	0	0
S36	33495	0.0401274	98880.7	0	0
Ne23	21414.1	0.22189	98881.6	0	0
Ne23	21414.1	0.231899	98842.4	0	0
neutron	939.565	0.150487	98803.1	0	0
S34	31632.7	0.107068	98803.1	0	0
neutron	939.565	9.23468	98841.3	0	0
neutron	939.565	3.55001	98841.3	0	0
neutron	939.565	0.399975	98841.3	0	0
alpha	3727.38	4.71549	98841.3	0	0
O16	14895.1	2.24262	98841.3	0	0
proton	938.272	15.3546	98882.6	0	0
neutron	939.565	3.11672	98882.6	0	0
neutron	939.565	0.911598	98882.6	0	0
neutron	939.565	0.855259	98882.6	0	0
P33	30705.3	0.611239	98882.6	0	0
Ne23	21414.1	0.223975	98916.2	0	0
neutron	939.565	0.863336	98866.9	0	0
S34	31632.7	0.194055	98866.9	0	0
Cl37	34424.8	0.389818	99760.6	359.607	359.203
neutron	939.565	0.213558	98953.7	0	0
S34	31632.7	0.178699	98953.7	0	0
neutron	939.565	2.9199	98857.5	0	0
S34	31632.7	0.325803	98857.5	0	0
neutron	939.565	0.183305	98876.4	0	0
S34	31632.7	0.187546	98876.4	0	0
neutron	939.565	19.6623	98851.3	0	0
neutron	939.565	1.88074	98851.3	0	0
alpha	3727.38	7.74789	98851.3	0	0
alpha	3727.38	4.83335	98851.3	0	0
C13	12109.5	4.18957	98851.3	0	0
neutron	939.565	3.59973	98796.7	0	0
neutron	939.565	2.65102	98796.7	0	0
neutron	939.565	1.98343	98796.7	0	0
Ne20	18617.7	0.186792	98796.7	0	0
neutron	939.565	8.87037	98851.5	0	0
neutron	939.565	4.27519	98851.5	0	0
neutron	939.565	2.1777	98851.5	0	0
alpha	3727.38	17.0675	98851.5	0	0
O16	14895.1	4.24869	98851.5	0	0
S37	34430.2	0.140971	98832.9	0	0
neutron	939.565	1.51291	98865.8	0	0
S36	33495	0.186784	98865.8	0	0
neutron	939.565	0.707351	98826.6	0	0
S34	31632.7	0.22901	98826.6	0	0
proton	938.272	10.4002	98871.6	0	0
proton	938.272	7.99459	98871.6	0	0
neutron	939.565	4.16086	98871.6	0	0
neutron	939.565	2.26844	98871.6	0	0
O19	17697.6	0.0382257	98871.6	0	0
Ne23	21414.1	0.221868	98851.2	0	0
Cl35	32564.6	0.204874	99296	210.533	210.176
neutron	939.565	0.627789	98836.5	0	0
Ne22	20479.7	0.35572	98836.5	0	0
S37	34430.2	0.145071	98867.8	0	0
Na23	21409.2	0.115786	99166.8	173.507	173.39
Ne23	21414.1	0.230159	98852.8	0	0
neutron	939.565	20.5989	98859.9	0	0
neutron	939.565	5.61422	98859.9	0	0
Ne21	19550.5	0.142103	98859.9	0	0
neutron	939.565	3.56473	98795.5	0	0
S34	31632.7	0.181571	98795.5	0	0
Ne23	21414.1	0.223135	98831.8	0	0
neutron	939.565	1.25794	98839.3	0	0
Ne22	20479.7	0.428077	98839.3	0	0
Ne23	21414.1	0.22763	98872.1	0	0
S37	34430.2	0.129903	98868.8	0	0
neutron	939.565	2.20723	98813.1	0	0
Ne22	20479.7	0.562577	98813.1	0	0
neutron	939.565	0.268203	98831.9	0	0
S34	31632.7	0.142512	98831.9	0	0
Cl35	32564.6	0.0948506	99832	373.914	373.697
neutron	939.565	22.0656	98903.8	0	0
neutron	939.565	0.847264	98903.8	0	0
S33	30704.6	0.505644	98903.8	0	0
proton	938.272	12.3138	98956.6	0	0
neutron	939.565	0.39827	98956.6	0	0
P33	30705.3	0.178102	98956.6	0	0
neutron	939.565	1.16845	98869.4	0	0
Ne22	20479.7	0.383461	98869.4	0	0
neutron	939.565	0.528438	98854.3	0	0
S34	31632.7	0.195843	98854.3	0	0
neutron	939.565	9.58712	98855.4	0	0
neutron	939.565	8.60386	98855.4	0	0
neutron	939.565	4.22141	98855.4	0	0
neutron	939.565	1.25169	98855.4	0	0
S33	30704.6	0.400994	98855.4	0	0
Na23	21409.2	0.184467	99253	190.463	190.276
neutron	939.565	11.5894	98847.1	0	0
neutron	939.565	3.61372	98847.1	0	0
neutron	939.565	2.40935	98847.1	0	0
Ne20	18617.7	0.432333	98847.1	0	0
Cl35	32564.6	0.142451	99525.5	279.174	278.989
neutron	939.565	19.6754	98862.8	0	0
neutron	939.565	13.3382	98862.8	0	0
neutron	939.565	3.93402	98862.8	0	0
Ne20	18617.7	0.797914	98862.8	0	0
Ne23	21414.1	0.21641	98918.6	0	0
neutron	939.565	1.44958	98890.9	0	0
S36	33495	0.16506	98890.9	0	0
Na23	21409.2	0.139351	99932.1	422.996	422.826
neutron	939.565	9.44353	98906.3	0	0
neutron	939.565	4.33003	98906.3	0	0
proton	938.272	2.47851	98906.3	0	0
F20	18625.3	0.534257	98906.3	0	0
neutron	939.565	0.319891	98839.6	0	0
S36	33495	0.206218	98839.6	0	0
proton	938.272	23.9088	98838.2	0	0
neutron	939.565	23.0067	98838.2	0	0
neutron	939.565	1.84028	98838.2	0	0
F20	18625.3	0.19314	98838.2	0	0
Ne23	21414.1	0.228077	98819.7	0	0
S35	32565.3	0.144729	98889.2	0	0
neutron	939.565	0.159793	98852.6	0	0
Ne22	20479.7	0.195386	98852.6	0	0
neutron	939.565	0.967207	98862.5	0	0
Ne22	20479.7	0.120169	98862.5	0	0
S37	34430.2	0.13934	98874.3	0	0
Ne23	21414.1	0.224438	98844	0	0
neutron	939.565	3.78678	98860.4	0	0
neutron	939.565	0.184177	98860.4	0	0
S33	30704.6	0.120042	98860.4	0	0
S35	32565.3	0.145087	98912.6	0	0
neutron	939.565	7.13484	98827.4	0	0
neutron	939.565	3.17507	98827.4	0	0
neutron	939.565	1.65984	98827.4	0	0
Ne20	18617.7	1.15698	98827.4	0	0
Na23	21409.2	0.101579	99779.7	366.657	366.346
neutron	939.565	3.68947	98810.7	0	0
neutron	939.565	1.15362	98810.7	0	0
Ne21	19550.5	0.0764446	98810.7	0	0
neutron	939.565	13.4845	98800	0	0
neutron	939.565	11.8687	98800	0	0
neutron	939.565	8.8621	98800	0	0
S34	31632.7	0.928657	98800	0	0
neutron	939.565	1.46129	98849.9	0	0
S34	31632.7	0.0503529	98849.9	0	0
neutron	939.565	8.27232	98829.2	0	0
neutron	939.565	5.70282	98829.2	0	0
proton	938.272	3.30991	98829.2	0	0
neutron	939.565	2.98067	98829.2	0	0
P31	28844.2	0.483886	98829.2	0	0
Ne23	21414.1	0.220634	98853.3	0	0
neutron	939.565	38.9775	98833.1	0	0
neutron	939.565	2.20994	98833.1	0	0
proton	938.272	1.95548	98833.1	0	0
neutron	939.565	0.1733	98833.1	0	0
P31	28844.2	1.76814	98833.1	0	0
Ne23	21414.1	0.228372	98851.4	0	0
proton	938.272	5.93894	98883.3	0	0
neutron	939.565	4.84833	98883.3	0	0
proton	938.272	4.49607	98883.3	0	0
neutron	939.565	2.84477	98883.3	0	0
neutron	939.565	1.32607	98883.3	0	0
Si30	27913.2	1.55522	98883.3	0	0
neutron	939.565	2.17902	98895.6	0	0
S36	33495	0.123077	98895.6	0	0
neutron	939.565	10.1437	98874.4	0	0
proton	938.272	5.89889	98874.4	0	0
proton	938.272	3.47675	98874.4	0	0
neutron	939.565	2.64633	98874.4	0	0
neutron	939.565	2.35509	98874.4	0	0
neutron	939.565	1.81506	98874.4	0	0
neutron	939.565	0.303026	98874.4	0	0
Si28	26053.2	0.831567	98874.4	0	0
neutron	939.565	1.27793	98825.3	0	0
S34	31632.7	0.157266	98825.3	0	0
neutron	939.565	2.2005	98850.1	0	0
neutron	939.565	0.399334	98850.1	0	0
S35	32565.3	0.167118	98850.1	0	0
Ne23	21414.1	0.222576	98867.4	0	0
neutron	939.565	2.24769	98854.8	0	0
S34	31632.7	0.0784114	98854.8	0	0
neutron	939.565	0.209872	98918.2	0	0
Ne22	20479.7	0.285122	98918.2	0	0
neutron	939.565	0.154211	98834.2	0	0
S34	31632.7	0.169829	98834.2	0	0
neutron	939.565	0.30867	98831.5	0	0
Ne22	20479.7	0.279792	98831.5	0	0
neutron	939.565	1.73861	98850.3	0	0
neutron	939.565	1.15319	98850.3	0	0
Ne21	19550.5	0.323648	98850.3	0	0
proton	938.272	9.86733	98822.5	0	0
proton	938.272	6.35385	98822.5	0	0
neutron	939.565	2.87585	98822.5	0	0
neutron	939.565	0.554352	98822.5	0	0
Si31	28846.2	0.592283	98822.5	0	0
S35	32565.3	0.142057	98922.8	0	0
neutron	939.565	1.24353	98849.7	0	0
S34	31632.7	0.249357	98849.7	0	0
proton	938.272	30.6867	98894.2	0	0
neutron	939.565	0.791645	98894.2	0	0
P33	30705.3	0.567146	98894.2	0	0
neutron	939.565	24.8537	98816.1	0	0
proton	938.272	6.00685	98816.1	0	0
P33	30705.3	0.727681	98816.1	0	0
neutron	939.565	1.54405	98836.7	0	0
Ne22	20479.7	0.397788	98836.7	0	0
S35	32565.3	0.13902	98868	0	0
S35	32565.3	0.149613	98852.3	0	0
neutron	939.565	9.856	98845.3	0	0
neutron	939.565	3.4897	98845.3	0	0
Ne21	19550.5	0.704216	98845.3	0	0
neutron	939.565	6.29512	98930.7	0	0
proton	938.272	3.83361	98930.7	0	0
neutron	939.565	0.949438	98930.7	0	0
neutron	939.565	0.174837	98930.7	0	0
P31	28844.2	0.627392	98930.7	0	0
Ne23	21414.1	0.221366	98866.1	0	0
neutron	939.565	27.7988	98817.7	0	0
neutron	939.565	3.25431	98817.7	0	0
neutron	939.565	3.15655	98817.7	0	0
S32	29773.6	1.77939	98817.7	0	0
neutron	939.565	25.0123	98912.9	0	0
proton	938.272	4.14986	98912.9	0	0
neutron	939.565	3.71802	98912.9	0	0
neutron	939.565	2.39606	98912.9	0	0
triton	2808.92	6.55917	98912.9	0	0
Si28	26053.2	4.568	98912.9	0	0
Ne23	21414.1	0.214037	98837.2	0	0
neutron	939.565	7.19655	98888.6	0	0
neutron	939.565	4.8993	98888.6	0	0
neutron	939.565	1.58712	98888.6	0	0
Ne20	18617.7	0.577046	98888.6	0	0
neutron	939.565	21.9601	98823.4	0	0
neutron	939.565	7.57982	98823.4	0	0
neutron	939.565	2.03206	98823.4	0	0
S34	31632.7	0.242719	98823.4	0	0
neutron	939.565	17.6129	98853.1	0	0
neutron	939.565	1.4973	98853.1	0	0
Ne21	19550.5	1.37107	98853.1	0	0
Ne23	21414.1	0.216488	98832.1	0	0
Ne23	21414.1	0.212919	98861.9	0	0
neutron	939.565	0.325335	98868.1	0	0
Ne22	20479.7	0.285829	98868.1	0	0
Ne23	21414.1	0.219784	98847.7	0	0
neutron	939.565	0.650529	98937.6	0	0
S34	31632.7	0.191456	98937.6	0	0
Ne23	21414.1	0.223899	98872.4	0	0
neutron	939.565	0.799316	98857.6	0	0
Ne22	20479.7	0.271953	98857.6	0	0
S37	34430.2	0.143667	98835.6	0	0
Ne23	21414.1	0.235017	98860	0	0
neutron	939.565	2.51432	98889.6	0	0
Ne22	20479.7	0.210858	98889.6	0	0
Ne23	21414.1	0.211272	98831.9	0	0
Ne23	21414.1	0.223344	98832.2	0	0
neutron	939.565	4.33547	98929.7	0	0
S34	31632.7	0.0689089	98929.7	0	0
neutron	939.565	0.48762	98828.8	0	0
Ne22	20479.7	0.209114	98828.8	0	0
S35	32565.3	0.163444	98808.3	0	0
neutron	939.565	2.61859	98840.8	0	0
neutron	939.565	2.15447	98840.8	0	0
Ne21	19550.5	0.2448	98840.8	0	0
Na23	21409.2	0.136546	99402.1	243.263	243.101
neutron	939.565	1.51726	98905.4	0	0
Ne22	20479.7	0.418162	98905.4	0	0
neutron	939.565	1.08872	98842	0	0
Ne22	20479.7	0.281026	98842	0	0
neutron	939.565	5.17018	98905.3	0	0
neutron	939.565	1.90621	98905.3	0	0
Ne21	19550.5	0.312346	98905.3	0	0
neutron	939.565	1.60077	98858.7	0	0
Ne22	20479.7	0.24924	98858.7	0	0
neutron	939.565	34.1855	98828.3	0	0
neutron	939.565	4.52693	98828.3	0	0
neutron	939.565	3.86474	98828.3	0	0
alpha	3727.38	6.21876	98828.3	0	0
O16	14895.1	2.27792	98828.3	0	0
Ne23	21414.1	0.228266	98837.8	0	0
S37	34430.2	0.14077	98852.8	0	0
neutron	939.565	1.41104	98846.9	0	0
Ne22	20479.7	0.207898	98846.9	0	0
neutron	939.565	9.98079	98835.8	0	0
neutron	939.565	0.686779	98835.8	0	0
S33	30704.6	0.0989832	98835.8	0	0
Cl37	34424.8	0.187177	99622.9	313.969	313.772
neutron	939.565	6.77376	98911.6	0	0
neutron	939.565	0.241588	98911.6	0	0
Ne21	19550.5	0.687542	98911.6	0	0
Ne23	21414.1	0.22742	98827.4	0	0
Ne23	21414.1	0.23552	98871.3	0	0
neutron	939.565	14.3227	98850	0	0
proton	938.272	5.4486	98850	0	0
neutron	939.565	5.12744	98850	0	0
F20	18625.3	1.71249	98850	0	0
S35	32565.3	0.137615	98839.2	0	0
Na23	21409.2	0.35552	99490.7	269.327	268.828
neutron	939.565	5.63845	98955.6	0	0
neutron	939.565	1.4725	98955.6	0	0
S33	30704.6	0.0410055	98955.6	0	0
neutron	939.565	2.74384	98846	0	0
S36	33495	0.0303828	98846	0	0
Ne23	21414.1	0.214633	98870.9	0	0
neutron	939.565	10.1875	98889.4	0	0
neutron	939.565	2.68338	98889.4	0	0
neutron	939.565	1.58258	98889.4	0	0
Ne20	18617.7	0.767434	98889.4	0	0
neutron	939.565	0.676827	98841.3	0	0
Ne22	20479.7	0.131279	98841.3	0	0
neutron	939.565	14.8579	98846.8	0	0
alpha	3727.38	4.31375	98846.8	0	0
O18	16762	1.62115	98846.8	0	0
neutron	939.565	0.482037	98856.6	0	0
Ne22	20479.7	0.134567	98856.6	0	0
neutron	939.565	1.05902	98852.5	0	0
S34	31632.7	0.225011	98852.5	0	0
Ne23	21414.1	0.221065	98854.7	0	0
neutron	939.565	0.0130392	98892.3	0	0
Ne22	20479.7	0.211034	98892.3	0	0
S37	34430.2	0.133338	98887.6	0	0
neutron	939.565	0.154611	98886.7	0	0
S34	31632.7	0.117442	98886.7	0	0
neutron	939.565	0.704503	98867.5	0	0
S34	31632.7	0.11092	98867.5	0	0
proton	938.272	7.94838	98869	0	0
neutron	939.565	5.88014	98869	0	0
neutron	939.565	4.33009	98869	0	0
neutron	939.565	4.27186	98869	0	0
neutron	939.565	0.83376	98869	0	0
neutron	939.565	0.745317	98869	0	0
P31	28844.2	0.421623	98869	0	0
neutron	939.565	23.8875	98872.1	0	0
neutron	939.565	19.7196	98872.1	0	0
neutron	939.565	0.491016	98872.1	0	0
S32	29773.6	1.68716	98872.1	0	0
S35	32565.3	0.153646	98840.9	0	0
neutron	939.565	0.35847	98868.1	0	0
Ne22	20479.7	0.125715	98868.1	0	0
Ne23	21414.1	0.217098	98822	0	0
neutron	939.565	1.62505	98896.7	0	0
S34	31632.7	0.0607396	98896.7	0	0
S35	32565.3	0.159663	98920.5	0	0
neutron	939.565	15.0748	98836.2	0	0
neutron	939.565	11.1513	98836.2	0	0
neutron	939.565	2.72187	98836.2	0	0
Ne20	18617.7	1.87806	98836.2	0	0
Na23	21409.2	0.129562	99021.9	84.9467	84.7538
neutron	939.565	64.5491	98825.3	0	0
neutron	939.565	7.17247	98825.3	0	0
Ne21	19550.5	1.52624	98825.3	0	0
Ne23	21414.1	0.21192	98853.7	0	0
S35	32565.3	0.140769	98830.5	0	0
neutron	939.565	0.987471	98839.5	0	0
Ne22	20479.7	0.259217	98839.5	0	0
Cl37	34424.8	0.126475	99528.1	276.727	276.29
Cl35	32564.6	0.15233	99109.9	131.309	131.058
neutron	939.565	9.84549	98875.2	0	0
neutron	939.565	5.03214	98875.2	0	0
neutron	939.565	0.481427	98875.2	0	0
Ne20	18617.7	1.6039	98875.2	0	0
neutron	939.565	5.50137	98891.5	0	0
neutron	939.565	2.96333	98891.5	0	0
neutron	939.565	2.26441	98891.5	0	0
Ne20	18617.7	0.850482	98891.5	0	0
Ne23	21414.1	0.22052	98847.4	0	0
neutron	939.565	1.61463	98870.2	0	0
S34	31632.7	0.127253	98870.2	0	0
neutron	939.565	8.59491	98796.2	0	0
neutron	939.565	5.24051	98796.2	0	0
neutron	939.565	3.84934	98796.2	0	0
Ne20	18617.7	2.59057	98796.2	0	0
S35	32565.3	0.160311	98874.4	0	0
neutron	939.565	5.69186	98881.8	0	0
neutron	939.565	3.6584	98881.8	0	0
neutron	939.565	1.35407	98881.8	0	0
Ne20	18617.7	0.477799	98881.8	0	0
neutron	939.565	0.587413	98837.4	0	0
S34	31632.7	0.139006	98837.4	0	0
neutron	939.565	21.3358	98843.1	0	0
neutron	939.565	3.72194	98843.1	0	0
neutron	939.565	2.59837	98843.1	0	0
alpha	3727.38	10.1254	98843.1	0	0
O16	14895.1	3.74929	98843.1	0	0
neutron	939.565	0.75617	98808.9	0	0
S34	31632.7	0.0803854	98808.9	0	0
neutron	939.565	1.19136	98839.5	0	0
Ne22	20479.7	0.363945	98839.5	0	0
neutron	939.565	1.09121	98876.5	0	0
S34	31632.7	0.168544	98876.5	0	0
neutron	939.565	0.0962205	98807.9	0	0
S36	33495	0.13138	98807.9	0	0
Cl35	32564.6	0.0770455	99371.2	211.692	211.16
Ne23	21414.1	0.233568	98886.5	0	0
neutron	939.565	4.00701	98831.3	0	0
proton	938.272	3.01719	98831.3	0	0
P33	30705.3	0.530214	98831.3	0	0
neutron	939.565	0.179932	98854.5	0	0
S34	31632.7	0.151767	98854.5	0	0
Ne23	21414.1	0.226572	98804.7	0	0
Ne23	21414.1	0.203438	98867.9	0	0
neutron	939.565	14.2777	98807	0	0
neutron	939.565	1.30635	98807	0	0
Ne21	19550.5	1.01945	98807	0	0
neutron	939.565	15.9795	98856.8	0	0
neutron	939.565	1.76243	98856.8	0	0
deuteron	1875.61	13.3109	98856.8	0	0
F19	17692.3	1.40441	98856.8	0	0
Ne23	21414.1	0.217261	98859.4	0	0
neutron	939.565	3.98551	98885.4	0	0
neutron	939.565	1.54815	98885.4	0	0
deuteron	1875.61	11.1127	98885.4	0	0
F19	17692.3	2.47862	98885.4	0	0
neutron	939.565	7.10326	98868.6	0	0
proton	938.272	3.4381	98868.6	0	0
neutron	939.565	0.971608	98868.6	0	0
P32	29775.8	0.649336	98868.6	0	0
neutron	939.565	19.8917	98814.4	0	0
neutron	939.565	1.34472	98814.4	0	0
neutron	939.565	0.131824	98814.4	0	0
S32	29773.6	0.374466	98814.4	0	0
Ne23	21414.1	0.215554	98894.1	0	0
Ne23	21414.1	0.232878	98839.9	0	0
neutron	939.565	22.4937	98875	0	0
neutron	939.565	11.6333	98875	0	0
neutron	939.565	3.27536	98875	0	0
alpha	3727.38	9.41609	98875	0	0
O16	14895.1	1.82718	98875	0	0
S35	32565.3	0.156709	98875	0	0
S35	32565.3	0.166094	98866.6	0	0
neutron	939.565	0.2222	98903.1	0	0
S34	31632.7	0.119583	98903.1	0	0
neutron	939.565	8.07015	98808.9	0	0
proton	938.272	7.60473	98808.9	0	0
proton	938.272	2.47697	98808.9	0	0
Si32	29776.6	0.455924	98808.9	0	0
proton	938.272	3.01116	98862.7	0	0
neutron	939.565	1.68269	98862.7	0	0
P33	30705.3	0.345427	98862.7	0	0
neutron	939.565	23.969	98858.5	0	0
neutron	939.565	1.78321	98858.5	0	0
alpha	3727.38	7.17937	98858.5	0	0
Si29	26984.3	1.94749	98858.5	0	0
neutron	939.565	2.26926	98869.3	0	0
S34	31632.7	0.317165	98869.3	0	0
Cl35	32564.6	0.0709251	99925.1	417.35	417.259
neutron	939.565	1.61178	98858.4	0	0
S34	31632.7	0.157668	98858.4	0	0
proton	938.272	6.9001	98844.8	0	0
neutron	939.565	1.08922	98844.8	0	0
neutron	939.565	0.902761	98844.8	0	0
F20	18625.3	1.28286	98844.8	0	0
neutron	939.565	1.75913	98840	0	0
Ne22	20479.7	0.476205	98840	0	0
neutron	939.565	7.50827	98887.5	0	0
alpha	3727.38	11.6033	98887.5	0	0
alpha	3727.38	10.0805	98887.5	0	0
C14	13040.9	3.55557	98887.5	0	0
Ne23	21414.1	0.229574	98860.8	0	0
neutron	939.565	4.36778	98872.4	0	0
proton	938.272	4.31444	98872.4	0	0
deuteron	1875.61	8.35907	98872.4	0	0
alpha	3727.38	5.88751	98872.4	0	0
Mg27	25129.6	0.888824	98872.4	0	0
S35	32565.3	0.148106	98840.5	0	0
neutron	939.565	1.01701	98844.4	0	0
S34	31632.7	0.0455717	98844.4	0	0
S35	32565.3	0.136083	98853.2	0	0
neutron	939.565	15.7625	98849.2	0	0
proton	938.272	4.41313	98849.2	0	0
neutron	939.565	1.53148	98849.2	0	0
F20	18625.3	0.4728	98849.2	0	0
Cl35	32564.6	0.337823	99248.6	174.997	174.646
Ne23	21414.1	0.206453	98929.8	0	0
S35	32565.3	0.152707	98848.6	0	0
neutron	939.565	0.304551	98884.4	0	0
S34	31632.7	0.0848782	98884.4	0	0
neutron	939.565	10.5588	98830	0	0
neutron	939.565	0.944719	98830	0	0
S33	30704.6	0.420532	98830	0	0
S35	32565.3	0.166316	98854.5	0	0
neutron	939.565	3.21856	98873.5	0	0
Ne22	20479.7	0.430306	98873.5	0	0
neutron	939.565	6.23072	98830.9	0	0
neutron	939.565	1.18458	98830.9	0	0
neutron	939.565	0.764296	98830.9	0	0
S34	31632.7	0.108452	98830.9	0	0
neutron	939.565	14.0879	98843.5	0	0
neutron	939.565	5.39766	98843.5	0	0
proton	938.272	2.98729	98843.5	0	0
neutron	939.565	1.93632	98843.5	0	0
P31	28844.2	0.24834	98843.5	0	0
Na23	21409.2	0.270871	99049.1	99.4534	99.0038
neutron	939.565	1.24461	98906.9	0	0
Ne22	20479.7	0.261303	98906.9	0	0
Cl37	34424.8	0.0718643	99435.8	247.892	247.542
neutron	939.565	1.594	98904.8	0	0
neutron	939.565	0.717189	98904.8	0	0
alpha	3727.38	6.26461	98904.8	0	0
Si29	26984.3	1.92055	98904.8	0	0
Ne23	21414.1	0.230523	98845.3	0	0
neutron	939.565	1.5319	98859.4	0	0
S34	31632.7	0.259101	98859.4	0	0
neutron	939.565	2.33836	98832.3	0	0
neutron	939.565	2.21645	98832.3	0	0
neutron	939.565	0.482059	98832.3	0	0
Ne20	18617.7	0.464859	98832.3	0	0
Cl35	32564.6	0.0719434	99031	124.664	124.514
neutron	939.565	15.1449	98825.6	0	0
neutron	939.565	1.46194	98825.6	0	0
S33	30704.6	0.158193	98825.6	0	0
neutron	939.565	1.36035	98876.9	0	0
Ne22	20479.7	0.197281	98876.9	0	0
S35	32565.3	0.154626	98833.4	0	0
proton	938.272	15.2866	98842.2	0	0
neutron	939.565	0.746156	98842.2	0	0
F21	19556.7	0.429347	98842.2	0	0
Ne23	21414.1	0.230109	98844	0	0
Cl35	32564.6	0.0804764	99092	130.198	130.087
Ne23	21414.1	0.20336	98851.6	0	0
neutron	939.565	0.302363	98898.8	0	0
Ne22	20479.7	0.139878	98898.8	0	0
proton	938.272	7.09175	98921.8	0	0
neutron	939.565	4.41749	98921.8	0	0
neutron	939.565	3.28807	98921.8	0	0
proton	938.272	2.37915	98921.8	0	0
neutron	939.565	2.00312	98921.8	0	0
Si30	27913.2	0.758212	98921.8	0	0
neutron	939.565	13.9871	98844.7	0	0
neutron	939.565	0.265179	98844.7	0	0
alpha	3727.38	13.6669	98844.7	0	0
O17	15830.5	1.93879	98844.7	0	0
neutron	939.565	34.8622	98881.6	0	0
neutron	939.565	5.63925	98881.6	0	0
alpha	3727.38	7.22449	98881.6	0	0
Si31	28846.2	2.71732	98881.6	0	0
S35	32565.3	0.15572	98848.7	0	0
proton	938.272	6.11603	98802.7	0	0
neutron	939.565	4.95991	98802.7	0	0
neutron	939.565	3.23348	98802.7	0	0
proton	938.272	3.05462	98802.7	0	0
neutron	939.565	1.58414	98802.7	0	0
neutron	939.565	1.50409	98802.7	0	0
O17	15830.5	1.09258	98802.7	0	0
neutron	939.565	15.1097	98833.5	0	0
proton	938.272	7.47655	98833.5	0	0
F21	19556.7	0.840095	98833.5	0	0
neutron	939.565	0.644713	98815	0	0
S36	33495	0.147195	98815	0	0
neutron	939.565	0.665336	98791	0	0
S34	31632.7	0.0600586	98791	0	0
neutron	939.565	0.357351	98859.1	0	0
S36	33495	0.139088	98859.1	0	0
Ne23	21414.1	0.228696	98925.2	0	0
neutron	939.565	20.1559	98843.6	0	0
proton	938.272	3.26532	98843.6	0	0
neutron	939.565	1.24453	98843.6	0	0
neutron	939.565	1.03183	98843.6	0	0
F19	17692.3	1.6205	98843.6	0	0
neutron	939.565	3.8167	98849	0	0
neutron	939.565	2.5595	98849	0	0
S33	30704.6	0.218576	98849	0	0
S37	34430.2	0.137801	98817.7	0	0
neutron	939.565	0.772239	98853	0	0
S34	31632.7	0.198651	98853	0	0
neutron	939.565	7.78494	98808.4	0	0
neutron	939.565	3.98275	98808.4	0	0
neutron	939.565	3.62713	98808.4	0	0
alpha	3727.38	6.47373	98808.4	0	0
alpha	3727.38	2.78252	98808.4	0	0
C12	11174.9	4.43767	98808.4	0	0
Na23	21409.2	0.108272	99717.5	349.225	349.08
proton	938.272	28.3549	98848.3	0	0
neutron	939.565	10.947	98848.3	0	0
F21	19556.7	0.723387	98848.3	0	0
neutron	939.565	27.3147	98841.8	0	0
neutron	939.565	4.48625	98841.8	0	0
neutron	939.565	1.97204	98841.8	0	0
Ne20	18617.7	2.45005	98841.8	0	0
neutron	939.565	1.6079	98853.7	0	0
neutron	939.565	0.34329	98853.7	0	0
S33	30704.6	0.036562	98853.7	0	0
S35	32565.3	0.159639	98813.6	0	0
S35	32565.3	0.166192	98834	0	0
proton	938.272	6.3955	98828.4	0	0
proton	938.272	6.37653	98828.4	0	0
neutron	939.565	3.71646	98828.4	0	0
Si32	29776.6	0.709918	98828.4	0	0
Ne23	21414.1	0.223701	98822.4	0	0
Cl35	32564.6	0.153156	99509.6	273.744	273.551
Ne23	21414.1	0.222511	98873	0	0
Ne23	21414.1	0.22765	98834.8	0	0
neutron	939.565	7.01812	98879.8	0	0
neutron	939.565	0.137873	98879.8	0	0
deuteron	1875.61	6.1672	98879.8	0	0
P31	28844.2	0.499775	98879.8	0	0
neutron	939.565	4.957	98858.9	0	0
neutron	939.565	3.82758	98858.9	0	0
neutron	939.565	3.54856	98858.9	0	0
Ne20	18617.7	0.23094	98858.9	0	0
neutron	939.565	1.13494	98847.9	0	0
S34	31632.7	0.283813	98847.9	0	0
Ne23	21414.1	0.211975	98843.6	0	0
Ne23	21414.1	0.223111	98853.5	0	0
neutron	939.565	15.3507	98830	0	0
neutron	939.565	9.83268	98830	0	0
neutron	939.565	3.42159	98830	0	0
Ne20	18617.7	0.367093	98830	0	0
neutron	939.565	2.27361	98841.1	0	0
neutron	939.565	1.88857	98841.1	0	0
neutron	939.565	1.38071	98841.1	0	0
S32	29773.6	0.277903	98841.1	0	0
Ne23	21414.1	0.220519	98882.5	0	0
neutron	939.565	0.744924	98937.2	0	0
S36	33495	0.19342	98937.2	0	0
neutron	939.565	0.958251	98851.5	0	0
S34	31632.7	0.211625	98851.5	0	0
neutron	939.565	3.50306	98810.8	0	0
Ne22	20479.7	0.260169	98810.8	0	0
proton	938.272	5.25848	98848.5	0	0
neutron	939.565	3.26749	98848.5	0	0
P33	30705.3	0.362366	98848.5	0	0
neutron	939.565	0.296833	98815.8	0	0
Ne22	20479.7	0.211384	98815.8	0	0
neutron	939.565	15.1529	98835.1	0	0
neutron	939.565	8.30936	98835.1	0	0
proton	938.272	5.62066	98835.1	0	0
proton	938.272	2.06722	98835.1	0	0
neutron	939.565	1.20287	98835.1	0	0
O18	16762	2.30495	98835.1	0	0
neutron	939.565	5.07507	98820.1	0	0
proton	938.272	2.78623	98820.1	0	0
P33	30705.3	0.0180549	98820.1	0	0
neutron	939.565	1.51228	98812.7	0	0
S34	31632.7	0.195043	98812.7	0	0
Ne23	21414.1	0.224142	98836.1	0	0
neutron	939.565	0.291899	98868.8	0	0
S34	31632.7	0.128578	98868.8	0	0
neutron	939.565	0.293251	98863.8	0	0
Ne22	20479.7	0.158433	98863.8	0	0
neutron	939.565	0.660299	98870.4	0	0
S36	33495	0.0748689	98870.4	0	0
neutron	939.565	31.0717	98886.2	0	0
proton	938.272	20.5477	98886.2	0	0
F21	19556.7	1.47615	98886.2	0	0
neutron	939.565	1.21275	98852.8	0	0
S34	31632.7	0.228594	98852.8	0	0
neutron	939.565	12.4435	98870.5	0	0
neutron	939.565	2.31974	98870.5	0	0
Ne21	19550.5	0.915567	98870.5	0	0
Ne23	21414.1	0.201723	98853.5	0	0
neutron	939.565	1.37592	98808.1	0	0
S34	31632.7	0.0422406	98808.1	0	0
proton	938.272	32.4395	98827.3	0	0
neutron	939.565	30.1241	98827.3	0	0
F21	19556.7	0.0841934	98827.3	0	0
neutron	939.565	0.215169	98975.4	0	0
S36	33495	0.0880347	98975.4	0	0
neutron	939.565	1.07923	98874.7	0	0
S34	31632.7	0.244923	98874.7	0	0
neutron	939.565	5.47976	98792.3	0	0
neutron	939.565	4.42819	98792.3	0	0
neutron	939.565	2.1995	98792.3	0	0
Ne20	18617.7	0.373538	98792.3	0	0
neutron	939.565	3.88289	98815.5	0	0
neutron	939.565	0.440711	98815.5	0	0
neutron	939.565	0.311901	98815.5	0	0
alpha	3727.38	4.93695	98815.5	0	0
O16	14895.1	1.763	98815.5	0	0
neutron	939.565	0.0565511	98895.2	0	0
Ne22	20479.7	0.22867	98895.2	0	0
S35	32565.3	0.139355	98907.6	0	0
neutron	939.565	0.769128	98872.5	0	0
S34	31632.7	0.221389	98872.5	0	0
neutron	939.565	18.5862	98846.7	0	0
neutron	939.565	10.436	98846.7	0	0
neutron	939.565	6.05247	98846.7	0	0
neutron	939.565	4.6107	98846.7	0	0
neutron	939.565	0.952631	98846.7	0	0
S32	29773.6	0.322918	98846.7	0	0
neutron	939.565	24.4414	98850.5	0	0
neutron	939.565	1.60263	98850.5	0	0
Ne21	19550.5	1.10597	98850.5	0	0
S35	32565.3	0.15811	98812.7	0	0
proton	938.272	29.9372	98850	0	0
neutron	939.565	25.824	98850	0	0
F21	19556.7	1.13569	98850	0	0
neutron	939.565	0.520076	98838.1	0	0
Ne22	20479.7	0.103609	98838.1	0	0
neutron	939.565	12.8308	98839	0	0
neutron	939.565	10.7146	98839	0	0
neutron	939.565	2.3884	98839	0	0
Ne20	18617.7	0.267502	98839	0	0
S35	32565.3	0.158582	98902.5	0	0
neutron	939.565	11.8112	98924.7	0	0
neutron	939.565	8.33234	98924.7	0	0
neutron	939.565	5.74519	98924.7	0	0
alpha	3727.38	4.97838	98924.7	0	0
O16	14895.1	0.947351	98924.7	0	0
Ne23	21414.1	0.219315	98933.2	0	0
Ne23	21414.1	0.221294	98848.7	0	0
neutron	939.565	11.3803	98860.9	0	0
neutron	939.565	5.89406	98860.9	0	0
neutron	939.565	2.87043	98860.9	0	0
Ne20	18617.7	0.979301	98860.9	0	0
proton	938.272	18.8969	98830.9	0	0
neutron	939.565	9.36843	98830.9	0	0
proton	938.272	7.06784	98830.9	0	0
neutron	939.565	0.468887	98830.9	0	0
Si33	30711.6	0.620526	98830.9	0	0
Na23	21409.2	0.283617	99036.3	98.9682	98.4523
proton	938.272	44.6205	98891.7	0	0
neutron	939.565	0.885177	98891.7	0	0
neutron	939.565	0.147695	98891.7	0	0
P32	29775.8	1.89216	98891.7	0	0
S35	32565.3	0.137473	98858.5	0	0
neutron	939.565	0.219071	98874.8	0	0
S34	31632.7	0.182339	98874.8	0	0
neutron	939.565	0.803716	98843.5	0	0
S34	31632.7	0.0872584	98843.5	0	0
Ne23	21414.1	0.227182	98860.5	0	0
S35	32565.3	0.143789	98829.8	0	0
neutron	939.565	2.54301	98809.3	0	0
neutron	939.565	1.84005	98809.3	0	0
S33	30704.6	0.114987	98809.3	0	0
Ne23	21414.1	0.229501	98894	0	0
neutron	939.565	12.6763	98811.7	0	0
neutron	939.565	1.72951	98811.7	0	0
S33	30704.6	0.701591	98811.7	0	0
neutron	939.565	18.0486	98847	0	0
neutron	939.565	9.47519	98847	0	0
neutron	939.565	4.81401	98847	0	0
Ne20	18617.7	0.0754695	98847	0	0
neutron	939.565	0.140273	98762.2	0	0
Ne22	20479.7	0.201647	98762.2	0	0
Ne23	21414.1	0.223803	98836.3	0	0
neutron	939.565	1.27078	98828.7	0	0
Ne22	20479.7	0.191188	98828.7	0	0
neutron	939.565	0.468581	98878.2	0	0
S34	31632.7	0.15603	98878.2	0	0
neutron	939.565	22.4259	98830.9	0	0
neutron	939.565	14.9872	98830.9	0	0
neutron	939.565	4.29041	98830.9	0	0
alpha	3727.38	4.1067	98830.9	0	0
O16	14895.1	3.37341	98830.9	0	0
neutron	939.565	18.9296	98840.2	0	0
proton	938.272	5.85684	98840.2	0	0
neutron	939.565	0.876094	98840.2	0	0
neutron	939.565	0.857233	98840.2	0	0
P31	28844.2	0.84618	98840.2	0	0
S35	32565.3	0.150455	98840.7	0	0
neutron	939.565	0.161339	98857.7	0	0
Ne22	20479.7	0.22492	98857.7	0	0
Na23	21409.2	0.10586	98905.8	15.7138	15.5541
neutron	939.565	0.194329	98902.6	0	0
S34	31632.7	0.146135	98902.6	0	0
Ne23	21414.1	0.199562	98868.9	0	0
S37	34430.2	0.14391	98907	0	0
proton	938.272	13.7087	98862.5	0	0
neutron	939.565	10.3183	98862.5	0	0
proton	938.272	5.43683	98862.5	0	0
neutron	939.565	3.47898	98862.5	0	0
neutron	939.565	2.12344	98862.5	0	0
Si30	27913.2	0.683774	98862.5	0	0
neutron	939.565	0.956163	98888.3	0	0
S34	31632.7	0.190256	98888.3	0	0
neutron	939.565	0.0772978	98841.8	0	0
S34	31632.7	0.140173	98841.8	0	0
S35	32565.3	0.14769	98857.8	0	0
neutron	939.565	5.58627	98841	0	0
neutron	939.565	5.10475	98841	0	0
neutron	939.565	2.68792	98841	0	0
neutron	939.565	2.60461	98841	0	0
proton	938.272	2.34964	98841	0	0
F18	16763.2	0.460096	98841	0	0
S37	34430.2	0.137027	98827.6	0	0
neutron	939.565	4.6332	98881.2	0	0
proton	938.272	4.04977	98881.2	0	0
neutron	939.565	2.0497	98881.2	0	0
neutron	939.565	2.04336	98881.2	0	0
P31	28844.2	0.672362	98881.2	0	0
neutron	939.565	15.1374	98837.9	0	0
neutron	939.565	3.13877	98837.9	0	0
Ne21	19550.5	0.825755	98837.9	0	0
neutron	939.565	0.361214	98813.6	0	0
S34	31632.7	0.126045	98813.6	0	0
Ne23	21414.1	0.227849	98866	0	0
neutron	939.565	9.03298	98928.7	0	0
neutron	939.565	4.58004	98928.7	0	0
neutron	939.565	1.1781	98928.7	0	0
S32	29773.6	0.342182	98928.7	0	0
Na23	21409.2	0.146595	99334.2	203.585	203.176
neutron	939.565	0.594334	98867	0	0
S34	31632.7	0.100231	98867	0	0
S35	32565.3	0.150851	98851	0	0
Na23	21409.2	0.109757	99652.5	331.714	331.504
neutron	939.565	5.71232	98864.2	0	0
neutron	939.565	4.95576	98864.2	0	0
neutron	939.565	2.68392	98864.2	0	0
alpha	3727.38	5.77083	98864.2	0	0
O16	14895.1	4.13473	98864.2	0	0
neutron	939.565	0.97951	98894.5	0	0
S34	31632.7	0.198389	98894.5	0	0
neutron	939.565	1.67999	98869.5	0	0
S34	31632.7	0.110957	98869.5	0	0
neutron	939.565	2.61493	98862.6	0	0
S34	31632.7	0.208978	98862.6	0	0
neutron	939.565	1.11434	98864.3	0	0
S36	33495	0.198252	98864.3	0	0
neutron	939.565	1.90372	98836.9	0	0
neutron	939.565	1.73763	98836.9	0	0
neutron	939.565	1.58365	98836.9	0	0
deuteron	1875.61	5.01465	98836.9	0	0
P32	29775.8	0.30102	98836.9	0	0
S35	32565.3	0.160263	98829.8	0	0
neutron	939.565	0.35992	98916.3	0	0
S34	31632.7	0.101157	98916.3	0	0
neutron	939.565	0.273792	98827	0	0
Ne22	20479.7	0.224422	98827	0	0
Ne23	21414.1	0.212817	98832.7	0	0
neutron	939.565	0.640764	98875	0	0
Ne22	20479.7	0.396014	98875	0	0
neutron	939.565	5.84344	98837.7	0	0
neutron	939.565	5.69888	98837.7	0	0
neutron	939.565	3.30055	98837.7	0	0
neutron	939.565	1.12343	98837.7	0	0
S33	30704.6	0.203384	98837.7	0	0
neutron	939.565	2.42495	98816.7	0	0
S34	31632.7	0.132156	98816.7	0	0
neutron	939.565	0.237103	98849.6	0	0
S34	31632.7	0.0962011	98849.6	0	0
neutron	939.565	0.143285	98873.2	0	0
Ne22	20479.7	0.217739	98873.2	0	0
Ne23	21414.1	0.229091	98826.2	0	0
Ne23	21414.1	0.225859	98859.4	0	0
neutron	939.565	3.17577	98796	0	0
Ne22	20479.7	0.120066	98796	0	0
Cl35	32564.6	0.0972738	99879.6	402.976	402.86
neutron	939.565	41.3674	98838.4	0	0
neutron	939.565	2.8042	98838.4	0	0
neutron	939.565	0.742789	98838.4	0	0
S32	29773.6	1.33883	98838.4	0	0
neutron	939.565	1.47518	98893.6	0	0
S34	31632.7	0.272865	98893.6	0	0
neutron	939.565	0.446204	98873.6	0	0
S34	31632.7	0.0906303	98873.6	0	0
S35	32565.3	0.13697	98808.7	0	0
Na23	21409.2	0.213297	99751.4	356.326	356.113
Ne23	21414.1	0.2303	98848.1	0	0
S35	32565.3	0.147805	98877.1	0	0
neutron	939.565	13.1658	98855.2	0	0
neutron	939.565	3.53605	98855.2	0	0
neutron	939.565	2.17783	98855.2	0	0
S32	29773.6	0.498326	98855.2	0	0
Ne23	21414.1	0.20557	98826.8	0	0
neutron	939.565	6.24608	98856.4	0	0
neutron	939.565	1.0087	98856.4	0	0
alpha	3727.38	10.3349	98856.4	0	0
Si29	26984.3	1.94198	98856.4	0	0
neutron	939.565	1.46365	98840.8	0	0
Ne22	20479.7	0.0440502	98840.8	0	0
proton	938.272	57.1104	98846.8	0	0
neutron	939.565	6.70692	98846.8	0	0
P33	30705.3	1.84873	98846.8	0	0
neutron	939.565	0.329256	98838.1	0	0
Ne22	20479.7	0.272512	98838.1	0	0
Ne23	21414.1	0.228944	98854.8	0	0
neutron	939.565	0.525942	98825.2	0	0
S34	31632.7	0.140989	98825.2	0	0
neutron	939.565	2.99304	98854.3	0	0
neutron	939.565	1.05613	98854.3	0	0
S33	30704.6	0.251421	98854.3	0	0
Cl35	32564.6	0.0725463	99412.8	243.089	242.95
neutron	939.565	0.383473	98861.2	0	0
S34	31632.7	0.140533	98861.2	0	0
neutron	939.565	3.93152	98819.2	0	0
neutron	939.565	2.96034	98819.2	0	0
neutron	939.565	2.91855	98819.2	0	0
neutron	939.565	2.45173	98819.2	0	0
neutron	939.565	1.39548	98819.2	0	0
S32	29773.6	0.3817	98819.2	0	0
Cl35	32564.6	1.09162	99207.6	157.883	156.703
S35	32565.3	0.147487	99052	0	0
neutron	939.565	2.11444	98829.1	0	0
S36	33495	0.0174961	98829.1	0	0
Ne23	21414.1	0.204515	98845.8	0	0
neutron	939.565	1.00811	98874.7	0	0
Ne22	20479.7	0.430698	98874.7	0	0
neutron	939.565	0.612007	98849.3	0	0
S34	31632.7	0.152616	98849.3	0	0
neutron	939.565	1.77188	98863.6	0	0
Ne22	20479.7	0.219001	98863.6	0	0
neutron	939.565	8.51997	98838.7	0	0
neutron	939.565	6.50386	98838.7	0	0
neutron	939.565	5.14202	98838.7	0	0
neutron	939.565	3.38718	98838.7	0	0
neutron	939.565	2.17988	98838.7	0	0
S32	29773.6	0.922652	98838.7	0	0
neutron	939.565	10.9383	98896.3	0	0
neutron	939.565	5.99393	98896.3	0	0
neutron	939.565	2.29435	98896.3	0	0
neutron	939.565	2.21285	98896.3	0	0
alpha	3727.38	7.58943	98896.3	0	0
Si29	26984.3	4.1198	98896.3	0	0
neutron	939.565	3.39627	98848.9	0	0
neutron	939.565	2.07778	98848.9	0	0
Ne21	19550.5	0.130457	98848.9	0	0
neutron	939.565	11.6461	98817.2	0	0
proton	938.272	10.5609	98817.2	0	0
neutron	939.565	6.69734	98817.2	0	0
P34	31638.6	1.35833	98817.2	0	0
neutron	939.565	0.778556	98863.7	0	0
S36	33495	0.082071	98863.7	0	0
Ne23	21414.1	0.223994	98858.8	0	0
neutron	939.565	3.27886	98876.7	0	0
neutron	939.565	2.13113	98876.7	0	0
S33	30704.6	0.51487	98876.7	0	0
neutron	939.565	0.822022	98884.5	0	0
S34	31632.7	0.139009	98884.5	0	0
S35	32565.3	0.161983	98805.6	0	0
Cl37	34424.8	0.0674456	99336.8	217.385	217.315
neutron	939.565	0.373935	98922.3	0	0
Ne22	20479.7	0.113128	98922.3	0	0
neutron	939.565	23.357	98860.7	0	0
neutron	939.565	6.49242	98860.7	0	0
Ne21	19550.5	3.10776	98860.7	0	0
neutron	939.565	1.1553	98852.1	0	0
S36	33495	0.124045	98852.1	0	0
neutron	939.565	4.76308	98858.1	0	0
S34	31632.7	0.358822	98858.1	0	0
neutron	939.565	0.311968	98861.7	0	0
S34	31632.7	0.108768	98861.7	0	0
neutron	939.565	8.04865	98857.3	0	0
neutron	939.565	4.78619	98857.3	0	0
neutron	939.565	1.91873	98857.3	0	0
alpha	3727.38	3.38616	98857.3	0	0
O16	14895.1	4.85825	98857.3	0	0
neutron	939.565	20.3077	98830.7	0	0
neutron	939.565	4.69425	98830.7	0	0
neutron	939.565	1.30699	98830.7	0	0
neutron	939.565	0.568648	98830.7	0	0
S33	30704.6	1.43267	98830.7	0	0
neutron	939.565	7.57829	98888.7	0	0
neutron	939.565	1.32468	98888.7	0	0
Ne21	19550.5	0.215938	98888.7	0	0
neutron	939.565	0.582919	98818	0	0
S36	33495	0.198643	98818	0	0
neutron	939.565	1.03621	98826.6	0	0
neutron	939.565	0.494953	98826.6	0	0
alpha	3727.38	9.28154	98826.6	0	0
Si29	26984.3	0.824599	98826.6	0	0
S37	34430.2	0.137994	98859.8	0	0
Cl37	34424.8	0.122334	99594	305.309	305.155
S37	34430.2	0.13745	98891.7	0	0
Ne23	21414.1	0.235507	98845.2	0	0
S35	32565.3	0.156662	98888.6	0	0
neutron	939.565	0.329261	98869.7	0	0
S34	31632.7	0.224507	98869.7	0	0
S37	34430.2	0.134055	98875.6	0	0
neutron	939.565	7.23056	98853.3	0	0
neutron	939.565	5.74773	98853.3	0	0
neutron	939.565	4.70826	98853.3	0	0
neutron	939.565	1.91693	98853.3	0	0
neutron	939.565	0.857402	98853.3	0	0
S32	29773.6	1.6791	98853.3	0	0
Ne23	21414.1	0.213492	98857	0	0
S35	32565.3	0.156714	98896.1	0	0
neutron	939.565	1.4576	98866.6	0	0
S34	31632.7	0.122288	98866.6	0	0
neutron	939.565	17.0262	98850.8	0	0
alpha	3727.38	3.43234	98850.8	0	0
O18	16762	3.04304	98850.8	0	0
S35	32565.3	0.162548	98820	0	0
neutron	939.565	0.0891274	98889.1	0	0
S34	31632.7	0.169441	98889.1	0	0
neutron	939.565	0.841542	98818.1	0	0
Ne22	20479.7	0.172589	98818.1	0	0
neutron	939.565	1.53809	98851.5	0	0
Ne22	20479.7	0.155122	98851.5	0	0
neutron	939.565	30.2038	98837.3	0	0
neutron	939.565	4.7904	98837.3	0	0
neutron	939.565	0.253216	98837.3	0	0
Ne20	18617.7	1.78746	98837.3	0	0
Cl35	32564.6	0.0792064	99058.2	123.77	123.672
neutron	939.565	0.698652	98828.5	0	0
S34	31632.7	0.133351	98828.5	0	0
neutron	939.565	0.243249	98922.7	0	0
S34	31632.7	0.172631	98922.7	0	0
neutron	939.565	1.89473	98853.8	0	0
Ne22	20479.7	0.141031	98853.8	0	0
neutron	939.565	1.15869	98824.8	0	0
Ne22	20479.7	0.457054	98824.8	0	0
Ne23	21414.1	0.232756	98872	0	0
neutron	939.565	0.64637	98835.3	0	0
Ne22	20479.7	0.129211	98835.3	0	0
neutron	939.565	0.247608	98910.3	0	0
Ne22	20479.7	0.167861	98910.3	0	0
proton	938.272	7.01813	98868.4	0	0
deuteron	1875.61	4.83078	98868.4	0	0
Si32	29776.6	0.165539	98868.4	0	0
S35	32565.3	0.148734	98852.9	0	0
Ne23	21414.1	0.220305	98835.7	0	0
neutron	939.565	4.25778	98855.5	0	0
neutron	939.565	1.53298	98855.5	0	0
neutron	939.565	1.32801	98855.5	0	0
Ne20	18617.7	0.138462	98855.5	0	0
neutron	939.565	4.5775	98856	0	0
neutron	939.565	1.94389	98856	0	0
neutron	939.565	0.970063	98856	0	0
Ne20	18617.7	0.246092	98856	0	0
neutron	939.565	0.973662	98888.1	0	0
Ne22	20479.7	0.140661	98888.1	0	0
neutron	939.565	0.613209	98879.2	0	0
Ne22	20479.7	0.317499	98879.2	0	0
neutron	939.565	6.68615	98902.6	0	0
neutron	939.565	2.46409	98902.6	0	0
Ne21	19550.5	0.283459	98902.6	0	0
S35	32565.3	0.156075	98848.4	0	0
neutron	939.565	11.9899	98830.8	0	0
neutron	939.565	1.35287	98830.8	0	0
neutron	939.565	0.830489	98830.8	0	0
S34	31632.7	0.041085	98830.8	0	0
neutron	939.565	4.61801	98817.2	0	0
neutron	939.565	1.003	98817.2	0	0
neutron	939.565	0.764686	98817.2	0	0
alpha	3727.38	8.66721	98817.2	0	0
Si30	27913.2	1.22653	98817.2	0	0
Ne23	21414.1	0.223865	98870.2	0	0
neutron	939.565	12.5273	98877.6	0	0
neutron	939.565	3.34138	98877.6	0	0
neutron	939.565	2.49715	98877.6	0	0
alpha	3727.38	6.56134	98877.6	0	0
O16	14895.1	2.51582	98877.6	0	0
S35	32565.3	0.149449	98835.2	0	0
neutron	939.565	2.58915	98880.9	0	0
Ne22	20479.7	0.561032	98880.9	0	0
neutron	939.565	33.2136	98831.6	0	0
neutron	939.565	12.3653	98831.6	0	0
Ne21	19550.5	2.41767	98831.6	0	0
S35	32565.3	0.165108	98803.8	0	0
neutron	939.565	30.9222	98837.5	0	0
alpha	3727.38	6.70304	98837.5	0	0
O18	16762	2.27295	98837.5	0	0
S35	32565.3	0.136001	98846.2	0	0
Ne23	21414.1	0.231339	98937	0	0
neutron	939.565	7.90777	98825	0	0
neutron	939.565	1.68766	98825	0	0
neutron	939.565	0.879622	98825	0	0
alpha	3727.38	9.80291	98825	0	0
Si30	27913.2	0.394024	98825	0	0
neutron	939.565	0.954056	98824.6	0	0
Ne22	20479.7	0.113713	98824.6	0	0
neutron	939.565	1.54279	98876.9	0	0
Ne22	20479.7	0.340527	98876.9	0	0
neutron	939.565	5.39155	98852.6	0	0
proton	938.272	3.9745	98852.6	0	0
P33	30705.3	0.337567	98852.6	0	0
neutron	939.565	1.4938	98827.4	0	0
Ne22	20479.7	0.276678	98827.4	0	0
neutron	939.565	0.211039	98900.5	0	0
S34	31632.7	0.18162	98900.5	0	0
neutron	939.565	0.290392	98893.2	0	0
S34	31632.7	0.137254	98893.2	0	0
Cl35	32564.6	0.0829609	99532	279.518	279.245
Cl35	32564.6	0.148727	99403.4	237.714	237.535
Cl35	32564.6	0.139263	99804.4	366.217	365.853
S35	32565.3	0.14539	98815.9	0	0
proton	938.272	3.96678	98858.4	0	0
neutron	939.565	3.37922	98858.4	0	0
neutron	939.565	1.1076	98858.4	0	0
F20	18625.3	0.343989	98858.4	0	0
Cl35	32564.6	0.0776511	99931	417.679	417.476
neutron	939.565	6.66783	98853.1	0	0
neutron	939.565	6.11127	98853.1	0	0
neutron	939.565	4.21726	98853.1	0	0
alpha	3727.38	6.1489	98853.1	0	0
O16	14895.1	0.87231	98853.1	0	0
neutron	939.565	0.707935	98819.9	0	0
Ne22	20479.7	0.066413	98819.9	0	0
S35	32565.3	0.148709	98894.9	0	0
neutron	939.565	1.90314	98837.5	0	0
Ne22	20479.7	0.169624	98837.5	0	0
Ne23	21414.1	0.227989	98800.9	0	0
neutron	939.565	3.35613	98861.9	0	0
neutron	939.565	2.13277	98861.9	0	0
Ne21	19550.5	0.011858	98861.9	0	0
S37	34430.2	0.123979	98803.9	0	0
Ne23	21414.1	0.206735	98793.6	0	0
neutron	939.565	0.194076	98854.6	0	0
Ne22	20479.7	0.282284	98854.6	0	0
proton	938.272	6.6449	98852.1	0	0
neutron	939.565	4.80984	98852.1	0	0
proton	938.272	4.3064	98852.1	0	0
neutron	939.565	3.98508	98852.1	0	0
neutron	939.565	3.43733	98852.1	0	0
neutron	939.565	0.989567	98852.1	0	0
neutron	939.565	0.619055	98852.1	0	0
Si28	26053.2	1.84329	98852.1	0	0
neutron	939.565	2.52786	98839.6	0	0
Ne22	20479.7	0.0525404	98839.6	0	0
Cl37	34424.8	0.180095	99036.7	110.405	110
neutron	939.565	0.216889	98809	0	0
Ne22	20479.7	0.166793	98809	0	0
S35	32565.3	0.159906	98868.8	0	0
Na23	21409.2	0.375873	99359.8	223.171	222.759
proton	938.272	24.5259	98885.6	0	0
neutron	939.565	4.35477	98885.6	0	0
neutron	939.565	2.43139	98885.6	0	0
F20	18625.3	1.51094	98885.6	0	0
neutron	939.565	0.548109	98824.3	0	0
S34	31632.7	0.128824	98824.3	0	0
neutron	939.565	1.02311	98874.3	0	0
S34	31632.7	0.181873	98874.3	0	0
proton	938.272	8.91548	98863.1	0	0
proton	938.272	6.64834	98863.1	0	0
neutron	939.565	1.25467	98863.1	0	0
Si32	29776.6	0.250516	98863.1	0	0
neutron	939.565	1.407	98918.5	0	0
S34	31632.7	0.231675	98918.5	0	0
Ne23	21414.1	0.22048	98851	0	0
neutron	939.565	3.01798	98863.8	0	0
neutron	939.565	2.80971	98863.8	0	0
neutron	939.565	2.30167	98863.8	0	0
Ne20	18617.7	0.450638	98863.8	0	0
S37	34430.2	0.143772	98893.6	0	0
proton	938.272	31.6423	98836.1	0	0
proton	938.272	15.3705	98836.1	0	0
neutron	939.565	3.81379	98836.1	0	0
Si32	29776.6	1.57869	98836.1	0	0
Ne23	21414.1	0.213239	98894.2	0	0
neutron	939.565	19.0823	98855.3	0	0
neutron	939.565	3.86787	98855.3	0	0
proton	938.272	1.81829	98855.3	0	0
neutron	939.565	0.410524	98855.3	0	0
P31	28844.2	0.172786	98855.3	0	0
neutron	939.565	2.94309	98894.6	0	0
Ne22	20479.7	0.306335	98894.6	0	0
neutron	939.565	0.71502	98837.1	0	0
Ne22	20479.7	0.0896172	98837.1	0	0
Cl35	32564.6	0.164635	99881.3	403.943	403.756
neutron	939.565	0.701268	98835.4	0	0
S36	33495	0.0627242	98835.4	0	0
neutron	939.565	1.76272	98890.1	0	0
S34	31632.7	0.199507	98890.1	0	0
neutron	939.565	37.0832	98899.3	0	0
neutron	939.565	1.73807	98899.3	0	0
neutron	939.565	0.805954	98899.3	0	0
S34	31632.7	1.45767	98899.3	0	0
neutron	939.565	5.86556	98800.3	0	0
neutron	939.565	5.83855	98800.3	0	0
proton	938.272	5.35158	98800.3	0	0
neutron	939.565	0.589034	98800.3	0	0
P31	28844.2	0.619816	98800.3	0	0
neutron	939.565	1.24644	98851.5	0	0
S34	31632.7	0.220456	98851.5	0	0
neutron	939.565	3.82872	98854.3	0	0
neutron	939.565	2.3752	98854.3	0	0
Ne21	19550.5	0.322047	98854.3	0	0
neutron	939.565	4.83255	98856.7	0	0
Ne22	20479.7	0.172899	98856.7	0	0
neutron	939.565	1.69248	98865.1	0	0
Ne22	20479.7	0.421285	98865.1	0	0
neutron	939.565	4.10181	98859.7	0	0
neutron	939.565	3.86206	98859.7	0	0
neutron	939.565	2.8103	98859.7	0	0
Ne20	18617.7	0.399267	98859.7	0	0
S35	32565.3	0.148142	98825.6	0	0
proton	938.272	4.73128	98858.8	0	0
P34	31638.6	0.451479	98858.8	0	0
neutron	939.565	7.78508	98856.4	0	0
neutron	939.565	5.09109	98856.4	0	0
neutron	939.565	2.26016	98856.4	0	0
alpha	3727.38	9.2654	98856.4	0	0
O16	14895.1	1.46023	98856.4	0	0
neutron	939.565	15.2842	98845.3	0	0
neutron	939.565	3.71969	98845.3	0	0
neutron	939.565	2.11337	98845.3	0	0
alpha	3727.38	5.94666	98845.3	0	0
O16	14895.1	0.473573	98845.3	0	0
neutron	939.565	1.00667	98855.7	0	0
neutron	939.565	0.514777	98855.7	0	0
S33	30704.6	0.0689989	98855.7	0	0
neutron	939.565	0.761169	98855.5	0	0
Ne22	20479.7	0.194707	98855.5	0	0
S35	32565.3	0.158987	98851.3	0	0
S35	32565.3	0.149925	98847.8	0	0
neutron	939.565	2.44372	98838.9	0	0
neutron	939.565	2.10586	98838.9	0	0
neutron	939.565	1.5428	98838.9	0	0
Ne20	18617.7	0.284209	98838.9	0	0
neutron	939.565	0.229945	98920.1	0	0
S36	33495	0.118213	98920.1	0	0
neutron	939.565	6.5315	98859.5	0	0
proton	938.272	3.89936	98859.5	0	0
P33	30705.3	0.780841	98859.5	0	0
neutron	939.565	6.91485	98844.5	0	0
neutron	939.565	4.93747	98844.5	0	0
neutron	939.565	0.511972	98844.5	0	0
Ne20	18617.7	0.261733	98844.5	0	0
neutron	939.565	1.6544	98855.3	0	0
Ne22	20479.7	0.0940029	98855.3	0	0
neutron	939.565	1.74515	98821.2	0	0
S36	33495	0.238122	98821.2	0	0
neutron	939.565	0.154727	98878.5	0	0
Ne22	20479.7	0.221604	98878.5	0	0
S35	32565.3	0.166909	98834.8	0	0
neutron	939.565	3.71383	98871.1	0	0
neutron	939.565	0.863233	98871.1	0	0
S33	30704.6	0.0250415	98871.1	0	0
neutron	939.565	2.49608	98849.2	0	0
Ne22	20479.7	0.568749	98849.2	0	0
neutron	939.565	17.3266	98857.7	0	0
neutron	939.565	7.62911	98857.7	0	0
neutron	939.565	3.29489	98857.7	0	0
proton	938.272	3.0559	98857.7	0	0
P31	28844.2	0.516347	98857.7	0	0
neutron	939.565	11.4231	98822.2	0	0
neutron	939.565	1.55149	98822.2	0	0
neutron	939.565	0.820617	98822.2	0	0
Ne20	18617.7	0.549543	98822.2	0	0
S35	32565.3	0.147049	98864.5	0	0
neutron	939.565	4.91746	98839.5	0	0
Ne22	20479.7	0.691954	98839.5	0	0
neutron	939.565	3.54508	98889.8	0	0
neutron	939.565	0.138354	98889.8	0	0
alpha	3727.38	7.67742	98889.8	0	0
Si31	28846.2	0.569334	98889.8	0	0
neutron	939.565	2.86304	98913.3	0	0
neutron	939.565	2.57789	98913.3	0	0
neutron	939.565	0.0216466	98913.3	0	0
Ne20	18617.7	0.232776	98913.3	0	0
neutron	939.565	4.93529	98844.4	0	0
neutron	939.565	2.83439	98844.4	0	0
neutron	939.565	1.47705	98844.4	0	0
S34	31632.7	0.124165	98844.4	0	0
proton	938.272	3.3026	98811.1	0	0
neutron	939.565	1.83924	98811.1	0	0
neutron	939.565	1.56571	98811.1	0	0
deuteron	1875.61	2.90341	98811.1	0	0
Si30	27913.2	0.26602	98811.1	0	0
neutron	939.565	5.46671	98925.5	0	0
neutron	939.565	4.21593	98925.5	0	0
S33	30704.6	0.407149	98925.5	0	0
Ne23	21414.1	0.21476	98805.9	0	0
Ne23	21414.1	0.234366	98838.4	0	0
neutron	939.565	13.8962	98810.3	0	0
neutron	939.565	11.6658	98810.3	0	0
neutron	939.565	2.67917	98810.3	0	0
Ne20	18617.7	1.6311	98810.3	0	0
S37	34430.2	0.139495	98878.5	0	0
Na23	21409.2	0.123168	98895.9	19.1391	18.9324
neutron	939.565	0.628057	98889	0	0
S34	31632.7	0.1418	98889	0	0
neutron	939.565	1.10494	98795.5	0	0
S34	31632.7	0.172327	98795.5	0	0
neutron	939.565	31.8763	98828.4	0	0
neutron	939.565	28.8301	98828.4	0	0
neutron	939.565	3.45066	98828.4	0	0
Ne20	18617.7	1.54862	98828.4	0	0
neutron	939.565	2.04751	98857.2	0	0
S36	33495	0.0578262	98857.2	0	0
proton	938.272	35.9703	98863.3	0	0
neutron	939.565	10.8893	98863.3	0	0
F21	19556.7	1.24408	98863.3	0	0
Ne23	21414.1	0.226836	98805	0	0
Cl37	34424.8	0.0711908	99860.4	395.134	395.004
proton	938.272	3.21785	98852.6	0	0
P34	31638.6	0.174016	98852.6	0	0
proton	938.272	32.0954	98852.6	0	0
neutron	939.565	12.4332	98852.6	0	0
P33	30705.3	0.806738	98852.6	0	0
neutron	939.565	14.9083	98874.5	0	0
neutron	939.565	5.92199	98874.5	0	0
neutron	939.565	4.3484	98874.5	0	0
Ne20	18617.7	1.62596	98874.5	0	0
S35	32565.3	0.147085	98866.5	0	0
neutron	939.565	1.36987	98848.4	0	0
S36	33495	0.258875	98848.4	0	0
S35	32565.3	0.160325	98835.8	0	0
neutron	939.565	11.8836	98847.3	0	0
neutron	939.565	0.918675	98847.3	0	0
neutron	939.565	0.661335	98847.3	0	0
S32	29773.6	0.521967	98847.3	0	0
Na23	21409.2	0.157995	99892.5	400.41	400.252
neutron	939.565	6.58	98875	0	0
neutron	939.565	2.63608	98875	0	0
neutron	939.565	2.31525	98875	0	0
alpha	3727.38	8.7955	98875	0	0
O16	14895.1	1.82236	98875	0	0
neutron	939.565	1.93131	98827.9	0	0
S34	31632.7	0.236371	98827.9	0	0
neutron	939.565	1.59257	98849.1	0	0
S34	31632.7	0.186298	98849.1	0	0
Na23	21409.2	0.143518	98923.1	56.7259	56.4952
neutron	939.565	1.41179	98867.1	0	0
neutron	939.565	0.203424	98867.1	0	0
Ne21	19550.5	0.248171	98867.1	0	0
neutron	939.565	2.18052	98832.8	0	0
neutron	939.565	1.23836	98832.8	0	0
S35	32565.3	0.256065	98832.8	0	0
neutron	939.565	0.141528	98857.3	0	0
S34	31632.7	0.136109	98857.3	0	0
Na23	21409.2	0.10385	99033.8	88.4048	88.2389
Ne23	21414.1	0.226274	98858.1	0	0
S35	32565.3	0.160046	98940.9	0	0
neutron	939.565	13.894	98850.9	0	0
proton	938.272	5.65865	98850.9	0	0
proton	938.272	2.30226	98850.9	0	0
O20	18629.6	3.19947	98850.9	0	0
neutron	939.565	8.59436	98855.3	0	0
neutron	939.565	0.793486	98855.3	0	0
S33	30704.6	0.361626	98855.3	0	0
neutron	939.565	29.606	98806.7	0	0
neutron	939.565	12.3087	98806.7	0	0
neutron	939.565	0.282534	98806.7	0	0
S34	31632.7	0.877358	98806.7	0	0
neutron	939.565	30.8725	98879.5	0	0
neutron	939.565	25.933	98879.5	0	0
proton	938.272	5.50841	98879.5	0	0
P32	29775.8	0.492974	98879.5	0	0
neutron	939.565	0.465415	98875.7	0	0
S34	31632.7	0.110162	98875.7	0	0
neutron	939.565	26.7941	98868	0	0
neutron	939.565	8.04632	98868	0	0
neutron	939.565	5.75316	98868	0	0
alpha	3727.38	5.6167	98868	0	0
O16	14895.1	4.18431	98868	0	0
neutron	939.565	1.54733	98830.6	0	0
Ne22	20479.7	0.212387	98830.6	0	0
Ne23	21414.1	0.232544	98875.3	0	0
neutron	939.565	0.501956	98834.7	0	0
S34	31632.7	0.232015	98834.7	0	0
neutron	939.565	6.59189	98821.8	0	0
neutron	939.565	2.48181	98821.8	0	0
neutron	939.565	0.759222	98821.8	0	0
alpha	3727.38	9.66688	98821.8	0	0
O16	14895.1	2.08367	98821.8	0	0
neutron	939.565	12.0808	98871.6	0	0
proton	938.272	4.23314	98871.6	0	0
neutron	939.565	3.4611	98871.6	0	0
proton	938.272	3.29417	98871.6	0	0
neutron	939.565	1.60552	98871.6	0	0
neutron	939.565	1.21449	98871.6	0	0
Si29	26984.3	0.773589	98871.6	0	0
neutron	939.565	0.442779	98843.2	0	0
S34	31632.7	0.100198	98843.2	0	0
neutron	939.565	0.405824	98857.6	0	0
Ne22	20479.7	0.324131	98857.6	0	0
neutron	939.565	11.0547	98864	0	0
neutron	939.565	10.6015	98864	0	0
neutron	939.565	6.44993	98864	0	0
proton	938.272	5.45983	98864	0	0
P31	28844.2	1.34873	98864	0	0
neutron	939.565	0.329003	98809.9	0	0
Ne22	20479.7	0.286411	98809.9	0	0
neutron	939.565	4.1427	98836.1	0	0
neutron	939.565	3.39213	98836.1	0	0
proton	938.272	2.97446	98836.1	0	0
neutron	939.565	1.56359	98836.1	0	0
neutron	939.565	0.352652	98836.1	0	0
P30	27917	0.488884	98836.1	0	0
Na23	21409.2	0.280995	99107.2	125.899	125.587
neutron	939.565	11.7992	98853.4	0	0
Ne22	20479.7	0.581826	98853.4	0	0
S37	34430.2	0.133083	98901.2	0	0
neutron	939.565	0.139225	98872.8	0	0
Ne22	20479.7	0.179961	98872.8	0	0
neutron	939.565	1.37388	98830.7	0	0
S34	31632.7	0.0566761	98830.7	0	0
Na23	21409.2	0.170956	99984.3	438.446	438.2
proton	938.272	19.7772	98952.6	0	0
neutron	939.565	6.56089	98952.6	0	0
neutron	939.565	0.80986	98952.6	0	0
P32	29775.8	0.610155	98952.6	0	0
neutron	939.565	7.38255	98855.1	0	0
neutron	939.565	1.59144	98855.1	0	0
neutron	939.565	0.662545	98855.1	0	0
S32	29773.6	0.0377278	98855.1	0	0
Ne23	21414.1	0.213449	98839.5	0	0
Cl35	32564.6	0.168028	99104.8	123.703	123.435
neutron	939.565	5.41239	98890.5	0	0
Ne22	20479.7	0.444368	98890.5	0	0
neutron	939.565	13.8927	98881.1	0	0
neutron	939.565	13.363	98881.1	0	0
neutron	939.565	1.97347	98881.1	0	0
alpha	3727.38	6.60194	98881.1	0	0
O16	14895.1	1.49986	98881.1	0	0
neutron	939.565	4.01327	98828.2	0	0
neutron	939.565	3.07382	98828.2	0	0
neutron	939.565	1.26096	98828.2	0	0
Ne20	18617.7	0.0610105	98828.2	0	0
neutron	939.565	30.9917	98871.9	0	0
neutron	939.565	2.38227	98871.9	0	0
alpha	3727.38	13.6991	98871.9	0	0
Si29	26984.3	2.63066	98871.9	0	0
neutron	939.565	9.48756	98852	0	0
neutron	939.565	8.30452	98852	0	0
neutron	939.565	1.51947	98852	0	0
alpha	3727.38	5.0083	98852	0	0
O16	14895.1	0.871258	98852	0	0
neutron	939.565	1.54421	98879.6	0	0
Ne22	20479.7	0.284999	98879.6	0	0
S35	32565.3	0.156187	98895.1	0	0
neutron	939.565	12.0512	98843.7	0	0
alpha	3727.38	6.47525	98843.7	0	0
O18	16762	1.90307	98843.7	0	0
proton	938.272	9.99517	98822.1	0	0
neutron	939.565	1.84483	98822.1	0	0
neutron	939.565	0.818546	98822.1	0	0
F20	18625.3	1.12231	98822.1	0	0
neutron	939.565	22.507	98862.8	0	0
proton	938.272	5.4883	98862.8	0	0
neutron	939.565	2.53207	98862.8	0	0
P32	29775.8	0.251415	98862.8	0	0
neutron	939.565	1.80952	98843.6	0	0
S34	31632.7	0.21424	98843.6	0	0
neutron	939.565	1.04305	98884.8	0	0
S36	33495	0.128436	98884.8	0	0
neutron	939.565	1.00701	98838.9	0	0
S36	33495	0.149827	98838.9	0	0
neutron	939.565	5.48109	98906.4	0	0
neutron	939.565	4.31901	98906.4	0	0
neutron	939.565	1.45947	98906.4	0	0
alpha	3727.38	4.91796	98906.4	0	0
O16	14895.1	1.40932	98906.4	0	0
neutron	939.565	0.623105	98842.2	0	0
S34	31632.7	0.161925	98842.2	0	0
neutron	939.565	8.19858	98792.9	0	0
neutron	939.565	3.2819	98792.9	0	0
neutron	939.565	2.16551	98792.9	0	0
neutron	939.565	1.80289	98792.9	0	0
S31	28849.1	0.22962	98792.9	0	0
neutron	939.565	50.9	98937.6	0	0
neutron	939.565	3.67058	98937.6	0	0
alpha	3727.38	9.64397	98937.6	0	0
O17	15830.5	3.12842	98937.6	0	0
S35	32565.3	0.155323	98845.5	0	0
neutron	939.565	8.45487	98856.3	0	0
neutron	939.565	0.0394993	98856.3	0	0
S35	32565.3	0.0808231	98856.3	0	0
neutron	939.565	5.60498	98839.6	0	0
proton	938.272	4.0521	98839.6	0	0
neutron	939.565	1.49435	98839.6	0	0
triton	2808.92	10.1817	98839.6	0	0
Si29	26984.3	2.16797	98839.6	0	0
neutron	939.565	6.04119	98873.9	0	0
neutron	939.565	5.77109	98873.9	0	0
proton	938.272	4.29335	98873.9	0	0
neutron	939.565	4.10015	98873.9	0	0
P33	30705.3	0.835102	98873.9	0	0
neutron	939.565	0.0629881	98803.9	0	0
Ne22	20479.7	0.220977	98803.9	0	0
Ne23	21414.1	0.217748	98855.3	0	0
neutron	939.565	1.22109	98877.3	0	0
S36	33495	0.175361	98877.3	0	0
neutron	939.565	1.04265	98891.2	0	0
S34	31632.7	0.118946	98891.2	0	0
neutron	939.565	0.457889	98835.4	0	0
S34	31632.7	0.185744	98835.4	0	0
Ne23	21414.1	0.226892	98864.6	0	0
neutron	939.565	2.83921	98834.5	0	0
Ne22	20479.7	0.3279	98834.5	0	0
neutron	939.565	1.97814	98917	0	0
S34	31632.7	0.359234	98917	0	0
Ne23	21414.1	0.228913	98854.8	0	0
S35	32565.3	0.151613	98823.6	0	0
neutron	939.565	2.96228	98846.4	0	0
neutron	939.565	1.94655	98846.4	0	0
neutron	939.565	0.16686	98846.4	0	0
Ne20	18617.7	0.185826	98846.4	0	0
neutron	939.565	1.81814	98950.9	0	0
S34	31632.7	0.0219877	98950.9	0	0
Ne23	21414.1	0.229351	98852.5	0	0
neutron	939.565	27.6353	98821.1	0	0
neutron	939.565	7.12665	98821.1	0	0
alpha	3727.38	7.5888	98821.1	0	0
Si29	26984.3	0.537051	98821.1	0	0
neutron	939.565	4.85674	98874.5	0	0
S34	31632.7	0.235725	98874.5	0	0
proton	938.272	25.9632	98851	0	0
neutron	939.565	2.66045	98851	0	0
neutron	939.565	1.626	98851	0	0
F20	18625.3	0.301381	98851	0	0
S35	32565.3	0.147652	98834.7	0	0
neutron	939.565	1.51749	98878.1	0	0
Ne22	20479.7	0.351174	98878.1	0	0
neutron	939.565	0.674504	98854	0	0
S34	31632.7	0.254268	98854	0	0
neutron	939.565	19.908	98847.5	0	0
neutron	939.565	15.0316	98847.5	0	0
neutron	939.565	2.76577	98847.5	0	0
Ne20	18617.7	1.19047	98847.5	0	0
neutron	939.565	0.917611	98817	0	0
S34	31632.7	0.113209	98817	0	0
neutron	939.565	0.846497	98911.7	0	0
S34	31632.7	0.150994	98911.7	0	0
Ne23	21414.1	0.229706	98858.4	0	0
neutron	939.565	1.46977	98861.5	0	0
S34	31632.7	0.243873	98861.5	0	0
neutron	939.565	8.66229	98868.9	0	0
neutron	939.565	2.99416	98868.9	0	0
Ne21	19550.5	1.2612	98868.9	0	0
proton	938.272	9.09482	98846.3	0	0
neutron	939.565	1.18582	98846.3	0	0
neutron	939.565	0.807679	98846.3	0	0
P32	29775.8	0.408504	98846.3	0	0
neutron	939.565	0.440126	98827.4	0	0
Ne22	20479.7	0.271399	98827.4	0	0
proton	938.272	10.2635	98864.8	0	0
neutron	939.565	9.41476	98864.8	0	0
neutron	939.565	0.803544	98864.8	0	0
P32	29775.8	0.117252	98864.8	0	0
neutron	939.565	0.620986	98899.8	0	0
neutron	939.565	0.502717	98899.8	0	0
S33	30704.6	0.108296	98899.8	0	0
neutron	939.565	15.6868	98844.2	0	0
neutron	939.565	2.99647	98844.2	0	0
neutron	939.565	0.92042	98844.2	0	0
Ne20	18617.7	1.11472	98844.2	0	0
neutron	939.565	0.983201	98855	0	0
Ne22	20479.7	0.21013	98855	0	0
neutron	939.565	2.94578	98855.5	0	0
S34	31632.7	0.323537	98855.5	0	0
proton	938.272	6.31329	98904.2	0	0
neutron	939.565	0.966248	98904.2	0	0
F21	19556.7	0.0372342	98904.2	0	0
neutron	939.565	20.3518	98896.2	0	0
proton	938.272	5.98338	98896.2	0	0
neutron	939.565	3.0058	98896.2	0	0
neutron	939.565	0.999327	98896.2	0	0
P31	28844.2	0.39152	98896.2	0	0
S35	32565.3	0.166433	98869.5	0	0
Cl35	32564.6	0.179979	99087.9	124.759	124.452
neutron	939.565	0.5175	98856	0	0
S36	33495	0.128463	98856	0	0
neutron	939.565	25.9004	98835.3	0	0
neutron	939.565	10.2574	98835.3	0	0
proton	938.272	4.64571	98835.3	0	0
neutron	939.565	1.99199	98835.3	0	0
F19	17692.3	3.75309	98835.3	0	0
neutron	939.565	1.14755	98924.4	0	0
S34	31632.7	0.0985185	98924.4	0	0
neutron	939.565	1.57515	98825.5	0	0
Ne22	20479.7	0.117543	98825.5	0	0
Ne23	21414.1	0.233984	98804.5	0	0
neutron	939.565	27.2196	98849.7	0	0
neutron	939.565	4.51058	98849.7	0	0
S33	30704.6	0.834394	98849.7	0	0
neutron	939.565	5.89145	98817.3	0	0
neutron	939.565	3.39512	98817.3	0	0
S35	32565.3	0.208579	98817.3	0	0
neutron	939.565	6.49996	98834.3	0	0
neutron	939.565	3.58116	98834.3	0	0
neutron	939.565	2.5309	98834.3	0	0
S34	31632.7	0.243896	98834.3	0	0
Cl35	32564.6	0.101264	98861.2	36.5088	35.9453
neutron	939.565	26.4932	98863.8	0	0
neutron	939.565	8.29535	98863.8	0	0
neutron	939.565	0.985125	98863.8	0	0
Ne20	18617.7	0.403284	98863.8	0	0
neutron	939.565	32.0425	98835.9	0	0
neutron	939.565	18.3079	98835.9	0	0
neutron	939.565	4.78433	98835.9	0	0
Ne20	18617.7	0.292359	98835.9	0	0
neutron	939.565	0.428303	98956.3	0	0
Ne22	20479.7	0.278019	98956.3	0	0
neutron	939.565	19.7957	98834.5	0	0
neutron	939.565	1.5303	98834.5	0	0
S33	30704.6	0.183245	98834.5	0	0
neutron	939.565	0.142061	98836.4	0	0
S34	31632.7	0.173634	98836.4	0	0
Cl37	34424.8	0.136457	99324.8	210.443	210.277
neutron	939.565	12.8544	98847.6	0	0
neutron	939.565	0.475561	98847.6	0	0
Ne21	19550.5	1.1164	98847.6	0	0
Na23	21409.2	0.102151	99222.7	167.745	167.602
neutron	939.565	0.868242	98876.8	0	0
S34	31632.7	0.106144	98876.8	0	0
Ne23	21414.1	0.217676	98854.4	0	0
neutron	939.565	0.246174	98833.6	0	0
S34	31632.7	0.18139	98833.6	0	0
neutron	939.565	5.06425	98845.2	0	0
neutron	939.565	2.36416	98845.2	0	0
alpha	3727.38	12.869	98845.2	0	0
Si29	26984.3	1.22175	98845.2	0	0
neutron	939.565	4.72562	98771.5	0	0
Ne22	20479.7	0.365094	98771.5	0	0
neutron	939.565	22.2278	98805	0	0
neutron	939.565	4.9657	98805	0	0
neutron	939.565	2.28075	98805	0	0
alpha	3727.38	6.38415	98805	0	0
Si28	26053.2	1.39727	98805	0	0
Ne23	21414.1	0.225373	98891.1	0	0
neutron	939.565	0.144695	98851.8	0	0
Ne22	20479.7	0.183941	98851.8	0	0
neutron	939.565	4.13959	98861.4	0	0
neutron	939.565	0.871882	98861.4	0	0
S33	30704.6	0.337502	98861.4	0	0
Na23	21409.2	0.274233	99650.4	326.487	325.713
neutron	939.565	0.263662	98864.2	0	0
S34	31632.7	0.179605	98864.2	0	0
neutron	939.565	6.26399	98817	0	0
neutron	939.565	4.5879	98817	0	0
neutron	939.565	2.77654	98817	0	0
alpha	3727.38	4.02812	98817	0	0
O16	14895.1	1.02998	98817	0	0
S37	34430.2	0.141384	98875.5	0	0
proton	938.272	5.17563	98812	0	0
neutron	939.565	2.07298	98812	0	0
P33	30705.3	0.131499	98812	0	0
neutron	939.565	1.4698	98872.7	0	0
Ne22	20479.7	0.166008	98872.7	0	0
proton	938.272	4.87563	98845.8	0	0
neutron	939.565	4.85504	98845.8	0	0
neutron	939.565	3.4797	98845.8	0	0
neutron	939.565	1.92346	98845.8	0	0
F19	17692.3	3.08247	98845.8	0	0
S35	32565.3	0.160594	98900.6	0	0
neutron	939.565	7.17023	98847.4	0	0
neutron	939.565	4.82502	98847.4	0	0
neutron	939.565	0.22616	98847.4	0	0
Ne20	18617.7	0.78422	98847.4	0	0
proton	938.272	30.5972	98836.5	0	0
neutron	939.565	19.6336	98836.5	0	0
F21	19556.7	0.923369	98836.5	0	0
proton	938.272	20.2751	98870.1	0	0
neutron	939.565	7.8112	98870.1	0	0
neutron	939.565	3.80282	98870.1	0	0
neutron	939.565	1.58578	98870.1	0	0
F19	17692.3	0.827537	98870.1	0	0
neutron	939.565	7.15045	98910.9	0	0
proton	938.272	6.10684	98910.9	0	0
neutron	939.565	0.0500423	98910.9	0	0
P32	29775.8	0.230077	98910.9	0	0
proton	938.272	5.60783	98862.7	0	0
neutron	939.565	3.75408	98862.7	0	0
neutron	939.565	1.00661	98862.7	0	0
P32	29775.8	0.0923643	98862.7	0	0
neutron	939.565	3.15748	98884.6	0	0
neutron	939.565	2.85387	98884.6	0	0
neutron	939.565	0.989677	98884.6	0	0
Ne20	18617.7	0.40366	98884.6	0	0
neutron	939.565	0.425091	98873	0	0
Ne22	20479.7	0.295119	98873	0	0
neutron	939.565	7.05541	98866.4	0	0
S34	31632.7	0.151812	98866.4	0	0
neutron	939.565	4.54584	98827.2	0	0
alpha	3727.38	8.81245	98827.2	0	0
O18	16762	1.06776	98827.2	0	0
neutron	939.565	1.57436	98861.5	0	0
S34	31632.7	0.0485377	98861.5	0	0
proton	938.272	9.01507	98842.6	0	0
neutron	939.565	4.35961	98842.6	0	0
neutron	939.565	3.1794	98842.6	0	0
neutron	939.565	0.82582	98842.6	0	0
F19	17692.3	0.899436	98842.6	0	0
neutron	939.565	9.81148	98877.7	0	0
neutron	939.565	4.84711	98877.7	0	0
neutron	939.565	4.48248	98877.7	0	0
Ne20	18617.7	1.14306	98877.7	0	0
Cl37	34424.8	0.311496	99165.8	160.911	160.443
neutron	939.565	2.61561	98875.4	0	0
neutron	939.565	0.145753	98875.4	0	0
S35	32565.3	0.049417	98875.4	0	0
neutron	939.565	0.659235	98849.5	0	0
S34	31632.7	0.145366	98849.5	0	0
neutron	939.565	1.88891	98888.5	0	0
Ne22	20479.7	0.430877	98888.5	0	0
Ne23	21414.1	0.211901	98861.3	0	0
S37	34430.2	0.139392	98845.8	0	0
neutron	939.565	1.58827	98915.9	0	0
S34	31632.7	0.252281	98915.9	0	0
neutron	939.565	0.693026	98865.5	0	0
Ne22	20479.7	0.17572	98865.5	0	0
neutron	939.565	0.901658	98931.8	0	0
S34	31632.7	0.0835602	98931.8	0	0
neutron	939.565	12.09	98869.8	0	0
neutron	939.565	5.4544	98869.8	0	0
Ne21	19550.5	0.581919	98869.8	0	0
Ne23	21414.1	0.222308	98821.3	0	0
neutron	939.565	0.593096	98853	0	0
S34	31632.7	0.103156	98853	0	0
neutron	939.565	12.4963	98884	0	0
neutron	939.565	4.9018	98884	0	0
neutron	939.565	1.01586	98884	0	0
Ne20	18617.7	1.02494	98884	0	0
neutron	939.565	0.426673	98891	0	0
Ne22	20479.7	0.15129	98891	0	0
neutron	939.565	5.76558	98870.5	0	0
neutron	939.565	0.591005	98870.5	0	0
Ne21	19550.5	0.16736	98870.5	0	0
Ne23	21414.1	0.224636	98850.9	0	0
Cl35	32564.6	0.111446	99738.9	348.471	348.222
neutron	939.565	0.460542	98864.3	0	0
S34	31632.7	0.21922	98864.3	0	0
S37	34430.2	0.137689	98843.5	0	0
neutron	939.565	7.24501	98803.7	0	0
neutron	939.565	4.48302	98803.7	0	0
neutron	939.565	3.50926	98803.7	0	0
S32	29773.6	0.657672	98803.7	0	0
neutron	939.565	9.875	98857.7	0	0
neutron	939.565	1.79985	98857.7	0	0
S33	30704.6	0.247546	98857.7	0	0
neutron	939.565	6.83397	98825.9	0	0
neutron	939.565	4.1719	98825.9	0	0
neutron	939.565	2.47743	98825.9	0	0
neutron	939.565	2.42959	98825.9	0	0
S33	30704.6	0.906995	98825.9	0	0
Cl35	32564.6	0.160834	99703.1	346.254	345.886
neutron	939.565	7.07322	98847.5	0	0
neutron	939.565	0.560606	98847.5	0	0
neutron	939.565	0.483134	98847.5	0	0
alpha	3727.38	10.1295	98847.5	0	0
Si28	26053.2	0.627279	98847.5	0	0
neutron	939.565	14.297	98846	0	0
neutron	939.565	2.06326	98846	0	0
neutron	939.565	1.6183	98846	0	0
S34	31632.7	0.0727013	98846	0	0
proton	938.272	4.09528	98853.9	0	0
neutron	939.565	1.65598	98853.9	0	0
P33	30705.3	0.079227	98853.9	0	0
neutron	939.565	7.5955	98898.4	0	0
neutron	939.565	4.57116	98898.4	0	0
neutron	939.565	3.42085	98898.4	0	0
alpha	3727.38	11.7378	98898.4	0	0
alpha	3727.38	3.22596	98898.4	0	0
C12	11174.9	2.6566	98898.4	0	0
Na23	21409.2	0.124771	99054.5	124.253	123.895
neutron	939.565	0.340662	98844.2	0	0
Ne22	20479.7	0.306744	98844.2	0	0
neutron	939.565	0.677762	98879.6	0	0
S34	31632.7	0.0893425	98879.6	0	0
neutron	939.565	0.121122	98854.4	0	0
S34	31632.7	0.14448	98854.4	0	0
neutron	939.565	0.0832623	98820.1	0	0
S36	33495	0.136482	98820.1	0	0
neutron	939.565	0.382106	98832.7	0	0
S34	31632.7	0.179902	98832.7	0	0
neutron	939.565	3.20781	98863.8	0	0
neutron	939.565	3.19758	98863.8	0	0
Ne21	19550.5	0.170837	98863.8	0	0
neutron	939.565	4.51608	98880.5	0	0
S34	31632.7	0.491516	98880.5	0	0
Cl37	34424.8	0.0712373	98930.3	59.9583	59.664
proton	938.272	4.94783	98874	0	0
neutron	939.565	1.25331	98874	0	0
P33	30705.3	0.354047	98874	0	0
neutron	939.565	3.31755	98852.6	0	0
S34	31632.7	0.0122779	98852.6	0	0
Cl35	32564.6	0.113665	99678.3	327.455	327.079
neutron	939.565	7.75492	98838	0	0
S34	31632.7	0.130302	98838	0	0
proton	938.272	22.5885	98905.6	0	0
proton	938.272	9.22809	98905.6	0	0
neutron	939.565	8.01886	98905.6	0	0
Si32	29776.6	1.13486	98905.6	0	0
neutron	939.565	0.370726	98861.3	0	0
Ne22	20479.7	0.306151	98861.3	0	0
proton	938.272	7.76583	98851	0	0
neutron	939.565	7.5522	98851	0	0
neutron	939.565	3.17266	98851	0	0
neutron	939.565	2.93197	98851	0	0
neutron	939.565	0.437629	98851	0	0
F18	16763.2	1.48989	98851	0	0
S35	32565.3	0.142277	98865.9	0	0
Ne23	21414.1	0.228658	98844.9	0	0
S35	32565.3	0.162252	98861.9	0	0
neutron	939.565	0.945468	98865.1	0	0
Ne22	20479.7	0.0960426	98865.1	0	0
neutron	939.565	4.49005	98873.2	0	0
neutron	939.565	1.60437	98873.2	0	0
Ne21	19550.5	0.197063	98873.2	0	0
Cl35	32564.6	0.0881447	99433.6	241.181	241.051
neutron	939.565	4.0536	98902.4	0	0
neutron	939.565	1.62646	98902.4	0	0
Ne21	19550.5	0.540104	98902.4	0	0
neutron	939.565	6.10243	98844.5	0	0
Ne22	20479.7	0.334876	98844.5	0	0
S37	34430.2	0.13766	98828.7	0	0
Na23	21409.2	1.55014	99458.8	253.272	251.65
neutron	939.565	12.0184	98845	0	0
proton	938.272	4.5703	98845	0	0
neutron	939.565	4.41361	98845	0	0
neutron	939.565	4.25509	98845	0	0
proton	938.272	4.11358	98845	0	0
neutron	939.565	1.17555	98845	0	0
neutron	939.565	0.951837	98845	0	0
Si28	26053.2	0.538126	98845	0	0
neutron	939.565	0.602066	98864.9	0	0
S34	31632.7	0.0773193	98864.9	0	0
neutron	939.565	0.477676	98904.5	0	0
S34	31632.7	0.157	98904.5	0	0
neutron	939.565	1.61984	98891.9	0	0
S34	31632.7	0.21899	98891.9	0	0
neutron	939.565	19.656	98836.9	0	0
neutron	939.565	16.1988	98836.9	0	0
neutron	939.565	4.07053	98836.9	0	0
alpha	3727.38	9.68945	98836.9	0	0
O16	14895.1	1.22142	98836.9	0	0
neutron	939.565	0.968076	98811	0	0
S34	31632.7	0.0852069	98811	0	0
neutron	939.565	5.93051	98816.8	0	0
neutron	939.565	5.40248	98816.8	0	0
proton	938.272	4.70018	98816.8	0	0
neutron	939.565	2.36927	98816.8	0	0
P31	28844.2	0.139464	98816.8	0	0
Ne23	21414.1	0.197098	98849.9	0	0
neutron	939.565	11.6274	98888.4	0	0
neutron	939.565	6.75737	98888.4	0	0
neutron	939.565	1.99231	98888.4	0	0
alpha	3727.38	2.14116	98888.4	0	0
O16	14895.1	4.90304	98888.4	0	0
neutron	939.565	2.01618	98848.7	0	0
S34	31632.7	0.0392729	98848.7	0	0
neutron	939.565	0.514641	98875	0	0
S34	31632.7	0.200471	98875	0	0
S35	32565.3	0.165341	98852.9	0	0
neutron	939.565	0.957899	98838.3	0	0
Ne22	20479.7	0.305514	98838.3	0	0
neutron	939.565	0.727076	98884.3	0	0
S34	31632.7	0.0569544	98884.3	0	0
neutron	939.565	0.761481	98891.6	0	0
Ne22	20479.7	0.103307	98891.6	0	0
neutron	939.565	2.03469	98875.4	0	0
neutron	939.565	0.988292	98875.4	0	0
neutron	939.565	0.513582	98875.4	0	0
Ne20	18617.7	0.403831	98875.4	0	0
proton	938.272	14.667	98872.3	0	0
neutron	939.565	7.17144	98872.3	0	0
neutron	939.565	0.828239	98872.3	0	0
P32	29775.8	0.674081	98872.3	0	0
neutron	939.565	2.09389	98878.6	0	0
Ne22	20479.7	0.526114	98878.6	0	0
Ne23	21414.1	0.217926	98804.5	0	0
neutron	939.565	11.4255	98807.7	0	0
neutron	939.565	1.39167	98807.7	0	0
alpha	3727.38	12.1254	98807.7	0	0
O17	15830.5	1.10076	98807.7	0	0
Ne23	21414.1	0.224134	98867	0	0
neutron	939.565	1.19669	98844.6	0	0
S34	31632.7	0.0757249	98844.6	0	0
neutron	939.565	4.9059	98848.9	0	0
neutron	939.565	3.90326	98848.9	0	0
neutron	939.565	1.02134	98848.9	0	0
S32	29773.6	0.167649	98848.9	0	0
neutron	939.565	0.979273	98918.6	0	0
Ne22	20479.7	0.0833421	98918.6	0	0
neutron	939.565	4.03476	98815.4	0	0
proton	938.272	2.8159	98815.4	0	0
neutron	939.565	0.718144	98815.4	0	0
P32	29775.8	0.0251951	98815.4	0	0
neutron	939.565	11.4862	98852.6	0	0
proton	938.272	5.17674	98852.6	0	0
P33	30705.3	0.329796	98852.6	0	0
neutron	939.565	18.4416	98851.9	0	0
alpha	3727.38	12.9071	98851.9	0	0
Si32	29776.6	0.537904	98851.9	0	0
S35	32565.3	0.151515	98811.7	0	0
neutron	939.565	12.1219	98823.4	0	0
neutron	939.565	0.810382	98823.4	0	0
neutron	939.565	0.594505	98823.4	0	0
Ne20	18617.7	0.237394	98823.4	0	0
neutron	939.565	1.31684	98872.6	0	0
S34	31632.7	0.149093	98872.6	0	0
neutron	939.565	1.96697	98830.6	0	0
alpha	3727.38	9.41905	98830.6	0	0
alpha	3727.38	4.93889	98830.6	0	0
C14	13040.9	3.44306	98830.6	0	0
Ne23	21414.1	0.20381	98803.5	0	0
neutron	939.565	0.215014	98882.7	0	0
S34	31632.7	0.14629	98882.7	0	0
Ne23	21414.1	0.211731	98859	0	0
neutron	939.565	0.339674	98906.2	0	0
S34	31632.7	0.124601	98906.2	0	0
neutron	939.565	2.73324	98862	0	0
neutron	939.565	0.98247	98862	0	0
neutron	939.565	0.668926	98862	0	0
Ne20	18617.7	0.166008	98862	0	0
proton	938.272	12.0846	98884.3	0	0
deuteron	1875.61	4.9185	98884.3	0	0
Si32	29776.6	0.205008	98884.3	0	0
S35	32565.3	0.147211	98882.8	0	0
neutron	939.565	18.2003	98865	0	0
neutron	939.565	2.31206	98865	0	0
neutron	939.565	1.43761	98865	0	0
S32	29773.6	0.191489	98865	0	0
neutron	939.565	4.74917	98868.9	0	0
neutron	939.565	2.7675	98868.9	0	0
neutron	939.565	1.50863	98868.9	0	0
alpha	3727.38	8.00845	98868.9	0	0
O16	14895.1	1.30168	98868.9	0	0
Ne23	21414.1	0.224496	98848	0	0
neutron	939.565	1.61357	98847.2	0	0
Ne22	20479.7	0.0780334	98847.2	0	0
neutron	939.565	11.5217	98828.2	0	0
neutron	939.565	6.46285	98828.2	0	0
neutron	939.565	0.841106	98828.2	0	0
S34	31632.7	0.736359	98828.2	0	0
neutron	939.565	22.0815	98883.2	0	0
neutron	939.565	17.4643	98883.2	0	0
neutron	939.565	2.9436	98883.2	0	0
S32	29773.6	0.187591	98883.2	0	0
S35	32565.3	0.162141	98834	0	0
Na23	21409.2	0.159683	99184	172.638	172.22
neutron	939.565	0.272826	98835.7	0	0
S36	33495	0.0949685	98835.7	0	0
neutron	939.565	34.1763	98880.9	0	0
neutron	939.565	18.3759	98880.9	0	0
neutron	939.565	3.06113	98880.9	0	0
alpha	3727.38	4.04611	98880.9	0	0
O16	14895.1	1.10585	98880.9	0	0
S37	34430.2	0.13477	98849.6	0	0
S37	34430.2	0.141394	98808.9	0	0
neutron	939.565	2.14773	98877.2	0	0
S34	31632.7	0.0314371	98877.2	0	0
neutron	939.565	2.62976	98862.1	0	0
S36	33495	0.0491971	98862.1	0	0
neutron	939.565	0.496243	98909.8	0	0
S34	31632.7	0.192448	98909.8	0	0
neutron	939.565	1.12805	98882.6	0	0
S34	31632.7	0.0760686	98882.6	0	0
Ne23	21414.1	0.20711	98828.3	0	0
neutron	939.565	7.5348	98826.4	0	0
neutron	939.565	3.85774	98826.4	0	0
neutron	939.565	3.66404	98826.4	0	0
proton	938.272	2.72928	98826.4	0	0
proton	938.272	2.49459	98826.4	0	0
Si30	27913.2	0.545592	98826.4	0	0
neutron	939.565	1.19079	98873.7	0	0
S34	31632.7	0.128516	98873.7	0	0
neutron	939.565	1.62215	98891.6	0	0
S34	31632.7	0.263498	98891.6	0	0
neutron	939.565	8.72351	98838.5	0	0
neutron	939.565	3.30882	98838.5	0	0
neutron	939.565	1.62627	98838.5	0	0
alpha	3727.38	4.69657	98838.5	0	0
O16	14895.1	0.979865	98838.5	0	0
Cl35	32564.6	0.0791778	99145.4	138.483	138.393
neutron	939.565	0.09185	98874.8	0	0
S36	33495	0.11883	98874.8	0	0
neutron	939.565	50.8031	98941.7	0	0
neutron	939.565	1.16984	98941.7	0	0
neutron	939.565	0.51128	98941.7	0	0
Ne20	18617.7	3.17303	98941.7	0	0
neutron	939.565	23.1433	98875.1	0	0
neutron	939.565	10.0227	98875.1	0	0
neutron	939.565	8.24498	98875.1	0	0
alpha	3727.38	9.18206	98875.1	0	0
O16	14895.1	4.26749	98875.1	0	0
neutron	939.565	7.28143	98855.2	0	0
neutron	939.565	2.45202	98855.2	0	0
S35	32565.3	0.353349	98855.2	0	0
Cl35	32564.6	0.134509	99494.7	275.177	275
neutron	939.565	2.18198	98835.6	0	0
S36	33495	0.122979	98835.6	0	0
Cl35	32564.6	0.123424	99009	111.202	110.973
Ne23	21414.1	0.222791	98838.1	0	0
neutron	939.565	11.5365	98816.7	0	0
neutron	939.565	3.40831	98816.7	0	0
neutron	939.565	1.31784	98816.7	0	0
alpha	3727.38	4.03371	98816.7	0	0
O16	14895.1	1.29788	98816.7	0	0
Cl35	32564.6	0.115283	99572.6	292.47	292.268
neutron	939.565	1.82768	98851.6	0	0
Ne22	20479.7	0.174359	98851.6	0	0
Ne23	21414.1	0.223411	98944.9	0	0
S35	32565.3	0.137756	98856.4	0	0
neutron	939.565	7.06257	98859.1	0	0
neutron	939.565	1.07833	98859.1	0	0
neutron	939.565	0.701689	98859.1	0	0
S34	31632.7	0.29338	98859.1	0	0
neutron	939.565	11.9524	98863.1	0	0
neutron	939.565	0.897234	98863.1	0	0
Ne21	19550.5	0.607766	98863.1	0	0
neutron	939.565	13.3889	98862.7	0	0
proton	938.272	10.0714	98862.7	0	0
neutron	939.565	4.40187	98862.7	0	0
proton	938.272	3.06225	98862.7	0	0
neutron	939.565	2.03057	98862.7	0	0
neutron	939.565	0.894544	98862.7	0	0
Si29	26984.3	0.996842	98862.7	0	0
neutron	939.565	2.5279	98831	0	0
neutron	939.565	1.15319	98831	0	0
S33	30704.6	0.0955811	98831	0	0
S35	32565.3	0.148609	98891.1	0	0
neutron	939.565	0.338924	98926.5	0	0
Ne22	20479.7	0.24096	98926.5	0	0
Ne23	21414.1	0.233815	98863.2	0	0
Ne23	21414.1	0.227271	98824.7	0	0
neutron	939.565	0.706269	98834	0	0
S34	31632.7	0.0641514	98834	0	0
neutron	939.565	1.64895	98881.1	0	0
S34	31632.7	0.150354	98881.1	0	0
S35	32565.3	0.145544	98939.7	0	0
S37	34430.2	0.134648	98824.4	0	0
neutron	939.565	0.381563	98811.5	0	0
S36	33495	0.172446	98811.5	0	0
neutron	939.565	4.2703	98763.9	0	0
neutron	939.565	1.45078	98763.9	0	0
Ne21	19550.5	0.0301714	98763.9	0	0
neutron	939.565	0.513453	98843.8	0	0
Ne22	20479.7	0.30698	98843.8	0	0
neutron	939.565	1.21448	98837.5	0	0
Ne22	20479.7	0.0618349	98837.5	0	0
neutron	939.565	1.63511	98831.2	0	0
neutron	939.565	1.17032	98831.2	0	0
Ne21	19550.5	0.160076	98831.2	0	0
neutron	939.565	3.63946	98846.4	0	0
neutron	939.565	1.02749	98846.4	0	0
S33	30704.6	0.243116	98846.4	0	0
Cl37	34424.8	0.0741718	98825.7	13.3649	13.2626
neutron	939.565	15.1055	98823.9	0	0
neutron	939.565	1.05139	98823.9	0	0
Ne21	19550.5	1.6368	98823.9	0	0
neutron	939.565	12.8241	98849.8	0	0
neutron	939.565	3.72683	98849.8	0	0
neutron	939.565	1.5332	98849.8	0	0
alpha	3727.38	4.78527	98849.8	0	0
O16	14895.1	1.71205	98849.8	0	0
S37	34430.2	0.142532	98820.4	0	0
neutron	939.565	0.417115	98904.4	0	0
Ne22	20479.7	0.201469	98904.4	0	0
neutron	939.565	6.33665	98853.9	0	0
neutron	939.565	3.1767	98853.9	0	0
neutron	939.565	0.642134	98853.9	0	0
Ne20	18617.7	0.914109	98853.9	0	0
neutron	939.565	4.14609	98836.3	0	0
deuteron	1875.61	5.32338	98836.3	0	0
F20	18625.3	1.80397	98836.3	0	0
neutron	939.565	0.31227	98941.5	0	0
S34	31632.7	0.136075	98941.5	0	0
S37	34430.2	0.131529	98864.8	0	0
proton	938.272	34.7343	98940.3	0	0
neutron	939.565	3.10676	98940.3	0	0
neutron	939.565	0.257783	98940.3	0	0
triton	2808.92	5.96717	98940.3	0	0
Si29	26984.3	0.26895	98940.3	0	0
S35	32565.3	0.168046	98859	0	0
neutron	939.565	1.23627	98883.2	0	0
S34	31632.7	0.104055	98883.2	0	0
neutron	939.565	1.65136	98862.9	0	0
S34	31632.7	0.0428174	98862.9	0	0
proton	938.272	7.46906	98848.8	0	0
neutron	939.565	6.43271	98848.8	0	0
neutron	939.565	4.25876	98848.8	0	0
neutron	939.565	4.22672	98848.8	0	0
proton	938.272	2.65427	98848.8	0	0
O18	16762	1.79092	98848.8	0	0
neutron	939.565	1.89777	98849.5	0	0
S34	31632.7	0.0336258	98849.5	0	0
neutron	939.565	0.124934	98860.4	0	0
Ne22	20479.7	0.193629	98860.4	0	0
neutron	939.565	3.97419	98817.8	0	0
neutron	939.565	0.876325	98817.8	0	0
Ne21	19550.5	0.676214	98817.8	0	0
Ne23	21414.1	0.233305	98817.6	0	0
proton	938.272	10.1327	98926.6	0	0
neutron	939.565	10.0309	98926.6	0	0
neutron	939.565	3.9415	98926.6	0	0
proton	938.272	2.86411	98926.6	0	0
neutron	939.565	0.9077	98926.6	0	0
O18	16762	1.19303	98926.6	0	0
neutron	939.565	6.91312	98902.5	0	0
neutron	939.565	4.70182	98902.5	0	0
neutron	939.565	2.82125	98902.5	0	0
alpha	3727.38	5.92467	98902.5	0	0
O16	14895.1	2.81783	98902.5	0	0
neutron	939.565	9.33844	98828.1	0	0
neutron	939.565	4.90589	98828.1	0	0
proton	938.272	4.80909	98828.1	0	0
neutron	939.565	2.57136	98828.1	0	0
neutron	939.565	1.55516	98828.1	0	0
proton	938.272	1.04338	98828.1	0	0
O17	15830.5	1.01765	98828.1	0	0
Ne23	21414.1	0.227936	98868.5	0	0
proton	938.272	4.86583	98822.7	0	0
neutron	939.565	3.76387	98822.7	0	0
P33	30705.3	0.236414	98822.7	0	0
neutron	939.565	8.48679	98868.2	0	0
neutron	939.565	6.01549	98868.2	0	0
neutron	939.565	5.25605	98868.2	0	0
proton	938.272	3.48314	98868.2	0	0
P31	28844.2	0.958908	98868.2	0	0
S35	32565.3	0.148473	98830.9	0	0
neutron	939.565	1.55324	98794.8	0	0
Ne22	20479.7	0.0863235	98794.8	0	0
neutron	939.565	25.2905	98850.1	0	0
neutron	939.565	3.02082	98850.1	0	0
neutron	939.565	2.58537	98850.1	0	0
alpha	3727.38	11.7063	98850.1	0	0
O16	14895.1	1.02455	98850.1	0	0
neutron	939.565	0.226024	98842.3	0	0
S34	31632.7	0.159449	98842.3	0	0
neutron	939.565	4.53222	98858.4	0	0
neutron	939.565	2.75342	98858.4	0	0
neutron	939.565	1.35093	98858.4	0	0
Ne20	18617.7	0.161197	98858.4	0	0
neutron	939.565	5.64696	98911.4	0	0
neutron	939.565	0.756009	98911.4	0	0
alpha	3727.38	8.22843	98911.4	0	0
Si29	26984.3	1.46605	98911.4	0	0
neutron	939.565	7.13408	98847.5	0	0
neutron	939.565	3.23688	98847.5	0	0
neutron	939.565	1.68843	98847.5	0	0
Ne20	18617.7	1.11833	98847.5	0	0
Ne23	21414.1	0.204534	98825.6	0	0
Ne23	21414.1	0.231577	98873.2	0	0
neutron	939.565	6.13209	98887.1	0	0
proton	938.272	3.44373	98887.1	0	0
neutron	939.565	1.50855	98887.1	0	0
neutron	939.565	0.0371202	98887.1	0	0
P31	28844.2	0.655461	98887.1	0	0
Ne23	21414.1	0.227632	98847.8	0	0
proton	938.272	10.79	98874.6	0	0
neutron	939.565	2.21367	98874.6	0	0
P33	30705.3	0.252056	98874.6	0	0
Ne23	21414.1	0.232505	98891.1	0	0
neutron	939.565	9.79032	98935.2	0	0
neutron	939.565	1.56139	98935.2	0	0
Ne21	19550.5	0.455762	98935.2	0	0
S35	32565.3	0.165317	98863.3	0	0
neutron	939.565	1.42845	98829.2	0	0
Ne22	20479.7	0.157959	98829.2	0	0
neutron	939.565	5.70576	98832.1	0	0
proton	938.272	3.27064	98832.1	0	0
neutron	939.565	2.52669	98832.1	0	0
neutron	939.565	1.68665	98832.1	0	0
F19	17692.3	1.24066	98832.1	0	0
Cl35	32564.6	0.0742311	99121.9	129.445	129.317
neutron	939.565	7.2903	98888.9	0	0
neutron	939.565	6.69747	98888.9	0	0
neutron	939.565	0.79698	98888.9	0	0
alpha	3727.38	8.63625	98888.9	0	0
O16	14895.1	1.28863	98888.9	0	0
Na23	21409.2	0.666419	99120.6	130.729	129.811
neutron	939.565	1.79723	98996.8	0	0
Ne22	20479.7	0.263881	98996.8	0	0
neutron	939.565	13.8188	98868	0	0
neutron	939.565	4.42193	98868	0	0
neutron	939.565	0.503418	98868	0	0
alpha	3727.38	8.66968	98868	0	0
O16	14895.1	1.76363	98868	0	0
neutron	939.565	3.74134	98892.4	0	0
neutron	939.565	3.70426	98892.4	0	0
neutron	939.565	0.569903	98892.4	0	0
Ne20	18617.7	0.0376359	98892.4	0	0
Na23	21409.2	0.136828	99050.3	109.9	109.732
neutron	939.565	2.45331	98828.8	0	0
Ne22	20479.7	0.165944	98828.8	0	0
S35	32565.3	0.132683	98820.9	0	0
neutron	939.565	1.68747	98867.1	0	0
Ne22	20479.7	0.411144	98867.1	0	0
neutron	939.565	2.50222	98860.6	0	0
S34	31632.7	0.314718	98860.6	0	0
S35	32565.3	0.134305	98804.7	0	0
Ne23	21414.1	0.228142	98822.7	0	0
neutron	939.565	32.1637	98867.6	0	0
neutron	939.565	1.16451	98867.6	0	0
neutron	939.565	0.762074	98867.6	0	0
Ne20	18617.7	0.63505	98867.6	0	0
neutron	939.565	0.321184	98859.4	0	0
S34	31632.7	0.113122	98859.4	0	0
neutron	939.565	0.734161	98888.3	0	0
alpha	3727.38	6.56733	98888.3	0	0
Si30	27913.2	0.928253	98888.3	0	0
neutron	939.565	33.4845	98902.3	0	0
proton	938.272	5.44474	98902.3	0	0
neutron	939.565	1.74948	98902.3	0	0
neutron	939.565	1.5759	98902.3	0	0
neutron	939.565	1.06595	98902.3	0	0
P32	29775.8	0.295455	98902.3	0	0
neutron	939.565	4.85266	98866.1	0	0
neutron	939.565	2.55685	98866.1	0	0
Ne21	19550.5	0.393841	98866.1	0	0
S35	32565.3	0.165897	98887.5	0	0
neutron	939.565	5.72514	98924.1	0	0
proton	938.272	3.58283	98924.1	0	0
neutron	939.565	3.20191	98924.1	0	0
neutron	939.565	1.90176	98924.1	0	0
neutron	939.565	0.67923	98924.1	0	0
P32	29775.8	0.641862	98924.1	0	0
neutron	939.565	1.66145	98889.9	0	0
Ne22	20479.7	0.333881	98889.9	0	0
S37	34430.2	0.143672	98853.4	0	0
Na23	21409.2	0.173671	99771.3	364.83	364.652
Ne23	21414.1	0.223727	98895.7	0	0
Cl35	32564.6	0.121384	99997.2	442.681	442.405
neutron	939.565	1.35678	98832.3	0	0
Ne22	20479.7	0.200986	98832.3	0	0
neutron	939.565	14.0676	98880.7	0	0
neutron	939.565	9.83553	98880.7	0	0
neutron	939.565	0.239461	98880.7	0	0
Ne20	18617.7	0.646378	98880.7	0	0
Ne23	21414.1	0.225685	98900.8	0	0
neutron	939.565	0.295932	98876.8	0	0
S34	31632.7	0.12858	98876.8	0	0
neutron	939.565	0.206359	98865	0	0
S36	33495	0.109159	98865	0	0
neutron	939.565	0.0504213	98849	0	0
S34	31632.7	0.135869	98849	0	0
neutron	939.565	4.30068	98845.8	0	0
neutron	939.565	2.43402	98845.8	0	0
neutron	939.565	0.558687	98845.8	0	0
S32	29773.6	0.0154046	98845.8	0	0
Ne23	21414.1	0.213531	98839.8	0	0
neutron	939.565	0.176779	98838.3	0	0
Ne22	20479.7	0.257973	98838.3	0	0
neutron	939.565	17.5223	98882.8	0	0
neutron	939.565	2.3115	98882.8	0	0
neutron	939.565	2.17669	98882.8	0	0
alpha	3727.38	6.07759	98882.8	0	0
alpha	3727.38	9.16418	98882.8	0	0
C12	11174.9	1.2763	98882.8	0	0
neutron	939.565	2.47077	98845.2	0	0
S34	31632.7	0.205002	98845.2	0	0
neutron	939.565	25.4576	98833.1	0	0
neutron	939.565	10.5362	98833.1	0	0
proton	938.272	6.18172	98833.1	0	0
neutron	939.565	4.60675	98833.1	0	0
neutron	939.565	1.53191	98833.1	0	0
P30	27917	1.40193	98833.1	0	0
proton	938.272	13.3996	98858.5	0	0
neutron	939.565	9.41301	98858.5	0	0
neutron	939.565	5.24195	98858.5	0	0
neutron	939.565	4.89233	98858.5	0	0
proton	938.272	2.91126	98858.5	0	0
neutron	939.565	0.301194	98858.5	0	0
Si29	26984.3	2.19463	98858.5	0	0
proton	938.272	11.3028	98846.6	0	0
neutron	939.565	7.09519	98846.6	0	0
neutron	939.565	3.79238	98846.6	0	0
neutron	939.565	0.692187	98846.6	0	0
P31	28844.2	0.102403	98846.6	0	0
proton	938.272	6.98131	98855.5	0	0
neutron	939.565	6.51395	98855.5	0	0
neutron	939.565	0.309238	98855.5	0	0
F20	18625.3	1.19742	98855.5	0	0
neutron	939.565	21.4322	98875.6	0	0
neutron	939.565	0.694189	98875.6	0	0
S33	30704.6	0.65117	98875.6	0	0
neutron	939.565	9.30393	98876.7	0	0
neutron	939.565	1.79966	98876.7	0	0
Ne21	19550.5	1.04793	98876.7	0	0
neutron	939.565	1.55416	98850.9	0	0
Ne22	20479.7	0.110512	98850.9	0	0
neutron	939.565	0.415579	98850	0	0
S34	31632.7	0.16242	98850	0	0
Na23	21409.2	0.102632	99943.6	425.523	425.324
neutron	939.565	2.90456	98851	0	0
neutron	939.565	1.30131	98851	0	0
neutron	939.565	0.270652	98851	0	0
alpha	3727.38	7.1178	98851	0	0
Si28	26053.2	0.704206	98851	0	0
Ne23	21414.1	0.223344	98909.6	0	0
deuteron	1875.61	2.91855	98827	0	0
alpha	3727.38	3.9442	98827	0	0
N17	15839.7	1.41058	98827	0	0
neutron	939.565	3.97023	98872.6	0	0
Ne22	20479.7	0.13557	98872.6	0	0
neutron	939.565	0.139552	98888.9	0	0
S34	31632.7	0.169545	98888.9	0	0
neutron	939.565	0.710034	98848.1	0	0
Ne22	20479.7	0.090531	98848.1	0	0
neutron	939.565	0.357864	98826.3	0	0
S34	31632.7	0.217613	98826.3	0	0
neutron	939.565	0.860971	98920.8	0	0
S34	31632.7	0.137071	98920.8	0	0
neutron	939.565	17.7168	98802.7	0	0
neutron	939.565	9.03326	98802.7	0	0
neutron	939.565	1.14364	98802.7	0	0
alpha	3727.38	4.05617	98802.7	0	0
O16	14895.1	3.10735	98802.7	0	0
neutron	939.565	1.04564	98821.9	0	0
S34	31632.7	0.14064	98821.9	0	0
neutron	939.565	20.3332	98807.8	0	0
neutron	939.565	1.95307	98807.8	0	0
S33	30704.6	0.647071	98807.8	0	0
neutron	939.565	33.6288	98871.9	0	0
neutron	939.565	6.83552	98871.9	0	0
neutron	939.565	1.99464	98871.9	0	0
neutron	939.565	0.220336	98871.9	0	0
S33	30704.6	1.21896	98871.9	0	0
neutron	939.565	0.659668	98855.8	0	0
S34	31632.7	0.098991	98855.8	0	0
Ne23	21414.1	0.210005	98857.8	0	0
neutron	939.565	1.48024	98886.6	0	0
Ne22	20479.7	0.0554295	98886.6	0	0
neutron	939.565	2.76914	98864.6	0	0
neutron	939.565	1.83556	98864.6	0	0
neutron	939.565	0.228018	98864.6	0	0
Ne20	18617.7	0.390717	98864.6	0	0
neutron	939.565	1.4039	98873	0	0
S34	31632.7	0.289351	98873	0	0
neutron	939.565	13.011	98845.7	0	0
proton	938.272	5.46322	98845.7	0	0
neutron	939.565	1.72264	98845.7	0	0
P32	29775.8	0.315107	98845.7	0	0
Ne23	21414.1	0.230189	98867.2	0	0
neutron	939.565	2.91115	98859.8	0	0
S34	31632.7	0.0720166	98859.8	0	0
neutron	939.565	0.604293	98833.8	0	0
Ne22	20479.7	0.183369	98833.8	0	0
S35	32565.3	0.143175	98855.8	0	0
Cl35	32564.6	0.0839112	98970.3	78.4386	78.3532
proton	938.272	6.83496	98846.6	0	0
neutron	939.565	6.03343	98846.6	0	0
neutron	939.565	4.08413	98846.6	0	0
P32	29775.8	0.714925	98846.6	0	0
neutron	939.565	0.931547	98883.9	0	0
S34	31632.7	0.150456	98883.9	0	0
Cl35	32564.6	0.829401	99481.3	266.611	265.397
S37	34430.2	0.134184	99005.1	0	0
S35	32565.3	0.145687	98901.4	0	0
neutron	939.565	4.71005	98781.8	0	0
Ne22	20479.7	0.50971	98781.8	0	0
neutron	939.565	1.24123	98854.6	0	0
S34	31632.7	0.206912	98854.6	0	0
neutron	939.565	2.39692	98861.6	0	0
Ne22	20479.7	0.44268	98861.6	0	0
neutron	939.565	13.7051	98840.4	0	0
neutron	939.565	12.715	98840.4	0	0
neutron	939.565	7.71479	98840.4	0	0
alpha	3727.38	6.70702	98840.4	0	0
O16	14895.1	0.403422	98840.4	0	0
Ne23	21414.1	0.223516	98863.8	0	0
Ne23	21414.1	0.21008	98852.4	0	0
neutron	939.565	5.84434	98815.2	0	0
neutron	939.565	0.779843	98815.2	0	0
alpha	3727.38	9.48982	98815.2	0	0
O17	15830.5	1.0045	98815.2	0	0
Ne23	21414.1	0.229964	98866.5	0	0
Cl35	32564.6	0.179182	99027.1	63.9486	63.609
Ne23	21414.1	0.217228	98961.7	0	0
neutron	939.565	12.1588	98881.5	0	0
neutron	939.565	1.29667	98881.5	0	0
S35	32565.3	0.455671	98881.5	0	0
Ne23	21414.1	0.211119	98808.5	0	0
Ne23	21414.1	0.214795	98905	0	0
neutron	939.565	0.186086	98809.9	0	0
Ne22	20479.7	0.192026	98809.9	0	0
neutron	939.565	3.9797	98832.9	0	0
S34	31632.7	0.0384261	98832.9	0	0
neutron	939.565	4.3118	98887.7	0	0
S34	31632.7	0.0418648	98887.7	0	0
Ne23	21414.1	0.223024	98867.7	0	0
S37	34430.2	0.132994	98891.1	0	0
S35	32565.3	0.166112	98855.2	0	0
Cl35	32564.6	0.0907238	99762.2	358.849	358.614
neutron	939.565	4.76706	98816.4	0	0
neutron	939.565	1.99202	98816.4	0	0
neutron	939.565	1.35799	98816.4	0	0
neutron	939.565	0.0120609	98816.4	0	0
S33	30704.6	0.173854	98816.4	0	0
neutron	939.565	13.3646	98915.2	0	0
deuteron	1875.61	5.41357	98915.2	0	0
deuteron	1875.61	3.72951	98915.2	0	0
O18	16762	4.87697	98915.2	0	0
neutron	939.565	22.3823	98817.1	0	0
neutron	939.565	6.06334	98817.1	0	0
proton	938.272	5.52042	98817.1	0	0
neutron	939.565	5.41194	98817.1	0	0
neutron	939.565	4.06877	98817.1	0	0
P30	27917	1.15212	98817.1	0	0
proton	938.272	9.79734	98868.7	0	0
neutron	939.565	1.9273	98868.7	0	0
neutron	939.565	1.20084	98868.7	0	0
P32	29775.8	0.500789	98868.7	0	0
proton	938.272	6.62487	98861.9	0	0
neutron	939.565	5.98051	98861.9	0	0
F21	19556.7	0.499208	98861.9	0	0
neutron	939.565	6.94243	98892.7	0	0
neutron	939.565	4.17882	98892.7	0	0
neutron	939.565	3.0991	98892.7	0	0
S32	29773.6	1.05328	98892.7	0	0
neutron	939.565	0.445606	98804.4	0	0
S34	31632.7	0.226288	98804.4	0	0
neutron	939.565	1.31117	98915.8	0	0
Ne22	20479.7	0.331035	98915.8	0	0
neutron	939.565	0.297207	98848.2	0	0
Ne22	20479.7	0.311579	98848.2	0	0
proton	938.272	9.0824	98860	0	0
neutron	939.565	3.0276	98860	0	0
neutron	939.565	0.323931	98860	0	0
F20	18625.3	0.194238	98860	0	0
neutron	939.565	0.356913	98842.6	0	0
S34	31632.7	0.184453	98842.6	0	0
S37	34430.2	0.13138	98832.2	0	0
neutron	939.565	1.55212	98839.3	0	0
S34	31632.7	0.0362515	98839.3	0	0
proton	938.272	14.2734	98843.1	0	0
neutron	939.565	5.72917	98843.1	0	0
neutron	939.565	0.848964	98843.1	0	0
F20	18625.3	0.332303	98843.1	0	0
neutron	939.565	2.00548	98914.2	0	0
S34	31632.7	0.11849	98914.2	0	0
Cl37	34424.8	0.153104	99526.5	284.428	284.267
neutron	939.565	2.79798	98850.6	0	0
Ne22	20479.7	0.347224	98850.6	0	0
neutron	939.565	3.2575	98856.5	0	0
neutron	939.565	0.850698	98856.5	0	0
deuteron	1875.61	5.82519	98856.5	0	0
P31	28844.2	0.438682	98856.5	0	0
Ne23	21414.1	0.230238	98880.3	0	0
proton	938.272	4.15598	98868	0	0
neutron	939.565	3.22598	98868	0	0
neutron	939.565	1.65902	98868	0	0
neutron	939.565	1.11005	98868	0	0
neutron	939.565	1.00243	98868	0	0
P32	29775.8	0.0691352	98868	0	0
Ne23	21414.1	0.220631	98848.7	0	0
neutron	939.565	3.77878	98851	0	0
neutron	939.565	0.961092	98851	0	0
Ne21	19550.5	0.128675	98851	0	0
Cl35	32564.6	0.113803	99152.7	141.829	141.701
Ne23	21414.1	0.223868	98895.5	0	0
Cl37	34424.8	0.0774994	99507.7	279.956	279.795
neutron	939.565	3.11176	98824.3	0	0
neutron	939.565	2.52083	98824.3	0	0
neutron	939.565	1.66638	98824.3	0	0
alpha	3727.38	4.95308	98824.3	0	0
O16	14895.1	1.40852	98824.3	0	0
neutron	939.565	7.41287	98830.5	0	0
neutron	939.565	1.99042	98830.5	0	0
neutron	939.565	1.89159	98830.5	0	0
Ne20	18617.7	0.200012	98830.5	0	0
neutron	939.565	43.9444	98839.7	0	0
proton	938.272	7.50037	98839.7	0	0
neutron	939.565	2.25142	98839.7	0	0
F20	18625.3	2.27328	98839.7	0	0
neutron	939.565	0.634547	98829.3	0	0
Ne22	20479.7	0.235168	98829.3	0	0
Cl35	32564.6	0.136815	99926.5	422.26	421.99
proton	938.272	5.09764	98880.2	0	0
neutron	939.565	0.957107	98880.2	0	0
neutron	939.565	0.849553	98880.2	0	0
F20	18625.3	0.372044	98880.2	0	0
neutron	939.565	3.56424	98845.5	0	0
neutron	939.565	2.86428	98845.5	0	0
neutron	939.565	0.494987	98845.5	0	0
S32	29773.6	0.298425	98845.5	0	0
neutron	939.565	15.4263	98874.2	0	0
neutron	939.565	6.49757	98874.2	0	0
neutron	939.565	4.79526	98874.2	0	0
alpha	3727.38	5.28041	98874.2	0	0
O16	14895.1	1.59135	98874.2	0	0
neutron	939.565	12.2129	98828.8	0	0
neutron	939.565	5.13956	98828.8	0	0
neutron	939.565	3.96801	98828.8	0	0
Ne20	18617.7	1.66463	98828.8	0	0
neutron	939.565	6.35886	98830	0	0
neutron	939.565	2.98472	98830	0	0
Ne21	19550.5	1.15422	98830	0	0
S37	34430.2	0.143683	98802.9	0	0
neutron	939.565	1.71967	98824.2	0	0
Ne22	20479.7	0.181578	98824.2	0	0
neutron	939.565	0.870778	98895.8	0	0
S34	31632.7	0.206751	98895.8	0	0
S35	32565.3	0.16163	98859.3	0	0
S35	32565.3	0.167293	98849.2	0	0
neutron	939.565	3.18851	98849.4	0	0
neutron	939.565	1.63435	98849.4	0	0
deuteron	1875.61	31.1184	98849.4	0	0
F19	17692.3	2.35062	98849.4	0	0
neutron	939.565	5.97566	98823.9	0	0
neutron	939.565	0.29388	98823.9	0	0
Ne21	19550.5	0.0144605	98823.9	0	0
neutron	939.565	4.68345	98935.8	0	0
neutron	939.565	1.87172	98935.8	0	0
S33	30704.6	0.293687	98935.8	0	0
neutron	939.565	0.751237	98886.3	0	0
S34	31632.7	0.0600785	98886.3	0	0
neutron	939.565	0.167958	98859.1	0	0
S36	33495	0.106661	98859.1	0	0
neutron	939.565	5.95738	98807.8	0	0
neutron	939.565	1.47175	98807.8	0	0
Ne21	19550.5	0.238054	98807.8	0	0
neutron	939.565	0.918546	98851.3	0	0
S34	31632.7	0.178587	98851.3	0	0
Na23	21409.2	0.430772	99834	387.983	387.544
neutron	939.565	2.39584	98877.7	0	0
S34	31632.7	0.263738	98877.7	0	0
Ne23	21414.1	0.211004	98831.9	0	0
neutron	939.565	0.695724	98852.3	0	0
S34	31632.7	0.224621	98852.3	0	0
Na23	21409.2	0.161962	99492.7	258.316	257.762
neutron	939.565	6.65325	98889.1	0	0
neutron	939.565	2.19238	98889.1	0	0
neutron	939.565	1.671	98889.1	0	0
alpha	3727.38	4.69631	98889.1	0	0
O16	14895.1	0.67729	98889.1	0	0
neutron	939.565	5.28669	98870.1	0	0
neutron	939.565	2.42748	98870.1	0	0
neutron	939.565	2.28518	98870.1	0	0
alpha	3727.38	8.5403	98870.1	0	0
Si28	26053.2	1.45113	98870.1	0	0
S35	32565.3	0.154918	98855.9	0	0
Ne23	21414.1	0.222278	98853.8	0	0
Ne23	21414.1	0.217348	98880.9	0	0
proton	938.272	4.67558	98890.2	0	0
neutron	939.565	3.76178	98890.2	0	0
neutron	939.565	1.72512	98890.2	0	0
neutron	939.565	0.452628	98890.2	0	0
F19	17692.3	0.977618	98890.2	0	0
neutron	939.565	32.1414	98846.3	0	0
neutron	939.565	5.31164	98846.3	0	0
neutron	939.565	1.04966	98846.3	0	0
Ne20	18617.7	1.19884	98846.3	0	0
Ne23	21414.1	0.230469	98925.2	0	0
Cl35	32564.6	0.150859	99008	101.626	101.428
neutron	939.565	0.230576	98847.9	0	0
S34	31632.7	0.0953147	98847.9	0	0
proton	938.272	13.9569	98843.3	0	0
neutron	939.565	8.41278	98843.3	0	0
neutron	939.565	1.09378	98843.3	0	0
F20	18625.3	0.0415019	98843.3	0	0
neutron	939.565	29.5063	98886	0	0
neutron	939.565	0.983771	98886	0	0
neutron	939.565	0.676875	98886	0	0
Ne20	18617.7	0.94286	98886	0	0
neutron	939.565	16.4694	98844.3	0	0
neutron	939.565	14.1471	98844.3	0	0
neutron	939.565	4.81164	98844.3	0	0
alpha	3727.38	12.385	98844.3	0	0
O16	14895.1	5.62637	98844.3	0	0
neutron	939.565	1.36419	98857.1	0	0
S34	31632.7	0.13572	98857.1	0	0
neutron	939.565	9.84802	98848.1	0	0
neutron	939.565	4.35633	98848.1	0	0
Ne21	19550.5	0.773186	98848.1	0	0
proton	938.272	8.76532	98799.3	0	0
neutron	939.565	1.73995	98799.3	0	0
P33	30705.3	0.178691	98799.3	0	0
neutron	939.565	2.6767	98847.9	0	0
S34	31632.7	0.18494	98847.9	0	0
Ne23	21414.1	0.208253	98868	0	0
Ne23	21414.1	0.234609	98871.4	0	0
Cl35	32564.6	0.202739	99651.5	336.053	334.927
Ne23	21414.1	0.217421	98825.2	0	0
neutron	939.565	9.34448	98827	0	0
proton	938.272	2.87538	98827	0	0
neutron	939.565	2.74239	98827	0	0
F20	18625.3	0.31329	98827	0	0
neutron	939.565	37.0337	98888.7	0	0
neutron	939.565	4.09961	98888.7	0	0
neutron	939.565	1.63814	98888.7	0	0
alpha	3727.38	8.63221	98888.7	0	0
O16	14895.1	0.821132	98888.7	0	0
Ne23	21414.1	0.23119	98878	0	0
neutron	939.565	28.4159	98873.6	0	0
proton	938.272	24.5852	98873.6	0	0
neutron	939.565	0.2675	98873.6	0	0
F20	18625.3	0.770558	98873.6	0	0
neutron	939.565	1.26842	98913.3	0	0
S34	31632.7	0.1116	98913.3	0	0
S35	32565.3	0.166117	98827.2	0	0
neutron	939.565	6.05644	98853.3	0	0
neutron	939.565	1.45446	98853.3	0	0
Ne21	19550.5	0.036724	98853.3	0	0
proton	938.272	12.3893	98874	0	0
proton	938.272	3.94917	98874	0	0
neutron	939.565	3.78281	98874	0	0
neutron	939.565	1.18167	98874	0	0
Si31	28846.2	0.0231712	98874	0	0
neutron	939.565	0.644024	98890.4	0	0
S34	31632.7	0.122381	98890.4	0	0
neutron	939.565	0.112325	98857.4	0	0
S34	31632.7	0.197037	98857.4	0	0
neutron	939.565	3.18339	98815.4	0	0
neutron	939.565	0.628812	98815.4	0	0
S33	30704.6	0.102607	98815.4	0	0
neutron	939.565	26.7669	98839.8	0	0
neutron	939.565	13.0924	98839.8	0	0
neutron	939.565	3.83263	98839.8	0	0
Ne20	18617.7	1.7903	98839.8	0	0
neutron	939.565	7.79926	98887.6	0	0
neutron	939.565	1.25175	98887.6	0	0
neutron	939.565	0.605884	98887.6	0	0
Ne20	18617.7	0.326637	98887.6	0	0
neutron	939.565	1.03719	98851.3	0	0
S36	33495	0.165937	98851.3	0	0
neutron	939.565	6.23875	98898.9	0	0
neutron	939.565	4.13523	98898.9	0	0
neutron	939.565	2.83054	98898.9	0	0
Ne20	18617.7	0.659381	98898.9	0	0
Ne23	21414.1	0.222162	98864	0	0
neutron	939.565	0.948075	98867.9	0	0
S34	31632.7	0.125599	98867.9	0	0
neutron	939.565	0.191359	98869.4	0	0
S34	31632.7	0.187216	98869.4	0	0
S35	32565.3	0.165738	98848	0	0
proton	938.272	24.5575	98858	0	0
neutron	939.565	0.674215	98858	0	0
F21	19556.7	0.566323	98858	0	0
neutron	939.565	0.729456	98839.8	0	0
S34	31632.7	0.209629	98839.8	0	0
neutron	939.565	3.74635	98852.4	0	0
neutron	939.565	1.15098	98852.4	0	0
deuteron	1875.61	9.7819	98852.4	0	0
P31	28844.2	0.251901	98852.4	0	0
Ne23	21414.1	0.224335	98893.2	0	0
neutron	939.565	25.4105	98823.7	0	0
neutron	939.565	0.909656	98823.7	0	0
neutron	939.565	0.232589	98823.7	0	0
Ne20	18617.7	1.39839	98823.7	0	0
neutron	939.565	8.25004	98869.8	0	0
neutron	939.565	4.43221	98869.8	0	0
neutron	939.565	3.13447	98869.8	0	0
Ne20	18617.7	1.22388	98869.8	0	0
neutron	939.565	17.9721	98819.3	0	0
neutron	939.565	4.89597	98819.3	0	0
neutron	939.565	2.15322	98819.3	0	0
Ne20	18617.7	0.254162	98819.3	0	0
Cl35	32564.6	0.0856057	98926.7	78.7304	78.2398
neutron	939.565	0.395014	98843.1	0	0
S34	31632.7	0.22967	98843.1	0	0
neutron	939.565	21.6197	98850.7	0	0
neutron	939.565	3.10991	98850.7	0	0
neutron	939.565	1.06894	98850.7	0	0
S34	31632.7	0.547468	98850.7	0	0
neutron	939.565	1.10511	98859.8	0	0
S34	31632.7	0.228632	98859.8	0	0
neutron	939.565	1.32662	98870	0	0
Ne22	20479.7	0.314573	98870	0	0
neutron	939.565	25.3991	98871.2	0	0
proton	938.272	5.77275	98871.2	0	0
neutron	939.565	2.41254	98871.2	0	0
neutron	939.565	2.18794	98871.2	0	0
P31	28844.2	1.12176	98871.2	0	0
Ne23	21414.1	0.222989	98892.6	0	0
neutron	939.565	0.106862	98825	0	0
S34	31632.7	0.173827	98825	0	0
neutron	939.565	1.58455	98807	0	0
S34	31632.7	0.286394	98807	0	0
neutron	939.565	19.1787	98805.3	0	0
neutron	939.565	2.65484	98805.3	0	0
neutron	939.565	1.23067	98805.3	0	0
triton	2808.92	6.03284	98805.3	0	0
P31	28844.2	0.816068	98805.3	0	0
S35	32565.3	0.156179	98821.6	0	0
neutron	939.565	0.361777	98865.9	0	0
Ne22	20479.7	0.349082	98865.9	0	0
neutron	939.565	5.73449	98841.9	0	0
neutron	939.565	2.19947	98841.9	0	0
neutron	939.565	0.688792	98841.9	0	0
Ne20	18617.7	1.10018	98841.9	0	0
Cl35	32564.6	0.0913755	99867.8	399.671	399.519
neutron	939.565	15.9463	98880.5	0	0
neutron	939.565	3.43556	98880.5	0	0
proton	938.272	3.426	98880.5	0	0
F20	18625.3	0.330403	98880.5	0	0
neutron	939.565	0.658316	98866.2	0	0
Ne22	20479.7	0.383456	98866.2	0	0
Ne23	21414.1	0.222082	98872.2	0	0
Cl37	34424.8	0.0813235	98907.8	42.391	42.1677
neutron	939.565	1.78936	98870.4	0	0
Ne22	20479.7	0.23818	98870.4	0	0
neutron	939.565	2.61646	98806.3	0	0
neutron	939.565	2.53684	98806.3	0	0
neutron	939.565	2.29016	98806.3	0	0
alpha	3727.38	2.67565	98806.3	0	0
O16	14895.1	3.06658	98806.3	0	0
neutron	939.565	6.81033	98821.6	0	0
neutron	939.565	3.64561	98821.6	0	0
neutron	939.565	3.35946	98821.6	0	0
proton	938.272	2.99699	98821.6	0	0
proton	938.272	1.38118	98821.6	0	0
O18	16762	2.1454	98821.6	0	0
neutron	939.565	2.13192	98861.8	0	0
S34	31632.7	0.0832228	98861.8	0	0
neutron	939.565	10.8275	98842.1	0	0
neutron	939.565	9.31092	98842.1	0	0
neutron	939.565	0.989134	98842.1	0	0
Ne20	18617.7	0.222107	98842.1	0	0
Ne23	21414.1	0.220998	98836.3	0	0
neutron	939.565	29.2922	98839	0	0
neutron	939.565	6.25916	98839	0	0
neutron	939.565	1.84137	98839	0	0
S34	31632.7	0.71179	98839	0	0
Na23	21409.2	0.118133	98931.9	41.5764	41.3913
neutron	939.565	0.549082	98799.6	0	0
S34	31632.7	0.128928	98799.6	0	0
neutron	939.565	1.8371	98830.9	0	0
S36	33495	0.129187	98830.9	0	0
neutron	939.565	0.41256	98836.2	0	0
Ne22	20479.7	0.193475	98836.2	0	0
S35	32565.3	0.156354	98808.9	0	0
neutron	939.565	5.67074	98844.7	0	0
neutron	939.565	1.04314	98844.7	0	0
deuteron	1875.61	2.52809	98844.7	0	0
P31	28844.2	0.199517	98844.7	0	0
Cl37	34424.8	0.125291	99078.6	139.918	139.774
neutron	939.565	32.1099	98810.5	0	0
neutron	939.565	7.45493	98810.5	0	0
neutron	939.565	5.25813	98810.5	0	0
Ne20	18617.7	0.192329	98810.5	0	0
neutron	939.565	1.7558	98860.6	0	0
S34	31632.7	0.333626	98860.6	0	0
Ne23	21414.1	0.228885	98813.9	0	0
S35	32565.3	0.156656	98832.7	0	0
proton	938.272	23.031	98874.9	0	0
P34	31638.6	0.486977	98874.9	0	0
neutron	939.565	0.994799	98880.2	0	0
S34	31632.7	0.16995	98880.2	0	0
neutron	939.565	4.38584	98889.1	0	0
neutron	939.565	2.40076	98889.1	0	0
Ne21	19550.5	0.0564279	98889.1	0	0
neutron	939.565	1.40359	98828.4	0	0
S34	31632.7	0.17332	98828.4	0	0
neutron	939.565	10.2034	98838.8	0	0
neutron	939.565	10.1218	98838.8	0	0
neutron	939.565	1.67117	98838.8	0	0
neutron	939.565	1.1391	98838.8	0	0
neutron	939.565	0.148826	98838.8	0	0
alpha	3727.38	10.8672	98838.8	0	0
Si28	26053.2	1.2772	98838.8	0	0
neutron	939.565	32.9356	98875.7	0	0
neutron	939.565	8.10057	98875.7	0	0
neutron	939.565	1.88794	98875.7	0	0
alpha	3727.38	4.36259	98875.7	0	0
O16	14895.1	3.98723	98875.7	0	0
neutron	939.565	0.576716	98843.1	0	0
S34	31632.7	0.219571	98843.1	0	0
neutron	939.565	0.497838	98803.1	0	0
S36	33495	0.222795	98803.1	0	0
Ne23	21414.1	0.218551	98816.4	0	0
neutron	939.565	24.8803	98885	0	0
neutron	939.565	5.57847	98885	0	0
neutron	939.565	2.89333	98885	0	0
alpha	3727.38	5.06624	98885	0	0
O16	14895.1	5.00238	98885	0	0
neutron	939.565	1.373	98856.2	0	0
S34	31632.7	0.294726	98856.2	0	0
neutron	939.565	17.0958	98898.8	0	0
neutron	939.565	1.65241	98898.8	0	0
S33	30704.6	1.11301	98898.8	0	0
neutron	939.565	15.8846	98834	0	0
proton	938.272	11.2178	98834	0	0
neutron	939.565	0.300496	98834	0	0
P32	29775.8	0.367384	98834	0	0
neutron	939.565	1.90329	98867.6	0	0
Ne22	20479.7	0.118843	98867.6	0	0
neutron	939.565	2.2	98874.6	0	0
S34	31632.7	0.142088	98874.6	0	0
neutron	939.565	1.6114	98841.8	0	0
S34	31632.7	0.19711	98841.8	0	0
Ne23	21414.1	0.212493	98838.5	0	0
neutron	939.565	1.82737	98825.2	0	0
S36	33495	0.0483776	98825.2	0	0
neutron	939.565	7.43583	98862.5	0	0
neutron	939.565	1.7213	98862.5	0	0
neutron	939.565	1.47853	98862.5	0	0
alpha	3727.38	8.4211	98862.5	0	0
O16	14895.1	2.11561	98862.5	0	0
Na23	21409.2	0.19865	99504.9	270.171	269.883
Ne23	21414.1	0.221193	98923.2	0	0
Cl35	32564.6	0.119801	99380	207.865	207.627
S35	32565.3	0.153532	98950.9	0	0
proton	938.272	10.2737	98837.5	0	0
neutron	939.565	1.97549	98837.5	0	0
alpha	3727.38	7.70955	98837.5	0	0
Al29	26988.5	0.893616	98837.5	0	0
neutron	939.565	0.675911	98813.5	0	0
neutron	939.565	0.246487	98813.5	0	0
S33	30704.6	0.138309	98813.5	0	0
neutron	939.565	6.0265	98839.1	0	0
neutron	939.565	3.66387	98839.1	0	0
Ne21	19550.5	0.162285	98839.1	0	0
S35	32565.3	0.164974	98883.1	0	0
Ne23	21414.1	0.219365	98868.4	0	0
neutron	939.565	3.16011	98832	0	0
S36	33495	0.283819	98832	0	0
neutron	939.565	0.214288	98852.7	0	0
Ne22	20479.7	0.196986	98852.7	0	0
neutron	939.565	2.58271	98847.7	0	0
neutron	939.565	2.26565	98847.7	0	0
neutron	939.565	0.520665	98847.7	0	0
S34	31632.7	0.349308	98847.7	0	0
neutron	939.565	4.63569	98834.1	0	0
neutron	939.565	2.4226	98834.1	0	0
neutron	939.565	1.65482	98834.1	0	0
S32	29773.6	0.456379	98834.1	0	0
Ne23	21414.1	0.213378	98843.2	0	0
neutron	939.565	11.834	98837.2	0	0
Ne22	20479.7	1.1244	98837.2	0	0
neutron	939.565	7.08955	98866.6	0	0
neutron	939.565	3.84474	98866.6	0	0
neutron	939.565	0.844662	98866.6	0	0
S32	29773.6	0.371518	98866.6	0	0
neutron	939.565	3.57186	98811	0	0
neutron	939.565	3.10165	98811	0	0
S35	32565.3	0.298495	98811	0	0
proton	938.272	19.0317	98867.2	0	0
neutron	939.565	2.15584	98867.2	0	0
P33	30705.3	0.436878	98867.2	0	0
Na23	21409.2	0.119604	99358.3	215.434	215.149
Ne23	21414.1	0.220427	98899.4	0	0
neutron	939.565	3.41967	98866.7	0	0
neutron	939.565	3.24058	98866.7	0	0
Ne21	19550.5	0.534529	98866.7	0	0
proton	938.272	17.9656	98857.7	0	0
proton	938.272	3.82869	98857.7	0	0
neutron	939.565	1.13293	98857.7	0	0
neutron	939.565	0.547886	98857.7	0	0
O19	17697.6	0.0708512	98857.7	0	0
neutron	939.565	24.6537	98857.4	0	0
proton	938.272	11.9629	98857.4	0	0
neutron	939.565	0.578857	98857.4	0	0
deuteron	1875.61	2.79658	98857.4	0	0
Si30	27913.2	1.66932	98857.4	0	0
neutron	939.565	1.3762	98859.7	0	0
S36	33495	0.169045	98859.7	0	0
Ne23	21414.1	0.229406	98838.4	0	0
Cl35	32564.6	0.0741515	99619.3	313.605	313.489
neutron	939.565	0.554293	98871.2	0	0
S34	31632.7	0.234174	98871.2	0	0
neutron	939.565	25.9823	98831.3	0	0
neutron	939.565	2.37369	98831.3	0	0
neutron	939.565	2.02405	98831.3	0	0
Ne20	18617.7	0.734258	98831.3	0	0
Ne23	21414.1	0.223343	98916.8	0	0
S35	32565.3	0.157774	98831.5	0	0
neutron	939.565	6.51863	98860.5	0	0
neutron	939.565	5.58944	98860.5	0	0
proton	938.272	2.32211	98860.5	0	0
neutron	939.565	1.59956	98860.5	0	0
neutron	939.565	0.601647	98860.5	0	0
P30	27917	0.403505	98860.5	0	0
neutron	939.565	1.15238	98866.2	0	0
S34	31632.7	0.284448	98866.2	0	0
neutron	939.565	14.3248	98836.6	0	0
neutron	939.565	2.69342	98836.6	0	0
neutron	939.565	2.35714	98836.6	0	0
S32	29773.6	0.207316	98836.6	0	0
neutron	939.565	12.248	98865.5	0	0
neutron	939.565	9.2889	98865.5	0	0
neutron	939.565	1.51178	98865.5	0	0
Ne20	18617.7	1.86563	98865.5	0	0
neutron	939.565	2.22328	98861.7	0	0
S36	33495	0.1073	98861.7	0	0
Ne23	21414.1	0.229509	98831.7	0	0
neutron	939.565	11.1337	98856.7	0	0
neutron	939.565	3.81341	98856.7	0	0
neutron	939.565	2.28284	98856.7	0	0
alpha	3727.38	8.43895	98856.7	0	0
O16	14895.1	1.45229	98856.7	0	0
Na23	21409.2	0.2078	99990.4	440.646	440.328
Ne23	21414.1	0.232877	98890.4	0	0
neutron	939.565	22.6224	98850.9	0	0
neutron	939.565	17.1867	98850.9	0	0
neutron	939.565	0.666197	98850.9	0	0
S34	31632.7	0.720809	98850.9	0	0
neutron	939.565	0.0917296	98776.1	0	0
Ne22	20479.7	0.208233	98776.1	0	0
neutron	939.565	7.23925	98836.9	0	0
proton	938.272	5.5035	98836.9	0	0
neutron	939.565	2.07405	98836.9	0	0
neutron	939.565	1.62515	98836.9	0	0
neutron	939.565	1.20111	98836.9	0	0
deuteron	1875.61	5.55351	98836.9	0	0
Si30	27913.2	1.45541	98836.9	0	0
Cl35	32564.6	0.209282	99685.8	325.802	325.525
Ne23	21414.1	0.221039	98882.7	0	0
Ne23	21414.1	0.223369	98833.1	0	0
neutron	939.565	0.469177	98979.5	0	0
S34	31632.7	0.119146	98979.5	0	0
Ne23	21414.1	0.231044	98838.4	0	0
neutron	939.565	1.41045	98814.3	0	0
Ne22	20479.7	0.0710945	98814.3	0	0
neutron	939.565	3.46304	98851.1	0	0
neutron	939.565	2.77395	98851.1	0	0
S35	32565.3	0.00946555	98851.1	0	0
neutron	939.565	6.26092	98844.3	0	0
proton	938.272	3.01391	98844.3	0	0
neutron	939.565	2.48917	98844.3	0	0
neutron	939.565	0.853431	98844.3	0	0
P31	28844.2	0.310257	98844.3	0	0
proton	938.272	5.01153	98897.7	0	0
neutron	939.565	4.58796	98897.7	0	0
proton	938.272	3.7032	98897.7	0	0
Si32	29776.6	0.380594	98897.7	0	0
Na23	21409.2	0.132659	99456.1	248.306	247.961
Ne23	21414.1	0.227272	98876.6	0	0
neutron	939.565	1.946	98806.7	0	0
S36	33495	0.289386	98806.7	0	0
S35	32565.3	0.146987	98824.9	0	0
Cl35	32564.6	0.0815053	99073.2	114.035	113.866
neutron	939.565	0.159572	98855.9	0	0
Ne22	20479.7	0.192083	98855.9	0	0
neutron	939.565	5.38795	98862.8	0	0
neutron	939.565	4.82327	98862.8	0	0
neutron	939.565	2.2371	98862.8	0	0
S32	29773.6	0.180026	98862.8	0	0
neutron	939.565	0.197251	98864	0	0
S34	31632.7	0.208654	98864	0	0
neutron	939.565	0.217204	98828.3	0	0
S34	31632.7	0.163685	98828.3	0	0
neutron	939.565	0.221261	98804.3	0	0
Ne22	20479.7	0.172136	98804.3	0	0
neutron	939.565	1.30066	98840	0	0
neutron	939.565	1.05509	98840	0	0
S33	30704.6	0.180172	98840	0	0
S37	34430.2	0.137727	98890.1	0	0
neutron	939.565	0.706375	98863.5	0	0
S34	31632.7	0.189094	98863.5	0	0
neutron	939.565	0.063884	98871	0	0
Ne22	20479.7	0.246623	98871	0	0
neutron	939.565	1.68859	98829.3	0	0
S34	31632.7	0.13018	98829.3	0	0
neutron	939.565	5.19007	98873.9	0	0
neutron	939.565	2.13232	98873.9	0	0
alpha	3727.38	10.6533	98873.9	0	0
Si29	26984.3	0.659404	98873.9	0	0
neutron	939.565	5.24132	98815.8	0	0
neutron	939.565	2.35882	98815.8	0	0
neutron	939.565	1.75532	98815.8	0	0
alpha	3727.38	9.51327	98815.8	0	0
Si28	26053.2	1.58483	98815.8	0	0
neutron	939.565	8.21649	98939.1	0	0
neutron	939.565	2.78944	98939.1	0	0
deuteron	1875.61	15.9687	98939.1	0	0
deuteron	1875.61	14.694	98939.1	0	0
Si29	26984.3	0.737723	98939.1	0	0
proton	938.272	24.4157	98862.9	0	0
neutron	939.565	23.3373	98862.9	0	0
neutron	939.565	1.87892	98862.9	0	0
neutron	939.565	0.0990204	98862.9	0	0
P31	28844.2	0.568693	98862.9	0	0
S35	32565.3	0.158424	98847.8	0	0
Na23	21409.2	0.550752	98966.2	73.6711	72.6996
Ne23	21414.1	0.219664	98841.8	0	0
neutron	939.565	12.4069	98868.1	0	0
proton	938.272	11.6227	98868.1	0	0
neutron	939.565	3.72647	98868.1	0	0
proton	938.272	2.13271	98868.1	0	0
neutron	939.565	2.00025	98868.1	0	0
O18	16762	1.33422	98868.1	0	0
neutron	939.565	21.1921	98835.4	0	0
neutron	939.565	5.38395	98835.4	0	0
proton	938.272	3.9226	98835.4	0	0
neutron	939.565	3.23097	98835.4	0	0
proton	938.272	2.28294	98835.4	0	0
Si30	27913.2	1.24397	98835.4	0	0
neutron	939.565	6.03141	98862.1	0	0
neutron	939.565	3.47432	98862.1	0	0
neutron	939.565	2.93716	98862.1	0	0
Ne20	18617.7	0.700321	98862.1	0	0
Ne23	21414.1	0.226026	98817.1	0	0
neutron	939.565	2.13204	98835.1	0	0
Ne22	20479.7	0.2599	98835.1	0	0
S37	34430.2	0.134339	98930.7	0	0
S37	34430.2	0.137068	98863.7	0	0
Na23	21409.2	0.226616	99742.3	356.213	355.926
neutron	939.565	0.936197	98800	0	0
S34	31632.7	0.277216	98800	0	0
Ne23	21414.1	0.225466	98811.7	0	0
S35	32565.3	0.158496	98809.4	0	0
neutron	939.565	1.48625	99023.2	0	0
Ne22	20479.7	0.0903714	99023.2	0	0
Ne23	21414.1	0.229981	98942	0	0
proton	938.272	4.78751	98917.9	0	0
neutron	939.565	1.86385	98917.9	0	0
neutron	939.565	1.36138	98917.9	0	0
neutron	939.565	0.509667	98917.9	0	0
P31	28844.2	0.224697	98917.9	0	0
neutron	939.565	0.960766	98841.8	0	0
Ne22	20479.7	0.320958	98841.8	0	0
neutron	939.565	0.568708	98816.8	0	0
Ne22	20479.7	0.251628	98816.8	0	0
Ne23	21414.1	0.218047	98836.7	0	0
S35	32565.3	0.150637	98907	0	0
neutron	939.565	10.4855	98829.5	0	0
S34	31632.7	0.652131	98829.5	0	0
neutron	939.565	2.41763	98851.3	0	0
Ne22	20479.7	0.089492	98851.3	0	0
Ne23	21414.1	0.230588	98886.4	0	0
neutron	939.565	2.10418	98806.4	0	0
neutron	939.565	1.43203	98806.4	0	0
neutron	939.565	0.829882	98806.4	0	0
Ne20	18617.7	0.0575835	98806.4	0	0
neutron	939.565	1.24814	98845.8	0	0
Ne22	20479.7	0.334988	98845.8	0	0
Ne23	21414.1	0.214833	98817.6	0	0
neutron	939.565	21.3112	98870.9	0	0
neutron	939.565	1.76591	98870.9	0	0
alpha	3727.38	9.22887	98870.9	0	0
Si29	26984.3	1.39536	98870.9	0	0
neutron	939.565	8.43478	98816.4	0	0
neutron	939.565	1.90039	98816.4	0	0
Ne21	19550.5	0.653544	98816.4	0	0
S35	32565.3	0.141335	98864.4	0	0
proton	938.272	16.8675	98846.1	0	0
neutron	939.565	8.08119	98846.1	0	0
neutron	939.565	3.54898	98846.1	0	0
neutron	939.565	0.107378	98846.1	0	0
alpha	3727.38	3.71554	98846.1	0	0
N15	13968.9	1.51549	98846.1	0	0
neutron	939.565	8.57731	98880	0	0
neutron	939.565	3.10498	98880	0	0
neutron	939.565	1.80927	98880	0	0
S32	29773.6	0.630012	98880	0	0
neutron	939.565	8.7006	98878.8	0	0
Ne22	20479.7	0.993177	98878.8	0	0
neutron	939.565	1.05665	98804.9	0	0
Ne22	20479.7	0.328961	98804.9	0	0
neutron	939.565	14.4964	98840.9	0	0
neutron	939.565	5.51724	98840.9	0	0
neutron	939.565	1.78765	98840.9	0	0
Ne20	18617.7	0.465481	98840.9	0	0
neutron	939.565	0.152149	98848.1	0	0
S36	33495	0.122981	98848.1	0	0
Ne23	21414.1	0.199947	98867	0	0
neutron	939.565	8.59668	98858.1	0	0
neutron	939.565	7.09096	98858.1	0	0
neutron	939.565	4.18979	98858.1	0	0
neutron	939.565	2.49484	98858.1	0	0
S33	30704.6	1.16579	98858.1	0	0
Na23	21409.2	0.12535	99559.5	277.485	277.212
neutron	939.565	0.599309	98875.9	0	0
S34	31632.7	0.168294	98875.9	0	0
S35	32565.3	0.161435	98847.7	0	0
proton	938.272	23.8223	98864.5	0	0
neutron	939.565	2.61493	98864.5	0	0
neutron	939.565	0.212297	98864.5	0	0
P32	29775.8	1.19108	98864.5	0	0
Ne23	21414.1	0.233216	98873.7	0	0
S35	32565.3	0.15606	98858.4	0	0
neutron	939.565	18.7752	98833.4	0	0
neutron	939.565	5.81405	98833.4	0	0
neutron	939.565	5.01876	98833.4	0	0
alpha	3727.38	6.60436	98833.4	0	0
alpha	3727.38	1.15159	98833.4	0	0
C12	11174.9	6.62497	98833.4	0	0
neutron	939.565	2.95661	98862.5	0	0
S34	31632.7	0.221079	98862.5	0	0
neutron	939.565	1.48238	98841	0	0
neutron	939.565	0.354928	98841	0	0
S33	30704.6	0.122165	98841	0	0
neutron	939.565	1.53131	98852.5	0	0
Ne22	20479.7	0.226684	98852.5	0	0
neutron	939.565	2.31497	98921	0	0
S34	31632.7	0.250591	98921	0	0
neutron	939.565	2.51052	98843.5	0	0
Ne22	20479.7	0.0667429	98843.5	0	0
neutron	939.565	0.136209	98885.4	0	0
S34	31632.7	0.191457	98885.4	0	0
neutron	939.565	11.012	98797.5	0	0
neutron	939.565	7.08559	98797.5	0	0
proton	938.272	5.08031	98797.5	0	0
neutron	939.565	4.78036	98797.5	0	0
P31	28844.2	0.633733	98797.5	0	0
neutron	939.565	4.53123	98808.6	0	0
S34	31632.7	0.169312	98808.6	0	0
neutron	939.565	0.717439	98919.7	0	0
Ne22	20479.7	0.406237	98919.7	0	0
Na23	21409.2	0.114297	99869.7	401.05	400.859
neutron	939.565	2.28774	98827.5	0	0
alpha	3727.38	16.5528	98827.5	0	0
O18	16762	5.3175	98827.5	0	0
neutron	939.565	3.365	98874.8	0	0
S34	31632.7	0.331479	98874.8	0	0
neutron	939.565	6.52336	98875.5	0	0
neutron	939.565	4.72147	98875.5	0	0
neutron	939.565	0.434837	98875.5	0	0
S34	31632.7	0.269008	98875.5	0	0
neutron	939.565	1.48976	98849.3	0	0
neutron	939.565	0.817158	98849.3	0	0
S33	30704.6	0.200793	98849.3	0	0
neutron	939.565	1.40581	98822.2	0	0
Ne22	20479.7	0.162982	98822.2	0	0
Na23	21409.2	0.248714	98918.6	43.5234	42.8644
neutron	939.565	0.750636	98852.7	0	0
S34	31632.7	0.0815732	98852.7	0	0
Na23	21409.2	0.174392	99204.2	164.193	164.012
Ne23	21414.1	0.202869	98856.6	0	0
neutron	939.565	2.46748	98877.1	0	0
alpha	3727.38	34.824	98877.1	0	0
O18	16762	6.76031	98877.1	0	0
neutron	939.565	2.70904	98845.5	0	0
S34	31632.7	0.184428	98845.5	0	0
S35	32565.3	0.140825	98869.5	0	0
S35	32565.3	0.146374	98823.6	0	0
neutron	939.565	2.11531	98892.8	0	0
S34	31632.7	0.0325081	98892.8	0	0
neutron	939.565	0.366842	98830.2	0	0
S36	33495	0.20835	98830.2	0	0
Cl35	32564.6	0.0850677	99533.1	284.233	284.072
S37	34430.2	0.139222	98835.9	0	0
Na23	21409.2	0.393175	98910.9	55.8581	55.3925
neutron	939.565	0.872803	98868.6	0	0
Ne22	20479.7	0.346838	98868.6	0	0
neutron	939.565	27.2029	98822.8	0	0
neutron	939.565	6.73955	98822.8	0	0
neutron	939.565	3.08605	98822.8	0	0
alpha	3727.38	7.00734	98822.8	0	0
O16	14895.1	5.18672	98822.8	0	0
neutron	939.565	0.570061	98800.7	0	0
S36	33495	0.112835	98800.7	0	0
neutron	939.565	10.7335	98875.7	0	0
neutron	939.565	5.78063	98875.7	0	0
neutron	939.565	1.76434	98875.7	0	0
neutron	939.565	0.813685	98875.7	0	0
S33	30704.6	0.530422	98875.7	0	0
neutron	939.565	21.1326	98813.7	0	0
proton	938.272	17.6001	98813.7	0	0
proton	938.272	2.26319	98813.7	0	0
neutron	939.565	1.69628	98813.7	0	0
neutron	939.565	0.746533	98813.7	0	0
Si30	27913.2	1.31174	98813.7	0	0
Ne23	21414.1	0.227203	98892.6	0	0
Cl35	32564.6	0.11251	99616.6	303.121	302.639
Cl37	34424.8	0.125356	99108.5	111.228	110.885
S37	34430.2	0.145155	98961	0	0
Ne23	21414.1	0.199851	98860.7	0	0
neutron	939.565	0.595894	98842	0	0
S36	33495	0.177136	98842	0	0
proton	938.272	40.9435	98858.3	0	0
neutron	939.565	13.3437	98858.3	0	0
neutron	939.565	1.00321	98858.3	0	0
neutron	939.565	0.774475	98858.3	0	0
F19	17692.3	0.569769	98858.3	0	0
proton	938.272	16.2951	98887.1	0	0
F22	20491.1	0.482386	98887.1	0	0
neutron	939.565	0.574163	98836.1	0	0
S34	31632.7	0.144798	98836.1	0	0
neutron	939.565	0.0487117	98865	0	0
S34	31632.7	0.152049	98865	0	0
S37	34430.2	0.145128	98836.8	0	0
neutron	939.565	1.41214	98885	0	0
S34	31632.7	0.244675	98885	0	0
neutron	939.565	1.86958	98849.1	0	0
S34	31632.7	0.240224	98849.1	0	0
neutron	939.565	0.730857	98850	0	0
S34	31632.7	0.143927	98850	0	0
neutron	939.565	4.50116	98842.5	0	0
neutron	939.565	3.13136	98842.5	0	0
neutron	939.565	2.57595	98842.5	0	0
neutron	939.565	1.55665	98842.5	0	0
neutron	939.565	1.25119	98842.5	0	0
S32	29773.6	1.51593	98842.5	0	0
neutron	939.565	13.4164	98850.4	0	0
neutron	939.565	7.32039	98850.4	0	0
proton	938.272	4.12883	98850.4	0	0
neutron	939.565	1.30522	98850.4	0	0
F19	17692.3	0.406556	98850.4	0	0
neutron	939.565	5.07747	98786.8	0	0
neutron	939.565	1.54272	98786.8	0	0
S33	30704.6	0.256311	98786.8	0	0
Ne23	21414.1	0.202442	98857.6	0	0
S35	32565.3	0.149797	98832.7	0	0
neutron	939.565	5.66547	98807.3	0	0
alpha	3727.38	7.01752	98807.3	0	0
O18	16762	0.433628	98807.3	0	0
neutron	939.565	35.6132	98854.9	0	0
proton	938.272	6.40175	98854.9	0	0
neutron	939.565	3.9925	98854.9	0	0
F20	18625.3	4.00861	98854.9	0	0
neutron	939.565	0.0668397	98824.9	0	0
S34	31632.7	0.129649	98824.9	0	0
neutron	939.565	25.3682	98844.7	0	0
neutron	939.565	4.98992	98844.7	0	0
neutron	939.565	0.665312	98844.7	0	0
alpha	3727.38	10.1855	98844.7	0	0
Si28	26053.2	3.37252	98844.7	0	0
neutron	939.565	0.223256	98884.2	0	0
Ne22	20479.7	0.258621	98884.2	0	0
neutron	939.565	3.11551	98890.6	0	0
S34	31632.7	0.132689	98890.6	0	0
S35	32565.3	0.164423	98880.5	0	0
neutron	939.565	2.2411	98852.1	0	0
Ne22	20479.7	0.285608	98852.1	0	0
S35	32565.3	0.151222	98890	0	0
neutron	939.565	4.82974	98838.9	0	0
neutron	939.565	2.74447	98838.9	0	0
He3	2808.39	12.1369	98838.9	0	0
O18	16762	0.459099	98838.9	0	0
neutron	939.565	5.42934	98834.8	0	0
neutron	939.565	0.467917	98834.8	0	0
S35	32565.3	0.121673	98834.8	0	0
S37	34430.2	0.137279	98852.3	0	0
neutron	939.565	1.4396	98847.2	0	0
Ne22	20479.7	0.0638951	98847.2	0	0
neutron	939.565	0.0477024	98869.2	0	0
S34	31632.7	0.164786	98869.2	0	0
neutron	939.565	4.22387	98904.6	0	0
S36	33495	0.223753	98904.6	0	0
Ne23	21414.1	0.233141	98891.4	0	0
neutron	939.565	1.24342	98842.5	0	0
S34	31632.7	0.20652	98842.5	0	0
Cl35	32564.6	0.0854644	99833	366.418	366.26
neutron	939.565	2.73829	98901.9	0	0
neutron	939.565	0.730335	98901.9	0	0
S33	30704.6	0.023884	98901.9	0	0
Ne23	21414.1	0.220513	98889.1	0	0
neutron	939.565	31.0434	98895.6	0	0
neutron	939.565	27.996	98895.6	0	0
neutron	939.565	2.05867	98895.6	0	0
neutron	939.565	0.329259	98895.6	0	0
S33	30704.6	0.475349	98895.6	0	0
neutron	939.565	0.664561	98863	0	0
Ne22	20479.7	0.164158	98863	0	0
Ne23	21414.1	0.225501	98866	0	0
neutron	939.565	9.47811	98859.1	0	0
neutron	939.565	3.28341	98859.1	0	0
neutron	939.565	1.42922	98859.1	0	0
alpha	3727.38	3.28461	98859.1	0	0
O16	14895.1	3.48169	98859.1	0	0
Na23	21409.2	0.119683	98887.1	28.8486	28.6671
Ne23	21414.1	0.21054	98877.6	0	0
Ne23	21414.1	0.21514	98844	0	0
neutron	939.565	26.3769	98877.8	0	0
neutron	939.565	13.9612	98877.8	0	0
neutron	939.565	0.915908	98877.8	0	0
Ne20	18617.7	0.316171	98877.8	0	0
neutron	939.565	1.06578	98844.6	0	0
Ne22	20479.7	0.273595	98844.6	0	0
neutron	939.565	3.36452	98830.4	0	0
neutron	939.565	3.04439	98830.4	0	0
neutron	939.565	0.908221	98830.4	0	0
alpha	3727.38	6.58446	98830.4	0	0
O16	14895.1	1.89785	98830.4	0	0
neutron	939.565	6.19358	98880.6	0	0
neutron	939.565	2.11601	98880.6	0	0
neutron	939.565	1.20423	98880.6	0	0
S32	29773.6	0.387813	98880.6	0	0
Na23	21409.2	0.199588	99590.6	311.9	311.516
S35	32565.3	0.153594	98846.8	0	0
neutron	939.565	1.57325	98887.4	0	0
S34	31632.7	0.181063	98887.4	0	0
neutron	939.565	3.73352	98850.1	0	0
neutron	939.565	3.49691	98850.1	0	0
neutron	939.565	0.985946	98850.1	0	0
S34	31632.7	0.0595125	98850.1	0	0
Ne23	21414.1	0.220052	98819.4	0	0
Ne23	21414.1	0.234609	98873.3	0	0
Ne23	21414.1	0.230465	98857.1	0	0
neutron	939.565	0.572781	98849.6	0	0
S34	31632.7	0.194265	98849.6	0	0
Ne23	21414.1	0.223074	98814.8	0	0
Na23	21409.2	0.10249	98971.6	81.4206	81.2253
neutron	939.565	8.60607	98855.1	0	0
neutron	939.565	4.96433	98855.1	0	0
Ne21	19550.5	0.0448066	98855.1	0	0
S35	32565.3	0.147283	98851	0	0
Ne23	21414.1	0.233112	98828.3	0	0
neutron	939.565	1.82069	98812.4	0	0
neutron	939.565	1.33579	98812.4	0	0
alpha	3727.38	12.7217	98812.4	0	0
Si29	26984.3	1.72631	98812.4	0	0
neutron	939.565	0.534314	98925.4	0	0
S34	31632.7	0.13124	98925.4	0	0
neutron	939.565	20.2179	98843.6	0	0
neutron	939.565	6.13991	98843.6	0	0
proton	938.272	5.25582	98843.6	0	0
P32	29775.8	1.04107	98843.6	0	0
neutron	939.565	0.562479	98885.7	0	0
S34	31632.7	0.0924502	98885.7	0	0
Ne23	21414.1	0.206221	98851.8	0	0
neutron	939.565	9.00864	98849.4	0	0
neutron	939.565	6.12039	98849.4	0	0
Ne21	19550.5	0.654737	98849.4	0	0
neutron	939.565	6.04057	98820.7	0	0
neutron	939.565	4.46497	98820.7	0	0
neutron	939.565	2.3895	98820.7	0	0
S34	31632.7	0.596648	98820.7	0	0
neutron	939.565	0.938041	98889.3	0	0
Ne22	20479.7	0.193396	98889.3	0	0
neutron	939.565	3.09414	98856.3	0	0
neutron	939.565	0.0874622	98856.3	0	0
S33	30704.6	0.268801	98856.3	0	0
neutron	939.565	3.14475	98896.1	0	0
Ne22	20479.7	0.081862	98896.1	0	0
Ne23	21414.1	0.211967	98834.7	0	0
neutron	939.565	13.2307	98846	0	0
neutron	939.565	2.9901	98846	0	0
neutron	939.565	1.47963	98846	0	0
S32	29773.6	0.74441	98846	0	0
neutron	939.565	1.64409	98859.1	0	0
S34	31632.7	0.0955582	98859.1	0	0
neutron	939.565	20.6252	98868	0	0
neutron	939.565	3.50371	98868	0	0
neutron	939.565	1.27643	98868	0	0
S32	29773.6	1.11578	98868	0	0
neutron	939.565	25.3379	98864.8	0	0
neutron	939.565	4.97014	98864.8	0	0
neutron	939.565	1.13754	98864.8	0	0
Ne20	18617.7	1.77244	98864.8	0	0
neutron	939.565	22.1124	98813.9	0	0
neutron	939.565	13.1244	98813.9	0	0
proton	938.272	7.66557	98813.9	0	0
neutron	939.565	1.17723	98813.9	0	0
P31	28844.2	1.40179	98813.9	0	0
Cl35	32564.6	0.138376	99572.1	295.785	295.515
Ne23	21414.1	0.228897	98856.4	0	0
neutron	939.565	4.31326	98818.6	0	0
S34	31632.7	0.426185	98818.6	0	0
Ne23	21414.1	0.231054	98863.6	0	0
neutron	939.565	4.38927	98835.4	0	0
neutron	939.565	2.96389	98835.4	0	0
S35	32565.3	0.398862	98835.4	0	0
neutron	939.565	3.52409	98826.5	0	0
Ne22	20479.7	0.639272	98826.5	0	0
proton	938.272	4.41446	98856.4	0	0
neutron	939.565	4.28642	98856.4	0	0
neutron	939.565	0.617372	98856.4	0	0
deuteron	1875.61	5.56191	98856.4	0	0
Si30	27913.2	0.383329	98856.4	0	0
neutron	939.565	0.264066	98896.7	0	0
S34	31632.7	0.162013	98896.7	0	0
neutron	939.565	39.7603	98923.5	0	0
neutron	939.565	2.73975	98923.5	0	0
neutron	939.565	1.92949	98923.5	0	0
Ne20	18617.7	2.49484	98923.5	0	0
Ne23	21414.1	0.229301	98852.1	0	0
neutron	939.565	16.1735	98819.6	0	0
neutron	939.565	3.05629	98819.6	0	0
neutron	939.565	0.140475	98819.6	0	0
S32	29773.6	0.643957	98819.6	0	0
neutron	939.565	0.215218	98887.6	0	0
S34	31632.7	0.173409	98887.6	0	0
Ne23	21414.1	0.228383	98871.4	0	0
neutron	939.565	1.29577	98863.2	0	0
S34	31632.7	0.230459	98863.2	0	0
neutron	939.565	0.726983	98869.4	0	0
S34	31632.7	0.151292	98869.4	0	0
neutron	939.565	8.15119	98874.8	0	0
neutron	939.565	3.59404	98874.8	0	0
proton	938.272	3.36539	98874.8	0	0
neutron	939.565	3.28941	98874.8	0	0
alpha	3727.38	3.86935	98874.8	0	0
N15	13968.9	3.64754	98874.8	0	0
Na23	21409.2	0.221004	99686.2	336.934	336.557
Ne23	21414.1	0.233356	98824.4	0	0
neutron	939.565	0.146484	98860.5	0	0
Ne22	20479.7	0.249593	98860.5	0	0
neutron	939.565	0.344139	98871.7	0	0
S34	31632.7	0.0817623	98871.7	0	0
neutron	939.565	3.31565	98861.3	0	0
neutron	939.565	1.11942	98861.3	0	0
neutron	939.565	0.828936	98861.3	0	0
S34	31632.7	0.405384	98861.3	0	0
Ne23	21414.1	0.207963	98845.1	0	0
neutron	939.565	16.7816	98859.8	0	0
neutron	939.565	5.97579	98859.8	0	0
neutron	939.565	4.98602	98859.8	0	0
neutron	939.565	3.41661	98859.8	0	0
neutron	939.565	1.17824	98859.8	0	0
S32	29773.6	1.31801	98859.8	0	0
neutron	939.565	25.6143	98891.4	0	0
neutron	939.565	4.06944	98891.4	0	0
neutron	939.565	2.60148	98891.4	0	0
Ne20	18617.7	1.17835	98891.4	0	0
proton	938.272	11.1194	98891.9	0	0
neutron	939.565	3.88878	98891.9	0	0
neutron	939.565	2.81489	98891.9	0	0
neutron	939.565	1.13127	98891.9	0	0
P31	28844.2	0.965139	98891.9	0	0
S35	32565.3	0.165419	98878.8	0	0
S35	32565.3	0.148973	98885.5	0	0
neutron	939.565	5.82369	98908.2	0	0
proton	938.272	4.62304	98908.2	0	0
P33	30705.3	0.0267694	98908.2	0	0
neutron	939.565	0.132134	98861.7	0	0
S36	33495	0.10784	98861.7	0	0
neutron	939.565	2.33085	98873.4	0	0
S36	33495	0.157119	98873.4	0	0
S35	32565.3	0.15508	98843	0	0
proton	938.272	30.2027	98847	0	0
proton	938.272	3.93326	98847	0	0
neutron	939.565	1.40154	98847	0	0
Si34	31643.7	1.47442	98847	0	0
neutron	939.565	7.25833	98873.7	0	0
proton	938.272	3.51892	98873.7	0	0
neutron	939.565	2.5761	98873.7	0	0
neutron	939.565	1.78943	98873.7	0	0
P31	28844.2	0.180654	98873.7	0	0
neutron	939.565	6.67794	98914.2	0	0
neutron	939.565	1.18428	98914.2	0	0
neutron	939.565	0.579223	98914.2	0	0
Ne20	18617.7	0.191	98914.2	0	0
neutron	939.565	0.949887	98812.5	0	0
Ne22	20479.7	0.413934	98812.5	0	0
proton	938.272	8.40547	98824	0	0
neutron	939.565	4.60345	98824	0	0
P33	30705.3	1.07712	98824	0	0
S35	32565.3	0.150902	98862.7	0	0
neutron	939.565	27.0348	98933.4	0	0
neutron	939.565	3.14751	98933.4	0	0
neutron	939.565	1.76915	98933.4	0	0
alpha	3727.38	2.43738	98933.4	0	0
O16	14895.1	5.84008	98933.4	0	0
S37	34430.2	0.140716	98867.9	0	0
neutron	939.565	0.756332	98860.2	0	0
Ne22	20479.7	0.0864386	98860.2	0	0
neutron	939.565	0.2164	98821.3	0	0
S34	31632.7	0.162963	98821.3	0	0
neutron	939.565	5.32676	98812.2	0	0
neutron	939.565	3.18658	98812.2	0	0
Ne21	19550.5	0.0886068	98812.2	0	0
neutron	939.565	1.45021	98914.5	0	0
Ne22	20479.7	0.271753	98914.5	0	0
neutron	939.565	0.421433	98855	0	0
S34	31632.7	0.210052	98855	0	0
S37	34430.2	0.131963	98864.1	0	0
neutron	939.565	32.2465	98822.5	0	0
proton	938.272	6.06729	98822.5	0	0
neutron	939.565	1.33698	98822.5	0	0
neutron	939.565	0.872905	98822.5	0	0
P31	28844.2	0.815435	98822.5	0	0
neutron	939.565	10.0178	98883.5	0	0
neutron	939.565	4.62002	98883.5	0	0
neutron	939.565	0.777188	98883.5	0	0
alpha	3727.38	14.4149	98883.5	0	0
Si28	26053.2	0.795211	98883.5	0	0
neutron	939.565	2.60993	98874.1	0	0
S36	33495	0.0806369	98874.1	0	0
Ne23	21414.1	0.213529	98834	0	0
neutron	939.565	11.6596	98897.9	0	0
neutron	939.565	1.68733	98897.9	0	0
Ne21	19550.5	1.65252	98897.9	0	0
S35	32565.3	0.1556	98830.7	0	0
proton	938.272	7.31425	98856	0	0
neutron	939.565	2.6979	98856	0	0
P33	30705.3	0.442336	98856	0	0
neutron	939.565	1.63968	98887.6	0	0
S34	31632.7	0.311098	98887.6	0	0
neutron	939.565	1.05171	98874.2	0	0
Ne22	20479.7	0.28478	98874.2	0	0
neutron	939.565	0.319199	98874.8	0	0
S34	31632.7	0.110931	98874.8	0	0
neutron	939.565	1.29723	98893.5	0	0
neutron	939.565	1.23779	98893.5	0	0
neutron	939.565	1.20521	98893.5	0	0
Ne20	18617.7	0.20186	98893.5	0	0
neutron	939.565	19.2847	98880.1	0	0
neutron	939.565	15.1287	98880.1	0	0
neutron	939.565	1.59567	98880.1	0	0
S32	29773.6	0.156302	98880.1	0	0
neutron	939.565	7.14712	98868.5	0	0
neutron	939.565	2.98699	98868.5	0	0
neutron	939.565	0.651306	98868.5	0	0
Ne20	18617.7	0.537268	98868.5	0	0
neutron	939.565	2.84968	98806.3	0	0
neutron	939.565	2.13985	98806.3	0	0
neutron	939.565	1.55094	98806.3	0	0
alpha	3727.38	6.93745	98806.3	0	0
Si28	26053.2	1.84227	98806.3	0	0
neutron	939.565	1.04124	98909.7	0	0
S34	31632.7	0.162751	98909.7	0	0
neutron	939.565	2.62793	98890.8	0	0
S34	31632.7	0.344983	98890.8	0	0
Cl37	34424.8	0.18242	98935.3	27.3894	27.0684
Na23	21409.2	0.130117	99928.3	416.361	416.223
neutron	939.565	9.37585	98844.1	0	0
proton	938.272	5.64546	98844.1	0	0
neutron	939.565	3.75497	98844.1	0	0
neutron	939.565	0.184748	98844.1	0	0
P31	28844.2	0.00215748	98844.1	0	0
neutron	939.565	3.828	98894.3	0	0
Ne22	20479.7	0.152938	98894.3	0	0
neutron	939.565	9.68451	98826.7	0	0
proton	938.272	9.22285	98826.7	0	0
neutron	939.565	3.46136	98826.7	0	0
proton	938.272	1.74478	98826.7	0	0
neutron	939.565	0.137653	98826.7	0	0
O18	16762	0.435321	98826.7	0	0
neutron	939.565	3.29893	98897.6	0	0
neutron	939.565	1.54539	98897.6	0	0
Ne21	19550.5	0.200428	98897.6	0	0
neutron	939.565	22.9205	98889.3	0	0
neutron	939.565	5.70523	98889.3	0	0
neutron	939.565	3.70635	98889.3	0	0
alpha	3727.38	4.07608	98889.3	0	0
O16	14895.1	1.61017	98889.3	0	0
neutron	939.565	15.4623	98846.6	0	0
proton	938.272	7.45941	98846.6	0	0
neutron	939.565	2.60845	98846.6	0	0
deuteron	1875.61	5.51835	98846.6	0	0
O18	16762	1.32625	98846.6	0	0
neutron	939.565	14.8938	98846.8	0	0
neutron	939.565	11.7332	98846.8	0	0
neutron	939.565	1.04925	98846.8	0	0
alpha	3727.38	4.71187	98846.8	0	0
O16	14895.1	6.65904	98846.8	0	0
Na23	21409.2	0.119806	98879.2	41.2935	41.1043
proton	938.272	6.80585	98845.3	0	0
proton	938.272	4.39437	98845.3	0	0
neutron	939.565	3.89062	98845.3	0	0
O20	18629.6	0.415987	98845.3	0	0
neutron	939.565	1.2268	98873.2	0	0
S34	31632.7	0.301118	98873.2	0	0
neutron	939.565	2.31336	98822.4	0	0
S36	33495	0.151008	98822.4	0	0
proton	938.272	8.49284	98799.7	0	0
neutron	939.565	2.71267	98799.7	0	0
neutron	939.565	1.95666	98799.7	0	0
neutron	939.565	0.802795	98799.7	0	0
P31	28844.2	0.284637	98799.7	0	0
neutron	939.565	2.76607	98829	0	0
neutron	939.565	1.96581	98829	0	0
neutron	939.565	1.18462	98829	0	0
alpha	3727.38	6.19637	98829	0	0
Si28	26053.2	0.479418	98829	0	0
Ne23	21414.1	0.215585	98772.6	0	0
proton	938.272	14.282	98855.8	0	0
neutron	939.565	3.16487	98855.8	0	0
neutron	939.565	3.14639	98855.8	0	0
neutron	939.565	0.625091	98855.8	0	0
P31	28844.2	0.329264	98855.8	0	0
neutron	939.565	7.01603	98839.1	0	0
proton	938.272	4.99403	98839.1	0	0
neutron	939.565	4.66106	98839.1	0	0
neutron	939.565	1.00014	98839.1	0	0
neutron	939.565	0.779012	98839.1	0	0
deuteron	1875.61	6.52459	98839.1	0	0
Si28	26053.2	0.47015	98839.1	0	0
neutron	939.565	0.520981	98831	0	0
S34	31632.7	0.0967028	98831	0	0
Ne23	21414.1	0.231107	98885.7	0	0
neutron	939.565	0.756812	98901.2	0	0
Ne22	20479.7	0.193274	98901.2	0	0
neutron	939.565	0.508878	98836.3	0	0
S34	31632.7	0.130166	98836.3	0	0
Ne23	21414.1	0.231356	98847	0	0
S35	32565.3	0.162846	98801.9	0	0
neutron	939.565	0.248115	98851.3	0	0
S34	31632.7	0.166722	98851.3	0	0
S35	32565.3	0.156407	98885.6	0	0
Ne23	21414.1	0.228822	98815.1	0	0
Ne23	21414.1	0.228589	98882.5	0	0
neutron	939.565	0.973415	98854.3	0	0
Ne22	20479.7	0.218379	98854.3	0	0
S35	32565.3	0.161497	98841.9	0	0
neutron	939.565	49.4387	98875.4	0	0
neutron	939.565	2.94801	98875.4	0	0
neutron	939.565	0.510288	98875.4	0	0
S34	31632.7	1.0236	98875.4	0	0
neutron	939.565	3.66012	98926.1	0	0
neutron	939.565	0.665696	98926.1	0	0
alpha	3727.38	9.31536	98926.1	0	0
Si29	26984.3	1.40121	98926.1	0	0
S35	32565.3	0.164555	98871.8	0	0
neutron	939.565	2.7723	98870.9	0	0
S34	31632.7	0.323117	98870.9	0	0
neutron	939.565	1.27627	98853.3	0	0
S34	31632.7	0.0933056	98853.3	0	0
Cl37	34424.8	0.0755155	99569.9	294.373	293.839
S35	32565.3	0.161019	98846.2	0	0
neutron	939.565	0.691942	98798.3	0	0
S36	33495	0.14958	98798.3	0	0
neutron	939.565	0.221391	98835.3	0	0
Ne22	20479.7	0.257297	98835.3	0	0
neutron	939.565	2.5877	98857.2	0	0
Ne22	20479.7	0.603335	98857.2	0	0
Cl35	32564.6	0.087432	99525.1	277.98	277.686
Ne23	21414.1	0.208269	98841.2	0	0
neutron	939.565	1.54374	98941.1	0	0
Ne22	20479.7	0.133732	98941.1	0	0
Cl37	34424.8	0.175305	99436.1	258	257.65
neutron	939.565	1.06423	98865.2	0	0
S34	31632.7	0.162443	98865.2	0	0
neutron	939.565	6.90036	98859.5	0	0
neutron	939.565	5.82011	98859.5	0	0
neutron	939.565	4.54258	98859.5	0	0
S32	29773.6	0.589076	98859.5	0	0
neutron	939.565	5.69094	98910.9	0	0
neutron	939.565	4.49613	98910.9	0	0
neutron	939.565	1.07268	98910.9	0	0
S34	31632.7	0.414919	98910.9	0	0
neutron	939.565	20.9797	98870.6	0	0
proton	938.272	7.50224	98870.6	0	0
neutron	939.565	4.96576	98870.6	0	0
neutron	939.565	1.16814	98870.6	0	0
P31	28844.2	0.595339	98870.6	0	0
proton	938.272	12.9547	98859.3	0	0
neutron	939.565	7.40842	98859.3	0	0
neutron	939.565	2.8462	98859.3	0	0
F20	18625.3	0.139817	98859.3	0	0
S37	34430.2	0.14501	98812.9	0	0
S37	34430.2	0.142939	98927.3	0	0
Cl35	32564.6	0.311722	98989.7	70.9033	70.4398
proton	938.272	4.76811	98841.9	0	0
neutron	939.565	1.6715	98841.9	0	0
P33	30705.3	0.272036	98841.9	0	0
neutron	939.565	0.538397	98873.2	0	0
S34	31632.7	0.0705889	98873.2	0	0
neutron	939.565	3.40217	98864.1	0	0
neutron	939.565	1.60613	98864.1	0	0
neutron	939.565	1.15048	98864.1	0	0
Ne20	18617.7	0.379448	98864.1	0	0
neutron	939.565	10.436	98871.6	0	0
neutron	939.565	4.38335	98871.6	0	0
neutron	939.565	0.71523	98871.6	0	0
Ne20	18617.7	0.538802	98871.6	0	0
neutron	939.565	4.07929	98812.1	0	0
neutron	939.565	1.25105	98812.1	0	0
Ne21	19550.5	0.169483	98812.1	0	0
neutron	939.565	1.39182	98844.8	0	0
S34	31632.7	0.314961	98844.8	0	0
neutron	939.565	14.4943	98813.3	0	0
proton	938.272	7.31592	98813.3	0	0
neutron	939.565	5.49908	98813.3	0	0
neutron	939.565	3.55998	98813.3	0	0
P31	28844.2	0.280917	98813.3	0	0
neutron	939.565	1.57139	98886.5	0	0
S34	31632.7	0.243676	98886.5	0	0
neutron	939.565	6.20163	98859.8	0	0
neutron	939.565	4.85953	98859.8	0	0
neutron	939.565	0.852425	98859.8	0	0
Ne20	18617.7	0.924874	98859.8	0	0
neutron	939.565	1.93578	98876.8	0	0
Ne22	20479.7	0.167524	98876.8	0	0
S35	32565.3	0.166365	98876.6	0	0
S35	32565.3	0.138784	98889.8	0	0
neutron	939.565	1.2713	98889.9	0	0
S34	31632.7	0.325862	98889.9	0	0
neutron	939.565	23.332	98900.6	0	0
alpha	3727.38	3.56114	98900.6	0	0
O18	16762	1.89653	98900.6	0	0
neutron	939.565	34.5306	98843.2	0	0
proton	938.272	8.81829	98843.2	0	0
neutron	939.565	8.46109	98843.2	0	0
neutron	939.565	0.782239	98843.2	0	0
P31	28844.2	1.20843	98843.2	0	0
neutron	939.565	0.798754	98828.1	0	0
S34	31632.7	0.184745	98828.1	0	0
neutron	939.565	9.85955	98818.5	0	0
Ne22	20479.7	1.02641	98818.5	0	0
neutron	939.565	22.7552	98919	0	0
neutron	939.565	1.60052	98919	0	0
neutron	939.565	0.599471	98919	0	0
Ne20	18617.7	0.594951	98919	0	0
S37	34430.2	0.142232	98847.7	0	0
neutron	939.565	0.578111	98835.7	0	0
Ne22	20479.7	0.273719	98835.7	0	0
neutron	939.565	4.89428	98911.7	0	0
neutron	939.565	2.10316	98911.7	0	0
S33	30704.6	0.0820295	98911.7	0	0
neutron	939.565	43.4259	98838.5	0	0
neutron	939.565	7.71222	98838.5	0	0
neutron	939.565	3.69512	98838.5	0	0
Ne20	18617.7	1.0595	98838.5	0	0
Ne23	21414.1	0.227175	98821.2	0	0
neutron	939.565	3.18934	98903.4	0	0
neutron	939.565	2.59287	98903.4	0	0
neutron	939.565	1.8237	98903.4	0	0
S32	29773.6	0.0953212	98903.4	0	0
Ne23	21414.1	0.23445	98822.7	0	0
neutron	939.565	7.57735	98841	0	0
neutron	939.565	2.40711	98841	0	0
neutron	939.565	1.46106	98841	0	0
S32	29773.6	0.444106	98841	0	0
neutron	939.565	3.91816	98809.6	0	0
neutron	939.565	3.11268	98809.6	0	0
neutron	939.565	1.8223	98809.6	0	0
alpha	3727.38	5.39359	98809.6	0	0
O16	14895.1	5.18199	98809.6	0	0
S37	34430.2	0.140517	98857.9	0	0
proton	938.272	31.8288	98840.4	0	0
neutron	939.565	5.54085	98840.4	0	0
F21	19556.7	1.05912	98840.4	0	0
neutron	939.565	0.729556	98821.7	0	0
S34	31632.7	0.2116	98821.7	0	0
Cl35	32564.6	0.0703451	98945.7	60.4227	60.2757
neutron	939.565	9.60029	98866.1	0	0
neutron	939.565	8.60862	98866.1	0	0
neutron	939.565	5.68875	98866.1	0	0
proton	938.272	2.59932	98866.1	0	0
P31	28844.2	0.406941	98866.1	0	0
Ne23	21414.1	0.231569	98881.4	0	0
neutron	939.565	7.9249	98815.9	0	0
neutron	939.565	7.07453	98815.9	0	0
neutron	939.565	4.26946	98815.9	0	0
neutron	939.565	2.44159	98815.9	0	0
alpha	3727.38	11.0957	98815.9	0	0
O15	13971.2	0.429798	98815.9	0	0
neutron	939.565	20.1455	98886.7	0	0
neutron	939.565	8.8265	98886.7	0	0
neutron	939.565	2.03355	98886.7	0	0
Ne20	18617.7	0.35903	98886.7	0	0
Na23	21409.2	0.170392	99946.7	421.687	421.424
neutron	939.565	1.61166	98794.3	0	0
neutron	939.565	1.00254	98794.3	0	0
neutron	939.565	0.759807	98794.3	0	0
alpha	3727.38	7.59865	98794.3	0	0
O16	14895.1	2.15647	98794.3	0	0
S37	34430.2	0.126123	98851.6	0	0
S35	32565.3	0.148036	98827.5	0	0
neutron	939.565	0.868938	98852.9	0	0
S36	33495	0.153186	98852.9	0	0
S35	32565.3	0.153953	98963.1	0	0
Ne23	21414.1	0.212747	98833	0	0
neutron	939.565	0.70668	98838.8	0	0
S34	31632.7	0.205145	98838.8	0	0
neutron	939.565	2.08356	98846.6	0	0
Ne22	20479.7	0.0600062	98846.6	0	0
proton	938.272	16.2235	98800.8	0	0
neutron	939.565	10.5345	98800.8	0	0
neutron	939.565	7.43897	98800.8	0	0
neutron	939.565	2.30742	98800.8	0	0
alpha	3727.38	4.58883	98800.8	0	0
N15	13968.9	2.48052	98800.8	0	0
neutron	939.565	2.29249	98888.8	0	0
Ne22	20479.7	0.0167903	98888.8	0	0
neutron	939.565	33.2566	98897.9	0	0
neutron	939.565	14.5669	98897.9	0	0
Ne21	19550.5	3.43047	98897.9	0	0
Ne23	21414.1	0.22673	98891	0	0
neutron	939.565	3.24741	98833.3	0	0
Ne22	20479.7	0.260797	98833.3	0	0
Na23	21409.2	0.150876	99091.6	123.86	123.702
neutron	939.565	1.21386	98854.1	0	0
S34	31632.7	0.0446856	98854.1	0	0
Ne23	21414.1	0.220746	98844.7	0	0
neutron	939.565	0.985276	98824	0	0
Ne22	20479.7	0.254548	98824	0	0
neutron	939.565	1.46271	98867.7	0	0
S34	31632.7	0.212063	98867.7	0	0
S35	32565.3	0.159854	98874.7	0	0
neutron	939.565	0.179171	98871.4	0	0
S36	33495	0.0908838	98871.4	0	0
neutron	939.565	5.89756	98847.3	0	0
neutron	939.565	2.6834	98847.3	0	0
proton	938.272	2.36475	98847.3	0	0
neutron	939.565	2.00341	98847.3	0	0
deuteron	1875.61	2.07551	98847.3	0	0
O17	15830.5	2.58086	98847.3	0	0
neutron	939.565	0.50533	98815.3	0	0
S34	31632.7	0.0753053	98815.3	0	0
neutron	939.565	5.78186	98870.3	0	0
neutron	939.565	3.05448	98870.3	0	0
neutron	939.565	0.155915	98870.3	0	0
Ne20	18617.7	1.31275	98870.3	0	0
neutron	939.565	0.064563	98807.1	0	0
Ne22	20479.7	0.267509	98807.1	0	0
neutron	939.565	0.0878819	98800.8	0	0
Ne22	20479.7	0.166462	98800.8	0	0
neutron	939.565	1.11333	98888.8	0	0
neutron	939.565	0.781191	98888.8	0	0
S35	32565.3	0.114739	98888.8	0	0
Ne23	21414.1	0.231343	98800.7	0	0
neutron	939.565	15.7393	98849.6	0	0
neutron	939.565	2.09846	98849.6	0	0
neutron	939.565	1.75926	98849.6	0	0
S32	29773.6	0.475922	98849.6	0	0
Ne23	21414.1	0.231156	98875.7	0	0
neutron	939.565	5.88146	98820.1	0	0
neutron	939.565	1.89293	98820.1	0	0
Ne21	19550.5	0.580131	98820.1	0	0
neutron	939.565	0.847529	98847.9	0	0
Ne22	20479.7	0.122172	98847.9	0	0
neutron	939.565	0.937549	98891.2	0	0
S34	31632.7	0.189602	98891.2	0	0
neutron	939.565	4.58004	98862.1	0	0
neutron	939.565	3.47801	98862.1	0	0
proton	938.272	2.7151	98862.1	0	0
neutron	939.565	0.5802	98862.1	0	0
P31	28844.2	0.608169	98862.1	0	0
S35	32565.3	0.159111	98855.3	0	0
neutron	939.565	2.43384	98925.9	0	0
S34	31632.7	0.133568	98925.9	0	0
Cl35	32564.6	0.0671057	99956.3	429.366	429.062
neutron	939.565	1.47227	98858.1	0	0
S34	31632.7	0.275481	98858.1	0	0
neutron	939.565	0.182219	98881.5	0	0
S36	33495	0.107162	98881.5	0	0
neutron	939.565	9.00123	98923.1	0	0
neutron	939.565	7.17779	98923.1	0	0
neutron	939.565	2.35883	98923.1	0	0
neutron	939.565	0.247906	98923.1	0	0
neutron	939.565	0.217957	98923.1	0	0
S32	29773.6	0.994002	98923.1	0	0
neutron	939.565	4.37564	98847.2	0	0
S34	31632.7	0.366895	98847.2	0	0
Cl35	32564.6	0.0923859	99736.6	356.764	356.654
neutron	939.565	10.7953	98833.6	0	0
neutron	939.565	2.12866	98833.6	0	0
Ne21	19550.5	0.0893388	98833.6	0	0
neutron	939.565	1.31261	98861.9	0	0
S34	31632.7	0.145293	98861.9	0	0
neutron	939.565	1.57692	98833.2	0	0
S34	31632.7	0.0288422	98833.2	0	0
neutron	939.565	9.79458	98811.9	0	0
proton	938.272	5.3098	98811.9	0	0
proton	938.272	2.8647	98811.9	0	0
neutron	939.565	1.56997	98811.9	0	0
Si31	28846.2	0.169798	98811.9	0	0
neutron	939.565	0.526799	98826.9	0	0
S36	33495	0.146528	98826.9	0	0
Ne23	21414.1	0.22894	98841.7	0	0
Ne23	21414.1	0.221293	98836.6	0	0
Na23	21409.2	0.334685	99661	324.937	324.534
neutron	939.565	2.60461	98843.2	0	0
neutron	939.565	0.31952	98843.2	0	0
S33	30704.6	0.149909	98843.2	0	0
neutron	939.565	8.06794	98893.8	0	0
neutron	939.565	4.4332	98893.8	0	0
neutron	939.565	0.809335	98893.8	0	0
alpha	3727.38	4.53191	98893.8	0	0
O16	14895.1	1.10832	98893.8	0	0
Ne23	21414.1	0.203023	98935.8	0	0
neutron	939.565	33.3264	98869.2	0	0
neutron	939.565	6.87068	98869.2	0	0
neutron	939.565	0.176512	98869.2	0	0
S32	29773.6	1.49274	98869.2	0	0
Ne23	21414.1	0.221017	98804.5	0	0
neutron	939.565	29.3471	98839.2	0	0
neutron	939.565	2.67618	98839.2	0	0
neutron	939.565	2.46688	98839.2	0	0
S32	29773.6	1.73428	98839.2	0	0
Ne23	21414.1	0.226809	98834.6	0	0
neutron	939.565	0.686753	98857.4	0	0
Ne22	20479.7	0.236526	98857.4	0	0
proton	938.272	14.7974	98842.3	0	0
F22	20491.1	0.408275	98842.3	0	0
proton	938.272	10.422	98833.3	0	0
neutron	939.565	3.45423	98833.3	0	0
neutron	939.565	3.2202	98833.3	0	0
proton	938.272	2.70073	98833.3	0	0
neutron	939.565	0.976606	98833.3	0	0
Si30	27913.2	1.65033	98833.3	0	0
neutron	939.565	1.66625	98877	0	0
S34	31632.7	0.276571	98877	0	0
S35	32565.3	0.152365	98868.2	0	0
Ne23	21414.1	0.218599	98838.2	0	0
neutron	939.565	0.222903	98825.5	0	0
S34	31632.7	0.135414	98825.5	0	0
neutron	939.565	0.36917	98822.6	0	0
Ne22	20479.7	0.267735	98822.6	0	0
Ne23	21414.1	0.231955	98862.5	0	0
neutron	939.565	0.57042	98834.8	0	0
S36	33495	0.145842	98834.8	0	0
neutron	939.565	0.389783	98841	0	0
Ne22	20479.7	0.138397	98841	0	0
Ne23	21414.1	0.226358	98833.5	0	0
Na23	21409.2	0.131796	99044.7	114.548	114.325
Ne23	21414.1	0.226375	98875.7	0	0
neutron	939.565	0.463507	98878.3	0	0
S34	31632.7	0.225305	98878.3	0	0
neutron	939.565	0.406567	98849.3	0	0
S34	31632.7	0.129359	98849.3	0	0
neutron	939.565	0.707187	98834.3	0	0
Ne22	20479.7	0.322613	98834.3	0	0
neutron	939.565	18.5021	98847.8	0	0
proton	938.272	6.57665	98847.8	0	0
neutron	939.565	2.30727	98847.8	0	0
neutron	939.565	2.14799	98847.8	0	0
P31	28844.2	0.37562	98847.8	0	0
neutron	939.565	28.3313	98866.1	0	0
neutron	939.565	22.5862	98866.1	0	0
neutron	939.565	7.05404	98866.1	0	0
Ne20	18617.7	1.38225	98866.1	0	0
neutron	939.565	1.19882	98882.1	0	0
Ne22	20479.7	0.327952	98882.1	0	0
Ne23	21414.1	0.225208	98876.3	0	0
neutron	939.565	0.542779	98805.5	0	0
S34	31632.7	0.0942466	98805.5	0	0
Cl37	34424.8	0.125311	99373	226.386	226.21
neutron	939.565	22.2437	98855	0	0
neutron	939.565	16.1526	98855	0	0
neutron	939.565	3.63237	98855	0	0
Ne20	18617.7	1.31706	98855	0	0
neutron	939.565	0.76541	98929.4	0	0
Ne22	20479.7	0.226941	98929.4	0	0
neutron	939.565	1.61153	98852.3	0	0
S34	31632.7	0.162536	98852.3	0	0
neutron	939.565	13.8235	98809.1	0	0
proton	938.272	5.23005	98809.1	0	0
proton	938.272	3.3306	98809.1	0	0
neutron	939.565	1.53324	98809.1	0	0
Si31	28846.2	0.487462	98809.1	0	0
proton	938.272	4.39334	98862	0	0
neutron	939.565	1.5176	98862	0	0
P33	30705.3	0.0780063	98862	0	0
neutron	939.565	0.77601	98845.2	0	0
neutron	939.565	0.465316	98845.2	0	0
S33	30704.6	0.141236	98845.2	0	0
Na23	21409.2	0.150553	98907.9	49.7361	49.5577
Cl35	32564.6	0.106571	98878.7	29.7445	29.634
Ne23	21414.1	0.228556	98861	0	0
neutron	939.565	10.999	98857.3	0	0
neutron	939.565	3.7087	98857.3	0	0
neutron	939.565	3.12073	98857.3	0	0
Ne20	18617.7	0.346783	98857.3	0	0
S35	32565.3	0.157826	98857.9	0	0
S35	32565.3	0.158841	98848.7	0	0
Ne23	21414.1	0.227471	98893.3	0	0
neutron	939.565	47.189	98880.3	0	0
neutron	939.565	2.96421	98880.3	0	0
neutron	939.565	1.47549	98880.3	0	0
neutron	939.565	1.18989	98880.3	0	0
S33	30704.6	0.651252	98880.3	0	0
neutron	939.565	0.246836	98830.4	0	0
S34	31632.7	0.0945383	98830.4	0	0
neutron	939.565	1.42407	98783.8	0	0
neutron	939.565	1.14851	98783.8	0	0
neutron	939.565	0.841672	98783.8	0	0
Ne20	18617.7	0.168497	98783.8	0	0
Ne23	21414.1	0.218912	98890.2	0	0
neutron	939.565	0.703867	98834.4	0	0
S34	31632.7	0.250429	98834.4	0	0
neutron	939.565	1.51282	98826.8	0	0
Ne22	20479.7	0.162136	98826.8	0	0
Cl35	32564.6	0.113467	99030.8	84.5641	84.4003
neutron	939.565	1.21467	98902.3	0	0
Ne22	20479.7	0.388842	98902.3	0	0
proton	938.272	5.47607	98845	0	0
neutron	939.565	4.6014	98845	0	0
neutron	939.565	2.41498	98845	0	0
neutron	939.565	1.95132	98845	0	0
P31	28844.2	0.970131	98845	0	0
neutron	939.565	0.390688	98933.3	0	0
S34	31632.7	0.221417	98933.3	0	0
neutron	939.565	2.80917	98800.9	0	0
neutron	939.565	0.381077	98800.9	0	0
Ne21	19550.5	0.270033	98800.9	0	0
Ne23	21414.1	0.228128	98833.1	0	0
neutron	939.565	2.74006	98861.2	0	0
S34	31632.7	0.387482	98861.2	0	0
neutron	939.565	8.6407	98823.2	0	0
proton	938.272	2.85001	98823.2	0	0
P33	30705.3	0.334669	98823.2	0	0
neutron	939.565	5.86472	98828.7	0	0
neutron	939.565	3.83255	98828.7	0	0
neutron	939.565	2.85628	98828.7	0	0
Ne20	18617.7	0.129122	98828.7	0	0
neutron	939.565	0.300044	98823.2	0	0
Ne22	20479.7	0.267043	98823.2	0	0
Ne23	21414.1	0.227152	98834.9	0	0
neutron	939.565	0.807677	98904.5	0	0
neutron	939.565	0.642985	98904.5	0	0
Ne21	19550.5	0.0786648	98904.5	0	0
Cl35	32564.6	0.275163	99841.6	374.772	374.383
neutron	939.565	31.9433	98922.1	0	0
neutron	939.565	3.20175	98922.1	0	0
neutron	939.565	0.785063	98922.1	0	0
S32	29773.6	1.18441	98922.1	0	0
Cl35	32564.6	0.118311	99590.8	290.483	290.006
proton	938.272	36.9092	98886.3	0	0
neutron	939.565	5.46161	98886.3	0	0
neutron	939.565	3.24652	98886.3	0	0
neutron	939.565	0.525466	98886.3	0	0
P31	28844.2	1.59279	98886.3	0	0
S37	34430.2	0.137319	98880.3	0	0
proton	938.272	12.6578	98872.7	0	0
neutron	939.565	0.399824	98872.7	0	0
P33	30705.3	0.321689	98872.7	0	0
neutron	939.565	0.449718	98910.9	0	0
S34	31632.7	0.173234	98910.9	0	0
neutron	939.565	8.25422	98855.4	0	0
proton	938.272	4.45054	98855.4	0	0
neutron	939.565	1.70313	98855.4	0	0
neutron	939.565	1.34244	98855.4	0	0
F19	17692.3	0.0376818	98855.4	0	0
neutron	939.565	28.5796	98889.7	0	0
neutron	939.565	21.3678	98889.7	0	0
neutron	939.565	6.30848	98889.7	0	0
Ne20	18617.7	2.61863	98889.7	0	0
Cl35	32564.6	0.273226	99754.1	356.994	356.648
neutron	939.565	18.0184	98914.7	0	0
neutron	939.565	5.21441	98914.7	0	0
neutron	939.565	0.959768	98914.7	0	0
S32	29773.6	0.638901	98914.7	0	0
neutron	939.565	2.1823	98840.6	0	0
Ne22	20479.7	0.492378	98840.6	0	0
neutron	939.565	21.4895	98857.8	0	0
proton	938.272	7.10139	98857.8	0	0
neutron	939.565	5.57195	98857.8	0	0
neutron	939.565	3.60747	98857.8	0	0
P31	28844.2	0.685622	98857.8	0	0
neutron	939.565	1.70695	98871.3	0	0
S34	31632.7	0.0361665	98871.3	0	0
neutron	939.565	3.94381	98833.1	0	0
neutron	939.565	0.772953	98833.1	0	0
alpha	3727.38	7.95564	98833.1	0	0
alpha	3727.38	12.3958	98833.1	0	0
C13	12109.5	5.89084	98833.1	0	0
proton	938.272	20.7354	98852.4	0	0
neutron	939.565	3.52501	98852.4	0	0
neutron	939.565	2.82834	98852.4	0	0
neutron	939.565	1.59879	98852.4	0	0
P31	28844.2	0.630859	98852.4	0	0
proton	938.272	20.1328	98786.1	0	0
neutron	939.565	5.28048	98786.1	0	0
neutron	939.565	2.57905	98786.1	0	0
P32	29775.8	0.613793	98786.1	0	0
neutron	939.565	1.97006	98880	0	0
Ne22	20479.7	0.263231	98880	0	0
Ne23	21414.1	0.201252	98816.8	0	0
neutron	939.565	4.36893	98821.3	0	0
S34	31632.7	0.12309	98821.3	0	0
neutron	939.565	28.4388	98859	0	0
neutron	939.565	3.61012	98859	0	0
neutron	939.565	1.30259	98859	0	0
Ne20	18617.7	0.554755	98859	0	0
neutron	939.565	0.657892	98878.6	0	0
S34	31632.7	0.0850499	98878.6	0	0
neutron	939.565	5.20897	98866.1	0	0
neutron	939.565	3.87824	98866.1	0	0
neutron	939.565	2.63296	98866.1	0	0
Ne20	18617.7	0.599144	98866.1	0	0
Ne23	21414.1	0.213907	98902.8	0	0
proton	938.272	4.16845	98870.4	0	0
neutron	939.565	0.41756	98870.4	0	0
neutron	939.565	0.176382	98870.4	0	0
P32	29775.8	0.111424	98870.4	0	0
Na23	21409.2	0.12359	99736.7	351.247	351.106
Ne23	21414.1	0.227805	98872.2	0	0
Ne23	21414.1	0.229182	98841.4	0	0
neutron	939.565	0.322734	98791.4	0	0
S34	31632.7	0.0888146	98791.4	0	0
neutron	939.565	0.1438	98826.3	0	0
Ne22	20479.7	0.262592	98826.3	0	0
neutron	939.565	1.41166	98870	0	0
neutron	939.565	1.18817	98870	0	0
neutron	939.565	0.370056	98870	0	0
Ne20	18617.7	0.432133	98870	0	0
neutron	939.565	1.04595	98862.5	0	0
Ne22	20479.7	0.0885665	98862.5	0	0
Ne23	21414.1	0.223721	98857.5	0	0
neutron	939.565	0.672837	98873.6	0	0
Ne22	20479.7	0.139342	98873.6	0	0
Ne23	21414.1	0.226123	98846.2	0	0
neutron	939.565	8.21684	98837.5	0	0
neutron	939.565	5.79553	98837.5	0	0
S33	30704.6	0.620825	98837.5	0	0
neutron	939.565	6.82648	98868.1	0	0
neutron	939.565	2.93176	98868.1	0	0
neutron	939.565	1.24231	98868.1	0	0
neutron	939.565	0.947109	98868.1	0	0
neutron	939.565	0.946492	98868.1	0	0
S32	29773.6	0.164922	98868.1	0	0
neutron	939.565	0.11522	98859.1	0	0
Ne22	20479.7	0.212711	98859.1	0	0
neutron	939.565	3.22548	98841.3	0	0
neutron	939.565	1.80478	98841.3	0	0
neutron	939.565	0.629632	98841.3	0	0
S34	31632.7	0.238006	98841.3	0	0
neutron	939.565	1.44815	98881.9	0	0
S34	31632.7	0.180168	98881.9	0	0
neutron	939.565	5.86599	98829	0	0
neutron	939.565	3.21489	98829	0	0
neutron	939.565	3.0752	98829	0	0
neutron	939.565	2.72964	98829	0	0
S33	30704.6	0.321325	98829	0	0
neutron	939.565	0.19325	98907.4	0	0
S34	31632.7	0.202648	98907.4	0	0
neutron	939.565	0.7258	98874.5	0	0
S34	31632.7	0.0979294	98874.5	0	0
Ne23	21414.1	0.220125	98913.2	0	0
neutron	939.565	0.043	98858.5	0	0
S34	31632.7	0.14652	98858.5	0	0
neutron	939.565	0.970588	98862.5	0	0
Ne22	20479.7	0.293816	98862.5	0	0
neutron	939.565	4.15561	98815.9	0	0
neutron	939.565	2.4132	98815.9	0	0
neutron	939.565	1.8535	98815.9	0	0
alpha	3727.38	9.26596	98815.9	0	0
O16	14895.1	3.19242	98815.9	0	0
neutron	939.565	9.42138	98826.4	0	0
neutron	939.565	2.99899	98826.4	0	0
neutron	939.565	2.11629	98826.4	0	0
Ne20	18617.7	0.139655	98826.4	0	0
neutron	939.565	4.74238	98861.3	0	0
neutron	939.565	0.709157	98861.3	0	0
Ne21	19550.5	0.0648929	98861.3	0	0
proton	938.272	23.6719	98841.5	0	0
neutron	939.565	11.2706	98841.5	0	0
neutron	939.565	2.70078	98841.5	0	0
neutron	939.565	1.5314	98841.5	0	0
P31	28844.2	2.88399	98841.5	0	0
neutron	939.565	5.43189	98864.1	0	0
neutron	939.565	4.51869	98864.1	0	0
neutron	939.565	2.52354	98864.1	0	0
alpha	3727.38	7.62351	98864.1	0	0
O16	14895.1	0.425939	98864.1	0	0
neutron	939.565	12.6871	98897	0	0
neutron	939.565	7.06246	98897	0	0
neutron	939.565	3.21959	98897	0	0
alpha	3727.38	8.98841	98897	0	0
O16	14895.1	0.6586	98897	0	0
neutron	939.565	10.2947	98859.2	0	0
neutron	939.565	2.44445	98859.2	0	0
deuteron	1875.61	7.43943	98859.2	0	0
F19	17692.3	0.674255	98859.2	0	0
neutron	939.565	0.773289	98848.3	0	0
S34	31632.7	0.27625	98848.3	0	0
proton	938.272	10.3864	98838.9	0	0
neutron	939.565	7.24008	98838.9	0	0
neutron	939.565	4.94531	98838.9	0	0
F20	18625.3	1.30435	98838.9	0	0
neutron	939.565	9.93605	98859.4	0	0
neutron	939.565	8.43229	98859.4	0	0
deuteron	1875.61	5.37101	98859.4	0	0
alpha	3727.38	4.37807	98859.4	0	0
N15	13968.9	3.10802	98859.4	0	0
S37	34430.2	0.143355	98842.2	0	0
Ne23	21414.1	0.2131	98837.8	0	0
Ne23	21414.1	0.230351	98909.1	0	0
S37	34430.2	0.141652	98883.3	0	0
neutron	939.565	13.2585	98876.3	0	0
neutron	939.565	3.52569	98876.3	0	0
neutron	939.565	1.62617	98876.3	0	0
alpha	3727.38	6.07527	98876.3	0	0
O16	14895.1	3.62751	98876.3	0	0
Ne23	21414.1	0.227406	98853.6	0	0
neutron	939.565	1.33286	98839	0	0
Ne22	20479.7	0.335497	98839	0	0
neutron	939.565	3.07484	98863.7	0	0
neutron	939.565	2.6448	98863.7	0	0
neutron	939.565	2.33303	98863.7	0	0
neutron	939.565	1.01358	98863.7	0	0
S33	30704.6	0.558277	98863.7	0	0
neutron	939.565	0.909553	98886.6	0	0
Ne22	20479.7	0.279396	98886.6	0	0
neutron	939.565	1.57602	98838.7	0	0
Ne22	20479.7	0.120994	98838.7	0	0
proton	938.272	17.8314	98879.4	0	0
neutron	939.565	4.28432	98879.4	0	0
proton	938.272	3.47839	98879.4	0	0
neutron	939.565	3.43202	98879.4	0	0
neutron	939.565	1.44958	98879.4	0	0
Si32	29776.6	0.0763603	98879.4	0	0
Na23	21409.2	0.17104	99896.2	410.542	410.363
neutron	939.565	6.70976	98837.3	0	0
neutron	939.565	4.6387	98837.3	0	0
neutron	939.565	1.05879	98837.3	0	0
Ne20	18617.7	0.0451578	98837.3	0	0
proton	938.272	8.82253	98881.9	0	0
proton	938.272	3.01399	98881.9	0	0
neutron	939.565	1.46417	98881.9	0	0
neutron	939.565	1.32776	98881.9	0	0
neutron	939.565	0.678204	98881.9	0	0
Si30	27913.2	0.999726	98881.9	0	0
neutron	939.565	17.8492	98824	0	0
neutron	939.565	17.4374	98824	0	0
neutron	939.565	1.13124	98824	0	0
alpha	3727.38	10.7756	98824	0	0
O16	14895.1	2.7437	98824	0	0
neutron	939.565	2.56871	98843.8	0	0
Ne22	20479.7	0.125615	98843.8	0	0
neutron	939.565	0.838768	98825.7	0	0
S34	31632.7	0.213727	98825.7	0	0
proton	938.272	7.53465	98900.7	0	0
neutron	939.565	6.93214	98900.7	0	0
neutron	939.565	6.7452	98900.7	0	0
neutron	939.565	2.32261	98900.7	0	0
alpha	3727.38	17.4945	98900.7	0	0
Al27	25126.5	1.87555	98900.7	0	0
neutron	939.565	3.45724	98858.5	0	0
neutron	939.565	2.54684	98858.5	0	0
neutron	939.565	2.11057	98858.5	0	0
S34	31632.7	0.571203	98858.5	0	0
neutron	939.565	1.01019	98832.6	0	0
S34	31632.7	0.233817	98832.6	0	0
neutron	939.565	9.8931	98841.2	0	0
neutron	939.565	3.60945	98841.2	0	0
neutron	939.565	0.441203	98841.2	0	0
alpha	3727.38	13.4257	98841.2	0	0
O16	14895.1	1.82445	98841.2	0	0
neutron	939.565	5.94423	98940.4	0	0
neutron	939.565	4.36882	98940.4	0	0
neutron	939.565	2.15207	98940.4	0	0
proton	938.272	1.22912	98940.4	0	0
F19	17692.3	2.52013	98940.4	0	0
neutron	939.565	8.74378	98903.3	0	0
neutron	939.565	4.53009	98903.3	0	0
neutron	939.565	0.944125	98903.3	0	0
Ne20	18617.7	0.481812	98903.3	0	0
neutron	939.565	1.11819	98830.7	0	0
neutron	939.565	0.216053	98830.7	0	0
Ne21	19550.5	0.300664	98830.7	0	0
neutron	939.565	0.698433	98889.6	0	0
Ne22	20479.7	0.218831	98889.6	0	0
neutron	939.565	9.4392	98886	0	0
proton	938.272	4.24102	98886	0	0
neutron	939.565	1.23782	98886	0	0
F20	18625.3	0.524325	98886	0	0
Ne23	21414.1	0.221782	98839.5	0	0
Ne23	21414.1	0.211381	98881.7	0	0
neutron	939.565	2.87311	98823	0	0
S36	33495	0.243671	98823	0	0
neutron	939.565	21.0444	98916.8	0	0
neutron	939.565	1.71201	98916.8	0	0
neutron	939.565	1.08713	98916.8	0	0
alpha	3727.38	10.4701	98916.8	0	0
O16	14895.1	2.22332	98916.8	0	0
Ne23	21414.1	0.219705	98860	0	0
S35	32565.3	0.144475	98894.9	0	0
neutron	939.565	14.9175	98856.8	0	0
neutron	939.565	7.48177	98856.8	0	0
neutron	939.565	3.20775	98856.8	0	0
Ne20	18617.7	1.01522	98856.8	0	0
neutron	939.565	1.2108	98850.3	0	0
neutron	939.565	0.320654	98850.3	0	0
alpha	3727.38	6.3834	98850.3	0	0
Si29	26984.3	0.668329	98850.3	0	0
neutron	939.565	6.68066	98905.4	0	0
neutron	939.565	2.6788	98905.4	0	0
neutron	939.565	1.27276	98905.4	0	0
Ne20	18617.7	1.33111	98905.4	0	0
Ne23	21414.1	0.207221	98858.5	0	0
neutron	939.565	0.591101	98918.3	0	0
S34	31632.7	0.218816	98918.3	0	0
neutron	939.565	4.43127	98814.7	0	0
S34	31632.7	0.223573	98814.7	0	0
S35	32565.3	0.145001	98868.3	0	0
S35	32565.3	0.161806	98864.2	0	0
S35	32565.3	0.146039	98875.3	0	0
neutron	939.565	6.48079	98871.8	0	0
neutron	939.565	3.84153	98871.8	0	0
neutron	939.565	0.876855	98871.8	0	0
Ne20	18617.7	1.49859	98871.8	0	0
Na23	21409.2	0.135718	99083.8	116.852	116.689
neutron	939.565	5.82008	98864.6	0	0
proton	938.272	3.93862	98864.6	0	0
neutron	939.565	3.39502	98864.6	0	0
neutron	939.565	1.35173	98864.6	0	0
P31	28844.2	0.225405	98864.6	0	0
neutron	939.565	28.605	98836.4	0	0
proton	938.272	13.9905	98836.4	0	0
neutron	939.565	1.15086	98836.4	0	0
F20	18625.3	1.18136	98836.4	0	0
Ne23	21414.1	0.230557	98871.6	0	0
neutron	939.565	2.30066	98873.7	0	0
Ne22	20479.7	0.473585	98873.7	0	0
neutron	939.565	0.243552	98864.6	0	0
S34	31632.7	0.0982553	98864.6	0	0
neutron	939.565	4.76236	98825.5	0	0
neutron	939.565	3.87677	98825.5	0	0
neutron	939.565	3.40114	98825.5	0	0
S34	31632.7	0.515775	98825.5	0	0
neutron	939.565	23.998	98844.7	0	0
proton	938.272	2.9484	98844.7	0	0
neutron	939.565	0.120176	98844.7	0	0
F20	18625.3	0.338725	98844.7	0	0
neutron	939.565	0.896242	98885.6	0	0
S34	31632.7	0.210125	98885.6	0	0
neutron	939.565	1.5549	98844.8	0	0
S36	33495	0.193548	98844.8	0	0
neutron	939.565	0.556366	98905.8	0	0
S34	31632.7	0.24005	98905.8	0	0
neutron	939.565	0.0969867	98836.8	0	0
Ne22	20479.7	0.163001	98836.8	0	0
Cl35	32564.6	0.076926	99399.7	206.231	206.058
neutron	939.565	7.01861	98955.6	0	0
neutron	939.565	6.54374	98955.6	0	0
neutron	939.565	1.31244	98955.6	0	0
alpha	3727.38	11.3899	98955.6	0	0
O16	14895.1	1.32263	98955.6	0	0
neutron	939.565	12.8106	98847.4	0	0
neutron	939.565	6.82169	98847.4	0	0
neutron	939.565	0.800165	98847.4	0	0
Ne20	18617.7	1.37255	98847.4	0	0
neutron	939.565	0.260806	98897.1	0	0
S36	33495	0.0765593	98897.1	0	0
neutron	939.565	5.69547	98855.8	0	0
proton	938.272	1.53996	98855.8	0	0
F21	19556.7	0.454944	98855.8	0	0
neutron	939.565	15.3719	98886.5	0	0
neutron	939.565	11.9947	98886.5	0	0
proton	938.272	3.78676	98886.5	0	0
neutron	939.565	3.58856	98886.5	0	0
F19	17692.3	2.36808	98886.5	0	0
neutron	939.565	7.58633	98867.2	0	0
neutron	939.565	7.55943	98867.2	0	0
neutron	939.565	1.857	98867.2	0	0
S32	29773.6	0.216347	98867.2	0	0
neutron	939.565	6.67367	98870.8	0	0
neutron	939.565	5.25574	98870.8	0	0
neutron	939.565	2.68788	98870.8	0	0
proton	938.272	1.97928	98870.8	0	0
P31	28844.2	0.522723	98870.8	0	0
Ne23	21414.1	0.217745	98866.9	0	0
neutron	939.565	2.21991	98866.6	0	0
S34	31632.7	0.376939	98866.6	0	0
neutron	939.565	2.64676	98887.1	0	0
S34	31632.7	0.321167	98887.1	0	0
Cl35	32564.6	0.0825345	99151.4	154.287	154.043
Ne23	21414.1	0.225439	98842.1	0	0
neutron	939.565	0.431221	98810.9	0	0
S34	31632.7	0.186601	98810.9	0	0
neutron	939.565	26.12	98885.1	0	0
neutron	939.565	1.12695	98885.1	0	0
Ne21	19550.5	1.90188	98885.1	0	0
S37	34430.2	0.1309	98845.5	0	0
neutron	939.565	10.5693	98832.1	0	0
proton	938.272	8.22395	98832.1	0	0
proton	938.272	2.24838	98832.1	0	0
neutron	939.565	1.00644	98832.1	0	0
Si31	28846.2	0.442104	98832.1	0	0
Ne23	21414.1	0.221703	98834.1	0	0
neutron	939.565	1.10101	98861.3	0	0
S34	31632.7	0.153138	98861.3	0	0
neutron	939.565	1.41643	98883.2	0	0
S34	31632.7	0.0675947	98883.2	0	0
S35	32565.3	0.137949	98865.9	0	0
neutron	939.565	3.0293	98840.4	0	0
Ne22	20479.7	0.452343	98840.4	0	0
neutron	939.565	7.1613	98847.7	0	0
neutron	939.565	4.18462	98847.7	0	0
neutron	939.565	2.35676	98847.7	0	0
Ne20	18617.7	0.268684	98847.7	0	0
neutron	939.565	1.05042	98856.1	0	0
S34	31632.7	0.134934	98856.1	0	0
neutron	939.565	2.67437	98847.9	0	0
S34	31632.7	0.395059	98847.9	0	0
proton	938.272	6.37095	98897.7	0	0
neutron	939.565	2.15102	98897.7	0	0
P33	30705.3	0.229364	98897.7	0	0
neutron	939.565	7.0716	98831.4	0	0
neutron	939.565	2.96293	98831.4	0	0
Ne21	19550.5	0.229658	98831.4	0	0
neutron	939.565	3.07158	98824.8	0	0
neutron	939.565	2.53059	98824.8	0	0
neutron	939.565	1.63655	98824.8	0	0
deuteron	1875.61	10.0348	98824.8	0	0
P32	29775.8	1.28074	98824.8	0	0
neutron	939.565	0.580946	98846.2	0	0
alpha	3727.38	9.1926	98846.2	0	0
Si30	27913.2	1.87382	98846.2	0	0
Ne23	21414.1	0.21661	98852.3	0	0
proton	938.272	5.49596	98854.2	0	0
neutron	939.565	4.90426	98854.2	0	0
neutron	939.565	0.561438	98854.2	0	0
P32	29775.8	0.386343	98854.2	0	0
neutron	939.565	0.640269	98815.1	0	0
S34	31632.7	0.124988	98815.1	0	0
proton	938.272	13.7309	98853.1	0	0
proton	938.272	4.22599	98853.1	0	0
neutron	939.565	3.76597	98853.1	0	0
neutron	939.565	1.65898	98853.1	0	0
neutron	939.565	0.944466	98853.1	0	0
Si30	27913.2	0.445019	98853.1	0	0
neutron	939.565	6.63901	98836.7	0	0
proton	938.272	3.97086	98836.7	0	0
neutron	939.565	2.04124	98836.7	0	0
neutron	939.565	1.32526	98836.7	0	0
P31	28844.2	0.608961	98836.7	0	0
Ne23	21414.1	0.21254	98804.9	0	0
neutron	939.565	9.02192	98895	0	0
neutron	939.565	4.62551	98895	0	0
neutron	939.565	3.81665	98895	0	0
alpha	3727.38	5.57251	98895	0	0
O16	14895.1	0.180868	98895	0	0
Cl35	32564.6	0.0989447	99203.7	167.237	166.562
Ne23	21414.1	0.222573	98869.3	0	0
neutron	939.565	0.246573	98850.2	0	0
Ne22	20479.7	0.322006	98850.2	0	0
neutron	939.565	3.72239	98843.9	0	0
neutron	939.565	1.82135	98843.9	0	0
S33	30704.6	0.659946	98843.9	0	0
S37	34430.2	0.137182	98823.9	0	0
neutron	939.565	1.4226	98858.2	0	0
Ne22	20479.7	0.32937	98858.2	0	0
Na23	21409.2	0.210477	99431.4	243.671	243.402
neutron	939.565	2.05772	98858.9	0	0
S36	33495	0.0434096	98858.9	0	0
Ne23	21414.1	0.227138	98877	0	0
proton	938.272	14.1729	98888.9	0	0
neutron	939.565	3.08239	98888.9	0	0
neutron	939.565	3.05298	98888.9	0	0
F20	18625.3	0.85331	98888.9	0	0
neutron	939.565	1.30435	98813.2	0	0
S34	31632.7	0.215593	98813.2	0	0
Cl35	32564.6	0.347316	99682	331.773	331.01
proton	938.272	17.2448	98944.3	0	0
neutron	939.565	13.3881	98944.3	0	0
neutron	939.565	7.12061	98944.3	0	0
neutron	939.565	1.63806	98944.3	0	0
F19	17692.3	1.29999	98944.3	0	0
neutron	939.565	1.29034	98820.9	0	0
S34	31632.7	0.0713356	98820.9	0	0
neutron	939.565	13.4032	98904	0	0
neutron	939.565	4.91549	98904	0	0
neutron	939.565	3.28339	98904	0	0
S32	29773.6	0.323422	98904	0	0
Na23	21409.2	0.279474	99994.3	442.028	441.507
Ne23	21414.1	0.230942	98870.3	0	0
neutron	939.565	0.237231	98839	0	0
S34	31632.7	0.120665	98839	0	0
neutron	939.565	29.2513	98825.7	0	0
neutron	939.565	4.93806	98825.7	0	0
neutron	939.565	3.31852	98825.7	0	0
neutron	939.565	0.181121	98825.7	0	0
S33	30704.6	0.661731	98825.7	0	0
neutron	939.565	0.450607	98908.1	0	0
S34	31632.7	0.213417	98908.1	0	0
neutron	939.565	13.7838	98837.1	0	0
proton	938.272	9.13379	98837.1	0	0
neutron	939.565	1.10795	98837.1	0	0
F20	18625.3	0.302499	98837.1	0	0
S35	32565.3	0.146943	98837.3	0	0
Ne23	21414.1	0.20739	98881.9	0	0
S37	34430.2	0.137757	98885.7	0	0
Ne23	21414.1	0.207075	98866	0	0
neutron	939.565	0.585129	98790.2	0	0
Ne22	20479.7	0.229821	98790.2	0	0
neutron	939.565	0.456635	98817	0	0
Ne22	20479.7	0.243292	98817	0	0
neutron	939.565	0.704217	98864.1	0	0
S34	31632.7	0.10219	98864.1	0	0
neutron	939.565	7.67653	98808.6	0	0
Ne22	20479.7	0.211471	98808.6	0	0
Na23	21409.2	0.324008	99397.5	249.523	249.119
neutron	939.565	8.14365	98804.5	0	0
neutron	939.565	1.78464	98804.5	0	0
neutron	939.565	1.39649	98804.5	0	0
alpha	3727.38	12.7687	98804.5	0	0
Si28	26053.2	1.59751	98804.5	0	0
neutron	939.565	24.7913	98871.5	0	0
neutron	939.565	6.78196	98871.5	0	0
neutron	939.565	5.84642	98871.5	0	0
proton	938.272	2.69759	98871.5	0	0
P31	28844.2	1.294	98871.5	0	0
Ne23	21414.1	0.204262	98885.3	0	0
neutron	939.565	19.5641	98846.9	0	0
neutron	939.565	11.1857	98846.9	0	0
neutron	939.565	6.98078	98846.9	0	0
proton	938.272	3.288	98846.9	0	0
alpha	3727.38	9.67709	98846.9	0	0
N15	13968.9	2.43578	98846.9	0	0
neutron	939.565	0.291561	98846.8	0	0
S36	33495	0.181879	98846.8	0	0
neutron	939.565	0.259931	98904.5	0	0
S34	31632.7	0.221575	98904.5	0	0
Ne23	21414.1	0.19383	98861.3	0	0
neutron	939.565	0.957627	98904.8	0	0
S34	31632.7	0.286119	98904.8	0	0
neutron	939.565	0.746832	98868.9	0	0
Ne22	20479.7	0.278554	98868.9	0	0
S35	32565.3	0.163838	98812.2	0	0
Na23	21409.2	0.156278	99795.6	352.08	351.823
S35	32565.3	0.161827	98888.1	0	0
neutron	939.565	0.0123723	98813.2	0	0
S34	31632.7	0.145304	98813.2	0	0
neutron	939.565	0.388689	98889.8	0	0
S34	31632.7	0.117077	98889.8	0	0
neutron	939.565	0.419785	98893.5	0	0
S36	33495	0.22103	98893.5	0	0
proton	938.272	13.478	98834.3	0	0
neutron	939.565	5.8636	98834.3	0	0
neutron	939.565	4.39448	98834.3	0	0
neutron	939.565	3.21776	98834.3	0	0
F19	17692.3	0.42081	98834.3	0	0
neutron	939.565	17.3013	98828.4	0	0
neutron	939.565	3.26722	98828.4	0	0
neutron	939.565	1.28474	98828.4	0	0
Ne20	18617.7	1.77198	98828.4	0	0
neutron	939.565	0.313344	98854	0	0
Ne22	20479.7	0.183677	98854	0	0
neutron	939.565	14.265	98842.2	0	0
neutron	939.565	6.34435	98842.2	0	0
neutron	939.565	6.20544	98842.2	0	0
neutron	939.565	1.35866	98842.2	0	0
S33	30704.6	0.526734	98842.2	0	0
neutron	939.565	5.3698	98851.1	0	0
neutron	939.565	3.74167	98851.1	0	0
neutron	939.565	3.03367	98851.1	0	0
S32	29773.6	1.34557	98851.1	0	0
neutron	939.565	5.20781	98854.9	0	0
neutron	939.565	3.17996	98854.9	0	0
S33	30704.6	0.357367	98854.9	0	0
neutron	939.565	3.85859	98880.8	0	0
S34	31632.7	0.240241	98880.8	0	0
neutron	939.565	13.1515	98833.7	0	0
neutron	939.565	10.7594	98833.7	0	0
proton	938.272	2.30977	98833.7	0	0
neutron	939.565	1.94637	98833.7	0	0
neutron	939.565	1.2084	98833.7	0	0
neutron	939.565	0.622184	98833.7	0	0
P31	28844.2	0.375572	98833.7	0	0
neutron	939.565	2.03291	98863.9	0	0
S34	31632.7	0.169761	98863.9	0	0
neutron	939.565	0.265077	98915.3	0	0
S34	31632.7	0.181139	98915.3	0	0
S35	32565.3	0.14668	98862.8	0	0
neutron	939.565	0.623676	98892.6	0	0
S34	31632.7	0.262025	98892.6	0	0
Ne23	21414.1	0.221777	98858.7	0	0
neutron	939.565	0.6908	98810.5	0	0
S34	31632.7	0.185824	98810.5	0	0
neutron	939.565	4.85407	98816.1	0	0
neutron	939.565	3.49904	98816.1	0	0
neutron	939.565	2.12057	98816.1	0	0
alpha	3727.38	3.96402	98816.1	0	0
O16	14895.1	1.31198	98816.1	0	0
Ne23	21414.1	0.21594	98841.5	0	0
neutron	939.565	25.5769	98851.7	0	0
alpha	3727.38	5.10842	98851.7	0	0
O18	16762	2.29689	98851.7	0	0
neutron	939.565	5.23217	98852.4	0	0
proton	938.272	4.2988	98852.4	0	0
neutron	939.565	2.03964	98852.4	0	0
neutron	939.565	1.37051	98852.4	0	0
alpha	3727.38	9.36396	98852.4	0	0
Al27	25126.5	3.11109	98852.4	0	0
Cl35	32564.6	0.118323	99435.9	260.231	260.098
neutron	939.565	1.03269	98855.5	0	0
S34	31632.7	0.226515	98855.5	0	0
neutron	939.565	3.37073	98882	0	0
S34	31632.7	0.00745707	98882	0	0
neutron	939.565	28.8311	98880.8	0	0
neutron	939.565	6.339	98880.8	0	0
neutron	939.565	5.137	98880.8	0	0
proton	938.272	1.62905	98880.8	0	0
neutron	939.565	0.560954	98880.8	0	0
P32	29775.8	2.40679	98880.8	0	0
neutron	939.565	3.58841	98875.2	0	0
S34	31632.7	0.0646981	98875.2	0	0
neutron	939.565	0.820612	98884.3	0	0
Ne22	20479.7	0.132035	98884.3	0	0
neutron	939.565	9.73836	98856.5	0	0
neutron	939.565	3.95002	98856.5	0	0
proton	938.272	3.15428	98856.5	0	0
neutron	939.565	2.48675	98856.5	0	0
P31	28844.2	1.30704	98856.5	0	0
neutron	939.565	2.88309	98845.7	0	0
neutron	939.565	2.45044	98845.7	0	0
neutron	939.565	0.44321	98845.7	0	0
S34	31632.7	0.226806	98845.7	0	0
Ne23	21414.1	0.230165	98869.4	0	0
proton	938.272	29.3447	98822.5	0	0
neutron	939.565	2.26996	98822.5	0	0
P33	30705.3	1.25273	98822.5	0	0
neutron	939.565	0.0529789	98846.4	0	0
S34	31632.7	0.135357	98846.4	0	0
neutron	939.565	7.28897	98813.8	0	0
neutron	939.565	0.702998	98813.8	0	0
S33	30704.6	0.402883	98813.8	0	0
neutron	939.565	0.465431	98828.1	0	0
Ne22	20479.7	0.245883	98828.1	0	0
Ne23	21414.1	0.226458	98846.7	0	0
neutron	939.565	13.4185	98825.7	0	0
neutron	939.565	6.63182	98825.7	0	0
proton	938.272	6.05242	98825.7	0	0
neutron	939.565	1.80178	98825.7	0	0
alpha	3727.38	8.11012	98825.7	0	0
N15	13968.9	2.07845	98825.7	0	0
neutron	939.565	0.228973	98849.7	0	0
S36	33495	0.18707	98849.7	0	0
Ne23	21414.1	0.21369	98839.3	0	0
neutron	939.565	1.3849	98806.5	0	0
S34	31632.7	0.0856046	98806.5	0	0
proton	938.272	19.68	98942.2	0	0
neutron	939.565	4.72413	98942.2	0	0
neutron	939.565	2.02943	98942.2	0	0
P34	31638.6	0.942282	98942.2	0	0
Na23	21409.2	0.285074	98811.4	21.713	21.4043
neutron	939.565	4.96826	98819.1	0	0
neutron	939.565	3.90051	98819.1	0	0
neutron	939.565	2.34801	98819.1	0	0
alpha	3727.38	5.16705	98819.1	0	0
O16	14895.1	1.49654	98819.1	0	0
neutron	939.565	0.240704	98802.8	0	0
S34	31632.7	0.0991717	98802.8	0	0
neutron	939.565	1.20564	98872.8	0	0
S34	31632.7	0.124089	98872.8	0	0
neutron	939.565	0.850656	98852.2	0	0
Ne22	20479.7	0.272936	98852.2	0	0
neutron	939.565	0.857364	98820.8	0	0
S34	31632.7	0.0855697	98820.8	0	0
neutron	939.565	0.19228	98889.8	0	0
Ne22	20479.7	0.201718	98889.8	0	0
S35	32565.3	0.159589	98872	0	0
neutron	939.565	3.76403	98899.3	0	0
neutron	939.565	3.24475	98899.3	0	0
neutron	939.565	3.19199	98899.3	0	0
S34	31632.7	0.54421	98899.3	0	0
Ne23	21414.1	0.216639	98860.9	0	0
proton	938.272	6.30734	98813.1	0	0
deuteron	1875.61	5.82699	98813.1	0	0
O20	18629.6	0.931269	98813.1	0	0
Na23	21409.2	0.391994	98887.5	21.7539	21.2107
Ne23	21414.1	0.216354	98898.5	0	0
Ne23	21414.1	0.218789	98804.3	0	0
neutron	939.565	2.01694	98888	0	0
S36	33495	0.0298679	98888	0	0
neutron	939.565	2.38417	98831	0	0
neutron	939.565	1.70362	98831	0	0
neutron	939.565	1.68718	98831	0	0
S32	29773.6	0.325054	98831	0	0
neutron	939.565	0.311631	98879	0	0
Ne22	20479.7	0.113147	98879	0	0
neutron	939.565	1.0091	98858.4	0	0
Ne22	20479.7	0.266077	98858.4	0	0
neutron	939.565	45.5966	98888.3	0	0
proton	938.272	6.62792	98888.3	0	0
neutron	939.565	0.595824	98888.3	0	0
P32	29775.8	1.29356	98888.3	0	0
neutron	939.565	0.963066	98871.5	0	0
S34	31632.7	0.0746323	98871.5	0	0
neutron	939.565	0.731116	98875.4	0	0
S34	31632.7	0.273654	98875.4	0	0
neutron	939.565	10.459	98911.3	0	0
proton	938.272	9.14553	98911.3	0	0
neutron	939.565	0.994576	98911.3	0	0
neutron	939.565	0.113755	98911.3	0	0
F19	17692.3	0.879576	98911.3	0	0
Cl37	34424.8	0.111935	99582.2	302.257	302.121
proton	938.272	18.252	98863.8	0	0
neutron	939.565	3.81516	98863.8	0	0
P35	32569.8	0.303962	98863.8	0	0
Ne23	21414.1	0.231763	98840.9	0	0
Ne23	21414.1	0.230466	98878.3	0	0
neutron	939.565	0.505803	98872.6	0	0
S36	33495	0.0892936	98872.6	0	0
Na23	21409.2	0.293825	99418.3	249.905	249.425
neutron	939.565	28.8623	98933.5	0	0
neutron	939.565	0.100551	98933.5	0	0
S35	32565.3	0.86367	98933.5	0	0
proton	938.272	24.2426	98851.3	0	0
neutron	939.565	1.18619	98851.3	0	0
F21	19556.7	0.385394	98851.3	0	0
Ne23	21414.1	0.217999	98862.2	0	0
neutron	939.565	19.9044	98870.8	0	0
neutron	939.565	7.91655	98870.8	0	0
neutron	939.565	6.22301	98870.8	0	0
proton	938.272	3.6769	98870.8	0	0
proton	938.272	2.60757	98870.8	0	0
Si30	27913.2	0.347103	98870.8	0	0
Ne23	21414.1	0.225754	98872.6	0	0
S37	34430.2	0.132164	98853.9	0	0
Ne23	21414.1	0.228526	98815.8	0	0
Cl35	32564.6	0.0883544	98843.5	11.0312	10.826
neutron	939.565	5.94584	98842.8	0	0
neutron	939.565	2.16176	98842.8	0	0
neutron	939.565	1.85833	98842.8	0	0
Ne20	18617.7	0.150529	98842.8	0	0
proton	938.272	7.79645	98900.8	0	0
proton	938.272	5.39502	98900.8	0	0
neutron	939.565	3.3548	98900.8	0	0
neutron	939.565	0.622499	98900.8	0	0
Si31	28846.2	0.034801	98900.8	0	0
S35	32565.3	0.155091	98798.2	0	0
neutron	939.565	1.18184	98834.6	0	0
S36	33495	0.136225	98834.6	0	0
neutron	939.565	0.746764	98882.1	0	0
Ne22	20479.7	0.120617	98882.1	0	0
S35	32565.3	0.163353	98839.6	0	0
neutron	939.565	10.5917	98856.9	0	0
neutron	939.565	1.60087	98856.9	0	0
neutron	939.565	1.12639	98856.9	0	0
S32	29773.6	0.209149	98856.9	0	0
S35	32565.3	0.138337	98904.8	0	0
neutron	939.565	4.38838	98892.5	0	0
Ne22	20479.7	0.107192	98892.5	0	0
S37	34430.2	0.123436	98885	0	0
Ne23	21414.1	0.21568	98835.5	0	0
proton	938.272	6.33901	98827.8	0	0
neutron	939.565	1.51034	98827.8	0	0
neutron	939.565	0.946069	98827.8	0	0
F20	18625.3	0.0248651	98827.8	0	0
Na23	21409.2	0.141419	98886.1	50.4972	50.2333
neutron	939.565	4.27541	98843.3	0	0
neutron	939.565	3.14545	98843.3	0	0
neutron	939.565	1.25124	98843.3	0	0
alpha	3727.38	8.37878	98843.3	0	0
Si28	26053.2	0.481263	98843.3	0	0
Ne23	21414.1	0.21003	98807.9	0	0
neutron	939.565	5.44561	98858.8	0	0
neutron	939.565	2.26078	98858.8	0	0
neutron	939.565	1.99236	98858.8	0	0
Ne20	18617.7	0.938467	98858.8	0	0
neutron	939.565	0.76323	98922.1	0	0
S34	31632.7	0.0930879	98922.1	0	0
S35	32565.3	0.144278	98833.7	0	0
neutron	939.565	14.7623	98861.2	0	0
proton	938.272	7.35715	98861.2	0	0
P33	30705.3	0.0377502	98861.2	0	0
S35	32565.3	0.156663	98836.1	0	0
neutron	939.565	8.53876	98899.1	0	0
neutron	939.565	7.24675	98899.1	0	0
neutron	939.565	4.34278	98899.1	0	0
alpha	3727.38	7.26219	98899.1	0	0
Si30	27913.2	0.398344	98899.1	0	0
neutron	939.565	2.06672	98815	0	0
neutron	939.565	1.67093	98815	0	0
S33	30704.6	0.226271	98815	0	0
Ne23	21414.1	0.224338	98868.3	0	0
neutron	939.565	0.222643	98895.4	0	0
Ne22	20479.7	0.175547	98895.4	0	0
neutron	939.565	37.5565	98849.5	0	0
neutron	939.565	9.8355	98849.5	0	0
neutron	939.565	5.57372	98849.5	0	0
alpha	3727.38	3.39737	98849.5	0	0
O16	14895.1	8.3029	98849.5	0	0
S35	32565.3	0.138567	98845.7	0	0
Cl35	32564.6	0.216992	99148.5	146.831	146.567
proton	938.272	12.5111	98829.1	0	0
neutron	939.565	8.47555	98829.1	0	0
neutron	939.565	1.11227	98829.1	0	0
F20	18625.3	0.136551	98829.1	0	0
neutron	939.565	7.46564	98852.3	0	0
neutron	939.565	2.02609	98852.3	0	0
Ne21	19550.5	0.0167946	98852.3	0	0
S37	34430.2	0.135745	98836.7	0	0
neutron	939.565	0.326939	98888.9	0	0
S34	31632.7	0.147883	98888.9	0	0
proton	938.272	21.0498	98825.5	0	0
neutron	939.565	6.52366	98825.5	0	0
neutron	939.565	4.30956	98825.5	0	0
neutron	939.565	2.75842	98825.5	0	0
P31	28844.2	1.149	98825.5	0	0
neutron	939.565	37.5619	98814.6	0	0
neutron	939.565	14.8694	98814.6	0	0
neutron	939.565	1.83065	98814.6	0	0
Ne20	18617.7	1.47383	98814.6	0	0
Cl37	34424.8	0.0688425	99908.5	407.798	407.538
proton	938.272	7.33798	98867.6	0	0
neutron	939.565	1.49584	98867.6	0	0
triton	2808.92	6.68094	98867.6	0	0
O18	16762	1.05285	98867.6	0	0
neutron	939.565	10.4526	98894.8	0	0
neutron	939.565	5.39311	98894.8	0	0
neutron	939.565	1.18847	98894.8	0	0
Ne20	18617.7	0.795736	98894.8	0	0
neutron	939.565	1.3814	98848.2	0	0
neutron	939.565	1.06123	98848.2	0	0
S35	32565.3	0.212716	98848.2	0	0
neutron	939.565	0.796763	98855.9	0	0
S34	31632.7	0.236571	98855.9	0	0
S35	32565.3	0.141509	98831	0	0
S37	34430.2	0.123506	98845.6	0	0
Cl37	34424.8	0.29568	99134.3	141.035	140.153
neutron	939.565	10.9521	98828.5	0	0
neutron	939.565	5.11872	98828.5	0	0
proton	938.272	2.84497	98828.5	0	0
neutron	939.565	1.48833	98828.5	0	0
alpha	3727.38	9.49602	98828.5	0	0
Al27	25126.5	0.569334	98828.5	0	0
neutron	939.565	11.7284	98838.3	0	0
neutron	939.565	9.60881	98838.3	0	0
neutron	939.565	2.00536	98838.3	0	0
Ne20	18617.7	1.02444	98838.3	0	0
S35	32565.3	0.160718	98814.7	0	0
neutron	939.565	5.6978	98817	0	0
neutron	939.565	3.37657	98817	0	0
neutron	939.565	0.836591	98817	0	0
S32	29773.6	0.202294	98817	0	0
Ne23	21414.1	0.219523	98814	0	0
neutron	939.565	2.83781	98839	0	0
Ne22	20479.7	0.517454	98839	0	0
neutron	939.565	3.73349	98855.9	0	0
Ne22	20479.7	0.470415	98855.9	0	0
Na23	21409.2	0.289856	99172.8	155.752	155.374
S35	32565.3	0.15232	98912.8	0	0
S35	32565.3	0.147123	98859.7	0	0
neutron	939.565	3.74794	98850.8	0	0
neutron	939.565	2.09775	98850.8	0	0
neutron	939.565	1.53678	98850.8	0	0
S32	29773.6	0.108146	98850.8	0	0
neutron	939.565	19.747	98788.3	0	0
neutron	939.565	8.59178	98788.3	0	0
neutron	939.565	5.43384	98788.3	0	0
Ne20	18617.7	0.381245	98788.3	0	0
neutron	939.565	6.1699	98812.3	0	0
proton	938.272	5.73102	98812.3	0	0
proton	938.272	3.4131	98812.3	0	0
neutron	939.565	3.36805	98812.3	0	0
neutron	939.565	0.313651	98812.3	0	0
Si30	27913.2	0.511416	98812.3	0	0
neutron	939.565	1.4024	98834.9	0	0
S34	31632.7	0.226581	98834.9	0	0
neutron	939.565	1.98167	98843.4	0	0
neutron	939.565	0.823245	98843.4	0	0
deuteron	1875.61	2.82721	98843.4	0	0
F19	17692.3	0.104784	98843.4	0	0
neutron	939.565	12.383	98840.2	0	0
neutron	939.565	2.8268	98840.2	0	0
neutron	939.565	1.88925	98840.2	0	0
Ne20	18617.7	0.693938	98840.2	0	0
neutron	939.565	0.34753	98829.9	0	0
Ne22	20479.7	0.153376	98829.9	0	0
S37	34430.2	0.127625	98794.3	0	0
S37	34430.2	0.132612	98845.8	0	0
neutron	939.565	0.104313	98836.8	0	0
S34	31632.7	0.144671	98836.8	0	0
Na23	21409.2	0.200588	98982.1	69.3328	69.1056
Cl37	34424.8	0.0636049	98844.8	13.2568	13.1766
neutron	939.565	29.8181	98847	0	0
neutron	939.565	25.4295	98847	0	0
neutron	939.565	0.94616	98847	0	0
S32	29773.6	0.345509	98847	0	0
Na23	21409.2	0.249802	99715.7	330.02	329.742
neutron	939.565	8.23253	98905.8	0	0
neutron	939.565	2.68904	98905.8	0	0
neutron	939.565	0.708397	98905.8	0	0
S34	31632.7	0.336023	98905.8	0	0
neutron	939.565	0.44869	98885	0	0
S34	31632.7	0.204824	98885	0	0
neutron	939.565	19.3525	98859.9	0	0
neutron	939.565	1.24461	98859.9	0	0
S35	32565.3	0.672075	98859.9	0	0
neutron	939.565	1.19211	98846.6	0	0
Ne22	20479.7	0.283221	98846.6	0	0
neutron	939.565	1.96173	98907.3	0	0
S34	31632.7	0.0614627	98907.3	0	0
S35	32565.3	0.145165	98808.5	0	0
proton	938.272	5.27807	98848	0	0
neutron	939.565	2.00976	98848	0	0
neutron	939.565	0.489058	98848	0	0
triton	2808.92	7.90421	98848	0	0
O17	15830.5	0.665603	98848	0	0
neutron	939.565	1.0761	98859.2	0	0
S36	33495	0.0874014	98859.2	0	0
Cl35	32564.6	0.0722177	99041	88.0189	87.8183
neutron	939.565	7.61231	98832	0	0
neutron	939.565	3.68954	98832	0	0
neutron	939.565	0.961946	98832	0	0
Ne20	18617.7	0.573574	98832	0	0
neutron	939.565	0.648205	98820.9	0	0
S34	31632.7	0.128982	98820.9	0	0
neutron	939.565	6.82831	98892.1	0	0
neutron	939.565	0.575536	98892.1	0	0
alpha	3727.38	8.81347	98892.1	0	0
Si29	26984.3	0.481833	98892.1	0	0
neutron	939.565	27.5474	98838.7	0	0
neutron	939.565	1.38442	98838.7	0	0
S35	32565.3	0.617936	98838.7	0	0
neutron	939.565	0.35525	98861.5	0	0
Ne22	20479.7	0.255032	98861.5	0	0
S35	32565.3	0.160489	98841.7	0	0
neutron	939.565	0.347339	98891.7	0	0
Ne22	20479.7	0.314564	98891.7	0	0
neutron	939.565	6.06316	98849.4	0	0
neutron	939.565	2.70739	98849.4	0	0
neutron	939.565	0.408658	98849.4	0	0
Ne20	18617.7	0.176304	98849.4	0	0
neutron	939.565	17.5884	98835.8	0	0
neutron	939.565	1.88798	98835.8	0	0
Ne21	19550.5	0.806657	98835.8	0	0
neutron	939.565	16.7259	98843.7	0	0
neutron	939.565	12.9256	98843.7	0	0
neutron	939.565	4.56452	98843.7	0	0
S34	31632.7	0.35289	98843.7	0	0
proton	938.272	17.1193	98841.9	0	0
neutron	939.565	6.46921	98841.9	0	0
F21	19556.7	0.347485	98841.9	0	0
Ne23	21414.1	0.227354	98836	0	0
neutron	939.565	12.7354	98829	0	0
neutron	939.565	3.49722	98829	0	0
neutron	939.565	1.00352	98829	0	0
S32	29773.6	0.795222	98829	0	0
neutron	939.565	18.9103	98910.5	0	0
neutron	939.565	2.51533	98910.5	0	0
triton	2808.92	14.1062	98910.5	0	0
F18	16763.2	1.03823	98910.5	0	0
Na23	21409.2	0.175289	99402.8	237.43	237.199
Ne23	21414.1	0.226039	98879.4	0	0
neutron	939.565	20.7292	98847.5	0	0
proton	938.272	10.6955	98847.5	0	0
P33	30705.3	0.297335	98847.5	0	0
Ne23	21414.1	0.222136	98886.2	0	0
neutron	939.565	2.26432	98875.9	0	0
S34	31632.7	0.0291911	98875.9	0	0
neutron	939.565	5.63354	98826.9	0	0
neutron	939.565	1.44048	98826.9	0	0
proton	938.272	1.28279	98826.9	0	0
neutron	939.565	1.04055	98826.9	0	0
F19	17692.3	0.320827	98826.9	0	0
Ne23	21414.1	0.20623	98858	0	0
Na23	21409.2	1.01315	98935.6	71.9114	70.4403
neutron	939.565	1.07337	98912	0	0
S34	31632.7	0.0874532	98912	0	0
S35	32565.3	0.165665	98872.3	0	0
Ne23	21414.1	0.223681	98835.1	0	0
neutron	939.565	1.10483	98867.8	0	0
Ne22	20479.7	0.307683	98867.8	0	0
neutron	939.565	2.36935	98886.4	0	0
neutron	939.565	1.49759	98886.4	0	0
neutron	939.565	0.352415	98886.4	0	0
Ne20	18617.7	0.273366	98886.4	0	0
S35	32565.3	0.160198	98834.8	0	0
Ne23	21414.1	0.217868	98825.1	0	0
Na23	21409.2	0.178531	98856.9	31.8927	31.5052
neutron	939.565	48.3795	98840.9	0	0
neutron	939.565	5.72516	98840.9	0	0
proton	938.272	3.82859	98840.9	0	0
neutron	939.565	1.1201	98840.9	0	0
P31	28844.2	1.06128	98840.9	0	0
proton	938.272	3.65039	98913.9	0	0
neutron	939.565	1.10956	98913.9	0	0
F21	19556.7	0.428886	98913.9	0	0
Cl35	32564.6	0.0764608	98831.3	38.966	38.8595
neutron	939.565	18.6896	98790.6	0	0
proton	938.272	16.6138	98790.6	0	0
F21	19556.7	1.51833	98790.6	0	0
neutron	939.565	0.648339	98853.2	0	0
S36	33495	0.0888709	98853.2	0	0
neutron	939.565	1.36337	98871.6	0	0
Ne22	20479.7	0.113187	98871.6	0	0
Ne23	21414.1	0.210876	98832.7	0	0
neutron	939.565	13.2883	98859.8	0	0
neutron	939.565	2.76366	98859.8	0	0
neutron	939.565	2.69183	98859.8	0	0
Ne20	18617.7	1.31785	98859.8	0	0
neutron	939.565	1.67784	98813.6	0	0
Ne22	20479.7	0.144289	98813.6	0	0
S35	32565.3	0.152473	98822	0	0
S35	32565.3	0.16322	98884.5	0	0
Cl37	34424.8	0.135024	98804.1	12.3561	12.2056
neutron	939.565	0.138145	98807.3	0	0
Ne22	20479.7	0.224494	98807.3	0	0
Ne23	21414.1	0.224312	98867.9	0	0
neutron	939.565	3.12615	98791.8	0	0
Ne22	20479.7	0.168545	98791.8	0	0
proton	938.272	7.66395	98825.3	0	0
neutron	939.565	1.77058	98825.3	0	0
P35	32569.8	0.042925	98825.3	0	0
neutron	939.565	9.42772	98849.9	0	0
proton	938.272	7.25263	98849.9	0	0
neutron	939.565	4.3841	98849.9	0	0
P32	29775.8	0.543185	98849.9	0	0
neutron	939.565	32.2026	98910.1	0	0
neutron	939.565	2.16406	98910.1	0	0
neutron	939.565	0.254074	98910.1	0	0
S34	31632.7	0.67114	98910.1	0	0
proton	938.272	6.18752	98888	0	0
neutron	939.565	4.88192	98888	0	0
neutron	939.565	3.63077	98888	0	0
neutron	939.565	3.4705	98888	0	0
P33	30705.3	0.0902595	98888	0	0
neutron	939.565	1.44711	98845.9	0	0
S36	33495	0.233199	98845.9	0	0
neutron	939.565	0.456558	98895	0	0
S34	31632.7	0.16181	98895	0	0
Ne23	21414.1	0.233216	98841.1	0	0
Cl35	32564.6	0.0734906	99597.6	306.597	306.276
neutron	939.565	1.69445	98833.7	0	0
Ne22	20479.7	0.196574	98833.7	0	0
neutron	939.565	7.50015	98852.9	0	0
neutron	939.565	4.65498	98852.9	0	0
proton	938.272	3.7304	98852.9	0	0
neutron	939.565	3.62713	98852.9	0	0
P31	28844.2	0.562218	98852.9	0	0
neutron	939.565	0.14059	98843.1	0	0
S34	31632.7	0.125208	98843.1	0	0
neutron	939.565	6.06793	98845.9	0	0
neutron	939.565	2.37905	98845.9	0	0
neutron	939.565	2.04891	98845.9	0	0
S32	29773.6	0.15741	98845.9	0	0
proton	938.272	8.78968	98840.8	0	0
neutron	939.565	5.28186	98840.8	0	0
proton	938.272	2.96627	98840.8	0	0
Si32	29776.6	0.973697	98840.8	0	0
Na23	21409.2	0.114684	99794.8	375.554	375.281
neutron	939.565	56.8867	98876.9	0	0
neutron	939.565	4.26493	98876.9	0	0
neutron	939.565	1.65588	98876.9	0	0
S34	31632.7	0.99962	98876.9	0	0
neutron	939.565	1.65253	98823.6	0	0
S34	31632.7	0.261667	98823.6	0	0
neutron	939.565	1.11019	98906.4	0	0
S34	31632.7	0.195474	98906.4	0	0
Ne23	21414.1	0.223052	98851.6	0	0
neutron	939.565	2.18791	98905.2	0	0
S34	31632.7	0.0779118	98905.2	0	0
S35	32565.3	0.148584	98852.3	0	0
neutron	939.565	5.1931	98804.5	0	0
alpha	3727.38	6.40123	98804.5	0	0
alpha	3727.38	6.80224	98804.5	0	0
C14	13040.9	3.8803	98804.5	0	0
neutron	939.565	9.96287	98830.8	0	0
neutron	939.565	0.458966	98830.8	0	0
Ne21	19550.5	0.675601	98830.8	0	0
S35	32565.3	0.156614	98845.2	0	0
Cl35	32564.6	0.0819392	98846.4	13.3362	13.2107
Ne23	21414.1	0.211813	98845.9	0	0
S37	34430.2	0.131268	98885.5	0	0
Ne23	21414.1	0.203775	98895	0	0
neutron	939.565	0.572218	98813	0	0
Ne22	20479.7	0.154284	98813	0	0
Ne23	21414.1	0.226635	98872.7	0	0
neutron	939.565	14.9068	98801	0	0
neutron	939.565	9.59782	98801	0	0
proton	938.272	3.07237	98801	0	0
neutron	939.565	2.19401	98801	0	0
deuteron	1875.61	4.49672	98801	0	0
O17	15830.5	0.739052	98801	0	0
neutron	939.565	0.373091	98861.1	0	0
S34	31632.7	0.0978557	98861.1	0	0
neutron	939.565	2.04618	98827.4	0	0
Ne22	20479.7	0.0679891	98827.4	0	0
Ne23	21414.1	0.23177	98844.8	0	0
neutron	939.565	0.247851	98878.3	0	0
S36	33495	0.100851	98878.3	0	0
neutron	939.565	0.0983774	98865.1	0	0
Ne22	20479.7	0.207357	98865.1	0	0
neutron	939.565	1.18339	98826.3	0	0
S34	31632.7	0.102161	98826.3	0	0
neutron	939.565	0.593211	98911.6	0	0
S34	31632.7	0.0732931	98911.6	0	0
Cl37	34424.8	0.150385	99349.5	222.727	222.567
neutron	939.565	5.98543	98810.5	0	0
neutron	939.565	5.64401	98810.5	0	0
neutron	939.565	0.118812	98810.5	0	0
Ne20	18617.7	1.00205	98810.5	0	0
Ne23	21414.1	0.221691	98858.8	0	0
S35	32565.3	0.163188	98817.5	0	0
neutron	939.565	1.14474	98848.1	0	0
S34	31632.7	0.136253	98848.1	0	0
Ne23	21414.1	0.229502	98848.8	0	0
Cl35	32564.6	0.218582	99738.4	362.215	361.68
neutron	939.565	11.9012	98851.2	0	0
proton	938.272	5.29348	98851.2	0	0
neutron	939.565	2.76709	98851.2	0	0
neutron	939.565	0.880791	98851.2	0	0
neutron	939.565	0.193525	98851.2	0	0
deuteron	1875.61	4.4403	98851.2	0	0
O16	14895.1	1.36589	98851.2	0	0
neutron	939.565	0.18281	98890.9	0	0
Ne22	20479.7	0.236077	98890.9	0	0
S35	32565.3	0.161556	98842.5	0	0
proton	938.272	3.85694	98887.8	0	0
neutron	939.565	1.47793	98887.8	0	0
neutron	939.565	0.49043	98887.8	0	0
P32	29775.8	0.552389	98887.8	0	0
S35	32565.3	0.132207	98858.2	0	0
Ne23	21414.1	0.230897	98849	0	0
Ne23	21414.1	0.224719	98869.2	0	0
neutron	939.565	2.26295	98859.1	0	0
S36	33495	0.346059	98859.1	0	0
neutron	939.565	2.22427	98868.4	0	0
alpha	3727.38	8.17168	98868.4	0	0
deuteron	1875.61	5.62388	98868.4	0	0
Al28	26058.3	2.68739	98868.4	0	0
Cl35	32564.6	0.0702745	99022.4	90.2461	90.1503
neutron	939.565	1.03087	98870.6	0	0
Ne22	20479.7	0.106431	98870.6	0	0
Na23	21409.2	0.462225	99295.7	188.232	187.766
neutron	939.565	0.57311	98926.3	0	0
Ne22	20479.7	0.126152	98926.3	0	0
Ne23	21414.1	0.219765	98851.9	0	0
S35	32565.3	0.155973	98857	0	0
neutron	939.565	39.7683	98852.9	0	0
neutron	939.565	9.38911	98852.9	0	0
neutron	939.565	5.08488	98852.9	0	0
alpha	3727.38	5.80868	98852.9	0	0
O16	14895.1	5.04432	98852.9	0	0
Ne23	21414.1	0.216684	98841	0	0
neutron	939.565	0.789376	98886.4	0	0
S34	31632.7	0.14005	98886.4	0	0
neutron	939.565	0.542609	98872.5	0	0
S36	33495	0.180631	98872.5	0	0
neutron	939.565	31.8381	98871.7	0	0
neutron	939.565	6.56528	98871.7	0	0
Ne21	19550.5	1.99626	98871.7	0	0
proton	938.272	4.33775	98848.3	0	0
P34	31638.6	0.324309	98848.3	0	0
neutron	939.565	0.117329	98845.3	0	0
Ne22	20479.7	0.288104	98845.3	0	0
Ne23	21414.1	0.206022	98909.7	0	0
neutron	939.565	16.2559	98861.8	0	0
neutron	939.565	3.59543	98861.8	0	0
neutron	939.565	3.45087	98861.8	0	0
Ne20	18617.7	0.196994	98861.8	0	0
neutron	939.565	1.46022	98918	0	0
S34	31632.7	0.2336	98918	0	0
neutron	939.565	0.199932	98838.3	0	0
Ne22	20479.7	0.235544	98838.3	0	0
S35	32565.3	0.152301	98849.3	0	0
S35	32565.3	0.148938	98817.1	0	0
Ne23	21414.1	0.211251	98850.7	0	0
Na23	21409.2	0.13956	99756.2	347.766	347.333
Ne23	21414.1	0.221101	98941.4	0	0
S35	32565.3	0.154785	98844.2	0	0
S35	32565.3	0.161784	98908.7	0	0
neutron	939.565	0.656718	98849.7	0	0
Ne22	20479.7	0.371491	98849.7	0	0
neutron	939.565	12.2308	98894.8	0	0
neutron	939.565	2.91393	98894.8	0	0
neutron	939.565	1.04367	98894.8	0	0
Ne20	18617.7	0.610396	98894.8	0	0
neutron	939.565	2.31198	98831.6	0	0
neutron	939.565	0.138612	98831.6	0	0
S33	30704.6	0.106697	98831.6	0	0
neutron	939.565	0.574113	98874.1	0	0
S34	31632.7	0.102344	98874.1	0	0
Ne23	21414.1	0.207032	98847.7	0	0
S37	34430.2	0.142347	98900.8	0	0
Ne23	21414.1	0.221209	98808	0	0
neutron	939.565	2.96103	98822.5	0	0
Ne22	20479.7	0.108693	98822.5	0	0
S35	32565.3	0.155805	98829.1	0	0
S35	32565.3	0.149026	98824.4	0	0
neutron	939.565	14.1013	98811.5	0	0
neutron	939.565	2.26214	98811.5	0	0
neutron	939.565	0.132786	98811.5	0	0
S34	31632.7	0.334332	98811.5	0	0
neutron	939.565	0.653879	98870.7	0	0
Ne22	20479.7	0.222434	98870.7	0	0
Ne23	21414.1	0.212559	98823	0	0
neutron	939.565	1.82039	98946.5	0	0
S34	31632.7	0.347599	98946.5	0	0
neutron	939.565	3.05675	98861.5	0	0
Ne22	20479.7	0.167007	98861.5	0	0
neutron	939.565	29.98	98821	0	0
neutron	939.565	8.32537	98821	0	0
proton	938.272	6.39546	98821	0	0
neutron	939.565	2.74473	98821	0	0
F19	17692.3	0.321136	98821	0	0
S37	34430.2	0.142507	98835.2	0	0
neutron	939.565	28.2686	98954.9	0	0
proton	938.272	6.78618	98954.9	0	0
proton	938.272	3.07262	98954.9	0	0
Si32	29776.6	1.57436	98954.9	0	0
neutron	939.565	4.93399	98851	0	0
neutron	939.565	0.875134	98851	0	0
neutron	939.565	0.845324	98851	0	0
alpha	3727.38	4.46095	98851	0	0
O16	14895.1	2.13617	98851	0	0
S37	34430.2	0.141149	98839.4	0	0
S37	34430.2	0.145108	98823.5	0	0
Ne23	21414.1	0.22611	98829.2	0	0
neutron	939.565	24.6426	98820.1	0	0
neutron	939.565	9.38936	98820.1	0	0
neutron	939.565	3.60288	98820.1	0	0
neutron	939.565	0.365019	98820.1	0	0
S33	30704.6	0.5494	98820.1	0	0
proton	938.272	9.42558	98917	0	0
neutron	939.565	5.90701	98917	0	0
P33	30705.3	0.993079	98917	0	0
Cl35	32564.6	0.135712	99429.2	235.262	235.069
S35	32565.3	0.134919	98858.5	0	0
S35	32565.3	0.152943	98828.7	0	0
neutron	939.565	10.2221	98842.7	0	0
neutron	939.565	4.51277	98842.7	0	0
neutron	939.565	2.59399	98842.7	0	0
neutron	939.565	0.67874	98842.7	0	0
S33	30704.6	0.59905	98842.7	0	0
proton	938.272	14.1885	98883.7	0	0
neutron	939.565	4.03032	98883.7	0	0
neutron	939.565	0.568166	98883.7	0	0
P32	29775.8	0.898923	98883.7	0	0
neutron	939.565	9.80576	98870.8	0	0
neutron	939.565	1.57196	98870.8	0	0
Ne21	19550.5	0.189828	98870.8	0	0
neutron	939.565	1.17227	98862.8	0	0
S34	31632.7	0.0698232	98862.8	0	0
neutron	939.565	0.0595202	98830.7	0	0
S34	31632.7	0.158816	98830.7	0	0
neutron	939.565	1.99781	98838.2	0	0
Ne22	20479.7	0.432763	98838.2	0	0
Ne23	21414.1	0.225491	98842.7	0	0
S37	34430.2	0.143312	98803.8	0	0
neutron	939.565	2.47671	98810.3	0	0
Ne22	20479.7	0.109393	98810.3	0	0
neutron	939.565	2.07171	98871.9	0	0
Ne22	20479.7	0.364064	98871.9	0	0
neutron	939.565	4.42618	98873.4	0	0
neutron	939.565	2.9657	98873.4	0	0
alpha	3727.38	6.35538	98873.4	0	0
Si29	26984.3	1.34062	98873.4	0	0
neutron	939.565	0.511815	98830	0	0
Ne22	20479.7	0.150509	98830	0	0
neutron	939.565	0.546458	98806.8	0	0
Ne22	20479.7	0.287633	98806.8	0	0
neutron	939.565	0.949325	98889.3	0	0
S34	31632.7	0.125408	98889.3	0	0
neutron	939.565	0.94209	98860.1	0	0
S34	31632.7	0.151424	98860.1	0	0
neutron	939.565	31.4146	98910.9	0	0
neutron	939.565	6.79345	98910.9	0	0
neutron	939.565	0.570914	98910.9	0	0
S32	29773.6	0.271652	98910.9	0	0
Ne23	21414.1	0.229647	98845.2	0	0
neutron	939.565	0.204985	98884	0	0
Ne22	20479.7	0.28901	98884	0	0
neutron	939.565	6.24736	98856.9	0	0
Ne22	20479.7	0.0419569	98856.9	0	0
neutron	939.565	0.816575	98828	0	0
Ne22	20479.7	0.254359	98828	0	0
Ne23	21414.1	0.218954	98879.8	0	0
neutron	939.565	0.694901	98822.4	0	0
Ne22	20479.7	0.140502	98822.4	0	0
neutron	939.565	34.1292	98884.5	0	0
neutron	939.565	12.2978	98884.5	0	0
neutron	939.565	1.9847	98884.5	0	0
Ne20	18617.7	0.362211	98884.5	0	0
neutron	939.565	0.408354	98864.9	0	0
S36	33495	0.165485	98864.9	0	0
neutron	939.565	38.3016	98888.1	0	0
proton	938.272	10.5996	98888.1	0	0
neutron	939.565	6.00346	98888.1	0	0
neutron	939.565	1.30251	98888.1	0	0
P31	28844.2	1.39883	98888.1	0	0
neutron	939.565	0.3268	98821.2	0	0
S34	31632.7	0.08607	98821.2	0	0
Cl35	32564.6	0.0768601	99318	215.943	215.742
Ne23	21414.1	0.197368	98840.9	0	0
S35	32565.3	0.163731	98840.5	0	0
neutron	939.565	2.5108	98921.4	0	0
Ne22	20479.7	0.417243	98921.4	0	0
neutron	939.565	9.65518	98850.3	0	0
neutron	939.565	7.45531	98850.3	0	0
neutron	939.565	3.87861	98850.3	0	0
alpha	3727.38	8.23823	98850.3	0	0
O16	14895.1	1.43931	98850.3	0	0
neutron	939.565	11.5142	98849.2	0	0
neutron	939.565	1.50003	98849.2	0	0
S33	30704.6	0.59695	98849.2	0	0
proton	938.272	6.2733	98820.7	0	0
proton	938.272	5.8871	98820.7	0	0
neutron	939.565	2.9632	98820.7	0	0
neutron	939.565	2.76847	98820.7	0	0
neutron	939.565	0.464793	98820.7	0	0
Si30	27913.2	0.467351	98820.7	0	0
Ne23	21414.1	0.222873	98811.1	0	0
neutron	939.565	6.59064	98832.3	0	0
neutron	939.565	1.15015	98832.3	0	0
neutron	939.565	0.768972	98832.3	0	0
Ne20	18617.7	0.766125	98832.3	0	0
Cl35	32564.6	0.139805	98993.7	91.5621	91.2584
Ne23	21414.1	0.226129	98789	0	0
neutron	939.565	8.96143	98878.7	0	0
neutron	939.565	2.66132	98878.7	0	0
neutron	939.565	2.43906	98878.7	0	0
Ne20	18617.7	0.277786	98878.7	0	0
neutron	939.565	15.9511	98828.7	0	0
neutron	939.565	8.67368	98828.7	0	0
neutron	939.565	3.78672	98828.7	0	0
alpha	3727.38	11.3871	98828.7	0	0
O16	14895.1	2.78779	98828.7	0	0
neutron	939.565	1.11424	98920.4	0	0
Ne22	20479.7	0.46814	98920.4	0	0
neutron	939.565	1.62304	98825.4	0	0
S34	31632.7	0.139166	98825.4	0	0
neutron	939.565	0.480886	98886.9	0	0
Ne22	20479.7	0.215077	98886.9	0	0
neutron	939.565	0.880891	98812.5	0	0
S34	31632.7	0.161163	98812.5	0	0
Ne23	21414.1	0.224372	98905	0	0
neutron	939.565	12.7756	98810.7	0	0
neutron	939.565	11.9973	98810.7	0	0
neutron	939.565	1.23421	98810.7	0	0
S32	29773.6	0.716687	98810.7	0	0
neutron	939.565	27.5482	98839.8	0	0
neutron	939.565	1.47446	98839.8	0	0
neutron	939.565	0.262862	98839.8	0	0
S34	31632.7	0.646259	98839.8	0	0
neutron	939.565	7.57198	98873.9	0	0
neutron	939.565	3.87496	98873.9	0	0
neutron	939.565	1.06838	98873.9	0	0
Ne20	18617.7	0.949344	98873.9	0	0
neutron	939.565	15.9633	98880.8	0	0
neutron	939.565	2.81618	98880.8	0	0
neutron	939.565	0.553098	98880.8	0	0
S32	29773.6	0.763048	98880.8	0	0
neutron	939.565	5.83185	98838.2	0	0
proton	938.272	3.51617	98838.2	0	0
P33	30705.3	0.158588	98838.2	0	0
neutron	939.565	7.763	98832.7	0	0
neutron	939.565	2.34289	98832.7	0	0
neutron	939.565	1.15323	98832.7	0	0
S32	29773.6	0.139465	98832.7	0	0
neutron	939.565	0.301262	98889.5	0	0
S34	31632.7	0.176375	98889.5	0	0
S35	32565.3	0.160617	98879.2	0	0
neutron	939.565	0.693536	98835.2	0	0
Ne22	20479.7	0.177242	98835.2	0	0
proton	938.272	9.43362	98839.6	0	0
neutron	939.565	2.32967	98839.6	0	0
proton	938.272	2.11016	98839.6	0	0
neutron	939.565	2.02202	98839.6	0	0
neutron	939.565	0.541532	98839.6	0	0
Si30	27913.2	0.581683	98839.6	0	0
neutron	939.565	3.25486	98821.5	0	0
S36	33495	0.189383	98821.5	0	0
neutron	939.565	0.854617	98842.9	0	0
S34	31632.7	0.0932287	98842.9	0	0
neutron	939.565	1.99834	98859.5	0	0
S34	31632.7	0.26805	98859.5	0	0
neutron	939.565	5.98395	98868.6	0	0
S36	33495	0.472195	98868.6	0	0
neutron	939.565	2.41885	98842	0	0
S34	31632.7	0.160299	98842	0	0
neutron	939.565	6.60816	98842.7	0	0
neutron	939.565	0.536891	98842.7	0	0
S33	30704.6	0.215509	98842.7	0	0
neutron	939.565	1.9555	98845.4	0	0
S34	31632.7	0.130497	98845.4	0	0
neutron	939.565	2.19337	98880.7	0	0
Ne22	20479.7	0.152436	98880.7	0	0
neutron	939.565	0.170159	98861.3	0	0
Ne22	20479.7	0.265444	98861.3	0	0
Ne23	21414.1	0.226576	98827.7	0	0
neutron	939.565	16.0092	98836.5	0	0
neutron	939.565	7.90677	98836.5	0	0
neutron	939.565	2.46626	98836.5	0	0
alpha	3727.38	6.15302	98836.5	0	0
O16	14895.1	3.66027	98836.5	0	0
proton	938.272	24.2119	98862.5	0	0
neutron	939.565	17.488	98862.5	0	0
neutron	939.565	2.6338	98862.5	0	0
neutron	939.565	2.49507	98862.5	0	0
F19	17692.3	1.90219	98862.5	0	0
neutron	939.565	1.04665	98856.7	0	0
Ne22	20479.7	0.0830418	98856.7	0	0
neutron	939.565	9.11444	98829.6	0	0
neutron	939.565	6.86031	98829.6	0	0
neutron	939.565	4.04281	98829.6	0	0
Ne20	18617.7	0.303124	98829.6	0	0
Ne23	21414.1	0.222983	98854.3	0	0
neutron	939.565	1.76472	98872.9	0	0
neutron	939.565	0.855871	98872.9	0	0
neutron	939.565	0.516192	98872.9	0	0
Ne20	18617.7	0.571265	98872.9	0	0
neutron	939.565	12.8616	98827.2	0	0
neutron	939.565	0.886549	98827.2	0	0
neutron	939.565	0.349426	98827.2	0	0
Ne20	18617.7	0.857061	98827.2	0	0
proton	938.272	6.59475	98809.9	0	0
neutron	939.565	5.13333	98809.9	0	0
neutron	939.565	0.949624	98809.9	0	0
F20	18625.3	0.565189	98809.9	0	0
proton	938.272	18.9188	98865.8	0	0
neutron	939.565	7.15719	98865.8	0	0
neutron	939.565	3.06737	98865.8	0	0
neutron	939.565	0.797909	98865.8	0	0
triton	2808.92	3.46958	98865.8	0	0
O16	14895.1	3.07212	98865.8	0	0
Ne23	21414.1	0.212583	98874.2	0	0
neutron	939.565	22.1522	98831.3	0	0
neutron	939.565	15.9418	98831.3	0	0
neutron	939.565	1.35935	98831.3	0	0
Ne20	18617.7	0.233138	98831.3	0	0
S35	32565.3	0.154659	98804.3	0	0
neutron	939.565	32.7786	98904	0	0
neutron	939.565	3.89737	98904	0	0
neutron	939.565	0.482069	98904	0	0
Ne20	18617.7	2.26809	98904	0	0
neutron	939.565	8.48546	98886.4	0	0
neutron	939.565	2.39138	98886.4	0	0
Ne21	19550.5	0.298371	98886.4	0	0
Na23	21409.2	0.16002	99745.7	358.49	358.061
neutron	939.565	0.397602	98887.5	0	0
Ne22	20479.7	0.167974	98887.5	0	0
neutron	939.565	3.54642	98842	0	0
S34	31632.7	0.289314	98842	0	0
Na23	21409.2	0.107414	99002.7	81.2949	81.1063
Ne23	21414.1	0.231027	98884.8	0	0
neutron	939.565	9.74026	98861.1	0	0
proton	938.272	9.74015	98861.1	0	0
neutron	939.565	9.28908	98861.1	0	0
neutron	939.565	0.751245	98861.1	0	0
P31	28844.2	0.467081	98861.1	0	0
S37	34430.2	0.127086	98890.6	0	0
neutron	939.565	0.214595	98889.9	0	0
S34	31632.7	0.13318	98889.9	0	0
neutron	939.565	2.53989	98860.2	0	0
neutron	939.565	1.38716	98860.2	0	0
S33	30704.6	0.00913774	98860.2	0	0
Ne23	21414.1	0.229687	98898.5	0	0
Ne23	21414.1	0.207538	98903.9	0	0
neutron	939.565	6.48526	98841.9	0	0
neutron	939.565	1.47443	98841.9	0	0
neutron	939.565	1.44741	98841.9	0	0
Ne20	18617.7	0.802223	98841.9	0	0
Ne23	21414.1	0.207758	98883.5	0	0
neutron	939.565	11.2469	98862	0	0
proton	938.272	6.33055	98862	0	0
neutron	939.565	0.874063	98862	0	0
deuteron	1875.61	11.4416	98862	0	0
O18	16762	0.441078	98862	0	0
neutron	939.565	7.10963	98836.7	0	0
neutron	939.565	5.0876	98836.7	0	0
neutron	939.565	1.49553	98836.7	0	0
alpha	3727.38	9.16485	98836.7	0	0
Si28	26053.2	1.14967	98836.7	0	0
proton	938.272	7.21753	98834.4	0	0
neutron	939.565	2.23132	98834.4	0	0
alpha	3727.38	8.02803	98834.4	0	0
N17	15839.7	1.62032	98834.4	0	0
proton	938.272	10.9808	98840.5	0	0
neutron	939.565	5.44027	98840.5	0	0
neutron	939.565	3.76595	98840.5	0	0
neutron	939.565	0.363835	98840.5	0	0
P31	28844.2	1.35477	98840.5	0	0
S35	32565.3	0.15707	98857	0	0
Ne23	21414.1	0.23088	98834.8	0	0
Ne23	21414.1	0.233879	98848.1	0	0
proton	938.272	27.7726	98845.8	0	0
neutron	939.565	6.87568	98845.8	0	0
neutron	939.565	1.59952	98845.8	0	0
F20	18625.3	0.948004	98845.8	0	0
neutron	939.565	2.68779	98922.3	0	0
S36	33495	0.237134	98922.3	0	0
neutron	939.565	0.0765181	98847.1	0	0
Ne22	20479.7	0.169578	98847.1	0	0
neutron	939.565	15.4032	98903.4	0	0
neutron	939.565	14.7903	98903.4	0	0
neutron	939.565	3.96255	98903.4	0	0
Ne20	18617.7	0.645413	98903.4	0	0
neutron	939.565	20.8413	98850.4	0	0
neutron	939.565	9.42021	98850.4	0	0
neutron	939.565	2.07152	98850.4	0	0
neutron	939.565	0.670918	98850.4	0	0
S33	30704.6	1.01099	98850.4	0	0
Ne23	21414.1	0.198502	98814.7	0	0
neutron	939.565	0.346623	98839	0	0
Ne22	20479.7	0.293433	98839	0	0
neutron	939.565	16.8627	98834.1	0	0
neutron	939.565	1.94381	98834.1	0	0
neutron	939.565	1.00834	98834.1	0	0
alpha	3727.38	4.61775	98834.1	0	0
O16	14895.1	3.90176	98834.1	0	0
Ne23	21414.1	0.213401	98909.2	0	0
neutron	939.565	2.20058	98874.9	0	0
S34	31632.7	0.263358	98874.9	0	0
neutron	939.565	2.20193	98967.1	0	0
neutron	939.565	2.01792	98967.1	0	0
Ne21	19550.5	0.816163	98967.1	0	0
Na23	21409.2	0.109701	99667.3	330.143	329.749
neutron	939.565	1.18999	98865.5	0	0
S34	31632.7	0.0321083	98865.5	0	0
Ne23	21414.1	0.205454	98890.6	0	0
neutron	939.565	9.17581	98851.7	0	0
neutron	939.565	8.35954	98851.7	0	0
proton	938.272	5.43186	98851.7	0	0
neutron	939.565	3.92932	98851.7	0	0
proton	938.272	3.18562	98851.7	0	0
neutron	939.565	2.19705	98851.7	0	0
neutron	939.565	1.65082	98851.7	0	0
Si28	26053.2	0.164268	98851.7	0	0
neutron	939.565	0.189206	98805.4	0	0
S34	31632.7	0.141281	98805.4	0	0
neutron	939.565	0.59823	98801.5	0	0
Ne22	20479.7	0.337149	98801.5	0	0
S35	32565.3	0.165522	98851.5	0	0
neutron	939.565	0.564421	98847	0	0
S34	31632.7	0.20905	98847	0	0
neutron	939.565	8.87812	98857	0	0
neutron	939.565	2.86143	98857	0	0
S33	30704.6	0.185894	98857	0	0
proton	938.272	7.99305	98844.1	0	0
neutron	939.565	4.85062	98844.1	0	0
neutron	939.565	2.59151	98844.1	0	0
P32	29775.8	0.299575	98844.1	0	0
Ne23	21414.1	0.215976	98830.1	0	0
neutron	939.565	7.7143	98837.6	0	0
proton	938.272	1.33792	98837.6	0	0
neutron	939.565	1.28374	98837.6	0	0
F20	18625.3	0.95017	98837.6	0	0
neutron	939.565	0.407896	98842.9	0	0
S34	31632.7	0.126788	98842.9	0	0
neutron	939.565	1.74517	98878	0	0
S36	33495	0.0772534	98878	0	0
S37	34430.2	0.144162	98873.6	0	0
Ne23	21414.1	0.231347	98817.9	0	0
S35	32565.3	0.137127	98853.3	0	0
neutron	939.565	18.6403	98843.4	0	0
neutron	939.565	0.771052	98843.4	0	0
S33	30704.6	0.248157	98843.4	0	0
neutron	939.565	29.5397	98868.3	0	0
neutron	939.565	20.2628	98868.3	0	0
neutron	939.565	1.38749	98868.3	0	0
Ne20	18617.7	4.06726	98868.3	0	0
neutron	939.565	3.91179	98842.8	0	0
neutron	939.565	0.723205	98842.8	0	0
Ne21	19550.5	0.176212	98842.8	0	0
S35	32565.3	0.150908	98889.3	0	0
S35	32565.3	0.160657	98877.9	0	0
S37	34430.2	0.138079	98857.2	0	0
neutron	939.565	0.844706	98814.1	0	0
Ne22	20479.7	0.26238	98814.1	0	0
neutron	939.565	0.141237	98847.3	0	0
Ne22	20479.7	0.177576	98847.3	0	0
neutron	939.565	8.86134	98878.6	0	0
neutron	939.565	6.11623	98878.6	0	0
Ne21	19550.5	0.786116	98878.6	0	0
S35	32565.3	0.166579	98847.1	0	0
neutron	939.565	1.46503	98860.8	0	0
neutron	939.565	0.425769	98860.8	0	0
Ne21	19550.5	0.221532	98860.8	0	0
neutron	939.565	26.9842	98830.9	0	0
proton	938.272	14.972	98830.9	0	0
neutron	939.565	3.34346	98830.9	0	0
deuteron	1875.61	2.18209	98830.9	0	0
O18	16762	2.10054	98830.9	0	0
proton	938.272	37.0085	98835.9	0	0
neutron	939.565	0.979941	98835.9	0	0
P33	30705.3	0.878089	98835.9	0	0
neutron	939.565	0.669629	98858.5	0	0
S34	31632.7	0.230116	98858.5	0	0
neutron	939.565	8.67081	98843.3	0	0
neutron	939.565	1.5363	98843.3	0	0
neutron	939.565	1.50877	98843.3	0	0
neutron	939.565	1.21784	98843.3	0	0
S33	30704.6	0.131495	98843.3	0	0
neutron	939.565	2.34014	98840.6	0	0
Ne22	20479.7	0.357912	98840.6	0	0
neutron	939.565	2.5708	98845	0	0
S34	31632.7	0.343887	98845	0	0
proton	938.272	30.5415	98844.4	0	0
neutron	939.565	0.141018	98844.4	0	0
P33	30705.3	0.942006	98844.4	0	0
neutron	939.565	0.958049	98863.8	0	0
S34	31632.7	0.263811	98863.8	0	0
neutron	939.565	1.6361	98846.6	0	0
S36	33495	0.121937	98846.6	0	0
neutron	939.565	15.9869	98827.4	0	0
neutron	939.565	4.56887	98827.4	0	0
neutron	939.565	3.11136	98827.4	0	0
alpha	3727.38	7.16581	98827.4	0	0
O16	14895.1	0.787461	98827.4	0	0
Ne23	21414.1	0.225883	98982.9	0	0
neutron	939.565	2.42683	98899.4	0	0
neutron	939.565	2.3073	98899.4	0	0
S35	32565.3	0.255533	98899.4	0	0
Ne23	21414.1	0.227629	98915.4	0	0
neutron	939.565	21.3573	98872.1	0	0
neutron	939.565	4.3666	98872.1	0	0
neutron	939.565	2.48589	98872.1	0	0
Ne20	18617.7	0.146934	98872.1	0	0
neutron	939.565	2.42292	98858.4	0	0
S34	31632.7	0.0155194	98858.4	0	0
S35	32565.3	0.157652	98870.1	0	0
neutron	939.565	4.31173	98831.7	0	0
neutron	939.565	1.72473	98831.7	0	0
S33	30704.6	0.044508	98831.7	0	0
Ne23	21414.1	0.223678	98884.1	0	0
neutron	939.565	3.88546	98864.6	0	0
neutron	939.565	0.863755	98864.6	0	0
S33	30704.6	0.099013	98864.6	0	0
Ne23	21414.1	0.231631	98825.9	0	0
neutron	939.565	15.5238	98896.3	0	0
neutron	939.565	6.29214	98896.3	0	0
proton	938.272	4.99227	98896.3	0	0
proton	938.272	4.92994	98896.3	0	0
neutron	939.565	2.40682	98896.3	0	0
Si30	27913.2	0.596513	98896.3	0	0
Cl35	32564.6	0.0804077	98849.8	35.1515	35.0329
neutron	939.565	9.87856	98865.7	0	0
proton	938.272	5.53095	98865.7	0	0
neutron	939.565	1.17803	98865.7	0	0
P32	29775.8	0.22157	98865.7	0	0
proton	938.272	11.8268	98790.2	0	0
neutron	939.565	8.0554	98790.2	0	0
proton	938.272	5.50197	98790.2	0	0
Si32	29776.6	0.193259	98790.2	0	0
proton	938.272	2.6213	98814.1	0	0
neutron	939.565	2.591	98814.1	0	0
neutron	939.565	1.54893	98814.1	0	0
neutron	939.565	0.267269	98814.1	0	0
P31	28844.2	0.0440631	98814.1	0	0
Ne23	21414.1	0.210549	98842.8	0	0
neutron	939.565	0.551058	98840.1	0	0
S34	31632.7	0.127638	98840.1	0	0
neutron	939.565	2.02845	98930.7	0	0
neutron	939.565	1.67603	98930.7	0	0
neutron	939.565	0.113716	98930.7	0	0
Ne20	18617.7	0.0814584	98930.7	0	0
neutron	939.565	0.79136	98827.6	0	0
S34	31632.7	0.195889	98827.6	0	0
neutron	939.565	11.7872	98898.2	0	0
neutron	939.565	4.43825	98898.2	0	0
neutron	939.565	1.66279	98898.2	0	0
Ne20	18617.7	0.626764	98898.2	0	0
proton	938.272	6.94319	98962.7	0	0
neutron	939.565	1.53694	98962.7	0	0
P33	30705.3	0.637013	98962.7	0	0
Ne23	21414.1	0.219756	98824.7	0	0
neutron	939.565	21.1732	98900.4	0	0
proton	938.272	7.37737	98900.4	0	0
neutron	939.565	5.83652	98900.4	0	0
proton	938.272	5.29479	98900.4	0	0
neutron	939.565	3.41528	98900.4	0	0
neutron	939.565	0.218811	98900.4	0	0
Si29	26984.3	1.64144	98900.4	0	0
neutron	939.565	0.519404	98791.1	0	0
Ne22	20479.7	0.231157	98791.1	0	0
S35	32565.3	0.151328	98876.8	0	0
neutron	939.565	1.09798	98860.4	0	0
Ne22	20479.7	0.117583	98860.4	0	0
neutron	939.565	37.1491	98828.8	0	0
proton	938.272	25.8628	98828.8	0	0
proton	938.272	2.3965	98828.8	0	0
Si32	29776.6	0.231576	98828.8	0	0
neutron	939.565	4.32677	98911	0	0
S34	31632.7	0.0373653	98911	0	0
Ne23	21414.1	0.2325	98834.1	0	0
Ne23	21414.1	0.225334	98916.5	0	0
neutron	939.565	0.595449	98863.1	0	0
S34	31632.7	0.220488	98863.1	0	0
S35	32565.3	0.149473	98848.2	0	0
neutron	939.565	0.204135	98824.8	0	0
Ne22	20479.7	0.308976	98824.8	0	0
Ne23	21414.1	0.221559	98823.2	0	0
Ne23	21414.1	0.204045	98937.9	0	0
S37	34430.2	0.13925	98879.2	0	0
neutron	939.565	0.0307514	98800.4	0	0
Ne22	20479.7	0.23006	98800.4	0	0
Cl35	32564.6	0.307443	99877.6	387.744	387.183
neutron	939.565	2.391	98832.8	0	0
S34	31632.7	0.134798	98832.8	0	0
neutron	939.565	3.61168	98863.6	0	0
neutron	939.565	3.23247	98863.6	0	0
neutron	939.565	1.96373	98863.6	0	0
S34	31632.7	0.141811	98863.6	0	0
Cl35	32564.6	0.133257	99095.9	131.686	131.533
neutron	939.565	12.0794	98840	0	0
neutron	939.565	4.15423	98840	0	0
neutron	939.565	3.06915	98840	0	0
alpha	3727.38	13.1344	98840	0	0
alpha	3727.38	4.52627	98840	0	0
C12	11174.9	1.51582	98840	0	0
neutron	939.565	5.32873	98816.3	0	0
neutron	939.565	2.14399	98816.3	0	0
S33	30704.6	0.0197978	98816.3	0	0
neutron	939.565	1.05331	98900.8	0	0
S34	31632.7	0.0923486	98900.8	0	0
neutron	939.565	0.517097	98838.4	0	0
S34	31632.7	0.101096	98838.4	0	0
neutron	939.565	19.145	98878.6	0	0
neutron	939.565	17.767	98878.6	0	0
neutron	939.565	2.52927	98878.6	0	0
alpha	3727.38	4.2183	98878.6	0	0
O16	14895.1	2.72683	98878.6	0	0
neutron	939.565	3.44885	98859.5	0	0
neutron	939.565	1.15617	98859.5	0	0
S33	30704.6	0.0366476	98859.5	0	0
neutron	939.565	7.16376	98777.6	0	0
neutron	939.565	1.35069	98777.6	0	0
alpha	3727.38	11.882	98777.6	0	0
alpha	3727.38	8.62153	98777.6	0	0
Mg25	23268	2.27817	98777.6	0	0
neutron	939.565	6.91736	98842.6	0	0
neutron	939.565	6.10576	98842.6	0	0
proton	938.272	2.83938	98842.6	0	0
neutron	939.565	1.69234	98842.6	0	0
P31	28844.2	1.13402	98842.6	0	0
neutron	939.565	10.0073	98768.8	0	0
neutron	939.565	6.88671	98768.8	0	0
neutron	939.565	2.07766	98768.8	0	0
Ne20	18617.7	0.317668	98768.8	0	0
Na23	21409.2	0.12175	98829.7	19.3916	19.113
neutron	939.565	0.831941	98899.1	0	0
S34	31632.7	0.0996719	98899.1	0	0
proton	938.272	20.2154	98842.5	0	0
neutron	939.565	1.71054	98842.5	0	0
P33	30705.3	0.572087	98842.5	0	0
proton	938.272	16.2065	98862.5	0	0
neutron	939.565	1.50894	98862.5	0	0
F21	19556.7	1.09281	98862.5	0	0
neutron	939.565	21.8266	98834.5	0	0
neutron	939.565	2.09586	98834.5	0	0
neutron	939.565	1.65182	98834.5	0	0
alpha	3727.38	6.08752	98834.5	0	0
alpha	3727.38	6.31674	98834.5	0	0
C12	11174.9	0.28142	98834.5	0	0
neutron	939.565	1.91062	98893.1	0	0
S34	31632.7	0.299107	98893.1	0	0
neutron	939.565	1.33218	98839.5	0	0
S34	31632.7	0.274576	98839.5	0	0
neutron	939.565	0.964047	98912.7	0	0
Ne22	20479.7	0.369277	98912.7	0	0
Ne23	21414.1	0.20041	98822.4	0	0
Ne23	21414.1	0.19852	98869.5	0	0
Ne23	21414.1	0.195084	98847.9	0	0
neutron	939.565	0.382408	98806.8	0	0
Ne22	20479.7	0.141622	98806.8	0	0
Cl35	32564.6	0.088939	99339.8	211.684	211.593
neutron	939.565	0.218593	98832.5	0	0
S34	31632.7	0.118706	98832.5	0	0
neutron	939.565	6.45237	98814.3	0	0
neutron	939.565	3.37134	98814.3	0	0
neutron	939.565	2.61823	98814.3	0	0
neutron	939.565	0.535513	98814.3	0	0
neutron	939.565	0.389796	98814.3	0	0
S32	29773.6	0.194761	98814.3	0	0
neutron	939.565	1.46833	98888.9	0	0
Ne22	20479.7	0.116866	98888.9	0	0
S35	32565.3	0.146137	98831.8	0	0
neutron	939.565	3.739	98869.5	0	0
neutron	939.565	2.39127	98869.5	0	0
neutron	939.565	0.605929	98869.5	0	0
Ne20	18617.7	0.0337461	98869.5	0	0
neutron	939.565	0.109077	98874.6	0	0
S36	33495	0.100119	98874.6	0	0
neutron	939.565	4.05449	98816.1	0	0
neutron	939.565	0.990645	98816.1	0	0
S35	32565.3	0.475982	98816.1	0	0
Ne23	21414.1	0.215108	98862.1	0	0
neutron	939.565	2.83409	98834.3	0	0
deuteron	1875.61	5.2136	98834.3	0	0
P32	29775.8	0.395355	98834.3	0	0
neutron	939.565	0.123418	98907.6	0	0
S34	31632.7	0.111092	98907.6	0	0
neutron	939.565	0.941622	98878.1	0	0
S34	31632.7	0.176486	98878.1	0	0
S35	32565.3	0.15371	98842.5	0	0
Cl35	32564.6	0.0766267	99658.9	312.167	311.904
neutron	939.565	1.42323	98868.1	0	0
Ne22	20479.7	0.229039	98868.1	0	0
neutron	939.565	3.5426	98865.1	0	0
neutron	939.565	0.449989	98865.1	0	0
Ne21	19550.5	0.219528	98865.1	0	0
S35	32565.3	0.164322	98874.8	0	0
neutron	939.565	5.04306	98843.1	0	0
proton	938.272	3.07976	98843.1	0	0
neutron	939.565	1.95606	98843.1	0	0
neutron	939.565	1.69225	98843.1	0	0
P31	28844.2	0.293755	98843.1	0	0
neutron	939.565	0.907603	98931.6	0	0
S34	31632.7	0.207293	98931.6	0	0
neutron	939.565	10.5063	98871.8	0	0
neutron	939.565	6.56682	98871.8	0	0
neutron	939.565	1.64001	98871.8	0	0
alpha	3727.38	6.01742	98871.8	0	0
O16	14895.1	0.872793	98871.8	0	0
Na23	21409.2	0.140833	99018.4	96.1922	96.0086
neutron	939.565	11.5151	98880.3	0	0
proton	938.272	6.80311	98880.3	0	0
neutron	939.565	5.92445	98880.3	0	0
proton	938.272	5.87177	98880.3	0	0
neutron	939.565	3.18793	98880.3	0	0
neutron	939.565	2.10342	98880.3	0	0
neutron	939.565	1.30684	98880.3	0	0
Si30	27913.2	0.0701862	98880.3	0	0
neutron	939.565	6.52528	98842.5	0	0
neutron	939.565	4.32105	98842.5	0	0
neutron	939.565	1.64182	98842.5	0	0
alpha	3727.38	8.10777	98842.5	0	0
O16	14895.1	2.62874	98842.5	0	0
neutron	939.565	3.39752	98827.6	0	0
neutron	939.565	1.82252	98827.6	0	0
neutron	939.565	1.32661	98827.6	0	0
S34	31632.7	0.0620686	98827.6	0	0
neutron	939.565	0.43397	98838.4	0	0
S34	31632.7	0.100927	98838.4	0	0
neutron	939.565	18.5537	98878.9	0	0
proton	938.272	9.07546	98878.9	0	0
proton	938.272	2.36609	98878.9	0	0
neutron	939.565	1.52881	98878.9	0	0
neutron	939.565	1.25012	98878.9	0	0
Si30	27913.2	0.24714	98878.9	0	0
neutron	939.565	10.4622	98877	0	0
neutron	939.565	2.27116	98877	0	0
Ne21	19550.5	0.92494	98877	0	0
neutron	939.565	18.5414	98880.4	0	0
neutron	939.565	16.3139	98880.4	0	0
proton	938.272	0.861109	98880.4	0	0
triton	2808.92	8.39836	98880.4	0	0
O17	15830.5	5.09074	98880.4	0	0
proton	938.272	15.3765	98855.4	0	0
proton	938.272	9.82692	98855.4	0	0
neutron	939.565	0.248383	98855.4	0	0
O20	18629.6	0.529003	98855.4	0	0
neutron	939.565	7.26597	98851.7	0	0
neutron	939.565	3.622	98851.7	0	0
neutron	939.565	2.85894	98851.7	0	0
Ne20	18617.7	0.76167	98851.7	0	0
proton	938.272	21.7944	98855.1	0	0
neutron	939.565	10.0173	98855.1	0	0
proton	938.272	3.661	98855.1	0	0
neutron	939.565	0.0995624	98855.1	0	0
O19	17697.6	1.81698	98855.1	0	0
neutron	939.565	0.964144	98828.9	0	0
Ne22	20479.7	0.0945197	98828.9	0	0
S35	32565.3	0.160813	98813.8	0	0
Cl35	32564.6	0.398078	99151	135.271	134.844
neutron	939.565	4.19549	98938.1	0	0
neutron	939.565	1.59166	98938.1	0	0
S33	30704.6	0.120648	98938.1	0	0
S35	32565.3	0.159432	98803.2	0	0
neutron	939.565	0.800443	98844.1	0	0
Ne22	20479.7	0.148118	98844.1	0	0
neutron	939.565	1.15542	98842.4	0	0
Ne22	20479.7	0.154121	98842.4	0	0
Ne23	21414.1	0.217032	98879.3	0	0
neutron	939.565	0.130649	98857.8	0	0
S34	31632.7	0.140309	98857.8	0	0
Cl35	32564.6	0.0818229	99312.6	209.264	208.926
neutron	939.565	0.186039	98866.5	0	0
Ne22	20479.7	0.305272	98866.5	0	0
neutron	939.565	2.85519	98862.7	0	0
S34	31632.7	0.165982	98862.7	0	0
neutron	939.565	6.55681	98817.7	0	0
neutron	939.565	4.94215	98817.7	0	0
neutron	939.565	3.50227	98817.7	0	0
proton	938.272	2.30181	98817.7	0	0
P31	28844.2	0.18593	98817.7	0	0
Ne23	21414.1	0.225114	98848.2	0	0
neutron	939.565	8.13284	98840.4	0	0
neutron	939.565	1.72174	98840.4	0	0
neutron	939.565	1.38755	98840.4	0	0
S34	31632.7	0.237936	98840.4	0	0
neutron	939.565	2.20998	98825.3	0	0
Ne22	20479.7	0.041821	98825.3	0	0
neutron	939.565	11.8697	98862.1	0	0
neutron	939.565	9.33399	98862.1	0	0
neutron	939.565	1.11135	98862.1	0	0
alpha	3727.38	7.57802	98862.1	0	0
Si28	26053.2	0.68856	98862.1	0	0
neutron	939.565	9.59626	98815.4	0	0
neutron	939.565	9.58746	98815.4	0	0
neutron	939.565	0.329777	98815.4	0	0
S32	29773.6	0.533129	98815.4	0	0
neutron	939.565	8.64658	98911.4	0	0
proton	938.272	4.01283	98911.4	0	0
neutron	939.565	3.71798	98911.4	0	0
neutron	939.565	1.79959	98911.4	0	0
P31	28844.2	1.42309	98911.4	0	0
S37	34430.2	0.133359	98858.3	0	0
proton	938.272	4.30215	98878.7	0	0
neutron	939.565	3.56796	98878.7	0	0
deuteron	1875.61	4.71403	98878.7	0	0
O19	17697.6	0.135432	98878.7	0	0
S37	34430.2	0.137915	98870	0	0
neutron	939.565	1.51019	98858.1	0	0
S34	31632.7	0.138071	98858.1	0	0
Ne23	21414.1	0.216668	98863.7	0	0
neutron	939.565	0.80801	98824.1	0	0
S34	31632.7	0.192807	98824.1	0	0
neutron	939.565	0.218021	98852.9	0	0
S34	31632.7	0.198638	98852.9	0	0
neutron	939.565	18.1308	98861.8	0	0
neutron	939.565	1.42472	98861.8	0	0
Ne21	19550.5	1.32014	98861.8	0	0
neutron	939.565	4.13251	98830.2	0	0
neutron	939.565	1.8961	98830.2	0	0
neutron	939.565	0.866356	98830.2	0	0
S32	29773.6	0.33328	98830.2	0	0
neutron	939.565	6.99801	98847.8	0	0
neutron	939.565	6.84271	98847.8	0	0
proton	938.272	3.3492	98847.8	0	0
neutron	939.565	0.640241	98847.8	0	0
P31	28844.2	0.571969	98847.8	0	0
neutron	939.565	1.61752	98855	0	0
Ne22	20479.7	0.294838	98855	0	0
neutron	939.565	0.31648	98909.1	0	0
Ne22	20479.7	0.291729	98909.1	0	0
neutron	939.565	0.204595	98900.3	0	0
S34	31632.7	0.198593	98900.3	0	0
Ne23	21414.1	0.217013	98851.1	0	0
neutron	939.565	0.58485	98841.8	0	0
S34	31632.7	0.0784704	98841.8	0	0
proton	938.272	5.51525	98847.6	0	0
neutron	939.565	2.28687	98847.6	0	0
P33	30705.3	0.286432	98847.6	0	0
neutron	939.565	0.287651	98861.9	0	0
S36	33495	0.094668	98861.9	0	0
neutron	939.565	1.1075	98836.5	0	0
S34	31632.7	0.261594	98836.5	0	0
neutron	939.565	1.19159	98873.7	0	0
S36	33495	0.155229	98873.7	0	0
neutron	939.565	36.8804	98920.7	0	0
neutron	939.565	8.34939	98920.7	0	0
neutron	939.565	6.39427	98920.7	0	0
alpha	3727.38	4.10069	98920.7	0	0
O16	14895.1	6.13912	98920.7	0	0
neutron	939.565	1.26977	98887.7	0	0
S36	33495	0.163743	98887.7	0	0
neutron	939.565	4.53012	98837.6	0	0
neutron	939.565	0.920088	98837.6	0	0
Ne21	19550.5	0.411089	98837.6	0	0
Na23	21409.2	0.12342	99911.8	413.625	413.413
proton	938.272	5.82213	98882.8	0	0
F22	20491.1	0.303369	98882.8	0	0
neutron	939.565	2.04117	98826.5	0	0
Ne22	20479.7	0.146897	98826.5	0	0
neutron	939.565	1.85302	98810.9	0	0
Ne22	20479.7	0.470265	98810.9	0	0
Ne23	21414.1	0.229236	98868.5	0	0
neutron	939.565	0.558078	98830.1	0	0
Ne22	20479.7	0.140952	98830.1	0	0
neutron	939.565	4.38067	98846.6	0	0
neutron	939.565	1.89547	98846.6	0	0
neutron	939.565	0.464248	98846.6	0	0
S32	29773.6	0.364147	98846.6	0	0
neutron	939.565	1.47931	98880.4	0	0
S34	31632.7	0.24788	98880.4	0	0
Ne23	21414.1	0.209911	98820.3	0	0
neutron	939.565	19.9282	98842.8	0	0
neutron	939.565	5.97012	98842.8	0	0
neutron	939.565	1.42916	98842.8	0	0
alpha	3727.38	4.19124	98842.8	0	0
O16	14895.1	3.69364	98842.8	0	0
neutron	939.565	12.884	98825.8	0	0
proton	938.272	9.32826	98825.8	0	0
neutron	939.565	0.430017	98825.8	0	0
P32	29775.8	0.084408	98825.8	0	0
neutron	939.565	8.68453	98845.9	0	0
neutron	939.565	2.96223	98845.9	0	0
neutron	939.565	0.745722	98845.9	0	0
Ne20	18617.7	1.2122	98845.9	0	0
neutron	939.565	14.2491	98832.9	0	0
neutron	939.565	5.85106	98832.9	0	0
neutron	939.565	2.72097	98832.9	0	0
S32	29773.6	0.666542	98832.9	0	0
neutron	939.565	6.67861	98882.4	0	0
neutron	939.565	3.71027	98882.4	0	0
Ne21	19550.5	1.01732	98882.4	0	0
Ne23	21414.1	0.221651	98875.3	0	0
neutron	939.565	0.636082	98833.1	0	0
S36	33495	0.210139	98833.1	0	0
neutron	939.565	3.36784	98847.4	0	0
S34	31632.7	0.308624	98847.4	0	0
Cl35	32564.6	0.0686049	99472.9	268.669	268.502
neutron	939.565	0.42241	98841.1	0	0
S34	31632.7	0.230795	98841.1	0	0
Ne23	21414.1	0.235056	98855.7	0	0
neutron	939.565	0.78275	98928.2	0	0
S34	31632.7	0.273319	98928.2	0	0
Ne23	21414.1	0.217275	98857.8	0	0
Ne23	21414.1	0.210885	98936.9	0	0
neutron	939.565	0.249578	98850.7	0	0
S34	31632.7	0.0986038	98850.7	0	0
Cl35	32564.6	0.0779166	98946.7	49.6506	49.2984
Ne23	21414.1	0.21645	98877.4	0	0
Ne23	21414.1	0.217838	98870.2	0	0
neutron	939.565	33.1153	98861.7	0	0
proton	938.272	5.47678	98861.7	0	0
neutron	939.565	3.00184	98861.7	0	0
proton	938.272	2.4557	98861.7	0	0
Si31	28846.2	0.839664	98861.7	0	0
Na23	21409.2	0.277456	99001.4	90.8589	90.357
proton	938.272	25.4635	98884.8	0	0
neutron	939.565	8.85253	98884.8	0	0
proton	938.272	5.38539	98884.8	0	0
Si32	29776.6	1.15428	98884.8	0	0
neutron	939.565	2.52755	98919.9	0	0
Ne22	20479.7	0.330578	98919.9	0	0
neutron	939.565	0.548055	98862.6	0	0
Ne22	20479.7	0.301192	98862.6	0	0
neutron	939.565	28.7399	98830	0	0
proton	938.272	18.5644	98830	0	0
F21	19556.7	0.582901	98830	0	0
Ne23	21414.1	0.22773	98911.7	0	0
Cl35	32564.6	0.13477	98932.7	45.0098	44.4606
S37	34430.2	0.129862	98841.8	0	0
Cl35	32564.6	0.0808692	99392.3	218.195	217.932
proton	938.272	21.1554	98934.8	0	0
proton	938.272	6.23687	98934.8	0	0
neutron	939.565	4.44498	98934.8	0	0
neutron	939.565	3.44534	98934.8	0	0
Si31	28846.2	1.99542	98934.8	0	0
Ne23	21414.1	0.2349	98842.1	0	0
neutron	939.565	0.908964	98873.1	0	0
S34	31632.7	0.169184	98873.1	0	0
neutron	939.565	41.5983	98871.7	0	0
neutron	939.565	4.03743	98871.7	0	0
neutron	939.565	2.71698	98871.7	0	0
Ne20	18617.7	1.30167	98871.7	0	0
neutron	939.565	0.824462	98883.3	0	0
S34	31632.7	0.27607	98883.3	0	0
Cl35	32564.6	0.170549	99644.6	322.353	322.174
neutron	939.565	0.133866	98818.6	0	0
S34	31632.7	0.158238	98818.6	0	0
neutron	939.565	6.55859	98895.8	0	0
neutron	939.565	1.00673	98895.8	0	0
Ne21	19550.5	0.743261	98895.8	0	0
Cl37	34424.8	0.151057	99030.8	109.435	108.903
proton	938.272	12.885	98815.2	0	0
neutron	939.565	4.93887	98815.2	0	0
F21	19556.7	0.396859	98815.2	0	0
neutron	939.565	14.4259	98859.7	0	0
neutron	939.565	5.89119	98859.7	0	0
neutron	939.565	2.2501	98859.7	0	0
alpha	3727.38	5.9975	98859.7	0	0
O16	14895.1	4.97136	98859.7	0	0
neutron	939.565	1.60811	98850.7	0	0
S34	31632.7	0.0827279	98850.7	0	0
neutron	939.565	2.01794	98797.1	0	0
neutron	939.565	1.12573	98797.1	0	0
Ne21	19550.5	0.439587	98797.1	0	0
S35	32565.3	0.14316	98843.5	0	0
neutron	939.565	8.75941	98819.7	0	0
neutron	939.565	5.51226	98819.7	0	0
neutron	939.565	3.34487	98819.7	0	0
alpha	3727.38	5.45111	98819.7	0	0
O16	14895.1	1.20665	98819.7	0	0
Na23	21409.2	0.103795	99165.5	154.129	153.844
S35	32565.3	0.162477	98862.8	0	0
S35	32565.3	0.154881	98803.4	0	0
Ne23	21414.1	0.2216	98814	0	0
Ne23	21414.1	0.220048	98845.4	0	0
proton	938.272	3.32506	98804.3	0	0
neutron	939.565	2.28969	98804.3	0	0
P33	30705.3	0.213558	98804.3	0	0
Ne23	21414.1	0.234559	98831.3	0	0
S35	32565.3	0.163171	98836.6	0	0
Ne23	21414.1	0.232089	98892.6	0	0
neutron	939.565	11.8839	98890.4	0	0
neutron	939.565	7.42334	98890.4	0	0
neutron	939.565	2.43999	98890.4	0	0
Ne20	18617.7	0.213375	98890.4	0	0
neutron	939.565	2.73532	98892.7	0	0
neutron	939.565	1.36403	98892.7	0	0
neutron	939.565	0.469733	98892.7	0	0
S32	29773.6	0.148307	98892.7	0	0
neutron	939.565	0.815833	98822.2	0	0
S34	31632.7	0.266458	98822.2	0	0
neutron	939.565	2.38973	98796.5	0	0
S34	31632.7	0.245468	98796.5	0	0
neutron	939.565	16.301	98833.8	0	0
neutron	939.565	12.6331	98833.8	0	0
neutron	939.565	4.11715	98833.8	0	0
Ne20	18617.7	0.112042	98833.8	0	0
S35	32565.3	0.15102	98870	0	0
neutron	939.565	4.98211	98820.5	0	0
neutron	939.565	0.928326	98820.5	0	0
He3	2808.39	12.248	98820.5	0	0
Si30	27913.2	1.26558	98820.5	0	0
neutron	939.565	29.6267	98864.1	0	0
neutron	939.565	0.699666	98864.1	0	0
neutron	939.565	0.433825	98864.1	0	0
S32	29773.6	0.927817	98864.1	0	0
proton	938.272	13.7089	98839.7	0	0
neutron	939.565	12.2185	98839.7	0	0
neutron	939.565	0.233673	98839.7	0	0
P32	29775.8	0.168375	98839.7	0	0
Ne23	21414.1	0.227485	98852.9	0	0
neutron	939.565	1.7125	98872.4	0	0
S34	31632.7	0.329265	98872.4	0	0
S37	34430.2	0.142008	98894.5	0	0
neutron	939.565	3.91173	98857.5	0	0
neutron	939.565	2.08051	98857.5	0	0
S33	30704.6	0.162167	98857.5	0	0
neutron	939.565	0.89778	98847.6	0	0
Ne22	20479.7	0.1078	98847.6	0	0
neutron	939.565	6.92785	98859.8	0	0
neutron	939.565	0.162761	98859.8	0	0
Ne21	19550.5	0.161435	98859.8	0	0
Na23	21409.2	0.103717	99027.3	115.066	114.723
S35	32565.3	0.160755	98809.5	0	0
Na23	21409.2	0.243242	99504.2	284.846	284.28
neutron	939.565	19.5799	98874.6	0	0
proton	938.272	7.94475	98874.6	0	0
neutron	939.565	5.92962	98874.6	0	0
neutron	939.565	1.29194	98874.6	0	0
neutron	939.565	0.535045	98874.6	0	0
P32	29775.8	0.832118	98874.6	0	0
neutron	939.565	4.23753	98877.1	0	0
neutron	939.565	1.25932	98877.1	0	0
neutron	939.565	0.0818637	98877.1	0	0
S32	29773.6	0.387393	98877.1	0	0
Ne23	21414.1	0.206693	98817	0	0
Ne23	21414.1	0.227806	98858.4	0	0
neutron	939.565	1.67249	98868.1	0	0
S34	31632.7	0.190641	98868.1	0	0
neutron	939.565	0.616655	98880.9	0	0
Ne22	20479.7	0.271581	98880.9	0	0
S35	32565.3	0.160454	98835.6	0	0
neutron	939.565	1.4702	98823	0	0
S34	31632.7	0.325511	98823	0	0
neutron	939.565	23.8743	98803.3	0	0
neutron	939.565	5.30619	98803.3	0	0
Ne21	19550.5	1.51717	98803.3	0	0
neutron	939.565	0.686237	98853.7	0	0
S34	31632.7	0.0891069	98853.7	0	0
neutron	939.565	1.71503	98888.8	0	0
S34	31632.7	0.0821878	98888.8	0	0
neutron	939.565	1.58659	98865.6	0	0
S34	31632.7	0.320132	98865.6	0	0
S35	32565.3	0.148959	98888.7	0	0
neutron	939.565	1.86955	98843.7	0	0
Ne22	20479.7	0.215953	98843.7	0	0
S35	32565.3	0.158952	98857.6	0	0
Ne23	21414.1	0.210576	98853.6	0	0
neutron	939.565	1.47051	98881.8	0	0
S34	31632.7	0.0408033	98881.8	0	0
neutron	939.565	0.494768	98869.5	0	0
S36	33495	0.193877	98869.5	0	0
S35	32565.3	0.162544	98822.4	0	0
Ne23	21414.1	0.225337	98896.7	0	0
neutron	939.565	1.43435	98811.7	0	0
S34	31632.7	0.0299721	98811.7	0	0
neutron	939.565	3.45519	98912.4	0	0
S34	31632.7	0.043867	98912.4	0	0
neutron	939.565	32.6765	98848.7	0	0
neutron	939.565	14.9775	98848.7	0	0
proton	938.272	6.31465	98848.7	0	0
neutron	939.565	1.32897	98848.7	0	0
P31	28844.2	0.156136	98848.7	0	0
Na23	21409.2	0.423059	99262.8	208.153	207.666
Ne23	21414.1	0.229404	98834.2	0	0
S35	32565.3	0.156452	98887.4	0	0
neutron	939.565	6.65833	98856.3	0	0
neutron	939.565	5.57967	98856.3	0	0
neutron	939.565	4.70352	98856.3	0	0
alpha	3727.38	7.82019	98856.3	0	0
O16	14895.1	3.38538	98856.3	0	0
neutron	939.565	2.15024	98880.1	0	0
S34	31632.7	0.381397	98880.1	0	0
neutron	939.565	30.2183	98845.3	0	0
neutron	939.565	2.8708	98845.3	0	0
neutron	939.565	0.335715	98845.3	0	0
alpha	3727.38	8.49197	98845.3	0	0
O16	14895.1	2.61449	98845.3	0	0
neutron	939.565	8.98443	98865.8	0	0
neutron	939.565	6.04358	98865.8	0	0
neutron	939.565	1.11624	98865.8	0	0
alpha	3727.38	6.16474	98865.8	0	0
O16	14895.1	1.68059	98865.8	0	0
S37	34430.2	0.139749	98841.2	0	0
Na23	21409.2	0.341865	99412.6	237.188	236.82
neutron	939.565	6.85665	98888.5	0	0
proton	938.272	6.21082	98888.5	0	0
neutron	939.565	3.22957	98888.5	0	0
proton	938.272	2.39584	98888.5	0	0
neutron	939.565	0.387914	98888.5	0	0
Si30	27913.2	0.443988	98888.5	0	0
neutron	939.565	7.18406	98852.3	0	0
neutron	939.565	1.32572	98852.3	0	0
Ne21	19550.5	0.223481	98852.3	0	0
neutron	939.565	7.12125	98865.8	0	0
neutron	939.565	6.36066	98865.8	0	0
neutron	939.565	5.41458	98865.8	0	0
neutron	939.565	4.97799	98865.8	0	0
proton	938.272	3.75418	98865.8	0	0
P32	29775.8	0.310921	98865.8	0	0
neutron	939.565	0.28036	98842.6	0	0
S34	31632.7	0.156269	98842.6	0	0
neutron	939.565	43.6661	98860.3	0	0
neutron	939.565	14.6173	98860.3	0	0
neutron	939.565	4.22295	98860.3	0	0
Ne20	18617.7	3.40277	98860.3	0	0
neutron	939.565	0.508496	98832.5	0	0
Ne22	20479.7	0.291746	98832.5	0	0
neutron	939.565	14.5955	98898.1	0	0
neutron	939.565	9.06914	98898.1	0	0
neutron	939.565	8.60876	98898.1	0	0
S34	31632.7	0.550731	98898.1	0	0
neutron	939.565	3.97311	98829.1	0	0
neutron	939.565	1.43295	98829.1	0	0
neutron	939.565	0.162292	98829.1	0	0
S32	29773.6	0.163081	98829.1	0	0
Ne23	21414.1	0.194646	98863.8	0	0
neutron	939.565	0.141934	98858.9	0	0
S34	31632.7	0.10939	98858.9	0	0
neutron	939.565	4.32367	98867.3	0	0
neutron	939.565	1.17197	98867.3	0	0
neutron	939.565	0.609843	98867.3	0	0
S34	31632.7	0.651979	98867.3	0	0
neutron	939.565	13.49	98811.8	0	0
neutron	939.565	3.07262	98811.8	0	0
neutron	939.565	1.54547	98811.8	0	0
S32	29773.6	0.435943	98811.8	0	0
S35	32565.3	0.150775	98923.6	0	0
neutron	939.565	3.18803	98842.8	0	0
neutron	939.565	1.16805	98842.8	0	0
S33	30704.6	0.37273	98842.8	0	0
neutron	939.565	0.856504	98855.6	0	0
S36	33495	0.0772265	98855.6	0	0
neutron	939.565	0.608067	98889.1	0	0
S34	31632.7	0.214556	98889.1	0	0
Ne23	21414.1	0.221098	98841.1	0	0
neutron	939.565	0.469869	98868.6	0	0
S34	31632.7	0.202009	98868.6	0	0
Ne23	21414.1	0.224936	98895.6	0	0
neutron	939.565	8.89311	98839.3	0	0
neutron	939.565	4.53143	98839.3	0	0
neutron	939.565	2.43247	98839.3	0	0
neutron	939.565	0.680442	98839.3	0	0
S33	30704.6	0.216482	98839.3	0	0
neutron	939.565	14.6644	98837.3	0	0
neutron	939.565	4.83486	98837.3	0	0
neutron	939.565	2.88772	98837.3	0	0
alpha	3727.38	7.18338	98837.3	0	0
O16	14895.1	0.714582	98837.3	0	0
Ne23	21414.1	0.229796	98817.8	0	0
Ne23	21414.1	0.217631	98860.6	0	0
neutron	939.565	0.960738	98857.8	0	0
S34	31632.7	0.265384	98857.8	0	0
neutron	939.565	0.917481	98841.2	0	0
S34	31632.7	0.0813187	98841.2	0	0
proton	938.272	9.64022	98838.8	0	0
neutron	939.565	1.75165	98838.8	0	0
neutron	939.565	0.262383	98838.8	0	0
P32	29775.8	0.758744	98838.8	0	0
S37	34430.2	0.136068	98852.1	0	0
neutron	939.565	1.24	98896.1	0	0
Ne22	20479.7	0.147584	98896.1	0	0
neutron	939.565	0.952615	98849.3	0	0
S36	33495	0.108227	98849.3	0	0
Ne23	21414.1	0.211574	98837.3	0	0
neutron	939.565	0.17061	98831.1	0	0
Ne22	20479.7	0.186535	98831.1	0	0
neutron	939.565	1.56679	98833.9	0	0
S34	31632.7	0.293007	98833.9	0	0
neutron	939.565	1.25404	98830.5	0	0
S34	31632.7	0.0427777	98830.5	0	0
Ne23	21414.1	0.229164	98817.3	0	0
neutron	939.565	24.3567	98869.2	0	0
neutron	939.565	21.765	98869.2	0	0
neutron	939.565	2.0866	98869.2	0	0
neutron	939.565	0.431305	98869.2	0	0
S33	30704.6	1.95549	98869.2	0	0
neutron	939.565	33.1009	98837.7	0	0
neutron	939.565	4.5299	98837.7	0	0
neutron	939.565	3.67142	98837.7	0	0
alpha	3727.38	14.906	98837.7	0	0
O16	14895.1	3.63914	98837.7	0	0
Cl35	32564.6	0.647959	99867.9	394.88	394.196
neutron	939.565	47.4289	98915	0	0
neutron	939.565	4.30629	98915	0	0
neutron	939.565	0.5928	98915	0	0
Ne20	18617.7	1.38803	98915	0	0
Ne23	21414.1	0.225707	98832.7	0	0
neutron	939.565	7.61807	98908	0	0
neutron	939.565	2.63609	98908	0	0
S35	32565.3	0.0698237	98908	0	0
neutron	939.565	21.3452	98848.4	0	0
neutron	939.565	18.1782	98848.4	0	0
neutron	939.565	0.408409	98848.4	0	0
S34	31632.7	0.113312	98848.4	0	0
neutron	939.565	22.2421	98867.1	0	0
neutron	939.565	0.85547	98867.1	0	0
alpha	3727.38	7.19923	98867.1	0	0
Si29	26984.3	2.10268	98867.1	0	0
Ne23	21414.1	0.217845	98828.9	0	0
Ne23	21414.1	0.230428	98820.1	0	0
Ne23	21414.1	0.222601	98884.6	0	0
Ne23	21414.1	0.212515	98894.2	0	0
neutron	939.565	1.72322	98842.5	0	0
neutron	939.565	1.618	98842.5	0	0
Ne21	19550.5	0.27176	98842.5	0	0
Ne23	21414.1	0.219894	98948	0	0
neutron	939.565	13.5125	98846.7	0	0
neutron	939.565	5.4054	98846.7	0	0
neutron	939.565	1.21364	98846.7	0	0
alpha	3727.38	7.52714	98846.7	0	0
O16	14895.1	1.56561	98846.7	0	0
neutron	939.565	0.0920932	98843.6	0	0
Ne22	20479.7	0.236165	98843.6	0	0
neutron	939.565	7.6554	98813.7	0	0
neutron	939.565	3.50896	98813.7	0	0
neutron	939.565	2.27233	98813.7	0	0
Ne20	18617.7	0.799227	98813.7	0	0
neutron	939.565	40.8818	98889.9	0	0
neutron	939.565	6.45189	98889.9	0	0
neutron	939.565	2.89521	98889.9	0	0
S34	31632.7	0.644632	98889.9	0	0
neutron	939.565	7.60203	98838.3	0	0
neutron	939.565	2.45788	98838.3	0	0
neutron	939.565	1.26298	98838.3	0	0
S34	31632.7	0.0758977	98838.3	0	0
Na23	21409.2	0.128236	98895.9	18.3642	18.1546
Ne23	21414.1	0.218391	98896.1	0	0
Cl35	32564.6	0.0994778	99077.6	121.067	120.895
neutron	939.565	2.40012	98889.4	0	0
S34	31632.7	0.147551	98889.4	0	0
neutron	939.565	31.0949	98862.3	0	0
proton	938.272	2.76506	98862.3	0	0
neutron	939.565	1.47367	98862.3	0	0
neutron	939.565	0.719931	98862.3	0	0
P31	28844.2	0.871351	98862.3	0	0
proton	938.272	5.13751	98873.6	0	0
neutron	939.565	2.10324	98873.6	0	0
neutron	939.565	0.921082	98873.6	0	0
P32	29775.8	0.13181	98873.6	0	0
Ne23	21414.1	0.224751	98862.8	0	0
neutron	939.565	1.49517	98897.6	0	0
S34	31632.7	0.22556	98897.6	0	0
neutron	939.565	16.6931	98817.3	0	0
neutron	939.565	6.58733	98817.3	0	0
alpha	3727.38	13.6308	98817.3	0	0
O17	15830.5	0.145943	98817.3	0	0
neutron	939.565	1.49456	98816.2	0	0
neutron	939.565	1.38397	98816.2	0	0
neutron	939.565	1.09082	98816.2	0	0
alpha	3727.38	8.27922	98816.2	0	0
Si28	26053.2	0.995691	98816.2	0	0
neutron	939.565	0.719905	98843.9	0	0
S34	31632.7	0.208864	98843.9	0	0
neutron	939.565	1.62004	98933	0	0
Ne22	20479.7	0.241479	98933	0	0
Ne23	21414.1	0.235279	98847.8	0	0
neutron	939.565	2.09262	98911.6	0	0
S34	31632.7	0.0629335	98911.6	0	0
neutron	939.565	0.170502	98817.8	0	0
Ne22	20479.7	0.260537	98817.8	0	0
neutron	939.565	0.303312	98836.3	0	0
Ne22	20479.7	0.183342	98836.3	0	0
neutron	939.565	2.26695	98882.5	0	0
neutron	939.565	0.763306	98882.5	0	0
neutron	939.565	0.263315	98882.5	0	0
S34	31632.7	0.190191	98882.5	0	0
neutron	939.565	5.90891	98858.4	0	0
alpha	3727.38	7.97558	98858.4	0	0
O18	16762	1.66624	98858.4	0	0
neutron	939.565	0.983244	98815	0	0
S34	31632.7	0.179484	98815	0	0
proton	938.272	19.1164	98859	0	0
neutron	939.565	0.920419	98859	0	0
F21	19556.7	1.67413	98859	0	0
S35	32565.3	0.163369	98873	0	0
neutron	939.565	0.690903	98843.5	0	0
S34	31632.7	0.169334	98843.5	0	0
neutron	939.565	1.14142	98889	0	0
Ne22	20479.7	0.3422	98889	0	0
neutron	939.565	14.5424	98879	0	0
neutron	939.565	7.71266	98879	0	0
neutron	939.565	5.02086	98879	0	0
proton	938.272	4.73604	98879	0	0
P31	28844.2	0.842499	98879	0	0
neutron	939.565	37.8546	98869.2	0	0
neutron	939.565	6.35464	98869.2	0	0
neutron	939.565	1.34185	98869.2	0	0
Ne20	18617.7	0.68983	98869.2	0	0
neutron	939.565	1.09127	98875.5	0	0
Ne22	20479.7	0.125666	98875.5	0	0
neutron	939.565	24.5699	98883.2	0	0
neutron	939.565	16.1827	98883.2	0	0
neutron	939.565	6.36429	98883.2	0	0
proton	938.272	2.1599	98883.2	0	0
proton	938.272	2.11853	98883.2	0	0
Si30	27913.2	0.708812	98883.2	0	0
neutron	939.565	2.18959	98862.9	0	0
neutron	939.565	2.07519	98862.9	0	0
S33	30704.6	0.175716	98862.9	0	0
proton	938.272	43.6484	98837.9	0	0
neutron	939.565	12.4435	98837.9	0	0
P33	30705.3	0.859638	98837.9	0	0
Na23	21409.2	1.11997	99673.3	320.199	318.902
neutron	939.565	9.47645	98827.7	0	0
proton	938.272	2.82396	98827.7	0	0
proton	938.272	2.55614	98827.7	0	0
Si32	29776.6	0.482387	98827.7	0	0
neutron	939.565	6.74098	98811.5	0	0
neutron	939.565	0.362347	98811.5	0	0
S35	32565.3	0.140042	98811.5	0	0
neutron	939.565	0.472293	98893.4	0	0
S34	31632.7	0.192198	98893.4	0	0
neutron	939.565	37.0947	98926	0	0
proton	938.272	9.39105	98926	0	0
proton	938.272	3.41404	98926	0	0
neutron	939.565	1.05693	98926	0	0
Si31	28846.2	1.51514	98926	0	0
S37	34430.2	0.131717	98824.9	0	0
neutron	939.565	0.273708	98876.5	0	0
S36	33495	0.169084	98876.5	0	0
Ne23	21414.1	0.216767	98820.1	0	0
neutron	939.565	26.3873	98861.5	0	0
neutron	939.565	24.9221	98861.5	0	0
neutron	939.565	5.0298	98861.5	0	0
Ne20	18617.7	2.44534	98861.5	0	0
neutron	939.565	0.19971	98800.1	0	0
S34	31632.7	0.141054	98800.1	0	0
neutron	939.565	0.712941	98837.5	0	0
Ne22	20479.7	0.197542	98837.5	0	0
neutron	939.565	0.648425	98871.6	0	0
S34	31632.7	0.190121	98871.6	0	0
S35	32565.3	0.149479	98894.4	0	0
neutron	939.565	0.418493	98842.2	0	0
S34	31632.7	0.230184	98842.2	0	0
neutron	939.565	0.636532	98877.7	0	0
Ne22	20479.7	0.390545	98877.7	0	0
neutron	939.565	1.70947	98854.2	0	0
neutron	939.565	0.484678	98854.2	0	0
Ne21	19550.5	0.2821	98854.2	0	0
Ne23	21414.1	0.21752	98844.6	0	0
neutron	939.565	1.1949	98915.9	0	0
S34	31632.7	0.0440951	98915.9	0	0
neutron	939.565	1.16133	98912.6	0	0
S34	31632.7	0.0949905	98912.6	0	0
neutron	939.565	56.4023	98824.7	0	0
neutron	939.565	4.97193	98824.7	0	0
neutron	939.565	0.693774	98824.7	0	0
Ne20	18617.7	1.07346	98824.7	0	0
neutron	939.565	5.10838	98870.8	0	0
neutron	939.565	2.49757	98870.8	0	0
neutron	939.565	1.234	98870.8	0	0
S32	29773.6	0.211573	98870.8	0	0
Ne23	21414.1	0.223993	98949	0	0
neutron	939.565	14.8301	98798.4	0	0
proton	938.272	13.3386	98798.4	0	0
neutron	939.565	12.9525	98798.4	0	0
proton	938.272	6.70113	98798.4	0	0
Si31	28846.2	0.592587	98798.4	0	0
Ne23	21414.1	0.229559	98849.1	0	0
neutron	939.565	1.2962	98861.3	0	0
Ne22	20479.7	0.106567	98861.3	0	0
neutron	939.565	1.19902	98807.8	0	0
S34	31632.7	0.310117	98807.8	0	0
neutron	939.565	0.641532	98857.3	0	0
S34	31632.7	0.255303	98857.3	0	0
Ne23	21414.1	0.221238	98921.3	0	0
Cl35	32564.6	0.0841331	98985.2	71.995	71.5639
neutron	939.565	11.1136	98912.6	0	0
proton	938.272	4.56476	98912.6	0	0
neutron	939.565	0.341074	98912.6	0	0
P34	31638.6	0.446303	98912.6	0	0
neutron	939.565	10.5904	98841.4	0	0
neutron	939.565	3.7265	98841.4	0	0
neutron	939.565	1.38972	98841.4	0	0
Ne20	18617.7	2.09592	98841.4	0	0
neutron	939.565	0.779687	98801.3	0	0
S34	31632.7	0.153067	98801.3	0	0
Ne23	21414.1	0.2262	98861.9	0	0
S35	32565.3	0.164501	98863.3	0	0
neutron	939.565	1.57223	98850.9	0	0
S34	31632.7	0.287619	98850.9	0	0
neutron	939.565	12.9917	98880.3	0	0
neutron	939.565	10.3106	98880.3	0	0
neutron	939.565	5.97353	98880.3	0	0
alpha	3727.38	4.56534	98880.3	0	0
O16	14895.1	0.859841	98880.3	0	0
neutron	939.565	1.10065	98874.2	0	0
Ne22	20479.7	0.0763856	98874.2	0	0
neutron	939.565	5.02474	98813.5	0	0
neutron	939.565	3.91393	98813.5	0	0
neutron	939.565	3.31291	98813.5	0	0
neutron	939.565	0.527321	98813.5	0	0
S33	30704.6	0.456133	98813.5	0	0
neutron	939.565	18.0327	98821.9	0	0
neutron	939.565	4.62798	98821.9	0	0
neutron	939.565	3.89312	98821.9	0	0
Ne20	18617.7	0.612104	98821.9	0	0
Cl37	34424.8	0.26747	98910.7	47.2307	46.7807
Ne23	21414.1	0.211946	98894.9	0	0
neutron	939.565	2.35939	98830.9	0	0
neutron	939.565	0.417375	98830.9	0	0
Ne21	19550.5	0.127773	98830.9	0	0
neutron	939.565	3.67521	98827.8	0	0
S34	31632.7	0.286057	98827.8	0	0
neutron	939.565	0.317041	98854.2	0	0
S34	31632.7	0.149281	98854.2	0	0
Ne23	21414.1	0.223968	98857.3	0	0
Ne23	21414.1	0.221282	98858.3	0	0
neutron	939.565	2.3835	98855.7	0	0
neutron	939.565	0.772859	98855.7	0	0
Ne21	19550.5	0.510904	98855.7	0	0
neutron	939.565	20.4302	98887.8	0	0
neutron	939.565	5.47685	98887.8	0	0
neutron	939.565	3.71319	98887.8	0	0
neutron	939.565	0.461438	98887.8	0	0
S33	30704.6	1.39525	98887.8	0	0
neutron	939.565	2.38651	98885.2	0	0
S34	31632.7	0.16513	98885.2	0	0
proton	938.272	18.255	98854.8	0	0
neutron	939.565	6.9891	98854.8	0	0
neutron	939.565	1.63095	98854.8	0	0
neutron	939.565	1.36946	98854.8	0	0
alpha	3727.38	4.67482	98854.8	0	0
N15	13968.9	1.01316	98854.8	0	0
S35	32565.3	0.16529	98853.8	0	0
neutron	939.565	0.595486	98856.4	0	0
Ne22	20479.7	0.360202	98856.4	0	0
neutron	939.565	6.79513	98834.9	0	0
neutron	939.565	1.60103	98834.9	0	0
Ne21	19550.5	0.691142	98834.9	0	0
Cl35	32564.6	0.0747405	98853	35.6599	35.5824
neutron	939.565	0.674389	98837.8	0	0
Ne22	20479.7	0.168769	98837.8	0	0
neutron	939.565	27.7398	98811.5	0	0
neutron	939.565	12.0052	98811.5	0	0
neutron	939.565	1.40056	98811.5	0	0
alpha	3727.38	8.84862	98811.5	0	0
O16	14895.1	1.06641	98811.5	0	0
neutron	939.565	0.430451	98858.8	0	0
Ne22	20479.7	0.210634	98858.8	0	0
neutron	939.565	1.13671	98809.5	0	0
neutron	939.565	0.963459	98809.5	0	0
neutron	939.565	0.560648	98809.5	0	0
S32	29773.6	0.259484	98809.5	0	0
Na23	21409.2	0.118476	98908.8	21.1848	21.0589
neutron	939.565	1.2062	98906.6	0	0
S34	31632.7	0.245234	98906.6	0	0
neutron	939.565	1.25221	98853.6	0	0
Ne22	20479.7	0.189244	98853.6	0	0
neutron	939.565	0.0959312	98847.5	0	0
S36	33495	0.143598	98847.5	0	0
neutron	939.565	17.0733	98829	0	0
proton	938.272	7.14754	98829	0	0
P33	30705.3	0.344014	98829	0	0
Cl35	32564.6	0.120354	99524.8	270.764	270.57
neutron	939.565	3.66232	98903.4	0	0
neutron	939.565	3.5113	98903.4	0	0
neutron	939.565	0.904828	98903.4	0	0
alpha	3727.38	5.02063	98903.4	0	0
O16	14895.1	1.79099	98903.4	0	0
neutron	939.565	5.59069	98799.7	0	0
neutron	939.565	4.50704	98799.7	0	0
neutron	939.565	0.288736	98799.7	0	0
Ne20	18617.7	0.092133	98799.7	0	0
neutron	939.565	5.62582	98804.6	0	0
neutron	939.565	4.814	98804.6	0	0
neutron	939.565	3.34993	98804.6	0	0
Ne20	18617.7	1.04895	98804.6	0	0
neutron	939.565	3.0242	98884.2	0	0
neutron	939.565	0.10827	98884.2	0	0
deuteron	1875.61	43.6813	98884.2	0	0
P31	28844.2	2.90584	98884.2	0	0
neutron	939.565	9.18704	98850.1	0	0
neutron	939.565	0.194402	98850.1	0	0
Ne21	19550.5	0.381482	98850.1	0	0
proton	938.272	10.954	98857.7	0	0
neutron	939.565	9.51844	98857.7	0	0
neutron	939.565	2.33184	98857.7	0	0
neutron	939.565	0.709309	98857.7	0	0
alpha	3727.38	1.43923	98857.7	0	0
N15	13968.9	5.99597	98857.7	0	0
neutron	939.565	24.6116	98869.4	0	0
alpha	3727.38	7.26253	98869.4	0	0
O18	16762	0.102587	98869.4	0	0
neutron	939.565	6.6142	98832.7	0	0
neutron	939.565	4.48443	98832.7	0	0
neutron	939.565	2.80339	98832.7	0	0
neutron	939.565	1.10936	98832.7	0	0
S33	30704.6	0.280278	98832.7	0	0
neutron	939.565	1.42486	98795.1	0	0
S34	31632.7	0.158284	98795.1	0	0
Ne23	21414.1	0.211561	98837.9	0	0
neutron	939.565	5.41617	98875.8	0	0
neutron	939.565	0.789471	98875.8	0	0
neutron	939.565	0.287229	98875.8	0	0
Ne20	18617.7	0.223129	98875.8	0	0
Ne23	21414.1	0.221826	98867.8	0	0
neutron	939.565	0.793112	98895	0	0
neutron	939.565	0.778421	98895	0	0
S33	30704.6	0.297135	98895	0	0
neutron	939.565	33.2981	98832	0	0
proton	938.272	18.206	98832	0	0
neutron	939.565	1.67518	98832	0	0
P32	29775.8	0.809426	98832	0	0
Ne23	21414.1	0.235484	98901.4	0	0
Ne23	21414.1	0.223153	98890.3	0	0
neutron	939.565	3.0329	98892.3	0	0
S34	31632.7	0.27587	98892.3	0	0
neutron	939.565	16.0764	98841.5	0	0
neutron	939.565	6.38001	98841.5	0	0
neutron	939.565	4.67864	98841.5	0	0
Ne20	18617.7	0.10833	98841.5	0	0
proton	938.272	11.4973	98851.2	0	0
neutron	939.565	5.51045	98851.2	0	0
proton	938.272	4.94389	98851.2	0	0
neutron	939.565	4.89455	98851.2	0	0
alpha	3727.38	11.1234	98851.2	0	0
Mg27	25129.6	0.574082	98851.2	0	0
neutron	939.565	4.08453	98832.5	0	0
neutron	939.565	1.35699	98832.5	0	0
He3	2808.39	7.39498	98832.5	0	0
Si30	27913.2	1.04866	98832.5	0	0
neutron	939.565	1.71625	98810.7	0	0
Ne22	20479.7	0.398939	98810.7	0	0
neutron	939.565	5.41817	98871.2	0	0
proton	938.272	5.1388	98871.2	0	0
neutron	939.565	1.38066	98871.2	0	0
alpha	3727.38	9.15128	98871.2	0	0
Al28	26058.3	3.99961	98871.2	0	0
neutron	939.565	3.37936	98853.2	0	0
Ne22	20479.7	0.195246	98853.2	0	0
Ne23	21414.1	0.23202	98841.2	0	0
Ne23	21414.1	0.235445	98872.4	0	0
neutron	939.565	7.79972	98905.9	0	0
proton	938.272	4.72218	98905.9	0	0
neutron	939.565	1.36509	98905.9	0	0
P32	29775.8	0.283305	98905.9	0	0
neutron	939.565	0.087458	98827.5	0	0
Ne22	20479.7	0.263032	98827.5	0	0
Na23	21409.2	0.182573	99616	300.173	299.971
neutron	939.565	6.76493	98823.9	0	0
proton	938.272	3.25257	98823.9	0	0
neutron	939.565	2.95137	98823.9	0	0
neutron	939.565	1.06538	98823.9	0	0
P31	28844.2	0.0488061	98823.9	0	0
neutron	939.565	20.8696	98835.1	0	0
neutron	939.565	4.51433	98835.1	0	0
neutron	939.565	3.65216	98835.1	0	0
Ne20	18617.7	1.00314	98835.1	0	0
Ne23	21414.1	0.218643	98885.4	0	0
Na23	21409.2	1.05016	99816.8	366.577	365.516
neutron	939.565	2.1028	99011.4	0	0
neutron	939.565	2.09335	99011.4	0	0
Ne21	19550.5	0.213587	99011.4	0	0
Cl35	32564.6	0.0706267	99554.7	292.667	292.094
neutron	939.565	1.51001	98838.1	0	0
S34	31632.7	0.239689	98838.1	0	0
neutron	939.565	1.88154	98848.1	0	0
S34	31632.7	0.145796	98848.1	0	0
Na23	21409.2	0.309124	98886	29.0783	28.6958
neutron	939.565	12.9348	98873.6	0	0
neutron	939.565	1.47217	98873.6	0	0
neutron	939.565	0.46489	98873.6	0	0
alpha	3727.38	7.26293	98873.6	0	0
O16	14895.1	0.838657	98873.6	0	0
neutron	939.565	47.1005	98878.6	0	0
neutron	939.565	9.06469	98878.6	0	0
neutron	939.565	0.433021	98878.6	0	0
Ne20	18617.7	3.40045	98878.6	0	0
neutron	939.565	0.180738	98827.4	0	0
Ne22	20479.7	0.183833	98827.4	0	0
Ne23	21414.1	0.226959	98909.7	0	0
Ne23	21414.1	0.232568	98878.1	0	0
neutron	939.565	1.32254	98910.9	0	0
Ne22	20479.7	0.291252	98910.9	0	0
neutron	939.565	6.89428	98838.8	0	0
neutron	939.565	5.0529	98838.8	0	0
neutron	939.565	3.27497	98838.8	0	0
alpha	3727.38	6.94678	98838.8	0	0
O16	14895.1	1.21972	98838.8	0	0
neutron	939.565	0.357198	98854.4	0	0
S34	31632.7	0.0883642	98854.4	0	0
Ne23	21414.1	0.218047	98845.9	0	0
Na23	21409.2	0.23771	99946.7	426.772	426.312
neutron	939.565	9.07351	98855.3	0	0
proton	938.272	4.33153	98855.3	0	0
neutron	939.565	3.39329	98855.3	0	0
neutron	939.565	0.986	98855.3	0	0
neutron	939.565	0.497747	98855.3	0	0
neutron	939.565	0.189996	98855.3	0	0
deuteron	1875.61	4.72572	98855.3	0	0
Si29	26984.3	0.763517	98855.3	0	0
neutron	939.565	15.4312	98815.1	0	0
proton	938.272	3.4308	98815.1	0	0
neutron	939.565	0.825674	98815.1	0	0
P32	29775.8	0.628167	98815.1	0	0
Ne23	21414.1	0.223202	98875.4	0	0
neutron	939.565	0.573114	98826.1	0	0
Ne22	20479.7	0.180749	98826.1	0	0
Ne23	21414.1	0.227863	98840.4	0	0
neutron	939.565	0.305632	98857.5	0	0
S34	31632.7	0.147109	98857.5	0	0
neutron	939.565	20.2422	98817.7	0	0
neutron	939.565	7.17361	98817.7	0	0
neutron	939.565	3.76767	98817.7	0	0
S32	29773.6	0.856683	98817.7	0	0
Ne23	21414.1	0.229222	98872.3	0	0
neutron	939.565	0.536164	98897.9	0	0
S34	31632.7	0.135446	98897.9	0	0
proton	938.272	11.4479	98865.6	0	0
proton	938.272	3.04532	98865.6	0	0
neutron	939.565	2.16505	98865.6	0	0
neutron	939.565	2.03417	98865.6	0	0
neutron	939.565	1.96311	98865.6	0	0
neutron	939.565	1.91346	98865.6	0	0
neutron	939.565	1.62409	98865.6	0	0
O16	14895.1	3.13925	98865.6	0	0
Na23	21409.2	0.314432	98954.6	33.2853	32.8094
neutron	939.565	0.344967	98941.7	0	0
S34	31632.7	0.130292	98941.7	0	0
neutron	939.565	1.13691	98827.5	0	0
S36	33495	0.288907	98827.5	0	0
neutron	939.565	4.92131	98861.2	0	0
neutron	939.565	2.3121	98861.2	0	0
neutron	939.565	0.853415	98861.2	0	0
alpha	3727.38	9.2185	98861.2	0	0
Si28	26053.2	2.29207	98861.2	0	0
neutron	939.565	1.70712	98834.9	0	0
S36	33495	0.0624226	98834.9	0	0
neutron	939.565	12.0912	98888.9	0	0
proton	938.272	7.61685	98888.9	0	0
neutron	939.565	0.865199	98888.9	0	0
P32	29775.8	0.686914	98888.9	0	0
neutron	939.565	11.1161	98829.8	0	0
proton	938.272	3.26359	98829.8	0	0
proton	938.272	2.54295	98829.8	0	0
Si32	29776.6	0.106898	98829.8	0	0
neutron	939.565	1.43153	98868.8	0	0
Ne22	20479.7	0.253804	98868.8	0	0
Cl35	32564.6	0.110758	99946.6	423.306	423.075
neutron	939.565	8.28407	98807.2	0	0
proton	938.272	4.56052	98807.2	0	0
neutron	939.565	0.930288	98807.2	0	0
F20	18625.3	0.399248	98807.2	0	0
neutron	939.565	1.02824	98890.2	0	0
Ne22	20479.7	0.274051	98890.2	0	0
neutron	939.565	0.520532	98821.8	0	0
S34	31632.7	0.103084	98821.8	0	0
neutron	939.565	0.240158	98854.9	0	0
S34	31632.7	0.103021	98854.9	0	0
neutron	939.565	2.61898	98836.1	0	0
S34	31632.7	0.0792122	98836.1	0	0
proton	938.272	23.1566	98837.3	0	0
P34	31638.6	1.00564	98837.3	0	0
neutron	939.565	0.947416	98860	0	0
Ne22	20479.7	0.286441	98860	0	0
neutron	939.565	3.7811	98840.7	0	0
neutron	939.565	1.96927	98840.7	0	0
neutron	939.565	1.15187	98840.7	0	0
Ne20	18617.7	0.598469	98840.7	0	0
S35	32565.3	0.141992	98822.1	0	0
Na23	21409.2	0.23225	99009.8	86.3634	86.1032
S37	34430.2	0.139672	98827.7	0	0
neutron	939.565	4.60632	98843.1	0	0
neutron	939.565	3.58761	98843.1	0	0
neutron	939.565	1.45283	98843.1	0	0
Ne20	18617.7	1.55866	98843.1	0	0
neutron	939.565	2.34693	98808.1	0	0
Ne22	20479.7	0.340831	98808.1	0	0
neutron	939.565	43.3884	98839.3	0	0
proton	938.272	22.1692	98839.3	0	0
neutron	939.565	0.201308	98839.3	0	0
P34	31638.6	0.466975	98839.3	0	0
neutron	939.565	1.14605	98873.4	0	0
Ne22	20479.7	0.289324	98873.4	0	0
neutron	939.565	1.38119	98828.7	0	0
S34	31632.7	0.0969902	98828.7	0	0
Ne23	21414.1	0.231757	98921.3	0	0
neutron	939.565	3.49539	98885.5	0	0
Ne22	20479.7	0.108641	98885.5	0	0
neutron	939.565	0.201014	98805.4	0	0
S34	31632.7	0.109231	98805.4	0	0
neutron	939.565	0.838156	98879.5	0	0
Ne22	20479.7	0.379857	98879.5	0	0
neutron	939.565	0.442586	98862.5	0	0
S36	33495	0.226115	98862.5	0	0
neutron	939.565	0.803791	98873.1	0	0
S34	31632.7	0.102508	98873.1	0	0
Ne23	21414.1	0.209618	98816.5	0	0
Ne23	21414.1	0.221744	98803.7	0	0
Cl37	34424.8	0.384561	99557.9	290.7	289.976
neutron	939.565	5.68606	98990.8	0	0
neutron	939.565	5.46507	98990.8	0	0
neutron	939.565	0.594216	98990.8	0	0
Ne20	18617.7	1.04777	98990.8	0	0
neutron	939.565	9.20771	98887.7	0	0
S36	33495	0.0827772	98887.7	0	0
neutron	939.565	0.550381	98848.5	0	0
Ne22	20479.7	0.374322	98848.5	0	0
S37	34430.2	0.139658	98852.3	0	0
neutron	939.565	1.34255	98918.7	0	0
S36	33495	0.042749	98918.7	0	0
neutron	939.565	1.48446	98798.2	0	0
Ne22	20479.7	0.482557	98798.2	0	0
Ne23	21414.1	0.206219	98917.9	0	0
neutron	939.565	1.64123	98875.9	0	0
neutron	939.565	1.05599	98875.9	0	0
alpha	3727.38	6.88179	98875.9	0	0
Si29	26984.3	0.779074	98875.9	0	0
Cl35	32564.6	0.0731802	99234.5	172.995	172.852
neutron	939.565	13.8692	98918.2	0	0
proton	938.272	10.0466	98918.2	0	0
neutron	939.565	3.15225	98918.2	0	0
neutron	939.565	0.567016	98918.2	0	0
F19	17692.3	0.969127	98918.2	0	0
neutron	939.565	18.4246	98837.3	0	0
neutron	939.565	1.2159	98837.3	0	0
Ne21	19550.5	0.663218	98837.3	0	0
Ne23	21414.1	0.228725	98867.9	0	0
neutron	939.565	8.33056	98845.7	0	0
proton	938.272	6.25064	98845.7	0	0
neutron	939.565	3.91392	98845.7	0	0
neutron	939.565	1.51316	98845.7	0	0
P31	28844.2	0.14358	98845.7	0	0
proton	938.272	13.3572	98870.7	0	0
neutron	939.565	4.91968	98870.7	0	0
neutron	939.565	1.86855	98870.7	0	0
P32	29775.8	0.886171	98870.7	0	0
S35	32565.3	0.154232	98880.1	0	0
neutron	939.565	10.1165	98800.3	0	0
neutron	939.565	0.846131	98800.3	0	0
neutron	939.565	0.601568	98800.3	0	0
S32	29773.6	0.555596	98800.3	0	0
Na23	21409.2	0.114314	99318	215.313	215.068
neutron	939.565	3.67038	98867.4	0	0
neutron	939.565	2.22866	98867.4	0	0
neutron	939.565	0.762626	98867.4	0	0
S32	29773.6	0.742326	98867.4	0	0
neutron	939.565	2.8413	98836.2	0	0
neutron	939.565	2.2238	98836.2	0	0
neutron	939.565	0.561112	98836.2	0	0
Ne20	18617.7	0.265345	98836.2	0	0
neutron	939.565	1.92005	98864.9	0	0
S34	31632.7	0.267681	98864.9	0	0
Ne23	21414.1	0.21828	98834.5	0	0
neutron	939.565	2.52007	98912.4	0	0
neutron	939.565	2.03708	98912.4	0	0
neutron	939.565	1.03262	98912.4	0	0
alpha	3727.38	19.3825	98912.4	0	0
Si28	26053.2	3.8067	98912.4	0	0
neutron	939.565	7.68224	98864.8	0	0
neutron	939.565	2.25895	98864.8	0	0
neutron	939.565	2.25159	98864.8	0	0
alpha	3727.38	3.59412	98864.8	0	0
O16	14895.1	4.73765	98864.8	0	0
neutron	939.565	1.66568	98887.6	0	0
neutron	939.565	0.402742	98887.6	0	0
Ne21	19550.5	0.418077	98887.6	0	0
neutron	939.565	1.06402	98863.1	0	0
S36	33495	0.215704	98863.1	0	0
Ne23	21414.1	0.219743	98857.8	0	0
S35	32565.3	0.141634	98825.3	0	0
neutron	939.565	28.184	98825.8	0	0
proton	938.272	7.2802	98825.8	0	0
proton	938.272	5.40248	98825.8	0	0
neutron	939.565	2.43909	98825.8	0	0
Si31	28846.2	2.14905	98825.8	0	0
neutron	939.565	0.936576	98836.8	0	0
S34	31632.7	0.0910158	98836.8	0	0
S35	32565.3	0.158803	98817.9	0	0
proton	938.272	39.8013	98888.9	0	0
neutron	939.565	7.45047	98888.9	0	0
P33	30705.3	1.99475	98888.9	0	0
neutron	939.565	0.499896	98811.1	0	0
S34	31632.7	0.227608	98811.1	0	0
neutron	939.565	0.208588	98827.5	0	0
S34	31632.7	0.166939	98827.5	0	0
neutron	939.565	0.254225	98865.1	0	0
S34	31632.7	0.163784	98865.1	0	0
proton	938.272	7.98245	98815.2	0	0
neutron	939.565	6.70556	98815.2	0	0
neutron	939.565	5.97265	98815.2	0	0
neutron	939.565	4.13024	98815.2	0	0
proton	938.272	3.26825	98815.2	0	0
neutron	939.565	2.75657	98815.2	0	0
Si29	26984.3	0.150862	98815.2	0	0
neutron	939.565	2.95055	98835.4	0	0
neutron	939.565	0.815602	98835.4	0	0
alpha	3727.38	7.4654	98835.4	0	0
Si29	26984.3	0.601435	98835.4	0	0
neutron	939.565	3.79821	98832.2	0	0
S34	31632.7	0.0926718	98832.2	0	0
S35	32565.3	0.160284	98864.9	0	0
neutron	939.565	9.72787	98902.2	0	0
neutron	939.565	4.64104	98902.2	0	0
neutron	939.565	3.44606	98902.2	0	0
proton	938.272	3.04848	98902.2	0	0
proton	938.272	3.04606	98902.2	0	0
Si30	27913.2	0.377626	98902.2	0	0
neutron	939.565	7.72883	98905.9	0	0
neutron	939.565	2.44452	98905.9	0	0
Ne21	19550.5	0.0321656	98905.9	0	0
proton	938.272	7.2478	98840.5	0	0
neutron	939.565	6.39116	98840.5	0	0
neutron	939.565	2.36387	98840.5	0	0
P34	31638.6	0.080657	98840.5	0	0
Ne23	21414.1	0.215446	98877.8	0	0
neutron	939.565	5.83747	98838.9	0	0
neutron	939.565	3.85536	98838.9	0	0
neutron	939.565	2.38062	98838.9	0	0
Ne20	18617.7	0.438018	98838.9	0	0
proton	938.272	32.247	98851.9	0	0
neutron	939.565	3.42722	98851.9	0	0
neutron	939.565	2.41205	98851.9	0	0
F20	18625.3	2.73644	98851.9	0	0
Na23	21409.2	0.209489	99625.1	315.548	314.401
neutron	939.565	1.9193	98890.1	0	0
S36	33495	0.0376791	98890.1	0	0
Na23	21409.2	0.231186	99866.1	392.877	392.61
S35	32565.3	0.145308	98887.5	0	0
Ne23	21414.1	0.224231	98949.8	0	0
neutron	939.565	2.00103	98817.9	0	0
S36	33495	0.185278	98817.9	0	0
neutron	939.565	12.447	98839.3	0	0
neutron	939.565	5.3831	98839.3	0	0
neutron	939.565	0.273593	98839.3	0	0
Ne20	18617.7	0.459661	98839.3	0	0
neutron	939.565	29.4117	98777.8	0	0
neutron	939.565	2.58198	98777.8	0	0
neutron	939.565	0.636039	98777.8	0	0
Ne20	18617.7	0.553262	98777.8	0	0
neutron	939.565	0.686612	98895.1	0	0
S34	31632.7	0.193471	98895.1	0	0
neutron	939.565	0.960255	98858.7	0	0
Ne22	20479.7	0.201368	98858.7	0	0
neutron	939.565	0.434952	98897.1	0	0
S34	31632.7	0.242265	98897.1	0	0
proton	938.272	5.24834	98854.4	0	0
neutron	939.565	4.19006	98854.4	0	0
proton	938.272	2.30937	98854.4	0	0
neutron	939.565	1.70171	98854.4	0	0
neutron	939.565	1.05589	98854.4	0	0
Si30	27913.2	0.612411	98854.4	0	0
S35	32565.3	0.143938	98851.5	0	0
neutron	939.565	6.37351	98810.6	0	0
deuteron	1875.61	19.6754	98810.6	0	0
deuteron	1875.61	5.10081	98810.6	0	0
O18	16762	2.96578	98810.6	0	0
Ne23	21414.1	0.210012	98900.5	0	0
Cl35	32564.6	0.0882018	98818.7	6.74611	6.63875
neutron	939.565	4.25619	98792.3	0	0
neutron	939.565	2.82176	98792.3	0	0
alpha	3727.38	6.34227	98792.3	0	0
Si29	26984.3	0.513166	98792.3	0	0
Ne23	21414.1	0.233743	98910.9	0	0
neutron	939.565	7.82806	98883.5	0	0
triton	2808.92	5.23374	98883.5	0	0
F19	17692.3	2.6969	98883.5	0	0
neutron	939.565	2.45678	98872.5	0	0
S34	31632.7	0.325873	98872.5	0	0
neutron	939.565	3.12415	98839	0	0
neutron	939.565	1.76775	98839	0	0
neutron	939.565	1.65084	98839	0	0
alpha	3727.38	3.14971	98839	0	0
O16	14895.1	3.21942	98839	0	0
neutron	939.565	0.264948	98844.7	0	0
S34	31632.7	0.175892	98844.7	0	0
neutron	939.565	0.295489	98883.8	0	0
Ne22	20479.7	0.151792	98883.8	0	0
neutron	939.565	1.00557	98857	0	0
S34	31632.7	0.122356	98857	0	0
S35	32565.3	0.150852	98857.2	0	0
neutron	939.565	1.97188	98821.2	0	0
neutron	939.565	0.814202	98821.2	0	0
S35	32565.3	0.173743	98821.2	0	0
neutron	939.565	23.163	98876	0	0
neutron	939.565	5.48761	98876	0	0
neutron	939.565	5.22889	98876	0	0
Ne20	18617.7	1.58822	98876	0	0
neutron	939.565	2.06663	98795.8	0	0
Ne22	20479.7	0.0606007	98795.8	0	0
neutron	939.565	1.19557	98862.9	0	0
S34	31632.7	0.0595358	98862.9	0	0
neutron	939.565	8.53311	98914	0	0
neutron	939.565	4.51049	98914	0	0
S33	30704.6	0.660478	98914	0	0
neutron	939.565	12.0929	98858.4	0	0
neutron	939.565	9.32962	98858.4	0	0
neutron	939.565	1.01174	98858.4	0	0
alpha	3727.38	4.22114	98858.4	0	0
alpha	3727.38	0.832661	98858.4	0	0
C12	11174.9	8.1833	98858.4	0	0
neutron	939.565	1.21375	98815.8	0	0
S34	31632.7	0.176395	98815.8	0	0
Ne23	21414.1	0.223036	98862.8	0	0
proton	938.272	6.56107	98872.3	0	0
neutron	939.565	4.28553	98872.3	0	0
proton	938.272	3.91474	98872.3	0	0
neutron	939.565	2.80762	98872.3	0	0
neutron	939.565	0.897076	98872.3	0	0
neutron	939.565	0.702683	98872.3	0	0
Si29	26984.3	1.24381	98872.3	0	0
Ne23	21414.1	0.21287	98800.9	0	0
proton	938.272	17.4347	98885.7	0	0
neutron	939.565	6.30529	98885.7	0	0
neutron	939.565	2.09868	98885.7	0	0
F20	18625.3	1.68128	98885.7	0	0
neutron	939.565	21.7897	98844.8	0	0
neutron	939.565	9.25713	98844.8	0	0
neutron	939.565	4.10882	98844.8	0	0
proton	938.272	2.96085	98844.8	0	0
P31	28844.2	1.00986	98844.8	0	0
neutron	939.565	1.29216	98862.4	0	0
Ne22	20479.7	0.204892	98862.4	0	0
neutron	939.565	0.129109	98833.4	0	0
S34	31632.7	0.125259	98833.4	0	0
neutron	939.565	6.45891	98822.1	0	0
neutron	939.565	5.62632	98822.1	0	0
neutron	939.565	4.55403	98822.1	0	0
S32	29773.6	0.303925	98822.1	0	0
S37	34430.2	0.142199	98827.8	0	0
S35	32565.3	0.146739	98833.7	0	0
neutron	939.565	5.44436	98859.6	0	0
neutron	939.565	3.88407	98859.6	0	0
neutron	939.565	3.58198	98859.6	0	0
S32	29773.6	0.250823	98859.6	0	0
neutron	939.565	0.763877	98821.7	0	0
Ne22	20479.7	0.362891	98821.7	0	0
neutron	939.565	4.07749	98852.4	0	0
Ne22	20479.7	0.0546274	98852.4	0	0
Ne23	21414.1	0.230094	98883.7	0	0
neutron	939.565	6.96527	98837.8	0	0
neutron	939.565	6.89698	98837.8	0	0
neutron	939.565	3.63071	98837.8	0	0
alpha	3727.38	9.86097	98837.8	0	0
alpha	3727.38	10.9029	98837.8	0	0
C12	11174.9	1.99389	98837.8	0	0
S35	32565.3	0.167182	98849.7	0	0
neutron	939.565	1.28813	98845.8	0	0
S34	31632.7	0.291761	98845.8	0	0
neutron	939.565	0.686219	98816.5	0	0
S36	33495	0.180867	98816.5	0	0
neutron	939.565	13.9254	98888.9	0	0
neutron	939.565	9.58605	98888.9	0	0
neutron	939.565	0.330858	98888.9	0	0
alpha	3727.38	14.2746	98888.9	0	0
Si30	27913.2	4.91858	98888.9	0	0
neutron	939.565	1.90018	98916.5	0	0
S34	31632.7	0.226435	98916.5	0	0
neutron	939.565	5.09091	98865	0	0
Ne22	20479.7	0.102352	98865	0	0
neutron	939.565	2.88803	98869	0	0
neutron	939.565	1.31644	98869	0	0
S33	30704.6	0.243389	98869	0	0
neutron	939.565	0.397493	98822.4	0	0
Ne22	20479.7	0.320228	98822.4	0	0
Cl35	32564.6	0.0683503	99186.4	143.361	143.282
Ne23	21414.1	0.222031	98859	0	0
neutron	939.565	7.34111	98839.5	0	0
neutron	939.565	3.26061	98839.5	0	0
Ne21	19550.5	0.438633	98839.5	0	0
neutron	939.565	30.9601	98853.6	0	0
neutron	939.565	7.95091	98853.6	0	0
neutron	939.565	1.43022	98853.6	0	0
Ne20	18617.7	0.73091	98853.6	0	0
neutron	939.565	0.544268	98866.9	0	0
Ne22	20479.7	0.281971	98866.9	0	0
neutron	939.565	11.4407	98823	0	0
neutron	939.565	4.7788	98823	0	0
neutron	939.565	1.4978	98823	0	0
neutron	939.565	1.44114	98823	0	0
S33	30704.6	0.18634	98823	0	0
Ne23	21414.1	0.232	98833.4	0	0
neutron	939.565	5.55671	98841.6	0	0
neutron	939.565	4.2558	98841.6	0	0
neutron	939.565	3.09105	98841.6	0	0
alpha	3727.38	10.2253	98841.6	0	0
alpha	3727.38	3.17	98841.6	0	0
C12	11174.9	6.78802	98841.6	0	0
Ne23	21414.1	0.218153	98853.5	0	0
neutron	939.565	0.259268	98865.9	0	0
S34	31632.7	0.145465	98865.9	0	0
S35	32565.3	0.139558	98816.8	0	0
Ne23	21414.1	0.222291	98909.2	0	0
Cl37	34424.8	0.0785331	99165	131.286	130.29
neutron	939.565	0.816727	98942.9	0	0
S34	31632.7	0.262439	98942.9	0	0
neutron	939.565	9.17451	98845.2	0	0
neutron	939.565	6.33247	98845.2	0	0
neutron	939.565	2.01087	98845.2	0	0
Ne20	18617.7	0.629511	98845.2	0	0
Ne23	21414.1	0.228618	98827.8	0	0
neutron	939.565	4.65762	98823.2	0	0
neutron	939.565	1.37748	98823.2	0	0
deuteron	1875.61	8.11048	98823.2	0	0
F19	17692.3	0.198517	98823.2	0	0
Ne23	21414.1	0.228405	98807.3	0	0
neutron	939.565	4.41627	98918.7	0	0
Ne22	20479.7	0.259191	98918.7	0	0
Na23	21409.2	0.126103	99141.6	139.235	138.859
S35	32565.3	0.150743	98837.2	0	0
Cl35	32564.6	0.113705	99710.4	347.16	346.496
neutron	939.565	4.35616	98876.5	0	0
neutron	939.565	1.06845	98876.5	0	0
S33	30704.6	0.471513	98876.5	0	0
Ne23	21414.1	0.2329	98814.4	0	0
neutron	939.565	1.10469	98903	0	0
S34	31632.7	0.0978338	98903	0	0
neutron	939.565	12.2719	98827.9	0	0
neutron	939.565	2.56348	98827.9	0	0
neutron	939.565	0.780288	98827.9	0	0
Ne20	18617.7	0.628447	98827.9	0	0
S35	32565.3	0.145782	98840.6	0	0
neutron	939.565	1.2646	98891.6	0	0
neutron	939.565	0.413538	98891.6	0	0
Ne21	19550.5	0.204663	98891.6	0	0
neutron	939.565	0.267148	98850.7	0	0
Ne22	20479.7	0.19953	98850.7	0	0
neutron	939.565	0.875591	98858.4	0	0
S36	33495	0.2373	98858.4	0	0
Ne23	21414.1	0.223663	98850.3	0	0
Ne23	21414.1	0.22965	98860	0	0
Ne23	21414.1	0.225759	98865.2	0	0
neutron	939.565	12.7982	98854.5	0	0
neutron	939.565	8.13668	98854.5	0	0
neutron	939.565	6.59205	98854.5	0	0
alpha	3727.38	4.97714	98854.5	0	0
O16	14895.1	6.803	98854.5	0	0
neutron	939.565	19.2887	98867	0	0
neutron	939.565	6.66291	98867	0	0
neutron	939.565	0.268566	98867	0	0
alpha	3727.38	8.73136	98867	0	0
O16	14895.1	1.7919	98867	0	0
proton	938.272	29.433	98832.2	0	0
proton	938.272	4.34764	98832.2	0	0
neutron	939.565	3.76363	98832.2	0	0
neutron	939.565	0.265502	98832.2	0	0
Si31	28846.2	1.08141	98832.2	0	0
Ne23	21414.1	0.21334	98834.3	0	0
Cl37	34424.8	0.217263	99581.7	301.394	301.155
neutron	939.565	3.45424	98876	0	0
neutron	939.565	3.06614	98876	0	0
neutron	939.565	2.70008	98876	0	0
S32	29773.6	0.379635	98876	0	0
neutron	939.565	1.44149	98790.1	0	0
neutron	939.565	0.105886	98790.1	0	0
S33	30704.6	0.0258427	98790.1	0	0
neutron	939.565	0.246109	98833	0	0
Ne22	20479.7	0.26264	98833	0	0
neutron	939.565	0.119935	98880	0	0
S36	33495	0.108273	98880	0	0
neutron	939.565	8.33785	98883.8	0	0
neutron	939.565	6.04625	98883.8	0	0
neutron	939.565	3.0892	98883.8	0	0
alpha	3727.38	8.728	98883.8	0	0
O16	14895.1	4.00092	98883.8	0	0
Ne23	21414.1	0.230386	98846.2	0	0
neutron	939.565	5.75662	98852.2	0	0
Ne22	20479.7	0.453987	98852.2	0	0
S35	32565.3	0.166215	98885.1	0	0
Ne23	21414.1	0.206331	98882.3	0	0
neutron	939.565	0.806172	98857.8	0	0
S36	33495	0.194276	98857.8	0	0
neutron	939.565	8.7691	98853.2	0	0
neutron	939.565	8.53444	98853.2	0	0
neutron	939.565	4.00071	98853.2	0	0
alpha	3727.38	9.2754	98853.2	0	0
Si28	26053.2	0.210542	98853.2	0	0
neutron	939.565	0.7541	98837.5	0	0
S36	33495	0.165305	98837.5	0	0
S35	32565.3	0.146592	98853.5	0	0
neutron	939.565	0.953423	98812.5	0	0
S34	31632.7	0.0742465	98812.5	0	0
Cl35	32564.6	0.168339	99176.4	156.451	156.074
S35	32565.3	0.146394	98893.3	0	0
proton	938.272	15.8349	98856.3	0	0
neutron	939.565	1.93386	98856.3	0	0
P35	32569.8	0.446316	98856.3	0	0
S37	34430.2	0.141562	98871.4	0	0
proton	938.272	4.81616	98823.1	0	0
neutron	939.565	2.67261	98823.1	0	0
neutron	939.565	0.678286	98823.1	0	0
P32	29775.8	0.598166	98823.1	0	0
Ne23	21414.1	0.218429	98867.8	0	0
Ne23	21414.1	0.231781	98874.4	0	0
neutron	939.565	3.23863	98927.5	0	0
Ne22	20479.7	0.348678	98927.5	0	0
neutron	939.565	0.602297	98872	0	0
S34	31632.7	0.0922445	98872	0	0
Ne23	21414.1	0.229064	98856.1	0	0
neutron	939.565	1.7253	98927.8	0	0
S34	31632.7	0.213942	98927.8	0	0
S35	32565.3	0.161722	98871.5	0	0
neutron	939.565	45.9546	98891	0	0
neutron	939.565	3.19816	98891	0	0
neutron	939.565	1.13954	98891	0	0
S34	31632.7	1.15076	98891	0	0
neutron	939.565	12.3614	98825.1	0	0
neutron	939.565	3.61506	98825.1	0	0
S33	30704.6	0.227526	98825.1	0	0
neutron	939.565	9.72228	98854.4	0	0
neutron	939.565	6.29365	98854.4	0	0
neutron	939.565	2.11789	98854.4	0	0
alpha	3727.38	5.95876	98854.4	0	0
O16	14895.1	1.55065	98854.4	0	0
S37	34430.2	0.143851	98848.6	0	0
Cl35	32564.6	0.086025	99565.7	293.214	293.067
neutron	939.565	5.54287	98858.3	0	0
neutron	939.565	1.47795	98858.3	0	0
neutron	939.565	0.520344	98858.3	0	0
alpha	3727.38	4.96615	98858.3	0	0
O16	14895.1	0.593568	98858.3	0	0
neutron	939.565	0.578198	98882.5	0	0
S34	31632.7	0.0611476	98882.5	0	0
neutron	939.565	4.06261	98850	0	0
neutron	939.565	2.51599	98850	0	0
neutron	939.565	1.3518	98850	0	0
alpha	3727.38	6.14477	98850	0	0
O16	14895.1	2.8348	98850	0	0
Ne23	21414.1	0.209347	98849.7	0	0
proton	938.272	27.3565	98839.8	0	0
neutron	939.565	0.703465	98839.8	0	0
F21	19556.7	1.4953	98839.8	0	0
S35	32565.3	0.149194	98890.6	0	0
neutron	939.565	0.596192	98831.6	0	0
S34	31632.7	0.198237	98831.6	0	0
neutron	939.565	1.08454	98871.5	0	0
Ne22	20479.7	0.293692	98871.5	0	0
neutron	939.565	2.17333	98875.6	0	0
Ne22	20479.7	0.361795	98875.6	0	0
neutron	939.565	1.85212	98845.1	0	0
Ne22	20479.7	0.140284	98845.1	0	0
neutron	939.565	0.863373	98892.1	0	0
Ne22	20479.7	0.364896	98892.1	0	0
proton	938.272	8.20615	98903.8	0	0
neutron	939.565	4.56784	98903.8	0	0
neutron	939.565	1.46426	98903.8	0	0
neutron	939.565	1.18467	98903.8	0	0
P31	28844.2	0.771785	98903.8	0	0
neutron	939.565	0.568978	98837	0	0
S34	31632.7	0.18931	98837	0	0
proton	938.272	18.1572	98835.5	0	0
proton	938.272	8.88637	98835.5	0	0
neutron	939.565	3.78178	98835.5	0	0
neutron	939.565	2.79013	98835.5	0	0
neutron	939.565	1.07988	98835.5	0	0
Si32	29776.6	0.173006	98835.5	0	0
neutron	939.565	1.51722	98879.6	0	0
S34	31632.7	0.04651	98879.6	0	0
neutron	939.565	6.38203	98832.6	0	0
proton	938.272	4.01515	98832.6	0	0
P33	30705.3	0.609706	98832.6	0	0
Na23	21409.2	0.20539	99691.6	344.672	344.22
neutron	939.565	2.79172	98858.8	0	0
neutron	939.565	1.1664	98858.8	0	0
neutron	939.565	0.749228	98858.8	0	0
Ne20	18617.7	0.286601	98858.8	0	0
neutron	939.565	8.28563	98818.4	0	0
neutron	939.565	7.58289	98818.4	0	0
neutron	939.565	1.76744	98818.4	0	0
S32	29773.6	0.563463	98818.4	0	0
Ne23	21414.1	0.224923	98828.2	0	0
proton	938.272	6.05651	98797.1	0	0
neutron	939.565	1.69785	98797.1	0	0
P33	30705.3	0.287548	98797.1	0	0
Cl35	32564.6	0.0707364	99697.1	336.209	336.008
proton	938.272	28.7183	98893.7	0	0
neutron	939.565	22.216	98893.7	0	0
F21	19556.7	0.220769	98893.7	0	0
Ne23	21414.1	0.229148	98876.3	0	0
S35	32565.3	0.165803	98800.8	0	0
Na23	21409.2	0.538311	99573.6	307.188	306.525
S35	32565.3	0.139038	98877	0	0
neutron	939.565	33.4437	98870.7	0	0
neutron	939.565	23.2941	98870.7	0	0
neutron	939.565	3.44288	98870.7	0	0
S32	29773.6	0.412907	98870.7	0	0
Ne23	21414.1	0.193015	98792	0	0
neutron	939.565	2.02075	98868.9	0	0
S34	31632.7	0.272178	98868.9	0	0
neutron	939.565	26.7358	98861.4	0	0
neutron	939.565	5.25048	98861.4	0	0
neutron	939.565	3.25145	98861.4	0	0
proton	938.272	2.36132	98861.4	0	0
alpha	3727.38	10.7031	98861.4	0	0
N15	13968.9	0.537267	98861.4	0	0
neutron	939.565	0.676571	98847.8	0	0
S34	31632.7	0.227984	98847.8	0	0
neutron	939.565	0.672592	98852.5	0	0
Ne22	20479.7	0.140615	98852.5	0	0
neutron	939.565	17.4845	98812.4	0	0
proton	938.272	4.40845	98812.4	0	0
neutron	939.565	2.89086	98812.4	0	0
neutron	939.565	2.7324	98812.4	0	0
F19	17692.3	0.705581	98812.4	0	0
Ne23	21414.1	0.225729	98816.4	0	0
neutron	939.565	1.88134	98803.4	0	0
Ne22	20479.7	0.51199	98803.4	0	0
neutron	939.565	1.14542	98871.9	0	0
neutron	939.565	0.688471	98871.9	0	0
S33	30704.6	0.202546	98871.9	0	0
S37	34430.2	0.142747	98841.5	0	0
S35	32565.3	0.166022	98868.8	0	0
Ne23	21414.1	0.223197	98828.2	0	0
S35	32565.3	0.151736	98902.2	0	0
neutron	939.565	0.302717	98826.8	0	0
S34	31632.7	0.110621	98826.8	0	0
neutron	939.565	0.855657	98831.3	0	0
Ne22	20479.7	0.173914	98831.3	0	0
Ne23	21414.1	0.217404	98898.9	0	0
S35	32565.3	0.166481	98843.1	0	0
neutron	939.565	0.261378	98843.4	0	0
Ne22	20479.7	0.211364	98843.4	0	0
neutron	939.565	3.53598	98858.4	0	0
Ne22	20479.7	0.569611	98858.4	0	0
neutron	939.565	8.34747	98849.4	0	0
neutron	939.565	8.29563	98849.4	0	0
proton	938.272	4.43498	98849.4	0	0
neutron	939.565	0.699153	98849.4	0	0
P31	28844.2	0.473375	98849.4	0	0
neutron	939.565	1.6166	98844.8	0	0
neutron	939.565	0.193719	98844.8	0	0
S33	30704.6	0.273108	98844.8	0	0
S35	32565.3	0.16325	98852	0	0
neutron	939.565	10.7815	98813	0	0
neutron	939.565	7.06148	98813	0	0
neutron	939.565	5.1486	98813	0	0
alpha	3727.38	4.38083	98813	0	0
O16	14895.1	1.58675	98813	0	0
neutron	939.565	0.944132	98877.4	0	0
S34	31632.7	0.252538	98877.4	0	0
neutron	939.565	13.6773	98820.5	0	0
neutron	939.565	4.26507	98820.5	0	0
neutron	939.565	4.24087	98820.5	0	0
neutron	939.565	3.07893	98820.5	0	0
S33	30704.6	0.0205759	98820.5	0	0
Cl37	34424.8	0.256513	99768.8	349.619	349.104
Ne23	21414.1	0.22987	98846.6	0	0
Ne23	21414.1	0.21251	98831.4	0	0
neutron	939.565	0.860042	98816.5	0	0
S34	31632.7	0.141725	98816.5	0	0
neutron	939.565	0.458437	98804.2	0	0
Ne22	20479.7	0.187182	98804.2	0	0
neutron	939.565	5.95889	98849.6	0	0
neutron	939.565	5.54661	98849.6	0	0
neutron	939.565	3.88682	98849.6	0	0
S32	29773.6	0.475685	98849.6	0	0
proton	938.272	4.63467	98848.2	0	0
neutron	939.565	4.33616	98848.2	0	0
P33	30705.3	0.818475	98848.2	0	0
neutron	939.565	12.4377	98855.9	0	0
neutron	939.565	2.11988	98855.9	0	0
neutron	939.565	1.73765	98855.9	0	0
alpha	3727.38	9.47688	98855.9	0	0
O16	14895.1	0.906024	98855.9	0	0
neutron	939.565	22.409	98925.3	0	0
neutron	939.565	3.69356	98925.3	0	0
neutron	939.565	1.72514	98925.3	0	0
alpha	3727.38	9.71791	98925.3	0	0
O16	14895.1	4.82534	98925.3	0	0
deuteron	1875.61	30.9191	98858.8	0	0
triton	2808.92	4.50146	98858.8	0	0
O18	16762	2.12404	98858.8	0	0
S35	32565.3	0.149627	98806.7	0	0
neutron	939.565	0.167981	98850.4	0	0
Ne22	20479.7	0.182013	98850.4	0	0
neutron	939.565	5.25138	98808.4	0	0
Ne22	20479.7	0.51539	98808.4	0	0
neutron	939.565	1.46068	98837.7	0	0
S34	31632.7	0.20526	98837.7	0	0
neutron	939.565	25.0042	98847.3	0	0
neutron	939.565	8.58843	98847.3	0	0
S33	30704.6	0.495357	98847.3	0	0
Ne23	21414.1	0.217411	98890.9	0	0
Ne23	21414.1	0.215731	98854.8	0	0
S35	32565.3	0.140019	98838	0	0
neutron	939.565	0.319587	98819.4	0	0
S34	31632.7	0.201948	98819.4	0	0
neutron	939.565	5.25435	98836	0	0
S36	33495	0.410415	98836	0	0
neutron	939.565	12.8045	98812.9	0	0
neutron	939.565	5.05103	98812.9	0	0
neutron	939.565	4.88524	98812.9	0	0
proton	938.272	3.49883	98812.9	0	0
alpha	3727.38	5.3083	98812.9	0	0
N15	13968.9	3.94839	98812.9	0	0
neutron	939.565	0.232007	98893.3	0	0
Ne22	20479.7	0.277487	98893.3	0	0
neutron	939.565	1.65149	98815.9	0	0
Ne22	20479.7	0.517148	98815.9	0	0
neutron	939.565	1.37257	98948.3	0	0
Ne22	20479.7	0.42904	98948.3	0	0
neutron	939.565	4.19341	98848.3	0	0
S36	33495	0.290774	98848.3	0	0
Ne23	21414.1	0.201377	98882.1	0	0
Ne23	21414.1	0.227513	98866.2	0	0
Ne23	21414.1	0.233744	98773.2	0	0
neutron	939.565	1.25929	98835	0	0
Ne22	20479.7	0.461075	98835	0	0
neutron	939.565	3.57217	98824.2	0	0
Ne22	20479.7	0.585778	98824.2	0	0
Na23	21409.2	0.115335	99956.6	430.12	429.834
neutron	939.565	0.847274	98966.4	0	0
S34	31632.7	0.15318	98966.4	0	0
Ne23	21414.1	0.219172	98843.6	0	0
neutron	939.565	1.56653	98906.4	0	0
Ne22	20479.7	0.277217	98906.4	0	0
neutron	939.565	33.7786	98839.5	0	0
neutron	939.565	8.69524	98839.5	0	0
neutron	939.565	1.88042	98839.5	0	0
S32	29773.6	0.945773	98839.5	0	0
neutron	939.565	1.68111	98853.9	0	0
S34	31632.7	0.306681	98853.9	0	0
S35	32565.3	0.15757	98844.3	0	0
neutron	939.565	23.6807	98940.9	0	0
neutron	939.565	8.30607	98940.9	0	0
neutron	939.565	2.80128	98940.9	0	0
alpha	3727.38	4.47293	98940.9	0	0
O16	14895.1	3.5037	98940.9	0	0
S37	34430.2	0.143002	98836	0	0
neutron	939.565	46.9236	98836.3	0	0
neutron	939.565	8.93314	98836.3	0	0
neutron	939.565	3.91639	98836.3	0	0
neutron	939.565	0.711298	98836.3	0	0
S33	30704.6	0.913062	98836.3	0	0
Ne23	21414.1	0.233081	98794.3	0	0
Cl35	32564.6	0.097621	99302.5	205.156	205.018
neutron	939.565	1.33286	98888.1	0	0
Ne22	20479.7	0.466262	98888.1	0	0
neutron	939.565	0.91617	98867.4	0	0
S34	31632.7	0.0664315	98867.4	0	0
proton	938.272	12.1163	98869.8	0	0
proton	938.272	10.684	98869.8	0	0
neutron	939.565	6.28436	98869.8	0	0
neutron	939.565	1.79961	98869.8	0	0
neutron	939.565	1.17009	98869.8	0	0
Si30	27913.2	0.453182	98869.8	0	0
neutron	939.565	2.18894	98892.5	0	0
S34	31632.7	0.0356141	98892.5	0	0
neutron	939.565	25.0483	98819.5	0	0
neutron	939.565	3.98852	98819.5	0	0
neutron	939.565	1.60387	98819.5	0	0
Ne20	18617.7	1.84855	98819.5	0	0
neutron	939.565	2.18047	98816.2	0	0
neutron	939.565	1.44899	98816.2	0	0
neutron	939.565	1.00345	98816.2	0	0
Ne20	18617.7	0.347797	98816.2	0	0
neutron	939.565	1.79985	98817.6	0	0
S34	31632.7	0.170284	98817.6	0	0
Ne23	21414.1	0.233434	98876.1	0	0
neutron	939.565	1.07677	98867.3	0	0
S34	31632.7	0.221337	98867.3	0	0
Cl37	34424.8	0.180936	99078.2	111.395	110.793
neutron	939.565	0.166735	98804	0	0
Ne22	20479.7	0.205809	98804	0	0
Cl35	32564.6	0.0891596	99585.2	299.234	298.156
Cl35	32564.6	0.118245	99604	299.023	298.855
neutron	939.565	0.815821	98877.6	0	0
S34	31632.7	0.183105	98877.6	0	0
neutron	939.565	1.98153	98832.4	0	0
S34	31632.7	0.173181	98832.4	0	0
Cl35	32564.6	0.168855	99932.7	410.289	410.115
neutron	939.565	20.6703	98889.4	0	0
neutron	939.565	19.7918	98889.4	0	0
neutron	939.565	1.95233	98889.4	0	0
S34	31632.7	0.0525015	98889.4	0	0
neutron	939.565	4.80361	98825.2	0	0
Ne22	20479.7	0.260634	98825.2	0	0
neutron	939.565	1.01083	98863.7	0	0
S36	33495	0.0634094	98863.7	0	0
Ne23	21414.1	0.23109	98833.8	0	0
neutron	939.565	8.09912	98863.1	0	0
S34	31632.7	0.496062	98863.1	0	0
neutron	939.565	12.5627	98840.3	0	0
neutron	939.565	1.91026	98840.3	0	0
neutron	939.565	0.659931	98840.3	0	0
S32	29773.6	0.42407	98840.3	0	0
neutron	939.565	0.776389	98860	0	0
S34	31632.7	0.106887	98860	0	0
proton	938.272	4.87211	98871.5	0	0
neutron	939.565	4.81376	98871.5	0	0
neutron	939.565	3.8637	98871.5	0	0
neutron	939.565	0.138598	98871.5	0	0
P31	28844.2	0.610225	98871.5	0	0
neutron	939.565	0.624452	98829.6	0	0
S34	31632.7	0.0970821	98829.6	0	0
neutron	939.565	9.5264	98848	0	0
neutron	939.565	0.886066	98848	0	0
Ne21	19550.5	0.562112	98848	0	0
proton	938.272	13.7568	98841.6	0	0
neutron	939.565	5.63849	98841.6	0	0
neutron	939.565	3.84413	98841.6	0	0
P32	29775.8	0.113384	98841.6	0	0
Ne23	21414.1	0.233571	98816.7	0	0
neutron	939.565	23.6129	98895.9	0	0
neutron	939.565	2.57182	98895.9	0	0
neutron	939.565	2.02503	98895.9	0	0
alpha	3727.38	7.39408	98895.9	0	0
O16	14895.1	0.177403	98895.9	0	0
S35	32565.3	0.144895	98847	0	0
Ne23	21414.1	0.228942	98844.2	0	0
neutron	939.565	23.7666	98800.1	0	0
neutron	939.565	12.4713	98800.1	0	0
neutron	939.565	0.382001	98800.1	0	0
Ne20	18617.7	0.335166	98800.1	0	0
Cl37	34424.8	0.172194	99437.6	244.08	243.786
neutron	939.565	3.4326	98819.4	0	0
neutron	939.565	1.79812	98819.4	0	0
neutron	939.565	1.5821	98819.4	0	0
Ne20	18617.7	0.175336	98819.4	0	0
neutron	939.565	0.534695	98794.4	0	0
S34	31632.7	0.11416	98794.4	0	0
Cl35	32564.6	0.0880357	98934.8	31.2109	31.0751
S35	32565.3	0.142355	98917.2	0	0
Ne23	21414.1	0.216671	98862.6	0	0
neutron	939.565	13.4813	98890	0	0
neutron	939.565	11.1266	98890	0	0
neutron	939.565	1.94968	98890	0	0
alpha	3727.38	11.3594	98890	0	0
O16	14895.1	4.5692	98890	0	0
neutron	939.565	0.280952	98865.1	0	0
S34	31632.7	0.205256	98865.1	0	0
Cl35	32564.6	0.229841	99280.6	195.792	195.487
neutron	939.565	6.50011	98871.3	0	0
neutron	939.565	6.23779	98871.3	0	0
neutron	939.565	1.01694	98871.3	0	0
S34	31632.7	0.667388	98871.3	0	0
neutron	939.565	0.411845	98868	0	0
Ne22	20479.7	0.132219	98868	0	0
Ne23	21414.1	0.22512	98824.9	0	0
S35	32565.3	0.166976	98811.3	0	0
Ne23	21414.1	0.223206	98869.3	0	0
neutron	939.565	0.540818	98875.4	0	0
S34	31632.7	0.225575	98875.4	0	0
proton	938.272	10.6209	98897.8	0	0
neutron	939.565	0.393455	98897.8	0	0
P33	30705.3	0.132254	98897.8	0	0
neutron	939.565	1.53178	98855.2	0	0
neutron	939.565	1.07251	98855.2	0	0
S33	30704.6	0.204102	98855.2	0	0
neutron	939.565	0.19733	98860.8	0	0
S36	33495	0.105675	98860.8	0	0
neutron	939.565	12.3301	98883	0	0
neutron	939.565	4.95037	98883	0	0
neutron	939.565	3.8478	98883	0	0
Ne20	18617.7	0.826416	98883	0	0
neutron	939.565	1.92053	98854.9	0	0
S34	31632.7	0.0965578	98854.9	0	0
neutron	939.565	0.283306	98855.6	0	0
S34	31632.7	0.170352	98855.6	0	0
S37	34430.2	0.132146	98784.7	0	0
S35	32565.3	0.148415	98829.7	0	0
Na23	21409.2	0.102366	99117.2	159.226	158.981
neutron	939.565	1.83356	98867.3	0	0
S36	33495	0.244856	98867.3	0	0
S35	32565.3	0.158498	98854	0	0
neutron	939.565	39.848	98857.2	0	0
proton	938.272	2.56587	98857.2	0	0
neutron	939.565	2.50188	98857.2	0	0
neutron	939.565	1.97789	98857.2	0	0
P33	30705.3	2.41465	98857.2	0	0
proton	938.272	16.9686	98853.7	0	0
neutron	939.565	1.18049	98853.7	0	0
deuteron	1875.61	6.99231	98853.7	0	0
O19	17697.6	0.0580495	98853.7	0	0
neutron	939.565	0.254141	98821.6	0	0
S34	31632.7	0.213708	98821.6	0	0
neutron	939.565	2.0266	98825.4	0	0
S34	31632.7	0.116302	98825.4	0	0
neutron	939.565	19.2084	98854.1	0	0
neutron	939.565	2.66754	98854.1	0	0
alpha	3727.38	11.5655	98854.1	0	0
Si29	26984.3	1.48135	98854.1	0	0
neutron	939.565	0.424979	98810.2	0	0
S34	31632.7	0.0922668	98810.2	0	0
neutron	939.565	0.338723	98833.5	0	0
Ne22	20479.7	0.192982	98833.5	0	0
Ne23	21414.1	0.229311	98885.4	0	0
neutron	939.565	1.80252	98851.4	0	0
S34	31632.7	0.0704726	98851.4	0	0
neutron	939.565	0.392158	98861.1	0	0
Ne22	20479.7	0.298617	98861.1	0	0
proton	938.272	7.08029	98883.6	0	0
neutron	939.565	7.0705	98883.6	0	0
neutron	939.565	3.91217	98883.6	0	0
neutron	939.565	2.13062	98883.6	0	0
F19	17692.3	1.27075	98883.6	0	0
neutron	939.565	0.238338	98864.6	0	0
Ne22	20479.7	0.159751	98864.6	0	0
Na23	21409.2	0.152852	99734.3	356.264	356.006
neutron	939.565	1.78558	98827.7	0	0
Ne22	20479.7	0.117596	98827.7	0	0
neutron	939.565	1.92648	98842.7	0	0
Ne22	20479.7	0.243981	98842.7	0	0
neutron	939.565	0.160111	98860.9	0	0
S34	31632.7	0.143335	98860.9	0	0
neutron	939.565	12.3754	98860.5	0	0
neutron	939.565	4.72873	98860.5	0	0
neutron	939.565	3.60581	98860.5	0	0
alpha	3727.38	9.14333	98860.5	0	0
Si28	26053.2	0.859993	98860.5	0	0
neutron	939.565	4.59727	98875.5	0	0
Ne22	20479.7	0.655042	98875.5	0	0
proton	938.272	36.78	98812.4	0	0
neutron	939.565	31.3475	98812.4	0	0
P35	32569.8	1.37811	98812.4	0	0
neutron	939.565	2.62874	98850.6	0	0
neutron	939.565	2.12462	98850.6	0	0
neutron	939.565	0.813621	98850.6	0	0
S32	29773.6	0.325635	98850.6	0	0
neutron	939.565	1.93655	98824.1	0	0
Ne22	20479.7	0.25958	98824.1	0	0
neutron	939.565	9.28637	98830.1	0	0
neutron	939.565	0.88152	98830.1	0	0
alpha	3727.38	9.65723	98830.1	0	0
Si29	26984.3	1.17323	98830.1	0	0
neutron	939.565	0.911924	98850.9	0	0
S34	31632.7	0.216591	98850.9	0	0
S35	32565.3	0.155446	98839	0	0
S35	32565.3	0.16388	98829.6	0	0
neutron	939.565	1.4065	98858.9	0	0
S34	31632.7	0.183186	98858.9	0	0
neutron	939.565	11.4199	98879.6	0	0
proton	938.272	6.63888	98879.6	0	0
proton	938.272	5.89805	98879.6	0	0
neutron	939.565	1.98748	98879.6	0	0
neutron	939.565	1.09415	98879.6	0	0
Si30	27913.2	0.37108	98879.6	0	0
neutron	939.565	0.282199	98831.1	0	0
Ne22	20479.7	0.289777	98831.1	0	0
neutron	939.565	9.91381	98902.7	0	0
neutron	939.565	7.73869	98902.7	0	0
proton	938.272	3.01958	98902.7	0	0
deuteron	1875.61	5.26266	98902.7	0	0
O18	16762	2.38542	98902.7	0	0
neutron	939.565	23.9703	98809.6	0	0
alpha	3727.38	6.2866	98809.6	0	0
O18	16762	1.90334	98809.6	0	0
neutron	939.565	0.152097	98810.3	0	0
Ne22	20479.7	0.221291	98810.3	0	0
neutron	939.565	2.59272	98848.1	0	0
neutron	939.565	1.1282	98848.1	0	0
neutron	939.565	0.613476	98848.1	0	0
alpha	3727.38	6.5606	98848.1	0	0
O16	14895.1	2.68661	98848.1	0	0
S35	32565.3	0.14978	98829.7	0	0
Ne23	21414.1	0.223408	98896.8	0	0
Ne23	21414.1	0.208645	98896.3	0	0
neutron	939.565	1.69609	98840.6	0	0
S36	33495	0.308456	98840.6	0	0
Ne23	21414.1	0.235837	98882.7	0	0
Ne23	21414.1	0.231902	98854	0	0
neutron	939.565	0.737437	98879.9	0	0
Ne22	20479.7	0.257581	98879.9	0	0
neutron	939.565	0.386486	98870.2	0	0
Ne22	20479.7	0.241112	98870.2	0	0
S35	32565.3	0.152924	98868.2	0	0
neutron	939.565	0.650434	98908.5	0	0
S34	31632.7	0.159761	98908.5	0	0
neutron	939.565	5.04366	98848.1	0	0
neutron	939.565	0.329738	98848.1	0	0
S33	30704.6	0.251225	98848.1	0	0
Ne23	21414.1	0.234511	98876	0	0
proton	938.272	13.6785	98844	0	0
neutron	939.565	9.91103	98844	0	0
neutron	939.565	6.16629	98844	0	0
proton	938.272	5.52731	98844	0	0
neutron	939.565	1.69473	98844	0	0
Si30	27913.2	1.10079	98844	0	0
neutron	939.565	0.497225	98842.9	0	0
S34	31632.7	0.0887177	98842.9	0	0
neutron	939.565	0.473979	98845.1	0	0
S34	31632.7	0.179521	98845.1	0	0
neutron	939.565	18.5625	98856.1	0	0
neutron	939.565	5.87277	98856.1	0	0
neutron	939.565	3.22338	98856.1	0	0
Ne20	18617.7	2.02538	98856.1	0	0
proton	938.272	42.3859	98887.9	0	0
P36	33505.9	1.21459	98887.9	0	0
proton	938.272	14.599	98905.5	0	0
neutron	939.565	8.66957	98905.5	0	0
F21	19556.7	0.532317	98905.5	0	0
Ne23	21414.1	0.229932	98881.3	0	0
proton	938.272	9.07224	98832.6	0	0
neutron	939.565	2.47111	98832.6	0	0
neutron	939.565	2.40339	98832.6	0	0
neutron	939.565	1.76933	98832.6	0	0
F19	17692.3	0.238014	98832.6	0	0
Cl35	32564.6	0.902852	98980.2	85.8361	84.9286
Ne23	21414.1	0.218057	98863.9	0	0
neutron	939.565	3.84677	98832.4	0	0
neutron	939.565	1.88857	98832.4	0	0
alpha	3727.38	12.0413	98832.4	0	0
Si31	28846.2	1.525	98832.4	0	0
proton	938.272	5.44041	98842.4	0	0
neutron	939.565	3.63537	98842.4	0	0
proton	938.272	3.59742	98842.4	0	0
neutron	939.565	1.01615	98842.4	0	0
neutron	939.565	0.716177	98842.4	0	0
Si30	27913.2	0.0686704	98842.4	0	0
S35	32565.3	0.159186	98826.2	0	0
Ne23	21414.1	0.210393	98820.1	0	0
Ne23	21414.1	0.228574	98855.4	0	0
Cl35	32564.6	0.0713845	98967	74.9057	74.8282
neutron	939.565	2.02875	98860.5	0	0
Ne22	20479.7	0.289445	98860.5	0	0
neutron	939.565	0.514657	98895.7	0	0
S34	31632.7	0.20861	98895.7	0	0
S35	32565.3	0.163692	98850.5	0	0
neutron	939.565	2.53091	98876.8	0	0
S34	31632.7	0.0290201	98876.8	0	0
neutron	939.565	2.83089	98845	0	0
S36	33495	0.318493	98845	0	0
neutron	939.565	0.141129	98884.4	0	0
S34	31632.7	0.153627	98884.4	0	0
Cl35	32564.6	0.0986511	99685.8	337.222	337.077
neutron	939.565	28.7035	98876.8	0	0
neutron	939.565	2.89568	98876.8	0	0
neutron	939.565	2.25992	98876.8	0	0
Ne20	18617.7	1.29789	98876.8	0	0
neutron	939.565	0.459322	98908.5	0	0
Ne22	20479.7	0.250569	98908.5	0	0
neutron	939.565	7.28561	98842.3	0	0
neutron	939.565	6.32216	98842.3	0	0
proton	938.272	2.82483	98842.3	0	0
neutron	939.565	1.92345	98842.3	0	0
deuteron	1875.61	7.75899	98842.3	0	0
Si29	26984.3	1.93339	98842.3	0	0
proton	938.272	4.2172	98824	0	0
neutron	939.565	1.80304	98824	0	0
P33	30705.3	0.460023	98824	0	0
S37	34430.2	0.134525	98838	0	0
Na23	21409.2	0.336217	98994.6	100.701	100.337
neutron	939.565	0.202614	98880.2	0	0
Ne22	20479.7	0.171171	98880.2	0	0
neutron	939.565	11.2459	98860.2	0	0
proton	938.272	4.32547	98860.2	0	0
neutron	939.565	3.77627	98860.2	0	0
proton	938.272	1.92859	98860.2	0	0
neutron	939.565	0.781425	98860.2	0	0
alpha	3727.38	5.99298	98860.2	0	0
Mg26	24196.5	0.84966	98860.2	0	0
neutron	939.565	11.4111	98815.1	0	0
proton	938.272	7.83914	98815.1	0	0
proton	938.272	4.26673	98815.1	0	0
Si32	29776.6	1.25878	98815.1	0	0
Ne23	21414.1	0.233102	98842.3	0	0
Cl35	32564.6	0.213315	99067.4	104.349	104.115
Cl35	32564.6	0.171151	99489.9	256.014	255.755
neutron	939.565	8.07229	98912.6	0	0
neutron	939.565	2.06661	98912.6	0	0
neutron	939.565	1.90348	98912.6	0	0
Ne20	18617.7	1.07232	98912.6	0	0
proton	938.272	16.7605	98833.2	0	0
proton	938.272	9.8278	98833.2	0	0
neutron	939.565	5.24481	98833.2	0	0
O20	18629.6	0.623274	98833.2	0	0
S35	32565.3	0.157689	98793.9	0	0
neutron	939.565	24.756	98956.1	0	0
neutron	939.565	4.42564	98956.1	0	0
proton	938.272	3.82824	98956.1	0	0
proton	938.272	2.73823	98956.1	0	0
neutron	939.565	2.2086	98956.1	0	0
Si30	27913.2	0.724834	98956.1	0	0
S35	32565.3	0.163886	98905	0	0
proton	938.272	4.88248	98872.1	0	0
neutron	939.565	1.98393	98872.1	0	0
neutron	939.565	1.33005	98872.1	0	0
P32	29775.8	0.160691	98872.1	0	0
S35	32565.3	0.157098	98823	0	0
neutron	939.565	24.6668	98820.1	0	0
neutron	939.565	12.4836	98820.1	0	0
neutron	939.565	3.55314	98820.1	0	0
S32	29773.6	0.101339	98820.1	0	0
neutron	939.565	0.638166	98846.6	0	0
Ne22	20479.7	0.343849	98846.6	0	0
Ne23	21414.1	0.204386	98847.1	0	0
neutron	939.565	9.6154	98837.2	0	0
neutron	939.565	5.80439	98837.2	0	0
proton	938.272	5.29626	98837.2	0	0
P32	29775.8	0.281535	98837.2	0	0
S37	34430.2	0.141076	98868.4	0	0
neutron	939.565	2.2369	98842.6	0	0
S34	31632.7	0.269892	98842.6	0	0
Cl35	32564.6	0.132601	99265.1	203.852	203.52
Ne23	21414.1	0.228527	98890.8	0	0
proton	938.272	6.02024	98885.5	0	0
neutron	939.565	3.18329	98885.5	0	0
neutron	939.565	2.19055	98885.5	0	0
neutron	939.565	2.00878	98885.5	0	0
P31	28844.2	0.260806	98885.5	0	0
proton	938.272	10.0895	98881.7	0	0
proton	938.272	6.84421	98881.7	0	0
neutron	939.565	4.42467	98881.7	0	0
neutron	939.565	2.72469	98881.7	0	0
neutron	939.565	1.30579	98881.7	0	0
alpha	3727.38	7.43605	98881.7	0	0
Mg26	24196.5	0.648023	98881.7	0	0
neutron	939.565	4.9992	98790.8	0	0
neutron	939.565	2.27537	98790.8	0	0
neutron	939.565	0.417409	98790.8	0	0
alpha	3727.38	6.31349	98790.8	0	0
O16	14895.1	0.234874	98790.8	0	0
neutron	939.565	9.04951	98834.5	0	0
neutron	939.565	3.95548	98834.5	0	0
neutron	939.565	2.51426	98834.5	0	0
Ne20	18617.7	0.208347	98834.5	0	0
neutron	939.565	40.2436	98889.7	0	0
neutron	939.565	3.18892	98889.7	0	0
neutron	939.565	0.539213	98889.7	0	0
S32	29773.6	0.882836	98889.7	0	0
neutron	939.565	1.19604	98838.5	0	0
S36	33495	0.187918	98838.5	0	0
neutron	939.565	0.504449	98829.9	0	0
S36	33495	0.117023	98829.9	0	0
neutron	939.565	1.44167	98867.5	0	0
Ne22	20479.7	0.217944	98867.5	0	0
neutron	939.565	1.0392	98819.7	0	0
S34	31632.7	0.16354	98819.7	0	0
neutron	939.565	1.01278	98824.5	0	0
S34	31632.7	0.0771305	98824.5	0	0
neutron	939.565	4.94366	98930.6	0	0
neutron	939.565	4.49156	98930.6	0	0
neutron	939.565	2.93197	98930.6	0	0
Ne20	18617.7	2.03038	98930.6	0	0
Ne23	21414.1	0.212535	98871.8	0	0
proton	938.272	20.0178	98885.7	0	0
neutron	939.565	3.41091	98885.7	0	0
neutron	939.565	2.09733	98885.7	0	0
neutron	939.565	1.88318	98885.7	0	0
alpha	3727.38	5.80631	98885.7	0	0
N15	13968.9	0.345305	98885.7	0	0
neutron	939.565	14.4666	98855.5	0	0
proton	938.272	5.85966	98855.5	0	0
neutron	939.565	3.35905	98855.5	0	0
neutron	939.565	1.10072	98855.5	0	0
P33	30705.3	1.20028	98855.5	0	0
neutron	939.565	9.58639	98824.4	0	0
neutron	939.565	6.88104	98824.4	0	0
proton	938.272	2.68471	98824.4	0	0
neutron	939.565	1.95467	98824.4	0	0
neutron	939.565	1.39627	98824.4	0	0
neutron	939.565	0.687715	98824.4	0	0
P31	28844.2	0.512768	98824.4	0	0
neutron	939.565	3.59117	98870.1	0	0
neutron	939.565	0.720947	98870.1	0	0
Ne21	19550.5	0.521253	98870.1	0	0
S37	34430.2	0.138303	98883.5	0	0
S35	32565.3	0.161541	98842.2	0	0
neutron	939.565	0.150277	98902.6	0	0
S36	33495	0.140773	98902.6	0	0
neutron	939.565	0.273786	98838.6	0	0
Ne22	20479.7	0.290609	98838.6	0	0
neutron	939.565	17.0111	98858.1	0	0
neutron	939.565	3.66039	98858.1	0	0
neutron	939.565	3.31869	98858.1	0	0
alpha	3727.38	6.78961	98858.1	0	0
O16	14895.1	2.54628	98858.1	0	0
Na23	21409.2	0.118674	99937.8	424.617	424.379
neutron	939.565	16.441	98824.5	0	0
proton	938.272	7.89974	98824.5	0	0
neutron	939.565	0.615348	98824.5	0	0
P32	29775.8	1.128	98824.5	0	0
neutron	939.565	6.15964	98937.3	0	0
S34	31632.7	0.451551	98937.3	0	0
S37	34430.2	0.143993	98883.6	0	0
neutron	939.565	6.66683	98859.2	0	0
neutron	939.565	3.17883	98859.2	0	0
neutron	939.565	2.30106	98859.2	0	0
S32	29773.6	0.0636377	98859.2	0	0
neutron	939.565	16.4096	98867.9	0	0
neutron	939.565	5.33847	98867.9	0	0
neutron	939.565	1.56386	98867.9	0	0
S34	31632.7	0.707497	98867.9	0	0
Ne23	21414.1	0.215707	98868.1	0	0
neutron	939.565	0.794949	98866.1	0	0
S34	31632.7	0.107902	98866.1	0	0
Ne23	21414.1	0.221237	98832.9	0	0
neutron	939.565	9.64664	98868	0	0
neutron	939.565	5.74088	98868	0	0
Ne21	19550.5	0.985544	98868	0	0
neutron	939.565	1.7601	98864.1	0	0
Ne22	20479.7	0.224647	98864.1	0	0
neutron	939.565	8.51711	98908.2	0	0
neutron	939.565	7.61358	98908.2	0	0
proton	938.272	6.75526	98908.2	0	0
neutron	939.565	4.46407	98908.2	0	0
proton	938.272	1.81242	98908.2	0	0
neutron	939.565	1.39153	98908.2	0	0
O17	15830.5	0.478861	98908.2	0	0
Cl35	32564.6	0.0821193	99115.1	150.495	150.411
neutron	939.565	1.89086	98806.9	0	0
S34	31632.7	0.218722	98806.9	0	0
neutron	939.565	2.83884	98830.6	0	0
S34	31632.7	0.293889	98830.6	0	0
S35	32565.3	0.158476	98819.7	0	0
neutron	939.565	0.638139	98875.1	0	0
S36	33495	0.244593	98875.1	0	0
Ne23	21414.1	0.217504	98877.9	0	0
neutron	939.565	5.5102	98841.9	0	0
neutron	939.565	0.380468	98841.9	0	0
Ne21	19550.5	0.557083	98841.9	0	0
neutron	939.565	22.2342	98863.2	0	0
neutron	939.565	10.3137	98863.2	0	0
neutron	939.565	3.47449	98863.2	0	0
Ne20	18617.7	2.38604	98863.2	0	0
neutron	939.565	1.79827	98900.2	0	0
neutron	939.565	1.21735	98900.2	0	0
alpha	3727.38	6.10592	98900.2	0	0
O17	15830.5	1.43169	98900.2	0	0
S35	32565.3	0.163124	98870.9	0	0
Cl35	32564.6	0.0947486	99617.1	315.907	315.367
neutron	939.565	5.16009	98923.7	0	0
neutron	939.565	2.22281	98923.7	0	0
neutron	939.565	0.244897	98923.7	0	0
alpha	3727.38	4.65493	98923.7	0	0
O16	14895.1	1.50725	98923.7	0	0
Ne23	21414.1	0.232721	98840.3	0	0
neutron	939.565	6.18365	98860.3	0	0
neutron	939.565	4.9313	98860.3	0	0
neutron	939.565	1.74427	98860.3	0	0
S32	29773.6	0.946917	98860.3	0	0
neutron	939.565	0.332232	98853.8	0	0
S34	31632.7	0.133376	98853.8	0	0
neutron	939.565	1.41354	98830.3	0	0
S34	31632.7	0.154422	98830.3	0	0
Ne23	21414.1	0.231336	98822	0	0
neutron	939.565	0.661262	98904.8	0	0
S34	31632.7	0.215976	98904.8	0	0
neutron	939.565	0.164835	98852.5	0	0
Ne22	20479.7	0.169763	98852.5	0	0
Ne23	21414.1	0.224748	98870.2	0	0
neutron	939.565	5.18822	98863	0	0
neutron	939.565	1.36987	98863	0	0
neutron	939.565	0.947825	98863	0	0
Ne20	18617.7	0.145592	98863	0	0
Ne23	21414.1	0.227568	98851	0	0
neutron	939.565	1.58457	98842.3	0	0
Ne22	20479.7	0.0652262	98842.3	0	0
neutron	939.565	9.22369	98852.6	0	0
proton	938.272	5.40543	98852.6	0	0
neutron	939.565	4.00768	98852.6	0	0
neutron	939.565	3.55554	98852.6	0	0
neutron	939.565	1.05283	98852.6	0	0
deuteron	1875.61	10.6033	98852.6	0	0
Si28	26053.2	0.318255	98852.6	0	0
Ne23	21414.1	0.213431	98819.2	0	0
neutron	939.565	21	98846.9	0	0
neutron	939.565	15.4395	98846.9	0	0
neutron	939.565	0.67546	98846.9	0	0
Ne20	18617.7	0.417423	98846.9	0	0
neutron	939.565	19.1553	98868.1	0	0
neutron	939.565	12.4396	98868.1	0	0
neutron	939.565	2.2533	98868.1	0	0
Ne20	18617.7	0.933741	98868.1	0	0
Ne23	21414.1	0.213474	98846	0	0
S37	34430.2	0.132396	98876.8	0	0
neutron	939.565	1.03229	98877.2	0	0
Ne22	20479.7	0.276628	98877.2	0	0
neutron	939.565	0.73631	98826.5	0	0
S34	31632.7	0.261321	98826.5	0	0
neutron	939.565	1.26893	98842.8	0	0
S34	31632.7	0.299712	98842.8	0	0
neutron	939.565	2.261	98828.4	0	0
alpha	3727.38	4.35973	98828.4	0	0
O18	16762	2.05667	98828.4	0	0
neutron	939.565	4.99525	98825.6	0	0
neutron	939.565	4.44207	98825.6	0	0
proton	938.272	3.93491	98825.6	0	0
neutron	939.565	2.15093	98825.6	0	0
P31	28844.2	0.524562	98825.6	0	0
S35	32565.3	0.153632	98776.6	0	0
neutron	939.565	0.691457	98880.3	0	0
S36	33495	0.0533	98880.3	0	0
S35	32565.3	0.156734	98892.2	0	0
neutron	939.565	12.2875	98841.7	0	0
neutron	939.565	0.759777	98841.7	0	0
neutron	939.565	0.488009	98841.7	0	0
Ne20	18617.7	0.161181	98841.7	0	0
neutron	939.565	1.06593	98854.4	0	0
S34	31632.7	0.227643	98854.4	0	0
neutron	939.565	9.5416	98798.5	0	0
neutron	939.565	6.35751	98798.5	0	0
neutron	939.565	0.985974	98798.5	0	0
Ne20	18617.7	0.815563	98798.5	0	0
neutron	939.565	0.0962844	98872.1	0	0
Ne22	20479.7	0.234165	98872.1	0	0
Ne23	21414.1	0.204533	98856.1	0	0
Cl37	34424.8	0.956314	99740.5	355.78	354.626
neutron	939.565	12.1969	98826.5	0	0
neutron	939.565	3.20138	98826.5	0	0
neutron	939.565	1.92818	98826.5	0	0
S32	29773.6	0.344128	98826.5	0	0
neutron	939.565	20.417	98852.4	0	0
neutron	939.565	6.35999	98852.4	0	0
proton	938.272	3.68929	98852.4	0	0
neutron	939.565	2.60319	98852.4	0	0
P31	28844.2	0.889616	98852.4	0	0
neutron	939.565	10.6438	98829.9	0	0
neutron	939.565	2.64114	98829.9	0	0
neutron	939.565	1.83539	98829.9	0	0
S34	31632.7	0.409153	98829.9	0	0
neutron	939.565	1.22032	98830.4	0	0
S34	31632.7	0.235493	98830.4	0	0
neutron	939.565	1.39465	98821.5	0	0
S34	31632.7	0.0830023	98821.5	0	0
neutron	939.565	6.68255	98821.2	0	0
proton	938.272	5.94803	98821.2	0	0
P35	32569.8	0.180027	98821.2	0	0
neutron	939.565	1.02504	98852.3	0	0
S34	31632.7	0.20138	98852.3	0	0
proton	938.272	41.0956	98857.6	0	0
neutron	939.565	2.17851	98857.6	0	0
neutron	939.565	0.849032	98857.6	0	0
P32	29775.8	1.39438	98857.6	0	0
neutron	939.565	5.36611	98885.2	0	0
neutron	939.565	4.73699	98885.2	0	0
neutron	939.565	1.98883	98885.2	0	0
Ne20	18617.7	0.102755	98885.2	0	0
Ne23	21414.1	0.220487	98841.4	0	0
Ne23	21414.1	0.205423	98891.9	0	0
neutron	939.565	0.425711	98863.1	0	0
Ne22	20479.7	0.260665	98863.1	0	0
proton	938.272	19.9664	98846.6	0	0
neutron	939.565	14.5116	98846.6	0	0
neutron	939.565	2.18859	98846.6	0	0
neutron	939.565	0.978256	98846.6	0	0
P31	28844.2	0.584111	98846.6	0	0
neutron	939.565	1.83864	98853.3	0	0
S34	31632.7	0.314176	98853.3	0	0
neutron	939.565	15.109	98906.5	0	0
proton	938.272	7.77603	98906.5	0	0
neutron	939.565	6.85609	98906.5	0	0
neutron	939.565	2.23185	98906.5	0	0
proton	938.272	2.18403	98906.5	0	0
neutron	939.565	1.53185	98906.5	0	0
Si29	26984.3	0.497394	98906.5	0	0
neutron	939.565	0.523072	98820.2	0	0
S34	31632.7	0.114601	98820.2	0	0
neutron	939.565	0.144794	98856.8	0	0
S34	31632.7	0.181334	98856.8	0	0
Cl35	32564.6	0.141616	99838.4	390.399	389.991
neutron	939.565	0.150737	98882.1	0	0
S34	31632.7	0.121664	98882.1	0	0
Na23	21409.2	0.112706	99795.9	373.158	372.792
neutron	939.565	1.08381	98845.3	0	0
Ne22	20479.7	0.352261	98845.3	0	0
S35	32565.3	0.141491	98853.3	0	0
neutron	939.565	6.86541	98811.7	0	0
S34	31632.7	0.644602	98811.7	0	0
Ne23	21414.1	0.208028	98795.6	0	0
neutron	939.565	0.373551	98903.8	0	0
Ne22	20479.7	0.321045	98903.8	0	0
neutron	939.565	0.119187	98894.7	0	0
Ne22	20479.7	0.232801	98894.7	0	0
neutron	939.565	1.10146	98907.5	0	0
Ne22	20479.7	0.208895	98907.5	0	0
neutron	939.565	3.59845	98880.2	0	0
Ne22	20479.7	0.209206	98880.2	0	0
neutron	939.565	0.0745494	98922.6	0	0
S36	33495	0.129949	98922.6	0	0
Cl35	32564.6	0.0779429	98960.2	87.4055	87.2869
neutron	939.565	7.82527	98819.2	0	0
neutron	939.565	3.19044	98819.2	0	0
neutron	939.565	3.06974	98819.2	0	0
S32	29773.6	0.28194	98819.2	0	0
neutron	939.565	1.5916	98839.5	0	0
S36	33495	0.189319	98839.5	0	0
Na23	21409.2	0.175363	99272	185.197	184.899
neutron	939.565	4.45653	98875.1	0	0
neutron	939.565	3.45114	98875.1	0	0
neutron	939.565	1.03476	98875.1	0	0
S32	29773.6	0.503362	98875.1	0	0
proton	938.272	25.9551	98818.7	0	0
neutron	939.565	2.00595	98818.7	0	0
neutron	939.565	1.20666	98818.7	0	0
alpha	3727.38	10.9935	98818.7	0	0
N16	14906	0.325466	98818.7	0	0
Cl35	32564.6	0.0923099	99946.9	413.889	413.375
neutron	939.565	32.1663	98889.7	0	0
neutron	939.565	6.60435	98889.7	0	0
proton	938.272	3.58345	98889.7	0	0
neutron	939.565	2.20896	98889.7	0	0
P31	28844.2	0.977303	98889.7	0	0
S35	32565.3	0.154477	98883.1	0	0
Cl37	34424.8	0.0680676	99859.4	398.324	398.198
proton	938.272	9.47001	98885.7	0	0
proton	938.272	7.93281	98885.7	0	0
neutron	939.565	6.34287	98885.7	0	0
neutron	939.565	3.28379	98885.7	0	0
Si33	30711.6	2.08851	98885.7	0	0
proton	938.272	27.3581	98822.1	0	0
neutron	939.565	1.16472	98822.1	0	0
P33	30705.3	0.718471	98822.1	0	0
neutron	939.565	0.771343	98903.8	0	0
S34	31632.7	0.0597197	98903.8	0	0
neutron	939.565	0.504859	98827.8	0	0
Ne22	20479.7	0.137816	98827.8	0	0
Ne23	21414.1	0.217244	98866.3	0	0
neutron	939.565	0.274847	98792.2	0	0
Ne22	20479.7	0.149125	98792.2	0	0
Cl35	32564.6	0.229088	99627	307.594	307.312
Ne23	21414.1	0.228721	98847.2	0	0
neutron	939.565	0.855328	98836.5	0	0
Ne22	20479.7	0.330618	98836.5	0	0
neutron	939.565	20.7832	98855.9	0	0
neutron	939.565	8.96847	98855.9	0	0
neutron	939.565	5.52654	98855.9	0	0
alpha	3727.38	11.4798	98855.9	0	0
O16	14895.1	3.22722	98855.9	0	0
neutron	939.565	20.879	98792.1	0	0
neutron	939.565	15.4916	98792.1	0	0
neutron	939.565	1.07272	98792.1	0	0
alpha	3727.38	7.15609	98792.1	0	0
Si28	26053.2	1.2798	98792.1	0	0
proton	938.272	42.1944	98865.9	0	0
neutron	939.565	9.6489	98865.9	0	0
neutron	939.565	1.27998	98865.9	0	0
neutron	939.565	0.2385	98865.9	0	0
F19	17692.3	0.636416	98865.9	0	0
neutron	939.565	0.361633	98848	0	0
Ne22	20479.7	0.273689	98848	0	0
neutron	939.565	2.48656	98908.6	0	0
Ne22	20479.7	0.32455	98908.6	0	0
Ne23	21414.1	0.208772	98824.9	0	0
neutron	939.565	2.74547	98831.1	0	0
S36	33495	0.237103	98831.1	0	0
S35	32565.3	0.152949	98834.8	0	0
S35	32565.3	0.162564	98856.4	0	0
Ne23	21414.1	0.21011	98799.1	0	0
S35	32565.3	0.148259	98806	0	0
Ne23	21414.1	0.220343	98883	0	0
neutron	939.565	8.46653	98885.5	0	0
neutron	939.565	1.33382	98885.5	0	0
Ne21	19550.5	0.954942	98885.5	0	0
neutron	939.565	11.1028	98833	0	0
S34	31632.7	0.235274	98833	0	0
S35	32565.3	0.155516	98802.6	0	0
neutron	939.565	5.27273	98858.1	0	0
neutron	939.565	2.73401	98858.1	0	0
neutron	939.565	1.8467	98858.1	0	0
alpha	3727.38	4.50148	98858.1	0	0
O16	14895.1	2.37796	98858.1	0	0
neutron	939.565	0.344891	98854.7	0	0
S34	31632.7	0.183229	98854.7	0	0
neutron	939.565	31.1516	98831.1	0	0
neutron	939.565	13.8736	98831.1	0	0
neutron	939.565	3.75394	98831.1	0	0
neutron	939.565	0.855348	98831.1	0	0
S33	30704.6	1.35573	98831.1	0	0
neutron	939.565	21.5163	98873.3	0	0
proton	938.272	6.15528	98873.3	0	0
neutron	939.565	4.58533	98873.3	0	0
P32	29775.8	1.28906	98873.3	0	0
neutron	939.565	0.683947	98865.2	0	0
S34	31632.7	0.238839	98865.2	0	0
neutron	939.565	0.5047	98833	0	0
S34	31632.7	0.138184	98833	0	0
neutron	939.565	0.0925586	98823.5	0	0
S34	31632.7	0.188422	98823.5	0	0
neutron	939.565	5.70919	98868.9	0	0
proton	938.272	2.12881	98868.9	0	0
neutron	939.565	1.95828	98868.9	0	0
P32	29775.8	0.0799105	98868.9	0	0
S37	34430.2	0.131827	98916.2	0	0
neutron	939.565	7.93144	98862.4	0	0
proton	938.272	7.6062	98862.4	0	0
neutron	939.565	2.97315	98862.4	0	0
proton	938.272	2.48996	98862.4	0	0
neutron	939.565	1.89647	98862.4	0	0
neutron	939.565	0.816724	98862.4	0	0
Si29	26984.3	0.931061	98862.4	0	0
neutron	939.565	45.8992	98861.3	0	0
neutron	939.565	4.97513	98861.3	0	0
neutron	939.565	1.21482	98861.3	0	0
Ne20	18617.7	2.48496	98861.3	0	0
neutron	939.565	0.804541	98887.4	0	0
Ne22	20479.7	0.278648	98887.4	0	0
neutron	939.565	0.746275	98834.7	0	0
S34	31632.7	0.0782585	98834.7	0	0
neutron	939.565	14.9871	98832.1	0	0
neutron	939.565	3.08282	98832.1	0	0
neutron	939.565	2.31824	98832.1	0	0
S34	31632.7	1.21208	98832.1	0	0
proton	938.272	13.2748	98876.6	0	0
neutron	939.565	9.03774	98876.6	0	0
neutron	939.565	1.53797	98876.6	0	0
neutron	939.565	0.119151	98876.6	0	0
alpha	3727.38	10.5784	98876.6	0	0
N15	13968.9	0.645568	98876.6	0	0
proton	938.272	25.1819	98890.3	0	0
proton	938.272	3.1803	98890.3	0	0
neutron	939.565	1.86561	98890.3	0	0
Si32	29776.6	0.540025	98890.3	0	0
Ne23	21414.1	0.219471	98869.1	0	0
Ne23	21414.1	0.217836	98886.7	0	0
proton	938.272	20.1838	98828.6	0	0
neutron	939.565	13.8223	98828.6	0	0
neutron	939.565	1.82341	98828.6	0	0
F20	18625.3	0.14184	98828.6	0	0
S35	32565.3	0.144789	98920.2	0	0
neutron	939.565	2.40667	98851.5	0	0
S34	31632.7	0.0583107	98851.5	0	0
neutron	939.565	5.55197	98810.4	0	0
neutron	939.565	1.1035	98810.4	0	0
Ne21	19550.5	0.131126	98810.4	0	0
neutron	939.565	0.822028	98876.6	0	0
S34	31632.7	0.207268	98876.6	0	0
S35	32565.3	0.155739	98830.7	0	0
Na23	21409.2	0.116249	99346.4	204.896	204.78
neutron	939.565	28.6906	98828.4	0	0
neutron	939.565	10.8681	98828.4	0	0
proton	938.272	3.74667	98828.4	0	0
neutron	939.565	0.227354	98828.4	0	0
F19	17692.3	3.29219	98828.4	0	0
neutron	939.565	0.23584	98825.5	0	0
Ne22	20479.7	0.282799	98825.5	0	0
neutron	939.565	0.811998	98832.3	0	0
S36	33495	0.235147	98832.3	0	0
Cl37	34424.8	0.17954	99097.7	129.802	129.227
neutron	939.565	5.51086	98792.8	0	0
Ne22	20479.7	0.771165	98792.8	0	0
neutron	939.565	0.393064	98816	0	0
S36	33495	0.16248	98816	0	0
neutron	939.565	0.749809	98829.8	0	0
Ne22	20479.7	0.215699	98829.8	0	0
Ne23	21414.1	0.225876	98903.7	0	0
neutron	939.565	6.99499	98869.8	0	0
neutron	939.565	5.74577	98869.8	0	0
neutron	939.565	4.76043	98869.8	0	0
proton	938.272	2.80016	98869.8	0	0
neutron	939.565	2.28868	98869.8	0	0
neutron	939.565	1.00013	98869.8	0	0
P31	28844.2	1.39813	98869.8	0	0
S35	32565.3	0.152434	98876.6	0	0
neutron	939.565	1.55886	98821.2	0	0
S36	33495	0.0247915	98821.2	0	0
neutron	939.565	7.82806	98869.3	0	0
neutron	939.565	7.08709	98869.3	0	0
neutron	939.565	1.32304	98869.3	0	0
alpha	3727.38	6.23008	98869.3	0	0
Si28	26053.2	0.731659	98869.3	0	0
neutron	939.565	0.793397	98816.3	0	0
S34	31632.7	0.156022	98816.3	0	0
Na23	21409.2	0.110054	99568.6	289.135	288.924
Ne23	21414.1	0.230073	98857.4	0	0
proton	938.272	6.65311	98812.5	0	0
neutron	939.565	5.47824	98812.5	0	0
neutron	939.565	3.96881	98812.5	0	0
neutron	939.565	1.89098	98812.5	0	0
alpha	3727.38	5.13263	98812.5	0	0
N15	13968.9	4.03125	98812.5	0	0
neutron	939.565	8.11784	98833.1	0	0
neutron	939.565	5.88744	98833.1	0	0
proton	938.272	3.66901	98833.1	0	0
neutron	939.565	2.62494	98833.1	0	0
F19	17692.3	0.621829	98833.1	0	0
neutron	939.565	15.9099	98881.5	0	0
proton	938.272	5.83021	98881.5	0	0
neutron	939.565	5.41733	98881.5	0	0
neutron	939.565	4.54628	98881.5	0	0
P31	28844.2	0.175573	98881.5	0	0
neutron	939.565	0.489514	98865.4	0	0
S34	31632.7	0.111782	98865.4	0	0
proton	938.272	19.9837	98822.1	0	0
proton	938.272	2.70286	98822.1	0	0
neutron	939.565	0.451622	98822.1	0	0
Si32	29776.6	0.850918	98822.1	0	0
proton	938.272	26.0708	98875.6	0	0
neutron	939.565	0.300893	98875.6	0	0
F21	19556.7	1.11241	98875.6	0	0
neutron	939.565	25.2517	98878.5	0	0
neutron	939.565	7.59686	98878.5	0	0
neutron	939.565	3.14046	98878.5	0	0
alpha	3727.38	4.11806	98878.5	0	0
O16	14895.1	2.65553	98878.5	0	0
S37	34430.2	0.132202	98833	0	0
neutron	939.565	14.1498	98906.6	0	0
neutron	939.565	8.26377	98906.6	0	0
neutron	939.565	7.13906	98906.6	0	0
alpha	3727.38	4.76307	98906.6	0	0
O16	14895.1	1.64244	98906.6	0	0
neutron	939.565	13.1295	98792.8	0	0
neutron	939.565	1.88031	98792.8	0	0
neutron	939.565	0.904885	98792.8	0	0
alpha	3727.38	5.32596	98792.8	0	0
O16	14895.1	0.427552	98792.8	0	0
neutron	939.565	4.00559	98852.2	0	0
neutron	939.565	3.9385	98852.2	0	0
S35	32565.3	0.161681	98852.2	0	0
neutron	939.565	2.22162	98915	0	0
neutron	939.565	0.175015	98915	0	0
S33	30704.6	0.232249	98915	0	0
neutron	939.565	15.9423	98865.4	0	0
proton	938.272	8.17404	98865.4	0	0
neutron	939.565	6.71713	98865.4	0	0
neutron	939.565	0.0795176	98865.4	0	0
F19	17692.3	0.870333	98865.4	0	0
neutron	939.565	2.51083	98842.3	0	0
neutron	939.565	0.684536	98842.3	0	0
Ne21	19550.5	0.584091	98842.3	0	0
neutron	939.565	25.865	98838.5	0	0
neutron	939.565	0.93121	98838.5	0	0
neutron	939.565	0.815441	98838.5	0	0
Ne20	18617.7	0.73244	98838.5	0	0
Ne23	21414.1	0.209766	98835.9	0	0
neutron	939.565	8.0797	98920.8	0	0
neutron	939.565	4.57423	98920.8	0	0
neutron	939.565	1.2478	98920.8	0	0
alpha	3727.38	5.64941	98920.8	0	0
O16	14895.1	3.72556	98920.8	0	0
neutron	939.565	1.9201	98883.5	0	0
Ne22	20479.7	0.510736	98883.5	0	0
neutron	939.565	1.0957	98855.5	0	0
S34	31632.7	0.0663832	98855.5	0	0
neutron	939.565	3.98029	98873.6	0	0
S34	31632.7	0.410145	98873.6	0	0
neutron	939.565	3.61845	98868.2	0	0
neutron	939.565	0.64623	98868.2	0	0
S35	32565.3	0.162748	98868.2	0	0
neutron	939.565	8.77284	98888.3	0	0
deuteron	1875.61	4.77081	98888.3	0	0
deuteron	1875.61	1.65546	98888.3	0	0
O18	16762	0.451384	98888.3	0	0
S35	32565.3	0.149464	98874.3	0	0
proton	938.272	7.50288	98873.6	0	0
proton	938.272	6.08052	98873.6	0	0
neutron	939.565	4.19704	98873.6	0	0
neutron	939.565	1.72731	98873.6	0	0
neutron	939.565	1.50661	98873.6	0	0
Si30	27913.2	0.193141	98873.6	0	0
S35	32565.3	0.153455	98865.6	0	0
neutron	939.565	41.3708	98874.7	0	0
proton	938.272	8.73249	98874.7	0	0
neutron	939.565	2.67766	98874.7	0	0
P32	29775.8	0.440368	98874.7	0	0
neutron	939.565	4.98371	98844.2	0	0
proton	938.272	3.7246	98844.2	0	0
neutron	939.565	2.59677	98844.2	0	0
P32	29775.8	0.883374	98844.2	0	0
neutron	939.565	29.8639	98858.8	0	0
neutron	939.565	6.52639	98858.8	0	0
neutron	939.565	2.70558	98858.8	0	0
Ne20	18617.7	1.45238	98858.8	0	0
neutron	939.565	17.4914	98848.1	0	0
Ne22	20479.7	0.698126	98848.1	0	0
neutron	939.565	0.729512	98851.7	0	0
S34	31632.7	0.249361	98851.7	0	0
S37	34430.2	0.138019	98914.4	0	0
neutron	939.565	22.0093	98846.9	0	0
proton	938.272	16.4089	98846.9	0	0
proton	938.272	5.45576	98846.9	0	0
Si32	29776.6	0.421352	98846.9	0	0
neutron	939.565	0.896879	98868.8	0	0
S34	31632.7	0.074245	98868.8	0	0
Ne23	21414.1	0.216764	98838.3	0	0
neutron	939.565	1.16919	98859.7	0	0
Ne22	20479.7	0.0628211	98859.7	0	0
neutron	939.565	14.3847	98886	0	0
S36	33495	0.772365	98886	0	0
neutron	939.565	15.565	98955.6	0	0
neutron	939.565	9.71347	98955.6	0	0
neutron	939.565	2.17309	98955.6	0	0
Ne20	18617.7	3.70517	98955.6	0	0
neutron	939.565	0.334424	98847.4	0	0
Ne22	20479.7	0.195921	98847.4	0	0
neutron	939.565	3.97306	98884.2	0	0
neutron	939.565	2.7555	98884.2	0	0
neutron	939.565	2.72751	98884.2	0	0
S34	31632.7	0.312813	98884.2	0	0
S35	32565.3	0.165469	98855.2	0	0
neutron	939.565	40.8251	98861.3	0	0
proton	938.272	3.87373	98861.3	0	0
neutron	939.565	3.22423	98861.3	0	0
neutron	939.565	2.88257	98861.3	0	0
P31	28844.2	2.81783	98861.3	0	0
Ne23	21414.1	0.216589	98847.4	0	0
neutron	939.565	0.865211	98832.8	0	0
Ne22	20479.7	0.27921	98832.8	0	0
Na23	21409.2	0.192006	98951.5	61.92	61.354
neutron	939.565	0.597708	98868.9	0	0
S34	31632.7	0.252846	98868.9	0	0
Ne23	21414.1	0.227561	98891.9	0	0
neutron	939.565	1.93874	98900.1	0	0
neutron	939.565	1.61808	98900.1	0	0
neutron	939.565	0.128335	98900.1	0	0
Ne20	18617.7	0.482257	98900.1	0	0
neutron	939.565	0.402286	98837.8	0	0
S34	31632.7	0.169814	98837.8	0	0
neutron	939.565	2.08883	98889.8	0	0
Ne22	20479.7	0.0407996	98889.8	0	0
neutron	939.565	0.907259	98859.8	0	0
S34	31632.7	0.254399	98859.8	0	0
Na23	21409.2	0.164457	99120.8	143.45	143.203
neutron	939.565	0.970003	98839.3	0	0
S34	31632.7	0.154844	98839.3	0	0
Ne23	21414.1	0.211518	98840.7	0	0
neutron	939.565	0.917208	98892.7	0	0
S34	31632.7	0.194199	98892.7	0	0
neutron	939.565	1.91761	98900	0	0
Ne22	20479.7	0.281382	98900	0	0
neutron	939.565	27.2767	98875.8	0	0
neutron	939.565	6.48114	98875.8	0	0
neutron	939.565	1.59881	98875.8	0	0
alpha	3727.38	6.9835	98875.8	0	0
alpha	3727.38	5.44629	98875.8	0	0
C12	11174.9	2.6556	98875.8	0	0
neutron	939.565	0.527749	98829.5	0	0
Ne22	20479.7	0.204917	98829.5	0	0
Ne23	21414.1	0.228303	98812.8	0	0
Ne23	21414.1	0.218204	98844.1	0	0
neutron	939.565	7.36321	98869.3	0	0
proton	938.272	6.93628	98869.3	0	0
neutron	939.565	6.30695	98869.3	0	0
F20	18625.3	0.370895	98869.3	0	0
neutron	939.565	2.61461	98844	0	0
neutron	939.565	1.84973	98844	0	0
neutron	939.565	0.976886	98844	0	0
neutron	939.565	0.507957	98844	0	0
S33	30704.6	0.182336	98844	0	0
Ne23	21414.1	0.20735	98930.2	0	0
Ne23	21414.1	0.232364	98835.7	0	0
S35	32565.3	0.153878	98850.7	0	0
proton	938.272	13.0423	98886.8	0	0
neutron	939.565	3.3181	98886.8	0	0
proton	938.272	3.18813	98886.8	0	0
neutron	939.565	3.11991	98886.8	0	0
alpha	3727.38	6.55911	98886.8	0	0
Mg27	25129.6	2.15467	98886.8	0	0
proton	938.272	18.1784	98832.6	0	0
neutron	939.565	11.3396	98832.6	0	0
neutron	939.565	0.762818	98832.6	0	0
F20	18625.3	2.05405	98832.6	0	0
neutron	939.565	1.64167	98878.8	0	0
neutron	939.565	0.673989	98878.8	0	0
S33	30704.6	0.358871	98878.8	0	0
neutron	939.565	4.23553	98834.4	0	0
neutron	939.565	2.57036	98834.4	0	0
neutron	939.565	1.75903	98834.4	0	0
alpha	3727.38	3.33872	98834.4	0	0
alpha	3727.38	6.3421	98834.4	0	0
C12	11174.9	0.690731	98834.4	0	0
neutron	939.565	14.3375	98826.7	0	0
alpha	3727.38	12.1317	98826.7	0	0
O18	16762	2.43772	98826.7	0	0
S37	34430.2	0.13023	98867.1	0	0
neutron	939.565	7.78829	98777.3	0	0
neutron	939.565	2.51248	98777.3	0	0
neutron	939.565	0.233871	98777.3	0	0
S34	31632.7	0.525164	98777.3	0	0
neutron	939.565	1.8318	98859.2	0	0
neutron	939.565	1.08423	98859.2	0	0
alpha	3727.38	6.13513	98859.2	0	0
O17	15830.5	1.52437	98859.2	0	0
neutron	939.565	0.761013	98817.5	0	0
Ne22	20479.7	0.205283	98817.5	0	0
neutron	939.565	3.49839	98825.5	0	0
Ne22	20479.7	0.261324	98825.5	0	0
neutron	939.565	0.89795	98879.8	0	0
S34	31632.7	0.14312	98879.8	0	0
neutron	939.565	17.1408	98806.5	0	0
neutron	939.565	1.08599	98806.5	0	0
S33	30704.6	0.556324	98806.5	0	0
neutron	939.565	3.49761	98840.7	0	0
neutron	939.565	0.30863	98840.7	0	0
alpha	3727.38	8.75945	98840.7	0	0
Si29	26984.3	1.73012	98840.7	0	0
neutron	939.565	12.3289	98786.7	0	0
neutron	939.565	3.39788	98786.7	0	0
neutron	939.565	1.39373	98786.7	0	0
Ne20	18617.7	1.97002	98786.7	0	0
neutron	939.565	0.188433	98873.1	0	0
Ne22	20479.7	0.224884	98873.1	0	0
neutron	939.565	12.2887	98876	0	0
neutron	939.565	11.0599	98876	0	0
neutron	939.565	6.46591	98876	0	0
alpha	3727.38	7.33836	98876	0	0
Si28	26053.2	0.623393	98876	0	0
neutron	939.565	37.4724	98839.6	0	0
neutron	939.565	9.72718	98839.6	0	0
neutron	939.565	0.86483	98839.6	0	0
S34	31632.7	0.965789	98839.6	0	0
neutron	939.565	1.01031	98873	0	0
S34	31632.7	0.10958	98873	0	0
neutron	939.565	12.3655	98881	0	0
proton	938.272	8.41378	98881	0	0
proton	938.272	5.02065	98881	0	0
neutron	939.565	1.51288	98881	0	0
neutron	939.565	1.32573	98881	0	0
Si30	27913.2	1.37593	98881	0	0
Ne23	21414.1	0.20776	98841.8	0	0
S35	32565.3	0.163426	98881.1	0	0
neutron	939.565	5.28904	98902.5	0	0
neutron	939.565	0.0951469	98902.5	0	0
S33	30704.6	0.293568	98902.5	0	0
Ne23	21414.1	0.22758	98871.4	0	0
neutron	939.565	0.325331	98851.6	0	0
S34	31632.7	0.147448	98851.6	0	0
neutron	939.565	0.801336	98881.7	0	0
S34	31632.7	0.0599311	98881.7	0	0
neutron	939.565	1.01894	98836.4	0	0
S34	31632.7	0.12636	98836.4	0	0
neutron	939.565	1.75685	98838.6	0	0
Ne22	20479.7	0.17396	98838.6	0	0
neutron	939.565	2.10427	98853.1	0	0
Ne22	20479.7	0.54504	98853.1	0	0
proton	938.272	10.683	98843.1	0	0
neutron	939.565	6.48223	98843.1	0	0
neutron	939.565	2.28269	98843.1	0	0
neutron	939.565	1.07008	98843.1	0	0
alpha	3727.38	11.5805	98843.1	0	0
N15	13968.9	0.411024	98843.1	0	0
neutron	939.565	0.175404	98815.8	0	0
Ne22	20479.7	0.24913	98815.8	0	0
neutron	939.565	17.7517	98811.6	0	0
neutron	939.565	2.43488	98811.6	0	0
alpha	3727.38	13.0945	98811.6	0	0
Si29	26984.3	2.26415	98811.6	0	0
neutron	939.565	0.677558	98807.4	0	0
S36	33495	0.176698	98807.4	0	0
Cl35	32564.6	0.180375	99996.3	442.742	442.353
Ne23	21414.1	0.20574	98922.2	0	0
neutron	939.565	5.16154	98928.7	0	0
neutron	939.565	4.28007	98928.7	0	0
neutron	939.565	3.76264	98928.7	0	0
alpha	3727.38	13.3417	98928.7	0	0
O16	14895.1	0.538621	98928.7	0	0
neutron	939.565	18.4021	98854.7	0	0
neutron	939.565	5.74748	98854.7	0	0
neutron	939.565	1.35387	98854.7	0	0
alpha	3727.38	7.50825	98854.7	0	0
Si28	26053.2	2.66711	98854.7	0	0
Cl37	34424.8	0.125024	98985.7	107.883	107.561
neutron	939.565	15.448	98830.5	0	0
neutron	939.565	4.03421	98830.5	0	0
neutron	939.565	0.981809	98830.5	0	0
S34	31632.7	0.48132	98830.5	0	0
Ne23	21414.1	0.223481	98822.6	0	0
neutron	939.565	13.1983	98810.8	0	0
neutron	939.565	3.13823	98810.8	0	0
neutron	939.565	1.99888	98810.8	0	0
Ne20	18617.7	0.467411	98810.8	0	0
proton	938.272	4.8792	98853.2	0	0
neutron	939.565	2.84815	98853.2	0	0
P33	30705.3	0.482692	98853.2	0	0
Cl35	32564.6	0.261018	99888.8	395.278	394.989
neutron	939.565	5.01659	98911.2	0	0
neutron	939.565	4.26305	98911.2	0	0
neutron	939.565	3.36552	98911.2	0	0
S34	31632.7	0.957651	98911.2	0	0
S37	34430.2	0.137439	98834.2	0	0
neutron	939.565	2.61983	98860.6	0	0
neutron	939.565	2.1988	98860.6	0	0
neutron	939.565	1.73068	98860.6	0	0
S34	31632.7	0.522071	98860.6	0	0
neutron	939.565	3.2311	98861.1	0	0
neutron	939.565	2.60846	98861.1	0	0
neutron	939.565	1.3285	98861.1	0	0
Ne20	18617.7	0.255728	98861.1	0	0
Ne23	21414.1	0.210248	98906.3	0	0
proton	938.272	9.12205	98857.1	0	0
neutron	939.565	2.97292	98857.1	0	0
neutron	939.565	1.23377	98857.1	0	0
neutron	939.565	0.565947	98857.1	0	0
P31	28844.2	0.256221	98857.1	0	0
S35	32565.3	0.165593	98827.9	0	0
neutron	939.565	0.0435265	98883.1	0	0
S36	33495	0.153053	98883.1	0	0
neutron	939.565	3.9797	98877.5	0	0
neutron	939.565	2.57348	98877.5	0	0
S35	32565.3	0.0663685	98877.5	0	0
Ne23	21414.1	0.233288	98856.3	0	0
neutron	939.565	6.73843	98867.5	0	0
neutron	939.565	0.468106	98867.5	0	0
alpha	3727.38	24.8779	98867.5	0	0
Si29	26984.3	6.23694	98867.5	0	0
neutron	939.565	1.73421	98851.1	0	0
neutron	939.565	1.14323	98851.1	0	0
neutron	939.565	0.405859	98851.1	0	0
alpha	3727.38	4.43765	98851.1	0	0
O16	14895.1	1.91643	98851.1	0	0
Cl35	32564.6	0.226406	99136.2	161.253	160.772
Ne23	21414.1	0.222177	98823.4	0	0
neutron	939.565	2.02437	98858.1	0	0
Ne22	20479.7	0.198724	98858.1	0	0
S35	32565.3	0.160994	98873.1	0	0
neutron	939.565	1.45827	98949.8	0	0
S36	33495	0.114485	98949.8	0	0
neutron	939.565	0.369082	98847.9	0	0
S34	31632.7	0.183163	98847.9	0	0
Ne23	21414.1	0.231551	98895.4	0	0
Ne23	21414.1	0.223409	98834.2	0	0
Ne23	21414.1	0.211997	98877.1	0	0
neutron	939.565	27.5032	98878.8	0	0
neutron	939.565	3.1145	98878.8	0	0
S35	32565.3	0.849888	98878.8	0	0
neutron	939.565	1.15444	98801.3	0	0
Ne22	20479.7	0.286589	98801.3	0	0
neutron	939.565	7.15868	98845.9	0	0
neutron	939.565	4.79984	98845.9	0	0
proton	938.272	4.62065	98845.9	0	0
neutron	939.565	0.560742	98845.9	0	0
P31	28844.2	0.15185	98845.9	0	0
S35	32565.3	0.16176	98848.2	0	0
neutron	939.565	1.30331	98882.8	0	0
Ne22	20479.7	0.193278	98882.8	0	0
Cl35	32564.6	0.760515	99351	222.493	221.71
neutron	939.565	0.146344	98948.6	0	0
S34	31632.7	0.188607	98948.6	0	0
neutron	939.565	24.4087	98860	0	0
neutron	939.565	4.72743	98860	0	0
Ne21	19550.5	0.8668	98860	0	0
S35	32565.3	0.152793	98876.7	0	0
Na23	21409.2	0.153258	98896.4	54.166	53.7293
neutron	939.565	0.10207	98842	0	0
S36	33495	0.119377	98842	0	0
neutron	939.565	0.740543	98894.4	0	0
S36	33495	0.0752807	98894.4	0	0
Ne23	21414.1	0.208957	98873.8	0	0
S35	32565.3	0.145311	98890.7	0	0
S35	32565.3	0.154651	98809.4	0	0
neutron	939.565	0.437188	98883.8	0	0
S34	31632.7	0.175636	98883.8	0	0
S35	32565.3	0.148371	98897.8	0	0
neutron	939.565	6.76734	98824.6	0	0
neutron	939.565	2.95496	98824.6	0	0
neutron	939.565	0.857773	98824.6	0	0
Ne20	18617.7	0.894029	98824.6	0	0
neutron	939.565	6.76289	98868.5	0	0
neutron	939.565	4.45097	98868.5	0	0
Ne21	19550.5	0.349613	98868.5	0	0
neutron	939.565	28.0458	98851.5	0	0
neutron	939.565	15.0357	98851.5	0	0
neutron	939.565	0.0534876	98851.5	0	0
Ne20	18617.7	0.647472	98851.5	0	0
Ne23	21414.1	0.206661	98812.1	0	0
neutron	939.565	1.0363	98831.5	0	0
Ne22	20479.7	0.235604	98831.5	0	0
neutron	939.565	0.373235	98898	0	0
S34	31632.7	0.133987	98898	0	0
neutron	939.565	0.151194	98824.6	0	0
Ne22	20479.7	0.283164	98824.6	0	0
neutron	939.565	14.363	98896	0	0
proton	938.272	11.6783	98896	0	0
neutron	939.565	2.76538	98896	0	0
neutron	939.565	0.855479	98896	0	0
F19	17692.3	1.96185	98896	0	0
neutron	939.565	4.05997	98850	0	0
neutron	939.565	2.61975	98850	0	0
neutron	939.565	1.13694	98850	0	0
Ne20	18617.7	0.265948	98850	0	0
neutron	939.565	9.76019	98796.3	0	0
neutron	939.565	8.61186	98796.3	0	0
neutron	939.565	2.80489	98796.3	0	0
S34	31632.7	0.498176	98796.3	0	0
neutron	939.565	0.542578	98809.8	0	0
S34	31632.7	0.119927	98809.8	0	0
neutron	939.565	19.5753	98846.1	0	0
proton	938.272	6.26543	98846.1	0	0
neutron	939.565	4.34033	98846.1	0	0
proton	938.272	4.03747	98846.1	0	0
neutron	939.565	3.36326	98846.1	0	0
Si30	27913.2	0.64788	98846.1	0	0
neutron	939.565	9.04546	98842.7	0	0
neutron	939.565	0.963592	98842.7	0	0
neutron	939.565	0.676703	98842.7	0	0
S32	29773.6	0.237784	98842.7	0	0
proton	938.272	11.5988	98926.5	0	0
neutron	939.565	11.1149	98926.5	0	0
proton	938.272	9.66967	98926.5	0	0
neutron	939.565	0.0611874	98926.5	0	0
O19	17697.6	0.727826	98926.5	0	0
Ne23	21414.1	0.227377	98814.6	0	0
neutron	939.565	0.431021	98858	0	0
S34	31632.7	0.0871296	98858	0	0
neutron	939.565	1.7284	98891.5	0	0
S34	31632.7	0.160041	98891.5	0	0
neutron	939.565	25.083	98834	0	0
neutron	939.565	11.3945	98834	0	0
neutron	939.565	7.40553	98834	0	0
Ne20	18617.7	0.774577	98834	0	0
S35	32565.3	0.154903	98832.7	0	0
Ne23	21414.1	0.212656	98876.6	0	0
neutron	939.565	0.594639	98864.9	0	0
S34	31632.7	0.106957	98864.9	0	0
neutron	939.565	0.507898	98864.5	0	0
S34	31632.7	0.193222	98864.5	0	0
neutron	939.565	24.6428	98848	0	0
proton	938.272	19.1086	98848	0	0
P33	30705.3	0.396977	98848	0	0
S35	32565.3	0.150072	98863.2	0	0
neutron	939.565	0.374283	98877.1	0	0
S34	31632.7	0.115708	98877.1	0	0
neutron	939.565	38.9872	98823.7	0	0
neutron	939.565	22.728	98823.7	0	0
neutron	939.565	3.02135	98823.7	0	0
S34	31632.7	0.680479	98823.7	0	0
neutron	939.565	3.96031	98880.7	0	0
neutron	939.565	0.275632	98880.7	0	0
S33	30704.6	0.385404	98880.7	0	0
Na23	21409.2	0.117221	99376.5	226.68	226.5
neutron	939.565	6.40236	98955	0	0
neutron	939.565	1.52912	98955	0	0
S33	30704.6	0.218439	98955	0	0
neutron	939.565	0.662908	98827.1	0	0
S36	33495	0.0685026	98827.1	0	0
neutron	939.565	0.375823	98836.8	0	0
Ne22	20479.7	0.123439	98836.8	0	0
proton	938.272	23.6168	98867	0	0
neutron	939.565	4.51437	98867	0	0
P33	30705.3	0.451761	98867	0	0
neutron	939.565	0.26156	98897.6	0	0
Ne22	20479.7	0.183346	98897.6	0	0
Ne23	21414.1	0.223875	98827.7	0	0
neutron	939.565	12.2189	98822.2	0	0
neutron	939.565	8.52275	98822.2	0	0
proton	938.272	5.52251	98822.2	0	0
F20	18625.3	2.5089	98822.2	0	0
neutron	939.565	5.88821	98889.8	0	0
neutron	939.565	5.28206	98889.8	0	0
neutron	939.565	4.12732	98889.8	0	0
S34	31632.7	0.85143	98889.8	0	0
neutron	939.565	1.05604	98807.6	0	0
Ne22	20479.7	0.219031	98807.6	0	0
neutron	939.565	8.05817	98924.7	0	0
neutron	939.565	1.79868	98924.7	0	0
neutron	939.565	1.13881	98924.7	0	0
alpha	3727.38	4.49782	98924.7	0	0
O16	14895.1	3.76064	98924.7	0	0
Ne23	21414.1	0.224961	98888.2	0	0
Ne23	21414.1	0.231135	98913.8	0	0
neutron	939.565	1.51468	98903.4	0	0
Ne22	20479.7	0.117491	98903.4	0	0
Ne23	21414.1	0.220888	98792.3	0	0
proton	938.272	16.899	98866.8	0	0
neutron	939.565	2.89677	98866.8	0	0
neutron	939.565	1.64132	98866.8	0	0
P32	29775.8	0.575538	98866.8	0	0
neutron	939.565	1.43678	98850	0	0
Ne22	20479.7	0.137137	98850	0	0
neutron	939.565	12.5733	98903.5	0	0
neutron	939.565	5.20686	98903.5	0	0
neutron	939.565	1.49213	98903.5	0	0
alpha	3727.38	7.6008	98903.5	0	0
O16	14895.1	6.32732	98903.5	0	0
Cl35	32564.6	0.232244	99375.2	224.717	224.462
neutron	939.565	4.79457	98878.5	0	0
Ne22	20479.7	0.493876	98878.5	0	0
neutron	939.565	5.21224	98888.9	0	0
neutron	939.565	4.90598	98888.9	0	0
neutron	939.565	3.11255	98888.9	0	0
Ne20	18617.7	0.885148	98888.9	0	0
S35	32565.3	0.156079	98829.8	0	0
neutron	939.565	5.02323	98879.7	0	0
neutron	939.565	2.45041	98879.7	0	0
alpha	3727.38	13.2181	98879.7	0	0
Si29	26984.3	2.39867	98879.7	0	0
Na23	21409.2	0.105143	99025.7	88.9617	88.7217
S35	32565.3	0.151574	98835.2	0	0
Ne23	21414.1	0.228498	98928	0	0
S35	32565.3	0.152356	98861.3	0	0
neutron	939.565	4.95561	98839.9	0	0
proton	938.272	2.76448	98839.9	0	0
P33	30705.3	0.455832	98839.9	0	0
S35	32565.3	0.154326	98832.6	0	0
neutron	939.565	0.0357282	98860	0	0
Ne22	20479.7	0.229341	98860	0	0
S37	34430.2	0.13751	98821.4	0	0
neutron	939.565	1.40237	98829.6	0	0
S36	33495	0.242658	98829.6	0	0
neutron	939.565	15.8571	98873.3	0	0
neutron	939.565	1.77181	98873.3	0	0
neutron	939.565	1.66135	98873.3	0	0
Ne20	18617.7	1.02098	98873.3	0	0
Ne23	21414.1	0.207611	98836.9	0	0
Ne23	21414.1	0.219948	98871.6	0	0
neutron	939.565	0.851009	98934.2	0	0
S34	31632.7	0.0623923	98934.2	0	0
neutron	939.565	5.88111	98837.4	0	0
neutron	939.565	4.79705	98837.4	0	0
neutron	939.565	0.773083	98837.4	0	0
alpha	3727.38	4.5047	98837.4	0	0
O16	14895.1	0.87643	98837.4	0	0
S37	34430.2	0.131707	98939.1	0	0
Ne23	21414.1	0.213825	98858	0	0
neutron	939.565	1.22367	98833.7	0	0
S36	33495	0.0395879	98833.7	0	0
neutron	939.565	7.53377	98816.1	0	0
neutron	939.565	7.52095	98816.1	0	0
neutron	939.565	1.82547	98816.1	0	0
Ne20	18617.7	1.05211	98816.1	0	0
neutron	939.565	1.66143	98896.3	0	0
S34	31632.7	0.219389	98896.3	0	0
neutron	939.565	0.268143	98854.4	0	0
S34	31632.7	0.116312	98854.4	0	0
Ne23	21414.1	0.224251	98901.2	0	0
neutron	939.565	0.0243628	98846.6	0	0
S36	33495	0.143783	98846.6	0	0
Ne23	21414.1	0.227438	98820.6	0	0
neutron	939.565	1.1037	98887.3	0	0
S34	31632.7	0.0909238	98887.3	0	0
neutron	939.565	2.02438	98822.2	0	0
S34	31632.7	0.28619	98822.2	0	0
neutron	939.565	6.23082	98888	0	0
neutron	939.565	1.13939	98888	0	0
neutron	939.565	0.0575155	98888	0	0
alpha	3727.38	5.91945	98888	0	0
O16	14895.1	0.405295	98888	0	0
neutron	939.565	0.658676	98879.5	0	0
S36	33495	0.144949	98879.5	0	0
neutron	939.565	2.72162	98840.4	0	0
S34	31632.7	0.396199	98840.4	0	0
neutron	939.565	1.18541	98773.2	0	0
S34	31632.7	0.290964	98773.2	0	0
Ne23	21414.1	0.234719	98849.8	0	0
neutron	939.565	0.901047	98870.5	0	0
S34	31632.7	0.241534	98870.5	0	0
proton	938.272	18.8474	98847.3	0	0
neutron	939.565	3.63655	98847.3	0	0
neutron	939.565	3.03033	98847.3	0	0
neutron	939.565	1.15487	98847.3	0	0
F19	17692.3	0.448408	98847.3	0	0
neutron	939.565	1.25523	98838.2	0	0
Ne22	20479.7	0.385467	98838.2	0	0
neutron	939.565	17.4676	98875.8	0	0
neutron	939.565	13.1413	98875.8	0	0
neutron	939.565	5.4367	98875.8	0	0
Ne20	18617.7	2.11222	98875.8	0	0
Ne23	21414.1	0.224675	98862	0	0
neutron	939.565	1.2918	98865.4	0	0
Ne22	20479.7	0.293987	98865.4	0	0
neutron	939.565	3.47372	98799.3	0	0
neutron	939.565	0.98103	98799.3	0	0
alpha	3727.38	16.4228	98799.3	0	0
Si29	26984.3	1.63803	98799.3	0	0
Ne23	21414.1	0.227761	98853.9	0	0
Ne23	21414.1	0.226094	98866.2	0	0
Cl35	32564.6	0.124036	98836	17.517	17.3921
Ne23	21414.1	0.205335	98897.9	0	0
neutron	939.565	5.29644	98854.8	0	0
neutron	939.565	4.77792	98854.8	0	0
neutron	939.565	3.80133	98854.8	0	0
S32	29773.6	0.487695	98854.8	0	0
Ne23	21414.1	0.228174	98904.6	0	0
neutron	939.565	0.0748204	98910.4	0	0
S34	31632.7	0.124733	98910.4	0	0
neutron	939.565	21.7143	98844.5	0	0
proton	938.272	3.63425	98844.5	0	0
F21	19556.7	1.24391	98844.5	0	0
neutron	939.565	7.72192	98846	0	0
neutron	939.565	3.72143	98846	0	0
neutron	939.565	1.56763	98846	0	0
Ne20	18617.7	0.0666061	98846	0	0
Ne23	21414.1	0.231842	98889.6	0	0
neutron	939.565	1.78603	98896.9	0	0
Ne22	20479.7	0.139769	98896.9	0	0
neutron	939.565	0.350242	98829.5	0	0
S34	31632.7	0.224011	98829.5	0	0
neutron	939.565	0.802092	98864.8	0	0
S34	31632.7	0.210025	98864.8	0	0
neutron	939.565	20.8716	98976.1	0	0
neutron	939.565	2.5074	98976.1	0	0
neutron	939.565	0.477492	98976.1	0	0
S32	29773.6	0.236362	98976.1	0	0
neutron	939.565	13.1658	98896.8	0	0
neutron	939.565	1.20385	98896.8	0	0
neutron	939.565	0.40686	98896.8	0	0
alpha	3727.38	10.5806	98896.8	0	0
Si28	26053.2	1.75276	98896.8	0	0
neutron	939.565	4.60771	98883.2	0	0
neutron	939.565	3.45458	98883.2	0	0
neutron	939.565	2.18155	98883.2	0	0
alpha	3727.38	5.16209	98883.2	0	0
O16	14895.1	1.407	98883.2	0	0
S35	32565.3	0.159056	98841.7	0	0
neutron	939.565	0.462855	98856.1	0	0
S34	31632.7	0.222283	98856.1	0	0
neutron	939.565	0.343573	98832.1	0	0
Ne22	20479.7	0.290597	98832.1	0	0
neutron	939.565	0.233746	98847.9	0	0
S34	31632.7	0.124379	98847.9	0	0
neutron	939.565	12.7581	98808.1	0	0
neutron	939.565	5.59128	98808.1	0	0
neutron	939.565	3.44538	98808.1	0	0
neutron	939.565	3.10138	98808.1	0	0
neutron	939.565	0.402246	98808.1	0	0
S32	29773.6	0.478555	98808.1	0	0
Ne23	21414.1	0.221221	98888	0	0
neutron	939.565	6.89488	98841.2	0	0
neutron	939.565	0.197176	98841.2	0	0
Ne21	19550.5	0.837093	98841.2	0	0
Cl35	32564.6	0.0900189	99783.5	368.326	368.117
neutron	939.565	0.838945	98863.9	0	0
Ne22	20479.7	0.405745	98863.9	0	0
neutron	939.565	0.34627	98892.4	0	0
Ne22	20479.7	0.293484	98892.4	0	0
Cl35	32564.6	0.178276	99685.6	339.578	339.073
Cl35	32564.6	0.074684	98855.9	24.1631	24.0708
neutron	939.565	7.53564	98841.8	0	0
neutron	939.565	1.23458	98841.8	0	0
neutron	939.565	0.93035	98841.8	0	0
alpha	3727.38	4.212	98841.8	0	0
O16	14895.1	3.63425	98841.8	0	0
Ne23	21414.1	0.222541	98804.9	0	0
neutron	939.565	2.68745	98877.8	0	0
S34	31632.7	0.0238565	98877.8	0	0
neutron	939.565	0.701007	98883.4	0	0
Ne22	20479.7	0.122417	98883.4	0	0
neutron	939.565	12.6773	98860.5	0	0
neutron	939.565	8.15075	98860.5	0	0
neutron	939.565	6.91353	98860.5	0	0
Ne20	18617.7	0.115691	98860.5	0	0
neutron	939.565	8.91602	98866.4	0	0
neutron	939.565	2.57994	98866.4	0	0
neutron	939.565	1.99303	98866.4	0	0
S32	29773.6	0.582771	98866.4	0	0
neutron	939.565	6.23306	98830.8	0	0
neutron	939.565	0.825283	98830.8	0	0
Ne21	19550.5	0.399001	98830.8	0	0
proton	938.272	21.4569	98860.1	0	0
neutron	939.565	2.11852	98860.1	0	0
F21	19556.7	1.23216	98860.1	0	0
neutron	939.565	1.01698	98903.6	0	0
S34	31632.7	0.0892109	98903.6	0	0
neutron	939.565	0.31425	98896.1	0	0
S34	31632.7	0.0932877	98896.1	0	0
S37	34430.2	0.143443	98865.3	0	0
neutron	939.565	0.62892	98892.6	0	0
Ne22	20479.7	0.248538	98892.6	0	0
neutron	939.565	6.13715	98831.4	0	0
neutron	939.565	3.78696	98831.4	0	0
neutron	939.565	2.03178	98831.4	0	0
alpha	3727.38	10.0792	98831.4	0	0
O16	14895.1	5.38596	98831.4	0	0
neutron	939.565	0.626058	98900	0	0
Ne22	20479.7	0.314696	98900	0	0
neutron	939.565	1.44629	98818.2	0	0
Ne22	20479.7	0.134931	98818.2	0	0
neutron	939.565	0.320355	98861.8	0	0
Ne22	20479.7	0.245436	98861.8	0	0
S35	32565.3	0.149538	98863.4	0	0
S37	34430.2	0.136001	98823.3	0	0
neutron	939.565	0.591841	98823.5	0	0
S34	31632.7	0.159873	98823.5	0	0
neutron	939.565	33.2621	98870.4	0	0
neutron	939.565	7.77155	98870.4	0	0
neutron	939.565	1.12347	98870.4	0	0
Ne20	18617.7	0.989304	98870.4	0	0
Ne23	21414.1	0.231333	98887.2	0	0
neutron	939.565	0.0153643	98834.4	0	0
Ne22	20479.7	0.229311	98834.4	0	0
neutron	939.565	3.91928	98848.1	0	0
neutron	939.565	2.29798	98848.1	0	0
neutron	939.565	0.83151	98848.1	0	0
alpha	3727.38	9.63004	98848.1	0	0
Si28	26053.2	0.991747	98848.1	0	0
neutron	939.565	1.54688	98843.3	0	0
S34	31632.7	0.329308	98843.3	0	0
neutron	939.565	4.70705	98853.4	0	0
neutron	939.565	2.80822	98853.4	0	0
Ne21	19550.5	0.194916	98853.4	0	0
neutron	939.565	0.271039	98864.8	0	0
S36	33495	0.170464	98864.8	0	0
Cl35	32564.6	0.0905079	99626.4	316.086	315.931
neutron	939.565	0.663408	98876.7	0	0
S34	31632.7	0.0886162	98876.7	0	0
neutron	939.565	0.239245	98892.4	0	0
Ne22	20479.7	0.255552	98892.4	0	0
Na23	21409.2	0.217057	99324	193.086	192.83
Ne23	21414.1	0.221601	98914.3	0	0
neutron	939.565	9.71201	98906.7	0	0
neutron	939.565	2.30342	98906.7	0	0
proton	938.272	2.28865	98906.7	0	0
P32	29775.8	0.17598	98906.7	0	0
neutron	939.565	1.84059	98898.1	0	0
Ne22	20479.7	0.156246	98898.1	0	0
S35	32565.3	0.164045	98862.7	0	0
neutron	939.565	0.410067	98862	0	0
Ne22	20479.7	0.126233	98862	0	0
proton	938.272	19.7694	98862.7	0	0
neutron	939.565	2.64903	98862.7	0	0
neutron	939.565	1.64853	98862.7	0	0
P32	29775.8	0.476249	98862.7	0	0
neutron	939.565	2.20253	98884.3	0	0
Ne22	20479.7	0.289332	98884.3	0	0
neutron	939.565	0.239733	98805	0	0
S34	31632.7	0.150105	98805	0	0
neutron	939.565	0.468536	98870.2	0	0
Ne22	20479.7	0.292173	98870.2	0	0
Ne23	21414.1	0.211053	98802	0	0
neutron	939.565	0.835927	98874.8	0	0
neutron	939.565	0.671427	98874.8	0	0
deuteron	1875.61	15.7444	98874.8	0	0
F19	17692.3	1.35377	98874.8	0	0
neutron	939.565	10.424	98815	0	0
proton	938.272	5.39673	98815	0	0
neutron	939.565	3.78682	98815	0	0
proton	938.272	3.71664	98815	0	0
Si31	28846.2	0.0818894	98815	0	0
Ne23	21414.1	0.229914	98846.8	0	0
Ne23	21414.1	0.226925	98851.7	0	0
Ne23	21414.1	0.22859	98927.5	0	0
neutron	939.565	0.309205	98867.2	0	0
Ne22	20479.7	0.127317	98867.2	0	0
neutron	939.565	0.116254	98881	0	0
S34	31632.7	0.179145	98881	0	0
neutron	939.565	0.313102	98897.4	0	0
Ne22	20479.7	0.311364	98897.4	0	0
Ne23	21414.1	0.232912	98881.4	0	0
neutron	939.565	0.231157	98821.8	0	0
S34	31632.7	0.187807	98821.8	0	0
neutron	939.565	13.1636	98825.9	0	0
proton	938.272	9.06849	98825.9	0	0
F21	19556.7	0.667587	98825.9	0	0
Ne23	21414.1	0.230714	98802.3	0	0
neutron	939.565	0.152809	98837.1	0	0
S34	31632.7	0.154671	98837.1	0	0
neutron	939.565	4.515	98881	0	0
neutron	939.565	4.27162	98881	0	0
neutron	939.565	3.09959	98881	0	0
alpha	3727.38	3.82639	98881	0	0
O16	14895.1	2.2072	98881	0	0
Na23	21409.2	0.44288	99574.6	294.421	293.974
neutron	939.565	2.01919	98840.6	0	0
Ne22	20479.7	0.434745	98840.6	0	0
neutron	939.565	3.45197	98842.5	0	0
S34	31632.7	0.0885128	98842.5	0	0
Cl35	32564.6	0.0670362	99863.7	393.797	393.59
Cl35	32564.6	0.0672203	99478.3	274.318	274.048
neutron	939.565	32.8146	98828.2	0	0
proton	938.272	2.84217	98828.2	0	0
P33	30705.3	1.34565	98828.2	0	0
proton	938.272	3.07034	98869.1	0	0
neutron	939.565	2.57911	98869.1	0	0
neutron	939.565	2.14194	98869.1	0	0
neutron	939.565	1.92246	98869.1	0	0
neutron	939.565	0.888537	98869.1	0	0
alpha	3727.38	12.2865	98869.1	0	0
N14	13040.2	2.87816	98869.1	0	0
neutron	939.565	4.02964	98909.2	0	0
neutron	939.565	2.65084	98909.2	0	0
neutron	939.565	1.98802	98909.2	0	0
S32	29773.6	0.119091	98909.2	0	0
neutron	939.565	1.5007	98887	0	0
Ne22	20479.7	0.281519	98887	0	0
S35	32565.3	0.148464	98812.1	0	0
neutron	939.565	6.57161	98814.6	0	0
neutron	939.565	4.2356	98814.6	0	0
neutron	939.565	3.77527	98814.6	0	0
Ne20	18617.7	0.247395	98814.6	0	0
Ne23	21414.1	0.222682	98872	0	0
neutron	939.565	7.23888	98894.3	0	0
neutron	939.565	5.01145	98894.3	0	0
Ne21	19550.5	0.538104	98894.3	0	0
S37	34430.2	0.140397	98874.3	0	0
neutron	939.565	38.7632	98898.6	0	0
neutron	939.565	2.52041	98898.6	0	0
neutron	939.565	2.07411	98898.6	0	0
alpha	3727.38	7.37508	98898.6	0	0
O16	14895.1	2.43033	98898.6	0	0
Na23	21409.2	0.179418	99585.2	294.688	294.469
Ne23	21414.1	0.202852	98849.4	0	0
Ne23	21414.1	0.223769	98913.6	0	0
proton	938.272	7.45034	98835.5	0	0
neutron	939.565	3.87177	98835.5	0	0
neutron	939.565	3.71758	98835.5	0	0
neutron	939.565	2.52478	98835.5	0	0
proton	938.272	2.12756	98835.5	0	0
Si30	27913.2	0.328815	98835.5	0	0
neutron	939.565	2.40926	98798.9	0	0
S34	31632.7	0.341893	98798.9	0	0
proton	938.272	49.8448	98837.9	0	0
neutron	939.565	1.0062	98837.9	0	0
P33	30705.3	1.25765	98837.9	0	0
Cl37	34424.8	0.770273	99197.8	158.597	157.741
neutron	939.565	0.104217	98984.5	0	0
S34	31632.7	0.188694	98984.5	0	0
neutron	939.565	0.110296	98839.4	0	0
S34	31632.7	0.166493	98839.4	0	0
neutron	939.565	1.78453	98855.7	0	0
S34	31632.7	0.220282	98855.7	0	0
Na23	21409.2	0.102313	99473.3	260.919	260.683
neutron	939.565	10.0458	98889.1	0	0
neutron	939.565	5.88778	98889.1	0	0
neutron	939.565	1.20572	98889.1	0	0
Ne20	18617.7	1.236	98889.1	0	0
Cl37	34424.8	0.10818	99522.5	283.077	282.887
Ne23	21414.1	0.214794	98870.6	0	0
neutron	939.565	19.7183	98906	0	0
proton	938.272	7.67839	98906	0	0
neutron	939.565	4.39745	98906	0	0
P32	29775.8	0.521785	98906	0	0
neutron	939.565	5.8902	98870.1	0	0
neutron	939.565	2.55291	98870.1	0	0
S35	32565.3	0.230042	98870.1	0	0
Ne23	21414.1	0.22875	98911.9	0	0
Ne23	21414.1	0.232743	98865.3	0	0
neutron	939.565	3.84127	98895.2	0	0
Ne22	20479.7	0.24607	98895.2	0	0
Ne23	21414.1	0.215525	98893.9	0	0
Ne23	21414.1	0.227686	98816.1	0	0
S35	32565.3	0.15012	98874.8	0	0
S37	34430.2	0.134246	98832.5	0	0
neutron	939.565	20.3478	98897.9	0	0
neutron	939.565	2.59191	98897.9	0	0
neutron	939.565	0.0956424	98897.9	0	0
S34	31632.7	0.16956	98897.9	0	0
Na23	21409.2	0.257561	99866	392.634	392.221
Ne23	21414.1	0.229547	98903.3	0	0
neutron	939.565	0.125266	98839.4	0	0
Ne22	20479.7	0.264048	98839.4	0	0
Ne23	21414.1	0.206758	98855.1	0	0
neutron	939.565	11.3968	98853.5	0	0
proton	938.272	6.53375	98853.5	0	0
neutron	939.565	4.87033	98853.5	0	0
neutron	939.565	0.263335	98853.5	0	0
F19	17692.3	0.712289	98853.5	0	0
proton	938.272	15.9893	98851.3	0	0
neutron	939.565	9.18385	98851.3	0	0
proton	938.272	5.88173	98851.3	0	0
neutron	939.565	2.45083	98851.3	0	0
neutron	939.565	0.662536	98851.3	0	0
O18	16762	0.837793	98851.3	0	0
Cl35	32564.6	0.376649	99117	144.61	144.082
neutron	939.565	2.55466	98880.6	0	0
S34	31632.7	0.325578	98880.6	0	0
neutron	939.565	2.61409	98825.2	0	0
Ne22	20479.7	0.468724	98825.2	0	0
neutron	939.565	0.307455	98895.9	0	0
S36	33495	0.19846	98895.9	0	0
neutron	939.565	0.290041	98831.5	0	0
Ne22	20479.7	0.303961	98831.5	0	0
neutron	939.565	0.93597	98862.7	0	0
S34	31632.7	0.200149	98862.7	0	0
Ne23	21414.1	0.210997	98791.3	0	0
neutron	939.565	4.5071	98873.6	0	0
Ne22	20479.7	0.725625	98873.6	0	0
neutron	939.565	33.844	98866.7	0	0
neutron	939.565	3.92001	98866.7	0	0
neutron	939.565	1.41564	98866.7	0	0
alpha	3727.38	8.44883	98866.7	0	0
O16	14895.1	3.1993	98866.7	0	0
proton	938.272	7.49005	98812.8	0	0
neutron	939.565	4.98047	98812.8	0	0
neutron	939.565	1.37073	98812.8	0	0
F20	18625.3	0.329502	98812.8	0	0
proton	938.272	5.51107	98871.1	0	0
F22	20491.1	0.270423	98871.1	0	0
neutron	939.565	27.7809	98816.7	0	0
proton	938.272	17.358	98816.7	0	0
neutron	939.565	4.05886	98816.7	0	0
P32	29775.8	0.681425	98816.7	0	0
neutron	939.565	3.6964	98824.2	0	0
neutron	939.565	3.17906	98824.2	0	0
S33	30704.6	0.0205008	98824.2	0	0
neutron	939.565	1.77862	98885.9	0	0
S34	31632.7	0.195095	98885.9	0	0
Ne23	21414.1	0.217496	98889.3	0	0
proton	938.272	5.08691	98853.8	0	0
neutron	939.565	4.58837	98853.8	0	0
neutron	939.565	1.67987	98853.8	0	0
F20	18625.3	1.22561	98853.8	0	0
neutron	939.565	36.9779	98834.3	0	0
neutron	939.565	1.52145	98834.3	0	0
neutron	939.565	1.34964	98834.3	0	0
neutron	939.565	0.186936	98834.3	0	0
S33	30704.6	1.03521	98834.3	0	0
Cl35	32564.6	0.0682072	99984.9	438.452	438.379
Cl37	34424.8	0.17436	99741.1	360.093	359.582
S35	32565.3	0.151263	98843.8	0	0
neutron	939.565	11.2084	98820.4	0	0
neutron	939.565	1.0716	98820.4	0	0
neutron	939.565	1.04092	98820.4	0	0
alpha	3727.38	11.3812	98820.4	0	0
Si28	26053.2	3.51593	98820.4	0	0
neutron	939.565	0.37321	98844	0	0
S34	31632.7	0.170454	98844	0	0
neutron	939.565	6.44542	98858.9	0	0
proton	938.272	5.42694	98858.9	0	0
proton	938.272	4.4545	98858.9	0	0
neutron	939.565	2.90486	98858.9	0	0
neutron	939.565	2.38271	98858.9	0	0
neutron	939.565	0.209729	98858.9	0	0
Si29	26984.3	0.933413	98858.9	0	0
neutron	939.565	12.7979	98874.9	0	0
neutron	939.565	9.93256	98874.9	0	0
neutron	939.565	5.77295	98874.9	0	0
proton	938.272	3.09917	98874.9	0	0
alpha	3727.38	5.7123	98874.9	0	0
Al27	25126.5	3.06012	98874.9	0	0
neutron	939.565	0.526911	98859.2	0	0
S34	31632.7	0.17741	98859.2	0	0
neutron	939.565	2.24618	98856.8	0	0
Ne22	20479.7	0.405419	98856.8	0	0
neutron	939.565	0.205167	98872.1	0	0
S34	31632.7	0.182577	98872.1	0	0
neutron	939.565	7.52296	98883.7	0	0
neutron	939.565	7.27303	98883.7	0	0
neutron	939.565	3.97671	98883.7	0	0
proton	938.272	2.51342	98883.7	0	0
alpha	3727.38	3.54475	98883.7	0	0
N15	13968.9	1.50711	98883.7	0	0
neutron	939.565	6.51241	98848.8	0	0
proton	938.272	6.48944	98848.8	0	0
proton	938.272	2.07471	98848.8	0	0
neutron	939.565	1.95356	98848.8	0	0
neutron	939.565	0.293982	98848.8	0	0
Si30	27913.2	0.831859	98848.8	0	0
Ne23	21414.1	0.19912	98843.4	0	0
neutron	939.565	5.106	98850.4	0	0
neutron	939.565	5.02363	98850.4	0	0
neutron	939.565	3.204	98850.4	0	0
neutron	939.565	2.49821	98850.4	0	0
alpha	3727.38	14.0075	98850.4	0	0
O15	13971.2	6.45227	98850.4	0	0
Ne23	21414.1	0.2136	98848	0	0
neutron	939.565	0.542281	98906	0	0
Ne22	20479.7	0.207986	98906	0	0
Ne23	21414.1	0.218509	98925.6	0	0
neutron	939.565	2.49155	98870.1	0	0
Ne22	20479.7	0.585329	98870.1	0	0
neutron	939.565	7.00952	98867	0	0
neutron	939.565	4.17001	98867	0	0
proton	938.272	3.74079	98867	0	0
proton	938.272	3.00349	98867	0	0
neutron	939.565	1.24651	98867	0	0
neutron	939.565	0.371212	98867	0	0
O17	15830.5	1.40936	98867	0	0
neutron	939.565	15.5032	98860	0	0
neutron	939.565	11.2573	98860	0	0
neutron	939.565	2.23189	98860	0	0
Ne20	18617.7	0.456285	98860	0	0
neutron	939.565	0.912902	98831.8	0	0
S36	33495	0.234517	98831.8	0	0
neutron	939.565	48.9448	98859.9	0	0
neutron	939.565	2.58195	98859.9	0	0
neutron	939.565	1.04954	98859.9	0	0
Ne20	18617.7	2.75983	98859.9	0	0
neutron	939.565	1.92759	98861.4	0	0
Ne22	20479.7	0.427856	98861.4	0	0
neutron	939.565	0.530129	98812.8	0	0
S34	31632.7	0.201281	98812.8	0	0
neutron	939.565	5.96038	98891.4	0	0
neutron	939.565	3.21356	98891.4	0	0
neutron	939.565	2.94233	98891.4	0	0
alpha	3727.38	11.7284	98891.4	0	0
O16	14895.1	0.930026	98891.4	0	0
neutron	939.565	23.6637	98856.1	0	0
neutron	939.565	3.92012	98856.1	0	0
neutron	939.565	3.8375	98856.1	0	0
Ne20	18617.7	2.49782	98856.1	0	0
Ne23	21414.1	0.222493	98813.2	0	0
neutron	939.565	0.322665	98789.9	0	0
S34	31632.7	0.135764	98789.9	0	0
Cl37	34424.8	0.123588	99368.9	220.854	220.641
Ne23	21414.1	0.232307	98882.3	0	0
Ne23	21414.1	0.217062	98848.5	0	0
neutron	939.565	1.4853	98867.1	0	0
Ne22	20479.7	0.0815037	98867.1	0	0
Cl35	32564.6	0.191672	99099.4	136.527	136.282
neutron	939.565	0.989876	98818.6	0	0
Ne22	20479.7	0.326504	98818.6	0	0
neutron	939.565	0.872841	98884.7	0	0
S34	31632.7	0.215847	98884.7	0	0
Ne23	21414.1	0.232912	98853.2	0	0
neutron	939.565	31.2952	98805.6	0	0
proton	938.272	14.947	98805.6	0	0
P33	30705.3	0.926895	98805.6	0	0
neutron	939.565	10.6089	98897.5	0	0
neutron	939.565	5.30908	98897.5	0	0
neutron	939.565	1.92841	98897.5	0	0
alpha	3727.38	17.629	98897.5	0	0
O16	14895.1	4.6724	98897.5	0	0
neutron	939.565	8.12439	98903.1	0	0
neutron	939.565	4.70113	98903.1	0	0
neutron	939.565	3.51167	98903.1	0	0
alpha	3727.38	5.95509	98903.1	0	0
O16	14895.1	2.53416	98903.1	0	0
neutron	939.565	16.8965	98833.9	0	0
neutron	939.565	2.98164	98833.9	0	0
neutron	939.565	0.41829	98833.9	0	0
S34	31632.7	0.465205	98833.9	0	0
Cl35	32564.6	0.267544	99357.7	215.241	214.861
neutron	939.565	24.3244	98955.7	0	0
neutron	939.565	1.35806	98955.7	0	0
deuteron	1875.61	9.06713	98955.7	0	0
F19	17692.3	0.0865553	98955.7	0	0
neutron	939.565	6.11652	98876.4	0	0
proton	938.272	4.85878	98876.4	0	0
neutron	939.565	4.20304	98876.4	0	0
neutron	939.565	2.14062	98876.4	0	0
alpha	3727.38	8.33999	98876.4	0	0
N15	13968.9	0.586145	98876.4	0	0
neutron	939.565	0.40259	98932.8	0	0
Ne22	20479.7	0.287206	98932.8	0	0
Na23	21409.2	0.103842	99154.3	148.71	148.461
S35	32565.3	0.153792	98847.3	0	0
Ne23	21414.1	0.226146	98801	0	0
Ne23	21414.1	0.231745	98892.7	0	0
Cl35	32564.6	0.0896496	99117.6	141.631	141.396
Ne23	21414.1	0.232067	98841.9	0	0
Na23	21409.2	0.180737	99430.1	254.569	253.464
neutron	939.565	1.01	98843.4	0	0
S34	31632.7	0.127534	98843.4	0	0
neutron	939.565	0.483705	98828.7	0	0
Ne22	20479.7	0.198101	98828.7	0	0
neutron	939.565	2.28917	98856.6	0	0
S34	31632.7	0.268906	98856.6	0	0
neutron	939.565	6.25613	98871.5	0	0
neutron	939.565	2.3657	98871.5	0	0
neutron	939.565	0.298142	98871.5	0	0
alpha	3727.38	9.4306	98871.5	0	0
O16	14895.1	5.47748	98871.5	0	0
neutron	939.565	0.170298	98840.2	0	0
S34	31632.7	0.111183	98840.2	0	0
neutron	939.565	14.914	98789.6	0	0
neutron	939.565	2.97132	98789.6	0	0
neutron	939.565	2.27559	98789.6	0	0
alpha	3727.38	3.99886	98789.6	0	0
O16	14895.1	2.80139	98789.6	0	0
neutron	939.565	15.8735	98846.5	0	0
neutron	939.565	2.86617	98846.5	0	0
neutron	939.565	0.5384	98846.5	0	0
Ne20	18617.7	0.988068	98846.5	0	0
proton	938.272	7.06897	98860.8	0	0
proton	938.272	4.08191	98860.8	0	0
neutron	939.565	2.17965	98860.8	0	0
neutron	939.565	1.14306	98860.8	0	0
neutron	939.565	0.961635	98860.8	0	0
Si30	27913.2	0.961577	98860.8	0	0
neutron	939.565	29.7294	98827.5	0	0
neutron	939.565	3.31194	98827.5	0	0
neutron	939.565	0.41252	98827.5	0	0
S34	31632.7	1.03196	98827.5	0	0
neutron	939.565	0.929663	98876	0	0
Ne22	20479.7	0.301029	98876	0	0
Ne23	21414.1	0.228292	98887.7	0	0
neutron	939.565	1.33021	98851.8	0	0
Ne22	20479.7	0.0980084	98851.8	0	0
Cl35	32564.6	0.141201	98955.3	86.0832	85.5321
neutron	939.565	30.2177	98833.7	0	0
proton	938.272	20.1214	98833.7	0	0
neutron	939.565	2.17102	98833.7	0	0
P32	29775.8	0.577357	98833.7	0	0
Cl37	34424.8	0.220712	99543.9	289.293	288.939
Cl35	32564.6	0.0896778	98998.2	69.7579	69.6226
Ne23	21414.1	0.204287	98890.4	0	0
neutron	939.565	1.30721	98836	0	0
S34	31632.7	0.220229	98836	0	0
neutron	939.565	1.4609	98905.7	0	0
S34	31632.7	0.248063	98905.7	0	0
Ne23	21414.1	0.228526	98864.2	0	0
neutron	939.565	23.4614	98791.9	0	0
neutron	939.565	4.55613	98791.9	0	0
proton	938.272	3.10875	98791.9	0	0
neutron	939.565	3.04751	98791.9	0	0
P31	28844.2	0.256988	98791.9	0	0
S37	34430.2	0.134394	98825.1	0	0
proton	938.272	20.9144	98859.2	0	0
neutron	939.565	3.60566	98859.2	0	0
neutron	939.565	3.37759	98859.2	0	0
neutron	939.565	2.49048	98859.2	0	0
proton	938.272	1.38217	98859.2	0	0
O18	16762	0.532407	98859.2	0	0
Ne23	21414.1	0.232737	98869.9	0	0
