S35	32565.3	0.148534	99999.9	0	0
S37	34430.2	0.140739	99999.9	0	0
neutron	939.565	6.48836	99999.9	0	0
proton	938.272	4.70315	99999.9	0	0
neutron	939.565	1.7573	99999.9	0	0
F20	18625.3	0.629222	99999.9	0	0
neutron	939.565	12.666	99999.9	0	0
neutron	939.565	8.34926	99999.9	0	0
neutron	939.565	5.83976	99999.9	0	0
neutron	939.565	3.79555	99999.9	0	0
neutron	939.565	3.18556	99999.9	0	0
S32	29773.6	0.715406	99999.9	0	0
Ne23	21414.1	0.214376	99999.9	0	0
S35	32565.3	0.165851	99999.8	0	0
neutron	939.565	5.13116	99999.8	0	0
neutron	939.565	4.63356	99999.8	0	0
neutron	939.565	1.21194	99999.8	0	0
Ne20	18617.7	0.040659	99999.8	0	0
S35	32565.3	0.149895	99999.8	0	0
neutron	939.565	1.16682	99999.8	0	0
S34	31632.7	0.105717	99999.8	0	0
neutron	939.565	18.6983	99999.9	0	0
neutron	939.565	4.49547	99999.9	0	0
neutron	939.565	2.24313	99999.9	0	0
alpha	3727.38	8.70986	99999.9	0	0
Si28	26053.2	0.930921	99999.9	0	0
neutron	939.565	16.4792	99999.8	0	0
proton	938.272	12.8526	99999.8	0	0
neutron	939.565	2.83549	99999.8	0	0
P32	29775.8	1.61431	99999.8	0	0
neutron	939.565	17.4985	99999.9	0	0
neutron	939.565	11.0476	99999.9	0	0
neutron	939.565	10.9364	99999.9	0	0
alpha	3727.38	7.83996	99999.9	0	0
alpha	3727.38	5.93838	99999.9	0	0
C12	11174.9	8.4858	99999.9	0	0
neutron	939.565	0.798031	99999.9	0	0
Ne22	20479.7	0.0771864	99999.9	0	0
Ne23	21414.1	0.214734	99999.9	0	0
S35	32565.3	0.156951	99999.9	0	0
Ne23	21414.1	0.222798	99999.9	0	0
Ne23	21414.1	0.227721	99999.9	0	0
S35	32565.3	0.149479	99999.9	0	0
neutron	939.565	0.619696	99999.9	0	0
S34	31632.7	0.249633	99999.9	0	0
neutron	939.565	29.9202	99999.8	0	0
proton	938.272	9.17248	99999.8	0	0
proton	938.272	2.88764	99999.8	0	0
neutron	939.565	1.98059	99999.8	0	0
neutron	939.565	0.940934	99999.8	0	0
Si30	27913.2	1.62698	99999.8	0	0
neutron	939.565	7.35553	99999.9	0	0
neutron	939.565	2.28981	99999.9	0	0
Ne21	19550.5	1.20037	99999.9	0	0
Ne23	21414.1	0.207319	99999.9	0	0
neutron	939.565	1.79082	99999.8	0	0
neutron	939.565	1.48127	99999.8	0	0
S33	30704.6	0.272083	99999.8	0	0
neutron	939.565	0.165488	99999.9	0	0
S34	31632.7	0.128119	99999.9	0	0
Ne23	21414.1	0.234805	99999.9	0	0
neutron	939.565	0.315998	99999.9	0	0
S34	31632.7	0.109111	99999.9	0	0
neutron	939.565	5.65657	99999.9	0	0
neutron	939.565	0.491108	99999.9	0	0
S33	30704.6	0.28347	99999.9	0	0
neutron	939.565	9.51978	99999.9	0	0
neutron	939.565	3.33733	99999.9	0	0
deuteron	1875.61	9.43503	99999.9	0	0
triton	2808.92	6.46805	99999.9	0	0
O16	14895.1	0.109939	99999.9	0	0
Ne23	21414.1	0.215608	99999.8	0	0
neutron	939.565	2.09123	99999.8	0	0
S34	31632.7	0.124017	99999.8	0	0
S37	34430.2	0.141229	99999.9	0	0
neutron	939.565	17.4818	99999.8	0	0
neutron	939.565	4.73112	99999.8	0	0
neutron	939.565	4.31556	99999.8	0	0
proton	938.272	2.49155	99999.8	0	0
P31	28844.2	0.725412	99999.8	0	0
S35	32565.3	0.142248	99999.9	0	0
neutron	939.565	2.76901	99999.9	0	0
S34	31632.7	0.161635	99999.9	0	0
S35	32565.3	0.158865	99999.9	0	0
neutron	939.565	5.8433	99999.9	0	0
neutron	939.565	0.656622	99999.9	0	0
Ne21	19550.5	0.921302	99999.9	0	0
neutron	939.565	0.224759	99999.8	0	0
S34	31632.7	0.171123	99999.8	0	0
S35	32565.3	0.155623	99999.9	0	0
neutron	939.565	0.680598	99999.8	0	0
Ne22	20479.7	0.196415	99999.8	0	0
neutron	939.565	35.7381	99999.9	0	0
neutron	939.565	5.21836	99999.9	0	0
neutron	939.565	3.10203	99999.9	0	0
S32	29773.6	1.19914	99999.9	0	0
neutron	939.565	0.32224	99999.9	0	0
Ne22	20479.7	0.157389	99999.9	0	0
S35	32565.3	0.158722	99999.9	0	0
neutron	939.565	4.34297	99999.9	0	0
neutron	939.565	1.6382	99999.9	0	0
S33	30704.6	0.255956	99999.9	0	0
neutron	939.565	3.83908	99999.8	0	0
Ne22	20479.7	0.202884	99999.8	0	0
neutron	939.565	0.413274	99999.9	0	0
Ne22	20479.7	0.341188	99999.9	0	0
Ne23	21414.1	0.231429	99999.9	0	0
neutron	939.565	8.07909	99999.9	0	0
neutron	939.565	3.16217	99999.9	0	0
alpha	3727.38	5.1934	99999.9	0	0
Si29	26984.3	3.01757	99999.9	0	0
neutron	939.565	43.8024	99999.8	0	0
proton	938.272	3.96706	99999.8	0	0
neutron	939.565	2.83494	99999.8	0	0
neutron	939.565	1.81619	99999.8	0	0
P31	28844.2	2.11697	99999.8	0	0
neutron	939.565	16.1113	99999.9	0	0
neutron	939.565	14.0873	99999.9	0	0
neutron	939.565	6.1077	99999.9	0	0
alpha	3727.38	4.70599	99999.9	0	0
O16	14895.1	2.68267	99999.9	0	0
neutron	939.565	1.75571	99999.9	0	0
S34	31632.7	0.230928	99999.9	0	0
neutron	939.565	1.14512	99999.8	0	0
S34	31632.7	0.292885	99999.8	0	0
neutron	939.565	2.2569	99999.9	0	0
neutron	939.565	2.13042	99999.9	0	0
neutron	939.565	0.946002	99999.9	0	0
Ne20	18617.7	0.677017	99999.9	0	0
neutron	939.565	4.28096	99999.9	0	0
neutron	939.565	0.0849523	99999.9	0	0
S33	30704.6	0.134156	99999.9	0	0
S35	32565.3	0.160385	99999.8	0	0
Ne23	21414.1	0.227549	99999.9	0	0
Ne23	21414.1	0.229521	99999.9	0	0
proton	938.272	5.79604	99999.9	0	0
neutron	939.565	0.804011	99999.9	0	0
F21	19556.7	0.414912	99999.9	0	0
Ne23	21414.1	0.232096	99999.8	0	0
Ne23	21414.1	0.198797	99999.8	0	0
neutron	939.565	1.03752	99999.9	0	0
Ne22	20479.7	0.331876	99999.9	0	0
neutron	939.565	2.64773	99999.9	0	0
Ne22	20479.7	0.0939422	99999.9	0	0
neutron	939.565	1.25499	99999.9	0	0
S34	31632.7	0.13728	99999.9	0	0
proton	938.272	23.5569	99999.8	0	0
neutron	939.565	0.681657	99999.8	0	0
neutron	939.565	0.555441	99999.8	0	0
P32	29775.8	1.34021	99999.8	0	0
neutron	939.565	1.02218	99999.9	0	0
S34	31632.7	0.0480575	99999.9	0	0
neutron	939.565	4.68787	99999.8	0	0
neutron	939.565	2.26486	99999.8	0	0
neutron	939.565	1.4846	99999.8	0	0
S34	31632.7	0.369856	99999.8	0	0
proton	938.272	7.57476	99999.8	0	0
neutron	939.565	6.23066	99999.8	0	0
proton	938.272	3.76227	99999.8	0	0
neutron	939.565	0.740353	99999.8	0	0
neutron	939.565	0.252245	99999.8	0	0
Si30	27913.2	0.452369	99999.8	0	0
neutron	939.565	14.6858	99999.9	0	0
neutron	939.565	6.37669	99999.9	0	0
neutron	939.565	2.12101	99999.9	0	0
alpha	3727.38	3.67204	99999.9	0	0
O16	14895.1	1.26821	99999.9	0	0
neutron	939.565	0.888191	99999.9	0	0
S36	33495	0.154542	99999.9	0	0
Ne23	21414.1	0.220217	99999.8	0	0
S35	32565.3	0.144786	99999.8	0	0
neutron	939.565	4.1381	99999.9	0	0
S34	31632.7	0.153124	99999.9	0	0
Ne23	21414.1	0.230413	99999.9	0	0
neutron	939.565	1.75402	99999.9	0	0
S34	31632.7	0.226221	99999.9	0	0
neutron	939.565	22.1682	99999.9	0	0
neutron	939.565	5.66644	99999.9	0	0
S33	30704.6	0.592166	99999.9	0	0
Ne23	21414.1	0.233097	99999.9	0	0
neutron	939.565	3.38053	99999.9	0	0
neutron	939.565	3.35532	99999.9	0	0
neutron	939.565	1.66256	99999.9	0	0
S34	31632.7	0.247075	99999.9	0	0
neutron	939.565	0.744562	99999.9	0	0
S34	31632.7	0.171211	99999.9	0	0
proton	938.272	30.3928	99999.9	0	0
neutron	939.565	0.175093	99999.9	0	0
F21	19556.7	0.994704	99999.9	0	0
neutron	939.565	2.45173	99999.8	0	0
neutron	939.565	1.36596	99999.8	0	0
S33	30704.6	0.253133	99999.8	0	0
Ne23	21414.1	0.210338	99999.9	0	0
S35	32565.3	0.153513	99999.9	0	0
neutron	939.565	0.0287874	99999.9	0	0
S34	31632.7	0.135306	99999.9	0	0
S35	32565.3	0.158462	99999.9	0	0
neutron	939.565	7.81778	99999.8	0	0
neutron	939.565	6.77024	99999.8	0	0
neutron	939.565	3.88215	99999.8	0	0
S32	29773.6	0.206576	99999.8	0	0
S35	32565.3	0.154626	99999.9	0	0
Ne23	21414.1	0.192843	99999.8	0	0
proton	938.272	10.4068	99999.9	0	0
neutron	939.565	6.41614	99999.9	0	0
neutron	939.565	3.367	99999.9	0	0
neutron	939.565	3.2794	99999.9	0	0
P31	28844.2	0.541051	99999.9	0	0
proton	938.272	2.89386	99999.9	0	0
neutron	939.565	0.881525	99999.9	0	0
neutron	939.565	0.624328	99999.9	0	0
P34	31638.6	0.0672186	99999.9	0	0
S35	32565.3	0.143762	99999.8	0	0
Ne23	21414.1	0.220872	99999.8	0	0
neutron	939.565	4.38888	99999.8	0	0
neutron	939.565	4.19556	99999.8	0	0
proton	938.272	3.89575	99999.8	0	0
P32	29775.8	0.512503	99999.8	0	0
neutron	939.565	12.818	99999.9	0	0
neutron	939.565	9.79823	99999.9	0	0
neutron	939.565	6.12515	99999.9	0	0
alpha	3727.38	3.83184	99999.9	0	0
O16	14895.1	4.17987	99999.9	0	0
neutron	939.565	0.195616	99999.9	0	0
Ne22	20479.7	0.223431	99999.9	0	0
proton	938.272	39.4895	99999.9	0	0
neutron	939.565	4.8205	99999.9	0	0
P33	30705.3	1.94205	99999.9	0	0
neutron	939.565	11.8605	99999.9	0	0
neutron	939.565	3.79689	99999.9	0	0
neutron	939.565	0.577825	99999.9	0	0
Ne20	18617.7	0.898166	99999.9	0	0
neutron	939.565	1.20204	99999.9	0	0
Ne22	20479.7	0.426594	99999.9	0	0
neutron	939.565	41.9382	99999.9	0	0
proton	938.272	14.7463	99999.9	0	0
P35	32569.8	0.654318	99999.9	0	0
neutron	939.565	1.6927	99999.9	0	0
S34	31632.7	0.188438	99999.9	0	0
neutron	939.565	0.743667	99999.9	0	0
Ne22	20479.7	0.372866	99999.9	0	0
proton	938.272	5.41356	99999.9	0	0
neutron	939.565	4.43798	99999.9	0	0
proton	938.272	2.38275	99999.9	0	0
neutron	939.565	1.26133	99999.9	0	0
Si31	28846.2	0.179953	99999.9	0	0
Ne23	21414.1	0.205593	99999.9	0	0
neutron	939.565	1.9266	99999.9	0	0
S34	31632.7	0.180413	99999.9	0	0
neutron	939.565	13.995	99999.9	0	0
neutron	939.565	11.3252	99999.9	0	0
neutron	939.565	3.28603	99999.9	0	0
alpha	3727.38	8.9504	99999.9	0	0
alpha	3727.38	8.62519	99999.9	0	0
C12	11174.9	1.96844	99999.9	0	0
neutron	939.565	25.425	99999.8	0	0
neutron	939.565	1.79365	99999.8	0	0
neutron	939.565	0.919426	99999.8	0	0
S32	29773.6	0.97789	99999.8	0	0
Ne23	21414.1	0.215626	99999.9	0	0
neutron	939.565	0.935745	99999.9	0	0
S34	31632.7	0.195016	99999.9	0	0
neutron	939.565	7.9904	99999.9	0	0
neutron	939.565	5.37819	99999.9	0	0
neutron	939.565	1.19065	99999.9	0	0
proton	938.272	0.946205	99999.9	0	0
alpha	3727.38	4.33213	99999.9	0	0
N15	13968.9	2.40575	99999.9	0	0
neutron	939.565	2.80433	99999.9	0	0
Ne22	20479.7	0.256618	99999.9	0	0
proton	938.272	18.5529	99999.8	0	0
neutron	939.565	6.94443	99999.8	0	0
P33	30705.3	1.15334	99999.8	0	0
Ne23	21414.1	0.231604	99999.9	0	0
neutron	939.565	4.84541	99999.8	0	0
Ne22	20479.7	0.593056	99999.8	0	0
neutron	939.565	1.30957	99999.9	0	0
S34	31632.7	0.135068	99999.9	0	0
neutron	939.565	2.84727	99999.9	0	0
Ne22	20479.7	0.439534	99999.9	0	0
neutron	939.565	1.55594	99999.9	0	0
Ne22	20479.7	0.44288	99999.9	0	0
Ne23	21414.1	0.210449	99999.8	0	0
neutron	939.565	11.9305	99999.8	0	0
proton	938.272	7.92527	99999.8	0	0
neutron	939.565	3.07879	99999.8	0	0
neutron	939.565	2.23264	99999.8	0	0
neutron	939.565	0.941176	99999.8	0	0
deuteron	1875.61	7.1015	99999.8	0	0
Si28	26053.2	1.46157	99999.8	0	0
neutron	939.565	13.3121	99999.8	0	0
Ne22	20479.7	0.466456	99999.8	0	0
neutron	939.565	0.178022	99999.9	0	0
Ne22	20479.7	0.286633	99999.9	0	0
S37	34430.2	0.142953	99999.9	0	0
Ne23	21414.1	0.205652	99999.9	0	0
neutron	939.565	16.7806	99999.9	0	0
neutron	939.565	10.3788	99999.9	0	0
neutron	939.565	0.562677	99999.9	0	0
alpha	3727.38	5.74746	99999.9	0	0
O16	14895.1	3.86899	99999.9	0	0
proton	938.272	17.8519	99999.9	0	0
neutron	939.565	3.29012	99999.9	0	0
P33	30705.3	0.769884	99999.9	0	0
neutron	939.565	0.57591	99999.9	0	0
Ne22	20479.7	0.354887	99999.9	0	0
neutron	939.565	19.0608	99999.9	0	0
neutron	939.565	3.63739	99999.9	0	0
neutron	939.565	1.11651	99999.9	0	0
Ne20	18617.7	0.437748	99999.9	0	0
neutron	939.565	0.623428	99999.9	0	0
S34	31632.7	0.203063	99999.9	0	0
neutron	939.565	4.75388	99999.9	0	0
alpha	3727.38	13.3756	99999.9	0	0
Si32	29776.6	2.40991	99999.9	0	0
Ne23	21414.1	0.225608	99999.9	0	0
neutron	939.565	3.43078	99999.9	0	0
neutron	939.565	0.465966	99999.9	0	0
S35	32565.3	0.0933084	99999.9	0	0
neutron	939.565	16.4024	99999.9	0	0
neutron	939.565	11.948	99999.9	0	0
neutron	939.565	3.21876	99999.9	0	0
neutron	939.565	0.35584	99999.9	0	0
neutron	939.565	0.324607	99999.9	0	0
S32	29773.6	0.543008	99999.9	0	0
S35	32565.3	0.157726	99999.9	0	0
neutron	939.565	1.52042	99999.9	0	0
S34	31632.7	0.127623	99999.9	0	0
S35	32565.3	0.163338	99999.8	0	0
neutron	939.565	0.816945	99999.9	0	0
S34	31632.7	0.247873	99999.9	0	0
neutron	939.565	10.3196	99999.9	0	0
neutron	939.565	5.84773	99999.9	0	0
neutron	939.565	2.88995	99999.9	0	0
proton	938.272	2.55483	99999.9	0	0
P31	28844.2	0.347043	99999.9	0	0
neutron	939.565	6.3455	99999.8	0	0
neutron	939.565	2.22514	99999.8	0	0
S33	30704.6	0.0609539	99999.8	0	0
Ne23	21414.1	0.233109	99999.9	0	0
neutron	939.565	27.0916	99999.9	0	0
neutron	939.565	7.60676	99999.9	0	0
proton	938.272	3.25621	99999.9	0	0
proton	938.272	3.21502	99999.9	0	0
neutron	939.565	2.20352	99999.9	0	0
Si30	27913.2	1.02733	99999.9	0	0
Ne23	21414.1	0.227488	99999.9	0	0
neutron	939.565	3.33601	99999.9	0	0
S34	31632.7	0.05561	99999.9	0	0
neutron	939.565	1.53622	99999.9	0	0
S34	31632.7	0.198831	99999.9	0	0
Ne23	21414.1	0.213078	99999.9	0	0
neutron	939.565	2.07723	99999.9	0	0
S36	33495	0.345975	99999.9	0	0
neutron	939.565	2.20077	99999.9	0	0
S36	33495	0.36177	99999.9	0	0
S37	34430.2	0.142096	99999.9	0	0
S35	32565.3	0.145024	99999.9	0	0
neutron	939.565	4.16215	99999.8	0	0
S34	31632.7	0.217661	99999.8	0	0
neutron	939.565	1.28674	99999.9	0	0
Ne22	20479.7	0.148723	99999.9	0	0
Ne23	21414.1	0.232231	99999.9	0	0
neutron	939.565	0.460596	99999.8	0	0
Ne22	20479.7	0.302016	99999.8	0	0
neutron	939.565	0.156372	99999.8	0	0
S34	31632.7	0.146173	99999.8	0	0
neutron	939.565	1.41276	99999.8	0	0
Ne22	20479.7	0.18041	99999.8	0	0
Ne23	21414.1	0.218368	99999.8	0	0
S35	32565.3	0.155897	99999.9	0	0
neutron	939.565	28.791	99999.9	0	0
neutron	939.565	5.55207	99999.9	0	0
neutron	939.565	1.46201	99999.9	0	0
S34	31632.7	0.979537	99999.9	0	0
neutron	939.565	20.408	99999.8	0	0
neutron	939.565	19.4364	99999.8	0	0
neutron	939.565	3.88301	99999.8	0	0
Ne20	18617.7	2.33612	99999.8	0	0
neutron	939.565	2.0536	99999.9	0	0
S36	33495	0.0986502	99999.9	0	0
proton	938.272	31.0482	99999.8	0	0
neutron	939.565	8.8105	99999.8	0	0
neutron	939.565	3.60933	99999.8	0	0
F20	18625.3	0.706877	99999.8	0	0
neutron	939.565	27.5641	99999.9	0	0
neutron	939.565	6.76334	99999.9	0	0
neutron	939.565	3.05702	99999.9	0	0
Ne20	18617.7	0.505864	99999.9	0	0
neutron	939.565	4.37739	99999.9	0	0
neutron	939.565	2.50578	99999.9	0	0
neutron	939.565	0.964881	99999.9	0	0
alpha	3727.38	11.458	99999.9	0	0
Si28	26053.2	1.38174	99999.9	0	0
Ne23	21414.1	0.223097	99999.8	0	0
Ne23	21414.1	0.224541	99999.8	0	0
neutron	939.565	1.59416	99999.9	0	0
S34	31632.7	0.227657	99999.9	0	0
neutron	939.565	13.3411	99999.9	0	0
neutron	939.565	5.60908	99999.9	0	0
Ne21	19550.5	0.287652	99999.9	0	0
neutron	939.565	1.09113	99999.9	0	0
S34	31632.7	0.104418	99999.9	0	0
neutron	939.565	0.402687	99999.9	0	0
S34	31632.7	0.109241	99999.9	0	0
neutron	939.565	4.0737	99999.9	0	0
neutron	939.565	1.52929	99999.9	0	0
S33	30704.6	0.0887371	99999.9	0	0
Ne23	21414.1	0.225951	99999.9	0	0
neutron	939.565	0.963438	99999.8	0	0
Ne22	20479.7	0.176737	99999.8	0	0
neutron	939.565	0.256376	99999.9	0	0
Ne22	20479.7	0.322236	99999.9	0	0
neutron	939.565	13.8119	99999.9	0	0
proton	938.272	13.8047	99999.9	0	0
neutron	939.565	0.955893	99999.9	0	0
neutron	939.565	0.749061	99999.9	0	0
P33	30705.3	0.244404	99999.9	0	0
neutron	939.565	0.290856	99999.9	0	0
Ne22	20479.7	0.143813	99999.9	0	0
neutron	939.565	5.90309	99999.8	0	0
neutron	939.565	0.588399	99999.8	0	0
neutron	939.565	0.452993	99999.8	0	0
alpha	3727.38	4.87569	99999.8	0	0
O16	14895.1	0.335492	99999.8	0	0
neutron	939.565	0.413143	99999.9	0	0
S36	33495	0.0976005	99999.9	0	0
neutron	939.565	11.3265	99999.8	0	0
neutron	939.565	1.18057	99999.8	0	0
Ne21	19550.5	0.287969	99999.8	0	0
neutron	939.565	11.9391	99999.9	0	0
neutron	939.565	5.31672	99999.9	0	0
neutron	939.565	4.04698	99999.9	0	0
alpha	3727.38	5.90825	99999.9	0	0
O16	14895.1	1.45416	99999.9	0	0
neutron	939.565	1.79928	99999.9	0	0
S34	31632.7	0.0482867	99999.9	0	0
neutron	939.565	44.0099	99999.9	0	0
neutron	939.565	5.72918	99999.9	0	0
neutron	939.565	2.22173	99999.9	0	0
Ne20	18617.7	1.82361	99999.9	0	0
neutron	939.565	0.420282	99999.9	0	0
Ne22	20479.7	0.269165	99999.9	0	0
S35	32565.3	0.141503	99999.8	0	0
neutron	939.565	7.5673	99999.9	0	0
neutron	939.565	6.65224	99999.9	0	0
neutron	939.565	5.95656	99999.9	0	0
neutron	939.565	0.657543	99999.9	0	0
S33	30704.6	0.475472	99999.9	0	0
neutron	939.565	8.09842	99999.9	0	0
neutron	939.565	0.930143	99999.9	0	0
deuteron	1875.61	4.77956	99999.9	0	0
F19	17692.3	2.28947	99999.9	0	0
neutron	939.565	3.11372	99999.9	0	0
S34	31632.7	0.377884	99999.9	0	0
Ne23	21414.1	0.224561	99999.9	0	0
neutron	939.565	1.39625	99999.9	0	0
Ne22	20479.7	0.263077	99999.9	0	0
neutron	939.565	0.413122	99999.9	0	0
S36	33495	0.0982076	99999.9	0	0
neutron	939.565	1.83613	99999.8	0	0
Ne22	20479.7	0.443622	99999.8	0	0
Ne23	21414.1	0.204146	99999.9	0	0
neutron	939.565	9.90361	99999.9	0	0
neutron	939.565	5.48144	99999.9	0	0
neutron	939.565	2.8918	99999.9	0	0
neutron	939.565	2.04964	99999.9	0	0
alpha	3727.38	9.68471	99999.9	0	0
O15	13971.2	3.13915	99999.9	0	0
proton	938.272	14.2852	99999.9	0	0
neutron	939.565	2.05965	99999.9	0	0
F21	19556.7	0.683585	99999.9	0	0
S35	32565.3	0.162818	99999.9	0	0
neutron	939.565	16.9953	99999.9	0	0
neutron	939.565	1.13362	99999.9	0	0
deuteron	1875.61	15.2305	99999.9	0	0
P31	28844.2	0.131561	99999.9	0	0
neutron	939.565	10.9883	99999.8	0	0
neutron	939.565	5.85964	99999.8	0	0
neutron	939.565	2.38122	99999.8	0	0
Ne20	18617.7	0.586258	99999.8	0	0
Ne23	21414.1	0.222597	99999.9	0	0
neutron	939.565	5.36609	99999.9	0	0
neutron	939.565	0.266085	99999.9	0	0
Ne21	19550.5	0.83568	99999.9	0	0
proton	938.272	25.6169	99999.9	0	0
proton	938.272	3.16336	99999.9	0	0
neutron	939.565	2.96664	99999.9	0	0
Si32	29776.6	1.17849	99999.9	0	0
neutron	939.565	22.8425	99999.9	0	0
neutron	939.565	4.18282	99999.9	0	0
neutron	939.565	0.843167	99999.9	0	0
alpha	3727.38	5.02881	99999.9	0	0
alpha	3727.38	3.448	99999.9	0	0
C12	11174.9	4.22393	99999.9	0	0
proton	938.272	9.62489	99999.9	0	0
neutron	939.565	6.05597	99999.9	0	0
proton	938.272	3.18486	99999.9	0	0
neutron	939.565	3.18108	99999.9	0	0
neutron	939.565	2.66552	99999.9	0	0
Si30	27913.2	0.157313	99999.9	0	0
proton	938.272	19.8567	99999.8	0	0
proton	938.272	5.3469	99999.8	0	0
neutron	939.565	3.49648	99999.8	0	0
neutron	939.565	2.50623	99999.8	0	0
O19	17697.6	1.87634	99999.8	0	0
S35	32565.3	0.153857	99999.9	0	0
neutron	939.565	0.458802	99999.8	0	0
Ne22	20479.7	0.327742	99999.8	0	0
neutron	939.565	1.65574	99999.8	0	0
Ne22	20479.7	0.498636	99999.8	0	0
neutron	939.565	1.60373	99999.9	0	0
neutron	939.565	1.34147	99999.9	0	0
S33	30704.6	0.156886	99999.9	0	0
neutron	939.565	5.64752	99999.9	0	0
proton	938.272	3.59294	99999.9	0	0
neutron	939.565	3.17572	99999.9	0	0
neutron	939.565	1.43469	99999.9	0	0
F19	17692.3	0.629301	99999.9	0	0
neutron	939.565	1.62585	99999.8	0	0
Ne22	20479.7	0.156826	99999.8	0	0
neutron	939.565	12.7033	99999.8	0	0
neutron	939.565	0.884162	99999.8	0	0
Ne21	19550.5	1.12818	99999.8	0	0
neutron	939.565	0.454917	99999.8	0	0
S34	31632.7	0.16277	99999.8	0	0
neutron	939.565	28.5315	99999.8	0	0
neutron	939.565	5.7089	99999.8	0	0
neutron	939.565	3.26467	99999.8	0	0
alpha	3727.38	10.0746	99999.8	0	0
Si28	26053.2	1.16999	99999.8	0	0
neutron	939.565	21.7859	99999.9	0	0
neutron	939.565	10.9662	99999.9	0	0
neutron	939.565	9.91186	99999.9	0	0
neutron	939.565	7.20748	99999.9	0	0
S33	30704.6	2.58993	99999.9	0	0
Ne23	21414.1	0.196313	99999.9	0	0
neutron	939.565	13.1809	99999.9	0	0
neutron	939.565	3.48192	99999.9	0	0
neutron	939.565	2.98355	99999.9	0	0
neutron	939.565	0.243497	99999.9	0	0
S33	30704.6	0.127831	99999.9	0	0
neutron	939.565	0.184524	99999.8	0	0
Ne22	20479.7	0.180666	99999.8	0	0
S35	32565.3	0.153181	99999.8	0	0
neutron	939.565	0.595907	99999.9	0	0
S34	31632.7	0.0762862	99999.9	0	0
neutron	939.565	0.8701	99999.8	0	0
S34	31632.7	0.230885	99999.8	0	0
neutron	939.565	5.48568	99999.9	0	0
proton	938.272	4.74618	99999.9	0	0
neutron	939.565	0.670266	99999.9	0	0
P32	29775.8	0.31543	99999.9	0	0
S35	32565.3	0.152884	99999.9	0	0
neutron	939.565	0.722505	99999.9	0	0
S34	31632.7	0.0857046	99999.9	0	0
neutron	939.565	17.8528	99999.9	0	0
neutron	939.565	9.64667	99999.9	0	0
neutron	939.565	1.30383	99999.9	0	0
Ne20	18617.7	0.929394	99999.9	0	0
neutron	939.565	16.4246	99999.9	0	0
proton	938.272	13.0673	99999.9	0	0
neutron	939.565	3.1761	99999.9	0	0
neutron	939.565	2.63559	99999.9	0	0
alpha	3727.38	6.52727	99999.9	0	0
N15	13968.9	0.684302	99999.9	0	0
neutron	939.565	0.107	99999.9	0	0
S34	31632.7	0.138629	99999.9	0	0
Ne23	21414.1	0.221477	99999.8	0	0
neutron	939.565	1.77037	99999.8	0	0
S34	31632.7	0.0355478	99999.8	0	0
neutron	939.565	1.56003	99999.9	0	0
Ne22	20479.7	0.102942	99999.9	0	0
neutron	939.565	1.52947	99999.9	0	0
S34	31632.7	0.13346	99999.9	0	0
neutron	939.565	1.21368	99999.8	0	0
S34	31632.7	0.220909	99999.8	0	0
neutron	939.565	0.479334	99999.9	0	0
Ne22	20479.7	0.189303	99999.9	0	0
neutron	939.565	3.76129	99999.8	0	0
neutron	939.565	3.38673	99999.8	0	0
Ne21	19550.5	1.1719	99999.8	0	0
neutron	939.565	4.39108	99999.9	0	0
S34	31632.7	0.0867887	99999.9	0	0
proton	938.272	8.46064	99999.8	0	0
neutron	939.565	7.33142	99999.8	0	0
neutron	939.565	1.2483	99999.8	0	0
P32	29775.8	0.429949	99999.8	0	0
S37	34430.2	0.142177	99999.8	0	0
Ne23	21414.1	0.230915	99999.9	0	0
neutron	939.565	0.544247	99999.8	0	0
Ne22	20479.7	0.300721	99999.8	0	0
proton	938.272	44.9388	99999.9	0	0
neutron	939.565	22.3321	99999.9	0	0
neutron	939.565	1.23952	99999.9	0	0
P32	29775.8	0.274303	99999.9	0	0
neutron	939.565	21.211	99999.9	0	0
proton	938.272	4.48316	99999.9	0	0
P33	30705.3	0.859153	99999.9	0	0
neutron	939.565	4.24082	99999.9	0	0
neutron	939.565	3.35027	99999.9	0	0
neutron	939.565	2.48731	99999.9	0	0
Ne20	18617.7	0.411539	99999.9	0	0
Ne23	21414.1	0.199166	99999.9	0	0
S35	32565.3	0.138783	99999.9	0	0
neutron	939.565	8.07233	99999.9	0	0
proton	938.272	4.63134	99999.9	0	0
neutron	939.565	3.98692	99999.9	0	0
proton	938.272	2.74264	99999.9	0	0
neutron	939.565	1.3832	99999.9	0	0
Si30	27913.2	0.793715	99999.9	0	0
neutron	939.565	3.33386	99999.9	0	0
S34	31632.7	0.270613	99999.9	0	0
Ne23	21414.1	0.21422	99999.9	0	0
proton	938.272	5.67568	99999.9	0	0
neutron	939.565	3.36931	99999.9	0	0
deuteron	1875.61	17.6598	99999.9	0	0
Si31	28846.2	0.835218	99999.9	0	0
neutron	939.565	4.37723	99999.9	0	0
proton	938.272	3.81128	99999.9	0	0
neutron	939.565	3.29237	99999.9	0	0
neutron	939.565	0.70568	99999.9	0	0
deuteron	1875.61	5.56939	99999.9	0	0
O17	15830.5	1.51099	99999.9	0	0
neutron	939.565	9.29281	99999.8	0	0
neutron	939.565	1.59696	99999.8	0	0
neutron	939.565	1.09722	99999.8	0	0
alpha	3727.38	27.3799	99999.8	0	0
Si28	26053.2	1.99195	99999.8	0	0
neutron	939.565	1.61981	99999.9	0	0
Ne22	20479.7	0.210507	99999.9	0	0
S35	32565.3	0.154278	99999.9	0	0
neutron	939.565	7.7307	99999.9	0	0
proton	938.272	6.45254	99999.9	0	0
neutron	939.565	3.73263	99999.9	0	0
neutron	939.565	1.43177	99999.9	0	0
P31	28844.2	0.0903135	99999.9	0	0
neutron	939.565	0.332544	99999.9	0	0
Ne22	20479.7	0.164729	99999.9	0	0
neutron	939.565	9.51983	99999.9	0	0
neutron	939.565	6.46944	99999.9	0	0
neutron	939.565	0.993775	99999.9	0	0
neutron	939.565	0.634682	99999.9	0	0
alpha	3727.38	6.44744	99999.9	0	0
O15	13971.2	4.49657	99999.9	0	0
neutron	939.565	7.04884	99999.9	0	0
neutron	939.565	1.21036	99999.9	0	0
neutron	939.565	0.466071	99999.9	0	0
Ne20	18617.7	0.519481	99999.9	0	0
neutron	939.565	1.82358	99999.9	0	0
Ne22	20479.7	0.488364	99999.9	0	0
Ne23	21414.1	0.220796	99999.8	0	0
neutron	939.565	0.198048	99999.8	0	0
S34	31632.7	0.142426	99999.8	0	0
neutron	939.565	1.81966	99999.9	0	0
neutron	939.565	0.285516	99999.9	0	0
Ne21	19550.5	0.380726	99999.9	0	0
S37	34430.2	0.137158	99999.9	0	0
neutron	939.565	7.59545	99999.9	0	0
proton	938.272	6.82489	99999.9	0	0
proton	938.272	5.19494	99999.9	0	0
neutron	939.565	2.2643	99999.9	0	0
neutron	939.565	2.05319	99999.9	0	0
neutron	939.565	0.490666	99999.9	0	0
neutron	939.565	0.438017	99999.9	0	0
Si28	26053.2	0.76938	99999.9	0	0
neutron	939.565	13.1472	99999.9	0	0
neutron	939.565	3.93167	99999.9	0	0
proton	938.272	2.96556	99999.9	0	0
neutron	939.565	0.799025	99999.9	0	0
P31	28844.2	0.879438	99999.9	0	0
neutron	939.565	15.2668	99999.9	0	0
neutron	939.565	0.598679	99999.9	0	0
Ne21	19550.5	0.793413	99999.9	0	0
Ne23	21414.1	0.234888	99999.9	0	0
neutron	939.565	0.819102	99999.9	0	0
Ne22	20479.7	0.0828288	99999.9	0	0
neutron	939.565	30.2621	99999.9	0	0
neutron	939.565	6.68615	99999.9	0	0
neutron	939.565	3.21585	99999.9	0	0
neutron	939.565	1.42517	99999.9	0	0
alpha	3727.38	9.46574	99999.9	0	0
Si29	26984.3	0.645157	99999.9	0	0
Ne23	21414.1	0.224785	99999.9	0	0
neutron	939.565	11.6061	99999.9	0	0
alpha	3727.38	13.0121	99999.9	0	0
alpha	3727.38	2.54572	99999.9	0	0
C14	13040.9	3.8498	99999.9	0	0
neutron	939.565	4.20345	99999.9	0	0
Ne22	20479.7	0.510595	99999.9	0	0
neutron	939.565	10.3857	99999.9	0	0
neutron	939.565	1.10204	99999.9	0	0
S33	30704.6	0.411697	99999.9	0	0
neutron	939.565	7.33926	99999.8	0	0
neutron	939.565	2.11735	99999.8	0	0
proton	938.272	1.69769	99999.8	0	0
neutron	939.565	0.467248	99999.8	0	0
F19	17692.3	0.465829	99999.8	0	0
neutron	939.565	2.97731	99999.9	0	0
S34	31632.7	0.255614	99999.9	0	0
Ne23	21414.1	0.230451	99999.9	0	0
neutron	939.565	13.6468	99999.9	0	0
neutron	939.565	3.30359	99999.9	0	0
neutron	939.565	1.93656	99999.9	0	0
S32	29773.6	0.423439	99999.9	0	0
neutron	939.565	0.329774	99999.8	0	0
S34	31632.7	0.189333	99999.8	0	0
neutron	939.565	11.5292	99999.9	0	0
neutron	939.565	3.87069	99999.9	0	0
neutron	939.565	0.564003	99999.9	0	0
Ne20	18617.7	0.473546	99999.9	0	0
neutron	939.565	2.31413	99999.8	0	0
S34	31632.7	0.149842	99999.8	0	0
S35	32565.3	0.145755	99999.8	0	0
neutron	939.565	0.163732	99999.9	0	0
Ne22	20479.7	0.21434	99999.9	0	0
neutron	939.565	8.18212	99999.9	0	0
neutron	939.565	2.62649	99999.9	0	0
S33	30704.6	0.0716542	99999.9	0	0
proton	938.272	25.5297	99999.8	0	0
neutron	939.565	1.09532	99999.8	0	0
P33	30705.3	0.735295	99999.8	0	0
neutron	939.565	0.276151	99999.8	0	0
S34	31632.7	0.136829	99999.8	0	0
proton	938.272	7.63291	99999.9	0	0
neutron	939.565	0.383202	99999.9	0	0
F21	19556.7	0.180352	99999.9	0	0
neutron	939.565	26.2655	99999.9	0	0
neutron	939.565	12.778	99999.9	0	0
neutron	939.565	11.1346	99999.9	0	0
Ne20	18617.7	0.121976	99999.9	0	0
Ne23	21414.1	0.231194	99999.9	0	0
neutron	939.565	17.1125	99999.9	0	0
neutron	939.565	8.70198	99999.9	0	0
neutron	939.565	0.792202	99999.9	0	0
S32	29773.6	0.76612	99999.9	0	0
Ne23	21414.1	0.230445	99999.8	0	0
neutron	939.565	6.47131	99999.9	0	0
neutron	939.565	1.89529	99999.9	0	0
neutron	939.565	0.0505169	99999.9	0	0
S32	29773.6	0.713277	99999.9	0	0
Ne23	21414.1	0.228931	99999.8	0	0
neutron	939.565	22.2943	99999.9	0	0
neutron	939.565	14.6043	99999.9	0	0
proton	938.272	4.74268	99999.9	0	0
proton	938.272	4.68929	99999.9	0	0
neutron	939.565	0.869686	99999.9	0	0
Si30	27913.2	1.11969	99999.9	0	0
Ne23	21414.1	0.213952	99999.9	0	0
neutron	939.565	1.37325	99999.8	0	0
S34	31632.7	0.323743	99999.8	0	0
neutron	939.565	2.31504	99999.9	0	0
neutron	939.565	0.868751	99999.9	0	0
S33	30704.6	0.16804	99999.9	0	0
Ne23	21414.1	0.22259	99999.9	0	0
neutron	939.565	3.83107	99999.8	0	0
neutron	939.565	3.77165	99999.8	0	0
neutron	939.565	2.58735	99999.8	0	0
Ne20	18617.7	0.496597	99999.8	0	0
neutron	939.565	15.4962	99999.8	0	0
neutron	939.565	5.80233	99999.8	0	0
neutron	939.565	5.32747	99999.8	0	0
proton	938.272	3.61135	99999.8	0	0
P31	28844.2	0.593927	99999.8	0	0
Ne23	21414.1	0.217532	99999.9	0	0
neutron	939.565	0.623469	99999.8	0	0
Ne22	20479.7	0.0934867	99999.8	0	0
neutron	939.565	1.08344	99999.9	0	0
Ne22	20479.7	0.154927	99999.9	0	0
neutron	939.565	1.48526	99999.9	0	0
Ne22	20479.7	0.155435	99999.9	0	0
neutron	939.565	0.839607	99999.8	0	0
Ne22	20479.7	0.397233	99999.8	0	0
neutron	939.565	4.22849	99999.9	0	0
S34	31632.7	0.217348	99999.9	0	0
neutron	939.565	3.27563	99999.9	0	0
neutron	939.565	2.77562	99999.9	0	0
alpha	3727.38	4.42657	99999.9	0	0
O17	15830.5	1.16085	99999.9	0	0
neutron	939.565	21.4135	99999.9	0	0
neutron	939.565	4.32323	99999.9	0	0
neutron	939.565	3.45358	99999.9	0	0
S34	31632.7	0.794956	99999.9	0	0
neutron	939.565	2.53428	99999.9	0	0
S34	31632.7	0.0579516	99999.9	0	0
neutron	939.565	1.67898	99999.8	0	0
S34	31632.7	0.0978585	99999.8	0	0
neutron	939.565	3.94697	99999.9	0	0
Ne22	20479.7	0.535814	99999.9	0	0
proton	938.272	56.9599	99999.8	0	0
neutron	939.565	8.6903	99999.8	0	0
neutron	939.565	0.912783	99999.8	0	0
P32	29775.8	1.22015	99999.8	0	0
neutron	939.565	0.960952	99999.8	0	0
Ne22	20479.7	0.266978	99999.8	0	0
Ne23	21414.1	0.216598	99999.9	0	0
Ne23	21414.1	0.22542	99999.9	0	0
neutron	939.565	8.89471	99999.9	0	0
neutron	939.565	0.984942	99999.9	0	0
S33	30704.6	0.310835	99999.9	0	0
S35	32565.3	0.142906	99999.9	0	0
Ne23	21414.1	0.227527	99999.9	0	0
neutron	939.565	1.28737	99999.9	0	0
S34	31632.7	0.159225	99999.9	0	0
neutron	939.565	12.6943	99999.9	0	0
neutron	939.565	0.834633	99999.9	0	0
neutron	939.565	0.804618	99999.9	0	0
S32	29773.6	0.644269	99999.9	0	0
S35	32565.3	0.144495	99999.8	0	0
neutron	939.565	1.35897	99999.9	0	0
S34	31632.7	0.0395116	99999.9	0	0
neutron	939.565	22.4396	99999.9	0	0
neutron	939.565	2.39368	99999.9	0	0
neutron	939.565	0.0424802	99999.9	0	0
alpha	3727.38	5.09004	99999.9	0	0
O16	14895.1	1.00089	99999.9	0	0
neutron	939.565	7.82037	99999.9	0	0
neutron	939.565	0.913093	99999.9	0	0
S33	30704.6	0.196709	99999.9	0	0
neutron	939.565	2.77276	99999.9	0	0
S34	31632.7	0.139164	99999.9	0	0
neutron	939.565	30.7894	99999.9	0	0
neutron	939.565	1.90787	99999.9	0	0
alpha	3727.38	8.49399	99999.9	0	0
O17	15830.5	0.192429	99999.9	0	0
Ne23	21414.1	0.233249	99999.8	0	0
proton	938.272	4.13645	99999.8	0	0
neutron	939.565	1.91535	99999.8	0	0
neutron	939.565	1.11865	99999.8	0	0
P32	29775.8	0.0805805	99999.8	0	0
Ne23	21414.1	0.234303	99999.9	0	0
neutron	939.565	1.72268	99999.9	0	0
S34	31632.7	0.125921	99999.9	0	0
neutron	939.565	0.183358	99999.8	0	0
S36	33495	0.172393	99999.8	0	0
neutron	939.565	15.1997	99999.9	0	0
proton	938.272	2.96927	99999.9	0	0
neutron	939.565	0.235284	99999.9	0	0
P32	29775.8	0.484298	99999.9	0	0
neutron	939.565	1.25278	99999.8	0	0
S34	31632.7	0.074567	99999.8	0	0
neutron	939.565	7.98816	99999.8	0	0
neutron	939.565	4.83204	99999.8	0	0
neutron	939.565	3.54816	99999.8	0	0
alpha	3727.38	4.9653	99999.8	0	0
alpha	3727.38	3.88615	99999.8	0	0
C12	11174.9	3.71593	99999.8	0	0
Ne23	21414.1	0.228543	99999.9	0	0
neutron	939.565	4.32609	99999.9	0	0
alpha	3727.38	6.41219	99999.9	0	0
Si30	27913.2	1.98922	99999.9	0	0
neutron	939.565	0.641829	99999.8	0	0
S34	31632.7	0.145481	99999.8	0	0
neutron	939.565	9.89144	99999.9	0	0
neutron	939.565	0.646514	99999.9	0	0
S33	30704.6	0.269435	99999.9	0	0
proton	938.272	3.81451	99999.8	0	0
proton	938.272	2.77071	99999.8	0	0
neutron	939.565	1.08123	99999.8	0	0
Si32	29776.6	0.330525	99999.8	0	0
neutron	939.565	7.20187	99999.8	0	0
neutron	939.565	4.62441	99999.8	0	0
neutron	939.565	2.39483	99999.8	0	0
S34	31632.7	0.813069	99999.8	0	0
neutron	939.565	28.0287	99999.8	0	0
proton	938.272	6.79162	99999.8	0	0
F21	19556.7	3.32926	99999.8	0	0
neutron	939.565	51.4803	99999.9	0	0
neutron	939.565	1.51771	99999.9	0	0
Ne21	19550.5	3.01292	99999.9	0	0
Ne23	21414.1	0.223955	99999.8	0	0
neutron	939.565	0.0473458	99999.8	0	0
S36	33495	0.127895	99999.8	0	0
Ne23	21414.1	0.213823	99999.9	0	0
proton	938.272	8.99567	99999.8	0	0
neutron	939.565	7.85086	99999.8	0	0
neutron	939.565	0.613759	99999.8	0	0
neutron	939.565	0.188082	99999.8	0	0
F19	17692.3	0.223092	99999.8	0	0
S37	34430.2	0.129742	99999.9	0	0
Ne23	21414.1	0.220456	99999.9	0	0
proton	938.272	11.9935	99999.9	0	0
neutron	939.565	8.67918	99999.9	0	0
proton	938.272	3.96904	99999.9	0	0
neutron	939.565	2.39601	99999.9	0	0
Si31	28846.2	0.00270556	99999.9	0	0
Ne23	21414.1	0.21471	99999.9	0	0
Ne23	21414.1	0.213173	99999.9	0	0
neutron	939.565	2.12194	99999.9	0	0
neutron	939.565	0.132881	99999.9	0	0
Ne21	19550.5	0.394669	99999.9	0	0
neutron	939.565	5.28331	99999.9	0	0
neutron	939.565	3.96617	99999.9	0	0
neutron	939.565	3.76118	99999.9	0	0
Ne20	18617.7	0.786316	99999.9	0	0
Ne23	21414.1	0.227072	99999.8	0	0
neutron	939.565	4.61051	99999.8	0	0
S36	33495	0.324444	99999.8	0	0
proton	938.272	18.11	99999.9	0	0
neutron	939.565	10.6529	99999.9	0	0
P35	32569.8	0.239135	99999.9	0	0
S35	32565.3	0.150148	99999.9	0	0
neutron	939.565	0.276162	99999.9	0	0
S34	31632.7	0.155576	99999.9	0	0
neutron	939.565	0.404468	99999.9	0	0
S34	31632.7	0.240834	99999.9	0	0
proton	938.272	7.90339	99999.9	0	0
neutron	939.565	5.62927	99999.9	0	0
neutron	939.565	3.73864	99999.9	0	0
P32	29775.8	0.0757558	99999.9	0	0
neutron	939.565	1.25534	99999.8	0	0
S36	33495	0.0489545	99999.8	0	0
S35	32565.3	0.14899	99999.9	0	0
Ne23	21414.1	0.234547	99999.9	0	0
neutron	939.565	8.88539	99999.9	0	0
neutron	939.565	4.22412	99999.9	0	0
neutron	939.565	1.42232	99999.9	0	0
Ne20	18617.7	0.735968	99999.9	0	0
neutron	939.565	5.41574	99999.9	0	0
neutron	939.565	0.272643	99999.9	0	0
Ne21	19550.5	0.306462	99999.9	0	0
Ne23	21414.1	0.221617	99999.9	0	0
S35	32565.3	0.161373	99999.9	0	0
neutron	939.565	0.857544	99999.9	0	0
S34	31632.7	0.217209	99999.9	0	0
neutron	939.565	6.57869	99999.9	0	0
neutron	939.565	5.40768	99999.9	0	0
neutron	939.565	3.0478	99999.9	0	0
Ne20	18617.7	1.76684	99999.9	0	0
neutron	939.565	0.0653964	99999.9	0	0
S34	31632.7	0.12187	99999.9	0	0
neutron	939.565	1.48446	99999.9	0	0
S34	31632.7	0.303214	99999.9	0	0
neutron	939.565	23.3286	99999.8	0	0
neutron	939.565	22.0643	99999.8	0	0
neutron	939.565	5.97462	99999.8	0	0
Ne20	18617.7	1.53539	99999.8	0	0
neutron	939.565	13.0699	99999.9	0	0
neutron	939.565	5.15664	99999.9	0	0
neutron	939.565	3.06521	99999.9	0	0
alpha	3727.38	7.05764	99999.9	0	0
O16	14895.1	2.36374	99999.9	0	0
neutron	939.565	0.555326	99999.8	0	0
S34	31632.7	0.123407	99999.8	0	0
neutron	939.565	1.89461	99999.8	0	0
S36	33495	0.286429	99999.8	0	0
S35	32565.3	0.152805	99999.9	0	0
neutron	939.565	0.771855	99999.9	0	0
Ne22	20479.7	0.354011	99999.9	0	0
neutron	939.565	12.8838	99999.9	0	0
neutron	939.565	0.704271	99999.9	0	0
S35	32565.3	0.393816	99999.9	0	0
neutron	939.565	0.402268	99999.9	0	0
S34	31632.7	0.177891	99999.9	0	0
neutron	939.565	2.65459	99999.9	0	0
S34	31632.7	0.162661	99999.9	0	0
neutron	939.565	7.33698	99999.8	0	0
neutron	939.565	2.44906	99999.8	0	0
neutron	939.565	1.49797	99999.8	0	0
alpha	3727.38	5.34968	99999.8	0	0
O16	14895.1	1.83792	99999.8	0	0
neutron	939.565	36.275	99999.9	0	0
neutron	939.565	8.94816	99999.9	0	0
neutron	939.565	1.44754	99999.9	0	0
alpha	3727.38	5.50157	99999.9	0	0
O16	14895.1	0.573024	99999.9	0	0
proton	938.272	23.5669	99999.8	0	0
neutron	939.565	3.58938	99999.8	0	0
neutron	939.565	1.90697	99999.8	0	0
F20	18625.3	0.809668	99999.8	0	0
neutron	939.565	14.931	99999.9	0	0
proton	938.272	3.92966	99999.9	0	0
neutron	939.565	3.51584	99999.9	0	0
F20	18625.3	1.26871	99999.9	0	0
neutron	939.565	22.2297	99999.8	0	0
neutron	939.565	4.3768	99999.8	0	0
neutron	939.565	4.13513	99999.8	0	0
alpha	3727.38	12.52	99999.8	0	0
O16	14895.1	0.753565	99999.8	0	0
neutron	939.565	2.42714	99999.9	0	0
Ne22	20479.7	0.288109	99999.9	0	0
proton	938.272	9.2682	99999.8	0	0
proton	938.272	7.58594	99999.8	0	0
neutron	939.565	6.0671	99999.8	0	0
neutron	939.565	3.3244	99999.8	0	0
neutron	939.565	0.918931	99999.8	0	0
Si30	27913.2	0.162351	99999.8	0	0
neutron	939.565	1.69097	99999.9	0	0
S34	31632.7	0.0572166	99999.9	0	0
neutron	939.565	2.20554	99999.8	0	0
S34	31632.7	0.0947114	99999.8	0	0
neutron	939.565	7.31039	99999.9	0	0
neutron	939.565	2.27967	99999.9	0	0
neutron	939.565	2.20094	99999.9	0	0
Ne20	18617.7	1.22262	99999.9	0	0
neutron	939.565	21.1211	99999.8	0	0
neutron	939.565	2.69499	99999.8	0	0
neutron	939.565	2.05594	99999.8	0	0
Ne20	18617.7	1.03488	99999.8	0	0
neutron	939.565	4.21307	99999.9	0	0
Ne22	20479.7	0.164535	99999.9	0	0
neutron	939.565	3.29238	99999.8	0	0
S36	33495	0.304354	99999.8	0	0
neutron	939.565	0.880401	99999.9	0	0
Ne22	20479.7	0.185985	99999.9	0	0
neutron	939.565	0.38155	99999.9	0	0
S34	31632.7	0.229446	99999.9	0	0
neutron	939.565	0.885021	99999.9	0	0
S34	31632.7	0.0887202	99999.9	0	0
neutron	939.565	0.268279	99999.8	0	0
Ne22	20479.7	0.179839	99999.8	0	0
neutron	939.565	1.25242	99999.9	0	0
S34	31632.7	0.312372	99999.9	0	0
proton	938.272	11.0877	99999.9	0	0
neutron	939.565	7.12581	99999.9	0	0
P33	30705.3	1.04047	99999.9	0	0
S35	32565.3	0.146985	99999.9	0	0
neutron	939.565	0.236235	99999.9	0	0
Ne22	20479.7	0.24947	99999.9	0	0
neutron	939.565	3.82289	99999.9	0	0
neutron	939.565	1.79375	99999.9	0	0
S33	30704.6	0.192369	99999.9	0	0
Ne23	21414.1	0.229286	99999.8	0	0
neutron	939.565	1.45434	99999.9	0	0
Ne22	20479.7	0.296953	99999.9	0	0
neutron	939.565	6.7063	99999.9	0	0
neutron	939.565	3.50892	99999.9	0	0
neutron	939.565	1.8684	99999.9	0	0
S32	29773.6	0.484282	99999.9	0	0
neutron	939.565	1.74555	99999.9	0	0
S34	31632.7	0.203375	99999.9	0	0
S35	32565.3	0.160585	99999.9	0	0
neutron	939.565	8.24818	99999.8	0	0
neutron	939.565	4.34492	99999.8	0	0
neutron	939.565	2.22298	99999.8	0	0
neutron	939.565	0.402391	99999.8	0	0
S33	30704.6	0.860479	99999.8	0	0
neutron	939.565	15.9197	99999.9	0	0
proton	938.272	7.46435	99999.9	0	0
neutron	939.565	1.92735	99999.9	0	0
neutron	939.565	0.703257	99999.9	0	0
P31	28844.2	0.0423689	99999.9	0	0
neutron	939.565	0.66874	99999.8	0	0
S34	31632.7	0.116397	99999.8	0	0
Ne23	21414.1	0.22527	99999.9	0	0
neutron	939.565	1.16352	99999.9	0	0
S34	31632.7	0.0759633	99999.9	0	0
S35	32565.3	0.163926	99999.9	0	0
neutron	939.565	4.34652	99999.9	0	0
neutron	939.565	1.34174	99999.9	0	0
alpha	3727.38	5.40043	99999.9	0	0
Si29	26984.3	2.06048	99999.9	0	0
neutron	939.565	4.45555	99999.9	0	0
neutron	939.565	4.37588	99999.9	0	0
neutron	939.565	2.01814	99999.9	0	0
deuteron	1875.61	2.60581	99999.9	0	0
deuteron	1875.61	10.4835	99999.9	0	0
O16	14895.1	1.61631	99999.9	0	0
neutron	939.565	1.29142	99999.8	0	0
S36	33495	0.088341	99999.8	0	0
Ne23	21414.1	0.21923	99999.9	0	0
neutron	939.565	6.77091	99999.9	0	0
proton	938.272	3.94884	99999.9	0	0
neutron	939.565	2.75622	99999.9	0	0
neutron	939.565	0.2987	99999.9	0	0
P31	28844.2	0.609076	99999.9	0	0
S37	34430.2	0.143586	99999.8	0	0
neutron	939.565	24.0205	99999.9	0	0
neutron	939.565	6.55131	99999.9	0	0
neutron	939.565	2.47192	99999.9	0	0
S34	31632.7	0.335097	99999.9	0	0
S35	32565.3	0.149504	99999.8	0	0
Ne23	21414.1	0.22427	99999.9	0	0
S35	32565.3	0.164598	99999.8	0	0
Ne23	21414.1	0.224714	99999.8	0	0
neutron	939.565	5.19115	99999.8	0	0
neutron	939.565	2.88581	99999.8	0	0
neutron	939.565	1.06161	99999.8	0	0
Ne20	18617.7	1.04609	99999.8	0	0
neutron	939.565	0.884588	99999.9	0	0
Ne22	20479.7	0.347328	99999.9	0	0
S35	32565.3	0.140459	99999.9	0	0
proton	938.272	9.57037	99999.9	0	0
neutron	939.565	8.65583	99999.9	0	0
neutron	939.565	3.13085	99999.9	0	0
neutron	939.565	0.865515	99999.9	0	0
P31	28844.2	0.105935	99999.9	0	0
neutron	939.565	3.61889	99999.8	0	0
neutron	939.565	3.41714	99999.8	0	0
neutron	939.565	1.14178	99999.8	0	0
Ne20	18617.7	0.27353	99999.8	0	0
neutron	939.565	0.065943	99999.9	0	0
Ne22	20479.7	0.200249	99999.9	0	0
neutron	939.565	2.15656	99999.8	0	0
alpha	3727.38	4.72627	99999.8	0	0
O18	16762	2.22679	99999.8	0	0
neutron	939.565	1.23528	99999.9	0	0
Ne22	20479.7	0.147132	99999.9	0	0
Ne23	21414.1	0.216958	99999.9	0	0
S35	32565.3	0.154499	99999.8	0	0
neutron	939.565	1.07998	99999.9	0	0
S34	31632.7	0.191648	99999.9	0	0
S35	32565.3	0.149536	99999.9	0	0
neutron	939.565	0.598362	99999.8	0	0
S34	31632.7	0.0672214	99999.8	0	0
neutron	939.565	0.311255	99999.9	0	0
S36	33495	0.10461	99999.9	0	0
Ne23	21414.1	0.220982	99999.9	0	0
neutron	939.565	0.637566	99999.9	0	0
S34	31632.7	0.208165	99999.9	0	0
neutron	939.565	0.498945	99999.9	0	0
Ne22	20479.7	0.22034	99999.9	0	0
S37	34430.2	0.130095	99999.8	0	0
Ne23	21414.1	0.211684	99999.8	0	0
S35	32565.3	0.132171	99999.8	0	0
neutron	939.565	2.78371	99999.9	0	0
Ne22	20479.7	0.0230538	99999.9	0	0
neutron	939.565	1.4054	99999.9	0	0
S34	31632.7	0.0450087	99999.9	0	0
neutron	939.565	5.68087	99999.9	0	0
proton	938.272	2.78906	99999.9	0	0
neutron	939.565	1.52152	99999.9	0	0
P32	29775.8	0.616105	99999.9	0	0
neutron	939.565	26.0723	99999.8	0	0
neutron	939.565	8.15356	99999.8	0	0
neutron	939.565	1.89711	99999.8	0	0
alpha	3727.38	7.29369	99999.8	0	0
O16	14895.1	2.04086	99999.8	0	0
neutron	939.565	1.38482	99999.9	0	0
S36	33495	0.140811	99999.9	0	0
neutron	939.565	0.282481	99999.9	0	0
S34	31632.7	0.153969	99999.9	0	0
S37	34430.2	0.137996	99999.9	0	0
neutron	939.565	1.8141	99999.9	0	0
Ne22	20479.7	0.310975	99999.9	0	0
neutron	939.565	7.5117	99999.9	0	0
neutron	939.565	5.11684	99999.9	0	0
neutron	939.565	0.365039	99999.9	0	0
Ne20	18617.7	1.07622	99999.9	0	0
proton	938.272	21.9461	99999.8	0	0
neutron	939.565	1.29879	99999.8	0	0
neutron	939.565	1.12582	99999.8	0	0
P34	31638.6	0.528575	99999.8	0	0
neutron	939.565	5.04219	99999.9	0	0
neutron	939.565	3.23474	99999.9	0	0
Ne21	19550.5	0.00955989	99999.9	0	0
neutron	939.565	0.275869	99999.9	0	0
Ne22	20479.7	0.166244	99999.9	0	0
neutron	939.565	10.7768	99999.9	0	0
proton	938.272	3.69243	99999.9	0	0
F21	19556.7	1.18429	99999.9	0	0
neutron	939.565	6.93643	99999.9	0	0
neutron	939.565	3.98371	99999.9	0	0
proton	938.272	3.56867	99999.9	0	0
neutron	939.565	1.50632	99999.9	0	0
alpha	3727.38	3.24444	99999.9	0	0
N15	13968.9	1.41879	99999.9	0	0
neutron	939.565	3.17006	99999.8	0	0
Ne22	20479.7	0.0867137	99999.8	0	0
neutron	939.565	10.7283	99999.9	0	0
neutron	939.565	6.97929	99999.9	0	0
neutron	939.565	4.11335	99999.9	0	0
S32	29773.6	0.633966	99999.9	0	0
neutron	939.565	0.422641	99999.9	0	0
neutron	939.565	0.199164	99999.9	0	0
S33	30704.6	0.161196	99999.9	0	0
neutron	939.565	2.40353	99999.9	0	0
neutron	939.565	1.63504	99999.9	0	0
S33	30704.6	0.0323887	99999.9	0	0
neutron	939.565	10.0064	99999.9	0	0
neutron	939.565	9.24825	99999.9	0	0
neutron	939.565	6.41711	99999.9	0	0
neutron	939.565	0.490503	99999.9	0	0
S33	30704.6	1.49042	99999.9	0	0
neutron	939.565	10.837	99999.9	0	0
neutron	939.565	4.13656	99999.9	0	0
alpha	3727.38	7.23771	99999.9	0	0
Si31	28846.2	1.07247	99999.9	0	0
neutron	939.565	18.9556	99999.9	0	0
neutron	939.565	4.49117	99999.9	0	0
S33	30704.6	0.550932	99999.9	0	0
neutron	939.565	1.79639	99999.8	0	0
neutron	939.565	1.3725	99999.8	0	0
Ne21	19550.5	0.0729126	99999.8	0	0
neutron	939.565	1.00107	99999.9	0	0
S34	31632.7	0.215178	99999.9	0	0
neutron	939.565	1.64604	99999.9	0	0
Ne22	20479.7	0.207422	99999.9	0	0
neutron	939.565	0.301083	99999.8	0	0
Ne22	20479.7	0.190864	99999.8	0	0
neutron	939.565	13.4299	99999.8	0	0
neutron	939.565	4.52779	99999.8	0	0
neutron	939.565	1.42291	99999.8	0	0
S34	31632.7	0.0503738	99999.8	0	0
neutron	939.565	1.7893	99999.8	0	0
S34	31632.7	0.0555231	99999.8	0	0
neutron	939.565	26.2003	99999.9	0	0
neutron	939.565	15.1212	99999.9	0	0
neutron	939.565	3.16057	99999.9	0	0
Ne20	18617.7	0.260947	99999.9	0	0
neutron	939.565	0.357547	99999.9	0	0
Ne22	20479.7	0.151279	99999.9	0	0
neutron	939.565	0.879611	99999.9	0	0
Ne22	20479.7	0.36665	99999.9	0	0
neutron	939.565	36.9361	99999.9	0	0
neutron	939.565	29.4459	99999.9	0	0
neutron	939.565	1.0017	99999.9	0	0
S34	31632.7	1.00391	99999.9	0	0
Ne23	21414.1	0.227632	99999.8	0	0
neutron	939.565	2.08906	99999.8	0	0
Ne22	20479.7	0.0442071	99999.8	0	0
neutron	939.565	0.623472	99999.8	0	0
S34	31632.7	0.174829	99999.8	0	0
neutron	939.565	4.07529	99999.9	0	0
S34	31632.7	0.403412	99999.9	0	0
neutron	939.565	0.569587	99999.9	0	0
S34	31632.7	0.105539	99999.9	0	0
neutron	939.565	42.2029	99999.8	0	0
neutron	939.565	3.99597	99999.8	0	0
alpha	3727.38	7.99299	99999.8	0	0
Si29	26984.3	1.85622	99999.8	0	0
Ne23	21414.1	0.228986	99999.9	0	0
S35	32565.3	0.141538	99999.8	0	0
neutron	939.565	1.27622	99999.9	0	0
S34	31632.7	0.295063	99999.9	0	0
Ne23	21414.1	0.231324	99999.8	0	0
neutron	939.565	1.85577	99999.9	0	0
S36	33495	0.10613	99999.9	0	0
neutron	939.565	2.25003	99999.8	0	0
neutron	939.565	0.74189	99999.8	0	0
Ne21	19550.5	0.814155	99999.8	0	0
neutron	939.565	3.9222	99999.8	0	0
neutron	939.565	3.39275	99999.8	0	0
Ne21	19550.5	0.301477	99999.8	0	0
neutron	939.565	2.66011	99999.9	0	0
S34	31632.7	0.289887	99999.9	0	0
Ne23	21414.1	0.226233	99999.9	0	0
neutron	939.565	2.78183	99999.9	0	0
S34	31632.7	0.19142	99999.9	0	0
Ne23	21414.1	0.220765	99999.9	0	0
Ne23	21414.1	0.231509	99999.9	0	0
neutron	939.565	0.978945	99999.9	0	0
S36	33495	0.227225	99999.9	0	0
neutron	939.565	0.299615	99999.8	0	0
S34	31632.7	0.117672	99999.8	0	0
S35	32565.3	0.163115	99999.9	0	0
neutron	939.565	1.46894	99999.9	0	0
S36	33495	0.262163	99999.9	0	0
Ne23	21414.1	0.221669	99999.9	0	0
neutron	939.565	0.259421	99999.9	0	0
S34	31632.7	0.109283	99999.9	0	0
neutron	939.565	4.6115	99999.9	0	0
neutron	939.565	0.603071	99999.9	0	0
S33	30704.6	0.540333	99999.9	0	0
neutron	939.565	0.464299	99999.9	0	0
S34	31632.7	0.184015	99999.9	0	0
neutron	939.565	1.80849	99999.9	0	0
neutron	939.565	1.24581	99999.9	0	0
Ne21	19550.5	0.1716	99999.9	0	0
neutron	939.565	19.2174	99999.9	0	0
neutron	939.565	5.47915	99999.9	0	0
proton	938.272	2.69475	99999.9	0	0
deuteron	1875.61	5.2193	99999.9	0	0
Si30	27913.2	0.636995	99999.9	0	0
neutron	939.565	5.75851	99999.8	0	0
neutron	939.565	2.08057	99999.8	0	0
Ne21	19550.5	0.509332	99999.8	0	0
neutron	939.565	0.556594	99999.9	0	0
Ne22	20479.7	0.121358	99999.9	0	0
neutron	939.565	4.69492	99999.9	0	0
neutron	939.565	0.178967	99999.9	0	0
S33	30704.6	0.445672	99999.9	0	0
S35	32565.3	0.143012	99999.8	0	0
neutron	939.565	0.530925	99999.9	0	0
S34	31632.7	0.0862672	99999.9	0	0
neutron	939.565	1.24889	99999.9	0	0
Ne22	20479.7	0.142293	99999.9	0	0
neutron	939.565	0.194841	99999.9	0	0
Ne22	20479.7	0.264634	99999.9	0	0
neutron	939.565	3.07901	99999.9	0	0
neutron	939.565	1.37294	99999.9	0	0
neutron	939.565	0.421746	99999.9	0	0
S34	31632.7	0.308286	99999.9	0	0
proton	938.272	35.926	99999.8	0	0
neutron	939.565	2.80066	99999.8	0	0
neutron	939.565	1.76584	99999.8	0	0
P32	29775.8	1.06776	99999.8	0	0
neutron	939.565	0.605582	99999.8	0	0
S34	31632.7	0.142374	99999.8	0	0
S37	34430.2	0.143184	99999.9	0	0
neutron	939.565	0.169638	99999.8	0	0
S34	31632.7	0.166266	99999.8	0	0
neutron	939.565	36.6069	99999.8	0	0
proton	938.272	4.99685	99999.8	0	0
neutron	939.565	1.35734	99999.8	0	0
P34	31638.6	2.15759	99999.8	0	0
neutron	939.565	12.3454	99999.9	0	0
neutron	939.565	3.67127	99999.9	0	0
neutron	939.565	3.6254	99999.9	0	0
Ne20	18617.7	0.629818	99999.9	0	0
neutron	939.565	2.28813	99999.9	0	0
S34	31632.7	0.205961	99999.9	0	0
neutron	939.565	19.9944	99999.9	0	0
proton	938.272	19.3173	99999.9	0	0
F21	19556.7	0.887541	99999.9	0	0
neutron	939.565	8.10262	99999.8	0	0
neutron	939.565	7.40753	99999.8	0	0
neutron	939.565	0.178837	99999.8	0	0
Ne20	18617.7	0.563633	99999.8	0	0
proton	938.272	4.72122	99999.9	0	0
neutron	939.565	3.34703	99999.9	0	0
neutron	939.565	1.99209	99999.9	0	0
deuteron	1875.61	10.6917	99999.9	0	0
Si30	27913.2	1.23878	99999.9	0	0
proton	938.272	11.18	99999.9	0	0
neutron	939.565	4.8855	99999.9	0	0
neutron	939.565	3.68785	99999.9	0	0
F20	18625.3	1.74188	99999.9	0	0
neutron	939.565	0.249449	99999.9	0	0
S36	33495	0.155348	99999.9	0	0
neutron	939.565	1.0954	99999.9	0	0
Ne22	20479.7	0.234091	99999.9	0	0
neutron	939.565	1.20552	99999.9	0	0
S34	31632.7	0.166682	99999.9	0	0
S35	32565.3	0.160807	99999.9	0	0
Ne23	21414.1	0.229253	99999.9	0	0
Ne23	21414.1	0.201051	99999.9	0	0
proton	938.272	22.2258	99999.9	0	0
neutron	939.565	7.71371	99999.9	0	0
proton	938.272	6.14166	99999.9	0	0
neutron	939.565	1.23889	99999.9	0	0
neutron	939.565	0.847915	99999.9	0	0
Si30	27913.2	1.78179	99999.9	0	0
proton	938.272	11.091	99999.9	0	0
neutron	939.565	5.91838	99999.9	0	0
neutron	939.565	5.55134	99999.9	0	0
neutron	939.565	0.277339	99999.9	0	0
triton	2808.92	3.79976	99999.9	0	0
O16	14895.1	2.69799	99999.9	0	0
neutron	939.565	0.158196	99999.9	0	0
S34	31632.7	0.11925	99999.9	0	0
neutron	939.565	0.944244	99999.9	0	0
S34	31632.7	0.25698	99999.9	0	0
Ne23	21414.1	0.230678	99999.9	0	0
neutron	939.565	2.51028	99999.8	0	0
neutron	939.565	0.576156	99999.8	0	0
Ne21	19550.5	0.256655	99999.8	0	0
neutron	939.565	1.35192	99999.8	0	0
neutron	939.565	1.1156	99999.8	0	0
neutron	939.565	0.663689	99999.8	0	0
Ne20	18617.7	0.543631	99999.8	0	0
neutron	939.565	5.28653	99999.8	0	0
neutron	939.565	1.85024	99999.8	0	0
neutron	939.565	1.77957	99999.8	0	0
Ne20	18617.7	0.0871688	99999.8	0	0
neutron	939.565	0.980813	99999.9	0	0
Ne22	20479.7	0.194217	99999.9	0	0
S37	34430.2	0.141663	99999.9	0	0
neutron	939.565	2.34173	99999.9	0	0
Ne22	20479.7	0.380171	99999.9	0	0
S35	32565.3	0.164544	99999.9	0	0
neutron	939.565	0.986675	99999.8	0	0
S34	31632.7	0.175766	99999.8	0	0
neutron	939.565	0.223203	99999.9	0	0
S34	31632.7	0.0918536	99999.9	0	0
neutron	939.565	0.872946	99999.9	0	0
S34	31632.7	0.260876	99999.9	0	0
proton	938.272	20.0963	99999.9	0	0
neutron	939.565	9.28087	99999.9	0	0
neutron	939.565	6.14957	99999.9	0	0
F20	18625.3	0.0816026	99999.9	0	0
neutron	939.565	4.08818	99999.8	0	0
Ne22	20479.7	0.0479935	99999.8	0	0
neutron	939.565	0.330159	99999.8	0	0
Ne22	20479.7	0.322774	99999.8	0	0
neutron	939.565	27.8144	99999.8	0	0
neutron	939.565	26.4147	99999.8	0	0
neutron	939.565	5.5526	99999.8	0	0
Ne20	18617.7	0.192224	99999.8	0	0
neutron	939.565	0.609827	99999.9	0	0
S34	31632.7	0.119406	99999.9	0	0
S35	32565.3	0.158159	99999.9	0	0
neutron	939.565	3.56089	99999.9	0	0
Ne22	20479.7	0.135253	99999.9	0	0
neutron	939.565	5.80375	99999.8	0	0
neutron	939.565	5.68256	99999.8	0	0
neutron	939.565	2.10266	99999.8	0	0
Ne20	18617.7	1.25476	99999.8	0	0
neutron	939.565	0.813544	99999.9	0	0
S34	31632.7	0.12781	99999.9	0	0
neutron	939.565	0.679622	99999.9	0	0
S34	31632.7	0.121351	99999.9	0	0
neutron	939.565	0.413054	99999.9	0	0
S34	31632.7	0.207605	99999.9	0	0
neutron	939.565	3.54089	99999.9	0	0
S34	31632.7	0.220907	99999.9	0	0
Ne23	21414.1	0.211302	99999.9	0	0
proton	938.272	7.7784	99999.8	0	0
neutron	939.565	3.32198	99999.8	0	0
deuteron	1875.61	2.69002	99999.8	0	0
O19	17697.6	0.173684	99999.8	0	0
S35	32565.3	0.166841	99999.8	0	0
neutron	939.565	0.0298003	99999.9	0	0
Ne22	20479.7	0.213141	99999.9	0	0
neutron	939.565	1.75179	99999.9	0	0
Ne22	20479.7	0.0565915	99999.9	0	0
Ne23	21414.1	0.228057	99999.9	0	0
proton	938.272	17.2367	99999.8	0	0
neutron	939.565	9.28671	99999.8	0	0
neutron	939.565	5.79948	99999.8	0	0
proton	938.272	4.52529	99999.8	0	0
neutron	939.565	3.94308	99999.8	0	0
Si30	27913.2	0.789346	99999.8	0	0
Ne23	21414.1	0.223707	99999.8	0	0
neutron	939.565	1.0406	99999.9	0	0
S34	31632.7	0.203098	99999.9	0	0
neutron	939.565	1.75617	99999.9	0	0
S34	31632.7	0.326403	99999.9	0	0
Ne23	21414.1	0.225684	99999.9	0	0
Ne23	21414.1	0.220367	99999.8	0	0
S35	32565.3	0.16482	99999.9	0	0
neutron	939.565	0.240613	99999.9	0	0
Ne22	20479.7	0.265247	99999.9	0	0
neutron	939.565	1.07962	99999.9	0	0
Ne22	20479.7	0.10014	99999.9	0	0
neutron	939.565	1.68047	99999.8	0	0
neutron	939.565	1.13722	99999.8	0	0
neutron	939.565	0.103349	99999.8	0	0
Ne20	18617.7	0.205132	99999.8	0	0
proton	938.272	29.714	99999.8	0	0
neutron	939.565	0.188779	99999.8	0	0
F21	19556.7	1.35832	99999.8	0	0
neutron	939.565	0.893994	99999.8	0	0
S36	33495	0.139342	99999.8	0	0
neutron	939.565	4.26534	99999.9	0	0
Ne22	20479.7	0.24494	99999.9	0	0
Ne23	21414.1	0.212789	99999.8	0	0
neutron	939.565	24.2522	99999.9	0	0
neutron	939.565	13.4116	99999.9	0	0
neutron	939.565	2.75138	99999.9	0	0
Ne20	18617.7	1.00668	99999.9	0	0
neutron	939.565	0.678093	99999.9	0	0
S34	31632.7	0.243363	99999.9	0	0
Ne23	21414.1	0.208782	99999.8	0	0
neutron	939.565	1.09461	99999.9	0	0
S36	33495	0.212284	99999.9	0	0
proton	938.272	2.97256	99999.8	0	0
neutron	939.565	2.70328	99999.8	0	0
P33	30705.3	0.133801	99999.8	0	0
S37	34430.2	0.134868	99999.9	0	0
proton	938.272	3.45415	99999.9	0	0
neutron	939.565	2.94751	99999.9	0	0
neutron	939.565	0.654668	99999.9	0	0
neutron	939.565	0.342807	99999.9	0	0
P31	28844.2	0.177812	99999.9	0	0
neutron	939.565	0.669056	99999.8	0	0
Ne22	20479.7	0.274882	99999.8	0	0
neutron	939.565	2.2839	99999.9	0	0
S36	33495	0.356859	99999.9	0	0
neutron	939.565	0.924084	99999.9	0	0
Ne22	20479.7	0.204189	99999.9	0	0
Ne23	21414.1	0.214092	99999.8	0	0
neutron	939.565	29.1303	99999.9	0	0
proton	938.272	10.6606	99999.9	0	0
neutron	939.565	2.10465	99999.9	0	0
P32	29775.8	2.09802	99999.9	0	0
S35	32565.3	0.158137	99999.9	0	0
neutron	939.565	10.4832	99999.9	0	0
neutron	939.565	8.99864	99999.9	0	0
neutron	939.565	5.67099	99999.9	0	0
alpha	3727.38	7.70252	99999.9	0	0
O16	14895.1	1.45007	99999.9	0	0
neutron	939.565	4.11129	99999.8	0	0
neutron	939.565	1.12343	99999.8	0	0
neutron	939.565	0.117193	99999.8	0	0
alpha	3727.38	7.70211	99999.8	0	0
Si30	27913.2	0.50398	99999.8	0	0
neutron	939.565	3.50567	99999.8	0	0
Ne22	20479.7	0.364397	99999.8	0	0
proton	938.272	20.3445	99999.8	0	0
neutron	939.565	2.8937	99999.8	0	0
F21	19556.7	0.323389	99999.8	0	0
S35	32565.3	0.163696	99999.9	0	0
neutron	939.565	0.952724	99999.8	0	0
S34	31632.7	0.253225	99999.8	0	0
Ne23	21414.1	0.226827	99999.9	0	0
neutron	939.565	0.436907	99999.9	0	0
S34	31632.7	0.096227	99999.9	0	0
S35	32565.3	0.163427	99999.9	0	0
neutron	939.565	1.74271	99999.9	0	0
S34	31632.7	0.308718	99999.9	0	0
neutron	939.565	8.4223	99999.9	0	0
neutron	939.565	2.1629	99999.9	0	0
neutron	939.565	0.277984	99999.9	0	0
S32	29773.6	0.307137	99999.9	0	0
neutron	939.565	0.452189	99999.9	0	0
Ne22	20479.7	0.234886	99999.9	0	0
Ne23	21414.1	0.221768	99999.9	0	0
S35	32565.3	0.155511	99999.9	0	0
neutron	939.565	1.63395	99999.9	0	0
S36	33495	0.322702	99999.9	0	0
neutron	939.565	15.2152	99999.8	0	0
neutron	939.565	5.10906	99999.8	0	0
alpha	3727.38	6.42605	99999.8	0	0
Si29	26984.3	3.34015	99999.8	0	0
neutron	939.565	14.3617	99999.9	0	0
proton	938.272	11.6115	99999.9	0	0
neutron	939.565	6.85249	99999.9	0	0
neutron	939.565	2.37359	99999.9	0	0
alpha	3727.38	5.11737	99999.9	0	0
N15	13968.9	4.43919	99999.9	0	0
Ne23	21414.1	0.221359	99999.9	0	0
neutron	939.565	1.79117	99999.9	0	0
Ne22	20479.7	0.132349	99999.9	0	0
neutron	939.565	25.3456	99999.8	0	0
neutron	939.565	6.79002	99999.8	0	0
proton	938.272	2.97074	99999.8	0	0
P32	29775.8	2.18384	99999.8	0	0
Ne23	21414.1	0.220133	99999.9	0	0
neutron	939.565	0.668115	99999.9	0	0
Ne22	20479.7	0.397697	99999.9	0	0
neutron	939.565	0.260523	99999.9	0	0
Ne22	20479.7	0.170938	99999.9	0	0
neutron	939.565	0.925107	99999.9	0	0
S34	31632.7	0.244556	99999.9	0	0
neutron	939.565	14.1268	99999.9	0	0
neutron	939.565	8.88719	99999.9	0	0
neutron	939.565	7.00822	99999.9	0	0
proton	938.272	3.379	99999.9	0	0
P31	28844.2	0.71902	99999.9	0	0
neutron	939.565	31.6778	99999.9	0	0
neutron	939.565	4.50232	99999.9	0	0
neutron	939.565	0.751349	99999.9	0	0
S34	31632.7	1.15162	99999.9	0	0
neutron	939.565	4.90247	99999.9	0	0
Ne22	20479.7	0.448933	99999.9	0	0
neutron	939.565	11.7192	99999.8	0	0
alpha	3727.38	7.74413	99999.8	0	0
Si30	27913.2	0.523206	99999.8	0	0
neutron	939.565	3.15608	99999.9	0	0
S34	31632.7	0.115911	99999.9	0	0
neutron	939.565	0.859848	99999.9	0	0
Ne22	20479.7	0.175018	99999.9	0	0
neutron	939.565	7.98915	99999.9	0	0
neutron	939.565	5.99288	99999.9	0	0
neutron	939.565	4.5503	99999.9	0	0
alpha	3727.38	8.05771	99999.9	0	0
O16	14895.1	0.496802	99999.9	0	0
Ne23	21414.1	0.214777	99999.9	0	0
neutron	939.565	4.92897	99999.9	0	0
Ne22	20479.7	0.301758	99999.9	0	0
S35	32565.3	0.154385	99999.9	0	0
neutron	939.565	0.281434	99999.9	0	0
S34	31632.7	0.150959	99999.9	0	0
proton	938.272	18.2119	99999.9	0	0
proton	938.272	6.29154	99999.9	0	0
neutron	939.565	2.60157	99999.9	0	0
Si32	29776.6	0.714236	99999.9	0	0
neutron	939.565	0.24978	99999.9	0	0
S34	31632.7	0.136009	99999.9	0	0
neutron	939.565	13.9231	99999.9	0	0
proton	938.272	6.83314	99999.9	0	0
neutron	939.565	1.84799	99999.9	0	0
F20	18625.3	0.518146	99999.9	0	0
neutron	939.565	0.252293	99999.9	0	0
S36	33495	0.0905477	99999.9	0	0
neutron	939.565	0.504048	99999.9	0	0
S34	31632.7	0.208398	99999.9	0	0
S37	34430.2	0.126228	99999.9	0	0
Ne23	21414.1	0.229693	99999.8	0	0
neutron	939.565	0.385526	99999.8	0	0
S34	31632.7	0.182112	99999.8	0	0
S37	34430.2	0.134745	99999.9	0	0
Ne23	21414.1	0.22905	99999.9	0	0
Ne23	21414.1	0.225479	99999.9	0	0
neutron	939.565	1.26194	99999.9	0	0
S34	31632.7	0.132147	99999.9	0	0
neutron	939.565	1.35196	99999.8	0	0
neutron	939.565	0.725241	99999.8	0	0
Ne21	19550.5	0.572894	99999.8	0	0
S37	34430.2	0.136204	99999.8	0	0
proton	938.272	9.41929	99999.9	0	0
neutron	939.565	8.62673	99999.9	0	0
proton	938.272	6.03238	99999.9	0	0
neutron	939.565	4.59086	99999.9	0	0
neutron	939.565	0.707482	99999.9	0	0
Si30	27913.2	1.29752	99999.9	0	0
neutron	939.565	1.48379	99999.9	0	0
S34	31632.7	0.135247	99999.9	0	0
neutron	939.565	0.943956	99999.9	0	0
Ne22	20479.7	0.113855	99999.9	0	0
neutron	939.565	4.48321	99999.9	0	0
Ne22	20479.7	0.370208	99999.9	0	0
neutron	939.565	0.393053	99999.8	0	0
S36	33495	0.140723	99999.8	0	0
neutron	939.565	0.912525	99999.9	0	0
Ne22	20479.7	0.347818	99999.9	0	0
neutron	939.565	1.07917	99999.9	0	0
S34	31632.7	0.26146	99999.9	0	0
neutron	939.565	2.03232	99999.9	0	0
S34	31632.7	0.278434	99999.9	0	0
neutron	939.565	0.976483	99999.9	0	0
S34	31632.7	0.220855	99999.9	0	0
Ne23	21414.1	0.214698	99999.8	0	0
neutron	939.565	17.3212	99999.8	0	0
neutron	939.565	5.11355	99999.8	0	0
neutron	939.565	2.45591	99999.8	0	0
Ne20	18617.7	1.47119	99999.8	0	0
S37	34430.2	0.135354	99999.9	0	0
neutron	939.565	1.12344	99999.9	0	0
Ne22	20479.7	0.296454	99999.9	0	0
S35	32565.3	0.146228	99999.8	0	0
neutron	939.565	1.15568	99999.9	0	0
S34	31632.7	0.282413	99999.9	0	0
Ne23	21414.1	0.222972	99999.9	0	0
neutron	939.565	0.107532	99999.8	0	0
Ne22	20479.7	0.210978	99999.8	0	0
neutron	939.565	5.65519	99999.8	0	0
neutron	939.565	1.69527	99999.8	0	0
neutron	939.565	1.35433	99999.8	0	0
alpha	3727.38	5.22657	99999.8	0	0
alpha	3727.38	4.04555	99999.8	0	0
C12	11174.9	5.69032	99999.8	0	0
S37	34430.2	0.132651	99999.9	0	0
neutron	939.565	2.26437	99999.8	0	0
S34	31632.7	0.340239	99999.8	0	0
proton	938.272	8.28509	99999.9	0	0
proton	938.272	6.7032	99999.9	0	0
neutron	939.565	6.61887	99999.9	0	0
neutron	939.565	2.71977	99999.9	0	0
Si31	28846.2	0.123654	99999.9	0	0
S37	34430.2	0.133626	99999.8	0	0
neutron	939.565	4.66772	99999.9	0	0
neutron	939.565	3.39191	99999.9	0	0
neutron	939.565	2.1736	99999.9	0	0
neutron	939.565	1.04737	99999.9	0	0
S33	30704.6	0.246979	99999.9	0	0
neutron	939.565	0.586194	99999.9	0	0
S36	33495	0.0868626	99999.9	0	0
neutron	939.565	36.5991	99999.9	0	0
proton	938.272	34.0427	99999.9	0	0
P33	30705.3	0.685395	99999.9	0	0
Ne23	21414.1	0.227215	99999.9	0	0
neutron	939.565	1.73431	99999.9	0	0
S34	31632.7	0.0833066	99999.9	0	0
neutron	939.565	0.178342	99999.9	0	0
S34	31632.7	0.104546	99999.9	0	0
neutron	939.565	0.522053	99999.9	0	0
S36	33495	0.0632081	99999.9	0	0
neutron	939.565	0.516015	99999.9	0	0
Ne22	20479.7	0.308072	99999.9	0	0
S35	32565.3	0.163968	99999.8	0	0
neutron	939.565	12.3822	99999.9	0	0
neutron	939.565	1.79434	99999.9	0	0
neutron	939.565	0.936962	99999.9	0	0
S32	29773.6	0.665006	99999.9	0	0
neutron	939.565	1.051	99999.9	0	0
Ne22	20479.7	0.0744568	99999.9	0	0
neutron	939.565	1.68864	99999.9	0	0
Ne22	20479.7	0.241778	99999.9	0	0
neutron	939.565	2.22908	99999.9	0	0
neutron	939.565	1.81103	99999.9	0	0
alpha	3727.38	8.3569	99999.9	0	0
Si29	26984.3	0.631802	99999.9	0	0
neutron	939.565	6.97404	99999.8	0	0
neutron	939.565	1.82061	99999.8	0	0
S33	30704.6	0.167748	99999.8	0	0
neutron	939.565	0.368621	99999.9	0	0
Ne22	20479.7	0.243936	99999.9	0	0
neutron	939.565	0.0445503	99999.8	0	0
S36	33495	0.135659	99999.8	0	0
neutron	939.565	6.34187	99999.8	0	0
S34	31632.7	0.38764	99999.8	0	0
neutron	939.565	23.094	99999.9	0	0
neutron	939.565	3.92238	99999.9	0	0
neutron	939.565	1.51202	99999.9	0	0
Ne20	18617.7	0.196312	99999.9	0	0
neutron	939.565	5.41016	99999.9	0	0
proton	938.272	4.31383	99999.9	0	0
proton	938.272	3.44202	99999.9	0	0
neutron	939.565	0.997074	99999.9	0	0
Si31	28846.2	1.01027	99999.9	0	0
Ne23	21414.1	0.233222	99999.9	0	0
Ne23	21414.1	0.230939	99999.9	0	0
S35	32565.3	0.149643	99999.9	0	0
proton	938.272	13.7621	99999.9	0	0
proton	938.272	4.1706	99999.9	0	0
neutron	939.565	3.25328	99999.9	0	0
neutron	939.565	2.55637	99999.9	0	0
neutron	939.565	0.869452	99999.9	0	0
Si30	27913.2	0.392845	99999.9	0	0
neutron	939.565	0.438197	99999.8	0	0
Ne22	20479.7	0.179954	99999.8	0	0
neutron	939.565	6.54969	99999.9	0	0
neutron	939.565	2.89278	99999.9	0	0
S35	32565.3	0.637727	99999.9	0	0
S35	32565.3	0.157306	99999.9	0	0
S35	32565.3	0.159422	99999.9	0	0
Ne23	21414.1	0.231559	99999.9	0	0
proton	938.272	6.26793	99999.8	0	0
neutron	939.565	3.14141	99999.8	0	0
neutron	939.565	2.42917	99999.8	0	0
P32	29775.8	0.294833	99999.8	0	0
neutron	939.565	1.65061	99999.9	0	0
S34	31632.7	0.168753	99999.9	0	0
Ne23	21414.1	0.219463	99999.8	0	0
neutron	939.565	0.792607	99999.9	0	0
Ne22	20479.7	0.0820931	99999.9	0	0
neutron	939.565	5.42096	99999.8	0	0
neutron	939.565	1.95209	99999.8	0	0
Ne21	19550.5	0.654178	99999.8	0	0
neutron	939.565	2.11267	99999.9	0	0
neutron	939.565	1.79677	99999.9	0	0
alpha	3727.38	7.98197	99999.9	0	0
Si29	26984.3	0.178564	99999.9	0	0
proton	938.272	11.6601	99999.9	0	0
proton	938.272	6.01969	99999.9	0	0
neutron	939.565	3.09788	99999.9	0	0
neutron	939.565	2.99651	99999.9	0	0
neutron	939.565	1.49201	99999.9	0	0
Si30	27913.2	0.222459	99999.9	0	0
neutron	939.565	1.19257	99999.8	0	0
S34	31632.7	0.164629	99999.8	0	0
Ne23	21414.1	0.220443	99999.9	0	0
neutron	939.565	0.916787	99999.9	0	0
S34	31632.7	0.0685878	99999.9	0	0
neutron	939.565	27.2302	99999.8	0	0
proton	938.272	12.6883	99999.8	0	0
proton	938.272	8.79849	99999.8	0	0
neutron	939.565	1.04967	99999.8	0	0
Si31	28846.2	0.240917	99999.8	0	0
neutron	939.565	7.28742	99999.9	0	0
proton	938.272	3.77543	99999.9	0	0
P33	30705.3	0.281576	99999.9	0	0
neutron	939.565	11.9293	99999.8	0	0
neutron	939.565	8.01189	99999.8	0	0
neutron	939.565	2.42686	99999.8	0	0
alpha	3727.38	10.8322	99999.8	0	0
Si28	26053.2	1.66372	99999.8	0	0
neutron	939.565	0.877894	99999.9	0	0
Ne22	20479.7	0.0864772	99999.9	0	0
neutron	939.565	0.0913661	99999.8	0	0
S34	31632.7	0.13735	99999.8	0	0
neutron	939.565	0.815112	99999.9	0	0
S34	31632.7	0.211398	99999.9	0	0
Ne23	21414.1	0.205845	99999.8	0	0
neutron	939.565	4.37877	99999.9	0	0
S34	31632.7	0.159803	99999.9	0	0
neutron	939.565	3.93423	99999.8	0	0
Ne22	20479.7	0.256594	99999.8	0	0
neutron	939.565	5.78501	99999.8	0	0
neutron	939.565	3.38413	99999.8	0	0
neutron	939.565	0.564994	99999.8	0	0
S32	29773.6	0.204086	99999.8	0	0
neutron	939.565	3.05402	99999.9	0	0
S34	31632.7	0.0832486	99999.9	0	0
neutron	939.565	0.997414	99999.9	0	0
S34	31632.7	0.213608	99999.9	0	0
Ne23	21414.1	0.197197	99999.9	0	0
Ne23	21414.1	0.226077	99999.9	0	0
neutron	939.565	13.1653	99999.9	0	0
neutron	939.565	3.37981	99999.9	0	0
deuteron	1875.61	8.99283	99999.9	0	0
F19	17692.3	0.395563	99999.9	0	0
S35	32565.3	0.161553	99999.8	0	0
neutron	939.565	2.05269	99999.9	0	0
S34	31632.7	0.295635	99999.9	0	0
neutron	939.565	1.87778	99999.9	0	0
Ne22	20479.7	0.389727	99999.9	0	0
S37	34430.2	0.137009	99999.9	0	0
S37	34430.2	0.1428	99999.8	0	0
S35	32565.3	0.133895	99999.8	0	0
neutron	939.565	2.29217	99999.9	0	0
S34	31632.7	0.255116	99999.9	0	0
neutron	939.565	39.411	99999.9	0	0
neutron	939.565	18.6094	99999.9	0	0
neutron	939.565	0.183309	99999.9	0	0
S34	31632.7	0.369953	99999.9	0	0
neutron	939.565	0.800015	99999.9	0	0
Ne22	20479.7	0.206763	99999.9	0	0
Ne23	21414.1	0.226325	99999.9	0	0
neutron	939.565	0.867614	99999.8	0	0
S34	31632.7	0.0634326	99999.8	0	0
neutron	939.565	10.7033	99999.8	0	0
neutron	939.565	9.00846	99999.8	0	0
neutron	939.565	6.42712	99999.8	0	0
proton	938.272	5.94534	99999.8	0	0
proton	938.272	5.11547	99999.8	0	0
Si30	27913.2	0.537924	99999.8	0	0
neutron	939.565	2.31487	99999.9	0	0
Ne22	20479.7	0.129464	99999.9	0	0
Ne23	21414.1	0.209593	99999.9	0	0
Ne23	21414.1	0.206528	99999.8	0	0
neutron	939.565	1.60991	99999.9	0	0
S34	31632.7	0.156868	99999.9	0	0
neutron	939.565	30.3743	99999.9	0	0
neutron	939.565	7.36763	99999.9	0	0
neutron	939.565	2.04233	99999.9	0	0
alpha	3727.38	3.16744	99999.9	0	0
O16	14895.1	4.61396	99999.9	0	0
neutron	939.565	39.1443	99999.8	0	0
neutron	939.565	5.79174	99999.8	0	0
Ne21	19550.5	2.1611	99999.8	0	0
neutron	939.565	0.498121	99999.9	0	0
S36	33495	0.0919154	99999.9	0	0
neutron	939.565	0.546597	99999.9	0	0
S36	33495	0.154507	99999.9	0	0
Ne23	21414.1	0.223125	99999.9	0	0
neutron	939.565	0.28495	99999.9	0	0
Ne22	20479.7	0.224236	99999.9	0	0
neutron	939.565	3.76804	99999.8	0	0
triton	2808.92	5.8887	99999.8	0	0
F19	17692.3	1.12623	99999.8	0	0
neutron	939.565	0.356813	99999.9	0	0
Ne22	20479.7	0.122079	99999.9	0	0
neutron	939.565	1.01668	99999.8	0	0
S34	31632.7	0.259077	99999.8	0	0
S37	34430.2	0.130014	99999.9	0	0
Ne23	21414.1	0.218948	99999.8	0	0
neutron	939.565	1.14434	99999.9	0	0
S36	33495	0.13808	99999.9	0	0
proton	938.272	18.2163	99999.8	0	0
neutron	939.565	4.21222	99999.8	0	0
deuteron	1875.61	14.5884	99999.8	0	0
O19	17697.6	5.25139	99999.8	0	0
neutron	939.565	3.25795	99999.8	0	0
Ne22	20479.7	0.559078	99999.8	0	0
neutron	939.565	9.22043	99999.9	0	0
neutron	939.565	5.43056	99999.9	0	0
neutron	939.565	1.97267	99999.9	0	0
alpha	3727.38	8.56617	99999.9	0	0
Si28	26053.2	3.78046	99999.9	0	0
neutron	939.565	8.27483	99999.9	0	0
proton	938.272	2.46342	99999.9	0	0
P33	30705.3	0.265681	99999.9	0	0
neutron	939.565	24.25	99999.9	0	0
neutron	939.565	14.0907	99999.9	0	0
neutron	939.565	5.39798	99999.9	0	0
alpha	3727.38	9.15265	99999.9	0	0
O16	14895.1	5.24718	99999.9	0	0
neutron	939.565	7.10404	99999.9	0	0
neutron	939.565	3.054	99999.9	0	0
neutron	939.565	2.70014	99999.9	0	0
alpha	3727.38	6.57795	99999.9	0	0
O16	14895.1	0.322551	99999.9	0	0
neutron	939.565	7.12697	99999.9	0	0
neutron	939.565	1.81069	99999.9	0	0
Ne21	19550.5	0.387723	99999.9	0	0
neutron	939.565	0.878876	99999.9	0	0
Ne22	20479.7	0.143552	99999.9	0	0
neutron	939.565	0.647793	99999.9	0	0
Ne22	20479.7	0.105281	99999.9	0	0
neutron	939.565	2.47282	99999.9	0	0
Ne22	20479.7	0.0663233	99999.9	0	0
Ne23	21414.1	0.217573	99999.8	0	0
Ne23	21414.1	0.223501	99999.9	0	0
neutron	939.565	29.6474	99999.9	0	0
neutron	939.565	4.99949	99999.9	0	0
neutron	939.565	0.416549	99999.9	0	0
Ne20	18617.7	1.10883	99999.9	0	0
S37	34430.2	0.140664	99999.8	0	0
neutron	939.565	44.945	99999.8	0	0
deuteron	1875.61	6.75744	99999.8	0	0
P32	29775.8	1.55655	99999.8	0	0
proton	938.272	10.4226	99999.9	0	0
neutron	939.565	2.00468	99999.9	0	0
F21	19556.7	0.0455964	99999.9	0	0
neutron	939.565	15.0613	99999.8	0	0
neutron	939.565	5.67156	99999.8	0	0
neutron	939.565	4.95977	99999.8	0	0
alpha	3727.38	6.23119	99999.8	0	0
O16	14895.1	1.69698	99999.8	0	0
S35	32565.3	0.13002	99999.8	0	0
neutron	939.565	1.1239	99999.8	0	0
S34	31632.7	0.0634114	99999.8	0	0
Ne23	21414.1	0.224683	99999.8	0	0
S35	32565.3	0.16287	99999.9	0	0
neutron	939.565	0.235856	99999.8	0	0
S34	31632.7	0.18362	99999.8	0	0
neutron	939.565	0.230376	99999.9	0	0
S34	31632.7	0.187376	99999.9	0	0
neutron	939.565	28.0471	99999.8	0	0
neutron	939.565	19.8268	99999.8	0	0
neutron	939.565	5.85351	99999.8	0	0
alpha	3727.38	6.5556	99999.8	0	0
O16	14895.1	0.0942145	99999.8	0	0
neutron	939.565	1.17699	99999.9	0	0
Ne22	20479.7	0.372885	99999.9	0	0
neutron	939.565	0.175419	99999.9	0	0
Ne22	20479.7	0.254976	99999.9	0	0
neutron	939.565	1.72268	99999.9	0	0
Ne22	20479.7	0.164894	99999.9	0	0
neutron	939.565	8.44351	99999.8	0	0
neutron	939.565	0.602553	99999.8	0	0
deuteron	1875.61	17.8046	99999.8	0	0
F19	17692.3	2.70611	99999.8	0	0
neutron	939.565	0.39965	99999.8	0	0
S34	31632.7	0.197495	99999.8	0	0
neutron	939.565	0.79152	99999.9	0	0
Ne22	20479.7	0.152312	99999.9	0	0
neutron	939.565	0.223584	99999.8	0	0
Ne22	20479.7	0.193506	99999.8	0	0
proton	938.272	20.7615	99999.9	0	0
neutron	939.565	9.61409	99999.9	0	0
neutron	939.565	4.67271	99999.9	0	0
F20	18625.3	1.46887	99999.9	0	0
neutron	939.565	2.06423	99999.9	0	0
S34	31632.7	0.0290604	99999.9	0	0
neutron	939.565	0.355157	99999.9	0	0
S34	31632.7	0.232658	99999.9	0	0
neutron	939.565	32.4878	99999.8	0	0
neutron	939.565	5.19735	99999.8	0	0
neutron	939.565	4.18711	99999.8	0	0
proton	938.272	2.11374	99999.8	0	0
P31	28844.2	1.66645	99999.8	0	0
neutron	939.565	3.16903	99999.9	0	0
neutron	939.565	1.8854	99999.9	0	0
neutron	939.565	1.2053	99999.9	0	0
S34	31632.7	0.438545	99999.9	0	0
neutron	939.565	0.474191	99999.8	0	0
S36	33495	0.101943	99999.8	0	0
neutron	939.565	4.04162	99999.9	0	0
S36	33495	0.448254	99999.9	0	0
neutron	939.565	7.03266	99999.9	0	0
neutron	939.565	4.92255	99999.9	0	0
neutron	939.565	3.04946	99999.9	0	0
Ne20	18617.7	1.83625	99999.9	0	0
S35	32565.3	0.164511	99999.9	0	0
proton	938.272	6.94064	99999.9	0	0
F22	20491.1	0.115409	99999.9	0	0
neutron	939.565	0.633187	99999.9	0	0
S34	31632.7	0.249853	99999.9	0	0
neutron	939.565	2.82748	99999.9	0	0
neutron	939.565	2.23026	99999.9	0	0
neutron	939.565	0.814284	99999.9	0	0
Ne20	18617.7	0.252077	99999.9	0	0
proton	938.272	3.89543	99999.9	0	0
neutron	939.565	1.09043	99999.9	0	0
neutron	939.565	0.683909	99999.9	0	0
P34	31638.6	0.196935	99999.9	0	0
neutron	939.565	8.10805	99999.9	0	0
neutron	939.565	2.26853	99999.9	0	0
neutron	939.565	1.55196	99999.9	0	0
Ne20	18617.7	0.74496	99999.9	0	0
neutron	939.565	0.634725	99999.9	0	0
Ne22	20479.7	0.281852	99999.9	0	0
neutron	939.565	3.15669	99999.9	0	0
Ne22	20479.7	0.441209	99999.9	0	0
neutron	939.565	12.6212	99999.9	0	0
proton	938.272	10.0567	99999.9	0	0
neutron	939.565	1.13124	99999.9	0	0
F20	18625.3	0.271159	99999.9	0	0
neutron	939.565	16.1157	99999.8	0	0
neutron	939.565	8.9404	99999.8	0	0
neutron	939.565	2.19499	99999.8	0	0
alpha	3727.38	6.3309	99999.8	0	0
O16	14895.1	2.71756	99999.8	0	0
neutron	939.565	6.25891	99999.9	0	0
neutron	939.565	2.11221	99999.9	0	0
S35	32565.3	0.224707	99999.9	0	0
Ne23	21414.1	0.22503	99999.9	0	0
neutron	939.565	1.85311	99999.9	0	0
neutron	939.565	0.922115	99999.9	0	0
neutron	939.565	0.731254	99999.9	0	0
S32	29773.6	0.0991786	99999.9	0	0
Ne23	21414.1	0.216175	99999.9	0	0
neutron	939.565	0.551108	99999.9	0	0
Ne22	20479.7	0.202791	99999.9	0	0
neutron	939.565	23.226	99999.8	0	0
neutron	939.565	1.62598	99999.8	0	0
neutron	939.565	0.34258	99999.8	0	0
alpha	3727.38	3.13812	99999.8	0	0
O16	14895.1	2.88921	99999.8	0	0
neutron	939.565	5.95209	99999.9	0	0
neutron	939.565	1.31825	99999.9	0	0
neutron	939.565	0.908206	99999.9	0	0
Ne20	18617.7	0.375764	99999.9	0	0
S37	34430.2	0.133189	99999.9	0	0
S35	32565.3	0.164157	99999.8	0	0
S35	32565.3	0.141576	99999.9	0	0
neutron	939.565	12.0643	99999.9	0	0
neutron	939.565	0.148402	99999.9	0	0
Ne21	19550.5	1.35974	99999.9	0	0
neutron	939.565	21.3019	99999.9	0	0
neutron	939.565	17.3237	99999.9	0	0
neutron	939.565	0.50814	99999.9	0	0
Ne20	18617.7	0.190924	99999.9	0	0
S35	32565.3	0.157448	99999.9	0	0
S35	32565.3	0.153874	99999.9	0	0
neutron	939.565	4.17366	99999.9	0	0
neutron	939.565	2.37984	99999.9	0	0
neutron	939.565	0.878086	99999.9	0	0
alpha	3727.38	6.57125	99999.9	0	0
O16	14895.1	1.80554	99999.9	0	0
S37	34430.2	0.131935	99999.9	0	0
neutron	939.565	5.14772	99999.8	0	0
S34	31632.7	0.130183	99999.8	0	0
neutron	939.565	11.3769	99999.9	0	0
neutron	939.565	9.22543	99999.9	0	0
neutron	939.565	3.75284	99999.9	0	0
proton	938.272	3.40885	99999.9	0	0
P31	28844.2	1.41982	99999.9	0	0
neutron	939.565	0.168788	99999.9	0	0
Ne22	20479.7	0.172433	99999.9	0	0
neutron	939.565	0.971382	99999.8	0	0
neutron	939.565	0.917938	99999.8	0	0
S33	30704.6	0.197365	99999.8	0	0
neutron	939.565	0.449949	99999.9	0	0
S34	31632.7	0.0856822	99999.9	0	0
neutron	939.565	2.05581	99999.9	0	0
S36	33495	0.129661	99999.9	0	0
neutron	939.565	9.47592	99999.9	0	0
neutron	939.565	9.178	99999.9	0	0
neutron	939.565	3.86796	99999.9	0	0
alpha	3727.38	3.83651	99999.9	0	0
O16	14895.1	3.0154	99999.9	0	0
S35	32565.3	0.153913	99999.9	0	0
neutron	939.565	2.11339	99999.9	0	0
neutron	939.565	0.690167	99999.9	0	0
Ne21	19550.5	0.244006	99999.9	0	0
neutron	939.565	3.22219	99999.9	0	0
neutron	939.565	2.95004	99999.9	0	0
neutron	939.565	2.46976	99999.9	0	0
S34	31632.7	0.366697	99999.9	0	0
neutron	939.565	0.793847	99999.8	0	0
S34	31632.7	0.195569	99999.8	0	0
Ne23	21414.1	0.232562	99999.9	0	0
neutron	939.565	0.788447	99999.8	0	0
Ne22	20479.7	0.193173	99999.8	0	0
neutron	939.565	15.2905	99999.9	0	0
neutron	939.565	9.43584	99999.9	0	0
neutron	939.565	2.06417	99999.9	0	0
alpha	3727.38	4.74446	99999.9	0	0
O16	14895.1	4.60373	99999.9	0	0
neutron	939.565	0.560404	99999.9	0	0
Ne22	20479.7	0.162229	99999.9	0	0
neutron	939.565	7.28813	99999.8	0	0
proton	938.272	5.45518	99999.8	0	0
neutron	939.565	2.74146	99999.8	0	0
neutron	939.565	1.51082	99999.8	0	0
P31	28844.2	0.574856	99999.8	0	0
neutron	939.565	3.10086	99999.9	0	0
S34	31632.7	0.344076	99999.9	0	0
neutron	939.565	1.53594	99999.9	0	0
Ne22	20479.7	0.172102	99999.9	0	0
neutron	939.565	37.1359	99999.9	0	0
proton	938.272	8.33534	99999.9	0	0
neutron	939.565	2.71626	99999.9	0	0
P32	29775.8	1.95279	99999.9	0	0
neutron	939.565	0.347486	99999.9	0	0
Ne22	20479.7	0.124442	99999.9	0	0
S37	34430.2	0.127172	99999.8	0	0
neutron	939.565	1.66949	99999.9	0	0
Ne22	20479.7	0.187598	99999.9	0	0
neutron	939.565	0.472967	99999.9	0	0
S34	31632.7	0.188798	99999.9	0	0
neutron	939.565	1.39382	99999.8	0	0
S34	31632.7	0.274637	99999.8	0	0
neutron	939.565	0.819659	99999.8	0	0
Ne22	20479.7	0.111723	99999.8	0	0
proton	938.272	9.50591	99999.8	0	0
P34	31638.6	0.0537762	99999.8	0	0
neutron	939.565	8.89735	99999.8	0	0
neutron	939.565	8.25507	99999.8	0	0
deuteron	1875.61	7.05192	99999.8	0	0
P31	28844.2	1.33179	99999.8	0	0
S37	34430.2	0.138168	99999.8	0	0
neutron	939.565	10.8889	99999.9	0	0
neutron	939.565	3.81682	99999.9	0	0
neutron	939.565	0.846807	99999.9	0	0
S32	29773.6	0.91787	99999.9	0	0
neutron	939.565	0.683851	99999.9	0	0
S34	31632.7	0.152121	99999.9	0	0
S35	32565.3	0.139751	99999.9	0	0
neutron	939.565	0.822891	99999.9	0	0
Ne22	20479.7	0.262119	99999.9	0	0
neutron	939.565	17.8087	99999.9	0	0
neutron	939.565	3.63854	99999.9	0	0
proton	938.272	2.77542	99999.9	0	0
neutron	939.565	2.10254	99999.9	0	0
P31	28844.2	0.845278	99999.9	0	0
proton	938.272	30.7448	99999.8	0	0
neutron	939.565	2.2671	99999.8	0	0
deuteron	1875.61	4.07361	99999.8	0	0
Si31	28846.2	1.26981	99999.8	0	0
neutron	939.565	4.68534	99999.8	0	0
neutron	939.565	2.18517	99999.8	0	0
neutron	939.565	0.345207	99999.8	0	0
S34	31632.7	0.397582	99999.8	0	0
neutron	939.565	1.08904	99999.9	0	0
Ne22	20479.7	0.144018	99999.9	0	0
proton	938.272	8.96576	99999.8	0	0
neutron	939.565	4.06196	99999.8	0	0
neutron	939.565	3.86221	99999.8	0	0
F20	18625.3	1.20874	99999.8	0	0
neutron	939.565	0.823831	99999.9	0	0
Ne22	20479.7	0.20912	99999.9	0	0
neutron	939.565	7.50763	99999.9	0	0
Ne22	20479.7	0.188218	99999.9	0	0
neutron	939.565	0.530462	99999.9	0	0
S34	31632.7	0.122436	99999.9	0	0
Ne23	21414.1	0.222296	99999.9	0	0
neutron	939.565	7.08571	99999.8	0	0
proton	938.272	4.54338	99999.8	0	0
proton	938.272	4.25082	99999.8	0	0
neutron	939.565	3.36942	99999.8	0	0
neutron	939.565	0.926088	99999.8	0	0
Si30	27913.2	0.86892	99999.8	0	0
S35	32565.3	0.148762	99999.9	0	0
neutron	939.565	8.95949	99999.9	0	0
neutron	939.565	2.13947	99999.9	0	0
neutron	939.565	0.211216	99999.9	0	0
Ne20	18617.7	0.824071	99999.9	0	0
S37	34430.2	0.138172	99999.9	0	0
S37	34430.2	0.134448	99999.9	0	0
Ne23	21414.1	0.211377	99999.9	0	0
neutron	939.565	13.2344	99999.9	0	0
neutron	939.565	5.51243	99999.9	0	0
neutron	939.565	0.757113	99999.9	0	0
Ne20	18617.7	0.74924	99999.9	0	0
neutron	939.565	9.9525	99999.9	0	0
neutron	939.565	3.16766	99999.9	0	0
neutron	939.565	0.227644	99999.9	0	0
Ne20	18617.7	0.171316	99999.9	0	0
S35	32565.3	0.151703	99999.9	0	0
Ne23	21414.1	0.208113	99999.8	0	0
neutron	939.565	0.050596	99999.8	0	0
Ne22	20479.7	0.189317	99999.8	0	0
neutron	939.565	14.0415	99999.9	0	0
neutron	939.565	6.46339	99999.9	0	0
neutron	939.565	2.44063	99999.9	0	0
S34	31632.7	0.631845	99999.9	0	0
proton	938.272	25.5	99999.8	0	0
neutron	939.565	1.43302	99999.8	0	0
P33	30705.3	0.400992	99999.8	0	0
neutron	939.565	0.326354	99999.9	0	0
Ne22	20479.7	0.119148	99999.9	0	0
neutron	939.565	4.06791	99999.9	0	0
Ne22	20479.7	0.279239	99999.9	0	0
neutron	939.565	0.605422	99999.8	0	0
Ne22	20479.7	0.148218	99999.8	0	0
neutron	939.565	0.446874	99999.9	0	0
Ne22	20479.7	0.220368	99999.9	0	0
neutron	939.565	3.27672	99999.9	0	0
neutron	939.565	1.10167	99999.9	0	0
alpha	3727.38	8.80688	99999.9	0	0
Si29	26984.3	2.35504	99999.9	0	0
neutron	939.565	7.42651	99999.9	0	0
neutron	939.565	5.34313	99999.9	0	0
neutron	939.565	4.51643	99999.9	0	0
Ne20	18617.7	0.71766	99999.9	0	0
Ne23	21414.1	0.226852	99999.8	0	0
neutron	939.565	1.01702	99999.9	0	0
S34	31632.7	0.0560638	99999.9	0	0
proton	938.272	16.9459	99999.9	0	0
neutron	939.565	1.52443	99999.9	0	0
neutron	939.565	1.30498	99999.9	0	0
F20	18625.3	1.01914	99999.9	0	0
neutron	939.565	7.80642	99999.8	0	0
neutron	939.565	2.63244	99999.8	0	0
neutron	939.565	1.34365	99999.8	0	0
S32	29773.6	0.406917	99999.8	0	0
neutron	939.565	3.47581	99999.9	0	0
neutron	939.565	3.12994	99999.9	0	0
neutron	939.565	2.4738	99999.9	0	0
S32	29773.6	0.391851	99999.9	0	0
neutron	939.565	0.676968	99999.8	0	0
S36	33495	0.0815857	99999.8	0	0
neutron	939.565	1.94629	99999.8	0	0
S34	31632.7	0.130565	99999.8	0	0
neutron	939.565	0.843146	99999.8	0	0
neutron	939.565	0.782951	99999.8	0	0
neutron	939.565	0.454878	99999.8	0	0
S34	31632.7	0.233964	99999.8	0	0
neutron	939.565	14.0157	99999.9	0	0
neutron	939.565	14.0022	99999.9	0	0
neutron	939.565	5.44537	99999.9	0	0
proton	938.272	4.35631	99999.9	0	0
P31	28844.2	1.22155	99999.9	0	0
neutron	939.565	0.258539	99999.9	0	0
S34	31632.7	0.213493	99999.9	0	0
neutron	939.565	0.960428	99999.8	0	0
S34	31632.7	0.0639774	99999.8	0	0
neutron	939.565	9.75896	99999.8	0	0
neutron	939.565	3.26444	99999.8	0	0
neutron	939.565	3.07974	99999.8	0	0
S32	29773.6	0.0771474	99999.8	0	0
neutron	939.565	0.192318	99999.8	0	0
S34	31632.7	0.173747	99999.8	0	0
neutron	939.565	24.2623	99999.8	0	0
neutron	939.565	18.8849	99999.8	0	0
neutron	939.565	0.450583	99999.8	0	0
Ne20	18617.7	0.279021	99999.8	0	0
neutron	939.565	1.05344	99999.8	0	0
S34	31632.7	0.0599693	99999.8	0	0
neutron	939.565	11.6361	99999.8	0	0
neutron	939.565	10.0307	99999.8	0	0
neutron	939.565	1.60656	99999.8	0	0
alpha	3727.38	5.44684	99999.8	0	0
O16	14895.1	1.43292	99999.8	0	0
proton	938.272	10.4799	99999.8	0	0
neutron	939.565	0.611683	99999.8	0	0
F21	19556.7	0.707917	99999.8	0	0
S37	34430.2	0.137928	99999.8	0	0
neutron	939.565	1.1597	99999.9	0	0
Ne22	20479.7	0.412934	99999.9	0	0
Ne23	21414.1	0.226718	99999.9	0	0
neutron	939.565	0.603683	99999.9	0	0
Ne22	20479.7	0.236451	99999.9	0	0
neutron	939.565	5.95693	99999.9	0	0
Ne22	20479.7	0.252126	99999.9	0	0
neutron	939.565	6.78409	99999.9	0	0
neutron	939.565	5.25252	99999.9	0	0
proton	938.272	2.92254	99999.9	0	0
deuteron	1875.61	13.2778	99999.9	0	0
O18	16762	0.396121	99999.9	0	0
neutron	939.565	0.365802	99999.9	0	0
Ne22	20479.7	0.143334	99999.9	0	0
neutron	939.565	3.3789	99999.9	0	0
S36	33495	0.359628	99999.9	0	0
Ne23	21414.1	0.228576	99999.9	0	0
neutron	939.565	1.51677	99999.8	0	0
Ne22	20479.7	0.523583	99999.8	0	0
S37	34430.2	0.138356	99999.9	0	0
neutron	939.565	0.152853	99999.8	0	0
Ne22	20479.7	0.221306	99999.8	0	0
neutron	939.565	3.34122	99999.9	0	0
neutron	939.565	2.45952	99999.9	0	0
neutron	939.565	1.97613	99999.9	0	0
S32	29773.6	0.130637	99999.9	0	0
neutron	939.565	26.4651	99999.9	0	0
proton	938.272	17.2463	99999.9	0	0
neutron	939.565	2.05122	99999.9	0	0
alpha	3727.38	4.21445	99999.9	0	0
N16	14906	1.47407	99999.9	0	0
neutron	939.565	1.96227	99999.9	0	0
neutron	939.565	1.08582	99999.9	0	0
Ne21	19550.5	0.0759392	99999.9	0	0
neutron	939.565	4.14751	99999.9	0	0
neutron	939.565	1.80011	99999.9	0	0
S33	30704.6	0.421582	99999.9	0	0
S35	32565.3	0.161077	99999.8	0	0
neutron	939.565	5.12516	99999.9	0	0
neutron	939.565	4.3675	99999.9	0	0
neutron	939.565	0.365359	99999.9	0	0
S34	31632.7	0.171503	99999.9	0	0
Ne23	21414.1	0.228498	99999.9	0	0
neutron	939.565	28.6988	99999.9	0	0
neutron	939.565	0.195231	99999.9	0	0
alpha	3727.38	5.23706	99999.9	0	0
O17	15830.5	3.46347	99999.9	0	0
Ne23	21414.1	0.217153	99999.8	0	0
neutron	939.565	0.945234	99999.8	0	0
Ne22	20479.7	0.218247	99999.8	0	0
S35	32565.3	0.154271	99999.9	0	0
S37	34430.2	0.136198	99999.9	0	0
neutron	939.565	5.93377	99999.8	0	0
S36	33495	0.317937	99999.8	0	0
neutron	939.565	0.770598	99999.8	0	0
Ne22	20479.7	0.40314	99999.8	0	0
neutron	939.565	12.7087	99999.9	0	0
neutron	939.565	5.99499	99999.9	0	0
neutron	939.565	5.27856	99999.9	0	0
Ne20	18617.7	0.457671	99999.9	0	0
neutron	939.565	4.23346	99999.9	0	0
proton	938.272	3.26132	99999.9	0	0
neutron	939.565	2.43798	99999.9	0	0
neutron	939.565	1.32526	99999.9	0	0
P31	28844.2	0.109836	99999.9	0	0
neutron	939.565	5.65535	99999.9	0	0
neutron	939.565	2.7116	99999.9	0	0
neutron	939.565	2.29006	99999.9	0	0
neutron	939.565	1.02418	99999.9	0	0
Ne19	17695	0.29205	99999.9	0	0
S35	32565.3	0.141362	99999.9	0	0
neutron	939.565	14.2197	99999.9	0	0
neutron	939.565	4.1979	99999.9	0	0
neutron	939.565	0.499955	99999.9	0	0
Ne20	18617.7	0.166607	99999.9	0	0
neutron	939.565	0.629085	99999.9	0	0
Ne22	20479.7	0.0972691	99999.9	0	0
neutron	939.565	0.06808	99999.8	0	0
Ne22	20479.7	0.198608	99999.8	0	0
neutron	939.565	1.73747	99999.9	0	0
Ne22	20479.7	0.474359	99999.9	0	0
neutron	939.565	46.9781	99999.9	0	0
neutron	939.565	3.81684	99999.9	0	0
neutron	939.565	1.95106	99999.9	0	0
Ne20	18617.7	3.53459	99999.9	0	0
neutron	939.565	0.624481	99999.9	0	0
S36	33495	0.0682668	99999.9	0	0
Ne23	21414.1	0.232397	99999.8	0	0
neutron	939.565	4.99673	99999.9	0	0
neutron	939.565	1.52668	99999.9	0	0
neutron	939.565	0.866717	99999.9	0	0
alpha	3727.38	4.71585	99999.9	0	0
O16	14895.1	1.12597	99999.9	0	0
neutron	939.565	28.9078	99999.8	0	0
neutron	939.565	3.35391	99999.8	0	0
neutron	939.565	2.47337	99999.8	0	0
neutron	939.565	0.643461	99999.8	0	0
S33	30704.6	0.427049	99999.8	0	0
neutron	939.565	6.1232	99999.9	0	0
neutron	939.565	6.00079	99999.9	0	0
proton	938.272	1.82279	99999.9	0	0
triton	2808.92	15.8945	99999.9	0	0
O17	15830.5	3.37538	99999.9	0	0
neutron	939.565	0.118858	99999.9	0	0
S34	31632.7	0.16386	99999.9	0	0
neutron	939.565	10.0573	99999.9	0	0
proton	938.272	8.29442	99999.9	0	0
neutron	939.565	8.14911	99999.9	0	0
proton	938.272	2.95157	99999.9	0	0
neutron	939.565	1.02281	99999.9	0	0
Si30	27913.2	1.17385	99999.9	0	0
neutron	939.565	11.9687	99999.9	0	0
neutron	939.565	11.2989	99999.9	0	0
proton	938.272	3.20374	99999.9	0	0
neutron	939.565	0.971266	99999.9	0	0
deuteron	1875.61	3.82786	99999.9	0	0
O17	15830.5	0.494998	99999.9	0	0
neutron	939.565	0.861432	99999.9	0	0
S34	31632.7	0.18264	99999.9	0	0
neutron	939.565	0.827239	99999.8	0	0
S34	31632.7	0.268735	99999.8	0	0
S35	32565.3	0.161302	99999.8	0	0
neutron	939.565	1.78846	99999.9	0	0
S34	31632.7	0.0438311	99999.9	0	0
neutron	939.565	5.75561	99999.9	0	0
neutron	939.565	1.84411	99999.9	0	0
neutron	939.565	1.67146	99999.9	0	0
Ne20	18617.7	0.654484	99999.9	0	0
neutron	939.565	0.899415	99999.8	0	0
S34	31632.7	0.250404	99999.8	0	0
S37	34430.2	0.125854	99999.9	0	0
S35	32565.3	0.158986	99999.8	0	0
neutron	939.565	4.70596	99999.9	0	0
neutron	939.565	3.59419	99999.9	0	0
neutron	939.565	2.71937	99999.9	0	0
Ne20	18617.7	0.366568	99999.9	0	0
S35	32565.3	0.140227	99999.9	0	0
neutron	939.565	3.49672	99999.9	0	0
neutron	939.565	1.56121	99999.9	0	0
neutron	939.565	0.555498	99999.9	0	0
S34	31632.7	0.249659	99999.9	0	0
proton	938.272	23.9044	99999.8	0	0
neutron	939.565	13.2042	99999.8	0	0
F21	19556.7	0.394825	99999.8	0	0
Ne23	21414.1	0.230901	99999.9	0	0
S35	32565.3	0.160312	99999.9	0	0
neutron	939.565	12.0973	99999.8	0	0
neutron	939.565	2.19204	99999.8	0	0
neutron	939.565	2.0828	99999.8	0	0
Ne20	18617.7	0.93272	99999.8	0	0
neutron	939.565	4.39672	99999.8	0	0
neutron	939.565	2.22994	99999.8	0	0
neutron	939.565	0.441563	99999.8	0	0
S34	31632.7	0.198008	99999.8	0	0
neutron	939.565	19.8614	99999.9	0	0
neutron	939.565	6.22037	99999.9	0	0
Ne21	19550.5	1.97913	99999.9	0	0
proton	938.272	44.2951	99999.9	0	0
F22	20491.1	1.80998	99999.9	0	0
neutron	939.565	1.96568	99999.8	0	0
Ne22	20479.7	0.189852	99999.8	0	0
neutron	939.565	1.249	99999.9	0	0
S34	31632.7	0.2545	99999.9	0	0
S35	32565.3	0.159335	99999.8	0	0
proton	938.272	3.60885	99999.9	0	0
neutron	939.565	2.53131	99999.9	0	0
neutron	939.565	1.63938	99999.9	0	0
deuteron	1875.61	1.43052	99999.9	0	0
O18	16762	1.38141	99999.9	0	0
neutron	939.565	8.2237	99999.8	0	0
proton	938.272	5.92729	99999.8	0	0
P33	30705.3	1.12424	99999.8	0	0
neutron	939.565	1.36216	99999.9	0	0
Ne22	20479.7	0.296892	99999.9	0	0
neutron	939.565	9.23339	99999.9	0	0
neutron	939.565	6.59414	99999.9	0	0
S35	32565.3	0.359853	99999.9	0	0
neutron	939.565	5.16794	99999.8	0	0
neutron	939.565	2.96409	99999.8	0	0
neutron	939.565	0.340415	99999.8	0	0
Ne20	18617.7	0.484212	99999.8	0	0
neutron	939.565	4.51781	99999.9	0	0
S34	31632.7	0.203959	99999.9	0	0
neutron	939.565	10.0234	99999.9	0	0
neutron	939.565	5.09032	99999.9	0	0
neutron	939.565	1.01689	99999.9	0	0
Ne20	18617.7	1.6874	99999.9	0	0
neutron	939.565	2.51116	99999.9	0	0
neutron	939.565	0.715987	99999.9	0	0
Ne21	19550.5	0.657027	99999.9	0	0
neutron	939.565	2.15482	99999.9	0	0
neutron	939.565	1.73302	99999.9	0	0
neutron	939.565	0.353586	99999.9	0	0
alpha	3727.38	7.82415	99999.9	0	0
O16	14895.1	1.31144	99999.9	0	0
Ne23	21414.1	0.212814	99999.9	0	0
neutron	939.565	4.57015	99999.8	0	0
neutron	939.565	0.25854	99999.8	0	0
Ne21	19550.5	0.646241	99999.8	0	0
Ne23	21414.1	0.232197	99999.8	0	0
neutron	939.565	20.8533	99999.8	0	0
neutron	939.565	4.20778	99999.8	0	0
neutron	939.565	0.699314	99999.8	0	0
alpha	3727.38	4.22053	99999.8	0	0
O16	14895.1	2.76938	99999.8	0	0
Ne23	21414.1	0.220083	99999.9	0	0
neutron	939.565	0.216276	99999.9	0	0
Ne22	20479.7	0.269779	99999.9	0	0
S35	32565.3	0.15761	99999.8	0	0
neutron	939.565	0.113172	99999.9	0	0
Ne22	20479.7	0.255889	99999.9	0	0
S35	32565.3	0.167308	99999.8	0	0
Ne23	21414.1	0.232331	99999.9	0	0
S35	32565.3	0.131346	99999.8	0	0
S37	34430.2	0.137324	99999.9	0	0
neutron	939.565	1.34195	99999.9	0	0
Ne22	20479.7	0.107241	99999.9	0	0
Ne23	21414.1	0.230651	99999.8	0	0
neutron	939.565	35.8423	99999.9	0	0
neutron	939.565	0.945952	99999.9	0	0
alpha	3727.38	11.3658	99999.9	0	0
Si29	26984.3	1.17001	99999.9	0	0
neutron	939.565	4.66039	99999.8	0	0
neutron	939.565	2.90995	99999.8	0	0
neutron	939.565	0.588937	99999.8	0	0
S32	29773.6	0.76602	99999.8	0	0
neutron	939.565	1.51804	99999.9	0	0
Ne22	20479.7	0.327999	99999.9	0	0
neutron	939.565	1.90152	99999.9	0	0
Ne22	20479.7	0.0412026	99999.9	0	0
proton	938.272	44.869	99999.9	0	0
neutron	939.565	2.60063	99999.9	0	0
neutron	939.565	1.7948	99999.9	0	0
P32	29775.8	1.30525	99999.9	0	0
proton	938.272	9.85153	99999.8	0	0
neutron	939.565	3.49344	99999.8	0	0
neutron	939.565	1.44025	99999.8	0	0
neutron	939.565	0.965192	99999.8	0	0
F19	17692.3	1.17197	99999.8	0	0
neutron	939.565	20.7547	99999.9	0	0
neutron	939.565	17.3964	99999.9	0	0
neutron	939.565	0.390285	99999.9	0	0
Ne20	18617.7	0.519665	99999.9	0	0
neutron	939.565	29.515	99999.9	0	0
proton	938.272	9.14554	99999.9	0	0
proton	938.272	6.57268	99999.9	0	0
neutron	939.565	2.13423	99999.9	0	0
O19	17697.6	1.51739	99999.9	0	0
neutron	939.565	0.245459	99999.9	0	0
Ne22	20479.7	0.256131	99999.9	0	0
neutron	939.565	1.02656	99999.8	0	0
Ne22	20479.7	0.302791	99999.8	0	0
neutron	939.565	0.989062	99999.9	0	0
Ne22	20479.7	0.398733	99999.9	0	0
neutron	939.565	2.34081	99999.9	0	0
S34	31632.7	0.319211	99999.9	0	0
neutron	939.565	1.22613	99999.9	0	0
S34	31632.7	0.0846689	99999.9	0	0
neutron	939.565	0.520107	99999.8	0	0
S34	31632.7	0.0739024	99999.8	0	0
Ne23	21414.1	0.20968	99999.9	0	0
neutron	939.565	1.05726	99999.9	0	0
S36	33495	0.0861647	99999.9	0	0
neutron	939.565	2.44786	99999.9	0	0
neutron	939.565	0.950984	99999.9	0	0
Ne21	19550.5	0.455172	99999.9	0	0
neutron	939.565	0.572148	99999.9	0	0
S34	31632.7	0.121877	99999.9	0	0
neutron	939.565	17.1428	99999.8	0	0
neutron	939.565	15.7687	99999.8	0	0
neutron	939.565	2.03402	99999.8	0	0
alpha	3727.38	4.97786	99999.8	0	0
O16	14895.1	1.94926	99999.8	0	0
neutron	939.565	3.33358	99999.8	0	0
neutron	939.565	0.390944	99999.8	0	0
S35	32565.3	0.41888	99999.8	0	0
neutron	939.565	1.02663	99999.8	0	0
S34	31632.7	0.168944	99999.8	0	0
Ne23	21414.1	0.21307	99999.8	0	0
neutron	939.565	18.6513	99999.8	0	0
proton	938.272	5.07124	99999.8	0	0
neutron	939.565	1.66157	99999.8	0	0
neutron	939.565	1.39364	99999.8	0	0
P33	30705.3	0.598609	99999.8	0	0
neutron	939.565	10.5018	99999.9	0	0
proton	938.272	6.58031	99999.9	0	0
neutron	939.565	5.52749	99999.9	0	0
neutron	939.565	4.6722	99999.9	0	0
F19	17692.3	0.185768	99999.9	0	0
neutron	939.565	36.4984	99999.8	0	0
neutron	939.565	6.04304	99999.8	0	0
neutron	939.565	3.57316	99999.8	0	0
proton	938.272	3.35177	99999.8	0	0
P31	28844.2	0.835132	99999.8	0	0
neutron	939.565	3.7619	99999.9	0	0
Ne22	20479.7	0.169404	99999.9	0	0
neutron	939.565	1.47138	99999.9	0	0
S34	31632.7	0.0752512	99999.9	0	0
neutron	939.565	0.844396	99999.9	0	0
S34	31632.7	0.0429057	99999.9	0	0
neutron	939.565	5.58383	99999.8	0	0
neutron	939.565	3.69305	99999.8	0	0
neutron	939.565	1.81396	99999.8	0	0
alpha	3727.38	8.325	99999.8	0	0
Si30	27913.2	2.37028	99999.8	0	0
neutron	939.565	0.514326	99999.9	0	0
S34	31632.7	0.188529	99999.9	0	0
neutron	939.565	21.553	99999.9	0	0
neutron	939.565	7.68414	99999.9	0	0
neutron	939.565	2.88462	99999.9	0	0
S32	29773.6	0.491413	99999.9	0	0
neutron	939.565	0.201995	99999.9	0	0
S36	33495	0.148707	99999.9	0	0
neutron	939.565	0.332656	99999.9	0	0
Ne22	20479.7	0.250879	99999.9	0	0
proton	938.272	7.91617	99999.9	0	0
neutron	939.565	4.44558	99999.9	0	0
neutron	939.565	0.502636	99999.9	0	0
neutron	939.565	0.128231	99999.9	0	0
F19	17692.3	0.0899102	99999.9	0	0
neutron	939.565	0.910602	99999.8	0	0
S36	33495	0.161666	99999.8	0	0
proton	938.272	4.03184	99999.9	0	0
neutron	939.565	2.66878	99999.9	0	0
P33	30705.3	0.369318	99999.9	0	0
neutron	939.565	0.497047	99999.9	0	0
Ne22	20479.7	0.111164	99999.9	0	0
proton	938.272	9.20179	99999.8	0	0
proton	938.272	3.89983	99999.8	0	0
neutron	939.565	0.842903	99999.8	0	0
Si32	29776.6	0.255205	99999.8	0	0
neutron	939.565	0.244571	99999.9	0	0
S34	31632.7	0.143778	99999.9	0	0
proton	938.272	32.9519	99999.9	0	0
neutron	939.565	24.4008	99999.9	0	0
neutron	939.565	0.112985	99999.9	0	0
P32	29775.8	0.333928	99999.9	0	0
neutron	939.565	43.002	99999.8	0	0
neutron	939.565	4.36565	99999.8	0	0
neutron	939.565	1.1941	99999.8	0	0
alpha	3727.38	2.41525	99999.8	0	0
O16	14895.1	5.33249	99999.8	0	0
S35	32565.3	0.16427	99999.8	0	0
neutron	939.565	4.49239	99999.8	0	0
neutron	939.565	3.39283	99999.8	0	0
neutron	939.565	2.90086	99999.8	0	0
Ne20	18617.7	0.00992304	99999.8	0	0
proton	938.272	5.39155	99999.9	0	0
neutron	939.565	3.15076	99999.9	0	0
neutron	939.565	1.67301	99999.9	0	0
neutron	939.565	0.869	99999.9	0	0
P33	30705.3	0.0734979	99999.9	0	0
neutron	939.565	0.184954	99999.9	0	0
Ne22	20479.7	0.26564	99999.9	0	0
neutron	939.565	1.46438	99999.8	0	0
S34	31632.7	0.142904	99999.8	0	0
neutron	939.565	13.3174	99999.9	0	0
proton	938.272	3.23693	99999.9	0	0
neutron	939.565	0.75087	99999.9	0	0
neutron	939.565	0.63491	99999.9	0	0
triton	2808.92	5.99595	99999.9	0	0
Si28	26053.2	1.90529	99999.9	0	0
neutron	939.565	5.25743	99999.9	0	0
neutron	939.565	1.21941	99999.9	0	0
alpha	3727.38	8.02711	99999.9	0	0
Si29	26984.3	1.40706	99999.9	0	0
neutron	939.565	7.20989	99999.9	0	0
neutron	939.565	3.46361	99999.9	0	0
neutron	939.565	3.30555	99999.9	0	0
Ne20	18617.7	0.282053	99999.9	0	0
Ne23	21414.1	0.212385	99999.8	0	0
proton	938.272	12.9747	99999.9	0	0
neutron	939.565	4.49092	99999.9	0	0
neutron	939.565	2.13258	99999.9	0	0
deuteron	1875.61	10.4234	99999.9	0	0
Si30	27913.2	0.549781	99999.9	0	0
neutron	939.565	0.999676	99999.9	0	0
Ne22	20479.7	0.43064	99999.9	0	0
neutron	939.565	2.68777	99999.9	0	0
S34	31632.7	0.0497921	99999.9	0	0
neutron	939.565	4.50971	99999.8	0	0
neutron	939.565	3.11997	99999.8	0	0
neutron	939.565	1.77574	99999.8	0	0
neutron	939.565	0.379132	99999.8	0	0
S33	30704.6	0.158926	99999.8	0	0
neutron	939.565	1.15112	99999.9	0	0
S34	31632.7	0.228353	99999.9	0	0
neutron	939.565	0.631117	99999.8	0	0
S34	31632.7	0.0678765	99999.8	0	0
neutron	939.565	17.4105	99999.9	0	0
neutron	939.565	10.2319	99999.9	0	0
neutron	939.565	2.92387	99999.9	0	0
Ne20	18617.7	0.957868	99999.9	0	0
neutron	939.565	0.206396	99999.9	0	0
S34	31632.7	0.0993866	99999.9	0	0
neutron	939.565	3.29527	99999.9	0	0
S34	31632.7	0.371662	99999.9	0	0
neutron	939.565	12.3459	99999.8	0	0
neutron	939.565	6.87244	99999.8	0	0
neutron	939.565	1.14407	99999.8	0	0
Ne20	18617.7	0.290792	99999.8	0	0
neutron	939.565	4.90412	99999.9	0	0
S36	33495	0.102367	99999.9	0	0
neutron	939.565	0.239421	99999.9	0	0
Ne22	20479.7	0.156967	99999.9	0	0
neutron	939.565	1.15382	99999.9	0	0
S34	31632.7	0.183092	99999.9	0	0
proton	938.272	22.9663	99999.8	0	0
neutron	939.565	0.251403	99999.8	0	0
P33	30705.3	0.815532	99999.8	0	0
neutron	939.565	7.11112	99999.9	0	0
proton	938.272	3.00492	99999.9	0	0
neutron	939.565	1.08583	99999.9	0	0
deuteron	1875.61	5.58662	99999.9	0	0
Si30	27913.2	0.674818	99999.9	0	0
neutron	939.565	16.6925	99999.8	0	0
neutron	939.565	4.72097	99999.8	0	0
neutron	939.565	4.57394	99999.8	0	0
alpha	3727.38	2.7636	99999.8	0	0
O16	14895.1	2.9165	99999.8	0	0
neutron	939.565	2.49658	99999.9	0	0
S34	31632.7	0.0310795	99999.9	0	0
neutron	939.565	0.749552	99999.8	0	0
Ne22	20479.7	0.321874	99999.8	0	0
Ne23	21414.1	0.222103	99999.8	0	0
neutron	939.565	0.0786004	99999.9	0	0
Ne22	20479.7	0.242582	99999.9	0	0
neutron	939.565	0.920441	99999.9	0	0
Ne22	20479.7	0.283894	99999.9	0	0
neutron	939.565	0.222014	99999.9	0	0
S34	31632.7	0.138158	99999.9	0	0
neutron	939.565	0.906988	99999.9	0	0
Ne22	20479.7	0.186467	99999.9	0	0
neutron	939.565	5.37106	99999.8	0	0
neutron	939.565	4.31283	99999.8	0	0
neutron	939.565	2.16034	99999.8	0	0
Ne20	18617.7	1.13837	99999.8	0	0
S37	34430.2	0.140326	99999.9	0	0
proton	938.272	3.51446	99999.8	0	0
neutron	939.565	0.878578	99999.8	0	0
F21	19556.7	0.192665	99999.8	0	0
neutron	939.565	0.294494	99999.9	0	0
Ne22	20479.7	0.293186	99999.9	0	0
neutron	939.565	15.0701	99999.9	0	0
neutron	939.565	3.08704	99999.9	0	0
neutron	939.565	1.90746	99999.9	0	0
alpha	3727.38	9.57455	99999.9	0	0
alpha	3727.38	4.29787	99999.9	0	0
C12	11174.9	0.830862	99999.9	0	0
neutron	939.565	0.208924	99999.9	0	0
S36	33495	0.0883399	99999.9	0	0
Ne23	21414.1	0.226037	99999.9	0	0
neutron	939.565	12.8816	99999.9	0	0
neutron	939.565	7.0502	99999.9	0	0
neutron	939.565	5.91605	99999.9	0	0
neutron	939.565	2.28373	99999.9	0	0
alpha	3727.38	6.13906	99999.9	0	0
O15	13971.2	0.692339	99999.9	0	0
neutron	939.565	6.87074	99999.9	0	0
neutron	939.565	1.98616	99999.9	0	0
neutron	939.565	1.60842	99999.9	0	0
Ne20	18617.7	0.279519	99999.9	0	0
Ne23	21414.1	0.225927	99999.8	0	0
neutron	939.565	0.208328	99999.8	0	0
S34	31632.7	0.177552	99999.8	0	0
neutron	939.565	0.407835	99999.8	0	0
Ne22	20479.7	0.237594	99999.8	0	0
neutron	939.565	0.601879	99999.9	0	0
S34	31632.7	0.151836	99999.9	0	0
Ne23	21414.1	0.219875	99999.9	0	0
neutron	939.565	0.206228	99999.9	0	0
S34	31632.7	0.113237	99999.9	0	0
neutron	939.565	0.939923	99999.9	0	0
neutron	939.565	0.172827	99999.9	0	0
Ne21	19550.5	0.438145	99999.9	0	0
neutron	939.565	9.86426	99999.9	0	0
proton	938.272	4.86276	99999.9	0	0
proton	938.272	4.01963	99999.9	0	0
Si32	29776.6	1.54655	99999.9	0	0
proton	938.272	12.908	99999.9	0	0
proton	938.272	4.55927	99999.9	0	0
neutron	939.565	4.26508	99999.9	0	0
Si32	29776.6	0.277924	99999.9	0	0
neutron	939.565	0.119804	99999.9	0	0
S34	31632.7	0.183855	99999.9	0	0
neutron	939.565	0.399687	99999.9	0	0
S34	31632.7	0.200104	99999.9	0	0
neutron	939.565	8.3751	99999.9	0	0
neutron	939.565	4.48312	99999.9	0	0
neutron	939.565	1.42755	99999.9	0	0
alpha	3727.38	6.3107	99999.9	0	0
Si28	26053.2	1.09393	99999.9	0	0
neutron	939.565	1.63803	99999.8	0	0
S34	31632.7	0.325055	99999.8	0	0
Ne23	21414.1	0.219464	99999.8	0	0
neutron	939.565	3.33686	99999.9	0	0
alpha	3727.38	13.4161	99999.9	0	0
Si30	27913.2	2.01066	99999.9	0	0
neutron	939.565	16.7823	99999.9	0	0
neutron	939.565	16.5952	99999.9	0	0
proton	938.272	2.94443	99999.9	0	0
neutron	939.565	2.47467	99999.9	0	0
proton	938.272	2.43504	99999.9	0	0
Si30	27913.2	0.501816	99999.9	0	0
S35	32565.3	0.137778	99999.9	0	0
neutron	939.565	1.07669	99999.8	0	0
S36	33495	0.173718	99999.8	0	0
neutron	939.565	1.053	99999.8	0	0
S36	33495	0.177455	99999.8	0	0
Ne23	21414.1	0.234841	99999.8	0	0
neutron	939.565	0.636958	99999.9	0	0
S34	31632.7	0.246498	99999.9	0	0
Ne23	21414.1	0.203763	99999.8	0	0
neutron	939.565	0.359597	99999.9	0	0
S34	31632.7	0.149211	99999.9	0	0
Ne23	21414.1	0.230467	99999.9	0	0
neutron	939.565	23.2276	99999.9	0	0
neutron	939.565	8.33369	99999.9	0	0
neutron	939.565	3.22612	99999.9	0	0
Ne20	18617.7	0.140129	99999.9	0	0
deuteron	1875.61	11.5189	99999.9	0	0
alpha	3727.38	12.0074	99999.9	0	0
N17	15839.7	1.26371	99999.9	0	0
neutron	939.565	1.83812	99999.9	0	0
S34	31632.7	0.0514855	99999.9	0	0
proton	938.272	28.167	99999.9	0	0
neutron	939.565	5.72445	99999.9	0	0
proton	938.272	4.62363	99999.9	0	0
neutron	939.565	1.9509	99999.9	0	0
neutron	939.565	1.34135	99999.9	0	0
neutron	939.565	0.136362	99999.9	0	0
Si29	26984.3	1.21206	99999.9	0	0
neutron	939.565	0.653263	99999.9	0	0
S34	31632.7	0.24935	99999.9	0	0
Ne23	21414.1	0.228269	99999.8	0	0
S35	32565.3	0.146865	99999.9	0	0
neutron	939.565	0.635427	99999.9	0	0
S34	31632.7	0.129409	99999.9	0	0
neutron	939.565	1.78706	99999.9	0	0
Ne22	20479.7	0.235592	99999.9	0	0
neutron	939.565	43.6481	99999.9	0	0
proton	938.272	3.3054	99999.9	0	0
P33	30705.3	1.70869	99999.9	0	0
neutron	939.565	2.64519	99999.8	0	0
Ne22	20479.7	0.189953	99999.8	0	0
neutron	939.565	0.19172	99999.9	0	0
S34	31632.7	0.100869	99999.9	0	0
S35	32565.3	0.168384	99999.9	0	0
neutron	939.565	0.385897	99999.9	0	0
S34	31632.7	0.102804	99999.9	0	0
neutron	939.565	1.01307	99999.8	0	0
S36	33495	0.0880538	99999.8	0	0
S35	32565.3	0.144574	99999.9	0	0
Ne23	21414.1	0.209411	99999.9	0	0
neutron	939.565	3.43036	99999.8	0	0
neutron	939.565	2.80264	99999.8	0	0
neutron	939.565	0.865375	99999.8	0	0
alpha	3727.38	5.69285	99999.8	0	0
O16	14895.1	0.674451	99999.8	0	0
Ne23	21414.1	0.230464	99999.9	0	0
neutron	939.565	3.0034	99999.8	0	0
neutron	939.565	2.17802	99999.8	0	0
S35	32565.3	0.0710631	99999.8	0	0
neutron	939.565	32.3638	99999.8	0	0
neutron	939.565	8.1543	99999.8	0	0
neutron	939.565	3.15282	99999.8	0	0
Ne20	18617.7	1.00128	99999.8	0	0
neutron	939.565	5.49169	99999.9	0	0
neutron	939.565	2.66384	99999.9	0	0
S35	32565.3	0.22615	99999.9	0	0
proton	938.272	12.6399	99999.8	0	0
proton	938.272	9.59551	99999.8	0	0
neutron	939.565	8.68573	99999.8	0	0
neutron	939.565	2.67706	99999.8	0	0
neutron	939.565	1.16365	99999.8	0	0
neutron	939.565	0.758523	99999.8	0	0
Si29	26984.3	0.173416	99999.8	0	0
neutron	939.565	2.14819	99999.8	0	0
Ne22	20479.7	0.137312	99999.8	0	0
neutron	939.565	0.143553	99999.8	0	0
Ne22	20479.7	0.215482	99999.8	0	0
neutron	939.565	3.37561	99999.9	0	0
neutron	939.565	3.36371	99999.9	0	0
neutron	939.565	2.75172	99999.9	0	0
alpha	3727.38	4.95938	99999.9	0	0
O16	14895.1	1.1615	99999.9	0	0
S35	32565.3	0.153655	99999.8	0	0
neutron	939.565	5.76748	99999.8	0	0
proton	938.272	4.66807	99999.8	0	0
proton	938.272	2.17755	99999.8	0	0
alpha	3727.38	13.2939	99999.8	0	0
Mg28	26060.7	1.41884	99999.8	0	0
neutron	939.565	9.05683	99999.8	0	0
neutron	939.565	5.35817	99999.8	0	0
proton	938.272	2.61881	99999.8	0	0
neutron	939.565	2.42145	99999.8	0	0
neutron	939.565	1.10123	99999.8	0	0
deuteron	1875.61	2.74495	99999.8	0	0
Si28	26053.2	1.05872	99999.8	0	0
neutron	939.565	1.25628	99999.8	0	0
S34	31632.7	0.189811	99999.8	0	0
neutron	939.565	2.58201	99999.9	0	0
neutron	939.565	1.27537	99999.9	0	0
alpha	3727.38	7.04351	99999.9	0	0
O17	15830.5	1.26743	99999.9	0	0
S37	34430.2	0.130805	99999.9	0	0
neutron	939.565	16.4274	99999.8	0	0
neutron	939.565	14.9419	99999.8	0	0
proton	938.272	12.3433	99999.8	0	0
neutron	939.565	1.85386	99999.8	0	0
F19	17692.3	1.04328	99999.8	0	0
neutron	939.565	13.5596	99999.8	0	0
neutron	939.565	0.880836	99999.8	0	0
neutron	939.565	0.194139	99999.8	0	0
Ne20	18617.7	0.837055	99999.8	0	0
proton	938.272	32.6526	99999.9	0	0
neutron	939.565	17.1053	99999.9	0	0
neutron	939.565	6.84241	99999.9	0	0
F20	18625.3	1.05883	99999.9	0	0
S37	34430.2	0.132472	99999.9	0	0
neutron	939.565	21.1727	99999.9	0	0
proton	938.272	5.29121	99999.9	0	0
neutron	939.565	2.88874	99999.9	0	0
neutron	939.565	2.72408	99999.9	0	0
P31	28844.2	0.561738	99999.9	0	0
neutron	939.565	31.2834	99999.8	0	0
neutron	939.565	22.9663	99999.8	0	0
neutron	939.565	2.82311	99999.8	0	0
S32	29773.6	0.305237	99999.8	0	0
neutron	939.565	10.9793	99999.8	0	0
neutron	939.565	2.57045	99999.8	0	0
neutron	939.565	1.1169	99999.8	0	0
alpha	3727.38	9.02276	99999.8	0	0
alpha	3727.38	1.20284	99999.8	0	0
C12	11174.9	8.45204	99999.8	0	0
neutron	939.565	10.1056	99999.9	0	0
proton	938.272	7.74977	99999.9	0	0
neutron	939.565	4.05988	99999.9	0	0
neutron	939.565	0.249469	99999.9	0	0
F19	17692.3	1.35293	99999.9	0	0
neutron	939.565	2.3323	99999.8	0	0
S34	31632.7	0.239559	99999.8	0	0
neutron	939.565	0.254493	99999.8	0	0
S36	33495	0.151264	99999.8	0	0
Ne23	21414.1	0.216251	99999.9	0	0
neutron	939.565	0.991511	99999.9	0	0
S34	31632.7	0.277961	99999.9	0	0
neutron	939.565	0.231692	99999.9	0	0
S34	31632.7	0.125923	99999.9	0	0
neutron	939.565	17.1393	99999.9	0	0
proton	938.272	6.79195	99999.9	0	0
proton	938.272	3.98425	99999.9	0	0
neutron	939.565	2.80904	99999.9	0	0
neutron	939.565	2.07437	99999.9	0	0
Si30	27913.2	0.831139	99999.9	0	0
neutron	939.565	3.4333	99999.9	0	0
Ne22	20479.7	0.180729	99999.9	0	0
neutron	939.565	0.693922	99999.8	0	0
S34	31632.7	0.1413	99999.8	0	0
neutron	939.565	12.9925	99999.9	0	0
neutron	939.565	3.19039	99999.9	0	0
neutron	939.565	0.821667	99999.9	0	0
alpha	3727.38	6.07935	99999.9	0	0
O16	14895.1	3.8543	99999.9	0	0
neutron	939.565	1.16753	99999.9	0	0
S36	33495	0.044671	99999.9	0	0
neutron	939.565	3.06429	99999.9	0	0
S34	31632.7	0.370468	99999.9	0	0
Ne23	21414.1	0.213196	99999.9	0	0
neutron	939.565	6.11491	99999.9	0	0
proton	938.272	5.66751	99999.9	0	0
neutron	939.565	3.83003	99999.9	0	0
neutron	939.565	0.749511	99999.9	0	0
F19	17692.3	1.03254	99999.9	0	0
neutron	939.565	0.351145	99999.9	0	0
Ne22	20479.7	0.264732	99999.9	0	0
S35	32565.3	0.163225	99999.9	0	0
Ne23	21414.1	0.222303	99999.9	0	0
S37	34430.2	0.137636	99999.8	0	0
neutron	939.565	1.01504	99999.9	0	0
Ne22	20479.7	0.454756	99999.9	0	0
neutron	939.565	16.5938	99999.8	0	0
neutron	939.565	1.51371	99999.8	0	0
S33	30704.6	0.169465	99999.8	0	0
Ne23	21414.1	0.226213	99999.9	0	0
Ne23	21414.1	0.230112	99999.9	0	0
neutron	939.565	13.0351	99999.9	0	0
neutron	939.565	5.16053	99999.9	0	0
neutron	939.565	1.75181	99999.9	0	0
Ne20	18617.7	0.813794	99999.9	0	0
neutron	939.565	4.34632	99999.8	0	0
proton	938.272	3.44668	99999.8	0	0
neutron	939.565	1.54783	99999.8	0	0
neutron	939.565	1.13611	99999.8	0	0
P33	30705.3	0.205602	99999.8	0	0
neutron	939.565	11.6912	99999.9	0	0
neutron	939.565	8.49135	99999.9	0	0
neutron	939.565	3.55982	99999.9	0	0
alpha	3727.38	9.6613	99999.9	0	0
alpha	3727.38	4.56391	99999.9	0	0
C12	11174.9	5.02479	99999.9	0	0
Ne23	21414.1	0.227581	99999.9	0	0
neutron	939.565	5.15913	99999.9	0	0
neutron	939.565	3.48476	99999.9	0	0
neutron	939.565	2.87576	99999.9	0	0
Ne20	18617.7	1.8965	99999.9	0	0
Ne23	21414.1	0.213843	99999.9	0	0
neutron	939.565	17.496	99999.8	0	0
neutron	939.565	4.40836	99999.8	0	0
deuteron	1875.61	8.12452	99999.8	0	0
alpha	3727.38	3.30975	99999.8	0	0
N15	13968.9	4.99691	99999.8	0	0
neutron	939.565	2.76152	99999.8	0	0
S34	31632.7	0.0478747	99999.8	0	0
Ne23	21414.1	0.218273	99999.9	0	0
S37	34430.2	0.132973	99999.8	0	0
proton	938.272	18.8285	99999.9	0	0
neutron	939.565	0.842919	99999.9	0	0
P33	30705.3	0.490617	99999.9	0	0
neutron	939.565	25.849	99999.8	0	0
alpha	3727.38	7.68833	99999.8	0	0
alpha	3727.38	11.2942	99999.8	0	0
C14	13040.9	1.58866	99999.8	0	0
neutron	939.565	28.0492	99999.9	0	0
neutron	939.565	3.71613	99999.9	0	0
Ne21	19550.5	0.82271	99999.9	0	0
neutron	939.565	4.53203	99999.9	0	0
Ne22	20479.7	0.563592	99999.9	0	0
Ne23	21414.1	0.223152	99999.9	0	0
neutron	939.565	0.768203	99999.9	0	0
Ne22	20479.7	0.323187	99999.9	0	0
neutron	939.565	18.5624	99999.8	0	0
neutron	939.565	5.72715	99999.8	0	0
neutron	939.565	3.20993	99999.8	0	0
alpha	3727.38	4.87778	99999.8	0	0
O16	14895.1	3.13367	99999.8	0	0
neutron	939.565	40.0595	99999.9	0	0
neutron	939.565	12.8544	99999.9	0	0
neutron	939.565	4.27867	99999.9	0	0
Ne20	18617.7	1.15946	99999.9	0	0
neutron	939.565	7.49846	99999.9	0	0
neutron	939.565	2.4185	99999.9	0	0
neutron	939.565	2.25324	99999.9	0	0
Ne20	18617.7	0.530797	99999.9	0	0
neutron	939.565	9.88758	99999.9	0	0
neutron	939.565	4.03656	99999.9	0	0
neutron	939.565	1.55526	99999.9	0	0
S34	31632.7	0.478145	99999.9	0	0
neutron	939.565	4.19847	99999.9	0	0
S34	31632.7	0.0442015	99999.9	0	0
neutron	939.565	11.2713	99999.8	0	0
neutron	939.565	2.32386	99999.8	0	0
neutron	939.565	0.650565	99999.8	0	0
alpha	3727.38	4.11955	99999.8	0	0
O16	14895.1	1.81809	99999.8	0	0
Ne23	21414.1	0.208046	99999.9	0	0
S37	34430.2	0.143567	99999.9	0	0
neutron	939.565	0.721957	99999.9	0	0
S34	31632.7	0.066305	99999.9	0	0
neutron	939.565	0.256341	99999.9	0	0
S34	31632.7	0.222557	99999.9	0	0
neutron	939.565	3.8979	99999.8	0	0
neutron	939.565	3.46926	99999.8	0	0
neutron	939.565	1.7134	99999.8	0	0
alpha	3727.38	4.07731	99999.8	0	0
O16	14895.1	0.953947	99999.8	0	0
neutron	939.565	13.1085	99999.9	0	0
deuteron	1875.61	2.70891	99999.9	0	0
deuteron	1875.61	8.40896	99999.9	0	0
O18	16762	1.29845	99999.9	0	0
neutron	939.565	0.138651	99999.9	0	0
Ne22	20479.7	0.249747	99999.9	0	0
Ne23	21414.1	0.200283	99999.9	0	0
S35	32565.3	0.15033	99999.9	0	0
neutron	939.565	24.3821	99999.8	0	0
neutron	939.565	3.94506	99999.8	0	0
neutron	939.565	2.92163	99999.8	0	0
Ne20	18617.7	1.34159	99999.8	0	0
neutron	939.565	30.4659	99999.8	0	0
neutron	939.565	0.151268	99999.8	0	0
Ne21	19550.5	1.65788	99999.8	0	0
Ne23	21414.1	0.235469	99999.9	0	0
neutron	939.565	1.97389	99999.9	0	0
Ne22	20479.7	0.148153	99999.9	0	0
neutron	939.565	0.276522	99999.9	0	0
neutron	939.565	0.157116	99999.9	0	0
S33	30704.6	0.129989	99999.9	0	0
neutron	939.565	4.0376	99999.8	0	0
neutron	939.565	1.24502	99999.8	0	0
S33	30704.6	0.182227	99999.8	0	0
neutron	939.565	3.97646	99999.8	0	0
neutron	939.565	2.3394	99999.8	0	0
S33	30704.6	0.197937	99999.8	0	0
neutron	939.565	3.24709	99999.9	0	0
S34	31632.7	0.301155	99999.9	0	0
neutron	939.565	0.722131	99999.8	0	0
Ne22	20479.7	0.242993	99999.8	0	0
Ne23	21414.1	0.211763	99999.8	0	0
neutron	939.565	0.600418	99999.8	0	0
S34	31632.7	0.0862434	99999.8	0	0
neutron	939.565	10.2902	99999.9	0	0
neutron	939.565	6.71922	99999.9	0	0
proton	938.272	3.87889	99999.9	0	0
neutron	939.565	2.16224	99999.9	0	0
alpha	3727.38	15.7687	99999.9	0	0
Al27	25126.5	3.48016	99999.9	0	0
neutron	939.565	1.06404	99999.8	0	0
S34	31632.7	0.0933464	99999.8	0	0
neutron	939.565	4.81734	99999.9	0	0
neutron	939.565	1.27327	99999.9	0	0
Ne21	19550.5	0.86296	99999.9	0	0
neutron	939.565	1.54441	99999.9	0	0
S34	31632.7	0.111101	99999.9	0	0
neutron	939.565	5.18528	99999.9	0	0
neutron	939.565	0.8305	99999.9	0	0
Ne21	19550.5	0.582472	99999.9	0	0
proton	938.272	25.0292	99999.9	0	0
proton	938.272	5.68553	99999.9	0	0
neutron	939.565	1.65737	99999.9	0	0
neutron	939.565	0.608068	99999.9	0	0
Si31	28846.2	0.286122	99999.9	0	0
neutron	939.565	9.56987	99999.9	0	0
neutron	939.565	2.96388	99999.9	0	0
neutron	939.565	1.29853	99999.9	0	0
Ne20	18617.7	0.526289	99999.9	0	0
proton	938.272	11.5675	99999.9	0	0
neutron	939.565	2.50498	99999.9	0	0
neutron	939.565	1.84739	99999.9	0	0
F20	18625.3	0.734173	99999.9	0	0
neutron	939.565	37.6328	99999.9	0	0
proton	938.272	19.5222	99999.9	0	0
neutron	939.565	0.796758	99999.9	0	0
F20	18625.3	0.748013	99999.9	0	0
neutron	939.565	9.75994	99999.9	0	0
neutron	939.565	1.23439	99999.9	0	0
S35	32565.3	0.336578	99999.9	0	0
neutron	939.565	9.66221	99999.9	0	0
neutron	939.565	2.88874	99999.9	0	0
neutron	939.565	2.84736	99999.9	0	0
alpha	3727.38	5.07659	99999.9	0	0
O16	14895.1	2.57685	99999.9	0	0
Ne23	21414.1	0.206656	99999.9	0	0
S35	32565.3	0.166028	99999.9	0	0
neutron	939.565	3.69714	99999.9	0	0
neutron	939.565	0.577145	99999.9	0	0
alpha	3727.38	6.88212	99999.9	0	0
Si29	26984.3	0.794353	99999.9	0	0
neutron	939.565	33.2465	99999.9	0	0
proton	938.272	14.905	99999.9	0	0
neutron	939.565	4.75433	99999.9	0	0
neutron	939.565	3.08802	99999.9	0	0
F19	17692.3	2.80772	99999.9	0	0
neutron	939.565	4.27012	99999.8	0	0
neutron	939.565	2.4145	99999.8	0	0
neutron	939.565	2.14889	99999.8	0	0
Ne20	18617.7	0.452823	99999.8	0	0
neutron	939.565	0.370374	99999.9	0	0
S36	33495	0.20368	99999.9	0	0
neutron	939.565	0.439369	99999.8	0	0
S34	31632.7	0.225664	99999.8	0	0
neutron	939.565	1.79258	99999.8	0	0
Ne22	20479.7	0.0674777	99999.8	0	0
Ne23	21414.1	0.230574	99999.9	0	0
neutron	939.565	0.116756	99999.8	0	0
Ne22	20479.7	0.259043	99999.8	0	0
neutron	939.565	0.959495	99999.8	0	0
S34	31632.7	0.280619	99999.8	0	0
proton	938.272	34.3506	99999.8	0	0
neutron	939.565	7.626	99999.8	0	0
P33	30705.3	0.778061	99999.8	0	0
proton	938.272	19.0364	99999.9	0	0
neutron	939.565	0.549227	99999.9	0	0
P33	30705.3	0.590955	99999.9	0	0
neutron	939.565	1.32586	99999.9	0	0
S34	31632.7	0.174066	99999.9	0	0
neutron	939.565	19.7966	99999.9	0	0
neutron	939.565	7.63491	99999.9	0	0
neutron	939.565	2.82113	99999.9	0	0
S32	29773.6	2.0334	99999.9	0	0
neutron	939.565	13.7018	99999.9	0	0
neutron	939.565	2.79543	99999.9	0	0
neutron	939.565	0.793817	99999.9	0	0
S32	29773.6	0.938542	99999.9	0	0
neutron	939.565	1.40791	99999.9	0	0
Ne22	20479.7	0.390329	99999.9	0	0
proton	938.272	8.45494	99999.8	0	0
neutron	939.565	3.60699	99999.8	0	0
P33	30705.3	0.321977	99999.8	0	0
neutron	939.565	9.86296	99999.9	0	0
neutron	939.565	7.94896	99999.9	0	0
neutron	939.565	1.34431	99999.9	0	0
S34	31632.7	0.587498	99999.9	0	0
neutron	939.565	8.18091	99999.9	0	0
neutron	939.565	0.988065	99999.9	0	0
neutron	939.565	0.650396	99999.9	0	0
Ne20	18617.7	0.0853219	99999.9	0	0
neutron	939.565	2.27646	99999.8	0	0
Ne22	20479.7	0.559759	99999.8	0	0
neutron	939.565	0.506268	99999.9	0	0
S34	31632.7	0.0815585	99999.9	0	0
Ne23	21414.1	0.227469	99999.9	0	0
neutron	939.565	2.41137	99999.9	0	0
S34	31632.7	0.248399	99999.9	0	0
neutron	939.565	2.85083	99999.9	0	0
Ne22	20479.7	0.023528	99999.9	0	0
neutron	939.565	2.03561	99999.9	0	0
neutron	939.565	1.43756	99999.9	0	0
neutron	939.565	0.967422	99999.9	0	0
alpha	3727.38	3.53519	99999.9	0	0
O16	14895.1	2.03088	99999.9	0	0
neutron	939.565	37.3781	99999.8	0	0
neutron	939.565	3.5088	99999.8	0	0
Ne21	19550.5	1.8195	99999.8	0	0
proton	938.272	5.39652	99999.9	0	0
proton	938.272	2.60513	99999.9	0	0
neutron	939.565	2.35544	99999.9	0	0
neutron	939.565	0.269502	99999.9	0	0
Si31	28846.2	0.190218	99999.9	0	0
neutron	939.565	7.26492	99999.9	0	0
neutron	939.565	0.75954	99999.9	0	0
Ne21	19550.5	0.668255	99999.9	0	0
neutron	939.565	2.3301	99999.8	0	0
S34	31632.7	0.180157	99999.8	0	0
proton	938.272	36.1418	99999.9	0	0
neutron	939.565	23.4048	99999.9	0	0
F21	19556.7	0.147643	99999.9	0	0
proton	938.272	14.4069	99999.8	0	0
neutron	939.565	7.73909	99999.8	0	0
neutron	939.565	5.93894	99999.8	0	0
neutron	939.565	3.85044	99999.8	0	0
proton	938.272	3.06977	99999.8	0	0
Si30	27913.2	1.15626	99999.8	0	0
neutron	939.565	25.1375	99999.8	0	0
neutron	939.565	6.51215	99999.8	0	0
alpha	3727.38	6.35329	99999.8	0	0
alpha	3727.38	4.66777	99999.8	0	0
C13	12109.5	4.83747	99999.8	0	0
neutron	939.565	5.36544	99999.9	0	0
proton	938.272	2.66102	99999.9	0	0
neutron	939.565	0.793157	99999.9	0	0
triton	2808.92	3.77571	99999.9	0	0
Si29	26984.3	0.456423	99999.9	0	0
neutron	939.565	0.867071	99999.9	0	0
Ne22	20479.7	0.0923459	99999.9	0	0
neutron	939.565	7.21126	99999.9	0	0
neutron	939.565	6.39982	99999.9	0	0
proton	938.272	5.07529	99999.9	0	0
neutron	939.565	0.745046	99999.9	0	0
P31	28844.2	0.0897079	99999.9	0	0
Ne23	21414.1	0.207922	99999.9	0	0
neutron	939.565	2.08878	99999.9	0	0
S34	31632.7	0.163198	99999.9	0	0
neutron	939.565	0.106305	99999.9	0	0
Ne22	20479.7	0.242141	99999.9	0	0
proton	938.272	7.18269	99999.9	0	0
proton	938.272	2.40026	99999.9	0	0
neutron	939.565	1.98815	99999.9	0	0
neutron	939.565	1.47287	99999.9	0	0
neutron	939.565	0.781703	99999.9	0	0
Si30	27913.2	0.147437	99999.9	0	0
neutron	939.565	6.29338	99999.9	0	0
neutron	939.565	3.67376	99999.9	0	0
neutron	939.565	3.45406	99999.9	0	0
alpha	3727.38	15.78	99999.9	0	0
O16	14895.1	2.10028	99999.9	0	0
neutron	939.565	0.116912	99999.8	0	0
S34	31632.7	0.183644	99999.8	0	0
neutron	939.565	0.212346	99999.8	0	0
Ne22	20479.7	0.252759	99999.8	0	0
neutron	939.565	1.13441	99999.9	0	0
S36	33495	0.231791	99999.9	0	0
neutron	939.565	0.511352	99999.9	0	0
S36	33495	0.154712	99999.9	0	0
neutron	939.565	0.99594	99999.8	0	0
Ne22	20479.7	0.389157	99999.8	0	0
neutron	939.565	1.27441	99999.9	0	0
S36	33495	0.180347	99999.9	0	0
proton	938.272	9.38969	99999.9	0	0
F22	20491.1	0.160731	99999.9	0	0
neutron	939.565	1.73545	99999.9	0	0
Ne22	20479.7	0.293413	99999.9	0	0
neutron	939.565	0.98369	99999.9	0	0
S36	33495	0.231089	99999.9	0	0
proton	938.272	24.8933	99999.9	0	0
neutron	939.565	6.84722	99999.9	0	0
neutron	939.565	3.91409	99999.9	0	0
neutron	939.565	0.593508	99999.9	0	0
P33	30705.3	0.670644	99999.9	0	0
neutron	939.565	5.82856	99999.9	0	0
neutron	939.565	4.43766	99999.9	0	0
neutron	939.565	1.74564	99999.9	0	0
alpha	3727.38	10.2198	99999.9	0	0
O16	14895.1	1.53255	99999.9	0	0
neutron	939.565	1.11315	99999.9	0	0
Ne22	20479.7	0.434341	99999.9	0	0
Ne23	21414.1	0.230788	99999.9	0	0
neutron	939.565	3.46668	99999.9	0	0
neutron	939.565	2.48771	99999.9	0	0
neutron	939.565	0.581093	99999.9	0	0
alpha	3727.38	3.76067	99999.9	0	0
O16	14895.1	1.51779	99999.9	0	0
Ne23	21414.1	0.226126	99999.9	0	0
neutron	939.565	1.07879	99999.9	0	0
Ne22	20479.7	0.195118	99999.9	0	0
neutron	939.565	0.206305	99999.9	0	0
S34	31632.7	0.158732	99999.9	0	0
neutron	939.565	0.798048	99999.9	0	0
S34	31632.7	0.0969465	99999.9	0	0
S35	32565.3	0.160931	99999.9	0	0
proton	938.272	17.4864	99999.8	0	0
neutron	939.565	1.13492	99999.8	0	0
neutron	939.565	0.650719	99999.8	0	0
neutron	939.565	0.556268	99999.8	0	0
F19	17692.3	0.538688	99999.8	0	0
neutron	939.565	9.89551	99999.8	0	0
neutron	939.565	4.71786	99999.8	0	0
neutron	939.565	1.33645	99999.8	0	0
alpha	3727.38	5.3207	99999.8	0	0
O16	14895.1	2.0838	99999.8	0	0
neutron	939.565	8.55504	99999.9	0	0
neutron	939.565	2.08057	99999.9	0	0
proton	938.272	1.67874	99999.9	0	0
neutron	939.565	1.45822	99999.9	0	0
alpha	3727.38	5.04235	99999.9	0	0
N15	13968.9	5.34559	99999.9	0	0
Ne23	21414.1	0.216729	99999.8	0	0
neutron	939.565	7.24598	99999.9	0	0
proton	938.272	3.0293	99999.9	0	0
neutron	939.565	2.96581	99999.9	0	0
neutron	939.565	1.44513	99999.9	0	0
P33	30705.3	0.691848	99999.9	0	0
Ne23	21414.1	0.22396	99999.8	0	0
neutron	939.565	0.774565	99999.9	0	0
S34	31632.7	0.0555069	99999.9	0	0
proton	938.272	26.6735	99999.9	0	0
neutron	939.565	5.83129	99999.9	0	0
F21	19556.7	0.64778	99999.9	0	0
neutron	939.565	0.108057	99999.8	0	0
Ne22	20479.7	0.163034	99999.8	0	0
neutron	939.565	34.8493	99999.9	0	0
neutron	939.565	2.58469	99999.9	0	0
neutron	939.565	1.00411	99999.9	0	0
Ne20	18617.7	1.10036	99999.9	0	0
Ne23	21414.1	0.232535	99999.8	0	0
Ne23	21414.1	0.228682	99999.8	0	0
S35	32565.3	0.1661	99999.8	0	0
neutron	939.565	0.0822979	99999.8	0	0
Ne22	20479.7	0.186322	99999.8	0	0
Ne23	21414.1	0.210362	99999.9	0	0
neutron	939.565	0.782622	99999.9	0	0
Ne22	20479.7	0.26309	99999.9	0	0
neutron	939.565	0.166184	99999.9	0	0
Ne22	20479.7	0.241436	99999.9	0	0
neutron	939.565	5.91638	99999.9	0	0
neutron	939.565	0.811195	99999.9	0	0
Ne21	19550.5	0.228305	99999.9	0	0
neutron	939.565	0.735207	99999.8	0	0
S36	33495	0.112269	99999.8	0	0
neutron	939.565	0.577893	99999.8	0	0
S36	33495	0.206684	99999.8	0	0
Ne23	21414.1	0.228054	99999.8	0	0
Ne23	21414.1	0.220797	99999.9	0	0
Ne23	21414.1	0.233673	99999.8	0	0
neutron	939.565	0.102099	99999.9	0	0
S34	31632.7	0.124344	99999.9	0	0
neutron	939.565	16.0918	99999.9	0	0
neutron	939.565	2.76842	99999.9	0	0
neutron	939.565	0.324108	99999.9	0	0
Ne20	18617.7	1.2974	99999.9	0	0
Ne23	21414.1	0.228952	100000	0	0
neutron	939.565	0.748725	99999.9	0	0
Ne22	20479.7	0.0801006	99999.9	0	0
neutron	939.565	7.39504	99999.9	0	0
proton	938.272	3.24676	99999.9	0	0
neutron	939.565	2.61823	99999.9	0	0
deuteron	1875.61	16.8286	99999.9	0	0
Si30	27913.2	1.57816	99999.9	0	0
neutron	939.565	6.22436	99999.8	0	0
neutron	939.565	2.47266	99999.8	0	0
neutron	939.565	1.33819	99999.8	0	0
Ne20	18617.7	1.32938	99999.8	0	0
neutron	939.565	18.165	99999.9	0	0
neutron	939.565	3.87709	99999.9	0	0
proton	938.272	2.33802	99999.9	0	0
F20	18625.3	1.04851	99999.9	0	0
neutron	939.565	0.788776	99999.9	0	0
S34	31632.7	0.265424	99999.9	0	0
neutron	939.565	4.53945	99999.8	0	0
proton	938.272	3.76859	99999.8	0	0
P33	30705.3	0.0547195	99999.8	0	0
S35	32565.3	0.146877	99999.8	0	0
neutron	939.565	9.11626	99999.8	0	0
neutron	939.565	3.81229	99999.8	0	0
neutron	939.565	1.04774	99999.8	0	0
S32	29773.6	0.851952	99999.8	0	0
neutron	939.565	0.158275	99999.8	0	0
S36	33495	0.10226	99999.8	0	0
neutron	939.565	5.55043	99999.8	0	0
proton	938.272	4.70385	99999.8	0	0
P33	30705.3	0.494986	99999.8	0	0
proton	938.272	18.4724	99999.9	0	0
neutron	939.565	0.727717	99999.9	0	0
neutron	939.565	0.644003	99999.9	0	0
F20	18625.3	0.771702	99999.9	0	0
S35	32565.3	0.149646	99999.9	0	0
proton	938.272	11.0956	99999.9	0	0
neutron	939.565	4.30805	99999.9	0	0
neutron	939.565	3.06096	99999.9	0	0
neutron	939.565	1.9127	99999.9	0	0
P33	30705.3	0.692737	99999.9	0	0
neutron	939.565	0.211777	99999.9	0	0
Ne22	20479.7	0.167358	99999.9	0	0
neutron	939.565	0.360317	99999.8	0	0
S34	31632.7	0.108109	99999.8	0	0
proton	938.272	20.727	99999.9	0	0
neutron	939.565	1.48944	99999.9	0	0
neutron	939.565	0.891376	99999.9	0	0
neutron	939.565	0.103444	99999.9	0	0
deuteron	1875.61	13.9719	99999.9	0	0
O17	15830.5	0.791535	99999.9	0	0
neutron	939.565	0.591562	99999.9	0	0
S34	31632.7	0.199109	99999.9	0	0
S37	34430.2	0.13547	99999.9	0	0
neutron	939.565	9.80762	99999.9	0	0
neutron	939.565	3.15997	99999.9	0	0
neutron	939.565	2.81318	99999.9	0	0
neutron	939.565	1.2248	99999.9	0	0
S33	30704.6	0.471237	99999.9	0	0
neutron	939.565	7.58442	99999.8	0	0
neutron	939.565	3.85744	99999.8	0	0
neutron	939.565	1.81493	99999.8	0	0
alpha	3727.38	4.81814	99999.8	0	0
O16	14895.1	0.792276	99999.8	0	0
S35	32565.3	0.156789	99999.9	0	0
neutron	939.565	0.0483043	99999.9	0	0
S34	31632.7	0.166286	99999.9	0	0
neutron	939.565	5.54556	99999.9	0	0
S34	31632.7	0.358126	99999.9	0	0
neutron	939.565	30.7751	99999.9	0	0
neutron	939.565	15.5452	99999.9	0	0
neutron	939.565	0.549632	99999.9	0	0
alpha	3727.38	5.67453	99999.9	0	0
Si30	27913.2	3.99874	99999.9	0	0
Ne23	21414.1	0.230584	99999.9	0	0
neutron	939.565	0.291691	99999.8	0	0
S34	31632.7	0.104042	99999.8	0	0
neutron	939.565	26.399	99999.8	0	0
neutron	939.565	2.72073	99999.8	0	0
neutron	939.565	2.03712	99999.8	0	0
S34	31632.7	0.842722	99999.8	0	0
proton	938.272	6.4843	99999.9	0	0
neutron	939.565	2.1044	99999.9	0	0
neutron	939.565	0.319288	99999.9	0	0
F20	18625.3	0.30531	99999.9	0	0
neutron	939.565	0.254177	99999.8	0	0
Ne22	20479.7	0.153956	99999.8	0	0
neutron	939.565	24.821	99999.8	0	0
proton	938.272	11.8061	99999.8	0	0
proton	938.272	8.72115	99999.8	0	0
neutron	939.565	0.325311	99999.8	0	0
Si31	28846.2	1.32327	99999.8	0	0
neutron	939.565	2.20136	99999.9	0	0
S34	31632.7	0.20508	99999.9	0	0
neutron	939.565	0.354645	99999.9	0	0
Ne22	20479.7	0.31248	99999.9	0	0
neutron	939.565	0.613756	99999.9	0	0
Ne22	20479.7	0.320825	99999.9	0	0
neutron	939.565	17.1435	99999.9	0	0
alpha	3727.38	8.05374	99999.9	0	0
Si32	29776.6	0.417507	99999.9	0	0
neutron	939.565	0.441117	99999.8	0	0
S34	31632.7	0.116678	99999.8	0	0
S35	32565.3	0.155978	99999.8	0	0
neutron	939.565	0.528383	99999.9	0	0
Ne22	20479.7	0.153104	99999.9	0	0
proton	938.272	9.10572	99999.8	0	0
neutron	939.565	0.367151	99999.8	0	0
P33	30705.3	0.21526	99999.8	0	0
neutron	939.565	0.498224	99999.9	0	0
S34	31632.7	0.227799	99999.9	0	0
neutron	939.565	2.86247	99999.9	0	0
S36	33495	0.318558	99999.9	0	0
Ne23	21414.1	0.213186	99999.9	0	0
neutron	939.565	3.04448	99999.9	0	0
neutron	939.565	2.14578	99999.9	0	0
S33	30704.6	0.194675	99999.9	0	0
neutron	939.565	6.96625	99999.9	0	0
neutron	939.565	0.725279	99999.9	0	0
Ne21	19550.5	0.457907	99999.9	0	0
neutron	939.565	1.89598	99999.9	0	0
Ne22	20479.7	0.474561	99999.9	0	0
neutron	939.565	0.544609	99999.9	0	0
S34	31632.7	0.165762	99999.9	0	0
Ne23	21414.1	0.231375	99999.8	0	0
neutron	939.565	1.78186	99999.8	0	0
S36	33495	0.105333	99999.8	0	0
S35	32565.3	0.162691	99999.9	0	0
S37	34430.2	0.139696	99999.9	0	0
neutron	939.565	0.198884	99999.9	0	0
Ne22	20479.7	0.235141	99999.9	0	0
neutron	939.565	2.92004	99999.9	0	0
S34	31632.7	0.41918	99999.9	0	0
neutron	939.565	6.7558	99999.9	0	0
neutron	939.565	6.47951	99999.9	0	0
neutron	939.565	3.91625	99999.9	0	0
proton	938.272	2.74931	99999.9	0	0
P31	28844.2	0.78184	99999.9	0	0
neutron	939.565	3.17112	99999.9	0	0
S34	31632.7	0.159643	99999.9	0	0
S35	32565.3	0.151162	99999.9	0	0
Ne23	21414.1	0.221988	99999.9	0	0
S35	32565.3	0.157345	99999.9	0	0
proton	938.272	29.4873	99999.9	0	0
neutron	939.565	24.5892	99999.9	0	0
P33	30705.3	0.45344	99999.9	0	0
neutron	939.565	6.93618	99999.9	0	0
neutron	939.565	4.04022	99999.9	0	0
neutron	939.565	0.430997	99999.9	0	0
Ne20	18617.7	0.897427	99999.9	0	0
neutron	939.565	0.785824	99999.9	0	0
Ne22	20479.7	0.146851	99999.9	0	0
Ne23	21414.1	0.228581	99999.9	0	0
neutron	939.565	38.2358	99999.9	0	0
proton	938.272	8.7286	99999.9	0	0
neutron	939.565	5.55346	99999.9	0	0
F20	18625.3	1.40649	99999.9	0	0
neutron	939.565	37.7212	99999.9	0	0
neutron	939.565	1.55953	99999.9	0	0
Ne21	19550.5	2.6183	99999.9	0	0
neutron	939.565	1.07641	99999.9	0	0
Ne22	20479.7	0.337244	99999.9	0	0
neutron	939.565	3.15631	99999.9	0	0
neutron	939.565	1.69334	99999.9	0	0
alpha	3727.38	11.1922	99999.9	0	0
Si29	26984.3	0.900534	99999.9	0	0
Ne23	21414.1	0.229411	99999.8	0	0
neutron	939.565	1.76644	99999.8	0	0
S34	31632.7	0.0200335	99999.8	0	0
Ne23	21414.1	0.216187	99999.8	0	0
neutron	939.565	1.42127	99999.9	0	0
S34	31632.7	0.0771654	99999.9	0	0
neutron	939.565	1.75063	99999.9	0	0
S34	31632.7	0.15591	99999.9	0	0
neutron	939.565	0.403899	99999.9	0	0
S34	31632.7	0.116355	99999.9	0	0
neutron	939.565	5.61828	99999.9	0	0
neutron	939.565	2.79813	99999.9	0	0
S33	30704.6	0.118404	99999.9	0	0
neutron	939.565	7.00423	99999.9	0	0
neutron	939.565	1.15952	99999.9	0	0
neutron	939.565	0.519865	99999.9	0	0
Ne20	18617.7	0.40401	99999.9	0	0
Ne23	21414.1	0.21875	99999.9	0	0
neutron	939.565	0.50125	99999.8	0	0
S34	31632.7	0.22454	99999.8	0	0
Ne23	21414.1	0.23093	99999.9	0	0
neutron	939.565	0.625405	99999.8	0	0
S34	31632.7	0.20676	99999.8	0	0
Ne23	21414.1	0.215111	99999.8	0	0
S35	32565.3	0.144601	99999.9	0	0
Ne23	21414.1	0.217914	99999.9	0	0
S37	34430.2	0.142437	99999.8	0	0
neutron	939.565	1.01806	99999.9	0	0
S34	31632.7	0.13376	99999.9	0	0
S37	34430.2	0.135037	99999.9	0	0
Ne23	21414.1	0.23488	99999.9	0	0
neutron	939.565	11.157	99999.9	0	0
neutron	939.565	4.51147	99999.9	0	0
neutron	939.565	4.36644	99999.9	0	0
alpha	3727.38	4.29324	99999.9	0	0
O16	14895.1	5.4962	99999.9	0	0
S35	32565.3	0.149629	99999.8	0	0
proton	938.272	30.173	99999.9	0	0
neutron	939.565	2.73009	99999.9	0	0
neutron	939.565	0.902477	99999.9	0	0
P32	29775.8	1.26368	99999.9	0	0
Ne23	21414.1	0.20963	99999.9	0	0
neutron	939.565	0.360533	99999.9	0	0
S34	31632.7	0.110702	99999.9	0	0
proton	938.272	6.24592	99999.9	0	0
neutron	939.565	5.56053	99999.9	0	0
neutron	939.565	0.414263	99999.9	0	0
F20	18625.3	0.0641099	99999.9	0	0
neutron	939.565	25.1792	99999.9	0	0
neutron	939.565	12.9598	99999.9	0	0
deuteron	1875.61	3.0778	99999.9	0	0
F19	17692.3	1.58543	99999.9	0	0
S37	34430.2	0.135823	99999.9	0	0
S35	32565.3	0.164079	99999.9	0	0
Ne23	21414.1	0.22925	99999.9	0	0
S37	34430.2	0.140032	99999.8	0	0
neutron	939.565	1.40113	99999.8	0	0
Ne22	20479.7	0.0924674	99999.8	0	0
S35	32565.3	0.166325	99999.9	0	0
S35	32565.3	0.164165	99999.8	0	0
Ne23	21414.1	0.220274	99999.9	0	0
S37	34430.2	0.138044	99999.9	0	0
S35	32565.3	0.141417	99999.9	0	0
Ne23	21414.1	0.226369	99999.9	0	0
neutron	939.565	0.438458	99999.8	0	0
Ne22	20479.7	0.260367	99999.8	0	0
Ne23	21414.1	0.210526	99999.9	0	0
neutron	939.565	0.382315	99999.9	0	0
S34	31632.7	0.203032	99999.9	0	0
Ne23	21414.1	0.216137	99999.9	0	0
neutron	939.565	19.8812	99999.9	0	0
neutron	939.565	1.48759	99999.9	0	0
S33	30704.6	0.882539	99999.9	0	0
proton	938.272	6.21736	99999.9	0	0
neutron	939.565	5.49807	99999.9	0	0
neutron	939.565	0.335633	99999.9	0	0
P32	29775.8	0.80082	99999.9	0	0
neutron	939.565	26.264	99999.8	0	0
proton	938.272	20.4206	99999.8	0	0
F21	19556.7	0.258863	99999.8	0	0
neutron	939.565	1.20589	99999.9	0	0
S34	31632.7	0.14956	99999.9	0	0
neutron	939.565	10.5536	99999.9	0	0
neutron	939.565	4.43429	99999.9	0	0
alpha	3727.38	3.47985	99999.9	0	0
deuteron	1875.61	2.04768	99999.9	0	0
N15	13968.9	1.54633	99999.9	0	0
S35	32565.3	0.154317	99999.8	0	0
neutron	939.565	6.09013	99999.9	0	0
neutron	939.565	5.33036	99999.9	0	0
triton	2808.92	12.2769	99999.9	0	0
alpha	3727.38	7.4271	99999.9	0	0
N14	13040.2	2.42512	99999.9	0	0
neutron	939.565	1.31982	99999.9	0	0
neutron	939.565	1.16536	99999.9	0	0
triton	2808.92	2.15925	99999.9	0	0
deuteron	1875.61	3.53455	99999.9	0	0
O16	14895.1	1.37196	99999.9	0	0
neutron	939.565	1.12139	99999.9	0	0
S34	31632.7	0.122822	99999.9	0	0
proton	938.272	15.0171	99999.8	0	0
neutron	939.565	11.2758	99999.8	0	0
proton	938.272	6.47015	99999.8	0	0
neutron	939.565	3.00634	99999.8	0	0
neutron	939.565	1.02326	99999.8	0	0
neutron	939.565	0.086835	99999.8	0	0
Si29	26984.3	0.609146	99999.8	0	0
Ne23	21414.1	0.220686	99999.9	0	0
neutron	939.565	0.451281	99999.9	0	0
S34	31632.7	0.22694	99999.9	0	0
neutron	939.565	28.7418	99999.8	0	0
neutron	939.565	3.20698	99999.8	0	0
neutron	939.565	2.57757	99999.8	0	0
neutron	939.565	0.147287	99999.8	0	0
S33	30704.6	0.570581	99999.8	0	0
Ne23	21414.1	0.232942	99999.9	0	0
neutron	939.565	9.96807	99999.9	0	0
neutron	939.565	6.19808	99999.9	0	0
neutron	939.565	4.99951	99999.9	0	0
Ne20	18617.7	0.265825	99999.9	0	0
Ne23	21414.1	0.234457	99999.8	0	0
neutron	939.565	0.24602	99999.9	0	0
Ne22	20479.7	0.182214	99999.9	0	0
neutron	939.565	0.227461	99999.9	0	0
Ne22	20479.7	0.311412	99999.9	0	0
S35	32565.3	0.157857	99999.9	0	0
Ne23	21414.1	0.199249	99999.9	0	0
S35	32565.3	0.144003	99999.9	0	0
neutron	939.565	0.094754	99999.9	0	0
Ne22	20479.7	0.279126	99999.9	0	0
neutron	939.565	1.90061	99999.9	0	0
neutron	939.565	1.25165	99999.9	0	0
S33	30704.6	0.391428	99999.9	0	0
proton	938.272	17.4116	99999.9	0	0
F22	20491.1	0.980916	99999.9	0	0
neutron	939.565	0.812434	99999.8	0	0
Ne22	20479.7	0.0726874	99999.8	0	0
neutron	939.565	0.410589	99999.8	0	0
Ne22	20479.7	0.222751	99999.8	0	0
neutron	939.565	2.79175	99999.9	0	0
S34	31632.7	0.344314	99999.9	0	0
neutron	939.565	3.9527	99999.9	0	0
Ne22	20479.7	0.421307	99999.9	0	0
neutron	939.565	0.803982	99999.9	0	0
S36	33495	0.0934702	99999.9	0	0
S35	32565.3	0.133266	99999.9	0	0
neutron	939.565	18.2034	99999.9	0	0
neutron	939.565	13.0258	99999.9	0	0
neutron	939.565	8.10612	99999.9	0	0
proton	938.272	3.78596	99999.9	0	0
F19	17692.3	0.72916	99999.9	0	0
proton	938.272	4.73359	99999.9	0	0
neutron	939.565	2.18075	99999.9	0	0
P35	32569.8	0.352437	99999.9	0	0
Ne23	21414.1	0.210022	99999.9	0	0
neutron	939.565	0.959554	99999.9	0	0
S34	31632.7	0.215853	99999.9	0	0
neutron	939.565	5.47603	99999.8	0	0
Ne22	20479.7	0.294157	99999.8	0	0
neutron	939.565	8.72624	99999.8	0	0
neutron	939.565	8.0941	99999.8	0	0
neutron	939.565	3.44776	99999.8	0	0
alpha	3727.38	5.62896	99999.8	0	0
O16	14895.1	2.07632	99999.8	0	0
Ne23	21414.1	0.232309	99999.9	0	0
neutron	939.565	19.2925	99999.8	0	0
neutron	939.565	1.42216	99999.8	0	0
S33	30704.6	0.740377	99999.8	0	0
neutron	939.565	1.46078	99999.9	0	0
S34	31632.7	0.238811	99999.9	0	0
neutron	939.565	1.40802	99999.8	0	0
neutron	939.565	0.81909	99999.8	0	0
Ne21	19550.5	0.0380312	99999.8	0	0
neutron	939.565	2.11141	99999.9	0	0
S34	31632.7	0.0741762	99999.9	0	0
Ne23	21414.1	0.226256	99999.9	0	0
proton	938.272	33.4932	99999.9	0	0
neutron	939.565	1.76932	99999.9	0	0
P35	32569.8	0.739687	99999.9	0	0
neutron	939.565	16.4174	99999.8	0	0
neutron	939.565	8.11143	99999.8	0	0
proton	938.272	4.39502	99999.8	0	0
proton	938.272	2.97859	99999.8	0	0
neutron	939.565	1.18202	99999.8	0	0
Si30	27913.2	0.336293	99999.8	0	0
Ne23	21414.1	0.226891	99999.9	0	0
neutron	939.565	13.5668	99999.9	0	0
neutron	939.565	0.969684	99999.9	0	0
S33	30704.6	0.593473	99999.9	0	0
neutron	939.565	3.01888	99999.9	0	0
Ne22	20479.7	0.161193	99999.9	0	0
neutron	939.565	2.09623	99999.8	0	0
Ne22	20479.7	0.380031	99999.8	0	0
Ne23	21414.1	0.211302	99999.9	0	0
neutron	939.565	2.76092	99999.8	0	0
neutron	939.565	1.92995	99999.8	0	0
neutron	939.565	0.443108	99999.8	0	0
Ne20	18617.7	0.100661	99999.8	0	0
Ne23	21414.1	0.206428	99999.9	0	0
S37	34430.2	0.131661	99999.8	0	0
S35	32565.3	0.162184	99999.9	0	0
neutron	939.565	18.5091	99999.9	0	0
neutron	939.565	1.6288	99999.9	0	0
neutron	939.565	1.3914	99999.9	0	0
alpha	3727.38	7.53704	99999.9	0	0
Si28	26053.2	2.32545	99999.9	0	0
neutron	939.565	4.85361	99999.8	0	0
neutron	939.565	4.00209	99999.8	0	0
neutron	939.565	1.44282	99999.8	0	0
Ne20	18617.7	1.16238	99999.8	0	0
neutron	939.565	13.9604	99999.9	0	0
neutron	939.565	2.06768	99999.9	0	0
neutron	939.565	1.83538	99999.9	0	0
Ne20	18617.7	0.442777	99999.9	0	0
neutron	939.565	0.965933	99999.9	0	0
S34	31632.7	0.174284	99999.9	0	0
proton	938.272	11.513	99999.9	0	0
neutron	939.565	5.54035	99999.9	0	0
neutron	939.565	1.13276	99999.9	0	0
neutron	939.565	0.93095	99999.9	0	0
F19	17692.3	0.794224	99999.9	0	0
neutron	939.565	0.729982	99999.8	0	0
S34	31632.7	0.258569	99999.8	0	0
neutron	939.565	0.436371	99999.9	0	0
S34	31632.7	0.170999	99999.9	0	0
neutron	939.565	0.0454804	99999.9	0	0
S34	31632.7	0.131896	99999.9	0	0
neutron	939.565	6.85196	99999.8	0	0
neutron	939.565	4.71916	99999.8	0	0
proton	938.272	2.6216	99999.8	0	0
neutron	939.565	1.38461	99999.8	0	0
alpha	3727.38	4.43146	99999.8	0	0
N15	13968.9	1.35422	99999.8	0	0
S35	32565.3	0.156529	99999.8	0	0
S35	32565.3	0.159887	99999.9	0	0
neutron	939.565	0.238047	99999.9	0	0
S34	31632.7	0.183099	99999.9	0	0
S35	32565.3	0.140649	99999.9	0	0
neutron	939.565	5.38033	99999.8	0	0
neutron	939.565	1.28389	99999.8	0	0
neutron	939.565	0.685136	99999.8	0	0
S32	29773.6	0.981313	99999.8	0	0
neutron	939.565	10.132	99999.9	0	0
neutron	939.565	5.46145	99999.9	0	0
neutron	939.565	1.43	99999.9	0	0
Ne20	18617.7	1.75776	99999.9	0	0
Ne23	21414.1	0.227212	99999.9	0	0
S37	34430.2	0.142688	99999.8	0	0
S37	34430.2	0.130188	99999.8	0	0
neutron	939.565	1.33534	99999.8	0	0
S34	31632.7	0.214701	99999.8	0	0
neutron	939.565	0.511104	99999.8	0	0
S34	31632.7	0.203758	99999.8	0	0
S37	34430.2	0.140855	99999.9	0	0
S35	32565.3	0.158689	99999.9	0	0
neutron	939.565	2.18244	99999.8	0	0
Ne22	20479.7	0.465833	99999.8	0	0
Ne23	21414.1	0.214516	99999.8	0	0
Ne23	21414.1	0.223362	99999.8	0	0
neutron	939.565	10.9364	99999.9	0	0
neutron	939.565	10.4771	99999.9	0	0
S33	30704.6	0.200905	99999.9	0	0
neutron	939.565	5.16525	99999.8	0	0
S34	31632.7	0.052042	99999.8	0	0
neutron	939.565	0.0769866	99999.9	0	0
S34	31632.7	0.118897	99999.9	0	0
neutron	939.565	24.953	99999.9	0	0
proton	938.272	21.9633	99999.9	0	0
proton	938.272	2.97092	99999.9	0	0
Si32	29776.6	0.32385	99999.9	0	0
proton	938.272	13.1204	99999.9	0	0
neutron	939.565	5.60447	99999.9	0	0
neutron	939.565	1.39529	99999.9	0	0
F20	18625.3	1.66524	99999.9	0	0
neutron	939.565	6.76353	99999.8	0	0
Ne22	20479.7	0.784972	99999.8	0	0
S35	32565.3	0.152036	99999.9	0	0
Ne23	21414.1	0.229924	99999.9	0	0
neutron	939.565	2.57899	99999.9	0	0
S34	31632.7	0.0588941	99999.9	0	0
neutron	939.565	0.313461	99999.9	0	0
S36	33495	0.0875565	99999.9	0	0
neutron	939.565	0.732151	99999.8	0	0
Ne22	20479.7	0.235514	99999.8	0	0
neutron	939.565	3.73568	99999.9	0	0
Ne22	20479.7	0.153777	99999.9	0	0
S37	34430.2	0.132616	99999.9	0	0
neutron	939.565	2.47942	99999.9	0	0
Ne22	20479.7	0.210515	99999.9	0	0
neutron	939.565	3.07036	99999.9	0	0
neutron	939.565	1.34961	99999.9	0	0
alpha	3727.38	5.9461	99999.9	0	0
Si29	26984.3	1.74324	99999.9	0	0
S37	34430.2	0.140705	99999.9	0	0
S37	34430.2	0.131788	99999.9	0	0
neutron	939.565	1.68657	99999.9	0	0
S34	31632.7	0.217613	99999.9	0	0
neutron	939.565	3.81698	99999.9	0	0
S34	31632.7	0.0849356	99999.9	0	0
neutron	939.565	0.581672	99999.9	0	0
Ne22	20479.7	0.150275	99999.9	0	0
neutron	939.565	3.29264	99999.8	0	0
neutron	939.565	0.397505	99999.8	0	0
S33	30704.6	0.131838	99999.8	0	0
neutron	939.565	0.146274	99999.9	0	0
Ne22	20479.7	0.152373	99999.9	0	0
proton	938.272	17.8235	99999.9	0	0
neutron	939.565	3.07874	99999.9	0	0
neutron	939.565	2.04598	99999.9	0	0
proton	938.272	1.695	99999.9	0	0
neutron	939.565	1.19479	99999.9	0	0
O18	16762	1.68618	99999.9	0	0
neutron	939.565	1.31719	99999.9	0	0
S34	31632.7	0.140685	99999.9	0	0
neutron	939.565	1.40748	99999.9	0	0
S34	31632.7	0.0560208	99999.9	0	0
proton	938.272	8.41859	99999.9	0	0
neutron	939.565	3.94959	99999.9	0	0
neutron	939.565	0.765557	99999.9	0	0
neutron	939.565	0.582225	99999.9	0	0
F19	17692.3	0.383172	99999.9	0	0
proton	938.272	18.9061	99999.9	0	0
neutron	939.565	3.52063	99999.9	0	0
neutron	939.565	0.926709	99999.9	0	0
neutron	939.565	0.367553	99999.9	0	0
P33	30705.3	0.791752	99999.9	0	0
neutron	939.565	7.46452	99999.8	0	0
neutron	939.565	6.83679	99999.8	0	0
proton	938.272	2.83745	99999.8	0	0
neutron	939.565	1.70884	99999.8	0	0
neutron	939.565	1.30447	99999.8	0	0
P32	29775.8	0.579624	99999.8	0	0
S37	34430.2	0.139202	99999.9	0	0
neutron	939.565	1.56593	99999.8	0	0
Ne22	20479.7	0.288246	99999.8	0	0
neutron	939.565	1.81908	99999.9	0	0
S34	31632.7	0.202737	99999.9	0	0
neutron	939.565	3.84842	99999.8	0	0
neutron	939.565	1.53663	99999.8	0	0
neutron	939.565	1.49231	99999.8	0	0
alpha	3727.38	3.32321	99999.8	0	0
O16	14895.1	2.52234	99999.8	0	0
Ne23	21414.1	0.211476	99999.9	0	0
neutron	939.565	5.1672	99999.9	0	0
neutron	939.565	1.85753	99999.9	0	0
neutron	939.565	0.641036	99999.9	0	0
S34	31632.7	0.0807828	99999.9	0	0
neutron	939.565	1.76377	99999.9	0	0
neutron	939.565	0.651774	99999.9	0	0
Ne21	19550.5	0.359982	99999.9	0	0
neutron	939.565	28.4791	99999.9	0	0
neutron	939.565	2.5692	99999.9	0	0
neutron	939.565	1.94139	99999.9	0	0
S34	31632.7	1.41025	99999.9	0	0
Ne23	21414.1	0.221167	99999.9	0	0
neutron	939.565	0.628471	99999.8	0	0
S36	33495	0.14062	99999.8	0	0
neutron	939.565	0.130801	99999.8	0	0
S34	31632.7	0.128396	99999.8	0	0
Ne23	21414.1	0.213087	99999.8	0	0
neutron	939.565	3.42478	99999.9	0	0
neutron	939.565	2.63106	99999.9	0	0
Ne21	19550.5	0.302133	99999.9	0	0
S35	32565.3	0.160651	99999.9	0	0
neutron	939.565	3.34801	99999.9	0	0
S34	31632.7	0.0450941	99999.9	0	0
neutron	939.565	4.93142	99999.9	0	0
proton	938.272	4.91495	99999.9	0	0
neutron	939.565	0.132574	99999.9	0	0
P32	29775.8	0.161655	99999.9	0	0
neutron	939.565	1.66446	99999.9	0	0
S36	33495	0.17044	99999.9	0	0
S37	34430.2	0.127541	99999.8	0	0
S35	32565.3	0.151104	99999.9	0	0
neutron	939.565	0.564305	99999.8	0	0
Ne22	20479.7	0.13544	99999.8	0	0
neutron	939.565	2.79055	99999.9	0	0
S34	31632.7	0.178873	99999.9	0	0
proton	938.272	16.8743	99999.9	0	0
proton	938.272	3.5495	99999.9	0	0
neutron	939.565	2.51863	99999.9	0	0
neutron	939.565	1.24968	99999.9	0	0
neutron	939.565	0.363456	99999.9	0	0
Si30	27913.2	0.583375	99999.9	0	0
neutron	939.565	5.53103	99999.9	0	0
neutron	939.565	3.71549	99999.9	0	0
neutron	939.565	2.96584	99999.9	0	0
alpha	3727.38	3.79441	99999.9	0	0
O16	14895.1	1.40704	99999.9	0	0
neutron	939.565	0.753536	99999.9	0	0
Ne22	20479.7	0.225352	99999.9	0	0
neutron	939.565	1.11787	99999.9	0	0
S34	31632.7	0.248185	99999.9	0	0
S35	32565.3	0.147233	99999.9	0	0
Ne23	21414.1	0.212781	99999.8	0	0
Ne23	21414.1	0.222409	99999.9	0	0
neutron	939.565	0.81786	99999.8	0	0
Ne22	20479.7	0.135092	99999.8	0	0
Ne23	21414.1	0.229909	99999.9	0	0
Ne23	21414.1	0.231202	99999.9	0	0
Ne23	21414.1	0.234042	99999.8	0	0
S35	32565.3	0.142509	99999.8	0	0
neutron	939.565	5.54627	99999.8	0	0
neutron	939.565	3.27578	99999.8	0	0
neutron	939.565	0.978232	99999.8	0	0
neutron	939.565	0.808582	99999.8	0	0
S33	30704.6	0.442439	99999.8	0	0
neutron	939.565	2.04133	99999.9	0	0
Ne22	20479.7	0.128498	99999.9	0	0
neutron	939.565	0.384768	99999.8	0	0
S34	31632.7	0.0879488	99999.8	0	0
neutron	939.565	2.07635	99999.9	0	0
Ne22	20479.7	0.558161	99999.9	0	0
proton	938.272	21.3004	99999.8	0	0
neutron	939.565	18.7464	99999.8	0	0
F21	19556.7	0.965026	99999.8	0	0
neutron	939.565	12.73	99999.9	0	0
neutron	939.565	4.62168	99999.9	0	0
neutron	939.565	1.33374	99999.9	0	0
alpha	3727.38	3.45169	99999.9	0	0
O16	14895.1	4.02408	99999.9	0	0
Ne23	21414.1	0.226908	99999.9	0	0
Ne23	21414.1	0.209848	99999.9	0	0
neutron	939.565	30.7451	99999.9	0	0
neutron	939.565	17.1428	99999.9	0	0
neutron	939.565	0.40017	99999.9	0	0
Ne20	18617.7	1.0237	99999.9	0	0
Ne23	21414.1	0.220628	99999.8	0	0
neutron	939.565	0.480761	99999.9	0	0
Ne22	20479.7	0.214588	99999.9	0	0
neutron	939.565	0.964533	99999.9	0	0
S36	33495	0.236394	99999.9	0	0
proton	938.272	6.37301	99999.9	0	0
neutron	939.565	6.19835	99999.9	0	0
P33	30705.3	0.620543	99999.9	0	0
neutron	939.565	1.97226	99999.9	0	0
Ne22	20479.7	0.192149	99999.9	0	0
Ne23	21414.1	0.229552	99999.8	0	0
S35	32565.3	0.159168	99999.9	0	0
neutron	939.565	2.69702	99999.8	0	0
S34	31632.7	0.069328	99999.8	0	0
Ne23	21414.1	0.229474	99999.8	0	0
neutron	939.565	2.53125	99999.8	0	0
Ne22	20479.7	0.250768	99999.8	0	0
neutron	939.565	24.4051	99999.8	0	0
neutron	939.565	7.70364	99999.8	0	0
neutron	939.565	4.38562	99999.8	0	0
proton	938.272	3.33337	99999.8	0	0
F19	17692.3	1.15347	99999.8	0	0
neutron	939.565	1.71245	99999.8	0	0
S34	31632.7	0.160901	99999.8	0	0
neutron	939.565	11.0999	99999.9	0	0
neutron	939.565	8.25113	99999.9	0	0
proton	938.272	2.75938	99999.9	0	0
proton	938.272	2.24605	99999.9	0	0
neutron	939.565	0.910885	99999.9	0	0
Si30	27913.2	0.294877	99999.9	0	0
neutron	939.565	0.741746	99999.8	0	0
S36	33495	0.172032	99999.8	0	0
proton	938.272	14.5091	99999.9	0	0
proton	938.272	4.7826	99999.9	0	0
neutron	939.565	2.12777	99999.9	0	0
neutron	939.565	1.99137	99999.9	0	0
neutron	939.565	1.43771	99999.9	0	0
O18	16762	1.81591	99999.9	0	0
neutron	939.565	3.02121	99999.9	0	0
neutron	939.565	2.43207	99999.9	0	0
Ne21	19550.5	0.295571	99999.9	0	0
Ne23	21414.1	0.231254	99999.9	0	0
Ne23	21414.1	0.209443	99999.9	0	0
S35	32565.3	0.1633	99999.9	0	0
proton	938.272	4.51779	99999.9	0	0
neutron	939.565	2.33387	99999.9	0	0
neutron	939.565	2.1427	99999.9	0	0
P32	29775.8	0.0987332	99999.9	0	0
neutron	939.565	0.178028	99999.9	0	0
S36	33495	0.162448	99999.9	0	0
neutron	939.565	0.330476	99999.9	0	0
Ne22	20479.7	0.296422	99999.9	0	0
S35	32565.3	0.154907	99999.9	0	0
S35	32565.3	0.162274	99999.9	0	0
neutron	939.565	1.27744	99999.8	0	0
Ne22	20479.7	0.369254	99999.8	0	0
Ne23	21414.1	0.226158	99999.8	0	0
Ne23	21414.1	0.231498	99999.8	0	0
neutron	939.565	0.993163	99999.9	0	0
S36	33495	0.263117	99999.9	0	0
S35	32565.3	0.150477	99999.9	0	0
neutron	939.565	5.50032	99999.8	0	0
neutron	939.565	5.03158	99999.8	0	0
proton	938.272	3.1294	99999.8	0	0
neutron	939.565	0.776648	99999.8	0	0
alpha	3727.38	10.9096	99999.8	0	0
Al27	25126.5	1.04723	99999.8	0	0
neutron	939.565	8.15329	99999.9	0	0
neutron	939.565	6.64345	99999.9	0	0
neutron	939.565	6.30497	99999.9	0	0
alpha	3727.38	8.71848	99999.9	0	0
alpha	3727.38	4.7317	99999.9	0	0
alpha	3727.38	5.1311	99999.9	0	0
Be8	7454.85	5.0874	99999.9	0	0
Ne23	21414.1	0.206912	99999.9	0	0
neutron	939.565	1.31779	99999.9	0	0
Ne22	20479.7	0.325673	99999.9	0	0
Ne23	21414.1	0.226394	99999.9	0	0
neutron	939.565	2.32994	99999.9	0	0
neutron	939.565	1.25936	99999.9	0	0
Ne21	19550.5	0.532369	99999.9	0	0
Ne23	21414.1	0.229554	99999.9	0	0
Ne23	21414.1	0.227177	99999.8	0	0
neutron	939.565	12.1122	99999.9	0	0
neutron	939.565	4.46739	99999.9	0	0
neutron	939.565	0.962491	99999.9	0	0
S32	29773.6	0.387085	99999.9	0	0
proton	938.272	13.3696	99999.8	0	0
neutron	939.565	2.18537	99999.8	0	0
neutron	939.565	1.4134	99999.8	0	0
P32	29775.8	0.55153	99999.8	0	0
neutron	939.565	15.917	99999.8	0	0
neutron	939.565	5.50574	99999.8	0	0
neutron	939.565	4.35449	99999.8	0	0
alpha	3727.38	9.68276	99999.8	0	0
O16	14895.1	0.860533	99999.8	0	0
Ne23	21414.1	0.196586	99999.9	0	0
neutron	939.565	1.17434	99999.9	0	0
S34	31632.7	0.196765	99999.9	0	0
neutron	939.565	5.36528	99999.8	0	0
S34	31632.7	0.191667	99999.8	0	0
neutron	939.565	0.612541	99999.9	0	0
S36	33495	0.0784436	99999.9	0	0
neutron	939.565	5.35824	99999.8	0	0
neutron	939.565	2.17481	99999.8	0	0
neutron	939.565	0.234283	99999.8	0	0
Ne20	18617.7	0.978527	99999.8	0	0
neutron	939.565	0.392846	99999.9	0	0
S34	31632.7	0.0750122	99999.9	0	0
neutron	939.565	13.9126	99999.9	0	0
neutron	939.565	5.96349	99999.9	0	0
neutron	939.565	1.67165	99999.9	0	0
S34	31632.7	0.749354	99999.9	0	0
neutron	939.565	8.01863	99999.8	0	0
neutron	939.565	5.14043	99999.8	0	0
neutron	939.565	3.33333	99999.8	0	0
Ne20	18617.7	0.83478	99999.8	0	0
neutron	939.565	1.53421	99999.9	0	0
Ne22	20479.7	0.0570212	99999.9	0	0
neutron	939.565	4.79923	99999.9	0	0
neutron	939.565	4.18112	99999.9	0	0
S35	32565.3	0.366478	99999.9	0	0
neutron	939.565	41.4513	99999.8	0	0
proton	938.272	33.2923	99999.8	0	0
F21	19556.7	0.118548	99999.8	0	0
Ne23	21414.1	0.225123	99999.8	0	0
neutron	939.565	1.12518	99999.9	0	0
S34	31632.7	0.264155	99999.9	0	0
neutron	939.565	0.261157	99999.9	0	0
Ne22	20479.7	0.177517	99999.9	0	0
neutron	939.565	1.92496	99999.9	0	0
neutron	939.565	1.76883	99999.9	0	0
Ne21	19550.5	0.0652864	99999.9	0	0
neutron	939.565	0.335774	99999.9	0	0
S36	33495	0.073707	99999.9	0	0
neutron	939.565	0.328419	99999.9	0	0
S34	31632.7	0.0934821	99999.9	0	0
neutron	939.565	12.4032	99999.9	0	0
neutron	939.565	0.783486	99999.9	0	0
Ne21	19550.5	0.875656	99999.9	0	0
neutron	939.565	0.541504	99999.8	0	0
Ne22	20479.7	0.265937	99999.8	0	0
neutron	939.565	0.945735	99999.8	0	0
S34	31632.7	0.0734345	99999.8	0	0
neutron	939.565	3.0372	99999.9	0	0
proton	938.272	2.97022	99999.9	0	0
neutron	939.565	1.65785	99999.9	0	0
neutron	939.565	1.51796	99999.9	0	0
P31	28844.2	0.300144	99999.9	0	0
S35	32565.3	0.148489	99999.9	0	0
neutron	939.565	3.95531	99999.9	0	0
S34	31632.7	0.244586	99999.9	0	0
neutron	939.565	1.25589	99999.9	0	0
Ne22	20479.7	0.430108	99999.9	0	0
neutron	939.565	0.0426735	99999.9	0	0
S34	31632.7	0.147272	99999.9	0	0
proton	938.272	12.5182	99999.9	0	0
neutron	939.565	7.88057	99999.9	0	0
neutron	939.565	6.52174	99999.9	0	0
neutron	939.565	0.860634	99999.9	0	0
P31	28844.2	1.64172	99999.9	0	0
neutron	939.565	9.20569	99999.8	0	0
proton	938.272	6.58538	99999.8	0	0
neutron	939.565	6.06685	99999.8	0	0
neutron	939.565	2.71265	99999.8	0	0
alpha	3727.38	3.04029	99999.8	0	0
N15	13968.9	2.50758	99999.8	0	0
Ne23	21414.1	0.224546	99999.9	0	0
neutron	939.565	7.32801	99999.8	0	0
neutron	939.565	6.34019	99999.8	0	0
neutron	939.565	0.962623	99999.8	0	0
alpha	3727.38	10.8377	99999.8	0	0
Si30	27913.2	0.326716	99999.8	0	0
neutron	939.565	0.465305	99999.9	0	0
S34	31632.7	0.241015	99999.9	0	0
neutron	939.565	2.21752	99999.9	0	0
S34	31632.7	0.288338	99999.9	0	0
Ne23	21414.1	0.222609	99999.9	0	0
neutron	939.565	0.4581	99999.9	0	0
Ne22	20479.7	0.159057	99999.9	0	0
neutron	939.565	23.8359	99999.9	0	0
neutron	939.565	11.0514	99999.9	0	0
neutron	939.565	2.25165	99999.9	0	0
alpha	3727.38	6.98528	99999.9	0	0
O16	14895.1	0.559758	99999.9	0	0
Ne23	21414.1	0.205297	99999.9	0	0
S37	34430.2	0.134581	99999.9	0	0
neutron	939.565	1.63707	99999.9	0	0
S36	33495	0.306317	99999.9	0	0
neutron	939.565	4.5883	99999.9	0	0
neutron	939.565	1.70342	99999.9	0	0
neutron	939.565	1.67755	99999.9	0	0
alpha	3727.38	6.04886	99999.9	0	0
Si28	26053.2	1.41637	99999.9	0	0
neutron	939.565	2.90705	99999.9	0	0
S34	31632.7	0.182231	99999.9	0	0
Ne23	21414.1	0.234788	99999.8	0	0
proton	938.272	5.10015	99999.8	0	0
neutron	939.565	0.876351	99999.8	0	0
P33	30705.3	0.287794	99999.8	0	0
neutron	939.565	1.11437	99999.9	0	0
Ne22	20479.7	0.189885	99999.9	0	0
neutron	939.565	0.180874	99999.8	0	0
Ne22	20479.7	0.204811	99999.8	0	0
neutron	939.565	3.94363	99999.9	0	0
neutron	939.565	0.366554	99999.9	0	0
S33	30704.6	0.0590489	99999.9	0	0
neutron	939.565	3.02457	99999.9	0	0
S34	31632.7	0.153884	99999.9	0	0
neutron	939.565	43.1598	99999.9	0	0
neutron	939.565	4.06188	99999.9	0	0
deuteron	1875.61	4.07925	99999.9	0	0
F19	17692.3	2.3122	99999.9	0	0
S35	32565.3	0.142013	99999.9	0	0
neutron	939.565	19.5173	99999.9	0	0
neutron	939.565	5.68946	99999.9	0	0
neutron	939.565	4.05812	99999.9	0	0
Ne20	18617.7	1.8033	99999.9	0	0
neutron	939.565	5.28815	99999.8	0	0
neutron	939.565	5.179	99999.8	0	0
neutron	939.565	4.54654	99999.8	0	0
Ne20	18617.7	0.831894	99999.8	0	0
neutron	939.565	0.227926	99999.8	0	0
S34	31632.7	0.191956	99999.8	0	0
S35	32565.3	0.161454	99999.9	0	0
Ne23	21414.1	0.223119	99999.8	0	0
S35	32565.3	0.157772	99999.8	0	0
neutron	939.565	7.33665	99999.8	0	0
Ne22	20479.7	0.457035	99999.8	0	0
Ne23	21414.1	0.205409	99999.9	0	0
Ne23	21414.1	0.217862	99999.9	0	0
neutron	939.565	5.09551	99999.9	0	0
neutron	939.565	4.55885	99999.9	0	0
neutron	939.565	0.768066	99999.9	0	0
alpha	3727.38	7.2172	99999.9	0	0
alpha	3727.38	4.60449	99999.9	0	0
C12	11174.9	0.653168	99999.9	0	0
neutron	939.565	35.1057	99999.9	0	0
neutron	939.565	17.5689	99999.9	0	0
neutron	939.565	1.0784	99999.9	0	0
Ne20	18617.7	2.73191	99999.9	0	0
neutron	939.565	18.716	99999.9	0	0
proton	938.272	6.35077	99999.9	0	0
neutron	939.565	1.13561	99999.9	0	0
neutron	939.565	0.364463	99999.9	0	0
F19	17692.3	1.64373	99999.9	0	0
neutron	939.565	3.92367	99999.9	0	0
proton	938.272	3.71854	99999.9	0	0
neutron	939.565	2.19165	99999.9	0	0
neutron	939.565	1.35358	99999.9	0	0
P31	28844.2	0.461369	99999.9	0	0
neutron	939.565	0.163075	99999.9	0	0
S34	31632.7	0.151351	99999.9	0	0
proton	938.272	4.21873	99999.9	0	0
neutron	939.565	4.19804	99999.9	0	0
neutron	939.565	1.76025	99999.9	0	0
F20	18625.3	0.52564	99999.9	0	0
neutron	939.565	0.0984384	99999.8	0	0
S34	31632.7	0.130996	99999.8	0	0
Ne23	21414.1	0.23124	99999.8	0	0
neutron	939.565	1.9504	99999.9	0	0
S36	33495	0.0953374	99999.9	0	0
neutron	939.565	1.80317	99999.9	0	0
Ne22	20479.7	0.542616	99999.9	0	0
neutron	939.565	2.27781	99999.8	0	0
neutron	939.565	1.16765	99999.8	0	0
neutron	939.565	1.088	99999.8	0	0
S34	31632.7	0.0828972	99999.8	0	0
neutron	939.565	0.0439792	99999.8	0	0
S36	33495	0.130385	99999.8	0	0
proton	938.272	7.5771	99999.8	0	0
neutron	939.565	5.4451	99999.8	0	0
neutron	939.565	1.93252	99999.8	0	0
neutron	939.565	1.52013	99999.8	0	0
neutron	939.565	0.99969	99999.8	0	0
deuteron	1875.61	4.56845	99999.8	0	0
O16	14895.1	0.640136	99999.8	0	0
proton	938.272	12.9744	99999.9	0	0
neutron	939.565	6.50211	99999.9	0	0
proton	938.272	6.35651	99999.9	0	0
neutron	939.565	2.13491	99999.9	0	0
neutron	939.565	0.991565	99999.9	0	0
Si30	27913.2	0.49666	99999.9	0	0
Ne23	21414.1	0.230877	99999.9	0	0
neutron	939.565	0.0316069	99999.8	0	0
S34	31632.7	0.155396	99999.8	0	0
neutron	939.565	5.12811	99999.8	0	0
S34	31632.7	0.00289891	99999.8	0	0
neutron	939.565	6.72545	99999.9	0	0
neutron	939.565	0.683544	99999.9	0	0
Ne21	19550.5	0.301325	99999.9	0	0
neutron	939.565	0.374443	99999.9	0	0
S36	33495	0.0903594	99999.9	0	0
neutron	939.565	10.5735	99999.8	0	0
neutron	939.565	6.3787	99999.8	0	0
neutron	939.565	2.89618	99999.8	0	0
Ne20	18617.7	0.387194	99999.8	0	0
neutron	939.565	1.207	99999.9	0	0
S34	31632.7	0.0611485	99999.9	0	0
neutron	939.565	18.9431	99999.9	0	0
neutron	939.565	6.713	99999.9	0	0
neutron	939.565	5.56565	99999.9	0	0
alpha	3727.38	5.03774	99999.9	0	0
O16	14895.1	3.01893	99999.9	0	0
Ne23	21414.1	0.230322	99999.9	0	0
neutron	939.565	0.145232	99999.9	0	0
S34	31632.7	0.202547	99999.9	0	0
S35	32565.3	0.143991	99999.8	0	0
Ne23	21414.1	0.22727	99999.8	0	0
neutron	939.565	10.1786	99999.9	0	0
proton	938.272	6.31161	99999.9	0	0
neutron	939.565	5.87148	99999.9	0	0
proton	938.272	4.87838	99999.9	0	0
neutron	939.565	0.931307	99999.9	0	0
Si30	27913.2	0.704076	99999.9	0	0
proton	938.272	22.3525	99999.8	0	0
neutron	939.565	4.5963	99999.8	0	0
F21	19556.7	0.437642	99999.8	0	0
neutron	939.565	23.2494	99999.8	0	0
proton	938.272	3.84248	99999.8	0	0
neutron	939.565	0.441918	99999.8	0	0
P32	29775.8	1.44143	99999.8	0	0
Ne23	21414.1	0.225803	99999.9	0	0
neutron	939.565	27.7164	99999.8	0	0
neutron	939.565	16.7156	99999.8	0	0
neutron	939.565	1.2143	99999.8	0	0
Ne20	18617.7	0.970614	99999.8	0	0
neutron	939.565	0.642412	99999.9	0	0
S34	31632.7	0.0947945	99999.9	0	0
neutron	939.565	0.329962	99999.9	0	0
S36	33495	0.135393	99999.9	0	0
neutron	939.565	2.84485	99999.9	0	0
neutron	939.565	2.38168	99999.9	0	0
Ne21	19550.5	0.0716251	99999.9	0	0
neutron	939.565	1.24432	99999.8	0	0
S36	33495	0.071948	99999.8	0	0
neutron	939.565	9.64829	99999.9	0	0
neutron	939.565	3.35116	99999.9	0	0
neutron	939.565	0.756741	99999.9	0	0
S34	31632.7	0.488055	99999.9	0	0
neutron	939.565	0.0850576	99999.9	0	0
S36	33495	0.171558	99999.9	0	0
neutron	939.565	1.55107	99999.9	0	0
neutron	939.565	1.18191	99999.9	0	0
Ne21	19550.5	0.270603	99999.9	0	0
neutron	939.565	0.847241	99999.9	0	0
Ne22	20479.7	0.110948	99999.9	0	0
proton	938.272	7.21795	99999.8	0	0
neutron	939.565	4.25442	99999.8	0	0
neutron	939.565	4.11519	99999.8	0	0
proton	938.272	2.4026	99999.8	0	0
neutron	939.565	2.33846	99999.8	0	0
neutron	939.565	1.41806	99999.8	0	0
O17	15830.5	0.304667	99999.8	0	0
S35	32565.3	0.139368	99999.9	0	0
Ne23	21414.1	0.221821	99999.9	0	0
neutron	939.565	5.51144	99999.9	0	0
proton	938.272	3.5436	99999.9	0	0
neutron	939.565	3.33025	99999.9	0	0
P32	29775.8	0.209975	99999.9	0	0
Ne23	21414.1	0.215829	99999.9	0	0
neutron	939.565	0.62461	99999.9	0	0
S34	31632.7	0.179353	99999.9	0	0
S37	34430.2	0.135086	99999.9	0	0
neutron	939.565	0.656	99999.8	0	0
S34	31632.7	0.19923	99999.8	0	0
neutron	939.565	8.52505	99999.9	0	0
neutron	939.565	3.1695	99999.9	0	0
neutron	939.565	0.434541	99999.9	0	0
Ne20	18617.7	0.360885	99999.9	0	0
neutron	939.565	24.8731	99999.9	0	0
neutron	939.565	3.98724	99999.9	0	0
neutron	939.565	1.80681	99999.9	0	0
neutron	939.565	1.74329	99999.9	0	0
S33	30704.6	1.01922	99999.9	0	0
neutron	939.565	0.607584	99999.9	0	0
S34	31632.7	0.198968	99999.9	0	0
neutron	939.565	0.809015	99999.9	0	0
Ne22	20479.7	0.323745	99999.9	0	0
neutron	939.565	0.0512971	99999.9	0	0
Ne22	20479.7	0.267438	99999.9	0	0
neutron	939.565	0.532131	99999.9	0	0
Ne22	20479.7	0.214827	99999.9	0	0
neutron	939.565	1.44078	99999.8	0	0
Ne22	20479.7	0.149132	99999.8	0	0
Ne23	21414.1	0.227807	99999.9	0	0
neutron	939.565	6.33556	99999.8	0	0
S34	31632.7	0.602443	99999.8	0	0
S37	34430.2	0.135264	99999.9	0	0
neutron	939.565	27.4949	99999.9	0	0
neutron	939.565	21.8413	99999.9	0	0
neutron	939.565	6.62131	99999.9	0	0
alpha	3727.38	4.31596	99999.9	0	0
O16	14895.1	2.1408	99999.9	0	0
Ne23	21414.1	0.234068	99999.9	0	0
neutron	939.565	0.993158	99999.9	0	0
Ne22	20479.7	0.116345	99999.9	0	0
neutron	939.565	2.93441	99999.9	0	0
Ne22	20479.7	0.4786	99999.9	0	0
neutron	939.565	0.390419	99999.8	0	0
Ne22	20479.7	0.133308	99999.8	0	0
S35	32565.3	0.147182	99999.9	0	0
Ne23	21414.1	0.215673	99999.9	0	0
S35	32565.3	0.164125	99999.8	0	0
neutron	939.565	0.661631	99999.9	0	0
Ne22	20479.7	0.288715	99999.9	0	0
neutron	939.565	0.299212	99999.8	0	0
S34	31632.7	0.176154	99999.8	0	0
neutron	939.565	2.01697	99999.9	0	0
S34	31632.7	0.231625	99999.9	0	0
Ne23	21414.1	0.221548	99999.9	0	0
neutron	939.565	0.859056	99999.9	0	0
S34	31632.7	0.11024	99999.9	0	0
proton	938.272	7.66844	99999.9	0	0
neutron	939.565	6.0995	99999.9	0	0
P33	30705.3	0.280037	99999.9	0	0
neutron	939.565	19.8789	99999.8	0	0
neutron	939.565	3.21083	99999.8	0	0
neutron	939.565	2.52705	99999.8	0	0
alpha	3727.38	6.2464	99999.8	0	0
O16	14895.1	1.0319	99999.8	0	0
neutron	939.565	1.46892	99999.9	0	0
Ne22	20479.7	0.0913138	99999.9	0	0
Ne23	21414.1	0.209693	99999.9	0	0
neutron	939.565	0.869777	99999.9	0	0
S34	31632.7	0.0502295	99999.9	0	0
S35	32565.3	0.158827	99999.9	0	0
Ne23	21414.1	0.219169	99999.8	0	0
neutron	939.565	8.49225	99999.9	0	0
neutron	939.565	7.76938	99999.9	0	0
proton	938.272	1.91428	99999.9	0	0
neutron	939.565	1.82221	99999.9	0	0
alpha	3727.38	7.98073	99999.9	0	0
N15	13968.9	0.762908	99999.9	0	0
neutron	939.565	8.59309	99999.9	0	0
neutron	939.565	4.90046	99999.9	0	0
proton	938.272	4.88229	99999.9	0	0
proton	938.272	4.11862	99999.9	0	0
neutron	939.565	1.54169	99999.9	0	0
Si30	27913.2	0.599736	99999.9	0	0
Ne23	21414.1	0.222949	99999.9	0	0
S37	34430.2	0.136351	99999.9	0	0
neutron	939.565	4.42254	99999.9	0	0
S34	31632.7	0.0244249	99999.9	0	0
neutron	939.565	3.67193	99999.9	0	0
neutron	939.565	2.99816	99999.9	0	0
alpha	3727.38	7.90035	99999.9	0	0
Si29	26984.3	1.09957	99999.9	0	0
Ne23	21414.1	0.222298	99999.9	0	0
neutron	939.565	9.24322	99999.8	0	0
proton	938.272	3.13429	99999.8	0	0
P33	30705.3	1.08234	99999.8	0	0
Ne23	21414.1	0.229049	99999.9	0	0
S35	32565.3	0.144408	99999.9	0	0
S37	34430.2	0.139546	99999.9	0	0
Ne23	21414.1	0.223843	99999.9	0	0
neutron	939.565	1.02115	99999.9	0	0
Ne22	20479.7	0.418075	99999.9	0	0
neutron	939.565	0.0830422	99999.9	0	0
S36	33495	0.128656	99999.9	0	0
neutron	939.565	7.61346	99999.9	0	0
neutron	939.565	4.34006	99999.9	0	0
neutron	939.565	2.86241	99999.9	0	0
S32	29773.6	0.266803	99999.9	0	0
Ne23	21414.1	0.232156	99999.8	0	0
S35	32565.3	0.143251	99999.8	0	0
neutron	939.565	14.9274	99999.9	0	0
neutron	939.565	0.190974	99999.9	0	0
S33	30704.6	0.236859	99999.9	0	0
Ne23	21414.1	0.225179	100000	0	0
neutron	939.565	7.69396	99999.9	0	0
neutron	939.565	5.74033	99999.9	0	0
neutron	939.565	3.21616	99999.9	0	0
Ne20	18617.7	0.68087	99999.9	0	0
neutron	939.565	7.0888	99999.9	0	0
neutron	939.565	4.39936	99999.9	0	0
S33	30704.6	0.274831	99999.9	0	0
neutron	939.565	0.0580604	99999.9	0	0
Ne22	20479.7	0.241184	99999.9	0	0
neutron	939.565	3.73845	99999.9	0	0
S34	31632.7	0.0267606	99999.9	0	0
neutron	939.565	0.369077	99999.8	0	0
S36	33495	0.188967	99999.8	0	0
neutron	939.565	0.781233	99999.8	0	0
alpha	3727.38	5.89372	99999.8	0	0
Si30	27913.2	1.45661	99999.8	0	0
neutron	939.565	0.113597	99999.9	0	0
Ne22	20479.7	0.184747	99999.9	0	0
neutron	939.565	7.49087	99999.9	0	0
proton	938.272	6.59285	99999.9	0	0
proton	938.272	3.0848	99999.9	0	0
neutron	939.565	1.98806	99999.9	0	0
neutron	939.565	1.39374	99999.9	0	0
O18	16762	1.00997	99999.9	0	0
neutron	939.565	1.92076	99999.9	0	0
S34	31632.7	0.103859	99999.9	0	0
S37	34430.2	0.137288	99999.9	0	0
S37	34430.2	0.139469	99999.9	0	0
neutron	939.565	9.90481	99999.9	0	0
neutron	939.565	6.87644	99999.9	0	0
proton	938.272	4.78097	99999.9	0	0
neutron	939.565	4.57144	99999.9	0	0
F19	17692.3	3.00757	99999.9	0	0
neutron	939.565	0.608876	99999.8	0	0
Ne22	20479.7	0.336882	99999.8	0	0
neutron	939.565	0.178424	99999.9	0	0
S34	31632.7	0.158006	99999.9	0	0
neutron	939.565	1.03519	99999.9	0	0
S34	31632.7	0.127145	99999.9	0	0
neutron	939.565	0.722582	99999.8	0	0
Ne22	20479.7	0.23159	99999.8	0	0
neutron	939.565	6.49572	99999.8	0	0
neutron	939.565	3.99398	99999.8	0	0
S33	30704.6	0.0939945	99999.8	0	0
Ne23	21414.1	0.208347	99999.9	0	0
neutron	939.565	6.37614	99999.9	0	0
neutron	939.565	3.27859	99999.9	0	0
neutron	939.565	2.2245	99999.9	0	0
neutron	939.565	0.973982	99999.9	0	0
neutron	939.565	0.548546	99999.9	0	0
S32	29773.6	0.760796	99999.9	0	0
neutron	939.565	0.986385	99999.8	0	0
S34	31632.7	0.110957	99999.8	0	0
Ne23	21414.1	0.217425	99999.8	0	0
neutron	939.565	4.457	99999.8	0	0
neutron	939.565	1.26369	99999.8	0	0
Ne21	19550.5	0.706549	99999.8	0	0
proton	938.272	7.25278	99999.8	0	0
neutron	939.565	2.9086	99999.8	0	0
neutron	939.565	1.42373	99999.8	0	0
P32	29775.8	0.173472	99999.8	0	0
neutron	939.565	9.67069	99999.8	0	0
neutron	939.565	2.40734	99999.8	0	0
neutron	939.565	1.64532	99999.8	0	0
alpha	3727.38	3.39727	99999.8	0	0
alpha	3727.38	2.33772	99999.8	0	0
C12	11174.9	6.3135	99999.8	0	0
neutron	939.565	6.67399	99999.8	0	0
neutron	939.565	3.24146	99999.8	0	0
neutron	939.565	1.02184	99999.8	0	0
S32	29773.6	0.259276	99999.8	0	0
neutron	939.565	8.21522	99999.9	0	0
neutron	939.565	5.69693	99999.9	0	0
Ne21	19550.5	0.513877	99999.9	0	0
neutron	939.565	0.547209	99999.9	0	0
S34	31632.7	0.0964913	99999.9	0	0
S37	34430.2	0.141291	99999.8	0	0
neutron	939.565	1.00239	99999.8	0	0
Ne22	20479.7	0.366754	99999.8	0	0
neutron	939.565	1.03244	99999.8	0	0
S36	33495	0.223827	99999.8	0	0
neutron	939.565	2.25328	99999.9	0	0
Ne22	20479.7	0.110919	99999.9	0	0
S35	32565.3	0.145578	99999.9	0	0
neutron	939.565	17.9884	99999.9	0	0
proton	938.272	11.3076	99999.9	0	0
neutron	939.565	1.98904	99999.9	0	0
P32	29775.8	0.492528	99999.9	0	0
neutron	939.565	6.97266	99999.8	0	0
neutron	939.565	4.38397	99999.8	0	0
neutron	939.565	0.735943	99999.8	0	0
alpha	3727.38	4.82417	99999.8	0	0
O16	14895.1	1.1517	99999.8	0	0
neutron	939.565	0.840718	99999.9	0	0
Ne22	20479.7	0.267893	99999.9	0	0
neutron	939.565	0.377944	99999.8	0	0
S34	31632.7	0.233904	99999.8	0	0
neutron	939.565	6.2934	99999.8	0	0
neutron	939.565	5.85626	99999.8	0	0
neutron	939.565	5.53554	99999.8	0	0
alpha	3727.38	8.32075	99999.8	0	0
O16	14895.1	5.54902	99999.8	0	0
neutron	939.565	5.83025	99999.8	0	0
neutron	939.565	5.78716	99999.8	0	0
neutron	939.565	3.83257	99999.8	0	0
proton	938.272	3.49382	99999.8	0	0
P31	28844.2	0.464326	99999.8	0	0
neutron	939.565	35.4376	99999.9	0	0
proton	938.272	22.4706	99999.9	0	0
neutron	939.565	0.105432	99999.9	0	0
P32	29775.8	0.47203	99999.9	0	0
neutron	939.565	0.263826	99999.9	0	0
Ne22	20479.7	0.12981	99999.9	0	0
Ne23	21414.1	0.228341	99999.9	0	0
neutron	939.565	0.266326	99999.9	0	0
Ne22	20479.7	0.218433	99999.9	0	0
Ne23	21414.1	0.223183	99999.9	0	0
Ne23	21414.1	0.217591	99999.9	0	0
S35	32565.3	0.15163	99999.9	0	0
S35	32565.3	0.165103	99999.9	0	0
proton	938.272	6.09646	99999.9	0	0
neutron	939.565	2.35643	99999.9	0	0
F21	19556.7	0.136932	99999.9	0	0
Ne23	21414.1	0.229284	99999.9	0	0
S35	32565.3	0.154381	99999.9	0	0
S35	32565.3	0.147825	99999.8	0	0
neutron	939.565	1.59348	99999.8	0	0
Ne22	20479.7	0.152655	99999.8	0	0
neutron	939.565	0.6836	99999.8	0	0
S34	31632.7	0.13345	99999.8	0	0
proton	938.272	35.2958	99999.8	0	0
neutron	939.565	1.41253	99999.8	0	0
P33	30705.3	0.937554	99999.8	0	0
neutron	939.565	10.5868	99999.8	0	0
neutron	939.565	1.4654	99999.8	0	0
neutron	939.565	1.184	99999.8	0	0
Ne20	18617.7	0.649339	99999.8	0	0
neutron	939.565	8.24859	99999.9	0	0
neutron	939.565	1.92689	99999.9	0	0
alpha	3727.38	9.67253	99999.9	0	0
Si29	26984.3	2.64175	99999.9	0	0
Ne23	21414.1	0.208068	99999.9	0	0
proton	938.272	7.77376	99999.9	0	0
neutron	939.565	5.93312	99999.9	0	0
neutron	939.565	3.32045	99999.9	0	0
proton	938.272	3.07131	99999.9	0	0
neutron	939.565	2.80735	99999.9	0	0
neutron	939.565	0.22883	99999.9	0	0
Si29	26984.3	0.843813	99999.9	0	0
neutron	939.565	3.61163	99999.9	0	0
neutron	939.565	3.42855	99999.9	0	0
proton	938.272	2.07963	99999.9	0	0
P32	29775.8	0.78976	99999.9	0	0
neutron	939.565	0.656365	99999.9	0	0
Ne22	20479.7	0.276711	99999.9	0	0
neutron	939.565	1.48479	99999.9	0	0
S34	31632.7	0.298067	99999.9	0	0
neutron	939.565	4.03002	99999.8	0	0
neutron	939.565	2.22535	99999.8	0	0
neutron	939.565	2.20509	99999.8	0	0
alpha	3727.38	7.17535	99999.8	0	0
O16	14895.1	0.515863	99999.8	0	0
proton	938.272	35.2467	99999.8	0	0
neutron	939.565	6.52522	99999.8	0	0
neutron	939.565	6.01294	99999.8	0	0
F20	18625.3	0.155145	99999.8	0	0
neutron	939.565	1.01991	99999.8	0	0
Ne22	20479.7	0.248381	99999.8	0	0
neutron	939.565	2.26933	99999.9	0	0
S34	31632.7	0.333867	99999.9	0	0
S35	32565.3	0.154504	99999.9	0	0
Ne23	21414.1	0.221868	99999.9	0	0
neutron	939.565	15.0499	99999.8	0	0
neutron	939.565	9.77023	99999.8	0	0
neutron	939.565	6.04554	99999.8	0	0
S32	29773.6	1.19611	99999.8	0	0
neutron	939.565	1.04113	99999.8	0	0
S34	31632.7	0.197884	99999.8	0	0
neutron	939.565	1.11658	99999.9	0	0
Ne22	20479.7	0.0998971	99999.9	0	0
neutron	939.565	15.9997	99999.9	0	0
proton	938.272	5.74174	99999.9	0	0
neutron	939.565	2.7263	99999.9	0	0
neutron	939.565	1.22559	99999.9	0	0
alpha	3727.38	5.50336	99999.9	0	0
N15	13968.9	1.4155	99999.9	0	0
neutron	939.565	1.41993	99999.9	0	0
S34	31632.7	0.19581	99999.9	0	0
neutron	939.565	20.3848	99999.9	0	0
neutron	939.565	6.28972	99999.9	0	0
neutron	939.565	1.34079	99999.9	0	0
Ne20	18617.7	0.559492	99999.9	0	0
Ne23	21414.1	0.232841	99999.9	0	0
neutron	939.565	0.954288	99999.8	0	0
Ne22	20479.7	0.387572	99999.8	0	0
Ne23	21414.1	0.232814	99999.8	0	0
S35	32565.3	0.147161	99999.8	0	0
neutron	939.565	3.44036	99999.9	0	0
neutron	939.565	1.27402	99999.9	0	0
neutron	939.565	1.1458	99999.9	0	0
Ne20	18617.7	0.335821	99999.9	0	0
S35	32565.3	0.157691	99999.9	0	0
Ne23	21414.1	0.229207	99999.9	0	0
neutron	939.565	0.396696	99999.9	0	0
S34	31632.7	0.216605	99999.9	0	0
neutron	939.565	23.533	99999.9	0	0
proton	938.272	10.7224	99999.9	0	0
neutron	939.565	3.48382	99999.9	0	0
proton	938.272	2.66506	99999.9	0	0
O19	17697.6	0.74559	99999.9	0	0
neutron	939.565	7.41632	99999.9	0	0
S34	31632.7	0.432289	99999.9	0	0
neutron	939.565	1.83934	99999.9	0	0
Ne22	20479.7	0.399963	99999.9	0	0
neutron	939.565	0.340448	99999.9	0	0
S34	31632.7	0.123701	99999.9	0	0
neutron	939.565	0.085186	99999.8	0	0
Ne22	20479.7	0.25095	99999.8	0	0
neutron	939.565	0.539935	99999.9	0	0
Ne22	20479.7	0.345771	99999.9	0	0
neutron	939.565	16.1347	99999.8	0	0
neutron	939.565	7.94165	99999.8	0	0
neutron	939.565	2.70966	99999.8	0	0
neutron	939.565	2.45518	99999.8	0	0
S33	30704.6	0.517071	99999.8	0	0
proton	938.272	44.8471	99999.8	0	0
neutron	939.565	4.32971	99999.8	0	0
neutron	939.565	0.949135	99999.8	0	0
F20	18625.3	2.59974	99999.8	0	0
proton	938.272	11.3482	99999.8	0	0
neutron	939.565	7.97707	99999.8	0	0
neutron	939.565	3.20409	99999.8	0	0
neutron	939.565	0.609178	99999.8	0	0
P31	28844.2	0.0505111	99999.8	0	0
proton	938.272	5.93824	99999.9	0	0
proton	938.272	5.38459	99999.9	0	0
neutron	939.565	4.40415	99999.9	0	0
neutron	939.565	2.69869	99999.9	0	0
Si31	28846.2	0.51975	99999.9	0	0
neutron	939.565	0.44525	99999.9	0	0
S34	31632.7	0.10413	99999.9	0	0
neutron	939.565	0.219527	99999.9	0	0
S34	31632.7	0.199085	99999.9	0	0
Ne23	21414.1	0.226542	99999.9	0	0
neutron	939.565	1.0199	99999.9	0	0
Ne22	20479.7	0.456308	99999.9	0	0
neutron	939.565	11.6252	99999.8	0	0
neutron	939.565	0.587712	99999.8	0	0
S33	30704.6	0.336097	99999.8	0	0
neutron	939.565	0.546672	99999.9	0	0
S36	33495	0.221665	99999.9	0	0
neutron	939.565	0.350542	99999.9	0	0
Ne22	20479.7	0.166276	99999.9	0	0
proton	938.272	8.2235	99999.9	0	0
neutron	939.565	6.56735	99999.9	0	0
proton	938.272	6.25323	99999.9	0	0
Si32	29776.6	0.585258	99999.9	0	0
Ne23	21414.1	0.230586	99999.8	0	0
neutron	939.565	13.9299	99999.8	0	0
neutron	939.565	8.41423	99999.8	0	0
neutron	939.565	3.33665	99999.8	0	0
neutron	939.565	3.02947	99999.8	0	0
neutron	939.565	0.652303	99999.8	0	0
S32	29773.6	1.38884	99999.8	0	0
neutron	939.565	16.6738	99999.8	0	0
neutron	939.565	6.81484	99999.8	0	0
neutron	939.565	2.5672	99999.8	0	0
S32	29773.6	1.15961	99999.8	0	0
neutron	939.565	11.0077	99999.8	0	0
neutron	939.565	0.929826	99999.8	0	0
Ne21	19550.5	1.02727	99999.8	0	0
neutron	939.565	0.767968	99999.8	0	0
Ne22	20479.7	0.405847	99999.8	0	0
neutron	939.565	5.38346	99999.9	0	0
proton	938.272	2.91825	99999.9	0	0
P33	30705.3	0.831533	99999.9	0	0
Ne23	21414.1	0.228138	99999.8	0	0
neutron	939.565	0.248997	99999.8	0	0
Ne22	20479.7	0.302159	99999.8	0	0
neutron	939.565	0.166867	99999.9	0	0
Ne22	20479.7	0.154333	99999.9	0	0
neutron	939.565	1.38378	99999.9	0	0
S36	33495	0.0574676	99999.9	0	0
neutron	939.565	0.76305	99999.9	0	0
S34	31632.7	0.0959786	99999.9	0	0
proton	938.272	30.0041	99999.8	0	0
neutron	939.565	9.08232	99999.8	0	0
neutron	939.565	6.3177	99999.8	0	0
neutron	939.565	0.335845	99999.8	0	0
F19	17692.3	0.158878	99999.8	0	0
S35	32565.3	0.161272	99999.9	0	0
neutron	939.565	9.13815	99999.9	0	0
neutron	939.565	0.56701	99999.9	0	0
neutron	939.565	0.330119	99999.9	0	0
Ne20	18617.7	0.590254	99999.9	0	0
neutron	939.565	6.00571	99999.8	0	0
proton	938.272	3.81573	99999.8	0	0
neutron	939.565	1.68713	99999.8	0	0
neutron	939.565	0.362435	99999.8	0	0
P31	28844.2	0.22061	99999.8	0	0
S35	32565.3	0.157909	99999.8	0	0
Ne23	21414.1	0.233593	99999.9	0	0
neutron	939.565	3.44226	99999.9	0	0
S34	31632.7	0.0167254	99999.9	0	0
neutron	939.565	6.21104	99999.9	0	0
neutron	939.565	1.99547	99999.9	0	0
neutron	939.565	0.734794	99999.9	0	0
S34	31632.7	0.554122	99999.9	0	0
neutron	939.565	34.0734	99999.8	0	0
neutron	939.565	4.55471	99999.8	0	0
alpha	3727.38	24.1666	99999.8	0	0
Si29	26984.3	4.62957	99999.8	0	0
neutron	939.565	4.69577	99999.8	0	0
neutron	939.565	3.26169	99999.8	0	0
alpha	3727.38	11.5708	99999.8	0	0
Si29	26984.3	1.64078	99999.8	0	0
neutron	939.565	2.96979	99999.9	0	0
neutron	939.565	1.29648	99999.9	0	0
S35	32565.3	0.292909	99999.9	0	0
neutron	939.565	2.48759	99999.9	0	0
S34	31632.7	0.206413	99999.9	0	0
neutron	939.565	12.992	99999.9	0	0
neutron	939.565	5.73425	99999.9	0	0
deuteron	1875.61	6.69976	99999.9	0	0
triton	2808.92	2.97064	99999.9	0	0
O16	14895.1	0.667742	99999.9	0	0
neutron	939.565	5.73035	99999.9	0	0
neutron	939.565	4.10482	99999.9	0	0
alpha	3727.38	7.37788	99999.9	0	0
O17	15830.5	1.16699	99999.9	0	0
S35	32565.3	0.148376	99999.9	0	0
neutron	939.565	5.19134	99999.9	0	0
neutron	939.565	0.921679	99999.9	0	0
Ne21	19550.5	0.142228	99999.9	0	0
neutron	939.565	1.33429	99999.8	0	0
S34	31632.7	0.307896	99999.8	0	0
neutron	939.565	0.639484	99999.9	0	0
S34	31632.7	0.210326	99999.9	0	0
neutron	939.565	1.88157	99999.8	0	0
Ne22	20479.7	0.0859481	99999.8	0	0
S35	32565.3	0.164846	99999.9	0	0
proton	938.272	21.0287	99999.9	0	0
neutron	939.565	17.2796	99999.9	0	0
neutron	939.565	0.202893	99999.9	0	0
F20	18625.3	0.9936	99999.9	0	0
Ne23	21414.1	0.231012	99999.9	0	0
Ne23	21414.1	0.21024	99999.9	0	0
neutron	939.565	6.91632	99999.8	0	0
neutron	939.565	4.24292	99999.8	0	0
proton	938.272	3.03733	99999.8	0	0
neutron	939.565	2.77501	99999.8	0	0
P31	28844.2	1.10038	99999.8	0	0
neutron	939.565	0.00779404	99999.8	0	0
S34	31632.7	0.148291	99999.8	0	0
neutron	939.565	1.64163	99999.9	0	0
S34	31632.7	0.0813974	99999.9	0	0
neutron	939.565	18.3465	99999.9	0	0
neutron	939.565	9.42164	99999.9	0	0
neutron	939.565	1.3895	99999.9	0	0
alpha	3727.38	4.01698	99999.9	0	0
O16	14895.1	3.03514	99999.9	0	0
neutron	939.565	0.656457	99999.9	0	0
Ne22	20479.7	0.165518	99999.9	0	0
neutron	939.565	19.7767	99999.9	0	0
neutron	939.565	10.8802	99999.9	0	0
neutron	939.565	3.48228	99999.9	0	0
Ne20	18617.7	0.694742	99999.9	0	0
neutron	939.565	30.9066	99999.9	0	0
proton	938.272	4.07256	99999.9	0	0
neutron	939.565	3.43098	99999.9	0	0
neutron	939.565	2.63121	99999.9	0	0
F19	17692.3	0.707308	99999.9	0	0
neutron	939.565	1.9808	99999.9	0	0
S36	33495	0.263883	99999.9	0	0
neutron	939.565	0.715232	99999.8	0	0
S36	33495	0.126161	99999.8	0	0
Ne23	21414.1	0.212096	99999.9	0	0
neutron	939.565	2.43768	99999.9	0	0
Ne22	20479.7	0.388369	99999.9	0	0
neutron	939.565	26.1971	99999.8	0	0
neutron	939.565	2.48987	99999.8	0	0
neutron	939.565	1.52156	99999.8	0	0
Ne20	18617.7	2.03098	99999.8	0	0
Ne23	21414.1	0.214724	99999.9	0	0
Ne23	21414.1	0.215959	99999.8	0	0
neutron	939.565	7.33254	99999.9	0	0
S36	33495	0.331593	99999.9	0	0
neutron	939.565	5.1913	99999.8	0	0
proton	938.272	4.22117	99999.8	0	0
neutron	939.565	2.76234	99999.8	0	0
neutron	939.565	2.14377	99999.8	0	0
F19	17692.3	0.799204	99999.8	0	0
proton	938.272	8.50395	99999.9	0	0
neutron	939.565	3.25109	99999.9	0	0
neutron	939.565	0.620678	99999.9	0	0
P32	29775.8	0.211668	99999.9	0	0
neutron	939.565	3.09707	99999.9	0	0
neutron	939.565	3.0842	99999.9	0	0
neutron	939.565	1.82617	99999.9	0	0
Ne20	18617.7	0.220646	99999.9	0	0
Ne23	21414.1	0.217383	99999.9	0	0
neutron	939.565	0.399897	99999.9	0	0
Ne22	20479.7	0.144141	99999.9	0	0
neutron	939.565	0.904338	99999.9	0	0
deuteron	1875.61	5.92279	99999.9	0	0
deuteron	1875.61	3.34295	99999.9	0	0
Si30	27913.2	0.506053	99999.9	0	0
S35	32565.3	0.157542	99999.9	0	0
neutron	939.565	13.3182	99999.8	0	0
neutron	939.565	2.72044	99999.8	0	0
neutron	939.565	2.32364	99999.8	0	0
alpha	3727.38	4.97395	99999.8	0	0
O16	14895.1	2.40212	99999.8	0	0
Ne23	21414.1	0.205873	99999.8	0	0
neutron	939.565	8.82218	99999.9	0	0
neutron	939.565	4.08781	99999.9	0	0
proton	938.272	4.00837	99999.9	0	0
P32	29775.8	1.35788	99999.9	0	0
neutron	939.565	0.305681	99999.9	0	0
Ne22	20479.7	0.286101	99999.9	0	0
S37	34430.2	0.140921	99999.9	0	0
S35	32565.3	0.156875	99999.9	0	0
neutron	939.565	1.53729	99999.9	0	0
S34	31632.7	0.142059	99999.9	0	0
S35	32565.3	0.144506	99999.9	0	0
neutron	939.565	23.7781	99999.8	0	0
proton	938.272	4.68827	99999.8	0	0
neutron	939.565	3.78251	99999.8	0	0
deuteron	1875.61	17.1647	99999.8	0	0
Si30	27913.2	1.2934	99999.8	0	0
neutron	939.565	1.45752	99999.9	0	0
S34	31632.7	0.238747	99999.9	0	0
neutron	939.565	35.872	99999.9	0	0
neutron	939.565	12.4356	99999.9	0	0
neutron	939.565	0.416121	99999.9	0	0
alpha	3727.38	9.87154	99999.9	0	0
O16	14895.1	0.207664	99999.9	0	0
neutron	939.565	0.941703	99999.9	0	0
Ne22	20479.7	0.362218	99999.9	0	0
Ne23	21414.1	0.231242	99999.9	0	0
S35	32565.3	0.165762	99999.9	0	0
neutron	939.565	9.01083	99999.9	0	0
S34	31632.7	0.679714	99999.9	0	0
S35	32565.3	0.143351	99999.9	0	0
neutron	939.565	0.174261	99999.9	0	0
Ne22	20479.7	0.283704	99999.9	0	0
Ne23	21414.1	0.223926	99999.9	0	0
proton	938.272	9.23375	99999.9	0	0
neutron	939.565	3.58375	99999.9	0	0
neutron	939.565	1.80977	99999.9	0	0
neutron	939.565	0.898422	99999.9	0	0
neutron	939.565	0.527516	99999.9	0	0
deuteron	1875.61	6.0704	99999.9	0	0
O16	14895.1	1.73168	99999.9	0	0
Ne23	21414.1	0.213951	99999.9	0	0
Ne23	21414.1	0.222531	99999.9	0	0
neutron	939.565	2.04504	99999.9	0	0
S34	31632.7	0.058611	99999.9	0	0
neutron	939.565	0.354139	99999.8	0	0
S34	31632.7	0.184378	99999.8	0	0
neutron	939.565	9.10376	99999.9	0	0
neutron	939.565	8.02107	99999.9	0	0
proton	938.272	5.15039	99999.9	0	0
neutron	939.565	4.92352	99999.9	0	0
proton	938.272	2.66129	99999.9	0	0
Si30	27913.2	0.704715	99999.9	0	0
neutron	939.565	11.2809	99999.9	0	0
neutron	939.565	6.02548	99999.9	0	0
proton	938.272	4.39003	99999.9	0	0
neutron	939.565	3.13159	99999.9	0	0
triton	2808.92	5.45575	99999.9	0	0
O16	14895.1	5.06999	99999.9	0	0
neutron	939.565	40.5472	99999.9	0	0
proton	938.272	19.5684	99999.9	0	0
F21	19556.7	2.74569	99999.9	0	0
neutron	939.565	20.5066	99999.9	0	0
proton	938.272	9.09827	99999.9	0	0
neutron	939.565	4.22172	99999.9	0	0
neutron	939.565	3.44626	99999.9	0	0
proton	938.272	3.02809	99999.9	0	0
Si30	27913.2	0.922571	99999.9	0	0
neutron	939.565	0.862931	99999.9	0	0
Ne22	20479.7	0.381604	99999.9	0	0
neutron	939.565	0.513157	99999.8	0	0
S34	31632.7	0.156358	99999.8	0	0
neutron	939.565	0.505138	99999.9	0	0
Ne22	20479.7	0.330849	99999.9	0	0
neutron	939.565	10.5801	99999.8	0	0
proton	938.272	10.1928	99999.8	0	0
neutron	939.565	4.16909	99999.8	0	0
neutron	939.565	1.34257	99999.8	0	0
P31	28844.2	0.464193	99999.8	0	0
neutron	939.565	1.01565	99999.9	0	0
S34	31632.7	0.121202	99999.9	0	0
neutron	939.565	3.01904	99999.8	0	0
neutron	939.565	2.04368	99999.8	0	0
neutron	939.565	1.42495	99999.8	0	0
S34	31632.7	0.49292	99999.8	0	0
neutron	939.565	0.43027	99999.9	0	0
S34	31632.7	0.240124	99999.9	0	0
neutron	939.565	1.07716	99999.8	0	0
Ne22	20479.7	0.0839984	99999.8	0	0
neutron	939.565	12.5043	99999.9	0	0
neutron	939.565	2.71985	99999.9	0	0
neutron	939.565	1.08041	99999.9	0	0
Ne20	18617.7	0.844011	99999.9	0	0
S35	32565.3	0.154291	99999.8	0	0
neutron	939.565	33.7541	99999.8	0	0
neutron	939.565	14.0089	99999.8	0	0
neutron	939.565	5.37795	99999.8	0	0
Ne20	18617.7	1.93782	99999.8	0	0
neutron	939.565	0.4234	99999.8	0	0
S34	31632.7	0.135306	99999.8	0	0
Ne23	21414.1	0.212841	99999.9	0	0
neutron	939.565	2.36115	99999.9	0	0
neutron	939.565	1.28742	99999.9	0	0
S33	30704.6	0.302637	99999.9	0	0
neutron	939.565	10.3879	99999.9	0	0
neutron	939.565	7.98737	99999.9	0	0
neutron	939.565	5.28133	99999.9	0	0
Ne20	18617.7	0.178507	99999.9	0	0
neutron	939.565	17.5505	99999.8	0	0
neutron	939.565	4.94279	99999.8	0	0
neutron	939.565	1.8995	99999.8	0	0
S32	29773.6	1.5194	99999.8	0	0
neutron	939.565	18.622	99999.9	0	0
neutron	939.565	13.1142	99999.9	0	0
Ne21	19550.5	1.34528	99999.9	0	0
neutron	939.565	0.194743	99999.8	0	0
S34	31632.7	0.18334	99999.8	0	0
Ne23	21414.1	0.215283	99999.9	0	0
neutron	939.565	4.80577	99999.9	0	0
neutron	939.565	0.624252	99999.9	0	0
alpha	3727.38	8.51462	99999.9	0	0
O17	15830.5	1.12384	99999.9	0	0
S35	32565.3	0.152162	99999.8	0	0
proton	938.272	19.3232	99999.9	0	0
neutron	939.565	4.19298	99999.9	0	0
F21	19556.7	1.72935	99999.9	0	0
neutron	939.565	49.3976	99999.9	0	0
neutron	939.565	3.4779	99999.9	0	0
neutron	939.565	0.614982	99999.9	0	0
Ne20	18617.7	2.99755	99999.9	0	0
neutron	939.565	6.89351	99999.9	0	0
neutron	939.565	1.40137	99999.9	0	0
neutron	939.565	1.17211	99999.9	0	0
Ne20	18617.7	0.881756	99999.9	0	0
proton	938.272	5.73381	99999.9	0	0
neutron	939.565	3.38413	99999.9	0	0
neutron	939.565	1.54625	99999.9	0	0
neutron	939.565	1.54113	99999.9	0	0
F19	17692.3	0.375166	99999.9	0	0
Ne23	21414.1	0.230206	99999.9	0	0
neutron	939.565	1.98016	99999.8	0	0
S36	33495	0.180892	99999.8	0	0
neutron	939.565	5.2941	99999.9	0	0
Ne22	20479.7	0.516039	99999.9	0	0
Ne23	21414.1	0.231394	99999.9	0	0
neutron	939.565	4.36144	99999.9	0	0
neutron	939.565	3.86351	99999.9	0	0
S33	30704.6	0.038909	99999.9	0	0
Ne23	21414.1	0.235431	99999.8	0	0
neutron	939.565	0.993561	99999.9	0	0
S34	31632.7	0.110676	99999.9	0	0
Ne23	21414.1	0.230226	99999.9	0	0
neutron	939.565	1.6335	99999.9	0	0
S34	31632.7	0.351216	99999.9	0	0
neutron	939.565	8.02844	99999.8	0	0
proton	938.272	7.08995	99999.8	0	0
neutron	939.565	2.8822	99999.8	0	0
neutron	939.565	2.47671	99999.8	0	0
proton	938.272	1.5454	99999.8	0	0
alpha	3727.38	9.55268	99999.8	0	0
Mg26	24196.5	2.03795	99999.8	0	0
neutron	939.565	0.860358	99999.9	0	0
S34	31632.7	0.113882	99999.9	0	0
neutron	939.565	0.884809	99999.8	0	0
S34	31632.7	0.0534185	99999.8	0	0
Ne23	21414.1	0.234455	99999.9	0	0
neutron	939.565	0.192347	99999.9	0	0
S34	31632.7	0.14359	99999.9	0	0
S35	32565.3	0.155885	99999.9	0	0
Ne23	21414.1	0.2297	99999.9	0	0
neutron	939.565	8.60987	99999.9	0	0
neutron	939.565	2.92447	99999.9	0	0
Ne21	19550.5	0.701955	99999.9	0	0
neutron	939.565	5.44165	99999.9	0	0
S34	31632.7	0.0836207	99999.9	0	0
neutron	939.565	8.34346	99999.8	0	0
neutron	939.565	1.46558	99999.8	0	0
Ne21	19550.5	1.13734	99999.8	0	0
neutron	939.565	8.27178	99999.9	0	0
neutron	939.565	1.25028	99999.9	0	0
Ne21	19550.5	0.168081	99999.9	0	0
neutron	939.565	3.51194	99999.8	0	0
Ne22	20479.7	0.0223798	99999.8	0	0
S35	32565.3	0.161927	99999.9	0	0
neutron	939.565	0.416306	99999.9	0	0
Ne22	20479.7	0.139626	99999.9	0	0
neutron	939.565	2.3727	99999.9	0	0
S36	33495	0.090564	99999.9	0	0
neutron	939.565	0.0477845	99999.9	0	0
Ne22	20479.7	0.231123	99999.9	0	0
neutron	939.565	25.4598	99999.9	0	0
neutron	939.565	7.62829	99999.9	0	0
neutron	939.565	3.01734	99999.9	0	0
alpha	3727.38	3.63696	99999.9	0	0
O16	14895.1	2.5756	99999.9	0	0
neutron	939.565	2.18198	99999.9	0	0
Ne22	20479.7	0.276071	99999.9	0	0
neutron	939.565	0.317821	99999.9	0	0
Ne22	20479.7	0.175561	99999.9	0	0
neutron	939.565	4.00917	99999.8	0	0
proton	938.272	3.00729	99999.8	0	0
neutron	939.565	1.34075	99999.8	0	0
deuteron	1875.61	3.28446	99999.8	0	0
O18	16762	0.832426	99999.8	0	0
neutron	939.565	7.37957	99999.9	0	0
neutron	939.565	3.47878	99999.9	0	0
alpha	3727.38	8.32135	99999.9	0	0
O17	15830.5	1.37292	99999.9	0	0
proton	938.272	10.0443	99999.9	0	0
neutron	939.565	3.60183	99999.9	0	0
proton	938.272	2.83445	99999.9	0	0
neutron	939.565	1.77416	99999.9	0	0
neutron	939.565	0.170688	99999.9	0	0
O18	16762	2.11853	99999.9	0	0
neutron	939.565	1.72186	99999.9	0	0
S34	31632.7	0.126836	99999.9	0	0
neutron	939.565	10.629	99999.9	0	0
alpha	3727.38	4.79279	99999.9	0	0
O18	16762	1.54951	99999.9	0	0
neutron	939.565	31.3208	99999.9	0	0
neutron	939.565	2.46886	99999.9	0	0
neutron	939.565	1.57748	99999.9	0	0
Ne20	18617.7	0.856562	99999.9	0	0
S35	32565.3	0.158831	99999.9	0	0
Ne23	21414.1	0.225785	99999.9	0	0
neutron	939.565	1.23978	99999.8	0	0
neutron	939.565	0.438442	99999.8	0	0
Ne21	19550.5	0.386626	99999.8	0	0
neutron	939.565	1.30116	99999.9	0	0
Ne22	20479.7	0.307177	99999.9	0	0
neutron	939.565	0.460288	99999.9	0	0
S34	31632.7	0.173388	99999.9	0	0
Ne23	21414.1	0.231737	99999.9	0	0
S35	32565.3	0.146264	99999.8	0	0
neutron	939.565	20.543	99999.8	0	0
neutron	939.565	4.31567	99999.8	0	0
neutron	939.565	1.76564	99999.8	0	0
S32	29773.6	0.500953	99999.8	0	0
neutron	939.565	0.567096	99999.9	0	0
Ne22	20479.7	0.17716	99999.9	0	0
Ne23	21414.1	0.215868	99999.9	0	0
proton	938.272	9.96869	99999.9	0	0
neutron	939.565	6.49051	99999.9	0	0
P33	30705.3	0.526316	99999.9	0	0
Ne23	21414.1	0.203881	99999.8	0	0
neutron	939.565	3.83782	99999.9	0	0
S34	31632.7	0.135471	99999.9	0	0
S35	32565.3	0.154737	99999.9	0	0
neutron	939.565	1.65127	99999.8	0	0
S34	31632.7	0.25869	99999.8	0	0
neutron	939.565	0.346509	99999.9	0	0
S34	31632.7	0.166392	99999.9	0	0
neutron	939.565	5.19662	99999.9	0	0
neutron	939.565	3.96647	99999.9	0	0
neutron	939.565	0.250975	99999.9	0	0
S32	29773.6	0.158439	99999.9	0	0
S37	34430.2	0.136462	99999.8	0	0
neutron	939.565	3.6736	99999.9	0	0
neutron	939.565	0.917154	99999.9	0	0
S33	30704.6	0.124632	99999.9	0	0
neutron	939.565	0.34966	99999.8	0	0
S34	31632.7	0.112605	99999.8	0	0
neutron	939.565	2.1167	99999.9	0	0
Ne22	20479.7	0.0305053	99999.9	0	0
neutron	939.565	1.67679	99999.9	0	0
S34	31632.7	0.288829	99999.9	0	0
neutron	939.565	12.3949	99999.8	0	0
neutron	939.565	2.88272	99999.8	0	0
S35	32565.3	0.0187883	99999.8	0	0
neutron	939.565	1.30894	99999.9	0	0
S34	31632.7	0.279808	99999.9	0	0
neutron	939.565	10.1689	99999.9	0	0
neutron	939.565	2.46188	99999.9	0	0
Ne21	19550.5	0.495062	99999.9	0	0
neutron	939.565	7.77082	99999.9	0	0
neutron	939.565	4.01906	99999.9	0	0
neutron	939.565	1.04963	99999.9	0	0
Ne20	18617.7	0.777768	99999.9	0	0
neutron	939.565	9.49606	99999.9	0	0
neutron	939.565	4.71331	99999.9	0	0
neutron	939.565	2.0093	99999.9	0	0
alpha	3727.38	4.69372	99999.9	0	0
O16	14895.1	1.47444	99999.9	0	0
S35	32565.3	0.144889	99999.8	0	0
proton	938.272	7.93549	99999.8	0	0
neutron	939.565	2.30451	99999.8	0	0
neutron	939.565	1.95332	99999.8	0	0
neutron	939.565	1.82245	99999.8	0	0
neutron	939.565	0.504632	99999.8	0	0
P32	29775.8	0.195803	99999.8	0	0
neutron	939.565	0.668871	99999.9	0	0
S34	31632.7	0.130898	99999.9	0	0
neutron	939.565	11.955	99999.9	0	0
proton	938.272	8.35876	99999.9	0	0
neutron	939.565	1.38684	99999.9	0	0
neutron	939.565	0.366444	99999.9	0	0
alpha	3727.38	9.69878	99999.9	0	0
N15	13968.9	5.32823	99999.9	0	0
neutron	939.565	8.41591	99999.9	0	0
Ne22	20479.7	0.299676	99999.9	0	0
proton	938.272	6.4567	99999.9	0	0
neutron	939.565	6.33034	99999.9	0	0
proton	938.272	5.39541	99999.9	0	0
Si32	29776.6	0.24737	99999.9	0	0
neutron	939.565	6.11817	99999.8	0	0
neutron	939.565	2.88812	99999.8	0	0
neutron	939.565	2.05577	99999.8	0	0
Ne20	18617.7	0.965315	99999.8	0	0
Ne23	21414.1	0.234397	99999.9	0	0
S35	32565.3	0.15349	99999.8	0	0
neutron	939.565	18.8822	99999.9	0	0
neutron	939.565	6.76503	99999.9	0	0
neutron	939.565	0.748496	99999.9	0	0
Ne20	18617.7	2.02432	99999.9	0	0
neutron	939.565	0.0889461	99999.9	0	0
Ne22	20479.7	0.253333	99999.9	0	0
neutron	939.565	13.2763	99999.8	0	0
neutron	939.565	6.23923	99999.8	0	0
neutron	939.565	3.32112	99999.8	0	0
S34	31632.7	0.0539459	99999.8	0	0
neutron	939.565	0.665652	99999.9	0	0
Ne22	20479.7	0.376292	99999.9	0	0
neutron	939.565	6.79546	99999.9	0	0
neutron	939.565	4.64483	99999.9	0	0
neutron	939.565	3.52367	99999.9	0	0
S34	31632.7	0.194053	99999.9	0	0
S35	32565.3	0.149172	99999.9	0	0
neutron	939.565	0.491336	99999.9	0	0
S34	31632.7	0.239004	99999.9	0	0
neutron	939.565	0.286575	99999.9	0	0
S34	31632.7	0.104474	99999.9	0	0
neutron	939.565	18.7706	99999.9	0	0
neutron	939.565	1.19136	99999.9	0	0
Ne21	19550.5	0.324607	99999.9	0	0
neutron	939.565	26.5358	99999.9	0	0
proton	938.272	3.47645	99999.9	0	0
proton	938.272	3.1139	99999.9	0	0
Si32	29776.6	0.711717	99999.9	0	0
neutron	939.565	9.49422	99999.9	0	0
neutron	939.565	2.4483	99999.9	0	0
neutron	939.565	2.30527	99999.9	0	0
neutron	939.565	1.50002	99999.9	0	0
S33	30704.6	0.626377	99999.9	0	0
proton	938.272	16.9566	99999.9	0	0
neutron	939.565	2.72197	99999.9	0	0
neutron	939.565	2.02117	99999.9	0	0
neutron	939.565	1.75888	99999.9	0	0
P31	28844.2	0.989998	99999.9	0	0
proton	938.272	43.7237	99999.8	0	0
neutron	939.565	1.42827	99999.8	0	0
P33	30705.3	1.14985	99999.8	0	0
neutron	939.565	1.26956	99999.9	0	0
S36	33495	0.269449	99999.9	0	0
neutron	939.565	7.84015	99999.8	0	0
neutron	939.565	1.69039	99999.8	0	0
Ne21	19550.5	0.624463	99999.8	0	0
S35	32565.3	0.14717	99999.9	0	0
neutron	939.565	1.56126	99999.9	0	0
S34	31632.7	0.118169	99999.9	0	0
neutron	939.565	4.67191	99999.8	0	0
neutron	939.565	1.61038	99999.8	0	0
neutron	939.565	0.223315	99999.8	0	0
Ne20	18617.7	0.313926	99999.8	0	0
neutron	939.565	16.0487	99999.9	0	0
Ne22	20479.7	0.722975	99999.9	0	0
neutron	939.565	26.9532	99999.9	0	0
neutron	939.565	1.70178	99999.9	0	0
Ne21	19550.5	1.20845	99999.9	0	0
Ne23	21414.1	0.219095	99999.8	0	0
neutron	939.565	1.65753	99999.9	0	0
Ne22	20479.7	0.0769052	99999.9	0	0
neutron	939.565	0.174672	99999.8	0	0
S34	31632.7	0.106057	99999.8	0	0
neutron	939.565	0.543909	99999.8	0	0
S36	33495	0.1334	99999.8	0	0
S37	34430.2	0.13651	99999.9	0	0
neutron	939.565	4.75181	99999.9	0	0
Ne22	20479.7	0.166808	99999.9	0	0
neutron	939.565	6.5166	99999.8	0	0
neutron	939.565	4.70111	99999.8	0	0
neutron	939.565	3.07854	99999.8	0	0
alpha	3727.38	12.3915	99999.8	0	0
O16	14895.1	2.25599	99999.8	0	0
neutron	939.565	3.52713	99999.9	0	0
Ne22	20479.7	0.350031	99999.9	0	0
neutron	939.565	1.14652	99999.8	0	0
Ne22	20479.7	0.101652	99999.8	0	0
Ne23	21414.1	0.218588	99999.8	0	0
neutron	939.565	1.29163	99999.9	0	0
S34	31632.7	0.156965	99999.9	0	0
neutron	939.565	1.71214	99999.8	0	0
S34	31632.7	0.136415	99999.8	0	0
neutron	939.565	0.0599187	99999.9	0	0
Ne22	20479.7	0.196558	99999.9	0	0
neutron	939.565	1.49836	99999.8	0	0
S36	33495	0.0899202	99999.8	0	0
neutron	939.565	10.3653	99999.9	0	0
neutron	939.565	4.23674	99999.9	0	0
neutron	939.565	3.52107	99999.9	0	0
proton	938.272	3.22817	99999.9	0	0
neutron	939.565	0.211428	99999.9	0	0
P30	27917	1.0233	99999.9	0	0
neutron	939.565	4.1275	99999.8	0	0
Ne22	20479.7	0.174176	99999.8	0	0
neutron	939.565	2.55488	99999.8	0	0
S34	31632.7	0.164492	99999.8	0	0
S35	32565.3	0.144627	99999.9	0	0
neutron	939.565	17.3786	99999.9	0	0
neutron	939.565	7.79043	99999.9	0	0
neutron	939.565	5.18417	99999.9	0	0
alpha	3727.38	10.6071	99999.9	0	0
Si28	26053.2	1.27903	99999.9	0	0
neutron	939.565	9.51286	99999.9	0	0
proton	938.272	4.91394	99999.9	0	0
neutron	939.565	1.78592	99999.9	0	0
neutron	939.565	1.77291	99999.9	0	0
neutron	939.565	0.374741	99999.9	0	0
P32	29775.8	0.203964	99999.9	0	0
neutron	939.565	0.0518758	99999.8	0	0
Ne22	20479.7	0.244943	99999.8	0	0
neutron	939.565	0.936874	99999.9	0	0
S34	31632.7	0.0895706	99999.9	0	0
S35	32565.3	0.15766	99999.9	0	0
neutron	939.565	7.4197	99999.9	0	0
neutron	939.565	3.63131	99999.9	0	0
neutron	939.565	1.92291	99999.9	0	0
S32	29773.6	0.149361	99999.9	0	0
neutron	939.565	3.94215	99999.9	0	0
S34	31632.7	0.396974	99999.9	0	0
neutron	939.565	1.01857	99999.9	0	0
neutron	939.565	0.915599	99999.9	0	0
neutron	939.565	0.495019	99999.9	0	0
S34	31632.7	0.128451	99999.9	0	0
neutron	939.565	4.52631	99999.9	0	0
S34	31632.7	0.182262	99999.9	0	0
neutron	939.565	1.53031	99999.8	0	0
S34	31632.7	0.253193	99999.8	0	0
S35	32565.3	0.141638	99999.9	0	0
neutron	939.565	13.1499	99999.9	0	0
neutron	939.565	1.53547	99999.9	0	0
neutron	939.565	1.10899	99999.9	0	0
Ne20	18617.7	0.86285	99999.9	0	0
Ne23	21414.1	0.220162	99999.9	0	0
neutron	939.565	1.32801	99999.8	0	0
Ne22	20479.7	0.228237	99999.8	0	0
neutron	939.565	2.57278	99999.9	0	0
neutron	939.565	2.0019	99999.9	0	0
S35	32565.3	0.620863	99999.9	0	0
S37	34430.2	0.137134	99999.9	0	0
neutron	939.565	14.4567	99999.8	0	0
proton	938.272	14.3437	99999.8	0	0
neutron	939.565	2.83457	99999.8	0	0
proton	938.272	1.74078	99999.8	0	0
neutron	939.565	0.966197	99999.8	0	0
O18	16762	2.37041	99999.8	0	0
S35	32565.3	0.141431	99999.9	0	0
proton	938.272	6.60293	99999.9	0	0
neutron	939.565	0.628152	99999.9	0	0
neutron	939.565	0.182282	99999.9	0	0
triton	2808.92	2.52718	99999.9	0	0
Si29	26984.3	0.582149	99999.9	0	0
deuteron	1875.61	7.30773	99999.9	0	0
alpha	3727.38	12.0962	99999.9	0	0
Al29	26988.5	0.185478	99999.9	0	0
Ne23	21414.1	0.222515	99999.9	0	0
neutron	939.565	1.12052	99999.9	0	0
S34	31632.7	0.251267	99999.9	0	0
neutron	939.565	0.717563	99999.9	0	0
S36	33495	0.0748511	99999.9	0	0
S35	32565.3	0.148036	99999.9	0	0
neutron	939.565	0.998798	99999.9	0	0
S36	33495	0.26238	99999.9	0	0
neutron	939.565	0.176093	99999.8	0	0
Ne22	20479.7	0.264407	99999.8	0	0
S37	34430.2	0.144	99999.9	0	0
neutron	939.565	4.39702	99999.9	0	0
S34	31632.7	0.241486	99999.9	0	0
neutron	939.565	1.93444	99999.9	0	0
Ne22	20479.7	0.267014	99999.9	0	0
Ne23	21414.1	0.208636	99999.9	0	0
Ne23	21414.1	0.219951	99999.9	0	0
proton	938.272	5.27417	99999.9	0	0
neutron	939.565	4.65812	99999.9	0	0
neutron	939.565	4.15663	99999.9	0	0
neutron	939.565	2.15355	99999.9	0	0
P31	28844.2	0.440086	99999.9	0	0
neutron	939.565	15.3667	99999.8	0	0
proton	938.272	6.5309	99999.8	0	0
proton	938.272	4.40128	99999.8	0	0
neutron	939.565	3.23015	99999.8	0	0
neutron	939.565	2.7108	99999.8	0	0
Si30	27913.2	1.44302	99999.8	0	0
neutron	939.565	3.09262	99999.9	0	0
Ne22	20479.7	0.0948111	99999.9	0	0
proton	938.272	15.9909	99999.9	0	0
neutron	939.565	1.23053	99999.9	0	0
P33	30705.3	0.281155	99999.9	0	0
Ne23	21414.1	0.20979	99999.8	0	0
S35	32565.3	0.161823	99999.8	0	0
neutron	939.565	7.03705	99999.9	0	0
neutron	939.565	6.86672	99999.9	0	0
neutron	939.565	2.78106	99999.9	0	0
S32	29773.6	0.649451	99999.9	0	0
neutron	939.565	3.04383	99999.8	0	0
alpha	3727.38	4.08285	99999.8	0	0
O18	16762	2.00637	99999.8	0	0
neutron	939.565	1.07862	99999.8	0	0
Ne22	20479.7	0.440092	99999.8	0	0
neutron	939.565	0.337889	99999.8	0	0
Ne22	20479.7	0.264028	99999.8	0	0
proton	938.272	9.2466	99999.8	0	0
neutron	939.565	1.50729	99999.8	0	0
P33	30705.3	0.166075	99999.8	0	0
neutron	939.565	20.5223	99999.9	0	0
neutron	939.565	5.83404	99999.9	0	0
neutron	939.565	4.77089	99999.9	0	0
alpha	3727.38	1.68042	99999.9	0	0
O16	14895.1	7.82517	99999.9	0	0
S35	32565.3	0.158961	99999.8	0	0
S37	34430.2	0.137006	99999.9	0	0
neutron	939.565	4.13464	99999.9	0	0
proton	938.272	3.4563	99999.9	0	0
neutron	939.565	0.517732	99999.9	0	0
P32	29775.8	0.0732953	99999.9	0	0
Ne23	21414.1	0.199767	99999.9	0	0
neutron	939.565	0.51627	99999.9	0	0
Ne22	20479.7	0.343737	99999.9	0	0
neutron	939.565	0.751814	99999.9	0	0
Ne22	20479.7	0.318941	99999.9	0	0
neutron	939.565	0.838546	99999.8	0	0
S34	31632.7	0.0940961	99999.8	0	0
S35	32565.3	0.134756	99999.9	0	0
S35	32565.3	0.143015	99999.9	0	0
neutron	939.565	2.43611	99999.8	0	0
S34	31632.7	0.0391886	99999.8	0	0
neutron	939.565	0.606111	99999.9	0	0
Ne22	20479.7	0.228514	99999.9	0	0
neutron	939.565	23.812	99999.8	0	0
neutron	939.565	2.47547	99999.8	0	0
neutron	939.565	1.40631	99999.8	0	0
alpha	3727.38	9.60303	99999.8	0	0
O16	14895.1	2.65271	99999.8	0	0
neutron	939.565	2.24436	99999.9	0	0
Ne22	20479.7	0.0150045	99999.9	0	0
neutron	939.565	1.47765	99999.9	0	0
S36	33495	0.296386	99999.9	0	0
neutron	939.565	7.65557	99999.8	0	0
neutron	939.565	6.93864	99999.8	0	0
neutron	939.565	2.71555	99999.8	0	0
alpha	3727.38	8.79932	99999.8	0	0
alpha	3727.38	4.32398	99999.8	0	0
C12	11174.9	4.2726	99999.8	0	0
Ne23	21414.1	0.204719	99999.9	0	0
neutron	939.565	7.12312	99999.9	0	0
neutron	939.565	6.39911	99999.9	0	0
neutron	939.565	0.679724	99999.9	0	0
Ne20	18617.7	0.579007	99999.9	0	0
Ne23	21414.1	0.209361	99999.9	0	0
neutron	939.565	3.25113	99999.9	0	0
neutron	939.565	2.55946	99999.9	0	0
Ne21	19550.5	0.813464	99999.9	0	0
neutron	939.565	0.316688	99999.9	0	0
S36	33495	0.130476	99999.9	0	0
proton	938.272	5.7928	99999.8	0	0
neutron	939.565	3.77977	99999.8	0	0
neutron	939.565	2.2236	99999.8	0	0
P32	29775.8	0.138716	99999.8	0	0
neutron	939.565	0.961843	99999.9	0	0
S34	31632.7	0.248191	99999.9	0	0
neutron	939.565	14.6292	99999.9	0	0
neutron	939.565	2.26372	99999.9	0	0
S33	30704.6	0.475558	99999.9	0	0
neutron	939.565	14.6061	99999.8	0	0
proton	938.272	2.75926	99999.8	0	0
neutron	939.565	2.63441	99999.8	0	0
neutron	939.565	1.09189	99999.8	0	0
P31	28844.2	0.949522	99999.8	0	0
Ne23	21414.1	0.232476	99999.9	0	0
neutron	939.565	3.13751	99999.9	0	0
neutron	939.565	0.610391	99999.9	0	0
neutron	939.565	0.524288	99999.9	0	0
Ne20	18617.7	0.279724	99999.9	0	0
Ne23	21414.1	0.221975	99999.8	0	0
neutron	939.565	2.69942	99999.8	0	0
S34	31632.7	0.139845	99999.8	0	0
Ne23	21414.1	0.221947	99999.9	0	0
neutron	939.565	0.895502	99999.9	0	0
Ne22	20479.7	0.0721879	99999.9	0	0
neutron	939.565	1.14284	99999.9	0	0
S34	31632.7	0.213958	99999.9	0	0
proton	938.272	24.624	99999.8	0	0
proton	938.272	4.32216	99999.8	0	0
neutron	939.565	2.80248	99999.8	0	0
neutron	939.565	2.07041	99999.8	0	0
O19	17697.6	4.47891	99999.8	0	0
neutron	939.565	33.6985	99999.8	0	0
proton	938.272	9.09262	99999.8	0	0
neutron	939.565	0.246878	99999.8	0	0
P32	29775.8	0.579478	99999.8	0	0
neutron	939.565	13.4305	99999.9	0	0
neutron	939.565	2.53013	99999.9	0	0
neutron	939.565	1.52094	99999.9	0	0
S32	29773.6	0.650037	99999.9	0	0
Ne23	21414.1	0.217014	99999.9	0	0
neutron	939.565	6.77519	99999.9	0	0
neutron	939.565	0.308558	99999.9	0	0
alpha	3727.38	18.6009	99999.9	0	0
Si29	26984.3	1.92708	99999.9	0	0
S37	34430.2	0.131652	99999.8	0	0
Ne23	21414.1	0.22561	99999.9	0	0
neutron	939.565	1.24699	99999.9	0	0
S34	31632.7	0.198121	99999.9	0	0
neutron	939.565	0.60923	99999.8	0	0
S34	31632.7	0.17821	99999.8	0	0
neutron	939.565	2.6027	99999.9	0	0
S34	31632.7	0.0327989	99999.9	0	0
neutron	939.565	0.243261	99999.9	0	0
S34	31632.7	0.186018	99999.9	0	0
neutron	939.565	11.2864	99999.9	0	0
neutron	939.565	8.9821	99999.9	0	0
neutron	939.565	0.835719	99999.9	0	0
S32	29773.6	0.730907	99999.9	0	0
S35	32565.3	0.158655	99999.9	0	0
neutron	939.565	5.83204	99999.9	0	0
neutron	939.565	0.784953	99999.9	0	0
Ne21	19550.5	0.956326	99999.9	0	0
neutron	939.565	0.0613577	99999.9	0	0
S34	31632.7	0.149166	99999.9	0	0
neutron	939.565	28.418	99999.8	0	0
neutron	939.565	7.72277	99999.8	0	0
neutron	939.565	0.844986	99999.8	0	0
neutron	939.565	0.0925665	99999.8	0	0
S33	30704.6	0.24854	99999.8	0	0
S37	34430.2	0.127021	99999.9	0	0
neutron	939.565	9.9086	99999.8	0	0
neutron	939.565	4.89664	99999.8	0	0
proton	938.272	3.95953	99999.8	0	0
neutron	939.565	2.15673	99999.8	0	0
F19	17692.3	1.63856	99999.8	0	0
neutron	939.565	0.207221	99999.9	0	0
S34	31632.7	0.163666	99999.9	0	0
proton	938.272	10.8248	99999.8	0	0
neutron	939.565	6.15412	99999.8	0	0
neutron	939.565	3.46773	99999.8	0	0
neutron	939.565	1.669	99999.8	0	0
F19	17692.3	0.628495	99999.8	0	0
neutron	939.565	0.0759515	99999.9	0	0
Ne22	20479.7	0.268445	99999.9	0	0
S35	32565.3	0.155966	99999.9	0	0
S35	32565.3	0.160275	99999.8	0	0
neutron	939.565	30.1526	99999.9	0	0
neutron	939.565	3.23481	99999.9	0	0
neutron	939.565	2.02765	99999.9	0	0
alpha	3727.38	2.46855	99999.9	0	0
O16	14895.1	4.34949	99999.9	0	0
proton	938.272	19.533	99999.8	0	0
neutron	939.565	9.96658	99999.8	0	0
neutron	939.565	2.13805	99999.8	0	0
neutron	939.565	1.25682	99999.8	0	0
P31	28844.2	0.361949	99999.8	0	0
neutron	939.565	0.275797	99999.9	0	0
Ne22	20479.7	0.12942	99999.9	0	0
Ne23	21414.1	0.225134	99999.9	0	0
Ne23	21414.1	0.217187	99999.9	0	0
neutron	939.565	9.91178	99999.9	0	0
neutron	939.565	2.7333	99999.9	0	0
neutron	939.565	1.65379	99999.9	0	0
alpha	3727.38	9.03191	99999.9	0	0
Si28	26053.2	2.60859	99999.9	0	0
S35	32565.3	0.163663	99999.9	0	0
neutron	939.565	0.249341	99999.8	0	0
Ne22	20479.7	0.182154	99999.8	0	0
Ne23	21414.1	0.219475	99999.9	0	0
neutron	939.565	3.98379	99999.9	0	0
neutron	939.565	3.36569	99999.9	0	0
neutron	939.565	2.2561	99999.9	0	0
S32	29773.6	0.0375825	99999.9	0	0
S35	32565.3	0.146476	99999.9	0	0
neutron	939.565	1.56807	99999.8	0	0
S34	31632.7	0.270742	99999.8	0	0
neutron	939.565	6.16559	99999.8	0	0
neutron	939.565	2.54477	99999.8	0	0
S33	30704.6	0.183706	99999.8	0	0
neutron	939.565	0.632193	99999.8	0	0
S34	31632.7	0.116637	99999.8	0	0
neutron	939.565	7.35794	99999.9	0	0
neutron	939.565	0.284699	99999.9	0	0
Ne21	19550.5	0.354749	99999.9	0	0
proton	938.272	9.03153	99999.9	0	0
neutron	939.565	0.377717	99999.9	0	0
F21	19556.7	0.293113	99999.9	0	0
Ne23	21414.1	0.229461	99999.9	0	0
Ne23	21414.1	0.218514	99999.9	0	0
neutron	939.565	0.329657	99999.9	0	0
S34	31632.7	0.194419	99999.9	0	0
neutron	939.565	0.273139	99999.9	0	0
S34	31632.7	0.173159	99999.9	0	0
neutron	939.565	19.326	99999.9	0	0
proton	938.272	8.31208	99999.9	0	0
F21	19556.7	0.612715	99999.9	0	0
S37	34430.2	0.123011	99999.8	0	0
neutron	939.565	0.386266	99999.9	0	0
Ne22	20479.7	0.262223	99999.9	0	0
neutron	939.565	3.52352	99999.9	0	0
S34	31632.7	0.259998	99999.9	0	0
Ne23	21414.1	0.208383	99999.8	0	0
S35	32565.3	0.160457	99999.9	0	0
neutron	939.565	0.723777	99999.8	0	0
S36	33495	0.235482	99999.8	0	0
neutron	939.565	1.3153	99999.8	0	0
neutron	939.565	0.908959	99999.8	0	0
S33	30704.6	0.0392642	99999.8	0	0
neutron	939.565	3.15787	99999.8	0	0
neutron	939.565	0.196656	99999.8	0	0
Ne21	19550.5	0.0105155	99999.8	0	0
neutron	939.565	32.4588	99999.9	0	0
proton	938.272	3.72141	99999.9	0	0
neutron	939.565	2.30883	99999.9	0	0
neutron	939.565	1.21074	99999.9	0	0
P31	28844.2	1.347	99999.9	0	0
Ne23	21414.1	0.226156	99999.8	0	0
proton	938.272	8.14451	99999.9	0	0
neutron	939.565	7.52088	99999.9	0	0
neutron	939.565	1.56156	99999.9	0	0
F20	18625.3	1.06378	99999.9	0	0
proton	938.272	12.7966	99999.8	0	0
neutron	939.565	11.9544	99999.8	0	0
neutron	939.565	1.13903	99999.8	0	0
F20	18625.3	0.675693	99999.8	0	0
neutron	939.565	0.680035	99999.9	0	0
Ne22	20479.7	0.359197	99999.9	0	0
neutron	939.565	2.33294	99999.8	0	0
S34	31632.7	0.233331	99999.8	0	0
neutron	939.565	2.62443	99999.8	0	0
neutron	939.565	2.36322	99999.8	0	0
alpha	3727.38	10.3451	99999.8	0	0
O17	15830.5	1.53692	99999.8	0	0
Ne23	21414.1	0.227765	99999.9	0	0
neutron	939.565	5.2096	99999.9	0	0
neutron	939.565	2.00891	99999.9	0	0
neutron	939.565	1.12001	99999.9	0	0
Ne20	18617.7	0.508159	99999.9	0	0
Ne23	21414.1	0.228295	99999.9	0	0
neutron	939.565	0.328224	99999.9	0	0
Ne22	20479.7	0.28478	99999.9	0	0
neutron	939.565	4.8747	99999.9	0	0
neutron	939.565	0.654986	99999.9	0	0
Ne21	19550.5	0.0265437	99999.9	0	0
Ne23	21414.1	0.20658	99999.9	0	0
S37	34430.2	0.132753	99999.9	0	0
neutron	939.565	0.901246	99999.9	0	0
S34	31632.7	0.2567	99999.9	0	0
S35	32565.3	0.151458	99999.9	0	0
Ne23	21414.1	0.222225	99999.8	0	0
neutron	939.565	1.70235	99999.8	0	0
S34	31632.7	0.141377	99999.8	0	0
Ne23	21414.1	0.225833	99999.8	0	0
neutron	939.565	10.4935	99999.8	0	0
neutron	939.565	3.76449	99999.8	0	0
S33	30704.6	0.571559	99999.8	0	0
neutron	939.565	0.0683416	99999.9	0	0
Ne22	20479.7	0.265222	99999.9	0	0
neutron	939.565	0.413175	99999.8	0	0
Ne22	20479.7	0.157711	99999.8	0	0
proton	938.272	8.19121	99999.9	0	0
neutron	939.565	6.88487	99999.9	0	0
neutron	939.565	5.21001	99999.9	0	0
neutron	939.565	0.989793	99999.9	0	0
alpha	3727.38	4.64874	99999.9	0	0
N15	13968.9	0.311562	99999.9	0	0
neutron	939.565	1.66666	99999.9	0	0
S34	31632.7	0.260606	99999.9	0	0
neutron	939.565	8.83005	99999.8	0	0
neutron	939.565	8.02487	99999.8	0	0
neutron	939.565	1.87129	99999.8	0	0
Ne20	18617.7	1.64637	99999.8	0	0
Ne23	21414.1	0.230228	99999.9	0	0
Ne23	21414.1	0.231689	99999.8	0	0
neutron	939.565	0.672885	99999.9	0	0
S34	31632.7	0.274156	99999.9	0	0
Ne23	21414.1	0.208673	99999.9	0	0
neutron	939.565	0.0636155	99999.8	0	0
S34	31632.7	0.168079	99999.8	0	0
neutron	939.565	7.64462	99999.9	0	0
neutron	939.565	1.32956	99999.9	0	0
neutron	939.565	1.01758	99999.9	0	0
alpha	3727.38	8.08395	99999.9	0	0
Si30	27913.2	0.724189	99999.9	0	0
neutron	939.565	13.7083	99999.9	0	0
proton	938.272	6.44432	99999.9	0	0
neutron	939.565	0.282074	99999.9	0	0
F20	18625.3	0.646702	99999.9	0	0
neutron	939.565	9.50711	99999.9	0	0
neutron	939.565	3.59509	99999.9	0	0
Ne21	19550.5	0.700194	99999.9	0	0
neutron	939.565	5.98652	99999.9	0	0
neutron	939.565	4.83984	99999.9	0	0
proton	938.272	4.12048	99999.9	0	0
neutron	939.565	3.23959	99999.9	0	0
F19	17692.3	0.189709	99999.9	0	0
S37	34430.2	0.138968	99999.9	0	0
Ne23	21414.1	0.200231	99999.9	0	0
neutron	939.565	2.29484	99999.9	0	0
S34	31632.7	0.0862277	99999.9	0	0
neutron	939.565	1.95927	99999.8	0	0
S34	31632.7	0.319335	99999.8	0	0
Ne23	21414.1	0.210721	99999.8	0	0
neutron	939.565	1.16544	99999.9	0	0
S36	33495	0.0871213	99999.9	0	0
Ne23	21414.1	0.223196	99999.9	0	0
S35	32565.3	0.159803	99999.8	0	0
neutron	939.565	1.17565	99999.8	0	0
S34	31632.7	0.140742	99999.8	0	0
neutron	939.565	5.88399	99999.9	0	0
S34	31632.7	0.0781287	99999.9	0	0
proton	938.272	17.2633	99999.8	0	0
neutron	939.565	11.3461	99999.8	0	0
neutron	939.565	1.41583	99999.8	0	0
P32	29775.8	0.867211	99999.8	0	0
neutron	939.565	20.4393	99999.9	0	0
neutron	939.565	20.0735	99999.9	0	0
neutron	939.565	1.5425	99999.9	0	0
S34	31632.7	0.0542786	99999.9	0	0
Ne23	21414.1	0.228763	99999.8	0	0
neutron	939.565	9.71246	99999.9	0	0
neutron	939.565	2.71151	99999.9	0	0
neutron	939.565	1.67864	99999.9	0	0
neutron	939.565	1.23293	99999.9	0	0
S33	30704.6	0.840359	99999.9	0	0
neutron	939.565	1.42402	99999.9	0	0
S34	31632.7	0.117994	99999.9	0	0
neutron	939.565	0.96097	99999.9	0	0
S34	31632.7	0.213997	99999.9	0	0
Ne23	21414.1	0.212858	99999.9	0	0
neutron	939.565	12.4033	99999.9	0	0
proton	938.272	3.74355	99999.9	0	0
neutron	939.565	3.04375	99999.9	0	0
neutron	939.565	1.97145	99999.9	0	0
P31	28844.2	0.664152	99999.9	0	0
neutron	939.565	0.681288	99999.8	0	0
Ne22	20479.7	0.291443	99999.8	0	0
neutron	939.565	22.1785	99999.8	0	0
neutron	939.565	5.51385	99999.8	0	0
neutron	939.565	2.13271	99999.8	0	0
S32	29773.6	1.0742	99999.8	0	0
Ne23	21414.1	0.215952	99999.9	0	0
neutron	939.565	39.1966	99999.9	0	0
neutron	939.565	14.4122	99999.9	0	0
neutron	939.565	3.23134	99999.9	0	0
Ne20	18617.7	1.53322	99999.9	0	0
neutron	939.565	0.228015	99999.9	0	0
S34	31632.7	0.106292	99999.9	0	0
S35	32565.3	0.158438	99999.9	0	0
neutron	939.565	0.378847	99999.8	0	0
S36	33495	0.155318	99999.8	0	0
S35	32565.3	0.147291	99999.8	0	0
Ne23	21414.1	0.20953	99999.8	0	0
neutron	939.565	0.0129055	99999.9	0	0
S34	31632.7	0.154049	99999.9	0	0
neutron	939.565	5.10357	99999.8	0	0
neutron	939.565	3.22021	99999.8	0	0
neutron	939.565	2.14163	99999.8	0	0
neutron	939.565	1.39534	99999.8	0	0
S33	30704.6	0.216074	99999.8	0	0
Ne23	21414.1	0.205045	99999.9	0	0
neutron	939.565	2.35764	99999.8	0	0
neutron	939.565	2.3203	99999.8	0	0
alpha	3727.38	11.9889	99999.8	0	0
Si29	26984.3	1.79111	99999.8	0	0
neutron	939.565	0.928027	99999.9	0	0
Ne22	20479.7	0.222068	99999.9	0	0
Ne23	21414.1	0.204891	99999.9	0	0
S35	32565.3	0.142842	99999.9	0	0
neutron	939.565	2.68033	99999.9	0	0
neutron	939.565	1.03316	99999.9	0	0
Ne21	19550.5	0.0911427	99999.9	0	0
neutron	939.565	0.643127	99999.8	0	0
S36	33495	0.109889	99999.8	0	0
neutron	939.565	8.19024	99999.9	0	0
neutron	939.565	1.86075	99999.9	0	0
S33	30704.6	0.434334	99999.9	0	0
Ne23	21414.1	0.202176	99999.9	0	0
Ne23	21414.1	0.215437	99999.8	0	0
neutron	939.565	7.24945	99999.9	0	0
neutron	939.565	7.13663	99999.9	0	0
neutron	939.565	5.65421	99999.9	0	0
Ne20	18617.7	2.45218	99999.9	0	0
S35	32565.3	0.142005	99999.9	0	0
neutron	939.565	0.444415	99999.9	0	0
Ne22	20479.7	0.343372	99999.9	0	0
neutron	939.565	4.41501	99999.9	0	0
neutron	939.565	3.86989	99999.9	0	0
neutron	939.565	2.39496	99999.9	0	0
Ne20	18617.7	0.250189	99999.9	0	0
proton	938.272	6.1238	99999.8	0	0
neutron	939.565	3.67872	99999.8	0	0
P33	30705.3	0.347985	99999.8	0	0
neutron	939.565	26.8914	99999.9	0	0
neutron	939.565	2.59113	99999.9	0	0
alpha	3727.38	7.04456	99999.9	0	0
O17	15830.5	4.23258	99999.9	0	0
neutron	939.565	0.129871	99999.8	0	0
S34	31632.7	0.12535	99999.8	0	0
neutron	939.565	19.4734	99999.9	0	0
neutron	939.565	14.255	99999.9	0	0
neutron	939.565	1.97466	99999.9	0	0
Ne20	18617.7	2.12673	99999.9	0	0
neutron	939.565	30.9222	99999.9	0	0
neutron	939.565	10.7242	99999.9	0	0
neutron	939.565	1.25149	99999.9	0	0
S32	29773.6	0.245591	99999.9	0	0
neutron	939.565	4.58591	99999.9	0	0
neutron	939.565	2.04656	99999.9	0	0
Ne21	19550.5	0.314783	99999.9	0	0
neutron	939.565	2.63685	99999.9	0	0
Ne22	20479.7	0.372204	99999.9	0	0
proton	938.272	7.63687	99999.8	0	0
proton	938.272	2.44536	99999.8	0	0
neutron	939.565	1.72354	99999.8	0	0
neutron	939.565	1.16356	99999.8	0	0
O19	17697.6	0.91094	99999.8	0	0
Ne23	21414.1	0.22576	99999.9	0	0
Ne23	21414.1	0.222729	99999.8	0	0
Ne23	21414.1	0.233649	99999.8	0	0
neutron	939.565	8.74776	99999.9	0	0
neutron	939.565	7.46139	99999.9	0	0
neutron	939.565	6.59755	99999.9	0	0
Ne20	18617.7	1.84638	99999.9	0	0
Ne23	21414.1	0.228107	99999.9	0	0
neutron	939.565	9.22547	99999.9	0	0
neutron	939.565	6.4336	99999.9	0	0
neutron	939.565	2.15267	99999.9	0	0
neutron	939.565	2.105	99999.9	0	0
proton	938.272	1.61792	99999.9	0	0
deuteron	1875.61	1.83459	99999.9	0	0
O16	14895.1	1.6373	99999.9	0	0
Ne23	21414.1	0.22793	99999.9	0	0
neutron	939.565	3.71778	99999.9	0	0
Ne22	20479.7	0.426815	99999.9	0	0
neutron	939.565	2.48824	99999.9	0	0
Ne22	20479.7	0.100833	99999.9	0	0
Ne23	21414.1	0.230121	99999.9	0	0
neutron	939.565	5.42603	99999.9	0	0
neutron	939.565	3.73144	99999.9	0	0
neutron	939.565	1.55754	99999.9	0	0
neutron	939.565	0.712635	99999.9	0	0
S33	30704.6	0.175086	99999.9	0	0
neutron	939.565	1.29771	99999.9	0	0
S34	31632.7	0.164481	99999.9	0	0
neutron	939.565	2.21686	99999.9	0	0
S34	31632.7	0.199817	99999.9	0	0
Ne23	21414.1	0.203146	99999.8	0	0
neutron	939.565	30.3597	99999.9	0	0
neutron	939.565	0.212632	99999.9	0	0
S35	32565.3	1.01735	99999.9	0	0
Ne23	21414.1	0.230805	99999.9	0	0
Ne23	21414.1	0.225184	99999.9	0	0
S37	34430.2	0.139859	99999.8	0	0
neutron	939.565	0.398765	99999.9	0	0
Ne22	20479.7	0.155187	99999.9	0	0
neutron	939.565	1.19995	99999.9	0	0
S34	31632.7	0.292852	99999.9	0	0
proton	938.272	11.955	99999.9	0	0
neutron	939.565	1.84453	99999.9	0	0
neutron	939.565	0.777373	99999.9	0	0
neutron	939.565	0.294941	99999.9	0	0
triton	2808.92	4.46572	99999.9	0	0
O16	14895.1	0.736639	99999.9	0	0
neutron	939.565	24.6927	99999.9	0	0
neutron	939.565	14.6554	99999.9	0	0
neutron	939.565	1.62773	99999.9	0	0
Ne20	18617.7	0.778976	99999.9	0	0
neutron	939.565	1.68822	99999.8	0	0
S34	31632.7	0.24398	99999.8	0	0
neutron	939.565	0.576715	99999.9	0	0
S34	31632.7	0.171255	99999.9	0	0
S37	34430.2	0.141186	99999.9	0	0
neutron	939.565	0.453953	99999.9	0	0
Ne22	20479.7	0.290308	99999.9	0	0
neutron	939.565	11.7151	99999.8	0	0
neutron	939.565	2.47829	99999.8	0	0
neutron	939.565	2.0021	99999.8	0	0
S32	29773.6	0.856065	99999.8	0	0
neutron	939.565	0.0935642	99999.9	0	0
Ne22	20479.7	0.217089	99999.9	0	0
neutron	939.565	0.213936	99999.9	0	0
Ne22	20479.7	0.282351	99999.9	0	0
Ne23	21414.1	0.215477	99999.9	0	0
S35	32565.3	0.162365	99999.9	0	0
neutron	939.565	1.73993	99999.8	0	0
neutron	939.565	0.0832748	99999.8	0	0
S33	30704.6	0.0333786	99999.8	0	0
neutron	939.565	9.11182	99999.9	0	0
neutron	939.565	4.24058	99999.9	0	0
neutron	939.565	0.816521	99999.9	0	0
S34	31632.7	0.659717	99999.9	0	0
neutron	939.565	10.072	99999.9	0	0
neutron	939.565	6.49824	99999.9	0	0
neutron	939.565	4.40412	99999.9	0	0
proton	938.272	3.78964	99999.9	0	0
proton	938.272	2.65813	99999.9	0	0
Si30	27913.2	0.985543	99999.9	0	0
Ne23	21414.1	0.230578	99999.9	0	0
Ne23	21414.1	0.204813	99999.8	0	0
neutron	939.565	1.26474	99999.9	0	0
S34	31632.7	0.188582	99999.9	0	0
neutron	939.565	29.0316	99999.8	0	0
neutron	939.565	8.57682	99999.8	0	0
proton	938.272	3.06185	99999.8	0	0
neutron	939.565	2.33433	99999.8	0	0
P31	28844.2	0.315039	99999.8	0	0
neutron	939.565	0.113702	99999.8	0	0
Ne22	20479.7	0.18614	99999.8	0	0
neutron	939.565	9.56393	99999.8	0	0
Ne22	20479.7	0.352932	99999.8	0	0
neutron	939.565	1.64831	99999.8	0	0
Ne22	20479.7	0.233009	99999.8	0	0
Ne23	21414.1	0.206958	99999.9	0	0
neutron	939.565	6.56118	99999.8	0	0
proton	938.272	4.64263	99999.8	0	0
neutron	939.565	2.40828	99999.8	0	0
neutron	939.565	1.23641	99999.8	0	0
P31	28844.2	0.692962	99999.8	0	0
neutron	939.565	3.01728	99999.9	0	0
S34	31632.7	0.128387	99999.9	0	0
Ne23	21414.1	0.223918	99999.9	0	0
neutron	939.565	3.6557	99999.9	0	0
S34	31632.7	0.453872	99999.9	0	0
neutron	939.565	8.2656	99999.9	0	0
neutron	939.565	6.86177	99999.9	0	0
neutron	939.565	1.84709	99999.9	0	0
neutron	939.565	1.48216	99999.9	0	0
S33	30704.6	0.432558	99999.9	0	0
neutron	939.565	19.2292	99999.9	0	0
proton	938.272	12.6928	99999.9	0	0
P33	30705.3	0.378925	99999.9	0	0
neutron	939.565	1.05399	99999.8	0	0
Ne22	20479.7	0.0976075	99999.8	0	0
neutron	939.565	13.3121	99999.9	0	0
neutron	939.565	12.089	99999.9	0	0
neutron	939.565	5.5464	99999.9	0	0
alpha	3727.38	9.87112	99999.9	0	0
O16	14895.1	0.891059	99999.9	0	0
neutron	939.565	0.42232	99999.9	0	0
S34	31632.7	0.24235	99999.9	0	0
neutron	939.565	17.5011	99999.9	0	0
proton	938.272	2.53549	99999.9	0	0
neutron	939.565	1.47877	99999.9	0	0
F20	18625.3	1.68878	99999.9	0	0
neutron	939.565	3.13105	99999.9	0	0
neutron	939.565	0.881441	99999.9	0	0
S35	32565.3	0.0928348	99999.9	0	0
proton	938.272	44.791	99999.9	0	0
neutron	939.565	5.47499	99999.9	0	0
neutron	939.565	0.911508	99999.9	0	0
F20	18625.3	3.88091	99999.9	0	0
S35	32565.3	0.162822	99999.9	0	0
neutron	939.565	2.62715	99999.8	0	0
S34	31632.7	0.0240797	99999.8	0	0
neutron	939.565	29.0288	99999.9	0	0
neutron	939.565	8.89107	99999.9	0	0
neutron	939.565	2.26619	99999.9	0	0
Ne20	18617.7	2.35198	99999.9	0	0
neutron	939.565	0.712517	99999.9	0	0
S34	31632.7	0.164366	99999.9	0	0
Ne23	21414.1	0.22462	99999.9	0	0
Ne23	21414.1	0.234593	99999.9	0	0
neutron	939.565	3.39588	99999.9	0	0
Ne22	20479.7	0.112817	99999.9	0	0
Ne23	21414.1	0.226799	99999.9	0	0
neutron	939.565	0.0786223	99999.9	0	0
Ne22	20479.7	0.199262	99999.9	0	0
neutron	939.565	2.72399	99999.9	0	0
Ne22	20479.7	0.209034	99999.9	0	0
neutron	939.565	3.96868	99999.9	0	0
neutron	939.565	3.62434	99999.9	0	0
neutron	939.565	1.76855	99999.9	0	0
S34	31632.7	0.541352	99999.9	0	0
neutron	939.565	3.71431	99999.9	0	0
Ne22	20479.7	0.240417	99999.9	0	0
S37	34430.2	0.143486	99999.9	0	0
neutron	939.565	21.4608	99999.9	0	0
neutron	939.565	3.82526	99999.9	0	0
neutron	939.565	2.43491	99999.9	0	0
alpha	3727.38	3.37381	99999.9	0	0
O16	14895.1	4.36801	99999.9	0	0
neutron	939.565	27.3091	99999.8	0	0
neutron	939.565	9.40989	99999.8	0	0
neutron	939.565	2.23397	99999.8	0	0
alpha	3727.38	8.34966	99999.8	0	0
alpha	3727.38	0.861676	99999.8	0	0
C12	11174.9	8.96217	99999.8	0	0
neutron	939.565	48.4192	99999.9	0	0
proton	938.272	3.77233	99999.9	0	0
neutron	939.565	2.68542	99999.9	0	0
neutron	939.565	1.47202	99999.9	0	0
P31	28844.2	1.36464	99999.9	0	0
neutron	939.565	0.920875	99999.8	0	0
S34	31632.7	0.276772	99999.8	0	0
neutron	939.565	1.01034	99999.9	0	0
Ne22	20479.7	0.306185	99999.9	0	0
neutron	939.565	5.48618	99999.8	0	0
neutron	939.565	1.00098	99999.8	0	0
S35	32565.3	0.533851	99999.8	0	0
neutron	939.565	3.25868	99999.8	0	0
neutron	939.565	3.2255	99999.8	0	0
neutron	939.565	2.49129	99999.8	0	0
alpha	3727.38	8.91072	99999.8	0	0
O16	14895.1	3.44571	99999.8	0	0
neutron	939.565	0.593717	99999.9	0	0
S34	31632.7	0.0611262	99999.9	0	0
proton	938.272	13.4545	99999.9	0	0
neutron	939.565	4.91688	99999.9	0	0
neutron	939.565	2.00774	99999.9	0	0
neutron	939.565	0.584995	99999.9	0	0
F19	17692.3	0.966387	99999.9	0	0
neutron	939.565	1.1794	99999.8	0	0
Ne22	20479.7	0.108722	99999.8	0	0
Ne23	21414.1	0.231277	99999.9	0	0
S35	32565.3	0.167524	99999.9	0	0
proton	938.272	13.4322	99999.9	0	0
neutron	939.565	3.25691	99999.9	0	0
P33	30705.3	0.540296	99999.9	0	0
S35	32565.3	0.150366	99999.9	0	0
Ne23	21414.1	0.213614	99999.9	0	0
S35	32565.3	0.134408	99999.9	0	0
neutron	939.565	1.61855	99999.8	0	0
S34	31632.7	0.203566	99999.8	0	0
neutron	939.565	1.25194	99999.9	0	0
Ne22	20479.7	0.159178	99999.9	0	0
S35	32565.3	0.152783	99999.9	0	0
neutron	939.565	24.1085	99999.8	0	0
proton	938.272	8.85585	99999.8	0	0
P35	32569.8	1.11036	99999.8	0	0
Ne23	21414.1	0.231717	99999.9	0	0
Ne23	21414.1	0.231206	99999.9	0	0
neutron	939.565	1.37682	99999.9	0	0
S34	31632.7	0.262147	99999.9	0	0
Ne23	21414.1	0.211437	99999.9	0	0
neutron	939.565	37.3434	99999.9	0	0
neutron	939.565	15.7108	99999.9	0	0
neutron	939.565	1.70569	99999.9	0	0
Ne20	18617.7	0.718129	99999.9	0	0
neutron	939.565	1.63192	99999.8	0	0
Ne22	20479.7	0.223562	99999.8	0	0
Ne23	21414.1	0.219035	99999.8	0	0
proton	938.272	4.71015	99999.8	0	0
neutron	939.565	3.97272	99999.8	0	0
neutron	939.565	3.03098	99999.8	0	0
neutron	939.565	2.1423	99999.8	0	0
F19	17692.3	1.06284	99999.8	0	0
neutron	939.565	7.58224	99999.8	0	0
neutron	939.565	3.97626	99999.8	0	0
neutron	939.565	1.85241	99999.8	0	0
S32	29773.6	0.259345	99999.8	0	0
neutron	939.565	11.8602	99999.9	0	0
neutron	939.565	3.5898	99999.9	0	0
neutron	939.565	3.22305	99999.9	0	0
alpha	3727.38	5.64266	99999.9	0	0
O16	14895.1	3.2131	99999.9	0	0
Ne23	21414.1	0.219896	99999.8	0	0
neutron	939.565	7.60686	99999.9	0	0
proton	938.272	5.20369	99999.9	0	0
neutron	939.565	3.13536	99999.9	0	0
neutron	939.565	2.78323	99999.9	0	0
F19	17692.3	1.55281	99999.9	0	0
neutron	939.565	0.189039	99999.8	0	0
S34	31632.7	0.131084	99999.8	0	0
neutron	939.565	0.152967	99999.8	0	0
Ne22	20479.7	0.155638	99999.8	0	0
neutron	939.565	0.80639	99999.9	0	0
S34	31632.7	0.214498	99999.9	0	0
neutron	939.565	0.286668	99999.8	0	0
S36	33495	0.128441	99999.8	0	0
neutron	939.565	0.560204	99999.9	0	0
Ne22	20479.7	0.168063	99999.9	0	0
Ne23	21414.1	0.232368	99999.9	0	0
Ne23	21414.1	0.224232	99999.8	0	0
neutron	939.565	1.52692	99999.8	0	0
S34	31632.7	0.102122	99999.8	0	0
S35	32565.3	0.155199	99999.8	0	0
neutron	939.565	17.3558	99999.9	0	0
proton	938.272	8.19962	99999.9	0	0
neutron	939.565	1.48525	99999.9	0	0
F20	18625.3	1.28087	99999.9	0	0
neutron	939.565	0.358859	99999.8	0	0
S34	31632.7	0.161398	99999.8	0	0
neutron	939.565	5.38927	99999.9	0	0
neutron	939.565	3.16623	99999.9	0	0
neutron	939.565	2.78257	99999.9	0	0
S32	29773.6	0.0898262	99999.9	0	0
Ne23	21414.1	0.206814	99999.9	0	0
neutron	939.565	0.773309	99999.8	0	0
Ne22	20479.7	0.292419	99999.8	0	0
Ne23	21414.1	0.225483	99999.9	0	0
Ne23	21414.1	0.218342	99999.9	0	0
proton	938.272	4.36643	99999.8	0	0
neutron	939.565	2.99493	99999.8	0	0
neutron	939.565	1.9086	99999.8	0	0
P32	29775.8	0.117128	99999.8	0	0
neutron	939.565	6.53867	99999.8	0	0
neutron	939.565	3.65373	99999.8	0	0
neutron	939.565	2.11042	99999.8	0	0
alpha	3727.38	6.27522	99999.8	0	0
O16	14895.1	0.325378	99999.8	0	0
neutron	939.565	14.6267	99999.8	0	0
neutron	939.565	6.83057	99999.8	0	0
neutron	939.565	1.59303	99999.8	0	0
S34	31632.7	0.891824	99999.8	0	0
Ne23	21414.1	0.235916	99999.9	0	0
neutron	939.565	9.60267	99999.8	0	0
neutron	939.565	2.96322	99999.8	0	0
neutron	939.565	0.514555	99999.8	0	0
Ne20	18617.7	1.74937	99999.8	0	0
neutron	939.565	18.5546	99999.9	0	0
proton	938.272	8.20594	99999.9	0	0
neutron	939.565	2.67194	99999.9	0	0
neutron	939.565	0.130915	99999.9	0	0
P31	28844.2	0.257461	99999.9	0	0
neutron	939.565	0.934505	99999.9	0	0
S34	31632.7	0.146139	99999.9	0	0
neutron	939.565	0.106194	99999.8	0	0
S34	31632.7	0.182033	99999.8	0	0
Ne23	21414.1	0.234801	99999.9	0	0
neutron	939.565	0.270707	99999.9	0	0
Ne22	20479.7	0.258643	99999.9	0	0
neutron	939.565	1.42713	99999.8	0	0
neutron	939.565	0.960433	99999.8	0	0
alpha	3727.38	6.91453	99999.8	0	0
Si31	28846.2	0.974987	99999.8	0	0
S37	34430.2	0.140938	99999.8	0	0
S37	34430.2	0.13726	99999.9	0	0
S35	32565.3	0.146994	99999.9	0	0
Ne23	21414.1	0.222007	99999.9	0	0
neutron	939.565	43.593	99999.8	0	0
Ne22	20479.7	2.30468	99999.8	0	0
neutron	939.565	1.17907	99999.9	0	0
Ne22	20479.7	0.204566	99999.9	0	0
neutron	939.565	0.75981	99999.8	0	0
S36	33495	0.101266	99999.8	0	0
proton	938.272	16.7679	99999.9	0	0
neutron	939.565	2.08338	99999.9	0	0
F21	19556.7	0.244783	99999.9	0	0
neutron	939.565	22.2252	99999.9	0	0
neutron	939.565	7.41248	99999.9	0	0
neutron	939.565	1.78866	99999.9	0	0
S32	29773.6	0.208523	99999.9	0	0
S37	34430.2	0.140236	99999.9	0	0
proton	938.272	40.9763	99999.9	0	0
neutron	939.565	0.369983	99999.9	0	0
P35	32569.8	1.33737	99999.9	0	0
neutron	939.565	37.7968	99999.9	0	0
proton	938.272	30.8934	99999.9	0	0
F21	19556.7	1.55638	99999.9	0	0
Ne23	21414.1	0.224016	99999.8	0	0
neutron	939.565	11.9024	99999.9	0	0
neutron	939.565	5.89719	99999.9	0	0
neutron	939.565	5.89322	99999.9	0	0
Ne20	18617.7	1.693	99999.9	0	0
neutron	939.565	3.03901	99999.9	0	0
Ne22	20479.7	0.18548	99999.9	0	0
neutron	939.565	3.48808	99999.9	0	0
neutron	939.565	2.31391	99999.9	0	0
S33	30704.6	0.138502	99999.9	0	0
neutron	939.565	1.64862	99999.9	0	0
neutron	939.565	0.617412	99999.9	0	0
Ne21	19550.5	0.548858	99999.9	0	0
neutron	939.565	1.2087	99999.9	0	0
S36	33495	0.0793926	99999.9	0	0
neutron	939.565	37.2729	99999.9	0	0
neutron	939.565	19.7976	99999.9	0	0
neutron	939.565	1.22947	99999.9	0	0
S32	29773.6	0.2094	99999.9	0	0
neutron	939.565	21.6678	99999.8	0	0
neutron	939.565	6.91559	99999.8	0	0
neutron	939.565	3.76569	99999.8	0	0
Ne20	18617.7	0.915064	99999.8	0	0
Ne23	21414.1	0.219822	99999.9	0	0
S37	34430.2	0.141975	99999.9	0	0
neutron	939.565	20.2427	99999.9	0	0
proton	938.272	8.87102	99999.9	0	0
neutron	939.565	0.658801	99999.9	0	0
P34	31638.6	0.525035	99999.9	0	0
S35	32565.3	0.15801	99999.9	0	0
S35	32565.3	0.148431	99999.9	0	0
neutron	939.565	3.35216	99999.8	0	0
neutron	939.565	0.629099	99999.8	0	0
Ne21	19550.5	0.0707983	99999.8	0	0
neutron	939.565	16.2568	99999.8	0	0
neutron	939.565	8.04226	99999.8	0	0
proton	938.272	7.39772	99999.8	0	0
proton	938.272	6.02499	99999.8	0	0
neutron	939.565	2.95257	99999.8	0	0
neutron	939.565	0.841697	99999.8	0	0
Si29	26984.3	1.21087	99999.8	0	0
neutron	939.565	0.813074	99999.9	0	0
Ne22	20479.7	0.190458	99999.9	0	0
neutron	939.565	27.5061	99999.9	0	0
neutron	939.565	0.584606	99999.9	0	0
S33	30704.6	0.916533	99999.9	0	0
S35	32565.3	0.161338	99999.9	0	0
proton	938.272	23.1852	99999.9	0	0
neutron	939.565	0.0743674	99999.9	0	0
P35	32569.8	0.586965	99999.9	0	0
neutron	939.565	15.946	99999.8	0	0
neutron	939.565	4.17434	99999.8	0	0
neutron	939.565	1.20009	99999.8	0	0
Ne20	18617.7	0.939293	99999.8	0	0
Ne23	21414.1	0.22146	99999.8	0	0
S35	32565.3	0.158202	99999.8	0	0
neutron	939.565	6.98472	99999.8	0	0
neutron	939.565	4.76891	99999.8	0	0
neutron	939.565	0.470221	99999.8	0	0
S34	31632.7	0.137462	99999.8	0	0
Ne23	21414.1	0.21518	99999.9	0	0
neutron	939.565	13.9843	99999.8	0	0
neutron	939.565	8.99657	99999.8	0	0
proton	938.272	5.51475	99999.8	0	0
neutron	939.565	2.74687	99999.8	0	0
alpha	3727.38	13.1833	99999.8	0	0
Al27	25126.5	0.305216	99999.8	0	0
neutron	939.565	0.114494	99999.9	0	0
S36	33495	0.148609	99999.9	0	0
neutron	939.565	0.614883	99999.9	0	0
S34	31632.7	0.228438	99999.9	0	0
neutron	939.565	3.34907	99999.9	0	0
neutron	939.565	0.650413	99999.9	0	0
Ne21	19550.5	0.39621	99999.9	0	0
Ne23	21414.1	0.232788	99999.8	0	0
Ne23	21414.1	0.226175	99999.9	0	0
neutron	939.565	1.87671	99999.9	0	0
alpha	3727.38	11.5249	99999.9	0	0
Si30	27913.2	1.52906	99999.9	0	0
neutron	939.565	4.35913	99999.8	0	0
neutron	939.565	2.37545	99999.8	0	0
S33	30704.6	0.270648	99999.8	0	0
neutron	939.565	0.763565	99999.8	0	0
Ne22	20479.7	0.381222	99999.8	0	0
S35	32565.3	0.150533	99999.8	0	0
neutron	939.565	7.42857	99999.9	0	0
neutron	939.565	2.09602	99999.9	0	0
neutron	939.565	1.71566	99999.9	0	0
alpha	3727.38	7.58827	99999.9	0	0
Si30	27913.2	1.54754	99999.9	0	0
S35	32565.3	0.134886	99999.8	0	0
neutron	939.565	1.21856	99999.9	0	0
S36	33495	0.13396	99999.9	0	0
S35	32565.3	0.157985	99999.9	0	0
neutron	939.565	4.51281	99999.9	0	0
neutron	939.565	1.35227	99999.9	0	0
Ne21	19550.5	0.479164	99999.9	0	0
neutron	939.565	4.49029	99999.9	0	0
neutron	939.565	2.16889	99999.9	0	0
neutron	939.565	1.92232	99999.9	0	0
Ne20	18617.7	0.14628	99999.9	0	0
Ne23	21414.1	0.226941	99999.9	0	0
neutron	939.565	0.561618	99999.8	0	0
Ne22	20479.7	0.167257	99999.8	0	0
neutron	939.565	4.01317	99999.9	0	0
S34	31632.7	0.17317	99999.9	0	0
neutron	939.565	2.13264	99999.8	0	0
neutron	939.565	0.636883	99999.8	0	0
Ne21	19550.5	0.256116	99999.8	0	0
neutron	939.565	5.82356	99999.9	0	0
neutron	939.565	1.5749	99999.9	0	0
neutron	939.565	0.893569	99999.9	0	0
alpha	3727.38	5.07267	99999.9	0	0
O16	14895.1	1.94294	99999.9	0	0
neutron	939.565	3.9433	99999.9	0	0
alpha	3727.38	5.1795	99999.9	0	0
O18	16762	1.016	99999.9	0	0
neutron	939.565	0.328619	99999.8	0	0
S34	31632.7	0.127799	99999.8	0	0
Ne23	21414.1	0.231385	99999.9	0	0
neutron	939.565	16.0861	99999.9	0	0
neutron	939.565	5.96323	99999.9	0	0
S33	30704.6	0.657754	99999.9	0	0
neutron	939.565	1.34696	99999.8	0	0
S34	31632.7	0.0644298	99999.8	0	0
Ne23	21414.1	0.212205	99999.8	0	0
neutron	939.565	0.257008	99999.9	0	0
S34	31632.7	0.116336	99999.9	0	0
neutron	939.565	1.15372	99999.9	0	0
S34	31632.7	0.115324	99999.9	0	0
Ne23	21414.1	0.206975	99999.8	0	0
neutron	939.565	29.6653	99999.9	0	0
neutron	939.565	4.27022	99999.9	0	0
neutron	939.565	1.28388	99999.9	0	0
S34	31632.7	0.790175	99999.9	0	0
neutron	939.565	1.96332	99999.8	0	0
S34	31632.7	0.149138	99999.8	0	0
neutron	939.565	0.59522	99999.9	0	0
Ne22	20479.7	0.26242	99999.9	0	0
neutron	939.565	0.103751	99999.9	0	0
Ne22	20479.7	0.162617	99999.9	0	0
neutron	939.565	3.57759	99999.9	0	0
S34	31632.7	0.439088	99999.9	0	0
neutron	939.565	1.2851	99999.8	0	0
S34	31632.7	0.182923	99999.8	0	0
S35	32565.3	0.140873	99999.9	0	0
proton	938.272	25.6662	99999.8	0	0
F22	20491.1	1.13789	99999.8	0	0
Ne23	21414.1	0.228739	99999.8	0	0
S35	32565.3	0.153123	99999.9	0	0
Ne23	21414.1	0.230841	99999.9	0	0
neutron	939.565	4.13377	99999.9	0	0
S34	31632.7	0.0631415	99999.9	0	0
neutron	939.565	1.10775	99999.8	0	0
S34	31632.7	0.0409292	99999.8	0	0
neutron	939.565	2.9042	99999.9	0	0
Ne22	20479.7	0.16956	99999.9	0	0
Ne23	21414.1	0.222595	99999.9	0	0
neutron	939.565	0.375612	99999.9	0	0
S34	31632.7	0.123226	99999.9	0	0
proton	938.272	8.75311	99999.9	0	0
neutron	939.565	4.9959	99999.9	0	0
proton	938.272	3.33525	99999.9	0	0
neutron	939.565	2.77016	99999.9	0	0
neutron	939.565	2.32914	99999.9	0	0
neutron	939.565	0.755708	99999.9	0	0
Si29	26984.3	0.313982	99999.9	0	0
neutron	939.565	0.367414	99999.9	0	0
S34	31632.7	0.12477	99999.9	0	0
neutron	939.565	2.73207	99999.8	0	0
neutron	939.565	0.893855	99999.8	0	0
S33	30704.6	0.265692	99999.8	0	0
neutron	939.565	0.188896	99999.8	0	0
Ne22	20479.7	0.206627	99999.8	0	0
neutron	939.565	1.24709	99999.9	0	0
S34	31632.7	0.21084	99999.9	0	0
neutron	939.565	17.5512	99999.9	0	0
proton	938.272	17.4202	99999.9	0	0
neutron	939.565	4.50649	99999.9	0	0
neutron	939.565	1.08464	99999.9	0	0
F19	17692.3	0.980396	99999.9	0	0
S35	32565.3	0.161808	99999.9	0	0
Ne23	21414.1	0.216782	99999.8	0	0
S35	32565.3	0.164446	99999.9	0	0
neutron	939.565	0.0781216	99999.9	0	0
S34	31632.7	0.125759	99999.9	0	0
neutron	939.565	22.0916	99999.8	0	0
neutron	939.565	2.66868	99999.8	0	0
alpha	3727.38	4.85441	99999.8	0	0
O17	15830.5	1.22249	99999.8	0	0
neutron	939.565	26.2686	99999.8	0	0
neutron	939.565	3.75549	99999.8	0	0
neutron	939.565	2.20938	99999.8	0	0
neutron	939.565	1.07988	99999.8	0	0
S33	30704.6	0.904669	99999.8	0	0
S37	34430.2	0.138702	99999.9	0	0
neutron	939.565	5.58478	99999.9	0	0
neutron	939.565	0.351059	99999.9	0	0
Ne21	19550.5	0.682353	99999.9	0	0
neutron	939.565	2.83799	99999.9	0	0
alpha	3727.38	7.50236	99999.9	0	0
Si30	27913.2	1.26056	99999.9	0	0
neutron	939.565	0.922245	99999.9	0	0
S34	31632.7	0.285033	99999.9	0	0
neutron	939.565	3.85532	99999.8	0	0
neutron	939.565	2.75496	99999.8	0	0
neutron	939.565	0.353154	99999.8	0	0
S32	29773.6	0.121026	99999.8	0	0
neutron	939.565	5.25365	99999.9	0	0
neutron	939.565	3.51572	99999.9	0	0
Ne21	19550.5	0.231492	99999.9	0	0
neutron	939.565	1.31079	99999.9	0	0
S34	31632.7	0.323868	99999.9	0	0
neutron	939.565	1.04137	99999.9	0	0
S34	31632.7	0.0962777	99999.9	0	0
Ne23	21414.1	0.221548	99999.9	0	0
neutron	939.565	18.0207	99999.9	0	0
proton	938.272	12.1637	99999.9	0	0
P35	32569.8	0.329039	99999.9	0	0
neutron	939.565	30.0216	99999.9	0	0
proton	938.272	4.96668	99999.9	0	0
neutron	939.565	3.43371	99999.9	0	0
neutron	939.565	1.11169	99999.9	0	0
alpha	3727.38	2.9084	99999.9	0	0
N15	13968.9	3.20929	99999.9	0	0
proton	938.272	8.67675	99999.9	0	0
neutron	939.565	6.26127	99999.9	0	0
P33	30705.3	0.433558	99999.9	0	0
neutron	939.565	10.1024	99999.9	0	0
neutron	939.565	0.186221	99999.9	0	0
S33	30704.6	0.280674	99999.9	0	0
neutron	939.565	0.821449	99999.9	0	0
S34	31632.7	0.156955	99999.9	0	0
S35	32565.3	0.152941	99999.8	0	0
neutron	939.565	0.825148	99999.9	0	0
Ne22	20479.7	0.328088	99999.9	0	0
neutron	939.565	1.00796	99999.9	0	0
triton	2808.92	4.15597	99999.9	0	0
deuteron	1875.61	4.5287	99999.9	0	0
alpha	3727.38	9.85226	99999.9	0	0
C13	12109.5	4.72181	99999.9	0	0
neutron	939.565	1.05158	99999.9	0	0
He3	2808.39	5.65286	99999.9	0	0
O19	17697.6	1.24487	99999.9	0	0
S35	32565.3	0.151313	99999.9	0	0
proton	938.272	39.644	99999.8	0	0
neutron	939.565	7.52967	99999.8	0	0
F21	19556.7	1.42897	99999.8	0	0
neutron	939.565	1.22627	99999.8	0	0
Ne22	20479.7	0.251773	99999.8	0	0
neutron	939.565	4.14196	99999.9	0	0
proton	938.272	3.52715	99999.9	0	0
neutron	939.565	2.31916	99999.9	0	0
neutron	939.565	0.886736	99999.9	0	0
neutron	939.565	0.6988	99999.9	0	0
P32	29775.8	0.5482	99999.9	0	0
neutron	939.565	26.365	99999.8	0	0
neutron	939.565	2.54683	99999.8	0	0
neutron	939.565	1.06933	99999.8	0	0
alpha	3727.38	6.13687	99999.8	0	0
O16	14895.1	3.55156	99999.8	0	0
neutron	939.565	0.955533	99999.9	0	0
S34	31632.7	0.271195	99999.9	0	0
neutron	939.565	34.718	99999.9	0	0
neutron	939.565	8.62962	99999.9	0	0
neutron	939.565	1.00895	99999.9	0	0
Ne20	18617.7	2.93191	99999.9	0	0
neutron	939.565	3.62166	99999.9	0	0
neutron	939.565	3.04349	99999.9	0	0
neutron	939.565	0.668714	99999.9	0	0
Ne20	18617.7	0.568219	99999.9	0	0
S37	34430.2	0.136892	99999.8	0	0
neutron	939.565	28.1018	99999.8	0	0
neutron	939.565	13.6927	99999.8	0	0
neutron	939.565	1.26497	99999.8	0	0
Ne20	18617.7	2.0021	99999.8	0	0
S37	34430.2	0.142901	99999.8	0	0
neutron	939.565	1.59936	99999.9	0	0
Ne22	20479.7	0.194876	99999.9	0	0
S35	32565.3	0.159987	99999.8	0	0
Ne23	21414.1	0.22035	99999.9	0	0
proton	938.272	7.48363	99999.9	0	0
neutron	939.565	6.14876	99999.9	0	0
neutron	939.565	4.75136	99999.9	0	0
neutron	939.565	1.05553	99999.9	0	0
deuteron	1875.61	7.40116	99999.9	0	0
Si29	26984.3	1.74326	99999.9	0	0
neutron	939.565	20.0933	99999.8	0	0
neutron	939.565	4.7314	99999.8	0	0
neutron	939.565	3.69425	99999.8	0	0
S34	31632.7	0.914694	99999.8	0	0
neutron	939.565	0.666273	99999.9	0	0
S34	31632.7	0.222779	99999.9	0	0
neutron	939.565	2.4534	99999.8	0	0
neutron	939.565	0.804092	99999.8	0	0
Ne21	19550.5	0.25154	99999.8	0	0
Ne23	21414.1	0.227223	99999.9	0	0
Ne23	21414.1	0.233884	99999.9	0	0
neutron	939.565	0.390404	99999.8	0	0
S34	31632.7	0.0942331	99999.8	0	0
neutron	939.565	1.05679	99999.8	0	0
S34	31632.7	0.289804	99999.8	0	0
neutron	939.565	4.51859	99999.9	0	0
neutron	939.565	0.534333	99999.9	0	0
deuteron	1875.61	15.2715	99999.9	0	0
P31	28844.2	0.498989	99999.9	0	0
neutron	939.565	31.1913	99999.8	0	0
neutron	939.565	6.64031	99999.8	0	0
neutron	939.565	0.14253	99999.8	0	0
S32	29773.6	1.8231	99999.8	0	0
neutron	939.565	0.932382	99999.9	0	0
S34	31632.7	0.209007	99999.9	0	0
S35	32565.3	0.13773	99999.9	0	0
neutron	939.565	0.557344	99999.9	0	0
S34	31632.7	0.106182	99999.9	0	0
neutron	939.565	21.3345	99999.9	0	0
neutron	939.565	3.95861	99999.9	0	0
proton	938.272	2.14626	99999.9	0	0
neutron	939.565	1.42823	99999.9	0	0
alpha	3727.38	8.47307	99999.9	0	0
N15	13968.9	11.7778	99999.9	0	0
neutron	939.565	5.89325	99999.8	0	0
neutron	939.565	4.46129	99999.8	0	0
proton	938.272	3.71119	99999.8	0	0
neutron	939.565	1.38561	99999.8	0	0
P31	28844.2	0.637191	99999.8	0	0
proton	938.272	6.773	99999.9	0	0
neutron	939.565	4.66297	99999.9	0	0
neutron	939.565	3.86217	99999.9	0	0
neutron	939.565	1.88287	99999.9	0	0
proton	938.272	1.79277	99999.9	0	0
O18	16762	1.79774	99999.9	0	0
neutron	939.565	33.2938	99999.9	0	0
neutron	939.565	1.98816	99999.9	0	0
neutron	939.565	0.829889	99999.9	0	0
Ne20	18617.7	1.11998	99999.9	0	0
S37	34430.2	0.145228	99999.8	0	0
neutron	939.565	0.251624	99999.9	0	0
S34	31632.7	0.200758	99999.9	0	0
Ne23	21414.1	0.231152	99999.9	0	0
proton	938.272	6.70181	99999.9	0	0
neutron	939.565	4.85602	99999.9	0	0
neutron	939.565	4.58501	99999.9	0	0
proton	938.272	3.83679	99999.9	0	0
neutron	939.565	0.843842	99999.9	0	0
Si30	27913.2	0.446003	99999.9	0	0
Ne23	21414.1	0.207343	99999.9	0	0
S37	34430.2	0.141561	99999.9	0	0
Ne23	21414.1	0.216215	99999.9	0	0
S37	34430.2	0.12829	99999.8	0	0
Ne23	21414.1	0.231045	99999.8	0	0
neutron	939.565	0.0555121	99999.8	0	0
S34	31632.7	0.173848	99999.8	0	0
neutron	939.565	1.37115	99999.9	0	0
Ne22	20479.7	0.0632914	99999.9	0	0
neutron	939.565	1.0827	99999.9	0	0
S34	31632.7	0.267855	99999.9	0	0
neutron	939.565	2.93752	99999.9	0	0
Ne22	20479.7	0.524543	99999.9	0	0
neutron	939.565	3.2311	99999.8	0	0
neutron	939.565	1.283	99999.8	0	0
S35	32565.3	0.115972	99999.8	0	0
Ne23	21414.1	0.223314	99999.8	0	0
Ne23	21414.1	0.227132	99999.9	0	0
neutron	939.565	7.11217	99999.8	0	0
neutron	939.565	2.7212	99999.8	0	0
neutron	939.565	0.975373	99999.8	0	0
alpha	3727.38	5.68132	99999.8	0	0
O16	14895.1	4.97021	99999.8	0	0
neutron	939.565	9.17295	99999.8	0	0
proton	938.272	5.01068	99999.8	0	0
neutron	939.565	4.66871	99999.8	0	0
proton	938.272	2.07327	99999.8	0	0
neutron	939.565	1.9533	99999.8	0	0
alpha	3727.38	8.41336	99999.8	0	0
C14	13040.9	2.85234	99999.8	0	0
proton	938.272	3.71253	99999.9	0	0
neutron	939.565	1.94095	99999.9	0	0
neutron	939.565	1.8424	99999.9	0	0
neutron	939.565	0.571808	99999.9	0	0
P31	28844.2	0.151652	99999.9	0	0
Ne23	21414.1	0.203727	99999.8	0	0
neutron	939.565	1.88288	99999.8	0	0
S34	31632.7	0.349131	99999.8	0	0
S35	32565.3	0.156313	99999.8	0	0
neutron	939.565	33.5424	99999.9	0	0
neutron	939.565	1.35099	99999.9	0	0
deuteron	1875.61	8.55125	99999.9	0	0
P31	28844.2	0.298911	99999.9	0	0
S35	32565.3	0.142305	99999.8	0	0
neutron	939.565	10.016	99999.8	0	0
neutron	939.565	8.84258	99999.8	0	0
neutron	939.565	6.17963	99999.8	0	0
neutron	939.565	3.15894	99999.8	0	0
proton	938.272	2.84332	99999.8	0	0
proton	938.272	2.57829	99999.8	0	0
neutron	939.565	0.337446	99999.8	0	0
O16	14895.1	1.14536	99999.8	0	0
neutron	939.565	4.6234	99999.9	0	0
Ne22	20479.7	0.616162	99999.9	0	0
S35	32565.3	0.164464	99999.9	0	0
Ne23	21414.1	0.234482	99999.8	0	0
neutron	939.565	0.291344	99999.8	0	0
S34	31632.7	0.147334	99999.8	0	0
Ne23	21414.1	0.22081	99999.9	0	0
Ne23	21414.1	0.230658	99999.9	0	0
neutron	939.565	0.585661	99999.9	0	0
S36	33495	0.187375	99999.9	0	0
Ne23	21414.1	0.216217	99999.8	0	0
neutron	939.565	2.068	99999.8	0	0
S34	31632.7	0.100647	99999.8	0	0
neutron	939.565	5.38351	99999.9	0	0
Ne22	20479.7	0.551184	99999.9	0	0
neutron	939.565	15.586	99999.9	0	0
neutron	939.565	1.91503	99999.9	0	0
alpha	3727.38	10.4079	99999.9	0	0
Si29	26984.3	2.08397	99999.9	0	0
neutron	939.565	2.42463	99999.9	0	0
neutron	939.565	0.0217126	99999.9	0	0
S33	30704.6	0.27037	99999.9	0	0
proton	938.272	7.54858	99999.8	0	0
neutron	939.565	1.91721	99999.8	0	0
neutron	939.565	0.335624	99999.8	0	0
P32	29775.8	0.0312863	99999.8	0	0
neutron	939.565	14.5322	99999.9	0	0
neutron	939.565	7.34088	99999.9	0	0
neutron	939.565	5.52747	99999.9	0	0
Ne20	18617.7	1.21439	99999.9	0	0
neutron	939.565	3.85784	99999.9	0	0
neutron	939.565	3.48075	99999.9	0	0
neutron	939.565	2.17553	99999.9	0	0
S32	29773.6	0.0565382	99999.9	0	0
Ne23	21414.1	0.211501	99999.9	0	0
Ne23	21414.1	0.227899	99999.8	0	0
Ne23	21414.1	0.225599	99999.8	0	0
Ne23	21414.1	0.212759	99999.9	0	0
neutron	939.565	1.11758	99999.8	0	0
S36	33495	0.136022	99999.8	0	0
S35	32565.3	0.158666	99999.8	0	0
S35	32565.3	0.140058	99999.8	0	0
neutron	939.565	0.317705	99999.9	0	0
Ne22	20479.7	0.282065	99999.9	0	0
neutron	939.565	4.1796	99999.9	0	0
proton	938.272	2.71418	99999.9	0	0
P33	30705.3	0.0763338	99999.9	0	0
neutron	939.565	27.3924	99999.9	0	0
neutron	939.565	26.0412	99999.9	0	0
neutron	939.565	2.44787	99999.9	0	0
S32	29773.6	0.323491	99999.9	0	0
Ne23	21414.1	0.215131	99999.9	0	0
neutron	939.565	3.92755	99999.8	0	0
Ne22	20479.7	0.301945	99999.8	0	0
neutron	939.565	8.02335	99999.8	0	0
neutron	939.565	2.47581	99999.8	0	0
neutron	939.565	0.398243	99999.8	0	0
alpha	3727.38	6.24767	99999.8	0	0
Si30	27913.2	1.81059	99999.8	0	0
neutron	939.565	1.06198	99999.9	0	0
Ne22	20479.7	0.319228	99999.9	0	0
neutron	939.565	14.6309	99999.8	0	0
proton	938.272	5.47442	99999.8	0	0
neutron	939.565	1.67498	99999.8	0	0
F20	18625.3	0.617716	99999.8	0	0
proton	938.272	21.0054	99999.9	0	0
neutron	939.565	1.97257	99999.9	0	0
neutron	939.565	1.19702	99999.9	0	0
neutron	939.565	0.517274	99999.9	0	0
alpha	3727.38	4.32423	99999.9	0	0
N15	13968.9	1.81664	99999.9	0	0
Ne23	21414.1	0.225544	99999.9	0	0
neutron	939.565	5.81236	99999.9	0	0
S36	33495	0.443865	99999.9	0	0
S35	32565.3	0.139849	99999.9	0	0
neutron	939.565	33.3014	99999.9	0	0
neutron	939.565	6.86533	99999.9	0	0
neutron	939.565	1.38808	99999.9	0	0
S32	29773.6	2.25922	99999.9	0	0
neutron	939.565	0.895302	99999.9	0	0
Ne22	20479.7	0.344784	99999.9	0	0
S37	34430.2	0.142754	99999.9	0	0
neutron	939.565	0.443638	99999.8	0	0
S34	31632.7	0.163659	99999.8	0	0
proton	938.272	31.8129	99999.8	0	0
neutron	939.565	3.43119	99999.8	0	0
P35	32569.8	0.435209	99999.8	0	0
neutron	939.565	38.0483	99999.9	0	0
neutron	939.565	3.37608	99999.9	0	0
neutron	939.565	0.899024	99999.9	0	0
alpha	3727.38	5.55085	99999.9	0	0
alpha	3727.38	2.20899	99999.9	0	0
C12	11174.9	6.29987	99999.9	0	0
neutron	939.565	7.057	99999.9	0	0
neutron	939.565	6.24462	99999.9	0	0
neutron	939.565	1.78923	99999.9	0	0
Ne20	18617.7	0.828511	99999.9	0	0
neutron	939.565	17.9369	99999.9	0	0
neutron	939.565	14.0471	99999.9	0	0
neutron	939.565	3.38573	99999.9	0	0
S32	29773.6	1.16674	99999.9	0	0
S37	34430.2	0.143517	100000	0	0
neutron	939.565	3.79121	99999.8	0	0
S36	33495	0.226711	99999.8	0	0
neutron	939.565	0.373833	99999.9	0	0
S34	31632.7	0.0951535	99999.9	0	0
neutron	939.565	6.18764	99999.9	0	0
neutron	939.565	0.159598	99999.9	0	0
S33	30704.6	0.0893777	99999.9	0	0
Ne23	21414.1	0.22742	99999.9	0	0
neutron	939.565	2.17071	99999.8	0	0
neutron	939.565	1.93306	99999.8	0	0
neutron	939.565	1.57703	99999.8	0	0
Ne20	18617.7	0.581137	99999.8	0	0
Ne23	21414.1	0.225155	99999.9	0	0
neutron	939.565	4.76513	99999.9	0	0
proton	938.272	2.10941	99999.9	0	0
neutron	939.565	1.71838	99999.9	0	0
alpha	3727.38	10.8395	99999.9	0	0
Al28	26058.3	1.66877	99999.9	0	0
S35	32565.3	0.149421	99999.9	0	0
neutron	939.565	0.46767	99999.9	0	0
Ne22	20479.7	0.189017	99999.9	0	0
neutron	939.565	3.4075	99999.9	0	0
neutron	939.565	0.315924	99999.9	0	0
Ne21	19550.5	0.575779	99999.9	0	0
neutron	939.565	0.305814	99999.9	0	0
S34	31632.7	0.139113	99999.9	0	0
Ne23	21414.1	0.22449	99999.9	0	0
neutron	939.565	14.067	99999.8	0	0
neutron	939.565	3.4766	99999.8	0	0
proton	938.272	2.4167	99999.8	0	0
neutron	939.565	1.32273	99999.8	0	0
P31	28844.2	1.16915	99999.8	0	0
neutron	939.565	3.83343	99999.8	0	0
Ne22	20479.7	0.698861	99999.8	0	0
neutron	939.565	0.736354	99999.9	0	0
neutron	939.565	0.505449	99999.9	0	0
S33	30704.6	0.100811	99999.9	0	0
Ne23	21414.1	0.191229	99999.9	0	0
Ne23	21414.1	0.220263	99999.9	0	0
Ne23	21414.1	0.226856	99999.9	0	0
neutron	939.565	0.728883	99999.9	0	0
S36	33495	0.081289	99999.9	0	0
neutron	939.565	35.4304	99999.9	0	0
proton	938.272	9.35225	99999.9	0	0
P33	30705.3	0.817651	99999.9	0	0
S35	32565.3	0.158555	99999.8	0	0
neutron	939.565	0.553145	99999.9	0	0
S34	31632.7	0.207129	99999.9	0	0
neutron	939.565	3.45723	99999.9	0	0
Ne22	20479.7	0.164518	99999.9	0	0
neutron	939.565	15.4829	99999.9	0	0
neutron	939.565	3.03488	99999.9	0	0
neutron	939.565	0.0277544	99999.9	0	0
alpha	3727.38	5.48979	99999.9	0	0
O16	14895.1	0.808844	99999.9	0	0
neutron	939.565	4.54583	99999.9	0	0
S34	31632.7	0.202842	99999.9	0	0
Ne23	21414.1	0.217086	99999.9	0	0
S35	32565.3	0.147731	99999.8	0	0
Ne23	21414.1	0.212982	99999.8	0	0
neutron	939.565	2.18878	99999.9	0	0
Ne22	20479.7	0.271553	99999.9	0	0
neutron	939.565	4.91913	99999.9	0	0
neutron	939.565	2.55899	99999.9	0	0
Ne21	19550.5	0.529715	99999.9	0	0
Ne23	21414.1	0.226148	99999.9	0	0
proton	938.272	7.53012	99999.9	0	0
proton	938.272	5.21468	99999.9	0	0
neutron	939.565	4.4373	99999.9	0	0
neutron	939.565	2.31439	99999.9	0	0
neutron	939.565	1.2026	99999.9	0	0
Si30	27913.2	0.283371	99999.9	0	0
neutron	939.565	0.557251	99999.8	0	0
Ne22	20479.7	0.322189	99999.8	0	0
Ne23	21414.1	0.230264	99999.9	0	0
Ne23	21414.1	0.227457	99999.9	0	0
neutron	939.565	5.19732	99999.8	0	0
proton	938.272	4.9732	99999.8	0	0
P33	30705.3	0.104275	99999.8	0	0
neutron	939.565	3.13171	99999.9	0	0
S34	31632.7	0.149092	99999.9	0	0
neutron	939.565	3.13616	99999.9	0	0
neutron	939.565	3.01527	99999.9	0	0
neutron	939.565	0.879595	99999.9	0	0
Ne20	18617.7	0.550946	99999.9	0	0
neutron	939.565	1.56411	99999.9	0	0
neutron	939.565	1.4237	99999.9	0	0
S35	32565.3	0.185409	99999.9	0	0
neutron	939.565	21.3428	99999.9	0	0
proton	938.272	8.16816	99999.9	0	0
neutron	939.565	2.46288	99999.9	0	0
F20	18625.3	0.868802	99999.9	0	0
neutron	939.565	14.8962	99999.8	0	0
neutron	939.565	3.94277	99999.8	0	0
neutron	939.565	3.65061	99999.8	0	0
Ne20	18617.7	0.682319	99999.8	0	0
S37	34430.2	0.127239	99999.8	0	0
Ne23	21414.1	0.230236	99999.9	0	0
neutron	939.565	3.66206	99999.8	0	0
neutron	939.565	2.90872	99999.8	0	0
Ne21	19550.5	0.204669	99999.8	0	0
neutron	939.565	1.21745	99999.9	0	0
S36	33495	0.122903	99999.9	0	0
neutron	939.565	0.391872	99999.9	0	0
S34	31632.7	0.198454	99999.9	0	0
neutron	939.565	4.36225	99999.8	0	0
neutron	939.565	1.88772	99999.8	0	0
neutron	939.565	0.948691	99999.8	0	0
alpha	3727.38	12.2917	99999.8	0	0
O16	14895.1	3.76463	99999.8	0	0
neutron	939.565	1.32179	99999.9	0	0
S34	31632.7	0.137464	99999.9	0	0
proton	938.272	6.81416	99999.8	0	0
neutron	939.565	6.5404	99999.8	0	0
proton	938.272	4.77869	99999.8	0	0
neutron	939.565	0.665723	99999.8	0	0
alpha	3727.38	10.7764	99999.8	0	0
Mg27	25129.6	6.14149	99999.8	0	0
neutron	939.565	5.11953	99999.9	0	0
S34	31632.7	0.400663	99999.9	0	0
neutron	939.565	0.13394	99999.9	0	0
Ne22	20479.7	0.16189	99999.9	0	0
neutron	939.565	0.303036	99999.9	0	0
S34	31632.7	0.206548	99999.9	0	0
Ne23	21414.1	0.228027	99999.9	0	0
neutron	939.565	9.03635	99999.8	0	0
neutron	939.565	3.28701	99999.8	0	0
Ne21	19550.5	0.896187	99999.8	0	0
Ne23	21414.1	0.233467	99999.9	0	0
Ne23	21414.1	0.208741	99999.9	0	0
proton	938.272	42.9287	99999.8	0	0
neutron	939.565	6.18596	99999.8	0	0
neutron	939.565	1.86486	99999.8	0	0
P32	29775.8	0.376124	99999.8	0	0
neutron	939.565	12.712	99999.8	0	0
neutron	939.565	11.0037	99999.8	0	0
neutron	939.565	2.2602	99999.8	0	0
neutron	939.565	0.299867	99999.8	0	0
alpha	3727.38	9.079	99999.8	0	0
Si29	26984.3	1.18002	99999.8	0	0
neutron	939.565	0.104739	99999.9	0	0
Ne22	20479.7	0.184712	99999.9	0	0
proton	938.272	8.28502	99999.8	0	0
neutron	939.565	3.98967	99999.8	0	0
neutron	939.565	1.26281	99999.8	0	0
F20	18625.3	0.730642	99999.8	0	0
neutron	939.565	1.31922	99999.9	0	0
Ne22	20479.7	0.0845564	99999.9	0	0
S35	32565.3	0.155449	99999.9	0	0
Ne23	21414.1	0.231045	99999.9	0	0
Ne23	21414.1	0.226639	99999.9	0	0
neutron	939.565	2.55626	99999.8	0	0
S34	31632.7	0.336639	99999.8	0	0
neutron	939.565	0.366005	99999.9	0	0
S34	31632.7	0.0936923	99999.9	0	0
proton	938.272	15.2416	99999.9	0	0
neutron	939.565	0.794333	99999.9	0	0
P35	32569.8	0.183823	99999.9	0	0
neutron	939.565	1.53913	99999.9	0	0
neutron	939.565	0.67213	99999.9	0	0
S35	32565.3	0.15669	99999.9	0	0
S35	32565.3	0.152934	99999.9	0	0
proton	938.272	4.08989	99999.9	0	0
neutron	939.565	1.66871	99999.9	0	0
P33	30705.3	0.150588	99999.9	0	0
neutron	939.565	8.63181	99999.9	0	0
Ne22	20479.7	0.131073	99999.9	0	0
neutron	939.565	14.3954	99999.8	0	0
neutron	939.565	3.05321	99999.8	0	0
neutron	939.565	1.36786	99999.8	0	0
Ne20	18617.7	1.18366	99999.8	0	0
Ne23	21414.1	0.2049	99999.8	0	0
neutron	939.565	26.1441	99999.9	0	0
neutron	939.565	11.0344	99999.9	0	0
neutron	939.565	3.8439	99999.9	0	0
alpha	3727.38	6.97345	99999.9	0	0
O16	14895.1	1.67481	99999.9	0	0
neutron	939.565	5.9604	99999.8	0	0
neutron	939.565	5.49794	99999.8	0	0
Ne21	19550.5	0.338035	99999.8	0	0
neutron	939.565	5.60614	99999.9	0	0
S34	31632.7	0.0800064	99999.9	0	0
neutron	939.565	2.01884	99999.8	0	0
S34	31632.7	0.13656	99999.8	0	0
neutron	939.565	6.33263	99999.9	0	0
neutron	939.565	2.05335	99999.9	0	0
neutron	939.565	2.02816	99999.9	0	0
Ne20	18617.7	0.471559	99999.9	0	0
neutron	939.565	5.2676	99999.9	0	0
neutron	939.565	0.137764	99999.9	0	0
Ne21	19550.5	0.27457	99999.9	0	0
neutron	939.565	1.80338	99999.9	0	0
S34	31632.7	0.137571	99999.9	0	0
neutron	939.565	0.957027	99999.9	0	0
S34	31632.7	0.205969	99999.9	0	0
Ne23	21414.1	0.213592	99999.8	0	0
neutron	939.565	7.74349	99999.8	0	0
neutron	939.565	0.143585	99999.8	0	0
deuteron	1875.61	3.48103	99999.8	0	0
deuteron	1875.61	6.71243	99999.8	0	0
O17	15830.5	0.896446	99999.8	0	0
neutron	939.565	2.52226	99999.9	0	0
Ne22	20479.7	0.194032	99999.9	0	0
neutron	939.565	21.1823	99999.8	0	0
neutron	939.565	20.7163	99999.8	0	0
neutron	939.565	6.72577	99999.8	0	0
alpha	3727.38	5.84759	99999.8	0	0
O16	14895.1	2.52856	99999.8	0	0
neutron	939.565	6.82578	99999.8	0	0
neutron	939.565	3.75567	99999.8	0	0
neutron	939.565	1.85464	99999.8	0	0
alpha	3727.38	6.66821	99999.8	0	0
O16	14895.1	2.73975	99999.8	0	0
neutron	939.565	30.0843	99999.8	0	0
proton	938.272	4.9541	99999.8	0	0
neutron	939.565	3.58904	99999.8	0	0
neutron	939.565	0.801855	99999.8	0	0
P31	28844.2	0.318467	99999.8	0	0
proton	938.272	30.5952	99999.9	0	0
neutron	939.565	4.96968	99999.9	0	0
neutron	939.565	1.70654	99999.9	0	0
alpha	3727.38	11.5422	99999.9	0	0
Al28	26058.3	2.06147	99999.9	0	0
neutron	939.565	0.95658	99999.9	0	0
neutron	939.565	0.184136	99999.9	0	0
Ne21	19550.5	0.0764105	99999.9	0	0
neutron	939.565	2.6466	99999.9	0	0
S34	31632.7	0.317252	99999.9	0	0
S37	34430.2	0.139233	99999.9	0	0
neutron	939.565	19.3743	99999.8	0	0
neutron	939.565	11.6278	99999.8	0	0
neutron	939.565	6.79135	99999.8	0	0
Ne20	18617.7	2.40047	99999.8	0	0
neutron	939.565	1.4468	99999.9	0	0
deuteron	1875.61	3.49624	99999.9	0	0
F20	18625.3	0.476929	99999.9	0	0
neutron	939.565	2.64527	99999.9	0	0
S34	31632.7	0.236746	99999.9	0	0
neutron	939.565	1.91271	99999.9	0	0
S34	31632.7	0.176641	99999.9	0	0
S35	32565.3	0.158875	99999.9	0	0
S35	32565.3	0.167568	99999.9	0	0
proton	938.272	10.3219	99999.9	0	0
neutron	939.565	7.64874	99999.9	0	0
neutron	939.565	6.09886	99999.9	0	0
neutron	939.565	0.172349	99999.9	0	0
triton	2808.92	4.94814	99999.9	0	0
Si28	26053.2	1.09641	99999.9	0	0
S35	32565.3	0.154901	99999.9	0	0
neutron	939.565	7.72117	99999.9	0	0
neutron	939.565	5.54016	99999.9	0	0
neutron	939.565	2.20778	99999.9	0	0
S34	31632.7	0.445117	99999.9	0	0
proton	938.272	11.2926	99999.8	0	0
neutron	939.565	6.47196	99999.8	0	0
proton	938.272	5.94563	99999.8	0	0
neutron	939.565	3.8463	99999.8	0	0
neutron	939.565	0.744265	99999.8	0	0
neutron	939.565	0.354491	99999.8	0	0
Si29	26984.3	0.258486	99999.8	0	0
Ne23	21414.1	0.226716	99999.8	0	0
neutron	939.565	9.68554	99999.9	0	0
neutron	939.565	3.16402	99999.9	0	0
neutron	939.565	2.07537	99999.9	0	0
alpha	3727.38	7.11936	99999.9	0	0
Si28	26053.2	1.39424	99999.9	0	0
S35	32565.3	0.148144	99999.9	0	0
proton	938.272	16.0923	99999.8	0	0
neutron	939.565	8.46681	99999.8	0	0
proton	938.272	5.30902	99999.8	0	0
neutron	939.565	1.43072	99999.8	0	0
Si31	28846.2	0.791076	99999.8	0	0
neutron	939.565	1.70463	99999.9	0	0
Ne22	20479.7	0.437172	99999.9	0	0
neutron	939.565	9.47368	99999.8	0	0
neutron	939.565	4.40002	99999.8	0	0
neutron	939.565	1.28761	99999.8	0	0
S32	29773.6	0.662182	99999.8	0	0
neutron	939.565	0.745597	99999.8	0	0
S34	31632.7	0.168038	99999.8	0	0
neutron	939.565	0.10696	99999.9	0	0
S34	31632.7	0.147321	99999.9	0	0
neutron	939.565	24.7495	99999.8	0	0
neutron	939.565	4.26194	99999.8	0	0
proton	938.272	2.72597	99999.8	0	0
deuteron	1875.61	4.82787	99999.8	0	0
Si30	27913.2	0.650926	99999.8	0	0
proton	938.272	3.84435	99999.9	0	0
neutron	939.565	2.33319	99999.9	0	0
neutron	939.565	1.43874	99999.9	0	0
P32	29775.8	0.246493	99999.9	0	0
neutron	939.565	3.40558	99999.9	0	0
neutron	939.565	2.67944	99999.9	0	0
neutron	939.565	1.10721	99999.9	0	0
S32	29773.6	0.156243	99999.9	0	0
Ne23	21414.1	0.194775	99999.9	0	0
neutron	939.565	18.1209	99999.9	0	0
proton	938.272	9.64552	99999.9	0	0
proton	938.272	5.75871	99999.9	0	0
neutron	939.565	1.78036	99999.9	0	0
neutron	939.565	1.21017	99999.9	0	0
Si30	27913.2	0.993981	99999.9	0	0
neutron	939.565	0.108324	99999.8	0	0
S34	31632.7	0.120737	99999.8	0	0
neutron	939.565	0.579103	99999.9	0	0
Ne22	20479.7	0.373832	99999.9	0	0
neutron	939.565	5.53088	99999.9	0	0
S34	31632.7	0.349101	99999.9	0	0
proton	938.272	22.6947	99999.9	0	0
neutron	939.565	4.45077	99999.9	0	0
neutron	939.565	4.33233	99999.9	0	0
neutron	939.565	3.32903	99999.9	0	0
P31	28844.2	1.36529	99999.9	0	0
proton	938.272	23.106	99999.9	0	0
neutron	939.565	2.60102	99999.9	0	0
neutron	939.565	0.5367	99999.9	0	0
F20	18625.3	1.50075	99999.9	0	0
S35	32565.3	0.15968	99999.8	0	0
Ne23	21414.1	0.21931	99999.9	0	0
proton	938.272	13.3402	99999.8	0	0
neutron	939.565	7.44114	99999.8	0	0
proton	938.272	1.47053	99999.8	0	0
O20	18629.6	1.68287	99999.8	0	0
S35	32565.3	0.153626	99999.8	0	0
neutron	939.565	0.15516	99999.9	0	0
Ne22	20479.7	0.301365	99999.9	0	0
Ne23	21414.1	0.215722	99999.9	0	0
neutron	939.565	0.886926	99999.8	0	0
Ne22	20479.7	0.197605	99999.8	0	0
neutron	939.565	0.745954	99999.9	0	0
S34	31632.7	0.268999	99999.9	0	0
neutron	939.565	0.592859	99999.9	0	0
Ne22	20479.7	0.276326	99999.9	0	0
neutron	939.565	0.301893	99999.8	0	0
Ne22	20479.7	0.191624	99999.8	0	0
neutron	939.565	1.02085	99999.9	0	0
S34	31632.7	0.231816	99999.9	0	0
neutron	939.565	3.30425	99999.8	0	0
neutron	939.565	3.16913	99999.8	0	0
neutron	939.565	0.0983392	99999.8	0	0
S32	29773.6	0.175831	99999.8	0	0
neutron	939.565	0.572787	99999.8	0	0
S34	31632.7	0.200455	99999.8	0	0
S37	34430.2	0.138908	99999.8	0	0
neutron	939.565	8.55496	99999.9	0	0
proton	938.272	6.86064	99999.9	0	0
neutron	939.565	0.933747	99999.9	0	0
P32	29775.8	0.280322	99999.9	0	0
S35	32565.3	0.151421	99999.9	0	0
S35	32565.3	0.133804	99999.8	0	0
S35	32565.3	0.156063	99999.9	0	0
proton	938.272	3.23611	99999.9	0	0
proton	938.272	3.12481	99999.9	0	0
neutron	939.565	1.43153	99999.9	0	0
neutron	939.565	1.32631	99999.9	0	0
Si31	28846.2	0.443982	99999.9	0	0
neutron	939.565	1.64598	99999.9	0	0
Ne22	20479.7	0.207738	99999.9	0	0
neutron	939.565	17.2293	99999.9	0	0
neutron	939.565	5.1897	99999.9	0	0
neutron	939.565	3.66548	99999.9	0	0
alpha	3727.38	15.0468	99999.9	0	0
O16	14895.1	2.59087	99999.9	0	0
proton	938.272	35.5444	99999.9	0	0
proton	938.272	7.12347	99999.9	0	0
neutron	939.565	5.94231	99999.9	0	0
neutron	939.565	0.712716	99999.9	0	0
Si31	28846.2	2.16383	99999.9	0	0
Ne23	21414.1	0.23004	99999.9	0	0
neutron	939.565	0.35131	99999.9	0	0
Ne22	20479.7	0.144696	99999.9	0	0
neutron	939.565	2.16169	99999.8	0	0
neutron	939.565	0.594541	99999.8	0	0
deuteron	1875.61	4.46009	99999.8	0	0
P33	30705.3	0.351432	99999.8	0	0
proton	938.272	6.38398	99999.9	0	0
neutron	939.565	1.83387	99999.9	0	0
P33	30705.3	0.0800651	99999.9	0	0
neutron	939.565	17.2346	99999.8	0	0
neutron	939.565	3.4	99999.8	0	0
neutron	939.565	0.187611	99999.8	0	0
alpha	3727.38	5.98748	99999.8	0	0
O16	14895.1	1.46674	99999.8	0	0
neutron	939.565	8.29395	99999.9	0	0
neutron	939.565	6.08175	99999.9	0	0
neutron	939.565	5.39018	99999.9	0	0
alpha	3727.38	10.3468	99999.9	0	0
Si28	26053.2	0.758832	99999.9	0	0
neutron	939.565	5.32231	99999.9	0	0
neutron	939.565	1.24729	99999.9	0	0
deuteron	1875.61	27.0085	99999.9	0	0
P31	28844.2	0.909981	99999.9	0	0
neutron	939.565	0.908019	99999.9	0	0
Ne22	20479.7	0.265907	99999.9	0	0
S35	32565.3	0.149358	99999.9	0	0
neutron	939.565	0.456757	99999.9	0	0
S34	31632.7	0.147336	99999.9	0	0
neutron	939.565	1.10884	99999.9	0	0
S34	31632.7	0.051107	99999.9	0	0
neutron	939.565	3.53259	99999.8	0	0
S34	31632.7	0.407	99999.8	0	0
Ne23	21414.1	0.227266	99999.8	0	0
S35	32565.3	0.149992	99999.9	0	0
neutron	939.565	3.79197	99999.9	0	0
neutron	939.565	1.53939	99999.9	0	0
neutron	939.565	0.315778	99999.9	0	0
S32	29773.6	0.157471	99999.9	0	0
neutron	939.565	2.73035	99999.8	0	0
neutron	939.565	1.56983	99999.8	0	0
neutron	939.565	0.624323	99999.8	0	0
S34	31632.7	0.249618	99999.8	0	0
neutron	939.565	1.31694	99999.8	0	0
S34	31632.7	0.166462	99999.8	0	0
neutron	939.565	2.38004	99999.9	0	0
S34	31632.7	0.109492	99999.9	0	0
proton	938.272	17.0897	99999.9	0	0
neutron	939.565	14.0251	99999.9	0	0
neutron	939.565	1.47554	99999.9	0	0
P32	29775.8	0.656093	99999.9	0	0
neutron	939.565	0.415952	99999.8	0	0
Ne22	20479.7	0.2144	99999.8	0	0
Ne23	21414.1	0.234684	99999.9	0	0
neutron	939.565	9.218	99999.8	0	0
alpha	3727.38	16.5034	99999.8	0	0
O18	16762	2.89626	99999.8	0	0
neutron	939.565	1.89903	99999.8	0	0
S34	31632.7	0.237914	99999.8	0	0
neutron	939.565	1.1958	99999.8	0	0
S36	33495	0.208801	99999.8	0	0
neutron	939.565	1.96191	99999.8	0	0
Ne22	20479.7	0.530162	99999.8	0	0
Ne23	21414.1	0.234975	99999.9	0	0
neutron	939.565	2.30671	99999.8	0	0
S34	31632.7	0.390004	99999.8	0	0
Ne23	21414.1	0.227812	99999.8	0	0
neutron	939.565	41.3898	99999.8	0	0
neutron	939.565	6.87471	99999.8	0	0
S33	30704.6	0.739379	99999.8	0	0
neutron	939.565	0.359824	99999.8	0	0
S34	31632.7	0.184527	99999.8	0	0
neutron	939.565	2.83592	99999.8	0	0
S34	31632.7	0.280129	99999.8	0	0
Ne23	21414.1	0.207959	99999.9	0	0
Ne23	21414.1	0.216114	99999.9	0	0
neutron	939.565	1.62073	99999.9	0	0
Ne22	20479.7	0.268344	99999.9	0	0
S35	32565.3	0.164173	99999.8	0	0
neutron	939.565	0.252671	99999.8	0	0
Ne22	20479.7	0.149407	99999.8	0	0
neutron	939.565	2.06802	99999.9	0	0
S34	31632.7	0.344198	99999.9	0	0
proton	938.272	40.4201	99999.8	0	0
neutron	939.565	15.6349	99999.8	0	0
neutron	939.565	0.338475	99999.8	0	0
P32	29775.8	0.513582	99999.8	0	0
Ne23	21414.1	0.229039	99999.9	0	0
neutron	939.565	30.4896	99999.9	0	0
neutron	939.565	21.0256	99999.9	0	0
neutron	939.565	1.32347	99999.9	0	0
S32	29773.6	2.29562	99999.9	0	0
neutron	939.565	9.57681	99999.8	0	0
neutron	939.565	2.16381	99999.8	0	0
neutron	939.565	1.58516	99999.8	0	0
S34	31632.7	0.0414435	99999.8	0	0
neutron	939.565	20.7889	99999.8	0	0
neutron	939.565	9.03719	99999.8	0	0
proton	938.272	3.8472	99999.8	0	0
neutron	939.565	0.864836	99999.8	0	0
P31	28844.2	0.630482	99999.8	0	0
Ne23	21414.1	0.213574	99999.9	0	0
Ne23	21414.1	0.231142	99999.8	0	0
Ne23	21414.1	0.217314	99999.9	0	0
neutron	939.565	1.755	99999.8	0	0
S34	31632.7	0.0767992	99999.8	0	0
S37	34430.2	0.135835	99999.9	0	0
proton	938.272	26.1778	99999.9	0	0
proton	938.272	6.5876	99999.9	0	0
neutron	939.565	4.97044	99999.9	0	0
neutron	939.565	3.22915	99999.9	0	0
neutron	939.565	2.5207	99999.9	0	0
Si30	27913.2	0.431859	99999.9	0	0
neutron	939.565	3.46518	99999.9	0	0
neutron	939.565	2.21756	99999.9	0	0
Ne21	19550.5	0.727665	99999.9	0	0
Ne23	21414.1	0.231278	99999.9	0	0
neutron	939.565	21.6651	99999.9	0	0
neutron	939.565	4.71727	99999.9	0	0
neutron	939.565	1.46567	99999.9	0	0
S32	29773.6	1.53497	99999.9	0	0
neutron	939.565	0.738057	99999.9	0	0
S34	31632.7	0.0786133	99999.9	0	0
proton	938.272	31.2654	99999.8	0	0
neutron	939.565	2.41199	99999.8	0	0
neutron	939.565	0.776565	99999.8	0	0
F20	18625.3	2.4622	99999.8	0	0
neutron	939.565	2.00422	99999.9	0	0
S34	31632.7	0.337242	99999.9	0	0
neutron	939.565	9.43882	99999.8	0	0
Ne22	20479.7	0.445173	99999.8	0	0
neutron	939.565	6.9327	99999.8	0	0
neutron	939.565	2.41746	99999.8	0	0
S35	32565.3	0.0918565	99999.8	0	0
neutron	939.565	1.52021	99999.9	0	0
S34	31632.7	0.101947	99999.9	0	0
Ne23	21414.1	0.218573	99999.8	0	0
neutron	939.565	0.654295	99999.9	0	0
Ne22	20479.7	0.163095	99999.9	0	0
neutron	939.565	5.03279	99999.9	0	0
proton	938.272	3.69786	99999.9	0	0
neutron	939.565	2.52779	99999.9	0	0
neutron	939.565	1.68331	99999.9	0	0
P31	28844.2	0.157146	99999.9	0	0
neutron	939.565	0.475133	99999.9	0	0
S34	31632.7	0.241463	99999.9	0	0
S35	32565.3	0.158107	99999.9	0	0
neutron	939.565	12.4338	99999.9	0	0
neutron	939.565	6.07952	99999.9	0	0
neutron	939.565	0.716117	99999.9	0	0
S32	29773.6	0.877378	99999.9	0	0
neutron	939.565	0.139824	99999.9	0	0
Ne22	20479.7	0.193409	99999.9	0	0
neutron	939.565	0.18699	99999.8	0	0
Ne22	20479.7	0.157049	99999.8	0	0
Ne23	21414.1	0.231293	99999.9	0	0
neutron	939.565	0.970939	99999.9	0	0
S34	31632.7	0.0573301	99999.9	0	0
proton	938.272	22.4621	99999.9	0	0
neutron	939.565	21.6759	99999.9	0	0
F21	19556.7	0.848102	99999.9	0	0
neutron	939.565	2.02211	99999.8	0	0
Ne22	20479.7	0.351365	99999.8	0	0
Ne23	21414.1	0.211021	99999.9	0	0
Ne23	21414.1	0.234064	99999.9	0	0
S35	32565.3	0.151531	99999.9	0	0
S37	34430.2	0.13081	99999.8	0	0
neutron	939.565	27.2436	99999.9	0	0
proton	938.272	6.4813	99999.9	0	0
neutron	939.565	0.951334	99999.9	0	0
P32	29775.8	1.14706	99999.9	0	0
neutron	939.565	3.03011	99999.9	0	0
neutron	939.565	2.12973	99999.9	0	0
neutron	939.565	2.08787	99999.9	0	0
Ne20	18617.7	0.7668	99999.9	0	0
neutron	939.565	0.555065	99999.9	0	0
S36	33495	0.1021	99999.9	0	0
neutron	939.565	6.36195	99999.9	0	0
neutron	939.565	0.848359	99999.9	0	0
neutron	939.565	0.215878	99999.9	0	0
S32	29773.6	0.337555	99999.9	0	0
neutron	939.565	1.68458	99999.9	0	0
Ne22	20479.7	0.174168	99999.9	0	0
S35	32565.3	0.157029	99999.8	0	0
S35	32565.3	0.149467	99999.8	0	0
neutron	939.565	13.4934	99999.8	0	0
neutron	939.565	0.558511	99999.8	0	0
Ne21	19550.5	0.78273	99999.8	0	0
neutron	939.565	11.5283	99999.8	0	0
neutron	939.565	1.61564	99999.8	0	0
neutron	939.565	0.279399	99999.8	0	0
alpha	3727.38	7.96379	99999.8	0	0
O16	14895.1	1.46579	99999.8	0	0
S35	32565.3	0.15636	99999.9	0	0
Ne23	21414.1	0.219299	99999.8	0	0
proton	938.272	18.7283	99999.8	0	0
proton	938.272	13.3661	99999.8	0	0
neutron	939.565	10.4805	99999.8	0	0
neutron	939.565	1.72213	99999.8	0	0
Si31	28846.2	1.02171	99999.8	0	0
neutron	939.565	0.743951	99999.9	0	0
S34	31632.7	0.152575	99999.9	0	0
neutron	939.565	2.21621	99999.9	0	0
neutron	939.565	2.06126	99999.9	0	0
Ne21	19550.5	0.722504	99999.9	0	0
neutron	939.565	1.004	99999.8	0	0
neutron	939.565	0.968238	99999.8	0	0
neutron	939.565	0.905171	99999.8	0	0
S34	31632.7	0.125199	99999.8	0	0
Ne23	21414.1	0.230463	99999.9	0	0
Ne23	21414.1	0.20902	99999.9	0	0
neutron	939.565	0.141298	99999.8	0	0
Ne22	20479.7	0.153795	99999.8	0	0
Ne23	21414.1	0.196878	99999.9	0	0
Ne23	21414.1	0.232846	99999.8	0	0
neutron	939.565	0.755265	99999.8	0	0
Ne22	20479.7	0.121458	99999.8	0	0
Ne23	21414.1	0.210076	99999.9	0	0
neutron	939.565	3.68772	99999.8	0	0
neutron	939.565	1.60577	99999.8	0	0
neutron	939.565	0.756791	99999.8	0	0
S34	31632.7	0.151488	99999.8	0	0
S35	32565.3	0.136196	99999.8	0	0
Ne23	21414.1	0.221389	99999.9	0	0
neutron	939.565	29.8422	99999.9	0	0
proton	938.272	6.56821	99999.9	0	0
neutron	939.565	2.80254	99999.9	0	0
proton	938.272	2.52763	99999.9	0	0
Si31	28846.2	1.35352	99999.9	0	0
neutron	939.565	17.4481	99999.8	0	0
proton	938.272	5.01918	99999.8	0	0
neutron	939.565	1.92292	99999.8	0	0
neutron	939.565	1.04999	99999.8	0	0
alpha	3727.38	3.31137	99999.8	0	0
N15	13968.9	2.55017	99999.8	0	0
neutron	939.565	1.26287	99999.9	0	0
S34	31632.7	0.208751	99999.9	0	0
neutron	939.565	9.31651	99999.9	0	0
neutron	939.565	0.130764	99999.9	0	0
Ne21	19550.5	0.782036	99999.9	0	0
neutron	939.565	0.0525035	99999.9	0	0
S34	31632.7	0.143796	99999.9	0	0
neutron	939.565	20.6056	99999.9	0	0
neutron	939.565	10.8613	99999.9	0	0
neutron	939.565	5.49275	99999.9	0	0
alpha	3727.38	7.48866	99999.9	0	0
O16	14895.1	7.00876	99999.9	0	0
neutron	939.565	0.119125	99999.9	0	0
S34	31632.7	0.153079	99999.9	0	0
Ne23	21414.1	0.226067	99999.8	0	0
neutron	939.565	0.280431	99999.9	0	0
S34	31632.7	0.193089	99999.9	0	0
Ne23	21414.1	0.204296	99999.9	0	0
S35	32565.3	0.161123	99999.9	0	0
neutron	939.565	8.14838	99999.9	0	0
proton	938.272	2.71337	99999.9	0	0
neutron	939.565	2.38226	99999.9	0	0
proton	938.272	2.3752	99999.9	0	0
neutron	939.565	1.76434	99999.9	0	0
Si30	27913.2	0.0209008	99999.9	0	0
neutron	939.565	0.212482	99999.9	0	0
Ne22	20479.7	0.210079	99999.9	0	0
neutron	939.565	1.73649	99999.9	0	0
Ne22	20479.7	0.205018	99999.9	0	0
Ne23	21414.1	0.212498	99999.9	0	0
Ne23	21414.1	0.22925	99999.9	0	0
neutron	939.565	0.403799	99999.9	0	0
S34	31632.7	0.187245	99999.9	0	0
neutron	939.565	0.418949	99999.9	0	0
S34	31632.7	0.222184	99999.9	0	0
S35	32565.3	0.155468	99999.9	0	0
neutron	939.565	2.84179	99999.9	0	0
Ne22	20479.7	0.175064	99999.9	0	0
Ne23	21414.1	0.223751	99999.8	0	0
Ne23	21414.1	0.230552	99999.9	0	0
neutron	939.565	31.1712	99999.8	0	0
neutron	939.565	7.22467	99999.8	0	0
neutron	939.565	1.41761	99999.8	0	0
Ne20	18617.7	2.95391	99999.8	0	0
neutron	939.565	0.407453	99999.8	0	0
S34	31632.7	0.226364	99999.8	0	0
Ne23	21414.1	0.229184	99999.8	0	0
neutron	939.565	0.334061	99999.8	0	0
S34	31632.7	0.228324	99999.8	0	0
Ne23	21414.1	0.225607	99999.9	0	0
neutron	939.565	0.286978	99999.9	0	0
S36	33495	0.140359	99999.9	0	0
neutron	939.565	2.0674	99999.8	0	0
S34	31632.7	0.0645358	99999.8	0	0
neutron	939.565	4.01342	99999.9	0	0
neutron	939.565	2.21633	99999.9	0	0
neutron	939.565	0.776886	99999.9	0	0
S32	29773.6	0.46656	99999.9	0	0
neutron	939.565	0.429729	99999.9	0	0
Ne22	20479.7	0.280669	99999.9	0	0
neutron	939.565	5.42242	99999.9	0	0
neutron	939.565	2.31499	99999.9	0	0
neutron	939.565	1.69062	99999.9	0	0
S32	29773.6	0.446974	99999.9	0	0
S37	34430.2	0.140016	99999.8	0	0
S35	32565.3	0.149677	99999.9	0	0
neutron	939.565	0.987257	99999.8	0	0
S36	33495	0.0700041	99999.8	0	0
neutron	939.565	4.65365	99999.9	0	0
S34	31632.7	0.0812206	99999.9	0	0
Ne23	21414.1	0.2331	99999.9	0	0
neutron	939.565	18.1255	99999.9	0	0
proton	938.272	14.0117	99999.9	0	0
proton	938.272	6.30602	99999.9	0	0
neutron	939.565	3.26919	99999.9	0	0
Si31	28846.2	0.657052	99999.9	0	0
neutron	939.565	0.193191	99999.8	0	0
S36	33495	0.170394	99999.8	0	0
Ne23	21414.1	0.230961	99999.8	0	0
neutron	939.565	2.32354	99999.9	0	0
neutron	939.565	0.144381	99999.9	0	0
S33	30704.6	0.191779	99999.9	0	0
neutron	939.565	9.26341	99999.9	0	0
Ne22	20479.7	0.262531	99999.9	0	0
neutron	939.565	0.411117	99999.9	0	0
deuteron	1875.61	12.5915	99999.9	0	0
F20	18625.3	2.0902	99999.9	0	0
neutron	939.565	0.640444	99999.8	0	0
S34	31632.7	0.143593	99999.8	0	0
Ne23	21414.1	0.216675	99999.9	0	0
Ne23	21414.1	0.231009	99999.9	0	0
S37	34430.2	0.143111	99999.8	0	0
neutron	939.565	0.276551	99999.8	0	0
Ne22	20479.7	0.151679	99999.8	0	0
neutron	939.565	0.355696	99999.9	0	0
S36	33495	0.170433	99999.9	0	0
S37	34430.2	0.135269	99999.8	0	0
neutron	939.565	0.105293	99999.8	0	0
S36	33495	0.173192	99999.8	0	0
proton	938.272	29.8338	99999.9	0	0
neutron	939.565	7.60641	99999.9	0	0
neutron	939.565	1.85759	99999.9	0	0
P32	29775.8	0.715769	99999.9	0	0
Ne23	21414.1	0.226166	99999.9	0	0
S37	34430.2	0.143054	99999.8	0	0
neutron	939.565	14.1222	99999.9	0	0
neutron	939.565	5.76094	99999.9	0	0
proton	938.272	3.12236	99999.9	0	0
neutron	939.565	2.90398	99999.9	0	0
P33	30705.3	0.313005	99999.9	0	0
S35	32565.3	0.145171	99999.9	0	0
Ne23	21414.1	0.227021	99999.9	0	0
neutron	939.565	1.41	99999.9	0	0
S34	31632.7	0.209248	99999.9	0	0
neutron	939.565	29.9028	99999.9	0	0
proton	938.272	7.26766	99999.9	0	0
neutron	939.565	6.92316	99999.9	0	0
neutron	939.565	4.3808	99999.9	0	0
P31	28844.2	1.50342	99999.9	0	0
neutron	939.565	1.28839	99999.9	0	0
S34	31632.7	0.221575	99999.9	0	0
neutron	939.565	0.590025	99999.9	0	0
S34	31632.7	0.075115	99999.9	0	0
neutron	939.565	0.499794	99999.9	0	0
Ne22	20479.7	0.13478	99999.9	0	0
neutron	939.565	0.663341	99999.9	0	0
S36	33495	0.129469	99999.9	0	0
Ne23	21414.1	0.220299	99999.8	0	0
neutron	939.565	0.43701	99999.8	0	0
S34	31632.7	0.144267	99999.8	0	0
neutron	939.565	42.1834	99999.9	0	0
neutron	939.565	0.0853061	99999.9	0	0
Ne21	19550.5	2.12095	99999.9	0	0
neutron	939.565	1.98168	99999.9	0	0
S34	31632.7	0.351284	99999.9	0	0
neutron	939.565	1.52779	99999.9	0	0
S34	31632.7	0.245533	99999.9	0	0
neutron	939.565	23.3944	99999.9	0	0
neutron	939.565	13.1445	99999.9	0	0
neutron	939.565	3.20664	99999.9	0	0
S34	31632.7	2.69035	99999.9	0	0
neutron	939.565	1.60119	99999.8	0	0
S36	33495	0.219774	99999.8	0	0
neutron	939.565	10.855	99999.9	0	0
neutron	939.565	1.73057	99999.9	0	0
S35	32565.3	0.203405	99999.9	0	0
neutron	939.565	1.66504	99999.9	0	0
S34	31632.7	0.0999969	99999.9	0	0
neutron	939.565	7.3007	99999.8	0	0
neutron	939.565	0.404432	99999.8	0	0
S33	30704.6	0.110374	99999.8	0	0
proton	938.272	19.3086	99999.8	0	0
neutron	939.565	5.85421	99999.8	0	0
proton	938.272	4.20081	99999.8	0	0
neutron	939.565	3.70772	99999.8	0	0
neutron	939.565	1.18289	99999.8	0	0
neutron	939.565	0.0737095	99999.8	0	0
Si29	26984.3	0.280084	99999.8	0	0
neutron	939.565	7.05418	99999.9	0	0
neutron	939.565	2.97414	99999.9	0	0
neutron	939.565	0.34177	99999.9	0	0
Ne20	18617.7	0.148521	99999.9	0	0
neutron	939.565	4.87855	99999.9	0	0
neutron	939.565	3.70321	99999.9	0	0
neutron	939.565	2.77467	99999.9	0	0
alpha	3727.38	5.24791	99999.9	0	0
O16	14895.1	0.966313	99999.9	0	0
Ne23	21414.1	0.231322	99999.8	0	0
neutron	939.565	12.0393	99999.9	0	0
neutron	939.565	11.7717	99999.9	0	0
neutron	939.565	0.854286	99999.9	0	0
S32	29773.6	0.158244	99999.9	0	0
S35	32565.3	0.143993	99999.8	0	0
Ne23	21414.1	0.216381	99999.9	0	0
neutron	939.565	5.8453	99999.9	0	0
S36	33495	0.236966	99999.9	0	0
neutron	939.565	1.37534	99999.8	0	0
Ne22	20479.7	0.362311	99999.8	0	0
neutron	939.565	6.11878	99999.9	0	0
neutron	939.565	1.34757	99999.9	0	0
S35	32565.3	0.624323	99999.9	0	0
neutron	939.565	36.0539	99999.9	0	0
neutron	939.565	3.78012	99999.9	0	0
neutron	939.565	0.166749	99999.9	0	0
alpha	3727.38	4.43827	99999.9	0	0
O16	14895.1	6.60719	99999.9	0	0
neutron	939.565	0.14068	99999.9	0	0
Ne22	20479.7	0.286522	99999.9	0	0
neutron	939.565	4.38784	99999.9	0	0
neutron	939.565	1.08247	99999.9	0	0
Ne21	19550.5	0.444976	99999.9	0	0
neutron	939.565	0.415626	99999.9	0	0
S34	31632.7	0.144085	99999.9	0	0
neutron	939.565	0.0321758	99999.9	0	0
S34	31632.7	0.156888	99999.9	0	0
neutron	939.565	3.28196	99999.9	0	0
S36	33495	0.00394784	99999.9	0	0
neutron	939.565	0.225811	99999.9	0	0
S36	33495	0.188828	99999.9	0	0
neutron	939.565	0.508426	99999.8	0	0
S36	33495	0.0710338	99999.8	0	0
neutron	939.565	10.4351	99999.9	0	0
proton	938.272	8.71999	99999.9	0	0
neutron	939.565	6.40626	99999.9	0	0
neutron	939.565	5.34964	99999.9	0	0
proton	938.272	4.01652	99999.9	0	0
Si30	27913.2	0.252337	99999.9	0	0
neutron	939.565	0.986254	99999.9	0	0
S34	31632.7	0.272323	99999.9	0	0
neutron	939.565	24.929	99999.8	0	0
neutron	939.565	16.9638	99999.8	0	0
neutron	939.565	3.56231	99999.8	0	0
S32	29773.6	1.10581	99999.8	0	0
S35	32565.3	0.150883	99999.9	0	0
neutron	939.565	1.62461	99999.8	0	0
Ne22	20479.7	0.391843	99999.8	0	0
neutron	939.565	0.257054	99999.9	0	0
Ne22	20479.7	0.156832	99999.9	0	0
neutron	939.565	1.2905	99999.9	0	0
S34	31632.7	0.0714492	99999.9	0	0
neutron	939.565	3.23545	99999.9	0	0
S34	31632.7	0.10536	99999.9	0	0
S35	32565.3	0.153156	99999.8	0	0
proton	938.272	3.13069	99999.8	0	0
neutron	939.565	2.65486	99999.8	0	0
triton	2808.92	9.48548	99999.8	0	0
Si30	27913.2	1.15805	99999.8	0	0
neutron	939.565	1.8541	99999.8	0	0
Ne22	20479.7	0.229699	99999.8	0	0
neutron	939.565	19.8149	99999.8	0	0
proton	938.272	7.34342	99999.8	0	0
proton	938.272	3.5085	99999.8	0	0
neutron	939.565	3.19723	99999.8	0	0
neutron	939.565	2.29995	99999.8	0	0
Si30	27913.2	1.74343	99999.8	0	0
Ne23	21414.1	0.205399	99999.9	0	0
neutron	939.565	0.204779	99999.9	0	0
S34	31632.7	0.178637	99999.9	0	0
neutron	939.565	3.19559	99999.9	0	0
neutron	939.565	1.12233	99999.9	0	0
S35	32565.3	0.127585	99999.9	0	0
Ne23	21414.1	0.229664	99999.8	0	0
neutron	939.565	0.616593	99999.9	0	0
S34	31632.7	0.163789	99999.9	0	0
neutron	939.565	14.6594	99999.9	0	0
neutron	939.565	2.16832	99999.9	0	0
neutron	939.565	1.74167	99999.9	0	0
alpha	3727.38	4.99759	99999.9	0	0
O16	14895.1	1.00828	99999.9	0	0
Ne23	21414.1	0.227876	99999.9	0	0
neutron	939.565	1.56979	99999.9	0	0
S34	31632.7	0.330035	99999.9	0	0
neutron	939.565	3.51271	99999.8	0	0
S34	31632.7	0.248394	99999.8	0	0
neutron	939.565	0.719446	99999.9	0	0
Ne22	20479.7	0.119691	99999.9	0	0
neutron	939.565	5.60381	99999.9	0	0
neutron	939.565	3.90249	99999.9	0	0
proton	938.272	3.13879	99999.9	0	0
neutron	939.565	2.50285	99999.9	0	0
alpha	3727.38	5.66103	99999.9	0	0
N15	13968.9	0.702426	99999.9	0	0
Ne23	21414.1	0.225258	99999.8	0	0
proton	938.272	5.61287	99999.9	0	0
neutron	939.565	3.45641	99999.9	0	0
P33	30705.3	0.0638409	99999.9	0	0
Ne23	21414.1	0.221058	99999.9	0	0
neutron	939.565	22.3649	99999.9	0	0
neutron	939.565	6.23717	99999.9	0	0
neutron	939.565	2.92165	99999.9	0	0
Ne20	18617.7	3.03151	99999.9	0	0
neutron	939.565	3.93212	99999.9	0	0
Ne22	20479.7	0.442002	99999.9	0	0
Ne23	21414.1	0.205497	99999.9	0	0
S35	32565.3	0.149222	99999.9	0	0
neutron	939.565	1.78366	99999.8	0	0
S34	31632.7	0.169064	99999.8	0	0
Ne23	21414.1	0.224137	99999.9	0	0
neutron	939.565	0.286316	99999.8	0	0
S36	33495	0.112211	99999.8	0	0
neutron	939.565	0.603943	99999.9	0	0
Ne22	20479.7	0.310993	99999.9	0	0
neutron	939.565	0.220055	99999.9	0	0
Ne22	20479.7	0.255307	99999.9	0	0
neutron	939.565	0.15306	99999.9	0	0
Ne22	20479.7	0.161324	99999.9	0	0
neutron	939.565	0.141152	99999.9	0	0
Ne22	20479.7	0.202796	99999.9	0	0
neutron	939.565	4.60764	99999.9	0	0
proton	938.272	3.03924	99999.9	0	0
P33	30705.3	0.454999	99999.9	0	0
Ne23	21414.1	0.22964	99999.8	0	0
neutron	939.565	20.7857	99999.9	0	0
neutron	939.565	8.84053	99999.9	0	0
neutron	939.565	3.80831	99999.9	0	0
neutron	939.565	0.630902	99999.9	0	0
S33	30704.6	0.671105	99999.9	0	0
neutron	939.565	4.03717	99999.9	0	0
neutron	939.565	3.6348	99999.9	0	0
deuteron	1875.61	8.27875	99999.9	0	0
F19	17692.3	0.422399	99999.9	0	0
neutron	939.565	0.216499	99999.8	0	0
S34	31632.7	0.197675	99999.8	0	0
Ne23	21414.1	0.209486	99999.8	0	0
neutron	939.565	4.32224	99999.8	0	0
neutron	939.565	1.71061	99999.8	0	0
S35	32565.3	0.455452	99999.8	0	0
neutron	939.565	6.84668	99999.9	0	0
neutron	939.565	2.90062	99999.9	0	0
neutron	939.565	2.299	99999.9	0	0
triton	2808.92	7.46176	99999.9	0	0
P31	28844.2	1.02653	99999.9	0	0
neutron	939.565	0.404062	99999.9	0	0
Ne22	20479.7	0.253019	99999.9	0	0
neutron	939.565	7.40811	99999.9	0	0
proton	938.272	2.99929	99999.9	0	0
neutron	939.565	2.70541	99999.9	0	0
neutron	939.565	1.04775	99999.9	0	0
P31	28844.2	0.255299	99999.9	0	0
neutron	939.565	4.32777	99999.9	0	0
Ne22	20479.7	0.617087	99999.9	0	0
neutron	939.565	6.93037	99999.9	0	0
proton	938.272	4.12327	99999.9	0	0
neutron	939.565	1.02766	99999.9	0	0
F20	18625.3	0.104604	99999.9	0	0
neutron	939.565	27.688	99999.9	0	0
neutron	939.565	8.51604	99999.9	0	0
neutron	939.565	0.5966	99999.9	0	0
S32	29773.6	0.265038	99999.9	0	0
Ne23	21414.1	0.231955	99999.9	0	0
neutron	939.565	1.13012	99999.8	0	0
S34	31632.7	0.0406546	99999.8	0	0
neutron	939.565	0.888265	99999.9	0	0
S36	33495	0.258036	99999.9	0	0
neutron	939.565	2.31878	99999.9	0	0
Ne22	20479.7	0.0682623	99999.9	0	0
neutron	939.565	1.85374	99999.9	0	0
Ne22	20479.7	0.38723	99999.9	0	0
S35	32565.3	0.160039	99999.9	0	0
proton	938.272	5.63199	99999.9	0	0
proton	938.272	3.02521	99999.9	0	0
neutron	939.565	2.64869	99999.9	0	0
neutron	939.565	0.189333	99999.9	0	0
Si31	28846.2	0.0517519	99999.9	0	0
Ne23	21414.1	0.218917	99999.8	0	0
Ne23	21414.1	0.224762	99999.9	0	0
neutron	939.565	1.96328	99999.8	0	0
S34	31632.7	0.296588	99999.8	0	0
neutron	939.565	1.05737	99999.9	0	0
S34	31632.7	0.241998	99999.9	0	0
neutron	939.565	8.98959	99999.9	0	0
neutron	939.565	8.38254	99999.9	0	0
proton	938.272	3.79189	99999.9	0	0
neutron	939.565	1.52023	99999.9	0	0
neutron	939.565	0.704443	99999.9	0	0
deuteron	1875.61	8.60351	99999.9	0	0
O16	14895.1	1.16681	99999.9	0	0
neutron	939.565	1.52925	99999.9	0	0
S36	33495	0.0291528	99999.9	0	0
Ne23	21414.1	0.234544	99999.9	0	0
neutron	939.565	12.5067	99999.9	0	0
neutron	939.565	2.52279	99999.9	0	0
neutron	939.565	0.201953	99999.9	0	0
S32	29773.6	0.256007	99999.9	0	0
neutron	939.565	0.368677	99999.9	0	0
Ne22	20479.7	0.197719	99999.9	0	0
neutron	939.565	0.812338	99999.9	0	0
S34	31632.7	0.24841	99999.9	0	0
neutron	939.565	9.16249	99999.8	0	0
proton	938.272	8.24583	99999.8	0	0
neutron	939.565	3.32398	99999.8	0	0
neutron	939.565	2.02947	99999.8	0	0
P31	28844.2	1.25968	99999.8	0	0
S35	32565.3	0.16258	99999.9	0	0
Ne23	21414.1	0.225893	99999.9	0	0
Ne23	21414.1	0.213134	99999.9	0	0
neutron	939.565	1.12657	99999.9	0	0
S34	31632.7	0.2714	99999.9	0	0
neutron	939.565	7.24444	99999.9	0	0
neutron	939.565	3.54138	99999.9	0	0
neutron	939.565	3.29033	99999.9	0	0
alpha	3727.38	4.96671	99999.9	0	0
O16	14895.1	1.56646	99999.9	0	0
neutron	939.565	0.704675	99999.8	0	0
Ne22	20479.7	0.297918	99999.8	0	0
neutron	939.565	5.31435	99999.8	0	0
Ne22	20479.7	0.0896814	99999.8	0	0
neutron	939.565	2.8083	99999.8	0	0
S34	31632.7	0.238762	99999.8	0	0
neutron	939.565	22.48	99999.8	0	0
neutron	939.565	6.6301	99999.8	0	0
neutron	939.565	6.26149	99999.8	0	0
alpha	3727.38	3.60502	99999.8	0	0
O16	14895.1	2.56283	99999.8	0	0
neutron	939.565	25.1345	99999.9	0	0
neutron	939.565	7.93943	99999.9	0	0
proton	938.272	3.30512	99999.9	0	0
neutron	939.565	2.36266	99999.9	0	0
alpha	3727.38	4.11709	99999.9	0	0
N15	13968.9	4.4545	99999.9	0	0
neutron	939.565	1.91716	99999.8	0	0
S34	31632.7	0.0668293	99999.8	0	0
neutron	939.565	4.16142	99999.9	0	0
neutron	939.565	0.859127	99999.9	0	0
S33	30704.6	0.268998	99999.9	0	0
neutron	939.565	0.0788656	99999.9	0	0
S34	31632.7	0.170623	99999.9	0	0
neutron	939.565	0.136239	99999.9	0	0
S34	31632.7	0.175099	99999.9	0	0
S37	34430.2	0.139814	99999.9	0	0
neutron	939.565	1.1119	99999.8	0	0
neutron	939.565	0.264055	99999.8	0	0
S33	30704.6	0.0494561	99999.8	0	0
neutron	939.565	1.42751	99999.9	0	0
S34	31632.7	0.193922	99999.9	0	0
neutron	939.565	2.10851	99999.9	0	0
Ne22	20479.7	0.13849	99999.9	0	0
Ne23	21414.1	0.229916	99999.9	0	0
neutron	939.565	17.6959	99999.9	0	0
neutron	939.565	9.44651	99999.9	0	0
neutron	939.565	2.2933	99999.9	0	0
S32	29773.6	1.12837	99999.9	0	0
neutron	939.565	12.9037	99999.9	0	0
neutron	939.565	10.7945	99999.9	0	0
neutron	939.565	2.28401	99999.9	0	0
proton	938.272	2.18546	99999.9	0	0
P31	28844.2	0.474896	99999.9	0	0
neutron	939.565	0.360524	99999.9	0	0
S34	31632.7	0.0892014	99999.9	0	0
neutron	939.565	5.3287	99999.9	0	0
proton	938.272	3.67032	99999.9	0	0
proton	938.272	2.57042	99999.9	0	0
neutron	939.565	2.55088	99999.9	0	0
neutron	939.565	1.43131	99999.9	0	0
Si30	27913.2	1.32195	99999.9	0	0
neutron	939.565	0.382744	99999.9	0	0
S34	31632.7	0.200342	99999.9	0	0
neutron	939.565	1.52941	99999.8	0	0
S34	31632.7	0.0574772	99999.8	0	0
neutron	939.565	8.40082	99999.8	0	0
S34	31632.7	0.643761	99999.8	0	0
neutron	939.565	4.51966	99999.9	0	0
neutron	939.565	1.51063	99999.9	0	0
neutron	939.565	0.748708	99999.9	0	0
alpha	3727.38	4.72813	99999.9	0	0
O16	14895.1	1.16672	99999.9	0	0
Ne23	21414.1	0.232073	99999.9	0	0
neutron	939.565	1.14638	99999.9	0	0
S34	31632.7	0.170337	99999.9	0	0
neutron	939.565	1.03787	99999.8	0	0
S34	31632.7	0.0639863	99999.8	0	0
neutron	939.565	18.0935	99999.8	0	0
neutron	939.565	8.61929	99999.8	0	0
neutron	939.565	6.90712	99999.8	0	0
proton	938.272	3.0318	99999.8	0	0
P31	28844.2	2.26994	99999.8	0	0
neutron	939.565	10.3003	99999.9	0	0
neutron	939.565	0.193158	99999.9	0	0
Ne21	19550.5	0.888223	99999.9	0	0
Ne23	21414.1	0.22844	99999.9	0	0
neutron	939.565	0.012055	99999.9	0	0
Ne22	20479.7	0.206845	99999.9	0	0
S35	32565.3	0.155557	99999.8	0	0
S35	32565.3	0.145392	99999.8	0	0
neutron	939.565	0.860677	99999.8	0	0
Ne22	20479.7	0.306939	99999.8	0	0
S35	32565.3	0.148811	99999.9	0	0
neutron	939.565	22.4376	99999.9	0	0
proton	938.272	5.32893	99999.9	0	0
neutron	939.565	2.91859	99999.9	0	0
P32	29775.8	0.625382	99999.9	0	0
neutron	939.565	7.64273	99999.9	0	0
neutron	939.565	2.91594	99999.9	0	0
neutron	939.565	0.356581	99999.9	0	0
S32	29773.6	0.0467093	99999.9	0	0
neutron	939.565	0.847115	99999.9	0	0
S34	31632.7	0.0599342	99999.9	0	0
neutron	939.565	1.07014	99999.8	0	0
S34	31632.7	0.24871	99999.8	0	0
neutron	939.565	0.440049	99999.9	0	0
Ne22	20479.7	0.337602	99999.9	0	0
neutron	939.565	2.52266	99999.8	0	0
Ne22	20479.7	0.131249	99999.8	0	0
Ne23	21414.1	0.234287	99999.8	0	0
neutron	939.565	5.00054	99999.9	0	0
alpha	3727.38	7.70021	99999.9	0	0
Si30	27913.2	0.549414	99999.9	0	0
neutron	939.565	10.3114	99999.8	0	0
neutron	939.565	9.48939	99999.8	0	0
neutron	939.565	1.42151	99999.8	0	0
Ne20	18617.7	1.08545	99999.8	0	0
neutron	939.565	4.79854	99999.9	0	0
Ne22	20479.7	0.0107409	99999.9	0	0
neutron	939.565	20.7045	99999.9	0	0
neutron	939.565	2.95381	99999.9	0	0
neutron	939.565	1.51181	99999.9	0	0
alpha	3727.38	7.11564	99999.9	0	0
O16	14895.1	0.507235	99999.9	0	0
neutron	939.565	3.31988	99999.9	0	0
neutron	939.565	0.894996	99999.9	0	0
neutron	939.565	0.258068	99999.9	0	0
S34	31632.7	0.152345	99999.9	0	0
neutron	939.565	0.0796456	99999.9	0	0
S34	31632.7	0.156093	99999.9	0	0
Ne23	21414.1	0.215956	99999.9	0	0
neutron	939.565	17.4051	99999.9	0	0
neutron	939.565	0.445581	99999.9	0	0
S33	30704.6	0.204733	99999.9	0	0
neutron	939.565	23.3323	99999.9	0	0
proton	938.272	10.8157	99999.9	0	0
neutron	939.565	10.6147	99999.9	0	0
F20	18625.3	2.64171	99999.9	0	0
neutron	939.565	23.7833	99999.9	0	0
proton	938.272	12.425	99999.9	0	0
neutron	939.565	4.23183	99999.9	0	0
neutron	939.565	0.542439	99999.9	0	0
P31	28844.2	1.85382	99999.9	0	0
neutron	939.565	27.3176	99999.8	0	0
proton	938.272	16.5168	99999.8	0	0
F21	19556.7	0.408927	99999.8	0	0
neutron	939.565	22.9527	99999.8	0	0
neutron	939.565	14.5894	99999.8	0	0
neutron	939.565	2.27304	99999.8	0	0
alpha	3727.38	4.5573	99999.8	0	0
O16	14895.1	1.61817	99999.8	0	0
neutron	939.565	3.82603	99999.9	0	0
neutron	939.565	3.11909	99999.9	0	0
neutron	939.565	2.39694	99999.9	0	0
Ne20	18617.7	0.208034	99999.9	0	0
S35	32565.3	0.141881	99999.9	0	0
neutron	939.565	0.845043	99999.9	0	0
S34	31632.7	0.23432	99999.9	0	0
Ne23	21414.1	0.228438	99999.8	0	0
neutron	939.565	0.305253	99999.9	0	0
S36	33495	0.15122	99999.9	0	0
Ne23	21414.1	0.231412	99999.8	0	0
Ne23	21414.1	0.231853	99999.9	0	0
neutron	939.565	0.164168	99999.9	0	0
S34	31632.7	0.119773	99999.9	0	0
Ne23	21414.1	0.22001	99999.8	0	0
neutron	939.565	7.78995	99999.9	0	0
Ne22	20479.7	0.924829	99999.9	0	0
neutron	939.565	15.2219	99999.8	0	0
neutron	939.565	14.4591	99999.8	0	0
neutron	939.565	5.66668	99999.8	0	0
alpha	3727.38	12.6536	99999.8	0	0
O16	14895.1	3.41773	99999.8	0	0
neutron	939.565	25.0848	99999.8	0	0
neutron	939.565	3.66579	99999.8	0	0
neutron	939.565	0.951531	99999.8	0	0
S34	31632.7	0.311959	99999.8	0	0
neutron	939.565	16.1614	99999.8	0	0
neutron	939.565	6.58109	99999.8	0	0
proton	938.272	3.44413	99999.8	0	0
proton	938.272	3.12253	99999.8	0	0
neutron	939.565	2.88722	99999.8	0	0
Si30	27913.2	0.895595	99999.8	0	0
S35	32565.3	0.140907	99999.9	0	0
neutron	939.565	14.8034	99999.8	0	0
neutron	939.565	4.69262	99999.8	0	0
neutron	939.565	2.26605	99999.8	0	0
S32	29773.6	1.38607	99999.8	0	0
neutron	939.565	2.83707	99999.9	0	0
neutron	939.565	0.515308	99999.9	0	0
neutron	939.565	0.0855245	99999.9	0	0
Ne20	18617.7	0.423381	99999.9	0	0
neutron	939.565	20.3793	99999.9	0	0
neutron	939.565	14.1351	99999.9	0	0
neutron	939.565	1.58602	99999.9	0	0
S32	29773.6	1.21082	99999.9	0	0
Ne23	21414.1	0.227035	99999.9	0	0
neutron	939.565	3.29923	99999.8	0	0
S34	31632.7	0.127584	99999.8	0	0
proton	938.272	7.76933	99999.8	0	0
neutron	939.565	7.14347	99999.8	0	0
neutron	939.565	2.40122	99999.8	0	0
deuteron	1875.61	5.98206	99999.8	0	0
Si30	27913.2	0.941987	99999.8	0	0
neutron	939.565	0.793415	99999.8	0	0
Ne22	20479.7	0.262268	99999.8	0	0
neutron	939.565	14.5736	99999.9	0	0
neutron	939.565	5.62956	99999.9	0	0
neutron	939.565	1.49637	99999.9	0	0
Ne20	18617.7	0.116034	99999.9	0	0
neutron	939.565	7.99024	99999.9	0	0
proton	938.272	6.31413	99999.9	0	0
neutron	939.565	1.51191	99999.9	0	0
P32	29775.8	1.00292	99999.9	0	0
Ne23	21414.1	0.222206	99999.9	0	0
neutron	939.565	0.374238	99999.9	0	0
S36	33495	0.213182	99999.9	0	0
neutron	939.565	8.04038	99999.8	0	0
neutron	939.565	2.33918	99999.8	0	0
neutron	939.565	1.10922	99999.8	0	0
alpha	3727.38	7.58101	99999.8	0	0
O16	14895.1	1.51479	99999.8	0	0
proton	938.272	7.07593	99999.9	0	0
neutron	939.565	0.789169	99999.9	0	0
F21	19556.7	0.472811	99999.9	0	0
neutron	939.565	22.1853	99999.8	0	0
proton	938.272	7.95679	99999.8	0	0
neutron	939.565	1.31937	99999.8	0	0
P32	29775.8	1.92719	99999.8	0	0
neutron	939.565	6.619	99999.9	0	0
neutron	939.565	4.91182	99999.9	0	0
neutron	939.565	1.45806	99999.9	0	0
S32	29773.6	0.569901	99999.9	0	0
neutron	939.565	43.3589	99999.8	0	0
neutron	939.565	22.1914	99999.8	0	0
neutron	939.565	1.80755	99999.8	0	0
S34	31632.7	0.442941	99999.8	0	0
neutron	939.565	7.80202	99999.9	0	0
neutron	939.565	4.75902	99999.9	0	0
neutron	939.565	4.63672	99999.9	0	0
alpha	3727.38	3.33411	99999.9	0	0
O16	14895.1	2.86985	99999.9	0	0
neutron	939.565	2.35455	99999.8	0	0
S34	31632.7	0.342627	99999.8	0	0
neutron	939.565	5.32152	99999.9	0	0
neutron	939.565	4.14068	99999.9	0	0
neutron	939.565	1.66979	99999.9	0	0
alpha	3727.38	9.36641	99999.9	0	0
alpha	3727.38	2.93829	99999.9	0	0
C12	11174.9	4.41814	99999.9	0	0
neutron	939.565	11.9753	99999.9	0	0
neutron	939.565	2.51513	99999.9	0	0
Ne21	19550.5	0.037905	99999.9	0	0
neutron	939.565	1.54001	99999.9	0	0
Ne22	20479.7	0.361715	99999.9	0	0
neutron	939.565	2.13039	99999.8	0	0
S36	33495	0.295474	99999.8	0	0
proton	938.272	3.59482	99999.9	0	0
neutron	939.565	0.78727	99999.9	0	0
P33	30705.3	0.0472903	99999.9	0	0
neutron	939.565	0.398096	99999.9	0	0
S34	31632.7	0.182241	99999.9	0	0
neutron	939.565	2.30287	99999.9	0	0
Ne22	20479.7	0.124586	99999.9	0	0
Ne23	21414.1	0.206473	99999.8	0	0
Ne23	21414.1	0.20394	99999.8	0	0
neutron	939.565	3.90913	99999.9	0	0
neutron	939.565	3.0391	99999.9	0	0
Ne21	19550.5	1.15099	99999.9	0	0
S35	32565.3	0.147072	99999.9	0	0
neutron	939.565	9.15713	99999.8	0	0
neutron	939.565	4.03756	99999.8	0	0
neutron	939.565	3.45375	99999.8	0	0
S32	29773.6	0.818463	99999.8	0	0
Ne23	21414.1	0.197833	99999.8	0	0
neutron	939.565	1.02831	99999.9	0	0
S34	31632.7	0.107129	99999.9	0	0
S37	34430.2	0.140859	99999.9	0	0
neutron	939.565	0.688654	99999.9	0	0
S34	31632.7	0.210274	99999.9	0	0
neutron	939.565	1.1689	99999.8	0	0
Ne22	20479.7	0.221103	99999.8	0	0
neutron	939.565	1.95313	99999.9	0	0
Ne22	20479.7	0.0869637	99999.9	0	0
neutron	939.565	0.70511	99999.9	0	0
S34	31632.7	0.212297	99999.9	0	0
Ne23	21414.1	0.233097	99999.9	0	0
neutron	939.565	0.0515438	99999.9	0	0
S36	33495	0.157567	99999.9	0	0
Ne23	21414.1	0.230717	99999.9	0	0
proton	938.272	3.57292	99999.9	0	0
neutron	939.565	2.16568	99999.9	0	0
proton	938.272	1.74182	99999.9	0	0
O20	18629.6	0.5851	99999.9	0	0
Ne23	21414.1	0.224912	99999.9	0	0
neutron	939.565	1.97012	99999.9	0	0
S34	31632.7	0.122286	99999.9	0	0
neutron	939.565	2.50825	99999.9	0	0
neutron	939.565	2.04165	99999.9	0	0
S33	30704.6	0.0390589	99999.9	0	0
neutron	939.565	0.462116	99999.8	0	0
S34	31632.7	0.216689	99999.8	0	0
neutron	939.565	8.10571	99999.9	0	0
neutron	939.565	5.73985	99999.9	0	0
neutron	939.565	2.92154	99999.9	0	0
Ne20	18617.7	1.65526	99999.9	0	0
neutron	939.565	14.3453	99999.9	0	0
proton	938.272	8.09802	99999.9	0	0
proton	938.272	6.39457	99999.9	0	0
neutron	939.565	5.2661	99999.9	0	0
neutron	939.565	3.7649	99999.9	0	0
Si30	27913.2	1.3165	99999.9	0	0
proton	938.272	16.0009	99999.9	0	0
neutron	939.565	3.78027	99999.9	0	0
neutron	939.565	2.73818	99999.9	0	0
neutron	939.565	0.556791	99999.9	0	0
deuteron	1875.61	3.10373	99999.9	0	0
Si29	26984.3	0.170641	99999.9	0	0
neutron	939.565	12.9712	99999.9	0	0
proton	938.272	8.53985	99999.9	0	0
F21	19556.7	2.26387	99999.9	0	0
neutron	939.565	1.34719	99999.9	0	0
S34	31632.7	0.33344	99999.9	0	0
neutron	939.565	3.93363	99999.9	0	0
neutron	939.565	0.678999	99999.9	0	0
S33	30704.6	0.3043	99999.9	0	0
neutron	939.565	11.5039	99999.9	0	0
neutron	939.565	3.77987	99999.9	0	0
neutron	939.565	1.13576	99999.9	0	0
alpha	3727.38	10.7481	99999.9	0	0
Si30	27913.2	1.26996	99999.9	0	0
neutron	939.565	0.550504	99999.9	0	0
S34	31632.7	0.121982	99999.9	0	0
Ne23	21414.1	0.21872	99999.9	0	0
neutron	939.565	42.8237	99999.9	0	0
neutron	939.565	6.66336	99999.9	0	0
neutron	939.565	2.24208	99999.9	0	0
neutron	939.565	1.21059	99999.9	0	0
neutron	939.565	0.987105	99999.9	0	0
S32	29773.6	0.869505	99999.9	0	0
neutron	939.565	0.697083	99999.9	0	0
Ne22	20479.7	0.289599	99999.9	0	0
Ne23	21414.1	0.223947	99999.8	0	0
neutron	939.565	23.7073	99999.8	0	0
neutron	939.565	18.7517	99999.8	0	0
neutron	939.565	6.44122	99999.8	0	0
S34	31632.7	0.093759	99999.8	0	0
S37	34430.2	0.136381	99999.9	0	0
neutron	939.565	0.208105	99999.9	0	0
S34	31632.7	0.181843	99999.9	0	0
neutron	939.565	0.912933	99999.9	0	0
S34	31632.7	0.195052	99999.9	0	0
neutron	939.565	1.84829	99999.9	0	0
S34	31632.7	0.203349	99999.9	0	0
neutron	939.565	4.00707	99999.9	0	0
neutron	939.565	1.15447	99999.9	0	0
Ne21	19550.5	0.314713	99999.9	0	0
neutron	939.565	0.473373	99999.8	0	0
S34	31632.7	0.120583	99999.8	0	0
neutron	939.565	0.139119	99999.9	0	0
S34	31632.7	0.13648	99999.9	0	0
neutron	939.565	6.22683	99999.9	0	0
neutron	939.565	3.86675	99999.9	0	0
neutron	939.565	2.85876	99999.9	0	0
proton	938.272	1.32788	99999.9	0	0
alpha	3727.38	12.6469	99999.9	0	0
N15	13968.9	6.48132	99999.9	0	0
S35	32565.3	0.142864	99999.8	0	0
Ne23	21414.1	0.225269	99999.9	0	0
neutron	939.565	0.132284	99999.9	0	0
S34	31632.7	0.191752	99999.9	0	0
neutron	939.565	2.14423	99999.8	0	0
S34	31632.7	0.299414	99999.8	0	0
neutron	939.565	3.23669	99999.9	0	0
Ne22	20479.7	0.572478	99999.9	0	0
neutron	939.565	20.8033	99999.8	0	0
neutron	939.565	4.64774	99999.8	0	0
neutron	939.565	0.834613	99999.8	0	0
Ne20	18617.7	1.68597	99999.8	0	0
neutron	939.565	0.934821	99999.9	0	0
Ne22	20479.7	0.138109	99999.9	0	0
neutron	939.565	6.0165	99999.9	0	0
proton	938.272	4.31596	99999.9	0	0
proton	938.272	3.34108	99999.9	0	0
neutron	939.565	2.45095	99999.9	0	0
neutron	939.565	2.01598	99999.9	0	0
neutron	939.565	1.73314	99999.9	0	0
Si29	26984.3	0.441186	99999.9	0	0
neutron	939.565	5.70996	99999.9	0	0
neutron	939.565	1.88009	99999.9	0	0
neutron	939.565	1.21654	99999.9	0	0
Ne20	18617.7	0.354394	99999.9	0	0
neutron	939.565	0.620366	99999.9	0	0
S34	31632.7	0.146825	99999.9	0	0
neutron	939.565	0.395565	99999.9	0	0
Ne22	20479.7	0.319144	99999.9	0	0
neutron	939.565	18.9332	99999.9	0	0
neutron	939.565	10.0084	99999.9	0	0
proton	938.272	5.30786	99999.9	0	0
neutron	939.565	4.93052	99999.9	0	0
proton	938.272	2.86575	99999.9	0	0
Si30	27913.2	0.519402	99999.9	0	0
S35	32565.3	0.160066	99999.9	0	0
neutron	939.565	14.7328	99999.8	0	0
neutron	939.565	1.98141	99999.8	0	0
neutron	939.565	1.55917	99999.8	0	0
Ne20	18617.7	1.59525	99999.8	0	0
neutron	939.565	1.94555	99999.9	0	0
S36	33495	0.210311	99999.9	0	0
neutron	939.565	13.4923	99999.9	0	0
neutron	939.565	11.5992	99999.9	0	0
neutron	939.565	0.38016	99999.9	0	0
alpha	3727.38	9.39441	99999.9	0	0
O16	14895.1	0.606893	99999.9	0	0
proton	938.272	12.4447	99999.9	0	0
neutron	939.565	11.7072	99999.9	0	0
neutron	939.565	5.61781	99999.9	0	0
proton	938.272	3.99205	99999.9	0	0
neutron	939.565	2.40235	99999.9	0	0
Si30	27913.2	3.05621	99999.9	0	0
neutron	939.565	1.09737	99999.8	0	0
S34	31632.7	0.181837	99999.8	0	0
Ne23	21414.1	0.209193	99999.9	0	0
neutron	939.565	1.2234	99999.9	0	0
S34	31632.7	0.0912569	99999.9	0	0
S35	32565.3	0.141126	99999.9	0	0
neutron	939.565	39.2451	99999.8	0	0
neutron	939.565	12.6894	99999.8	0	0
neutron	939.565	1.68135	99999.8	0	0
alpha	3727.38	6.92785	99999.8	0	0
O16	14895.1	2.49854	99999.8	0	0
neutron	939.565	1.2652	99999.9	0	0
S36	33495	0.134494	99999.9	0	0
neutron	939.565	7.90077	99999.9	0	0
neutron	939.565	3.02362	99999.9	0	0
S33	30704.6	0.261441	99999.9	0	0
neutron	939.565	0.258444	99999.9	0	0
Ne22	20479.7	0.200594	99999.9	0	0
S37	34430.2	0.135392	99999.9	0	0
S35	32565.3	0.145834	99999.9	0	0
neutron	939.565	0.694958	99999.9	0	0
Ne22	20479.7	0.262184	99999.9	0	0
S35	32565.3	0.149698	99999.8	0	0
Ne23	21414.1	0.235025	99999.8	0	0
neutron	939.565	2.76332	99999.9	0	0
S34	31632.7	0.173085	99999.9	0	0
neutron	939.565	0.775991	99999.8	0	0
S34	31632.7	0.123773	99999.8	0	0
neutron	939.565	1.62778	99999.9	0	0
S34	31632.7	0.267408	99999.9	0	0
neutron	939.565	3.9558	99999.9	0	0
neutron	939.565	2.27571	99999.9	0	0
neutron	939.565	1.08053	99999.9	0	0
S32	29773.6	0.0786043	99999.9	0	0
neutron	939.565	3.24778	99999.9	0	0
Ne22	20479.7	0.0842764	99999.9	0	0
neutron	939.565	0.748952	99999.9	0	0
S36	33495	0.140837	99999.9	0	0
neutron	939.565	12.9284	99999.8	0	0
neutron	939.565	9.77319	99999.8	0	0
Ne21	19550.5	0.68622	99999.8	0	0
neutron	939.565	18.6466	99999.9	0	0
proton	938.272	6.49389	99999.9	0	0
proton	938.272	2.95911	99999.9	0	0
neutron	939.565	0.375711	99999.9	0	0
neutron	939.565	0.271635	99999.9	0	0
O18	16762	0.9915	99999.9	0	0
neutron	939.565	37.6869	99999.8	0	0
neutron	939.565	12.4199	99999.8	0	0
neutron	939.565	0.674585	99999.8	0	0
Ne20	18617.7	1.3065	99999.8	0	0
S35	32565.3	0.152086	99999.9	0	0
S35	32565.3	0.159505	99999.9	0	0
Ne23	21414.1	0.224183	99999.9	0	0
neutron	939.565	1.49162	99999.9	0	0
S34	31632.7	0.111956	99999.9	0	0
neutron	939.565	0.532121	99999.8	0	0
S34	31632.7	0.0647684	99999.8	0	0
neutron	939.565	0.015412	99999.9	0	0
S36	33495	0.131755	99999.9	0	0
neutron	939.565	13.8863	99999.9	0	0
proton	938.272	7.51306	99999.9	0	0
neutron	939.565	3.11387	99999.9	0	0
neutron	939.565	0.0333699	99999.9	0	0
P33	30705.3	1.29156	99999.9	0	0
neutron	939.565	1.57086	99999.9	0	0
S34	31632.7	0.0285676	99999.9	0	0
neutron	939.565	0.709365	99999.9	0	0
S34	31632.7	0.0682427	99999.9	0	0
neutron	939.565	0.990056	99999.9	0	0
Ne22	20479.7	0.423087	99999.9	0	0
neutron	939.565	15.0232	99999.8	0	0
proton	938.272	8.38692	99999.8	0	0
neutron	939.565	1.10457	99999.8	0	0
neutron	939.565	0.816523	99999.8	0	0
P31	28844.2	0.553324	99999.8	0	0
neutron	939.565	0.131465	99999.9	0	0
Ne22	20479.7	0.165466	99999.9	0	0
neutron	939.565	0.948068	99999.8	0	0
S34	31632.7	0.166524	99999.8	0	0
neutron	939.565	0.357349	99999.8	0	0
S34	31632.7	0.230303	99999.8	0	0
neutron	939.565	2.90934	99999.8	0	0
neutron	939.565	1.72876	99999.8	0	0
Ne21	19550.5	0.199907	99999.8	0	0
S35	32565.3	0.153925	99999.9	0	0
neutron	939.565	17.2997	99999.9	0	0
neutron	939.565	13.6013	99999.9	0	0
neutron	939.565	1.23659	99999.9	0	0
Ne20	18617.7	1.72978	99999.9	0	0
neutron	939.565	0.708949	99999.8	0	0
Ne22	20479.7	0.301021	99999.8	0	0
proton	938.272	11.4488	99999.9	0	0
neutron	939.565	3.7288	99999.9	0	0
neutron	939.565	2.30254	99999.9	0	0
neutron	939.565	1.28079	99999.9	0	0
F19	17692.3	0.364147	99999.9	0	0
neutron	939.565	27.2626	99999.9	0	0
proton	938.272	9.47885	99999.9	0	0
neutron	939.565	7.69095	99999.9	0	0
neutron	939.565	0.470552	99999.9	0	0
P31	28844.2	0.924615	99999.9	0	0
neutron	939.565	1.38601	99999.9	0	0
S34	31632.7	0.104579	99999.9	0	0
neutron	939.565	0.64804	99999.9	0	0
S34	31632.7	0.128003	99999.9	0	0
neutron	939.565	0.53846	99999.8	0	0
alpha	3727.38	9.82356	99999.8	0	0
Si30	27913.2	0.892718	99999.8	0	0
neutron	939.565	0.566128	99999.9	0	0
Ne22	20479.7	0.195182	99999.9	0	0
neutron	939.565	0.470413	99999.9	0	0
Ne22	20479.7	0.140105	99999.9	0	0
Ne23	21414.1	0.216384	99999.8	0	0
neutron	939.565	14.4135	99999.9	0	0
neutron	939.565	1.71497	99999.9	0	0
Ne21	19550.5	0.967873	99999.9	0	0
proton	938.272	5.93419	99999.9	0	0
proton	938.272	4.7502	99999.9	0	0
neutron	939.565	2.90191	99999.9	0	0
neutron	939.565	0.77195	99999.9	0	0
Si31	28846.2	0.157002	99999.9	0	0
neutron	939.565	10.6551	99999.8	0	0
neutron	939.565	2.95522	99999.8	0	0
Ne21	19550.5	0.34846	99999.8	0	0
neutron	939.565	8.32147	99999.9	0	0
proton	938.272	3.10743	99999.9	0	0
F21	19556.7	0.430689	99999.9	0	0
Ne23	21414.1	0.22476	99999.9	0	0
neutron	939.565	0.552026	99999.8	0	0
S34	31632.7	0.159055	99999.8	0	0
neutron	939.565	5.4864	99999.8	0	0
neutron	939.565	3.01056	99999.8	0	0
neutron	939.565	0.539674	99999.8	0	0
alpha	3727.38	17.3562	99999.8	0	0
O16	14895.1	5.62316	99999.8	0	0
neutron	939.565	5.19666	99999.8	0	0
neutron	939.565	0.71549	99999.8	0	0
S35	32565.3	0.211529	99999.8	0	0
neutron	939.565	0.399022	99999.8	0	0
Ne22	20479.7	0.177791	99999.8	0	0
neutron	939.565	1.03664	99999.9	0	0
Ne22	20479.7	0.207625	99999.9	0	0
neutron	939.565	4.66349	99999.9	0	0
neutron	939.565	4.31775	99999.9	0	0
neutron	939.565	3.4093	99999.9	0	0
alpha	3727.38	7.30955	99999.9	0	0
O16	14895.1	1.27887	99999.9	0	0
S35	32565.3	0.151392	99999.9	0	0
S35	32565.3	0.166521	99999.9	0	0
neutron	939.565	23.9054	99999.9	0	0
neutron	939.565	18.4175	99999.9	0	0
neutron	939.565	1.54269	99999.9	0	0
Ne20	18617.7	1.25219	99999.9	0	0
neutron	939.565	1.97768	99999.9	0	0
neutron	939.565	1.81318	99999.9	0	0
neutron	939.565	1.25963	99999.9	0	0
alpha	3727.38	8.3796	99999.9	0	0
Si28	26053.2	0.952195	99999.9	0	0
neutron	939.565	7.66672	99999.9	0	0
neutron	939.565	5.46889	99999.9	0	0
neutron	939.565	4.36273	99999.9	0	0
neutron	939.565	1.36889	99999.9	0	0
S33	30704.6	0.806878	99999.9	0	0
Ne23	21414.1	0.230014	99999.9	0	0
proton	938.272	30.575	99999.8	0	0
neutron	939.565	0.716916	99999.8	0	0
P33	30705.3	1.11115	99999.8	0	0
neutron	939.565	7.88796	99999.9	0	0
Ne22	20479.7	0.202025	99999.9	0	0
proton	938.272	19.5239	99999.9	0	0
neutron	939.565	2.00888	99999.9	0	0
P35	32569.8	0.671794	99999.9	0	0
neutron	939.565	0.156435	99999.9	0	0
Ne22	20479.7	0.14927	99999.9	0	0
neutron	939.565	1.61637	99999.9	0	0
S34	31632.7	0.234697	99999.9	0	0
Ne23	21414.1	0.212605	99999.9	0	0
neutron	939.565	1.63633	99999.8	0	0
neutron	939.565	0.325679	99999.8	0	0
S35	32565.3	0.109058	99999.8	0	0
neutron	939.565	0.568059	99999.9	0	0
S36	33495	0.137722	99999.9	0	0
neutron	939.565	2.24294	99999.8	0	0
S34	31632.7	0.126999	99999.8	0	0
S35	32565.3	0.13597	99999.8	0	0
neutron	939.565	3.41808	99999.9	0	0
neutron	939.565	0.659323	99999.9	0	0
Ne21	19550.5	0.677977	99999.9	0	0
neutron	939.565	1.09932	99999.9	0	0
S36	33495	0.278145	99999.9	0	0
neutron	939.565	1.14983	99999.8	0	0
Ne22	20479.7	0.168066	99999.8	0	0
S35	32565.3	0.163531	99999.8	0	0
proton	938.272	8.6508	99999.9	0	0
neutron	939.565	3.2656	99999.9	0	0
neutron	939.565	0.40351	99999.9	0	0
F20	18625.3	0.684463	99999.9	0	0
neutron	939.565	8.986	99999.9	0	0
neutron	939.565	2.4022	99999.9	0	0
neutron	939.565	1.15694	99999.9	0	0
Ne20	18617.7	0.406309	99999.9	0	0
neutron	939.565	2.34785	99999.9	0	0
deuteron	1875.61	5.17358	99999.9	0	0
alpha	3727.38	8.76922	99999.9	0	0
Al28	26058.3	0.745865	99999.9	0	0
neutron	939.565	8.1248	99999.9	0	0
neutron	939.565	2.54682	99999.9	0	0
Ne21	19550.5	0.290843	99999.9	0	0
Ne23	21414.1	0.230161	99999.9	0	0
neutron	939.565	5.424	99999.9	0	0
neutron	939.565	3.34493	99999.9	0	0
neutron	939.565	0.703846	99999.9	0	0
Ne20	18617.7	0.358964	99999.9	0	0
Ne23	21414.1	0.220325	99999.8	0	0
neutron	939.565	0.0682931	99999.9	0	0
S34	31632.7	0.170624	99999.9	0	0
neutron	939.565	25.3959	99999.9	0	0
neutron	939.565	20.2409	99999.9	0	0
alpha	3727.38	3.99697	99999.9	0	0
O17	15830.5	2.33238	99999.9	0	0
S35	32565.3	0.151579	99999.9	0	0
S35	32565.3	0.13443	99999.9	0	0
S37	34430.2	0.141093	99999.8	0	0
neutron	939.565	0.0446017	99999.9	0	0
S34	31632.7	0.157572	99999.9	0	0
S35	32565.3	0.146079	99999.9	0	0
neutron	939.565	7.77345	99999.9	0	0
Ne22	20479.7	0.41245	99999.9	0	0
neutron	939.565	0.438949	99999.9	0	0
Ne22	20479.7	0.101836	99999.9	0	0
neutron	939.565	0.97995	99999.9	0	0
S34	31632.7	0.223205	99999.9	0	0
neutron	939.565	5.69488	99999.9	0	0
neutron	939.565	5.55364	99999.9	0	0
neutron	939.565	5.37936	99999.9	0	0
S34	31632.7	0.349331	99999.9	0	0
neutron	939.565	1.23282	99999.9	0	0
neutron	939.565	0.147158	99999.9	0	0
S33	30704.6	0.191712	99999.9	0	0
neutron	939.565	1.47555	99999.9	0	0
neutron	939.565	1.05252	99999.9	0	0
S33	30704.6	0.124936	99999.9	0	0
neutron	939.565	16.4111	99999.9	0	0
neutron	939.565	15.5668	99999.9	0	0
neutron	939.565	1.24581	99999.9	0	0
S32	29773.6	0.43884	99999.9	0	0
S35	32565.3	0.148206	99999.9	0	0
S35	32565.3	0.145687	99999.8	0	0
Ne23	21414.1	0.211961	99999.8	0	0
neutron	939.565	14.3307	99999.9	0	0
neutron	939.565	6.94494	99999.9	0	0
neutron	939.565	3.56515	99999.9	0	0
proton	938.272	2.65842	99999.9	0	0
P31	28844.2	0.0876455	99999.9	0	0
S35	32565.3	0.144613	99999.9	0	0
S35	32565.3	0.164421	99999.9	0	0
Ne23	21414.1	0.223305	99999.9	0	0
S37	34430.2	0.136911	99999.9	0	0
Ne23	21414.1	0.204443	99999.9	0	0
neutron	939.565	2.41862	99999.9	0	0
Ne22	20479.7	0.206108	99999.9	0	0
neutron	939.565	11.968	99999.9	0	0
neutron	939.565	3.73306	99999.9	0	0
neutron	939.565	2.86079	99999.9	0	0
alpha	3727.38	7.42992	99999.9	0	0
O16	14895.1	0.973247	99999.9	0	0
neutron	939.565	1.70517	99999.9	0	0
S34	31632.7	0.259982	99999.9	0	0
S35	32565.3	0.148316	99999.9	0	0
neutron	939.565	0.41095	99999.8	0	0
Ne22	20479.7	0.347456	99999.8	0	0
neutron	939.565	34.3988	99999.9	0	0
proton	938.272	16.5863	99999.9	0	0
neutron	939.565	1.35265	99999.9	0	0
P32	29775.8	0.86183	99999.9	0	0
neutron	939.565	0.0954057	99999.9	0	0
Ne22	20479.7	0.165834	99999.9	0	0
neutron	939.565	18.0609	99999.9	0	0
neutron	939.565	4.40195	99999.9	0	0
neutron	939.565	3.16324	99999.9	0	0
S32	29773.6	0.722875	99999.9	0	0
neutron	939.565	0.381533	99999.8	0	0
Ne22	20479.7	0.231074	99999.8	0	0
neutron	939.565	0.251222	99999.9	0	0
S34	31632.7	0.0913596	99999.9	0	0
neutron	939.565	3.14109	99999.9	0	0
neutron	939.565	1.62392	99999.9	0	0
S33	30704.6	0.0224222	99999.9	0	0
S35	32565.3	0.152487	99999.9	0	0
neutron	939.565	0.583371	99999.9	0	0
Ne22	20479.7	0.135518	99999.9	0	0
S37	34430.2	0.141968	99999.9	0	0
neutron	939.565	10.2883	99999.9	0	0
neutron	939.565	8.28732	99999.9	0	0
neutron	939.565	6.58261	99999.9	0	0
S32	29773.6	0.06019	99999.9	0	0
neutron	939.565	1.8325	99999.9	0	0
S34	31632.7	0.0608461	99999.9	0	0
neutron	939.565	0.414832	99999.8	0	0
S34	31632.7	0.0936134	99999.8	0	0
neutron	939.565	1.35424	99999.9	0	0
S34	31632.7	0.109526	99999.9	0	0
neutron	939.565	2.87303	99999.9	0	0
S36	33495	0.0399448	99999.9	0	0
proton	938.272	7.76316	99999.9	0	0
neutron	939.565	6.96738	99999.9	0	0
neutron	939.565	0.892599	99999.9	0	0
P34	31638.6	0.904328	99999.9	0	0
neutron	939.565	1.14387	99999.9	0	0
S34	31632.7	0.168775	99999.9	0	0
Ne23	21414.1	0.226569	99999.9	0	0
neutron	939.565	1.26115	99999.9	0	0
S34	31632.7	0.246623	99999.9	0	0
neutron	939.565	1.22079	99999.8	0	0
Ne22	20479.7	0.124771	99999.8	0	0
Ne23	21414.1	0.225462	99999.8	0	0
neutron	939.565	0.329165	99999.9	0	0
S34	31632.7	0.100796	99999.9	0	0
S35	32565.3	0.1417	99999.9	0	0
neutron	939.565	1.49103	99999.9	0	0
S36	33495	0.0465764	99999.9	0	0
neutron	939.565	10.5239	99999.9	0	0
proton	938.272	5.69015	99999.9	0	0
neutron	939.565	3.258	99999.9	0	0
neutron	939.565	2.01686	99999.9	0	0
F19	17692.3	1.18133	99999.9	0	0
neutron	939.565	1.07983	99999.9	0	0
Ne22	20479.7	0.180005	99999.9	0	0
Ne23	21414.1	0.228194	99999.8	0	0
Ne23	21414.1	0.21032	99999.9	0	0
Ne23	21414.1	0.230622	99999.9	0	0
Ne23	21414.1	0.213858	99999.9	0	0
Ne23	21414.1	0.231788	99999.9	0	0
neutron	939.565	6.96827	99999.9	0	0
neutron	939.565	0.900608	99999.9	0	0
Ne21	19550.5	0.535118	99999.9	0	0
Ne23	21414.1	0.226442	99999.9	0	0
neutron	939.565	8.55157	99999.9	0	0
neutron	939.565	3.99474	99999.9	0	0
neutron	939.565	0.405578	99999.9	0	0
Ne20	18617.7	0.262831	99999.9	0	0
S35	32565.3	0.147607	99999.9	0	0
S37	34430.2	0.137613	99999.9	0	0
neutron	939.565	1.25455	99999.9	0	0
S34	31632.7	0.175515	99999.9	0	0
neutron	939.565	3.43251	99999.9	0	0
neutron	939.565	1.85573	99999.9	0	0
neutron	939.565	1.09265	99999.9	0	0
alpha	3727.38	3.02679	99999.9	0	0
alpha	3727.38	1.619	99999.9	0	0
C12	11174.9	5.79632	99999.9	0	0
neutron	939.565	0.200033	99999.9	0	0
S36	33495	0.173483	99999.9	0	0
neutron	939.565	0.652309	99999.9	0	0
S36	33495	0.192139	99999.9	0	0
neutron	939.565	0.0585954	99999.8	0	0
S34	31632.7	0.140193	99999.8	0	0
proton	938.272	22.4685	99999.9	0	0
neutron	939.565	6.88107	99999.9	0	0
proton	938.272	6.36198	99999.9	0	0
neutron	939.565	4.22332	99999.9	0	0
neutron	939.565	1.87863	99999.9	0	0
Si30	27913.2	0.561654	99999.9	0	0
Ne23	21414.1	0.208603	99999.9	0	0
neutron	939.565	16.9121	99999.9	0	0
proton	938.272	5.79956	99999.9	0	0
neutron	939.565	3.74692	99999.9	0	0
neutron	939.565	2.30144	99999.9	0	0
neutron	939.565	0.781133	99999.9	0	0
neutron	939.565	0.711182	99999.9	0	0
P31	28844.2	0.910615	99999.9	0	0
Ne23	21414.1	0.229126	99999.8	0	0
neutron	939.565	0.878991	99999.9	0	0
Ne22	20479.7	0.247451	99999.9	0	0
Ne23	21414.1	0.228827	99999.8	0	0
neutron	939.565	1.49416	99999.9	0	0
Ne22	20479.7	0.469296	99999.9	0	0
neutron	939.565	15.9607	99999.9	0	0
neutron	939.565	4.89881	99999.9	0	0
neutron	939.565	0.416128	99999.9	0	0
S32	29773.6	0.370537	99999.9	0	0
Ne23	21414.1	0.224766	99999.9	0	0
neutron	939.565	2.15049	99999.9	0	0
Ne22	20479.7	0.0561974	99999.9	0	0
neutron	939.565	0.550896	99999.9	0	0
Ne22	20479.7	0.241652	99999.9	0	0
Ne23	21414.1	0.226387	99999.9	0	0
neutron	939.565	11.3157	99999.9	0	0
neutron	939.565	9.39446	99999.9	0	0
neutron	939.565	4.72982	99999.9	0	0
S34	31632.7	1.64263	99999.9	0	0
S35	32565.3	0.166612	99999.9	0	0
S37	34430.2	0.138226	99999.8	0	0
neutron	939.565	4.72558	99999.9	0	0
neutron	939.565	0.99614	99999.9	0	0
alpha	3727.38	11.0242	99999.9	0	0
Si29	26984.3	1.19284	99999.9	0	0
neutron	939.565	12.6047	99999.8	0	0
neutron	939.565	9.75843	99999.8	0	0
neutron	939.565	1.81016	99999.8	0	0
alpha	3727.38	9.98724	99999.8	0	0
alpha	3727.38	4.12219	99999.8	0	0
C12	11174.9	3.23235	99999.8	0	0
neutron	939.565	2.505	99999.9	0	0
S36	33495	0.129381	99999.9	0	0
neutron	939.565	0.317771	99999.9	0	0
S34	31632.7	0.115718	99999.9	0	0
neutron	939.565	16.5816	99999.9	0	0
neutron	939.565	2.96623	99999.9	0	0
neutron	939.565	2.61738	99999.9	0	0
alpha	3727.38	5.06594	99999.9	0	0
O16	14895.1	0.512343	99999.9	0	0
Ne23	21414.1	0.214029	99999.9	0	0
neutron	939.565	2.93096	99999.9	0	0
Ne22	20479.7	0.0212372	99999.9	0	0
neutron	939.565	9.54692	99999.8	0	0
neutron	939.565	5.56398	99999.8	0	0
Ne21	19550.5	0.133793	99999.8	0	0
neutron	939.565	12.0266	99999.9	0	0
neutron	939.565	5.36109	99999.9	0	0
neutron	939.565	3.50245	99999.9	0	0
proton	938.272	2.65136	99999.9	0	0
proton	938.272	1.2451	99999.9	0	0
O18	16762	1.96257	99999.9	0	0
Ne23	21414.1	0.227257	99999.8	0	0
neutron	939.565	0.555405	99999.8	0	0
S34	31632.7	0.0696213	99999.8	0	0
Ne23	21414.1	0.222604	99999.9	0	0
neutron	939.565	3.04332	99999.9	0	0
S34	31632.7	0.0214322	99999.9	0	0
neutron	939.565	13.0703	99999.9	0	0
neutron	939.565	9.4831	99999.9	0	0
neutron	939.565	2.87467	99999.9	0	0
S34	31632.7	1.53313	99999.9	0	0
neutron	939.565	8.52602	99999.9	0	0
proton	938.272	6.14313	99999.9	0	0
neutron	939.565	5.07643	99999.9	0	0
neutron	939.565	0.869797	99999.9	0	0
F19	17692.3	0.437731	99999.9	0	0
proton	938.272	27.5971	99999.8	0	0
neutron	939.565	21.7622	99999.8	0	0
P33	30705.3	1.20748	99999.8	0	0
neutron	939.565	4.09178	99999.9	0	0
neutron	939.565	1.60325	99999.9	0	0
Ne21	19550.5	0.163222	99999.9	0	0
Ne23	21414.1	0.218484	99999.8	0	0
neutron	939.565	1.35375	99999.9	0	0
Ne22	20479.7	0.294399	99999.9	0	0
Ne23	21414.1	0.20141	99999.9	0	0
Ne23	21414.1	0.20758	99999.9	0	0
neutron	939.565	0.608452	99999.8	0	0
S34	31632.7	0.112642	99999.8	0	0
neutron	939.565	24.8423	99999.9	0	0
neutron	939.565	14.1846	99999.9	0	0
S35	32565.3	1.9022	99999.9	0	0
neutron	939.565	9.53575	99999.9	0	0
proton	938.272	9.17253	99999.9	0	0
neutron	939.565	2.09714	99999.9	0	0
P32	29775.8	0.597756	99999.9	0	0
Ne23	21414.1	0.231189	99999.8	0	0
neutron	939.565	1.97223	99999.8	0	0
S36	33495	0.108116	99999.8	0	0
neutron	939.565	0.425156	99999.9	0	0
Ne22	20479.7	0.284448	99999.9	0	0
neutron	939.565	0.823984	99999.9	0	0
S34	31632.7	0.164757	99999.9	0	0
neutron	939.565	1.38256	99999.9	0	0
S34	31632.7	0.250627	99999.9	0	0
neutron	939.565	13.0637	99999.9	0	0
neutron	939.565	8.98142	99999.9	0	0
S33	30704.6	0.322831	99999.9	0	0
S37	34430.2	0.138962	99999.9	0	0
Ne23	21414.1	0.204672	99999.9	0	0
Ne23	21414.1	0.210166	99999.8	0	0
Ne23	21414.1	0.217735	99999.9	0	0
neutron	939.565	10.8347	99999.9	0	0
neutron	939.565	1.60335	99999.9	0	0
neutron	939.565	0.702974	99999.9	0	0
S32	29773.6	0.161844	99999.9	0	0
neutron	939.565	0.679632	99999.9	0	0
S34	31632.7	0.107118	99999.9	0	0
Ne23	21414.1	0.209914	99999.9	0	0
neutron	939.565	0.47232	99999.8	0	0
S34	31632.7	0.20543	99999.8	0	0
S35	32565.3	0.15155	99999.9	0	0
neutron	939.565	2.2537	99999.9	0	0
Ne22	20479.7	0.576426	99999.9	0	0
neutron	939.565	15.6306	99999.8	0	0
neutron	939.565	4.59376	99999.8	0	0
neutron	939.565	0.824214	99999.8	0	0
Ne20	18617.7	0.510966	99999.8	0	0
neutron	939.565	0.512858	99999.9	0	0
Ne22	20479.7	0.2975	99999.9	0	0
Ne23	21414.1	0.214742	99999.8	0	0
Ne23	21414.1	0.233195	99999.9	0	0
neutron	939.565	22.111	99999.8	0	0
neutron	939.565	3.1885	99999.8	0	0
Ne21	19550.5	1.20663	99999.8	0	0
proton	938.272	19.1469	99999.9	0	0
neutron	939.565	3.63355	99999.9	0	0
neutron	939.565	1.93479	99999.9	0	0
neutron	939.565	1.6738	99999.9	0	0
F19	17692.3	0.712223	99999.9	0	0
neutron	939.565	1.02115	99999.9	0	0
S34	31632.7	0.0495084	99999.9	0	0
S35	32565.3	0.150049	99999.9	0	0
neutron	939.565	8.34918	99999.9	0	0
neutron	939.565	4.68389	99999.9	0	0
neutron	939.565	0.49206	99999.9	0	0
S32	29773.6	0.376196	99999.9	0	0
neutron	939.565	0.644635	99999.9	0	0
Ne22	20479.7	0.358198	99999.9	0	0
S37	34430.2	0.14259	99999.9	0	0
S35	32565.3	0.167232	99999.8	0	0
S35	32565.3	0.152331	99999.9	0	0
neutron	939.565	0.211386	99999.8	0	0
S34	31632.7	0.204763	99999.8	0	0
neutron	939.565	1.46079	99999.8	0	0
Ne22	20479.7	0.442764	99999.8	0	0
proton	938.272	24.6717	99999.8	0	0
proton	938.272	7.42801	99999.8	0	0
neutron	939.565	4.03807	99999.8	0	0
neutron	939.565	1.14409	99999.8	0	0
Si31	28846.2	2.22031	99999.8	0	0
neutron	939.565	4.72187	99999.9	0	0
Ne22	20479.7	0.123485	99999.9	0	0
S35	32565.3	0.146462	99999.8	0	0
S35	32565.3	0.165258	99999.9	0	0
neutron	939.565	0.350425	99999.9	0	0
deuteron	1875.61	16.967	99999.9	0	0
F20	18625.3	2.53339	99999.9	0	0
neutron	939.565	16.6148	99999.8	0	0
neutron	939.565	3.98189	99999.8	0	0
neutron	939.565	2.8476	99999.8	0	0
Ne20	18617.7	0.309807	99999.8	0	0
neutron	939.565	6.35003	99999.9	0	0
proton	938.272	5.86935	99999.9	0	0
P33	30705.3	0.600472	99999.9	0	0
Ne23	21414.1	0.224325	99999.9	0	0
neutron	939.565	4.83357	99999.9	0	0
neutron	939.565	4.73514	99999.9	0	0
neutron	939.565	0.186862	99999.9	0	0
Ne20	18617.7	0.161541	99999.9	0	0
neutron	939.565	3.10994	99999.8	0	0
neutron	939.565	0.693442	99999.8	0	0
neutron	939.565	0.48709	99999.8	0	0
S32	29773.6	0.367728	99999.8	0	0
Ne23	21414.1	0.232296	99999.9	0	0
neutron	939.565	1.58505	99999.9	0	0
S34	31632.7	0.310198	99999.9	0	0
Ne23	21414.1	0.2337	99999.9	0	0
neutron	939.565	2.58573	99999.9	0	0
S34	31632.7	0.284066	99999.9	0	0
neutron	939.565	8.00434	99999.9	0	0
neutron	939.565	1.34777	99999.9	0	0
neutron	939.565	0.74147	99999.9	0	0
S32	29773.6	0.246458	99999.9	0	0
neutron	939.565	23.7827	99999.9	0	0
neutron	939.565	8.75999	99999.9	0	0
neutron	939.565	6.77476	99999.9	0	0
Ne20	18617.7	0.607171	99999.9	0	0
neutron	939.565	1.98868	99999.8	0	0
deuteron	1875.61	29.3003	99999.8	0	0
F20	18625.3	2.07631	99999.8	0	0
neutron	939.565	18.4697	99999.9	0	0
neutron	939.565	8.74101	99999.9	0	0
neutron	939.565	1.92096	99999.9	0	0
alpha	3727.38	13.1935	99999.9	0	0
O16	14895.1	2.32362	99999.9	0	0
proton	938.272	52.7999	99999.9	0	0
neutron	939.565	2.59791	99999.9	0	0
neutron	939.565	2.41499	99999.9	0	0
P32	29775.8	1.06713	99999.9	0	0
neutron	939.565	0.166621	99999.9	0	0
Ne22	20479.7	0.304268	99999.9	0	0
neutron	939.565	22.4707	99999.9	0	0
neutron	939.565	1.76009	99999.9	0	0
Ne21	19550.5	0.361069	99999.9	0	0
S37	34430.2	0.139972	99999.9	0	0
S35	32565.3	0.165964	99999.9	0	0
neutron	939.565	1.44394	99999.8	0	0
S34	31632.7	0.171883	99999.8	0	0
neutron	939.565	5.03736	99999.9	0	0
neutron	939.565	2.39046	99999.9	0	0
deuteron	1875.61	3.09481	99999.9	0	0
alpha	3727.38	5.31891	99999.9	0	0
N15	13968.9	1.66436	99999.9	0	0
neutron	939.565	4.52647	99999.9	0	0
proton	938.272	2.12889	99999.9	0	0
P33	30705.3	0.352691	99999.9	0	0
neutron	939.565	31.2543	99999.8	0	0
neutron	939.565	6.99793	99999.8	0	0
proton	938.272	3.32861	99999.8	0	0
neutron	939.565	1.78321	99999.8	0	0
P31	28844.2	1.87564	99999.8	0	0
neutron	939.565	0.766395	99999.9	0	0
S34	31632.7	0.230413	99999.9	0	0
neutron	939.565	0.97028	99999.9	0	0
Ne22	20479.7	0.214627	99999.9	0	0
S35	32565.3	0.161911	99999.9	0	0
neutron	939.565	27.8241	99999.9	0	0
neutron	939.565	9.45675	99999.9	0	0
neutron	939.565	1.18506	99999.9	0	0
Ne20	18617.7	1.38758	99999.9	0	0
neutron	939.565	6.74442	99999.8	0	0
neutron	939.565	6.47477	99999.8	0	0
neutron	939.565	4.68017	99999.8	0	0
proton	938.272	2.28674	99999.8	0	0
alpha	3727.38	8.06212	99999.8	0	0
Al27	25126.5	3.98433	99999.8	0	0
Ne23	21414.1	0.220623	99999.9	0	0
neutron	939.565	2.53981	99999.8	0	0
S34	31632.7	0.0547843	99999.8	0	0
neutron	939.565	0.837987	99999.8	0	0
Ne22	20479.7	0.398212	99999.8	0	0
neutron	939.565	0.499183	99999.9	0	0
S34	31632.7	0.186505	99999.9	0	0
neutron	939.565	3.11512	99999.9	0	0
Ne22	20479.7	0.356517	99999.9	0	0
S37	34430.2	0.141501	99999.9	0	0
Ne23	21414.1	0.222688	99999.9	0	0
neutron	939.565	0.497667	99999.9	0	0
S34	31632.7	0.0930639	99999.9	0	0
neutron	939.565	0.882723	99999.9	0	0
S34	31632.7	0.141242	99999.9	0	0
proton	938.272	17.327	99999.9	0	0
neutron	939.565	3.33352	99999.9	0	0
neutron	939.565	2.13314	99999.9	0	0
neutron	939.565	0.163506	99999.9	0	0
P33	30705.3	0.501676	99999.9	0	0
neutron	939.565	13.5339	99999.9	0	0
neutron	939.565	4.58111	99999.9	0	0
neutron	939.565	1.53392	99999.9	0	0
alpha	3727.38	4.27819	99999.9	0	0
O16	14895.1	2.02751	99999.9	0	0
neutron	939.565	10.3458	99999.9	0	0
neutron	939.565	4.83537	99999.9	0	0
neutron	939.565	4.77765	99999.9	0	0
proton	938.272	2.65435	99999.9	0	0
deuteron	1875.61	9.38661	99999.9	0	0
Si29	26984.3	0.978607	99999.9	0	0
S35	32565.3	0.145799	99999.9	0	0
neutron	939.565	9.85873	99999.9	0	0
neutron	939.565	8.19714	99999.9	0	0
neutron	939.565	7.47298	99999.9	0	0
neutron	939.565	2.57572	99999.9	0	0
Ne19	17695	0.787123	99999.9	0	0
neutron	939.565	9.71503	99999.9	0	0
neutron	939.565	4.00506	99999.9	0	0
neutron	939.565	0.913643	99999.9	0	0
Ne20	18617.7	0.32762	99999.9	0	0
neutron	939.565	0.646288	99999.8	0	0
S36	33495	0.125352	99999.8	0	0
neutron	939.565	15.2797	99999.9	0	0
proton	938.272	12.4058	99999.9	0	0
neutron	939.565	5.23454	99999.9	0	0
neutron	939.565	5.15771	99999.9	0	0
F19	17692.3	3.69882	99999.9	0	0
neutron	939.565	0.756617	99999.9	0	0
S34	31632.7	0.066546	99999.9	0	0
Ne23	21414.1	0.234203	99999.8	0	0
Ne23	21414.1	0.227138	99999.8	0	0
neutron	939.565	3.70521	99999.9	0	0
neutron	939.565	2.3568	99999.9	0	0
S33	30704.6	0.211373	99999.9	0	0
S35	32565.3	0.167231	99999.9	0	0
neutron	939.565	4.29041	99999.9	0	0
neutron	939.565	3.74717	99999.9	0	0
neutron	939.565	2.43272	99999.9	0	0
Ne20	18617.7	0.284518	99999.9	0	0
Ne23	21414.1	0.228527	99999.9	0	0
Ne23	21414.1	0.232677	99999.9	0	0
neutron	939.565	3.80449	99999.9	0	0
neutron	939.565	2.27316	99999.9	0	0
neutron	939.565	0.781884	99999.9	0	0
Ne20	18617.7	0.395161	99999.9	0	0
neutron	939.565	14.2864	99999.8	0	0
proton	938.272	6.1516	99999.8	0	0
neutron	939.565	0.422295	99999.8	0	0
P32	29775.8	0.150365	99999.8	0	0
neutron	939.565	3.13104	99999.9	0	0
S34	31632.7	0.143761	99999.9	0	0
neutron	939.565	0.429918	99999.9	0	0
S34	31632.7	0.223085	99999.9	0	0
neutron	939.565	0.584992	99999.8	0	0
S34	31632.7	0.0647889	99999.8	0	0
neutron	939.565	0.151464	99999.9	0	0
S34	31632.7	0.173696	99999.9	0	0
neutron	939.565	12.4653	99999.9	0	0
neutron	939.565	8.64268	99999.9	0	0
neutron	939.565	7.17073	99999.9	0	0
neutron	939.565	3.84029	99999.9	0	0
S33	30704.6	0.784326	99999.9	0	0
neutron	939.565	8.21619	99999.9	0	0
proton	938.272	3.71157	99999.9	0	0
neutron	939.565	3.60888	99999.9	0	0
P32	29775.8	0.365878	99999.9	0	0
neutron	939.565	6.43103	99999.9	0	0
neutron	939.565	6.06867	99999.9	0	0
neutron	939.565	2.63297	99999.9	0	0
S34	31632.7	0.335765	99999.9	0	0
proton	938.272	15.9372	99999.8	0	0
neutron	939.565	5.68052	99999.8	0	0
neutron	939.565	0.333259	99999.8	0	0
F20	18625.3	1.5503	99999.8	0	0
neutron	939.565	0.0900663	99999.9	0	0
S36	33495	0.147887	99999.9	0	0
Ne23	21414.1	0.226931	99999.9	0	0
neutron	939.565	30.4168	99999.9	0	0
proton	938.272	4.56049	99999.9	0	0
neutron	939.565	2.22829	99999.9	0	0
neutron	939.565	2.1567	99999.9	0	0
neutron	939.565	1.19937	99999.9	0	0
P30	27917	1.05484	99999.9	0	0
neutron	939.565	6.65414	99999.9	0	0
proton	938.272	2.76482	99999.9	0	0
neutron	939.565	1.7551	99999.9	0	0
neutron	939.565	0.997896	99999.9	0	0
alpha	3727.38	11.3776	99999.9	0	0
Al27	25126.5	1.6413	99999.9	0	0
neutron	939.565	1.58037	99999.8	0	0
neutron	939.565	1.37047	99999.8	0	0
S33	30704.6	0.141654	99999.8	0	0
neutron	939.565	5.66844	99999.9	0	0
neutron	939.565	3.11015	99999.9	0	0
neutron	939.565	1.72222	99999.9	0	0
S32	29773.6	0.356071	99999.9	0	0
proton	938.272	11.6412	99999.8	0	0
neutron	939.565	4.91462	99999.8	0	0
neutron	939.565	3.58188	99999.8	0	0
neutron	939.565	1.32171	99999.8	0	0
deuteron	1875.61	3.29867	99999.8	0	0
Si29	26984.3	0.363999	99999.8	0	0
Ne23	21414.1	0.217686	99999.9	0	0
Ne23	21414.1	0.210724	99999.8	0	0
neutron	939.565	30.6508	99999.9	0	0
neutron	939.565	3.13381	99999.9	0	0
neutron	939.565	1.66053	99999.9	0	0
Ne20	18617.7	1.13552	99999.9	0	0
neutron	939.565	1.38653	99999.9	0	0
S34	31632.7	0.193317	99999.9	0	0
neutron	939.565	1.40741	99999.9	0	0
S34	31632.7	0.116078	99999.9	0	0
Ne23	21414.1	0.217619	99999.9	0	0
neutron	939.565	2.56567	99999.9	0	0
Ne22	20479.7	0.0137897	99999.9	0	0
neutron	939.565	0.525246	99999.8	0	0
Ne22	20479.7	0.218336	99999.8	0	0
neutron	939.565	23.7583	99999.9	0	0
neutron	939.565	2.4287	99999.9	0	0
Ne21	19550.5	0.951205	99999.9	0	0
S35	32565.3	0.148905	99999.9	0	0
neutron	939.565	5.51749	99999.8	0	0
neutron	939.565	0.280939	99999.8	0	0
neutron	939.565	0.123983	99999.8	0	0
S34	31632.7	0.560113	99999.8	0	0
neutron	939.565	5.39583	99999.9	0	0
neutron	939.565	3.75179	99999.9	0	0
Ne21	19550.5	0.348545	99999.9	0	0
neutron	939.565	0.477384	99999.9	0	0
S36	33495	0.166171	99999.9	0	0
neutron	939.565	0.0926307	99999.9	0	0
S34	31632.7	0.181105	99999.9	0	0
neutron	939.565	8.35241	100000	0	0
proton	938.272	6.74763	100000	0	0
neutron	939.565	4.65757	100000	0	0
neutron	939.565	1.01463	100000	0	0
deuteron	1875.61	11.5438	100000	0	0
O17	15830.5	0.928273	100000	0	0
Ne23	21414.1	0.229163	99999.8	0	0
neutron	939.565	0.500996	99999.8	0	0
S34	31632.7	0.131985	99999.8	0	0
neutron	939.565	0.624885	99999.8	0	0
S34	31632.7	0.150779	99999.8	0	0
proton	938.272	42.5053	99999.8	0	0
neutron	939.565	0.140382	99999.8	0	0
P33	30705.3	1.05482	99999.8	0	0
neutron	939.565	1.65507	99999.8	0	0
Ne22	20479.7	0.116474	99999.8	0	0
neutron	939.565	0.575977	99999.9	0	0
Ne22	20479.7	0.29323	99999.9	0	0
neutron	939.565	1.06652	99999.9	0	0
S34	31632.7	0.0988475	99999.9	0	0
S37	34430.2	0.143233	99999.9	0	0
neutron	939.565	0.12171	99999.8	0	0
S34	31632.7	0.164215	99999.8	0	0
neutron	939.565	4.23377	99999.9	0	0
neutron	939.565	3.85969	99999.9	0	0
neutron	939.565	2.87935	99999.9	0	0
alpha	3727.38	7.37361	99999.9	0	0
O16	14895.1	0.981214	99999.9	0	0
neutron	939.565	0.477078	99999.8	0	0
Ne22	20479.7	0.110104	99999.8	0	0
Ne23	21414.1	0.223011	99999.8	0	0
neutron	939.565	8.01541	99999.8	0	0
neutron	939.565	0.0698298	99999.8	0	0
alpha	3727.38	14.0767	99999.8	0	0
O17	15830.5	1.08118	99999.8	0	0
neutron	939.565	6.55072	99999.8	0	0
neutron	939.565	0.516111	99999.8	0	0
deuteron	1875.61	3.198	99999.8	0	0
P31	28844.2	0.581837	99999.8	0	0
Ne23	21414.1	0.219446	99999.9	0	0
neutron	939.565	17.3108	99999.9	0	0
neutron	939.565	9.90853	99999.9	0	0
neutron	939.565	4.60603	99999.9	0	0
Ne20	18617.7	1.73037	99999.9	0	0
neutron	939.565	5.1585	99999.9	0	0
neutron	939.565	3.96265	99999.9	0	0
neutron	939.565	2.23705	99999.9	0	0
alpha	3727.38	6.03898	99999.9	0	0
O16	14895.1	1.44312	99999.9	0	0
proton	938.272	19.7477	99999.8	0	0
proton	938.272	4.81736	99999.8	0	0
neutron	939.565	4.0643	99999.8	0	0
neutron	939.565	0.522519	99999.8	0	0
Si33	30711.6	0.713475	99999.8	0	0
neutron	939.565	0.448641	99999.8	0	0
S34	31632.7	0.240825	99999.8	0	0
S35	32565.3	0.158983	99999.9	0	0
neutron	939.565	15.1592	99999.9	0	0
neutron	939.565	8.99694	99999.9	0	0
neutron	939.565	3.74192	99999.9	0	0
S32	29773.6	0.301556	99999.9	0	0
Ne23	21414.1	0.228735	99999.9	0	0
neutron	939.565	39.0407	99999.8	0	0
neutron	939.565	5.02367	99999.8	0	0
neutron	939.565	3.12609	99999.8	0	0
proton	938.272	2.62504	99999.8	0	0
P31	28844.2	0.923745	99999.8	0	0
neutron	939.565	1.55682	99999.9	0	0
Ne22	20479.7	0.237995	99999.9	0	0
neutron	939.565	1.07827	99999.9	0	0
S36	33495	0.229823	99999.9	0	0
neutron	939.565	0.677586	99999.8	0	0
S34	31632.7	0.177502	99999.8	0	0
neutron	939.565	2.2469	99999.8	0	0
S36	33495	0.0509322	99999.8	0	0
neutron	939.565	12.4645	99999.9	0	0
neutron	939.565	2.41798	99999.9	0	0
neutron	939.565	2.14253	99999.9	0	0
S32	29773.6	0.0551461	99999.9	0	0
neutron	939.565	1.77132	99999.8	0	0
S34	31632.7	0.0764823	99999.8	0	0
neutron	939.565	1.13957	99999.8	0	0
S34	31632.7	0.133712	99999.8	0	0
Ne23	21414.1	0.233668	99999.8	0	0
proton	938.272	2.71032	99999.8	0	0
neutron	939.565	1.91706	99999.8	0	0
neutron	939.565	0.388929	99999.8	0	0
P32	29775.8	0.325633	99999.8	0	0
S35	32565.3	0.157743	99999.8	0	0
S37	34430.2	0.143852	99999.8	0	0
proton	938.272	4.10906	99999.9	0	0
proton	938.272	3.73273	99999.9	0	0
neutron	939.565	2.08343	99999.9	0	0
neutron	939.565	1.86764	99999.9	0	0
neutron	939.565	1.28022	99999.9	0	0
neutron	939.565	0.212256	99999.9	0	0
Si29	26984.3	0.31389	99999.9	0	0
neutron	939.565	0.360103	99999.9	0	0
Ne22	20479.7	0.13194	99999.9	0	0
neutron	939.565	29.2693	99999.9	0	0
neutron	939.565	6.25274	99999.9	0	0
neutron	939.565	2.93303	99999.9	0	0
neutron	939.565	2.51596	99999.9	0	0
neutron	939.565	0.296357	99999.9	0	0
S32	29773.6	1.0615	99999.9	0	0
neutron	939.565	4.40401	99999.9	0	0
neutron	939.565	0.196831	99999.9	0	0
Ne21	19550.5	0.378706	99999.9	0	0
neutron	939.565	2.76617	99999.8	0	0
S34	31632.7	0.0239554	99999.8	0	0
proton	938.272	23.283	99999.9	0	0
neutron	939.565	2.44809	99999.9	0	0
neutron	939.565	0.652299	99999.9	0	0
deuteron	1875.61	5.72086	99999.9	0	0
O18	16762	0.53058	99999.9	0	0
neutron	939.565	3.5463	99999.9	0	0
neutron	939.565	1.47855	99999.9	0	0
S33	30704.6	0.379896	99999.9	0	0
neutron	939.565	15.4378	99999.8	0	0
neutron	939.565	7.73991	99999.8	0	0
proton	938.272	7.55093	99999.8	0	0
proton	938.272	7.49511	99999.8	0	0
neutron	939.565	5.12095	99999.8	0	0
Si30	27913.2	0.465211	99999.8	0	0
neutron	939.565	12.4643	99999.8	0	0
neutron	939.565	5.50466	99999.8	0	0
neutron	939.565	4.08799	99999.8	0	0
alpha	3727.38	3.51065	99999.8	0	0
O16	14895.1	1.91079	99999.8	0	0
neutron	939.565	6.30393	99999.8	0	0
proton	938.272	5.99436	99999.8	0	0
neutron	939.565	2.0096	99999.8	0	0
deuteron	1875.61	3.13513	99999.8	0	0
Si30	27913.2	1.26901	99999.8	0	0
neutron	939.565	14.8595	99999.9	0	0
neutron	939.565	5.30488	99999.9	0	0
neutron	939.565	4.48716	99999.9	0	0
proton	938.272	3.58119	99999.9	0	0
P31	28844.2	0.834795	99999.9	0	0
S37	34430.2	0.14386	99999.9	0	0
neutron	939.565	0.245815	99999.8	0	0
Ne22	20479.7	0.239046	99999.8	0	0
neutron	939.565	29.9476	99999.9	0	0
neutron	939.565	9.62604	99999.9	0	0
neutron	939.565	0.908619	99999.9	0	0
S32	29773.6	0.115827	99999.9	0	0
neutron	939.565	1.07563	99999.8	0	0
S36	33495	0.206549	99999.8	0	0
neutron	939.565	0.470804	99999.9	0	0
S34	31632.7	0.188461	99999.9	0	0
neutron	939.565	0.596045	99999.9	0	0
S34	31632.7	0.114583	99999.9	0	0
neutron	939.565	0.107436	99999.8	0	0
Ne22	20479.7	0.272692	99999.8	0	0
neutron	939.565	6.92046	99999.9	0	0
Ne22	20479.7	0.645772	99999.9	0	0
S35	32565.3	0.166441	99999.8	0	0
neutron	939.565	2.49502	99999.9	0	0
S34	31632.7	0.0670961	99999.9	0	0
neutron	939.565	3.40799	99999.9	0	0
neutron	939.565	1.68802	99999.9	0	0
neutron	939.565	0.695024	99999.9	0	0
alpha	3727.38	4.9456	99999.9	0	0
O16	14895.1	0.511177	99999.9	0	0
neutron	939.565	0.290471	99999.9	0	0
Ne22	20479.7	0.169464	99999.9	0	0
neutron	939.565	11.465	99999.9	0	0
neutron	939.565	6.25891	99999.9	0	0
neutron	939.565	2.04065	99999.9	0	0
alpha	3727.38	8.04855	99999.9	0	0
O16	14895.1	2.19111	99999.9	0	0
Ne23	21414.1	0.230577	99999.8	0	0
neutron	939.565	3.00436	99999.8	0	0
S34	31632.7	0.0939585	99999.8	0	0
Ne23	21414.1	0.223824	99999.9	0	0
neutron	939.565	5.46915	99999.9	0	0
Ne22	20479.7	0.380183	99999.9	0	0
S37	34430.2	0.13105	99999.9	0	0
neutron	939.565	3.94258	99999.8	0	0
neutron	939.565	2.53852	99999.8	0	0
neutron	939.565	0.567384	99999.8	0	0
Ne20	18617.7	1.24636	99999.8	0	0
neutron	939.565	6.9519	99999.9	0	0
neutron	939.565	1.72494	99999.9	0	0
neutron	939.565	0.744365	99999.9	0	0
Ne20	18617.7	0.108403	99999.9	0	0
neutron	939.565	0.695705	99999.9	0	0
neutron	939.565	0.227085	99999.9	0	0
S33	30704.6	0.0884421	99999.9	0	0
Ne23	21414.1	0.223128	99999.8	0	0
Ne23	21414.1	0.228204	99999.9	0	0
neutron	939.565	0.520936	99999.9	0	0
S34	31632.7	0.235216	99999.9	0	0
Ne23	21414.1	0.226487	99999.9	0	0
neutron	939.565	16.7235	99999.9	0	0
proton	938.272	4.24266	99999.9	0	0
neutron	939.565	0.708054	99999.9	0	0
neutron	939.565	0.212396	99999.9	0	0
deuteron	1875.61	4.40235	99999.9	0	0
Si31	28846.2	1.02327	99999.9	0	0
neutron	939.565	1.32895	99999.9	0	0
S34	31632.7	0.16803	99999.9	0	0
neutron	939.565	6.16292	99999.9	0	0
neutron	939.565	2.92613	99999.9	0	0
Ne21	19550.5	0.664381	99999.9	0	0
neutron	939.565	2.10873	99999.9	0	0
S34	31632.7	0.215353	99999.9	0	0
neutron	939.565	13.7837	99999.9	0	0
proton	938.272	3.8343	99999.9	0	0
neutron	939.565	2.06325	99999.9	0	0
deuteron	1875.61	3.49092	99999.9	0	0
O18	16762	2.21619	99999.9	0	0
neutron	939.565	31.3247	99999.8	0	0
neutron	939.565	2.16091	99999.8	0	0
Ne21	19550.5	0.701388	99999.8	0	0
neutron	939.565	1.27695	99999.9	0	0
Ne22	20479.7	0.378792	99999.9	0	0
neutron	939.565	1.89393	99999.9	0	0
Ne22	20479.7	0.331519	99999.9	0	0
S35	32565.3	0.149497	99999.9	0	0
S37	34430.2	0.142072	99999.9	0	0
neutron	939.565	1.90917	99999.9	0	0
S34	31632.7	0.166982	99999.9	0	0
neutron	939.565	1.25983	99999.9	0	0
Ne22	20479.7	0.111008	99999.9	0	0
S35	32565.3	0.165964	99999.8	0	0
neutron	939.565	0.0316933	99999.8	0	0
Ne22	20479.7	0.24963	99999.8	0	0
Ne23	21414.1	0.234128	99999.8	0	0
neutron	939.565	2.88281	99999.9	0	0
S34	31632.7	0.135437	99999.9	0	0
Ne23	21414.1	0.224666	99999.9	0	0
neutron	939.565	2.76044	99999.9	0	0
S36	33495	0.0144733	99999.9	0	0
proton	938.272	13.0156	99999.9	0	0
proton	938.272	2.29709	99999.9	0	0
neutron	939.565	2.15017	99999.9	0	0
neutron	939.565	0.949432	99999.9	0	0
neutron	939.565	0.507069	99999.9	0	0
O18	16762	1.68019	99999.9	0	0
neutron	939.565	3.33963	99999.8	0	0
neutron	939.565	0.528644	99999.8	0	0
S33	30704.6	0.0547445	99999.8	0	0
Ne23	21414.1	0.215794	99999.9	0	0
proton	938.272	20.4114	99999.9	0	0
proton	938.272	3.2858	99999.9	0	0
neutron	939.565	2.06836	99999.9	0	0
neutron	939.565	1.14967	99999.9	0	0
neutron	939.565	0.994261	99999.9	0	0
Si30	27913.2	1.2352	99999.9	0	0
neutron	939.565	0.320113	99999.9	0	0
Ne22	20479.7	0.272212	99999.9	0	0
neutron	939.565	3.03382	99999.8	0	0
Ne22	20479.7	0.211291	99999.8	0	0
neutron	939.565	0.501124	99999.9	0	0
S36	33495	0.0785753	99999.9	0	0
neutron	939.565	1.60327	99999.9	0	0
neutron	939.565	0.777604	99999.9	0	0
Ne21	19550.5	0.0587882	99999.9	0	0
neutron	939.565	23.1407	99999.8	0	0
proton	938.272	5.61803	99999.8	0	0
F21	19556.7	1.45731	99999.8	0	0
neutron	939.565	3.35333	99999.8	0	0
S34	31632.7	0.260018	99999.8	0	0
neutron	939.565	2.86677	99999.9	0	0
neutron	939.565	1.89957	99999.9	0	0
Ne21	19550.5	0.20536	99999.9	0	0
Ne23	21414.1	0.22853	99999.9	0	0
neutron	939.565	1.96997	99999.9	0	0
deuteron	1875.61	19.0683	99999.9	0	0
P34	31638.6	1.16817	99999.9	0	0
neutron	939.565	0.389609	99999.9	0	0
S36	33495	0.0853799	99999.9	0	0
neutron	939.565	0.536938	99999.8	0	0
S34	31632.7	0.236606	99999.8	0	0
neutron	939.565	0.354228	99999.9	0	0
Ne22	20479.7	0.321506	99999.9	0	0
neutron	939.565	1.30536	99999.9	0	0
S34	31632.7	0.325828	99999.9	0	0
neutron	939.565	5.6833	99999.9	0	0
neutron	939.565	4.14377	99999.9	0	0
neutron	939.565	2.67785	99999.9	0	0
alpha	3727.38	5.04348	99999.9	0	0
O16	14895.1	1.24651	99999.9	0	0
neutron	939.565	3.37844	99999.9	0	0
alpha	3727.38	10.1088	99999.9	0	0
Si30	27913.2	2.022	99999.9	0	0
Ne23	21414.1	0.230927	99999.9	0	0
S37	34430.2	0.124353	99999.8	0	0
neutron	939.565	0.361385	99999.9	0	0
S34	31632.7	0.187733	99999.9	0	0
neutron	939.565	2.18914	99999.8	0	0
Ne22	20479.7	0.264426	99999.8	0	0
S35	32565.3	0.162622	99999.9	0	0
neutron	939.565	3.19891	99999.8	0	0
neutron	939.565	2.52271	99999.8	0	0
neutron	939.565	1.5571	99999.8	0	0
S32	29773.6	0.315014	99999.8	0	0
neutron	939.565	10.8832	99999.9	0	0
proton	938.272	4.80829	99999.9	0	0
neutron	939.565	1.14326	99999.9	0	0
neutron	939.565	0.446884	99999.9	0	0
P31	28844.2	0.212157	99999.9	0	0
Ne23	21414.1	0.210496	99999.9	0	0
S35	32565.3	0.147047	99999.8	0	0
proton	938.272	21.6831	99999.9	0	0
neutron	939.565	1.9589	99999.9	0	0
neutron	939.565	1.01979	99999.9	0	0
F20	18625.3	0.778667	99999.9	0	0
S35	32565.3	0.163619	99999.9	0	0
neutron	939.565	10.9774	99999.9	0	0
neutron	939.565	8.99593	99999.9	0	0
neutron	939.565	1.74101	99999.9	0	0
Ne20	18617.7	1.91696	99999.9	0	0
neutron	939.565	4.06246	99999.9	0	0
neutron	939.565	1.96632	99999.9	0	0
neutron	939.565	0.92882	99999.9	0	0
alpha	3727.38	5.82275	99999.9	0	0
O16	14895.1	0.560063	99999.9	0	0
S35	32565.3	0.166456	99999.9	0	0
neutron	939.565	0.75958	99999.8	0	0
Ne22	20479.7	0.194972	99999.8	0	0
neutron	939.565	1.90057	99999.8	0	0
S36	33495	0.154734	99999.8	0	0
neutron	939.565	11.8312	99999.8	0	0
Ne22	20479.7	0.464063	99999.8	0	0
S35	32565.3	0.13005	99999.8	0	0
neutron	939.565	0.417802	99999.9	0	0
Ne22	20479.7	0.296733	99999.9	0	0
S35	32565.3	0.152577	99999.8	0	0
Ne23	21414.1	0.219002	99999.9	0	0
proton	938.272	12.0358	99999.9	0	0
neutron	939.565	4.69344	99999.9	0	0
neutron	939.565	4.04992	99999.9	0	0
neutron	939.565	1.25096	99999.9	0	0
F19	17692.3	1.18718	99999.9	0	0
neutron	939.565	3.91907	99999.9	0	0
Ne22	20479.7	0.388409	99999.9	0	0
neutron	939.565	11.2104	99999.9	0	0
neutron	939.565	10.3026	99999.9	0	0
proton	938.272	6.16353	99999.9	0	0
proton	938.272	4.30829	99999.9	0	0
neutron	939.565	3.7255	99999.9	0	0
neutron	939.565	1.6607	99999.9	0	0
Si29	26984.3	3.35854	99999.9	0	0
S35	32565.3	0.144166	99999.9	0	0
neutron	939.565	12.542	99999.9	0	0
neutron	939.565	5.87879	99999.9	0	0
neutron	939.565	5.49211	99999.9	0	0
neutron	939.565	5.26815	99999.9	0	0
Ne19	17695	1.94382	99999.9	0	0
neutron	939.565	8.26632	99999.8	0	0
S34	31632.7	0.212838	99999.8	0	0
neutron	939.565	5.68059	99999.9	0	0
neutron	939.565	0.156211	99999.9	0	0
Ne21	19550.5	0.207566	99999.9	0	0
neutron	939.565	24.4399	99999.9	0	0
proton	938.272	11.1686	99999.9	0	0
neutron	939.565	2.13116	99999.9	0	0
neutron	939.565	2.04957	99999.9	0	0
P31	28844.2	0.354832	99999.9	0	0
neutron	939.565	0.212507	99999.9	0	0
S34	31632.7	0.140995	99999.9	0	0
proton	938.272	5.91088	99999.9	0	0
neutron	939.565	0.716235	99999.9	0	0
P33	30705.3	0.378149	99999.9	0	0
neutron	939.565	21.4737	99999.9	0	0
neutron	939.565	0.583673	99999.9	0	0
S33	30704.6	0.556901	99999.9	0	0
neutron	939.565	1.28426	99999.8	0	0
S34	31632.7	0.207067	99999.8	0	0
neutron	939.565	0.136501	99999.9	0	0
Ne22	20479.7	0.155927	99999.9	0	0
Ne23	21414.1	0.226867	99999.9	0	0
neutron	939.565	0.758896	99999.9	0	0
Ne22	20479.7	0.251705	99999.9	0	0
S37	34430.2	0.130893	99999.9	0	0
neutron	939.565	13.7027	99999.9	0	0
neutron	939.565	3.79973	99999.9	0	0
neutron	939.565	0.773124	99999.9	0	0
S34	31632.7	0.720472	99999.9	0	0
S35	32565.3	0.160721	99999.9	0	0
neutron	939.565	1.74898	99999.9	0	0
S34	31632.7	0.124449	99999.9	0	0
S35	32565.3	0.157358	99999.8	0	0
neutron	939.565	1.02037	99999.9	0	0
S34	31632.7	0.285137	99999.9	0	0
neutron	939.565	4.08438	99999.9	0	0
neutron	939.565	1.00097	99999.9	0	0
neutron	939.565	0.868781	99999.9	0	0
alpha	3727.38	7.71347	99999.9	0	0
Si30	27913.2	1.7129	99999.9	0	0
Ne23	21414.1	0.206053	99999.9	0	0
neutron	939.565	6.61052	99999.9	0	0
proton	938.272	5.95557	99999.9	0	0
neutron	939.565	5.07124	99999.9	0	0
neutron	939.565	0.567246	99999.9	0	0
P31	28844.2	0.054177	99999.9	0	0
neutron	939.565	0.498279	99999.8	0	0
Ne22	20479.7	0.34822	99999.8	0	0
neutron	939.565	13.2436	99999.9	0	0
neutron	939.565	3.62733	99999.9	0	0
neutron	939.565	2.73214	99999.9	0	0
alpha	3727.38	5.48332	99999.9	0	0
O16	14895.1	0.369532	99999.9	0	0
neutron	939.565	7.54753	99999.9	0	0
neutron	939.565	4.06502	99999.9	0	0
neutron	939.565	1.07888	99999.9	0	0
S34	31632.7	0.235693	99999.9	0	0
S35	32565.3	0.155561	99999.8	0	0
neutron	939.565	2.19845	99999.8	0	0
S34	31632.7	0.379912	99999.8	0	0
neutron	939.565	0.744875	99999.9	0	0
Ne22	20479.7	0.102591	99999.9	0	0
neutron	939.565	19.6363	99999.9	0	0
neutron	939.565	8.41003	99999.9	0	0
neutron	939.565	0.220951	99999.9	0	0
S32	29773.6	0.374515	99999.9	0	0
neutron	939.565	2.47599	99999.9	0	0
Ne22	20479.7	0.10256	99999.9	0	0
neutron	939.565	1.45436	99999.8	0	0
Ne22	20479.7	0.304906	99999.8	0	0
S35	32565.3	0.144445	99999.8	0	0
S35	32565.3	0.163312	99999.9	0	0
neutron	939.565	2.39251	99999.8	0	0
neutron	939.565	0.558287	99999.8	0	0
neutron	939.565	0.196984	99999.8	0	0
alpha	3727.38	9.10467	99999.8	0	0
Si30	27913.2	1.08116	99999.8	0	0
S35	32565.3	0.142198	99999.9	0	0
proton	938.272	38.7693	99999.8	0	0
proton	938.272	10.6085	99999.8	0	0
neutron	939.565	2.54858	99999.8	0	0
neutron	939.565	2.26739	99999.8	0	0
Si31	28846.2	0.992704	99999.8	0	0
Ne23	21414.1	0.216957	99999.9	0	0
neutron	939.565	13.1946	99999.9	0	0
neutron	939.565	5.65474	99999.9	0	0
Ne21	19550.5	1.52057	99999.9	0	0
neutron	939.565	0.156519	99999.8	0	0
S36	33495	0.149541	99999.8	0	0
proton	938.272	20.4907	99999.9	0	0
neutron	939.565	2.70054	99999.9	0	0
neutron	939.565	0.852343	99999.9	0	0
P32	29775.8	0.800666	99999.9	0	0
neutron	939.565	2.67321	99999.9	0	0
S34	31632.7	0.4059	99999.9	0	0
neutron	939.565	1.07772	99999.9	0	0
S36	33495	0.161655	99999.9	0	0
neutron	939.565	1.88583	99999.9	0	0
S34	31632.7	0.269826	99999.9	0	0
Ne23	21414.1	0.220085	99999.9	0	0
neutron	939.565	17.1755	99999.9	0	0
neutron	939.565	7.57356	99999.9	0	0
neutron	939.565	0.951782	99999.9	0	0
S34	31632.7	0.869635	99999.9	0	0
neutron	939.565	0.418821	99999.9	0	0
Ne22	20479.7	0.145889	99999.9	0	0
neutron	939.565	4.27738	99999.9	0	0
neutron	939.565	3.71742	99999.9	0	0
neutron	939.565	0.602314	99999.9	0	0
Ne20	18617.7	0.576546	99999.9	0	0
Ne23	21414.1	0.22074	99999.8	0	0
neutron	939.565	0.278524	99999.9	0	0
S34	31632.7	0.181465	99999.9	0	0
Ne23	21414.1	0.223289	99999.8	0	0
neutron	939.565	2.23063	99999.9	0	0
neutron	939.565	1.70743	99999.9	0	0
alpha	3727.38	11.3832	99999.9	0	0
Si29	26984.3	2.79115	99999.9	0	0
Ne23	21414.1	0.208971	99999.9	0	0
neutron	939.565	21.8104	99999.8	0	0
proton	938.272	5.63652	99999.8	0	0
neutron	939.565	2.77732	99999.8	0	0
neutron	939.565	1.67566	99999.8	0	0
P31	28844.2	0.766102	99999.8	0	0
neutron	939.565	0.966495	99999.8	0	0
S34	31632.7	0.147413	99999.8	0	0
neutron	939.565	0.78851	99999.9	0	0
Ne22	20479.7	0.256607	99999.9	0	0
Ne23	21414.1	0.228588	99999.8	0	0
S37	34430.2	0.136748	99999.9	0	0
Ne23	21414.1	0.229593	99999.9	0	0
neutron	939.565	1.25938	99999.9	0	0
S34	31632.7	0.198427	99999.9	0	0
Ne23	21414.1	0.217673	99999.9	0	0
neutron	939.565	6.09088	99999.9	0	0
S36	33495	0.13039	99999.9	0	0
Ne23	21414.1	0.227071	99999.9	0	0
neutron	939.565	18.9576	99999.9	0	0
neutron	939.565	2.82955	99999.9	0	0
neutron	939.565	2.23514	99999.9	0	0
S32	29773.6	0.387352	99999.9	0	0
neutron	939.565	8.45517	99999.8	0	0
Ne22	20479.7	0.445076	99999.8	0	0
neutron	939.565	2.13323	99999.9	0	0
neutron	939.565	0.383894	99999.9	0	0
Ne21	19550.5	0.262115	99999.9	0	0
neutron	939.565	1.11351	99999.9	0	0
Ne22	20479.7	0.247444	99999.9	0	0
Ne23	21414.1	0.227371	99999.9	0	0
neutron	939.565	6.43437	99999.8	0	0
neutron	939.565	6.37265	99999.8	0	0
neutron	939.565	0.629819	99999.8	0	0
Ne20	18617.7	0.408132	99999.8	0	0
S35	32565.3	0.163726	99999.8	0	0
proton	938.272	12.4325	99999.9	0	0
neutron	939.565	1.51065	99999.9	0	0
P33	30705.3	0.116546	99999.9	0	0
neutron	939.565	1.59782	99999.9	0	0
neutron	939.565	0.530316	99999.9	0	0
Ne21	19550.5	0.090554	99999.9	0	0
neutron	939.565	1.34082	99999.9	0	0
S34	31632.7	0.256303	99999.9	0	0
Ne23	21414.1	0.206122	99999.8	0	0
neutron	939.565	10.3639	99999.9	0	0
proton	938.272	5.49245	99999.9	0	0
proton	938.272	3.63243	99999.9	0	0
Si32	29776.6	0.284568	99999.9	0	0
neutron	939.565	0.212487	99999.8	0	0
S34	31632.7	0.125086	99999.8	0	0
neutron	939.565	0.635613	99999.9	0	0
Ne22	20479.7	0.127347	99999.9	0	0
neutron	939.565	3.67341	99999.9	0	0
neutron	939.565	1.3076	99999.9	0	0
neutron	939.565	0.763492	99999.9	0	0
S32	29773.6	0.212178	99999.9	0	0
neutron	939.565	7.40031	99999.9	0	0
neutron	939.565	3.45265	99999.9	0	0
proton	938.272	3.38124	99999.9	0	0
neutron	939.565	2.03643	99999.9	0	0
P31	28844.2	0.683241	99999.9	0	0
Ne23	21414.1	0.22637	99999.9	0	0
neutron	939.565	10.0605	99999.9	0	0
neutron	939.565	2.84431	99999.9	0	0
neutron	939.565	1.95669	99999.9	0	0
alpha	3727.38	9.49746	99999.9	0	0
O16	14895.1	2.19892	99999.9	0	0
neutron	939.565	0.337382	99999.9	0	0
S34	31632.7	0.107356	99999.9	0	0
neutron	939.565	0.965415	99999.9	0	0
Ne22	20479.7	0.0915871	99999.9	0	0
proton	938.272	8.31782	99999.9	0	0
neutron	939.565	4.71005	99999.9	0	0
neutron	939.565	1.15956	99999.9	0	0
neutron	939.565	0.735852	99999.9	0	0
F19	17692.3	0.335478	99999.9	0	0
S35	32565.3	0.166933	99999.9	0	0
neutron	939.565	13.1107	99999.9	0	0
neutron	939.565	6.03504	99999.9	0	0
neutron	939.565	2.07745	99999.9	0	0
alpha	3727.38	8.22943	99999.9	0	0
O16	14895.1	3.65017	99999.9	0	0
proton	938.272	2.98978	99999.9	0	0
neutron	939.565	2.5626	99999.9	0	0
neutron	939.565	1.43891	99999.9	0	0
neutron	939.565	0.131673	99999.9	0	0
P31	28844.2	0.230915	99999.9	0	0
neutron	939.565	0.255335	99999.9	0	0
Ne22	20479.7	0.274789	99999.9	0	0
neutron	939.565	1.44133	99999.9	0	0
S34	31632.7	0.153201	99999.9	0	0
neutron	939.565	1.11774	99999.9	0	0
S34	31632.7	0.196262	99999.9	0	0
S35	32565.3	0.162694	99999.9	0	0
neutron	939.565	15.0145	99999.8	0	0
neutron	939.565	2.01823	99999.8	0	0
Ne21	19550.5	1.59539	99999.8	0	0
proton	938.272	11.4551	99999.9	0	0
neutron	939.565	7.24427	99999.9	0	0
neutron	939.565	5.04941	99999.9	0	0
neutron	939.565	4.40484	99999.9	0	0
F19	17692.3	0.280987	99999.9	0	0
neutron	939.565	0.200736	99999.9	0	0
Ne22	20479.7	0.150892	99999.9	0	0
S35	32565.3	0.154932	99999.8	0	0
neutron	939.565	5.36014	99999.9	0	0
neutron	939.565	4.82071	99999.9	0	0
neutron	939.565	1.629	99999.9	0	0
S34	31632.7	0.0930863	99999.9	0	0
S35	32565.3	0.153908	99999.9	0	0
neutron	939.565	2.10487	99999.8	0	0
S34	31632.7	0.133807	99999.8	0	0
proton	938.272	8.85645	99999.9	0	0
neutron	939.565	5.0773	99999.9	0	0
neutron	939.565	4.11689	99999.9	0	0
neutron	939.565	1.06149	99999.9	0	0
F19	17692.3	0.972742	99999.9	0	0
proton	938.272	7.44777	99999.9	0	0
neutron	939.565	6.77695	99999.9	0	0
neutron	939.565	2.85388	99999.9	0	0
neutron	939.565	1.73049	99999.9	0	0
P31	28844.2	0.659546	99999.9	0	0
S35	32565.3	0.163192	99999.9	0	0
neutron	939.565	0.586723	99999.9	0	0
S34	31632.7	0.145962	99999.9	0	0
neutron	939.565	1.00014	99999.9	0	0
Ne22	20479.7	0.219685	99999.9	0	0
S35	32565.3	0.155991	99999.8	0	0
neutron	939.565	1.14783	99999.9	0	0
Ne22	20479.7	0.230551	99999.9	0	0
neutron	939.565	0.692249	99999.8	0	0
S34	31632.7	0.0911676	99999.8	0	0
neutron	939.565	2.04948	99999.8	0	0
Ne22	20479.7	0.0190799	99999.8	0	0
neutron	939.565	20.3728	99999.8	0	0
neutron	939.565	3.73749	99999.8	0	0
neutron	939.565	3.57598	99999.8	0	0
S32	29773.6	0.0761105	99999.8	0	0
neutron	939.565	6.7555	99999.9	0	0
neutron	939.565	1.0384	99999.9	0	0
S35	32565.3	0.200317	99999.9	0	0
neutron	939.565	0.988909	99999.9	0	0
Ne22	20479.7	0.22554	99999.9	0	0
neutron	939.565	11.8496	99999.9	0	0
neutron	939.565	3.84579	99999.9	0	0
neutron	939.565	0.794881	99999.9	0	0
Ne20	18617.7	1.46261	99999.9	0	0
neutron	939.565	0.563189	99999.8	0	0
S34	31632.7	0.161302	99999.8	0	0
neutron	939.565	2.01908	99999.9	0	0
S34	31632.7	0.140046	99999.9	0	0
neutron	939.565	8.37497	99999.8	0	0
proton	938.272	4.27734	99999.8	0	0
proton	938.272	3.46413	99999.8	0	0
neutron	939.565	0.0794255	99999.8	0	0
Si31	28846.2	1.12562	99999.8	0	0
Ne23	21414.1	0.224577	99999.9	0	0
neutron	939.565	0.734532	99999.8	0	0
S34	31632.7	0.217576	99999.8	0	0
neutron	939.565	0.248764	99999.9	0	0
Ne22	20479.7	0.283723	99999.9	0	0
neutron	939.565	2.35923	99999.9	0	0
neutron	939.565	0.422858	99999.9	0	0
Ne21	19550.5	0.460478	99999.9	0	0
Ne23	21414.1	0.222818	99999.8	0	0
neutron	939.565	0.949165	99999.8	0	0
S34	31632.7	0.252377	99999.8	0	0
neutron	939.565	0.784492	99999.8	0	0
Ne22	20479.7	0.154003	99999.8	0	0
neutron	939.565	4.60644	99999.9	0	0
Ne22	20479.7	0.670273	99999.9	0	0
S35	32565.3	0.146676	99999.9	0	0
neutron	939.565	0.0846482	99999.9	0	0
S34	31632.7	0.17458	99999.9	0	0
S35	32565.3	0.162348	99999.9	0	0
Ne23	21414.1	0.210288	99999.9	0	0
neutron	939.565	4.7258	99999.8	0	0
neutron	939.565	3.69857	99999.8	0	0
neutron	939.565	1.64055	99999.8	0	0
S34	31632.7	0.296732	99999.8	0	0
S35	32565.3	0.16478	99999.9	0	0
Ne23	21414.1	0.23114	99999.9	0	0
neutron	939.565	12.4116	99999.9	0	0
neutron	939.565	2.623	99999.9	0	0
S35	32565.3	0.506289	99999.9	0	0
neutron	939.565	19.8417	99999.8	0	0
neutron	939.565	7.82099	99999.8	0	0
neutron	939.565	2.28748	99999.8	0	0
S32	29773.6	0.50562	99999.8	0	0
neutron	939.565	0.579409	99999.9	0	0
S34	31632.7	0.217776	99999.9	0	0
neutron	939.565	0.379355	99999.9	0	0
S34	31632.7	0.13028	99999.9	0	0
neutron	939.565	0.863851	99999.8	0	0
S34	31632.7	0.135959	99999.8	0	0
neutron	939.565	1.09472	99999.9	0	0
S34	31632.7	0.148052	99999.9	0	0
neutron	939.565	0.532552	99999.9	0	0
Ne22	20479.7	0.14779	99999.9	0	0
S35	32565.3	0.166961	99999.9	0	0
neutron	939.565	1.26703	99999.9	0	0
S34	31632.7	0.0409744	99999.9	0	0
neutron	939.565	0.857436	99999.8	0	0
Ne22	20479.7	0.412629	99999.8	0	0
neutron	939.565	5.98661	99999.9	0	0
proton	938.272	5.61565	99999.9	0	0
proton	938.272	2.29152	99999.9	0	0
neutron	939.565	1.05386	99999.9	0	0
O19	17697.6	0.301439	99999.9	0	0
Ne23	21414.1	0.199622	99999.9	0	0
neutron	939.565	2.65644	99999.8	0	0
neutron	939.565	1.62156	99999.8	0	0
S33	30704.6	0.0835814	99999.8	0	0
neutron	939.565	6.77398	99999.9	0	0
neutron	939.565	3.65832	99999.9	0	0
neutron	939.565	1.22193	99999.9	0	0
Ne20	18617.7	0.0741122	99999.9	0	0
neutron	939.565	1.30877	99999.9	0	0
S36	33495	0.108987	99999.9	0	0
proton	938.272	3.59991	99999.9	0	0
neutron	939.565	1.09319	99999.9	0	0
neutron	939.565	0.659439	99999.9	0	0
P32	29775.8	0.55764	99999.9	0	0
S35	32565.3	0.149008	99999.8	0	0
neutron	939.565	0.378712	99999.8	0	0
Ne22	20479.7	0.314563	99999.8	0	0
neutron	939.565	9.45905	99999.8	0	0
neutron	939.565	2.82987	99999.8	0	0
proton	938.272	1.75042	99999.8	0	0
deuteron	1875.61	4.67991	99999.8	0	0
O18	16762	0.837867	99999.8	0	0
neutron	939.565	4.60414	99999.9	0	0
neutron	939.565	2.61745	99999.9	0	0
S33	30704.6	0.878401	99999.9	0	0
neutron	939.565	2.60966	99999.9	0	0
neutron	939.565	2.13353	99999.9	0	0
Ne21	19550.5	0.447122	99999.9	0	0
S35	32565.3	0.144412	99999.9	0	0
neutron	939.565	17.974	99999.9	0	0
neutron	939.565	11.3806	99999.9	0	0
neutron	939.565	6.26588	99999.9	0	0
Ne20	18617.7	0.36416	99999.9	0	0
neutron	939.565	23.3496	99999.9	0	0
neutron	939.565	6.213	99999.9	0	0
proton	938.272	2.16656	99999.9	0	0
neutron	939.565	0.862337	99999.9	0	0
alpha	3727.38	6.93542	99999.9	0	0
N15	13968.9	5.83909	99999.9	0	0
neutron	939.565	0.786611	99999.9	0	0
S34	31632.7	0.125634	99999.9	0	0
Ne23	21414.1	0.222867	99999.8	0	0
neutron	939.565	0.116198	99999.8	0	0
S34	31632.7	0.140729	99999.8	0	0
neutron	939.565	0.618147	99999.8	0	0
Ne22	20479.7	0.322151	99999.8	0	0
neutron	939.565	12.8078	99999.9	0	0
alpha	3727.38	5.96817	99999.9	0	0
O18	16762	1.12734	99999.9	0	0
proton	938.272	13.2405	99999.8	0	0
neutron	939.565	5.91676	99999.8	0	0
proton	938.272	5.47272	99999.8	0	0
neutron	939.565	5.42668	99999.8	0	0
neutron	939.565	3.36	99999.8	0	0
neutron	939.565	2.76889	99999.8	0	0
Si29	26984.3	0.908973	99999.8	0	0
Ne23	21414.1	0.222751	99999.9	0	0
neutron	939.565	27.0865	99999.9	0	0
neutron	939.565	0.795576	99999.9	0	0
Ne21	19550.5	1.16399	99999.9	0	0
neutron	939.565	0.931212	99999.9	0	0
S34	31632.7	0.118788	99999.9	0	0
S35	32565.3	0.138231	99999.8	0	0
Ne23	21414.1	0.21983	99999.9	0	0
neutron	939.565	27.9196	99999.8	0	0
neutron	939.565	15.3178	99999.8	0	0
neutron	939.565	3.96296	99999.8	0	0
alpha	3727.38	6.67158	99999.8	0	0
O16	14895.1	6.99524	99999.8	0	0
neutron	939.565	10.2643	99999.9	0	0
neutron	939.565	7.86574	99999.9	0	0
neutron	939.565	4.70391	99999.9	0	0
proton	938.272	4.14893	99999.9	0	0
alpha	3727.38	5.64834	99999.9	0	0
N15	13968.9	3.92591	99999.9	0	0
neutron	939.565	12.0329	99999.9	0	0
neutron	939.565	8.03595	99999.9	0	0
neutron	939.565	2.57489	99999.9	0	0
Ne20	18617.7	0.877011	99999.9	0	0
neutron	939.565	2.30999	99999.9	0	0
neutron	939.565	0.144853	99999.9	0	0
S33	30704.6	0.276771	99999.9	0	0
Ne23	21414.1	0.224899	99999.8	0	0
neutron	939.565	6.57586	99999.9	0	0
neutron	939.565	1.39631	99999.9	0	0
neutron	939.565	1.25392	99999.9	0	0
S34	31632.7	0.56071	99999.9	0	0
neutron	939.565	0.25965	99999.9	0	0
S34	31632.7	0.192789	99999.9	0	0
S35	32565.3	0.139612	99999.8	0	0
neutron	939.565	1.458	99999.8	0	0
S34	31632.7	0.108985	99999.8	0	0
Ne23	21414.1	0.211393	99999.8	0	0
neutron	939.565	21.1214	99999.9	0	0
neutron	939.565	4.60755	99999.9	0	0
neutron	939.565	4.43028	99999.9	0	0
alpha	3727.38	6.24301	99999.9	0	0
O16	14895.1	3.27642	99999.9	0	0
Ne23	21414.1	0.216138	99999.9	0	0
neutron	939.565	0.933038	99999.8	0	0
S36	33495	0.243489	99999.8	0	0
neutron	939.565	25.9206	99999.8	0	0
proton	938.272	11.3905	99999.8	0	0
neutron	939.565	1.04371	99999.8	0	0
P32	29775.8	0.374715	99999.8	0	0
neutron	939.565	0.427752	99999.9	0	0
Ne22	20479.7	0.177985	99999.9	0	0
neutron	939.565	5.39118	99999.9	0	0
neutron	939.565	1.19758	99999.9	0	0
S33	30704.6	0.465015	99999.9	0	0
proton	938.272	6.38952	99999.9	0	0
neutron	939.565	4.0568	99999.9	0	0
neutron	939.565	2.0274	99999.9	0	0
deuteron	1875.61	3.18413	99999.9	0	0
Si30	27913.2	0.268103	99999.9	0	0
neutron	939.565	0.830639	99999.9	0	0
Ne22	20479.7	0.24567	99999.9	0	0
neutron	939.565	13.1674	99999.9	0	0
neutron	939.565	8.11838	99999.9	0	0
proton	938.272	6.21632	99999.9	0	0
proton	938.272	6.17246	99999.9	0	0
neutron	939.565	2.2135	99999.9	0	0
Si30	27913.2	1.33895	99999.9	0	0
neutron	939.565	0.466113	99999.9	0	0
Ne22	20479.7	0.289617	99999.9	0	0
neutron	939.565	0.514843	99999.9	0	0
S34	31632.7	0.0954682	99999.9	0	0
Ne23	21414.1	0.211406	99999.8	0	0
neutron	939.565	1.88668	99999.9	0	0
S34	31632.7	0.081183	99999.9	0	0
S37	34430.2	0.139541	99999.8	0	0
S35	32565.3	0.16266	99999.9	0	0
S35	32565.3	0.138956	99999.9	0	0
Ne23	21414.1	0.229267	99999.9	0	0
S37	34430.2	0.140312	99999.9	0	0
neutron	939.565	2.2743	99999.9	0	0
S34	31632.7	0.372022	99999.9	0	0
neutron	939.565	4.01261	99999.9	0	0
Ne22	20479.7	0.421592	99999.9	0	0
neutron	939.565	10.7567	99999.8	0	0
neutron	939.565	7.83207	99999.8	0	0
neutron	939.565	1.74341	99999.8	0	0
alpha	3727.38	7.04745	99999.8	0	0
O16	14895.1	2.88846	99999.8	0	0
neutron	939.565	0.617075	99999.8	0	0
S36	33495	0.212856	99999.8	0	0
Ne23	21414.1	0.219159	99999.9	0	0
neutron	939.565	0.26404	99999.9	0	0
S34	31632.7	0.199199	99999.9	0	0
S35	32565.3	0.147477	99999.8	0	0
neutron	939.565	1.37281	99999.9	0	0
Ne22	20479.7	0.340535	99999.9	0	0
neutron	939.565	0.626735	99999.9	0	0
Ne22	20479.7	0.126488	99999.9	0	0
S37	34430.2	0.144791	99999.9	0	0
Ne23	21414.1	0.20777	99999.9	0	0
neutron	939.565	7.26194	99999.9	0	0
proton	938.272	5.97643	99999.9	0	0
neutron	939.565	3.90956	99999.9	0	0
neutron	939.565	1.86233	99999.9	0	0
P31	28844.2	0.207548	99999.9	0	0
neutron	939.565	0.041415	99999.9	0	0
S34	31632.7	0.170199	99999.9	0	0
neutron	939.565	20.5495	99999.9	0	0
neutron	939.565	3.29656	99999.9	0	0
neutron	939.565	2.82691	99999.9	0	0
proton	938.272	2.45135	99999.9	0	0
P31	28844.2	1.74175	99999.9	0	0
neutron	939.565	2.55343	99999.9	0	0
S34	31632.7	0.0276236	99999.9	0	0
neutron	939.565	1.34629	99999.9	0	0
S34	31632.7	0.0915261	99999.9	0	0
neutron	939.565	1.79835	99999.9	0	0
S34	31632.7	0.248583	99999.9	0	0
neutron	939.565	1.97312	99999.8	0	0
Ne22	20479.7	0.42535	99999.8	0	0
Ne23	21414.1	0.230816	99999.9	0	0
Ne23	21414.1	0.21703	99999.9	0	0
neutron	939.565	20.7074	99999.8	0	0
neutron	939.565	2.428	99999.8	0	0
alpha	3727.38	8.34031	99999.8	0	0
Si29	26984.3	1.87589	99999.8	0	0
neutron	939.565	1.63404	99999.9	0	0
S34	31632.7	0.0576031	99999.9	0	0
neutron	939.565	15.8372	99999.9	0	0
neutron	939.565	4.98075	99999.9	0	0
neutron	939.565	0.117679	99999.9	0	0
S34	31632.7	0.469124	99999.9	0	0
neutron	939.565	1.3875	99999.9	0	0
Ne22	20479.7	0.345013	99999.9	0	0
neutron	939.565	1.59783	99999.9	0	0
Ne22	20479.7	0.330168	99999.9	0	0
neutron	939.565	0.257868	99999.9	0	0
Ne22	20479.7	0.229326	99999.9	0	0
neutron	939.565	0.149093	99999.8	0	0
S36	33495	0.115341	99999.8	0	0
neutron	939.565	3.4424	99999.9	0	0
neutron	939.565	2.64911	99999.9	0	0
neutron	939.565	0.0740205	99999.9	0	0
S32	29773.6	0.196823	99999.9	0	0
Ne23	21414.1	0.218701	99999.8	0	0
proton	938.272	17.9883	99999.9	0	0
neutron	939.565	4.00969	99999.9	0	0
neutron	939.565	1.93191	99999.9	0	0
neutron	939.565	1.6676	99999.9	0	0
P31	28844.2	0.139725	99999.9	0	0
neutron	939.565	2.09654	99999.9	0	0
S34	31632.7	0.266671	99999.9	0	0
neutron	939.565	0.109165	99999.8	0	0
S34	31632.7	0.17858	99999.8	0	0
S35	32565.3	0.133441	99999.9	0	0
Ne23	21414.1	0.220703	99999.8	0	0
neutron	939.565	35.3268	99999.8	0	0
neutron	939.565	0.935624	99999.8	0	0
alpha	3727.38	15.7538	99999.8	0	0
Si29	26984.3	1.00962	99999.8	0	0
neutron	939.565	2.68132	99999.9	0	0
neutron	939.565	1.67192	99999.9	0	0
neutron	939.565	1.48695	99999.9	0	0
neutron	939.565	0.608063	99999.9	0	0
S33	30704.6	0.0394247	99999.9	0	0
Ne23	21414.1	0.204396	99999.9	0	0
neutron	939.565	1.20611	99999.8	0	0
S34	31632.7	0.265262	99999.8	0	0
neutron	939.565	3.72908	99999.9	0	0
neutron	939.565	1.47787	99999.9	0	0
neutron	939.565	1.42757	99999.9	0	0
S32	29773.6	0.0491853	99999.9	0	0
neutron	939.565	0.653685	99999.8	0	0
S34	31632.7	0.115774	99999.8	0	0
S35	32565.3	0.156349	99999.9	0	0
Ne23	21414.1	0.218294	99999.9	0	0
neutron	939.565	1.06741	99999.8	0	0
S34	31632.7	0.120622	99999.8	0	0
neutron	939.565	5.00227	99999.9	0	0
S34	31632.7	0.231048	99999.9	0	0
neutron	939.565	16.099	99999.9	0	0
proton	938.272	8.23598	99999.9	0	0
neutron	939.565	0.178611	99999.9	0	0
F20	18625.3	2.76565	99999.9	0	0
Ne23	21414.1	0.224754	99999.9	0	0
neutron	939.565	3.7106	99999.8	0	0
neutron	939.565	2.09535	99999.8	0	0
neutron	939.565	0.6448	99999.8	0	0
S32	29773.6	0.371425	99999.8	0	0
proton	938.272	7.9956	99999.8	0	0
neutron	939.565	5.69569	99999.8	0	0
neutron	939.565	1.29499	99999.8	0	0
deuteron	1875.61	7.8842	99999.8	0	0
Si30	27913.2	0.932561	99999.8	0	0
neutron	939.565	8.16048	99999.8	0	0
neutron	939.565	3.4911	99999.8	0	0
proton	938.272	2.88633	99999.8	0	0
neutron	939.565	2.0196	99999.8	0	0
deuteron	1875.61	2.98296	99999.8	0	0
O17	15830.5	1.5629	99999.8	0	0
S35	32565.3	0.167256	99999.9	0	0
neutron	939.565	5.38507	99999.8	0	0
Ne22	20479.7	0.0125395	99999.8	0	0
neutron	939.565	1.26898	99999.8	0	0
S34	31632.7	0.165234	99999.8	0	0
neutron	939.565	8.05518	99999.9	0	0
neutron	939.565	5.7004	99999.9	0	0
neutron	939.565	4.42567	99999.9	0	0
proton	938.272	2.29192	99999.9	0	0
alpha	3727.38	4.87624	99999.9	0	0
N15	13968.9	3.97512	99999.9	0	0
Ne23	21414.1	0.232412	99999.8	0	0
proton	938.272	15.9308	99999.9	0	0
neutron	939.565	13.5276	99999.9	0	0
neutron	939.565	0.741576	99999.9	0	0
P34	31638.6	0.253551	99999.9	0	0
neutron	939.565	0.995175	99999.9	0	0
S34	31632.7	0.241106	99999.9	0	0
proton	938.272	4.54503	99999.9	0	0
neutron	939.565	2.18359	99999.9	0	0
neutron	939.565	1.95401	99999.9	0	0
neutron	939.565	1.676	99999.9	0	0
neutron	939.565	1.17116	99999.9	0	0
F18	16763.2	0.0920567	99999.9	0	0
neutron	939.565	5.27634	99999.9	0	0
neutron	939.565	3.53174	99999.9	0	0
neutron	939.565	0.594098	99999.9	0	0
Ne20	18617.7	0.359647	99999.9	0	0
proton	938.272	7.65158	99999.8	0	0
neutron	939.565	2.28734	99999.8	0	0
neutron	939.565	0.727184	99999.8	0	0
neutron	939.565	0.486642	99999.8	0	0
P31	28844.2	0.432529	99999.8	0	0
neutron	939.565	0.119239	99999.8	0	0
S34	31632.7	0.180809	99999.8	0	0
Ne23	21414.1	0.202979	99999.8	0	0
neutron	939.565	11.3452	99999.8	0	0
deuteron	1875.61	9.21167	99999.8	0	0
F20	18625.3	2.73872	99999.8	0	0
proton	938.272	31.9271	99999.9	0	0
neutron	939.565	8.41748	99999.9	0	0
neutron	939.565	4.16581	99999.9	0	0
proton	938.272	3.41095	99999.9	0	0
neutron	939.565	0.453815	99999.9	0	0
Si30	27913.2	0.704273	99999.9	0	0
neutron	939.565	0.633278	99999.9	0	0
S36	33495	0.126846	99999.9	0	0
neutron	939.565	0.420073	99999.9	0	0
S34	31632.7	0.107054	99999.9	0	0
neutron	939.565	2.10853	99999.9	0	0
S36	33495	0.299208	99999.9	0	0
Ne23	21414.1	0.20717	99999.9	0	0
neutron	939.565	2.01577	99999.8	0	0
S34	31632.7	0.367825	99999.8	0	0
S35	32565.3	0.132592	99999.9	0	0
neutron	939.565	3.95742	99999.8	0	0
S34	31632.7	0.0803824	99999.8	0	0
neutron	939.565	0.213778	99999.9	0	0
Ne22	20479.7	0.207841	99999.9	0	0
Ne23	21414.1	0.231311	99999.8	0	0
neutron	939.565	7.27862	99999.9	0	0
neutron	939.565	3.36976	99999.9	0	0
neutron	939.565	1.18554	99999.9	0	0
Ne20	18617.7	0.175577	99999.9	0	0
neutron	939.565	26.3059	99999.9	0	0
neutron	939.565	11.392	99999.9	0	0
proton	938.272	5.05979	99999.9	0	0
neutron	939.565	0.563113	99999.9	0	0
P31	28844.2	0.0836147	99999.9	0	0
Ne23	21414.1	0.224036	99999.9	0	0
neutron	939.565	8.23498	99999.9	0	0
neutron	939.565	2.37341	99999.9	0	0
neutron	939.565	0.936192	99999.9	0	0
Ne20	18617.7	0.125132	99999.9	0	0
neutron	939.565	26.1436	99999.9	0	0
neutron	939.565	5.36315	99999.9	0	0
neutron	939.565	1.97007	99999.9	0	0
S32	29773.6	1.31541	99999.9	0	0
neutron	939.565	42.5977	99999.9	0	0
neutron	939.565	3.87588	99999.9	0	0
neutron	939.565	0.782196	99999.9	0	0
S34	31632.7	1.51829	99999.9	0	0
S35	32565.3	0.145317	99999.9	0	0
neutron	939.565	1.56164	99999.8	0	0
S34	31632.7	0.0269825	99999.8	0	0
S35	32565.3	0.154417	99999.8	0	0
neutron	939.565	14.4561	99999.9	0	0
neutron	939.565	9.06233	99999.9	0	0
neutron	939.565	2.20735	99999.9	0	0
alpha	3727.38	8.34033	99999.9	0	0
O16	14895.1	5.24063	99999.9	0	0
neutron	939.565	5.09486	99999.9	0	0
neutron	939.565	1.53335	99999.9	0	0
neutron	939.565	1.19621	99999.9	0	0
Ne20	18617.7	0.565576	99999.9	0	0
neutron	939.565	6.03268	99999.9	0	0
neutron	939.565	5.58609	99999.9	0	0
neutron	939.565	0.46923	99999.9	0	0
S32	29773.6	0.866275	99999.9	0	0
neutron	939.565	0.165874	99999.9	0	0
Ne22	20479.7	0.239493	99999.9	0	0
S35	32565.3	0.158564	99999.9	0	0
S37	34430.2	0.139882	99999.9	0	0
neutron	939.565	0.99913	99999.9	0	0
S34	31632.7	0.149952	99999.9	0	0
neutron	939.565	2.32985	99999.8	0	0
neutron	939.565	2.12101	99999.8	0	0
neutron	939.565	0.40417	99999.8	0	0
S32	29773.6	0.210445	99999.8	0	0
neutron	939.565	0.562013	99999.9	0	0
Ne22	20479.7	0.219229	99999.9	0	0
S35	32565.3	0.145799	99999.8	0	0
neutron	939.565	7.51298	99999.8	0	0
neutron	939.565	2.45893	99999.8	0	0
neutron	939.565	1.45637	99999.8	0	0
S32	29773.6	0.508856	99999.8	0	0
proton	938.272	57.4406	99999.9	0	0
neutron	939.565	5.12624	99999.9	0	0
neutron	939.565	1.83566	99999.9	0	0
P34	31638.6	1.44204	99999.9	0	0
S35	32565.3	0.135257	99999.9	0	0
neutron	939.565	32.4862	99999.9	0	0
neutron	939.565	3.72857	99999.9	0	0
S33	30704.6	1.58645	99999.9	0	0
neutron	939.565	6.55688	99999.9	0	0
S36	33495	0.452792	99999.9	0	0
neutron	939.565	0.41887	99999.8	0	0
S34	31632.7	0.205313	99999.8	0	0
neutron	939.565	0.241899	99999.9	0	0
S34	31632.7	0.157353	99999.9	0	0
neutron	939.565	0.0860603	99999.9	0	0
Ne22	20479.7	0.233695	99999.9	0	0
neutron	939.565	24.0889	99999.9	0	0
neutron	939.565	8.59871	99999.9	0	0
neutron	939.565	4.71576	99999.9	0	0
alpha	3727.38	10.6378	99999.9	0	0
Si28	26053.2	1.81125	99999.9	0	0
Ne23	21414.1	0.211005	99999.8	0	0
neutron	939.565	0.146651	99999.8	0	0
Ne22	20479.7	0.213197	99999.8	0	0
Ne23	21414.1	0.22929	99999.9	0	0
neutron	939.565	6.6103	99999.9	0	0
S34	31632.7	0.190523	99999.9	0	0
neutron	939.565	9.06637	99999.9	0	0
neutron	939.565	1.65484	99999.9	0	0
neutron	939.565	0.78351	99999.9	0	0
Ne20	18617.7	1.20747	99999.9	0	0
neutron	939.565	0.63865	99999.8	0	0
S34	31632.7	0.078186	99999.8	0	0
neutron	939.565	11.9645	99999.9	0	0
neutron	939.565	1.94414	99999.9	0	0
S33	30704.6	0.0684096	99999.9	0	0
neutron	939.565	29.8803	99999.8	0	0
proton	938.272	6.95056	99999.8	0	0
neutron	939.565	0.819366	99999.8	0	0
P32	29775.8	1.69881	99999.8	0	0
neutron	939.565	39.6799	99999.8	0	0
proton	938.272	16.3729	99999.8	0	0
neutron	939.565	1.50192	99999.8	0	0
F20	18625.3	2.04061	99999.8	0	0
neutron	939.565	0.0519722	99999.9	0	0
S36	33495	0.132067	99999.9	0	0
neutron	939.565	0.490719	99999.8	0	0
S36	33495	0.207876	99999.8	0	0
neutron	939.565	0.477474	99999.9	0	0
S34	31632.7	0.216301	99999.9	0	0
neutron	939.565	2.1557	99999.8	0	0
Ne22	20479.7	0.187828	99999.8	0	0
Ne23	21414.1	0.228793	99999.9	0	0
neutron	939.565	4.73174	99999.9	0	0
S34	31632.7	0.389742	99999.9	0	0
neutron	939.565	23.1994	99999.9	0	0
neutron	939.565	9.81603	99999.9	0	0
neutron	939.565	0.871127	99999.9	0	0
S34	31632.7	0.638063	99999.9	0	0
neutron	939.565	0.324817	99999.9	0	0
Ne22	20479.7	0.287224	99999.9	0	0
neutron	939.565	0.726014	99999.8	0	0
Ne22	20479.7	0.266228	99999.8	0	0
neutron	939.565	11.79	99999.9	0	0
neutron	939.565	3.63173	99999.9	0	0
Ne21	19550.5	0.401896	99999.9	0	0
S35	32565.3	0.158493	99999.9	0	0
Ne23	21414.1	0.223319	99999.9	0	0
proton	938.272	6.13844	99999.9	0	0
proton	938.272	5.52752	99999.9	0	0
neutron	939.565	5.5034	99999.9	0	0
neutron	939.565	3.74647	99999.9	0	0
neutron	939.565	1.79702	99999.9	0	0
Si30	27913.2	0.627479	99999.9	0	0
Ne23	21414.1	0.225015	99999.9	0	0
neutron	939.565	0.59803	99999.8	0	0
S34	31632.7	0.22823	99999.8	0	0
S37	34430.2	0.138613	99999.8	0	0
S35	32565.3	0.16679	99999.8	0	0
Ne23	21414.1	0.21703	99999.8	0	0
neutron	939.565	1.24558	99999.9	0	0
Ne22	20479.7	0.0810008	99999.9	0	0
Ne23	21414.1	0.233693	99999.8	0	0
neutron	939.565	0.432426	99999.9	0	0
Ne22	20479.7	0.30099	99999.9	0	0
proton	938.272	9.39143	99999.9	0	0
neutron	939.565	4.37233	99999.9	0	0
neutron	939.565	1.69266	99999.9	0	0
P32	29775.8	0.285309	99999.9	0	0
S35	32565.3	0.155474	99999.9	0	0
Ne23	21414.1	0.214663	99999.8	0	0
S35	32565.3	0.167145	99999.9	0	0
neutron	939.565	1.88543	99999.9	0	0
Ne22	20479.7	0.506209	99999.9	0	0
neutron	939.565	0.622942	99999.8	0	0
Ne22	20479.7	0.1471	99999.8	0	0
Ne23	21414.1	0.202459	99999.8	0	0
neutron	939.565	4.60102	99999.8	0	0
Ne22	20479.7	0.204513	99999.8	0	0
neutron	939.565	0.16082	99999.8	0	0
S36	33495	0.0925053	99999.8	0	0
S37	34430.2	0.13961	99999.9	0	0
neutron	939.565	0.569567	99999.9	0	0
Ne22	20479.7	0.0975293	99999.9	0	0
neutron	939.565	0.574133	99999.9	0	0
S34	31632.7	0.189723	99999.9	0	0
neutron	939.565	32.3369	99999.9	0	0
proton	938.272	27.1526	99999.9	0	0
P33	30705.3	0.180356	99999.9	0	0
Ne23	21414.1	0.22747	99999.9	0	0
neutron	939.565	0.792926	99999.8	0	0
Ne22	20479.7	0.264766	99999.8	0	0
neutron	939.565	12.9727	99999.9	0	0
proton	938.272	7.05193	99999.9	0	0
neutron	939.565	4.5238	99999.9	0	0
neutron	939.565	1.87803	99999.9	0	0
P31	28844.2	0.498857	99999.9	0	0
neutron	939.565	5.00782	99999.8	0	0
neutron	939.565	3.643	99999.8	0	0
neutron	939.565	1.04322	99999.8	0	0
S32	29773.6	0.283555	99999.8	0	0
proton	938.272	5.97694	99999.8	0	0
neutron	939.565	5.20444	99999.8	0	0
neutron	939.565	4.10722	99999.8	0	0
P32	29775.8	0.445533	99999.8	0	0
neutron	939.565	1.54806	99999.9	0	0
neutron	939.565	0.859284	99999.9	0	0
S33	30704.6	0.0209289	99999.9	0	0
neutron	939.565	10.8174	99999.9	0	0
neutron	939.565	7.79324	99999.9	0	0
neutron	939.565	2.21272	99999.9	0	0
alpha	3727.38	6.6426	99999.9	0	0
O16	14895.1	3.21122	99999.9	0	0
neutron	939.565	0.480551	99999.9	0	0
Ne22	20479.7	0.169881	99999.9	0	0
S35	32565.3	0.139689	99999.9	0	0
neutron	939.565	0.603501	99999.8	0	0
S34	31632.7	0.126696	99999.8	0	0
neutron	939.565	3.37638	99999.9	0	0
neutron	939.565	2.25274	99999.9	0	0
S35	32565.3	0.0183537	99999.9	0	0
neutron	939.565	4.72546	99999.9	0	0
neutron	939.565	3.09155	99999.9	0	0
S35	32565.3	0.164434	99999.9	0	0
S35	32565.3	0.137546	99999.9	0	0
neutron	939.565	0.337893	99999.8	0	0
Ne22	20479.7	0.321919	99999.8	0	0
neutron	939.565	35.0534	99999.9	0	0
neutron	939.565	23.3828	99999.9	0	0
neutron	939.565	1.45901	99999.9	0	0
S34	31632.7	0.486081	99999.9	0	0
S35	32565.3	0.147011	99999.9	0	0
neutron	939.565	0.234407	99999.9	0	0
S34	31632.7	0.122391	99999.9	0	0
neutron	939.565	9.56457	99999.8	0	0
neutron	939.565	9.50178	99999.8	0	0
neutron	939.565	7.15999	99999.8	0	0
proton	938.272	3.15096	99999.8	0	0
neutron	939.565	1.1425	99999.8	0	0
P30	27917	0.58513	99999.8	0	0
neutron	939.565	0.267897	99999.8	0	0
Ne22	20479.7	0.17848	99999.8	0	0
neutron	939.565	0.667195	99999.8	0	0
S34	31632.7	0.0660184	99999.8	0	0
neutron	939.565	16.8381	99999.8	0	0
neutron	939.565	8.3338	99999.8	0	0
neutron	939.565	0.856628	99999.8	0	0
Ne20	18617.7	1.19074	99999.8	0	0
neutron	939.565	5.49893	99999.9	0	0
neutron	939.565	4.00551	99999.9	0	0
Ne21	19550.5	0.263843	99999.9	0	0
neutron	939.565	5.68921	99999.9	0	0
neutron	939.565	4.0728	99999.9	0	0
proton	938.272	3.98026	99999.9	0	0
neutron	939.565	1.98866	99999.9	0	0
P33	30705.3	0.765003	99999.9	0	0
neutron	939.565	2.94193	99999.9	0	0
Ne22	20479.7	0.155077	99999.9	0	0
neutron	939.565	0.278838	99999.8	0	0
S34	31632.7	0.129844	99999.8	0	0
neutron	939.565	20.1812	99999.9	0	0
neutron	939.565	3.15442	99999.9	0	0
neutron	939.565	0.0887838	99999.9	0	0
Ne20	18617.7	0.63394	99999.9	0	0
neutron	939.565	8.25795	99999.9	0	0
neutron	939.565	4.41085	99999.9	0	0
neutron	939.565	4.04367	99999.9	0	0
neutron	939.565	3.45815	99999.9	0	0
alpha	3727.38	4.31105	99999.9	0	0
O15	13971.2	3.06061	99999.9	0	0
neutron	939.565	0.669646	99999.9	0	0
S34	31632.7	0.0878566	99999.9	0	0
neutron	939.565	9.04225	99999.8	0	0
neutron	939.565	1.54338	99999.8	0	0
Ne21	19550.5	0.442311	99999.8	0	0
proton	938.272	11.3748	99999.8	0	0
neutron	939.565	7.06493	99999.8	0	0
neutron	939.565	0.821691	99999.8	0	0
deuteron	1875.61	3.54798	99999.8	0	0
O18	16762	2.11427	99999.8	0	0
neutron	939.565	5.71467	99999.9	0	0
S34	31632.7	0.197176	99999.9	0	0
S35	32565.3	0.1538	99999.9	0	0
neutron	939.565	0.95762	99999.8	0	0
S36	33495	0.142406	99999.8	0	0
neutron	939.565	7.9214	99999.9	0	0
neutron	939.565	2.5995	99999.9	0	0
neutron	939.565	0.711397	99999.9	0	0
Ne20	18617.7	0.317304	99999.9	0	0
neutron	939.565	3.26084	99999.9	0	0
deuteron	1875.61	14.3136	99999.9	0	0
P34	31638.6	1.15353	99999.9	0	0
neutron	939.565	6.35921	99999.9	0	0
neutron	939.565	5.17693	99999.9	0	0
neutron	939.565	0.458776	99999.9	0	0
Ne20	18617.7	0.0906694	99999.9	0	0
S37	34430.2	0.134804	99999.8	0	0
Ne23	21414.1	0.232103	99999.9	0	0
neutron	939.565	3.81821	99999.9	0	0
neutron	939.565	0.711478	99999.9	0	0
S33	30704.6	0.0274944	99999.9	0	0
neutron	939.565	7.26099	99999.9	0	0
neutron	939.565	7.09367	99999.9	0	0
alpha	3727.38	13.2548	99999.9	0	0
O17	15830.5	2.04853	99999.9	0	0
S35	32565.3	0.153837	99999.9	0	0
neutron	939.565	1.68728	99999.9	0	0
S34	31632.7	0.117775	99999.9	0	0
S35	32565.3	0.159885	99999.9	0	0
neutron	939.565	4.06407	99999.9	0	0
neutron	939.565	2.16506	99999.9	0	0
neutron	939.565	0.53845	99999.9	0	0
Ne20	18617.7	0.193392	99999.9	0	0
neutron	939.565	4.70064	99999.8	0	0
neutron	939.565	3.7766	99999.8	0	0
neutron	939.565	2.08551	99999.8	0	0
alpha	3727.38	15.3988	99999.8	0	0
O16	14895.1	3.62592	99999.8	0	0
proton	938.272	11.4886	99999.8	0	0
neutron	939.565	5.39948	99999.8	0	0
proton	938.272	3.09865	99999.8	0	0
neutron	939.565	2.34039	99999.8	0	0
O19	17697.6	1.63537	99999.8	0	0
proton	938.272	1.67758	99999.8	0	0
neutron	939.565	0.0811746	99999.8	0	0
triton	2808.92	15.275	99999.8	0	0
Si30	27913.2	2.6395	99999.8	0	0
neutron	939.565	1.62041	99999.9	0	0
neutron	939.565	0.561262	99999.9	0	0
S33	30704.6	0.0325096	99999.9	0	0
Ne23	21414.1	0.219294	99999.9	0	0
neutron	939.565	3.99693	99999.8	0	0
deuteron	1875.61	2.9791	99999.8	0	0
P32	29775.8	0.165402	99999.8	0	0
neutron	939.565	3.88226	99999.9	0	0
Ne22	20479.7	0.340492	99999.9	0	0
proton	938.272	2.79576	99999.8	0	0
neutron	939.565	1.46603	99999.8	0	0
P33	30705.3	0.380022	99999.8	0	0
neutron	939.565	1.23443	99999.9	0	0
S34	31632.7	0.0891311	99999.9	0	0
neutron	939.565	7.35428	99999.9	0	0
neutron	939.565	1.90229	99999.9	0	0
neutron	939.565	1.13833	99999.9	0	0
alpha	3727.38	12.0527	99999.9	0	0
Si28	26053.2	0.959258	99999.9	0	0
S35	32565.3	0.151034	99999.9	0	0
Ne23	21414.1	0.234581	99999.9	0	0
S35	32565.3	0.15184	99999.9	0	0
Ne23	21414.1	0.210776	99999.9	0	0
Ne23	21414.1	0.219505	99999.9	0	0
neutron	939.565	2.30314	99999.8	0	0
S34	31632.7	0.22965	99999.8	0	0
neutron	939.565	27.4058	99999.9	0	0
neutron	939.565	4.74373	99999.9	0	0
neutron	939.565	0.689802	99999.9	0	0
alpha	3727.38	14.1892	99999.9	0	0
O16	14895.1	2.99722	99999.9	0	0
neutron	939.565	13.7715	99999.9	0	0
neutron	939.565	8.29689	99999.9	0	0
neutron	939.565	2.68958	99999.9	0	0
Ne20	18617.7	0.486181	99999.9	0	0
neutron	939.565	0.165642	99999.8	0	0
Ne22	20479.7	0.199925	99999.8	0	0
neutron	939.565	21.1059	99999.8	0	0
neutron	939.565	4.16057	99999.8	0	0
alpha	3727.38	9.4948	99999.8	0	0
O17	15830.5	3.72299	99999.8	0	0
neutron	939.565	4.19393	99999.9	0	0
neutron	939.565	2.57082	99999.9	0	0
neutron	939.565	0.80444	99999.9	0	0
Ne20	18617.7	0.811114	99999.9	0	0
Ne23	21414.1	0.231519	99999.9	0	0
Ne23	21414.1	0.227285	99999.9	0	0
S35	32565.3	0.150528	99999.9	0	0
neutron	939.565	5.51735	99999.9	0	0
Ne22	20479.7	0.83155	99999.9	0	0
Ne23	21414.1	0.219269	99999.9	0	0
S35	32565.3	0.147783	99999.9	0	0
S35	32565.3	0.151646	99999.9	0	0
S35	32565.3	0.141554	99999.9	0	0
neutron	939.565	34.9942	99999.8	0	0
proton	938.272	6.31216	99999.8	0	0
neutron	939.565	6.09942	99999.8	0	0
P32	29775.8	0.728967	99999.8	0	0
neutron	939.565	1.39123	99999.9	0	0
S34	31632.7	0.0931656	99999.9	0	0
neutron	939.565	5.61212	99999.9	0	0
proton	938.272	3.21949	99999.9	0	0
neutron	939.565	2.0706	99999.9	0	0
neutron	939.565	0.606643	99999.9	0	0
P31	28844.2	0.78299	99999.9	0	0
neutron	939.565	2.82085	99999.9	0	0
neutron	939.565	2.73038	99999.9	0	0
neutron	939.565	2.37041	99999.9	0	0
Ne20	18617.7	0.381368	99999.9	0	0
neutron	939.565	34.6208	99999.8	0	0
neutron	939.565	12.3072	99999.8	0	0
neutron	939.565	4.91711	99999.8	0	0
proton	938.272	4.11938	99999.8	0	0
P31	28844.2	1.53428	99999.8	0	0
neutron	939.565	1.39648	99999.9	0	0
Ne22	20479.7	0.0388115	99999.9	0	0
neutron	939.565	0.114654	99999.9	0	0
S34	31632.7	0.134772	99999.9	0	0
Ne23	21414.1	0.229594	99999.9	0	0
Ne23	21414.1	0.215641	99999.9	0	0
S35	32565.3	0.157473	99999.9	0	0
proton	938.272	10.4532	99999.9	0	0
neutron	939.565	8.62322	99999.9	0	0
neutron	939.565	7.76648	99999.9	0	0
neutron	939.565	3.54903	99999.9	0	0
neutron	939.565	0.861085	99999.9	0	0
P32	29775.8	0.572475	99999.9	0	0
neutron	939.565	1.16727	99999.9	0	0
Ne22	20479.7	0.284749	99999.9	0	0
Ne23	21414.1	0.220701	99999.9	0	0
S35	32565.3	0.143661	99999.9	0	0
neutron	939.565	33.3928	99999.8	0	0
proton	938.272	6.35414	99999.8	0	0
neutron	939.565	6.20492	99999.8	0	0
neutron	939.565	3.2127	99999.8	0	0
F19	17692.3	2.78091	99999.8	0	0
neutron	939.565	1.18914	99999.9	0	0
neutron	939.565	0.497505	99999.9	0	0
S33	30704.6	0.0881872	99999.9	0	0
neutron	939.565	0.109266	99999.9	0	0
Ne22	20479.7	0.274641	99999.9	0	0
S35	32565.3	0.152751	99999.9	0	0
neutron	939.565	4.70074	99999.9	0	0
neutron	939.565	2.71879	99999.9	0	0
neutron	939.565	1.69341	99999.9	0	0
Ne20	18617.7	0.567608	99999.9	0	0
proton	938.272	16.2681	99999.9	0	0
neutron	939.565	4.63516	99999.9	0	0
neutron	939.565	2.96149	99999.9	0	0
neutron	939.565	1.98862	99999.9	0	0
F19	17692.3	0.296917	99999.9	0	0
neutron	939.565	10.2951	99999.8	0	0
neutron	939.565	7.0092	99999.8	0	0
neutron	939.565	6.94826	99999.8	0	0
neutron	939.565	3.51601	99999.8	0	0
neutron	939.565	0.703683	99999.8	0	0
S32	29773.6	1.69493	99999.8	0	0
neutron	939.565	2.92366	99999.8	0	0
S34	31632.7	0.146047	99999.8	0	0
neutron	939.565	7.97838	99999.8	0	0
neutron	939.565	3.05614	99999.8	0	0
neutron	939.565	2.45422	99999.8	0	0
S34	31632.7	0.0952411	99999.8	0	0
S35	32565.3	0.153839	99999.8	0	0
Ne23	21414.1	0.224544	99999.9	0	0
Ne23	21414.1	0.216779	99999.9	0	0
S37	34430.2	0.143978	99999.8	0	0
neutron	939.565	3.35707	99999.9	0	0
neutron	939.565	0.870019	99999.9	0	0
neutron	939.565	0.835943	99999.9	0	0
S32	29773.6	0.108067	99999.9	0	0
Ne23	21414.1	0.234995	99999.9	0	0
neutron	939.565	26.5822	99999.9	0	0
neutron	939.565	8.63376	99999.9	0	0
neutron	939.565	5.32482	99999.9	0	0
alpha	3727.38	4.76944	99999.9	0	0
O16	14895.1	2.94178	99999.9	0	0
S35	32565.3	0.148363	99999.9	0	0
neutron	939.565	6.47662	99999.8	0	0
neutron	939.565	0.159488	99999.8	0	0
S33	30704.6	0.567384	99999.8	0	0
S35	32565.3	0.160181	99999.9	0	0
neutron	939.565	14.3948	99999.8	0	0
proton	938.272	2.61067	99999.8	0	0
neutron	939.565	1.50633	99999.8	0	0
neutron	939.565	0.587703	99999.8	0	0
P31	28844.2	0.535731	99999.8	0	0
Ne23	21414.1	0.22345	99999.9	0	0
neutron	939.565	23.2861	99999.8	0	0
neutron	939.565	11.5211	99999.8	0	0
neutron	939.565	7.16103	99999.8	0	0
alpha	3727.38	8.13073	99999.8	0	0
O16	14895.1	4.11183	99999.8	0	0
neutron	939.565	4.42072	99999.8	0	0
neutron	939.565	2.98559	99999.8	0	0
neutron	939.565	0.184474	99999.8	0	0
S32	29773.6	0.558719	99999.8	0	0
neutron	939.565	0.338244	99999.8	0	0
Ne22	20479.7	0.287838	99999.8	0	0
neutron	939.565	2.41903	99999.9	0	0
Ne22	20479.7	0.156519	99999.9	0	0
neutron	939.565	27.3744	99999.8	0	0
neutron	939.565	6.83094	99999.8	0	0
neutron	939.565	5.88963	99999.8	0	0
proton	938.272	4.1096	99999.8	0	0
P33	30705.3	1.24523	99999.8	0	0
neutron	939.565	6.67381	99999.9	0	0
neutron	939.565	5.06807	99999.9	0	0
neutron	939.565	0.404097	99999.9	0	0
Ne20	18617.7	0.0248209	99999.9	0	0
neutron	939.565	8.81829	99999.9	0	0
proton	938.272	3.55435	99999.9	0	0
neutron	939.565	1.97066	99999.9	0	0
neutron	939.565	1.93993	99999.9	0	0
P31	28844.2	0.334662	99999.9	0	0
neutron	939.565	0.635627	99999.9	0	0
Ne22	20479.7	0.275426	99999.9	0	0
neutron	939.565	0.0585806	99999.9	0	0
S36	33495	0.123442	99999.9	0	0
Ne23	21414.1	0.227613	99999.8	0	0
neutron	939.565	0.189414	99999.9	0	0
Ne22	20479.7	0.183923	99999.9	0	0
neutron	939.565	25.7083	99999.9	0	0
neutron	939.565	8.71644	99999.9	0	0
neutron	939.565	3.11284	99999.9	0	0
alpha	3727.38	8.38124	99999.9	0	0
O16	14895.1	0.470343	99999.9	0	0
neutron	939.565	1.33409	99999.9	0	0
S34	31632.7	0.277506	99999.9	0	0
proton	938.272	25.5364	99999.9	0	0
neutron	939.565	20.2346	99999.9	0	0
neutron	939.565	5.00133	99999.9	0	0
neutron	939.565	2.38895	99999.9	0	0
F19	17692.3	1.88984	99999.9	0	0
Ne23	21414.1	0.226291	99999.9	0	0
neutron	939.565	0.620555	99999.9	0	0
S34	31632.7	0.22382	99999.9	0	0
neutron	939.565	8.45501	99999.9	0	0
neutron	939.565	2.87506	99999.9	0	0
proton	938.272	1.99462	99999.9	0	0
neutron	939.565	1.81558	99999.9	0	0
triton	2808.92	3.44546	99999.9	0	0
O16	14895.1	0.337071	99999.9	0	0
neutron	939.565	3.59542	99999.9	0	0
Ne22	20479.7	0.580406	99999.9	0	0
S35	32565.3	0.162363	99999.8	0	0
Ne23	21414.1	0.209283	99999.9	0	0
neutron	939.565	12.9454	99999.8	0	0
proton	938.272	8.42898	99999.8	0	0
neutron	939.565	8.33587	99999.8	0	0
proton	938.272	3.18958	99999.8	0	0
neutron	939.565	2.8127	99999.8	0	0
Si30	27913.2	1.28198	99999.8	0	0
neutron	939.565	0.553495	99999.8	0	0
Ne22	20479.7	0.134084	99999.8	0	0
neutron	939.565	9.19746	99999.8	0	0
neutron	939.565	9.16404	99999.8	0	0
neutron	939.565	7.80238	99999.8	0	0
proton	938.272	2.90451	99999.8	0	0
P31	28844.2	0.934643	99999.8	0	0
neutron	939.565	0.469568	99999.8	0	0
Ne22	20479.7	0.153968	99999.8	0	0
S37	34430.2	0.138276	99999.8	0	0
S37	34430.2	0.138226	99999.9	0	0
neutron	939.565	0.853958	99999.9	0	0
S34	31632.7	0.256287	99999.9	0	0
neutron	939.565	10.0059	99999.9	0	0
neutron	939.565	8.52489	99999.9	0	0
neutron	939.565	4.26925	99999.9	0	0
neutron	939.565	1.74214	99999.9	0	0
Ne19	17695	1.19959	99999.9	0	0
neutron	939.565	15.9306	99999.8	0	0
neutron	939.565	7.19461	99999.8	0	0
neutron	939.565	1.22794	99999.8	0	0
S34	31632.7	0.671067	99999.8	0	0
neutron	939.565	3.39513	99999.9	0	0
neutron	939.565	3.11751	99999.9	0	0
neutron	939.565	2.41875	99999.9	0	0
neutron	939.565	0.403832	99999.9	0	0
S33	30704.6	0.188925	99999.9	0	0
neutron	939.565	1.39838	99999.9	0	0
neutron	939.565	1.37214	99999.9	0	0
neutron	939.565	0.738173	99999.9	0	0
Ne20	18617.7	0.0447866	99999.9	0	0
neutron	939.565	9.6445	99999.8	0	0
neutron	939.565	1.12947	99999.8	0	0
neutron	939.565	0.579053	99999.8	0	0
S34	31632.7	0.216452	99999.8	0	0
Ne23	21414.1	0.209242	99999.9	0	0
neutron	939.565	3.96978	99999.8	0	0
neutron	939.565	0.0547287	99999.8	0	0
S33	30704.6	0.117167	99999.8	0	0
neutron	939.565	5.94241	99999.8	0	0
alpha	3727.38	7.76871	99999.8	0	0
Si32	29776.6	1.62645	99999.8	0	0
Ne23	21414.1	0.229336	99999.9	0	0
Ne23	21414.1	0.229884	99999.8	0	0
neutron	939.565	0.701626	99999.9	0	0
neutron	939.565	0.48486	99999.9	0	0
Ne21	19550.5	0.223272	99999.9	0	0
S35	32565.3	0.153711	99999.8	0	0
Ne23	21414.1	0.214562	99999.9	0	0
neutron	939.565	6.62348	99999.8	0	0
proton	938.272	5.11517	99999.8	0	0
neutron	939.565	3.7632	99999.8	0	0
neutron	939.565	2.7606	99999.8	0	0
P31	28844.2	0.212342	99999.8	0	0
neutron	939.565	7.77131	99999.9	0	0
neutron	939.565	5.6863	99999.9	0	0
neutron	939.565	0.701628	99999.9	0	0
neutron	939.565	0.494443	99999.9	0	0
S33	30704.6	0.498145	99999.9	0	0
neutron	939.565	12.9283	99999.9	0	0
proton	938.272	10.1614	99999.9	0	0
neutron	939.565	4.36084	99999.9	0	0
neutron	939.565	2.67545	99999.9	0	0
neutron	939.565	0.464243	99999.9	0	0
P32	29775.8	0.568708	99999.9	0	0
neutron	939.565	1.67474	99999.8	0	0
S36	33495	0.254403	99999.8	0	0
S35	32565.3	0.149154	99999.8	0	0
Ne23	21414.1	0.218202	99999.9	0	0
S37	34430.2	0.132605	99999.9	0	0
neutron	939.565	0.72373	99999.9	0	0
S34	31632.7	0.161543	99999.9	0	0
neutron	939.565	1.09828	99999.9	0	0
S34	31632.7	0.159216	99999.9	0	0
neutron	939.565	8.89366	99999.9	0	0
proton	938.272	3.65174	99999.9	0	0
neutron	939.565	1.30704	99999.9	0	0
P32	29775.8	0.371268	99999.9	0	0
neutron	939.565	0.523838	99999.9	0	0
S34	31632.7	0.14004	99999.9	0	0
Ne23	21414.1	0.225379	99999.9	0	0
Ne23	21414.1	0.23038	99999.8	0	0
Ne23	21414.1	0.222392	99999.9	0	0
neutron	939.565	6.36814	99999.9	0	0
neutron	939.565	0.922353	99999.9	0	0
neutron	939.565	0.821321	99999.9	0	0
alpha	3727.38	3.90941	99999.9	0	0
O16	14895.1	1.88977	99999.9	0	0
neutron	939.565	25.228	99999.9	0	0
neutron	939.565	4.99628	99999.9	0	0
neutron	939.565	2.38431	99999.9	0	0
alpha	3727.38	7.99897	99999.9	0	0
O16	14895.1	6.76311	99999.9	0	0
Ne23	21414.1	0.21237	99999.9	0	0
neutron	939.565	1.45972	99999.9	0	0
S34	31632.7	0.218559	99999.9	0	0
neutron	939.565	1.36316	99999.8	0	0
S34	31632.7	0.277841	99999.8	0	0
neutron	939.565	0.170341	99999.9	0	0
Ne22	20479.7	0.236412	99999.9	0	0
Ne23	21414.1	0.228885	99999.9	0	0
neutron	939.565	7.69847	99999.9	0	0
neutron	939.565	0.568611	99999.9	0	0
triton	2808.92	5.28987	99999.9	0	0
alpha	3727.38	4.80581	99999.9	0	0
N14	13040.2	3.58983	99999.9	0	0
neutron	939.565	2.26856	99999.9	0	0
neutron	939.565	0.718102	99999.9	0	0
deuteron	1875.61	9.76776	99999.9	0	0
deuteron	1875.61	6.32538	99999.9	0	0
Si29	26984.3	1.00066	99999.9	0	0
neutron	939.565	0.66561	99999.9	0	0
Ne22	20479.7	0.406352	99999.9	0	0
Ne23	21414.1	0.218695	99999.9	0	0
neutron	939.565	18.3483	99999.9	0	0
neutron	939.565	2.81034	99999.9	0	0
neutron	939.565	0.542131	99999.9	0	0
alpha	3727.38	10.4148	99999.9	0	0
Si28	26053.2	1.35792	99999.9	0	0
neutron	939.565	36.5564	99999.8	0	0
neutron	939.565	1.04603	99999.8	0	0
Ne21	19550.5	1.22144	99999.8	0	0
neutron	939.565	2.44766	99999.9	0	0
Ne22	20479.7	0.0376981	99999.9	0	0
neutron	939.565	0.158712	99999.9	0	0
Ne22	20479.7	0.3023	99999.9	0	0
neutron	939.565	1.86522	99999.9	0	0
S34	31632.7	0.11406	99999.9	0	0
Ne23	21414.1	0.229928	99999.9	0	0
Ne23	21414.1	0.221989	99999.9	0	0
neutron	939.565	0.49216	99999.8	0	0
S34	31632.7	0.159982	99999.8	0	0
neutron	939.565	12.6837	99999.9	0	0
neutron	939.565	3.01076	99999.9	0	0
Ne21	19550.5	0.668609	99999.9	0	0
neutron	939.565	27.925	99999.9	0	0
neutron	939.565	10.6018	99999.9	0	0
neutron	939.565	2.32172	99999.9	0	0
neutron	939.565	2.23609	99999.9	0	0
S33	30704.6	0.510501	99999.9	0	0
Ne23	21414.1	0.229126	99999.9	0	0
neutron	939.565	1.12551	99999.8	0	0
neutron	939.565	0.38079	99999.8	0	0
Ne21	19550.5	0.41307	99999.8	0	0
S37	34430.2	0.140271	99999.8	0	0
Ne23	21414.1	0.223824	99999.9	0	0
neutron	939.565	0.229427	99999.9	0	0
S34	31632.7	0.17223	99999.9	0	0
Ne23	21414.1	0.218802	99999.9	0	0
Ne23	21414.1	0.229445	99999.9	0	0
neutron	939.565	25.5904	99999.8	0	0
neutron	939.565	0.699726	99999.8	0	0
alpha	3727.38	10.5034	99999.8	0	0
Si31	28846.2	0.111393	99999.8	0	0
neutron	939.565	10.3621	99999.9	0	0
neutron	939.565	7.77241	99999.9	0	0
proton	938.272	4.30594	99999.9	0	0
neutron	939.565	3.43076	99999.9	0	0
P31	28844.2	0.0354617	99999.9	0	0
proton	938.272	18.923	99999.9	0	0
neutron	939.565	2.31748	99999.9	0	0
neutron	939.565	0.971149	99999.9	0	0
neutron	939.565	0.582899	99999.9	0	0
P31	28844.2	1.48002	99999.9	0	0
neutron	939.565	0.876286	99999.8	0	0
S34	31632.7	0.205994	99999.8	0	0
neutron	939.565	1.16797	99999.8	0	0
S34	31632.7	0.243166	99999.8	0	0
Ne23	21414.1	0.219515	99999.8	0	0
neutron	939.565	1.21992	99999.9	0	0
Ne22	20479.7	0.0812795	99999.9	0	0
neutron	939.565	0.973606	99999.8	0	0
S34	31632.7	0.188472	99999.8	0	0
S37	34430.2	0.135614	99999.8	0	0
neutron	939.565	0.144629	99999.9	0	0
S34	31632.7	0.159367	99999.9	0	0
Ne23	21414.1	0.226577	99999.9	0	0
neutron	939.565	0.0321628	99999.9	0	0
S34	31632.7	0.138444	99999.9	0	0
neutron	939.565	0.207442	99999.8	0	0
S36	33495	0.107243	99999.8	0	0
Ne23	21414.1	0.225075	99999.9	0	0
S35	32565.3	0.159553	99999.9	0	0
neutron	939.565	17.3623	99999.9	0	0
neutron	939.565	5.65463	99999.9	0	0
neutron	939.565	4.57291	99999.9	0	0
neutron	939.565	3.87745	99999.9	0	0
neutron	939.565	2.00497	99999.9	0	0
S32	29773.6	0.626647	99999.9	0	0
neutron	939.565	0.456884	99999.8	0	0
S36	33495	0.107037	99999.8	0	0
neutron	939.565	8.54184	99999.8	0	0
proton	938.272	6.1236	99999.8	0	0
neutron	939.565	2.78198	99999.8	0	0
P32	29775.8	0.909783	99999.8	0	0
S37	34430.2	0.141065	99999.9	0	0
neutron	939.565	26.4465	99999.9	0	0
neutron	939.565	1.6062	99999.9	0	0
neutron	939.565	1.14072	99999.9	0	0
Ne20	18617.7	1.38543	99999.9	0	0
neutron	939.565	0.66784	99999.9	0	0
Ne22	20479.7	0.274438	99999.9	0	0
Ne23	21414.1	0.227034	99999.9	0	0
Ne23	21414.1	0.213689	99999.9	0	0
neutron	939.565	1.46114	99999.9	0	0
S34	31632.7	0.0527658	99999.9	0	0
Ne23	21414.1	0.227834	99999.9	0	0
neutron	939.565	3.1944	99999.8	0	0
Ne22	20479.7	0.173017	99999.8	0	0
neutron	939.565	15.9899	99999.9	0	0
neutron	939.565	4.12637	99999.9	0	0
Ne21	19550.5	0.462787	99999.9	0	0
neutron	939.565	1.22195	99999.9	0	0
S34	31632.7	0.167399	99999.9	0	0
deuteron	1875.61	4.68515	99999.8	0	0
F21	19556.7	0.216383	99999.8	0	0
Ne23	21414.1	0.218947	99999.9	0	0
neutron	939.565	1.07614	99999.9	0	0
Ne22	20479.7	0.187646	99999.9	0	0
neutron	939.565	1.27143	99999.9	0	0
S34	31632.7	0.113816	99999.9	0	0
neutron	939.565	11.9874	99999.8	0	0
S34	31632.7	0.368999	99999.8	0	0
S35	32565.3	0.164022	99999.9	0	0
S35	32565.3	0.164856	99999.9	0	0
Ne23	21414.1	0.215726	99999.9	0	0
S37	34430.2	0.137451	99999.8	0	0
neutron	939.565	0.64283	99999.8	0	0
S34	31632.7	0.158791	99999.8	0	0
S35	32565.3	0.162144	99999.9	0	0
Ne23	21414.1	0.228504	99999.8	0	0
neutron	939.565	1.44557	99999.9	0	0
Ne22	20479.7	0.26212	99999.9	0	0
Ne23	21414.1	0.229028	99999.9	0	0
neutron	939.565	0.529107	99999.9	0	0
S34	31632.7	0.0920382	99999.9	0	0
Ne23	21414.1	0.227086	99999.8	0	0
Ne23	21414.1	0.210904	99999.8	0	0
Ne23	21414.1	0.209763	99999.8	0	0
neutron	939.565	4.90034	99999.9	0	0
neutron	939.565	2.77586	99999.9	0	0
alpha	3727.38	15.2828	99999.9	0	0
alpha	3727.38	17.1321	99999.9	0	0
Mg25	23268	1.51477	99999.9	0	0
S35	32565.3	0.140888	99999.9	0	0
neutron	939.565	25.4552	99999.9	0	0
proton	938.272	23.4956	99999.9	0	0
neutron	939.565	3.60164	99999.9	0	0
neutron	939.565	0.33811	99999.9	0	0
F19	17692.3	0.060324	99999.9	0	0
neutron	939.565	2.3102	99999.8	0	0
neutron	939.565	1.60531	99999.8	0	0
S33	30704.6	0.17326	99999.8	0	0
Ne23	21414.1	0.23328	99999.9	0	0
neutron	939.565	0.667171	99999.9	0	0
Ne22	20479.7	0.295378	99999.9	0	0
neutron	939.565	5.01004	99999.9	0	0
neutron	939.565	1.80311	99999.9	0	0
neutron	939.565	0.494977	99999.9	0	0
Ne20	18617.7	0.467248	99999.9	0	0
neutron	939.565	1.29952	99999.9	0	0
S36	33495	0.17325	99999.9	0	0
proton	938.272	21.1469	99999.9	0	0
neutron	939.565	6.74131	99999.9	0	0
neutron	939.565	1.99157	99999.9	0	0
neutron	939.565	0.956134	99999.9	0	0
F19	17692.3	2.55281	99999.9	0	0
neutron	939.565	2.18371	99999.8	0	0
neutron	939.565	0.386073	99999.8	0	0
S33	30704.6	0.265851	99999.8	0	0
S37	34430.2	0.136872	99999.8	0	0
proton	938.272	9.04141	99999.9	0	0
proton	938.272	3.95208	99999.9	0	0
neutron	939.565	3.46594	99999.9	0	0
neutron	939.565	1.97209	99999.9	0	0
Si31	28846.2	0.114508	99999.9	0	0
neutron	939.565	24.5155	99999.9	0	0
neutron	939.565	10.8093	99999.9	0	0
neutron	939.565	3.31664	99999.9	0	0
alpha	3727.38	4.4843	99999.9	0	0
alpha	3727.38	2.58823	99999.9	0	0
C12	11174.9	8.00031	99999.9	0	0
neutron	939.565	0.275779	99999.8	0	0
S34	31632.7	0.216702	99999.8	0	0
neutron	939.565	2.77712	99999.9	0	0
S34	31632.7	0.181691	99999.9	0	0
neutron	939.565	2.02452	99999.9	0	0
Ne22	20479.7	0.144817	99999.9	0	0
neutron	939.565	17.516	99999.9	0	0
neutron	939.565	1.8782	99999.9	0	0
neutron	939.565	1.6185	99999.9	0	0
S34	31632.7	0.381737	99999.9	0	0
neutron	939.565	1.38579	99999.8	0	0
Ne22	20479.7	0.0498384	99999.8	0	0
neutron	939.565	0.916806	99999.9	0	0
S34	31632.7	0.119886	99999.9	0	0
neutron	939.565	2.80506	99999.9	0	0
neutron	939.565	1.70493	99999.9	0	0
neutron	939.565	0.488523	99999.9	0	0
S34	31632.7	0.0530371	99999.9	0	0
Ne23	21414.1	0.214624	99999.8	0	0
neutron	939.565	6.68007	99999.9	0	0
S34	31632.7	0.518373	99999.9	0	0
neutron	939.565	1.75574	99999.9	0	0
Ne22	20479.7	0.156464	99999.9	0	0
neutron	939.565	15.1221	99999.9	0	0
neutron	939.565	13.8424	99999.9	0	0
proton	938.272	6.10014	99999.9	0	0
proton	938.272	3.53722	99999.9	0	0
neutron	939.565	1.85779	99999.9	0	0
Si30	27913.2	0.483118	99999.9	0	0
S35	32565.3	0.146475	99999.9	0	0
Ne23	21414.1	0.228175	99999.9	0	0
neutron	939.565	0.362865	99999.8	0	0
S34	31632.7	0.113216	99999.8	0	0
neutron	939.565	3.01693	99999.9	0	0
neutron	939.565	1.27091	99999.9	0	0
S33	30704.6	0.184609	99999.9	0	0
S35	32565.3	0.147093	99999.9	0	0
neutron	939.565	0.281352	99999.9	0	0
S34	31632.7	0.0944129	99999.9	0	0
neutron	939.565	0.285067	99999.9	0	0
Ne22	20479.7	0.134244	99999.9	0	0
neutron	939.565	18.3084	99999.8	0	0
neutron	939.565	0.282061	99999.8	0	0
S33	30704.6	0.420839	99999.8	0	0
neutron	939.565	4.77012	99999.9	0	0
neutron	939.565	3.6164	99999.9	0	0
neutron	939.565	2.35138	99999.9	0	0
alpha	3727.38	3.53062	99999.9	0	0
O16	14895.1	2.46882	99999.9	0	0
neutron	939.565	1.6164	99999.9	0	0
S34	31632.7	0.158948	99999.9	0	0
neutron	939.565	16.4065	99999.9	0	0
proton	938.272	11.8905	99999.9	0	0
neutron	939.565	1.96694	99999.9	0	0
neutron	939.565	1.08715	99999.9	0	0
F19	17692.3	0.749533	99999.9	0	0
neutron	939.565	0.532126	99999.9	0	0
S34	31632.7	0.192565	99999.9	0	0
S35	32565.3	0.145264	99999.8	0	0
proton	938.272	4.86393	99999.9	0	0
neutron	939.565	1.66649	99999.9	0	0
neutron	939.565	0.94078	99999.9	0	0
neutron	939.565	0.836003	99999.9	0	0
P33	30705.3	0.097949	99999.9	0	0
neutron	939.565	12.8874	99999.8	0	0
neutron	939.565	5.81394	99999.8	0	0
neutron	939.565	2.25518	99999.8	0	0
alpha	3727.38	6.8716	99999.8	0	0
O16	14895.1	1.30532	99999.8	0	0
neutron	939.565	15.5729	99999.9	0	0
neutron	939.565	2.55936	99999.9	0	0
Ne21	19550.5	1.19996	99999.9	0	0
S37	34430.2	0.141077	99999.9	0	0
neutron	939.565	1.8165	99999.9	0	0
neutron	939.565	0.745775	99999.9	0	0
Ne21	19550.5	0.232564	99999.9	0	0
neutron	939.565	36.6992	99999.9	0	0
neutron	939.565	11.8498	99999.9	0	0
neutron	939.565	0.460839	99999.9	0	0
S32	29773.6	2.48556	99999.9	0	0
neutron	939.565	8.4495	99999.9	0	0
neutron	939.565	3.18413	99999.9	0	0
neutron	939.565	2.71632	99999.9	0	0
S32	29773.6	0.374585	99999.9	0	0
neutron	939.565	8.47502	99999.9	0	0
neutron	939.565	3.68966	99999.9	0	0
neutron	939.565	2.78425	99999.9	0	0
S34	31632.7	0.553691	99999.9	0	0
neutron	939.565	6.50637	99999.9	0	0
neutron	939.565	2.45865	99999.9	0	0
neutron	939.565	0.659073	99999.9	0	0
alpha	3727.38	4.68225	99999.9	0	0
O16	14895.1	2.28092	99999.9	0	0
neutron	939.565	2.23712	99999.8	0	0
Ne22	20479.7	0.286909	99999.8	0	0
Ne23	21414.1	0.227299	99999.8	0	0
proton	938.272	6.738	99999.8	0	0
neutron	939.565	5.31133	99999.8	0	0
neutron	939.565	0.50847	99999.8	0	0
P32	29775.8	0.852939	99999.8	0	0
neutron	939.565	1.34146	99999.9	0	0
S34	31632.7	0.0628324	99999.9	0	0
neutron	939.565	27.5997	99999.9	0	0
neutron	939.565	0.73871	99999.9	0	0
Ne21	19550.5	1.34605	99999.9	0	0
neutron	939.565	1.302	99999.8	0	0
S36	33495	0.158477	99999.8	0	0
proton	938.272	4.56591	99999.9	0	0
neutron	939.565	1.24399	99999.9	0	0
triton	2808.92	7.92107	99999.9	0	0
Si30	27913.2	0.776442	99999.9	0	0
Ne23	21414.1	0.214726	99999.9	0	0
neutron	939.565	0.369895	99999.9	0	0
S34	31632.7	0.0990452	99999.9	0	0
proton	938.272	18.9644	99999.9	0	0
neutron	939.565	6.96263	99999.9	0	0
neutron	939.565	1.99561	99999.9	0	0
neutron	939.565	1.42984	99999.9	0	0
P33	30705.3	1.62989	99999.9	0	0
neutron	939.565	0.148945	99999.8	0	0
S34	31632.7	0.132753	99999.8	0	0
neutron	939.565	17.5316	99999.9	0	0
neutron	939.565	4.75721	99999.9	0	0
neutron	939.565	1.15089	99999.9	0	0
Ne20	18617.7	1.69575	99999.9	0	0
Ne23	21414.1	0.208536	99999.8	0	0
neutron	939.565	0.552714	99999.9	0	0
Ne22	20479.7	0.33955	99999.9	0	0
neutron	939.565	0.293032	99999.8	0	0
Ne22	20479.7	0.137593	99999.8	0	0
Ne23	21414.1	0.204662	99999.8	0	0
neutron	939.565	0.578736	99999.8	0	0
S34	31632.7	0.0988882	99999.8	0	0
neutron	939.565	0.138495	99999.8	0	0
Ne22	20479.7	0.162417	99999.8	0	0
neutron	939.565	0.505167	99999.9	0	0
Ne22	20479.7	0.240432	99999.9	0	0
S35	32565.3	0.149866	99999.9	0	0
neutron	939.565	0.687147	99999.8	0	0
neutron	939.565	0.0686998	99999.8	0	0
Ne21	19550.5	0.212371	99999.8	0	0
Ne23	21414.1	0.227231	99999.9	0	0
neutron	939.565	1.75973	99999.8	0	0
Ne22	20479.7	0.2639	99999.8	0	0
S35	32565.3	0.15522	99999.9	0	0
neutron	939.565	0.490227	99999.9	0	0
S34	31632.7	0.194393	99999.9	0	0
neutron	939.565	7.39114	99999.8	0	0
neutron	939.565	1.12077	99999.8	0	0
Ne21	19550.5	0.538908	99999.8	0	0
neutron	939.565	0.85027	99999.8	0	0
S36	33495	0.0970707	99999.8	0	0
Ne23	21414.1	0.210438	99999.9	0	0
neutron	939.565	0.184586	99999.8	0	0
Ne22	20479.7	0.18857	99999.8	0	0
proton	938.272	4.7954	99999.8	0	0
neutron	939.565	1.53124	99999.8	0	0
P33	30705.3	0.285893	99999.8	0	0
neutron	939.565	0.425178	99999.9	0	0
Ne22	20479.7	0.311278	99999.9	0	0
neutron	939.565	8.3455	99999.8	0	0
proton	938.272	5.72901	99999.8	0	0
neutron	939.565	3.20397	99999.8	0	0
neutron	939.565	1.34794	99999.8	0	0
P31	28844.2	0.683154	99999.8	0	0
proton	938.272	20.0638	99999.9	0	0
neutron	939.565	1.46238	99999.9	0	0
neutron	939.565	0.15797	99999.9	0	0
F20	18625.3	1.23179	99999.9	0	0
neutron	939.565	11.3243	99999.9	0	0
neutron	939.565	4.40877	99999.9	0	0
Ne21	19550.5	0.798668	99999.9	0	0
neutron	939.565	0.614585	99999.8	0	0
Ne22	20479.7	0.130184	99999.8	0	0
neutron	939.565	0.919906	99999.9	0	0
Ne22	20479.7	0.126365	99999.9	0	0
neutron	939.565	2.34984	99999.8	0	0
S36	33495	0.0484647	99999.8	0	0
neutron	939.565	0.242729	99999.9	0	0
Ne22	20479.7	0.319754	99999.9	0	0
neutron	939.565	0.329371	99999.8	0	0
Ne22	20479.7	0.245478	99999.8	0	0
neutron	939.565	1.61548	99999.9	0	0
neutron	939.565	1.4658	99999.9	0	0
Ne21	19550.5	0.622438	99999.9	0	0
proton	938.272	5.63121	99999.9	0	0
neutron	939.565	1.23504	99999.9	0	0
neutron	939.565	0.678186	99999.9	0	0
P32	29775.8	0.0769296	99999.9	0	0
neutron	939.565	29.7814	99999.8	0	0
neutron	939.565	0.63123	99999.8	0	0
S33	30704.6	1.53077	99999.8	0	0
proton	938.272	5.79859	99999.9	0	0
proton	938.272	5.50845	99999.9	0	0
neutron	939.565	5.28669	99999.9	0	0
neutron	939.565	2.06449	99999.9	0	0
neutron	939.565	1.75796	99999.9	0	0
neutron	939.565	0.80918	99999.9	0	0
Si29	26984.3	0.780047	99999.9	0	0
S35	32565.3	0.161143	99999.9	0	0
neutron	939.565	1.95966	99999.9	0	0
S34	31632.7	0.0943357	99999.9	0	0
neutron	939.565	12.6345	99999.8	0	0
proton	938.272	5.79312	99999.8	0	0
proton	938.272	5.03961	99999.8	0	0
neutron	939.565	3.93714	99999.8	0	0
neutron	939.565	0.406298	99999.8	0	0
Si30	27913.2	0.154601	99999.8	0	0
Ne23	21414.1	0.212539	99999.9	0	0
neutron	939.565	1.00257	99999.9	0	0
S34	31632.7	0.0803205	99999.9	0	0
neutron	939.565	3.99288	99999.9	0	0
neutron	939.565	3.95366	99999.9	0	0
neutron	939.565	1.32606	99999.9	0	0
Ne20	18617.7	0.631945	99999.9	0	0
neutron	939.565	7.50009	99999.8	0	0
neutron	939.565	6.34405	99999.8	0	0
neutron	939.565	1.35238	99999.8	0	0
S32	29773.6	1.14641	99999.8	0	0
proton	938.272	5.70239	99999.9	0	0
neutron	939.565	5.43257	99999.9	0	0
neutron	939.565	2.17387	99999.9	0	0
P32	29775.8	0.524169	99999.9	0	0
S35	32565.3	0.150281	99999.9	0	0
neutron	939.565	0.4506	99999.8	0	0
Ne22	20479.7	0.193998	99999.8	0	0
neutron	939.565	2.44699	99999.9	0	0
neutron	939.565	0.239632	99999.9	0	0
alpha	3727.38	9.05114	99999.9	0	0
Si29	26984.3	1.33466	99999.9	0	0
proton	938.272	4.85467	99999.9	0	0
neutron	939.565	2.90517	99999.9	0	0
neutron	939.565	2.62448	99999.9	0	0
neutron	939.565	2.19079	99999.9	0	0
neutron	939.565	0.785835	99999.9	0	0
deuteron	1875.61	5.60803	99999.9	0	0
Si28	26053.2	0.585972	99999.9	0	0
neutron	939.565	11.1494	99999.9	0	0
neutron	939.565	9.39536	99999.9	0	0
neutron	939.565	9.16443	99999.9	0	0
alpha	3727.38	5.41299	99999.9	0	0
O16	14895.1	1.86428	99999.9	0	0
Ne23	21414.1	0.229412	99999.9	0	0
neutron	939.565	5.73876	99999.9	0	0
neutron	939.565	5.1049	99999.9	0	0
neutron	939.565	1.57119	99999.9	0	0
alpha	3727.38	4.46493	99999.9	0	0
O16	14895.1	1.19089	99999.9	0	0
neutron	939.565	0.636206	99999.9	0	0
S36	33495	0.0873713	99999.9	0	0
neutron	939.565	0.629156	99999.8	0	0
Ne22	20479.7	0.297188	99999.8	0	0
neutron	939.565	8.40435	99999.9	0	0
neutron	939.565	6.26507	99999.9	0	0
neutron	939.565	3.53153	99999.9	0	0
proton	938.272	2.6759	99999.9	0	0
P31	28844.2	0.056945	99999.9	0	0
neutron	939.565	10.9621	99999.9	0	0
neutron	939.565	9.00637	99999.9	0	0
neutron	939.565	1.90268	99999.9	0	0
S32	29773.6	1.48538	99999.9	0	0
neutron	939.565	0.40339	99999.9	0	0
Ne22	20479.7	0.140987	99999.9	0	0
neutron	939.565	0.533276	99999.8	0	0
Ne22	20479.7	0.15813	99999.8	0	0
neutron	939.565	1.51821	99999.8	0	0
Ne22	20479.7	0.0528384	99999.8	0	0
neutron	939.565	21.2111	99999.9	0	0
neutron	939.565	3.67395	99999.9	0	0
neutron	939.565	1.59358	99999.9	0	0
S34	31632.7	0.297027	99999.9	0	0
neutron	939.565	4.20976	99999.9	0	0
neutron	939.565	3.80134	99999.9	0	0
neutron	939.565	3.16242	99999.9	0	0
neutron	939.565	1.45934	99999.9	0	0
neutron	939.565	0.653	99999.9	0	0
alpha	3727.38	9.97889	99999.9	0	0
Si28	26053.2	1.03974	99999.9	0	0
neutron	939.565	1.84467	99999.9	0	0
Ne22	20479.7	0.118391	99999.9	0	0
proton	938.272	16.6293	99999.9	0	0
neutron	939.565	3.40794	99999.9	0	0
neutron	939.565	0.258417	99999.9	0	0
P32	29775.8	1.55348	99999.9	0	0
S35	32565.3	0.156707	99999.8	0	0
S35	32565.3	0.161225	99999.9	0	0
Ne23	21414.1	0.228465	99999.9	0	0
neutron	939.565	1.44303	99999.8	0	0
Ne22	20479.7	0.164637	99999.8	0	0
neutron	939.565	14.4445	99999.9	0	0
neutron	939.565	5.248	99999.9	0	0
neutron	939.565	1.6257	99999.9	0	0
alpha	3727.38	10.5869	99999.9	0	0
O16	14895.1	0.507547	99999.9	0	0
neutron	939.565	1.29451	99999.8	0	0
S36	33495	0.178809	99999.8	0	0
neutron	939.565	0.0501297	99999.9	0	0
S34	31632.7	0.144085	99999.9	0	0
proton	938.272	11.6782	99999.9	0	0
neutron	939.565	1.35478	99999.9	0	0
F21	19556.7	0.861502	99999.9	0	0
neutron	939.565	0.582355	99999.9	0	0
S34	31632.7	0.121906	99999.9	0	0
proton	938.272	16.1197	99999.8	0	0
neutron	939.565	0.603474	99999.8	0	0
deuteron	1875.61	4.47675	99999.8	0	0
O19	17697.6	1.46617	99999.8	0	0
neutron	939.565	0.59224	99999.9	0	0
S34	31632.7	0.258648	99999.9	0	0
S37	34430.2	0.133647	99999.8	0	0
Ne23	21414.1	0.227373	99999.9	0	0
neutron	939.565	8.46718	99999.9	0	0
neutron	939.565	2.78361	99999.9	0	0
neutron	939.565	1.04527	99999.9	0	0
S34	31632.7	0.373392	99999.9	0	0
neutron	939.565	0.24425	99999.9	0	0
S34	31632.7	0.198202	99999.9	0	0
neutron	939.565	20.0485	99999.8	0	0
neutron	939.565	16.5532	99999.8	0	0
Ne21	19550.5	2.09352	99999.8	0	0
Ne23	21414.1	0.218374	99999.9	0	0
neutron	939.565	1.7766	99999.9	0	0
S34	31632.7	0.304604	99999.9	0	0
neutron	939.565	8.38735	99999.9	0	0
neutron	939.565	5.05364	99999.9	0	0
proton	938.272	2.01294	99999.9	0	0
F20	18625.3	0.804493	99999.9	0	0
neutron	939.565	24.0288	99999.9	0	0
proton	938.272	17.3297	99999.9	0	0
F21	19556.7	1.56925	99999.9	0	0
neutron	939.565	8.92138	99999.8	0	0
neutron	939.565	7.6499	99999.8	0	0
neutron	939.565	6.81854	99999.8	0	0
alpha	3727.38	5.38095	99999.8	0	0
O16	14895.1	1.42298	99999.8	0	0
neutron	939.565	3.00411	99999.9	0	0
Ne22	20479.7	0.494714	99999.9	0	0
neutron	939.565	2.00592	99999.9	0	0
neutron	939.565	0.335075	99999.9	0	0
S33	30704.6	0.334722	99999.9	0	0
neutron	939.565	1.09894	99999.9	0	0
S34	31632.7	0.255379	99999.9	0	0
S37	34430.2	0.129755	99999.8	0	0
neutron	939.565	13.1148	99999.9	0	0
neutron	939.565	8.15473	99999.9	0	0
neutron	939.565	7.77078	99999.9	0	0
proton	938.272	2.93271	99999.9	0	0
F19	17692.3	0.225218	99999.9	0	0
neutron	939.565	1.6495	99999.9	0	0
S34	31632.7	0.163166	99999.9	0	0
neutron	939.565	6.02724	99999.8	0	0
Ne22	20479.7	0.391381	99999.8	0	0
Ne23	21414.1	0.225106	99999.9	0	0
neutron	939.565	29.9964	99999.8	0	0
neutron	939.565	2.08357	99999.8	0	0
alpha	3727.38	8.13715	99999.8	0	0
Si29	26984.3	3.46518	99999.8	0	0
neutron	939.565	9.76888	99999.9	0	0
neutron	939.565	2.38609	99999.9	0	0
S33	30704.6	0.370743	99999.9	0	0
neutron	939.565	0.884968	99999.8	0	0
S34	31632.7	0.0980685	99999.8	0	0
neutron	939.565	0.887172	99999.9	0	0
S36	33495	0.0970972	99999.9	0	0
neutron	939.565	3.8373	99999.9	0	0
neutron	939.565	2.49172	99999.9	0	0
neutron	939.565	0.775068	99999.9	0	0
Ne20	18617.7	1.31353	99999.9	0	0
neutron	939.565	31.7487	99999.8	0	0
proton	938.272	21.1499	99999.8	0	0
P35	32569.8	0.0735262	99999.8	0	0
proton	938.272	17.3284	99999.9	0	0
neutron	939.565	14.6629	99999.9	0	0
F21	19556.7	0.0862883	99999.9	0	0
neutron	939.565	1.4381	99999.9	0	0
Ne22	20479.7	0.305628	99999.9	0	0
neutron	939.565	54.0774	99999.9	0	0
neutron	939.565	1.19152	99999.9	0	0
neutron	939.565	1.0533	99999.9	0	0
S34	31632.7	2.28646	99999.9	0	0
neutron	939.565	19.1378	99999.9	0	0
proton	938.272	11.0379	99999.9	0	0
neutron	939.565	2.60958	99999.9	0	0
neutron	939.565	0.380405	99999.9	0	0
P31	28844.2	0.150189	99999.9	0	0
neutron	939.565	1.56837	99999.8	0	0
Ne22	20479.7	0.183499	99999.8	0	0
neutron	939.565	0.0895989	99999.9	0	0
S34	31632.7	0.147634	99999.9	0	0
neutron	939.565	2.11161	99999.8	0	0
neutron	939.565	1.4869	99999.8	0	0
S35	32565.3	0.23682	99999.8	0	0
neutron	939.565	2.14964	99999.8	0	0
Ne22	20479.7	0.536066	99999.8	0	0
Ne23	21414.1	0.223061	99999.8	0	0
proton	938.272	7.12212	99999.9	0	0
neutron	939.565	5.60345	99999.9	0	0
neutron	939.565	0.266859	99999.9	0	0
F20	18625.3	0.167265	99999.9	0	0
S35	32565.3	0.144837	99999.9	0	0
neutron	939.565	0.194617	99999.9	0	0
Ne22	20479.7	0.237748	99999.9	0	0
S35	32565.3	0.150111	99999.9	0	0
proton	938.272	28.496	99999.8	0	0
neutron	939.565	4.61427	99999.8	0	0
proton	938.272	1.72465	99999.8	0	0
Si32	29776.6	1.34838	99999.8	0	0
neutron	939.565	3.55914	99999.8	0	0
neutron	939.565	3.21229	99999.8	0	0
neutron	939.565	2.38951	99999.8	0	0
Ne20	18617.7	1.60581	99999.8	0	0
neutron	939.565	0.881829	99999.9	0	0
S34	31632.7	0.219384	99999.9	0	0
proton	938.272	31.9975	99999.9	0	0
neutron	939.565	1.32896	99999.9	0	0
P33	30705.3	0.581567	99999.9	0	0
S35	32565.3	0.160561	99999.9	0	0
neutron	939.565	1.51544	99999.9	0	0
S34	31632.7	0.296957	99999.9	0	0
neutron	939.565	0.850531	99999.8	0	0
S34	31632.7	0.124768	99999.8	0	0
Ne23	21414.1	0.223328	99999.8	0	0
S37	34430.2	0.139086	99999.9	0	0
Ne23	21414.1	0.219306	99999.9	0	0
neutron	939.565	10.09	99999.8	0	0
neutron	939.565	4.1721	99999.8	0	0
neutron	939.565	3.35113	99999.8	0	0
Ne20	18617.7	0.234666	99999.8	0	0
neutron	939.565	2.55817	99999.8	0	0
Ne22	20479.7	0.14822	99999.8	0	0
Ne23	21414.1	0.221771	99999.9	0	0
Ne23	21414.1	0.228349	99999.8	0	0
S35	32565.3	0.156074	99999.9	0	0
S37	34430.2	0.133416	99999.8	0	0
neutron	939.565	7.34131	99999.8	0	0
neutron	939.565	5.6613	99999.8	0	0
proton	938.272	5.33577	99999.8	0	0
neutron	939.565	2.2171	99999.8	0	0
neutron	939.565	1.84071	99999.8	0	0
alpha	3727.38	4.07339	99999.8	0	0
N14	13040.2	4.75819	99999.8	0	0
Ne23	21414.1	0.235507	99999.9	0	0
neutron	939.565	1.42668	99999.9	0	0
Ne22	20479.7	0.12816	99999.9	0	0
neutron	939.565	2.64679	99999.9	0	0
S34	31632.7	0.26523	99999.9	0	0
neutron	939.565	2.22937	99999.8	0	0
neutron	939.565	1.32287	99999.8	0	0
S33	30704.6	0.0201192	99999.8	0	0
neutron	939.565	1.41231	99999.9	0	0
Ne22	20479.7	0.108821	99999.9	0	0
neutron	939.565	8.57082	99999.8	0	0
neutron	939.565	6.40862	99999.8	0	0
S33	30704.6	0.894182	99999.8	0	0
neutron	939.565	3.34268	99999.8	0	0
alpha	3727.38	4.28329	99999.8	0	0
O18	16762	1.7077	99999.8	0	0
neutron	939.565	1.31199	99999.9	0	0
S36	33495	0.119359	99999.9	0	0
Ne23	21414.1	0.213329	99999.8	0	0
neutron	939.565	18.0929	99999.9	0	0
proton	938.272	10.917	99999.9	0	0
F21	19556.7	0.164595	99999.9	0	0
neutron	939.565	11.6284	99999.8	0	0
neutron	939.565	3.94847	99999.8	0	0
neutron	939.565	1.12881	99999.8	0	0
alpha	3727.38	8.27742	99999.8	0	0
O16	14895.1	2.00741	99999.8	0	0
proton	938.272	18.6414	99999.9	0	0
neutron	939.565	7.73846	99999.9	0	0
neutron	939.565	1.47886	99999.9	0	0
F20	18625.3	1.40051	99999.9	0	0
S35	32565.3	0.165607	99999.9	0	0
Ne23	21414.1	0.220108	99999.9	0	0
neutron	939.565	1.20046	99999.9	0	0
S34	31632.7	0.160501	99999.9	0	0
neutron	939.565	1.46677	99999.8	0	0
Ne22	20479.7	0.111767	99999.8	0	0
Ne23	21414.1	0.234393	99999.9	0	0
proton	938.272	10.329	99999.9	0	0
neutron	939.565	5.81779	99999.9	0	0
neutron	939.565	1.90368	99999.9	0	0
neutron	939.565	1.58576	99999.9	0	0
P31	28844.2	1.31492	99999.9	0	0
neutron	939.565	3.70283	99999.9	0	0
neutron	939.565	2.79706	99999.9	0	0
neutron	939.565	2.70336	99999.9	0	0
S34	31632.7	0.786514	99999.9	0	0
neutron	939.565	0.212747	99999.9	0	0
S34	31632.7	0.122364	99999.9	0	0
neutron	939.565	36.6696	99999.9	0	0
neutron	939.565	9.25534	99999.9	0	0
neutron	939.565	0.138325	99999.9	0	0
Ne20	18617.7	0.723093	99999.9	0	0
Ne23	21414.1	0.224886	99999.9	0	0
Ne23	21414.1	0.209256	99999.9	0	0
neutron	939.565	12.9682	99999.9	0	0
neutron	939.565	5.06996	99999.9	0	0
neutron	939.565	4.84953	99999.9	0	0
alpha	3727.38	5.01143	99999.9	0	0
O16	14895.1	1.0043	99999.9	0	0
neutron	939.565	0.0569282	99999.9	0	0
Ne22	20479.7	0.26867	99999.9	0	0
neutron	939.565	3.53001	99999.9	0	0
Ne22	20479.7	0.618273	99999.9	0	0
neutron	939.565	3.36555	99999.9	0	0
neutron	939.565	0.576745	99999.9	0	0
Ne21	19550.5	0.140217	99999.9	0	0
neutron	939.565	0.337858	99999.9	0	0
S34	31632.7	0.186316	99999.9	0	0
proton	938.272	25.7862	99999.9	0	0
neutron	939.565	2.21046	99999.9	0	0
neutron	939.565	1.08471	99999.9	0	0
P32	29775.8	1.33615	99999.9	0	0
neutron	939.565	14.1193	99999.9	0	0
neutron	939.565	8.35409	99999.9	0	0
S35	32565.3	0.519706	99999.9	0	0
neutron	939.565	1.29325	99999.9	0	0
S34	31632.7	0.144692	99999.9	0	0
neutron	939.565	0.934668	99999.9	0	0
S34	31632.7	0.187977	99999.9	0	0
S35	32565.3	0.157559	99999.8	0	0
neutron	939.565	1.15066	99999.9	0	0
Ne22	20479.7	0.296501	99999.9	0	0
neutron	939.565	0.850093	99999.9	0	0
Ne22	20479.7	0.184828	99999.9	0	0
S35	32565.3	0.150044	99999.9	0	0
neutron	939.565	1.59265	99999.9	0	0
Ne22	20479.7	0.306064	99999.9	0	0
neutron	939.565	4.51969	99999.8	0	0
neutron	939.565	2.14344	99999.8	0	0
alpha	3727.38	6.92523	99999.8	0	0
Si29	26984.3	0.694114	99999.8	0	0
neutron	939.565	0.760267	99999.9	0	0
Ne22	20479.7	0.131828	99999.9	0	0
neutron	939.565	11.4133	99999.8	0	0
neutron	939.565	6.23018	99999.8	0	0
neutron	939.565	0.78566	99999.8	0	0
S32	29773.6	0.563732	99999.8	0	0
neutron	939.565	5.41793	99999.9	0	0
alpha	3727.38	3.79226	99999.9	0	0
O18	16762	2.52502	99999.9	0	0
Ne23	21414.1	0.228441	99999.9	0	0
neutron	939.565	0.11153	99999.9	0	0
S36	33495	0.15442	99999.9	0	0
neutron	939.565	22.3835	99999.9	0	0
neutron	939.565	2.00666	99999.9	0	0
neutron	939.565	1.1032	99999.9	0	0
Ne20	18617.7	0.611415	99999.9	0	0
neutron	939.565	9.67175	99999.8	0	0
Ne22	20479.7	0.936941	99999.8	0	0
neutron	939.565	5.70297	99999.9	0	0
neutron	939.565	3.56944	99999.9	0	0
neutron	939.565	0.813732	99999.9	0	0
alpha	3727.38	5.21602	99999.9	0	0
O16	14895.1	2.34394	99999.9	0	0
neutron	939.565	2.17235	99999.8	0	0
S34	31632.7	0.322667	99999.8	0	0
Ne23	21414.1	0.232095	99999.9	0	0
neutron	939.565	0.364751	99999.8	0	0
S34	31632.7	0.170508	99999.8	0	0
proton	938.272	6.40707	99999.9	0	0
proton	938.272	4.27612	99999.9	0	0
neutron	939.565	2.38829	99999.9	0	0
neutron	939.565	0.522174	99999.9	0	0
Si31	28846.2	0.014666	99999.9	0	0
neutron	939.565	6.496	99999.9	0	0
proton	938.272	6.04818	99999.9	0	0
neutron	939.565	4.66101	99999.9	0	0
neutron	939.565	1.27573	99999.9	0	0
P31	28844.2	0.856922	99999.9	0	0
Ne23	21414.1	0.231351	99999.8	0	0
proton	938.272	4.15046	99999.9	0	0
neutron	939.565	1.20661	99999.9	0	0
P33	30705.3	0.0629797	99999.9	0	0
S37	34430.2	0.137507	99999.9	0	0
S35	32565.3	0.138156	99999.9	0	0
neutron	939.565	1.344	99999.9	0	0
S34	31632.7	0.132227	99999.9	0	0
S35	32565.3	0.145183	99999.9	0	0
Ne23	21414.1	0.213254	99999.9	0	0
neutron	939.565	24.8166	99999.8	0	0
neutron	939.565	2.94372	99999.8	0	0
neutron	939.565	1.95449	99999.8	0	0
Ne20	18617.7	1.44695	99999.8	0	0
S35	32565.3	0.156249	99999.9	0	0
neutron	939.565	4.41815	99999.9	0	0
S36	33495	0.455293	99999.9	0	0
neutron	939.565	0.643789	99999.8	0	0
Ne22	20479.7	0.404314	99999.8	0	0
Ne23	21414.1	0.229209	99999.9	0	0
neutron	939.565	4.19587	99999.9	0	0
neutron	939.565	1.73181	99999.9	0	0
neutron	939.565	1.54436	99999.9	0	0
Ne20	18617.7	0.0884264	99999.9	0	0
S35	32565.3	0.158727	99999.8	0	0
neutron	939.565	1.83186	99999.8	0	0
Ne22	20479.7	0.264503	99999.8	0	0
neutron	939.565	1.33705	99999.9	0	0
S34	31632.7	0.121372	99999.9	0	0
neutron	939.565	2.43678	99999.9	0	0
S34	31632.7	0.168382	99999.9	0	0
Ne23	21414.1	0.206958	99999.8	0	0
neutron	939.565	2.19027	99999.8	0	0
S34	31632.7	0.247388	99999.8	0	0
neutron	939.565	15.5641	99999.9	0	0
neutron	939.565	5.24504	99999.9	0	0
neutron	939.565	1.29412	99999.9	0	0
alpha	3727.38	4.40002	99999.9	0	0
O16	14895.1	1.18606	99999.9	0	0
neutron	939.565	3.08929	99999.9	0	0
neutron	939.565	2.12542	99999.9	0	0
neutron	939.565	1.94325	99999.9	0	0
Ne20	18617.7	0.154278	99999.9	0	0
S35	32565.3	0.142252	99999.8	0	0
neutron	939.565	1.04952	99999.9	0	0
S34	31632.7	0.218415	99999.9	0	0
S35	32565.3	0.155707	99999.9	0	0
neutron	939.565	26.5316	99999.9	0	0
proton	938.272	2.99573	99999.9	0	0
neutron	939.565	2.28388	99999.9	0	0
P32	29775.8	2.20801	99999.9	0	0
proton	938.272	18.6584	99999.9	0	0
neutron	939.565	8.28231	99999.9	0	0
neutron	939.565	3.7175	99999.9	0	0
neutron	939.565	0.359888	99999.9	0	0
P31	28844.2	0.725535	99999.9	0	0
neutron	939.565	17.6856	99999.9	0	0
proton	938.272	14.7912	99999.9	0	0
neutron	939.565	0.221438	99999.9	0	0
P32	29775.8	0.994973	99999.9	0	0
proton	938.272	24.8924	99999.8	0	0
neutron	939.565	6.24726	99999.8	0	0
neutron	939.565	3.05296	99999.8	0	0
neutron	939.565	1.099	99999.8	0	0
F19	17692.3	0.92814	99999.8	0	0
Ne23	21414.1	0.217388	99999.9	0	0
S35	32565.3	0.167388	99999.9	0	0
neutron	939.565	11.2799	99999.9	0	0
neutron	939.565	5.00441	99999.9	0	0
neutron	939.565	2.79734	99999.9	0	0
Ne20	18617.7	1.09827	99999.9	0	0
Ne23	21414.1	0.221367	99999.9	0	0
neutron	939.565	19.5025	99999.9	0	0
proton	938.272	7.51133	99999.9	0	0
neutron	939.565	2.50389	99999.9	0	0
P34	31638.6	0.17085	99999.9	0	0
neutron	939.565	0.472349	99999.9	0	0
S34	31632.7	0.0725723	99999.9	0	0
neutron	939.565	0.321023	99999.9	0	0
Ne22	20479.7	0.232197	99999.9	0	0
neutron	939.565	1.49504	99999.8	0	0
Ne22	20479.7	0.377188	99999.8	0	0
S35	32565.3	0.144706	99999.9	0	0
proton	938.272	17.2512	99999.9	0	0
neutron	939.565	7.79913	99999.9	0	0
neutron	939.565	6.29703	99999.9	0	0
neutron	939.565	3.83058	99999.9	0	0
proton	938.272	2.48558	99999.9	0	0
Si30	27913.2	1.29988	99999.9	0	0
neutron	939.565	4.79544	99999.8	0	0
neutron	939.565	4.08979	99999.8	0	0
neutron	939.565	1.48472	99999.8	0	0
Ne20	18617.7	0.360025	99999.8	0	0
S37	34430.2	0.138369	99999.9	0	0
neutron	939.565	0.304312	99999.8	0	0
Ne22	20479.7	0.153831	99999.8	0	0
neutron	939.565	0.956514	99999.8	0	0
S34	31632.7	0.245261	99999.8	0	0
neutron	939.565	11.6544	99999.9	0	0
Ne22	20479.7	0.799913	99999.9	0	0
proton	938.272	11.5924	99999.9	0	0
neutron	939.565	8.64905	99999.9	0	0
neutron	939.565	4.50158	99999.9	0	0
P32	29775.8	0.0593083	99999.9	0	0
S35	32565.3	0.143387	99999.8	0	0
neutron	939.565	12.9441	99999.9	0	0
neutron	939.565	5.04021	99999.9	0	0
neutron	939.565	0.530022	99999.9	0	0
Ne20	18617.7	0.411199	99999.9	0	0
Ne23	21414.1	0.228029	99999.9	0	0
neutron	939.565	3.03595	99999.9	0	0
Ne22	20479.7	0.0670078	99999.9	0	0
neutron	939.565	37.9618	99999.8	0	0
neutron	939.565	4.56777	99999.8	0	0
neutron	939.565	1.10066	99999.8	0	0
Ne20	18617.7	2.04228	99999.8	0	0
S37	34430.2	0.140458	99999.9	0	0
neutron	939.565	13.7708	99999.9	0	0
neutron	939.565	11.2692	99999.9	0	0
neutron	939.565	3.90413	99999.9	0	0
alpha	3727.38	6.26239	99999.9	0	0
alpha	3727.38	6.9415	99999.9	0	0
C12	11174.9	1.33868	99999.9	0	0
neutron	939.565	0.923527	99999.8	0	0
S34	31632.7	0.190989	99999.8	0	0
S35	32565.3	0.157986	99999.9	0	0
neutron	939.565	0.676027	99999.8	0	0
S36	33495	0.12689	99999.8	0	0
Ne23	21414.1	0.214651	99999.9	0	0
S35	32565.3	0.156377	99999.8	0	0
Ne23	21414.1	0.203215	99999.8	0	0
neutron	939.565	4.47787	99999.8	0	0
neutron	939.565	2.0671	99999.8	0	0
neutron	939.565	1.60224	99999.8	0	0
Ne20	18617.7	0.622535	99999.8	0	0
neutron	939.565	2.51702	99999.9	0	0
S34	31632.7	0.140773	99999.9	0	0
neutron	939.565	5.5748	99999.9	0	0
S34	31632.7	0.546293	99999.9	0	0
S35	32565.3	0.148504	99999.9	0	0
neutron	939.565	0.16179	99999.8	0	0
S36	33495	0.0986315	99999.8	0	0
neutron	939.565	0.0927864	99999.8	0	0
S36	33495	0.171447	99999.8	0	0
proton	938.272	17.617	99999.8	0	0
neutron	939.565	14.8258	99999.8	0	0
proton	938.272	9.48699	99999.8	0	0
Si32	29776.6	0.356925	99999.8	0	0
neutron	939.565	4.81793	99999.8	0	0
neutron	939.565	4.43326	99999.8	0	0
neutron	939.565	0.622177	99999.8	0	0
Ne20	18617.7	1.00367	99999.8	0	0
neutron	939.565	0.621859	99999.9	0	0
S36	33495	0.0857742	99999.9	0	0
Ne23	21414.1	0.217602	99999.9	0	0
Ne23	21414.1	0.223675	99999.9	0	0
neutron	939.565	38.4921	99999.9	0	0
neutron	939.565	1.80139	99999.9	0	0
neutron	939.565	0.269533	99999.9	0	0
S34	31632.7	1.38849	99999.9	0	0
neutron	939.565	7.12891	99999.8	0	0
alpha	3727.38	12.5234	99999.8	0	0
Si30	27913.2	0.700096	99999.8	0	0
neutron	939.565	4.65242	99999.9	0	0
proton	938.272	3.04015	99999.9	0	0
P33	30705.3	0.15079	99999.9	0	0
proton	938.272	22.7405	99999.8	0	0
neutron	939.565	15.8492	99999.8	0	0
neutron	939.565	0.916692	99999.8	0	0
P32	29775.8	0.90392	99999.8	0	0
S37	34430.2	0.145308	99999.9	0	0
Ne23	21414.1	0.202236	99999.9	0	0
Ne23	21414.1	0.233449	99999.9	0	0
neutron	939.565	5.63502	99999.9	0	0
proton	938.272	3.20282	99999.9	0	0
P33	30705.3	0.625855	99999.9	0	0
neutron	939.565	0.107965	99999.9	0	0
S36	33495	0.106191	99999.9	0	0
neutron	939.565	6.88399	99999.8	0	0
neutron	939.565	0.534839	99999.8	0	0
S33	30704.6	0.328579	99999.8	0	0
neutron	939.565	45.5279	99999.9	0	0
proton	938.272	4.02821	99999.9	0	0
proton	938.272	1.93787	99999.9	0	0
neutron	939.565	1.38542	99999.9	0	0
Si31	28846.2	1.32688	99999.9	0	0
neutron	939.565	29.3222	99999.8	0	0
neutron	939.565	1.3862	99999.8	0	0
Ne21	19550.5	0.650348	99999.8	0	0
Ne23	21414.1	0.233722	99999.9	0	0
Ne23	21414.1	0.230185	99999.9	0	0
neutron	939.565	3.63576	99999.9	0	0
proton	938.272	2.79487	99999.9	0	0
neutron	939.565	2.13684	99999.9	0	0
deuteron	1875.61	8.76948	99999.9	0	0
Si30	27913.2	2.46052	99999.9	0	0
neutron	939.565	33.2326	99999.9	0	0
neutron	939.565	1.01529	99999.9	0	0
S35	32565.3	1.1368	99999.9	0	0
neutron	939.565	2.47024	99999.9	0	0
S34	31632.7	0.0382181	99999.9	0	0
neutron	939.565	6.46447	99999.8	0	0
neutron	939.565	0.578126	99999.8	0	0
S33	30704.6	0.395694	99999.8	0	0
neutron	939.565	0.494552	99999.9	0	0
Ne22	20479.7	0.223277	99999.9	0	0
neutron	939.565	0.244786	99999.8	0	0
S34	31632.7	0.177303	99999.8	0	0
S35	32565.3	0.158365	99999.8	0	0
Ne23	21414.1	0.224584	99999.9	0	0
Ne23	21414.1	0.20751	99999.8	0	0
proton	938.272	11.6482	99999.9	0	0
neutron	939.565	2.71618	99999.9	0	0
neutron	939.565	2.52504	99999.9	0	0
neutron	939.565	1.79501	99999.9	0	0
deuteron	1875.61	15.2366	99999.9	0	0
Si29	26984.3	1.01833	99999.9	0	0
Ne23	21414.1	0.232755	99999.9	0	0
S35	32565.3	0.154358	99999.9	0	0
S35	32565.3	0.153388	99999.9	0	0
neutron	939.565	1.15539	99999.9	0	0
Ne22	20479.7	0.0808824	99999.9	0	0
neutron	939.565	0.598831	99999.9	0	0
S36	33495	0.0644341	99999.9	0	0
neutron	939.565	2.67969	99999.8	0	0
neutron	939.565	1.42781	99999.8	0	0
neutron	939.565	0.674243	99999.8	0	0
Ne20	18617.7	0.805776	99999.8	0	0
proton	938.272	11.6482	99999.9	0	0
F22	20491.1	0.60538	99999.9	0	0
Ne23	21414.1	0.231056	99999.9	0	0
Ne23	21414.1	0.203452	99999.8	0	0
neutron	939.565	0.573792	99999.9	0	0
S34	31632.7	0.0888966	99999.9	0	0
neutron	939.565	24.2146	99999.9	0	0
neutron	939.565	4.64505	99999.9	0	0
Ne21	19550.5	0.667766	99999.9	0	0
neutron	939.565	3.44971	99999.9	0	0
neutron	939.565	3.36075	99999.9	0	0
neutron	939.565	0.490488	99999.9	0	0
alpha	3727.38	3.33961	99999.9	0	0
O16	14895.1	1.59217	99999.9	0	0
Ne23	21414.1	0.196406	99999.8	0	0
neutron	939.565	21.4165	99999.9	0	0
proton	938.272	7.12453	99999.9	0	0
neutron	939.565	2.51351	99999.9	0	0
neutron	939.565	2.45577	99999.9	0	0
P31	28844.2	1.56438	99999.9	0	0
Ne23	21414.1	0.216257	99999.9	0	0
neutron	939.565	27.4771	99999.9	0	0
proton	938.272	13.5138	99999.9	0	0
neutron	939.565	1.31651	99999.9	0	0
neutron	939.565	0.579474	99999.9	0	0
F19	17692.3	0.464721	99999.9	0	0
neutron	939.565	0.864014	99999.9	0	0
S34	31632.7	0.201641	99999.9	0	0
S37	34430.2	0.136484	99999.8	0	0
neutron	939.565	18.49	99999.9	0	0
neutron	939.565	1.46176	99999.9	0	0
Ne21	19550.5	1.68407	99999.9	0	0
proton	938.272	5.48598	99999.9	0	0
neutron	939.565	5.22127	99999.9	0	0
proton	938.272	3.1671	99999.9	0	0
neutron	939.565	0.664187	99999.9	0	0
Si31	28846.2	0.583078	99999.9	0	0
Ne23	21414.1	0.19944	99999.9	0	0
neutron	939.565	1.0446	99999.9	0	0
Ne22	20479.7	0.291474	99999.9	0	0
neutron	939.565	10.4194	99999.9	0	0
neutron	939.565	8.58723	99999.9	0	0
neutron	939.565	0.832427	99999.9	0	0
Ne20	18617.7	0.224874	99999.9	0	0
neutron	939.565	26.0601	99999.8	0	0
neutron	939.565	12.6067	99999.8	0	0
neutron	939.565	0.600379	99999.8	0	0
alpha	3727.38	10.7592	99999.8	0	0
O16	14895.1	1.38774	99999.8	0	0
Ne23	21414.1	0.228712	99999.8	0	0
S35	32565.3	0.164211	99999.9	0	0
neutron	939.565	6.72131	99999.9	0	0
neutron	939.565	0.388027	99999.9	0	0
Ne21	19550.5	0.194536	99999.9	0	0
Ne23	21414.1	0.217091	99999.9	0	0
S35	32565.3	0.161845	99999.9	0	0
S35	32565.3	0.153923	99999.8	0	0
neutron	939.565	9.53654	99999.9	0	0
neutron	939.565	3.51312	99999.9	0	0
neutron	939.565	0.719416	99999.9	0	0
alpha	3727.38	3.43994	99999.9	0	0
O16	14895.1	2.67522	99999.9	0	0
neutron	939.565	9.42766	99999.8	0	0
neutron	939.565	5.35284	99999.8	0	0
neutron	939.565	4.49664	99999.8	0	0
Ne20	18617.7	0.316489	99999.8	0	0
S35	32565.3	0.155202	99999.9	0	0
neutron	939.565	0.993836	99999.9	0	0
Ne22	20479.7	0.0690365	99999.9	0	0
neutron	939.565	46.2389	99999.9	0	0
neutron	939.565	8.67037	99999.9	0	0
proton	938.272	4.23785	99999.9	0	0
P32	29775.8	2.43152	99999.9	0	0
neutron	939.565	4.74707	99999.9	0	0
neutron	939.565	0.986225	99999.9	0	0
neutron	939.565	0.491563	99999.9	0	0
Ne20	18617.7	0.980857	99999.9	0	0
Ne23	21414.1	0.222072	99999.9	0	0
neutron	939.565	0.529974	99999.8	0	0
S34	31632.7	0.0884347	99999.8	0	0
neutron	939.565	13.3337	99999.9	0	0
proton	938.272	11.0971	99999.9	0	0
proton	938.272	5.41484	99999.9	0	0
Si32	29776.6	1.12104	99999.9	0	0
S37	34430.2	0.136171	99999.9	0	0
S35	32565.3	0.143691	99999.9	0	0
neutron	939.565	5.85539	99999.9	0	0
neutron	939.565	2.81213	99999.9	0	0
Ne21	19550.5	0.40803	99999.9	0	0
neutron	939.565	2.90655	99999.8	0	0
Ne22	20479.7	0.0638703	99999.8	0	0
proton	938.272	6.0346	99999.8	0	0
neutron	939.565	4.2075	99999.8	0	0
proton	938.272	2.53099	99999.8	0	0
neutron	939.565	1.66013	99999.8	0	0
Si31	28846.2	0.681798	99999.8	0	0
proton	938.272	11.8944	99999.9	0	0
neutron	939.565	8.45314	99999.9	0	0
neutron	939.565	2.0553	99999.9	0	0
neutron	939.565	1.88666	99999.9	0	0
neutron	939.565	1.38581	99999.9	0	0
P32	29775.8	0.776493	99999.9	0	0
neutron	939.565	1.59476	99999.9	0	0
S34	31632.7	0.0688811	99999.9	0	0
Ne23	21414.1	0.221615	99999.9	0	0
neutron	939.565	3.98255	99999.9	0	0
neutron	939.565	2.55762	99999.9	0	0
Ne21	19550.5	0.348352	99999.9	0	0
neutron	939.565	22.8218	99999.9	0	0
neutron	939.565	4.39138	99999.9	0	0
proton	938.272	3.93496	99999.9	0	0
proton	938.272	2.9761	99999.9	0	0
neutron	939.565	2.97144	99999.9	0	0
Si30	27913.2	0.218877	99999.9	0	0
Ne23	21414.1	0.213685	99999.8	0	0
neutron	939.565	0.23557	99999.8	0	0
Ne22	20479.7	0.253105	99999.8	0	0
neutron	939.565	0.255582	99999.9	0	0
S34	31632.7	0.155749	99999.9	0	0
neutron	939.565	1.04593	99999.8	0	0
Ne22	20479.7	0.129865	99999.8	0	0
S35	32565.3	0.145241	99999.8	0	0
neutron	939.565	0.239415	99999.9	0	0
S34	31632.7	0.180718	99999.9	0	0
Ne23	21414.1	0.198726	99999.9	0	0
neutron	939.565	2.51975	99999.9	0	0
neutron	939.565	2.48963	99999.9	0	0
Ne21	19550.5	0.585941	99999.9	0	0
neutron	939.565	0.243204	99999.9	0	0
Ne22	20479.7	0.203482	99999.9	0	0
neutron	939.565	0.133181	99999.9	0	0
S34	31632.7	0.192814	99999.9	0	0
Ne23	21414.1	0.217694	99999.9	0	0
S37	34430.2	0.145216	99999.9	0	0
S35	32565.3	0.152057	99999.8	0	0
neutron	939.565	0.794916	99999.9	0	0
S34	31632.7	0.215076	99999.9	0	0
S35	32565.3	0.146566	99999.9	0	0
neutron	939.565	0.638822	99999.9	0	0
Ne22	20479.7	0.293665	99999.9	0	0
neutron	939.565	0.712129	99999.8	0	0
S34	31632.7	0.248428	99999.8	0	0
neutron	939.565	1.15724	99999.8	0	0
neutron	939.565	0.145891	99999.8	0	0
deuteron	1875.61	13.1596	99999.8	0	0
F19	17692.3	1.79219	99999.8	0	0
neutron	939.565	3.11692	99999.9	0	0
neutron	939.565	3.10796	99999.9	0	0
S33	30704.6	0.600689	99999.9	0	0
neutron	939.565	5.67357	99999.9	0	0
neutron	939.565	2.21478	99999.9	0	0
S33	30704.6	0.546114	99999.9	0	0
neutron	939.565	3.7069	99999.8	0	0
neutron	939.565	1.62062	99999.8	0	0
S33	30704.6	0.472002	99999.8	0	0
neutron	939.565	0.812515	99999.9	0	0
S36	33495	0.101926	99999.9	0	0
neutron	939.565	10.2119	99999.8	0	0
neutron	939.565	5.01415	99999.8	0	0
neutron	939.565	1.11085	99999.8	0	0
S34	31632.7	0.228436	99999.8	0	0
Ne23	21414.1	0.219446	99999.9	0	0
S35	32565.3	0.151616	99999.9	0	0
neutron	939.565	0.581912	99999.9	0	0
S34	31632.7	0.121913	99999.9	0	0
neutron	939.565	0.372252	99999.9	0	0
S34	31632.7	0.227511	99999.9	0	0
S37	34430.2	0.133452	99999.8	0	0
Ne23	21414.1	0.220709	99999.9	0	0
neutron	939.565	11.3661	99999.8	0	0
neutron	939.565	4.45654	99999.8	0	0
neutron	939.565	1.97698	99999.8	0	0
Ne20	18617.7	0.88363	99999.8	0	0
Ne23	21414.1	0.224707	99999.9	0	0
neutron	939.565	1.85124	99999.9	0	0
S34	31632.7	0.152252	99999.9	0	0
S37	34430.2	0.142175	99999.9	0	0
Ne23	21414.1	0.208274	99999.9	0	0
proton	938.272	13.0844	99999.9	0	0
proton	938.272	6.03994	99999.9	0	0
neutron	939.565	5.67716	99999.9	0	0
neutron	939.565	3.45005	99999.9	0	0
neutron	939.565	1.02248	99999.9	0	0
Si30	27913.2	0.739645	99999.9	0	0
neutron	939.565	6.72727	99999.9	0	0
neutron	939.565	2.52071	99999.9	0	0
Ne21	19550.5	0.822197	99999.9	0	0
neutron	939.565	0.196715	99999.8	0	0
Ne22	20479.7	0.230895	99999.8	0	0
S37	34430.2	0.135841	99999.9	0	0
S35	32565.3	0.165977	99999.9	0	0
neutron	939.565	0.347402	99999.9	0	0
S34	31632.7	0.102394	99999.9	0	0
neutron	939.565	1.28515	99999.8	0	0
S36	33495	0.150843	99999.8	0	0
neutron	939.565	14.4856	99999.9	0	0
neutron	939.565	9.77725	99999.9	0	0
neutron	939.565	1.9957	99999.9	0	0
S32	29773.6	0.644295	99999.9	0	0
neutron	939.565	0.794577	99999.8	0	0
S34	31632.7	0.270185	99999.8	0	0
S37	34430.2	0.144401	99999.9	0	0
proton	938.272	9.40701	99999.9	0	0
neutron	939.565	5.99456	99999.9	0	0
neutron	939.565	3.38793	99999.9	0	0
P32	29775.8	0.30898	99999.9	0	0
neutron	939.565	2.10955	99999.9	0	0
Ne22	20479.7	0.237912	99999.9	0	0
neutron	939.565	1.22871	99999.9	0	0
S34	31632.7	0.187182	99999.9	0	0
neutron	939.565	0.602521	99999.8	0	0
S34	31632.7	0.0865833	99999.8	0	0
neutron	939.565	2.42567	99999.9	0	0
S34	31632.7	0.387371	99999.9	0	0
neutron	939.565	25.0355	99999.9	0	0
neutron	939.565	9.38152	99999.9	0	0
neutron	939.565	1.21703	99999.9	0	0
S32	29773.6	0.115412	99999.9	0	0
S35	32565.3	0.150783	99999.9	0	0
S35	32565.3	0.159017	99999.8	0	0
proton	938.272	21.2637	99999.9	0	0
neutron	939.565	5.13013	99999.9	0	0
F21	19556.7	0.414813	99999.9	0	0
Ne23	21414.1	0.231159	99999.8	0	0
neutron	939.565	4.25493	99999.9	0	0
Ne22	20479.7	0.323815	99999.9	0	0
proton	938.272	7.91539	99999.9	0	0
neutron	939.565	3.7743	99999.9	0	0
neutron	939.565	3.60612	99999.9	0	0
proton	938.272	2.01735	99999.9	0	0
O19	17697.6	0.865186	99999.9	0	0
neutron	939.565	25.5466	99999.9	0	0
neutron	939.565	0.674613	99999.9	0	0
alpha	3727.38	9.33671	99999.9	0	0
O17	15830.5	1.66989	99999.9	0	0
neutron	939.565	16.1491	99999.8	0	0
neutron	939.565	3.83025	99999.8	0	0
neutron	939.565	0.056663	99999.8	0	0
Ne20	18617.7	1.83983	99999.8	0	0
neutron	939.565	8.52778	99999.9	0	0
neutron	939.565	1.77162	99999.9	0	0
S33	30704.6	0.119904	99999.9	0	0
neutron	939.565	0.232245	99999.9	0	0
Ne22	20479.7	0.324565	99999.9	0	0
Ne23	21414.1	0.211949	99999.9	0	0
neutron	939.565	5.02988	99999.9	0	0
neutron	939.565	4.12331	99999.9	0	0
proton	938.272	3.18673	99999.9	0	0
neutron	939.565	2.31059	99999.9	0	0
triton	2808.92	5.93653	99999.9	0	0
Si30	27913.2	0.487387	99999.9	0	0
neutron	939.565	0.625679	99999.9	0	0
Ne22	20479.7	0.143854	99999.9	0	0
S35	32565.3	0.160751	99999.9	0	0
S35	32565.3	0.141772	99999.8	0	0
Ne23	21414.1	0.220722	99999.8	0	0
neutron	939.565	0.129057	99999.9	0	0
Ne22	20479.7	0.280185	99999.9	0	0
neutron	939.565	2.81657	99999.9	0	0
neutron	939.565	0.743829	99999.9	0	0
S33	30704.6	0.300237	99999.9	0	0
proton	938.272	19.5471	99999.8	0	0
neutron	939.565	5.02875	99999.8	0	0
P33	30705.3	1.0802	99999.8	0	0
neutron	939.565	9.8271	99999.8	0	0
neutron	939.565	7.62217	99999.8	0	0
proton	938.272	5.11948	99999.8	0	0
neutron	939.565	0.259409	99999.8	0	0
P31	28844.2	0.408689	99999.8	0	0
Ne23	21414.1	0.229102	99999.9	0	0
neutron	939.565	1.12172	99999.9	0	0
Ne22	20479.7	0.216141	99999.9	0	0
proton	938.272	5.80724	99999.9	0	0
neutron	939.565	3.22771	99999.9	0	0
neutron	939.565	0.353341	99999.9	0	0
P32	29775.8	0.159476	99999.9	0	0
neutron	939.565	2.57487	99999.9	0	0
neutron	939.565	0.303719	99999.9	0	0
Ne21	19550.5	0.389306	99999.9	0	0
neutron	939.565	0.282863	99999.8	0	0
Ne22	20479.7	0.306333	99999.8	0	0
neutron	939.565	23.6035	99999.8	0	0
neutron	939.565	3.48506	99999.8	0	0
neutron	939.565	3.34514	99999.8	0	0
Ne20	18617.7	0.354323	99999.8	0	0
neutron	939.565	0.224753	99999.9	0	0
S34	31632.7	0.128221	99999.9	0	0
neutron	939.565	4.99183	99999.9	0	0
neutron	939.565	1.86816	99999.9	0	0
alpha	3727.38	4.88163	99999.9	0	0
O17	15830.5	0.937374	99999.9	0	0
neutron	939.565	8.81656	99999.9	0	0
neutron	939.565	1.0832	99999.9	0	0
He3	2808.39	3.75398	99999.9	0	0
O18	16762	2.17489	99999.9	0	0
proton	938.272	3.39716	99999.9	0	0
neutron	939.565	2.46931	99999.9	0	0
P33	30705.3	0.0951854	99999.9	0	0
neutron	939.565	0.743359	99999.8	0	0
Ne22	20479.7	0.122334	99999.8	0	0
neutron	939.565	7.1251	99999.8	0	0
neutron	939.565	3.15924	99999.8	0	0
neutron	939.565	2.445	99999.8	0	0
S32	29773.6	0.268334	99999.8	0	0
S35	32565.3	0.164214	99999.8	0	0
neutron	939.565	0.513349	99999.9	0	0
S34	31632.7	0.186298	99999.9	0	0
neutron	939.565	0.571161	99999.9	0	0
S34	31632.7	0.1707	99999.9	0	0
neutron	939.565	3.1386	99999.8	0	0
neutron	939.565	0.848061	99999.8	0	0
alpha	3727.38	15.8274	99999.8	0	0
Si29	26984.3	1.49261	99999.8	0	0
neutron	939.565	2.45266	99999.9	0	0
S34	31632.7	0.381841	99999.9	0	0
Ne23	21414.1	0.214641	99999.8	0	0
neutron	939.565	1.19226	99999.9	0	0
Ne22	20479.7	0.250597	99999.9	0	0
neutron	939.565	5.12428	99999.8	0	0
alpha	3727.38	9.59635	99999.8	0	0
Si30	27913.2	2.21228	99999.8	0	0
neutron	939.565	9.35254	99999.9	0	0
neutron	939.565	6.4348	99999.9	0	0
neutron	939.565	4.02985	99999.9	0	0
proton	938.272	3.99363	99999.9	0	0
P31	28844.2	1.05989	99999.9	0	0
neutron	939.565	0.121094	99999.8	0	0
Ne22	20479.7	0.162219	99999.8	0	0
neutron	939.565	5.76104	99999.9	0	0
neutron	939.565	1.13651	99999.9	0	0
neutron	939.565	0.44245	99999.9	0	0
Ne20	18617.7	0.159211	99999.9	0	0
neutron	939.565	0.145523	99999.9	0	0
S34	31632.7	0.124911	99999.9	0	0
neutron	939.565	0.748845	99999.9	0	0
Ne22	20479.7	0.223376	99999.9	0	0
neutron	939.565	3.23506	99999.9	0	0
proton	938.272	2.39636	99999.9	0	0
neutron	939.565	1.66218	99999.9	0	0
F20	18625.3	0.34066	99999.9	0	0
neutron	939.565	6.66315	99999.8	0	0
neutron	939.565	2.59786	99999.8	0	0
neutron	939.565	1.55083	99999.8	0	0
S32	29773.6	0.341633	99999.8	0	0
Ne23	21414.1	0.232465	99999.8	0	0
Ne23	21414.1	0.220625	99999.8	0	0
proton	938.272	9.72119	99999.9	0	0
neutron	939.565	9.27242	99999.9	0	0
proton	938.272	8.62549	99999.9	0	0
neutron	939.565	5.51659	99999.9	0	0
neutron	939.565	1.44214	99999.9	0	0
Si30	27913.2	2.30917	99999.9	0	0
neutron	939.565	29.0579	99999.8	0	0
neutron	939.565	23.8154	99999.8	0	0
neutron	939.565	0.393729	99999.8	0	0
Ne20	18617.7	1.15953	99999.8	0	0
Ne23	21414.1	0.232892	99999.9	0	0
Ne23	21414.1	0.229717	99999.8	0	0
neutron	939.565	4.92975	99999.8	0	0
proton	938.272	4.5828	99999.8	0	0
proton	938.272	4.15913	99999.8	0	0
Si32	29776.6	0.457227	99999.8	0	0
neutron	939.565	0.800684	99999.9	0	0
S34	31632.7	0.0663607	99999.9	0	0
neutron	939.565	12.3247	99999.9	0	0
neutron	939.565	6.05771	99999.9	0	0
neutron	939.565	1.48278	99999.9	0	0
S34	31632.7	0.399933	99999.9	0	0
neutron	939.565	0.745933	99999.9	0	0
Ne22	20479.7	0.314716	99999.9	0	0
neutron	939.565	2.83848	99999.9	0	0
S34	31632.7	0.410824	99999.9	0	0
Ne23	21414.1	0.225889	99999.9	0	0
neutron	939.565	1.19197	99999.8	0	0
S34	31632.7	0.242976	99999.8	0	0
neutron	939.565	7.18945	99999.8	0	0
neutron	939.565	0.334506	99999.8	0	0
S33	30704.6	0.0733406	99999.8	0	0
neutron	939.565	6.55723	99999.9	0	0
neutron	939.565	3.41566	99999.9	0	0
neutron	939.565	2.40705	99999.9	0	0
alpha	3727.38	11.1627	99999.9	0	0
O16	14895.1	4.64125	99999.9	0	0
S35	32565.3	0.159911	99999.9	0	0
neutron	939.565	8.63182	99999.9	0	0
neutron	939.565	2.10581	99999.9	0	0
neutron	939.565	1.0238	99999.9	0	0
Ne20	18617.7	0.500489	99999.9	0	0
neutron	939.565	7.68627	99999.9	0	0
neutron	939.565	3.82542	99999.9	0	0
neutron	939.565	0.650912	99999.9	0	0
triton	2808.92	5.99329	99999.9	0	0
P31	28844.2	0.900293	99999.9	0	0
neutron	939.565	22.2767	99999.9	0	0
neutron	939.565	3.41918	99999.9	0	0
neutron	939.565	1.60422	99999.9	0	0
S32	29773.6	1.35399	99999.9	0	0
S37	34430.2	0.140069	99999.9	0	0
neutron	939.565	0.309323	99999.9	0	0
S34	31632.7	0.171374	99999.9	0	0
neutron	939.565	3.00808	99999.9	0	0
proton	938.272	2.09719	99999.9	0	0
neutron	939.565	0.239089	99999.9	0	0
P32	29775.8	0.307167	99999.9	0	0
neutron	939.565	1.38928	99999.9	0	0
S34	31632.7	0.322188	99999.9	0	0
Ne23	21414.1	0.223872	99999.9	0	0
neutron	939.565	0.176425	99999.8	0	0
Ne22	20479.7	0.208322	99999.8	0	0
neutron	939.565	7.6757	99999.8	0	0
proton	938.272	6.8999	99999.8	0	0
neutron	939.565	5.29621	99999.8	0	0
neutron	939.565	3.97667	99999.8	0	0
alpha	3727.38	5.63188	99999.8	0	0
Al27	25126.5	2.01463	99999.8	0	0
neutron	939.565	1.12467	99999.8	0	0
S34	31632.7	0.114708	99999.8	0	0
proton	938.272	23.3305	99999.9	0	0
neutron	939.565	5.85231	99999.9	0	0
neutron	939.565	1.65156	99999.9	0	0
P32	29775.8	0.57844	99999.9	0	0
Ne23	21414.1	0.225685	99999.8	0	0
proton	938.272	29.1972	99999.8	0	0
neutron	939.565	2.38608	99999.8	0	0
neutron	939.565	0.867664	99999.8	0	0
neutron	939.565	0.742022	99999.8	0	0
P31	28844.2	1.27058	99999.8	0	0
neutron	939.565	1.05312	99999.9	0	0
Ne22	20479.7	0.333546	99999.9	0	0
neutron	939.565	24.0414	99999.8	0	0
neutron	939.565	3.97918	99999.8	0	0
neutron	939.565	1.05072	99999.8	0	0
Ne20	18617.7	1.04687	99999.8	0	0
neutron	939.565	0.742148	99999.9	0	0
Ne22	20479.7	0.202578	99999.9	0	0
neutron	939.565	1.84727	99999.9	0	0
Ne22	20479.7	0.306617	99999.9	0	0
neutron	939.565	0.444032	99999.8	0	0
S34	31632.7	0.204158	99999.8	0	0
Ne23	21414.1	0.225759	99999.9	0	0
Ne23	21414.1	0.230247	99999.9	0	0
neutron	939.565	0.12572	99999.8	0	0
S34	31632.7	0.158347	99999.8	0	0
neutron	939.565	0.276006	99999.9	0	0
Ne22	20479.7	0.189436	99999.9	0	0
Ne23	21414.1	0.199059	99999.9	0	0
S35	32565.3	0.152196	99999.9	0	0
neutron	939.565	1.02724	99999.9	0	0
Ne22	20479.7	0.211888	99999.9	0	0
S35	32565.3	0.149167	99999.9	0	0
neutron	939.565	1.74448	99999.9	0	0
neutron	939.565	1.16368	99999.9	0	0
alpha	3727.38	5.85169	99999.9	0	0
Si29	26984.3	0.714591	99999.9	0	0
Ne23	21414.1	0.207961	99999.8	0	0
proton	938.272	4.30054	99999.8	0	0
neutron	939.565	4.26803	99999.8	0	0
neutron	939.565	1.19031	99999.8	0	0
P32	29775.8	0.141605	99999.8	0	0
neutron	939.565	0.199	99999.9	0	0
S34	31632.7	0.136688	99999.9	0	0
neutron	939.565	0.620827	99999.8	0	0
S36	33495	0.226107	99999.8	0	0
neutron	939.565	6.02292	99999.9	0	0
neutron	939.565	2.66806	99999.9	0	0
neutron	939.565	1.10753	99999.9	0	0
alpha	3727.38	3.98591	99999.9	0	0
O16	14895.1	1.50522	99999.9	0	0
neutron	939.565	4.47942	99999.8	0	0
alpha	3727.38	13.5254	99999.8	0	0
Si30	27913.2	1.77285	99999.8	0	0
neutron	939.565	0.10985	99999.9	0	0
S34	31632.7	0.13544	99999.9	0	0
neutron	939.565	0.346408	99999.9	0	0
Ne22	20479.7	0.277976	99999.9	0	0
neutron	939.565	7.74709	99999.9	0	0
neutron	939.565	5.01265	99999.9	0	0
neutron	939.565	4.17962	99999.9	0	0
S34	31632.7	0.838733	99999.9	0	0
proton	938.272	25.6209	99999.8	0	0
neutron	939.565	22.6877	99999.8	0	0
F21	19556.7	2.28915	99999.8	0	0
neutron	939.565	0.744425	99999.9	0	0
Ne22	20479.7	0.150292	99999.9	0	0
S35	32565.3	0.163365	99999.8	0	0
proton	938.272	6.04925	99999.9	0	0
proton	938.272	2.90939	99999.9	0	0
neutron	939.565	2.62011	99999.9	0	0
neutron	939.565	2.41858	99999.9	0	0
neutron	939.565	0.753166	99999.9	0	0
Si30	27913.2	0.667788	99999.9	0	0
proton	938.272	6.19939	99999.8	0	0
neutron	939.565	5.75732	99999.8	0	0
neutron	939.565	0.50719	99999.8	0	0
F20	18625.3	0.680426	99999.8	0	0
proton	938.272	44.2797	99999.9	0	0
neutron	939.565	2.20553	99999.9	0	0
F21	19556.7	1.6514	99999.9	0	0
neutron	939.565	1.63565	99999.9	0	0
Ne22	20479.7	0.175733	99999.9	0	0
neutron	939.565	9.17073	99999.8	0	0
proton	938.272	4.23692	99999.8	0	0
neutron	939.565	1.49793	99999.8	0	0
P32	29775.8	0.0655594	99999.8	0	0
neutron	939.565	28.2949	99999.9	0	0
neutron	939.565	3.75263	99999.9	0	0
neutron	939.565	3.73867	99999.9	0	0
alpha	3727.38	7.89661	99999.9	0	0
alpha	3727.38	3.19774	99999.9	0	0
C12	11174.9	5.42522	99999.9	0	0
Ne23	21414.1	0.226412	99999.8	0	0
neutron	939.565	1.75683	99999.9	0	0
S34	31632.7	0.175858	99999.9	0	0
neutron	939.565	0.688629	99999.9	0	0
S34	31632.7	0.14929	99999.9	0	0
neutron	939.565	0.218639	99999.9	0	0
Ne22	20479.7	0.24825	99999.9	0	0
proton	938.272	32.384	99999.8	0	0
proton	938.272	14.3205	99999.8	0	0
neutron	939.565	1.47202	99999.8	0	0
neutron	939.565	1.43567	99999.8	0	0
neutron	939.565	0.557753	99999.8	0	0
Si30	27913.2	0.288906	99999.8	0	0
Ne23	21414.1	0.229613	99999.9	0	0
neutron	939.565	1.90536	99999.9	0	0
Ne22	20479.7	0.140015	99999.9	0	0
S37	34430.2	0.142277	99999.8	0	0
neutron	939.565	3.65372	99999.8	0	0
S34	31632.7	0.274375	99999.8	0	0
neutron	939.565	1.13755	99999.8	0	0
S34	31632.7	0.0584499	99999.8	0	0
neutron	939.565	32.8368	99999.9	0	0
proton	938.272	4.39477	99999.9	0	0
proton	938.272	3.08539	99999.9	0	0
Si32	29776.6	1.07602	99999.9	0	0
proton	938.272	21.9621	99999.9	0	0
neutron	939.565	10.7867	99999.9	0	0
neutron	939.565	1.73714	99999.9	0	0
neutron	939.565	0.334184	99999.9	0	0
P33	30705.3	0.128226	99999.9	0	0
S35	32565.3	0.157095	99999.9	0	0
neutron	939.565	1.2105	99999.8	0	0
Ne22	20479.7	0.37911	99999.8	0	0
S37	34430.2	0.133251	99999.9	0	0
S37	34430.2	0.142953	99999.9	0	0
neutron	939.565	7.51083	99999.9	0	0
neutron	939.565	2.61208	99999.9	0	0
neutron	939.565	1.17604	99999.9	0	0
Ne20	18617.7	0.426705	99999.9	0	0
neutron	939.565	0.17195	99999.9	0	0
Ne22	20479.7	0.174478	99999.9	0	0
Ne23	21414.1	0.234708	99999.9	0	0
neutron	939.565	7.84933	99999.8	0	0
neutron	939.565	3.29751	99999.8	0	0
S33	30704.6	0.379275	99999.8	0	0
neutron	939.565	41.4747	99999.8	0	0
neutron	939.565	3.04113	99999.8	0	0
neutron	939.565	1.48435	99999.8	0	0
Ne20	18617.7	1.59403	99999.8	0	0
S35	32565.3	0.154876	99999.8	0	0
Ne23	21414.1	0.207578	99999.8	0	0
neutron	939.565	1.18274	99999.9	0	0
Ne22	20479.7	0.409178	99999.9	0	0
neutron	939.565	18.5919	99999.9	0	0
alpha	3727.38	6.1387	99999.9	0	0
alpha	3727.38	11.336	99999.9	0	0
C14	13040.9	4.83164	99999.9	0	0
S35	32565.3	0.155823	99999.8	0	0
neutron	939.565	0.643654	99999.8	0	0
Ne22	20479.7	0.317137	99999.8	0	0
neutron	939.565	0.44976	99999.9	0	0
S36	33495	0.134687	99999.9	0	0
neutron	939.565	0.788599	99999.9	0	0
S34	31632.7	0.0634552	99999.9	0	0
Ne23	21414.1	0.218186	99999.9	0	0
neutron	939.565	13.9236	99999.9	0	0
proton	938.272	12.6375	99999.9	0	0
triton	2808.92	5.04547	99999.9	0	0
Si30	27913.2	2.13186	99999.9	0	0
Ne23	21414.1	0.226566	99999.9	0	0
S35	32565.3	0.139458	99999.9	0	0
neutron	939.565	6.12505	99999.9	0	0
neutron	939.565	2.5419	99999.9	0	0
Ne21	19550.5	1.20765	99999.9	0	0
Ne23	21414.1	0.216066	99999.9	0	0
Ne23	21414.1	0.217331	99999.9	0	0
neutron	939.565	3.14213	99999.8	0	0
S34	31632.7	0.263868	99999.8	0	0
neutron	939.565	3.52584	99999.8	0	0
neutron	939.565	3.34095	99999.8	0	0
neutron	939.565	0.926888	99999.8	0	0
Ne20	18617.7	0.689691	99999.8	0	0
Ne23	21414.1	0.213023	99999.9	0	0
neutron	939.565	5.03355	99999.9	0	0
Ne22	20479.7	0.483354	99999.9	0	0
S35	32565.3	0.147964	99999.9	0	0
neutron	939.565	12.2692	99999.9	0	0
neutron	939.565	4.91808	99999.9	0	0
neutron	939.565	2.36967	99999.9	0	0
alpha	3727.38	6.13884	99999.9	0	0
alpha	3727.38	4.08654	99999.9	0	0
C12	11174.9	0.748143	99999.9	0	0
neutron	939.565	1.25393	99999.9	0	0
Ne22	20479.7	0.217842	99999.9	0	0
neutron	939.565	16.6814	99999.8	0	0
neutron	939.565	3.59076	99999.8	0	0
Ne21	19550.5	0.828285	99999.8	0	0
proton	938.272	19.4786	99999.9	0	0
neutron	939.565	4.75664	99999.9	0	0
neutron	939.565	2.00451	99999.9	0	0
F20	18625.3	1.84169	99999.9	0	0
neutron	939.565	1.36817	99999.9	0	0
S34	31632.7	0.119699	99999.9	0	0
neutron	939.565	2.01015	99999.8	0	0
neutron	939.565	1.14805	99999.8	0	0
Ne21	19550.5	0.0757251	99999.8	0	0
neutron	939.565	1.05119	99999.8	0	0
Ne22	20479.7	0.340914	99999.8	0	0
neutron	939.565	1.70644	99999.8	0	0
S36	33495	0.120858	99999.8	0	0
S37	34430.2	0.134173	99999.8	0	0
S37	34430.2	0.134535	99999.9	0	0
neutron	939.565	0.247768	99999.8	0	0
S34	31632.7	0.137469	99999.8	0	0
neutron	939.565	22.7527	99999.9	0	0
neutron	939.565	7.38709	99999.9	0	0
neutron	939.565	4.41778	99999.9	0	0
proton	938.272	4.14134	99999.9	0	0
F19	17692.3	1.48149	99999.9	0	0
neutron	939.565	16.31	99999.9	0	0
proton	938.272	5.78004	99999.9	0	0
neutron	939.565	1.14205	99999.9	0	0
neutron	939.565	0.739615	99999.9	0	0
deuteron	1875.61	3.14464	99999.9	0	0
O17	15830.5	2.90071	99999.9	0	0
neutron	939.565	11.0391	99999.8	0	0
neutron	939.565	2.35022	99999.8	0	0
S35	32565.3	0.33328	99999.8	0	0
proton	938.272	8.42146	99999.9	0	0
neutron	939.565	5.11112	99999.9	0	0
proton	938.272	4.88247	99999.9	0	0
neutron	939.565	3.58048	99999.9	0	0
neutron	939.565	3.18152	99999.9	0	0
alpha	3727.38	8.45211	99999.9	0	0
C14	13040.9	3.11421	99999.9	0	0
neutron	939.565	0.537327	99999.9	0	0
Ne22	20479.7	0.117915	99999.9	0	0
neutron	939.565	31.7091	99999.9	0	0
proton	938.272	5.60773	99999.9	0	0
neutron	939.565	5.01926	99999.9	0	0
neutron	939.565	1.57063	99999.9	0	0
P31	28844.2	0.157326	99999.9	0	0
neutron	939.565	4.28009	99999.9	0	0
proton	938.272	2.97924	99999.9	0	0
neutron	939.565	2.89548	99999.9	0	0
neutron	939.565	0.933079	99999.9	0	0
P31	28844.2	0.131801	99999.9	0	0
Ne23	21414.1	0.226987	99999.9	0	0
Ne23	21414.1	0.214013	99999.9	0	0
Ne23	21414.1	0.223449	99999.8	0	0
neutron	939.565	1.62265	99999.8	0	0
neutron	939.565	1.35636	99999.8	0	0
S33	30704.6	0.169974	99999.8	0	0
neutron	939.565	0.718473	99999.8	0	0
S34	31632.7	0.25077	99999.8	0	0
neutron	939.565	0.738274	99999.9	0	0
S34	31632.7	0.139346	99999.9	0	0
neutron	939.565	16.7911	99999.9	0	0
neutron	939.565	7.75097	99999.9	0	0
proton	938.272	4.40734	99999.9	0	0
F20	18625.3	2.50824	99999.9	0	0
Ne23	21414.1	0.200744	99999.9	0	0
proton	938.272	38.609	99999.9	0	0
neutron	939.565	11.1376	99999.9	0	0
neutron	939.565	2.27303	99999.9	0	0
neutron	939.565	1.23822	99999.9	0	0
P31	28844.2	0.580926	99999.9	0	0
neutron	939.565	22.8179	99999.8	0	0
neutron	939.565	7.38517	99999.8	0	0
neutron	939.565	2.28752	99999.8	0	0
S34	31632.7	1.31569	99999.8	0	0
neutron	939.565	9.74689	100000	0	0
neutron	939.565	4.47673	100000	0	0
neutron	939.565	2.50263	100000	0	0
alpha	3727.38	5.07967	100000	0	0
Si28	26053.2	1.32567	100000	0	0
neutron	939.565	1.35337	99999.9	0	0
S34	31632.7	0.0463245	99999.9	0	0
neutron	939.565	20.4129	99999.9	0	0
proton	938.272	4.89833	99999.9	0	0
proton	938.272	3.41025	99999.9	0	0
Si32	29776.6	0.925969	99999.9	0	0
neutron	939.565	3.86915	99999.9	0	0
neutron	939.565	2.74541	99999.9	0	0
neutron	939.565	1.55094	99999.9	0	0
S34	31632.7	0.454837	99999.9	0	0
neutron	939.565	1.06655	99999.9	0	0
Ne22	20479.7	0.0572177	99999.9	0	0
neutron	939.565	6.71229	99999.9	0	0
neutron	939.565	5.322	99999.9	0	0
neutron	939.565	0.0832267	99999.9	0	0
S32	29773.6	0.716329	99999.9	0	0
neutron	939.565	0.0984628	99999.9	0	0
Ne22	20479.7	0.203279	99999.9	0	0
Ne23	21414.1	0.223276	99999.8	0	0
Ne23	21414.1	0.229461	99999.9	0	0
neutron	939.565	5.66098	99999.8	0	0
neutron	939.565	3.99216	99999.8	0	0
neutron	939.565	0.776665	99999.8	0	0
S34	31632.7	0.556697	99999.8	0	0
neutron	939.565	0.861373	99999.9	0	0
S34	31632.7	0.242737	99999.9	0	0
neutron	939.565	0.151889	99999.9	0	0
Ne22	20479.7	0.198696	99999.9	0	0
S35	32565.3	0.149018	99999.9	0	0
Ne23	21414.1	0.207069	99999.9	0	0
neutron	939.565	21.7994	99999.9	0	0
neutron	939.565	8.0209	99999.9	0	0
neutron	939.565	2.47741	99999.9	0	0
Ne20	18617.7	0.605907	99999.9	0	0
neutron	939.565	4.76716	99999.9	0	0
neutron	939.565	3.20602	99999.9	0	0
neutron	939.565	2.07654	99999.9	0	0
S32	29773.6	1.07859	99999.9	0	0
neutron	939.565	7.56354	99999.9	0	0
neutron	939.565	1.46512	99999.9	0	0
neutron	939.565	1.31201	99999.9	0	0
alpha	3727.38	9.61534	99999.9	0	0
O16	14895.1	1.08579	99999.9	0	0
neutron	939.565	6.98131	99999.9	0	0
proton	938.272	3.60393	99999.9	0	0
P33	30705.3	0.854178	99999.9	0	0
S35	32565.3	0.151054	99999.8	0	0
neutron	939.565	0.404124	99999.9	0	0
S34	31632.7	0.118971	99999.9	0	0
neutron	939.565	3.82106	99999.8	0	0
neutron	939.565	0.158692	99999.8	0	0
S33	30704.6	0.109353	99999.8	0	0
neutron	939.565	5.0368	99999.9	0	0
alpha	3727.38	5.98189	99999.9	0	0
Si30	27913.2	1.17824	99999.9	0	0
neutron	939.565	14.4368	99999.8	0	0
neutron	939.565	1.33505	99999.8	0	0
alpha	3727.38	4.79154	99999.8	0	0
O17	15830.5	3.51205	99999.8	0	0
neutron	939.565	6.03313	99999.8	0	0
neutron	939.565	3.01417	99999.8	0	0
neutron	939.565	2.42818	99999.8	0	0
S34	31632.7	0.360296	99999.8	0	0
Ne23	21414.1	0.214271	99999.9	0	0
proton	938.272	7.92799	99999.9	0	0
proton	938.272	7.41166	99999.9	0	0
Si33	30711.6	0.364982	99999.9	0	0
Ne23	21414.1	0.207771	99999.8	0	0
neutron	939.565	0.624377	99999.9	0	0
Ne22	20479.7	0.30519	99999.9	0	0
neutron	939.565	11.2976	99999.8	0	0
neutron	939.565	1.40326	99999.8	0	0
Ne21	19550.5	0.504732	99999.8	0	0
neutron	939.565	0.556707	99999.9	0	0
Ne22	20479.7	0.326389	99999.9	0	0
neutron	939.565	1.1182	99999.9	0	0
S34	31632.7	0.0775688	99999.9	0	0
neutron	939.565	2.75763	99999.8	0	0
neutron	939.565	0.986937	99999.8	0	0
neutron	939.565	0.491273	99999.8	0	0
alpha	3727.38	12.2209	99999.8	0	0
alpha	3727.38	0.941395	99999.8	0	0
C12	11174.9	10.1202	99999.8	0	0
neutron	939.565	34.2322	99999.9	0	0
neutron	939.565	11.3868	99999.9	0	0
neutron	939.565	4.68044	99999.9	0	0
alpha	3727.38	5.60014	99999.9	0	0
O16	14895.1	4.83821	99999.9	0	0
neutron	939.565	1.57182	99999.8	0	0
Ne22	20479.7	0.169449	99999.8	0	0
neutron	939.565	1.4929	99999.9	0	0
S34	31632.7	0.145468	99999.9	0	0
neutron	939.565	1.6907	99999.9	0	0
neutron	939.565	1.12211	99999.9	0	0
S33	30704.6	0.0462514	99999.9	0	0
S37	34430.2	0.142361	99999.9	0	0
neutron	939.565	0.205833	99999.9	0	0
S36	33495	0.176559	99999.9	0	0
neutron	939.565	18.7337	99999.8	0	0
neutron	939.565	7.40983	99999.8	0	0
S33	30704.6	0.272873	99999.8	0	0
neutron	939.565	1.24466	99999.9	0	0
Ne22	20479.7	0.11926	99999.9	0	0
Ne23	21414.1	0.217424	99999.9	0	0
neutron	939.565	0.728269	99999.8	0	0
S34	31632.7	0.0775385	99999.8	0	0
Ne23	21414.1	0.232399	99999.9	0	0
neutron	939.565	0.418102	99999.9	0	0
S34	31632.7	0.0811971	99999.9	0	0
neutron	939.565	4.06281	99999.8	0	0
neutron	939.565	2.51804	99999.8	0	0
neutron	939.565	0.452838	99999.8	0	0
alpha	3727.38	6.43557	99999.8	0	0
alpha	3727.38	8.03063	99999.8	0	0
Mg24	22335.8	0.718188	99999.8	0	0
neutron	939.565	1.2543	99999.9	0	0
S34	31632.7	0.186052	99999.9	0	0
neutron	939.565	17.2574	99999.8	0	0
neutron	939.565	10.8798	99999.8	0	0
neutron	939.565	7.10604	99999.8	0	0
alpha	3727.38	5.46761	99999.8	0	0
O16	14895.1	1.0644	99999.8	0	0
S35	32565.3	0.136606	99999.9	0	0
neutron	939.565	7.23684	99999.9	0	0
proton	938.272	5.87013	99999.9	0	0
P33	30705.3	0.13697	99999.9	0	0
neutron	939.565	3.02395	99999.8	0	0
neutron	939.565	0.120967	99999.8	0	0
S33	30704.6	0.129914	99999.8	0	0
S35	32565.3	0.15041	99999.9	0	0
neutron	939.565	0.833395	99999.9	0	0
S36	33495	0.210528	99999.9	0	0
Ne23	21414.1	0.230498	99999.9	0	0
S35	32565.3	0.129742	99999.9	0	0
S35	32565.3	0.157452	99999.9	0	0
neutron	939.565	2.57064	99999.9	0	0
S34	31632.7	0.325504	99999.9	0	0
neutron	939.565	1.77838	99999.9	0	0
S36	33495	0.0447544	99999.9	0	0
neutron	939.565	2.57087	99999.8	0	0
S34	31632.7	0.0382475	99999.8	0	0
neutron	939.565	1.21947	99999.9	0	0
S34	31632.7	0.0456691	99999.9	0	0
neutron	939.565	16.3437	99999.9	0	0
neutron	939.565	8.50032	99999.9	0	0
proton	938.272	4.14022	99999.9	0	0
neutron	939.565	2.49436	99999.9	0	0
P31	28844.2	0.307238	99999.9	0	0
proton	938.272	15.0436	99999.8	0	0
neutron	939.565	6.59971	99999.8	0	0
neutron	939.565	2.27454	99999.8	0	0
neutron	939.565	1.62192	99999.8	0	0
neutron	939.565	0.690701	99999.8	0	0
neutron	939.565	0.255711	99999.8	0	0
P31	28844.2	1.56115	99999.8	0	0
S35	32565.3	0.162838	99999.8	0	0
neutron	939.565	0.617989	99999.9	0	0
Ne22	20479.7	0.156522	99999.9	0	0
neutron	939.565	0.707857	99999.9	0	0
S34	31632.7	0.0842636	99999.9	0	0
neutron	939.565	0.781271	99999.8	0	0
S34	31632.7	0.264644	99999.8	0	0
neutron	939.565	5.25571	99999.8	0	0
proton	938.272	4.81448	99999.8	0	0
F21	19556.7	0.430915	99999.8	0	0
Ne23	21414.1	0.199322	99999.9	0	0
Ne23	21414.1	0.220986	99999.9	0	0
neutron	939.565	17.5412	99999.8	0	0
neutron	939.565	10.3487	99999.8	0	0
neutron	939.565	4.29767	99999.8	0	0
Ne20	18617.7	2.2219	99999.8	0	0
neutron	939.565	2.08732	99999.8	0	0
S34	31632.7	0.0176132	99999.8	0	0
neutron	939.565	6.86047	99999.9	0	0
proton	938.272	3.00273	99999.9	0	0
neutron	939.565	2.26959	99999.9	0	0
neutron	939.565	1.1944	99999.9	0	0
P31	28844.2	0.51366	99999.9	0	0
neutron	939.565	29.1057	99999.9	0	0
neutron	939.565	12.1613	99999.9	0	0
proton	938.272	2.90488	99999.9	0	0
neutron	939.565	0.571304	99999.9	0	0
P31	28844.2	0.335509	99999.9	0	0
neutron	939.565	27.5404	99999.9	0	0
proton	938.272	12.8332	99999.9	0	0
neutron	939.565	0.767341	99999.9	0	0
neutron	939.565	0.751652	99999.9	0	0
P31	28844.2	1.85274	99999.9	0	0
neutron	939.565	2.93348	99999.8	0	0
Ne22	20479.7	0.0376869	99999.8	0	0
neutron	939.565	3.4424	99999.8	0	0
neutron	939.565	1.74703	99999.8	0	0
neutron	939.565	1.33274	99999.8	0	0
Ne20	18617.7	0.330766	99999.8	0	0
neutron	939.565	17.4584	99999.9	0	0
proton	938.272	6.4359	99999.9	0	0
P33	30705.3	0.308618	99999.9	0	0
S37	34430.2	0.134649	99999.9	0	0
neutron	939.565	16.2148	99999.9	0	0
neutron	939.565	9.33571	99999.9	0	0
neutron	939.565	2.88332	99999.9	0	0
Ne20	18617.7	0.345727	99999.9	0	0
proton	938.272	10.6607	99999.9	0	0
proton	938.272	7.89663	99999.9	0	0
neutron	939.565	6.50766	99999.9	0	0
neutron	939.565	5.70669	99999.9	0	0
neutron	939.565	0.775148	99999.9	0	0
O18	16762	2.39942	99999.9	0	0
neutron	939.565	2.00128	99999.9	0	0
S34	31632.7	0.262941	99999.9	0	0
neutron	939.565	25.1715	99999.8	0	0
proton	938.272	11.8907	99999.8	0	0
neutron	939.565	1.03634	99999.8	0	0
neutron	939.565	0.865843	99999.8	0	0
P31	28844.2	1.99811	99999.8	0	0
Ne23	21414.1	0.230881	99999.9	0	0
proton	938.272	31.0293	99999.9	0	0
neutron	939.565	1.53338	99999.9	0	0
neutron	939.565	1.25296	99999.9	0	0
neutron	939.565	0.715312	99999.9	0	0
P31	28844.2	1.60651	99999.9	0	0
neutron	939.565	0.295825	99999.9	0	0
Ne22	20479.7	0.30924	99999.9	0	0
Ne23	21414.1	0.224841	99999.8	0	0
Ne23	21414.1	0.231807	99999.9	0	0
neutron	939.565	11.047	99999.9	0	0
proton	938.272	6.56001	99999.9	0	0
neutron	939.565	5.80117	99999.9	0	0
neutron	939.565	0.677225	99999.9	0	0
P31	28844.2	0.483501	99999.9	0	0
neutron	939.565	0.345963	99999.9	0	0
S36	33495	0.142002	99999.9	0	0
neutron	939.565	0.459977	99999.9	0	0
S34	31632.7	0.0737798	99999.9	0	0
S35	32565.3	0.153057	99999.9	0	0
neutron	939.565	1.4225	99999.8	0	0
S34	31632.7	0.290587	99999.8	0	0
neutron	939.565	6.69267	99999.8	0	0
neutron	939.565	1.90067	99999.8	0	0
neutron	939.565	1.35381	99999.8	0	0
S32	29773.6	0.335932	99999.8	0	0
Ne23	21414.1	0.219871	99999.9	0	0
neutron	939.565	6.88698	99999.8	0	0
neutron	939.565	2.59456	99999.8	0	0
neutron	939.565	1.37427	99999.8	0	0
S32	29773.6	0.0670816	99999.8	0	0
proton	938.272	39.2555	99999.9	0	0
F22	20491.1	2.43318	99999.9	0	0
Ne23	21414.1	0.215049	99999.8	0	0
neutron	939.565	0.605213	99999.8	0	0
Ne22	20479.7	0.163612	99999.8	0	0
proton	938.272	26.1319	99999.9	0	0
proton	938.272	4.15211	99999.9	0	0
neutron	939.565	1.59718	99999.9	0	0
Si32	29776.6	1.16898	99999.9	0	0
neutron	939.565	5.2411	99999.8	0	0
neutron	939.565	4.83702	99999.8	0	0
neutron	939.565	1.66441	99999.8	0	0
S32	29773.6	0.193553	99999.8	0	0
neutron	939.565	0.629451	99999.9	0	0
S36	33495	0.203791	99999.9	0	0
neutron	939.565	4.56518	99999.9	0	0
neutron	939.565	3.26765	99999.9	0	0
Ne21	19550.5	0.142795	99999.9	0	0
neutron	939.565	46.3925	99999.9	0	0
alpha	3727.38	4.56782	99999.9	0	0
alpha	3727.38	4.18421	99999.9	0	0
C14	13040.9	8.29524	99999.9	0	0
Ne23	21414.1	0.222448	99999.9	0	0
neutron	939.565	0.315973	99999.9	0	0
S34	31632.7	0.119752	99999.9	0	0
neutron	939.565	0.863548	99999.8	0	0
S34	31632.7	0.139144	99999.8	0	0
proton	938.272	7.09714	99999.9	0	0
neutron	939.565	3.15356	99999.9	0	0
neutron	939.565	2.80445	99999.9	0	0
P32	29775.8	0.139582	99999.9	0	0
neutron	939.565	20.745	99999.9	0	0
neutron	939.565	6.65384	99999.9	0	0
neutron	939.565	5.77924	99999.9	0	0
proton	938.272	4.33685	99999.9	0	0
alpha	3727.38	3.88681	99999.9	0	0
N15	13968.9	2.06425	99999.9	0	0
neutron	939.565	1.00015	99999.9	0	0
S34	31632.7	0.109504	99999.9	0	0
proton	938.272	7.40308	99999.9	0	0
neutron	939.565	5.06682	99999.9	0	0
neutron	939.565	1.50798	99999.9	0	0
alpha	3727.38	10.9739	99999.9	0	0
Al28	26058.3	1.62263	99999.9	0	0
neutron	939.565	13.2684	99999.9	0	0
neutron	939.565	9.99031	99999.9	0	0
neutron	939.565	0.832114	99999.9	0	0
S34	31632.7	1.05414	99999.9	0	0
neutron	939.565	0.451235	99999.8	0	0
Ne22	20479.7	0.360604	99999.8	0	0
neutron	939.565	0.701133	99999.8	0	0
Ne22	20479.7	0.279922	99999.8	0	0
S37	34430.2	0.140843	99999.9	0	0
Ne23	21414.1	0.210391	99999.8	0	0
Ne23	21414.1	0.198698	99999.9	0	0
S35	32565.3	0.153168	99999.9	0	0
neutron	939.565	22.5281	99999.8	0	0
neutron	939.565	2.45684	99999.8	0	0
neutron	939.565	0.75528	99999.8	0	0
S32	29773.6	0.71712	99999.8	0	0
neutron	939.565	0.291111	99999.9	0	0
Ne22	20479.7	0.180316	99999.9	0	0
S35	32565.3	0.163657	99999.9	0	0
neutron	939.565	0.0894671	99999.9	0	0
Ne22	20479.7	0.249379	99999.9	0	0
neutron	939.565	0.301325	99999.9	0	0
S34	31632.7	0.192065	99999.9	0	0
proton	938.272	4.1525	99999.8	0	0
neutron	939.565	1.63881	99999.8	0	0
P33	30705.3	0.190093	99999.8	0	0
Ne23	21414.1	0.218272	99999.8	0	0
S35	32565.3	0.14884	99999.9	0	0
neutron	939.565	0.2703	99999.9	0	0
Ne22	20479.7	0.246144	99999.9	0	0
neutron	939.565	1.55778	99999.8	0	0
Ne22	20479.7	0.153361	99999.8	0	0
neutron	939.565	0.274273	99999.9	0	0
Ne22	20479.7	0.275468	99999.9	0	0
S35	32565.3	0.157563	99999.8	0	0
neutron	939.565	16.0608	99999.8	0	0
neutron	939.565	14.3596	99999.8	0	0
neutron	939.565	1.98604	99999.8	0	0
S32	29773.6	1.14357	99999.8	0	0
proton	938.272	36.4233	99999.9	0	0
neutron	939.565	19.3809	99999.9	0	0
neutron	939.565	3.74683	99999.9	0	0
F20	18625.3	1.00392	99999.9	0	0
S35	32565.3	0.142913	99999.9	0	0
proton	938.272	30.6994	99999.8	0	0
neutron	939.565	1.08832	99999.8	0	0
neutron	939.565	0.997818	99999.8	0	0
neutron	939.565	0.540626	99999.8	0	0
P31	28844.2	0.750615	99999.8	0	0
neutron	939.565	6.59391	99999.9	0	0
neutron	939.565	1.74152	99999.9	0	0
S33	30704.6	0.0772845	99999.9	0	0
neutron	939.565	1.64863	99999.9	0	0
S34	31632.7	0.0716092	99999.9	0	0
neutron	939.565	1.86692	99999.8	0	0
Ne22	20479.7	0.225615	99999.8	0	0
proton	938.272	44.8984	99999.9	0	0
neutron	939.565	10.5509	99999.9	0	0
P33	30705.3	0.782922	99999.9	0	0
S35	32565.3	0.15	99999.9	0	0
S35	32565.3	0.145997	99999.9	0	0
neutron	939.565	3.57607	99999.9	0	0
neutron	939.565	1.6635	99999.9	0	0
neutron	939.565	1.37051	99999.9	0	0
S32	29773.6	0.715156	99999.9	0	0
Ne23	21414.1	0.207078	99999.9	0	0
neutron	939.565	0.446663	99999.8	0	0
S36	33495	0.208114	99999.8	0	0
Ne23	21414.1	0.214579	99999.9	0	0
neutron	939.565	0.0418344	99999.9	0	0
S36	33495	0.141862	99999.9	0	0
proton	938.272	7.41108	99999.9	0	0
neutron	939.565	5.04402	99999.9	0	0
neutron	939.565	4.42759	99999.9	0	0
proton	938.272	3.1238	99999.9	0	0
neutron	939.565	1.05397	99999.9	0	0
Si30	27913.2	0.585251	99999.9	0	0
neutron	939.565	13.9727	99999.9	0	0
neutron	939.565	2.2633	99999.9	0	0
Ne21	19550.5	1.25766	99999.9	0	0
neutron	939.565	2.03327	99999.9	0	0
S34	31632.7	0.0780536	99999.9	0	0
neutron	939.565	2.83182	99999.9	0	0
S34	31632.7	0.0284555	99999.9	0	0
S35	32565.3	0.148586	99999.9	0	0
Ne23	21414.1	0.223309	99999.8	0	0
neutron	939.565	2.72213	99999.9	0	0
S34	31632.7	0.0325616	99999.9	0	0
neutron	939.565	0.238646	99999.8	0	0
Ne22	20479.7	0.236677	99999.8	0	0
proton	938.272	19.3043	99999.9	0	0
neutron	939.565	8.42027	99999.9	0	0
neutron	939.565	0.880013	99999.9	0	0
F20	18625.3	1.45885	99999.9	0	0
neutron	939.565	0.625102	99999.8	0	0
S34	31632.7	0.0772618	99999.8	0	0
neutron	939.565	1.8702	99999.9	0	0
S34	31632.7	0.215757	99999.9	0	0
proton	938.272	14.874	99999.9	0	0
neutron	939.565	4.18993	99999.9	0	0
neutron	939.565	1.25324	99999.9	0	0
neutron	939.565	1.03712	99999.9	0	0
F19	17692.3	1.42329	99999.9	0	0
Ne23	21414.1	0.223253	99999.8	0	0
neutron	939.565	0.224503	99999.9	0	0
Ne22	20479.7	0.310817	99999.9	0	0
S35	32565.3	0.156585	99999.9	0	0
neutron	939.565	1.51759	99999.8	0	0
S34	31632.7	0.118549	99999.8	0	0
neutron	939.565	8.90499	99999.9	0	0
neutron	939.565	4.85517	99999.9	0	0
neutron	939.565	0.724313	99999.9	0	0
Ne20	18617.7	2.34242	99999.9	0	0
neutron	939.565	9.95925	99999.9	0	0
neutron	939.565	7.30574	99999.9	0	0
neutron	939.565	3.31708	99999.9	0	0
neutron	939.565	1.36428	99999.9	0	0
S33	30704.6	0.664323	99999.9	0	0
neutron	939.565	5.05891	99999.9	0	0
neutron	939.565	4.21588	99999.9	0	0
Ne21	19550.5	0.892818	99999.9	0	0
neutron	939.565	2.76423	99999.8	0	0
Ne22	20479.7	0.198522	99999.8	0	0
neutron	939.565	0.700316	99999.8	0	0
S34	31632.7	0.0631006	99999.8	0	0
neutron	939.565	7.28902	99999.9	0	0
neutron	939.565	5.15354	99999.9	0	0
neutron	939.565	2.817	99999.9	0	0
alpha	3727.38	16.6161	99999.9	0	0
O16	14895.1	3.60036	99999.9	0	0
S37	34430.2	0.143449	99999.9	0	0
neutron	939.565	7.78029	99999.9	0	0
neutron	939.565	1.16737	99999.9	0	0
S33	30704.6	0.726621	99999.9	0	0
neutron	939.565	0.228868	99999.9	0	0
S34	31632.7	0.136696	99999.9	0	0
neutron	939.565	4.53036	99999.8	0	0
S36	33495	0.446052	99999.8	0	0
neutron	939.565	0.674161	99999.9	0	0
Ne22	20479.7	0.312215	99999.9	0	0
neutron	939.565	0.853992	99999.8	0	0
S34	31632.7	0.066207	99999.8	0	0
neutron	939.565	1.88718	99999.9	0	0
S34	31632.7	0.325075	99999.9	0	0
neutron	939.565	0.917062	99999.8	0	0
S34	31632.7	0.11182	99999.8	0	0
Ne23	21414.1	0.215758	99999.9	0	0
neutron	939.565	2.30164	99999.9	0	0
Ne22	20479.7	0.464345	99999.9	0	0
neutron	939.565	0.33286	99999.9	0	0
S34	31632.7	0.114993	99999.9	0	0
neutron	939.565	1.76177	99999.8	0	0
S34	31632.7	0.0481003	99999.8	0	0
neutron	939.565	3.2628	99999.8	0	0
S36	33495	0.269841	99999.8	0	0
neutron	939.565	7.59706	99999.8	0	0
Ne22	20479.7	0.701708	99999.8	0	0
neutron	939.565	0.436026	99999.9	0	0
Ne22	20479.7	0.253276	99999.9	0	0
neutron	939.565	3.4626	99999.9	0	0
neutron	939.565	1.66291	99999.9	0	0
S33	30704.6	0.166507	99999.9	0	0
neutron	939.565	0.208196	99999.9	0	0
S36	33495	0.158931	99999.9	0	0
neutron	939.565	0.904497	99999.8	0	0
S36	33495	0.164208	99999.8	0	0
neutron	939.565	3.40357	99999.8	0	0
S34	31632.7	0.0345795	99999.8	0	0
Ne23	21414.1	0.22939	99999.9	0	0
S35	32565.3	0.159145	99999.9	0	0
Ne23	21414.1	0.216642	99999.9	0	0
neutron	939.565	1.63292	99999.8	0	0
Ne22	20479.7	0.225604	99999.8	0	0
S35	32565.3	0.136867	99999.9	0	0
Ne23	21414.1	0.226512	99999.8	0	0
proton	938.272	6.29912	99999.9	0	0
neutron	939.565	4.60963	99999.9	0	0
neutron	939.565	2.39987	99999.9	0	0
neutron	939.565	2.35015	99999.9	0	0
F19	17692.3	1.15392	99999.9	0	0
neutron	939.565	7.37383	99999.8	0	0
Ne22	20479.7	0.913442	99999.8	0	0
neutron	939.565	0.214526	99999.8	0	0
S36	33495	0.0941745	99999.8	0	0
neutron	939.565	0.229012	99999.9	0	0
S34	31632.7	0.0992884	99999.9	0	0
neutron	939.565	2.86765	99999.8	0	0
neutron	939.565	1.58064	99999.8	0	0
Ne21	19550.5	0.566335	99999.8	0	0
Ne23	21414.1	0.222939	99999.8	0	0
proton	938.272	3.85909	99999.9	0	0
P34	31638.6	0.126828	99999.9	0	0
neutron	939.565	2.29166	99999.8	0	0
Ne22	20479.7	0.330781	99999.8	0	0
Ne23	21414.1	0.229133	99999.8	0	0
neutron	939.565	0.356348	99999.9	0	0
Ne22	20479.7	0.182671	99999.9	0	0
S35	32565.3	0.157587	99999.8	0	0
proton	938.272	21.4174	99999.9	0	0
neutron	939.565	6.72881	99999.9	0	0
neutron	939.565	2.99434	99999.9	0	0
neutron	939.565	0.961869	99999.9	0	0
F19	17692.3	0.545479	99999.9	0	0
neutron	939.565	8.70694	99999.8	0	0
neutron	939.565	0.303757	99999.8	0	0
Ne21	19550.5	0.258745	99999.8	0	0
neutron	939.565	24.2979	99999.9	0	0
neutron	939.565	10.6683	99999.9	0	0
neutron	939.565	2.76353	99999.9	0	0
Ne20	18617.7	1.0776	99999.9	0	0
neutron	939.565	10.0402	99999.9	0	0
neutron	939.565	0.740252	99999.9	0	0
Ne21	19550.5	0.687174	99999.9	0	0
proton	938.272	4.89325	99999.9	0	0
F22	20491.1	0.207376	99999.9	0	0
neutron	939.565	0.0772103	99999.9	0	0
S34	31632.7	0.170771	99999.9	0	0
neutron	939.565	0.799294	99999.9	0	0
neutron	939.565	0.472687	99999.9	0	0
S35	32565.3	0.0353233	99999.9	0	0
Ne23	21414.1	0.21673	99999.9	0	0
neutron	939.565	3.49466	99999.9	0	0
S34	31632.7	0.126533	99999.9	0	0
neutron	939.565	0.778969	99999.9	0	0
Ne22	20479.7	0.125312	99999.9	0	0
neutron	939.565	3.02479	99999.8	0	0
neutron	939.565	2.00393	99999.8	0	0
neutron	939.565	0.518655	99999.8	0	0
S34	31632.7	0.541753	99999.8	0	0
proton	938.272	5.74592	99999.9	0	0
neutron	939.565	4.29006	99999.9	0	0
F21	19556.7	1.38698	99999.9	0	0
neutron	939.565	0.336867	99999.8	0	0
S34	31632.7	0.225111	99999.8	0	0
Ne23	21414.1	0.228481	99999.8	0	0
Ne23	21414.1	0.220449	99999.9	0	0
neutron	939.565	1.21064	99999.9	0	0
Ne22	20479.7	0.424659	99999.9	0	0
neutron	939.565	0.522233	99999.9	0	0
Ne22	20479.7	0.280218	99999.9	0	0
proton	938.272	29.768	99999.9	0	0
neutron	939.565	5.9241	99999.9	0	0
neutron	939.565	5.25814	99999.9	0	0
neutron	939.565	4.85003	99999.9	0	0
proton	938.272	3.58234	99999.9	0	0
Si30	27913.2	2.20788	99999.9	0	0
neutron	939.565	0.4588	99999.9	0	0
S36	33495	0.18215	99999.9	0	0
Ne23	21414.1	0.204591	99999.9	0	0
neutron	939.565	4.97687	99999.9	0	0
neutron	939.565	2.64979	99999.9	0	0
S33	30704.6	0.428465	99999.9	0	0
Ne23	21414.1	0.216959	99999.9	0	0
neutron	939.565	0.946097	99999.8	0	0
Ne22	20479.7	0.426832	99999.8	0	0
S35	32565.3	0.149218	99999.9	0	0
neutron	939.565	8.14951	99999.9	0	0
neutron	939.565	4.58303	99999.9	0	0
neutron	939.565	4.39445	99999.9	0	0
proton	938.272	2.61958	99999.9	0	0
neutron	939.565	2.05085	99999.9	0	0
neutron	939.565	1.21087	99999.9	0	0
P31	28844.2	0.998363	99999.9	0	0
neutron	939.565	6.58392	99999.8	0	0
S34	31632.7	0.0745818	99999.8	0	0
neutron	939.565	0.479874	99999.9	0	0
S34	31632.7	0.112749	99999.9	0	0
S35	32565.3	0.155414	99999.9	0	0
neutron	939.565	13.1841	99999.9	0	0
proton	938.272	2.76175	99999.9	0	0
neutron	939.565	1.74269	99999.9	0	0
P32	29775.8	0.458171	99999.9	0	0
neutron	939.565	0.197122	99999.9	0	0
S36	33495	0.171143	99999.9	0	0
neutron	939.565	1.94603	99999.8	0	0
neutron	939.565	0.918492	99999.8	0	0
neutron	939.565	0.466604	99999.8	0	0
S32	29773.6	0.215459	99999.8	0	0
neutron	939.565	9.08442	99999.9	0	0
proton	938.272	3.20121	99999.9	0	0
neutron	939.565	3.04114	99999.9	0	0
neutron	939.565	0.111076	99999.9	0	0
P31	28844.2	0.450577	99999.9	0	0
Ne23	21414.1	0.225157	99999.8	0	0
neutron	939.565	5.01218	99999.9	0	0
neutron	939.565	1.5505	99999.9	0	0
S33	30704.6	0.0983221	99999.9	0	0
neutron	939.565	0.50116	99999.8	0	0
S34	31632.7	0.0792013	99999.8	0	0
neutron	939.565	0.415324	99999.9	0	0
S34	31632.7	0.136782	99999.9	0	0
neutron	939.565	2.00806	99999.9	0	0
neutron	939.565	0.663021	99999.9	0	0
neutron	939.565	0.397985	99999.9	0	0
S32	29773.6	0.263914	99999.9	0	0
Ne23	21414.1	0.218483	99999.8	0	0
neutron	939.565	5.99045	99999.9	0	0
neutron	939.565	3.62636	99999.9	0	0
proton	938.272	2.92286	99999.9	0	0
neutron	939.565	0.925191	99999.9	0	0
P31	28844.2	0.136992	99999.9	0	0
proton	938.272	19.8388	99999.9	0	0
P34	31638.6	0.334208	99999.9	0	0
S37	34430.2	0.136782	99999.9	0	0
neutron	939.565	7.11702	99999.9	0	0
neutron	939.565	7.08626	99999.9	0	0
neutron	939.565	1.24557	99999.9	0	0
alpha	3727.38	6.98488	99999.9	0	0
O16	14895.1	1.33241	99999.9	0	0
neutron	939.565	21.4184	99999.9	0	0
neutron	939.565	0.760063	99999.9	0	0
S33	30704.6	0.673422	99999.9	0	0
neutron	939.565	2.37778	99999.9	0	0
alpha	3727.38	8.98634	99999.9	0	0
Si30	27913.2	1.87458	99999.9	0	0
S37	34430.2	0.134744	99999.9	0	0
neutron	939.565	0.314138	99999.9	0	0
Ne22	20479.7	0.229174	99999.9	0	0
Ne23	21414.1	0.219647	99999.9	0	0
neutron	939.565	10.6079	99999.8	0	0
neutron	939.565	0.671997	99999.8	0	0
neutron	939.565	0.263462	99999.8	0	0
Ne20	18617.7	0.357894	99999.8	0	0
proton	938.272	9.03056	99999.9	0	0
neutron	939.565	3.57109	99999.9	0	0
neutron	939.565	2.04217	99999.9	0	0
neutron	939.565	1.28534	99999.9	0	0
alpha	3727.38	10.1306	99999.9	0	0
Al27	25126.5	1.09679	99999.9	0	0
neutron	939.565	0.757718	99999.8	0	0
S34	31632.7	0.187777	99999.8	0	0
neutron	939.565	1.58799	99999.8	0	0
S34	31632.7	0.0236161	99999.8	0	0
neutron	939.565	2.45133	99999.8	0	0
neutron	939.565	0.776285	99999.8	0	0
Ne21	19550.5	0.333439	99999.8	0	0
neutron	939.565	0.706438	99999.8	0	0
Ne22	20479.7	0.159284	99999.8	0	0
Ne23	21414.1	0.212118	99999.9	0	0
neutron	939.565	21.171	99999.9	0	0
neutron	939.565	10.5254	99999.9	0	0
neutron	939.565	4.26762	99999.9	0	0
S32	29773.6	0.853262	99999.9	0	0
Ne23	21414.1	0.231545	99999.9	0	0
neutron	939.565	1.88442	99999.8	0	0
Ne22	20479.7	0.12574	99999.8	0	0
neutron	939.565	12.7488	99999.9	0	0
proton	938.272	3.35109	99999.9	0	0
neutron	939.565	2.14562	99999.9	0	0
deuteron	1875.61	4.1709	99999.9	0	0
Si30	27913.2	0.14415	99999.9	0	0
proton	938.272	16.4994	99999.9	0	0
neutron	939.565	4.20312	99999.9	0	0
neutron	939.565	1.18167	99999.9	0	0
alpha	3727.38	5.97698	99999.9	0	0
Al28	26058.3	1.24437	99999.9	0	0
neutron	939.565	8.5263	99999.9	0	0
neutron	939.565	0.347335	99999.9	0	0
Ne21	19550.5	0.900276	99999.9	0	0
neutron	939.565	20.5816	99999.9	0	0
neutron	939.565	18.6887	99999.9	0	0
proton	938.272	5.76375	99999.9	0	0
neutron	939.565	1.59175	99999.9	0	0
P31	28844.2	0.131452	99999.9	0	0
neutron	939.565	7.2706	99999.9	0	0
neutron	939.565	0.369414	99999.9	0	0
Ne21	19550.5	0.114974	99999.9	0	0
S35	32565.3	0.154483	99999.9	0	0
neutron	939.565	0.3687	99999.9	0	0
S34	31632.7	0.122458	99999.9	0	0
neutron	939.565	6.50839	99999.8	0	0
neutron	939.565	6.2272	99999.8	0	0
neutron	939.565	0.958848	99999.8	0	0
S32	29773.6	0.301022	99999.8	0	0
neutron	939.565	2.3862	99999.8	0	0
neutron	939.565	1.06757	99999.8	0	0
neutron	939.565	0.48795	99999.8	0	0
neutron	939.565	0.227849	99999.8	0	0
S33	30704.6	0.171307	99999.8	0	0
neutron	939.565	8.86918	99999.9	0	0
neutron	939.565	2.85474	99999.9	0	0
neutron	939.565	1.95233	99999.9	0	0
Ne20	18617.7	0.341126	99999.9	0	0
neutron	939.565	1.74955	99999.9	0	0
S34	31632.7	0.0754118	99999.9	0	0
neutron	939.565	0.0689375	99999.9	0	0
Ne22	20479.7	0.258055	99999.9	0	0
neutron	939.565	29.1745	99999.8	0	0
neutron	939.565	4.40046	99999.8	0	0
neutron	939.565	4.34415	99999.8	0	0
Ne20	18617.7	0.330954	99999.8	0	0
neutron	939.565	7.10414	99999.9	0	0
neutron	939.565	2.59778	99999.9	0	0
neutron	939.565	1.94923	99999.9	0	0
neutron	939.565	0.349243	99999.9	0	0
alpha	3727.38	12.5984	99999.9	0	0
Si29	26984.3	1.15685	99999.9	0	0
S37	34430.2	0.143093	99999.8	0	0
S35	32565.3	0.160921	99999.8	0	0
neutron	939.565	27.8067	99999.9	0	0
neutron	939.565	3.17667	99999.9	0	0
neutron	939.565	0.536211	99999.9	0	0
alpha	3727.38	5.65136	99999.9	0	0
O16	14895.1	0.679271	99999.9	0	0
neutron	939.565	0.0928366	99999.9	0	0
S34	31632.7	0.123637	99999.9	0	0
neutron	939.565	0.780094	99999.9	0	0
Ne22	20479.7	0.314834	99999.9	0	0
neutron	939.565	19.6054	99999.9	0	0
proton	938.272	6.11101	99999.9	0	0
neutron	939.565	1.72399	99999.9	0	0
P34	31638.6	0.209583	99999.9	0	0
Ne23	21414.1	0.22186	99999.9	0	0
neutron	939.565	0.237949	99999.9	0	0
Ne22	20479.7	0.177267	99999.9	0	0
neutron	939.565	1.54638	99999.9	0	0
S34	31632.7	0.176277	99999.9	0	0
neutron	939.565	0.398581	99999.9	0	0
S34	31632.7	0.157882	99999.9	0	0
neutron	939.565	5.44706	99999.9	0	0
S36	33495	0.167767	99999.9	0	0
Ne23	21414.1	0.223525	99999.9	0	0
neutron	939.565	0.985707	99999.8	0	0
S34	31632.7	0.11376	99999.8	0	0
neutron	939.565	3.36213	99999.9	0	0
neutron	939.565	2.22921	99999.9	0	0
Ne21	19550.5	0.138336	99999.9	0	0
Ne23	21414.1	0.232484	99999.9	0	0
neutron	939.565	3.5871	99999.9	0	0
neutron	939.565	1.92956	99999.9	0	0
neutron	939.565	1.68874	99999.9	0	0
S34	31632.7	0.628675	99999.9	0	0
neutron	939.565	0.208674	99999.9	0	0
Ne22	20479.7	0.142045	99999.9	0	0
Ne23	21414.1	0.229428	99999.9	0	0
neutron	939.565	0.729486	99999.9	0	0
Ne22	20479.7	0.307635	99999.9	0	0
neutron	939.565	18.1026	99999.8	0	0
proton	938.272	15.5605	99999.8	0	0
neutron	939.565	2.83967	99999.8	0	0
neutron	939.565	2.6251	99999.8	0	0
P31	28844.2	1.37032	99999.8	0	0
neutron	939.565	24.5232	99999.9	0	0
alpha	3727.38	2.36206	99999.9	0	0
alpha	3727.38	5.09094	99999.9	0	0
C14	13040.9	3.23485	99999.9	0	0
Ne23	21414.1	0.223521	99999.9	0	0
proton	938.272	8.62309	99999.8	0	0
neutron	939.565	3.32905	99999.8	0	0
P33	30705.3	0.0593272	99999.8	0	0
Ne23	21414.1	0.223758	99999.9	0	0
Ne23	21414.1	0.23289	99999.8	0	0
neutron	939.565	22.0072	99999.9	0	0
proton	938.272	15.8714	99999.9	0	0
F21	19556.7	0.680555	99999.9	0	0
neutron	939.565	0.935349	99999.9	0	0
S34	31632.7	0.0976287	99999.9	0	0
neutron	939.565	0.720688	99999.9	0	0
Ne22	20479.7	0.19315	99999.9	0	0
Ne23	21414.1	0.224774	99999.9	0	0
neutron	939.565	25.5532	99999.8	0	0
neutron	939.565	18.3292	99999.8	0	0
neutron	939.565	3.42181	99999.8	0	0
S32	29773.6	0.107363	99999.8	0	0
S35	32565.3	0.151482	99999.9	0	0
neutron	939.565	0.566512	99999.8	0	0
Ne22	20479.7	0.178109	99999.8	0	0
neutron	939.565	3.75834	99999.9	0	0
neutron	939.565	0.959554	99999.9	0	0
S33	30704.6	0.310169	99999.9	0	0
S35	32565.3	0.146155	99999.9	0	0
neutron	939.565	2.78544	99999.9	0	0
Ne22	20479.7	0.0519834	99999.9	0	0
neutron	939.565	1.19321	99999.9	0	0
S36	33495	0.220873	99999.9	0	0
Ne23	21414.1	0.213029	99999.9	0	0
S35	32565.3	0.161984	99999.8	0	0
Ne23	21414.1	0.215426	99999.9	0	0
S35	32565.3	0.151852	99999.9	0	0
neutron	939.565	2.28089	99999.9	0	0
S34	31632.7	0.14645	99999.9	0	0
neutron	939.565	7.30034	99999.8	0	0
neutron	939.565	1.14091	99999.8	0	0
Ne21	19550.5	0.426858	99999.8	0	0
S37	34430.2	0.138748	99999.9	0	0
neutron	939.565	0.103605	99999.9	0	0
Ne22	20479.7	0.210965	99999.9	0	0
neutron	939.565	1.32664	99999.9	0	0
Ne22	20479.7	0.264481	99999.9	0	0
Ne23	21414.1	0.215384	99999.9	0	0
neutron	939.565	5.05032	99999.8	0	0
neutron	939.565	4.175	99999.8	0	0
neutron	939.565	2.36517	99999.8	0	0
alpha	3727.38	9.34845	99999.8	0	0
O16	14895.1	0.901843	99999.8	0	0
neutron	939.565	2.79665	99999.8	0	0
Ne22	20479.7	0.222322	99999.8	0	0
S35	32565.3	0.147321	99999.9	0	0
neutron	939.565	18.8281	99999.8	0	0
neutron	939.565	5.93246	99999.8	0	0
S33	30704.6	0.319399	99999.8	0	0
neutron	939.565	6.1195	99999.9	0	0
neutron	939.565	1.11355	99999.9	0	0
neutron	939.565	0.449032	99999.9	0	0
Ne20	18617.7	0.131101	99999.9	0	0
neutron	939.565	1.17024	99999.9	0	0
S34	31632.7	0.251395	99999.9	0	0
neutron	939.565	6.00583	99999.8	0	0
Ne22	20479.7	0.340874	99999.8	0	0
Ne23	21414.1	0.22958	99999.9	0	0
neutron	939.565	0.214821	99999.9	0	0
S36	33495	0.113373	99999.9	0	0
S35	32565.3	0.161426	99999.9	0	0
S35	32565.3	0.152919	99999.8	0	0
neutron	939.565	3.59568	99999.9	0	0
neutron	939.565	0.166633	99999.9	0	0
Ne21	19550.5	0.2317	99999.9	0	0
neutron	939.565	2.09057	99999.9	0	0
neutron	939.565	0.211591	99999.9	0	0
S35	32565.3	0.140977	99999.9	0	0
neutron	939.565	0.196453	99999.9	0	0
S34	31632.7	0.12153	99999.9	0	0
Ne23	21414.1	0.218414	99999.9	0	0
neutron	939.565	8.37646	99999.8	0	0
proton	938.272	8.07211	99999.8	0	0
proton	938.272	5.37087	99999.8	0	0
neutron	939.565	0.69993	99999.8	0	0
neutron	939.565	0.293444	99999.8	0	0
O18	16762	0.378659	99999.8	0	0
neutron	939.565	16.1255	99999.9	0	0
neutron	939.565	3.61967	99999.9	0	0
neutron	939.565	1.77548	99999.9	0	0
S32	29773.6	0.623261	99999.9	0	0
neutron	939.565	0.208025	99999.9	0	0
Ne22	20479.7	0.297818	99999.9	0	0
neutron	939.565	0.785512	99999.9	0	0
S34	31632.7	0.149824	99999.9	0	0
neutron	939.565	1.17762	99999.8	0	0
S34	31632.7	0.278642	99999.8	0	0
neutron	939.565	0.260421	99999.9	0	0
Ne22	20479.7	0.300573	99999.9	0	0
neutron	939.565	6.39468	99999.9	0	0
neutron	939.565	1.32727	99999.9	0	0
neutron	939.565	0.575178	99999.9	0	0
alpha	3727.38	8.32713	99999.9	0	0
Si28	26053.2	0.132531	99999.9	0	0
neutron	939.565	0.121238	99999.9	0	0
S34	31632.7	0.176016	99999.9	0	0
neutron	939.565	2.5697	99999.9	0	0
S34	31632.7	0.20982	99999.9	0	0
neutron	939.565	1.25369	99999.9	0	0
Ne22	20479.7	0.307006	99999.9	0	0
S35	32565.3	0.155735	99999.9	0	0
neutron	939.565	4.94473	99999.8	0	0
neutron	939.565	0.752712	99999.8	0	0
S33	30704.6	0.26016	99999.8	0	0
neutron	939.565	1.12719	99999.9	0	0
Ne22	20479.7	0.254858	99999.9	0	0
proton	938.272	4.8403	99999.9	0	0
neutron	939.565	3.12955	99999.9	0	0
neutron	939.565	2.29006	99999.9	0	0
neutron	939.565	0.982026	99999.9	0	0
neutron	939.565	0.200508	99999.9	0	0
deuteron	1875.61	3.29187	99999.9	0	0
Si28	26053.2	0.591348	99999.9	0	0
neutron	939.565	1.60201	99999.9	0	0
S34	31632.7	0.113397	99999.9	0	0
neutron	939.565	2.33855	99999.9	0	0
neutron	939.565	0.78	99999.9	0	0
S33	30704.6	0.306807	99999.9	0	0
neutron	939.565	1.00232	99999.9	0	0
S34	31632.7	0.239724	99999.9	0	0
Ne23	21414.1	0.191554	99999.9	0	0
neutron	939.565	10.1318	99999.9	0	0
neutron	939.565	5.69049	99999.9	0	0
Ne21	19550.5	0.0969568	99999.9	0	0
proton	938.272	13.1887	99999.8	0	0
neutron	939.565	0.526964	99999.8	0	0
P33	30705.3	0.345226	99999.8	0	0
Ne23	21414.1	0.211297	99999.9	0	0
neutron	939.565	0.141246	99999.9	0	0
S34	31632.7	0.134279	99999.9	0	0
S35	32565.3	0.158919	99999.9	0	0
neutron	939.565	22.2037	99999.9	0	0
neutron	939.565	10.3175	99999.9	0	0
S33	30704.6	0.328376	99999.9	0	0
neutron	939.565	31.8882	99999.9	0	0
neutron	939.565	0.556465	99999.9	0	0
Ne21	19550.5	1.05782	99999.9	0	0
neutron	939.565	9.57673	99999.9	0	0
proton	938.272	7.47891	99999.9	0	0
neutron	939.565	4.75816	99999.9	0	0
proton	938.272	3.9073	99999.9	0	0
neutron	939.565	2.53731	99999.9	0	0
O18	16762	2.92471	99999.9	0	0
neutron	939.565	0.303032	99999.9	0	0
S36	33495	0.118556	99999.9	0	0
Ne23	21414.1	0.223641	99999.9	0	0
neutron	939.565	2.05789	99999.9	0	0
Ne22	20479.7	0.484704	99999.9	0	0
neutron	939.565	6.8014	99999.9	0	0
proton	938.272	6.40636	99999.9	0	0
neutron	939.565	6.14721	99999.9	0	0
neutron	939.565	3.69055	99999.9	0	0
P33	30705.3	0.856138	99999.9	0	0
neutron	939.565	1.19989	99999.9	0	0
Ne22	20479.7	0.0635921	99999.9	0	0
neutron	939.565	26.734	99999.9	0	0
neutron	939.565	8.23499	99999.9	0	0
neutron	939.565	1.40335	99999.9	0	0
Ne20	18617.7	1.73818	99999.9	0	0
neutron	939.565	1.82421	99999.9	0	0
S36	33495	0.198775	99999.9	0	0
neutron	939.565	11.1602	99999.9	0	0
neutron	939.565	3.31957	99999.9	0	0
neutron	939.565	1.82022	99999.9	0	0
S32	29773.6	0.0937045	99999.9	0	0
S35	32565.3	0.148583	99999.9	0	0
neutron	939.565	0.117697	99999.9	0	0
S34	31632.7	0.162528	99999.9	0	0
proton	938.272	7.10054	99999.9	0	0
neutron	939.565	6.08355	99999.9	0	0
P33	30705.3	0.481257	99999.9	0	0
neutron	939.565	1.53104	99999.8	0	0
S34	31632.7	0.0896214	99999.8	0	0
S35	32565.3	0.159781	99999.9	0	0
neutron	939.565	0.76774	99999.9	0	0
S34	31632.7	0.283891	99999.9	0	0
S35	32565.3	0.16294	99999.8	0	0
Ne23	21414.1	0.231895	99999.9	0	0
Ne23	21414.1	0.22045	99999.9	0	0
neutron	939.565	0.676524	99999.9	0	0
S36	33495	0.158539	99999.9	0	0
neutron	939.565	14.6648	99999.9	0	0
neutron	939.565	1.55793	99999.9	0	0
neutron	939.565	1.16193	99999.9	0	0
Ne20	18617.7	0.181846	99999.9	0	0
neutron	939.565	0.77267	99999.9	0	0
S34	31632.7	0.0600361	99999.9	0	0
Ne23	21414.1	0.227887	99999.8	0	0
neutron	939.565	4.14815	99999.8	0	0
S34	31632.7	0.174131	99999.8	0	0
neutron	939.565	0.372511	99999.8	0	0
S34	31632.7	0.0843003	99999.8	0	0
neutron	939.565	36.5432	99999.8	0	0
neutron	939.565	3.71078	99999.8	0	0
neutron	939.565	1.07963	99999.8	0	0
S32	29773.6	1.04085	99999.8	0	0
neutron	939.565	5.65077	99999.9	0	0
neutron	939.565	0.405631	99999.9	0	0
S33	30704.6	0.202606	99999.9	0	0
S35	32565.3	0.160644	99999.8	0	0
neutron	939.565	1.04014	99999.8	0	0
S34	31632.7	0.164827	99999.8	0	0
neutron	939.565	6.2511	99999.9	0	0
neutron	939.565	6.07528	99999.9	0	0
neutron	939.565	0.693683	99999.9	0	0
Ne20	18617.7	1.50961	99999.9	0	0
neutron	939.565	0.136256	99999.9	0	0
Ne22	20479.7	0.218107	99999.9	0	0
neutron	939.565	0.186738	99999.8	0	0
Ne22	20479.7	0.167354	99999.8	0	0
neutron	939.565	13.0796	99999.8	0	0
neutron	939.565	1.32552	99999.8	0	0
neutron	939.565	1.03556	99999.8	0	0
Ne20	18617.7	0.959346	99999.8	0	0
neutron	939.565	2.73328	99999.9	0	0
neutron	939.565	1.21671	99999.9	0	0
neutron	939.565	0.837589	99999.9	0	0
Ne20	18617.7	0.138194	99999.9	0	0
S35	32565.3	0.161788	99999.9	0	0
neutron	939.565	0.834751	99999.9	0	0
S36	33495	0.0536342	99999.9	0	0
neutron	939.565	4.00106	99999.9	0	0
neutron	939.565	3.05454	99999.9	0	0
neutron	939.565	0.0520241	99999.9	0	0
Ne20	18617.7	1.00185	99999.9	0	0
proton	938.272	39.2379	99999.9	0	0
neutron	939.565	21.2669	99999.9	0	0
neutron	939.565	0.256551	99999.9	0	0
P32	29775.8	0.388105	99999.9	0	0
Ne23	21414.1	0.209194	99999.8	0	0
neutron	939.565	25.536	99999.9	0	0
neutron	939.565	4.84079	99999.9	0	0
neutron	939.565	1.88334	99999.9	0	0
Ne20	18617.7	0.329196	99999.9	0	0
neutron	939.565	0.888239	99999.9	0	0
Ne22	20479.7	0.164067	99999.9	0	0
neutron	939.565	0.605558	99999.9	0	0
S34	31632.7	0.080444	99999.9	0	0
neutron	939.565	8.67504	99999.9	0	0
neutron	939.565	0.40442	99999.9	0	0
Ne21	19550.5	0.291507	99999.9	0	0
neutron	939.565	18.2673	99999.9	0	0
proton	938.272	5.41794	99999.9	0	0
neutron	939.565	3.8536	99999.9	0	0
neutron	939.565	2.67175	99999.9	0	0
proton	938.272	1.67934	99999.9	0	0
neutron	939.565	1.47023	99999.9	0	0
O17	15830.5	0.573972	99999.9	0	0
Ne23	21414.1	0.20025	99999.9	0	0
neutron	939.565	0.0565301	99999.9	0	0
S34	31632.7	0.122693	99999.9	0	0
neutron	939.565	3.56999	99999.9	0	0
alpha	3727.38	10.1723	99999.9	0	0
Si30	27913.2	0.627518	99999.9	0	0
neutron	939.565	1.27514	99999.9	0	0
S36	33495	0.276324	99999.9	0	0
neutron	939.565	1.12576	99999.8	0	0
S34	31632.7	0.208633	99999.8	0	0
neutron	939.565	1.9823	99999.9	0	0
Ne22	20479.7	0.44174	99999.9	0	0
neutron	939.565	24.0263	99999.9	0	0
neutron	939.565	7.89001	99999.9	0	0
neutron	939.565	6.68076	99999.9	0	0
alpha	3727.38	6.41898	99999.9	0	0
O16	14895.1	2.93622	99999.9	0	0
neutron	939.565	25.1577	99999.8	0	0
neutron	939.565	12.5925	99999.8	0	0
neutron	939.565	0.20185	99999.8	0	0
Ne20	18617.7	2.20215	99999.8	0	0
neutron	939.565	0.750354	99999.8	0	0
Ne22	20479.7	0.331765	99999.8	0	0
proton	938.272	18.9583	99999.9	0	0
neutron	939.565	8.01593	99999.9	0	0
P35	32569.8	0.771705	99999.9	0	0
neutron	939.565	3.48616	99999.9	0	0
neutron	939.565	3.2009	99999.9	0	0
neutron	939.565	2.74885	99999.9	0	0
proton	938.272	2.72402	99999.9	0	0
P31	28844.2	0.354753	99999.9	0	0
Ne23	21414.1	0.224228	99999.8	0	0
S35	32565.3	0.156678	99999.9	0	0
neutron	939.565	24.0197	99999.9	0	0
proton	938.272	6.10128	99999.9	0	0
neutron	939.565	2.8656	99999.9	0	0
F20	18625.3	0.378719	99999.9	0	0
neutron	939.565	6.76444	99999.9	0	0
proton	938.272	6.4868	99999.9	0	0
F21	19556.7	0.326292	99999.9	0	0
neutron	939.565	3.12762	99999.9	0	0
neutron	939.565	1.60092	99999.9	0	0
neutron	939.565	0.404207	99999.9	0	0
S34	31632.7	0.104841	99999.9	0	0
neutron	939.565	6.58346	99999.9	0	0
proton	938.272	6.17503	99999.9	0	0
neutron	939.565	5.4396	99999.9	0	0
neutron	939.565	0.623715	99999.9	0	0
F19	17692.3	0.164662	99999.9	0	0
neutron	939.565	18.2859	99999.8	0	0
neutron	939.565	2.38533	99999.8	0	0
neutron	939.565	0.515102	99999.8	0	0
Ne20	18617.7	1.54834	99999.8	0	0
S35	32565.3	0.167652	99999.9	0	0
proton	938.272	10.7701	99999.9	0	0
neutron	939.565	2.5604	99999.9	0	0
proton	938.272	2.53041	99999.9	0	0
neutron	939.565	2.25541	99999.9	0	0
neutron	939.565	0.955979	99999.9	0	0
Si30	27913.2	0.487093	99999.9	0	0
S35	32565.3	0.155509	99999.9	0	0
neutron	939.565	0.489766	99999.9	0	0
S34	31632.7	0.224777	99999.9	0	0
neutron	939.565	1.28236	99999.9	0	0
S34	31632.7	0.175388	99999.9	0	0
neutron	939.565	2.46183	99999.9	0	0
Ne22	20479.7	0.447978	99999.9	0	0
neutron	939.565	1.17407	99999.9	0	0
S34	31632.7	0.113154	99999.9	0	0
neutron	939.565	0.885073	99999.8	0	0
neutron	939.565	0.68146	99999.8	0	0
Ne21	19550.5	0.28497	99999.8	0	0
neutron	939.565	0.606475	99999.9	0	0
Ne22	20479.7	0.353622	99999.9	0	0
proton	938.272	17.9011	99999.8	0	0
neutron	939.565	3.33554	99999.8	0	0
proton	938.272	3.08715	99999.8	0	0
Si32	29776.6	0.717241	99999.8	0	0
Ne23	21414.1	0.224115	99999.9	0	0
neutron	939.565	0.387275	99999.9	0	0
S34	31632.7	0.158606	99999.9	0	0
neutron	939.565	1.64622	99999.9	0	0
Ne22	20479.7	0.193596	99999.9	0	0
neutron	939.565	0.424892	99999.9	0	0
S34	31632.7	0.218625	99999.9	0	0
neutron	939.565	1.16057	99999.9	0	0
S34	31632.7	0.10701	99999.9	0	0
proton	938.272	5.80163	99999.9	0	0
proton	938.272	4.83677	99999.9	0	0
neutron	939.565	4.35122	99999.9	0	0
neutron	939.565	4.2523	99999.9	0	0
neutron	939.565	2.80122	99999.9	0	0
neutron	939.565	2.69246	99999.9	0	0
Si29	26984.3	0.291824	99999.9	0	0
neutron	939.565	0.249176	99999.9	0	0
Ne22	20479.7	0.245576	99999.9	0	0
S35	32565.3	0.163482	99999.8	0	0
neutron	939.565	1.81127	99999.9	0	0
S36	33495	0.0450741	99999.9	0	0
neutron	939.565	8.28162	99999.9	0	0
neutron	939.565	6.11953	99999.9	0	0
neutron	939.565	5.96694	99999.9	0	0
neutron	939.565	1.36049	99999.9	0	0
deuteron	1875.61	8.57643	99999.9	0	0
P31	28844.2	0.10675	99999.9	0	0
Ne23	21414.1	0.214564	99999.9	0	0
neutron	939.565	0.939268	99999.8	0	0
S34	31632.7	0.285096	99999.8	0	0
neutron	939.565	4.60149	99999.8	0	0
neutron	939.565	2.88204	99999.8	0	0
neutron	939.565	2.14667	99999.8	0	0
S32	29773.6	0.385849	99999.8	0	0
Ne23	21414.1	0.223866	99999.9	0	0
Ne23	21414.1	0.219582	99999.9	0	0
neutron	939.565	0.807736	99999.8	0	0
S34	31632.7	0.0641983	99999.8	0	0
S35	32565.3	0.158244	99999.9	0	0
S35	32565.3	0.14587	99999.8	0	0
proton	938.272	42.3926	99999.9	0	0
neutron	939.565	5.41714	99999.9	0	0
neutron	939.565	4.87345	99999.9	0	0
neutron	939.565	2.90245	99999.9	0	0
P33	30705.3	2.21841	99999.9	0	0
S35	32565.3	0.152706	99999.9	0	0
S35	32565.3	0.140396	99999.9	0	0
neutron	939.565	21.5312	99999.9	0	0
neutron	939.565	2.0271	99999.9	0	0
Ne21	19550.5	1.03833	99999.9	0	0
S35	32565.3	0.152955	99999.9	0	0
S37	34430.2	0.141846	99999.8	0	0
neutron	939.565	2.14186	99999.9	0	0
S34	31632.7	0.108945	99999.9	0	0
neutron	939.565	3.34194	99999.9	0	0
neutron	939.565	0.93924	99999.9	0	0
Ne21	19550.5	0.481344	99999.9	0	0
neutron	939.565	0.857303	99999.9	0	0
S34	31632.7	0.28395	99999.9	0	0
S35	32565.3	0.165749	99999.9	0	0
neutron	939.565	1.49411	99999.8	0	0
Ne22	20479.7	0.441074	99999.8	0	0
Ne23	21414.1	0.210095	99999.9	0	0
neutron	939.565	0.314234	99999.9	0	0
S34	31632.7	0.181983	99999.9	0	0
neutron	939.565	2.06826	99999.9	0	0
Ne22	20479.7	0.388392	99999.9	0	0
neutron	939.565	4.11897	99999.9	0	0
neutron	939.565	3.1912	99999.9	0	0
neutron	939.565	1.06821	99999.9	0	0
Ne20	18617.7	0.820751	99999.9	0	0
Ne23	21414.1	0.223535	99999.9	0	0
neutron	939.565	5.96285	99999.9	0	0
neutron	939.565	2.47724	99999.9	0	0
neutron	939.565	1.83008	99999.9	0	0
S34	31632.7	0.530262	99999.9	0	0
neutron	939.565	0.275228	99999.9	0	0
Ne22	20479.7	0.323027	99999.9	0	0
neutron	939.565	14.3263	99999.9	0	0
neutron	939.565	13.2361	99999.9	0	0
Ne21	19550.5	1.89544	99999.9	0	0
Ne23	21414.1	0.214291	99999.8	0	0
proton	938.272	15.9925	99999.8	0	0
neutron	939.565	3.32013	99999.8	0	0
neutron	939.565	2.16301	99999.8	0	0
F20	18625.3	1.40592	99999.8	0	0
neutron	939.565	7.90162	99999.9	0	0
proton	938.272	2.63156	99999.9	0	0
P33	30705.3	0.173743	99999.9	0	0
neutron	939.565	4.42202	99999.9	0	0
S36	33495	0.242406	99999.9	0	0
neutron	939.565	2.72063	99999.9	0	0
neutron	939.565	1.04192	99999.9	0	0
S33	30704.6	0.0892371	99999.9	0	0
neutron	939.565	0.832939	99999.9	0	0
S36	33495	0.167729	99999.9	0	0
S37	34430.2	0.128852	99999.9	0	0
S35	32565.3	0.151388	99999.8	0	0
proton	938.272	6.68751	99999.9	0	0
neutron	939.565	5.45749	99999.9	0	0
proton	938.272	4.61513	99999.9	0	0
Si32	29776.6	0.374521	99999.9	0	0
neutron	939.565	27.6905	99999.9	0	0
neutron	939.565	6.75299	99999.9	0	0
neutron	939.565	1.26476	99999.9	0	0
Ne20	18617.7	1.00835	99999.9	0	0
neutron	939.565	5.167	99999.8	0	0
S34	31632.7	0.148607	99999.8	0	0
neutron	939.565	1.7095	99999.8	0	0
S34	31632.7	0.0592085	99999.8	0	0
neutron	939.565	7.34428	99999.8	0	0
proton	938.272	5.29719	99999.8	0	0
proton	938.272	4.71115	99999.8	0	0
neutron	939.565	3.53942	99999.8	0	0
neutron	939.565	2.32337	99999.8	0	0
neutron	939.565	0.436666	99999.8	0	0
Si29	26984.3	0.4675	99999.8	0	0
neutron	939.565	0.752752	99999.9	0	0
S34	31632.7	0.0995911	99999.9	0	0
neutron	939.565	8.58075	99999.9	0	0
neutron	939.565	4.20843	99999.9	0	0
neutron	939.565	0.803982	99999.9	0	0
alpha	3727.38	5.31444	99999.9	0	0
O16	14895.1	1.10356	99999.9	0	0
neutron	939.565	0.783578	99999.8	0	0
Ne22	20479.7	0.150967	99999.8	0	0
Ne23	21414.1	0.219585	99999.9	0	0
neutron	939.565	5.49845	99999.8	0	0
alpha	3727.38	9.97288	99999.8	0	0
O18	16762	1.18642	99999.8	0	0
Ne23	21414.1	0.226154	99999.9	0	0
neutron	939.565	0.803171	99999.9	0	0
Ne22	20479.7	0.36813	99999.9	0	0
neutron	939.565	0.367555	99999.9	0	0
S34	31632.7	0.172073	99999.9	0	0
Ne23	21414.1	0.230919	99999.8	0	0
neutron	939.565	1.37242	99999.9	0	0
neutron	939.565	0.808592	99999.9	0	0
S33	30704.6	0.116664	99999.9	0	0
neutron	939.565	8.24628	99999.9	0	0
neutron	939.565	0.249473	99999.9	0	0
Ne21	19550.5	0.82115	99999.9	0	0
neutron	939.565	16.8265	99999.9	0	0
neutron	939.565	5.40557	99999.9	0	0
S35	32565.3	0.102385	99999.9	0	0
proton	938.272	10.6541	99999.9	0	0
proton	938.272	8.78802	99999.9	0	0
neutron	939.565	8.03238	99999.9	0	0
neutron	939.565	4.67557	99999.9	0	0
neutron	939.565	2.1601	99999.9	0	0
Si30	27913.2	1.23751	99999.9	0	0
neutron	939.565	11.9183	99999.8	0	0
alpha	3727.38	5.80194	99999.8	0	0
O18	16762	1.44137	99999.8	0	0
neutron	939.565	1.28402	99999.9	0	0
S34	31632.7	0.162942	99999.9	0	0
neutron	939.565	0.340236	99999.8	0	0
S34	31632.7	0.182391	99999.8	0	0
neutron	939.565	3.72019	99999.9	0	0
neutron	939.565	1.01606	99999.9	0	0
S33	30704.6	0.153565	99999.9	0	0
neutron	939.565	3.48865	99999.9	0	0
Ne22	20479.7	0.117533	99999.9	0	0
neutron	939.565	0.210359	99999.9	0	0
Ne22	20479.7	0.180964	99999.9	0	0
neutron	939.565	17.462	99999.9	0	0
neutron	939.565	0.865222	99999.9	0	0
Ne21	19550.5	0.730239	99999.9	0	0
neutron	939.565	0.216678	99999.9	0	0
S34	31632.7	0.198822	99999.9	0	0
neutron	939.565	8.15504	99999.9	0	0
proton	938.272	3.7974	99999.9	0	0
neutron	939.565	2.10107	99999.9	0	0
neutron	939.565	0.181479	99999.9	0	0
triton	2808.92	5.38317	99999.9	0	0
Si28	26053.2	1.18653	99999.9	0	0
neutron	939.565	0.526227	99999.9	0	0
Ne22	20479.7	0.302128	99999.9	0	0
S35	32565.3	0.154934	99999.8	0	0
Ne23	21414.1	0.203428	99999.8	0	0
neutron	939.565	11.3114	99999.9	0	0
neutron	939.565	7.00862	99999.9	0	0
proton	938.272	6.79139	99999.9	0	0
neutron	939.565	0.733462	99999.9	0	0
F19	17692.3	0.826574	99999.9	0	0
neutron	939.565	1.63911	99999.9	0	0
S34	31632.7	0.0442101	99999.9	0	0
neutron	939.565	4.3086	99999.8	0	0
neutron	939.565	2.21045	99999.8	0	0
neutron	939.565	1.58888	99999.8	0	0
S32	29773.6	0.180211	99999.8	0	0
neutron	939.565	1.30046	99999.9	0	0
S34	31632.7	0.142844	99999.9	0	0
proton	938.272	24.7613	99999.8	0	0
neutron	939.565	5.78595	99999.8	0	0
neutron	939.565	1.7498	99999.8	0	0
P32	29775.8	1.6687	99999.8	0	0
proton	938.272	30.0564	99999.9	0	0
proton	938.272	9.08141	99999.9	0	0
neutron	939.565	5.49659	99999.9	0	0
Si32	29776.6	1.31999	99999.9	0	0
proton	938.272	12.3534	99999.8	0	0
neutron	939.565	3.87189	99999.8	0	0
neutron	939.565	2.61719	99999.8	0	0
neutron	939.565	1.00888	99999.8	0	0
P33	30705.3	0.707078	99999.8	0	0
neutron	939.565	2.12034	99999.9	0	0
S34	31632.7	0.041546	99999.9	0	0
Ne23	21414.1	0.210289	99999.9	0	0
neutron	939.565	0.689113	99999.8	0	0
Ne22	20479.7	0.112332	99999.8	0	0
S37	34430.2	0.131258	99999.8	0	0
proton	938.272	3.88892	99999.8	0	0
neutron	939.565	1.37642	99999.8	0	0
P33	30705.3	0.332884	99999.8	0	0
Ne23	21414.1	0.22786	99999.8	0	0
neutron	939.565	1.32899	99999.9	0	0
Ne22	20479.7	0.201319	99999.9	0	0
proton	938.272	23.675	99999.8	0	0
neutron	939.565	8.58601	99999.8	0	0
F21	19556.7	2.42015	99999.8	0	0
Ne23	21414.1	0.231785	99999.9	0	0
Ne23	21414.1	0.21826	99999.8	0	0
neutron	939.565	7.98213	99999.9	0	0
neutron	939.565	3.72926	99999.9	0	0
neutron	939.565	3.52891	99999.9	0	0
neutron	939.565	2.40586	99999.9	0	0
deuteron	1875.61	5.55497	99999.9	0	0
P31	28844.2	1.57828	99999.9	0	0
neutron	939.565	0.70435	99999.8	0	0
S34	31632.7	0.156758	99999.8	0	0
neutron	939.565	9.38878	99999.9	0	0
proton	938.272	5.4109	99999.9	0	0
proton	938.272	3.96937	99999.9	0	0
neutron	939.565	1.86165	99999.9	0	0
neutron	939.565	1.29601	99999.9	0	0
Si30	27913.2	0.894877	99999.9	0	0
neutron	939.565	1.78224	99999.9	0	0
S34	31632.7	0.278306	99999.9	0	0
neutron	939.565	10.373	99999.9	0	0
proton	938.272	5.75265	99999.9	0	0
proton	938.272	2.93916	99999.9	0	0
neutron	939.565	1.06286	99999.9	0	0
neutron	939.565	0.945267	99999.9	0	0
Si30	27913.2	0.211438	99999.9	0	0
neutron	939.565	0.995217	99999.8	0	0
Ne22	20479.7	0.454165	99999.8	0	0
proton	938.272	29.6267	99999.9	0	0
neutron	939.565	20.6935	99999.9	0	0
P35	32569.8	1.99827	99999.9	0	0
neutron	939.565	1.89577	99999.8	0	0
S34	31632.7	0.344773	99999.8	0	0
Ne23	21414.1	0.224796	99999.8	0	0
proton	938.272	4.59309	99999.8	0	0
neutron	939.565	3.5681	99999.8	0	0
proton	938.272	3.23876	99999.8	0	0
neutron	939.565	2.36329	99999.8	0	0
neutron	939.565	0.588681	99999.8	0	0
Si30	27913.2	0.46466	99999.8	0	0
S35	32565.3	0.135692	99999.8	0	0
neutron	939.565	2.239	99999.8	0	0
Ne22	20479.7	0.0665041	99999.8	0	0
neutron	939.565	4.54788	99999.9	0	0
neutron	939.565	4.46357	99999.9	0	0
Ne21	19550.5	0.899637	99999.9	0	0
S35	32565.3	0.135551	99999.9	0	0
Ne23	21414.1	0.217377	99999.8	0	0
neutron	939.565	5.49126	99999.9	0	0
neutron	939.565	1.31254	99999.9	0	0
alpha	3727.38	6.18811	99999.9	0	0
Si29	26984.3	1.49374	99999.9	0	0
Ne23	21414.1	0.214249	99999.9	0	0
Ne23	21414.1	0.218816	99999.8	0	0
neutron	939.565	7.86111	99999.9	0	0
proton	938.272	5.0702	99999.9	0	0
neutron	939.565	3.29699	99999.9	0	0
neutron	939.565	1.89412	99999.9	0	0
P31	28844.2	0.521466	99999.9	0	0
S35	32565.3	0.137847	99999.9	0	0
proton	938.272	15.6701	99999.9	0	0
neutron	939.565	7.30559	99999.9	0	0
neutron	939.565	3.25081	99999.9	0	0
neutron	939.565	1.25506	99999.9	0	0
P31	28844.2	0.38063	99999.9	0	0
neutron	939.565	0.3338	99999.9	0	0
Ne22	20479.7	0.182977	99999.9	0	0
neutron	939.565	0.129394	99999.8	0	0
Ne22	20479.7	0.190091	99999.8	0	0
Ne23	21414.1	0.232742	99999.9	0	0
Ne23	21414.1	0.213909	99999.9	0	0
neutron	939.565	1.0076	99999.9	0	0
S34	31632.7	0.0568265	99999.9	0	0
S35	32565.3	0.159572	99999.9	0	0
Ne23	21414.1	0.230518	99999.9	0	0
neutron	939.565	1.65077	99999.8	0	0
S34	31632.7	0.274747	99999.8	0	0
S37	34430.2	0.14014	99999.8	0	0
neutron	939.565	17.7448	99999.9	0	0
neutron	939.565	6.33101	99999.9	0	0
proton	938.272	6.01173	99999.9	0	0
neutron	939.565	2.35807	99999.9	0	0
P31	28844.2	0.291225	99999.9	0	0
neutron	939.565	12.3741	99999.9	0	0
neutron	939.565	0.563375	99999.9	0	0
alpha	3727.38	9.72657	99999.9	0	0
O17	15830.5	1.65718	99999.9	0	0
neutron	939.565	3.5118	99999.9	0	0
neutron	939.565	1.54539	99999.9	0	0
Ne21	19550.5	0.577492	99999.9	0	0
neutron	939.565	0.778102	99999.9	0	0
Ne22	20479.7	0.277356	99999.9	0	0
neutron	939.565	0.939397	99999.9	0	0
S34	31632.7	0.189732	99999.9	0	0
neutron	939.565	0.53753	99999.9	0	0
S34	31632.7	0.194594	99999.9	0	0
neutron	939.565	15.5496	99999.9	0	0
proton	938.272	3.50355	99999.9	0	0
neutron	939.565	2.49166	99999.9	0	0
neutron	939.565	0.929615	99999.9	0	0
F19	17692.3	1.11968	99999.9	0	0
neutron	939.565	7.89158	99999.9	0	0
proton	938.272	5.54417	99999.9	0	0
neutron	939.565	2.35002	99999.9	0	0
neutron	939.565	1.59434	99999.9	0	0
F19	17692.3	1.45744	99999.9	0	0
neutron	939.565	1.98933	99999.9	0	0
S34	31632.7	0.218961	99999.9	0	0
Ne23	21414.1	0.196894	99999.9	0	0
neutron	939.565	2.26713	99999.8	0	0
S36	33495	0.22684	99999.8	0	0
neutron	939.565	5.02732	99999.9	0	0
neutron	939.565	4.87757	99999.9	0	0
neutron	939.565	1.75813	99999.9	0	0
Ne20	18617.7	1.07645	99999.9	0	0
alpha	3727.38	12.4289	99999.9	0	0
Si31	28846.2	1.2239	99999.9	0	0
neutron	939.565	8.42369	99999.9	0	0
neutron	939.565	3.90659	99999.9	0	0
Ne21	19550.5	0.304137	99999.9	0	0
S35	32565.3	0.156561	99999.9	0	0
neutron	939.565	1.05167	99999.9	0	0
S34	31632.7	0.0815937	99999.9	0	0
neutron	939.565	11.4226	99999.8	0	0
neutron	939.565	9.59	99999.8	0	0
neutron	939.565	4.17988	99999.8	0	0
S32	29773.6	0.725102	99999.8	0	0
neutron	939.565	1.90834	99999.8	0	0
S36	33495	0.126579	99999.8	0	0
neutron	939.565	0.732061	99999.9	0	0
Ne22	20479.7	0.29408	99999.9	0	0
Ne23	21414.1	0.226957	99999.9	0	0
neutron	939.565	0.780044	99999.9	0	0
S34	31632.7	0.1548	99999.9	0	0
S37	34430.2	0.131667	99999.9	0	0
neutron	939.565	1.51199	99999.8	0	0
S34	31632.7	0.337369	99999.8	0	0
neutron	939.565	0.625857	99999.9	0	0
S34	31632.7	0.14648	99999.9	0	0
Ne23	21414.1	0.227882	99999.9	0	0
Ne23	21414.1	0.22795	99999.8	0	0
Ne23	21414.1	0.218824	99999.9	0	0
S35	32565.3	0.146699	99999.8	0	0
Ne23	21414.1	0.228076	99999.9	0	0
S37	34430.2	0.140394	99999.9	0	0
proton	938.272	11.4284	99999.9	0	0
proton	938.272	10.2305	99999.9	0	0
neutron	939.565	0.745672	99999.9	0	0
O20	18629.6	0.0260589	99999.9	0	0
S35	32565.3	0.156411	99999.9	0	0
Ne23	21414.1	0.232944	99999.9	0	0
proton	938.272	17.6591	99999.9	0	0
neutron	939.565	9.61971	99999.9	0	0
neutron	939.565	2.61816	99999.9	0	0
neutron	939.565	0.337942	99999.9	0	0
P33	30705.3	1.39884	99999.9	0	0
neutron	939.565	0.882947	99999.8	0	0
S34	31632.7	0.206894	99999.8	0	0
neutron	939.565	8.69783	99999.8	0	0
neutron	939.565	7.16416	99999.8	0	0
neutron	939.565	2.67992	99999.8	0	0
Ne20	18617.7	0.12094	99999.8	0	0
neutron	939.565	14.222	99999.9	0	0
neutron	939.565	5.02996	99999.9	0	0
neutron	939.565	2.03428	99999.9	0	0
Ne20	18617.7	0.666352	99999.9	0	0
S37	34430.2	0.129926	99999.9	0	0
neutron	939.565	13.7965	99999.9	0	0
neutron	939.565	7.7375	99999.9	0	0
neutron	939.565	3.73634	99999.9	0	0
proton	938.272	2.63657	99999.9	0	0
P31	28844.2	0.633956	99999.9	0	0
Ne23	21414.1	0.20186	99999.9	0	0
Ne23	21414.1	0.216566	99999.9	0	0
proton	938.272	27.405	99999.8	0	0
neutron	939.565	6.016	99999.8	0	0
neutron	939.565	0.169666	99999.8	0	0
alpha	3727.38	10.91	99999.8	0	0
N16	14906	0.280282	99999.8	0	0
neutron	939.565	10.2753	99999.9	0	0
proton	938.272	7.22134	99999.9	0	0
neutron	939.565	0.84371	99999.9	0	0
neutron	939.565	0.0798508	99999.9	0	0
P31	28844.2	0.217783	99999.9	0	0
S35	32565.3	0.157133	99999.9	0	0
neutron	939.565	36.7334	99999.9	0	0
neutron	939.565	6.68049	99999.9	0	0
neutron	939.565	5.74646	99999.9	0	0
Ne20	18617.7	2.6538	99999.9	0	0
neutron	939.565	0.34876	99999.8	0	0
S36	33495	0.134851	99999.8	0	0
Ne23	21414.1	0.198725	99999.8	0	0
Ne23	21414.1	0.225301	99999.9	0	0
neutron	939.565	13.1713	99999.9	0	0
neutron	939.565	5.86878	99999.9	0	0
proton	938.272	5.36972	99999.9	0	0
neutron	939.565	3.59624	99999.9	0	0
alpha	3727.38	3.92136	99999.9	0	0
N15	13968.9	1.08581	99999.9	0	0
S37	34430.2	0.141101	99999.9	0	0
proton	938.272	10.8606	99999.9	0	0
neutron	939.565	4.44498	99999.9	0	0
neutron	939.565	0.0982839	99999.9	0	0
P32	29775.8	0.7301	99999.9	0	0
neutron	939.565	0.678353	99999.8	0	0
Ne22	20479.7	0.12152	99999.8	0	0
neutron	939.565	29.7174	99999.9	0	0
proton	938.272	19.1891	99999.9	0	0
neutron	939.565	1.82292	99999.9	0	0
F20	18625.3	0.826961	99999.9	0	0
neutron	939.565	1.10725	99999.8	0	0
Ne22	20479.7	0.260497	99999.8	0	0
neutron	939.565	5.54945	99999.9	0	0
neutron	939.565	5.50799	99999.9	0	0
proton	938.272	3.08581	99999.9	0	0
neutron	939.565	1.71126	99999.9	0	0
P31	28844.2	0.349047	99999.9	0	0
neutron	939.565	7.43701	99999.9	0	0
neutron	939.565	0.323262	99999.9	0	0
Ne21	19550.5	0.973473	99999.9	0	0
neutron	939.565	28.2077	99999.8	0	0
neutron	939.565	1.89689	99999.8	0	0
neutron	939.565	1.02835	99999.8	0	0
S32	29773.6	0.873249	99999.8	0	0
neutron	939.565	0.372055	99999.8	0	0
Ne22	20479.7	0.251632	99999.8	0	0
neutron	939.565	1.72909	99999.9	0	0
triton	2808.92	2.11127	99999.9	0	0
alpha	3727.38	3.89234	99999.9	0	0
N15	13968.9	1.1896	99999.9	0	0
neutron	939.565	10.7804	99999.8	0	0
Ne22	20479.7	1.11511	99999.8	0	0
neutron	939.565	2.08835	99999.9	0	0
S34	31632.7	0.222575	99999.9	0	0
neutron	939.565	25.6449	99999.9	0	0
proton	938.272	3.62709	99999.9	0	0
neutron	939.565	3.3214	99999.9	0	0
neutron	939.565	1.75257	99999.9	0	0
neutron	939.565	0.591515	99999.9	0	0
F18	16763.2	2.84966	99999.9	0	0
neutron	939.565	1.44248	99999.9	0	0
S34	31632.7	0.317426	99999.9	0	0
neutron	939.565	21.4315	99999.8	0	0
neutron	939.565	10.408	99999.8	0	0
neutron	939.565	2.31477	99999.8	0	0
Ne20	18617.7	0.945395	99999.8	0	0
neutron	939.565	4.18827	99999.9	0	0
neutron	939.565	1.46013	99999.9	0	0
Ne21	19550.5	0.0271754	99999.9	0	0
neutron	939.565	14.0273	99999.9	0	0
neutron	939.565	3.83392	99999.9	0	0
neutron	939.565	0.939597	99999.9	0	0
Ne20	18617.7	1.44871	99999.9	0	0
neutron	939.565	0.972716	99999.9	0	0
Ne22	20479.7	0.208096	99999.9	0	0
neutron	939.565	3.62501	99999.8	0	0
neutron	939.565	0.720902	99999.8	0	0
neutron	939.565	0.267832	99999.8	0	0
alpha	3727.38	13.017	99999.8	0	0
Si28	26053.2	1.30952	99999.8	0	0
neutron	939.565	0.690013	99999.8	0	0
S36	33495	0.110589	99999.8	0	0
neutron	939.565	7.22927	99999.8	0	0
neutron	939.565	5.92327	99999.8	0	0
neutron	939.565	1.18058	99999.8	0	0
alpha	3727.38	5.11667	99999.8	0	0
O16	14895.1	1.48025	99999.8	0	0
neutron	939.565	0.165128	99999.9	0	0
Ne22	20479.7	0.244578	99999.9	0	0
neutron	939.565	9.19117	99999.9	0	0
neutron	939.565	4.33602	99999.9	0	0
Ne21	19550.5	0.172176	99999.9	0	0
neutron	939.565	0.357172	99999.9	0	0
S34	31632.7	0.114638	99999.9	0	0
Ne23	21414.1	0.228765	99999.9	0	0
neutron	939.565	2.33283	99999.9	0	0
Ne22	20479.7	0.417381	99999.9	0	0
S35	32565.3	0.145038	99999.9	0	0
S37	34430.2	0.139354	99999.8	0	0
S35	32565.3	0.145083	99999.9	0	0
Ne23	21414.1	0.2272	99999.9	0	0
S35	32565.3	0.146566	99999.9	0	0
neutron	939.565	0.0759776	99999.9	0	0
Ne22	20479.7	0.198824	99999.9	0	0
neutron	939.565	1.20482	99999.9	0	0
Ne22	20479.7	0.183596	99999.9	0	0
neutron	939.565	7.12989	99999.8	0	0
neutron	939.565	1.11064	99999.8	0	0
Ne21	19550.5	0.221051	99999.8	0	0
Ne23	21414.1	0.225622	99999.9	0	0
S35	32565.3	0.155277	99999.8	0	0
neutron	939.565	3.16287	99999.9	0	0
neutron	939.565	2.54217	99999.9	0	0
neutron	939.565	0.873839	99999.9	0	0
Ne20	18617.7	0.709157	99999.9	0	0
neutron	939.565	0.207223	99999.9	0	0
S34	31632.7	0.158788	99999.9	0	0
neutron	939.565	5.46607	99999.8	0	0
neutron	939.565	1.7438	99999.8	0	0
neutron	939.565	0.601132	99999.8	0	0
S32	29773.6	0.636967	99999.8	0	0
neutron	939.565	11.5784	99999.8	0	0
neutron	939.565	3.82131	99999.8	0	0
neutron	939.565	1.41239	99999.8	0	0
Ne20	18617.7	0.41908	99999.8	0	0
neutron	939.565	2.3189	99999.9	0	0
neutron	939.565	1.05873	99999.9	0	0
S33	30704.6	0.178325	99999.9	0	0
neutron	939.565	31.5328	99999.9	0	0
neutron	939.565	27.2744	99999.9	0	0
neutron	939.565	4.6014	99999.9	0	0
Ne20	18617.7	0.174076	99999.9	0	0
neutron	939.565	0.472487	99999.9	0	0
S36	33495	0.086575	99999.9	0	0
neutron	939.565	23.3462	99999.8	0	0
proton	938.272	9.87517	99999.8	0	0
P33	30705.3	0.36604	99999.8	0	0
neutron	939.565	22.9538	99999.8	0	0
neutron	939.565	5.71982	99999.8	0	0
neutron	939.565	3.48952	99999.8	0	0
neutron	939.565	1.38398	99999.8	0	0
neutron	939.565	0.956491	99999.8	0	0
S32	29773.6	0.567862	99999.8	0	0
proton	938.272	16.5339	99999.9	0	0
neutron	939.565	0.625265	99999.9	0	0
F21	19556.7	0.289962	99999.9	0	0
neutron	939.565	12.5861	99999.8	0	0
neutron	939.565	5.65233	99999.8	0	0
neutron	939.565	2.10804	99999.8	0	0
Ne20	18617.7	0.953038	99999.8	0	0
S37	34430.2	0.135243	99999.9	0	0
neutron	939.565	0.190595	99999.8	0	0
S34	31632.7	0.115486	99999.8	0	0
neutron	939.565	5.75438	99999.9	0	0
neutron	939.565	0.0897513	99999.9	0	0
Ne21	19550.5	0.216621	99999.9	0	0
neutron	939.565	2.61644	99999.9	0	0
S34	31632.7	0.297494	99999.9	0	0
neutron	939.565	0.879113	99999.8	0	0
S34	31632.7	0.092979	99999.8	0	0
neutron	939.565	0.594892	99999.9	0	0
S34	31632.7	0.15985	99999.9	0	0
Ne23	21414.1	0.217463	99999.9	0	0
neutron	939.565	26.3063	99999.9	0	0
neutron	939.565	0.211748	99999.9	0	0
alpha	3727.38	11.5911	99999.9	0	0
Si29	26984.3	4.40519	99999.9	0	0
neutron	939.565	2.13078	99999.8	0	0
S34	31632.7	0.262824	99999.8	0	0
neutron	939.565	5.89316	99999.9	0	0
neutron	939.565	2.33505	99999.9	0	0
neutron	939.565	0.915077	99999.9	0	0
Ne20	18617.7	0.696548	99999.9	0	0
neutron	939.565	9.99876	99999.9	0	0
alpha	3727.38	8.02502	99999.9	0	0
Si30	27913.2	2.68243	99999.9	0	0
neutron	939.565	0.552469	99999.9	0	0
Ne22	20479.7	0.139785	99999.9	0	0
Ne23	21414.1	0.232255	99999.9	0	0
S37	34430.2	0.141615	99999.9	0	0
neutron	939.565	1.21652	99999.9	0	0
S36	33495	0.120927	99999.9	0	0
neutron	939.565	4.91618	99999.9	0	0
S34	31632.7	0.174586	99999.9	0	0
neutron	939.565	2.95778	99999.9	0	0
S34	31632.7	0.352724	99999.9	0	0
neutron	939.565	0.876847	99999.9	0	0
S34	31632.7	0.148713	99999.9	0	0
neutron	939.565	3.76905	99999.9	0	0
neutron	939.565	1.53265	99999.9	0	0
neutron	939.565	0.759366	99999.9	0	0
Ne20	18617.7	0.0820848	99999.9	0	0
neutron	939.565	2.4213	99999.9	0	0
S34	31632.7	0.285437	99999.9	0	0
neutron	939.565	1.91336	99999.9	0	0
Ne22	20479.7	0.412236	99999.9	0	0
proton	938.272	24.0403	99999.8	0	0
neutron	939.565	15.9251	99999.8	0	0
F21	19556.7	0.854746	99999.8	0	0
S35	32565.3	0.163695	99999.9	0	0
proton	938.272	18.4018	99999.9	0	0
neutron	939.565	9.76078	99999.9	0	0
neutron	939.565	2.63067	99999.9	0	0
neutron	939.565	1.54982	99999.9	0	0
neutron	939.565	1.13648	99999.9	0	0
P30	27917	1.3177	99999.9	0	0
neutron	939.565	7.69678	99999.8	0	0
neutron	939.565	3.84954	99999.8	0	0
neutron	939.565	2.03472	99999.8	0	0
alpha	3727.38	4.091	99999.8	0	0
O16	14895.1	3.54631	99999.8	0	0
proton	938.272	19.0982	99999.9	0	0
proton	938.272	6.39046	99999.9	0	0
neutron	939.565	0.567526	99999.9	0	0
Si32	29776.6	0.933571	99999.9	0	0
neutron	939.565	0.589772	99999.8	0	0
neutron	939.565	0.320062	99999.8	0	0
S33	30704.6	0.128836	99999.8	0	0
neutron	939.565	1.43932	99999.8	0	0
Ne22	20479.7	0.169444	99999.8	0	0
neutron	939.565	6.39968	99999.8	0	0
neutron	939.565	4.65187	99999.8	0	0
S33	30704.6	0.186585	99999.8	0	0
neutron	939.565	2.90255	99999.9	0	0
S34	31632.7	0.0585823	99999.9	0	0
neutron	939.565	3.6565	99999.9	0	0
neutron	939.565	3.17024	99999.9	0	0
neutron	939.565	0.667177	99999.9	0	0
alpha	3727.38	5.27173	99999.9	0	0
O16	14895.1	1.07169	99999.9	0	0
neutron	939.565	0.623644	99999.9	0	0
S34	31632.7	0.136878	99999.9	0	0
neutron	939.565	2.21712	99999.9	0	0
neutron	939.565	1.95233	99999.9	0	0
S33	30704.6	0.0218783	99999.9	0	0
neutron	939.565	3.61507	99999.8	0	0
neutron	939.565	2.93186	99999.8	0	0
neutron	939.565	2.71084	99999.8	0	0
neutron	939.565	1.9998	99999.8	0	0
S33	30704.6	0.233925	99999.8	0	0
S35	32565.3	0.150298	99999.8	0	0
neutron	939.565	4.06017	99999.9	0	0
S34	31632.7	0.160779	99999.9	0	0
S35	32565.3	0.144255	99999.9	0	0
Ne23	21414.1	0.21966	99999.9	0	0
neutron	939.565	4.64874	99999.9	0	0
neutron	939.565	1.48219	99999.9	0	0
neutron	939.565	1.45028	99999.9	0	0
Ne20	18617.7	0.610204	99999.9	0	0
neutron	939.565	3.13526	99999.9	0	0
neutron	939.565	0.727407	99999.9	0	0
Ne21	19550.5	0.455405	99999.9	0	0
neutron	939.565	1.46744	99999.8	0	0
Ne22	20479.7	0.499336	99999.8	0	0
neutron	939.565	0.140693	99999.8	0	0
S34	31632.7	0.123924	99999.8	0	0
neutron	939.565	7.13802	99999.9	0	0
Ne22	20479.7	0.297532	99999.9	0	0
Ne23	21414.1	0.226293	99999.9	0	0
neutron	939.565	14.5901	99999.9	0	0
neutron	939.565	1.25369	99999.9	0	0
S35	32565.3	0.447881	99999.9	0	0
neutron	939.565	0.10541	99999.8	0	0
Ne22	20479.7	0.216612	99999.8	0	0
neutron	939.565	1.09956	99999.8	0	0
neutron	939.565	0.872973	99999.8	0	0
S33	30704.6	0.120913	99999.8	0	0
Ne23	21414.1	0.233289	99999.9	0	0
neutron	939.565	1.02445	99999.9	0	0
S34	31632.7	0.108104	99999.9	0	0
S35	32565.3	0.160872	99999.9	0	0
neutron	939.565	16.2824	99999.9	0	0
proton	938.272	8.86889	99999.9	0	0
neutron	939.565	4.90788	99999.9	0	0
neutron	939.565	3.6144	99999.9	0	0
F19	17692.3	2.0801	99999.9	0	0
neutron	939.565	5.44605	99999.9	0	0
neutron	939.565	4.53233	99999.9	0	0
neutron	939.565	2.95566	99999.9	0	0
S34	31632.7	0.693002	99999.9	0	0
S35	32565.3	0.141854	99999.9	0	0
Ne23	21414.1	0.232707	99999.9	0	0
neutron	939.565	1.07884	99999.9	0	0
S34	31632.7	0.197011	99999.9	0	0
neutron	939.565	1.08035	99999.9	0	0
Ne22	20479.7	0.120332	99999.9	0	0
neutron	939.565	0.529011	99999.9	0	0
S34	31632.7	0.134897	99999.9	0	0
neutron	939.565	1.72493	99999.9	0	0
S34	31632.7	0.103276	99999.9	0	0
neutron	939.565	0.636701	99999.8	0	0
S36	33495	0.159432	99999.8	0	0
neutron	939.565	2.774	99999.8	0	0
S36	33495	0.0205268	99999.8	0	0
neutron	939.565	0.420902	99999.8	0	0
Ne22	20479.7	0.256207	99999.8	0	0
neutron	939.565	5.13762	99999.9	0	0
S34	31632.7	0.264862	99999.9	0	0
neutron	939.565	0.610331	99999.9	0	0
S34	31632.7	0.261157	99999.9	0	0
neutron	939.565	2.56241	99999.9	0	0
neutron	939.565	0.909798	99999.9	0	0
S33	30704.6	0.129205	99999.9	0	0
neutron	939.565	0.70207	99999.9	0	0
S34	31632.7	0.254581	99999.9	0	0
neutron	939.565	0.539833	99999.8	0	0
S36	33495	0.231697	99999.8	0	0
neutron	939.565	0.624547	99999.8	0	0
Ne22	20479.7	0.240698	99999.8	0	0
neutron	939.565	0.22134	99999.9	0	0
S34	31632.7	0.102768	99999.9	0	0
neutron	939.565	28.959	99999.8	0	0
neutron	939.565	3.76148	99999.8	0	0
neutron	939.565	2.00871	99999.8	0	0
Ne20	18617.7	2.24601	99999.8	0	0
S35	32565.3	0.165304	99999.9	0	0
neutron	939.565	19.2811	99999.9	0	0
proton	938.272	13.8469	99999.9	0	0
neutron	939.565	4.86046	99999.9	0	0
neutron	939.565	2.58578	99999.9	0	0
F19	17692.3	3.03517	99999.9	0	0
Ne23	21414.1	0.227008	99999.9	0	0
neutron	939.565	14.8121	99999.9	0	0
neutron	939.565	0.313225	99999.9	0	0
triton	2808.92	14.2387	99999.9	0	0
F18	16763.2	2.2931	99999.9	0	0
Ne23	21414.1	0.224953	99999.9	0	0
neutron	939.565	1.14576	99999.9	0	0
S36	33495	0.267788	99999.9	0	0
neutron	939.565	11.4874	99999.9	0	0
neutron	939.565	6.22723	99999.9	0	0
proton	938.272	4.35774	99999.9	0	0
neutron	939.565	0.514208	99999.9	0	0
F19	17692.3	0.471234	99999.9	0	0
Ne23	21414.1	0.228986	99999.9	0	0
neutron	939.565	5.38606	99999.9	0	0
neutron	939.565	4.95434	99999.9	0	0
neutron	939.565	3.31091	99999.9	0	0
alpha	3727.38	3.29274	99999.9	0	0
O16	14895.1	3.7624	99999.9	0	0
neutron	939.565	1.5834	99999.9	0	0
Ne22	20479.7	0.132591	99999.9	0	0
proton	938.272	2.52537	99999.9	0	0
neutron	939.565	0.644899	99999.9	0	0
P33	30705.3	0.0615819	99999.9	0	0
Ne23	21414.1	0.224721	99999.9	0	0
neutron	939.565	5.36298	99999.9	0	0
neutron	939.565	2.75016	99999.9	0	0
neutron	939.565	2.51792	99999.9	0	0
S32	29773.6	0.17499	99999.9	0	0
neutron	939.565	33.0312	99999.8	0	0
neutron	939.565	10.1393	99999.8	0	0
neutron	939.565	9.14479	99999.8	0	0
S32	29773.6	1.15119	99999.8	0	0
neutron	939.565	30.7137	99999.9	0	0
proton	938.272	3.4225	99999.9	0	0
neutron	939.565	0.273706	99999.9	0	0
P32	29775.8	1.47018	99999.9	0	0
neutron	939.565	5.42624	99999.9	0	0
neutron	939.565	1.91339	99999.9	0	0
neutron	939.565	1.61307	99999.9	0	0
neutron	939.565	0.90592	99999.9	0	0
neutron	939.565	0.898086	99999.9	0	0
alpha	3727.38	8.81163	99999.9	0	0
Si28	26053.2	4.45919	99999.9	0	0
neutron	939.565	5.3234	99999.9	0	0
S34	31632.7	0.258135	99999.9	0	0
Ne23	21414.1	0.222966	99999.9	0	0
neutron	939.565	13.9652	99999.9	0	0
neutron	939.565	4.0095	99999.9	0	0
neutron	939.565	0.75226	99999.9	0	0
Ne20	18617.7	0.383334	99999.9	0	0
neutron	939.565	23.1995	99999.9	0	0
neutron	939.565	2.51823	99999.9	0	0
S33	30704.6	0.60603	99999.9	0	0
neutron	939.565	5.25993	99999.9	0	0
proton	938.272	4.80665	99999.9	0	0
neutron	939.565	2.13184	99999.9	0	0
neutron	939.565	0.966309	99999.9	0	0
alpha	3727.38	4.73419	99999.9	0	0
N15	13968.9	1.6599	99999.9	0	0
neutron	939.565	0.160862	99999.8	0	0
Ne22	20479.7	0.264301	99999.8	0	0
neutron	939.565	25.2368	99999.9	0	0
neutron	939.565	7.54249	99999.9	0	0
neutron	939.565	2.55611	99999.9	0	0
Ne20	18617.7	0.45946	99999.9	0	0
S35	32565.3	0.160235	99999.8	0	0
neutron	939.565	0.489172	99999.9	0	0
Ne22	20479.7	0.339951	99999.9	0	0
Ne23	21414.1	0.228462	99999.9	0	0
neutron	939.565	1.10501	99999.9	0	0
S36	33495	0.0415177	99999.9	0	0
Ne23	21414.1	0.220838	99999.9	0	0
neutron	939.565	18.4972	99999.9	0	0
neutron	939.565	1.44123	99999.9	0	0
neutron	939.565	0.83995	99999.9	0	0
alpha	3727.38	8.93825	99999.9	0	0
O16	14895.1	0.77793	99999.9	0	0
neutron	939.565	7.87423	99999.8	0	0
proton	938.272	5.6739	99999.8	0	0
P33	30705.3	0.341363	99999.8	0	0
Ne23	21414.1	0.212234	99999.8	0	0
neutron	939.565	0.400807	99999.9	0	0
S36	33495	0.206409	99999.9	0	0
proton	938.272	21.5965	99999.9	0	0
neutron	939.565	12.501	99999.9	0	0
neutron	939.565	1.52611	99999.9	0	0
P34	31638.6	1.6775	99999.9	0	0
neutron	939.565	0.497275	99999.9	0	0
Ne22	20479.7	0.136104	99999.9	0	0
neutron	939.565	0.381998	99999.8	0	0
Ne22	20479.7	0.316893	99999.8	0	0
S37	34430.2	0.13815	99999.9	0	0
neutron	939.565	7.37458	99999.9	0	0
neutron	939.565	0.472026	99999.9	0	0
Ne21	19550.5	0.88769	99999.9	0	0
neutron	939.565	41.8059	99999.9	0	0
neutron	939.565	3.76227	99999.9	0	0
neutron	939.565	1.81965	99999.9	0	0
Ne20	18617.7	1.52527	99999.9	0	0
proton	938.272	32.9199	99999.9	0	0
neutron	939.565	5.85257	99999.9	0	0
neutron	939.565	4.28881	99999.9	0	0
neutron	939.565	1.31503	99999.9	0	0
neutron	939.565	1.12743	99999.9	0	0
P32	29775.8	1.5297	99999.9	0	0
neutron	939.565	1.1038	99999.9	0	0
S34	31632.7	0.282787	99999.9	0	0
proton	938.272	12.2835	99999.9	0	0
neutron	939.565	6.46456	99999.9	0	0
neutron	939.565	2.06868	99999.9	0	0
neutron	939.565	1.61914	99999.9	0	0
F19	17692.3	0.941941	99999.9	0	0
S35	32565.3	0.154453	99999.8	0	0
S35	32565.3	0.161087	99999.9	0	0
proton	938.272	42.8953	99999.8	0	0
neutron	939.565	7.74171	99999.8	0	0
neutron	939.565	7.68583	99999.8	0	0
F20	18625.3	1.69374	99999.8	0	0
neutron	939.565	0.368389	99999.9	0	0
Ne22	20479.7	0.281668	99999.9	0	0
Ne23	21414.1	0.21064	99999.9	0	0
proton	938.272	14.4294	99999.9	0	0
neutron	939.565	4.79729	99999.9	0	0
neutron	939.565	0.190026	99999.9	0	0
F20	18625.3	0.482194	99999.9	0	0
neutron	939.565	17.0004	99999.9	0	0
neutron	939.565	5.79074	99999.9	0	0
neutron	939.565	2.36982	99999.9	0	0
Ne20	18617.7	0.280788	99999.9	0	0
neutron	939.565	11.0249	99999.9	0	0
Ne22	20479.7	0.672263	99999.9	0	0
neutron	939.565	0.246819	99999.9	0	0
S34	31632.7	0.113285	99999.9	0	0
neutron	939.565	8.01474	99999.8	0	0
neutron	939.565	7.1568	99999.8	0	0
neutron	939.565	4.03534	99999.8	0	0
Ne20	18617.7	2.35128	99999.8	0	0
neutron	939.565	16.6271	99999.9	0	0
neutron	939.565	3.32286	99999.9	0	0
Ne21	19550.5	1.98168	99999.9	0	0
neutron	939.565	0.770155	99999.8	0	0
S36	33495	0.0656142	99999.8	0	0
neutron	939.565	0.589689	99999.9	0	0
Ne22	20479.7	0.349818	99999.9	0	0
Ne23	21414.1	0.221629	99999.9	0	0
proton	938.272	45.0409	99999.9	0	0
proton	938.272	8.05244	99999.9	0	0
neutron	939.565	3.4302	99999.9	0	0
Si32	29776.6	0.286069	99999.9	0	0
neutron	939.565	4.08132	99999.9	0	0
neutron	939.565	3.03748	99999.9	0	0
neutron	939.565	0.61838	99999.9	0	0
alpha	3727.38	7.64493	99999.9	0	0
alpha	3727.38	6.66503	99999.9	0	0
C12	11174.9	6.63024	99999.9	0	0
neutron	939.565	1.70158	99999.8	0	0
S34	31632.7	0.120801	99999.8	0	0
neutron	939.565	17.1242	99999.8	0	0
neutron	939.565	5.58744	99999.8	0	0
neutron	939.565	3.61232	99999.8	0	0
S34	31632.7	0.501551	99999.8	0	0
neutron	939.565	30.1313	99999.9	0	0
neutron	939.565	18.2105	99999.9	0	0
neutron	939.565	0.253701	99999.9	0	0
Ne20	18617.7	3.58866	99999.9	0	0
neutron	939.565	13.6407	99999.9	0	0
neutron	939.565	3.28804	99999.9	0	0
neutron	939.565	2.24293	99999.9	0	0
alpha	3727.38	3.85318	99999.9	0	0
O16	14895.1	3.28211	99999.9	0	0
S35	32565.3	0.160558	99999.8	0	0
Ne23	21414.1	0.21444	99999.9	0	0
neutron	939.565	39.7864	99999.9	0	0
neutron	939.565	24.3695	99999.9	0	0
neutron	939.565	2.36846	99999.9	0	0
Ne20	18617.7	0.923718	99999.9	0	0
S35	32565.3	0.152576	99999.9	0	0
neutron	939.565	11.3766	99999.8	0	0
neutron	939.565	7.24216	99999.8	0	0
neutron	939.565	2.92203	99999.8	0	0
alpha	3727.38	4.48526	99999.8	0	0
O16	14895.1	3.12755	99999.8	0	0
neutron	939.565	2.03751	99999.8	0	0
Ne22	20479.7	0.0836005	99999.8	0	0
Ne23	21414.1	0.210516	99999.8	0	0
neutron	939.565	0.575507	99999.8	0	0
S36	33495	0.228708	99999.8	0	0
neutron	939.565	1.25158	99999.9	0	0
neutron	939.565	0.308727	99999.9	0	0
S33	30704.6	0.0432141	99999.9	0	0
neutron	939.565	6.75277	99999.8	0	0
neutron	939.565	2.87661	99999.8	0	0
neutron	939.565	2.75483	99999.8	0	0
alpha	3727.38	9.57839	99999.8	0	0
O16	14895.1	2.81627	99999.8	0	0
proton	938.272	26.4174	99999.8	0	0
neutron	939.565	4.1539	99999.8	0	0
P35	32569.8	0.679622	99999.8	0	0
proton	938.272	29.1247	99999.9	0	0
neutron	939.565	2.80006	99999.9	0	0
neutron	939.565	1.92326	99999.9	0	0
P32	29775.8	1.12268	99999.9	0	0
neutron	939.565	28.6893	99999.9	0	0
neutron	939.565	3.93582	99999.9	0	0
neutron	939.565	1.9377	99999.9	0	0
alpha	3727.38	4.69448	99999.9	0	0
O16	14895.1	5.73252	99999.9	0	0
neutron	939.565	26.2661	99999.9	0	0
neutron	939.565	11.053	99999.9	0	0
neutron	939.565	1.07732	99999.9	0	0
alpha	3727.38	5.07805	99999.9	0	0
O16	14895.1	1.35179	99999.9	0	0
neutron	939.565	0.0968422	99999.9	0	0
S34	31632.7	0.131503	99999.9	0	0
neutron	939.565	0.988484	99999.8	0	0
S34	31632.7	0.158546	99999.8	0	0
neutron	939.565	28.9374	99999.8	0	0
neutron	939.565	2.54948	99999.8	0	0
neutron	939.565	2.52202	99999.8	0	0
Ne20	18617.7	0.554293	99999.8	0	0
proton	938.272	18.6986	99999.8	0	0
neutron	939.565	2.78452	99999.8	0	0
neutron	939.565	0.142743	99999.8	0	0
F20	18625.3	0.723957	99999.8	0	0
neutron	939.565	1.16509	99999.9	0	0
S34	31632.7	0.169726	99999.9	0	0
neutron	939.565	17.055	99999.8	0	0
proton	938.272	9.55178	99999.8	0	0
neutron	939.565	0.982753	99999.8	0	0
alpha	3727.38	16.5657	99999.8	0	0
Al28	26058.3	1.33093	99999.8	0	0
neutron	939.565	0.280524	99999.9	0	0
S34	31632.7	0.123105	99999.9	0	0
neutron	939.565	0.829887	99999.8	0	0
S34	31632.7	0.172069	99999.8	0	0
neutron	939.565	1.05826	99999.8	0	0
Ne22	20479.7	0.154394	99999.8	0	0
Ne23	21414.1	0.223994	99999.8	0	0
proton	938.272	5.00124	99999.9	0	0
neutron	939.565	4.03523	99999.9	0	0
neutron	939.565	2.47657	99999.9	0	0
neutron	939.565	1.66102	99999.9	0	0
neutron	939.565	1.48343	99999.9	0	0
P30	27917	0.389486	99999.9	0	0
neutron	939.565	0.663132	99999.9	0	0
Ne22	20479.7	0.142289	99999.9	0	0
neutron	939.565	0.257534	99999.9	0	0
Ne22	20479.7	0.25103	99999.9	0	0
proton	938.272	37.4559	99999.9	0	0
neutron	939.565	6.75155	99999.9	0	0
neutron	939.565	3.00041	99999.9	0	0
F20	18625.3	2.23859	99999.9	0	0
neutron	939.565	3.98039	99999.8	0	0
neutron	939.565	1.9859	99999.8	0	0
alpha	3727.38	13.7104	99999.8	0	0
Si31	28846.2	1.78354	99999.8	0	0
S35	32565.3	0.153119	99999.8	0	0
proton	938.272	8.15019	99999.9	0	0
neutron	939.565	1.48862	99999.9	0	0
neutron	939.565	1.42399	99999.9	0	0
neutron	939.565	0.95262	99999.9	0	0
alpha	3727.38	5.94895	99999.9	0	0
N15	13968.9	1.58206	99999.9	0	0
Ne23	21414.1	0.223267	99999.9	0	0
Ne23	21414.1	0.213034	99999.8	0	0
neutron	939.565	0.175731	99999.9	0	0
Ne22	20479.7	0.241449	99999.9	0	0
S35	32565.3	0.157891	99999.9	0	0
neutron	939.565	10.1372	99999.9	0	0
neutron	939.565	0.046096	99999.9	0	0
Ne21	19550.5	0.135097	99999.9	0	0
neutron	939.565	15.8242	99999.9	0	0
neutron	939.565	5.11411	99999.9	0	0
proton	938.272	5.02536	99999.9	0	0
neutron	939.565	3.53027	99999.9	0	0
P33	30705.3	0.221252	99999.9	0	0
neutron	939.565	0.271138	99999.8	0	0
Ne22	20479.7	0.214854	99999.8	0	0
neutron	939.565	0.494724	99999.8	0	0
Ne22	20479.7	0.274404	99999.8	0	0
neutron	939.565	6.08735	99999.8	0	0
neutron	939.565	5.59531	99999.8	0	0
proton	938.272	4.18367	99999.8	0	0
neutron	939.565	3.22564	99999.8	0	0
neutron	939.565	2.52692	99999.8	0	0
deuteron	1875.61	5.82297	99999.8	0	0
O16	14895.1	0.502024	99999.8	0	0
neutron	939.565	3.26873	99999.8	0	0
Ne22	20479.7	0.595843	99999.8	0	0
neutron	939.565	25.0043	99999.8	0	0
proton	938.272	12.5596	99999.8	0	0
neutron	939.565	1.33519	99999.8	0	0
P32	29775.8	0.508536	99999.8	0	0
neutron	939.565	3.16854	99999.9	0	0
proton	938.272	1.64846	99999.9	0	0
F21	19556.7	0.544556	99999.9	0	0
neutron	939.565	2.28955	99999.8	0	0
neutron	939.565	2.00479	99999.8	0	0
neutron	939.565	0.822609	99999.8	0	0
S32	29773.6	0.107612	99999.8	0	0
neutron	939.565	2.78275	99999.9	0	0
Ne22	20479.7	0.44078	99999.9	0	0
neutron	939.565	0.368347	99999.8	0	0
Ne22	20479.7	0.268502	99999.8	0	0
proton	938.272	10.5029	99999.8	0	0
neutron	939.565	6.21187	99999.8	0	0
neutron	939.565	3.8036	99999.8	0	0
neutron	939.565	3.13894	99999.8	0	0
proton	938.272	2.92382	99999.8	0	0
Si30	27913.2	0.322031	99999.8	0	0
S35	32565.3	0.150045	99999.8	0	0
neutron	939.565	24.3821	99999.8	0	0
proton	938.272	9.49079	99999.8	0	0
proton	938.272	4.28012	99999.8	0	0
Si32	29776.6	0.94123	99999.8	0	0
Ne23	21414.1	0.220286	99999.9	0	0
neutron	939.565	2.79727	99999.8	0	0
S34	31632.7	0.3532	99999.8	0	0
neutron	939.565	1.96105	99999.9	0	0
neutron	939.565	1.54743	99999.9	0	0
neutron	939.565	0.0719239	99999.9	0	0
alpha	3727.38	7.51645	99999.9	0	0
Si28	26053.2	2.13302	99999.9	0	0
neutron	939.565	1.62619	99999.8	0	0
S34	31632.7	0.301884	99999.8	0	0
S35	32565.3	0.164127	99999.9	0	0
S35	32565.3	0.16224	99999.9	0	0
Ne23	21414.1	0.226309	99999.9	0	0
neutron	939.565	0.272295	99999.9	0	0
Ne22	20479.7	0.215674	99999.9	0	0
neutron	939.565	0.141004	99999.8	0	0
Ne22	20479.7	0.179177	99999.8	0	0
S35	32565.3	0.144217	99999.9	0	0
neutron	939.565	1.32222	99999.9	0	0
alpha	3727.38	11.6931	99999.9	0	0
O18	16762	2.80717	99999.9	0	0
neutron	939.565	0.322742	99999.9	0	0
Ne22	20479.7	0.148007	99999.9	0	0
proton	938.272	10.5289	99999.9	0	0
neutron	939.565	4.45373	99999.9	0	0
proton	938.272	4.24429	99999.9	0	0
neutron	939.565	1.22619	99999.9	0	0
Si31	28846.2	1.15549	99999.9	0	0
neutron	939.565	29.4238	99999.8	0	0
neutron	939.565	14.1841	99999.8	0	0
neutron	939.565	3.95799	99999.8	0	0
Ne20	18617.7	0.439695	99999.8	0	0
neutron	939.565	0.0252602	99999.9	0	0
Ne22	20479.7	0.181657	99999.9	0	0
neutron	939.565	0.409987	99999.9	0	0
S34	31632.7	0.20661	99999.9	0	0
Ne23	21414.1	0.234503	99999.8	0	0
neutron	939.565	0.776945	99999.9	0	0
S36	33495	0.178631	99999.9	0	0
neutron	939.565	1.46082	99999.9	0	0
S34	31632.7	0.331289	99999.9	0	0
proton	938.272	4.81721	99999.8	0	0
neutron	939.565	1.32735	99999.8	0	0
P33	30705.3	0.305783	99999.8	0	0
neutron	939.565	1.04683	99999.9	0	0
Ne22	20479.7	0.053324	99999.9	0	0
proton	938.272	3.73766	99999.9	0	0
neutron	939.565	3.62987	99999.9	0	0
neutron	939.565	3.22521	99999.9	0	0
proton	938.272	2.90128	99999.9	0	0
neutron	939.565	1.15064	99999.9	0	0
neutron	939.565	1.02328	99999.9	0	0
neutron	939.565	0.735109	99999.9	0	0
Si28	26053.2	0.334991	99999.9	0	0
neutron	939.565	4.29533	99999.8	0	0
neutron	939.565	0.754825	99999.8	0	0
neutron	939.565	0.402329	99999.8	0	0
S34	31632.7	0.625095	99999.8	0	0
S35	32565.3	0.145141	99999.9	0	0
proton	938.272	17.5807	99999.8	0	0
neutron	939.565	2.37225	99999.8	0	0
P33	30705.3	0.323664	99999.8	0	0
Ne23	21414.1	0.229123	99999.9	0	0
neutron	939.565	0.804688	99999.9	0	0
Ne22	20479.7	0.264594	99999.9	0	0
Ne23	21414.1	0.223005	99999.9	0	0
neutron	939.565	0.878454	99999.9	0	0
S34	31632.7	0.0549149	99999.9	0	0
neutron	939.565	0.475603	99999.9	0	0
S34	31632.7	0.171003	99999.9	0	0
neutron	939.565	0.9877	99999.8	0	0
S34	31632.7	0.15515	99999.8	0	0
neutron	939.565	16.6396	99999.8	0	0
neutron	939.565	7.3497	99999.8	0	0
neutron	939.565	0.672656	99999.8	0	0
Ne20	18617.7	1.2452	99999.8	0	0
Ne23	21414.1	0.22711	99999.9	0	0
Ne23	21414.1	0.227856	99999.9	0	0
neutron	939.565	8.87129	99999.8	0	0
neutron	939.565	6.22127	99999.8	0	0
neutron	939.565	3.79004	99999.8	0	0
S32	29773.6	0.461478	99999.8	0	0
neutron	939.565	6.68275	99999.9	0	0
neutron	939.565	0.394205	99999.9	0	0
Ne21	19550.5	0.342794	99999.9	0	0
Ne23	21414.1	0.222131	99999.8	0	0
neutron	939.565	1.42949	99999.8	0	0
Ne22	20479.7	0.26522	99999.8	0	0
neutron	939.565	1.29726	99999.9	0	0
Ne22	20479.7	0.272796	99999.9	0	0
neutron	939.565	0.242066	99999.8	0	0
S34	31632.7	0.169957	99999.8	0	0
neutron	939.565	2.40961	99999.8	0	0
alpha	3727.38	8.27195	99999.8	0	0
Si30	27913.2	1.25948	99999.8	0	0
neutron	939.565	0.389006	99999.9	0	0
S36	33495	0.177705	99999.9	0	0
Ne23	21414.1	0.20883	99999.9	0	0
proton	938.272	4.96835	99999.9	0	0
neutron	939.565	4.36309	99999.9	0	0
P35	32569.8	0.00806033	99999.9	0	0
neutron	939.565	3.15481	99999.9	0	0
S34	31632.7	0.198215	99999.9	0	0
neutron	939.565	1.2734	99999.8	0	0
Ne22	20479.7	0.160929	99999.8	0	0
neutron	939.565	0.112942	99999.9	0	0
Ne22	20479.7	0.282639	99999.9	0	0
neutron	939.565	1.26292	99999.8	0	0
S34	31632.7	0.107559	99999.8	0	0
neutron	939.565	0.30315	99999.9	0	0
Ne22	20479.7	0.141867	99999.9	0	0
S37	34430.2	0.137388	99999.9	0	0
proton	938.272	8.90963	99999.8	0	0
neutron	939.565	7.76201	99999.8	0	0
proton	938.272	5.44023	99999.8	0	0
neutron	939.565	3.77254	99999.8	0	0
neutron	939.565	1.42478	99999.8	0	0
neutron	939.565	1.01422	99999.8	0	0
Si31	28846.2	1.51507	99999.8	0	0
Ne23	21414.1	0.225737	99999.8	0	0
neutron	939.565	1.26819	99999.9	0	0
S36	33495	0.292558	99999.9	0	0
S37	34430.2	0.139175	99999.8	0	0
neutron	939.565	0.352266	99999.9	0	0
S34	31632.7	0.165815	99999.9	0	0
neutron	939.565	1.27162	99999.9	0	0
Ne22	20479.7	0.128524	99999.9	0	0
Ne23	21414.1	0.220827	99999.9	0	0
neutron	939.565	0.351835	99999.9	0	0
Ne22	20479.7	0.196245	99999.9	0	0
Ne23	21414.1	0.225679	99999.8	0	0
S37	34430.2	0.135716	99999.9	0	0
neutron	939.565	5.77536	99999.9	0	0
proton	938.272	2.52832	99999.9	0	0
neutron	939.565	2.32798	99999.9	0	0
neutron	939.565	2.14959	99999.9	0	0
P31	28844.2	0.778352	99999.9	0	0
neutron	939.565	10.2901	99999.8	0	0
neutron	939.565	6.06431	99999.8	0	0
neutron	939.565	3.09421	99999.8	0	0
proton	938.272	1.45778	99999.8	0	0
alpha	3727.38	5.84171	99999.8	0	0
N15	13968.9	1.37439	99999.8	0	0
neutron	939.565	1.64534	99999.9	0	0
Ne22	20479.7	0.22513	99999.9	0	0
neutron	939.565	1.40275	99999.9	0	0
Ne22	20479.7	0.458129	99999.9	0	0
neutron	939.565	4.88436	99999.9	0	0
proton	938.272	4.62515	99999.9	0	0
neutron	939.565	3.87706	99999.9	0	0
neutron	939.565	0.820615	99999.9	0	0
alpha	3727.38	10.6591	99999.9	0	0
Al27	25126.5	1.54679	99999.9	0	0
neutron	939.565	0.705115	99999.9	0	0
Ne22	20479.7	0.177263	99999.9	0	0
neutron	939.565	0.991578	99999.9	0	0
Ne22	20479.7	0.263097	99999.9	0	0
Ne23	21414.1	0.231279	99999.9	0	0
neutron	939.565	24.7882	99999.9	0	0
neutron	939.565	0.806602	99999.9	0	0
Ne21	19550.5	0.936289	99999.9	0	0
Ne23	21414.1	0.216712	99999.9	0	0
Ne23	21414.1	0.223537	99999.9	0	0
neutron	939.565	5.71352	99999.9	0	0
neutron	939.565	0.603919	99999.9	0	0
Ne21	19550.5	0.314882	99999.9	0	0
neutron	939.565	0.702305	99999.8	0	0
Ne22	20479.7	0.153434	99999.8	0	0
proton	938.272	20.7565	99999.9	0	0
neutron	939.565	2.51892	99999.9	0	0
neutron	939.565	1.15831	99999.9	0	0
F20	18625.3	1.49397	99999.9	0	0
neutron	939.565	0.755492	99999.9	0	0
S34	31632.7	0.100908	99999.9	0	0
neutron	939.565	15.8271	99999.8	0	0
neutron	939.565	2.79353	99999.8	0	0
Ne21	19550.5	0.408327	99999.8	0	0
neutron	939.565	14.444	99999.9	0	0
neutron	939.565	6.84226	99999.9	0	0
proton	938.272	5.75205	99999.9	0	0
proton	938.272	4.56529	99999.9	0	0
neutron	939.565	2.12877	99999.9	0	0
neutron	939.565	0.236392	99999.9	0	0
Si29	26984.3	0.0133425	99999.9	0	0
neutron	939.565	2.19669	99999.9	0	0
S34	31632.7	0.12192	99999.9	0	0
proton	938.272	10.1772	99999.9	0	0
neutron	939.565	5.56113	99999.9	0	0
P33	30705.3	0.447814	99999.9	0	0
neutron	939.565	1.60495	99999.8	0	0
S34	31632.7	0.291564	99999.8	0	0
neutron	939.565	5.1345	99999.8	0	0
neutron	939.565	4.0689	99999.8	0	0
proton	938.272	3.78246	99999.8	0	0
neutron	939.565	3.63582	99999.8	0	0
proton	938.272	3.37029	99999.8	0	0
Si30	27913.2	0.674537	99999.8	0	0
neutron	939.565	4.3634	99999.9	0	0
neutron	939.565	4.29058	99999.9	0	0
neutron	939.565	0.130551	99999.9	0	0
Ne20	18617.7	0.892019	99999.9	0	0
Ne23	21414.1	0.220482	99999.9	0	0
Ne23	21414.1	0.230692	99999.8	0	0
S35	32565.3	0.167211	99999.8	0	0
neutron	939.565	33.4146	99999.9	0	0
neutron	939.565	2.12327	99999.9	0	0
neutron	939.565	1.66344	99999.9	0	0
alpha	3727.38	6.07368	99999.9	0	0
O16	14895.1	1.3266	99999.9	0	0
neutron	939.565	0.788614	99999.9	0	0
Ne22	20479.7	0.0874382	99999.9	0	0
proton	938.272	5.3387	99999.8	0	0
neutron	939.565	3.76322	99999.8	0	0
neutron	939.565	0.470579	99999.8	0	0
P32	29775.8	0.503514	99999.8	0	0
neutron	939.565	4.39689	99999.8	0	0
proton	938.272	4.31694	99999.8	0	0
neutron	939.565	1.86427	99999.8	0	0
P32	29775.8	0.0302573	99999.8	0	0
Ne23	21414.1	0.212379	99999.8	0	0
S37	34430.2	0.134616	99999.9	0	0
neutron	939.565	4.6019	99999.8	0	0
proton	938.272	4.24811	99999.8	0	0
proton	938.272	2.40069	99999.8	0	0
neutron	939.565	2.25924	99999.8	0	0
neutron	939.565	0.184203	99999.8	0	0
Si30	27913.2	0.537893	99999.8	0	0
S35	32565.3	0.154479	99999.8	0	0
neutron	939.565	14.3212	99999.8	0	0
proton	938.272	12.3388	99999.8	0	0
neutron	939.565	5.3058	99999.8	0	0
proton	938.272	4.6427	99999.8	0	0
neutron	939.565	4.0805	99999.8	0	0
Si30	27913.2	1.19232	99999.8	0	0
Ne23	21414.1	0.22758	99999.8	0	0
proton	938.272	9.98635	99999.9	0	0
neutron	939.565	4.06955	99999.9	0	0
neutron	939.565	2.44652	99999.9	0	0
neutron	939.565	2.32899	99999.9	0	0
proton	938.272	2.25019	99999.9	0	0
neutron	939.565	1.90392	99999.9	0	0
neutron	939.565	1.50435	99999.9	0	0
Si28	26053.2	0.855723	99999.9	0	0
neutron	939.565	0.28779	99999.9	0	0
S34	31632.7	0.172033	99999.9	0	0
neutron	939.565	1.1429	99999.8	0	0
S34	31632.7	0.0686379	99999.8	0	0
neutron	939.565	24.6416	99999.9	0	0
neutron	939.565	5.03149	99999.9	0	0
deuteron	1875.61	1.92235	99999.9	0	0
alpha	3727.38	7.68602	99999.9	0	0
N15	13968.9	1.61198	99999.9	0	0
neutron	939.565	0.76904	99999.8	0	0
S34	31632.7	0.125311	99999.8	0	0
neutron	939.565	11.1797	99999.9	0	0
neutron	939.565	6.92272	99999.9	0	0
neutron	939.565	1.35388	99999.9	0	0
alpha	3727.38	6.77207	99999.9	0	0
Si28	26053.2	0.767425	99999.9	0	0
neutron	939.565	10.0192	99999.8	0	0
neutron	939.565	5.68332	99999.8	0	0
proton	938.272	5.14708	99999.8	0	0
neutron	939.565	3.41325	99999.8	0	0
proton	938.272	3.39132	99999.8	0	0
alpha	3727.38	8.96638	99999.8	0	0
Mg26	24196.5	1.00526	99999.8	0	0
neutron	939.565	0.0496201	99999.9	0	0
S34	31632.7	0.144348	99999.9	0	0
neutron	939.565	18.1043	99999.8	0	0
neutron	939.565	3.19134	99999.8	0	0
neutron	939.565	2.25765	99999.8	0	0
alpha	3727.38	6.52685	99999.8	0	0
O16	14895.1	1.25841	99999.8	0	0
neutron	939.565	7.99354	99999.8	0	0
neutron	939.565	2.8278	99999.8	0	0
neutron	939.565	2.09583	99999.8	0	0
S32	29773.6	0.215231	99999.8	0	0
neutron	939.565	0.132909	99999.8	0	0
Ne22	20479.7	0.204443	99999.8	0	0
neutron	939.565	1.58551	99999.9	0	0
S36	33495	0.0295304	99999.9	0	0
neutron	939.565	2.18748	99999.8	0	0
Ne22	20479.7	0.415716	99999.8	0	0
neutron	939.565	0.233348	99999.9	0	0
Ne22	20479.7	0.264216	99999.9	0	0
neutron	939.565	4.43211	99999.8	0	0
neutron	939.565	1.15519	99999.8	0	0
S33	30704.6	0.462394	99999.8	0	0
S35	32565.3	0.141398	99999.9	0	0
S35	32565.3	0.153514	99999.9	0	0
neutron	939.565	1.05192	99999.9	0	0
S34	31632.7	0.203368	99999.9	0	0
neutron	939.565	5.47545	99999.9	0	0
alpha	3727.38	7.74054	99999.9	0	0
O18	16762	1.69625	99999.9	0	0
neutron	939.565	12.2673	99999.9	0	0
neutron	939.565	9.77239	99999.9	0	0
neutron	939.565	2.98331	99999.9	0	0
alpha	3727.38	6.2545	99999.9	0	0
O16	14895.1	1.30213	99999.9	0	0
S35	32565.3	0.152771	99999.9	0	0
neutron	939.565	5.44347	99999.9	0	0
Ne22	20479.7	0.240167	99999.9	0	0
neutron	939.565	0.741705	99999.8	0	0
S34	31632.7	0.262919	99999.8	0	0
neutron	939.565	0.988393	99999.9	0	0
S34	31632.7	0.0997239	99999.9	0	0
S37	34430.2	0.133521	99999.9	0	0
neutron	939.565	4.87442	99999.8	0	0
S34	31632.7	0.210882	99999.8	0	0
neutron	939.565	9.07425	99999.9	0	0
neutron	939.565	4.30082	99999.9	0	0
neutron	939.565	1.25003	99999.9	0	0
alpha	3727.38	4.81363	99999.9	0	0
O16	14895.1	4.43994	99999.9	0	0
neutron	939.565	1.46334	99999.8	0	0
neutron	939.565	1.22699	99999.8	0	0
Ne21	19550.5	0.361314	99999.8	0	0
Ne23	21414.1	0.227583	99999.9	0	0
proton	938.272	7.9925	99999.8	0	0
neutron	939.565	2.46548	99999.8	0	0
neutron	939.565	0.951361	99999.8	0	0
neutron	939.565	0.232354	99999.8	0	0
P31	28844.2	0.153538	99999.8	0	0
proton	938.272	5.69041	99999.9	0	0
neutron	939.565	4.0775	99999.9	0	0
neutron	939.565	2.20212	99999.9	0	0
F20	18625.3	0.0689364	99999.9	0	0
S35	32565.3	0.163158	99999.9	0	0
neutron	939.565	4.73915	99999.9	0	0
neutron	939.565	4.26268	99999.9	0	0
neutron	939.565	3.42626	99999.9	0	0
proton	938.272	2.47017	99999.9	0	0
P31	28844.2	0.0512568	99999.9	0	0
Ne23	21414.1	0.215006	99999.9	0	0
neutron	939.565	1.59367	99999.9	0	0
Ne22	20479.7	0.036055	99999.9	0	0
neutron	939.565	1.80117	99999.9	0	0
Ne22	20479.7	0.207024	99999.9	0	0
neutron	939.565	0.315167	99999.9	0	0
S34	31632.7	0.192614	99999.9	0	0
neutron	939.565	17.9809	99999.9	0	0
proton	938.272	12.8854	99999.9	0	0
neutron	939.565	1.34116	99999.9	0	0
P32	29775.8	0.888642	99999.9	0	0
S37	34430.2	0.136001	99999.9	0	0
proton	938.272	8.24205	99999.9	0	0
neutron	939.565	3.90209	99999.9	0	0
neutron	939.565	2.41325	99999.9	0	0
neutron	939.565	1.0613	99999.9	0	0
alpha	3727.38	11.3557	99999.9	0	0
Al29	26988.5	0.782102	99999.9	0	0
neutron	939.565	2.12144	99999.8	0	0
neutron	939.565	1.72298	99999.8	0	0
neutron	939.565	1.02543	99999.8	0	0
Ne20	18617.7	0.562401	99999.8	0	0
neutron	939.565	0.454173	99999.9	0	0
S36	33495	0.126594	99999.9	0	0
proton	938.272	6.70656	99999.9	0	0
neutron	939.565	5.31386	99999.9	0	0
neutron	939.565	2.66843	99999.9	0	0
P32	29775.8	0.113601	99999.9	0	0
S35	32565.3	0.139407	99999.9	0	0
S35	32565.3	0.141275	99999.9	0	0
proton	938.272	11.5813	99999.9	0	0
neutron	939.565	6.28682	99999.9	0	0
neutron	939.565	2.17517	99999.9	0	0
neutron	939.565	1.56927	99999.9	0	0
F19	17692.3	0.905694	99999.9	0	0
proton	938.272	18.4393	99999.9	0	0
neutron	939.565	10.9699	99999.9	0	0
proton	938.272	5.22041	99999.9	0	0
neutron	939.565	2.8163	99999.9	0	0
neutron	939.565	0.729652	99999.9	0	0
O18	16762	1.26504	99999.9	0	0
Ne23	21414.1	0.215937	99999.8	0	0
neutron	939.565	22.4539	99999.8	0	0
proton	938.272	9.09369	99999.8	0	0
P33	30705.3	1.05174	99999.8	0	0
Ne23	21414.1	0.215905	99999.9	0	0
Ne23	21414.1	0.221227	99999.9	0	0
neutron	939.565	0.753256	99999.9	0	0
S34	31632.7	0.0905764	99999.9	0	0
neutron	939.565	5.42165	99999.9	0	0
Ne22	20479.7	0.666945	99999.9	0	0
neutron	939.565	14.6674	99999.9	0	0
neutron	939.565	1.94766	99999.9	0	0
neutron	939.565	0.99786	99999.9	0	0
alpha	3727.38	7.66288	99999.9	0	0
Si28	26053.2	2.6663	99999.9	0	0
neutron	939.565	2.01037	99999.9	0	0
Ne22	20479.7	0.070942	99999.9	0	0
neutron	939.565	0.296048	99999.8	0	0
S34	31632.7	0.109394	99999.8	0	0
neutron	939.565	8.15282	99999.8	0	0
neutron	939.565	7.81882	99999.8	0	0
neutron	939.565	1.96371	99999.8	0	0
alpha	3727.38	4.90433	99999.8	0	0
O16	14895.1	1.46852	99999.8	0	0
neutron	939.565	0.747455	99999.8	0	0
S36	33495	0.21003	99999.8	0	0
neutron	939.565	0.910051	99999.9	0	0
S34	31632.7	0.114439	99999.9	0	0
neutron	939.565	1.01906	99999.9	0	0
S34	31632.7	0.0857642	99999.9	0	0
S37	34430.2	0.145149	99999.9	0	0
S35	32565.3	0.155309	99999.9	0	0
neutron	939.565	1.50426	99999.9	0	0
Ne22	20479.7	0.473808	99999.9	0	0
neutron	939.565	0.334185	99999.8	0	0
S34	31632.7	0.10772	99999.8	0	0
Ne23	21414.1	0.215192	99999.9	0	0
neutron	939.565	2.45044	99999.9	0	0
S34	31632.7	0.314538	99999.9	0	0
neutron	939.565	1.14707	99999.9	0	0
Ne22	20479.7	0.362169	99999.9	0	0
Ne23	21414.1	0.219945	99999.8	0	0
neutron	939.565	0.272082	99999.9	0	0
S34	31632.7	0.225415	99999.9	0	0
neutron	939.565	19.7514	99999.9	0	0
proton	938.272	2.72171	99999.9	0	0
P33	30705.3	0.322055	99999.9	0	0
Ne23	21414.1	0.221997	99999.9	0	0
neutron	939.565	12.8353	99999.8	0	0
neutron	939.565	2.40075	99999.8	0	0
neutron	939.565	0.739538	99999.8	0	0
Ne20	18617.7	0.587216	99999.8	0	0
neutron	939.565	0.82232	99999.8	0	0
Ne22	20479.7	0.248845	99999.8	0	0
Ne23	21414.1	0.214921	99999.9	0	0
neutron	939.565	4.1337	99999.9	0	0
neutron	939.565	2.85878	99999.9	0	0
deuteron	1875.61	4.12482	99999.9	0	0
F19	17692.3	0.363776	99999.9	0	0
neutron	939.565	4.93914	99999.8	0	0
alpha	3727.38	8.17899	99999.8	0	0
O18	16762	0.552301	99999.8	0	0
neutron	939.565	27.0313	99999.8	0	0
neutron	939.565	12.4052	99999.8	0	0
neutron	939.565	3.94492	99999.8	0	0
alpha	3727.38	5.59116	99999.8	0	0
O16	14895.1	0.71	99999.8	0	0
neutron	939.565	28.6592	99999.9	0	0
neutron	939.565	8.69367	99999.9	0	0
neutron	939.565	4.56598	99999.9	0	0
S34	31632.7	2.82113	99999.9	0	0
neutron	939.565	12.4419	99999.8	0	0
neutron	939.565	11.8621	99999.8	0	0
neutron	939.565	1.77093	99999.8	0	0
alpha	3727.38	6.14938	99999.8	0	0
O16	14895.1	0.0671025	99999.8	0	0
S37	34430.2	0.14201	99999.8	0	0
neutron	939.565	28.396	99999.8	0	0
alpha	3727.38	5.42909	99999.8	0	0
O18	16762	3.00666	99999.8	0	0
neutron	939.565	0.833114	99999.9	0	0
S34	31632.7	0.0544047	99999.9	0	0
neutron	939.565	25.9303	99999.8	0	0
neutron	939.565	17.0901	99999.8	0	0
neutron	939.565	5.34476	99999.8	0	0
S32	29773.6	0.232646	99999.8	0	0
neutron	939.565	2.27574	99999.9	0	0
S36	33495	0.138559	99999.9	0	0
neutron	939.565	0.79878	99999.9	0	0
S34	31632.7	0.227169	99999.9	0	0
Ne23	21414.1	0.218791	99999.9	0	0
S35	32565.3	0.159375	99999.9	0	0
S35	32565.3	0.149444	99999.9	0	0
S35	32565.3	0.154072	99999.8	0	0
proton	938.272	7.10294	99999.9	0	0
neutron	939.565	5.86046	99999.9	0	0
neutron	939.565	1.29799	99999.9	0	0
F20	18625.3	1.01052	99999.9	0	0
neutron	939.565	0.389934	99999.9	0	0
alpha	3727.38	8.76114	99999.9	0	0
Si30	27913.2	1.63226	99999.9	0	0
neutron	939.565	7.04253	99999.9	0	0
neutron	939.565	5.58724	99999.9	0	0
neutron	939.565	1.30251	99999.9	0	0
Ne20	18617.7	0.530761	99999.9	0	0
neutron	939.565	8.83657	99999.9	0	0
neutron	939.565	1.04981	99999.9	0	0
neutron	939.565	0.943977	99999.9	0	0
Ne20	18617.7	0.151369	99999.9	0	0
neutron	939.565	0.568811	99999.8	0	0
Ne22	20479.7	0.267467	99999.8	0	0
neutron	939.565	0.671848	99999.9	0	0
Ne22	20479.7	0.169362	99999.9	0	0
Ne23	21414.1	0.234041	99999.8	0	0
neutron	939.565	13.9175	99999.8	0	0
neutron	939.565	2.68116	99999.8	0	0
neutron	939.565	1.13101	99999.8	0	0
S32	29773.6	0.512795	99999.8	0	0
Ne23	21414.1	0.230483	99999.9	0	0
S37	34430.2	0.130238	99999.8	0	0
neutron	939.565	17.973	99999.9	0	0
proton	938.272	5.03444	99999.9	0	0
neutron	939.565	3.66348	99999.9	0	0
neutron	939.565	2.74568	99999.9	0	0
P31	28844.2	0.181208	99999.9	0	0
neutron	939.565	9.2962	99999.9	0	0
neutron	939.565	7.07467	99999.9	0	0
neutron	939.565	3.09041	99999.9	0	0
Ne20	18617.7	2.089	99999.9	0	0
neutron	939.565	4.07218	99999.9	0	0
neutron	939.565	1.77796	99999.9	0	0
neutron	939.565	0.988507	99999.9	0	0
Ne20	18617.7	0.56243	99999.9	0	0
neutron	939.565	2.94705	99999.9	0	0
S34	31632.7	0.0151953	99999.9	0	0
Ne23	21414.1	0.20239	99999.9	0	0
neutron	939.565	14.363	99999.8	0	0
neutron	939.565	3.84663	99999.8	0	0
neutron	939.565	1.4284	99999.8	0	0
Ne20	18617.7	0.106561	99999.8	0	0
neutron	939.565	25.3097	99999.8	0	0
neutron	939.565	18.3721	99999.8	0	0
S35	32565.3	1.75753	99999.8	0	0
neutron	939.565	1.98497	99999.9	0	0
S34	31632.7	0.0738231	99999.9	0	0
neutron	939.565	15.4388	99999.9	0	0
neutron	939.565	4.57992	99999.9	0	0
neutron	939.565	1.41084	99999.9	0	0
S32	29773.6	0.91141	99999.9	0	0
neutron	939.565	1.94375	99999.9	0	0
Ne22	20479.7	0.150718	99999.9	0	0
S35	32565.3	0.155527	99999.9	0	0
neutron	939.565	3.74202	99999.8	0	0
Ne22	20479.7	0.243	99999.8	0	0
S35	32565.3	0.140284	99999.9	0	0
neutron	939.565	12.1286	99999.9	0	0
neutron	939.565	1.3104	99999.9	0	0
Ne21	19550.5	0.414706	99999.9	0	0
proton	938.272	11.2509	99999.9	0	0
proton	938.272	7.54311	99999.9	0	0
neutron	939.565	3.08102	99999.9	0	0
neutron	939.565	2.61462	99999.9	0	0
neutron	939.565	1.90298	99999.9	0	0
neutron	939.565	1.43897	99999.9	0	0
Si29	26984.3	1.03879	99999.9	0	0
Ne23	21414.1	0.202853	99999.8	0	0
neutron	939.565	0.731772	99999.9	0	0
Ne22	20479.7	0.143075	99999.9	0	0
S37	34430.2	0.138888	99999.9	0	0
neutron	939.565	11.2885	99999.9	0	0
neutron	939.565	6.06378	99999.9	0	0
proton	938.272	5.01355	99999.9	0	0
neutron	939.565	2.51029	99999.9	0	0
P31	28844.2	0.844807	99999.9	0	0
neutron	939.565	7.46689	99999.8	0	0
neutron	939.565	3.08672	99999.8	0	0
Ne21	19550.5	0.476172	99999.8	0	0
neutron	939.565	0.210524	99999.8	0	0
Ne22	20479.7	0.265397	99999.8	0	0
neutron	939.565	5.4864	99999.8	0	0
neutron	939.565	3.69545	99999.8	0	0
neutron	939.565	1.44662	99999.8	0	0
S34	31632.7	0.675602	99999.8	0	0
neutron	939.565	0.49051	99999.9	0	0
S36	33495	0.0700159	99999.9	0	0
neutron	939.565	0.290587	99999.9	0	0
Ne22	20479.7	0.19488	99999.9	0	0
proton	938.272	19.5764	99999.8	0	0
neutron	939.565	19.135	99999.8	0	0
neutron	939.565	2.15304	99999.8	0	0
P32	29775.8	0.570743	99999.8	0	0
neutron	939.565	1.1303	99999.8	0	0
S34	31632.7	0.255536	99999.8	0	0
neutron	939.565	11.1187	99999.8	0	0
neutron	939.565	10.2647	99999.8	0	0
neutron	939.565	4.71617	99999.8	0	0
alpha	3727.38	7.88801	99999.8	0	0
O16	14895.1	2.15153	99999.8	0	0
neutron	939.565	24.0543	99999.9	0	0
neutron	939.565	7.36725	99999.9	0	0
neutron	939.565	3.90634	99999.9	0	0
S32	29773.6	1.21112	99999.9	0	0
neutron	939.565	9.72252	99999.9	0	0
neutron	939.565	4.29869	99999.9	0	0
neutron	939.565	1.61124	99999.9	0	0
Ne20	18617.7	0.253087	99999.9	0	0
Ne23	21414.1	0.21466	99999.9	0	0
neutron	939.565	62.4042	99999.9	0	0
neutron	939.565	3.8667	99999.9	0	0
Ne21	19550.5	3.78346	99999.9	0	0
neutron	939.565	3.2321	99999.9	0	0
neutron	939.565	1.54002	99999.9	0	0
neutron	939.565	0.554247	99999.9	0	0
S32	29773.6	0.110648	99999.9	0	0
proton	938.272	12.782	99999.9	0	0
neutron	939.565	4.40832	99999.9	0	0
neutron	939.565	2.16605	99999.9	0	0
neutron	939.565	2.06005	99999.9	0	0
F19	17692.3	0.2529	99999.9	0	0
neutron	939.565	36.1548	99999.9	0	0
neutron	939.565	9.70494	99999.9	0	0
neutron	939.565	2.60034	99999.9	0	0
S32	29773.6	0.975903	99999.9	0	0
neutron	939.565	0.206349	99999.8	0	0
Ne22	20479.7	0.141352	99999.8	0	0
S35	32565.3	0.158917	99999.8	0	0
neutron	939.565	7.14871	99999.9	0	0
neutron	939.565	2.7292	99999.9	0	0
neutron	939.565	2.25524	99999.9	0	0
alpha	3727.38	4.57533	99999.9	0	0
O16	14895.1	1.45068	99999.9	0	0
Ne23	21414.1	0.225676	99999.9	0	0
Ne23	21414.1	0.22344	99999.9	0	0
neutron	939.565	0.32476	99999.9	0	0
Ne22	20479.7	0.311028	99999.9	0	0
neutron	939.565	7.23238	99999.9	0	0
proton	938.272	3.528	99999.9	0	0
neutron	939.565	0.267196	99999.9	0	0
F20	18625.3	1.12422	99999.9	0	0
Ne23	21414.1	0.214349	99999.9	0	0
neutron	939.565	0.264496	99999.9	0	0
Ne22	20479.7	0.323057	99999.9	0	0
proton	938.272	6.82056	99999.9	0	0
neutron	939.565	3.35672	99999.9	0	0
proton	938.272	3.20562	99999.9	0	0
neutron	939.565	0.652383	99999.9	0	0
O19	17697.6	0.52295	99999.9	0	0
neutron	939.565	7.19301	99999.9	0	0
neutron	939.565	2.59921	99999.9	0	0
Ne21	19550.5	0.575507	99999.9	0	0
neutron	939.565	0.929155	99999.9	0	0
S34	31632.7	0.12575	99999.9	0	0
neutron	939.565	3.41189	99999.9	0	0
neutron	939.565	1.83023	99999.9	0	0
S33	30704.6	0.440282	99999.9	0	0
Ne23	21414.1	0.210053	99999.8	0	0
neutron	939.565	4.22509	99999.9	0	0
alpha	3727.38	10.0593	99999.9	0	0
alpha	3727.38	8.65835	99999.9	0	0
Mg26	24196.5	4.60106	99999.9	0	0
Ne23	21414.1	0.201592	99999.9	0	0
neutron	939.565	6.08539	99999.8	0	0
neutron	939.565	0.137691	99999.8	0	0
S35	32565.3	0.443953	99999.8	0	0
S35	32565.3	0.154177	99999.9	0	0
S37	34430.2	0.137822	99999.8	0	0
neutron	939.565	2.24564	99999.9	0	0
S34	31632.7	0.300198	99999.9	0	0
neutron	939.565	5.75618	99999.8	0	0
neutron	939.565	5.74411	99999.8	0	0
neutron	939.565	1.21601	99999.8	0	0
S32	29773.6	0.483711	99999.8	0	0
neutron	939.565	0.0573221	99999.9	0	0
Ne22	20479.7	0.243028	99999.9	0	0
neutron	939.565	28.4153	99999.8	0	0
neutron	939.565	9.68199	99999.8	0	0
neutron	939.565	2.71368	99999.8	0	0
Ne20	18617.7	0.462242	99999.8	0	0
Ne23	21414.1	0.214276	99999.9	0	0
Ne23	21414.1	0.219592	99999.9	0	0
proton	938.272	4.15492	99999.9	0	0
neutron	939.565	1.76071	99999.9	0	0
P33	30705.3	0.321175	99999.9	0	0
neutron	939.565	0.683034	99999.9	0	0
S34	31632.7	0.131631	99999.9	0	0
neutron	939.565	0.809074	99999.9	0	0
Ne22	20479.7	0.189463	99999.9	0	0
neutron	939.565	4.48591	99999.9	0	0
neutron	939.565	1.5597	99999.9	0	0
S35	32565.3	0.27286	99999.9	0	0
neutron	939.565	1.02538	99999.9	0	0
S34	31632.7	0.110609	99999.9	0	0
neutron	939.565	1.25821	99999.9	0	0
S34	31632.7	0.189801	99999.9	0	0
neutron	939.565	0.757541	99999.8	0	0
S34	31632.7	0.260754	99999.8	0	0
neutron	939.565	1.77993	99999.9	0	0
S34	31632.7	0.267834	99999.9	0	0
proton	938.272	32.6065	99999.9	0	0
neutron	939.565	5.42099	99999.9	0	0
neutron	939.565	0.53918	99999.9	0	0
F20	18625.3	1.37782	99999.9	0	0
neutron	939.565	5.76396	99999.8	0	0
neutron	939.565	0.393214	99999.8	0	0
S35	32565.3	0.550232	99999.8	0	0
S35	32565.3	0.153193	99999.9	0	0
S35	32565.3	0.16568	99999.9	0	0
neutron	939.565	3.89467	99999.8	0	0
neutron	939.565	2.1993	99999.8	0	0
neutron	939.565	0.945826	99999.8	0	0
S32	29773.6	0.0402929	99999.8	0	0
proton	938.272	25.5379	99999.9	0	0
neutron	939.565	1.02986	99999.9	0	0
neutron	939.565	0.491903	99999.9	0	0
F20	18625.3	1.04682	99999.9	0	0
neutron	939.565	6.14372	99999.8	0	0
Ne22	20479.7	0.472199	99999.8	0	0
neutron	939.565	13.4984	99999.9	0	0
proton	938.272	12.0241	99999.9	0	0
neutron	939.565	2.09071	99999.9	0	0
F20	18625.3	0.239364	99999.9	0	0
Ne23	21414.1	0.209756	99999.8	0	0
proton	938.272	5.79592	99999.9	0	0
neutron	939.565	4.40394	99999.9	0	0
P33	30705.3	0.117038	99999.9	0	0
neutron	939.565	10.7052	99999.9	0	0
neutron	939.565	1.09811	99999.9	0	0
S33	30704.6	0.0347019	99999.9	0	0
S37	34430.2	0.132305	99999.9	0	0
neutron	939.565	1.39294	99999.8	0	0
Ne22	20479.7	0.270574	99999.8	0	0
S35	32565.3	0.147386	99999.9	0	0
S35	32565.3	0.14622	99999.9	0	0
neutron	939.565	1.04232	99999.8	0	0
S34	31632.7	0.25043	99999.8	0	0
neutron	939.565	0.283947	99999.8	0	0
S34	31632.7	0.205042	99999.8	0	0
S35	32565.3	0.148106	99999.9	0	0
Ne23	21414.1	0.218958	99999.9	0	0
neutron	939.565	23.0183	99999.8	0	0
neutron	939.565	0.852727	99999.8	0	0
S33	30704.6	0.43086	99999.8	0	0
proton	938.272	4.40811	99999.8	0	0
neutron	939.565	1.64672	99999.8	0	0
P33	30705.3	0.397928	99999.8	0	0
