O16	14895.1	0.294262	43426.6	6065.6	6064.97
O16	14895.1	0.31346	42773.6	5581.91	5581.21
Mg24	22335.8	0.252884	72419.8	28480.5	28480
Mg24	22335.8	0.13897	70213	24645.2	24644.6
Mg24	22335.8	0.135812	48701.2	9946.65	9945.84
Si28	26053.2	0.337812	42853.9	2880.18	2879.5
Mg24	22335.8	0.271108	59807.2	18215.6	18214.7
O16	14895.1	0.225047	41608.7	4640.09	4639.76
O16	14895.1	0.450963	96497.2	44158.6	44157.8
O16	14895.1	0.32702	95729	43696.6	43696.2
Si28	26053.2	0.239044	71325.4	27552.6	27551.7
Si28	26053.2	0.665135	36344.1	1557.52	1556.84
Mg24	22335.8	0.213639	43707	5723.18	5722.89
O16	14895.1	0.309882	35750.2	2937.11	2936.69
Si28	26053.2	1.10943	88101	38234.3	38232.3
Fe56	52089.8	0.0732169	59837.4	15693.2	15693.1
neutron	939.565	1218.5	58976.2	15138.4	13328
neutron	939.565	355.223	58976.2	15138.4	13328
Na23	21409.2	0.677413	58976.2	15138.4	13328
Mg25	23268	0.155228	53464.7	10649.3	10649
O16	14895.1	0.374818	56705.8	15140.1	15139.7
Fe56	52089.8	0.132154	84172.6	33906.8	33906.5
O16	14895.1	0.21773	36536.7	2438.36	2438
Mg24	22335.8	0.551496	63451.9	21552.4	21551.5
Mg24	22335.8	0.200133	33493	1205.92	1205.69
neutron	939.565	68.3101	98457.4	45020.6	44647.2
O15	13971.2	1.14202	98457.4	45020.6	44647.2
O16	14895.1	0.198159	82007.9	33527.1	33525.8
O16	14895.1	0.234852	45544.5	8015.94	8015.06
Si28	26053.2	0.231114	91199.6	39425.6	39425.3
Si28	26053.2	0.261411	84668.2	35565	35564.1
O16	14895.1	0.32308	61188.5	20493.3	20492.3
O16	14895.1	0.221326	57741.1	16272	16271.4
O16	14895.1	0.214067	87881.2	37179.2	37179
Si28	26053.2	0.402403	68364.3	14822.2	14821.2
Si28	26053.2	0.138507	53071.9	3046.46	3046.19
Si28	26053.2	0.12657	91879	40635.8	40635.6
O16	14895.1	0.270925	79695.5	32086.8	32086
O16	14895.1	0.530104	67457	23257	23256.1
O16	14895.1	0.202116	50669.3	9437.43	9436.85
O16	14895.1	1.01265	82482.2	33188.8	33187.4
O16	14895.1	0.390054	71112.2	25713	25712.6
Si28	26053.2	0.180134	63538.7	15625.9	15624.8
O16	14895.1	0.559924	88187.1	33881	33880.3
Mg24	22335.8	0.137135	80844.8	28989.4	28988.9
O16	14895.1	0.510504	80556.8	28821.6	28821
O16	14895.1	0.377715	82758.8	30517.7	30516.4
O16	14895.1	0.270904	68662.1	20757.6	20757
Mg25	23268	0.380256	61527.9	14054.3	14053.1
Si28	26053.2	0.16749	55136.4	9988.24	9987.06
O16	14895.1	0.679999	93071	41124.1	41123.4
O16	14895.1	0.410811	42711.6	5767.27	5766.26
O16	14895.1	0.862363	80767.5	33136.1	33135.1
O16	14895.1	0.315112	78706.5	31646.3	31645.9
neutron	939.565	144.182	51754.3	11770	11487.7
neutron	939.565	95.4026	51754.3	11770	11487.7
C12	11174.9	1.81405	51754.3	11770	11487.7
Mg26	24196.5	0.189051	78853.4	32266.6	32266
O16	14895.1	0.200016	62682.1	21438.9	21438.6
Si28	26053.2	0.234716	44567.2	4056.82	4056.52
O16	14895.1	0.470894	67036.6	21307.8	21307.1
Si28	26053.2	0.370527	95204.3	43104.9	43104.2
Si28	26053.2	0.154614	51829.7	11218.2	11218
Si28	26053.2	0.133645	96767.4	44109.9	44108.7
Mg24	22335.8	0.129913	92593.3	37565.9	37565.1
O16	14895.1	0.486606	88406	38881.3	38880.4
Si28	26053.2	0.141701	56294.1	16744.7	16744.3
O16	14895.1	0.21377	38541.3	5553.39	5553.05
C14	13040.9	4.21139	94805.2	41832.7	39832.2
O16	14895.1	0.349246	86106.3	32419.5	32418.5
O16	14895.1	0.299475	81916.2	29409.5	29408.8
Mg26	24196.5	0.194836	77474.4	27695.1	27694.5
O16	14895.1	0.194434	50829.6	4038.02	4037.03
Si28	26053.2	0.11666	99542.5	46163	46162.8
Mg24	22335.8	0.186994	99146.1	45924.3	45923.4
O16	14895.1	0.202711	77123	30582.3	30582
O16	14895.1	0.231799	57024.5	17307.4	17306.9
Fe56	52089.8	0.0568196	63181.9	20261.5	20261.2
O16	14895.1	0.191969	58459.9	15930.3	15929.9
Si28	26053.2	0.108561	53414.8	10904.9	10904.5
O16	14895.1	0.253734	96529.3	44177.6	44177.3
Mg26	24196.5	0.118871	95335.2	43076.7	43076.2
Mg24	22335.8	0.153082	91851.5	39730.2	39729.2
O16	14895.1	1.17811	96909	43369.3	43367.5
O16	14895.1	0.20152	72216.9	26031.3	26031.1
Si28	26053.2	0.223692	99760	46243.5	46243.2
Fe56	52089.8	0.0703276	68165.6	21503.3	21502.5
Si28	26053.2	0.162625	84464.3	35530.5	35530.3
Mg24	22335.8	0.22847	50163	6889.81	6888.83
O16	14895.1	0.307466	43531.4	6268.58	6267.71
O16	14895.1	0.3542	74225.7	22860.3	22859.3
O16	14895.1	0.205445	67945.4	18278.3	18277
O16	14895.1	0.260993	51846.3	6326.06	6325.77
Mg25	23268	0.12158	47316.8	3511.07	3510.67
O16	14895.1	0.227765	90754.4	39508.1	39507.6
neutron	939.565	353.626	51127.7	11234.1	8218.69
N14	13040.2	1.65018	51127.7	11234.1	8218.69
O16	14895.1	0.540112	39790.2	1257	1256.29
neutron	939.565	0.305699	79517.1	31268.6	27708.8
C13	12109.5	0.599205	79517.1	31268.6	27708.8
Si28	26053.2	0.140687	58040.8	12791.9	12791
O16	14895.1	0.189288	75711.5	24550	24549.7
O16	14895.1	0.213245	71108.4	21536.9	21536.5
O16	14895.1	0.238994	90530.8	39819.8	39819.2
Si28	26053.2	0.158301	77702.7	28664.8	28664
O16	14895.1	0.235687	61576.2	16348.7	16347.2
O16	14895.1	0.359799	74413.1	28250.1	28249.7
O16	14895.1	0.481904	62056.5	17991	17990.5
O16	14895.1	0.95644	79887.2	32728.3	32727.2
Si28	26053.2	0.134393	50105.8	12443.1	12441.8
Mg25	23268	0.297653	32454	809.209	807.873
O16	14895.1	1.56505	81008.6	31133.2	31131.6
O16	14895.1	0.784462	71899.6	25230.3	25228.7
Mg24	22335.8	0.222435	56305.5	13976.7	13976.3
Mg24	22335.8	0.218784	86412.7	36901.2	36900.9
O16	14895.1	0.272316	47394	10022.3	10021.7
Mg24	22335.8	0.144708	99477	45621.5	45621
O16	14895.1	0.191231	87166.2	37135.2	37134.6
O16	14895.1	1.62256	75670.2	30277.1	30275.4
Mg24	22335.8	0.160571	46646	8026.77	8026.3
O16	14895.1	0.365514	44094	6431.22	6429.96
Fe56	52089.8	0.068338	79383.7	23746	23745.8
Si28	26053.2	0.184552	56439.8	8162.41	8161.6
O16	14895.1	0.326343	47440.2	1386.9	1386.28
Si28	26053.2	0.254668	50621.9	8758.36	8757.76
O16	14895.1	1.02822	50095.6	7898.94	7897.6
Fe56	52089.8	0.0615764	45127.6	4529.58	4528.56
O16	14895.1	0.276993	93811.2	42658.2	42656.8
Si28	26053.2	0.150069	89273.5	39047.9	39047.2
O16	14895.1	0.219248	43735.7	9241.91	9241.64
neutron	939.565	1016.58	86397.4	36809.7	31341.5
neutron	939.565	21.2459	86397.4	36809.7	31341.5
alpha	3727.38	13.6519	86397.4	36809.7	31341.5
alpha	3727.38	1.62777	86397.4	36809.7	31341.5
O16	14895.1	0.307762	55340	9585.28	9584.13
O16	14895.1	0.274585	49239.2	3390	3389.2
Si28	26053.2	0.177998	99109.3	45892.8	45892.6
O16	14895.1	0.205655	82681.1	33841.8	33841
Mg24	22335.8	0.2469	90294.1	39429.6	39429.3
Fe54	50231.2	0.0808836	50913.8	12525.8	12523.9
O16	14895.1	0.248711	97496.2	44369.6	44369.3
Si28	26053.2	0.114303	86411.2	36996.2	36995.8
Mg24	22335.8	0.223972	84753.2	35882.6	35881.7
O16	14895.1	0.347283	66676.4	23907.1	23906.4
O16	14895.1	0.220928	42799.8	6149.49	6149.23
O16	14895.1	0.275576	99165	45696.3	45695.1
O16	14895.1	0.3449	57184.5	16088	16087.5
O16	14895.1	1.40502	59006.6	18629.1	18627.2
O16	14895.1	0.430309	93469.9	42077.1	42076.6
Mg24	22335.8	0.234799	89114.1	39385.8	39385.1
O16	14895.1	0.340265	81721	33325	33324.5
Si28	26053.2	0.165931	50219.9	11214.7	11214.4
Si28	26053.2	0.183302	49553.8	10802.4	10802
C13	12109.5	0.718836	93018.9	39113.8	37371.2
Mg25	23268	0.138798	76506.9	26158.9	26158.5
O16	14895.1	0.211959	60012.8	14908.3	14907.7
Mg24	22335.8	0.131837	51490.8	9368.41	9367.76
Mg24	22335.8	0.242419	87506.4	37789.8	37789.3
O16	14895.1	1.12191	51700.8	9031.44	9030.15
O16	14895.1	0.216821	48764.4	7168.9	7168.25
Si28	26053.2	0.130374	85665.9	31070.2	31069.9
Si28	26053.2	0.789847	79979.9	27370.9	27370.1
Fe56	52089.8	0.0542	75885	24830.1	24829.9
O16	14895.1	0.329828	67762.5	19549.8	19549
Si28	26053.2	0.119951	45350.9	3059.34	3059.14
O16	14895.1	0.266133	89672.7	39036.3	39035
O16	14895.1	0.326874	78387.8	29824.3	29823.9
Si28	26053.2	0.891542	57755.7	15961.2	15959.7
Mg24	22335.8	0.234773	36455.9	1375.71	1375.46
O16	14895.1	0.195282	63370.5	19456.5	19456.2
O16	14895.1	0.197818	49624.3	10530.4	10529.8
O16	14895.1	0.51457	43922.3	7053.67	7052.84
Fe56	52089.8	0.0910569	43296.6	6470.94	6470.79
Si28	26053.2	0.166722	69137.6	24170.8	24170.4
Si28	26053.2	0.206715	54331.3	4733.08	4732.31
Si28	26053.2	0.21179	91999.1	40774.7	40774.5
O16	14895.1	0.577085	71866	22502.4	22501.8
Si28	26053.2	0.486183	68213.9	20041.9	20041.3
Mg24	22335.8	0.133702	51011.8	7979.64	7979.32
Mg24	22335.8	0.202773	68725	17666	17665.8
Fe56	52089.8	0.0700766	64396.8	22636.5	22635.8
O16	14895.1	0.353168	96052.4	43902.8	43902
Mg26	24196.5	0.123162	84444.3	35568.3	35567.6
O16	14895.1	0.663494	63951.6	20029.1	20028.4
O16	14895.1	0.435307	41286.3	5304.08	5303.52
Si28	26053.2	0.249284	38058.9	2632.51	2632.1
Si28	26053.2	1.3936	74973.7	26820.4	26818.4
O16	14895.1	0.296171	67810	21755	21754
Mg24	22335.8	0.204277	65513.6	20364.4	20363.9
Mg24	22335.8	0.126229	65339.2	20196.1	20195.7
neutron	939.565	69.7924	52986.7	11914.3	10790
neutron	939.565	55.5761	52986.7	11914.3	10790
neutron	939.565	44.0824	52986.7	11914.3	10790
neutron	939.565	43.9452	52986.7	11914.3	10790
neutron	939.565	6.01306	52986.7	11914.3	10790
neutron	939.565	2.36697	52986.7	11914.3	10790
alpha	3727.38	18.5651	52986.7	11914.3	10790
Fe54	50231.2	0.0710696	84693.8	30830.5	30830.4
Mg24	22335.8	0.135178	87391.2	35672	35671.8
Si28	26053.2	0.122007	50850	10885.6	10885.3
Mg24	22335.8	0.245649	83556.2	34616.1	34615.5
Mg24	22335.8	0.221768	45476.5	8079.59	8079.18
Si28	26053.2	0.119684	37287.6	2798.76	2798.25
Mg24	22335.8	0.134703	33610.1	1078.55	1078.25
O16	14895.1	0.28056	94077	42710.8	42709.4
O16	14895.1	0.271327	33713.3	2791.09	2790.79
neutron	939.565	932.601	93229.9	41196.2	38670.4
N14	13040.2	0.681956	93229.9	41196.2	38670.4
O16	14895.1	0.222794	41582.7	887.354	886.938
neutron	939.565	108.21	79891.4	32259.2	31601.6
neutron	939.565	64.5926	79891.4	32259.2	31601.6
neutron	939.565	11.4383	79891.4	32259.2	31601.6
alpha	3727.38	1.13612	79891.4	32259.2	31601.6
alpha	3727.38	2.28977	79891.4	32259.2	31601.6
Si28	26053.2	0.365901	87082.3	37426.6	37425.5
O16	14895.1	0.733262	71984.6	27151	27150.3
Si28	26053.2	0.16057	39117	4986.31	4986.07
Si28	26053.2	0.338159	37165.7	3658.06	3657.63
Mg24	22335.8	0.577721	32568.6	690.802	689.905
Si28	26053.2	0.182501	70738.2	22667.9	22667.3
O16	14895.1	0.238981	46417	4086.75	4086.42
O16	14895.1	0.209391	73131.1	28224.6	28224
O16	14895.1	0.234673	97308.3	44737.2	44736.9
O16	14895.1	0.556082	82222.5	34597.1	34596.1
neutron	939.565	172.486	80286.8	33177.6	32610.5
C13	12109.5	0.550834	80286.8	33177.6	32610.5
Si28	26053.2	0.162926	51378.7	12423.3	12422.7
Si28	26053.2	0.331486	83824.4	34609.2	34608.9
O16	14895.1	0.275823	47079.6	8188.05	8187.48
Si28	26053.2	0.169469	42867.7	5215.9	5215.52
Si28	26053.2	0.13032	84915.5	35181.3	35180.7
Si28	26053.2	0.179275	67473.4	20900.9	20900.1
Si28	26053.2	0.142223	52569.6	11568.4	11568.2
N14	13040.2	0.49929	40622	3774.81	2812.89
Mg24	22335.8	0.132022	62133.1	20041.1	20040.3
Si28	26053.2	0.179612	61802.5	19841.5	19841.2
O16	14895.1	0.499815	37237.5	3645.44	3644.44
Si28	26053.2	0.149333	49027.9	9140.05	9139.69
O16	14895.1	0.356225	47268.3	8060.16	8059.61
Si28	26053.2	0.165274	41770.9	4735.08	4734.75
neutron	939.565	72.8979	98747.2	44472.5	44077.3
C12	11174.9	1.57222	98747.2	44472.5	44077.3
Si28	26053.2	0.365246	87448.8	37150.3	37149.6
Si28	26053.2	0.402451	67622.7	20662.8	20662.3
Si28	26053.2	1.84174	96527.2	44092.3	44090.4
Si28	26053.2	0.390326	98746.5	45667.1	45666.1
O16	14895.1	0.315795	88611.3	38798.1	38797
Mg24	22335.8	0.16423	79402.5	31958.5	31957.6
O16	14895.1	0.267095	60680	17366.2	17365.8
Si28	26053.2	0.153447	48212.9	9417.29	9417.04
Si28	26053.2	0.165092	47822.3	9089.54	9089.28
neutron	939.565	388.642	40285	4408.99	3613.28
C14	13040.9	0.859846	40285	4408.99	3613.28
Mg26	24196.5	0.490236	85608.3	32566.3	32564.7
Fe56	52089.8	0.0588518	81999.7	30073.2	30073.1
Mg24	22335.8	0.16999	99628.4	46210.9	46210.7
Mg24	22335.8	0.337967	63113.2	7187.66	7185.92
O16	14895.1	0.467403	82152.6	31488.9	31488.4
Mg24	22335.8	0.307315	95705.5	43267.1	43266.8
O16	14895.1	0.330185	84697.6	25084.6	25084
Fe56	52089.8	0.0779384	62044.6	9403.14	9402.93
O16	14895.1	0.803129	48997.4	1122.16	1121.27
O16	14895.1	0.294571	91791.4	40836.8	40836.3
Si30	27913.2	0.127116	82929.8	35111.7	35111.3
Mg25	23268	0.282224	40545.7	7885.22	7884.75
Mg25	23268	0.307504	85294.1	36967.5	36966.1
Mg24	22335.8	0.735811	98864.7	45766.8	45766
O16	14895.1	1.13247	87695	38823.9	38822.7
Mg24	22335.8	0.695007	67247.4	24134	24133
O16	14895.1	0.354399	66676.2	23702.3	23701.3
O16	14895.1	0.272165	66541.5	19382	19381.3
O16	14895.1	0.209457	54028.2	11153.4	11152.6
Si28	26053.2	0.116102	49351.3	10478	10477.4
O16	14895.1	0.224392	53156.2	13001.1	13000.7
Si28	26053.2	0.150153	63546	19922.4	19922.1
O16	14895.1	0.359939	35594	2336.09	2335.28
O16	14895.1	0.320974	99432.3	46069.5	46068.7
O16	14895.1	0.196876	66122.6	8537.21	8536.78
Si28	26053.2	1.25631	92448.9	41540.6	41539.3
O16	14895.1	0.253599	61761.9	13805.5	13805
Mg26	24196.5	0.192506	99071.4	45374.7	45374
O16	14895.1	0.682338	82951.5	34026.5	34024.7
O16	14895.1	0.205159	81629.6	34553.6	34553.2
O16	14895.1	0.205848	76947.8	31738.6	31738.3
Mg24	22335.8	0.136808	68141.1	21935.1	21934.5
Si29	26984.3	0.470776	97859.3	44890.5	44889.6
O16	14895.1	0.725489	91250.5	39336.6	39335.7
O16	14895.1	0.316262	40420.6	4594.74	4594.38
O16	14895.1	0.728437	99715.4	46193.3	46192.4
O16	14895.1	0.363079	82309.3	34853.1	34852.4
O16	14895.1	0.545767	69290.4	26109.7	26109
neutron	939.565	299.007	52814.4	13055	12238.2
neutron	939.565	117.052	52814.4	13055	12238.2
alpha	3727.38	3.23083	52814.4	13055	12238.2
O16	14895.1	2.11079	52814.4	13055	12238.2
O16	14895.1	1.01901	87067.3	37122	37120.8
O16	14895.1	0.560209	75456.8	29523.6	29522.1
Si28	26053.2	0.251865	73234.9	28177	28176.6
O16	14895.1	0.284833	43657	3764.32	3764.02
Fe56	52089.8	0.113493	87021.6	37512.2	37511.3
Si28	26053.2	0.150278	70119.9	26139.9	26139.5
Si28	26053.2	0.173747	84871	35485	35484.6
O16	14895.1	0.262653	79211.8	31622	31621.2
O16	14895.1	0.265881	95214.7	39141.9	39141.5
O16	14895.1	0.675644	40811	5631.94	5631.25
O16	14895.1	0.283878	38307	4107.84	4107.52
Fe56	52089.8	0.0717209	71055.6	23643.1	23643
neutron	939.565	215.604	71058.1	27247	26852.6
neutron	939.565	91.0322	71058.1	27247	26852.6
neutron	939.565	4.08736	71058.1	27247	26852.6
B10	9324.44	1.63278	71058.1	27247	26852.6
Si28	26053.2	0.122108	71330.1	24774.6	24774.3
O16	14895.1	0.854102	88021.7	37576.7	37575.4
O16	14895.1	0.293233	77492.2	31135.1	31134.8
O16	14895.1	0.358432	61464.2	4381.59	4381.18
O16	14895.1	0.712126	70931.8	19909.1	19907.3
O16	14895.1	0.191673	54509.5	8633.31	8632.11
O16	14895.1	0.499568	98563.3	45486.8	45485.7
Mg24	22335.8	0.149274	95673.7	43566.7	43566.5
O16	14895.1	0.51741	34563.2	1065.13	1062.97
Mg24	22335.8	0.153372	97675.7	44508.6	44507.9
O16	14895.1	0.455865	96143.8	44112.4	44110.5
neutron	939.565	425.529	72971.5	22237.3	21583.9
C13	12109.5	0.50428	72971.5	22237.3	21583.9
Mg24	22335.8	0.162227	99505.5	46105.2	46104.8
Mg24	22335.8	0.182646	36559.1	3964.33	3963.77
Mg24	22335.8	0.799081	70275.7	25360.1	25359.2
O16	14895.1	0.19763	39802.2	4637.18	4636.79
O16	14895.1	0.606085	36751.8	2692.22	2691.38
neutron	939.565	20.4166	74738.6	24969.5	24730.6
neutron	939.565	2.0894	74738.6	24969.5	24730.6
alpha	3727.38	17.9962	74738.6	24969.5	24730.6
alpha	3727.38	5.79917	74738.6	24969.5	24730.6
alpha	3727.38	0.976724	74738.6	24969.5	24730.6
neutron	939.565	291.939	64610.8	17820.3	17222.8
neutron	939.565	244.071	64610.8	17820.3	17222.8
C12	11174.9	0.554734	64610.8	17820.3	17222.8
Fe56	52089.8	0.0675522	66416.2	19992.3	19992.2
Mg24	22335.8	0.174995	61144.4	16270.8	16270.6
O16	14895.1	0.207295	96913.6	44521.4	44520.9
O16	14895.1	0.19198	55525.1	5223.11	5221.93
Mg24	22335.8	0.212473	58382.3	19361.3	19360.8
O16	14895.1	0.275401	71041	24146.2	24145.7
Si28	26053.2	0.318202	66807.6	21225.9	21225.1
Mg25	23268	2.82583	65672.4	19856.5	19852.5
Mg24	22335.8	0.225513	58846.2	14144.2	14143.9
O16	14895.1	0.567693	57338	13256.2	13255.3
Si28	26053.2	0.199723	94517.1	42888.8	42888.4
O16	14895.1	0.587781	67331	24837.9	24836.4
O16	14895.1	0.27138	47856.4	6969.18	6968.87
O16	14895.1	0.615673	91035.3	40208	40206.6
O16	14895.1	1.2437	90368.2	39838.1	39835.4
O16	14895.1	0.205215	74693.4	30076.5	30076.3
Si28	26053.2	0.116809	54483.3	15817.3	15817
O16	14895.1	0.609987	97258.7	44782.9	44782.2
Mg24	22335.8	0.366458	79642.3	31601.4	31600.6
Mg25	23268	0.291174	61092.4	18659.9	18659.2
Si28	26053.2	0.17897	61438	17213.8	17213.2
Si28	26053.2	0.111974	56390.5	11967.3	11966.9
Fe56	52089.8	0.0780907	84660.7	33822.7	33822.1
Si28	26053.2	0.311623	50682.6	9683.73	9683.05
O16	14895.1	0.531411	45688.9	6281.89	6281.33
neutron	939.565	424.542	86430.3	36256.9	35623.9
neutron	939.565	164.668	86430.3	36256.9	35623.9
C12	11174.9	1.43363	86430.3	36256.9	35623.9
O16	14895.1	0.239475	38430.1	3470.85	3470.26
Si28	26053.2	0.708653	94072.4	42073.3	42071.9
Mg24	22335.8	0.482082	77790.6	32022.1	32020.9
Fe56	52089.8	0.0621278	65557.5	23521.8	23520.9
O16	14895.1	1.54338	93235.1	41944.6	41942.1
Si28	26053.2	0.17561	47845.7	10802.6	10801.9
Mg26	24196.5	0.139366	97668.6	44910.1	44909.7
Si28	26053.2	0.191166	97000.4	44499.3	44499
O16	14895.1	0.216101	67677.8	25471.6	25471
O16	14895.1	0.297607	57648.6	16240.3	16240
O16	14895.1	0.412634	53741.4	13261.3	13260.9
O16	14895.1	0.909098	44626.7	6478.26	6477.32
O16	14895.1	0.252363	50926.6	10052.9	10052.5
O16	14895.1	0.612992	66967.4	23372.7	23372
Mg26	24196.5	0.385311	86481.2	36538.1	36537.4
O16	14895.1	0.424583	74428.4	23314	23312.2
Si28	26053.2	0.536472	70677.1	19066.2	19065.4
Mg24	22335.8	0.165423	43697.7	1138.03	1137.2
Si28	26053.2	0.159606	98550.4	44658.5	44656.5
Mg24	22335.8	0.137143	85270.2	35583.2	35582.9
Mg24	22335.8	0.137907	74411	28573.5	28572.5
O16	14895.1	0.439592	44566.4	8508.07	8507.4
O16	14895.1	0.603208	69780.8	21425.6	21424.8
O16	14895.1	0.197401	49442	8658.54	8658.27
Si28	26053.2	0.108938	91131.9	39849.2	39847.6
O16	14895.1	0.250968	80794.3	31606	31605.2
Mg24	22335.8	0.241574	62399.6	17671	17670.6
Si28	26053.2	0.158882	56411.7	8680.9	8680.67
Mg24	22335.8	0.18366	84173.5	35208.3	35208
O16	14895.1	0.232519	94663	41487.1	41486.4
Mg24	22335.8	0.409052	90563.2	38994.9	38993.5
Si28	26053.2	0.24483	66960.9	21860	21859.4
O16	14895.1	0.436859	54608.7	13887.6	13887
Mg24	22335.8	0.306722	45042.2	7927.61	7926.46
O16	14895.1	0.834196	40661.5	4144.88	4143.76
Mg24	22335.8	0.136686	35793.5	896.952	896.734
Mg24	22335.8	0.253417	92942.8	40917.7	40917.1
neutron	939.565	3684.69	65558	20768.5	13153.3
alpha	3727.38	4.28712	65558	20768.5	13153.3
C11	10254	3.46998	65558	20768.5	13153.3
Si28	26053.2	0.122197	80653.5	33260.7	33260.4
O16	14895.1	0.248814	66556.1	22967.3	22966.2
O16	14895.1	0.379437	41071.3	5089.36	5088.52
O16	14895.1	0.25446	48243.3	6685.34	6685.07
O16	14895.1	0.277273	70573	25744	25743.6
Mg24	22335.8	0.726377	99214.7	30245.3	30243.6
Mg25	23268	0.252043	65327.5	6808.29	6807.15
O16	14895.1	0.553101	86859.1	36346.1	36344.9
Mg24	22335.8	0.143787	70792.8	21429	21428.4
Si28	26053.2	0.14726	73175.3	26787.4	26787
neutron	939.565	1.55021	95657.2	43015.8	41546.1
N14	13040.2	0.146826	95657.2	43015.8	41546.1
Si28	26053.2	0.265261	87036.4	37579.5	37579.2
O16	14895.1	1.01186	84033.7	35538.1	35537
Si28	26053.2	0.143149	61209	19969.2	19968.7
O16	14895.1	0.25965	95755.7	43637.5	43637.2
Fe56	52089.8	0.0550779	82688.2	33758.3	33758.2
Fe56	52089.8	0.0873044	93897.9	41367.4	41366.5
Mg24	22335.8	0.353831	92050.1	40293.8	40293.2
O16	14895.1	1.81914	91490.8	39007.1	39005.2
O16	14895.1	0.462667	90792.5	38382.4	38381.9
O16	14895.1	0.594482	57464.3	14766.3	14765.5
O16	14895.1	0.379949	75849.3	29901.6	29901
Mg24	22335.8	0.651053	88687.7	36067.7	36065.9
O16	14895.1	0.241078	64921.9	19921.1	19920.8
O16	14895.1	1.23082	59857.6	16799.7	16798.3
Mg24	22335.8	0.511407	91550.7	41096.4	41095.6
Mg24	22335.8	0.577664	71127.2	24990	24988.7
O16	14895.1	0.330568	53637.5	12082.7	12082.4
O16	14895.1	0.542996	41491.6	5030.91	5030.14
O16	14895.1	0.30631	97144.7	44455.4	44455
O16	14895.1	0.29727	33058.4	522.401	522.033
Si28	26053.2	0.134637	93209.6	41322.1	41321.7
Mg24	22335.8	0.529637	83454.6	33973.5	33972.3
Mg26	24196.5	0.134111	83074.7	33721.9	33721.7
Si28	26053.2	0.492473	57001.2	10398.3	10397.6
C13	12109.5	1.24905	69446.9	21544.1	20051.1
Mg24	22335.8	0.13656	46951.2	2753.96	2753.15
O16	14895.1	0.25914	56753.3	16094.9	16094.6
O16	14895.1	0.526054	95773.1	43539.7	43539.2
Si28	26053.2	0.108875	58416.8	17100.1	17099.5
Si28	26053.2	0.240876	50876.8	6284.09	6283.42
O16	14895.1	1.45297	96664.6	44433.8	44431.5
O16	14895.1	0.190093	29402.7	586.992	585.179
O16	14895.1	0.234051	82456.3	34048.9	34048.2
O16	14895.1	0.318459	56681.1	15444.9	15444.2
Si28	26053.2	0.151461	49547.2	10644.6	10643.7
Fe56	52089.8	0.206149	48821	10220.4	10219.1
neutron	939.565	174.135	99592.7	46181.5	45533.5
neutron	939.565	163.374	99592.7	46181.5	45533.5
Cr52	48370	0.56411	99592.7	46181.5	45533.5
O16	14895.1	0.420217	50410.1	12853.9	12853.3
O16	14895.1	0.610604	46836.8	10598.6	10597.7
O16	14895.1	0.210041	43143	8320.76	8320.51
Si28	26053.2	0.325582	98625.9	45386.2	45385.5
Si28	26053.2	0.137167	75728.6	30463.7	30463.1
neutron	939.565	942.104	52632.8	13216.3	12120.2
C13	12109.5	2.30096	52632.8	13216.3	12120.2
O16	14895.1	0.384745	61259.6	17863.2	17862.4
Mg24	22335.8	0.135944	53191.8	10762.2	10761.4
O16	14895.1	0.386356	61255.2	19281.8	19281.4
O16	14895.1	0.654299	51820.4	12860.5	12859.1
Si28	26053.2	0.248542	47367.5	10017	10016.6
O16	14895.1	0.227873	93272.3	41126.6	41126.4
Mg24	22335.8	0.131112	45731.2	7341.1	7340.74
O16	14895.1	0.204772	71972.5	26536.2	26534.3
O16	14895.1	0.223704	80499.7	29608.3	29607.2
Mg24	22335.8	0.229064	51987.9	7818.02	7817.49
Fe56	52089.8	0.0698353	60998.1	19736	19735.7
Mg25	23268	0.217651	47714.5	9702.77	9702.26
neutron	939.565	361.253	81934.1	34603.4	33807.7
neutron	939.565	200.779	81934.1	34603.4	33807.7
neutron	939.565	156.176	81934.1	34603.4	33807.7
C11	10254	6.67912	81934.1	34603.4	33807.7
Si28	26053.2	0.134798	82075.3	31366.8	31366.6
O16	14895.1	0.351421	50633.9	9923.44	9923.08
O16	14895.1	0.238258	99387.9	45187.8	45187.5
O16	14895.1	0.221215	68404.8	21645.2	21644.3
O16	14895.1	0.237737	95088.1	43399.2	43398.3
O16	14895.1	0.206979	87969.2	37795	37794.7
O16	14895.1	0.485664	53283.8	14622.8	14622.2
O16	14895.1	0.264061	44966.8	7165.08	7164.36
O16	14895.1	1.2566	73981.4	19321.4	19320.1
Mg24	22335.8	0.286968	99168.7	45737.1	45736
Mg24	22335.8	1.20859	70725.6	27299.7	27297.7
Si28	26053.2	0.146389	69368.1	26446.4	26445
O16	14895.1	0.234912	59169.4	18146.2	18145.9
Mg24	22335.8	1.38606	77720.2	27938.8	27937
neutron	939.565	205.141	67676.4	20038.7	19561.3
neutron	939.565	99.1762	67676.4	20038.7	19561.3
neutron	939.565	10.731	67676.4	20038.7	19561.3
alpha	3727.38	12.4538	67676.4	20038.7	19561.3
Li6	5601.52	10.8487	67676.4	20038.7	19561.3
Si28	26053.2	0.167996	50088.5	3928.36	3927.74
Si28	26053.2	0.173129	48909.6	3185.29	3185.06
O16	14895.1	0.687079	97675.3	44840.1	44839.4
neutron	939.565	267.69	88327.2	36534.4	36151.8
neutron	939.565	19.3516	88327.2	36534.4	36151.8
neutron	939.565	4.2394	88327.2	36534.4	36151.8
Be8	7454.85	2.01572	88327.2	36534.4	36151.8
O16	14895.1	0.220294	74028.5	20993.7	20992.7
O16	14895.1	0.231808	54866.1	7766.1	7764.82
O16	14895.1	0.653068	54103.6	7292.68	7291.49
Mg24	22335.8	0.144148	51243	11269.2	11269
Si28	26053.2	0.115893	36892.2	3689.88	3689.76
Si28	26053.2	0.110642	80151.6	31155.7	31155.5
Mg24	22335.8	0.13715	75634.6	25998.2	25998
O16	14895.1	1.10866	62065.2	10137.6	10136.4
O16	14895.1	0.409166	99586.9	45896.6	45896.1
Si28	26053.2	0.135321	69422.8	22042.8	22042.4
O16	14895.1	0.7436	77933.3	19359.5	19358.3
Fe56	52089.8	0.149779	71422.9	25643.7	25643.5
O16	14895.1	0.303718	64987.6	19426.9	19426.3
Si28	26053.2	0.134778	83357.3	34849.8	34849.3
neutron	939.565	110.55	54554.7	14452.6	13571.6
neutron	939.565	20.1575	54554.7	14452.6	13571.6
neutron	939.565	15.7927	54554.7	14452.6	13571.6
neutron	939.565	8.53552	54554.7	14452.6	13571.6
neutron	939.565	6.51347	54554.7	14452.6	13571.6
neutron	939.565	4.52236	54554.7	14452.6	13571.6
neutron	939.565	4.09512	54554.7	14452.6	13571.6
neutron	939.565	3.07982	54554.7	14452.6	13571.6
alpha	3727.38	13.1463	54554.7	14452.6	13571.6
C11	10254	1.92126	54554.7	14452.6	13571.6
Fe56	52089.8	0.293012	47066.1	4844.51	4844.14
O16	14895.1	1.71457	80516.9	33471.5	33469.6
O16	14895.1	0.34947	39785.1	2858.57	2856.84
O16	14895.1	0.597194	85619.2	20827.7	20826.5
O16	14895.1	0.384763	72427.9	26660.7	26659.9
Mg24	22335.8	0.189148	84973	35340.2	35339.1
Mg25	23268	0.163662	67818.5	22687.9	22687.7
Mg25	23268	0.173503	81416.1	32744.7	32744.3
Si28	26053.2	0.288782	67600.6	22945.9	22945.2
O16	14895.1	0.371857	97764.2	44966.4	44965.4
O16	14895.1	0.197609	84222.2	34676.3	34675.7
Mg24	22335.8	0.155127	83368.8	34197.5	34196.8
Mg24	22335.8	0.192547	69508	24803.5	24802.8
O16	14895.1	0.232609	51310.5	11533.5	11532.7
Ne22	20479.7	1.61183	47472.5	8300.49	7581.18
O16	14895.1	0.423176	85767.4	21139.5	21139.1
O16	14895.1	0.750915	93218.9	41994.8	41993.8
Si28	26053.2	0.113852	64618.7	13125.1	13124.7
O16	14895.1	0.295815	68832.7	23488.1	23487.6
O16	14895.1	0.355924	46365.9	8273.66	8273.13
Mg25	23268	0.308302	78839.8	32003.1	32002.8
Mg24	22335.8	0.933468	97939	44823.2	44821.2
Si28	26053.2	0.127641	71603.3	23903.1	23903
O16	14895.1	0.665922	50475.8	7698.12	7696.83
Mg24	22335.8	0.130156	48547.4	8570.28	8569.42
O16	14895.1	0.352529	44698.6	5908.52	5907.7
O16	14895.1	0.234116	35611.9	555.286	554.739
O16	14895.1	0.283262	77731.6	29428.3	29427.8
Mg25	23268	0.234498	68449.3	20867.5	20867.2
O16	14895.1	0.806533	66722.7	19787.3	19786.3
O16	14895.1	0.192753	59691.9	14839.2	14838.7
Mg24	22335.8	0.23717	30719.4	128.502	127.917
O16	14895.1	0.929202	82941.7	35426.1	35425
O16	14895.1	0.282499	43636.3	8425.29	8424.77
O16	14895.1	0.250803	85710.3	36918.9	36918.5
O16	14895.1	1.00003	62252.6	13596.4	13595.3
O16	14895.1	0.227474	75852.1	29290	29289.7
O16	14895.1	0.708343	91555.6	40419.8	40418.1
Si28	26053.2	0.374615	84186.6	35530.6	35530.1
Mg24	22335.8	0.250784	85995.4	34862.1	34861.6
O16	14895.1	0.189404	45051.7	3196.97	3196.25
Si28	26053.2	0.162295	87198	25049.8	25048.2
O16	14895.1	0.553813	74842.3	15048.5	15047
O16	14895.1	0.21129	74388.3	14784.4	14784
Si28	26053.2	0.109387	61535.4	6156.57	6156.32
Si28	26053.2	0.162067	88781.5	38005.9	38005.4
O16	14895.1	0.587257	67502.8	19652	19651
O16	14895.1	0.843482	66693	19194.2	19193.3
Si28	26053.2	0.110417	56121.3	11021	11020.8
Si28	26053.2	0.212243	51448.7	8574.11	8573.52
O16	14895.1	0.323497	53977.8	6242.11	6241.7
Mg24	22335.8	0.214768	44551.9	7612.51	7612.1
Si28	26053.2	0.226811	59519.6	15560.2	15559.7
Mg24	22335.8	0.395914	97016.5	44132.5	44131.7
O16	14895.1	0.189449	63492.5	18952.9	18952.5
Si28	26053.2	0.124864	49347.1	9267.87	9267.74
neutron	939.565	741.51	88824.4	35626.9	31722.8
C13	12109.5	0.781655	88824.4	35626.9	31722.8
O16	14895.1	0.202901	73857	18944.1	18943.6
Mg24	22335.8	0.418702	91173.1	39676	39675.3
O16	14895.1	0.352976	70323.1	27193.2	27192.6
O16	14895.1	0.263809	64370.6	22532.8	22532.3
Si28	26053.2	0.12607	49656.8	4743.96	4743.75
O16	14895.1	0.2888	82907.2	31100.8	31100.5
O16	14895.1	0.235614	43088.3	3163.1	3162.84
Mg24	22335.8	0.135608	39990	1138.41	1138.08
O16	14895.1	0.458384	94576.7	42774.1	42773.6
O16	14895.1	0.497493	72530.2	27225.9	27224.9
O16	14895.1	0.200168	63750.6	21818.5	21817.8
O16	14895.1	0.544446	96334.1	43457.4	43455.6
O16	14895.1	0.647369	73660	28061.6	28060.7
Si28	26053.2	0.309346	44157.9	6408.56	6407.77
Fe56	52089.8	0.117948	90670.2	39755.7	39755.4
Mg24	22335.8	0.422882	84139	35568.4	35567.9
O18	16762	0.524289	93960.4	41523.3	41521.8
O16	14895.1	0.222618	82164.2	31137.1	31136.7
Si28	26053.2	0.231935	78982.8	28504.2	28503.9
neutron	939.565	1118.63	41505	2903.65	1189
neutron	939.565	24.5487	41505	2903.65	1189
C12	11174.9	7.2847	41505	2903.65	1189
O16	14895.1	0.394143	36396.3	1370.75	1369.95
O16	14895.1	0.198593	81679.7	32759.6	32759.3
Mg24	22335.8	0.23724	45810.4	8661.61	8661.28
O16	14895.1	0.91251	93107	42123.9	42122.5
O16	14895.1	0.935506	47326.5	9792.14	9791.05
O16	14895.1	1.08029	43197.4	7218.14	7216.82
Si28	26053.2	0.121523	98006.7	45141.7	45141.5
O16	14895.1	2.569	80045.7	32893.5	32890.8
Si28	26053.2	0.112102	68685.1	25287.3	25286.7
O16	14895.1	0.368336	65934.5	23525.2	23524.8
O16	14895.1	0.612645	30715.7	594.289	593.129
O16	14895.1	0.21052	93094.5	41336.2	41335.8
O16	14895.1	0.327582	75339.4	29270.9	29270.5
O16	14895.1	0.194405	84407.5	30396	30395.7
Mg24	22335.8	0.577023	61213.8	10799.2	10798.6
Si30	27913.2	0.21182	51785.1	4835.47	4835.18
O16	14895.1	0.225657	60020.8	11696.4	11696.1
Mg24	22335.8	0.319301	99516.8	46137.1	46136.7
Mg24	22335.8	0.17032	80736.2	33607.8	33607.4
O16	14895.1	0.24293	63088.4	20751.9	20751.6
Mg25	23268	0.217792	87331	36758.1	36757.5
O16	14895.1	1.76731	55664.8	15264.7	15262.9
O16	14895.1	0.219315	92478.4	38496.3	38496
Si28	26053.2	0.108837	68550.9	21787.4	21787.1
O16	14895.1	0.282502	62153.1	16314.4	16313.3
Si28	26053.2	0.208223	33775.9	957.98	957.528
Fe56	52089.8	0.0723715	70281	25543	25542.3
O16	14895.1	0.198495	99172.5	45775.3	45774.8
Si28	26053.2	0.167771	79033.6	31612.1	31611.6
Mg24	22335.8	0.805196	67353.4	22394.7	22393.4
O16	14895.1	1.64988	86253.9	36142.2	36139.7
O16	14895.1	0.583645	54252.6	10910.8	10910
Si28	26053.2	0.125441	41600.3	1225.59	1225.38
O16	14895.1	0.454076	74781.7	27024	27022.7
O16	14895.1	1.23893	96754.2	43734.1	43731.6
Si28	26053.2	0.286224	60630.6	20030.9	20030.6
Si28	26053.2	0.136623	61341.4	19768.3	19768.1
Si28	26053.2	0.141254	44484.1	8122.99	8122.58
O16	14895.1	0.217597	84478.5	30502.7	30502.1
Si28	26053.2	0.12419	84047.2	30258.9	30258.1
Mg25	23268	0.232841	80674.7	32908.4	32907.8
Si28	26053.2	0.116722	71673.7	22605.9	22605.6
O16	14895.1	0.615957	68678.6	20499.8	20498.3
O16	14895.1	0.632397	45176.9	4389.95	4388.98
neutron	939.565	96.5582	43498.1	3416.59	3210.65
neutron	939.565	49.4395	43498.1	3416.59	3210.65
alpha	3727.38	2.47041	43498.1	3416.59	3210.65
Be8	7454.85	5.50822	43498.1	3416.59	3210.65
Mg24	22335.8	0.126285	95919.2	43921.9	43921.8
O16	14895.1	0.344485	93080.5	41521.9	41521.6
O16	14895.1	0.241642	81854.5	32555.1	32554.4
Si28	26053.2	0.595849	45569.2	3918.23	3917.55
O16	14895.1	0.260098	81196.5	33154.3	33153.7
O16	14895.1	0.66498	97477.2	44677.7	44676
O16	14895.1	0.721167	69695.9	24355.7	24354.7
O16	14895.1	0.245937	62870.6	19278.3	19278
O16	14895.1	0.228631	47689.1	7128.28	7127.78
Si28	26053.2	0.172095	99815.2	46312.6	46312.3
Mg24	22335.8	0.194923	96180.2	43525.1	43524
Si28	26053.2	0.321149	72874.2	21908.2	21907.7
Si28	26053.2	0.124329	69797.8	19844.6	19844.1
Si28	26053.2	0.204541	69544.9	19651.8	19651.1
Mg24	22335.8	0.26108	48077.5	4492.69	4492.07
Mg26	24196.5	0.171506	46406.7	3335.03	3334.21
O16	14895.1	0.194932	88080.6	38100.4	38099.8
O16	14895.1	0.433763	43472	9350.64	9349.46
O16	14895.1	0.359417	37111.4	5055.92	5055.32
O16	14895.1	1.06363	74305.1	25762.5	25761.2
Mg24	22335.8	0.252345	51041.5	9788.71	9788.39
Mg24	22335.8	0.128625	72042.3	26088	26087.9
Mg25	23268	0.408562	37294.3	547.803	547.298
O16	14895.1	0.319675	78157.2	26003.8	26002.7
Si28	26053.2	0.143878	56981.2	4875.41	4875.11
O16	14895.1	0.20722	65109.5	15591.1	15590.7
Si28	26053.2	0.186918	57722.1	9652.76	9652.47
O16	14895.1	0.382725	68493.9	22534.6	22533.4
Fe56	52089.8	0.0565551	57791.6	15273.1	15272.1
neutron	939.565	90.1461	80801.9	30352.6	29707.8
neutron	939.565	45.644	80801.9	30352.6	29707.8
neutron	939.565	37.8794	80801.9	30352.6	29707.8
neutron	939.565	13.2388	80801.9	30352.6	29707.8
neutron	939.565	4.11222	80801.9	30352.6	29707.8
alpha	3727.38	4.3074	80801.9	30352.6	29707.8
O16	14895.1	8.88182	80801.9	30352.6	29707.8
O16	14895.1	0.854697	78987.4	28617.3	28616.1
Si28	26053.2	0.273986	55406.2	14800.9	14800.6
O16	14895.1	0.705923	40117.7	1704.81	1703.44
O16	14895.1	0.334962	87816.2	38107	38106.2
Mg24	22335.8	0.152282	59897.9	5568.91	5568.47
Si28	26053.2	0.800216	54891.3	2289.9	2289
Si30	27913.2	0.127087	88416.1	38493.1	38492.9
Si28	26053.2	0.163126	87090.2	37686	37685.6
O16	14895.1	0.248635	79778	32261.7	32261.4
O16	14895.1	0.233914	61968.6	19108.4	19107.7
Si28	26053.2	0.128115	56608.7	15322.1	15321.2
O16	14895.1	0.260516	89327.5	38083.6	38083
Mg24	22335.8	0.149055	82406.7	33066.9	33066.6
O16	14895.1	0.218835	41602.6	4349.86	4348.77
O16	14895.1	0.547908	99760.7	46115.8	46115
O16	14895.1	0.417409	93365.2	41911.2	41910.5
Si28	26053.2	0.304081	47804.6	8218.36	8217.91
alpha	3727.38	5.78973	75640.3	29478.2	28005.7
alpha	3727.38	15.2901	75640.3	29478.2	28005.7
alpha	3727.38	3.25924	75640.3	29478.2	28005.7
O16	14895.1	0.259253	51546.1	12166.4	12165.9
Si28	26053.2	0.493367	73800.6	27750.8	27749.9
O16	14895.1	0.546932	66308.7	22728.3	22727.3
Mg24	22335.8	0.261979	49755.5	10486.5	10485.6
Mg24	22335.8	0.129563	93795.2	41747.3	41746.9
Fe56	52089.8	0.0782583	81195.4	32109.4	32108.9
Si28	26053.2	0.127414	85223.7	36456.9	36456.7
Si28	26053.2	0.132175	75939.8	28897.6	28895.9
Mg24	22335.8	0.265902	49811.1	8134.79	8134.05
neutron	939.565	46.9148	69514.8	23023.5	9217.42
neutron	939.565	6.26227	69514.8	23023.5	9217.42
neutron	939.565	7.01803	69514.8	23023.5	9217.42
C12	11174.9	0.952277	69514.8	23023.5	9217.42
O16	14895.1	0.206974	76229	29516.6	29516.4
O16	14895.1	0.398505	43192.4	4534.56	4533.26
O16	14895.1	0.209061	85196.6	34847.9	34847.5
Mg24	22335.8	1.42767	82473.8	33205.5	33203.7
O16	14895.1	0.25258	75433.8	27272.4	27270.9
Mg25	23268	0.121991	87827.6	38181.1	38180.8
Mg24	22335.8	0.170307	59212.5	13669	13668.9
O16	14895.1	0.362498	88426.4	36811.9	36811.5
O16	14895.1	0.39446	74187.5	27015.3	27014.8
Mg24	22335.8	0.132471	72579.1	23736.4	23735.4
O16	14895.1	0.246544	63358.7	17374.8	17374.5
O16	14895.1	0.329041	43115	3716.14	3715.72
O16	14895.1	0.361538	81202.4	32928.9	32928
alpha	3727.38	14.1438	64183.5	19888.8	19182.8
alpha	3727.38	13.5939	64183.5	19888.8	19182.8
alpha	3727.38	8.58629	64183.5	19888.8	19182.8
Be8	7454.85	0.557341	64183.5	19888.8	19182.8
O16	14895.1	0.31299	84982.7	36138	36137.5
Mg24	22335.8	0.15636	63655.1	21509.4	21508.8
Mg26	24196.5	0.152402	32155	780.814	780.191
Fe56	52089.8	0.117805	94101.4	42564.4	42563.9
Si28	26053.2	0.19807	81992.8	33741.7	33741.4
O16	14895.1	0.42523	93048.3	41266.5	41265.4
O16	14895.1	0.64971	84636.1	33382.1	33381.3
O16	14895.1	0.290123	81702.8	31263.5	31263.1
O16	14895.1	0.213254	51943	4664.86	4664.55
neutron	939.565	5.17157	87550.9	37123.9	35161.4
Al27	25126.5	0.032958	87550.9	37123.9	35161.4
O16	14895.1	0.325338	63066.4	18095.9	18095.2
Mg24	22335.8	4.5585	85867.7	27153	27147.9
O16	14895.1	0.208165	65278.9	12743.2	12742.8
Si28	26053.2	0.167646	79289.1	31677.8	31677.4
Si28	26053.2	0.130058	97544.5	44707.5	44707
O16	14895.1	0.370034	57210.8	10181.1	10180.6
O16	14895.1	0.857863	94378.3	42743	42740.7
O16	14895.1	0.194103	86618	37680.2	37680
Si28	26053.2	0.126928	87114.8	37118.1	37117.4
Si28	26053.2	0.204568	85989.1	36346.2	36345.5
O16	14895.1	0.229411	78803.9	30941.2	30940.7
O16	14895.1	0.216762	95832.9	42860.8	42860.2
O16	14895.1	0.390056	94968.9	41416	41414.8
Mg24	22335.8	0.201884	85667.2	34396.6	34396
O16	14895.1	0.685464	68530.6	23874.4	23873.6
Si28	26053.2	0.191216	58439.7	17622	17621.7
O16	14895.1	0.23033	36354.1	3176.61	3175.62
Si28	26053.2	0.123308	60988.2	16822.5	16821.2
Si28	26053.2	0.384371	40909.6	505.812	505.356
Si28	26053.2	0.108335	52097	12488.1	12487.9
O16	14895.1	0.231978	98281	45336.4	45335.6
Si28	26053.2	0.141324	74142.6	27380.4	27380
neutron	939.565	181.916	68065.2	22563.7	21476.1
neutron	939.565	19.9645	68065.2	22563.7	21476.1
neutron	939.565	9.47077	68065.2	22563.7	21476.1
neutron	939.565	2.84077	68065.2	22563.7	21476.1
alpha	3727.38	5.99802	68065.2	22563.7	21476.1
alpha	3727.38	22.0599	68065.2	22563.7	21476.1
alpha	3727.38	7.17866	68065.2	22563.7	21476.1
alpha	3727.38	3.74163	68065.2	22563.7	21476.1
alpha	3727.38	17.1728	68065.2	22563.7	21476.1
O16	14895.1	0.214447	36809.6	226.541	226.13
Mg24	22335.8	0.171192	58667.1	17150.1	17149.7
Mg26	24196.5	0.185077	34915.8	1509.77	1509.2
O16	14895.1	0.251157	34169.9	1056.93	1056.43
Mg24	22335.8	0.674523	92249.6	41259.4	41258.4
Fe56	52089.8	0.0554545	71628	27191.1	27191
Si28	26053.2	0.121538	45728.5	6102.81	6102.17
Mg24	22335.8	0.324863	88835.4	29011.5	29010.8
O16	14895.1	0.210382	52839.3	572.825	572.614
O16	14895.1	0.381116	52156.9	179.794	179.203
neutron	939.565	759.472	95233.3	43404.6	42066.5
neutron	939.565	533.53	95233.3	43404.6	42066.5
Ne20	18617.7	0.252356	95233.3	43404.6	42066.5
Si28	26053.2	0.257943	64280.1	20623	20622.3
Mg24	22335.8	0.26205	43608.4	6055.34	6054.88
O16	14895.1	0.281108	39879.9	1491.93	1490.89
O16	14895.1	0.496862	74056.5	20498.9	20498.4
Mg24	22335.8	0.232377	70656.9	16690.7	16690.4
O16	14895.1	0.320273	62355.3	11107.1	11106.5
Mg24	22335.8	0.130915	61235.4	10297.2	10296.8
O16	14895.1	0.543135	59783.3	9305.09	9303.7
O16	14895.1	0.245344	73358.1	28108.6	28106
Mg24	22335.8	0.24055	57192	16591.3	16590.8
O16	14895.1	0.216423	73211.5	26622.7	26621.8
Mg25	23268	2.46266	87049.7	36878.1	24652.7
neutron	939.565	1.22681	87049.7	36878.1	24652.7
O16	14895.1	0.287161	62309.8	8207.2	8206.78
Si28	26053.2	0.125397	68577.5	21806.5	21805.8
Mg25	23268	0.1477	44234	5424.93	5424.38
O16	14895.1	0.193229	92511.8	41088	41087.4
Si28	26053.2	0.492956	86502	36368.7	36367.8
O16	14895.1	0.252374	70185.2	22258	22257.7
O16	14895.1	0.79591	85474.2	36851.7	36850.7
O16	14895.1	0.279745	80293.2	33012.6	33011.9
O16	14895.1	0.744668	44889	8518.6	8517.33
O16	14895.1	0.810416	44199.5	8070.4	8069.59
O16	14895.1	0.197888	41675.4	6456.87	6456.15
Si28	26053.2	0.137507	86851.5	36209.9	36209.6
Fe56	52089.8	0.105971	53741	8839.69	8839.01
O16	14895.1	0.302482	88094.1	37073	37072.6
O16	14895.1	0.301443	86416.2	35867.5	35866.6
Mg24	22335.8	0.178489	77963.6	30406.3	30406.1
Si28	26053.2	0.133922	70847	25653.6	25653.4
Si28	26053.2	0.160752	60572.9	18363.8	18363.1
O16	14895.1	0.221934	50073.6	10306.8	10306.5
Si28	26053.2	0.203853	79891.4	32075.9	32075.6
O16	14895.1	0.191713	85610.1	36879.1	36878.2
Si29	26984.3	0.208274	84081.6	35616.5	35616.2
Fe56	52089.8	0.227185	62068.1	19789.3	19788.8
O16	14895.1	0.200956	57473	15768.6	15768
O16	14895.1	0.225809	48426.1	7256.78	7255.33
O16	14895.1	0.216836	48236.8	7129.97	7129.74
O16	14895.1	0.613681	96462.2	43807.5	43806.8
Mg26	24196.5	0.123357	95236.4	43094.9	43094.7
O16	14895.1	0.336262	88120.4	38016.8	38015.4
Mg24	22335.8	0.400947	46753	9664.12	9663.62
O16	14895.1	0.361152	37369.3	3454.77	3454.22
O16	14895.1	0.530507	32056.9	439.844	438.385
Mg24	22335.8	0.318434	65920.7	22865.9	22865.5
Si28	26053.2	0.618301	59380.4	17979.8	17979
O16	14895.1	0.217823	43550.5	4960.48	4960.22
O16	14895.1	0.589813	45120.2	4570.46	4569.84
O16	14895.1	0.366891	98647.9	45245.4	45244.6
O15	13971.2	0.343799	94413.2	42356.5	41842.8
Si29	26984.3	0.126202	73338.9	27026.5	27026.2
Mg26	24196.5	0.206739	70723.6	25433.4	25432.5
O16	14895.1	0.240191	42745	4624.15	4623.47
Si28	26053.2	0.158054	66915.6	21900.4	21900.1
Mg24	22335.8	0.132588	48592.1	6606.16	6605.62
O16	14895.1	0.196	94507.6	42648.9	42648
O16	14895.1	0.192494	72215.8	27072.2	27071.7
O16	14895.1	0.42806	99844.2	46315.9	46315.3
O16	14895.1	0.933432	78541.3	32462	32460.9
O16	14895.1	0.243782	75727.8	27117.8	27117.3
O16	14895.1	0.291622	51446.5	6566.58	6566.22
Si28	26053.2	0.128459	81235.9	32892.6	32892.4
Mg24	22335.8	0.214776	79409.4	31750.9	31750.6
Mg24	22335.8	0.238155	76013.4	29472.1	29471.8
O16	14895.1	0.237491	74042.1	28038	28037
Si28	26053.2	0.47428	91164.8	40490.3	40489.5
Fe56	52089.8	0.0688498	50173.9	8849.42	8848.94
Si28	26053.2	1.31383	49428	8389.59	8388.17
O16	14895.1	0.780434	44194.3	5176.87	5175.74
Si28	26053.2	0.231836	93584.9	41687.5	41686.9
Mg24	22335.8	0.145137	45249.8	7240.74	7240.05
Si29	26984.3	0.863081	96246.8	39547.4	39546.2
Si28	26053.2	0.170738	41557.9	2667.23	2666.73
Si28	26053.2	0.225607	85040.2	35546.3	35545.7
O16	14895.1	0.318078	75251.5	27654.9	27653.8
O16	14895.1	0.210677	58529.6	15712.8	15712.4
Si30	27913.2	0.1293	37804.8	1088.38	1088.17
O16	14895.1	0.202606	49247.9	9928.68	9927.19
O16	14895.1	0.419716	71034.2	26214.1	26212.6
O16	14895.1	0.667128	81650.4	31363.8	31362.8
Mg24	22335.8	0.150195	91000.2	34738.1	34737.8
O16	14895.1	0.350831	73632.7	22181.9	22181.1
neutron	939.565	280.696	96878.4	44419	43534.5
C12	11174.9	1.6192	96878.4	44419	43534.5
Mg24	22335.8	0.184731	66158.3	22970.1	22969.6
O16	14895.1	0.406479	48842.5	11341.4	11340.2
Mg26	24196.5	0.177826	61862.2	20286.4	20286.1
O16	14895.1	0.317319	39371.3	4448.94	4448.44
O16	14895.1	0.233098	37127.9	3115.24	3113.43
O16	14895.1	0.192944	89416.8	39435.9	39435.6
O16	14895.1	0.252525	53929.9	10194.8	10194.5
O16	14895.1	0.20777	45305.3	4933.77	4933.32
O16	14895.1	0.549202	37371.2	321.397	320.387
Si28	26053.2	0.124274	96952.9	44435.7	44435.5
O16	14895.1	0.244533	98181.7	44971.5	44970.6
O16	14895.1	0.38976	87812.7	36461.1	36460.5
O16	14895.1	0.493021	34440.2	536.768	536.082
Si28	26053.2	0.249926	46239.8	8660.68	8660.33
O16	14895.1	0.216575	66454.5	19574.3	19574
Mg24	22335.8	0.123051	46889.5	3646.03	3430.03
Si28	26053.2	0.241563	61170	19488.8	19488.2
Si29	26984.3	0.466038	73258.6	27984.4	27982.9
Mg24	22335.8	0.273021	70706.7	26361.8	26361.2
Mg24	22335.8	0.421671	61206.9	19263.9	19263.4
Mg24	22335.8	0.147125	68171.4	22559.4	22559.1
O16	14895.1	0.331756	55150.2	13984.5	13984
Mg24	22335.8	0.144936	84127.8	35584.5	35584.4
Mg24	22335.8	0.152732	84974.3	36067.6	36067.3
Si28	26053.2	0.12728	50417.6	8968.84	8967.84
O16	14895.1	0.216183	90500.6	40220.1	40219.8
Si28	26053.2	0.1508	81550.3	34272.4	34272
O16	14895.1	0.601914	84977.7	36632.3	36631.6
O16	14895.1	0.272434	59390.1	16247.5	16247.1
neutron	939.565	269.064	88781.4	37797.5	36781.1
N14	13040.2	0.543962	88781.4	37797.5	36781.1
O16	14895.1	0.274501	61616.5	17049.5	17049.1
O16	14895.1	0.399631	47781	6997.78	6996.84
O16	14895.1	0.288342	49169.1	7778.56	7778.18
O16	14895.1	0.193316	45094	4456.44	4456.23
O16	14895.1	0.365514	49754.6	6306.76	6305.93
O16	14895.1	0.242089	75027.7	27566.9	27566
O16	14895.1	1.28872	67291.7	22488.8	22487.4
Mg24	22335.8	0.610054	79548.8	32386.8	32386
Si28	26053.2	0.834169	56847.4	13994.7	13993.9
Si28	26053.2	0.370576	87749.5	32789.1	32788.2
Si28	26053.2	0.225278	61646.5	10553.8	10553.2
O16	14895.1	0.667385	49643	12010.6	12009.9
Si28	26053.2	0.339117	30488.1	137.946	137.552
O16	14895.1	0.243864	46613.5	10049	10048.7
Fe56	52089.8	0.114388	44654.2	8815.46	8814.85
Si28	26053.2	0.517895	98639.2	45633.9	45632.7
Fe56	52089.8	0.0600962	62249.4	21845.2	21845.1
O16	14895.1	0.328185	98025.1	44843.3	44842.7
O16	14895.1	0.217284	79274.7	28446.9	28446.3
O16	14895.1	0.601527	78912.9	28217.1	28216.2
neutron	939.565	0.327643	71969.8	23882.3	23520.3
Mg25	23268	0.0894715	71969.8	23882.3	23520.3
Si28	26053.2	0.255055	89146.6	38774.1	38773.3
neutron	939.565	2.54763	81261.6	33411.7	33034.5
neutron	939.565	0.703331	81261.6	33411.7	33034.5
Al27	25126.5	0.408482	81261.6	33411.7	33034.5
O16	14895.1	0.237746	89655.2	35378.5	35377.7
O16	14895.1	0.276098	85034.8	31998.1	31997.6
O16	14895.1	1.22433	47232.8	5334.03	5332.58
O16	14895.1	0.212288	35821.2	2631.15	2630.91
O16	14895.1	0.192975	57486.2	16635.3	16635
Fe56	52089.8	0.0698515	50363	11452.2	11452
O16	14895.1	0.206689	37526.3	3580.58	3580.28
Mg24	22335.8	0.430951	42141.8	4062.24	4061.23
O16	14895.1	2.58861	60414.8	19130.6	19127.8
Fe56	52089.8	0.0811648	96288.6	42693.7	42693.3
O16	14895.1	1.7842	75765.8	24546.8	24544.9
O16	14895.1	0.308692	46996.8	2328.02	2327.61
O16	14895.1	1.38166	61002.2	18443.4	18441.7
O16	14895.1	0.259426	56717.9	15742.8	15742.5
O16	14895.1	0.569032	52325.1	12838.2	12837.3
O16	14895.1	0.211823	49110.1	10771.4	10771.1
Mg26	24196.5	0.164343	36193.3	2321.72	2321.26
O16	14895.1	0.197651	67967	21195.4	21195
O16	14895.1	0.286448	51854.9	7645.27	7644.83
O16	14895.1	0.267034	96220.1	44083.7	44083.3
O16	14895.1	0.257529	92014.8	41541.3	41540.6
O16	14895.1	0.485797	57949.7	18142.6	18142
O16	14895.1	0.247796	46389.9	10217.6	10217.3
Si28	26053.2	0.111927	36908.6	3605.92	3605.68
O16	14895.1	0.209039	32217.3	660.497	659.681
O16	14895.1	0.385708	31217.8	130.173	129.405
O16	14895.1	0.403303	51411.7	12606.3	12605.7
O16	14895.1	0.497762	60388.9	15514.9	15514
Mg25	23268	0.296743	67578	21052	21051.5
Si28	26053.2	0.124872	71318.5	24586.1	24585.7
neutron	939.565	238.778	57071.2	17961.9	17603.2
neutron	939.565	41.0177	57071.2	17961.9	17603.2
Na23	21409.2	1.97689	57071.2	17961.9	17603.2
O16	14895.1	0.609313	64973.8	14470.6	14469.8
Si28	26053.2	0.120788	74699.8	27376	27375
Mg24	22335.8	0.350797	83585.8	34945.3	34944.9
Mg24	22335.8	0.134105	38736.2	4532.11	4531.79
Si28	26053.2	0.159967	68690.6	23943.1	23942.8
O16	14895.1	0.258643	85655.5	36610.7	36610.3
Fe58	53951.2	0.133267	79464.5	32107.4	32106.8
O16	14895.1	0.268586	74338.7	28786	28785.2
Si28	26053.2	0.132048	65013.3	20204.8	20204.6
Mg24	22335.8	0.154603	52671.7	11333.6	11333.4
O16	14895.1	0.204602	47365.7	7559.14	7558.65
Mg24	22335.8	0.774664	37836.3	4877.91	4877.02
O16	14895.1	0.244597	55571.9	14675.6	14675.3
O16	14895.1	0.545877	92120	39313.3	39312.5
Mg24	22335.8	0.271505	51148.9	6490.66	6490
Si28	26053.2	0.118529	52297.7	11351.5	11350.2
O16	14895.1	0.288828	52265.1	11334	11333.4
O16	14895.1	0.575274	83898.7	32829.5	32828.9
Fe56	52089.8	0.0742821	64824.4	19116.3	19115.8
Si28	26053.2	0.117635	62128.4	17407.9	17407.4
Mg24	22335.8	0.142046	53501.2	12045.8	12045.3
O16	14895.1	0.230671	97991.2	45191.2	45190.4
O16	14895.1	0.225252	85080.1	36357.6	36357.3
O16	14895.1	0.218308	78235.4	26072	26071.6
Mg24	22335.8	0.289392	69647.7	19578.1	19577.8
Si28	26053.2	0.108463	61998.2	9268.95	9268.47
O16	14895.1	0.216447	53017.9	3470.23	3470
neutron	939.565	1473.32	88482.5	38015.3	35866.9
neutron	939.565	6.1051	88482.5	38015.3	35866.9
neutron	939.565	1.67875	88482.5	38015.3	35866.9
neutron	939.565	1.58458	88482.5	38015.3	35866.9
neutron	939.565	0.352475	88482.5	38015.3	35866.9
O16	14895.1	1.84782	88482.5	38015.3	35866.9
Mg26	24196.5	0.14583	49240.3	9060.73	9060.15
Mg24	22335.8	0.142999	38487.2	1982.26	1981.82
Si28	26053.2	0.314461	38480	1978.98	1978.29
Si28	26053.2	0.204367	37946	1635.16	1634.93
O16	14895.1	0.597212	49799.9	11590	11588.9
O16	14895.1	0.419326	73402.7	11407.8	11407.3
O16	14895.1	0.399576	87039.8	37930.7	37930.3
Si28	26053.2	0.183679	86295.7	37305.7	37305.5
O16	14895.1	0.234797	83373	34501.6	34501.3
Si28	26053.2	0.250956	71740.8	22830.3	22829.9
O16	14895.1	0.278664	98945.5	45776.1	45775.2
Mg24	22335.8	0.143357	97092.2	44625.5	44625.2
O16	14895.1	0.382212	64013.9	21708.6	21707.2
Si28	26053.2	0.213691	53409.4	14813.9	14813.6
Fe56	52089.8	0.245568	52263.8	13821.1	13820.7
O16	14895.1	0.418152	95379.8	42038.6	42038
O16	14895.1	0.466149	86499.5	31759.5	31759
O16	14895.1	0.220211	65285.4	17532.6	17532.1
O16	14895.1	0.268407	94675.3	42784.1	42783.8
O16	14895.1	0.200655	96178.1	43669.9	43669.1
O16	14895.1	3.92004	60814	17084.5	17080.4
Mg24	22335.8	0.142657	35484.6	782.211	781.226
Mg25	23268	0.43254	43516.8	4437.23	4436.78
O16	14895.1	0.190165	98897.4	45723.8	45723.3
Si28	26053.2	0.158228	98212.8	45292.7	45292.5
O16	14895.1	0.738547	59818.1	15321	15319.6
Si28	26053.2	0.127918	58457.5	14364.3	14364.1
Si29	26984.3	0.196242	38856	575.361	573.682
O16	14895.1	0.307014	72236.6	22251.3	22250.9
O16	14895.1	1.04962	73561.6	25677.7	25676.4
Mg24	22335.8	0.252112	70006.7	24460	24459.5
O16	14895.1	0.386264	53099	13074.2	13073.7
O16	14895.1	0.634444	44427.3	6266.18	6265.45
O16	14895.1	0.228418	80732.3	33266.8	33266.3
neutron	939.565	1099.41	41634.7	4514.55	3040.47
C13	12109.5	0.479291	41634.7	4514.55	3040.47
Mg24	22335.8	0.567821	99038.3	45799.4	45798.6
neutron	939.565	37.4109	68183.5	21743	21461.6
N15	13968.9	0.548312	68183.5	21743	21461.6
Fe56	52089.8	0.0928912	58246.1	14795.4	14795.3
Fe56	52089.8	0.0570078	83928.4	35542.9	35542.6
Si28	26053.2	0.143937	60027.9	19316.7	19316.5
Si28	26053.2	0.129354	71603.8	13199.2	13198.6
Mg24	22335.8	0.188905	97160.7	44538	44537.5
Mg24	22335.8	0.595874	81926.1	28556.3	28555.3
Si28	26053.2	0.114858	91261.2	40528.7	40528.4
neutron	939.565	0.843674	72462.2	26749.2	26406.9
C13	12109.5	1.45136	72462.2	26749.2	26406.9
neutron	939.565	1.39922	71649.8	25907.5	25674.7
C13	12109.5	0.649901	71649.8	25907.5	25674.7
Fe56	52089.8	0.128264	63366.4	20219.5	20219.1
Si28	26053.2	0.730123	57152.7	15319.9	15318.7
O16	14895.1	0.239251	96435.1	44271.8	44271.3
O16	14895.1	0.411479	72686.9	28668.8	28668.1
Mg25	23268	0.904212	67613.4	24121.1	24120
Mg26	24196.5	0.303562	50302.5	8744.73	8744.38
O16	14895.1	0.492679	44470.1	7537.33	7536.65
O16	14895.1	0.284459	40888.9	4904.72	4904.04
Si28	26053.2	0.209377	78994.3	30893.2	30892.7
O16	14895.1	0.230966	75466.7	28424.4	28423.7
Mg24	22335.8	0.253486	41341.8	3900.47	3900.16
neutron	939.565	1450.8	62442.5	20042.2	16309.3
neutron	939.565	6.63633	62442.5	20042.2	16309.3
alpha	3727.38	18.9548	62442.5	20042.2	16309.3
alpha	3727.38	5.59032	62442.5	20042.2	16309.3
alpha	3727.38	6.13866	62442.5	20042.2	16309.3
Be8	7454.85	4.31209	62442.5	20042.2	16309.3
Mg24	22335.8	0.13439	50824.1	7463.65	7462.7
neutron	939.565	278.647	88819	38973.7	38408
Si27	25130.8	0.15236	88819	38973.7	38408
Fe56	52089.8	0.467027	84416.1	35239.5	35238.5
Si28	26053.2	0.133095	44132.7	3642.99	3642.32
Si28	26053.2	0.113864	40744.2	1251.06	1250.94
Si28	26053.2	0.195553	38796.4	125.3	125.076
O16	14895.1	0.195117	61490.4	15308.5	15307.8
Si28	26053.2	0.323732	84302.2	35423	35422.4
Si29	26984.3	0.137724	93489.1	42206.9	42206.2
O16	14895.1	0.782694	71133.6	25591.1	25590.1
Mg24	22335.8	0.139978	42254.9	5670.39	5669.86
O16	14895.1	0.233301	47399.4	10605.2	10604.8
Si28	26053.2	0.126272	34196.7	2118.9	2118.76
Si28	26053.2	0.140788	63623.6	19043.8	19043.6
O16	14895.1	0.239633	69946.5	22890.6	22889.4
O16	14895.1	0.193646	94458.7	34980.8	34980.3
Si28	26053.2	0.205159	55619.2	4950.98	4950.52
Fe56	52089.8	0.152367	85916.1	37039.6	37039.2
Mg24	22335.8	0.253504	82721.4	34359.5	34357
Mg24	22335.8	0.234075	69618.9	24454.4	24452.9
Si28	26053.2	0.164269	86103.4	37270.2	37269.2
Mg24	22335.8	0.194378	64275.2	22703.5	22703
O16	14895.1	0.212918	40034.2	4925.94	4924.42
Si28	26053.2	0.205043	38451	3965.79	3965.57
O16	14895.1	0.337488	85424.5	34246.1	34245.4
Mg25	23268	0.608189	71361	24794.6	24793.8
Si28	26053.2	0.135753	53424.6	12183.5	12182.6
O16	14895.1	0.278937	97351.9	44113.6	44112.5
O16	14895.1	0.199997	92943.4	40786.2	40785.1
O16	14895.1	1.22435	88905.7	38044.6	38042.8
Fe56	52089.8	0.281939	43586.3	3398.46	3397.76
O16	14895.1	3.58673	96672	43874.8	43870.7
Si29	26984.3	0.107803	86121.3	36581.3	36580
neutron	939.565	323.493	83351.8	34397.4	33834.2
neutron	939.565	90.1108	83351.8	34397.4	33834.2
neutron	939.565	82.214	83351.8	34397.4	33834.2
Ne19	17695	0.758901	83351.8	34397.4	33834.2
Si28	26053.2	0.115511	55732.4	15425	15424.8
Si28	26053.2	0.117334	71675	24304.2	24303.5
Si28	26053.2	0.148595	95069.2	42485.4	42485.2
O16	14895.1	0.226094	71257	20716.1	20715.8
Mg24	22335.8	0.791372	50257	5247.67	5245.97
O16	14895.1	0.306026	85143.6	36242.5	36240.8
Mg24	22335.8	1.31313	62819.5	20647.9	20646.3
O16	14895.1	0.296929	49036.5	11152.3	11150.1
Si28	26053.2	0.360641	95113.9	42295.4	42295
Si28	26053.2	0.117053	86081.6	36237.8	36237.2
O16	14895.1	0.377845	62568	14681.1	14680.4
Mg26	24196.5	0.179635	68729.8	25952.4	25952.1
O16	14895.1	0.572993	41026.6	7415.58	7414.5
O16	14895.1	0.25996	38665.7	4807.22	4806.34
Mg24	22335.8	0.17881	37367.1	3118.32	3118.03
O16	14895.1	0.232238	93402.5	41979.6	41979.3
Mg24	22335.8	0.135412	92832.7	41602.2	41600.8
O16	14895.1	0.33601	82542.4	31571.7	31570.8
Mg24	22335.8	0.6788	55673.8	13448.3	13447.6
O16	14895.1	0.707645	47802.7	4423.35	4422.52
O16	14895.1	0.265489	45953	7006.22	7005.57
O16	14895.1	0.830109	59016.3	14948.2	14947.2
Fe56	52089.8	0.336134	54917.2	9882.68	9882.04
O16	14895.1	0.25388	48270.5	11849.3	11848.8
Mg24	22335.8	0.177673	46392.9	10732.4	10732.2
Si28	26053.2	0.10997	35122.3	3136.42	3136.29
Si28	26053.2	0.156013	76519	28886.2	28886
O16	14895.1	0.194014	63564.6	19483.3	19482.8
neutron	939.565	313.153	81127.2	32986.1	29607
neutron	939.565	118.804	81127.2	32986.1	29607
neutron	939.565	19.8713	81127.2	32986.1	29607
He3	2808.39	22.8399	81127.2	32986.1	29607
alpha	3727.38	25.9744	81127.2	32986.1	29607
O16	14895.1	0.373521	50621.7	7632.4	7631.78
O16	14895.1	0.402817	78457.7	27196.9	27196.5
O16	14895.1	0.282607	60813	15482.5	15482.2
Si28	26053.2	0.156016	86207.7	32803.4	32803
Mg24	22335.8	0.390369	42396.2	3228.66	3227.48
Mg24	22335.8	0.197441	37853.1	599.524	598.897
O16	14895.1	0.385833	57968.4	12899.4	12898.9
O16	14895.1	0.377363	51864.8	9095.94	9095.19
O16	14895.1	0.226645	98028.9	44488.3	44487.3
O16	14895.1	0.226539	42479.4	7634.37	7634.14
O16	14895.1	0.429713	39847.2	5579.8	5578.61
O16	14895.1	0.346142	96260.5	43500.6	43500.2
Mg24	22335.8	0.15845	99729.9	46267.7	46266.8
O16	14895.1	0.29463	80601.5	33001	33000.3
Mg24	22335.8	0.246038	54812.5	16196.5	16195.9
Si28	26053.2	0.214784	38397	1501.43	1500.82
Mg24	22335.8	0.407747	61706.6	18979.6	18979
Mg25	23268	0.195562	59573.9	17515.7	17514.7
Si28	26053.2	0.143415	55732.2	15099.3	15098.9
O16	14895.1	0.692302	36359.5	808.275	807.112
Si28	26053.2	0.170428	79567.5	30899.2	30898.9
Mg24	22335.8	0.213764	64840.3	22437.6	22437.2
Mg24	22335.8	0.132373	62598.1	21074	21073.9
Si28	26053.2	0.168758	95269	43557.6	43557.4
O16	14895.1	0.255974	67811.5	21133.1	21132.7
Mg24	22335.8	0.147947	63698.6	18770.1	18769.7
O16	14895.1	0.629846	75972.6	27966.8	27966.1
Si28	26053.2	0.468237	85433.2	35115.3	35114.7
Si28	26053.2	0.391724	69432.1	24785.9	24785.5
Si28	26053.2	0.357945	57231.7	9791.92	9791.5
Si28	26053.2	0.206509	37104	969.233	968.914
Si28	26053.2	0.12028	91611.6	39601.3	39601.1
O16	14895.1	0.200043	53847.3	17030.1	17029.7
O16	14895.1	2.69643	94031.5	42357.6	42354.6
O16	14895.1	0.226658	88827.4	38921.3	38921
O16	14895.1	0.220358	55987.9	16144.2	16143.8
Fe56	52089.8	0.0589887	85265.1	36061.6	36061.5
Si30	27913.2	0.124703	60315.8	18216	18215.8
Si28	26053.2	0.249243	83539.3	33652.3	33651.9
O16	14895.1	2.45444	73178.1	24809.5	24805.6
Fe56	52089.8	0.0784873	56893.4	15929.3	15929
O16	14895.1	0.21564	46327	9049.28	9048.82
neutron	939.565	0.802305	99371.5	46053	45126.1
N14	13040.2	1.10308	99371.5	46053	45126.1
O16	14895.1	0.455491	68578.9	23690.5	23689.1
O16	14895.1	0.33469	64564.2	20610.1	20609.6
O16	14895.1	0.214517	39883.3	3225.19	3224.28
C14	13040.9	2.05682	60726.8	15273.5	13271.1
O16	14895.1	0.198272	51652.2	7144.95	7144.54
O16	14895.1	0.19104	87862.7	38239.2	38237.8
O16	14895.1	0.248385	87420.1	37975.8	37975.3
Mg25	23268	0.249568	47898	7686.93	7686.3
Fe56	52089.8	0.110644	99140.8	45884.2	45883.9
O16	14895.1	0.584027	76494.7	30731.8	30730.9
O16	14895.1	0.320687	62070	19981.9	19980
neutron	939.565	161.592	91757.1	40674.2	40205.8
neutron	939.565	2.50689	91757.1	40674.2	40205.8
Na23	21409.2	1.09801	91757.1	40674.2	40205.8
Mg25	23268	0.230676	90585.6	38245.3	38244.4
neutron	939.565	2.95524	63928.5	16855.9	16292.8
neutron	939.565	2.18743	63928.5	16855.9	16292.8
neutron	939.565	1.84487	63928.5	16855.9	16292.8
Be8	7454.85	2.37738	63928.5	16855.9	16292.8
Si28	26053.2	0.158525	52867.9	12318.2	12317.7
Si29	26984.3	0.23826	77455.8	31178.9	31178.2
O16	14895.1	0.309118	76647.9	30681.6	30680.5
O16	14895.1	0.208136	46274	7172.7	7172.35
neutron	939.565	1.36449	67035.6	22851	22516.6
N14	13040.2	0.385419	67035.6	22851	22516.6
O16	14895.1	0.259777	46011.3	8263.8	8263.33
Mg24	22335.8	0.192105	70969	19487.9	19487.5
O16	14895.1	0.748156	61503.9	13171.4	13170.5
O16	14895.1	0.419173	92752.8	41261	41260.3
Mg25	23268	0.162422	86565.3	36957.6	36957.3
O16	14895.1	0.280683	62177	16291.9	16290.9
neutron	939.565	55.5519	49734	6927.11	6644.2
neutron	939.565	0.7892	49734	6927.11	6644.2
C13	12109.5	0.461707	49734	6927.11	6644.2
Mg26	24196.5	0.120255	86746.3	34740.4	34739.9
Mg24	22335.8	0.166526	72556	25005.6	25005
O16	14895.1	0.245031	60654	15998.8	15998.3
neutron	939.565	5865.58	78161.4	31055.3	22514
neutron	939.565	691.18	78161.4	31055.3	22514
neutron	939.565	6.50982	78161.4	31055.3	22514
alpha	3727.38	22.9614	78161.4	31055.3	22514
alpha	3727.38	18.0494	78161.4	31055.3	22514
alpha	3727.38	16.5176	78161.4	31055.3	22514
Si28	26053.2	0.165317	59378.7	10317.6	10317.1
C14	13040.9	0.400044	65997	19217.3	18974.8
O16	14895.1	0.243007	47981.8	10427.3	10427
Si29	26984.3	0.589365	39564.9	4825.2	4823.94
Mg24	22335.8	0.165067	83774.8	35326.3	35326
Mg24	22335.8	0.145509	47811.5	9908.41	9908.22
O16	14895.1	0.437247	88447.5	36337.2	36336.4
O16	14895.1	0.469398	62284.3	17101.1	17100.1
O16	14895.1	0.194026	49359.1	8420.73	8420.17
Mg25	23268	0.259693	42503.9	2696.11	2695.8
O16	14895.1	0.466848	83140	33808	33807.1
Si28	26053.2	0.230793	82226.9	33291.4	33291.2
Mg25	23268	0.138944	57511.9	15591.1	15590.9
Mg24	22335.8	0.259015	53072.7	12704	12703.6
O16	14895.1	0.539355	39203.8	2351.32	2350.42
Mg24	22335.8	0.997831	72236	27077.4	27076.4
O16	14895.1	0.42593	54471.2	15268.3	15267.5
O16	14895.1	0.282707	67667.6	22436.7	22436.1
Si28	26053.2	0.15385	82763	30767.5	30767
Mg26	24196.5	0.128676	77180.5	27219.3	27218.6
Mg24	22335.8	0.154357	41138.7	5437.08	5436.5
O16	14895.1	0.34871	70380.8	24895	24894.4
O16	14895.1	0.204372	80875.4	30715.2	30714.9
Si27	25130.8	0.290702	99529.7	46163.9	45520.3
Mg24	22335.8	0.151273	91430.8	40099.6	40099.3
Si28	26053.2	0.331979	95543.7	43373.5	43372.4
neutron	939.565	532.037	88004.5	34860.9	33576.6
neutron	939.565	125.71	88004.5	34860.9	33576.6
C11	10254	2.90555	88004.5	34860.9	33576.6
Si28	26053.2	0.172597	94395.2	42922.2	42921.6
O16	14895.1	0.234579	91921.2	39520.7	39518.7
neutron	939.565	899	52226.6	6368.52	4946.25
C12	11174.9	0.600198	52226.6	6368.52	4946.25
Si28	26053.2	0.434339	94416.7	41246.5	41245.8
Si30	27913.2	0.122562	69642.4	21915.1	21914.9
O16	14895.1	0.196321	41813	1906.73	1906.4
Mg26	24196.5	0.649145	39206.3	406.416	405.656
neutron	939.565	709.691	91435.1	40619.5	38996.5
Mg25	23268	0.308845	91435.1	40619.5	38996.5
Mg24	22335.8	0.187352	63978.2	15863	15862.7
O16	14895.1	0.20439	52982.7	5406.14	5405.82
Si28	26053.2	0.134186	53914.6	11115.5	11115.3
Si29	26984.3	0.183387	89476.8	38643.5	38643.1
O16	14895.1	2.05001	86294.5	36467	36464.7
Mg24	22335.8	0.207324	70945.1	25086.1	25085.9
Si28	26053.2	0.140736	65050.6	23379.1	23378.4
O16	14895.1	0.315728	62889.4	21760.6	21758.6
O16	14895.1	0.191484	60548.9	20267.4	20267.2
O16	14895.1	0.317107	51753.5	6253.45	6253
O16	14895.1	0.378784	51048.9	5836.06	5835.16
O16	14895.1	0.226093	86471.8	25160.6	25159.8
Si28	26053.2	0.156027	65207.8	8346.21	8345.66
Mg24	22335.8	0.127781	96388.5	44160	44159.7
O16	14895.1	0.226529	72919.7	25765.5	25764.4
O16	14895.1	0.928303	52440.9	10581.7	10580.2
Mg24	22335.8	0.273834	97976.7	44938.3	44937.6
O16	14895.1	0.291725	87734.2	36596.7	36596.4
Si28	26053.2	0.315021	79973.1	31456	31455.6
O16	14895.1	0.301201	65071.9	20740.7	20740.2
O16	14895.1	0.367458	38338.5	1183.15	1182.74
Mg24	22335.8	0.237922	96169.7	43595.5	43595.1
Mg24	22335.8	0.183226	47260.1	6171.21	6170.95
O16	14895.1	0.487597	98889.2	45776.6	45775.9
O16	14895.1	0.259939	69313.9	26374.5	26374.1
Si28	26053.2	0.31413	34033.9	2752.54	2752.13
O16	14895.1	0.489136	93320.1	41371.3	41370.2
Fe56	52089.8	0.0953549	55817.7	15051	15050.6
C14	13040.9	0.959658	62870.2	20981.6	20664.7
Si28	26053.2	0.247499	88557	38618	38617.5
O16	14895.1	0.301486	72659.4	27928.9	27928
Si28	26053.2	0.418025	64318.3	21868.2	21867.8
Mg25	23268	0.429332	97803.1	45036.7	45035.3
O16	14895.1	0.280975	86638.2	36875.9	36875.3
O16	14895.1	0.210551	85389.6	36053	36052.5
Mg24	22335.8	0.184301	76786.3	30290.8	30290.6
O16	14895.1	0.291076	63196	21041.1	21040.7
Si28	26053.2	0.109491	52034.4	14076.8	14076.6
Si28	26053.2	0.124308	79128.6	31900	31899.1
O16	14895.1	0.193105	33531.7	289.694	289.126
Mg24	22335.8	0.127393	69448.1	26015.9	26015.5
Mg24	22335.8	0.173415	56821.4	18070.7	18070.4
O16	14895.1	1.06703	81564.6	33450.8	33449.2
O16	14895.1	0.527481	59824.6	18461.7	18461
O16	14895.1	0.274444	82957.3	33432.9	33432.5
O16	14895.1	0.242531	83150.7	35108.2	35107.8
Si28	26053.2	0.25561	64790.6	22066.4	22065
Mg24	22335.8	0.130999	53227.3	10686.8	10686.3
O16	14895.1	0.619885	80576.7	33213.5	33212.6
Mg24	22335.8	0.164323	40006.6	5566.29	5566.11
O16	14895.1	0.192315	61229.3	19487.7	19487.4
O16	14895.1	0.512708	46698.7	8933.28	8931.91
Mg26	24196.5	0.143698	46238.2	8305.08	8304.18
O16	14895.1	0.629616	34739.8	994.345	993.665
O16	14895.1	0.696334	90580.9	39954	39950.9
O16	14895.1	0.26112	93067.3	42001.4	42000.7
O16	14895.1	0.30701	48238.5	9114.45	9113.82
O16	14895.1	0.465164	62307.6	20346.4	20345.9
Mg24	22335.8	0.659299	64385.2	17929.9	17929
O16	14895.1	0.48948	47544.7	6511.69	6510.71
Si28	26053.2	0.129554	74055.8	28638	28637.2
Mg24	22335.8	0.175902	97143.6	44717.4	44716.6
O16	14895.1	1.43106	95996	43997.2	43994.2
Mg26	24196.5	1.44651	59271.1	13811.1	13809.1
Mg24	22335.8	0.173232	41930	2186.65	2186.12
O16	14895.1	0.852024	78876	19953.3	19952.2
Si28	26053.2	0.146735	61611	8194.37	8194.11
O16	14895.1	0.228535	67476.7	22263	22262.6
Mg24	22335.8	0.127778	41440.4	5299.37	5298.87
O16	14895.1	0.287659	67434.5	14460.3	14459.8
Mg24	22335.8	0.862163	77685.5	32070.6	32068.6
Si30	27913.2	0.111231	68990.6	20872.9	20872.8
Si28	26053.2	0.137145	62563.1	16628.1	16627.9
neutron	939.565	1.89583	54731.4	11193.6	10986.8
N15	13968.9	0.159784	54731.4	11193.6	10986.8
O16	14895.1	0.215971	95551.3	43090.1	43089.7
neutron	939.565	18.9027	84352.2	35500.5	24169
alpha	3727.38	2.24783	84352.2	35500.5	24169
alpha	3727.38	1.75863	84352.2	35500.5	24169
alpha	3727.38	0.964165	84352.2	35500.5	24169
Li6	5601.52	2.67426	84352.2	35500.5	24169
Mg25	23268	0.17774	70438.9	22836.2	22835.8
Mg24	22335.8	0.647881	53812.9	11686.2	11685.5
O16	14895.1	0.220613	41573.3	2851.12	2850.74
Si28	26053.2	0.17935	99622.3	46158.5	46157.1
O16	14895.1	0.306339	94206.7	40689.6	40689.3
O16	14895.1	0.430001	90793.4	38586.8	38585.9
O16	14895.1	0.59263	72501.1	25171.1	25170.4
O16	14895.1	0.38178	80753.3	33999.3	33998
Si28	26053.2	0.147829	40876.2	134.107	133.752
Si28	26053.2	0.308827	67340.8	24440.7	24440.2
O16	14895.1	0.327026	97597.8	44366.1	44365.5
Mg25	23268	0.240884	95126.2	42772.8	42772.4
Fe56	52089.8	0.064332	66741.6	23690.5	23690.1
O16	14895.1	0.24082	64727.1	22326.2	22324.9
O16	14895.1	0.440559	36110.8	3629.88	3629.31
O16	14895.1	0.325995	84872.7	32907.5	32907
Fe57	53021.7	0.215749	62979.9	17729.6	17729.4
Mg24	22335.8	0.155912	90362	15647.4	15646.8
O16	14895.1	0.370593	62011.6	18674.9	18673.9
Si28	26053.2	0.11036	60909.6	18022.2	18021.6
O16	14895.1	0.195974	99231.6	45821.4	45821.1
O16	14895.1	0.398215	97377.6	44095.1	44094.4
Mg26	24196.5	0.181404	85837.8	30378.3	30378
Mg24	22335.8	0.132471	81908.3	27835.3	27835.1
O16	14895.1	0.257659	58538.3	11355.5	11355.1
O16	14895.1	0.197293	54915.7	9051.8	9051.24
Mg26	24196.5	0.129794	64642.9	22161.8	22161.5
O16	14895.1	1.04112	63638	21250.1	21248.9
O16	14895.1	0.241034	38802.5	3481.55	3481.27
O16	14895.1	0.230983	80852.2	30982.8	30982.5
Mg24	22335.8	0.771074	77054.7	28328.9	28327.9
Mg24	22335.8	0.166967	64278.4	18931.3	18930.9
Si28	26053.2	0.125484	46193.4	7041.06	7040.88
Si28	26053.2	0.216141	72918.1	27570.2	27568.9
O16	14895.1	0.717224	58259.4	17125.1	17123.5
O16	14895.1	0.253708	43771.5	5561.32	5560.89
Mg24	22335.8	0.14367	98614.6	45549.5	45548.3
Mg25	23268	0.142286	85559.1	36690.9	36690.7
neutron	939.565	1.08547	57722.9	17567.9	17259.6
Mg25	23268	0.379053	57722.9	17567.9	17259.6
Si29	26984.3	0.199297	47288	7604.66	7604.29
Si28	26053.2	0.192164	64671.6	20725.4	20724.9
Mg24	22335.8	0.132932	47247.7	8783.61	8783.14
O16	14895.1	0.236311	67787	21594.2	21593.9
Mg24	22335.8	2.36123	36540.7	4113.38	4110.85
Mg24	22335.8	0.152025	31441.8	647.474	647.251
neutron	939.565	210.371	84410.4	36319.1	34086.5
neutron	939.565	2.6295	84410.4	36319.1	34086.5
N14	13040.2	0.0990685	84410.4	36319.1	34086.5
neutron	939.565	118.316	76404.7	25821.5	24109.8
neutron	939.565	4.37651	76404.7	25821.5	24109.8
neutron	939.565	3.8621	76404.7	25821.5	24109.8
Ne21	19550.5	1.77465	76404.7	25821.5	24109.8
O16	14895.1	0.388275	90819.1	39487.4	39486.9
O16	14895.1	0.315503	81532.9	32551	32549.9
O16	14895.1	0.356006	40083.8	3167.03	3166.12
O16	14895.1	0.403193	86998.5	37563.3	37562.4
O16	14895.1	1.25781	81513.7	31164.7	31163.2
O16	14895.1	0.197307	41949.1	2146.06	2145.84
O16	14895.1	0.24069	98123.1	45017.5	45016.9
O16	14895.1	0.362482	56732.7	16891.6	16891
Mg26	24196.5	0.15567	43478.7	5325.82	5325.13
Mg24	22335.8	0.455355	41861.9	4348.67	4348.21
O16	14895.1	0.213528	37011.3	1953.99	1953.61
Mg24	22335.8	0.252815	98793.6	45592.1	45591.6
Mg24	22335.8	0.203805	83467.5	35394.6	35394.4
Fe56	52089.8	0.0724115	66082.9	22176.1	22175.8
O16	14895.1	0.405577	90336.1	40126.7	40126.2
O16	14895.1	0.449169	85417.4	37143.6	37142.6
O16	14895.1	0.78915	98729.7	45136.8	45136
Mg25	23268	0.23496	42230.2	2559.43	2558.25
Mg24	22335.8	0.444314	91236.8	40657.5	40656.9
O16	14895.1	0.369788	75053.3	29962.9	29962.5
O16	14895.1	0.260442	69731.2	26597.1	26596.8
Mg24	22335.8	0.197402	64920.9	22271.7	22270
Si28	26053.2	0.671893	34690	1501.46	1500.54
Si28	26053.2	0.145411	95524.4	43581.8	43581.5
Si28	26053.2	0.373329	80291.5	31439.4	31438.5
O16	14895.1	0.678518	44614.8	7722.71	7722.02
Mg24	22335.8	0.230427	74023.1	28556.6	28556.2
O16	14895.1	0.260248	60078.9	17530.3	17530
Si28	26053.2	1.28238	71699.5	24052.9	24051.3
O16	14895.1	0.437523	45052.3	5284.62	5284.14
O16	14895.1	0.246456	42004.8	3219.56	3219.01
O16	14895.1	0.383172	97310	44594.1	44593.7
O16	14895.1	0.204226	70810.2	26340.8	26340.5
O16	14895.1	0.196262	99632.8	45613	45612.7
Mg24	22335.8	0.203627	93162.6	41688	41687.6
O16	14895.1	0.680601	87747.8	38386	38385.2
O16	14895.1	0.471367	66240.9	22051	22050.5
Si30	27913.2	0.169388	82052.3	32611.4	32609.7
O16	14895.1	0.228029	73348.9	26244.5	26244.3
O16	14895.1	0.19888	62360.7	14973.3	14972.6
O18	16762	0.423218	78587.6	31667.2	31666.6
O16	14895.1	0.44213	79480.9	28817.6	28817.1
O16	14895.1	1.03399	47271.2	168.861	167.706
O16	14895.1	0.390864	99468.2	46034.7	46034
O16	14895.1	0.197111	54314.5	9935.13	9934.77
Fe54	50231.2	0.0656595	89141.5	38763	38762.9
Si29	26984.3	0.123324	76345.2	28392.9	28392.4
O16	14895.1	0.513721	75487.7	27837.8	27837.1
neutron	939.565	273.306	70202.1	24448	23908
neutron	939.565	227.751	70202.1	24448	23908
N13	12111.2	0.94258	70202.1	24448	23908
O16	14895.1	0.412894	98440.5	40672.4	40670.3
Si28	26053.2	0.385157	97499.9	40051.6	40051.2
O16	14895.1	0.323925	66444	13062.1	13061.2
O16	14895.1	0.502768	96393.1	44258.6	44257.6
Mg26	24196.5	0.456355	95994.4	44059.8	43776.8
O16	14895.1	0.442704	51808.9	10154.9	10153.5
O16	14895.1	0.435343	98630	45630.9	45629.9
Mg25	23268	0.254276	86304.8	35407.6	35407.1
Si28	26053.2	0.248686	67758.5	21555.1	21554.1
Fe56	52089.8	0.0635008	45668.2	6007.06	6006.62
O16	14895.1	0.282279	63051.6	4360.91	4360.48
O16	14895.1	0.538015	88304.2	38171.5	38170.5
Si28	26053.2	0.143259	47564.3	7802.18	7801.89
Si28	26053.2	0.2637	82279.6	28863	28862.6
O16	14895.1	0.376512	54905.3	11787.5	11786.6
O16	14895.1	0.669826	69753.3	23756.4	23755.3
Si28	26053.2	0.244539	60391.6	20257.5	20257.1
O16	14895.1	0.766698	95486.4	43176.7	43174.7
Mg24	22335.8	0.583098	75021.1	29383.6	29382.6
neutron	939.565	134.446	71618.8	27342	25793.4
neutron	939.565	34.1214	71618.8	27342	25793.4
neutron	939.565	14.8803	71618.8	27342	25793.4
alpha	3727.38	8.22736	71618.8	27342	25793.4
alpha	3727.38	9.78243	71618.8	27342	25793.4
O16	14895.1	0.409775	51529.5	9242.63	9241.95
O16	14895.1	0.268414	42909.5	3429.08	3428.24
O16	14895.1	0.487466	88429.9	38457	38455.8
O16	14895.1	0.327182	85665	36534.7	36533.9
O16	14895.1	0.23675	61816.1	19572.4	19571.2
Si28	26053.2	0.174226	58904.9	17746.9	17746.1
Mg24	22335.8	0.183431	97139.9	44461.5	44461
Mg24	22335.8	0.370977	95239.6	42751.4	42750.5
Si28	26053.2	0.139097	92805.5	41385.5	41385
Si28	26053.2	0.149013	69509.1	25490.6	25490
Fe56	52089.8	0.0603374	53784.6	11769.8	11769.7
O16	14895.1	0.681237	68918.9	19799.6	19798.8
O16	14895.1	0.246552	97225.1	44795.9	44795
O16	14895.1	0.258555	83749.5	35162.7	35162.3
O16	14895.1	0.300506	98883.8	45290.3	45289.1
O16	14895.1	0.307563	84368.8	34211.7	34211.1
Mg24	22335.8	0.215084	82970.3	33278.8	33278.3
O16	14895.1	0.740833	75385.3	28569.6	28568.7
O16	14895.1	0.223178	62569.5	19040.2	19039.9
O16	14895.1	0.220009	86361.9	33730.4	33729.6
Mg26	24196.5	0.297183	51551	10637.1	10633.7
Fe56	52089.8	0.0613039	94012.5	42262.7	42262.1
Si28	26053.2	0.161857	52539.6	12710.4	12710.1
Mg24	22335.8	0.247011	85911.9	34756.3	34755.4
O16	14895.1	0.969489	62381.1	18554.4	18553.5
Mg24	22335.8	0.210384	97527.2	44723	44722.8
O16	14895.1	0.250295	95191	43129.5	43128.7
Si28	26053.2	0.224951	72273.5	26998.4	26997.6
Si28	26053.2	0.258708	52234.5	12229.1	12228.5
Fe56	52089.8	0.0599671	71917.5	23235	23234.9
O16	14895.1	0.254171	48476.1	7174.24	7173.64
Al27	25126.5	0.526809	82738.6	31963.9	31619.8
O16	14895.1	0.350161	71865.1	24946.9	24946.1
O16	14895.1	0.462355	63204.9	18960.5	18959.7
O16	14895.1	2.12958	43871.4	647.913	645.768
Si28	26053.2	0.277672	99916.6	46371.3	46370.8
neutron	939.565	295.303	95340.6	42466.3	42030.2
Ne21	19550.5	0.751901	95340.6	42466.3	42030.2
Si28	26053.2	0.361859	63085.8	20831.1	20830.4
neutron	939.565	1.45524	68307.2	16557.6	15691.9
C13	12109.5	1.05709	68307.2	16557.6	15691.9
Si28	26053.2	0.163078	44375.3	260.365	260.017
O16	14895.1	0.299086	71510.4	23403.4	23403.1
O16	14895.1	0.277589	69668.2	22126.1	22125.3
O16	14895.1	0.207797	54141.2	12009.1	12008.3
Mg24	22335.8	0.199712	53190.1	12982.8	12981.7
Mg24	22335.8	0.131165	41141.3	3584.7	3584.53
Mg24	22335.8	0.144536	80651.1	30811	30810.8
O16	14895.1	0.338565	78084	31038.9	31038.4
Si28	26053.2	0.152946	97658.3	44043	44042.6
O16	14895.1	0.513864	87723.9	35776.2	35775.6
O16	14895.1	0.225268	69107	23309.2	23308.8
Si28	26053.2	0.589661	58005.1	14384	14383.3
O16	14895.1	0.993473	62288.6	20051.1	20049.8
Si28	26053.2	0.113046	55189.4	15183.4	15182.8
O16	14895.1	0.299741	47107.7	9087.3	9086.99
O16	14895.1	0.206097	33358.5	72.5278	72.2854
Si28	26053.2	0.29432	92340.5	39900	39899.5
O16	14895.1	0.264089	60605.2	18477	18475.7
O16	14895.1	0.225454	50771.5	11577.4	11577.2
O16	14895.1	0.433968	99988.1	46331.9	46331.4
Mg24	22335.8	0.300251	88897.8	37011.8	37011.4
O16	14895.1	0.314909	85865.3	35179.2	35178.3
O16	14895.1	0.368726	45046.2	447.65	447.276
Si28	26053.2	0.30712	58046	17087.3	17085.9
Fe56	52089.8	0.0638718	42036.6	4831.54	4831.36
O16	14895.1	0.411324	98878.5	45755.8	45755.4
O16	14895.1	0.522354	87607.4	35716.2	35715.1
O16	14895.1	4.72951	64329.7	19453.5	19448.7
Mg24	22335.8	0.357279	44307.3	6206.47	6205.69
Si28	26053.2	0.332887	79715.5	31400.9	31400.5
O16	14895.1	0.794258	86581.7	36726	36724.6
Mg24	22335.8	0.23738	59861	17721.8	17720.9
O16	14895.1	0.227592	48673.3	10047	10046.7
Fe56	52089.8	0.120434	89556.6	37400.3	37400.1
O16	14895.1	0.521335	76516.3	27608.1	27607.6
O16	14895.1	0.260902	75971.4	27219	27218.3
Si28	26053.2	0.139207	72204.6	24295.3	24295.1
O16	14895.1	0.326943	70047.9	22641.6	22641.3
O16	14895.1	0.389685	62042.5	17476.6	17476.1
O16	14895.1	0.64161	57067.6	13585.6	13584.8
Mg24	22335.8	0.172551	35926.6	283.64	281.517
Si28	26053.2	0.142686	57181	15765.3	15764.7
O16	14895.1	0.606674	55860.3	14644.3	14642.8
Si28	26053.2	0.149291	40482.8	3997.5	3996.5
neutron	939.565	121.054	50421.2	10216.3	9786.23
neutron	939.565	120.376	50421.2	10216.3	9786.23
neutron	939.565	1.83177	50421.2	10216.3	9786.23
alpha	3727.38	8.21043	50421.2	10216.3	9786.23
alpha	3727.38	13.9645	50421.2	10216.3	9786.23
N14	13040.2	7.3388	50421.2	10216.3	9786.23
O16	14895.1	0.210765	70269.7	17607.2	17606.6
O16	14895.1	0.280543	62151.7	12169.4	12168.5
Mg24	22335.8	0.351652	96826.3	43509.8	43509
O16	14895.1	0.292056	64751.6	15407	15406.5
Si28	26053.2	0.478492	57712.8	9776.65	9774.7
O16	14895.1	0.375068	91889.8	40726.4	40725.6
O16	14895.1	0.198783	69451.1	26504.3	26503.7
Si28	26053.2	0.126323	40938.2	5080.83	5080.6
neutron	939.565	141.312	72105.4	26730.3	26496.8
neutron	939.565	51.269	72105.4	26730.3	26496.8
N13	12111.2	0.288956	72105.4	26730.3	26496.8
Si28	26053.2	0.108391	46125.6	6809.97	6809.35
O16	14895.1	0.318959	81816.8	34387.5	34385.9
Si28	26053.2	0.21082	80937.2	33772.4	33772.1
Mg24	22335.8	0.271702	79192.4	32692	32691.6
Mg24	22335.8	0.217078	65339.9	22882.8	22882.6
Fe56	52089.8	0.134325	44587.1	431.436	430.615
Fe56	52089.8	0.0656095	48537.2	959.319	958.912
O16	14895.1	0.538222	96222.9	43510.3	43509.6
Mg24	22335.8	0.245325	97376.2	44799.3	44799
O16	14895.1	0.336893	91282.1	40642.5	40641.7
Si28	26053.2	0.36155	54566.8	11173.1	11172.1
O16	14895.1	0.226257	53881.2	10716.8	10716
O16	14895.1	0.452565	92685.8	40001	40000.5
O16	14895.1	0.331296	76511.5	27869.8	27869.4
Mg24	22335.8	0.216268	82228.1	34006.6	34005.1
O16	14895.1	1.03737	55902.5	17242.5	17241.4
O16	14895.1	5.54048	78827	11109	11103.2
Fe56	52089.8	0.1465	93046.9	41976.6	41976.2
Si28	26053.2	0.172628	69451.6	26198.5	26197.9
Mg24	22335.8	0.183295	51402.3	12754.3	12753.9
O16	14895.1	0.307876	35331.6	2009.65	2008.52
O16	14895.1	0.612113	85544.2	32125.6	32124.8
Si28	26053.2	1.52899	85219.1	31938.3	31936.6
neutron	939.565	571.794	91353.3	41069.2	39760
neutron	939.565	46.1547	91353.3	41069.2	39760
neutron	939.565	17.6531	91353.3	41069.2	39760
Ne19	17695	2.74396	91353.3	41069.2	39760
Si28	26053.2	4.77101	68504.4	24475.5	24470.6
O16	14895.1	1.10211	45316.5	4273.02	4271.76
Si28	26053.2	0.184265	41388.7	1925.31	1924.65
neutron	939.565	0.746323	65573.1	19520	19230.5
neutron	939.565	0.375588	65573.1	19520	19230.5
Mg24	22335.8	1.16812	65573.1	19520	19230.5
O16	14895.1	0.27806	58218.3	14016.4	14015.9
Mg24	22335.8	0.230086	58167	13988.6	13988.4
O16	14895.1	0.644116	50759	8931.73	8930.56
O16	14895.1	0.216496	80210.6	30650	30649.7
Mg24	22335.8	0.247847	76559.6	28366.1	28365.6
Si28	26053.2	0.19448	41946.2	4414.68	4414.34
Si27	25130.8	0.0912856	80881.8	31792.1	31202.7
O16	14895.1	0.715824	44247.2	1054.97	1054.17
O16	14895.1	1.35111	86570	32692.1	32690.7
Mg24	22335.8	0.200292	77826.4	26147.4	26147.2
O16	14895.1	0.777611	43405.4	491.588	490.382
Mg24	22335.8	0.17367	45886	9856.54	9856.37
O16	14895.1	0.542686	79620.3	31787.3	31785.8
Mg24	22335.8	0.133943	73907.5	27013	27012.8
O16	14895.1	0.61421	34367.5	92.2937	91.1418
O16	14895.1	0.198853	84906.4	21134.6	21134.2
O16	14895.1	0.469293	70610.3	11652	11651.5
Mg24	22335.8	0.214715	54714.9	14866.6	14866.2
O16	14895.1	0.228164	94734	42716.2	42715.8
O16	14895.1	0.413451	87014.5	36740	36739.4
O16	14895.1	0.226118	66466.3	22588.9	22588.6
Si29	26984.3	0.165726	60120.9	17711.7	17710.9
neutron	939.565	15.9779	96499	44270.4	43874.2
neutron	939.565	8.31052	96499	44270.4	43874.2
alpha	3727.38	18.6499	96499	44270.4	43874.2
alpha	3727.38	32.4984	96499	44270.4	43874.2
alpha	3727.38	3.25794	96499	44270.4	43874.2
neutron	939.565	2.96019	72647.5	23538.5	22689.5
N14	13040.2	0.702294	72647.5	23538.5	22689.5
Si28	26053.2	0.1182	72168	22365.5	22365.4
O16	14895.1	1.37094	46001.7	5093.07	5091.66
O16	14895.1	0.222969	92691.2	40473.2	40472.8
Mg24	22335.8	0.175875	89422.3	38682.8	38682.3
O16	14895.1	0.357143	83466.1	32732.9	32732.3
O16	14895.1	0.194095	59501.3	15957.4	15957.1
O16	14895.1	0.520384	58942.3	15629.1	15628.4
O16	14895.1	0.398292	45135.7	4855.87	4854.73
Si28	26053.2	0.233202	84494.8	36255.5	36255.2
O16	14895.1	0.348597	52337.7	14736	14735.5
Mg25	23268	0.209894	62705.5	19813.9	19813.6
Mg24	22335.8	0.18568	40406.4	4775.06	4774.59
O16	14895.1	0.265752	67599.4	22921.5	22920.9
Si28	26053.2	0.129336	40972.3	3980.57	3980.36
O16	14895.1	0.424626	79218.8	29305.1	29304.6
Mg24	22335.8	1.77928	76828	26768.6	26766.1
Mg24	22335.8	0.197927	72192	23622.3	23621.6
O16	14895.1	0.293575	89516.3	39757.5	39757.1
O16	14895.1	0.472799	83055.5	20469.3	20468.6
Mg24	22335.8	0.398205	76415.3	16537.5	16537.1
Si28	26053.2	0.184048	61009.2	6980.3	6979.92
O16	14895.1	0.237387	56644.2	4118.73	4118.32
Mg26	24196.5	1.71665	50689.4	12312.3	12310.5
Si28	26053.2	0.143095	46186.2	6853.67	6853.06
O16	14895.1	0.38063	43004.6	4839.25	4838.68
Si28	26053.2	0.14355	73818.9	28425.8	28425.5
O16	14895.1	0.235291	32872.5	950.043	949.55
O16	14895.1	0.821965	87227.9	36050	36048.8
O16	14895.1	0.330896	91973.7	38621.5	38620.8
neutron	939.565	11.7243	57914.2	12488.5	12183.7
neutron	939.565	9.25466	57914.2	12488.5	12183.7
neutron	939.565	2.86919	57914.2	12488.5	12183.7
O18	16762	2.34187	57914.2	12488.5	12183.7
O16	14895.1	0.459356	39642.2	238.277	237.469
O16	14895.1	0.282272	48706.9	6186.14	6185.72
Mg24	22335.8	0.13928	48225.6	5888.22	5887.76
O16	14895.1	0.210315	99639.9	46185.2	46185
O16	14895.1	0.278669	73187.8	26878.7	26877.9
O16	14895.1	0.22942	54567	15191	15190.1
Si28	26053.2	0.136089	89585.1	39325.5	39324.7
O16	14895.1	0.34425	73855.1	28579.4	28578.7
Mg24	22335.8	0.153717	74709.2	29115.7	29114.8
Mg26	24196.5	0.131783	44832.9	8370.03	8369.62
Si28	26053.2	0.156311	94233.8	39188.4	39188.3
O16	14895.1	0.252952	70320.5	25723.5	25722.9
Mg25	23268	0.873136	59182.3	13793.5	13792.6
O16	14895.1	0.237447	87774.9	37250.4	37250.1
O16	14895.1	0.644781	79489.9	13978.2	13976.6
O16	14895.1	1.28622	68568.3	5892.82	5890.95
Mg25	23268	0.435906	54300.9	14948.9	14948.3
Si28	26053.2	0.172842	98451.8	45439.9	45439.6
O16	14895.1	0.194234	89318.3	39464.4	39463.5
neutron	939.565	131.736	75842.1	29637.8	29104.1
neutron	939.565	5.08108	75842.1	29637.8	29104.1
neutron	939.565	0.686492	75842.1	29637.8	29104.1
O18	16762	0.987346	75842.1	29637.8	29104.1
Si28	26053.2	0.149394	68635.5	24350.9	24350.6
Mg24	22335.8	0.34117	66382.8	22113.4	22112.4
O16	14895.1	0.257195	95947.9	43816	43815.6
O16	14895.1	0.191349	43482.9	6316.26	6315.36
O16	14895.1	0.318112	79972.3	30545.9	30545.6
O16	14895.1	0.884145	61865	18325.7	18324.7
O16	14895.1	0.926487	58578.7	15722.2	15720.8
O16	14895.1	0.302742	68200.3	24213.4	24213
Si28	26053.2	0.147795	66984.7	23459.2	23458.5
O16	14895.1	0.916069	64943.8	22161.2	22159.6
Si28	26053.2	0.165152	60155.8	18975.9	18975.5
Mg25	23268	0.146014	42423.9	3760.5	3760.32
Mg25	23268	0.213928	38513.5	1355.08	1354.67
Si28	26053.2	0.109621	96302.8	43117.4	43116.6
O16	14895.1	0.388996	63297.6	15755	15754.6
O16	14895.1	0.200756	51725.3	8550.43	8550.22
O16	14895.1	0.418683	49856.5	7261.91	7261.04
neutron	939.565	36.4473	48447	6477.86	6103.42
C13	12109.5	8.72595	48447	6477.86	6103.42
O16	14895.1	0.561694	71470.6	27411.8	27411.1
Si28	26053.2	0.165238	50865.4	11593.9	11593.5
Mg24	22335.8	0.167049	93980.6	42483.7	42482.4
neutron	939.565	567.228	91365.8	40777	37277.3
C13	12109.5	1.66865	91365.8	40777	37277.3
Si28	26053.2	0.110568	63974	15412.6	15412.4
O16	14895.1	0.389115	43560.8	1935.26	1934.59
Si30	27913.2	0.129728	96139.8	43879.4	43879.2
O16	14895.1	0.236461	45972.5	8433.39	8433.1
neutron	939.565	5.1158	91387.8	38643	32456.9
neutron	939.565	4.50261	91387.8	38643	32456.9
neutron	939.565	2.37889	91387.8	38643	32456.9
alpha	3727.38	8.75169	91387.8	38643	32456.9
Ne20	18617.7	1.3596	91387.8	38643	32456.9
Fe56	52089.8	0.0638645	62695.7	13292.4	13292.3
neutron	939.565	3.94226	68190.9	23502.1	21512.7
neutron	939.565	0.800768	68190.9	23502.1	21512.7
C12	11174.9	1.46574	68190.9	23502.1	21512.7
O16	14895.1	1.30455	60665.4	15531.8	15530.2
Si28	26053.2	0.319665	38158.4	506.069	505.665
Mg24	22335.8	0.130314	56592.6	15843.3	15843.1
O16	14895.1	0.241425	37306.5	2562.7	2561.99
Si29	26984.3	0.170802	39443.4	2654	2653.64
O16	14895.1	0.384684	38994.1	2276.75	2275.72
O16	14895.1	0.223076	92076.7	40602	40601.7
Mg26	24196.5	0.199649	69358.2	25062.9	25061.8
O16	14895.1	0.492966	36417	1883.29	1882.77
Si28	26053.2	0.218804	49177.3	9360.97	9360.37
O16	14895.1	0.717564	79318.8	30544.6	30543.4
Mg24	22335.8	0.145633	74026.5	27123.2	27122.6
Mg24	22335.8	0.215746	84913	35799.1	35798.4
Mg24	22335.8	0.206628	66317.5	23952.5	23951.5
O16	14895.1	0.211366	35033.9	3943.87	3942.76
Si28	26053.2	0.21416	85105.3	31525.7	31525.3
Si28	26053.2	0.113237	68859.2	17177.4	17177.1
neutron	939.565	33.1716	83410.6	33587.7	24720.5
alpha	3727.38	4.63207	83410.6	33587.7	24720.5
O16	14895.1	11.1051	83410.6	33587.7	24720.5
Mg25	23268	0.140513	48190.2	6859.52	6859.23
O16	14895.1	0.189692	39671.9	1085.44	1084.75
Mg26	24196.5	0.168641	96930.2	44116.4	44116.1
Fe56	52089.8	0.0816567	88581.6	39170.7	39170.1
neutron	939.565	321.089	69886.3	26693.3	24800.4
Ne21	19550.5	0.350602	69886.3	26693.3	24800.4
O16	14895.1	0.369941	47124.6	6526.41	6525.02
O16	14895.1	0.207202	90075.7	36252.9	36252.4
Mg24	22335.8	0.144801	84740.4	32584.6	32584.2
Si28	26053.2	0.14211	71468.2	23577.4	23577
Si28	26053.2	0.109023	70281.3	22834.9	22834.5
Si28	26053.2	0.161268	65900.3	20030.6	20030.2
Mg24	22335.8	0.323425	40420.7	819.615	818.148
Mg24	22335.8	0.215223	96967.6	44248.1	44247.6
O16	14895.1	0.270673	44747.8	6090.36	6089.81
O16	14895.1	0.574975	87272	38087.9	38087.2
O16	14895.1	0.224975	89581.4	39664.6	39664
O16	14895.1	0.708676	75632.1	28144.6	28143.7
O16	14895.1	0.550828	34549.4	811.599	810.767
Si28	26053.2	0.17248	81817.4	34612.5	34612
Mg24	22335.8	0.156227	54771.3	16952.9	16952.6
Mg24	22335.8	0.288299	38813.5	5684.36	5684.03
O16	14895.1	0.196029	89213.9	39238.1	39237.8
O16	14895.1	0.267239	52185.3	12796.8	12795.8
O16	14895.1	3.52514	43597.9	6758	6754.4
O16	14895.1	0.860182	95458	43284.7	43281.7
O16	14895.1	0.270024	55007	14274.4	14273.9
O16	14895.1	10.1932	53764.8	13533.7	13523.1
Mg24	22335.8	0.145884	55720	14990.4	14990
neutron	939.565	1933.54	48030.3	9863.05	6823.3
Al26	24200	1.18799	48030.3	9863.05	6823.3
O16	14895.1	0.287469	90586	39892.5	39891.4
Mg24	22335.8	0.175414	85463.2	36165	36164.3
O16	14895.1	0.253504	82487.2	34307.5	34307.2
Si28	26053.2	0.132154	53231.5	14363	14362.6
O16	14895.1	0.899253	46756	9918.25	9916.79
O16	14895.1	0.226206	76348.6	29003.6	29003.2
Mg24	22335.8	0.146578	69820.8	22605.8	22605.3
O16	14895.1	0.225111	65690.3	20053.2	20052.7
Fe56	52089.8	0.0544058	95011.4	43322.7	43322.3
O16	14895.1	0.787544	81809.9	32808.7	32807.9
O16	14895.1	1.93054	67584.2	21968.4	21966.3
O16	14895.1	0.347867	97208.7	44214.2	44213.8
O16	14895.1	0.365355	52882.7	10612.1	10611.5
Si28	26053.2	0.120132	37930.2	3662.68	3662
O16	14895.1	0.532605	72509.6	22287.4	22286.6
Mg26	24196.5	0.187709	94002.1	42206.5	42206.2
Mg24	22335.8	0.164557	80086.9	32551.2	32551
O16	14895.1	0.352608	39614.4	4450.26	4448.42
O16	14895.1	0.309332	83694	35855.2	35854.8
Si28	26053.2	0.110877	71287	27308.5	27308
O16	14895.1	0.646946	39898.5	3488.27	3486.8
Si28	26053.2	0.160138	56027.8	16260	16259.2
Si28	26053.2	0.535986	99560.8	46159.4	46158.3
O16	14895.1	4.48215	92702	41497.5	41492.9
Fe56	52089.8	0.0851896	77225.7	30787.6	30787.1
Mg24	22335.8	0.314024	76984.4	30647.7	30647.3
O16	14895.1	0.24962	74292.1	28889.7	28888.8
O16	14895.1	0.197499	54576.4	13227.7	13227.2
Mg24	22335.8	0.194707	59163.6	16053.6	16053.2
neutron	939.565	60.3193	43729.2	6358.76	4467.15
neutron	939.565	4.35847	43729.2	6358.76	4467.15
C12	11174.9	2.38188	43729.2	6358.76	4467.15
O16	14895.1	0.321818	96798.3	42526.9	42525.5
O16	14895.1	0.578352	50671.3	3890.77	3889.9
O16	14895.1	1.04594	78207.1	31193	31191.5
O16	14895.1	0.26564	74028	28263.2	28262.3
O16	14895.1	0.19088	83320.8	34577.8	34577.4
O16	14895.1	0.496715	77562.9	22198.5	22197.4
O16	14895.1	0.259246	66791.9	14841	14840
Fe56	52089.8	0.060249	98923.3	45717.7	45717.5
Mg24	22335.8	0.299542	64116.8	22401.6	22400.9
O16	14895.1	0.238063	45765	10036.1	10035.6
neutron	939.565	221.63	96513.8	44126.9	32183.2
neutron	939.565	28.8769	96513.8	44126.9	32183.2
N14	13040.2	5.03865	96513.8	44126.9	32183.2
He3	2808.39	11.2267	96513.8	44126.9	32183.2
alpha	3727.38	2.52416	96513.8	44126.9	32183.2
O16	14895.1	0.304259	89726.4	39473.7	39473.1
Si28	26053.2	0.171819	80230.6	32085.2	32084.8
O16	14895.1	0.72829	68209.6	24022.9	24022.1
Si28	26053.2	0.187541	55233.3	14801.3	14800.8
Si28	26053.2	0.158531	51128.8	12057.3	12057
O16	14895.1	0.20113	96869.8	44528	44527.8
O16	14895.1	0.424166	57860.6	4785.95	4785.19
Si28	26053.2	0.269735	62952.7	18949.5	18948.8
O16	14895.1	0.55759	62784.6	18847.3	18846.7
Si28	26053.2	0.129632	42208.9	4987.94	4987.73
O16	14895.1	0.271355	79199.4	31982.6	31981.7
Mg24	22335.8	4.67371	58702.9	18141.3	18136.1
O16	14895.1	0.231439	54227.4	14973.2	14972.6
O16	14895.1	0.191763	73160.6	22025.4	22024.2
O16	14895.1	0.40729	87775.3	38238.4	38237.5
O16	14895.1	1.48066	72696.7	23528.8	23527.3
Mg25	23268	1.37467	98961.5	45656.8	45655.3
Mg26	24196.5	0.137469	94189.9	42547.4	42547.1
Si28	26053.2	0.124061	70680.5	26027.3	26027
Mg24	22335.8	0.143167	40308.9	5206.8	5206.22
O16	14895.1	0.303742	38523.5	3966.51	3966.18
Si28	26053.2	0.236146	33685.4	939.03	938.608
O16	14895.1	0.222228	33645.8	918.828	917.252
O16	14895.1	0.311007	72755.7	26226.9	26226.2
Mg25	23268	0.135803	51692.9	11176.9	11175.9
O16	14895.1	0.30265	45144.8	6886.14	6885.27
O16	14895.1	0.218053	36051.2	991.265	990.523
O16	14895.1	0.291484	83671.8	34497.3	34496.6
O16	14895.1	0.429106	75890.7	28652.7	28652.2
Mg24	22335.8	0.172951	70247.8	24918.2	24917.5
O16	14895.1	0.549128	57792.1	16489.9	16489.4
N14	13040.2	2.96146	67270.3	22570.6	22280.2
Mg26	24196.5	0.119063	54471.2	11977.4	11976.6
O16	14895.1	0.468749	74226	21608.6	21607.1
Si28	26053.2	0.134565	94282.3	42491.7	42491.4
Mg24	22335.8	0.239013	59879	20018.1	20016.9
Si28	26053.2	0.120449	52131.1	14387.5	14386.9
neutron	939.565	334.872	47737.9	11461.2	9851.25
Mg25	23268	0.598278	47737.9	11461.2	9851.25
Si28	26053.2	0.155966	80265.5	30651	30648.5
Si28	26053.2	0.179884	79538.5	23388.2	23387.6
Si30	27913.2	0.180134	48240.9	783.856	783.674
Mg24	22335.8	0.297959	71554.4	25060.7	25060.1
O16	14895.1	1.14267	87667.5	35245.9	35244.7
Mg25	23268	0.168157	37323.2	1383.53	1383.03
Si28	26053.2	0.152251	86771.4	38222.4	38222.2
O16	14895.1	0.225733	84609.6	36900.4	36899.9
neutron	939.565	102.319	71033.1	27486.2	26913.8
neutron	939.565	3.94495	71033.1	27486.2	26913.8
B10	9324.44	4.12197	71033.1	27486.2	26913.8
O16	14895.1	0.337022	70940.5	26865.5	26864.8
O16	14895.1	0.251659	83315.3	35711.6	35711.2
Fe56	52089.8	0.111292	80909.5	34171.6	34171.4
Si28	26053.2	0.115813	72452.6	28916.2	28915.7
Si28	26053.2	0.134348	69437.8	24807.7	24807.4
Mg24	22335.8	0.202707	66606.4	23149.8	23148.8
Mg24	22335.8	0.142243	81660.4	33631.8	33631.7
Mg26	24196.5	0.127533	36174.5	555.989	554.991
Si30	27913.2	0.104437	39421.2	3158.12	3157.96
O16	14895.1	0.393979	32774.3	291.145	288.605
Mg24	22335.8	0.257042	54604.9	14450.8	14450.3
alpha	3727.38	3.70917	85245.7	33439.6	33016.5
C12	11174.9	5.64737	85245.7	33439.6	33016.5
O16	14895.1	0.294315	80450.1	29995.2	29994.3
Mg24	22335.8	0.134839	94319.9	42284.3	42284.1
Si28	26053.2	0.271206	91905	39577	39576.3
O16	14895.1	0.392079	79185.8	30584.4	30584
Mg24	22335.8	0.241132	37715.8	210.419	209.75
O16	14895.1	0.852513	42590.2	3252.86	3250.63
Si28	26053.2	0.299732	77257.3	29783.5	29782.7
O16	14895.1	0.242596	99118.3	45873.3	45872.3
Mg24	22335.8	0.169609	77054.6	30753.9	30753.3
Si28	26053.2	0.245331	76086.6	30172.9	30172
Mg24	22335.8	0.221634	65764.8	19570.2	19568.8
Si28	26053.2	0.222945	56917.3	13497.2	13496.9
O16	14895.1	0.236808	52203.3	10402.2	10401.8
O16	14895.1	0.397081	76433.2	29325.5	29325
Mg24	22335.8	0.171827	66609.4	20461.6	20461.3
Mg24	22335.8	0.311379	47197.9	9189.85	9188.82
O18	16762	0.305521	63744	15512.4	15512
O16	14895.1	1.793	55041	8387.02	8384.9
Si28	26053.2	0.276315	43776.1	1612.52	1612.16
O16	14895.1	0.209251	82969.9	35519.8	35518.7
Fe54	50231.2	0.0810217	75860.6	30337.8	30337.7
O16	14895.1	0.21189	59834.8	19942.6	19942.3
O16	14895.1	0.643555	59283.4	19639.4	19638.4
O16	14895.1	0.482111	89545.9	38161.1	38160.5
Mg26	24196.5	0.233161	77136.8	28085.7	28085.3
Si30	27913.2	0.212914	58331.7	13947.9	13947.6
O16	14895.1	0.307113	73712.5	27677.5	27676.4
Mg24	22335.8	1.11769	66209.3	22775	22773.6
Mg26	24196.5	1.30128	84262.6	34987.7	34986.4
O16	14895.1	0.262365	90226.4	37314.4	37313.7
O16	14895.1	0.292569	59216.5	12673.1	12672.7
Si28	26053.2	1.05888	42032.7	1082.47	1079.68
Si28	26053.2	0.218465	87329.2	37793.9	37793.7
O16	14895.1	0.494508	71221	26912.4	26911.5
Si28	26053.2	0.139466	67782.4	24503.1	24502.8
Fe56	52089.8	0.0674921	55578.3	15845.3	15845
O16	14895.1	0.191254	48313.2	11215	11213.9
O16	14895.1	0.302947	35595	2753.19	2752.88
Mg24	22335.8	0.211572	75386.8	29381.5	29381.2
O16	14895.1	0.224689	78107.2	31688.8	31688
O16	14895.1	0.189589	49209.5	11344.6	11343.8
O16	14895.1	0.98405	31905.3	69.9099	68.4075
Si28	26053.2	0.274126	74096.6	27037.1	27036.5
Si28	26053.2	0.244705	59039.9	19310	19309
Mg24	22335.8	0.210984	97689.7	45006.6	45006
Fe56	52089.8	0.227237	76086.8	25684.1	25683.8
Si28	26053.2	0.139886	95436.2	43373.9	43373.6
O16	14895.1	0.204689	82791.4	34989.9	34989.1
Mg24	22335.8	0.196545	75788.7	29106.4	29106.1
Mg24	22335.8	0.127946	52394.1	12075.9	12075.6
Si28	26053.2	0.127807	88955.4	39316.2	39315.9
neutron	939.565	59.5728	64772.3	18738.3	18062
Na23	21409.2	1.86937	64772.3	18738.3	18062
Si28	26053.2	0.271756	80732.8	29191.4	29191
Si28	26053.2	0.118066	55793.3	9234.56	9234.43
Si28	26053.2	0.632996	45872.4	7359.38	7358.53
Mg26	24196.5	0.124605	91884	40691.9	40691.4
Mg24	22335.8	1.00146	80306.5	32701.4	32700
O16	14895.1	0.475941	52863.5	14059.8	14058.9
Fe56	52089.8	0.0613898	52821.6	10351.7	10350.7
O16	14895.1	0.216669	44012.2	4165.59	4164.52
O16	14895.1	0.263756	59370.2	8944.75	8944.42
Mg24	22335.8	0.496051	51367.7	3926.18	3925.31
Si30	27913.2	0.153531	78656.4	30738	30737.7
Mg24	22335.8	0.384	63158.5	17978.2	17977.5
O16	14895.1	0.223332	47974	8065.32	8064.94
O16	14895.1	0.215269	56023.3	15765.1	15764.4
O16	14895.1	0.246712	79935.9	32254.7	32254.2
O16	14895.1	0.302811	68316.1	24242	24241.7
Si28	26053.2	0.149341	49813.8	10339.2	10338.4
Si28	26053.2	0.195206	86235.7	37251.5	37249.6
Mg24	22335.8	0.440003	61027.2	18727.4	18727
O16	14895.1	0.540074	39036.1	2377.26	2376.34
O16	14895.1	0.192684	35879.5	504.195	503.916
Si28	26053.2	0.241065	74915.4	10275.6	10275.1
O16	14895.1	0.202358	65630.1	4306.71	4306.39
O16	14895.1	0.295177	99403.7	46099.5	46098.3
O16	14895.1	0.346641	95731.3	43351.4	43351
O16	14895.1	0.28697	80700.2	32121.8	32121.4
neutron	939.565	3353.26	72538.7	26671.2	21101.3
C13	12109.5	0.185651	72538.7	26671.2	21101.3
Si28	26053.2	0.136936	93041.8	41944.7	41944
O16	14895.1	0.814931	86956.2	37627	37626
Mg26	24196.5	0.130722	62670.5	20819.6	20819.3
Mg24	22335.8	0.703295	91515.1	39989.5	39988.5
O16	14895.1	0.300523	42993.4	4203.83	4203.09
Fe56	52089.8	0.0558013	88146.9	36969.4	36969.3
Mg24	22335.8	0.505692	84571.9	34334.1	34333.3
O16	14895.1	0.534885	96490.1	44189.8	44188.8
Si28	26053.2	0.110959	60498.4	14716	14715.3
O16	14895.1	0.231137	89088	38932.3	38931.7
Mg24	22335.8	0.160635	87372.6	37847.2	37846.8
neutron	939.565	91.6652	61880.3	11272	10088.4
neutron	939.565	4.32001	61880.3	11272	10088.4
N14	13040.2	0.428522	61880.3	11272	10088.4
O16	14895.1	0.28752	49052.4	1935.13	1934.54
O16	14895.1	0.225531	76530.9	29996.3	29995.9
Mg24	22335.8	0.353913	42764.9	7338.16	7337.76
O16	14895.1	1.3127	41194.8	6284.84	6282.68
Mg24	22335.8	0.163863	96853.9	43950.3	43949.6
Si28	26053.2	0.229198	75393.9	28858.6	28858.2
Si28	26053.2	0.668223	72509	26716.9	26716
O16	14895.1	0.532569	51302.2	13194.8	13194.2
Fe56	52089.8	0.0658023	34043.9	472.53	471.906
Mg24	22335.8	0.418633	95362	43380.6	43380.2
Si28	26053.2	0.11672	43071.7	2795.87	2795.64
Si28	26053.2	0.113964	39408	478.781	476.993
O16	14895.1	0.96662	90623.6	40319.4	40318.5
Mg26	24196.5	0.147166	87958.3	38185.5	38184.5
O16	14895.1	0.23439	69938.2	25194.7	25194.4
O16	14895.1	0.20437	38442.4	3545.58	3545.05
O18	16762	0.217286	99506.3	46105	46104.6
Si28	26053.2	0.430977	67469.5	20955	20954.4
Na22	20482.1	1.29776	63170.4	17229.2	16951.6
O16	14895.1	0.40082	37161.1	1365.63	1365.09
O16	14895.1	0.412057	96399.6	44269.1	44268.7
O16	14895.1	0.381794	80196.9	30606.7	30605.8
O16	14895.1	0.434727	50119.8	10012.8	10012.2
Mg24	22335.8	0.233006	78538.2	31101.3	31101
O16	14895.1	0.258473	73693.7	28033.4	28033.1
O16	14895.1	0.285956	55062.3	12747.2	12746.7
O16	14895.1	0.494069	94770.4	42975.8	42974.9
neutron	939.565	33.8855	87430	37226.4	36889.9
neutron	939.565	3.36128	87430	37226.4	36889.9
C12	11174.9	3.0947	87430	37226.4	36889.9
Si28	26053.2	0.340094	49358	5186.15	5185.21
Mg24	22335.8	0.208032	64797.2	17459.3	17459.1
Mg24	22335.8	0.143461	69746.3	25355.7	25355.4
O16	14895.1	0.379532	52463	12691.6	12691
Si28	26053.2	0.225068	49242.2	10344.7	10344.5
O16	14895.1	0.220469	44845.5	7467.61	7466.89
Si28	26053.2	0.122686	41092.4	5147.77	5147.39
O16	14895.1	0.400473	39137.1	3978.57	3976.91
O16	14895.1	0.293086	81931.8	33249.3	33248.6
O16	14895.1	0.556919	71333.6	16758.4	16757.7
Mg26	24196.5	0.377074	82827.8	27585.5	27584.9
N14	13040.2	1.6825	76135.1	23245	23023.7
O16	14895.1	0.220559	62252.9	13360.9	13360.3
Mg24	22335.8	0.193596	59155.1	11494.5	11493.8
O16	14895.1	1.61313	53990.1	8266.61	8264.87
Mg24	22335.8	0.160903	72539	27740	27739.8
neutron	939.565	3.95976	54413.6	15467.8	14088.5
C13	12109.5	0.394044	54413.6	15467.8	14088.5
Mg24	22335.8	0.137978	40963.9	4069.36	4068.6
neutron	939.565	1357.52	80841.5	34460.9	31496.6
N14	13040.2	0.136403	80841.5	34460.9	31496.6
O16	14895.1	0.195189	65334.5	20478.5	20478.3
O16	14895.1	0.251509	79774.8	31623.9	31623.5
Mg25	23268	0.185426	79608.9	31527.2	31526.8
Si28	26053.2	0.170142	62919	17824.8	17824.1
O16	14895.1	0.257921	52366.7	10619.9	10619.6
O16	14895.1	0.271174	51557.7	8612.17	8611.08
neutron	939.565	40.7631	92086.7	40331	36928.6
neutron	939.565	5.88368	92086.7	40331	36928.6
C11	10254	4.80122	92086.7	40331	36928.6
Mg25	23268	0.194597	72027.2	19256.5	19256.2
O16	14895.1	0.330649	47183	2594.43	2593.93
Si28	26053.2	1.27074	84961.1	34461.1	34459.4
neutron	939.565	398.696	72109.6	26189	10948.2
neutron	939.565	214.718	72109.6	26189	10948.2
alpha	3727.38	7.74889	72109.6	26189	10948.2
alpha	3727.38	8.97205	72109.6	26189	10948.2
alpha	3727.38	5.22961	72109.6	26189	10948.2
O16	14895.1	0.207063	63501.6	5812.64	5812.13
O16	14895.1	0.237716	87309.2	38096.7	38096.4
Fe56	52089.8	0.0978008	65842	17589	17588.7
Mg24	22335.8	0.152628	52234.9	6959.35	6958.9
Mg24	22335.8	0.130327	48022.9	9909.22	9909.09
O16	14895.1	0.26339	69328.8	24556.2	24555.7
O16	14895.1	0.473399	54324.9	14734.4	14732.7
O16	14895.1	0.442212	96096.3	43881	43879.5
O16	14895.1	0.921906	79504.4	31693	31691.6
O16	14895.1	0.635586	68394.9	23743.2	23742.5
Si28	26053.2	0.178913	43616.7	4146.53	4146.3
O16	14895.1	0.286935	39749	1662.85	1662.46
O16	14895.1	0.543083	81985.7	33604	33603.1
O16	14895.1	0.245397	83453.3	34510.4	34509.9
O15	13971.2	1.38134	60701.3	14310.3	13986.3
O16	14895.1	0.243947	55615.1	10280	10279.6
Si30	27913.2	0.140986	85512.7	36319.1	36319
O16	14895.1	0.366576	45412.1	5840.59	5839.9
Mg24	22335.8	0.283315	73226.1	24807.4	24806.6
Fe56	52089.8	0.0832072	48327.1	4514.3	4514.01
Si28	26053.2	0.211906	93379.9	41203.7	41203.2
Mg24	22335.8	0.222372	73328.9	28256	28255.6
O16	14895.1	0.396078	64626.2	17579.5	17579
O16	14895.1	0.250052	45840.7	5813.78	5813.31
neutron	939.565	233.13	97841.5	44929.4	44586.5
neutron	939.565	1.93938	97841.5	44929.4	44586.5
N13	12111.2	0.525041	97841.5	44929.4	44586.5
O16	14895.1	0.385998	65039.9	21229.3	21228.1
Mg24	22335.8	0.210225	69891.3	25637.5	25637.3
O16	14895.1	1.51982	65195.1	22544.1	22542.5
O16	14895.1	0.26709	56274.1	15961.5	15961.2
O16	14895.1	0.440074	46280.7	9377.4	9376.8
O16	14895.1	0.288904	97934.5	45096.4	45095.5
Si28	26053.2	0.189269	92810.7	41428.4	41428.1
Si28	26053.2	0.150383	32707.1	1443.84	1443.39
Si28	26053.2	0.132974	44904.2	8231.13	8230.97
O16	14895.1	0.261604	42525.5	6731.23	6730.92
Si28	26053.2	0.112409	60827.3	17760.2	17759.4
O16	14895.1	0.48467	47946.1	8587.75	8587.07
O16	14895.1	0.228615	66569.2	20526.9	20526.6
Fe56	52089.8	0.287497	64504.8	19257.4	19256.5
O16	14895.1	0.572848	50802.5	8798.44	8797.82
Si28	26053.2	0.113398	93036.3	42005.2	42004.9
Si28	26053.2	0.139875	63587.5	18766.9	18766.5
O16	14895.1	0.577521	52059.9	11251	11250.2
O16	14895.1	0.220571	50938.4	10576	10575.1
O16	14895.1	0.232269	81806.7	34307.6	34307
neutron	939.565	935.982	53977.3	14215.7	6149.19
neutron	939.565	10.0247	53977.3	14215.7	6149.19
He3	2808.39	8.00096	53977.3	14215.7	6149.19
alpha	3727.38	15.6296	53977.3	14215.7	6149.19
alpha	3727.38	7.01797	53977.3	14215.7	6149.19
O16	14895.1	0.840825	94877.8	42018.4	42016.5
O16	14895.1	0.203978	60097.7	17428.1	17427.1
Si28	26053.2	0.117081	67988.9	21625.5	21625.3
O16	14895.1	0.240851	59389.6	15979.7	15979.1
Fe56	52089.8	0.0655031	46681.5	4863.17	4862.56
O16	14895.1	0.611799	56298.2	13043	13042.3
O16	14895.1	3.82621	54050.1	3519.08	3514.71
Mg24	22335.8	0.159782	95492.6	42267.1	42266.9
O16	14895.1	0.243673	79050.8	29700.9	29700.2
O16	14895.1	0.274006	55984.7	12293.5	12292.8
O16	14895.1	1.27277	47393.3	8322.86	8320.78
Mg24	22335.8	0.261879	94609.8	43225.8	43224.9
O16	14895.1	0.450379	81087.2	33579	33578.5
Si28	26053.2	0.151202	47946.4	7607.81	7607.54
O16	14895.1	0.888727	96593.7	43375.1	43374.1
neutron	939.565	405.942	92335.1	40660.1	40084.7
C12	11174.9	1.31466	92335.1	40660.1	40084.7
O16	14895.1	0.246325	37496.3	650.104	649.009
Si28	26053.2	0.57719	92556.1	40799.3	40798.4
Mg24	22335.8	0.411292	70928.2	24948.8	24948.1
Mg24	22335.8	0.249055	61171.5	18120.3	18119.8
O16	14895.1	0.237458	58148.9	16232.9	16230.4
O16	14895.1	0.206952	49915.2	11205	11203.9
neutron	939.565	1.87963	82113.7	33415.5	32733.8
C13	12109.5	0.21847	82113.7	33415.5	32733.8
alpha	3727.38	11.2186	66755.4	22792.9	22171.5
alpha	3727.38	3.77534	66755.4	22792.9	22171.5
Be8	7454.85	10.7965	66755.4	22792.9	22171.5
Mg26	24196.5	0.16718	59719.3	16235.9	16234.9
Si28	26053.2	0.128689	45550.7	6890.28	6889.79
O16	14895.1	0.796918	92936	41725.4	41723.8
O16	14895.1	0.193711	70779.4	25805.8	25805.1
O16	14895.1	0.270589	56609.6	16203.8	16203
Si28	26053.2	0.249673	46115.6	9595.8	9595.51
Fe56	52089.8	0.0814357	75936.6	29719.8	29719.3
Mg26	24196.5	0.245678	74306.2	28561.4	28561.1
Mg25	23268	0.531637	76057	27849.5	27848.2
Si28	26053.2	0.119811	51776.9	11582.9	11582.6
O16	14895.1	0.212706	44096.1	6283.35	6283.11
O16	14895.1	0.458708	40976.2	4162	4160.98
Mg24	22335.8	0.2646	36028.7	1131.06	1129.75
O16	14895.1	0.343289	79300.6	32279.4	32278.7
Mg24	22335.8	0.343359	64748.3	20744.8	20744.4
O16	14895.1	0.27866	37779.9	1388.6	1386.8
neutron	939.565	6.1624	68540.4	24258	22478.1
alpha	3727.38	11.5994	68540.4	24258	22478.1
alpha	3727.38	5.46876	68540.4	24258	22478.1
alpha	3727.38	2.90623	68540.4	24258	22478.1
Si28	26053.2	0.179014	49813	9502.37	9502.03
O16	14895.1	0.281685	45934.9	6678.73	6678.43
Si28	26053.2	0.27434	92945.8	42026.1	42024.9
O16	14895.1	0.232021	91821.1	41372.8	41372.1
O16	14895.1	0.262933	68981.6	24881.3	24879.7
Mg24	22335.8	0.176405	67858.4	24113.7	24113.3
Mg24	22335.8	0.225545	99454.2	46042.4	46040.5
Si28	26053.2	0.136673	55557.5	11188.5	11186.1
neutron	939.565	213.892	87007.8	35697.9	35370.5
neutron	939.565	5.47925	87007.8	35697.9	35370.5
C12	11174.9	4.13149	87007.8	35697.9	35370.5
Si28	26053.2	0.158333	84702.1	33925.1	33924.9
O16	14895.1	0.195958	61016.2	17100.5	17100.2
Mg25	23268	0.278676	79319.9	30992.7	30992.1
O16	14895.1	0.926424	91941.7	40835.3	40834.2
neutron	939.565	103.478	83175.7	34865.4	34408.7
N14	13040.2	0.422906	83175.7	34865.4	34408.7
Si28	26053.2	0.391262	70782.8	26592.9	26592.4
Mg24	22335.8	0.58217	49744.5	13409.6	13408.9
Si28	26053.2	0.123018	34150	3144.47	3143.01
O16	14895.1	0.523538	94756.7	43076.9	43075.9
O16	14895.1	0.284676	97982.2	44973.5	44972.7
O16	14895.1	0.315355	48345.4	2515.1	2514.78
Si28	26053.2	0.331286	79595.1	32389.3	32388.9
Mg24	22335.8	0.304606	50979.5	12759.7	12759.2
O16	14895.1	0.266242	93432	41003.4	41002.9
Si28	26053.2	0.138248	81317.7	21897.1	21896.3
O16	14895.1	0.264969	41582.2	5513.96	5512.66
Si28	26053.2	0.523136	97912.6	44950	44948.8
O16	14895.1	0.581407	83904.8	35324.8	35324.1
O16	14895.1	0.19574	38658.9	4422.08	4421.78
Si28	26053.2	0.125166	92513	41628.7	41627.5
Fe56	52089.8	0.075816	90373.3	40320.2	40319.9
Si28	26053.2	0.398722	43241.4	8721.9	8721.37
Mg24	22335.8	0.143159	76259.7	30506.7	30506.2
Mg26	24196.5	0.154675	39315.4	4602.69	4601.78
Mg25	23268	0.228067	95011.2	42837.5	42835.8
O16	14895.1	0.227783	88886.7	38935.9	38935.6
Fe56	52089.8	0.118937	83864.2	30225.6	30225.5
O16	14895.1	0.272718	60778.5	14514.8	14514.3
Si28	26053.2	0.729033	45739.7	3371.37	3370.46
O16	14895.1	0.562096	91056	39114	39113.4
Si28	26053.2	0.398764	57205.3	12228.3	12227.6
Si28	26053.2	0.114322	90920.3	40217.4	40216.7
O16	14895.1	0.197233	75288.9	27253.6	27253.3
Mg25	23268	0.165054	75074.9	27071.4	27070.8
Si28	26053.2	0.427859	66140.3	18329.2	18328.6
Mg24	22335.8	0.137822	63687.2	15164.5	15163
neutron	939.565	281.733	95436.7	43469	43036.8
neutron	939.565	111.072	95436.7	43469	43036.8
N13	12111.2	0.670489	95436.7	43469	43036.8
Mg24	22335.8	0.21964	59976.1	17819.8	17818.9
Si28	26053.2	0.133992	47613.3	8561.99	8561.76
O16	14895.1	0.199351	41375	4167.83	4167.46
O16	14895.1	0.269524	77896.3	27554.5	27553.9
neutron	939.565	6.4272	63607.8	12628.7	12331.9
Mg26	24196.5	1.23462	63607.8	12628.7	12331.9
O16	14895.1	0.441173	93333.8	40365	40364.5
O16	14895.1	0.24275	42730.3	4904.61	4903.45
O16	14895.1	0.205192	45584	9050.48	9049.68
O16	14895.1	0.348588	80392	28967.8	28967.4
O16	14895.1	1.2201	92362.1	38226.8	38225.5
O16	14895.1	0.29788	68396.2	21995.8	21995.4
Fe54	50231.2	0.105556	61699.1	17744.1	17743.2
O16	14895.1	0.273455	42458	5181.32	5180.97
neutron	939.565	83.6006	86744	35850	33071.5
Ne22	20479.7	0.537871	86744	35850	33071.5
Mg24	22335.8	0.294858	94587.5	43087.6	43086.1
Mg24	22335.8	1.34646	34556	799.318	797.675
O16	14895.1	0.320936	63736.1	18909.1	18908.8
O16	14895.1	0.208807	49746.6	9616.82	9616.5
O16	14895.1	1.0277	70384.4	26737.1	26735.6
Si28	26053.2	0.112872	78782.3	30327.3	30327.1
Mg24	22335.8	0.186372	99789.7	46265.9	46265.5
Fe56	52089.8	0.0647822	55044.7	16680	16679
O16	14895.1	0.249563	45442.7	9445.95	9445.41
Si28	26053.2	0.15493	40831.1	6401.79	6401.47
O16	14895.1	0.280696	71968.5	27467.3	27466.9
Mg24	22335.8	0.352005	94136.7	42397.1	42395.9
O16	14895.1	0.619636	60976.8	18807.8	18806.9
O16	14895.1	0.240604	72593.5	28257.8	28257.2
Mg25	23268	0.127826	65745.9	23745.3	23744.9
O16	14895.1	0.59726	70101.8	22725.7	22724.8
O16	14895.1	5.30519	59757.8	16263.4	16257.3
O16	14895.1	0.688196	38854.3	2248.76	2247.93
Mg24	22335.8	0.507739	86285.3	37164.3	37163.2
O16	14895.1	0.40834	86593.3	37571.7	37571.3
Mg24	22335.8	0.171599	83581.1	35563.6	35562.3
Mg24	22335.8	0.194516	59626.5	19534.1	19533.1
O16	14895.1	0.386572	52108.4	14019.4	14018.7
Si30	27913.2	0.305934	66315.8	10737.1	10736.6
O16	14895.1	0.387374	55948.6	3599.71	3599.24
O16	14895.1	0.695757	51985.2	11073.3	11072.3
O16	14895.1	0.434462	94793.7	42670.5	42669.9
O16	14895.1	0.434846	49185.8	6925.18	6924.52
O16	14895.1	0.196758	38205.8	510.49	509.906
Si28	26053.2	0.145007	77037	30647.3	30646.9
O16	14895.1	0.248226	46101.8	7311.06	7309.96
O16	14895.1	1.55603	82591.7	34599	34597
O16	14895.1	0.283097	65215.6	21964.3	21963.9
Si28	26053.2	0.119278	48109.2	10440.3	10440
Mg26	24196.5	0.309097	55766.7	16699.2	16698.8
neutron	939.565	3.35547	37992.9	3245.55	2555.01
C14	13040.9	0.500668	37992.9	3245.55	2555.01
neutron	939.565	195.483	86851.2	33909	33406.2
C13	12109.5	2.88527	86851.2	33909	33406.2
Si28	26053.2	0.335314	82059.8	30163.8	30163.2
Mg24	22335.8	0.128807	96529.9	43896.9	43896.5
Si28	26053.2	0.170358	96387.3	43823.4	43823
Si28	26053.2	0.1122	89981.4	38258.1	38257.6
O16	14895.1	0.274965	75869.1	28853.4	28852.3
O16	14895.1	0.195278	68105	23571.1	23569.5
Si28	26053.2	0.132208	45463.7	9601.25	9601.11
O16	14895.1	0.304194	44838	9232.17	9231.41
Si30	27913.2	0.147108	94533.9	42719.4	42719.2
O16	14895.1	0.318386	94171.2	42508	42507.5
Si28	26053.2	0.119191	67063.4	14503.4	14502.9
O16	14895.1	0.426712	57822.9	7264.03	7263.33
O16	14895.1	0.361389	72426.5	28312	28310.8
Fe56	52089.8	0.186617	67090.1	23712.9	23711.2
O16	14895.1	0.717583	72390.4	28115.5	28114.1
O16	14895.1	0.366157	58868.7	19159.6	19159.1
Mg26	24196.5	0.162888	45575.3	10592.1	10591.8
Mg25	23268	0.148769	78993.3	28733.2	28732.9
O16	14895.1	0.373151	49349.2	9755.14	9754.65
O16	14895.1	0.44604	49720.8	7988.73	7987.76
O16	14895.1	0.904992	91649.7	40350.7	40349.6
neutron	939.565	79.9	64320.2	20490.4	19779.9
Na25	23272.4	0.907385	64320.2	20490.4	19779.9
O16	14895.1	0.319926	74617.1	28321.1	28320.7
Si28	26053.2	0.226786	56875.6	12891.5	12891.2
O16	14895.1	0.541059	81718	33748.9	33747.9
O16	14895.1	0.452153	64953.4	22584.6	22583.9
O16	14895.1	0.195785	49062.7	12757.6	12757.3
O16	14895.1	1.1495	36084.3	4539.77	4538.4
O16	14895.1	0.224489	33340.7	180.328	180.019
O16	14895.1	0.209355	97994.7	44620.6	44620
O16	14895.1	0.247026	91510.2	38935.2	38934.3
O16	14895.1	0.941333	60551	6453.99	6452.79
O16	14895.1	0.249309	95103.9	43093.1	43092.2
Mg24	22335.8	0.160534	89445.5	39261.9	39261.2
Si28	26053.2	1.24995	48496.4	10837	10834.9
O16	14895.1	0.220406	36365.3	2876.4	2875.85
O16	14895.1	0.204494	98720.7	45548.5	45548.3
O16	14895.1	0.596057	96981.5	44538.1	44536.7
O16	14895.1	0.519522	87672.5	37676.2	37675.4
Mg24	22335.8	0.163584	46819.1	8424.34	8424.07
neutron	939.565	4.26576	98724.9	45327.4	45064.2
alpha	3727.38	1.63696	98724.9	45327.4	45064.2
B11	10252.5	3.96787	98724.9	45327.4	45064.2
Mg24	22335.8	0.130093	73909	28869.8	28869.1
Si28	26053.2	0.20328	59628.2	19365.2	19364.8
Mg24	22335.8	0.375943	56965.9	11977.5	11977.1
Fe56	52089.8	0.117992	96071.7	43161.7	43161
Si28	26053.2	0.260668	61846.4	19381	19380.7
Si28	26053.2	0.123784	69990.5	25727.2	25726.7
Mg24	22335.8	0.167885	69049.6	25156.2	25155.4
O16	14895.1	0.226888	65598.2	22817.6	22817.2
O16	14895.1	0.230832	97753	45137.4	45136.9
O16	14895.1	1.11005	86828.2	37916.1	37914.3
O16	14895.1	0.233915	52473.3	14318.2	14317.8
O16	14895.1	0.473041	39491.6	5820.54	5819.94
O16	14895.1	0.211785	86252.4	36681.2	36680.8
neutron	939.565	9.91917	84072	35160.6	34948.2
C14	13040.9	1.52384	84072	35160.6	34948.2
Si28	26053.2	0.187619	64483.6	21020.9	21020.6
Fe56	52089.8	0.05646	63085.6	20184.1	20183.9
O16	14895.1	0.382122	43871	7877.11	7876
O16	14895.1	0.279369	92651.1	40891.4	40891.1
O16	14895.1	0.509821	41045.2	1736.81	1736.25
Si28	26053.2	0.193914	94438	42830.1	42829.4
O16	14895.1	0.51988	91830.8	41110.3	41109.7
O16	14895.1	0.488749	84964.5	36706	36704.8
O16	14895.1	0.234346	51109.2	9940.55	9940.14
O16	14895.1	0.294685	40162.2	3074.76	3074.27
neutron	939.565	189.918	92203.4	39663.8	31677
neutron	939.565	61.3669	92203.4	39663.8	31677
neutron	939.565	35.6434	92203.4	39663.8	31677
neutron	939.565	27.9798	92203.4	39663.8	31677
neutron	939.565	23.6755	92203.4	39663.8	31677
neutron	939.565	11.232	92203.4	39663.8	31677
neutron	939.565	9.65432	92203.4	39663.8	31677
alpha	3727.38	21.2558	92203.4	39663.8	31677
Si28	26053.2	0.111015	62958.9	12024.3	12024.1
Si28	26053.2	0.130461	69046.2	24741.3	24741.1
O16	14895.1	0.474784	67568	22718.2	22717.2
O16	14895.1	0.282828	45059.5	5839.91	5839.34
Fe56	52089.8	0.14276	92247.8	41100.2	41098.9
O16	14895.1	0.192431	91394.8	40552.7	40552.1
Si29	26984.3	0.111316	73609.8	28321.4	28321.2
O16	14895.1	0.356491	72354.5	27552.1	27551.6
C14	13040.9	0.0841223	94813.4	43134.7	40254
O16	14895.1	0.221302	82603.1	31714.4	31713.9
O16	14895.1	0.257502	37128.2	1281.62	1280.98
Mg24	22335.8	0.147423	69308.8	25920.1	25919.8
Mg24	22335.8	0.380239	65794.1	23662.6	23660.6
O16	14895.1	2.2346	77507.7	30589.6	30587
O16	14895.1	0.475354	77050.7	30294.8	30294.2
Mg24	22335.8	0.129052	60520.8	18512.2	18511.7
O16	14895.1	0.204414	59436.5	17731.4	17731.1
Si28	26053.2	0.114323	56736.4	16183.2	16182.9
O16	14895.1	0.263964	41407.8	6130.69	6129.13
Mg24	22335.8	0.197524	40068.1	5292.52	5292.01
Si28	26053.2	0.3233	35555.7	2549.49	2548.84
Mg25	23268	0.460737	47772.6	8083.49	8082.81
O16	14895.1	0.324859	65050	20985.7	20985.3
Si28	26053.2	0.123113	64391.7	20585.4	20584.4
O16	14895.1	0.318491	50679.5	10018.3	10017.6
O16	14895.1	0.195476	97665.2	45084	45083.8
Si28	26053.2	0.11836	99070.5	45817.6	45817.2
Si29	26984.3	0.29464	88786.6	37718.6	37717.9
Mg26	24196.5	0.422992	52796.3	15500	15499.3
O16	14895.1	0.262277	96390.8	43867.3	43866.8
Si28	26053.2	0.120409	37433.9	2437.52	2436.93
Mg24	22335.8	0.182431	81229.9	34465	34464.3
O16	14895.1	0.369564	98365.9	45384.7	45384
Mg24	22335.8	0.150109	68991.7	25469.3	25468.9
Mg24	22335.8	0.14177	55562.1	16571.3	16571
Mg24	22335.8	0.19447	39750.3	5962.91	5962.28
Si28	26053.2	0.112558	39087.5	5535.8	5535.45
O16	14895.1	0.427266	60058.1	19104.9	19103.7
O16	14895.1	0.685948	57150.2	17285.9	17285.1
O16	14895.1	0.276286	48921.5	10815.9	10815.3
Fe56	52089.8	0.074941	86169.6	35053.2	35052.7
O16	14895.1	0.278844	40482.5	2210.32	2209.65
O16	14895.1	0.26577	46466.7	9311.09	9309.95
O16	14895.1	1.91295	89288.9	37608.3	37606.3
O16	14895.1	0.243594	79159.3	27123.2	27122.9
O16	14895.1	0.231513	69233.4	20727.7	20727.2
Mg24	22335.8	0.172568	79218.5	28846.6	28846.1
O16	14895.1	0.227829	49518.7	1605.65	1604.94
O16	14895.1	0.360767	95376.7	42741.8	42741.3
Si28	26053.2	0.122439	91687.8	40463	40462.7
O16	14895.1	0.196462	93201.7	41541.4	41540.8
O16	14895.1	0.303594	39347.2	80.5246	79.7724
Si28	26053.2	0.192834	51142.2	12493.2	12492.6
Mg24	22335.8	0.293309	40461.6	5545.17	5544.72
O16	14895.1	0.23213	92232.3	41304.3	41304.1
Si28	26053.2	0.205659	80217.9	33665.5	33665.2
O16	14895.1	0.276515	65397.8	23977.6	23976.3
O16	14895.1	0.282202	35172.9	2118.71	2118.32
O16	14895.1	0.474923	67943.6	24641.1	24639.6
O16	14895.1	0.427691	55872.8	16353.2	16352.7
O16	14895.1	0.346262	59542.9	15844	15843.5
O16	14895.1	0.766148	45157.7	5711.09	5710.24
Fe56	52089.8	0.0864013	43058.5	6394.05	6393.88
O16	14895.1	0.759912	45571.6	2967.36	2966.34
O16	14895.1	0.326338	62235.3	16887.7	16887
Si28	26053.2	0.114329	83343.6	33803.6	33803
O16	14895.1	0.391924	61066.9	19001.5	19000.9
O16	14895.1	0.213067	56640.5	18603.2	18603
O16	14895.1	0.451074	56157	18335.1	18334.1
Mg24	22335.8	0.143469	53081.4	16461.1	16460.5
O16	14895.1	0.298536	52547.4	16135.3	16134.6
O16	14895.1	0.248484	99831.2	46306.7	46306.1
Si28	26053.2	0.169158	95356.3	43145.4	43144.9
Mg24	22335.8	0.49653	90016.7	38620.1	38619.3
Mg24	22335.8	0.220845	84924.5	33542.3	33541.2
Mg24	22335.8	2.70096	61892.2	13702.1	13699.1
Si28	26053.2	0.221592	41868.5	922.894	922.6
Mg26	24196.5	0.319699	94980.3	43172	43171
neutron	939.565	1602.32	61995.7	17617	14875.6
neutron	939.565	1095.56	61995.7	17617	14875.6
N13	12111.2	0.858789	61995.7	17617	14875.6
Mg24	22335.8	0.134597	99069.8	45861.4	45861.2
O16	14895.1	0.661471	72383.4	22160.4	22159.7
O16	14895.1	0.280689	83081.6	31745	31744.6
neutron	939.565	153.116	82644.8	31501.5	30349.3
neutron	939.565	36.0233	82644.8	31501.5	30349.3
neutron	939.565	17.4594	82644.8	31501.5	30349.3
neutron	939.565	5.1511	82644.8	31501.5	30349.3
alpha	3727.38	10.158	82644.8	31501.5	30349.3
He3	2808.39	3.48799	82644.8	31501.5	30349.3
C12	11174.9	1.74202	50221.9	8112.28	7778.2
O16	14895.1	0.215848	63885.6	17741.1	17740.1
O16	14895.1	0.32175	86883.6	36936	36935
neutron	939.565	10.299	44897	6601.37	6238.81
neutron	939.565	0.683977	44897	6601.37	6238.81
N14	13040.2	1.88397	44897	6601.37	6238.81
Si28	26053.2	0.155888	59506	14310.7	14310.2
Mg24	22335.8	0.219999	55629	11748	11747.8
Mg24	22335.8	0.139975	53482.5	10381.8	10381.5
O16	14895.1	0.27168	40891.3	2212.47	2211.93
Si28	26053.2	0.1821	38294.3	660.423	660.191
Si29	26984.3	0.138321	60476.5	15569	15568.8
O16	14895.1	1.96669	58091.6	14103.7	14101.7
Si28	26053.2	0.161823	64135	17521.1	17520.7
O16	14895.1	0.231371	50123.2	8689.58	8688.72
neutron	939.565	9.89843	83823.5	34859.1	34635.1
alpha	3727.38	6.75214	83823.5	34859.1	34635.1
Be8	7454.85	1.99142	83823.5	34859.1	34635.1
O16	14895.1	0.211191	53812.3	11157.5	11157.2
Mg26	24196.5	0.281662	72331.4	25091.9	25090.6
O16	14895.1	0.198942	39012	2702.72	2702.33
Fe56	52089.8	0.110485	34811.5	212.498	212.3
O16	14895.1	0.232238	97234.5	44752.6	44752.4
Fe56	52089.8	0.0833112	96665.1	44362.5	44362
O16	14895.1	0.430064	92514.6	41572.1	41571.6
Mg24	22335.8	0.194079	71140.4	25219.5	25219.2
O16	14895.1	0.498866	67024.8	22663.8	22663.2
Si28	26053.2	0.222179	92100.3	39156.1	39155.5
O16	14895.1	0.500172	91090.6	39453.8	39453.2
O16	14895.1	0.372203	62820.2	19800.5	19800.1
Si28	26053.2	0.151943	49233.3	10248.9	10248.5
Fe56	52089.8	0.0861067	42937.2	4893.53	4893.13
Si28	26053.2	0.35011	42582.1	4680.51	4679.89
Mg24	22335.8	0.620735	84431.2	33695.6	33692.3
Si28	26053.2	0.308657	52191.6	7474.67	7474.35
O15	13971.2	0.244426	59766.4	11373.4	10987.2
O16	14895.1	0.850994	59077.7	10589.3	10588.3
Mg24	22335.8	0.210196	89983.9	39748.3	39747.8
neutron	939.565	255.511	60647.8	18046.6	17477.9
neutron	939.565	3.34025	60647.8	18046.6	17477.9
alpha	3727.38	6.79568	60647.8	18046.6	17477.9
alpha	3727.38	3.94242	60647.8	18046.6	17477.9
alpha	3727.38	9.42867	60647.8	18046.6	17477.9
O16	14895.1	0.194201	44272.7	2765.47	2764.97
O16	14895.1	0.440042	39287	2432.03	2431.24
O16	14895.1	0.340082	39799.2	3471.92	3471.28
Mg24	22335.8	1.64534	71204.3	24318.3	24316.5
O16	14895.1	0.193283	49278.8	7744.91	7744.61
O16	14895.1	0.532567	97279.2	44436	44435.1
O16	14895.1	0.739883	64429.3	20648.6	20647.3
Mg24	22335.8	0.139897	36093.9	2525.97	2525.44
neutron	939.565	310.976	72509.2	28057.3	27156
neutron	939.565	10.2925	72509.2	28057.3	27156
neutron	939.565	0.93646	72509.2	28057.3	27156
alpha	3727.38	4.66928	72509.2	28057.3	27156
O16	14895.1	2.36875	72509.2	28057.3	27156
Si28	26053.2	0.200885	61634.9	20338.4	20338.1
O16	14895.1	0.314375	59983.3	19272.6	19271.9
O16	14895.1	0.640336	59511.6	18984.1	18983.4
O16	14895.1	0.550999	91295.1	40267.1	40266.2
Mg25	23268	0.122715	61513.3	16270.8	16270.6
Mg25	23268	0.314274	51933.6	10326.6	10325.4
O16	14895.1	0.245377	97627.4	44808.4	44807.7
Mg24	22335.8	0.192718	86765.6	37647.5	37646.6
O16	14895.1	0.245905	40351.6	4919.23	4918.38
O16	14895.1	0.319742	61123.9	16790.3	16789.3
O16	14895.1	0.423626	99146.2	45617.5	45616.9
O16	14895.1	0.191972	93988.5	42428.6	42428.1
O16	14895.1	0.254375	45604.1	6254.94	6254.54
Fe56	52089.8	0.348476	94681.1	42500.5	42500.1
O16	14895.1	0.396134	41059.2	3382.31	3381.82
O16	14895.1	0.324429	55599.6	15066.1	15064.8
Si28	26053.2	0.118417	94083	42518.6	42517.8
Si28	26053.2	0.280842	80789.4	32247.4	32247.1
Mg24	22335.8	0.189538	53454	14288.5	14288.3
O16	14895.1	0.224108	37039.7	3639.05	3638.33
Si29	26984.3	0.145992	31572.3	121.974	121.492
Na22	20482.1	0.600154	90591	40452.3	38880.8
Mg24	22335.8	0.553864	57157.1	11807	11805.5
O16	14895.1	0.201832	84799.3	36321.4	36320.7
O16	14895.1	0.31222	74142.9	27199.1	27197.8
O16	14895.1	0.578353	54344.1	3341.81	3341.11
O16	14895.1	0.299874	63660.1	20007.3	20007
neutron	939.565	267.744	76035.9	29746.6	28674.2
N14	13040.2	0.299773	76035.9	29746.6	28674.2
Fe56	52089.8	0.0542643	89301.4	39608.3	39607.5
O16	14895.1	0.457264	76478	28162.5	28161.5
Si28	26053.2	0.198889	78895.3	30986.7	30986.1
neutron	939.565	205.318	66620.8	21724.3	402.031
neutron	939.565	7.56986	66620.8	21724.3	402.031
alpha	3727.38	4.72495	66620.8	21724.3	402.031
He6	5605.53	0.752579	66620.8	21724.3	402.031
Si28	26053.2	0.150624	99100.1	45723.2	45722.5
O16	14895.1	0.707903	65696.4	21655.2	21654
O16	14895.1	0.263081	85300.5	35587.3	35587
O16	14895.1	0.285701	97063.3	44574.5	44573.8
O16	14895.1	0.329979	49813.2	11522.5	11522.2
Si29	26984.3	0.15364	88304.5	38317.7	38317.6
O16	14895.1	0.207471	50175.8	6377.63	6377.04
O16	14895.1	0.259963	90186.6	39851.9	39851
Si28	26053.2	0.160315	60648.3	17046.7	17046.2
Si28	26053.2	0.140721	44475.2	3101.13	3100.44
Si28	26053.2	0.185613	96954.5	44270.9	44270.4
O16	14895.1	0.404392	99167.3	45795.6	45794.7
Si28	26053.2	0.117354	92363.7	41517.2	41516.3
Si28	26053.2	0.112341	87798.9	38400	38399.7
Si28	26053.2	0.214241	87722.3	38357.3	38357.1
Si28	26053.2	0.12473	76122.6	31092.6	31091.8
O16	14895.1	0.438589	39761.6	3225.82	3225.26
Si28	26053.2	0.32977	77244.6	31033.7	31033.3
Si28	26053.2	0.113185	66499.5	22739.6	22739.4
O16	14895.1	0.492994	92942.7	41462.6	41462.1
O16	14895.1	0.252387	59223.2	18298.7	18297.7
Mg26	24196.5	0.167826	85392.5	34165.9	34165.5
Si28	26053.2	0.188613	41918.3	4101.86	4101.52
O16	14895.1	14.3216	81825.1	34258.6	34243.8
O16	14895.1	0.261598	70058.4	26458.7	26458.2
O16	14895.1	0.44115	62570.3	21505.7	21504.4
O16	14895.1	0.265191	42411.1	7475.58	7474.95
O16	14895.1	0.209567	87517.1	38383.2	38382.9
O16	14895.1	1.08653	57836.6	18361.5	18360.4
O16	14895.1	0.529749	80031.7	32517.7	32516.9
Mg24	22335.8	0.223119	68732.5	16611.4	16611.2
O16	14895.1	0.24601	97437.3	44776.6	44775.6
O16	14895.1	0.290346	96157.8	42674.9	42673.6
Si28	26053.2	0.141155	61572	18225.3	18224.9
O16	14895.1	0.25277	88905.3	38232.3	38231.6
O16	14895.1	0.530277	75470.5	26261.9	26261.3
neutron	939.565	150.254	52620.1	9952.2	1446.99
neutron	939.565	2.55772	52620.1	9952.2	1446.99
Mg24	22335.8	0.668746	52620.1	9952.2	1446.99
Mg24	22335.8	0.131929	68812.4	24013	24010.7
O16	14895.1	1.57791	50167.7	11604.8	11602.9
O16	14895.1	0.576148	88385.7	38445.3	38443.5
Mg24	22335.8	0.16357	57109.2	16865.8	16864.6
Si28	26053.2	0.511134	56673.1	16609.8	16609.2
Si28	26053.2	0.128296	44475.7	8605.37	8605.23
Si28	26053.2	0.218976	87001.3	34937.2	34936.9
O16	14895.1	0.249497	62072.6	16823.2	16822.8
Si28	26053.2	0.468561	60654	15895.5	15894.9
O16	14895.1	0.831272	49697.9	10278.9	10277.2
Mg24	22335.8	0.163053	97274.7	44549	44548.7
Fe56	52089.8	3.76515	91135.4	40648.2	40644.2
Si28	26053.2	0.128796	90053.1	39990.3	39990.1
Si28	26053.2	0.205314	86769	37697.3	37696.9
Mg24	22335.8	0.487954	75368.1	28892.7	28891.4
Mg24	22335.8	0.200777	66967.5	22166.4	22165.9
Fe56	52089.8	0.109262	59151.6	16260.5	16259.5
O16	14895.1	0.241613	99353.2	45989.5	45989
O16	14895.1	0.232663	91054.2	39971.8	39971.5
Si28	26053.2	0.181938	85642.1	36302.9	36302.7
O16	14895.1	0.251915	66645.4	21909.1	21908.7
O16	14895.1	0.223525	51864.4	13494.4	13492.6
O16	14895.1	0.33485	45464.9	9670.1	9669.67
O16	14895.1	0.256793	40350.4	5536.97	5536.2
Si28	26053.2	0.287234	90343.4	39724.5	39724.2
Si28	26053.2	0.18181	85607.1	36799.1	36798.9
O16	14895.1	0.22052	71269	26651.6	26651
Si28	26053.2	0.128463	64844.3	21836.3	21836
Fe56	52089.8	0.0825281	44382.8	8276.52	8275.56
Si28	26053.2	0.157173	39179.7	4786.39	4785.93
Si28	26053.2	0.255432	87537.4	37835	37834.4
O16	14895.1	2.92774	85869.5	36780	36775.6
Mg24	22335.8	0.21181	83136	34558.7	34558.5
Fe56	52089.8	0.292286	77234.5	30694.8	30694.3
Si29	26984.3	0.150438	66610	22875.1	22873.7
O16	14895.1	0.646795	61658.7	19364.6	19363.9
N15	13968.9	0.0645695	81470	33541	32643.8
O16	14895.1	0.48099	72697.9	27169.8	27168.9
O16	14895.1	0.21496	58150.2	16628.1	16627.6
Fe56	52089.8	0.158484	52320.7	13065.2	13064.8
O16	14895.1	0.563158	93729.6	42280.4	42279.1
O16	14895.1	0.278227	76838	30946.4	30945.9
O16	14895.1	2.04233	71880.4	27777.5	27775.2
O16	14895.1	0.428062	96262.2	43782	43781.4
Si28	26053.2	0.116845	66390.9	22767.7	22767.4
Si28	26053.2	0.744226	56645	16179.3	16177.7
O16	14895.1	0.224696	46945.7	9765.83	9765.26
Si28	26053.2	0.268987	53405.2	12702.8	12702.3
O16	14895.1	0.397117	87476.8	37632.5	37631.9
Si28	26053.2	0.120169	69858.2	23258.7	23257.9
Mg24	22335.8	0.156825	97989.9	44596.7	44596.3
Si28	26053.2	0.1744	47581.2	8774.78	8774.11
Si28	26053.2	0.192792	43873.7	6041.02	6040.71
Si29	26984.3	0.311606	82218	29531.1	29530.7
Si28	26053.2	0.199657	38488.6	1381.45	1381.02
O16	14895.1	1.37382	41703.1	1852.94	1851.48
Si28	26053.2	0.521122	77887	29545	29544.2
Si28	26053.2	0.3545	64563.6	8433.14	8432.78
O16	14895.1	0.773686	84515.5	34246.1	34245.3
Mg24	22335.8	0.172295	61314.8	18180.1	18178.8
Fe56	52089.8	0.115106	86031.8	33270.4	33270.1
O16	14895.1	0.218308	82044.8	29467	29465.9
Si29	26984.3	0.130488	74498.1	28726.8	28726
O16	14895.1	0.320888	55530.7	15256.6	15256
neutron	939.565	148.065	80561.2	33161.5	32339.4
neutron	939.565	50.4873	80561.2	33161.5	32339.4
neutron	939.565	7.96725	80561.2	33161.5	32339.4
N15	13968.9	4.03996	80561.2	33161.5	32339.4
Mg25	23268	0.130403	96049.5	42293.8	42293.6
Mg26	24196.5	0.172621	94947.2	40983	40982.7
O16	14895.1	2.83044	78838.8	28209	28205.8
O16	14895.1	0.214998	68622.7	21123.4	21123.1
Si28	26053.2	0.169813	63262.2	9569.7	9569.29
Si28	26053.2	0.228722	63062.4	9459.28	9458.48
Fe56	52089.8	0.0588144	95791.6	43237.7	43237.2
O16	14895.1	0.326221	84013.2	34588.4	34586.3
O16	14895.1	0.478167	82266.5	33536.3	33535.4
Si28	26053.2	0.127424	58513.9	15956.7	15956.4
O16	14895.1	0.335945	76864.9	30913.7	30912.6
O16	14895.1	0.898389	44278.7	2436.95	2435.3
O16	14895.1	0.202394	87647.5	36019.4	36019.1
O16	14895.1	0.484686	82199.2	32650.5	32650
O16	14895.1	0.196519	51066.5	10836.3	10835.2
O16	14895.1	0.7856	87769.3	38331.4	38330.1
Mg24	22335.8	0.128188	68544.4	18947.1	18946
O16	14895.1	0.287031	84618.5	35899.8	35899.1
Si28	26053.2	0.374296	98881.4	45755.3	45754.5
Si29	26984.3	0.153526	91195.8	40595	40594.7
O16	14895.1	0.724361	96626.5	43931.3	43930.5
O16	14895.1	0.212204	68010.3	25502.9	25502.5
neutron	939.565	41.117	55498.3	17047.2	16470.8
O15	13971.2	0.599923	55498.3	17047.2	16470.8
Mg24	22335.8	0.306543	98582.1	45578.4	45577.3
O16	14895.1	3.72055	43484.5	2358.05	2354.13
O16	14895.1	0.193157	81763.2	33940.6	33940.1
O16	14895.1	0.305801	70622.6	25899.9	25899.5
Mg24	22335.8	0.130644	82035.7	34847.9	34847.5
Si28	26053.2	0.303596	67241.3	25356.6	25356.1
Si28	26053.2	0.111529	31680.9	444.107	443.487
Mg26	24196.5	0.152957	75884	25524.5	25523.9
O16	14895.1	0.573794	73287.2	23178.6	23177.2
Si30	27913.2	0.18864	70087.6	20222.2	20221.8
Si28	26053.2	0.137117	96702	43675.8	43674.2
Si28	26053.2	0.188534	45666.3	6382.84	6382.34
O16	14895.1	0.332212	41324.5	3557.76	3557.17
O16	14895.1	0.702973	76444.1	27991.8	27991.1
O16	14895.1	0.742009	84715.1	34207.5	34206.7
Si28	26053.2	0.599618	43326.4	3078.99	3077.81
Mg24	22335.8	0.129779	77848.4	31363	31362.6
Mg26	24196.5	0.12263	88526.4	38709.5	38709.1
Si28	26053.2	0.111663	47349.9	8812.24	8811.22
neutron	939.565	1071.94	95156.9	43099.8	40568.7
neutron	939.565	962.132	95156.9	43099.8	40568.7
neutron	939.565	193.619	95156.9	43099.8	40568.7
neutron	939.565	181.832	95156.9	43099.8	40568.7
N15	13968.9	0.495035	95156.9	43099.8	40568.7
Si28	26053.2	0.112387	87131.7	34074.7	34074.5
Si28	26053.2	0.377093	81168.4	29935.6	29935
Mg24	22335.8	1.00873	91580.4	41293.3	41292
O16	14895.1	0.579601	76661.8	31271.6	31270.9
Mg24	22335.8	0.155557	64884.7	23384.6	23384.2
O16	14895.1	0.429341	47424.4	12144.7	12144.1
Mg24	22335.8	0.127167	46526	11640.4	11639.9
Fe56	52089.8	0.0843038	94798.6	40940.1	40939.9
neutron	939.565	133.516	94157.5	40556.5	40269.9
neutron	939.565	116.337	94157.5	40556.5	40269.9
O14	13044.8	1.65642	94157.5	40556.5	40269.9
O16	14895.1	0.224704	88756.1	37803.7	37802.6
O16	14895.1	0.407126	68756.3	21833.8	21833.1
Si28	26053.2	0.144332	54678.1	12335	12334.8
neutron	939.565	394.589	66734.3	21468.6	20891.2
Al26	24200	1.21827	66734.3	21468.6	20891.2
Si28	26053.2	0.146041	46687.6	7533.39	7532.95
Mg24	22335.8	0.150617	46369.1	9028.8	9028.4
Mg26	24196.5	0.12432	75627	28488.5	28486.3
Si28	26053.2	0.245964	81176.4	33951.9	33951.5
O16	14895.1	0.884953	52120.5	14148.9	14147.9
Si28	26053.2	0.194152	43693.6	8351.47	8351.1
O16	14895.1	0.198735	75066.4	25100.3	25099
Fe56	52089.8	0.0780145	86460	20954.3	20953.7
Mg24	22335.8	1.78785	82618.1	33383.4	33381.2
Si28	26053.2	0.25219	63026.6	19961.5	19961.2
Si28	26053.2	0.160932	44045	7574.39	7573.29
O16	14895.1	0.453254	80890.6	32188.8	32187.8
O16	14895.1	0.583328	73269	26470.3	26469.5
neutron	939.565	70.8137	62203.5	18788.2	17582.4
He3	2808.39	5.77845	62203.5	18788.2	17582.4
C12	11174.9	3.36708	62203.5	18788.2	17582.4
O16	14895.1	0.20592	45991.1	6164.27	6163.31
Fe56	52089.8	0.133369	82312.4	29431.3	29430
Mg26	24196.5	0.12326	67092.2	18609.6	18609.3
Si28	26053.2	1.34785	60629.7	13864.9	13863.2
Si28	26053.2	0.178042	53992.8	9483.91	9482.99
O16	14895.1	0.551812	83687.9	32447	32446.4
Si29	26984.3	0.372369	94712.3	42095	42094.4
Si28	26053.2	0.183677	58829.1	9436.55	9436.22
O16	14895.1	0.315185	80339.4	31793	31792.4
Fe56	52089.8	0.146826	94866	41068.8	41068.6
O16	14895.1	0.24283	58393.7	15475.3	15474.6
Mg24	22335.8	0.147594	51957.9	9876.53	9876.2
Si28	26053.2	0.422246	49126.2	8310.18	8309.7
O16	14895.1	0.507855	80761.8	33065.2	33064.6
Mg24	22335.8	0.166772	56853.5	15728.8	15728.6
Fe56	52089.8	0.0568527	96355.7	43483.5	43483.4
Si28	26053.2	0.319613	83017.2	32998	32997.6
Mg24	22335.8	0.248778	75310.7	27989.8	27989.2
Si28	26053.2	0.162261	84061.3	35903.1	35902.8
O16	14895.1	0.348409	48943.1	9303.73	9302.6
O16	14895.1	0.210101	62806.4	15850	15849.3
Mg24	22335.8	0.300902	79215.9	32447.1	32446.7
O16	14895.1	0.316047	71919.8	25874.9	25874.3
Si28	26053.2	1.78687	59671.5	18078.3	18075.9
Mg24	22335.8	0.660954	55129	15084.1	15081.9
O16	14895.1	0.345536	36981	3552.08	3551.04
O16	14895.1	0.224239	39261.7	6323.23	6322.25
O16	14895.1	1.90194	98870.3	45769.7	45767.6
O16	14895.1	0.258458	92032.1	41408	41407.7
Si28	26053.2	0.349033	77720.4	30941.7	30941.1
Mg24	22335.8	0.152619	74381.7	29726.1	29725.9
O16	14895.1	0.769814	51740	782.7	781.453
Mg26	24196.5	0.165459	87557.2	38426.7	38426.5
Si28	26053.2	0.133668	65335.7	24551	24550.8
Fe56	52089.8	0.0656864	33164.4	3083.28	3082.93
O16	14895.1	0.274131	99776.8	46260.5	46260.1
Fe56	52089.8	0.0592836	76253.1	28400.2	28398.2
O16	14895.1	0.213262	87786.1	36668.3	36667.9
O16	14895.1	0.247532	66696.4	22369.2	22368.6
O16	14895.1	0.281215	94222.2	42465.3	42464.8
O16	14895.1	0.270854	84119.8	35581.9	35581.6
O16	14895.1	0.37524	43979.8	3557.9	3557.25
Fe56	52089.8	0.0727767	54575.7	13489.6	13488.8
Ne21	19550.5	5.03203	94107	40907.2	27613.6
neutron	939.565	12.014	94107	40907.2	27613.6
neutron	939.565	7.77415	94107	40907.2	27613.6
Si28	26053.2	0.529111	61563.2	6167.97	6166.49
O16	14895.1	0.289503	88553.9	38696	38695.5
Si28	26053.2	0.184872	42507.3	7592.57	7592.2
O16	14895.1	0.31214	95648.2	43614.6	43614.3
Mg24	22335.8	0.352015	85690.8	32045.7	32045.4
Mg26	24196.5	0.199404	63843.9	16257.2	16256.8
Si28	26053.2	0.297453	55102.7	10215.2	10214.6
O16	14895.1	0.299286	72954.2	7634.56	7634.12
Fe56	52089.8	0.116959	94673.2	41925.6	41925.4
Si28	26053.2	1.37874	88029.1	38620.9	38618.7
O16	14895.1	0.189351	52556.4	14912.3	14912.1
Fe56	52089.8	0.0573209	76278.1	30941.5	30941.3
O16	14895.1	0.355406	49359.5	12935.2	12933.7
O16	14895.1	0.358746	46466.4	11176.7	11175.6
O16	14895.1	0.327425	96817.8	44242	44241.5
Si28	26053.2	0.149657	53461.1	11651.5	11651.1
O16	14895.1	0.581603	52965.1	11346.8	11346.2
O16	14895.1	0.66254	94228.2	42223.3	42221.9
Si28	26053.2	0.178573	76191.8	22152.3	22150.9
O16	14895.1	0.555679	63039.8	13079.6	13078.8
O16	14895.1	0.223483	57976.9	9824.38	9823.85
neutron	939.565	79.3323	93363.1	41167.6	40943.2
neutron	939.565	3.23651	93363.1	41167.6	40943.2
Na23	21409.2	0.97162	93363.1	41167.6	40943.2
O16	14895.1	0.205459	73871.6	23387.3	23386.7
Si29	26984.3	0.506675	55040.6	4650	4434
O16	14895.1	0.239692	48912.4	458.956	458.697
O16	14895.1	0.280754	86983.2	36048	36046.7
O16	14895.1	0.207068	66929.4	20911	20910.7
Mg24	22335.8	0.151465	38658.5	205.166	204.847
Fe56	52089.8	0.0666443	97143.5	44481.4	44481.1
O16	14895.1	0.235997	77895.2	26139.4	26138.6
O16	14895.1	0.225305	61607.6	15308.9	15308.5
Si28	26053.2	0.382449	51151.1	8214.63	8214.01
Si28	26053.2	0.154853	73767.5	29180.5	29180
Mg24	22335.8	0.354785	44020.2	5025	5024.23
O16	14895.1	0.239869	37272.7	791.862	790.646
O16	14895.1	0.517231	80928.5	33212.5	33212
Mg24	22335.8	0.355827	57117.1	14286.9	14285.8
O16	14895.1	0.223636	53577.4	10630.2	10629.4
Si28	26053.2	0.120668	48131.3	6748.21	6747.96
O16	14895.1	0.356116	63727	19085.4	19084.8
Si28	26053.2	0.135902	81171.1	32767.2	32766.2
O16	14895.1	0.94344	55121.5	15231.8	15230
O16	14895.1	0.208028	45894.6	8390.66	8388.77
O16	14895.1	0.244603	42267.6	5997.05	5996.4
Mg24	22335.8	0.143632	70951.4	27158.5	27158
Mg24	22335.8	0.135414	44280.3	7982.87	7982.47
O16	14895.1	0.191946	81222.9	30055.6	30055.3
O16	14895.1	0.234302	51652.7	7070.76	7069.1
O16	14895.1	0.282849	88232	38319.9	38319
Si28	26053.2	0.140828	52722.2	11428.1	11427.5
O16	14895.1	0.706844	83446	34111.2	34110.4
O16	14895.1	0.31935	80421	30364.9	30364
Mg26	24196.5	0.314737	77541.1	28525.4	28524.3
neutron	939.565	56.6089	51330.8	11549.4	11165.4
C13	12109.5	4.47587	51330.8	11549.4	11165.4
Mg24	22335.8	0.16743	65531.9	23462	23461.5
Si30	27913.2	0.278969	55472.3	15619.6	15618.6
neutron	939.565	744.985	91672.2	40689.5	28876.9
neutron	939.565	125.626	91672.2	40689.5	28876.9
neutron	939.565	30.2178	91672.2	40689.5	28876.9
neutron	939.565	13.5798	91672.2	40689.5	28876.9
He3	2808.39	33.1323	91672.2	40689.5	28876.9
neutron	939.565	222.997	91672.2	40689.5	28876.9
neutron	939.565	19.9302	91672.2	40689.5	28876.9
Si28	26053.2	0.481846	72206	16743.6	16742.6
Si28	26053.2	0.235459	91777.3	40283.9	40283.7
O16	14895.1	0.278221	83640.1	34147.1	34146.6
Si28	26053.2	0.287623	36129.1	2548	2547.51
O16	14895.1	0.375933	67699.9	25120.5	25119.9
Fe56	52089.8	0.0606098	71345	22701.1	22700.1
O16	14895.1	1.15428	53013.9	7141.16	7139.51
Si28	26053.2	1.82232	99453.7	45799.8	45797.3
O16	14895.1	0.19868	93521.1	41955.5	41955.2
O16	14895.1	0.53597	55835	8634.06	8632.97
O16	14895.1	0.230935	51104.2	5155.12	5154.78
O16	14895.1	0.21561	86630.4	37367.1	37366.9
O16	14895.1	0.463155	58968.5	14849.1	14848.2
O16	14895.1	0.716443	38596.9	6025.52	6024.72
O16	14895.1	0.273542	30831.9	565.007	564.371
neutron	939.565	1093.58	67188	23263.1	21302.6
neutron	939.565	106.548	67188	23263.1	21302.6
Be10	9325.5	2.42686	67188	23263.1	21302.6
Si28	26053.2	1.13072	64575.2	19630.5	19628.6
Si28	26053.2	0.16962	59538	15745.9	15745.4
Mg24	22335.8	0.245897	66502.7	20708.4	20708.1
O16	14895.1	0.212343	63349.4	18552.6	18552.1
Si28	26053.2	0.112072	95416.9	43139.4	43139.3
Mg24	22335.8	0.212871	73497.5	24276	24274.9
Si28	26053.2	0.129447	99662.6	46231.8	46230.4
O16	14895.1	0.207483	68152.5	21961.6	21960.9
O15	13971.2	0.105977	67869.7	20120.3	19804.5
Si28	26053.2	0.173221	51482.5	7514.62	7514.42
O16	14895.1	0.279654	85028.4	36209.2	36208.8
Mg24	22335.8	0.167247	81067.4	33634.9	33634.3
O16	14895.1	0.198707	50842.1	13997.9	13997.1
O16	14895.1	0.453646	46225.7	11048.3	11047.7
Fe56	52089.8	0.0634041	46070	10948.1	10947.3
neutron	939.565	128.717	93128.3	41402.5	41144.4
neutron	939.565	88.5891	93128.3	41402.5	41144.4
Na21	19553.6	0.581674	93128.3	41402.5	41144.4
O16	14895.1	0.207981	73424.2	28044.7	28044.4
Mg24	22335.8	0.157659	41452.5	4123.12	4122.63
Si28	26053.2	0.354092	93153.3	40029.6	40029.1
Si28	26053.2	0.758058	77840.8	31026.5	31025.7
Si28	26053.2	0.109644	48500.7	9598.05	9597.7
O16	14895.1	0.205167	45202.2	7587.13	7586.41
Si28	26053.2	0.137589	37351.6	2728.24	2727.71
Mg24	22335.8	0.129311	45597.6	5758.43	5758.09
Si30	27913.2	0.139195	40449.9	2592.58	2592.22
Si30	27913.2	0.18964	93707.6	42586.2	42585.3
neutron	939.565	2383.63	85311.6	36263.4	26998
neutron	939.565	144.067	85311.6	36263.4	26998
neutron	939.565	3.95041	85311.6	36263.4	26998
alpha	3727.38	9.09514	85311.6	36263.4	26998
Be8	7454.85	2.35048	85311.6	36263.4	26998
Mg24	22335.8	0.148021	77970.6	22286.4	22286.1
Si28	26053.2	0.165077	89218	36206.8	36206.2
Si28	26053.2	0.211854	85286.5	33274.1	33273.6
Si28	26053.2	0.298622	60794.8	17178.2	17177.9
O16	14895.1	0.450273	37307.6	885.003	884.029
O16	14895.1	0.323918	81297	33853.2	33852.6
neutron	939.565	2691.36	74895.9	29533.8	23761.9
N14	13040.2	0.797208	74895.9	29533.8	23761.9
Fe56	52089.8	0.0739905	94404.9	41309.5	41309.4
Fe56	52089.8	0.0777576	92700.8	20905.9	20905.1
Mg24	22335.8	0.227414	61834.5	14877.2	14876.3
O16	14895.1	0.308054	77509.9	31385.7	31385.1
Si28	26053.2	0.112383	71482.9	27360.3	27360.1
Fe56	52089.8	0.0846997	60605.7	19581.2	19580.9
O16	14895.1	0.385774	56947.7	16948.1	16947.6
N15	13968.9	0.771515	55026	15858.7	15556.4
neutron	939.565	98.8693	79341.9	29692.6	29305.5
Si27	25130.8	0.872876	79341.9	29692.6	29305.5
O16	14895.1	0.353749	65358.2	16971.4	16971
Si28	26053.2	0.159885	39725.1	3763.51	3763.12
Mg24	22335.8	0.166948	65259.3	23311	23310.7
O16	14895.1	0.208246	48126	11731.5	11730.8
O16	14895.1	0.198981	78266.7	31490.2	31489.8
O16	14895.1	0.434912	67776.1	24759.9	24759.4
Si28	26053.2	0.154425	55089.6	16707.1	16706.9
neutron	939.565	1.36686	77764.1	29229.6	28317.7
Mg26	24196.5	1.10727	77764.1	29229.6	28317.7
O16	14895.1	0.415577	54377.2	12453	12452.5
O16	14895.1	0.226759	96236.6	43652.9	43652.4
Si28	26053.2	1.02286	68482.3	24642.2	24641
O16	14895.1	0.649813	36459.3	2770.54	2769.56
neutron	939.565	914.051	88668	39176.8	36929.1
C13	12109.5	0.224104	88668	39176.8	36929.1
O16	14895.1	0.944095	82290.5	32310.6	32309.6
neutron	939.565	891.174	77159.7	28401.4	26673.5
neutron	939.565	796.25	77159.7	28401.4	26673.5
N13	12111.2	0.268789	77159.7	28401.4	26673.5
O16	14895.1	0.246332	97319	44769.5	44769.1
O16	14895.1	0.29677	94433	42902.4	42901.7
O16	14895.1	0.51063	34739.3	322.137	321.59
O16	14895.1	0.539893	88240.2	29173.4	29172.5
Mg24	22335.8	0.720719	72838.3	15216.3	15214.9
O16	14895.1	0.389311	72738.1	23657.3	23656.7
Mg24	22335.8	0.14721	74136.9	28748.4	28748.2
O16	14895.1	0.359166	57163.4	15207.1	15206.6
Si28	26053.2	0.2156	54411.3	13055.2	13055
O16	14895.1	0.228949	44991.6	7003.25	7002.94
Si28	26053.2	1.03096	44321	6634.97	6633.94
Si28	26053.2	0.115617	52788.4	12608	12607.7
O16	14895.1	0.633424	73825.5	28580.7	28580
Fe56	52089.8	0.0870031	67544.7	23993.8	23993.5
O16	14895.1	0.207113	86985.9	38273.2	38272.9
Si28	26053.2	0.127255	75545.7	28551.5	28550.4
neutron	939.565	237.703	73858.3	27009.3	25947.4
neutron	939.565	20.3329	73858.3	27009.3	25947.4
neutron	939.565	2.23301	73858.3	27009.3	25947.4
alpha	3727.38	10.3671	73858.3	27009.3	25947.4
alpha	3727.38	4.58286	73858.3	27009.3	25947.4
O16	14895.1	0.248778	56468.9	7954.48	7954.13
O16	14895.1	0.77672	90459.3	35901.6	35900.6
Fe56	52089.8	0.0779772	73135.1	24095.6	24095.3
O16	14895.1	0.674181	48185.6	2767.32	2766.57
O16	14895.1	0.225557	65243.7	16548.6	16548.4
O16	14895.1	0.224251	64007.6	15815.3	15815.1
Si28	26053.2	0.14845	71481.8	25379.2	25378.9
O16	14895.1	0.496503	61535.4	20093.3	20092.1
O16	14895.1	1.41781	54797.9	16008.5	16007
O16	14895.1	0.304754	82466.1	33020.8	33020.2
Mg26	24196.5	0.147824	60350.8	15305.9	15304.9
neutron	939.565	151.156	47255.8	7176.15	6907.51
neutron	939.565	2.32599	47255.8	7176.15	6907.51
C12	11174.9	1.00195	47255.8	7176.15	6907.51
O16	14895.1	0.594919	58925.5	17200.1	17199.2
Si28	26053.2	0.258964	98064.5	45240.5	45240.1
Mg24	22335.8	0.142128	69819	26555.3	26555
Si28	26053.2	0.12682	67044	24951.4	24949.4
Si28	26053.2	0.617022	30487.4	248.132	247.469
O16	14895.1	0.881955	79732.5	15173.3	15172.2
Si28	26053.2	0.149131	78752.7	14565.3	14564.9
O16	14895.1	0.492602	97466.6	44893.1	44892
Mg26	24196.5	0.19058	94787.7	43171.3	43170.9
Si28	26053.2	0.198768	68440.3	21210.4	21210.1
O16	14895.1	0.410175	57822.2	14289.8	14289.3
O16	14895.1	0.190995	45192.8	5292.99	5292.57
O16	14895.1	0.338457	42716.7	3734.62	3734.01
O16	14895.1	0.219042	63344.2	21157.1	21156.7
O16	14895.1	0.215537	41633.3	5621.91	5621.27
Mg24	22335.8	0.1455	36997.5	4568.24	4566.92
O16	14895.1	0.65394	93547.1	41836.8	41835.8
Mg24	22335.8	0.27926	91047.8	39876.1	39875.5
O16	14895.1	0.770445	84040.1	34833.1	34832
O16	14895.1	0.24681	35624.8	311.207	310.221
O16	14895.1	0.209522	60455.5	18024.6	18023
O16	14895.1	0.237384	81270.4	33673	33672.7
Mg24	22335.8	0.19173	73845.1	27093.2	27093
O16	14895.1	0.256884	51921	12277.9	12277.5
Mg26	24196.5	0.508524	49199.2	9278.24	9277.18
C14	13040.9	0.421298	99099.6	45888.1	44324.8
Mg24	22335.8	1.69556	43829.7	574.922	572.417
Mg24	22335.8	0.129565	71639.5	26499.2	26499.1
O16	14895.1	1.28997	68919.6	24875	24873.5
Mg24	22335.8	0.141786	91406.7	40539.6	40539.3
O16	14895.1	0.512499	90645	40018.1	40016.9
O16	14895.1	0.256674	89147.7	39127.4	39126.3
Si28	26053.2	0.113196	53062.7	13674.7	13674.4
Si28	26053.2	0.126664	97701	44939.2	44938.6
O16	14895.1	0.235129	66131.4	24461.2	24460.9
neutron	939.565	0.381229	62310.8	22099.1	20093.8
C13	12109.5	0.513682	62310.8	22099.1	20093.8
Mg24	22335.8	0.237104	90903.8	40386.1	40384.7
Mg25	23268	3.78721	59075.9	19026	19022.1
O16	14895.1	0.74943	91528.8	40595.9	40594.7
O16	14895.1	0.2501	41710.1	2748.56	2748.23
Mg24	22335.8	0.177075	82632.4	34246.5	34246.3
neutron	939.565	93.6163	71497.5	26351	25777.4
O15	13971.2	0.354369	71497.5	26351	25777.4
O16	14895.1	1.08838	46253.1	7954.95	7953.27
O16	14895.1	0.214085	35329.1	1024.58	1024.25
neutron	939.565	9.08391	72470.6	26649.4	26101.1
Al27	25126.5	1.85622	72470.6	26649.4	26101.1
Mg24	22335.8	0.166103	71730.1	25545.5	25543.9
Mg26	24196.5	0.131321	50832	11108.5	11108.1
Mg24	22335.8	0.373587	80692	33946.1	33945.6
O16	14895.1	0.190558	62221.1	20821	20820.5
O16	14895.1	0.844983	98622.7	43709	43707.8
Si28	26053.2	0.135532	70277.8	22837.3	22837.2
Si28	26053.2	0.163465	61401.2	16531.1	16530.8
Mg24	22335.8	0.251585	57590.4	13914.3	13913.9
O18	16762	0.241977	66818.6	22262.6	22262.3
Si28	26053.2	0.110081	57705.1	15616.8	15616.6
O16	14895.1	0.19805	38487.6	2053.28	2052.37
O16	14895.1	0.33612	55760.2	11929	11927
O16	14895.1	0.326386	61665.4	16635.6	16635.1
Mg24	22335.8	0.231474	37763.1	900.133	899.367
O16	14895.1	1.40117	93573.9	41802.1	41800.6
Si28	26053.2	0.144363	76043.5	30464.7	30464.2
O16	14895.1	0.914307	60903.2	20357.2	20356.1
Mg24	22335.8	0.538344	44125.9	7318.09	7317.05
O16	14895.1	0.310616	68684.9	20686.6	20686.1
Mg24	22335.8	0.245513	47283.8	8558.34	8557.7
O16	14895.1	0.218175	38119	2700.93	2700.69
Si28	26053.2	0.181674	90036.7	38247.7	38247.3
Si28	26053.2	0.573197	60411.2	17037.6	17036.6
Mg24	22335.8	1.4998	42208.5	4549.02	4547.19
O16	14895.1	0.292224	95125.4	42116	42115.4
O16	14895.1	0.487843	87441.8	29207.5	29207
O16	14895.1	0.193876	46453.9	9313.25	9312.39
O16	14895.1	0.430692	65985.3	20708.5	20708.1
Mg24	22335.8	0.127082	80622.1	32954.4	32953.9
Mg24	22335.8	0.189098	79194.2	31836.5	31836.3
Fe56	52089.8	0.170079	74325.9	28413.2	28412.7
O16	14895.1	0.268059	53004.3	73.0305	72.0111
O16	14895.1	0.797241	81438.1	30947.9	30947.1
O16	14895.1	0.203872	71807.3	25059.3	25058.5
Mg24	22335.8	0.367056	58417.7	4433.3	4432.85
O16	14895.1	0.368795	76979.4	23944.6	23944.2
O16	14895.1	0.250722	71337.7	19858.6	19858.1
O16	14895.1	0.213653	39403.9	4785.89	4785.26
Mg24	22335.8	0.163199	60695.1	16514.8	16514.4
Mg24	22335.8	0.719506	86150.9	35863	35861.8
Si28	26053.2	0.139054	67614.6	22674	22673.6
O16	14895.1	0.284595	59758.5	17622.8	17622.4
Si28	26053.2	0.254841	67747.2	22963.6	22962.9
O16	14895.1	0.522581	98541.1	45398.6	45397.9
O16	14895.1	0.219079	59142.1	17020	17019.1
Fe57	53021.7	0.056917	45549.3	8399.57	8399.17
Si28	26053.2	0.222887	73966.7	26950.2	26949.9
neutron	939.565	10.7617	63029.6	18527.1	18298.1
neutron	939.565	7.2524	63029.6	18527.1	18298.1
alpha	3727.38	7.7523	63029.6	18527.1	18298.1
C12	11174.9	2.30075	63029.6	18527.1	18298.1
Si28	26053.2	0.119972	60703.5	16699.2	16699.1
O16	14895.1	0.244428	73972.1	28163.5	28162.9
Mg24	22335.8	0.136282	70460.1	25886.9	25886.6
O16	14895.1	0.278747	99041.8	45816.3	45815
O16	14895.1	0.580981	86243.1	36340.7	36340
O16	14895.1	0.396706	62636.3	21056.3	21055.1
neutron	939.565	7.15042	93371.4	41752.3	41355.3
Mg26	24196.5	0.811865	93371.4	41752.3	41355.3
Mg24	22335.8	0.496235	41710.8	2975.07	2973.6
Si28	26053.2	0.782447	99451.8	46010	46008.7
Si28	26053.2	0.158076	92545.7	41302.1	41301.6
Mg24	22335.8	0.161283	84048.7	36099.2	36098.7
Mg24	22335.8	0.186876	90389.1	39407.2	39406.2
Si28	26053.2	0.141505	86324.8	36398.5	36398.4
Si28	26053.2	0.169598	63452.4	20861.7	20861.3
Mg24	22335.8	0.128161	34572.6	66.211	66.0558
Si28	26053.2	0.315668	97324.5	44576	44574.7
Mg26	24196.5	0.385813	91724	40801.1	40799.9
neutron	939.565	42.227	81915	32211.5	31927.8
neutron	939.565	1.71963	81915	32211.5	31927.8
C13	12109.5	2.86639	81915	32211.5	31927.8
O16	14895.1	0.265882	60809.3	7259.99	7259.66
O16	14895.1	0.238889	50873.4	615.217	614.319
O16	14895.1	0.25027	82070.5	31273.8	31273.4
neutron	939.565	9.12549	81537.1	31885.9	31613.3
neutron	939.565	5.65511	81537.1	31885.9	31613.3
alpha	3727.38	4.04357	81537.1	31885.9	31613.3
Be8	7454.85	11.2476	81537.1	31885.9	31613.3
Si28	26053.2	0.11961	63584.7	19889.8	19889.3
Si28	26053.2	0.110018	55122	6675.52	6675.17
Mg24	22335.8	0.400937	83014.7	34841.5	34841
O16	14895.1	0.691993	45616	1928.02	1926.27
O16	14895.1	0.285375	68295.4	21823.8	21823.4
O16	14895.1	0.433385	84426.9	35707.1	35706.5
O16	14895.1	1.55947	71649.2	26158.3	26156.1
Si29	26984.3	0.179948	96258.2	44075.9	44075.7
Si28	26053.2	0.114193	96392.1	44054.8	44054.6
O16	14895.1	0.207218	74897.9	27751.7	27751
Mg24	22335.8	0.451582	44298.3	4735.39	4734.89
Al26	24200	0.661494	73613.8	28447.5	27202.8
O16	14895.1	0.241154	65342.8	22342	22341.7
O16	14895.1	0.416262	83504	33885.8	33885.3
O16	14895.1	0.286663	64443.1	21373.1	21372.4
Mg24	22335.8	0.134625	33862.5	1438.06	1437.17
O16	14895.1	0.257821	73555.7	27319	27318.2
O16	14895.1	0.224709	68050.6	23620.9	23619.8
O16	14895.1	0.804534	55280.3	16350.5	16349.1
O16	14895.1	1.13211	40463.8	5509.74	5507.94
O16	14895.1	0.554115	71754.7	25731.7	25729.6
O16	14895.1	0.302624	71951	26213.5	26212.9
O16	14895.1	0.241288	66159.7	22142.1	22141.4
O16	14895.1	0.405304	48923.8	10326.9	10325.4
neutron	939.565	2611.43	88986.3	39154.9	35578.8
neutron	939.565	877.096	88986.3	39154.9	35578.8
B11	10252.5	2.14585	88986.3	39154.9	35578.8
O16	14895.1	0.316871	66454.6	19283.3	19282.4
O16	14895.1	0.199911	40667.7	11.4866	11.0124
O16	14895.1	0.229231	92162	41207.7	41206.9
O16	14895.1	0.198724	78770.5	31312.7	31312
O16	14895.1	0.23971	46095.1	7075.38	7074.96
Si28	26053.2	0.112977	78436.7	29955.4	29954.8
neutron	939.565	56.428	69987.8	20078.9	19778.4
neutron	939.565	0.281279	69987.8	20078.9	19778.4
C12	11174.9	1.55855	69987.8	20078.9	19778.4
O16	14895.1	0.20865	63215.9	14641.5	14641.2
O16	14895.1	1.38854	59568.1	12355.9	12354.5
Mg26	24196.5	0.117821	87292.9	35667	35666.7
neutron	939.565	195.426	79785.9	30505.4	27414.3
neutron	939.565	37.3874	79785.9	30505.4	27414.3
neutron	939.565	2.19071	79785.9	30505.4	27414.3
neutron	939.565	0.941237	79785.9	30505.4	27414.3
alpha	3727.38	10.8789	79785.9	30505.4	27414.3
C12	11174.9	11.2537	79785.9	30505.4	27414.3
neutron	939.565	181.327	54632.7	9531.99	9216.01
neutron	939.565	55.7228	54632.7	9531.99	9216.01
neutron	939.565	6.25129	54632.7	9531.99	9216.01
Mg23	21412.8	1.57708	54632.7	9531.99	9216.01
O16	14895.1	0.265782	65407.1	22749.5	22749.2
O16	14895.1	0.314792	97922.1	44965.3	44964.3
O16	14895.1	0.365139	75376.8	21887.9	21887.4
O16	14895.1	0.900772	75933.3	27007.5	27006.5
O16	14895.1	0.196837	62877.3	18185.4	18184.6
Si28	26053.2	0.166108	49586.5	8747.29	8746.29
O16	14895.1	0.380766	48700.4	8238.95	8238.26
Si28	26053.2	0.118849	92845.6	41732.8	41732
O16	14895.1	0.282814	48352.9	12336.7	12335.5
Fe56	52089.8	0.289242	78303.8	29217.3	29216.4
O16	14895.1	0.244216	68713.1	22813.6	22813.2
Si28	26053.2	0.121678	99350.1	45986.5	45985.8
Si28	26053.2	0.166837	32732	2509.36	2509.15
Mg24	22335.8	0.160428	43717.5	6222.99	6222
O16	14895.1	0.294165	46750.8	10445.6	10444.2
Mg24	22335.8	0.19394	97219.6	44487.6	44487.3
Si29	26984.3	0.215723	67130	19016.1	19014.9
O16	14895.1	0.383838	86760.3	36936.9	36936.3
Mg24	22335.8	0.517039	82220.3	33978.9	33977.7
O16	14895.1	0.797302	40680.9	3786.65	3784.99
O16	14895.1	0.224483	41127.7	4146.57	4145.8
O16	14895.1	0.395955	90535.9	40225.2	40224.8
Mg24	22335.8	0.252922	80862	32557.7	32557
O16	14895.1	0.334478	46433.3	9334.83	9333.94
O16	14895.1	0.27403	46220	8864.93	8864.58
O18	16762	0.93766	73645.9	26098.5	26096.3
O16	14895.1	0.24474	58841.8	16676	16675.3
O16	14895.1	1.818	97882.5	45150.6	45148.3
Fe56	52089.8	0.157523	92620.3	41935	41934
Si28	26053.2	0.324482	66218.6	19522.4	19522
Mg25	23268	0.248524	90316.2	39173	39171.8
O16	14895.1	0.421891	46350.3	9379.64	9379.15
neutron	939.565	8.17092	63379.2	20303.1	19876.4
neutron	939.565	4.74322	63379.2	20303.1	19876.4
C13	12109.5	2.12231	63379.2	20303.1	19876.4
O16	14895.1	0.251367	62753.7	19498.7	19497.3
O16	14895.1	0.348704	36675.3	1753.5	1752.72
O16	14895.1	0.327795	86237.5	35500.8	35500.3
Si28	26053.2	0.195434	58675.2	16413.5	16413.3
Mg26	24196.5	0.139935	36843.8	1370.81	1370.01
O16	14895.1	0.663559	68248.5	22356.2	22355.5
Mg26	24196.5	0.172079	65049.4	18917.8	18916.8
Mg24	22335.8	0.564001	50859.2	11327.8	11327
O16	14895.1	0.198196	93089.5	40578.3	40577.3
Si28	26053.2	0.142956	77615.4	28802.3	28801
O16	14895.1	0.223542	44133	3181.06	3180.08
O16	14895.1	0.213971	39837.5	535.469	535.251
Si28	26053.2	0.231216	87986.2	35849.5	35849.2
Si28	26053.2	0.257747	35873.1	556.224	555.264
O16	14895.1	0.203352	62636.8	20821.2	20820.9
O16	14895.1	0.268492	52980.5	14251.4	14251
O16	14895.1	0.204315	33162.7	1360.24	1359.54
Mg24	22335.8	0.303694	31955	649.895	649.573
O16	14895.1	1.04522	67919.9	25808.2	25807
Mg24	22335.8	0.138236	63805.1	23122.3	23121.8
O16	14895.1	0.488024	59019.8	19667	19666.5
O16	14895.1	0.327755	33967.1	3015.72	3015.24
Si28	26053.2	0.183134	98782.7	45587.5	45587.1
Mg24	22335.8	0.162811	85817.1	34051.2	34050.9
Mg24	22335.8	0.127923	65130.7	19227.8	19227.6
O16	14895.1	0.19173	63721.1	18338.6	18338.3
O16	14895.1	0.218618	84211	36305	36304.7
O16	14895.1	0.328251	57050.4	14264	14263.2
O16	14895.1	3.50106	50763.9	7895.11	7891.28
O16	14895.1	0.355233	38443	5611.14	5610.54
Si29	26984.3	0.124651	77453	30309.7	30309.3
O16	14895.1	0.216639	43609.3	6973.66	6973.28
Si28	26053.2	0.138697	32649.1	144.449	143.961
Si28	26053.2	0.154368	55504	16814.3	16814
O16	14895.1	0.246551	99459.1	46124.1	46123.4
Si28	26053.2	0.119981	97693.9	45016.4	45016.2
O16	14895.1	0.614379	69607.1	17229	17228.1
O16	14895.1	0.334928	50083.3	4373.73	4372.76
O16	14895.1	0.278731	57798.9	18345.6	18344.4
Si28	26053.2	0.153546	43651.4	8943	8942.57
O16	14895.1	0.250495	83931.2	35163.2	35163
O16	14895.1	0.375295	83766.4	35061.6	35061.1
Si28	26053.2	0.108931	63065.8	21906.4	21906.2
O16	14895.1	0.730368	60398.7	20251.4	20250.4
Mg26	24196.5	0.138912	38940.7	4239.26	4238.85
O16	14895.1	0.239513	53477.1	8326.04	8325.73
O16	14895.1	0.228387	51720.9	7244.53	7244.26
O16	14895.1	0.300957	48513.2	4956.53	4955.94
neutron	939.565	42.7579	71940.5	27956.7	27622.3
neutron	939.565	2.11287	71940.5	27956.7	27622.3
N14	13040.2	0.0542589	71940.5	27956.7	27622.3
Mg26	24196.5	0.156359	59095.5	16824.4	16823.9
Si28	26053.2	0.159924	37889.8	2779.38	2779.03
O16	14895.1	0.436571	82497	34253.1	34252.5
O16	14895.1	0.205138	81266.9	33360.6	33360.1
neutron	939.565	323.563	80042.2	32377.3	31931
Na23	21409.2	1.11382	80042.2	32377.3	31931
Si28	26053.2	0.206361	71968.4	23722.4	23721.8
O16	14895.1	0.57022	63356.2	18001.3	18000.5
Mg24	22335.8	0.138156	75761.2	27392.9	27392
O16	14895.1	0.249144	73511.8	26030.8	26030.4
O16	14895.1	0.571442	66487.5	20953	20952.3
O16	14895.1	0.397154	63934.8	19278.3	19277.9
Si28	26053.2	0.169885	97877.5	45015.7	45015.1
O16	14895.1	0.502214	59253.3	18394.9	18394.4
O16	14895.1	0.217836	48725.4	11201.7	11201.2
O16	14895.1	0.240303	36833	3650.69	3650.3
O16	14895.1	0.381766	81043.8	31760.1	31759.1
Si28	26053.2	0.209889	85980.2	37185.3	37185
O16	14895.1	0.745591	46071.4	8669.81	8668.71
neutron	939.565	2382.96	71076.2	26242.5	19489.1
neutron	939.565	77.0073	71076.2	26242.5	19489.1
neutron	939.565	63.0977	71076.2	26242.5	19489.1
neutron	939.565	46.5937	71076.2	26242.5	19489.1
neutron	939.565	18.0154	71076.2	26242.5	19489.1
Li5	4667.62	9.27111	71076.2	26242.5	19489.1
O16	14895.1	1.55049	70830	19346	19344.3
O16	14895.1	0.347006	78645.5	31027.7	31027.4
O16	14895.1	0.330279	77115.5	29801.9	29800.6
Si28	26053.2	0.168741	37630.7	3523.92	3522.78
Si28	26053.2	0.258574	35343.3	2195.2	2193.68
Mg24	22335.8	0.153622	99107.7	45920	45919.5
Al27	25126.5	0.187349	46265.7	10856.5	10456.7
Si28	26053.2	0.11116	98190.3	45222.3	45221.9
O16	14895.1	0.321809	92149.8	39974.2	39973.6
O16	14895.1	0.201804	86725.8	36021.9	36021.7
O16	14895.1	0.532683	35888.2	885.571	884.954
O16	14895.1	0.359067	69099.1	20444.7	20444.2
O16	14895.1	0.349294	89667.5	38954.7	38954.3
Mg24	22335.8	0.377674	75726.4	27989.2	27988.6
O16	14895.1	0.379184	56490.5	14078	14077.3
Si28	26053.2	0.480266	86917.4	26132.1	26131.4
Si28	26053.2	0.129872	52909.8	13067.5	13067.1
Si28	26053.2	0.202456	46769.8	5453.67	5453.43
Si28	26053.2	0.18245	85726.3	36268.5	36268.3
O16	14895.1	0.701427	74517.9	26075.6	26074.4
Mg24	22335.8	0.203533	99735.4	46269	46268.1
O16	14895.1	0.301267	99284.6	45972.6	45971.8
O16	14895.1	0.593227	77623.8	31590.8	31589.4
O16	14895.1	0.267117	37287.9	4367.04	4365.93
O16	14895.1	0.333095	35914.8	3511.81	3511.37
Mg24	22335.8	0.182797	65894.7	18417.4	18417
Mg24	22335.8	0.237819	96173.1	44130.9	44130.1
O16	14895.1	0.649066	89401.9	38957.3	38956.2
O16	14895.1	1.16784	73271.6	28845.1	28843.8
Fe56	52089.8	0.101211	37258.1	1576.73	1575.6
Si28	26053.2	0.134848	65948.5	21989.2	21988.9
Si28	26053.2	0.170502	80383.5	28846.3	28845.9
O16	14895.1	0.360225	64327.9	16611.1	16610.7
Si28	26053.2	0.875477	85329.4	36636.5	36635.4
O16	14895.1	0.474374	82833	34999.5	34998.3
O16	14895.1	0.917884	71027.6	26924.3	26923.2
O16	14895.1	0.27498	66425.8	22942.1	22941.7
O16	14895.1	0.724131	40893.3	4848.1	4846.44
Si28	26053.2	0.272069	82205.5	34277.5	34276.9
Si28	26053.2	0.111511	74518.5	28013.6	28013.4
O16	14895.1	0.208746	42937.2	4313.15	4312.68
O16	14895.1	0.261677	63212.1	18529.2	18528.6
O16	14895.1	0.36324	88272.4	38074.7	38074
O16	14895.1	0.293988	73495.8	28384.9	28384.4
Si28	26053.2	0.203904	70512.7	25661.6	25661.2
O16	14895.1	0.212171	66224.4	22981.5	22981.1
O16	14895.1	0.209374	87293.7	37417.1	37416.3
O16	14895.1	0.197432	77915.7	31234.5	31233.5
O16	14895.1	0.400398	66690.6	23169.1	23168.5
Si28	26053.2	0.22333	48070.4	9652.21	9651.29
O16	14895.1	0.320133	80481.6	31036.3	31035.9
O16	14895.1	0.344646	48923.3	6884.81	6884.46
neutron	939.565	328.815	81926.5	29482.6	28581.7
neutron	939.565	128.162	81926.5	29482.6	28581.7
neutron	939.565	51.368	81926.5	29482.6	28581.7
neutron	939.565	27.8637	81926.5	29482.6	28581.7
neutron	939.565	10.3468	81926.5	29482.6	28581.7
neutron	939.565	7.19329	81926.5	29482.6	28581.7
alpha	3727.38	21.6211	81926.5	29482.6	28581.7
O16	14895.1	0.637983	99423.6	46102.8	46101.5
Si28	26053.2	0.166785	74349.4	28809.5	28809.2
O16	14895.1	0.821463	44665.9	6833.74	6832.47
O16	14895.1	0.257234	52988.9	11201.9	11200.9
Mg24	22335.8	1.20494	44844.3	5938.21	5936.6
O16	14895.1	0.276553	45218.9	3652.81	3652.39
O16	14895.1	0.237076	99882.2	46167	46166.7
O16	14895.1	0.310888	98310.5	45321.2	45320.5
O16	14895.1	0.229819	79643.6	30312.9	30312.4
Si28	26053.2	0.308827	70411.5	23393.3	23392
Si28	26053.2	0.121872	48628.6	8085.91	8085.3
O16	14895.1	0.972018	87898.9	38150.9	38149.6
Si28	26053.2	0.233619	53774.2	10794.8	10794
Mg24	22335.8	0.835611	45944.9	5467.25	5466.4
O16	14895.1	0.523108	62011	21207.8	21207.1
O16	14895.1	0.496272	58613.9	17883.4	17882.6
Mg26	24196.5	0.122692	54751.3	14002.2	14002
O16	14895.1	0.202944	98012.3	45101.5	45101.1
neutron	939.565	1951.14	95754.8	43429.3	40844.3
neutron	939.565	592.103	95754.8	43429.3	40844.3
C12	11174.9	0.788329	95754.8	43429.3	40844.3
Mg25	23268	0.133539	39737.4	2200.17	2199.92
Mg26	24196.5	0.209322	78423.1	29987.6	29987.3
O16	14895.1	0.33588	78007	29724	29721.5
O16	14895.1	0.340682	71355.5	24582.9	24582.3
O16	14895.1	0.209204	52678.7	11653.3	11652.8
O16	14895.1	0.208052	76496.6	29610.6	29610
Si28	26053.2	0.483051	68708.7	24119.2	24118
Mg24	22335.8	0.256445	87608.1	36554.6	36553.7
Mg24	22335.8	0.308053	68253.5	23565.3	23564.8
neutron	939.565	9.01633	76042.9	27267	19025.7
neutron	939.565	7.39915	76042.9	27267	19025.7
neutron	939.565	6.98418	76042.9	27267	19025.7
C10	9327.57	9.20175	76042.9	27267	19025.7
Mg24	22335.8	0.149512	94675.1	42609.7	42609.6
O16	14895.1	0.565649	57816.2	15068.7	15068
Mg24	22335.8	0.73728	36419.6	1384.49	1383.16
O16	14895.1	0.315048	81494.4	17312.2	17311.7
O16	14895.1	1.67993	83767.1	33591.9	33590.1
Mg24	22335.8	0.166694	63993	16547.7	16547.4
neutron	939.565	49.3682	82699.8	34699	34278.7
neutron	939.565	0.16074	82699.8	34699	34278.7
N14	13040.2	0.714516	82699.8	34699	34278.7
Mg26	24196.5	0.271279	71494.2	21625.3	21624.7
O16	14895.1	0.22196	76975.3	27315.7	27315.2
O16	14895.1	0.863165	98800.7	45726.8	45725.3
O16	14895.1	0.387022	75867.5	22381.9	22381
O16	14895.1	0.519287	52038.1	6185.01	6183.8
O16	14895.1	0.196711	46268.5	1794.3	1793.44
Si28	26053.2	0.203849	65068.3	20653.3	20653.1
neutron	939.565	0.633478	57619.8	15831.8	15594
Ne21	19550.5	0.25819	57619.8	15831.8	15594
O16	14895.1	0.264455	97812.5	44983.5	44982.9
O16	14895.1	0.347001	76668.2	29982.8	29982
Si28	26053.2	0.219722	50366.7	12741.9	12741.6
O16	14895.1	0.871295	36253.4	787.414	786.424
Si29	26984.3	0.125016	91860.5	40700.4	40700.2
Mg24	22335.8	0.186367	86415.8	36383.2	36382.5
Mg24	22335.8	0.636604	83879.9	34273.3	34272.7
Si28	26053.2	0.690435	53091.9	14240.5	14239.7
O16	14895.1	0.876973	52747.6	14053.6	14052.2
O16	14895.1	0.238306	43266.6	6326.85	6326.57
O16	14895.1	0.223702	99081.4	45861.5	45860.4
O16	14895.1	0.224932	60798.4	16498.1	16497.7
Mg24	22335.8	0.158446	56531.8	13697.3	13697.2
Fe56	52089.8	0.339916	96000.2	43745.2	43744.7
Mg24	22335.8	0.133668	70685.2	25664.2	25663.2
Mg25	23268	0.227536	66248.3	17834.5	17834.2
Mg24	22335.8	0.282425	87497.5	38628.8	38628.3
O16	14895.1	1.04066	62048.9	6491.27	6490.14
Mg26	24196.5	0.205401	60718.7	5725.88	5725.67
Mg24	22335.8	0.174104	79844.4	31031	31030.8
O16	14895.1	0.192423	43934.8	2555.41	2554.73
Si28	26053.2	0.166442	99183.8	45134.2	45133.6
O16	14895.1	0.236723	93586	40504.4	40503.5
Mg24	22335.8	0.203053	90040.9	36698.8	36697.6
Si29	26984.3	0.522574	78664.5	28549.5	28548.6
Mg24	22335.8	0.2056	66657.8	20105.2	20105
Mg24	22335.8	0.268722	77457.4	29667.5	29667.2
O16	14895.1	0.25693	63483.7	20345.9	20344.7
Si28	26053.2	0.117102	89819.8	38889.6	38889.3
Si28	26053.2	0.594853	97434.9	44798.2	44797.1
O16	14895.1	0.505779	95159.3	43260.3	43259.6
Fe56	52089.8	0.0885554	81122.4	32045.3	32044.7
O16	14895.1	0.208539	62076	19041.1	19040.5
O16	14895.1	0.209829	42348.2	5152.1	5150.62
Si28	26053.2	0.113339	82363.2	34309.9	34309.5
O16	14895.1	0.29302	74748.7	29842.3	29841.5
Si28	26053.2	0.547959	84796.4	36367.6	36367
Si28	26053.2	0.207976	72947.9	28595.2	28594.8
Mg24	22335.8	0.203805	47131.7	10915.4	10914.9
O16	14895.1	0.536287	88558.9	38273	38272.4
Si28	26053.2	0.164158	64844.1	22782.3	22781.1
Mg24	22335.8	0.164147	55881.5	16560.1	16559.8
O16	14895.1	0.204473	40845.9	6330.7	6329.86
Si28	26053.2	0.131136	73866.6	28275.3	28274.3
C14	13040.9	0.132773	63653.4	20786	19131.4
Mg26	24196.5	0.152282	46594.1	8135.13	8134.48
neutron	939.565	2.16836	78988.8	26895.9	25166.1
C13	12109.5	7.41742	78988.8	26895.9	25166.1
Mg24	22335.8	0.150534	70562.8	19369.5	19369.2
O16	14895.1	0.2723	88557.8	37207.5	37207.2
neutron	939.565	191.201	64529.9	20864.7	20570.8
neutron	939.565	20.1784	64529.9	20864.7	20570.8
B11	10252.5	0.217166	64529.9	20864.7	20570.8
Si28	26053.2	0.470249	43500.9	5253.35	5252.36
Si28	26053.2	0.199039	40931.3	3654.09	3653.68
O16	14895.1	0.447965	77045.2	28890.9	28888.6
O16	14895.1	0.244285	99183.7	45861.8	45861.4
O16	14895.1	0.240884	38089	4213.76	4212.64
Si28	26053.2	0.121229	75567.7	26288.2	26287.4
Si28	26053.2	0.136691	64377.5	18886.1	18885.2
Fe56	52089.8	0.0596742	61740	17337.2	17337.2
O16	14895.1	0.246652	50937.5	7118.52	7118.16
O16	14895.1	2.79589	88397.2	37932.4	37928.9
Mg24	22335.8	0.320297	67808.5	18885.2	18884.5
O16	14895.1	0.607446	74032	25998.8	25997.5
O16	14895.1	0.254148	43390.3	5910.26	5909.61
Mg24	22335.8	0.19197	99786.3	46284.7	46283.7
Si28	26053.2	0.124704	49982.6	12411.4	12411
Si28	26053.2	0.151162	64537.4	20674.7	20674.2
Si28	26053.2	0.63277	58001.1	11738.6	11737.6
O16	14895.1	0.652103	48015.1	5364.15	5363.47
O16	14895.1	0.216339	75392.5	26737.8	26737.5
neutron	939.565	632.008	70094	19886.6	18475.5
N14	13040.2	0.595752	70094	19886.6	18475.5
O16	14895.1	0.335065	49179.5	2919.27	2918.82
Mg24	22335.8	0.161909	49081.2	2853.61	2853.23
Mg25	23268	0.221804	87929.5	37836.9	37836.4
O16	14895.1	0.367299	59771.7	15761.2	15760.5
O16	14895.1	0.286963	46507.6	7202.4	7201.86
Fe56	52089.8	0.0779636	74633.6	28823.3	28823
O16	14895.1	0.271263	39568.3	5074.87	5074.46
Si28	26053.2	0.143638	87375.4	35669.1	35668.7
O16	14895.1	0.504166	92869.3	42169.3	42168.7
Mg24	22335.8	0.702633	38329.9	4803.84	4803.04
O16	14895.1	0.229893	75510.9	27735.7	27735.4
Fe56	52089.8	0.110438	56467.7	14604.5	14604.1
O16	14895.1	0.212954	53081.7	12389.8	12389.3
O16	14895.1	0.234627	89555.1	39308.9	39308.6
Si28	26053.2	0.306494	82768.9	35207	35206.6
neutron	939.565	94.8593	71707.7	27543.1	24062.7
neutron	939.565	94.065	71707.7	27543.1	24062.7
neutron	939.565	60.343	71707.7	27543.1	24062.7
neutron	939.565	1.39922	71707.7	27543.1	24062.7
alpha	3727.38	2.45146	71707.7	27543.1	24062.7
Si28	26053.2	0.135694	94162.2	31622.4	31622.1
Mg24	22335.8	0.210503	43190.9	3374.76	3373.74
Mg24	22335.8	0.28894	87978.2	38119.5	38119
O16	14895.1	1.66607	59703.1	17855.6	17853.7
O16	14895.1	0.877914	34837.9	2060.91	2059.65
Mg26	24196.5	0.124941	72296.1	23608.4	23608.1
Si28	26053.2	0.139494	63621.3	17440.9	17440.7
Mg24	22335.8	0.176996	78536.8	30373.4	30372.8
O16	14895.1	0.355817	58472.5	14297	14296.5
O16	14895.1	0.227765	45744.7	7065.56	7065.06
Mg24	22335.8	0.16311	83949.3	36065.2	36064.6
Si28	26053.2	0.203514	44075.8	7041.05	7040.36
O16	14895.1	1.30607	35450.7	1097.04	1095.58
O16	14895.1	0.286813	88924.6	38112.2	38111.4
O16	14895.1	0.418949	85569.3	36464.4	36463.4
O16	14895.1	1.48567	88922.7	38688.4	38685.9
Mg24	22335.8	0.488307	95877.1	43471.4	43470.8
C14	13040.9	0.393783	63657.4	18218.1	16948.1
Si28	26053.2	0.166537	48382.9	10262.9	10262.4
O16	14895.1	0.35043	37007.1	2810.32	2809.55
O16	14895.1	0.919853	59999.4	19405.8	19403.5
O16	14895.1	2.84837	77628.7	30088	30084.7
Si28	26053.2	0.550984	72397	22433.2	22431.8
Si30	27913.2	0.147171	70926.8	21257.6	21257.1
Mg24	22335.8	0.14737	41667.9	1485.57	1485.02
O16	14895.1	9.19293	78078.8	32400.1	32390.9
neutron	939.565	393.294	76953.3	29946.7	28209.9
neutron	939.565	186.161	76953.3	29946.7	28209.9
neutron	939.565	7.16659	76953.3	29946.7	28209.9
neutron	939.565	2.28675	76953.3	29946.7	28209.9
alpha	3727.38	3.54038	76953.3	29946.7	28209.9
Si28	26053.2	0.198796	63121.2	17740.5	17739.7
O16	14895.1	0.231523	47797.1	4057.75	4057.18
Si28	26053.2	0.152815	97638.9	44460.8	44459.4
O16	14895.1	0.194311	97347.3	44768.2	44767.5
O16	14895.1	0.495875	51383.5	6975.17	6974.08
O16	14895.1	0.234269	44590.3	2485.28	2484.82
O16	14895.1	0.498696	77667.4	30048.6	30047.6
O16	14895.1	0.80772	82190.1	32475.2	32474.4
O16	14895.1	0.345951	61277.6	19843	19842
Mg24	22335.8	0.589492	88087.7	37941.8	37941.1
O16	14895.1	0.344129	73071.1	23250.8	23250.1
O16	14895.1	0.241463	41583.3	1570.27	1569.73
Fe56	52089.8	0.0637299	96588.4	44153.7	44153.5
Si28	26053.2	0.109002	41819	2563.98	2563.76
Mg24	22335.8	0.166205	72302.1	25862.2	25861
Si28	26053.2	0.109553	83886.1	30721.2	30720.6
O16	14895.1	0.235874	94411.4	42444.3	42444
O16	14895.1	0.368071	72343.2	27994.8	27994.3
Fe56	52089.8	0.0895067	72850	29108.1	29108
O16	14895.1	0.273586	58159	13162.9	13162.5
Si28	26053.2	1.84072	67903.6	22479.9	22477.8
Si28	26053.2	0.124005	67593.9	22253.5	22253.3
Mg26	24196.5	0.262756	43367.6	4485.23	4484.55
Si28	26053.2	0.170938	90141.5	39711.3	39710.7
neutron	939.565	71.5369	92554.1	41822.8	40782.3
neutron	939.565	2.28288	92554.1	41822.8	40782.3
B9	8393.31	9.95021	92554.1	41822.8	40782.3
neutron	939.565	64.4084	71280.4	26643.9	26068.9
alpha	3727.38	3.49445	71280.4	26643.9	26068.9
B11	10252.5	3.98547	71280.4	26643.9	26068.9
O16	14895.1	0.579914	38846.7	5056.08	5055.46
Si28	26053.2	0.197599	85394.4	35960	35959.6
O16	14895.1	0.265311	78453.9	31512.3	31512
O16	14895.1	0.278283	76318.6	29916	29915.4
Fe56	52089.8	0.0549662	75713.7	28547.4	28547
Fe56	52089.8	0.0689781	63223.7	20032.7	20032.6
O16	14895.1	0.412768	33860.6	718.271	717.4
Mg24	22335.8	0.140419	91682.3	37741.9	37741.5
Si28	26053.2	0.208735	80848.7	30389.7	30388.9
O16	14895.1	0.229826	40126.1	1415.94	1415.1
Si28	26053.2	1.12365	73250.6	25044.3	25043.1
Si28	26053.2	0.554151	99405.3	46053.6	46052.2
Si29	26984.3	0.133347	63941.2	20369.7	20368.4
O16	14895.1	0.223935	55810.8	14045.3	14043.9
O16	14895.1	0.273579	74322.1	25272.5	25271.9
Si28	26053.2	0.131679	61195.9	16614.7	16614
Mg24	22335.8	1.51199	39751	1104.89	1103.1
Si28	26053.2	0.230549	52069.9	9268.97	9268.66
Si28	26053.2	0.129234	51202.8	8798.28	8797.95
Si28	26053.2	0.160457	42901.9	3303.26	3302.7
O16	14895.1	0.223913	85036.5	36541.7	36541.4
neutron	939.565	8.15811	43300.2	6559.7	6344.84
O14	13044.8	0.485885	43300.2	6559.7	6344.84
O16	14895.1	0.248233	33949.2	686.511	685.799
O16	14895.1	0.44041	50866	11345	11343.9
Si28	26053.2	0.110458	80648.8	32293.9	32293.6
Si27	25130.8	0.241309	61287.5	16170.4	15461.5
Si28	26053.2	0.162062	89043.5	38648.8	38648.5
Mg24	22335.8	0.207205	87774.8	37599.9	37599.7
Mg24	22335.8	0.140618	68143.6	19300	19299.8
Si28	26053.2	0.29327	76442.2	28384.6	28384.2
Si28	26053.2	0.216482	57432.7	15624.8	15624.3
O16	14895.1	0.406726	91851.8	40674.4	40673.3
Si28	26053.2	0.70814	81128.6	32606.4	32605.6
Si28	26053.2	0.358516	56303.8	15423.8	15423.2
Si28	26053.2	0.115865	97584.7	44858.8	44858.4
Si28	26053.2	0.129564	91346.1	40938.3	40938.1
O16	14895.1	0.480906	44779.7	11116.9	11115.7
O16	14895.1	0.1943	39426.4	7649.63	7649.39
O16	14895.1	0.437852	59296.7	16987.1	16986.3
O16	14895.1	0.255429	53151.5	5902.51	5902.15
O16	14895.1	0.215704	55553.5	8028.45	8027.61
Si28	26053.2	0.147333	56410.5	12013.7	12013.5
O16	14895.1	0.194601	89640.1	39837.1	39836.7
O16	14895.1	0.22914	37046.4	1431.21	1430.78
O16	14895.1	0.652586	36863.2	1318.13	1317.2
Si30	27913.2	0.151067	90250.1	40165.1	40164.9
Fe54	50231.2	0.0841012	76835.8	31309.9	31309.7
O16	14895.1	0.193373	72475.4	28412.7	28412.5
Si28	26053.2	0.30398	72190.1	28256.1	28255.5
O16	14895.1	0.220505	89428	39235.3	39234.6
O16	14895.1	0.194458	81011.5	25642.4	25642.2
Mg24	22335.8	0.428827	44943	1393.21	1392.17
Fe56	52089.8	0.178402	63792.1	21409.7	21409.4
Mg24	22335.8	0.127429	38686.3	3657.07	3656.91
Fe56	52089.8	0.0986371	37259.2	44.1971	43.9472
Si28	26053.2	0.181639	49723.3	10057.2	10056.8
O16	14895.1	0.778888	42534.6	5531.35	5529.45
Si28	26053.2	0.169402	40935.9	4506.06	4505.58
Si28	26053.2	0.178356	33295.6	63.3654	62.8626
O16	14895.1	2.8233	69526.4	20537.3	20534.4
O16	14895.1	0.273293	92507	38379.5	38379.1
O16	14895.1	0.565248	40150.9	2924.21	2922.9
Mg24	22335.8	0.132902	96309.8	43178	43177.8
O16	14895.1	0.25586	64192.6	19785.4	19784.4
Si28	26053.2	0.389065	96638.5	44464.1	44463.6
O16	14895.1	0.43353	89189.9	33126.5	33125.8
O16	14895.1	0.261769	57101.8	641.555	640.287
Mg24	22335.8	0.158832	93265.9	42408.1	42407.9
O16	14895.1	0.431842	84734.2	36491.5	36490.8
O16	14895.1	0.191207	63292.9	15087	15085.7
O16	14895.1	0.223585	61596.6	14150	14149.6
Mg25	23268	1.18162	80064.3	31241.6	31239.8
O16	14895.1	0.256658	42698	4536.53	4536.01
neutron	939.565	2355	69820.8	22153.9	14821.8
neutron	939.565	37.7952	69820.8	22153.9	14821.8
neutron	939.565	7.24778	69820.8	22153.9	14821.8
He3	2808.39	19.3288	69820.8	22153.9	14821.8
alpha	3727.38	2.51733	69820.8	22153.9	14821.8
alpha	3727.38	9.26629	69820.8	22153.9	14821.8
O16	14895.1	0.193185	91604.7	40781.5	40780.9
Si28	26053.2	0.182871	77346.6	30839.7	30838.5
O16	14895.1	0.525597	85688.5	32731	32730.1
Si28	26053.2	0.149746	71410.2	22415.6	22415.1
O16	14895.1	0.277588	93000.4	40074.8	40074.1
Si28	26053.2	0.209421	77341.7	28450.4	28449.9
neutron	939.565	12.4815	61708.5	17991	17677.9
neutron	939.565	6.32358	61708.5	17991	17677.9
neutron	939.565	1.86143	61708.5	17991	17677.9
neutron	939.565	0.391971	61708.5	17991	17677.9
O18	16762	6.03895	61708.5	17991	17677.9
O16	14895.1	0.347112	49794.9	9771.13	9770.61
O16	14895.1	0.735496	51526.2	9737.96	9736.7
O16	14895.1	0.674764	87814.5	37484.4	37483.7
O16	14895.1	0.267545	76001.2	28954.1	28953.2
O16	14895.1	0.235874	71639.7	25556.6	25556.4
Mg24	22335.8	0.317771	87720.1	36838.5	36837.1
neutron	939.565	68.9981	83714.7	34309.9	33460.1
N14	13040.2	1.47802	83714.7	34309.9	33460.1
Si28	26053.2	0.169215	77512.9	28728.1	28727.7
O16	14895.1	0.207051	75722.7	27576	27575.6
Mg24	22335.8	0.171356	89040	38712.2	38712
Si28	26053.2	0.234519	61095.4	14459	14458.6
O16	14895.1	0.525642	47862.3	5753.29	5752.06
O16	14895.1	0.525788	64755.7	23000.1	22999.4
Si29	26984.3	0.161339	60400.4	18102.6	18102.2
O16	14895.1	0.323127	49915.3	11064.8	11064
O16	14895.1	0.279295	49756.7	10963.3	10962.9
O16	14895.1	0.288036	83320.6	11894.2	11893.8
O16	14895.1	0.327715	80557.3	10092.7	10091.5
O16	14895.1	0.290869	80009.1	33418.7	33418.1
neutron	939.565	2.92669	87175	37968.7	35650.4
N14	13040.2	0.0526945	87175	37968.7	35650.4
O16	14895.1	0.248531	65810.2	20723	20722.3
Si28	26053.2	0.13066	39941.4	2222.28	2222.1
O16	14895.1	0.564546	73547.2	28749.5	28748.9
Si28	26053.2	0.112248	97749.3	44980.7	44980
O16	14895.1	0.325748	78540.4	26677.3	26676.6
Fe56	52089.8	0.0758573	60366.6	14742.5	14742.4
O16	14895.1	0.212289	42230.4	1629.09	1628.82
Si28	26053.2	0.111086	96935.8	44425.3	44424.7
O16	14895.1	0.341457	85092.5	35546.4	35545.9
Si28	26053.2	0.126796	50861	11601.4	11600.9
Mg24	22335.8	0.483663	71467.4	24038.9	24037.7
Mg25	23268	0.17847	71449.1	24028.5	24028.2
O16	14895.1	0.460237	64610.1	18756.3	18755.6
O16	14895.1	0.212026	39932.3	1151.72	1151.19
O16	14895.1	0.374417	98465.2	45434.5	45433.8
neutron	939.565	550.841	96793.5	43803.5	43005.3
neutron	939.565	2.63508	96793.5	43803.5	43005.3
N15	13968.9	0.547493	96793.5	43803.5	43005.3
Si28	26053.2	0.210385	89230.3	36586.5	36586
Mg26	24196.5	0.135764	48313.4	11358.9	11358.3
O16	14895.1	0.202708	84799.5	34913.5	34913.3
alpha	3727.38	6.91222	77041.6	28033.7	27776.8
C12	11174.9	2.73021	77041.6	28033.7	27776.8
Mg24	22335.8	0.131741	47204.2	7542.29	7541.64
Si28	26053.2	0.109192	40628.3	3335.09	3334.01
Mg24	22335.8	0.131402	73363.6	27579.4	27579.2
O16	14895.1	0.448156	59720.9	12404.6	12403.3
O16	14895.1	0.193814	47277.7	4642.22	4641.49
Si28	26053.2	0.187082	57372.3	18116.7	18116.4
O16	14895.1	0.298689	83766.4	35263.8	35263.4
O16	14895.1	0.225233	36793.7	2401.21	2400.97
Mg24	22335.8	0.212744	98417.1	45298.8	45298.3
Fe56	52089.8	0.102575	96542	43963.4	43963.2
Si28	26053.2	0.254731	82006.2	33516.8	33515.9
Mg24	22335.8	0.201668	71962	26567.5	26567
O16	14895.1	0.223356	41209.9	5228.47	5227.53
Si28	26053.2	0.126247	79705.5	30949.2	30948.8
Mg24	22335.8	0.144131	76393.6	28794.9	28794.3
Si28	26053.2	0.112991	94745.9	42953	42952.9
Mg24	22335.8	0.170638	87159	33721.1	33720.1
O16	14895.1	0.727392	62357.4	17205.9	17204.8
Mg24	22335.8	0.478131	60942.3	15722.7	15720.8
Si28	26053.2	0.118912	78799.5	30772.3	30771.9
Si28	26053.2	0.124768	82091.4	33620.1	33618.9
Si28	26053.2	0.157547	95216.6	43127.7	43127.2
Mg24	22335.8	0.183823	74492	28522.8	28522.5
neutron	939.565	11.9842	85313.1	36695.7	36451.3
neutron	939.565	4.5464	85313.1	36695.7	36451.3
neutron	939.565	1.16089	85313.1	36695.7	36451.3
alpha	3727.38	6.86191	85313.1	36695.7	36451.3
O16	14895.1	0.944297	85313.1	36695.7	36451.3
O16	14895.1	0.266816	68861.3	25321	25320.2
Si28	26053.2	0.248709	43975.8	7500.96	7499.45
O16	14895.1	1.48795	99153.4	45904.4	45902.9
O16	14895.1	0.239695	90472.5	40288.4	40287.4
Si28	26053.2	0.168254	73769.3	28609.3	28608.7
O16	14895.1	0.223961	61807.8	12979	12978.6
O16	14895.1	0.302167	95483.4	42940.1	42939
O16	14895.1	0.43995	54292.8	9322.97	9322.39
Si28	26053.2	0.126394	70206.4	22239.3	22238.8
Mg24	22335.8	0.398655	92392.9	40399.6	40399
O16	14895.1	0.579378	55861.5	14017.4	14016
Si28	26053.2	0.1865	53956.8	12740.3	12739.8
Mg24	22335.8	0.243863	48912.6	9566.17	9565.59
O16	14895.1	0.335672	86950.8	37469.6	37469
Si28	26053.2	0.11873	86176.5	36893.4	36892.8
O16	14895.1	0.259028	75959.1	28057.5	28055.9
O16	14895.1	0.259675	60504.9	17424.2	17423.9
O16	14895.1	0.216506	67324	19854.1	19853.3
O16	14895.1	0.208175	63479.4	17494.2	17493.7
O16	14895.1	0.608333	41816	3376.37	3375.61
O16	14895.1	0.191665	96224.1	43336.6	43335.9
Mg24	22335.8	0.198542	64008.4	20793.5	20793.3
Mg26	24196.5	0.128563	62419.8	19746.6	19745.8
O16	14895.1	0.195034	37995.9	3623.93	3623.21
O16	14895.1	0.255749	96032.3	43604.9	43604.4
Mg26	24196.5	0.125602	65038.3	22275.1	22275
O16	14895.1	0.21242	37322.8	4267.47	4266.86
Si30	27913.2	0.403477	84427.3	35157.9	35157.3
Si28	26053.2	0.218155	40563.1	3528.91	3528.37
O16	14895.1	0.452433	94058.2	42615.2	42614.5
N14	13040.2	0.36465	77853.6	31701	29590.9
Fe54	50231.2	0.0718618	76816.7	28968.3	28967.4
O16	14895.1	0.216251	68514.3	23291.4	23290.5
Si28	26053.2	0.159828	51775.6	12249	12248.5
Mg24	22335.8	0.368081	42457.8	6072.77	6072.1
O16	14895.1	0.189721	77782.4	28080	28079.4
O16	14895.1	0.229508	39656.3	2942.96	2942.5
Si28	26053.2	0.201582	40547.7	6050.4	6049.61
O16	14895.1	0.297049	90943.4	38926.8	38926.4
Si28	26053.2	0.917213	62099.7	13278.8	13277.4
Si28	26053.2	0.229575	38230.7	1421.58	1421.16
Mg24	22335.8	0.851336	97743.5	44972.4	44971.2
O16	14895.1	0.250934	57948.2	14651.5	14651.2
O16	14895.1	0.628871	98257.7	45114	45113.3
O16	14895.1	0.29339	85956.8	35785.3	35784.8
neutron	939.565	54.7244	81847.1	33188.6	32854.2
neutron	939.565	23.5365	81847.1	33188.6	32854.2
neutron	939.565	20.1704	81847.1	33188.6	32854.2
alpha	3727.38	5.57797	81847.1	33188.6	32854.2
O16	14895.1	0.468709	92581.7	41395.5	41394.9
Si28	26053.2	0.198208	44875.6	8130.37	8130.09
O16	14895.1	0.194905	77946.3	30901.4	30901.2
Mg24	22335.8	0.158022	68118	14502.1	14501.5
O16	14895.1	1.62356	57654.9	14348.1	14346.3
O16	14895.1	0.419119	36588.9	186.977	186.319
Fe57	53021.7	0.0868321	90829.9	39374.5	39373.2
O16	14895.1	0.770011	89462.8	38474.8	38474
O16	14895.1	0.314587	88542.7	37724.3	37723.9
Mg24	22335.8	0.131855	83334.2	34351	34350.6
O16	14895.1	0.220676	78905.6	31589.5	31589.2
O16	14895.1	0.35928	54298.7	10577.2	10576.3
O16	14895.1	3.19754	92992.5	41199.6	41196
Si28	26053.2	0.131333	35981.5	2047.91	2046.6
O16	14895.1	0.359562	94369	42602.9	42601.5
O16	14895.1	0.426232	95077.7	42775.1	42774.5
Mg25	23268	0.131478	71973.6	19507.5	19506.6
O16	14895.1	1.91925	51642.3	6302.29	6299.33
Si28	26053.2	0.111273	91248.8	40512.8	40512.5
O16	14895.1	0.199865	89539.4	38830.7	38829.9
O16	14895.1	0.193193	78643.5	30926.7	30926.4
neutron	939.565	2.72377	67750.4	23772.5	23389.7
neutron	939.565	2.51402	67750.4	23772.5	23389.7
alpha	3727.38	11.3136	67750.4	23772.5	23389.7
Ne20	18617.7	2.48859	67750.4	23772.5	23389.7
Mg24	22335.8	0.157065	65403.5	22033.4	22033
Fe56	52089.8	0.0680694	52504.8	12612.9	12612.8
Fe54	50231.2	0.16976	50865.2	11453	11452.6
O16	14895.1	1.79144	45920.4	8419.65	8417.63
O16	14895.1	0.20697	78832.9	30860.7	30860.1
Mg24	22335.8	0.465186	68991.2	24221.3	24220.8
Si28	26053.2	0.176951	54667.6	14759.5	14758.9
Mg25	23268	0.723162	95247.9	42243.1	42242.3
O16	14895.1	0.594043	92244.6	40426.1	40425.2
Mg24	22335.8	0.715139	88048.4	36941.2	36940.3
Mg24	22335.8	0.232789	53220.6	8327.51	8327.2
Si28	26053.2	0.179267	48824.5	5336.78	5336.57
neutron	939.565	0.342346	96796.8	44014.5	43804
N14	13040.2	0.321302	96796.8	44014.5	43804
O16	14895.1	1.26907	37065.2	1830.94	1828.77
Mg24	22335.8	0.48709	34492	272.23	271.406
O16	14895.1	0.517547	95079.7	43382.5	43382
Si28	26053.2	0.184105	78578	29464	29462.1
Mg24	22335.8	0.159078	96224.6	44027.6	44027.4
Si28	26053.2	0.132928	76866.7	30505.9	30505.5
Si28	26053.2	0.925458	46631.4	9579.01	9577.25
O16	14895.1	0.27503	81257.3	33935.3	33935
O16	14895.1	0.668642	43606.5	8416.54	8415.76
Mg24	22335.8	0.38381	82423.6	33254	33253.3
Fe56	52089.8	0.065854	70067.4	24056.1	24055.7
O16	14895.1	0.223227	43140.8	8878.34	8878.05
Si28	26053.2	0.138484	90553.1	40257.1	40256.9
Fe56	52089.8	0.170656	57275.1	13401.4	13400.4
Si30	27913.2	0.157515	52958.2	10747.1	10747
O16	14895.1	2.87643	85116	36205.5	36202.2
O16	14895.1	0.226712	57526.4	16498.1	16497.8
O16	14895.1	1.23005	52371.2	13387.2	13384.9
Si28	26053.2	0.305868	96371.4	43694	43693.5
O16	14895.1	0.289688	59814.4	16327.9	16327.1
O16	14895.1	1.56639	53969.6	11981.5	11979
Si28	26053.2	0.25293	48381.9	8211.11	8210.84
O16	14895.1	0.213398	43547.1	4961.9	4961.66
O16	14895.1	1.2972	36452.6	629.526	628.198
Si28	26053.2	0.131293	35890	1152.72	1152.44
Si28	26053.2	0.128779	91001.5	38750.6	38750
O16	14895.1	0.448069	64685	19244.8	19243.8
Si28	26053.2	0.196215	45908.7	8280.85	8280.45
neutron	939.565	1113.46	94579.3	42644.1	40337.7
N14	13040.2	0.250188	94579.3	42644.1	40337.7
O16	14895.1	0.219686	65855.9	22790.6	22790.1
Si29	26984.3	0.142116	68944.4	21202.8	21202.4
O16	14895.1	0.220218	51597.8	11276	11275.7
Mg24	22335.8	0.206992	48332.1	8906.58	8905.32
Mg24	22335.8	0.188181	67618.3	14439.7	14439.3
Si28	26053.2	0.15012	65414.8	13135.5	13135.2
O16	14895.1	0.64476	79255.2	31597	31595.9
O16	14895.1	0.371567	54871.8	13380.2	13379.6
O16	14895.1	0.270899	90670.5	37697.1	37695.5
Si28	26053.2	0.349589	85054.3	32062.4	32061.8
O16	14895.1	0.274056	70220.8	21166.6	21166
Si28	26053.2	0.123198	69663.8	20852.6	20852.4
Mg24	22335.8	0.194734	86161	37112.5	37111.8
O16	14895.1	0.801037	87444.3	37625.7	37624.3
O16	14895.1	0.559605	78274	30015.4	30014.7
O16	14895.1	0.296313	48343.6	6727.4	6726.76
neutron	939.565	99.8499	75397.7	28886.8	28337.3
neutron	939.565	32.844	75397.7	28886.8	28337.3
neutron	939.565	13.211	75397.7	28886.8	28337.3
neutron	939.565	9.2721	75397.7	28886.8	28337.3
alpha	3727.38	22.2146	75397.7	28886.8	28337.3
alpha	3727.38	16.3132	75397.7	28886.8	28337.3
Si28	26053.2	0.13153	67681.5	23369.2	23368.2
O16	14895.1	0.739291	90678.5	40119.7	40118.3
O16	14895.1	1.40062	98675.4	44995.3	44993.7
Si28	26053.2	0.114268	68365.5	22829.4	22828.9
O16	14895.1	0.269033	85037.9	36234.3	36234
neutron	939.565	563.351	69652.7	25457.5	24644.7
neutron	939.565	217.033	69652.7	25457.5	24644.7
Mg24	22335.8	0.858507	69652.7	25457.5	24644.7
O16	14895.1	0.568185	68406.8	23857.6	23856.3
O16	14895.1	0.254474	71763.9	25358.1	25357.5
Si28	26053.2	0.157572	81081.9	29705.5	29705.4
O16	14895.1	0.781713	69894.9	21528.7	21527.8
O16	14895.1	0.206001	54696.2	9333.73	9332.78
Mg24	22335.8	0.163552	47830.1	5000.05	4999.72
O16	14895.1	0.448705	70110.3	24822.5	24821.2
Mg25	23268	0.148178	68652	23927	23926
O16	14895.1	0.289381	98886.9	45733.5	45733.1
Mg24	22335.8	0.334249	85940.4	37193.8	37192.7
Mg25	23268	0.309003	57622.6	8227.73	8227.11
O16	14895.1	0.231342	42518.4	4182.63	4182.12
Mg24	22335.8	0.158031	41584.5	3612.55	3611.94
Si29	26984.3	0.161638	85940.2	36705.1	36704.8
Si28	26053.2	0.147866	42236.2	7754.84	7754.22
Mg24	22335.8	0.162268	48433.9	8997.17	8996.92
O16	14895.1	0.196817	60039.6	18042.7	18042.2
O16	14895.1	0.24741	58231.3	16983.9	16983.1
O16	14895.1	0.808943	48366	10277.7	10276.7
O16	14895.1	0.274703	78520.7	2498.04	2497.52
Si28	26053.2	0.901844	75455.1	739.011	738.002
Si28	26053.2	0.19519	97417.4	44735.9	44733.8
O16	14895.1	0.213139	64123.9	8416.46	8416.22
Fe56	52089.8	0.899156	98887.5	45707.3	45704.9
Fe58	53951.2	0.0742463	60537.2	19379.3	19379.1
O16	14895.1	0.248938	47249.2	8784.01	8783.66
O16	14895.1	0.195759	95619.4	43455.3	43455
Mg24	22335.8	0.356288	93938.6	42064.6	42063.3
Si28	26053.2	0.557807	86114.3	36988.2	36987.3
O16	14895.1	0.232719	84925.8	36297.9	36296.2
neutron	939.565	3.85907	72643.2	27048.6	18950.7
Ne20	18617.7	2.35748	72643.2	27048.6	18950.7
Mg24	22335.8	0.132342	45532	1251.94	1251.8
Si28	26053.2	0.250343	85610.7	36696.3	36696
Si28	26053.2	0.32652	98405.7	45427.2	45426.6
O16	14895.1	0.386242	88179.1	37974.6	37973.9
neutron	939.565	1.73574	75840.1	27873.1	26534.5
C13	12109.5	0.431353	75840.1	27873.1	26534.5
O16	14895.1	0.452625	55739.1	11606.1	11605.5
Mg25	23268	0.179691	48948.6	7506.18	7505.96
O16	14895.1	0.612966	41444.1	2616.27	2615.04
Mg24	22335.8	0.1432	62688.2	17868.3	17868.1
O16	14895.1	1.12487	82470.6	34033.3	34032.1
O16	14895.1	0.202769	79192.7	31976.9	31976.7
Si28	26053.2	0.140665	40236.6	5242.34	5241.87
O16	14895.1	0.224095	72218.8	26028.8	26028.1
Fe56	52089.8	0.0542583	66867	22461.6	22461.3
O16	14895.1	0.241419	62117	18280.2	18279.6
O16	14895.1	0.280253	51955.1	11670.4	11669.8
O16	14895.1	0.219829	65009.5	18303.1	18302.7
O16	14895.1	0.691519	60132.9	15038.2	15036.5
Si28	26053.2	0.189686	72063.5	27391.2	27390.4
O16	14895.1	0.257633	59003.2	8616.74	8615.89
Mg26	24196.5	0.455938	49870.8	1637.65	1637.13
Mg24	22335.8	0.128028	91531	39028.9	39028.5
O16	14895.1	0.390723	89431.8	37659.3	37658.5
Mg24	22335.8	0.12985	86939	36125.8	36124.9
Si28	26053.2	0.132666	55298.8	12507.6	12507.3
Fe56	52089.8	0.0707371	36127.3	172.604	171.716
neutron	939.565	356.271	99098	45866.8	45342.3
neutron	939.565	5.93689	99098	45866.8	45342.3
neutron	939.565	2.98162	99098	45866.8	45342.3
Ne21	19550.5	2.97346	99098	45866.8	45342.3
Fe56	52089.8	0.0813292	66015.1	20598	20597.2
Si28	26053.2	0.179649	64588.9	19768.5	19767.8
Fe56	52089.8	0.155386	44557.3	6103.51	6102.2
O16	14895.1	0.197893	44430	6034.98	6034.75
O16	14895.1	0.194201	94284.8	42931	42930.3
O16	14895.1	0.210221	85947.2	37562.6	37561.7
O16	14895.1	0.275268	96548.6	43169.6	43169.1
neutron	939.565	107.139	89610.3	38632.3	37600.5
neutron	939.565	2.22938	89610.3	38632.3	37600.5
C12	11174.9	0.897427	89610.3	38632.3	37600.5
Si28	26053.2	3.50286	85694.8	35104.7	35101.2
O16	14895.1	0.966131	43249.1	3108.91	3107.88
Mg26	24196.5	4.72004	99182.8	45924.9	45919.4
O16	14895.1	0.253169	87142.2	38494.5	38494.2
O16	14895.1	0.225702	98090.3	45123.7	45123.2
neutron	939.565	1.40365	53653	8810.96	7482.5
C13	12109.5	0.414366	53653	8810.96	7482.5
Mg24	22335.8	0.254176	92798	41264.3	41263.8
O16	14895.1	0.207227	51298.6	9388.02	9387.77
Mg24	22335.8	0.129048	83349.6	31798.8	31798.7
Mg24	22335.8	0.158897	65202.9	18953.2	18952.9
O16	14895.1	0.322496	73275.1	28870.9	28870.6
Mg24	22335.8	0.152626	48395.5	7214.86	7214.55
O16	14895.1	0.238446	47970.6	6925.93	6925.64
O16	14895.1	0.195161	58473.8	15462.8	15462.2
Fe56	52089.8	0.0739882	93464.6	40917.7	40917.5
O16	14895.1	0.640181	87899.8	37337.2	37335.6
O16	14895.1	0.388554	84602.9	34906	34904.6
Si28	26053.2	0.43846	83542.9	34051	34050.5
O16	14895.1	0.238276	82572.5	33484.8	33484.4
N14	13040.2	0.692832	79483.9	31419.2	26663.7
neutron	939.565	618.447	94568.6	42495.1	41624.8
C13	12109.5	0.876156	94568.6	42495.1	41624.8
Si28	26053.2	0.113502	80858.4	31313.1	31312.7
Si28	26053.2	0.181706	71496.9	24581.5	24581.2
Mg24	22335.8	0.135745	68467	21879.6	21879.4
O16	14895.1	0.328465	31686.1	768.603	767.994
Mg24	22335.8	0.325438	74035.6	28038.2	28037.7
Mg24	22335.8	0.13516	69342.6	23973.2	23972.7
Fe54	50231.2	0.0604262	48195.8	6826.44	6824.73
Mg24	22335.8	0.178026	69207.1	24338.2	24337.4
Si28	26053.2	4.62581	54690.2	15190.8	15186.1
O16	14895.1	0.443915	34983.4	1626.28	1624.76
Mg24	22335.8	0.162428	72152.6	27293.4	27293.1
O16	14895.1	0.301823	59513.2	16617.2	16616.5
Mg24	22335.8	0.245495	54314.9	11730.6	11729.6
O16	14895.1	0.19154	82411.8	33680.3	33679
Si28	26053.2	0.124573	47207.5	10437.1	10436.8
O16	14895.1	0.290303	85509.3	36630.9	36630.4
O16	14895.1	0.222057	67940.6	12966.9	12966.5
N15	13968.9	0.583807	46844.6	8884.9	8578.9
Si29	26984.3	0.698396	79727.5	32039.5	32038.7
O16	14895.1	0.24368	76430.6	29883.7	29883.3
O16	14895.1	0.231707	50795.3	11397.4	11397.1
O16	14895.1	0.466466	85754.7	36057.4	36056.5
Mg25	23268	0.138119	87965.3	38276.7	38276.1
O16	14895.1	0.62042	57793.9	15703.2	15702.3
O16	14895.1	0.736574	49397.9	10151.2	10150.3
Si28	26053.2	0.220351	92767.6	40521.8	40521.5
Si28	26053.2	0.121653	54479.3	11356.2	11355.8
Si28	26053.2	0.154711	53958	11956.6	11955.9
O16	14895.1	0.215055	67050.2	20525.1	20524.4
Si28	26053.2	0.228128	53078.8	9371.8	9371.38
neutron	939.565	1701.28	87794.9	37903.8	35443.6
neutron	939.565	5.87842	87794.9	37903.8	35443.6
Na22	20482.1	0.393015	87794.9	37903.8	35443.6
O16	14895.1	0.342975	48588.5	2130.44	2129.98
O16	14895.1	0.853776	57828.2	15773	15771.9
Si28	26053.2	0.181265	97263.3	43200.2	43199.4
O16	14895.1	0.199062	57051.9	15482.6	15482.1
O16	14895.1	0.718257	74936.2	29429.7	29428.6
O16	14895.1	0.263631	93168.6	41625.5	41625
Mg24	22335.8	0.17813	91427.5	40479.3	40478.8
O16	14895.1	0.237229	72008.7	25368.3	25367.5
Si28	26053.2	0.147296	49630.6	8389.37	8389.2
N15	13968.9	0.418185	96692.4	43960.7	43474.8
neutron	939.565	630.671	96268.5	43209.5	41989.3
neutron	939.565	549.302	96268.5	43209.5	41989.3
C12	11174.9	1.38533	96268.5	43209.5	41989.3
Si28	26053.2	0.439758	92895.3	39468.9	39468
O16	14895.1	0.370099	91010.8	38286.4	38285.9
O16	14895.1	0.22198	73468.2	26586.8	26585.7
O16	14895.1	0.233623	55888.6	16663.6	16663.1
Si28	26053.2	0.142342	48441.3	10257.2	10256.2
O16	14895.1	0.481598	96552.2	44016.3	44015.2
O16	14895.1	0.206881	87344.8	38415	38414.3
Mg24	22335.8	0.1721	73846.7	26914.6	26914.4
O16	14895.1	0.2082	61966.1	15161.4	15160.9
Mg24	22335.8	0.246858	51948.4	8340.36	8339.68
Si28	26053.2	0.127141	76085.7	30742.6	30742.5
Mg24	22335.8	0.274715	67153	24621.3	24620.6
Mg25	23268	0.146737	38097.6	3176.22	3175.93
Mg24	22335.8	0.391705	95563.5	41742.7	41742.3
Mg24	22335.8	0.144924	60590.4	18249.8	18249.2
O16	14895.1	0.292908	58814.7	17120.1	17119.1
Si28	26053.2	0.39417	91533.2	40507.4	40506.6
O16	14895.1	0.203862	66824.8	21870.2	21869.8
O16	14895.1	0.799688	56615.5	14964.4	14963.2
neutron	939.565	4.38346	79139.7	31448.8	30892.9
N15	13968.9	2.00888	79139.7	31448.8	30892.9
O16	14895.1	1.58976	68288.2	21783.6	21781.4
Mg24	22335.8	0.147618	55323.9	10670.3	10669.8
O16	14895.1	0.299596	84698.2	30689	30688
Si30	27913.2	0.260644	96142.4	43504.2	43503.5
O16	14895.1	0.278283	78493.1	28081.1	28079
Mg25	23268	0.169741	58293.4	15216.2	15215.3
Si28	26053.2	0.190753	54658.1	12668.4	12668.1
O16	14895.1	0.202562	89765.7	38706.7	38706.4
O16	14895.1	0.330889	61334.2	18312.5	18312.1
Si30	27913.2	0.157489	44490.1	9392.32	9392.14
Si28	26053.2	0.224718	41326.1	7350.91	7350.43
O16	14895.1	0.226725	94068.4	42382.5	42382.1
Si28	26053.2	0.365904	84184.2	34824.7	34822.3
Si28	26053.2	0.131475	34599.3	39.7484	39.6103
O16	14895.1	0.878549	88251.6	38068.2	38067.1
N15	13968.9	2.01242	90424	34205.2	33967.7
O16	14895.1	0.296974	95236	43429	43428.3
O16	14895.1	0.394272	80628.4	32909.8	32909.3
O16	14895.1	0.230957	35669.7	770.416	769.862
O16	14895.1	0.20228	58555.3	1565.16	1563.95
O16	14895.1	0.32839	90194.6	40247.9	40247.4
O16	14895.1	1.20859	49852.3	11247.5	11246
neutron	939.565	0.602686	41909.8	5287.59	2421.71
N14	13040.2	0.133804	41909.8	5287.59	2421.71
O16	14895.1	0.515008	93722.6	41786	41785.1
Si28	26053.2	0.130084	72434.2	28018.5	28018.3
Mg24	22335.8	0.413761	67770.9	10801.2	10800.7
O16	14895.1	0.600732	84543	28744.4	28743.6
neutron	939.565	361	52719.9	6805.47	5946.48
C13	12109.5	0.275316	52719.9	6805.47	5946.48
O16	14895.1	0.70892	90508.4	39272.3	39270.2
Mg24	22335.8	0.188205	60789.9	18053	18052.7
O16	14895.1	0.29436	58866.4	16791.8	16791.2
Si28	26053.2	0.116212	62745.7	11746.5	11746
Si28	26053.2	0.473529	88919.4	38778.5	38777.7
Mg26	24196.5	2.14856	65149.2	24228.2	24225.9
O16	14895.1	0.254849	32900.3	1784.49	1784.19
O16	14895.1	0.227876	84075	35435.3	35435
Si28	26053.2	0.139642	65463.7	23424.4	23424.2
Si28	26053.2	0.489177	89997.1	36856.7	36856.2
neutron	939.565	162.234	74754.8	26978	22300.7
neutron	939.565	25.7356	74754.8	26978	22300.7
neutron	939.565	6.65185	74754.8	26978	22300.7
neutron	939.565	4.56625	74754.8	26978	22300.7
neutron	939.565	1.1112	74754.8	26978	22300.7
N14	13040.2	0.112141	74754.8	26978	22300.7
Si28	26053.2	0.122696	70281.2	19287.4	19286.4
Mg24	22335.8	0.570075	64587.8	15831.4	15830.3
Si28	26053.2	0.168426	57353.3	8711.23	8710.77
O16	14895.1	1.42963	49007.3	3315.4	3312.95
Si28	26053.2	0.27646	88026.4	38167.6	38167.2
O16	14895.1	0.47814	87233.8	37464.3	37463.6
O16	14895.1	0.26975	95315.1	43305.5	43304.8
O16	14895.1	0.40934	84546.4	34813	34811.5
Mg24	22335.8	0.136699	81006.4	32247	32246.4
O16	14895.1	0.44881	51096.3	6796.18	6795.73
Si28	26053.2	0.157352	50509.9	10572.9	10572.5
O16	14895.1	1.01165	98485.7	44802.8	44801.5
Si28	26053.2	0.141941	73896.8	28010.2	28010
Mg24	22335.8	0.23913	58015.3	13582.2	13581.8
O16	14895.1	1.43343	40746.4	2177.43	2175.7
O16	14895.1	0.388579	98263.4	45343.7	45342.6
O16	14895.1	0.198572	85417.5	37103.5	37103.1
Mg24	22335.8	0.152121	73046.8	27729.2	27729
Mg25	23268	0.142495	43850.2	6448.32	6447.8
O16	14895.1	1.08395	92060.7	40762.4	40761.3
O16	14895.1	0.215961	61738.5	11869.9	11869.3
Mg24	22335.8	0.201455	58894.3	10119	10118.2
O16	14895.1	0.336684	93240.3	40346	40345.2
Si28	26053.2	0.225529	55970.2	13036.3	13035.3
Si28	26053.2	0.118695	55954.7	13029.8	13028.2
O16	14895.1	0.593884	43825	3940.05	3939.43
O16	14895.1	0.213493	64896.5	20899.8	20899.4
O16	14895.1	0.48595	73719.6	27623.6	27622.9
O16	14895.1	0.307859	59980	18810.2	18809.8
Si28	26053.2	0.167551	51663.4	13101.5	13101.2
Si28	26053.2	1.6788	42155	7415.31	7413.62
O16	14895.1	0.314319	55409.8	4126.73	4125.89
O16	14895.1	0.221872	62946.7	17847.7	17847.2
Si28	26053.2	0.292456	52104.6	11007.5	11006.2
neutron	939.565	13.1896	64083.6	21546.3	21332.3
neutron	939.565	8.89181	64083.6	21546.3	21332.3
neutron	939.565	6.83989	64083.6	21546.3	21332.3
neutron	939.565	2.97284	64083.6	21546.3	21332.3
Be8	7454.85	4.39387	64083.6	21546.3	21332.3
Mg24	22335.8	0.174449	96919	43553.6	43553.2
O16	14895.1	0.395248	79784.4	29375.5	29374.7
Si28	26053.2	0.1725	86489.8	37859.4	37858.6
Si28	26053.2	0.124311	56920.6	17164.8	17163.5
Si28	26053.2	0.222775	56790.4	17072.4	17071.1
O16	14895.1	0.348659	38438.8	3970.93	3970.43
Mg25	23268	0.29831	37747.7	3583.87	3583.54
Mg24	22335.8	1.25118	94575.1	42363.5	42362.2
O16	14895.1	0.271438	86081.7	36781.7	36781.2
O16	14895.1	0.490485	78960.2	31670.4	31669.9
Si28	26053.2	0.210462	77412.4	30684.3	30683.7
O16	14895.1	0.272403	86181	37391.2	37389.8
Si28	26053.2	0.127797	69591.6	24420.7	24420.4
neutron	939.565	28.9175	60836.4	18401	18179.2
neutron	939.565	2.53112	60836.4	18401	18179.2
alpha	3727.38	7.5094	60836.4	18401	18179.2
alpha	3727.38	7.06871	60836.4	18401	18179.2
C13	12109.5	0.435918	60836.4	18401	18179.2
Si28	26053.2	0.116433	46598.9	5654.7	5653.25
Fe56	52089.8	0.130073	41111.1	2063.48	2062.96
Si28	26053.2	0.140922	53137.6	14091.9	14091.7
O16	14895.1	0.263145	63874.3	22620.1	22618.9
O16	14895.1	0.345371	31308.2	1462.61	1461.59
Mg25	23268	0.132863	44931.5	74.9636	74.6659
Si28	26053.2	0.271265	84878.6	35991.2	35990.8
O16	14895.1	0.795877	59653	19356.9	19355.8
Mg25	23268	0.186247	41087.8	4583.72	4583.46
O16	14895.1	0.461682	65664.6	8117.93	8116.5
O16	14895.1	0.292052	62352.8	20553.6	20553.3
O16	14895.1	0.410324	69496.1	25845.9	25844.9
O16	14895.1	0.291445	52320.6	13988.8	13988.3
Mg24	22335.8	0.147342	94967.4	43141	43140.7
O16	14895.1	0.89714	35248.3	2619.41	2618.19
Si28	26053.2	0.396911	99683.5	45839.5	45839
Mg24	22335.8	0.12904	50068.7	7049.64	7048.91
O16	14895.1	0.367016	79122	26636.1	26635.5
O16	14895.1	0.228748	76147.3	23865.3	23864.5
neutron	939.565	244.847	66846.6	17516.4	17185.2
neutron	939.565	46.9992	66846.6	17516.4	17185.2
Si26	24204.6	1.13933	66846.6	17516.4	17185.2
Si28	26053.2	0.118192	97941.6	44846.1	44845.9
Si28	26053.2	0.35666	55901.7	11433.7	11433.3
O16	14895.1	0.358518	47984.8	6206.72	6206.17
Mg24	22335.8	0.227358	79618.3	32552	32551.4
neutron	939.565	53.3582	69213	23381	22921.8
O15	13971.2	0.152453	69213	23381	22921.8
Si28	26053.2	0.137408	41182.8	1850.3	1849.95
O16	14895.1	0.257167	81512.7	34123.4	34123
O16	14895.1	0.353603	70057.2	26271.4	26270.8
Fe56	52089.8	0.100006	66307.5	23226.3	23226.2
Si28	26053.2	0.358806	57472.7	17600.6	17599.9
Si28	26053.2	0.179391	54220.7	15182.7	15182.3
O16	14895.1	0.236782	92663.9	41632.8	41632.5
O16	14895.1	1.2988	89986.1	39956.1	39954.4
alpha	3727.38	0.547415	44201.1	8511.35	8012.75
alpha	3727.38	6.16033	44201.1	8511.35	8012.75
Si28	26053.2	0.181257	75644.5	27633.2	27632.5
O16	14895.1	0.359152	41539.4	662.327	661.542
O16	14895.1	0.256758	85662.5	35789.2	35788.6
Fe56	52089.8	0.0572274	51157.5	8595.92	8595.84
Mg24	22335.8	0.501284	85158	33269.1	33268.6
O16	14895.1	0.405075	40833.9	3668.34	3667.76
Si28	26053.2	0.14099	45574.2	6158.54	6158.34
O16	14895.1	0.237486	36413.2	204.926	204.414
O16	14895.1	0.696496	86417.2	38066.6	38065.9
Mg24	22335.8	0.127228	81092.5	34038.4	34038.1
Mg24	22335.8	3.15413	52219.5	10332.9	10327.6
O16	14895.1	0.469354	64216.6	22134.1	22133
O16	14895.1	0.39379	77958.2	26762	26761.2
Si28	26053.2	0.11944	65664.7	18452.7	18452.5
O16	14895.1	0.233857	39424.8	558.856	558.049
Si28	26053.2	0.123962	71928.3	5637.28	5636.98
Si28	26053.2	0.117834	56711.2	14963.1	14963
O16	14895.1	0.200273	53046.5	12159.9	12159.1
O16	14895.1	0.209278	72588.5	27617.8	27617.4
Mg24	22335.8	0.771676	72028.6	27298.7	27296.8
O16	14895.1	0.558913	94364.4	42343.5	42342.3
O16	14895.1	0.369234	91068.5	39969.7	39968.5
Mg25	23268	0.167646	37871.2	3240.12	3238.7
neutron	939.565	546.946	78608.9	11355.1	8959.22
neutron	939.565	130.207	78608.9	11355.1	8959.22
neutron	939.565	0.203369	78608.9	11355.1	8959.22
C10	9327.57	4.36932	78608.9	11355.1	8959.22
O16	14895.1	0.731157	38704	1427.17	1425.75
Mg24	22335.8	0.200403	61607.7	20158.1	20157.7
O16	14895.1	0.347246	33671.6	1569.01	1568.35
O16	14895.1	0.351773	75716.4	30294.3	30293.4
Mg26	24196.5	0.30375	69285.8	25911.1	25910.8
O16	14895.1	0.331877	91956.8	41526.3	41525.7
O16	14895.1	0.213025	71643.3	27898.9	27898.3
Si28	26053.2	0.163144	67468.4	25120.5	25120.3
Mg24	22335.8	0.311162	52431.8	13235	13234.6
O16	14895.1	0.25045	77472.1	30248.4	30247.9
O16	14895.1	0.276657	38098.4	3978.19	3977.35
Fe56	52089.8	0.207859	43968.8	8747.74	8747.38
O16	14895.1	0.239371	80452.5	32637.7	32637.1
O16	14895.1	0.256633	64120.5	22239.3	22238.6
O16	14895.1	0.195577	56643.2	17338	17337.2
O16	14895.1	1.0063	42587.1	7931.55	7928.37
neutron	939.565	2621.42	76686.3	28625	16535.5
C14	13040.9	0.0817503	76686.3	28625	16535.5
Si28	26053.2	0.166524	94694.6	43106.8	43106.5
neutron	939.565	35.4121	85594.1	37183	36818.7
neutron	939.565	13.7087	85594.1	37183	36818.7
neutron	939.565	9.08125	85594.1	37183	36818.7
neutron	939.565	3.49312	85594.1	37183	36818.7
neutron	939.565	3.23332	85594.1	37183	36818.7
neutron	939.565	2.13129	85594.1	37183	36818.7
O16	14895.1	9.97133	85594.1	37183	36818.7
O16	14895.1	0.344586	85147.1	36538.4	36537.8
Si28	26053.2	0.143683	83262.5	35424.6	35424.1
O16	14895.1	0.368848	65887.2	22602.2	22601.7
O16	14895.1	0.216411	63517.2	19822.8	19821.1
O16	14895.1	1.20093	96970.4	44362.7	44361.3
O16	14895.1	0.447487	77618.5	31178.5	31177.9
Si28	26053.2	0.835167	76013.9	27620.8	27619.3
O16	14895.1	0.42893	75874.8	27539.6	27538.8
O16	14895.1	0.270756	65766.9	20975.7	20974.6
Si28	26053.2	0.122704	86439.7	37690.3	37689.6
Mg24	22335.8	0.137756	77321.5	28583.5	28583.1
Si28	26053.2	0.110452	72428.4	21878.6	21878.3
Si28	26053.2	0.114732	71823.2	21416.8	21416.6
O16	14895.1	0.246216	85211.8	28238.8	28238.5
Mg26	24196.5	0.406881	59952	10846	10845.4
Mg24	22335.8	0.243847	36969.6	628.416	627.083
O16	14895.1	0.332564	83221.6	31710.7	31709.5
Si28	26053.2	0.128053	78329.4	28731	28730.5
Mg24	22335.8	0.139176	69802.5	22548.5	22547.7
Mg24	22335.8	0.324344	61592.1	15717.4	15717
O16	14895.1	0.38985	51924.1	10306.7	10306.2
O16	14895.1	0.243811	36713.4	95.1332	94.6563
Si30	27913.2	0.106413	51912.1	6915.31	6915.09
Si30	27913.2	0.115302	83413.9	35020.5	35020.4
Si28	26053.2	0.387529	98993.4	45805.1	45804.2
Si28	26053.2	0.111701	91218.3	40908.3	40907.6
Fe56	52089.8	0.0917001	93211.5	40496.7	40496.6
O16	14895.1	0.28853	69371.6	22881.3	22880.3
O16	14895.1	0.257476	98382.4	45447.8	45446.6
O16	14895.1	0.229917	33892.8	333.532	332.696
Si28	26053.2	0.263879	86613.5	36684.1	36683.6
Al27	25126.5	0.942048	83484.1	34180	33903.5
Si28	26053.2	0.132389	50613.6	11257.3	11256.8
O16	14895.1	1.39462	98183.4	45306	45303.8
O16	14895.1	1.28698	70480.4	24207.6	24206
O16	14895.1	1.60104	46824.9	10449	10447
Mg24	22335.8	0.135355	94976.9	43110.3	43110.2
O16	14895.1	0.278172	55356.6	12632.6	12632.2
Mg24	22335.8	0.130351	38609.9	1444.96	1444.57
Si28	26053.2	0.131832	87971.9	37923	37922.7
neutron	939.565	7.19711	83492.1	35056.6	34836.9
neutron	939.565	2.8387	83492.1	35056.6	34836.9
N14	13040.2	2.42052	83492.1	35056.6	34836.9
Fe54	50231.2	0.0956819	60644.3	15501.1	15500.6
O16	14895.1	0.200077	42719	2638.69	2638.42
O16	14895.1	0.324889	51324	11367.2	11366.7
Si28	26053.2	0.310433	67205.4	9115.38	9114.89
O16	14895.1	0.280746	80364.3	33772.3	33771.9
O16	14895.1	0.206872	53453.3	12453.3	12452.9
Fe54	50231.2	0.0562579	45099.5	6379.4	6379.16
Si28	26053.2	0.169631	67659.1	25143.2	25143
O16	14895.1	0.458713	39511.6	6865.05	6864.02
Si28	26053.2	0.120001	87238.3	33794.2	33794
O16	14895.1	0.336865	50324	4998.24	4997.62
Mg24	22335.8	0.376322	99208.5	45927.3	45926.9
O16	14895.1	0.715963	68205.1	25343.2	25341.6
O16	14895.1	0.833898	91970.4	40940.8	40939.4
Mg25	23268	0.21143	82825.6	32434.6	32434
O16	14895.1	0.222712	78476.7	29789.3	29788.8
Mg24	22335.8	0.405747	40467	2023.75	2023.04
Mg25	23268	0.173951	87305.2	37765.3	37764.9
Si28	26053.2	0.116702	62365.1	19866.1	19865.6
O16	14895.1	0.195459	62002.4	17016.3	17016
O16	14895.1	0.255651	58947.8	15085.5	15084.9
O16	14895.1	0.327303	50965	10277.9	10277.5
O16	14895.1	0.202917	93215.1	41830.7	41830.2
Si28	26053.2	0.17351	84647.5	35233.2	35232.6
O16	14895.1	0.243857	55094.2	11991.5	11991.2
Si28	26053.2	0.184713	84269.4	35763.6	35762.6
O16	14895.1	0.1913	82283.3	34538.5	34538.3
O16	14895.1	7.55582	47828.5	10704.5	10696.7
O16	14895.1	0.606227	85446	34917.6	34916.7
Mg24	22335.8	0.184781	65084.6	13225.8	13224.8
O16	14895.1	0.265893	42042.4	6722.45	6721.93
Mg24	22335.8	0.358515	54401	13997.4	13996.5
O16	14895.1	0.200893	41195.6	4421.16	4419.99
Si28	26053.2	0.20125	36360.1	1609.13	1608.14
O16	14895.1	0.292249	75933.2	29819	29818.4
O16	14895.1	0.468769	81204.6	33818.5	33817.9
O16	14895.1	0.802383	74820.8	29561.2	29560.1
O16	14895.1	0.421138	43614.4	8999.71	8999
O16	14895.1	0.247571	76115.1	28256.6	28256.1
O16	14895.1	0.264003	98984.6	45787.2	45786.9
Si28	26053.2	0.125592	97351.7	44452.6	44452.2
O16	14895.1	0.569457	89118.8	38821.1	38820.2
Si28	26053.2	0.176023	93635.5	42324	42322.5
O16	14895.1	0.357557	86539.4	36943.4	36942.1
Si28	26053.2	0.132396	49971.8	12745.2	12744.6
O16	14895.1	0.234908	70042	26642.7	26642.4
O16	14895.1	0.428624	48969.1	12319.5	12318.8
O16	14895.1	0.651827	42920	8244.69	8243.84
O16	14895.1	1.43418	32061.2	1368.45	1366.44
Si28	26053.2	0.130526	77629.1	29326.6	29326
O16	14895.1	0.216517	73768.5	14946.5	14945.9
Fe56	52089.8	0.0920791	47490.9	10136.5	10136.4
O16	14895.1	0.532189	33262.1	1005.97	1005.37
O16	14895.1	0.50613	82285.5	34505.2	34503.9
O16	14895.1	0.262758	75814	27014.9	27013.9
O16	14895.1	0.4305	72421.1	24952.1	24951.2
O16	14895.1	1.44013	45976.8	6916.32	6914.42
O16	14895.1	0.239324	73875.8	24247.7	24247.4
O16	14895.1	0.238768	51106.8	7386.21	7385.72
O16	14895.1	0.267738	45378.7	8922.61	8922.18
Si28	26053.2	0.10965	71522.2	25202.5	25202
O15	13971.2	4.65238	80167.6	32481.4	32213.7
O16	14895.1	0.331418	47876.2	6807.49	6806.87
O16	14895.1	0.210716	51589.8	12240	12239.6
Si28	26053.2	0.276976	68207.7	1333.3	1332.24
Si28	26053.2	0.728952	67785.3	14323.9	14322.5
O16	14895.1	0.477317	90723.4	37683.5	37682.9
O16	14895.1	0.421772	46231.8	5502.72	5502.29
neutron	939.565	29.6679	51896.1	5035.24	4822.28
neutron	939.565	0.628763	51896.1	5035.24	4822.28
N14	13040.2	0.409327	51896.1	5035.24	4822.28
O16	14895.1	0.357949	84672.7	36427.1	36425.5
O16	14895.1	1.3185	42752.8	3564.1	3562.05
Si28	26053.2	0.174813	61706.6	16949.7	16949.4
Mg25	23268	0.631158	60456.6	19574.7	19573.8
neutron	939.565	62.5575	55644.9	14859.9	14051.3
neutron	939.565	59.5471	55644.9	14859.9	14051.3
Ne20	18617.7	0.438268	55644.9	14859.9	14051.3
Si28	26053.2	0.289255	84221	36162.2	36161
Mg24	22335.8	0.126531	77733.2	29750.2	29749.5
O16	14895.1	0.33207	71004.2	24412.3	24411.7
O16	14895.1	0.1926	88531.6	38511.5	38511.1
Mg24	22335.8	0.148194	52950.3	13373.6	13372.7
O16	14895.1	0.195834	44484.2	7580.3	7579.27
O16	14895.1	0.28928	42863	6325.15	6324.25
Fe56	52089.8	0.300267	91762	40516.2	40515.1
Si28	26053.2	0.109222	50949.5	13258	13256.9
O16	14895.1	0.257199	87319.7	37035.9	37033.5
O16	14895.1	0.331432	68842	23188.7	23188
Si28	26053.2	0.200021	47399.2	5326.72	5325.47
Si28	26053.2	1.16753	42461.3	2195.38	2194.11
O16	14895.1	0.392295	92104.5	41136.8	41136.3
O16	14895.1	0.373008	91094.6	36651.3	36650.7
O16	14895.1	0.280051	78646.3	28606.2	28605.5
Si28	26053.2	0.122396	64666	15345.1	15344.8
Fe56	52089.8	0.101286	59891.4	11731.3	11731.2
O16	14895.1	1.07451	58645.6	10971.4	10970.1
Si28	26053.2	0.118203	70383.1	25293.9	25293.5
O16	14895.1	0.487553	36833.9	201.82	200.871
Mg24	22335.8	0.132241	92341.9	41009.5	41009.4
O16	14895.1	0.219692	52875.2	14681.4	14681.1
O16	14895.1	0.232174	40211.2	6430.38	6429.84
O16	14895.1	1.02399	31407.9	388.746	387.618
Mg26	24196.5	0.154687	98676.2	39269.6	39269.4
neutron	939.565	1.25877	97450.4	38510.3	38222.5
Mg24	22335.8	2.28747	97450.4	38510.3	38222.5
O16	14895.1	0.756126	69627.9	18240.4	18239.6
Si28	26053.2	0.204967	56287.5	14901.6	14901.2
O16	14895.1	0.58955	49244.5	9960.38	9959.7
O16	14895.1	0.313617	97780.5	44964.5	44963.9
Si28	26053.2	0.712913	88284.5	38824.6	38823.4
Si28	26053.2	0.131831	73356.2	26901.1	26900.5
O16	14895.1	0.558179	86977.1	35063.8	35063
O16	14895.1	0.193271	84435.6	34503.1	34502.3
Si28	26053.2	1.81964	56604.1	15437.7	15435.3
N14	13040.2	0.970954	92161.1	40168.9	36874.2
O16	14895.1	0.252042	83116.1	27767.4	27767.1
Si27	25130.8	0.463462	62001.2	14197.1	13960.9
Si28	26053.2	0.711971	86614.1	36833	36832.1
O16	14895.1	1.63478	50036.4	12053.8	12052
O16	14895.1	0.42252	50741.4	11464.8	11464.2
O16	14895.1	0.27345	43153.1	6561.85	6559.71
O16	14895.1	0.231029	40198.5	4575.44	4574.74
neutron	939.565	149.896	92715.6	35260.4	33414.2
neutron	939.565	149.484	92715.6	35260.4	33414.2
neutron	939.565	34.435	92715.6	35260.4	33414.2
neutron	939.565	21.1488	92715.6	35260.4	33414.2
neutron	939.565	15.4913	92715.6	35260.4	33414.2
neutron	939.565	14.875	92715.6	35260.4	33414.2
neutron	939.565	8.08454	92715.6	35260.4	33414.2
O16	14895.1	0.356601	90448.1	31949.1	31948.4
Si28	26053.2	0.164771	92348.5	40747.1	40746.8
Mg25	23268	0.148456	47862.8	8920.39	8920.06
O16	14895.1	0.240801	73618.5	27686.1	27685.2
Si28	26053.2	0.18063	70053.7	25359.1	25358.7
Mg24	22335.8	0.136516	33035.1	1806.99	1806.54
Mg24	22335.8	0.19001	87293.5	31613.3	31612.8
O16	14895.1	0.269638	84827.4	29971.5	29970.2
Si28	26053.2	0.122954	57529.5	18000.8	18000.6
O16	14895.1	0.608794	37823.3	4419.41	4418.77
O15	13971.2	0.780123	83768.6	33514.1	33306.1
Mg24	22335.8	0.491395	82168	33908.9	33908.4
Mg24	22335.8	0.288349	63391.1	8364.31	8363.97
O16	14895.1	0.550997	99917.4	46372	46370.5
Si28	26053.2	0.1872	77761.9	1166.8	1166.57
Mg24	22335.8	0.254852	38561.3	4085.6	4085.28
Mg24	22335.8	0.178225	37252	3350.52	3349.68
Fe56	52089.8	0.0709629	60739.1	19732.2	19731.7
O16	14895.1	0.287549	66603.2	19515.3	19514.9
O16	14895.1	1.10185	54748.2	11403.4	11401.9
O16	14895.1	0.242893	40497.3	5185.71	5184.89
Mg25	23268	0.818226	54701.3	1529.76	1528.88
Mg24	22335.8	0.146136	97806.9	44953.2	44952.5
Si28	26053.2	0.113599	95847.1	43758.7	43758.2
Mg26	24196.5	0.129244	57844.9	13173.5	13172.9
O16	14895.1	0.806443	41779	2999.2	2997.19
Mg25	23268	0.401586	49236.5	9354.14	9353.5
Si30	27913.2	0.108467	45497.8	7170.6	7170.44
O16	14895.1	1.18786	41643.1	2573.46	2572.25
O16	14895.1	0.199129	96490.8	44144.3	44144
Si28	26053.2	0.586873	51022.5	10722.3	10721.2
Si28	26053.2	0.118543	51292.2	10729.6	10728.8
Si28	26053.2	0.136197	40270	3012.42	3011.94
O16	14895.1	0.328433	88883.7	34290.3	34289.5
neutron	939.565	361.226	92930.9	41833.6	40506.1
C13	12109.5	1.16952	92930.9	41833.6	40506.1
Mg24	22335.8	0.187314	85475.3	35062.8	35062.6
Mg24	22335.8	0.340938	81638	32412	32411.6
O16	14895.1	0.355947	66736	22366.5	22366.1
Fe56	52089.8	0.093863	56972.7	14752.2	14751.4
Mg24	22335.8	0.947174	88249.4	37303.4	37302
Si28	26053.2	0.243793	41418.4	6572.82	6572.35
O16	14895.1	0.506075	82566.4	33652	33651.4
neutron	939.565	7.75427	67921.8	23252.5	23032.8
neutron	939.565	2.41032	67921.8	23252.5	23032.8
Na23	21409.2	6.105	67921.8	23252.5	23032.8
Si30	27913.2	0.119726	73315.3	25975.9	25975.6
O16	14895.1	0.200414	65421.7	19543.5	19543.2
Mg26	24196.5	0.121234	97051.8	44508.8	44508.5
Mg25	23268	0.142453	77134.2	30156.2	30155.8
Mg24	22335.8	0.209791	43360.1	4587.24	4587
Mg24	22335.8	0.902674	39470.6	1969.57	1968.49
Si29	26984.3	0.11015	59108.7	18454.4	18453.4
O16	14895.1	0.560824	54789.6	15400.1	15399.3
O16	14895.1	0.42955	49742.5	10572.4	10571.4
Mg25	23268	0.181666	90172.5	39475.5	39475.2
Mg24	22335.8	0.175298	76044.4	30016.7	30016.4
O16	14895.1	0.432852	71060.6	25847.9	25846.6
O16	14895.1	1.64975	52097.5	13042.5	13040.8
O16	14895.1	0.223616	77245.6	29526.6	29526.3
O16	14895.1	1.21511	72486.3	26280.8	26279.4
Si28	26053.2	1.01838	85356.2	36113.9	36112.8
Si28	26053.2	0.110393	83428.5	34882.1	34881.1
Si28	26053.2	1.13242	78705.2	28842.2	28841
O16	14895.1	0.577503	72443	25285.7	25285.1
O16	14895.1	0.326421	81167.9	29881.7	29881.2
O16	14895.1	0.405419	65142	14576.9	14576.3
Si28	26053.2	0.1649	98564.7	45586.8	45586.4
O16	14895.1	0.26801	87165	37972.5	37972
neutron	939.565	31.3563	87089.5	37931.4	37684.4
N15	13968.9	0.680314	87089.5	37931.4	37684.4
O16	14895.1	0.195447	65763.9	21800.2	21799.4
O16	14895.1	0.193059	45749.6	7316.89	7316.5
Si28	26053.2	0.23892	89513.4	36644.2	36643.3
O16	14895.1	0.189252	75702.7	27373.8	27372.8
O16	14895.1	0.498516	63780	18299.5	18298.4
Si28	26053.2	0.14292	63346.2	17951.7	17950.6
O16	14895.1	0.243925	51364	9419.83	9419.52
Mg24	22335.8	0.426094	45736.3	1598.01	1596.73
neutron	939.565	161.26	85615.1	36199	35745.3
neutron	939.565	124.718	85615.1	36199	35745.3
neutron	939.565	8.01861	85615.1	36199	35745.3
neutron	939.565	5.8892	85615.1	36199	35745.3
alpha	3727.38	4.65763	85615.1	36199	35745.3
alpha	3727.38	8.35212	85615.1	36199	35745.3
C12	11174.9	4.31749	85615.1	36199	35745.3
O16	14895.1	0.567701	92391.1	41712.1	41711.5
O16	14895.1	0.201853	79536.8	32497	32495.6
Fe54	50231.2	0.0761253	76335.4	30356.6	30356.4
O16	14895.1	0.309498	57245.1	17344.9	17343.5
Si28	26053.2	0.112149	46152.5	9189.62	9189.44
O16	14895.1	0.251115	96027.3	43963.3	43963
O16	14895.1	0.473233	65939	23874.2	23873.7
O16	14895.1	0.297447	39710.1	5582.81	5582.32
Mg24	22335.8	0.144227	92302	40957.9	40957.4
O16	14895.1	0.704052	91633.4	40025.1	40024
O16	14895.1	0.862076	90849.7	39566.2	39565.2
Mg26	24196.5	0.186063	63032.2	20834.7	20834
Mg24	22335.8	0.139601	66911.9	20208.2	20207.1
Si28	26053.2	0.133378	87820.4	37073.5	37073
O16	14895.1	0.2382	76882.8	29895.3	29894.9
O16	14895.1	0.58588	36244	1534.06	1532.41
O16	14895.1	0.229289	66745.8	18771.8	18771.4
Mg24	22335.8	0.275864	54313.6	11027.6	11027.2
Fe56	52089.8	0.0666388	50605.3	3901.64	3900.48
Si28	26053.2	0.228131	94534.8	42338.5	42338
Mg25	23268	0.470755	94454.2	42293.6	42293.1
Si28	26053.2	0.788898	66832.6	22065.1	22063.8
Mg25	23268	0.154971	42326	5341.29	5340.95
O16	14895.1	0.397342	87407.9	36957.8	36957
O16	14895.1	0.244122	86728.1	36174.1	36173.4
Mg24	22335.8	0.149721	59663	12243.4	12243.2
O16	14895.1	0.285329	97463.6	44918.4	44918.1
Mg24	22335.8	0.139684	92463	41380.5	41380.3
O16	14895.1	0.206873	95381.7	43268.2	43265.7
C14	13040.9	1.06885	59317.6	18374.3	16874.3
O16	14895.1	0.349065	50718.2	11102	11101.7
Si28	26053.2	0.150998	91920.6	40973.6	40973.3
neutron	939.565	2.47417	93357.8	42126.8	36517.2
Mg26	24196.5	2.25331	93357.8	42126.8	36517.2
Mg24	22335.8	0.1773	82411.8	29376.3	29375.8
O16	14895.1	0.508493	61655.3	10959.4	10958.7
O16	14895.1	0.251815	38651.3	2207.34	2207.01
Mg24	22335.8	0.199985	74141.8	28862.7	28862
neutron	939.565	237.602	69938	25640.2	24885.6
C12	11174.9	0.446976	69938	25640.2	24885.6
O16	14895.1	0.208436	42020.4	6664.45	6664.03
O16	14895.1	0.341032	45689.5	6128.85	6128.43
O16	14895.1	0.394182	74519.7	27350.5	27349.9
Si28	26053.2	0.112627	71633.9	25386.6	25386.5
Si28	26053.2	0.139559	86292.9	37781	37780.1
O16	14895.1	0.418071	74278.7	26778.2	26777.5
O16	14895.1	0.308068	69402.1	23720.8	23720.4
Mg25	23268	0.156438	43989	4597.29	4596.27
O16	14895.1	0.31681	93098.7	41782.1	41781.6
Si28	26053.2	0.120899	77749.1	30301.9	30301.8
O16	14895.1	0.24453	46447.7	8555.02	8554.61
O16	14895.1	0.484214	78003.9	26736.3	26735.8
O16	14895.1	0.816638	59735.7	14693.1	14692.2
O16	14895.1	0.895086	76635.5	27580.3	27579.3
O16	14895.1	0.245559	88830.7	36494.7	36494.4
O16	14895.1	0.26277	69249.4	22489.5	22489
Mg24	22335.8	0.136341	90190.3	39537.6	39536.8
Si28	26053.2	0.23079	63151.2	20628.5	20627.8
Mg24	22335.8	0.183764	48519.5	10688.3	10687.7
Fe57	53021.7	0.664876	60079	17726.2	17725.4
O16	14895.1	1.1188	53656.5	13477.7	13476.4
Si28	26053.2	0.16653	79750.4	32595.9	32595.2
O16	14895.1	0.780374	53976	14840.1	14839
Mg24	22335.8	0.224143	35201.6	2794.34	2793.41
O16	14895.1	0.700896	81452.4	31783.6	31781.7
O16	14895.1	0.194842	81067.3	31558	31557.7
O16	14895.1	1.47989	46887.2	7447.52	7445.88
O16	14895.1	0.25955	90219.2	39222.7	39222.3
O16	14895.1	0.423766	63705.7	19642.8	19642.3
Mg24	22335.8	0.507922	49154.4	8901.47	8900.8
O16	14895.1	0.194836	37701.8	1576.33	1575.22
O16	14895.1	0.330277	35076.9	93.4533	92.467
O16	14895.1	0.323176	94324.3	42901.3	42900.3
Si28	26053.2	0.114346	65906.1	3087.51	3087.03
O16	14895.1	0.190596	67581.9	22003.1	22002.9
O16	14895.1	0.203742	48158	9518.27	9517.89
O16	14895.1	0.303517	97833.1	44536.3	44535
O16	14895.1	0.71647	91909.5	40625.6	40624.8
Mg24	22335.8	0.173008	87622.2	37788.5	37787.6
O16	14895.1	0.321874	79109	16997.8	16996.6
Si28	26053.2	0.13412	67758.1	22025	22024.5
O16	14895.1	0.325664	95306	42838.4	42837.5
O16	14895.1	0.383817	66114.9	21076	21075.3
O16	14895.1	0.249469	63390.5	19092.4	19092.1
neutron	939.565	1.44228	44865.1	4948.47	4697.35
C13	12109.5	0.116397	44865.1	4948.47	4697.35
Mg24	22335.8	0.804237	96896.1	44358.5	44357.6
Mg24	22335.8	0.345747	70419.6	24581.9	24581.5
Fe56	52089.8	0.063321	65709.1	20381.5	20381.3
Si28	26053.2	0.176614	49624.2	7513.86	7513.31
Si28	26053.2	0.115676	77863.8	28199.3	28198.8
neutron	939.565	191.869	70718	22849.6	22508
C13	12109.5	3.62979	70718	22849.6	22508
O16	14895.1	0.285196	52607.1	1463.98	1463.14
neutron	939.565	93.0432	88557.1	39012.7	38760
neutron	939.565	15.3557	88557.1	39012.7	38760
neutron	939.565	1.39813	88557.1	39012.7	38760
alpha	3727.38	7.8798	88557.1	39012.7	38760
alpha	3727.38	15.5138	88557.1	39012.7	38760
Mg24	22335.8	0.249034	77377.7	30579.6	30579.2
O16	14895.1	2.36576	64500	21969	21966.6
O16	14895.1	0.208185	38479.9	5460.95	5460.72
Si28	26053.2	0.256505	88394.3	39122.5	39122.1
Mg24	22335.8	0.14349	63891.6	23271.2	23270.7
O16	14895.1	0.251757	44545.1	9723.8	9723.37
Fe56	52089.8	0.1093	37028.9	5136.41	5136.11
neutron	939.565	48.7447	85582.4	35722.3	30238.6
neutron	939.565	9.80293	85582.4	35722.3	30238.6
C12	11174.9	3.01675	85582.4	35722.3	30238.6
O16	14895.1	0.45276	92825.5	38779.1	38778.5
O16	14895.1	0.191988	85597.9	33872.6	33872.4
Si28	26053.2	0.500809	82104.6	31632.3	31630.9
Ne21	19550.5	0.889427	73768	26193.7	12663.4
O15	13971.2	0.250539	99827.1	46316.8	45890.9
Mg24	22335.8	0.407304	55490.4	14419.6	14418.2
Si28	26053.2	0.194913	37491.6	1033.95	1033.64
Mg24	22335.8	0.33425	87538.5	36611.4	36610.2
Mg24	22335.8	0.406653	82885.2	33577.2	33576.3
O16	14895.1	0.324873	94528.1	42781.5	42780
O16	14895.1	0.200466	92776.2	41682.7	41682.1
O16	14895.1	0.314491	48896.2	11765.9	11765
Si28	26053.2	0.118337	68426.6	24917.3	24917.1
Mg24	22335.8	0.438703	92397.8	41802.4	41801.9
O16	14895.1	0.214932	68372.5	24278.4	24276.9
O16	14895.1	0.475243	36702.2	845.496	844.834
O16	14895.1	0.258591	65779.4	21917.2	21916.5
Fe56	52089.8	0.0825969	49860.2	10076.3	10076.2
Si28	26053.2	0.268567	62944.7	18695	18694.6
Si28	26053.2	0.648049	49967.8	7078.82	7078.09
Si28	26053.2	0.110523	65721.7	23280.9	23280.5
O16	14895.1	0.229596	54368.8	13821.8	13821.3
O16	14895.1	0.190249	82157.2	34455.9	34455.6
Si28	26053.2	0.112923	73680.1	26272.6	26272.3
O16	14895.1	0.205763	51240.5	10004.8	10004.5
Mg24	22335.8	0.490692	41514.6	2400.09	2399.32
O16	14895.1	0.311519	95753.4	43819.9	43819.5
Mg26	24196.5	0.171127	87731.3	37435.8	37435.2
O16	14895.1	0.192517	59165.4	15826	15824.3
O16	14895.1	0.455058	88074	37392.8	37392.2
O16	14895.1	0.198732	67688.8	23970.5	23969.6
Si28	26053.2	0.197901	67265.6	23658.2	23657.6
O16	14895.1	0.272304	60631.8	14575.3	14574.9
O16	14895.1	0.204244	82555.5	35320.3	35320
Mg24	22335.8	0.162375	54641	8833.47	8833.18
O16	14895.1	0.584138	45763.2	1720.38	1719.8
Si28	26053.2	0.35504	83781	35410.4	35409.2
Si28	26053.2	0.172465	70229.2	25727	25726.6
O16	14895.1	0.352432	48659.8	8364.33	8363.7
Mg24	22335.8	0.193031	44828.6	5964.15	5963.9
O16	14895.1	0.358001	97401.2	44763	44762
O16	14895.1	0.472754	91315	40576.7	40576.1
O16	14895.1	0.42836	79722.6	32024	32022.7
neutron	939.565	1.89478	76158.5	29552.3	29146.4
C13	12109.5	1.07821	76158.5	29552.3	29146.4
Si28	26053.2	0.116042	74514.9	27892.2	27891.9
Si29	26984.3	0.16546	97276.7	44787	44786.8
Si28	26053.2	0.132573	75747.5	27365.4	27365.2
O16	14895.1	0.204034	62757.7	18744.1	18743.9
Si28	26053.2	0.188301	47863.2	2883.27	2883.02
O16	14895.1	0.292273	73181	22724.1	22723.7
O16	14895.1	0.805037	51831.9	8246.65	8245.55
O16	14895.1	0.292808	76467.5	22717.7	22717.1
O16	14895.1	0.464722	59768.2	11180.2	11179.4
neutron	939.565	262.218	72483.4	27550.4	26376
neutron	939.565	113.681	72483.4	27550.4	26376
neutron	939.565	5.23158	72483.4	27550.4	26376
neutron	939.565	1.92146	72483.4	27550.4	26376
N14	13040.2	0.609605	72483.4	27550.4	26376
neutron	939.565	7.98566	81245.2	32844.7	32196.4
neutron	939.565	0.256448	81245.2	32844.7	32196.4
Mg26	24196.5	4.86287	81245.2	32844.7	32196.4
Si28	26053.2	0.392155	87800.8	37802.1	37801.7
Fe56	52089.8	0.0597274	85133.1	36212.7	36212.6
O16	14895.1	0.347174	74806.4	29715	29713.8
Mg24	22335.8	0.524575	75623.8	27953.8	27953.3
Si28	26053.2	0.143923	44019.7	4571.59	4570.2
O16	14895.1	0.282777	82774.8	22346.4	22345.6
Si28	26053.2	0.320463	64398.4	9797.68	9796.76
O16	14895.1	0.298156	55039	6863.5	6863.1
Si28	26053.2	0.216072	96683	43859.5	43857.4
Si28	26053.2	0.110156	73160.1	25926.3	25925.7
Mg25	23268	0.158147	66351.4	20814.2	20813.7
O16	14895.1	0.298754	51708.1	11694.3	11693.9
O16	14895.1	0.445707	69887.9	19858.5	19857.7
O16	14895.1	0.211007	61152.8	14260.9	14260.6
Si28	26053.2	0.23463	59487.3	12547.2	12546.8
Si28	26053.2	0.282227	61425.2	19585.5	19584.6
Fe56	52089.8	0.0760158	85306.1	36577.8	36577.5
O16	14895.1	1.31577	82115.9	34543.2	34541.4
O16	14895.1	0.868024	55967.8	14004.4	14003.5
Si28	26053.2	0.450416	68011.3	23663	23662.1
Mg24	22335.8	0.135311	81719.8	33242.7	33242.5
Si28	26053.2	0.13989	78020.2	28077.5	28077
Mg24	22335.8	0.180025	45498.3	8606.45	8604.45
Si28	26053.2	0.16438	42223.3	6702.23	6701.89
O16	14895.1	0.313233	38607.9	255.757	255.421
O16	14895.1	0.193906	77584.9	25162.2	25161.2
Mg24	22335.8	0.145877	56699.8	10442.5	10441.8
O16	14895.1	0.52148	80926.5	31935.1	31934.3
neutron	939.565	102.5	92190	41540.5	41168.6
neutron	939.565	26.7759	92190	41540.5	41168.6
neutron	939.565	1.79829	92190	41540.5	41168.6
Ne21	19550.5	4.66438	92190	41540.5	41168.6
Fe56	52089.8	0.175954	88878.3	38857.2	38856.6
O16	14895.1	0.384508	35671.3	748.73	748.262
Mg24	22335.8	0.179746	82814.2	33547.5	33547.2
Mg26	24196.5	0.298967	57214.6	15492.2	15491.5
O16	14895.1	0.254838	71637.8	25393.7	25392.7
Mg25	23268	0.748309	66421.1	21874.6	21873.8
O16	14895.1	0.284406	98491.7	45520.3	45519.8
Mg24	22335.8	0.140226	88237.2	38112.3	38112
neutron	939.565	692.455	72518.6	27751.8	25431.7
C13	12109.5	2.19642	72518.6	27751.8	25431.7
O16	14895.1	0.461163	70865.4	18339.8	18338.7
Mg24	22335.8	0.275761	95221.5	42662.5	42662.1
O16	14895.1	0.270244	79995.2	31617.3	31616.7
O16	14895.1	0.228197	56348.1	12604.2	12603.8
Si28	26053.2	0.181428	43850.9	3769.86	3769.45
O16	14895.1	0.25732	40441	3858.91	3858.61
O16	14895.1	0.266582	69786.6	18521.8	18521.1
O16	14895.1	0.577767	50796.4	3310.7	3310
Mg25	23268	0.12221	46499.8	543.281	542.576
O16	14895.1	0.234625	67397.2	23973.6	23973.2
O16	14895.1	0.264091	55190.5	15102.8	15101.7
O16	14895.1	0.20173	47438.6	7792.49	7792.25
neutron	939.565	1129.4	96401.5	43985	42379.7
neutron	939.565	449.8	96401.5	43985	42379.7
Mg23	21412.8	0.325786	96401.5	43985	42379.7
O16	14895.1	0.685269	86306.1	34859.3	34857.9
Si28	26053.2	0.737501	69863	22363.6	22362.7
O16	14895.1	0.462789	44001.1	5886.11	5885.34
Mg24	22335.8	0.312403	40061.5	3354.05	3353.58
Si28	26053.2	0.217482	71106.5	26496	26495.8
O16	14895.1	0.310401	97855	45135.2	45133.6
Si29	26984.3	0.141643	95661.1	43278.8	43277.9
O16	14895.1	0.208681	83125.5	34184.7	34184.4
Si28	26053.2	0.118477	79904.1	31895.7	31895.6
Mg24	22335.8	0.622708	87074.3	36845.6	36843
Si28	26053.2	0.121213	48711.8	3835.36	3834.73
Si28	26053.2	0.116692	56259.4	12431.2	12431
O16	14895.1	0.322905	44637.5	4158.8	4158.24
O16	14895.1	0.199514	43387.6	3380.32	3379.59
Si28	26053.2	0.228001	41225.4	2817.58	2817.21
Fe56	52089.8	0.0613063	98345	45440	45439.8
Mg24	22335.8	0.557057	77953.1	31004.2	31003.5
O16	14895.1	5.43867	53343.5	13209.5	13204
Mg26	24196.5	0.213665	89949	39285	39284.4
Mg25	23268	0.146887	87626.5	38071	38069.9
Fe57	53021.7	0.131563	61179.7	17863.6	17862.5
O16	14895.1	0.402473	46655.9	8276.78	8276.29
neutron	939.565	2.78664	39917.5	3747.1	3409.18
neutron	939.565	2.3638	39917.5	3747.1	3409.18
alpha	3727.38	2.68171	39917.5	3747.1	3409.18
alpha	3727.38	7.66685	39917.5	3747.1	3409.18
alpha	3727.38	0.180898	39917.5	3747.1	3409.18
Mg24	22335.8	0.429591	77388.1	30020.4	30019.9
Si28	26053.2	0.130727	37166.5	2637.79	2637.34
O16	14895.1	0.189917	88327.5	38525.8	38525.1
O16	14895.1	0.360245	72221.2	21005.1	21004.8
Mg24	22335.8	0.241167	67539.2	18013.5	18013
neutron	939.565	138.32	55855.5	15449.3	14957
neutron	939.565	59.7552	55855.5	15449.3	14957
neutron	939.565	57.0812	55855.5	15449.3	14957
neutron	939.565	10.961	55855.5	15449.3	14957
alpha	3727.38	19.3827	55855.5	15449.3	14957
alpha	3727.38	26.3298	55855.5	15449.3	14957
O16	14895.1	0.238403	50167.6	11240.6	11240.3
Si28	26053.2	0.315833	67302	21631	21630.4
O16	14895.1	0.218974	50513.2	10483.7	10482.9
Si28	26053.2	0.155571	55029.4	13330.7	13330.6
Mg24	22335.8	0.229254	46121	7251.81	7251.48
Mg24	22335.8	0.206147	46047.1	7203.98	7202.6
O16	14895.1	0.226144	66617	21595	21594.7
O16	14895.1	0.399807	95955	43625.3	43624.5
O16	14895.1	0.196474	80325.8	31255.2	31254.4
O16	14895.1	0.263086	75646.4	30683.2	30682.4
O16	14895.1	0.323483	37924.1	3304.1	3303.75
O16	14895.1	0.834926	99938.3	46381.5	46380.6
O16	14895.1	1.2027	89678.4	40001.3	39999.9
O16	14895.1	0.735441	80455.8	32416.1	32414.4
Mg24	22335.8	0.279188	75654.2	28121.6	28120.8
Mg24	22335.8	0.313225	58163.6	17229.7	17228.5
O16	14895.1	0.269457	35819	1913.3	1913.01
Si28	26053.2	0.127103	94090.5	39956.5	39956.2
O16	14895.1	0.636715	77211.3	30953.1	30952.3
Mg26	24196.5	1.05984	52241.6	9242.02	9240.88
O16	14895.1	0.239332	45079.8	4770.82	4770.57
Mg24	22335.8	0.296547	95182.3	43333.4	43332.7
Mg24	22335.8	0.155594	83897.8	32180.1	32179.9
O16	14895.1	0.693402	67640.5	23051.1	23050.3
O16	14895.1	0.203023	50624.6	9477.25	9476.67
O16	14895.1	0.218968	45565.4	6083.55	6082.66
O15	13971.2	0.107034	96313.9	42855.5	42348.7
neutron	939.565	306.864	64926.9	18426	17700.6
neutron	939.565	1.03257	64926.9	18426	17700.6
C12	11174.9	2.55883	64926.9	18426	17700.6
neutron	939.565	20.8195	57913.8	8538.58	7874.18
neutron	939.565	0.449664	57913.8	8538.58	7874.18
N14	13040.2	1.37185	57913.8	8538.58	7874.18
Mg24	22335.8	0.140823	99639.9	45917.7	45916.6
Fe56	52089.8	0.218601	90014.2	38638.2	38637.7
Si28	26053.2	0.209572	42679.5	7576.97	7576.28
O16	14895.1	0.197104	42588.8	7526.03	7525.65
Si28	26053.2	0.235189	38707	4835.03	4834.39
Si28	26053.2	0.436847	86941.1	37886.9	37886.3
neutron	939.565	3.32789	56602	13639.1	13342.7
N13	12111.2	8.56498	56602	13639.1	13342.7
Si29	26984.3	0.109127	91346.7	40334.1	40334
Mg24	22335.8	0.207215	91620.6	40859.4	40859
O16	14895.1	0.194047	47600.1	8369.86	8368.67
Si28	26053.2	1.12923	97765.1	45120.3	45118.9
Si29	26984.3	0.211036	89260.3	39460.5	39459.4
O16	14895.1	0.199177	92284.3	41531.2	41530.7
O16	14895.1	0.510054	78213.1	32427.4	32426.8
Mg24	22335.8	0.325051	64644.7	22535.4	22534.9
O16	14895.1	0.681894	76914.1	29571.6	29570.8
Si28	26053.2	0.150144	87678.1	38057.8	38057.6
O16	14895.1	0.347903	82402.8	34460.4	34459.2
Mg24	22335.8	0.174249	82185.2	34436.8	34436
Si28	26053.2	0.304243	80814.9	33364.6	33364.3
neutron	939.565	12.2018	75620	30050.4	29753.5
neutron	939.565	6.88931	75620	30050.4	29753.5
C12	11174.9	7.50914	75620	30050.4	29753.5
O16	14895.1	0.273291	55736.9	7943.18	7942.53
neutron	939.565	92.4701	91623.9	39008.4	38639.1
C13	12109.5	0.329703	91623.9	39008.4	38639.1
Mg26	24196.5	0.199841	81451.5	30263.2	30262.8
Si28	26053.2	0.14669	64201.8	18001	18000.5
O16	14895.1	2.1223	73793.2	29756.3	29754.1
O16	14895.1	1.13345	65100.2	23157.1	23154.5
Si28	26053.2	0.112209	39942	6355.27	6354.79
Si28	26053.2	0.123883	77553.2	22859.5	22859
Fe57	53021.7	0.0584868	72928.6	19743.6	19743.1
Si28	26053.2	0.346708	97901.2	45016.4	45015.7
O16	14895.1	0.293161	83519	34903.7	34903.4
O16	14895.1	0.193913	71050.6	26122.9	26122.1
Mg24	22335.8	0.157467	51235.1	12970.2	12969.5
O16	14895.1	0.199886	51378.5	11631.9	11631.2
O16	14895.1	0.694183	39181.1	2427.36	2426.66
Mg24	22335.8	0.405451	35654.3	429.223	428.631
O16	14895.1	0.445914	94102.9	42301.4	42300.8
Fe56	52089.8	0.0832257	77584.1	27896.6	27896.3
O16	14895.1	0.190478	93852.8	42528.6	42528.3
Si28	26053.2	0.113864	85983.2	37379.9	37379.7
neutron	939.565	272.233	84294.4	36328.1	35747.6
neutron	939.565	93.0544	84294.4	36328.1	35747.6
neutron	939.565	89.22	84294.4	36328.1	35747.6
neutron	939.565	43.4774	84294.4	36328.1	35747.6
C10	9327.57	2.64978	84294.4	36328.1	35747.6
O16	14895.1	1.04901	72987.7	27409.3	27408.2
O16	14895.1	0.843623	65624.2	22383.6	22382.4
Si28	26053.2	0.349424	46337.4	8693.54	8692.85
Si28	26053.2	0.395512	38560.5	3701.3	3700.41
Si28	26053.2	0.113524	36223	1963.8	1963.68
Mg24	22335.8	0.407913	34384.9	1398.86	1398.2
O16	14895.1	0.335074	97894.4	45205.1	45204.5
Mg26	24196.5	0.345318	90745.8	39368.7	39368.3
Si28	26053.2	0.304639	69213.9	23218.1	23216.3
O16	14895.1	0.24371	64623.6	20413.2	20412.9
O16	14895.1	0.344463	77688.4	29087	29086.6
O16	14895.1	1.50288	99241.7	45961.3	45959
Fe56	52089.8	0.0698035	92232	41318.8	41318.7
Mg24	22335.8	0.532636	86511.8	37742.4	37741.9
Fe57	53021.7	0.0853504	45738.9	10144.3	10144.1
Mg24	22335.8	0.196938	85493	36823.2	36822.7
O16	14895.1	0.300224	67451.7	25684.7	25684.1
O16	14895.1	0.224385	65371.4	23831.6	23830.6
Fe56	52089.8	0.0685922	73096.2	28202.1	28201.9
Mg26	24196.5	0.163091	48045.9	8820.52	8820.15
Mg26	24196.5	0.312465	54437.5	15315.9	15315.5
Si28	26053.2	0.292103	36995.5	4046.73	4046
O16	14895.1	1.27492	46450.6	10080.9	10079.1
O16	14895.1	0.726348	61215.5	17429.7	17428.5
O16	14895.1	0.278054	52307.3	9458.45	9458.05
O16	14895.1	0.515607	51329.8	8605.09	8604.56
N14	13040.2	4.23345	76788.3	26700.9	25766.6
O16	14895.1	0.205426	70264.2	21070	21069.5
O16	14895.1	0.502818	51939.4	7118.6	7118.1
Mg24	22335.8	0.359722	91034.9	37049.5	37049
Si28	26053.2	0.565415	74205.7	24840.4	24839.5
O16	14895.1	0.273598	66263.5	19880.5	19880
O16	14895.1	0.207022	39413.7	2735.39	2734.93
Si28	26053.2	0.112501	81434.9	29415.5	29415
O16	14895.1	0.329403	92999.8	42103.3	42102.8
Mg24	22335.8	0.127141	59571.2	17055.6	17054.8
Si28	26053.2	0.372667	63705.5	18827.3	18826.7
Mg26	24196.5	0.398913	45685.7	6388.86	6151.65
Si28	26053.2	0.2415	84004.8	36326	36325.6
O16	14895.1	0.297233	89491.2	20783.8	20783.5
Mg24	22335.8	0.148298	60888	18301.9	18301.1
O16	14895.1	0.279018	59600.6	17558.5	17558.1
O16	14895.1	0.436292	46684.7	8553.4	8550.99
Mg25	23268	0.228512	99430.7	45986.8	45986.2
O16	14895.1	0.214398	54732.8	9197.52	9196.82
neutron	939.565	328.715	69783	9990.58	9212.9
O15	13971.2	0.359148	69783	9990.58	9212.9
O16	14895.1	0.31174	90640.2	40056	40055.4
O16	14895.1	0.805622	80631.2	33627.4	33626.5
Fe56	52089.8	0.182882	61643	21314.1	21313.4
O16	14895.1	0.201931	74572	29460.5	29459.9
alpha	3727.38	7.21341	98342.2	45295.6	45040.7
O18	16762	6.86562	98342.2	45295.6	45040.7
O16	14895.1	0.220031	36615.7	251.681	249.755
O16	14895.1	0.423535	76097.1	29893.9	29893
Si28	26053.2	0.305535	60608	18799.5	18799.1
Si28	26053.2	0.199647	38745.1	4014.92	4012.79
O16	14895.1	1.27236	55141.9	13233.9	13232.5
Si28	26053.2	0.116748	79244.7	32490.3	32490.2
O16	14895.1	0.311469	65697.7	16992	16991.3
Si28	26053.2	0.163786	53643.1	7230.6	7230.2
Mg24	22335.8	0.15041	45557.1	1501.92	1501.32
O16	14895.1	0.210592	68914.6	24466.9	24466.5
Si28	26053.2	0.129844	58845.3	15742.3	15741.4
O16	14895.1	5.38239	46655.6	7350.16	7344.34
O16	14895.1	1.19523	50786.9	1630.65	1628.77
Mg24	22335.8	0.202241	82295.8	24634	24633.4
Si28	26053.2	0.230866	49623	1976.91	1976.67
Mg24	22335.8	0.215939	94934.1	42929.1	42928.5
neutron	939.565	46.3685	67104.8	21196	20712.5
N13	12111.2	2.3353	67104.8	21196	20712.5
Mg24	22335.8	0.141013	45666.8	6697.35	6696.85
Si28	26053.2	0.11898	82185.9	31795	31794.6
O16	14895.1	0.2818	49307.8	8798.39	8798.06
O16	14895.1	0.502797	36589.8	470.677	469.948
O16	14895.1	0.235318	65801.3	20388.6	20388.1
O16	14895.1	0.890422	39350	136.189	135.055
O16	14895.1	0.246569	36524.4	2549.36	2548.72
O16	14895.1	0.320031	98839.3	45368.5	45368.2
O16	14895.1	0.241111	68578.5	21622	21621
O16	14895.1	0.191684	44801.9	5974.8	5973.73
Mg24	22335.8	0.274285	66920.9	23164.6	23164.1
Si28	26053.2	0.4135	55561.2	15085.6	15085.1
Si30	27913.2	0.271167	80951	33404.5	33403.8
O16	14895.1	0.31387	66408.6	21795.5	21794.9
O16	14895.1	0.224339	42302.1	3670.45	3669.97
Si28	26053.2	0.212864	92468.9	41599.1	41598.8
Si28	26053.2	0.307457	71200.4	24912.2	24911.6
neutron	939.565	969.922	51718.7	9277.09	7624.97
N14	13040.2	1.10339	51718.7	9277.09	7624.97
O16	14895.1	0.233809	87358.2	38055.4	38054.8
O16	14895.1	0.769321	38748.5	2885.78	2884.86
O16	14895.1	0.317666	36928.5	1815.44	1815.02
O16	14895.1	0.289016	94917.6	43181.7	43180.7
Mg24	22335.8	0.15948	86259.4	37726.2	37725.1
Mg24	22335.8	0.332847	85135.3	36031.6	36030.9
O16	14895.1	0.216519	96616.9	43747.7	43746.9
Mg24	22335.8	0.182047	89471.4	38799	38798.5
Mg26	24196.5	0.241154	87456.7	36944.2	36943.8
Mg24	22335.8	0.194415	38256.2	1856.57	1856.3
O16	14895.1	0.245927	87429.8	37625.1	37624.3
O16	14895.1	0.552094	54646.6	16138.6	16138.1
Fe54	50231.2	0.142462	40559.8	5522.24	5521.8
Mg24	22335.8	0.265406	35682.7	2165.98	2164.6
O16	14895.1	0.321374	74985	30037	30036.6
O16	14895.1	0.367642	42862.8	8541.94	8541.51
O16	14895.1	0.260344	71465.9	27745.6	27745.2
Si28	26053.2	0.120258	63145.1	20359.4	20359.2
Si28	26053.2	0.31828	53368.9	12335.7	12335.3
O16	14895.1	0.510102	96540.1	42537.3	42536.5
O16	14895.1	0.216194	90188.4	37324.8	37324.6
Mg25	23268	0.148349	67605.5	24934.4	24934
O16	14895.1	0.37564	42473.2	1537.54	1536.97
O16	14895.1	0.758697	43434.6	1223.44	1222.67
O16	14895.1	0.246246	64728.3	21336.1	21335.6
O16	14895.1	0.314784	63286.4	20446.1	20445.7
O16	14895.1	1.00334	56748	14297.6	14296.1
Si28	26053.2	0.144297	36944.8	456.178	455.319
Mg24	22335.8	0.190575	56528.6	9294.56	9294.19
Si28	26053.2	0.768653	67332	21796.2	21794.3
Mg24	22335.8	0.130061	55423.5	13756.3	13756
Mg24	22335.8	0.171567	33882.3	975.214	974.266
Fe56	52089.8	0.0783069	77151.5	28860.1	28860
O16	14895.1	0.195139	52206.9	8916.21	8915.52
Fe56	52089.8	0.176288	77984.4	31861.7	31861.4
Si28	26053.2	0.157055	48469.9	10603.4	10602.5
Si28	26053.2	0.398603	96056.8	43959	43957.9
O16	14895.1	0.195074	69385.5	25970.8	25970.3
Si28	26053.2	0.117444	43835.1	3348.45	3348.27
Mg26	24196.5	0.146732	78579.3	30622.5	30622.2
O16	14895.1	0.265162	79111.1	12873.1	12872.4
Mg26	24196.5	0.785576	80066.8	31452.8	31451.4
O16	14895.1	0.324862	53633.6	4356.89	4356.54
O16	14895.1	0.418826	77252.9	27482.7	27481.4
O16	14895.1	0.295491	67036.8	20728.6	20728.2
Mg24	22335.8	0.276254	63266.2	18230.4	18230
O16	14895.1	0.259021	86090	36846.9	36846.4
Mg26	24196.5	0.132964	74976.7	29589.9	29589.7
Mg24	22335.8	0.192734	68454.1	24395.4	24395.2
Mg26	24196.5	0.186195	55094.7	14849.1	14848.6
Si28	26053.2	0.116571	67023	22801.7	22801.1
O16	14895.1	0.198192	63687.9	20612.3	20612.1
O16	14895.1	0.222872	53935	14360.3	14359.9
Si28	26053.2	0.125409	52420	13158.6	13158.5
Si28	26053.2	0.351604	46019	8389.81	8388.34
O16	14895.1	0.986789	38955.3	3328.87	3327.52
O16	14895.1	0.261801	73599.5	27880.7	27880.3
O16	14895.1	0.37631	41863.4	5325.66	5325.22
Si28	26053.2	0.205626	82704.9	33694.8	33694.6
Si28	26053.2	0.123094	69071.8	23800.9	23800.3
O16	14895.1	1.80839	99678.6	46235.3	46233.1
Mg26	24196.5	0.399267	71842.4	18418.6	18417.1
O16	14895.1	0.238379	88628.8	34661.3	34660.2
O16	14895.1	0.198125	84901.5	33643.7	33643.3
O16	14895.1	1.1308	69489.2	25300.1	25297.5
Mg24	22335.8	0.139944	32022.8	65.361	64.8314
Mg26	24196.5	0.157312	79502.8	26386.6	26386.4
O16	14895.1	0.190881	60150.2	11774.5	11773.6
O16	14895.1	0.438012	44884.4	455.942	455.23
Si28	26053.2	0.22366	99934.3	46379.1	46378.6
Fe56	52089.8	0.111027	79580.2	31702	31701.4
O16	14895.1	0.389857	68884.1	24144.3	24143.4
Si28	26053.2	0.168916	47913.6	9037.32	9036.8
O16	14895.1	0.331848	93784.4	40167.4	40166.9
O16	14895.1	0.224968	67789	22322.5	22321.9
O16	14895.1	1.43924	57547.6	15585.4	15584
O16	14895.1	0.815582	44933.7	6706.32	6704.69
Na24	22341.8	1.01787	71778.9	27319.6	27108.3
O16	14895.1	0.369053	36706.7	2687.76	2687.39
Si28	26053.2	0.428175	90090.3	39646.7	39645.9
Si28	26053.2	0.153644	68559.4	23678.5	23677.8
O16	14895.1	0.735464	60092.9	16592.4	16591.5
Si28	26053.2	0.117016	75331.5	22556.6	22556.2
Mg24	22335.8	0.75661	92803.4	38570.6	38569.2
O16	14895.1	0.83254	87381.6	35153.8	35152.5
Si28	26053.2	0.173628	97758.9	44535.2	44534.5
O16	14895.1	0.49743	88779.9	39220.7	39220.2
Mg24	22335.8	0.130829	87553.5	38342.4	38342.2
Si28	26053.2	0.116596	50528.5	10579.4	10578.7
Mg24	22335.8	0.327046	49780.2	10111.3	10110.1
O16	14895.1	0.936271	48889	9566.04	9564.98
Mg24	22335.8	0.226924	89716.4	39453.8	39452.9
Fe56	52089.8	0.101913	66646.9	22597.2	22596.8
O16	14895.1	0.215882	55604.1	13685	13684.4
Si28	26053.2	0.113657	66863.9	22431.7	22431.5
O16	14895.1	1.13508	61033.8	18354.4	18352.7
O16	14895.1	0.523038	93706.4	42279.9	42278.7
O16	14895.1	0.266765	86226.8	37291.7	37291.4
Si28	26053.2	0.147125	60817.8	19829.3	19828.9
Si28	26053.2	0.48152	99108.5	45740.4	45738.8
Si28	26053.2	0.151004	71945.9	27653.5	27653.2
Si28	26053.2	0.119441	82088.7	34627.7	34627.5
Fe56	52089.8	0.138748	53811.1	10352.2	10352
O16	14895.1	0.386175	73169.7	28151.5	28149.2
alpha	3727.38	6.1864	66622	19880	7655.07
alpha	3727.38	7.06736	66622	19880	7655.07
alpha	3727.38	18.1786	66622	19880	7655.07
O16	14895.1	0.199534	99314.7	45795.9	45795.6
Fe56	52089.8	0.0671563	97928.7	44928.7	44928.1
O16	14895.1	2.07768	66363.8	22479.3	22476.9
O16	14895.1	0.244424	97124.9	44271.1	44269.9
O16	14895.1	0.437489	96946.3	44129.4	44128.7
Mg24	22335.8	0.327904	85831.4	36571.9	36571.4
Si28	26053.2	0.192701	36065.3	754.771	754.052
Si28	26053.2	0.110878	67051.9	23986.9	23986.5
Si28	26053.2	0.168793	57830.8	18307.9	18307.8
Mg24	22335.8	0.481088	94603.2	43091.2	43090.6
O16	14895.1	0.490307	83534.9	35945.1	35944.5
O16	14895.1	0.728828	80892.2	34133.1	34132.1
neutron	939.565	31.1773	60975.1	18758	18538.9
neutron	939.565	28.517	60975.1	18758	18538.9
Be8	7454.85	7.50648	60975.1	18758	18538.9
Mg24	22335.8	0.192661	60433.2	18224.6	18224.1
O16	14895.1	0.28125	47967.9	9607.21	9606.4
O16	14895.1	0.246397	47685.7	9445.04	9444.15
O16	14895.1	0.48577	37402.1	2044.47	2043.37
O16	14895.1	0.533236	72341	10370.1	10368.1
Si28	26053.2	0.245651	69112.4	8230.34	8229.38
Mg24	22335.8	0.155686	73815.5	27129.5	27129.1
Mg24	22335.8	0.181753	36453.9	174.985	173.255
O16	14895.1	0.217358	88252.2	38321.4	38320.6
Mg24	22335.8	0.151834	53853.2	12921.3	12920.9
Si28	26053.2	0.23185	51699.9	11612.1	11611.2
O16	14895.1	0.785399	83263.1	34631	34629.2
Mg24	22335.8	0.421157	76408.6	30103.6	30103.1
O16	14895.1	0.637259	76040	29835.8	29835.1
Mg24	22335.8	0.196072	52009.7	13209.4	13208.2
O16	14895.1	0.275638	82153.6	33891.4	33890.6
O16	14895.1	0.603483	59800.6	19894.8	19894.2
Si28	26053.2	0.109775	96729.4	44476.4	44476.1
neutron	939.565	332.116	57918.4	12717.5	12123.1
C13	12109.5	0.882225	57918.4	12717.5	12123.1
O16	14895.1	0.528561	55005.5	10431.1	10429.3
O16	14895.1	0.203154	92620.6	41453.2	41452.6
O16	14895.1	0.427226	86147.2	36848.2	36847.6
O16	14895.1	0.192726	48169.3	10041.1	10040.4
O16	14895.1	0.211478	57758.7	15969.7	15969.3
Ne22	20479.7	0.194683	85220.9	36259	32409.6
Mg24	22335.8	0.135467	62596.8	17343.5	17343.3
O16	14895.1	1.72922	45507.9	4362.02	4359.74
O16	14895.1	0.230295	32834.8	400.576	400.235
Si28	26053.2	0.141911	40266.1	3475.63	3475.33
O16	14895.1	0.191642	39019.6	2675.68	2674.66
O16	14895.1	0.217919	94760.5	43171.9	43171.2
Si28	26053.2	0.146533	53926.7	14858.1	14857.7
Si28	26053.2	0.165417	69171	22776.6	22776.3
Si28	26053.2	0.261204	44389.4	6549.88	6549.57
O16	14895.1	0.205614	97940.5	44962.7	44962.2
Si28	26053.2	0.184892	74541.9	28693.5	28693.3
neutron	939.565	1404.51	71746.7	24010.7	14811.8
neutron	939.565	4.78802	71746.7	24010.7	14811.8
Be8	7454.85	4.83272	71746.7	24010.7	14811.8
O16	14895.1	0.366564	93493.8	42148.1	42146.6
Si28	26053.2	0.116624	50442.2	13096.8	13096.5
Mg25	23268	0.28908	33625	1842.24	1841.89
O16	14895.1	0.345825	88215	39015	39014.3
Mg24	22335.8	0.131688	85289.1	36142.5	36141.2
O16	14895.1	0.219363	59197	16071.2	16070.4
Si28	26053.2	0.28996	50664	8203.14	8202.65
O16	14895.1	0.24912	49068	7229.18	7228.91
Si28	26053.2	0.224597	65010.6	9419.63	9418.36
Si28	26053.2	0.176539	58018.3	18280.1	18279.9
Si28	26053.2	0.117006	39964	6297.22	6296.48
Mg24	22335.8	0.28503	39520.4	6031.86	6030.8
Mg24	22335.8	0.211905	81554.8	31913.9	31913.6
Mg24	22335.8	0.141666	93398.9	42013.3	42012.3
Mg24	22335.8	0.126598	84440.6	31601.9	31601.5
Si28	26053.2	0.111969	82053.4	30090.9	30090.5
Na25	23272.4	0.961319	51460.2	6875.07	6667.56
O16	14895.1	0.208372	74434.1	26280.9	26280.6
O16	14895.1	0.262865	73827.7	25935.2	25934.5
O16	14895.1	0.372846	58998.2	13685	13684.4
Mg24	22335.8	0.158437	43722.7	3805.6	3805.31
O16	14895.1	0.325991	93706.9	41334.3	41334
Si28	26053.2	0.158473	87902.8	36680.8	36680.5
O16	14895.1	0.434158	48323.6	283.574	283.073
Mg24	22335.8	0.296444	61154.6	17034	17032.5
Si28	26053.2	0.122593	58758.1	15501.3	15500.8
Si28	26053.2	0.298469	93461.8	42287	42286.7
Mg24	22335.8	0.183089	79617.7	31352.4	31351.1
Mg24	22335.8	0.268851	43295	5428.55	5428.06
Si28	26053.2	0.125361	36890.6	3233.5	3233.16
Mg24	22335.8	0.179496	85632.2	35610.3	35610.1
Mg24	22335.8	0.333632	59993.6	19701	19700.7
neutron	939.565	0.648103	45718	9132.26	7628.94
Mg25	23268	0.741044	45718	9132.26	7628.94
O16	14895.1	0.662247	63020.7	17852.7	17851.6
Si28	26053.2	0.132451	48445.3	8620.12	8618.69
O16	14895.1	0.727719	81731.8	29820.1	29819.2
Mg24	22335.8	0.127349	75426.2	25568.7	25568.5
Si28	26053.2	0.157267	49080.4	7944.96	7944.46
Mg26	24196.5	0.132972	35065.9	2893.92	2893.6
Si28	26053.2	0.303273	75454.3	29796.4	29795.5
Mg24	22335.8	0.137604	67678.6	23089.4	23088.8
O16	14895.1	0.30982	58105.1	17769.6	17769
Si28	26053.2	0.14159	57369.6	16963.3	16962.9
O16	14895.1	0.394411	44966.4	8154.84	8153.81
Mg24	22335.8	0.176148	33337.1	590.038	589.605
Si28	26053.2	0.152327	55188	9104.29	9103.54
O16	14895.1	0.206684	77729.2	30042.8	30042.2
Si28	26053.2	0.287892	73679	27467.3	27466.9
O16	14895.1	0.493437	51976.8	5695.9	5695.34
Si28	26053.2	0.1161	66735.3	7833.71	7832.8
O16	14895.1	0.316587	81040.3	32894.9	32894.3
O16	14895.1	0.251387	80182	32321.2	32320.9
O16	14895.1	1.53949	64816.2	20820.2	20818.7
Mg24	22335.8	0.28651	44544.1	8467.66	8467.35
Fe56	52089.8	0.074241	80450.3	29042.7	29042.5
Si28	26053.2	0.985909	79496	28352.1	28351
O16	14895.1	0.803109	56892.3	12916.8	12915.2
Mg24	22335.8	0.135599	59038.6	18454.7	18454
O16	14895.1	0.384392	39442	5048.75	5047.85
Si28	26053.2	0.152366	97633.4	44941	44940.8
O16	14895.1	0.227892	88680	39174.5	39173.3
Si28	26053.2	0.363811	88633.7	39149.4	39148.9
O16	14895.1	0.240439	70005.4	25275.5	25275.1
O16	14895.1	0.869709	59557.3	16428.6	16427.7
Si28	26053.2	0.503554	52173.7	10532.3	10531.8
Mg24	22335.8	0.155714	91108.6	39439.8	39439.6
O16	14895.1	0.382908	71947.7	25328.2	25327.6
O16	14895.1	0.218344	86755.2	37578	37577.6
Si28	26053.2	0.233831	85150.4	36629.4	36629
O16	14895.1	0.199557	67516.8	24444.9	24444.5
neutron	939.565	2388.23	62695	21209.2	15094.7
neutron	939.565	78.2851	62695	21209.2	15094.7
neutron	939.565	60.7957	62695	21209.2	15094.7
neutron	939.565	19.0068	62695	21209.2	15094.7
alpha	3727.38	8.82236	62695	21209.2	15094.7
Li6	5601.52	14.6613	62695	21209.2	15094.7
Mg24	22335.8	0.132387	60192.1	16723.8	16722.5
O16	14895.1	0.818271	74107.8	28201	28200.1
Fe56	52089.8	0.0560827	70277.5	25680.7	25680.5
O16	14895.1	0.194515	68929.8	24529.7	24529
Mg24	22335.8	0.298278	61463.9	19368.1	19367.5
neutron	939.565	711.819	99229.9	45707.5	41325.2
neutron	939.565	108.518	99229.9	45707.5	41325.2
neutron	939.565	18.7118	99229.9	45707.5	41325.2
alpha	3727.38	16.3069	99229.9	45707.5	41325.2
alpha	3727.38	15.0255	99229.9	45707.5	41325.2
Si28	26053.2	0.743262	68849.3	19194.9	19194
O16	14895.1	0.208565	49745.4	5956.38	5955.92
Si28	26053.2	0.115373	44736.9	2069.12	2068.59
Mg24	22335.8	0.163199	96402	44141.6	44141.3
O16	14895.1	0.411408	45173.2	7009.85	7008
Si28	26053.2	0.134955	75247.5	27855.3	27855.1
O16	14895.1	0.359889	40001.7	160.504	159.131
Fe56	52089.8	0.0671172	96757.9	43993.1	43993
Mg26	24196.5	0.828728	51602.6	7420.93	7213.49
Si28	26053.2	0.176828	39835.7	55.9357	55.6884
neutron	939.565	0.389785	82909.7	34431	27097.2
C13	12109.5	1.7056	82909.7	34431	27097.2
Si28	26053.2	0.152111	95198.5	43422.3	43421.2
Si28	26053.2	0.124938	42740.1	6908.07	6907.49
O16	14895.1	2.4673	41874.1	5973.01	5970.5
Si28	26053.2	0.116686	96441.8	43275.3	43275.1
Mg24	22335.8	0.157049	94476	41946	41945.3
neutron	939.565	112.121	86246.8	36601.6	36085.9
neutron	939.565	89.2987	86246.8	36601.6	36085.9
alpha	3727.38	3.11698	86246.8	36601.6	36085.9
O16	14895.1	0.23745	91413.1	38094.9	38094.3
neutron	939.565	0.700798	88634.9	34558.5	31841.8
C13	12109.5	0.209013	88634.9	34558.5	31841.8
neutron	939.565	485.082	67562.3	17401.9	16015.3
neutron	939.565	22.017	67562.3	17401.9	16015.3
neutron	939.565	0.341329	67562.3	17401.9	16015.3
Ne21	19550.5	2.42427	67562.3	17401.9	16015.3
Mg24	22335.8	0.137809	66688.3	22060.8	22060.4
O16	14895.1	0.313584	46239.1	8032.99	8032.09
Si28	26053.2	0.204697	43361.4	6251.61	6250.53
Si28	26053.2	0.136086	96328.3	43892.8	43892.5
O16	14895.1	1.5771	91236.6	40278	40276.4
O16	14895.1	0.266362	51377.1	8748.81	8748.47
Si28	26053.2	0.162174	89142.7	34450.6	34450.1
Mg24	22335.8	0.154207	72638.5	26844.6	26844.3
Mg24	22335.8	0.172146	50909.5	10942.5	10942.2
O16	14895.1	0.225446	73999.7	28335.7	28334.8
Mg24	22335.8	0.364974	49691.7	10143.8	10142.7
O16	14895.1	1.18441	97012.9	44546.7	44545.5
O16	14895.1	0.233054	65733.5	22917.4	22917.1
O16	14895.1	0.202108	65237.9	22597.9	22597.7
O16	14895.1	0.250614	46165.7	7595.91	7594.76
neutron	939.565	771.294	57575.4	16841.4	15033.9
neutron	939.565	234.061	57575.4	16841.4	15033.9
neutron	939.565	59.2332	57575.4	16841.4	15033.9
neutron	939.565	37.9991	57575.4	16841.4	15033.9
neutron	939.565	6.2192	57575.4	16841.4	15033.9
neutron	939.565	2.13902	57575.4	16841.4	15033.9
Be6	5605.3	5.84035	57575.4	16841.4	15033.9
Mg24	22335.8	0.165473	50270.3	9183.84	9183.1
O16	14895.1	0.30988	39631	2409.12	2408.72
O16	14895.1	0.448623	99841.4	46320.1	46319.5
O16	14895.1	0.843522	90178.9	38348.4	38347.1
O16	14895.1	0.189792	83208	33853.6	33853.3
Mg26	24196.5	0.171136	82379	33362.6	33361.9
Mg24	22335.8	0.173766	62507.5	19355.8	19354.7
Mg24	22335.8	0.176234	61446.8	18708.1	18707.1
Si28	26053.2	0.217655	93986.1	41883.6	41882.1
Mg24	22335.8	0.184895	93720.6	41724.5	41724.3
Mg24	22335.8	0.14283	60803.6	18013.9	18013.4
O16	14895.1	0.36354	77249.1	28482.2	28481.5
Mg26	24196.5	0.452094	75797.8	27554.3	27553.5
O16	14895.1	0.796337	96072.2	39796.2	39795.2
O16	14895.1	0.218227	80713.3	29530.2	29529.9
Si28	26053.2	1.44642	45950.1	5467.6	5466.07
Fe56	52089.8	0.0712168	97245.2	44491.7	44491.4
Si28	26053.2	0.296153	83656	34803.1	34802.2
Mg24	22335.8	0.398316	76750.8	29951.6	29950.7
O16	14895.1	0.638447	64560	21802.7	21801.9
Si28	26053.2	0.197825	57335.2	17081.6	17080.9
neutron	939.565	120.723	92394.2	40931.7	40294
neutron	939.565	104.682	92394.2	40931.7	40294
neutron	939.565	96.9805	92394.2	40931.7	40294
neutron	939.565	1.87001	92394.2	40931.7	40294
B10	9324.44	13.7729	92394.2	40931.7	40294
O16	14895.1	0.209055	82411.3	32780.6	32780.3
O16	14895.1	0.529442	65336.7	21410.6	21409.8
Mg24	22335.8	0.163434	97943	45059.6	45059.4
O16	14895.1	0.309019	92434.9	39856	39855.1
O16	14895.1	0.241385	70596.9	21915.7	21915.4
Si28	26053.2	0.14043	67491.6	19714.9	19714.5
O16	14895.1	0.374856	61806	17645.4	17644.8
O16	14895.1	0.202437	78947.7	31405.8	31405.3
O16	14895.1	0.350737	61495.8	19605.7	19604.6
Fe56	52089.8	0.0713636	83813.9	34182.6	34180.9
O16	14895.1	0.391111	56965.2	15606.6	15606.2
O15	13971.2	1.75117	79987.4	31312.5	30907.4
Si28	26053.2	0.230464	89019.6	35358.8	35358.5
O16	14895.1	0.317032	84701.9	32662.6	32662.2
Si28	26053.2	0.303932	72429.8	22483.2	22482.8
Si28	26053.2	0.131191	57396	10654.4	10654
Mg26	24196.5	0.123249	41706.3	359.576	358.749
Mg24	22335.8	0.146034	98199.8	45162.1	45161.4
O16	14895.1	0.298962	87089.9	33462.2	33461.9
O16	14895.1	0.204435	59852.9	14908.1	14907.8
O16	14895.1	0.336043	95052	40634	40633.2
O16	14895.1	0.213785	65768.6	20637.3	20636
O16	14895.1	0.260014	60559.6	16783.5	16783.2
alpha	3727.38	14.6416	79745.7	28721.8	28460.6
C12	11174.9	5.20994	79745.7	28721.8	28460.6
neutron	939.565	0.317046	73287.9	24297.1	20005
C13	12109.5	0.376297	73287.9	24297.1	20005
Si28	26053.2	0.721423	43401.7	3219.27	3217.96
O16	14895.1	0.306224	65182.2	23579	23578.5
O16	14895.1	0.252708	71820.7	26477.5	26477.1
O16	14895.1	0.544902	61101.3	19577.7	19577.1
Si28	26053.2	0.124106	86700.6	33960.3	33960.2
O16	14895.1	0.373039	71395.8	23414.3	23413.9
Mg25	23268	0.652766	56977.2	13588.2	13587.3
O16	14895.1	0.224574	56447.3	13300.2	13299.9
O16	14895.1	0.256637	45546.5	6060.65	6060.26
O16	14895.1	0.201024	67632.1	24403.1	24402.4
Mg24	22335.8	0.182216	82152.6	34244.7	34244.4
O16	14895.1	0.277938	75598.2	29481	29480.6
O16	14895.1	0.771181	68009	24415.5	24414.2
O16	14895.1	0.223117	35180.1	1589.93	1589.34
Si28	26053.2	0.542078	79346.1	32179.5	32178.9
O16	14895.1	0.330355	66676.4	15415.9	15415.5
O16	14895.1	0.252225	60400	11066.9	11066.5
Mg25	23268	0.205986	57550.8	9083.62	9083.2
Mg24	22335.8	0.454085	47432.5	2311.53	2310.01
Si28	26053.2	0.174712	73827	29092.3	29091.6
O16	14895.1	0.481614	45236.5	9334.62	9333.81
Mg24	22335.8	0.164888	86369.2	36090.8	36090.5
O16	14895.1	0.193278	83106.2	34229.1	34228.6
Mg25	23268	0.182566	51932.8	13234	13233.1
O16	14895.1	0.7064	92207	40013.4	40012.3
Fe56	52089.8	0.0779051	86799.7	36536.4	36536.2
Si28	26053.2	0.12598	58601.7	16176.1	16176
Mg24	22335.8	0.197767	49606.4	9780.36	9779.51
Mg24	22335.8	0.165455	45156.5	6914.99	6914.57
O16	14895.1	0.264595	72780.3	18168.7	18167.9
O16	14895.1	0.260682	58000	8686.6	8685.18
Si29	26984.3	2.0442	98316.1	45120.2	45117.9
O16	14895.1	0.328494	81963.1	34081.6	34080.7
O16	14895.1	0.221853	55954.9	14019.7	14019.1
O16	14895.1	0.35882	79315.6	31634.1	31633.3
Si28	26053.2	0.139488	73231.8	26916.5	26916.1
Fe56	52089.8	0.123708	86433.4	37058.4	37058.2
O16	14895.1	0.254592	82993.3	34297.9	34297.2
Mg24	22335.8	0.380122	77519.4	30130.5	30129.6
neutron	939.565	1.45794	73350.3	27119.9	26551.5
N15	13968.9	0.372841	73350.3	27119.9	26551.5
O16	14895.1	0.354124	87062.2	37255.7	37254.9
Mg26	24196.5	0.139126	50693	11911.7	11911.5
Mg24	22335.8	0.925821	92426.5	41228.1	41226.9
Mg26	24196.5	0.1242	81463.3	34200	34199.6
O16	14895.1	0.199552	81361.1	34146.8	34146.2
Mg24	22335.8	0.170584	92623.8	34351.5	34351.2
O16	14895.1	0.458267	81676.4	26235.4	26234.8
Fe56	52089.8	0.131519	59473.7	8652.07	8651.38
Mg24	22335.8	0.156161	70699.5	26177.3	26176.3
Mg25	23268	0.278585	48396.4	10551.2	10550.5
O16	14895.1	0.282762	44220.6	8004.07	8002.69
O16	14895.1	0.405373	99390.3	45901.7	45901.3
Si28	26053.2	0.464781	76017.6	23539.8	23538.3
Mg26	24196.5	1.14609	55743.4	9777.78	9776.08
O16	14895.1	0.252347	53149.2	8257.03	8256.68
neutron	939.565	120.446	98605.5	45591	45029.3
neutron	939.565	62.0264	98605.5	45591	45029.3
neutron	939.565	5.44632	98605.5	45591	45029.3
alpha	3727.38	7.82163	98605.5	45591	45029.3
alpha	3727.38	0.7335	98605.5	45591	45029.3
C12	11174.9	15.7808	98605.5	45591	45029.3
Si28	26053.2	0.115465	63768.6	19522	19521.5
Mg24	22335.8	0.151967	40937.3	3284.38	3284.13
Si28	26053.2	0.405102	46119.3	3254.13	3253.34
Mg25	23268	0.626116	99376	46044.3	46043.2
O16	14895.1	0.56427	67370.1	22084.9	22084
Si28	26053.2	0.17478	42714.9	1081.53	1081.36
O16	14895.1	0.392045	88520.4	38061.3	38060.4
O16	14895.1	0.379869	53395.8	10367	10365.1
Si28	26053.2	0.222034	83483.2	34623.4	34622.7
Fe56	52089.8	0.128282	77444.7	28814.8	28814.1
Si28	26053.2	0.171658	68359.3	22796.4	22796.1
Mg24	22335.8	0.198004	49874.2	10654	10653.8
O16	14895.1	0.802722	40148.1	4347.25	4346.12
O16	14895.1	0.344082	85364.3	36961.6	36961
Mg24	22335.8	0.157967	35924.9	1507.58	1506.88
O16	14895.1	0.273791	98336.1	45365.4	45364.9
O16	14895.1	0.424506	72533.7	25172.9	25172.2
Si28	26053.2	0.136344	87564.6	36897.9	36897.7
Si28	26053.2	0.114086	80440.8	32014.2	32014
O16	14895.1	0.269342	77857.4	30811.5	30811
neutron	939.565	80.3828	92081	40890.2	40663.1
C13	12109.5	2.20408	92081	40890.2	40663.1
Si28	26053.2	0.125946	68854.7	24695.2	24695
Mg26	24196.5	0.157402	52723.2	13960.6	13960.1
Si28	26053.2	0.115211	37401.2	3275.39	3275.2
O16	14895.1	0.463041	56416.5	13546.2	13545.5
O16	14895.1	0.302551	82050.5	31754.6	31754.1
Mg24	22335.8	0.136812	80019.9	29905.7	29904.9
O16	14895.1	0.497535	83039.1	34399.7	34398.5
neutron	939.565	34.738	67345.1	23897.5	23220.9
neutron	939.565	0.954238	67345.1	23897.5	23220.9
C12	11174.9	3.85393	67345.1	23897.5	23220.9
O16	14895.1	0.355985	65773.6	22121.8	22121.4
O16	14895.1	0.493728	40350.5	1849.43	1848.67
O16	14895.1	0.270775	65083.8	20025.4	20025.1
Si28	26053.2	0.15096	99419.7	46057.9	46057.6
Si28	26053.2	0.110377	83403	34740.8	34740.7
Si28	26053.2	0.115974	79941.6	32646.3	32646.1
Si28	26053.2	0.751644	90403.8	39428.1	39426.5
Mg25	23268	0.321207	91221.4	40672.6	40672.2
Si28	26053.2	0.108717	89194.8	39348.3	39348.1
Si28	26053.2	0.286208	48838.3	9548.8	9547.66
O16	14895.1	0.676229	41464.2	3991.79	3990.89
O16	14895.1	0.755756	96189.8	44015.3	44014.4
Mg24	22335.8	0.148753	80838.7	32069.9	32069.2
O16	14895.1	0.300451	98908.2	45756.4	45755.8
O16	14895.1	0.468703	92457.7	40829.4	40828.5
O16	14895.1	0.254426	47112.8	10893.9	10893.6
Mg24	22335.8	0.203812	29681.8	84.0843	83.8145
O16	14895.1	0.529253	96483.6	43562.6	43561.9
O16	14895.1	0.313601	91056.3	39562.6	39560.6
O16	14895.1	0.264221	37672.5	4071.49	4070.81
O16	14895.1	0.323394	92187.2	38433.1	38432.3
Mg24	22335.8	0.175794	55490.2	7573.56	7572.92
Si28	26053.2	0.415537	83259.7	35093.6	35093.2
neutron	939.565	96.2713	58511.3	18586.2	18054
Na22	20482.1	0.467583	58511.3	18586.2	18054
Fe56	52089.8	0.0682757	80390.9	33291.1	33290.8
Mg24	22335.8	0.202988	78448	30537.3	30536.8
Mg24	22335.8	0.233047	48154.2	11403.8	11403.5
Si28	26053.2	0.111206	94093.9	39326.4	39326.3
O16	14895.1	1.27511	84126	29782.4	29780.8
O16	14895.1	0.288556	70244.2	19468.7	19468.4
O16	14895.1	0.393512	91424.3	40648.5	40647.9
Si28	26053.2	0.203717	68869.2	24471.4	24471.1
Mg24	22335.8	0.291012	72345.4	25572.4	25572.1
Si28	26053.2	0.38235	65985.3	21455.9	21454.9
O16	14895.1	0.274325	53290.5	13140.3	13139.9
neutron	939.565	0.567514	47515.5	9155.18	8554.27
N14	13040.2	0.430483	47515.5	9155.18	8554.27
neutron	939.565	16.5889	98126.4	45198	44629.3
Mg26	24196.5	0.932154	98126.4	45198	44629.3
O16	14895.1	0.26991	67347.6	23765.3	23764.9
O16	14895.1	0.222289	64196.1	21866.8	21865.9
Si28	26053.2	0.109969	33645.3	1505.55	1505.36
Mg24	22335.8	1.12171	64986.3	21513.6	21512.4
O16	14895.1	0.221186	58483.1	17453.5	17452.9
neutron	939.565	1920.1	81637.5	34110.1	31953.2
neutron	939.565	199.143	81637.5	34110.1	31953.2
N13	12111.2	0.982542	81637.5	34110.1	31953.2
Si28	26053.2	0.108537	64957.9	20727.2	20727.1
Fe56	52089.8	0.165651	45854	10044.1	10043.6
Si28	26053.2	0.142621	73549.4	25745.1	25742.5
O16	14895.1	0.380423	96381.7	43850.5	43849.8
O16	14895.1	0.832798	75596.1	29984.4	29983.1
Si28	26053.2	0.118114	93178.8	42028	42027.8
O16	14895.1	0.235958	66931.6	22018	22017.7
O16	14895.1	0.204424	52617.1	12632.9	12632.3
O16	14895.1	0.230097	49154.9	10486.4	10486.1
O16	14895.1	0.192642	45381.7	8187.7	8186.87
Mg24	22335.8	0.204222	59989	17760.1	17759.8
O16	14895.1	0.678517	95507.1	43142.5	43141.7
Si28	26053.2	0.299557	33621.7	93.1311	92.3068
O16	14895.1	0.394353	45529	4173.39	4172.87
O16	14895.1	0.194224	78855.7	31245.5	31245.1
O16	14895.1	0.826312	91963.9	40518.7	40517.6
Fe56	52089.8	0.227903	76735.1	30621.8	30621.2
Si28	26053.2	0.190189	79187.4	29736.1	29735.8
Mg24	22335.8	0.377742	62029.4	16371.3	16370.8
Mg24	22335.8	0.263112	52170	9316.32	9315.99
Si28	26053.2	0.135336	95372.8	42858.9	42858.6
Mg24	22335.8	0.226383	76348.4	28448.3	28447.9
O16	14895.1	0.252431	38606.5	1796.84	1796.54
Si28	26053.2	0.114115	88158.9	38196.5	38196.2
Mg24	22335.8	0.490771	38925.5	2141.68	2140.93
O16	14895.1	0.327896	75833.4	13941.2	13940.5
Si28	26053.2	0.111283	71816.9	11437	11436.8
Mg24	22335.8	0.165408	55969.4	9343.26	9342.75
O16	14895.1	0.198027	67485.3	21370.2	21369.8
O16	14895.1	0.335989	40651.3	3399.52	3397.72
O16	14895.1	0.351835	93538.5	42267.8	42266.9
Si28	26053.2	0.595856	86003.5	36186.2	36185.3
Fe56	52089.8	0.0543551	42142	5174.7	5174.59
Si28	26053.2	0.128425	77312.6	28638.7	28638.1
neutron	939.565	669.34	88653.7	38919.1	27754.1
alpha	3727.38	3.02659	88653.7	38919.1	27754.1
C11	10254	7.38905	88653.7	38919.1	27754.1
neutron	939.565	1293.03	70460.6	15319	11406.1
N14	13040.2	1.07609	70460.6	15319	11406.1
Si28	26053.2	0.112008	80030.8	31676.2	31675.9
Mg24	22335.8	0.147792	68969.8	24000.4	23999.9
neutron	939.565	153.127	59035.2	17317.7	17021
C13	12109.5	1.59519	59035.2	17317.7	17021
Mg26	24196.5	0.140012	62036.7	6586.33	6586.11
Fe56	52089.8	0.0634841	58147.4	4256.25	4256.15
Fe56	52089.8	0.0706392	36246.2	1008.08	1007.99
O16	14895.1	0.384372	99356.3	45945.8	45945.3
Si28	26053.2	0.195267	63106.7	16554.9	16554.6
Si28	26053.2	0.113939	57221.9	10578.9	10578.2
O16	14895.1	0.40238	44323.1	159.74	159.311
O16	14895.1	0.262471	81547.5	24181.2	24179.7
Si28	26053.2	0.182934	54388.1	4835.5	4835.29
O16	14895.1	0.202933	85837.8	33255.2	33254.9
O16	14895.1	0.196161	96174.8	43972.9	43972.5
Si28	26053.2	0.138035	72313.1	28057.2	28056.8
C14	13040.9	1.04735	61288.5	19990.9	19251.1
Si28	26053.2	0.164865	58973.4	17420.4	17420.2
O16	14895.1	0.270383	84089.2	35185.8	35185.5
O16	14895.1	0.293281	54843.7	14159.5	14159.1
O16	14895.1	0.800473	77811.1	30900.4	30899.6
O16	14895.1	0.444793	37724.4	3670.1	3669.54
Mg24	22335.8	0.214358	70523.9	22782.6	22781.7
Fe56	52089.8	0.0634938	92766.5	41903.2	41902.5
Si28	26053.2	0.880717	32614.7	820.918	819.21
O16	14895.1	0.23823	85522.2	32352.2	32351.8
O16	14895.1	0.362072	81151.5	32847.4	32846.9
neutron	939.565	2.03237	79651.9	31919.7	31671
Na23	21409.2	0.109338	79651.9	31919.7	31671
O16	14895.1	0.237471	45235.5	6816.06	6815.58
Si28	26053.2	0.149905	39943.4	2837.81	2837.19
Fe56	52089.8	0.0886366	99747.6	46271.2	46270.7
Mg24	22335.8	0.218572	69820.2	24781.7	24781.4
Mg24	22335.8	0.152999	63772.9	20643.5	20642.5
O16	14895.1	0.313081	62140.8	21402.9	21402.2
O16	14895.1	0.191941	60072.8	19860.1	19859.7
O16	14895.1	0.283601	48681.4	11730.4	11730.1
O16	14895.1	0.208674	43706	8534.57	8534.35
Si28	26053.2	0.43845	34173	1805.38	1804.49
Si28	26053.2	0.450143	76241.9	28260.1	28259.6
Mg24	22335.8	0.280021	70574.3	23934.8	23934.5
O16	14895.1	0.390371	39233.2	974.819	974.15
O16	14895.1	0.323997	99151	45833.9	45833.5
Mg26	24196.5	0.171889	97307.5	44531.6	44530.9
Mg24	22335.8	0.218338	80186.2	29010.7	29010.3
O16	14895.1	1.22456	61883	15058.7	15056.7
O16	14895.1	0.685011	59277.9	13342.3	13340.7
Si28	26053.2	0.31437	90408	39607.4	39607
Mg24	22335.8	0.270018	78838.9	30609.8	30608.3
O16	14895.1	0.284161	90867.6	39736.7	39735
O16	14895.1	0.252212	80656.2	31788.5	31788.1
O16	14895.1	0.32788	91909.6	41287.3	41286.8
Si28	26053.2	0.346313	45833.9	9806.05	9804.4
O16	14895.1	0.312084	65807.7	11515.5	11514.4
neutron	939.565	1716.02	90454.7	40414.1	37832
neutron	939.565	135.303	90454.7	40414.1	37832
neutron	939.565	12.9502	90454.7	40414.1	37832
alpha	3727.38	5.40389	90454.7	40414.1	37832
alpha	3727.38	7.69631	90454.7	40414.1	37832
O16	14895.1	0.197951	98653.8	45532.9	45532.6
O16	14895.1	0.23398	95894.7	43606	43605.7
Mg24	22335.8	0.277928	91204.5	40824.4	40823.8
Mg24	22335.8	0.153734	69255.7	25422.3	25420.5
Si28	26053.2	0.30256	55904.9	17221.5	17220.6
Si28	26053.2	0.159505	49547.8	13022.7	13021.4
Si28	26053.2	0.785008	97681.3	44978.3	44977.3
O16	14895.1	0.268129	86853.6	18424.8	18424.4
Si28	26053.2	0.125078	78209.9	12810.6	12810.4
neutron	939.565	114.619	69031.7	14160.4	13931
neutron	939.565	8.56046	69031.7	14160.4	13931
C11	10254	1.52726	69031.7	14160.4	13931
O16	14895.1	0.190305	82246.9	33197.1	33196.3
Si28	26053.2	0.249476	78876.8	30677.9	30676.9
Mg24	22335.8	0.128111	76286.2	29091.4	29091.3
O16	14895.1	1.54111	45829	9484.81	9483.27
Si28	26053.2	0.737912	67959.4	11813.2	11810.8
O16	14895.1	0.696937	56627.3	4597.66	4595.18
O16	14895.1	0.386453	54252.9	3164.22	3163.35
O16	14895.1	0.201445	96734.3	41688.3	41687.9
O16	14895.1	0.355179	88817	29282.1	29281.4
O16	14895.1	0.264062	70080.9	17159.5	17159.2
neutron	939.565	92.9876	60191.7	7832.11	7623.04
C13	12109.5	1.62682	60191.7	7832.11	7623.04
Mg24	22335.8	0.207584	67781.9	21091	21090.7
Si30	27913.2	0.207183	38194.3	2952.41	2951.32
neutron	939.565	232.394	85683.4	36232.8	31905.8
neutron	939.565	75.3143	85683.4	36232.8	31905.8
neutron	939.565	70.1044	85683.4	36232.8	31905.8
neutron	939.565	61.6768	85683.4	36232.8	31905.8
alpha	3727.38	1.58781	85683.4	36232.8	31905.8
O16	14895.1	0.66646	46144.7	5258.36	5256.96
Si28	26053.2	0.165821	44011.6	3801.98	3801.54
O16	14895.1	0.393031	83266.2	34419.7	34419
Mg24	22335.8	0.126195	98080.7	45067.2	45067
Mg24	22335.8	0.210315	56683.6	17642.9	17642.7
Si28	26053.2	0.400785	51411	14409.4	14408.3
Si28	26053.2	0.143818	34233	2430.72	2429.51
Si27	25130.8	0.144281	57905.9	12127.8	11223.8
Fe56	52089.8	0.0848749	47605.3	12302.3	12302.1
O16	14895.1	0.237093	48767.8	11978.3	11977.6
O16	14895.1	0.470081	53683.6	10881.7	10880.7
O16	14895.1	0.419231	32244.2	1044.75	1044.12
O16	14895.1	0.206218	95379.1	43594	43593.7
O16	14895.1	0.343008	55728.9	17059.2	17058.4
Fe56	52089.8	0.109066	52549.3	15000.7	15000.3
O16	14895.1	0.903758	82741.2	33499.5	33498.3
Si28	26053.2	0.192454	64438.2	20660.4	20659.8
O16	14895.1	0.569149	72931.9	26565.4	26563.9
Si28	26053.2	0.237619	58795.9	15916.3	15916.1
Mg24	22335.8	0.138415	46249.4	8070.49	8070.27
Si28	26053.2	0.264166	97472.9	44847.2	44846.6
Fe54	50231.2	0.0967003	74190.8	29555.3	29554.7
O16	14895.1	0.695852	33990.1	1003.99	1003.22
Si28	26053.2	0.156716	80533.8	30155.8	30155.6
O16	14895.1	1.99579	79584.2	29506.3	29503.6
O16	14895.1	0.287095	72332.5	23143.2	23142.9
O16	14895.1	0.213657	61123.6	15381.5	15381.1
O16	14895.1	0.29663	95439.8	43325.7	43324.7
Mg24	22335.8	0.223977	60026.4	9087.24	9086.5
Si28	26053.2	0.143953	57529.1	7533.54	7532.72
O16	14895.1	0.269031	87191.7	37701.9	37701.6
Mg25	23268	0.333078	62583.9	21757.7	21756.9
O16	14895.1	0.237656	79522.8	28617.2	28616.2
O16	14895.1	0.309813	69671.9	21144.3	21143.9
Fe56	52089.8	0.0904966	61798	18481.7	18481.4
Mg24	22335.8	0.141093	47001.5	5903.2	5903.05
Si28	26053.2	0.332302	97950.1	44971	44970.5
Si30	27913.2	0.155969	81147.4	30860.4	30858.9
Mg24	22335.8	0.177836	58370.6	15163.2	15162.9
O16	14895.1	0.217891	38886.5	2696.17	2695.49
Mg25	23268	0.145359	35920.5	792.867	792.678
O16	14895.1	0.734191	70859.4	26750.2	26748.9
Mg24	22335.8	0.309516	51802.9	14494.1	14493.4
Fe56	52089.8	0.0567039	77883.9	30831.8	30831.4
O16	14895.1	0.284452	62203.1	20507.1	20506.8
O16	14895.1	0.367367	68975.8	17413.3	17412
Mg24	22335.8	1.12143	89103.6	36152.2	36149.7
O16	14895.1	1.63194	77232.2	27830.8	27828.6
Mg26	24196.5	0.203105	75085.1	26508.9	26508.4
Si28	26053.2	0.215231	59973.2	18391	18390.5
Mg24	22335.8	0.186733	98026.6	45132.6	45132.3
Si28	26053.2	0.143992	90892.2	38293.3	38292.9
O16	14895.1	0.575406	95534.3	41927.4	41926.7
Si28	26053.2	0.13031	91263.9	38712.5	38712.2
O16	14895.1	0.268652	80591.5	33956	33954.9
Si30	27913.2	0.127637	75877.2	30868.4	30867.5
Si29	26984.3	0.122534	70194	26621.1	26620.9
neutron	939.565	306.616	95229	43277.1	42574.8
N14	13040.2	0.203552	95229	43277.1	42574.8
O16	14895.1	0.759124	91293.1	40119.5	40118.2
O16	14895.1	0.19822	95268.1	42450	42449.6
neutron	939.565	6.40143	92564	40153.1	39242.6
C12	11174.9	0.597878	92564	40153.1	39242.6
Mg24	22335.8	0.40669	82385	32251.5	32250.7
Mg24	22335.8	0.336867	75304.2	27141	27139.5
O16	14895.1	0.246844	69791.5	23230.6	23230.3
Si28	26053.2	0.197097	70145.6	25850.5	25850.2
Mg24	22335.8	0.212969	65115.2	22213.4	22213
O16	14895.1	1.10818	51008.8	10523.6	10522.1
O16	14895.1	0.694053	85496.6	36941	36940.1
Mg24	22335.8	0.277369	57737.1	10802.1	10800.9
O16	14895.1	0.39113	77181.6	28854.9	28854.5
Si28	26053.2	0.273063	69047.7	22930.3	22929.9
O16	14895.1	0.195845	44023.7	6180.4	6179.83
O16	14895.1	0.27043	66526.9	20468.2	20466.8
O16	14895.1	0.40992	98329.5	45152.1	45150.4
O16	14895.1	0.623214	50917.5	7310.58	7309.64
Si28	26053.2	0.132192	85435.4	32973.6	32973.2
Si30	27913.2	0.422584	81161.9	32560.1	32559.5
Mg24	22335.8	0.66152	51392.7	12131.3	12130.3
Si28	26053.2	0.207091	43904.5	6937.96	6937.72
Si28	26053.2	0.126604	83421.9	33620.2	33620.1
Mg24	22335.8	0.162401	70047.7	23828.9	23828.2
O16	14895.1	0.46821	70039.1	23823	23822.3
O17	15830.5	0.179402	74930.7	27681.8	27681.4
Si28	26053.2	0.147712	73566	26390	26389.8
Mg24	22335.8	0.128315	71409.7	25034.6	25034.3
O16	14895.1	1.03302	45785.5	9345.82	9344.69
O16	14895.1	0.199763	45694.9	9240.24	9240.03
O16	14895.1	0.820675	56228.9	13929.3	13928.1
O16	14895.1	0.742405	55058.5	13176.5	13174.9
Si28	26053.2	0.131866	39947.6	2647.4	2646.46
Si28	26053.2	0.243408	96435.4	43630.5	43630.2
Mg24	22335.8	0.15782	49565	7627.36	7626.58
O16	14895.1	0.203249	95858.6	43507.3	43506.7
Mg24	22335.8	0.202045	48402.9	7918.41	7918.2
O16	14895.1	0.283339	49923.1	9986.94	9986.29
Si28	26053.2	0.142088	52611.2	11550.7	11550.5
Si28	26053.2	0.403578	99465.9	46100.7	46100
Mg24	22335.8	0.137556	38850.3	3712.71	3712.52
Si28	26053.2	0.146704	79101.6	32129.1	32128.7
neutron	939.565	670.102	74998.5	28333.5	27163.6
Mg25	23268	0.701165	74998.5	28333.5	27163.6
Si28	26053.2	0.588207	66638.3	22134.5	22133.9
O16	14895.1	0.809998	64011.6	18636.7	18635.8
Mg24	22335.8	0.222313	56020.5	13040.1	13038.6
Si28	26053.2	0.183967	96241.1	43771	43770.7
Si28	26053.2	0.307782	70860.7	24547.2	24546.4
Mg24	22335.8	0.204159	94617.2	42933.5	42932.4
neutron	939.565	7.62766	72814.7	25181.4	13779.3
B10	9324.44	3.82079	72814.7	25181.4	13779.3
Si28	26053.2	0.439743	45156.8	4648.25	4647.47
Mg24	22335.8	0.158042	59582.2	14062	14061.7
Si28	26053.2	0.235793	71780.9	25065.8	25064.5
O16	14895.1	0.267537	69055.7	23414	23413.7
O16	14895.1	0.208225	98331.7	45478.6	45478.2
O16	14895.1	0.237764	84392.8	35083.5	35082.9
O16	14895.1	0.272044	82503	33000.9	32999.9
Mg24	22335.8	0.256659	60862.1	14334.5	14333.9
Si28	26053.2	0.166275	54796.1	9913.11	9912.29
O16	14895.1	0.251924	54015.6	9431.69	9431.36
O16	14895.1	0.378049	40847.3	1063.6	1063.13
O16	14895.1	0.193508	78034	28655.3	28654.9
neutron	939.565	435.864	64690.1	17694.7	16919.1
Ne21	19550.5	0.642815	64690.1	17694.7	16919.1
Mg25	23268	0.138529	99554.9	46100.8	46100.5
O16	14895.1	0.276936	89067.8	38449.4	38449.1
O16	14895.1	0.304586	86947.9	34916	34915.7
O16	14895.1	0.248456	83312	32663.9	32663.6
O16	14895.1	0.3047	77884.4	29364.3	29363.9
Fe54	50231.2	0.247042	66677.2	21874.5	21874
Si28	26053.2	0.113639	57642.4	16023.2	16022.9
Mg24	22335.8	0.129137	85844.3	33706.4	33706.2
Si28	26053.2	0.760187	79480.8	29560.4	29559.5
Mg24	22335.8	2.24038	65898.8	19279.9	19277.4
O16	14895.1	0.23824	61213.3	16202.9	16202
O15	13971.2	1.12544	97133.9	44394	44137.2
O16	14895.1	0.432449	67303.7	23874.8	23874.1
O16	14895.1	0.218052	66166.2	23222.1	23221.8
O16	14895.1	0.372234	84780.6	35869.7	35868.1
O16	14895.1	0.231452	89270.4	36226.7	36226.1
Si28	26053.2	0.134801	47300	2541.53	2541.29
Mg25	23268	0.331543	93913.6	42670.6	42670
Si28	26053.2	0.153002	85490.2	32147.3	32146.8
Si28	26053.2	0.120187	65189	18571	18570.9
Mg25	23268	0.272337	66681	22610.4	22610
Mg24	22335.8	0.226954	86746	37244.9	37244.6
O16	14895.1	0.218142	86458.5	37012.1	37011.8
Mg24	22335.8	0.420881	45711.5	1236.79	1235.93
Mg24	22335.8	0.288967	45082.4	875.007	874.504
Si30	27913.2	0.156177	79227.2	31314.9	31314.4
O16	14895.1	0.268308	77673.9	30396.4	30396.1
Si28	26053.2	0.108268	77291.1	30835.3	30834.9
Si28	26053.2	0.124971	70086	25130.7	25130.5
O16	14895.1	0.283271	48748	11345.4	11343.5
Si28	26053.2	0.15435	96516.1	42836.6	42836.2
neutron	939.565	251.373	71858.1	18792.9	18443.5
neutron	939.565	69.2782	71858.1	18792.9	18443.5
alpha	3727.38	4.24116	71858.1	18792.9	18443.5
C12	11174.9	1.23188	71858.1	18792.9	18443.5
O16	14895.1	0.354281	99866.4	46269.3	46268
Mg24	22335.8	0.698772	91948.1	38321.5	38320.6
O16	14895.1	0.293127	82134.7	30536.6	30535.9
O16	14895.1	1.12083	95826.9	43716	43713.3
O16	14895.1	0.381442	83829.3	35560	35559.4
O16	14895.1	1.32523	51046.4	11812.6	11811.2
Fe56	52089.8	0.28196	79788	24950.2	24949.3
Mg24	22335.8	0.225035	55505.6	6239.34	6238.65
Mg24	22335.8	0.156692	51648.3	3822.52	3822.35
O16	14895.1	0.193022	75529	28464.8	28464.6
O16	14895.1	0.21762	59580.9	16776.2	16775.9
neutron	939.565	0.166278	57540.8	17058.2	16790
alpha	3727.38	9.64029	57540.8	17058.2	16790
F20	18625.3	1.52921	57540.8	17058.2	16790
Si28	26053.2	0.354088	98605.3	45408.8	45408.1
Mg25	23268	0.19024	68395.3	24276.2	24276
O16	14895.1	0.287096	37801.1	4289.58	4288.75
Mg26	24196.5	0.11811	54597.3	15343.6	15343.4
Mg24	22335.8	0.149169	48294.9	8072.48	8071.18
O16	14895.1	0.60537	81884.2	34030	34029.1
Mg24	22335.8	0.342223	39220.1	4220.41	4219.87
Mg24	22335.8	0.146683	89874.3	39602.5	39602.1
O16	14895.1	0.209155	86435.7	37212.4	37211.2
Si28	26053.2	0.196431	76619.3	31041.6	31041.4
O16	14895.1	0.237383	74576.8	28945.8	28944.6
Fe56	52089.8	0.0606485	52184.7	13876.9	13876.2
O16	14895.1	0.300423	81792.8	34683	34682.7
Si28	26053.2	0.114035	36174.6	351.297	351.085
Fe56	52089.8	0.0574086	43897.7	4594.95	4594.69
Si28	26053.2	0.127958	81243.3	31998.3	31996.6
O16	14895.1	0.439321	39293.2	4186	4185.5
O16	14895.1	0.267858	99397.7	45990.2	45989
Si28	26053.2	0.180662	70139.3	25201.2	25200.3
neutron	939.565	7.6442	90449.2	40244.5	31262.7
neutron	939.565	6.26825	90449.2	40244.5	31262.7
C11	10254	5.29269	90449.2	40244.5	31262.7
neutron	939.565	237.026	87573.6	29053.6	28551
C13	12109.5	0.592987	87573.6	29053.6	28551
Mg24	22335.8	0.131581	81017.2	32101	32100.8
O16	14895.1	0.217441	53332.2	11110.7	11110.4
O16	14895.1	0.656106	83115.6	34881.7	34880.9
Fe56	52089.8	0.0733554	48632.8	11250.7	11250.2
O16	14895.1	0.69608	92562.4	41620.5	41619.5
Mg24	22335.8	0.39152	47250.3	2600.19	2599.29
O16	14895.1	0.263177	96957.2	44438.7	44438.1
O16	14895.1	0.217437	94962.5	42149.6	42149.3
O16	14895.1	0.250006	43590.4	4975.68	4974.56
Si28	26053.2	0.159253	44085.3	8270.99	8270.77
Si28	26053.2	0.237196	35749.6	2691.87	2691.59
Si30	27913.2	0.185497	34784.5	2097.49	2096.88
O16	14895.1	1.69991	59864.8	18789	18787.2
Mg24	22335.8	0.173318	56322.4	16508	16505.7
Si28	26053.2	0.335694	30753.9	278.259	277.825
O16	14895.1	0.2014	59278.6	17374.7	17373.1
O16	14895.1	0.189751	56589.4	15552.5	15552.3
Mg25	23268	0.149981	57321.5	14916.3	14915.9
neutron	939.565	718.614	50408.4	10427.9	9395.41
neutron	939.565	95.9261	50408.4	10427.9	9395.41
B11	10252.5	0.2263	50408.4	10427.9	9395.41
O16	14895.1	0.269011	49311.3	8686.91	8686.07
O16	14895.1	0.268087	54388.2	14658.8	14658.2
O16	14895.1	0.205051	50913.3	12497.3	12497
Mg26	24196.5	0.193071	88315.8	36366.1	36365.8
O16	14895.1	0.266337	66851.7	24145.2	24144.8
Si28	26053.2	0.123515	55510.3	13793.7	13793.4
Mg24	22335.8	0.218689	78799	28250.6	28250.3
O16	14895.1	0.387387	74546.4	27254.4	27254
O16	14895.1	0.290616	69121.5	22015.3	22014.7
Si28	26053.2	0.192662	62789	12939.8	12939.3
Si28	26053.2	0.350715	52804.1	4908.09	4906.29
Si28	26053.2	0.546273	74637.9	23095.2	23094.3
Mg24	22335.8	0.214284	83133.7	33316.2	33314.8
neutron	939.565	23.3353	82759.9	33100.6	32885.9
Mg25	23268	3.05613	82759.9	33100.6	32885.9
Si28	26053.2	0.148911	79520.2	30902.1	30901.7
Si28	26053.2	0.176405	52427.2	11184.6	11182.6
O16	14895.1	0.242216	75771.6	28595.1	28594.4
O16	14895.1	0.551238	58240.8	16600.8	16599.2
O16	14895.1	0.711342	72917.7	26897.1	26895.2
Mg24	22335.8	0.130568	34547.5	88.7391	87.8597
C14	13040.9	0.550194	96167.9	42898.2	40220.4
O16	14895.1	1.39019	52834.2	9684.85	9683.25
neutron	939.565	1038.85	98009.6	45204.8	41765.6
neutron	939.565	1.90058	98009.6	45204.8	41765.6
neutron	939.565	0.0490054	98009.6	45204.8	41765.6
Al27	25126.5	0.429429	98009.6	45204.8	41765.6
Mg24	22335.8	0.129484	44737.4	5790.95	5790.59
Mg24	22335.8	0.363803	97049.6	44481.6	44480.4
Fe56	52089.8	0.0644976	46622.5	9890.48	9890.22
Mg24	22335.8	0.127602	42077.8	7105.83	7105.55
Mg24	22335.8	0.137729	31706.5	649.726	649.212
Si28	26053.2	0.120339	78883.1	31358.8	31358.7
Mg24	22335.8	0.138203	67170.5	22884.5	22883.6
Si28	26053.2	0.146403	46042.5	8692.92	8692.73
O16	14895.1	0.21597	90563.7	39756.3	39755.7
O16	14895.1	0.271471	85598.9	36132.5	36132.2
O16	14895.1	0.690368	67890.8	25402.6	25401.5
Fe56	52089.8	0.323444	49542.2	13071.4	13071
Si30	27913.2	0.165691	33934.8	2666.77	2666.32
O16	14895.1	0.22593	94157.3	41836	41835.4
Mg25	23268	0.83243	45138.8	3470.21	3469.34
O16	14895.1	0.271692	76590.3	28145.7	28145.2
Si28	26053.2	0.124885	67186.1	21817.2	21816.9
O16	14895.1	0.534568	71772.4	27759	27757.4
Mg24	22335.8	0.138687	54660	14319.1	14318.9
O16	14895.1	0.455544	46355.6	8726.87	8726.07
Mg24	22335.8	0.17481	83548.1	35662.8	35662.6
Mg26	24196.5	0.299127	90992.3	39817.6	39817.1
O16	14895.1	0.344874	71997.2	26449	26448.7
Mg26	24196.5	0.358189	68572	24320	24318.1
O16	14895.1	0.281311	49939.3	9169.35	9168.78
O16	14895.1	0.292364	91549.6	40946	40944.8
Si28	26053.2	0.250037	48728.5	11593.1	11592.8
Si28	26053.2	0.121515	42889.5	4989.12	4988.07
Mg26	24196.5	0.337855	70800.2	27898.8	27898.3
O16	14895.1	0.202771	79450	24761.8	24761.6
Si28	26053.2	0.157713	40739.9	820.886	820.552
O16	14895.1	0.228445	91763.9	40997.9	40997.6
O16	14895.1	0.224352	77672.1	31854.3	31853.8
Mg24	22335.8	0.288681	71481.3	27352.1	27351.3
O16	14895.1	0.225992	53909.7	13086.8	13086.4
O16	14895.1	0.305954	45508.1	7840.37	7839.91
O16	14895.1	5.19762	67506.3	24273.3	24267.4
Si28	26053.2	0.224777	76007	30561.9	30561.6
O16	14895.1	0.329367	63259.7	21293.1	21292.7
neutron	939.565	172.19	51181.4	13246.5	12506.4
neutron	939.565	126.131	51181.4	13246.5	12506.4
neutron	939.565	38.8254	51181.4	13246.5	12506.4
neutron	939.565	26.6208	51181.4	13246.5	12506.4
neutron	939.565	19.2146	51181.4	13246.5	12506.4
neutron	939.565	11.0672	51181.4	13246.5	12506.4
neutron	939.565	7.04705	51181.4	13246.5	12506.4
alpha	3727.38	6.42038	51181.4	13246.5	12506.4
Be8	7454.85	15.0606	51181.4	13246.5	12506.4
O16	14895.1	0.190356	48035	10485.3	10485
O16	14895.1	0.199664	92552.4	41770.1	41769.3
Mg24	22335.8	0.133759	44994.8	10592.8	10592.5
O16	14895.1	0.3294	66028.3	24010.9	24010.1
Si28	26053.2	0.206066	48895.9	12191.8	12191.6
Si28	26053.2	0.740875	62461.1	18983.9	18983.1
Si28	26053.2	0.108967	57985.9	14600.1	14599.4
O16	14895.1	0.333057	81424.8	34550.9	34549.3
Si28	26053.2	0.122016	52600.5	13897.4	13895.3
O16	14895.1	0.513854	39439.9	5105.88	5104.33
Mg24	22335.8	0.458756	87689	36713.6	36711.7
O16	14895.1	0.287369	86875.3	36232.3	36231.8
neutron	939.565	2.31205	64382.8	18210.5	17989.2
O15	13971.2	0.984901	64382.8	18210.5	17989.2
Mg25	23268	0.152368	61735.5	19780.9	19780.5
O16	14895.1	0.381044	99271.4	45910.6	45910.2
Fe56	52089.8	0.138385	85305.6	35183	35182.9
O16	14895.1	9.11797	98369.5	45378.6	45369.5
Si28	26053.2	0.24712	79823.9	32216.9	32216.4
Mg24	22335.8	0.166402	61240	18668.5	18668.3
Fe56	52089.8	0.0596897	66806.6	21754.5	21754.4
Mg24	22335.8	0.235875	39615.4	4708.73	4708.02
O16	14895.1	0.202056	89765.3	37842.1	37840.8
O16	14895.1	0.352002	76227.4	28411	28409.6
Fe56	52089.8	0.0810301	60705.3	17515	17514.5
O16	14895.1	0.206394	89349	38781.3	38781
O16	14895.1	0.425047	65177.3	22237.9	22237.2
O16	14895.1	0.211669	57756.9	16636.8	16636.5
O16	14895.1	0.205815	98984.4	45810.3	45810.1
O16	14895.1	0.251156	37434.8	882.87	882.529
Mg24	22335.8	0.13705	84119.1	34685.9	34685.5
Mg24	22335.8	0.254997	79431	31394.8	31394
Fe56	52089.8	0.0865738	68877.6	23492.2	23492.1
O16	14895.1	0.284008	65963.4	21493.5	21492.4
Mg24	22335.8	0.179744	73823	27313.5	27313.2
O16	14895.1	0.258241	67310.6	21656.1	21655.8
Mg24	22335.8	0.217094	51099.5	9776.11	9775.64
N15	13968.9	0.17688	81779.5	34098.9	33591.5
Mg26	24196.5	0.145615	65343.7	21119.3	21119.1
Si28	26053.2	0.241452	55942.4	14911.9	14910
O16	14895.1	0.275122	53107.7	13142.2	13141.2
O16	14895.1	0.237873	94530	43186.2	43185.6
O16	14895.1	0.255068	45290.8	2380.06	2379.49
Si28	26053.2	0.18803	44514.1	1925.63	1925.34
Mg24	22335.8	0.189625	57025.2	15614.4	15614
O16	14895.1	0.192686	55362.2	12999.1	12998.4
Mg24	22335.8	0.254495	94034.8	42547.2	42546.9
O16	14895.1	0.238755	70850.8	13975.2	13974.7
Mg24	22335.8	0.132668	65079.5	8731.83	8730.75
Si28	26053.2	0.125369	87156.6	36755.4	36754.7
O15	13971.2	0.0338889	69914.5	25305	24992.8
O16	14895.1	0.396566	52525.5	11760.3	11759.5
O16	14895.1	0.224023	41929.7	4640.11	4639.42
O16	14895.1	0.657439	92586.1	41306.9	41306
O16	14895.1	0.209217	70482.8	25524.7	25523.8
Mg24	22335.8	1.42624	41359.9	6822.85	6820.99
O16	14895.1	2.44323	33521.9	1608.17	1604.72
O16	14895.1	0.232974	87535.9	37934.7	37934.1
O16	14895.1	0.453624	53126.2	13380	13379.1
Si28	26053.2	0.111359	96936.1	44436.8	44436.7
O16	14895.1	0.520483	69251.6	25125.7	25124.2
O16	14895.1	0.530552	50649	12243.5	12242.9
Mg24	22335.8	0.140527	56752.9	15692.6	15692
Mg24	22335.8	0.349134	54267.4	13112.6	13112.2
O16	14895.1	0.191492	41349.9	3962.58	3962.04
O16	14895.1	0.207189	99145.2	45894	45892.9
O16	14895.1	0.462047	96338.6	44118	44116.9
Si28	26053.2	0.174799	54100	14700.4	14699.3
O16	14895.1	0.468292	99241.7	45962.7	45961.1
Si28	26053.2	0.239146	54171.9	10037.8	10037
O16	14895.1	0.30463	41581.9	1156.46	1156.11
O16	14895.1	0.221717	90246.8	39629.7	39629.5
Mg24	22335.8	0.148073	88781.7	38727.5	38726.9
Si28	26053.2	0.463365	82807.7	34535.4	34534.6
O16	14895.1	0.252429	67573.6	15175.9	15175.2
Mg24	22335.8	0.198584	80397.1	29541.9	29541.5
O16	14895.1	1.71364	75521.5	26204.5	26202.4
O16	14895.1	0.251257	73763.8	24622.2	24621.9
Si28	26053.2	0.161021	96055.1	43698.4	43697.7
Mg24	22335.8	1.86701	97660.8	44554	44552.1
Si28	26053.2	0.1534	61434.6	19643.2	19641.9
Si28	26053.2	0.149657	99285.6	44070.7	44070.1
Si28	26053.2	0.491545	57059.6	15580.8	15579.9
Si28	26053.2	0.772401	93310.9	40609.8	40608.9
Mg26	24196.5	0.131831	89867.6	38479.8	38479.5
Mg24	22335.8	0.354353	67618.6	24474.6	24474.2
Si28	26053.2	0.284755	37587.7	3244.5	3244
Mg24	22335.8	1.24243	99956.5	46394.1	46392.6
O16	14895.1	0.192225	83317.9	35287.6	35286.8
O16	14895.1	0.371842	42639.6	7187.76	7187.02
Si28	26053.2	0.132918	93635.5	42437.4	42437.2
O16	14895.1	0.359894	73140.9	27432.1	27431.5
O16	14895.1	0.563026	35298.6	709.609	708.693
Si28	26053.2	0.108434	94028.7	42534.9	42534.7
Mg24	22335.8	0.278653	36060.2	3086.24	3085.92
O16	14895.1	0.221653	71307.9	25847.2	25846.6
O16	14895.1	0.277507	51723.3	12638	12636.9
O16	14895.1	0.19694	41686.7	5352.87	5352.17
O16	14895.1	0.266758	84179.9	35594.6	35594.2
Si28	26053.2	0.20324	82288	34431.3	34431.1
Si28	26053.2	0.164414	66961.2	24152.8	24152.3
O16	14895.1	0.251495	67220	21578.6	21578.2
O16	14895.1	0.211631	89574.8	39173.8	39173.5
Mg24	22335.8	0.268029	83000.8	30437.8	30437.5
O16	14895.1	0.365344	81235.2	29311.9	29311.5
O16	14895.1	0.235824	80935.9	29118.9	29118.5
Mg24	22335.8	0.28569	34269.1	2293.91	2293.52
O16	14895.1	2.13139	99348	46023.1	46020.9
Fe56	52089.8	0.167722	97393.5	44516.2	44516
Mg24	22335.8	0.180818	90018.3	39002.6	39002.3
O16	14895.1	0.268193	60396.5	16483.3	16482.9
O16	14895.1	0.301203	87532.6	38106.3	38105.8
Si28	26053.2	0.123703	87307.4	37968	37967.7
O16	14895.1	0.2079	77795.5	31590.1	31589.4
Mg24	22335.8	0.137695	69892.4	25783.8	25783.5
O16	14895.1	0.214154	81529.7	33925.4	33924.2
O16	14895.1	1.43854	49858.4	9480.04	9478.57
O16	14895.1	0.232821	73406.5	25809.5	25809.1
O16	14895.1	0.418394	68777.4	19413.1	19412.2
Mg24	22335.8	0.138876	74387.3	25471.7	25471.3
O16	14895.1	0.292724	68915.9	21286	21285.5
O16	14895.1	0.363299	36766.4	333.127	332.344
O16	14895.1	0.364424	83567.6	35110	35109.5
O16	14895.1	0.383185	67576.6	21728.7	21727.4
neutron	939.565	3519.17	93305.6	41705.4	36742.3
N14	13040.2	0.226644	93305.6	41705.4	36742.3
O16	14895.1	0.343713	92260.7	36079.5	36078.9
Mg24	22335.8	0.153241	88625.5	33646.6	33646.2
Mg26	24196.5	1.47653	72283	21562.4	21108
O16	14895.1	0.210806	68415.6	18083.3	18082.7
Si28	26053.2	0.133449	50971.3	6511.88	6511.63
O16	14895.1	0.444666	93072.4	41894.1	41893.3
Si28	26053.2	0.145588	66661.2	13453.4	13453.1
Mg25	23268	0.225964	47018.5	402.237	401.211
Si28	26053.2	0.17723	94957.8	42565	42564.9
O16	14895.1	0.388491	77535.6	30518.5	30518
Fe56	52089.8	0.0634474	81341.1	30303.8	30303.4
Mg24	22335.8	0.183345	63454.3	15272.2	15271.8
Si28	26053.2	1.26809	57289.9	17048.7	17047.3
Si28	26053.2	0.15702	50545.2	12648.3	12646.7
neutron	939.565	283.897	95463.4	7502.72	6115.67
neutron	939.565	42.3735	95463.4	7502.72	6115.67
neutron	939.565	4.78821	95463.4	7502.72	6115.67
neutron	939.565	1.85403	95463.4	7502.72	6115.67
B10	9324.44	8.21913	95463.4	7502.72	6115.67
O16	14895.1	0.319418	64853.7	12111.4	12111.1
Si29	26984.3	0.68869	91348.5	40921	40920
Si28	26053.2	0.357479	68170.7	24446.6	24446.1
Si28	26053.2	0.189336	65160.4	22237	22235.7
Mg24	22335.8	0.639242	60169.7	17738.6	17737.7
neutron	939.565	85.7054	98481.4	45417.2	31254
alpha	3727.38	1.6944	98481.4	45417.2	31254
alpha	3727.38	0.597345	98481.4	45417.2	31254
C12	11174.9	18.813	98481.4	45417.2	31254
O16	14895.1	0.271236	89782.3	26026.2	26025.8
Mg25	23268	0.222818	81274.9	20663.8	20663.1
O16	14895.1	3.02551	70329.1	13163.1	13159.7
Si28	26053.2	0.174434	43144	2787.92	2787.61
Mg24	22335.8	0.357742	61359.2	21358.3	21358
Si28	26053.2	0.278053	54233.8	16473.4	16472.7
O16	14895.1	0.336888	88029.7	35674.5	35673.9
neutron	939.565	39.7874	82156.3	31585	18735
N14	13040.2	2.82844	82156.3	31585	18735
neutron	939.565	5.56788	82156.3	31585	18735
neutron	939.565	17.513	82156.3	31585	18735
alpha	3727.38	8.67824	82156.3	31585	18735
alpha	3727.38	1.24277	82156.3	31585	18735
Mg24	22335.8	0.195699	61435.8	16095.8	16095
O16	14895.1	0.388058	39504.6	1904.31	1903.6
Si28	26053.2	0.253893	90716.1	39734.1	39733.8
Si28	26053.2	0.1544	81525.9	33171.7	33171.3
neutron	939.565	573.413	94755.2	43090	41602.9
neutron	939.565	1.18313	94755.2	43090	41602.9
Si26	24204.6	0.325223	94755.2	43090	41602.9
O16	14895.1	0.387313	93547.8	40842.5	40842
Mg24	22335.8	0.585724	60999.6	16228.4	16227.2
Si28	26053.2	0.131215	44548.8	5714.26	5713.19
Mg25	23268	0.255391	79336.1	32352.6	32351.8
O16	14895.1	0.729744	69981.1	25378.8	25377.3
O16	14895.1	0.211469	48730.6	10778.4	10777
O16	14895.1	0.444501	43531.8	7263.2	7262.75
Si28	26053.2	0.515789	89280	37289.7	37288
O16	14895.1	0.258645	87068	37441.6	37441.1
Si28	26053.2	0.119762	70004.4	20782.3	20781.8
Mg26	24196.5	0.365156	65265.4	17752.4	17751.6
Si28	26053.2	0.115041	59783.3	15971.6	15971.2
O16	14895.1	0.226287	36905.6	610.696	610.432
Mg24	22335.8	0.166878	86064.2	33150	33149.7
Si29	26984.3	0.124757	39650.3	3321.19	3320.42
Mg24	22335.8	0.340423	39394.3	3185.15	3183.85
O16	14895.1	1.44231	64723.4	22140.4	22138.8
Si28	26053.2	0.119507	81325.2	33937	33936.5
O16	14895.1	0.453777	42568.3	7513.66	7513.2
O16	14895.1	0.275996	97249.1	44416.7	44415.7
Si28	26053.2	0.111953	74867.8	29568.4	29567.7
Si28	26053.2	0.221593	48286	11091.3	11089.9
Si28	26053.2	0.138638	57505.7	15862.1	15861.6
O16	14895.1	0.207274	95371.9	43488.7	43488.3
O16	14895.1	0.775428	77331.7	31143.2	31142.3
Fe56	52089.8	0.203281	64623.6	22318.7	22318.2
Si28	26053.2	0.23801	62155.3	20776.2	20775.9
Si28	26053.2	0.133393	61307.9	20274.3	20274.1
neutron	939.565	49.2444	84488.1	35453.1	35189.5
C14	13040.9	0.450856	84488.1	35453.1	35189.5
Si28	26053.2	0.118353	79671.1	31141.4	31140.1
Si28	26053.2	0.19419	96930.9	44347.7	44347.3
Si28	26053.2	0.188054	73441.2	25604.8	25604
O16	14895.1	0.309732	95360.1	43516.8	43515.9
neutron	939.565	11.8772	83617.2	35502.6	35117.1
O15	13971.2	3.49898	83617.2	35502.6	35117.1
O16	14895.1	0.331651	31687.6	554.143	553.202
O16	14895.1	0.209763	62263.5	17885.4	17884.9
O16	14895.1	0.305753	61878	17654.4	17654.1
Mg24	22335.8	0.13655	53400.7	13168.2	13168
Si28	26053.2	0.207277	49917.6	11006.3	11005.7
Si28	26053.2	0.399775	64739.6	19853.7	19852.8
O16	14895.1	0.255215	75877.1	27622.2	27621.9
Si28	26053.2	0.114308	75142.8	27210	27209.1
O16	14895.1	0.228004	37122.7	2192.87	2192.56
O16	14895.1	0.199188	57985.4	17173.6	17173.2
O16	14895.1	0.710418	45641.2	7459.69	7458.63
Mg24	22335.8	0.499234	72852.8	25943.6	25941.8
O16	14895.1	0.328978	98966.1	45816.2	45815.5
O16	14895.1	0.200953	62512.2	16527.3	16525.5
O16	14895.1	0.578212	83103.1	20993.4	20991.6
Si28	26053.2	0.172443	78360.4	17680.2	17679.6
Mg24	22335.8	0.134956	72830.6	14011.2	14011
O16	14895.1	0.245797	79976.4	28140	28139.8
O16	14895.1	0.237868	42819.7	1145.52	1144.67
Si28	26053.2	0.115926	63208.3	15316.6	15316.3
Si28	26053.2	1.57118	55773.2	10553.3	10551.7
O16	14895.1	0.322259	91843.3	40573.4	40572.8
Mg24	22335.8	0.443885	69419.6	24735.4	24734.8
Fe56	52089.8	0.125731	42009.2	4814.83	4814.39
Si28	26053.2	0.14182	88870.9	39461.7	39460.8
Si28	26053.2	0.135401	73980.8	28995.6	28995.3
O16	14895.1	0.223899	61098.1	20969.3	20968.5
Si28	26053.2	0.408083	93754.2	41358.1	41357.3
Si28	26053.2	0.164994	96278.1	43917.4	43916.5
O16	14895.1	0.33684	77136.4	29396.2	29395
O16	14895.1	0.213021	72489.3	26368.5	26367.7
O16	14895.1	0.365968	72484.8	26365.7	26365
Si28	26053.2	0.146023	38828.8	3284.65	3283.91
O16	14895.1	0.298516	38324.7	2992.56	2992.1
Si28	26053.2	0.122154	84574.9	35218.4	35217.9
neutron	939.565	160.526	71872.1	23414	22752.3
neutron	939.565	9.43731	71872.1	23414	22752.3
Ne21	19550.5	9.15969	71872.1	23414	22752.3
O16	14895.1	1.00498	48403.1	5342.39	5341.27
O16	14895.1	0.20513	66153.8	22071.3	22071.1
Si28	26053.2	0.158912	63239.5	20199.8	20199.2
Si28	26053.2	0.117571	68252.7	22389.8	22389.2
O16	14895.1	0.781111	51253.9	11332.1	11331.1
Si28	26053.2	0.226849	46692.3	8564.53	8564.3
Mg24	22335.8	0.196155	86161	35295.3	35294.9
O16	14895.1	1.09993	62981.5	17990.2	17988.8
Mg26	24196.5	0.18647	58083.7	14485.4	14484.6
Si28	26053.2	0.6405	46369.9	6662.75	6662.06
O16	14895.1	4.69659	56916.3	7848.56	7843.4
C14	13040.9	2.29057	87666	37146.3	36449
Mg24	22335.8	0.14289	84921.8	34781.3	34780.1
Si28	26053.2	0.287928	45358.9	6891.77	6891.42
Si28	26053.2	0.463588	80461.7	30563	30562.5
Si28	26053.2	0.177872	74046.2	24594.2	24593.5
O16	14895.1	0.193907	56318	10752.2	10752
neutron	939.565	6.67086	44848.7	2977.19	2459.69
neutron	939.565	3.48528	44848.7	2977.19	2459.69
F19	17692.3	0.134859	44848.7	2977.19	2459.69
Mg24	22335.8	0.18207	75420.7	28387.1	28386.7
Mg24	22335.8	0.180881	51670.9	10024	10023.1
Mg26	24196.5	0.12255	95198.6	43219.3	43219.1
O16	14895.1	1.0518	43890.7	6416.49	6415.34
O16	14895.1	0.658804	95528.7	43847.5	43846.6
O16	14895.1	0.364202	87573.7	38346.9	38346.4
O16	14895.1	0.634108	82402.1	34867.3	34866.4
Si28	26053.2	0.11348	38367.9	6382.6	6381.97
Mg25	23268	0.15756	82223.2	34158.7	34158.4
O16	14895.1	0.208206	81569.3	33758.6	33758.3
O16	14895.1	0.780031	65071.9	18428.7	18427.9
Mg25	23268	0.158802	63415.1	17431.5	17431
O16	14895.1	0.621911	49867.8	8570.02	8568.97
neutron	939.565	2.26947	47821.9	7952.55	7249.64
N14	13040.2	0.41528	47821.9	7952.55	7249.64
O16	14895.1	1.04905	85466.5	35891.6	35889.8
O16	14895.1	0.478067	78698.9	30540.5	30539.9
neutron	939.565	296.435	88212.7	36278.5	35645
neutron	939.565	126.831	88212.7	36278.5	35645
Ne22	20479.7	2.43574	88212.7	36278.5	35645
neutron	939.565	375.743	64793.5	19955.8	19280.6
neutron	939.565	34.7053	64793.5	19955.8	19280.6
neutron	939.565	3.6802	64793.5	19955.8	19280.6
Mg23	21412.8	0.904417	64793.5	19955.8	19280.6
Si28	26053.2	0.119699	76380.5	30479.3	30479
O16	14895.1	0.503484	68300	25467.7	25467.1
Si28	26053.2	0.131046	67123.7	24716.3	24715.6
Si28	26053.2	0.114354	84392.8	33814.8	33814.5
Si28	26053.2	0.114325	80699.4	31012.2	31011.8
O16	14895.1	0.242523	78371.1	29616	29614.3
O16	14895.1	0.194125	55039.8	12391	12390.5
O16	14895.1	0.282503	69460.2	26212.9	26212
Mg24	22335.8	0.522245	92327.6	41394.5	41393.6
Si28	26053.2	0.156265	62833.6	21716.3	21715.8
Si28	26053.2	0.118833	51206.2	11447.4	11447.2
O16	14895.1	0.195621	36430.8	1649.67	1649.26
Si29	26984.3	0.355954	80776.6	33710.9	33709.5
Si28	26053.2	0.296091	70705.6	21941.5	21940.8
neutron	939.565	9.5486	89177.7	39333	38759
neutron	939.565	6.6498	89177.7	39333	38759
alpha	3727.38	3.05125	89177.7	39333	38759
Be8	7454.85	5.4345	89177.7	39333	38759
Si28	26053.2	0.116627	98107.6	44855.8	44855.5
Fe56	52089.8	0.0596695	89603.4	38864.5	38863.6
O16	14895.1	0.223152	49127.5	11551.1	11550.8
O16	14895.1	0.209076	88177	37877.8	37877.3
Mg25	23268	0.148121	62695.3	19580.2	19579.6
Mg24	22335.8	0.141758	48445.2	9559.15	9559.01
O16	14895.1	1.55631	89921.1	39593.4	39591.5
O16	14895.1	0.464178	82138.6	28617.6	28617.1
O16	14895.1	0.205545	48934.4	3114.39	3114.11
O16	14895.1	1.06673	47426.8	1822.44	1821.08
Si28	26053.2	0.121917	44790.4	249.344	249.22
O16	14895.1	1.19059	70922.4	25511.2	25509.7
O16	14895.1	0.211462	57016.1	15249.6	15248.6
O16	14895.1	0.23336	52336.8	10191.5	10191.1
Si28	26053.2	0.190502	72683.4	26058.5	26058.2
Mg24	22335.8	0.211251	64328.1	20214.1	20213.2
Mg24	22335.8	0.213662	77051.7	28616.3	28615.9
Mg26	24196.5	0.146006	47417.7	8973.37	8973.21
Mg24	22335.8	0.2409	44105.8	5962.4	5961.47
Mg24	22335.8	0.205145	44532.6	6796.26	6796.05
O16	14895.1	0.246814	42243.7	5320.84	5320.14
N15	13968.9	0.0608996	86736.5	37297	37036.1
O16	14895.1	0.190068	49708.7	1476.5	1476.25
Mg24	22335.8	0.506036	61476.2	19923.8	19923.2
Mg24	22335.8	0.161091	55502	16262.2	16261.8
Mg24	22335.8	0.168738	87801.9	37736.5	37736.2
Si28	26053.2	0.148469	66356.8	23558	23557.4
neutron	939.565	2832.21	57901.6	16612.7	9533.39
C13	12109.5	1.08426	57901.6	16612.7	9533.39
Mg24	22335.8	0.194535	80338.1	33622.2	33621.9
Mg26	24196.5	0.117105	70754.7	27550	27549.2
O16	14895.1	0.327167	63921.7	22880.5	22879.3
O16	14895.1	0.307436	63393.1	22571.1	22570.7
Mg24	22335.8	0.159201	85491.1	36117.7	36117.4
Si28	26053.2	0.207512	53174.5	13303.7	13303.3
O16	14895.1	0.226047	96193.5	43818.1	43817.9
O16	14895.1	0.205421	51089.7	8860.82	8860.35
Si28	26053.2	0.478341	41415.8	3796.37	3795.73
O16	14895.1	0.932271	65305.3	22209.7	22208.6
Mg25	23268	0.12201	92004.6	40999.5	40999.3
Mg24	22335.8	0.133788	75585.7	29153.1	29152.7
O16	14895.1	0.805572	34906.7	2634.74	2633.75
Si28	26053.2	0.118374	84995	35364.8	35364.7
neutron	939.565	113.317	73819.1	27915.3	27513.2
Mg25	23268	0.642343	73819.1	27915.3	27513.2
O16	14895.1	0.261017	49652	10113.8	10113.5
Si28	26053.2	0.160934	49047.7	9644.48	9644.14
Mg24	22335.8	0.151817	50758.8	11788.3	11787.9
Si28	26053.2	0.10902	80623.4	32546.9	32546.2
Si28	26053.2	0.203979	74735.9	28454.5	28454.1
O16	14895.1	0.392005	67622.1	23774.3	23773.1
Mg24	22335.8	0.138464	54715.1	13896.6	13896.3
neutron	939.565	251.09	46478	8383.97	7529.51
neutron	939.565	88.2347	46478	8383.97	7529.51
neutron	939.565	50.8505	46478	8383.97	7529.51
neutron	939.565	3.11226	46478	8383.97	7529.51
alpha	3727.38	8.76888	46478	8383.97	7529.51
C12	11174.9	9.89365	46478	8383.97	7529.51
neutron	939.565	7.07452	63164.5	13779	12010.8
neutron	939.565	3.67825	63164.5	13779	12010.8
C12	11174.9	1.57685	63164.5	13779	12010.8
O16	14895.1	1.78107	54367.1	5571.33	5569.11
O16	14895.1	1.06995	88443.8	38393.6	38392.5
Si28	26053.2	0.141055	58510.8	16942.5	16941.2
O16	14895.1	0.204476	96678.5	43527.4	43527.2
O16	14895.1	0.474991	82931	34327.5	34325.9
Si28	26053.2	0.154107	72426.6	26416.3	26416
neutron	939.565	72.519	51087.1	3528.71	2796.11
neutron	939.565	30.3436	51087.1	3528.71	2796.11
neutron	939.565	9.73256	51087.1	3528.71	2796.11
neutron	939.565	2.22668	51087.1	3528.71	2796.11
neutron	939.565	1.787	51087.1	3528.71	2796.11
O16	14895.1	1.09709	51087.1	3528.71	2796.11
Mg26	24196.5	0.129604	36769.4	72.551	72.2593
O16	14895.1	0.241727	48230.2	9955.98	9955.44
O16	14895.1	0.214724	84300.3	35034.2	35033.8
O16	14895.1	0.467763	78693.7	30890.6	30889.5
O16	14895.1	0.196389	96744.2	44309.7	44309.5
Fe56	52089.8	0.918445	93675.1	42496.1	42495
Mg25	23268	0.49642	80828.7	31895.9	31895.2
O16	14895.1	0.620227	61612	16302	16300.5
Si28	26053.2	0.119515	42588.5	4103.45	4103.32
O16	14895.1	1.30416	84153.9	33510.4	33509
Si28	26053.2	0.133531	65331.7	19462.8	19462
O16	14895.1	0.204401	61857.2	17398.9	17398
Mg26	24196.5	0.233416	57758.1	14833.6	14833
Si29	26984.3	0.321798	57284.4	14556	14555.2
Si28	26053.2	0.26355	79861.2	28949.8	28949.4
O18	16762	0.181018	74508.4	25770.8	25770.1
O16	14895.1	0.544965	54634.6	10688.4	10687.2
O16	14895.1	0.271804	85296.1	35411.5	35411.1
O16	14895.1	0.201732	96108.8	43994.8	43994.4
O16	14895.1	0.544328	76302.7	21857.7	21857.1
O16	14895.1	0.218795	71625.3	18328.9	18327.8
O16	14895.1	0.197004	51301.2	3894.71	3894.24
Mg26	24196.5	0.444988	85902.9	37574.1	37571.3
O16	14895.1	0.356343	68531.2	22844.1	22843.7
Mg24	22335.8	0.224063	60949.3	14042.3	14041.6
neutron	939.565	1943.14	58619.8	12259	10095.4
neutron	939.565	180.444	58619.8	12259	10095.4
N13	12111.2	2.0055	58619.8	12259	10095.4
Si28	26053.2	0.263966	84585.5	30324.6	30324
Si28	26053.2	0.126554	98367.1	45489	45488
O16	14895.1	0.619811	83237.2	24287.1	24286.5
O16	14895.1	0.231952	99058.4	45715.3	45715
O16	14895.1	0.453794	94562	42496.2	42495.6
O16	14895.1	0.628791	83881.2	35216.3	35215.6
O16	14895.1	0.658698	62891.8	18435.4	18434.7
Mg24	22335.8	0.143332	58719.9	15631.4	15630.8
O16	14895.1	0.287425	56649	14466.7	14466.1
neutron	939.565	594.158	80070.9	31807.2	27567.8
Ne20	18617.7	0.699663	80070.9	31807.2	27567.8
O16	14895.1	0.301323	62910.3	19961.4	19961
Mg24	22335.8	0.18406	84140.5	35815.8	35814.3
Si28	26053.2	0.294455	45920.4	9518.64	9518.33
O16	14895.1	0.297211	84871.9	36456.7	36455.7
Mg24	22335.8	0.186338	76480.9	31197.8	31197.4
O16	14895.1	3.00229	87563.8	37743.9	37740.7
O16	14895.1	0.249679	48091.6	6038.8	6038.51
O16	14895.1	0.721564	66769	23903.6	23902.8
Si28	26053.2	0.112917	62078.2	20785.5	20785.2
O16	14895.1	0.581132	62658.7	18460.5	18459.9
O16	14895.1	0.20002	97875.5	44901.9	44900.8
Mg24	22335.8	0.185837	55378.4	15203.2	15203
O16	14895.1	0.323135	47395.7	10794	10792.6
Si28	26053.2	0.110763	59481.1	12439.2	12438.1
Si28	26053.2	0.142333	56612.6	10666.7	10666.5
O16	14895.1	0.59122	86099	37234.3	37233.7
O16	14895.1	0.280816	79640.8	32130.6	32130.2
Si28	26053.2	0.180243	73855.2	26979.1	26978.9
Mg25	23268	0.219357	63837	19979	19978.1
neutron	939.565	159.502	49722.7	11053.9	10269.5
N15	13968.9	0.27245	49722.7	11053.9	10269.5
O16	14895.1	0.235592	35160.8	595.329	593.173
Si28	26053.2	0.125262	87304	38101.5	38101.3
neutron	939.565	382.459	82896.6	35146.5	34329.3
neutron	939.565	124.316	82896.6	35146.5	34329.3
neutron	939.565	3.85818	82896.6	35146.5	34329.3
neutron	939.565	3.18342	82896.6	35146.5	34329.3
Be8	7454.85	3.52158	82896.6	35146.5	34329.3
Mg24	22335.8	0.20152	78666.6	31764.9	31764.6
O16	14895.1	1.00145	69838.6	18452.7	18451
Mg24	22335.8	0.705996	42177.2	237.492	236.607
O16	14895.1	0.833191	97992.6	45149.4	45148.3
Fe54	50231.2	0.127256	54428.6	14249.6	14249
Fe56	52089.8	0.061867	52356.8	12723	12722.5
O16	14895.1	0.227559	47637.5	9539.8	9539.26
O16	14895.1	0.740372	93158.8	41445.1	41443.9
Mg24	22335.8	0.133956	64830.6	7766.43	7766.23
O16	14895.1	0.358477	68459.7	19964.2	19963
Mg24	22335.8	0.174735	60192.5	8288.32	8287.94
Si28	26053.2	0.182324	77546.9	6879.12	6878.61
O16	14895.1	0.228295	93261.1	39990.5	39990.1
Mg24	22335.8	0.295254	89803.9	37890.3	37889.6
Si28	26053.2	0.28611	79562.7	32057.4	32056.7
O16	14895.1	0.288518	77658.2	30788.5	30787.9
O16	14895.1	0.273184	47944.9	8919.67	8919.3
Si29	26984.3	0.19795	77112.5	31834.1	31833.7
Si28	26053.2	0.710381	64209.1	22087.9	22087
O16	14895.1	0.20545	58622.5	18727.9	18727.5
Si28	26053.2	0.116833	45756	9724.49	9723.5
Mg24	22335.8	0.164822	95730.9	43695.9	43695.1
Si30	27913.2	0.117207	80715.2	31957	31955.6
O16	14895.1	0.629235	89489.2	39302.6	39301.7
Mg24	22335.8	0.75717	49984	10711.2	10709.5
O16	14895.1	0.211581	75515.7	27894.2	27893.9
O16	14895.1	0.233369	42147.9	5408.22	5407.68
neutron	939.565	113.424	95443.2	43184.1	42785.4
neutron	939.565	38.7692	95443.2	43184.1	42785.4
neutron	939.565	7.76826	95443.2	43184.1	42785.4
alpha	3727.38	5.8692	95443.2	43184.1	42785.4
alpha	3727.38	6.6413	95443.2	43184.1	42785.4
O16	14895.1	0.615839	83773.1	33796.5	33794
O16	14895.1	0.22719	61629.1	17663	17661.2
O16	14895.1	0.245378	59461	15610.9	15610.3
O16	14895.1	0.322137	47148.3	7613.15	7612.65
O16	14895.1	2.02782	68272.6	20843.7	20841.2
O16	14895.1	0.192707	46417.3	6654.57	6654.22
Si28	26053.2	0.280131	93407.9	40894.3	40893.7
O16	14895.1	0.384438	90986.9	40501.9	40501.4
Si28	26053.2	0.421592	82003.4	34555.3	34554.2
Si28	26053.2	0.127154	64767.4	22414.1	22413.8
Fe56	52089.8	0.118992	47663.4	6552.75	6552.31
Mg24	22335.8	0.167434	93180.2	40912.4	40910.9
Si28	26053.2	0.122589	71434.7	25406.3	25405.7
neutron	939.565	16.2181	64327.2	19417.4	13476.2
neutron	939.565	12.6547	64327.2	19417.4	13476.2
C12	11174.9	5.418	64327.2	19417.4	13476.2
Mg25	23268	0.421067	51886.6	5021.1	5020.65
O16	14895.1	0.386156	94968.3	42783.2	42782.3
O16	14895.1	4.95541	78697.4	31222.4	31216.4
Si28	26053.2	0.122498	77235.5	29929.3	29929.2
Mg24	22335.8	0.138507	92408.9	39779.6	39778.6
O16	14895.1	0.688961	58243.5	16655.7	16654.2
Si28	26053.2	0.135845	85988.6	35774	35773.8
Si28	26053.2	0.245275	77992.1	25385.6	25384.5
O16	14895.1	0.539989	99288	45975.4	45974.2
N15	13968.9	1.67055	81100	32444.3	32008.9
O16	14895.1	3.44097	41305.2	1302.42	1298.74
neutron	939.565	4.15003	96245.8	43784.4	39272.6
neutron	939.565	3.97395	96245.8	43784.4	39272.6
B11	10252.5	0.641938	96245.8	43784.4	39272.6
Si28	26053.2	0.28323	82440	28119.1	28118.8
Fe56	52089.8	0.0669706	87676	38216.7	38216.3
O16	14895.1	0.3913	59167.9	11347.2	11346.5
O16	14895.1	0.453037	75534.8	19163.8	19162.9
Si28	26053.2	0.193423	59397	8504.86	8504.19
Si28	26053.2	0.173825	97596.3	44726.9	44725.1
Si28	26053.2	0.388383	93681.8	41479.8	41478.1
Mg24	22335.8	0.567638	90607.2	38906	38905
Mg24	22335.8	0.132999	65150.9	22034.2	22033.7
Mg24	22335.8	0.155379	35910.2	1890.03	1889.79
O15	13971.2	0.593585	98945.8	44126	43589.8
Si30	27913.2	0.583106	92947.1	39602.2	39601.2
Si28	26053.2	1.31233	89926.4	37561.5	37559.8
O16	14895.1	0.214973	79529.9	29174.2	29173.9
Mg24	22335.8	0.158476	57886.2	13382.2	13382
Si30	27913.2	0.213059	87700.7	37968.9	37968.4
O16	14895.1	0.227297	78842.1	32201.4	32201.2
Si30	27913.2	0.117162	70338.5	25512.3	25512
Si28	26053.2	0.432852	68315.7	24133.3	24132.7
O16	14895.1	0.384152	49524.3	11476.6	11475.9
neutron	939.565	2849.67	99716.1	46248.5	42169.1
neutron	939.565	2.55957	99716.1	46248.5	42169.1
Ne22	20479.7	1.32877	99716.1	46248.5	42169.1
Si28	26053.2	0.404992	89601.6	32978.7	32977.9
O16	14895.1	0.294417	94398	40721.6	40721.1
Mg26	24196.5	0.129507	55689.7	14272.2	14272
O16	14895.1	0.379126	37936.4	1453.45	1452.12
O16	14895.1	0.213591	56345.7	16932.1	16931.5
O16	14895.1	0.32239	87423.3	37039.7	37038.2
Mg24	22335.8	0.176143	72124.2	26928.5	26928.3
O16	14895.1	0.390887	63117.8	20331.8	20331
Si28	26053.2	0.199205	96088	43518.1	43517.5
O16	14895.1	0.450793	63597.1	17248.1	17247.6
neutron	939.565	0.0347666	64477.9	18808.4	18509.5
C13	12109.5	0.703748	64477.9	18808.4	18509.5
O16	14895.1	0.318007	37425.9	868.889	867.515
neutron	939.565	100.038	75554.6	29855.7	28938.6
N14	13040.2	2.17522	75554.6	29855.7	28938.6
Si28	26053.2	0.122823	69458.6	24923.1	24923
O16	14895.1	0.227803	99802.3	46300.2	46299.4
O16	14895.1	0.29281	87503.9	16930.6	16929.6
O16	14895.1	0.95275	68050.1	22761.8	22760.2
O16	14895.1	0.257192	67989.9	22727.9	22727.2
O16	14895.1	0.211026	79468.9	32044.8	32044.2
Fe56	52089.8	0.104924	68054.8	25569.3	25569.2
O16	14895.1	0.503106	56682.1	16817.1	16816.5
O16	14895.1	0.297136	44322.6	8583.31	8582.9
Mg26	24196.5	0.213953	42586.3	7216.29	7215.48
O16	14895.1	0.261818	37415.8	2629.63	2629.25
O16	14895.1	0.685786	47979.6	9541.43	9540.53
Mg25	23268	0.637526	86798.6	37846.2	37845.5
O16	14895.1	0.348401	84616.3	36061.9	36061.5
O16	14895.1	0.190302	66305.1	22140.5	22140.2
Si28	26053.2	0.26439	36404.6	827.72	827.223
O16	14895.1	0.274726	91555.5	40720.8	40720.3
O16	14895.1	0.349879	85311.9	35284.4	35283.8
O16	14895.1	0.23859	81305.4	32442.8	32442.1
O16	14895.1	0.197022	86072.4	36543.4	36543
Si29	26984.3	0.214629	54639.8	15280.9	15279.7
O16	14895.1	0.197799	95754.9	43673.8	43673
Mg25	23268	0.237268	68031.1	24102.7	24102.4
O16	14895.1	2.2117	56777.1	13659.2	13656.4
O16	14895.1	0.524413	43176.2	4206.33	4205.11
Mg24	22335.8	0.187526	39178	1859.44	1859.15
O16	14895.1	0.268298	72641	27564.8	27564.1
O16	14895.1	0.493417	66107.4	21091.2	21090.3
O16	14895.1	0.842675	39447.5	801.104	800.146
O16	14895.1	0.473882	62125	15816.5	15816
O16	14895.1	0.537265	91459.4	41040	41039.3
O16	14895.1	0.219919	61329.8	18902.5	18901.8
O16	14895.1	0.981678	99374.7	46036	46034.7
Si28	26053.2	0.109037	59480.4	18083	18082.8
O16	14895.1	0.25115	39841.8	3654.11	3653.52
Mg24	22335.8	0.186552	94692.1	42737.3	42736.1
Si28	26053.2	0.135772	93060	41559.7	41558.8
O16	14895.1	0.641263	46699.9	7831.22	7829.93
Mg24	22335.8	0.224379	44989.5	6877.69	6877.36
Mg24	22335.8	0.140434	66860.3	24723.9	24723.6
Mg24	22335.8	0.702717	35942.4	1582.26	1581.42
Fe56	52089.8	0.183245	77677.1	24773	24772.7
Si28	26053.2	0.216981	46233.4	3888.03	3887.43
O16	14895.1	0.295602	95091.5	42710.4	42709.9
Si28	26053.2	0.114183	81060.6	33610.2	33609.9
O16	14895.1	0.261921	52608.3	12840.3	12839.8
Si28	26053.2	0.256841	51614.8	12230	12229.6
Si28	26053.2	0.139783	44807.9	7703.98	7703.43
Si28	26053.2	0.426315	36417.9	2278.89	2278.24
Mg26	24196.5	0.116579	56365.2	13583.6	13583.3
Si28	26053.2	0.148039	50145	13145.7	13144.4
alpha	3727.38	0.147013	79127.7	25215.1	11102.4
alpha	3727.38	9.69028	79127.7	25215.1	11102.4
alpha	3727.38	6.58203	79127.7	25215.1	11102.4
alpha	3727.38	12.9175	79127.7	25215.1	11102.4
alpha	3727.38	3.11692	79127.7	25215.1	11102.4
Si28	26053.2	0.210338	78318	10662.2	10661.9
Si28	26053.2	0.548873	91273.6	40369.6	40369
neutron	939.565	235.557	88374.5	38424.6	35058.2
C13	12109.5	0.992745	88374.5	38424.6	35058.2
O16	14895.1	0.265678	55314.9	12472.5	12472.1
O16	14895.1	0.228949	47855.5	9968.22	9967.48
Si28	26053.2	0.115204	44886.6	5165.74	5165.46
O16	14895.1	0.359838	54778.3	14561	14560.6
Mg24	22335.8	0.130099	80402.9	32538.3	32537.8
neutron	939.565	106.381	72701	22985.3	21905.7
neutron	939.565	51.7754	72701	22985.3	21905.7
neutron	939.565	4.46848	72701	22985.3	21905.7
alpha	3727.38	10.161	72701	22985.3	21905.7
C12	11174.9	2.59526	72701	22985.3	21905.7
O16	14895.1	0.489172	70223	19968	19967.4
Mg24	22335.8	0.166752	67616.9	18214	18213.6
O16	14895.1	0.30718	52200.5	6833.91	6833.04
neutron	939.565	0.0178874	50503.9	5697.99	4700.53
C13	12109.5	1.56474	50503.9	5697.99	4700.53
O16	14895.1	0.583945	47343	2804.23	2803.62
O16	14895.1	0.639512	98063.6	42422.5	42421
O16	14895.1	0.354196	94187.4	42155	42153.8
O16	14895.1	0.350659	46009.4	7377.79	7377.44
Mg24	22335.8	0.34679	85711	36231.6	36231.3
Mg24	22335.8	0.165091	41983.2	2666.32	2664.05
Mg24	22335.8	0.210576	99977.8	46406.7	46405.4
O16	14895.1	0.373914	87335.2	25313.4	25311.9
Si28	26053.2	0.169541	79151.7	19040.4	19040
O16	14895.1	0.7271	65830.1	10134.9	10134.1
O16	14895.1	0.273186	54882.5	1680.26	1679.85
O16	14895.1	0.232139	69695.6	22084.8	22084.6
Mg24	22335.8	0.559909	54561	11939.6	11938.2
Si28	26053.2	0.109402	39011.1	1324.71	1324.59
O15	13971.2	1.81853	87209.7	36844.1	36630.9
O16	14895.1	0.250952	75695.6	28982.2	28981.8
Si28	26053.2	0.391522	57592.8	16586.7	16586.2
O16	14895.1	0.19514	98810.5	45653.3	45652.7
Si28	26053.2	0.183281	81044.2	33810.6	33809.8
O16	14895.1	0.193105	51912.7	13537.9	13537
O16	14895.1	0.256851	42737.4	7560.77	7559.73
Si28	26053.2	0.192969	80312.6	32026.4	32025.8
Si28	26053.2	0.118601	38388.6	3060.79	3060.08
Mg24	22335.8	0.214364	96139.5	43758.9	43758.7
Mg24	22335.8	0.209521	72649.6	28186.6	28186.4
O16	14895.1	0.237686	71562.8	27379.1	27378
Fe56	52089.8	0.145407	59509.9	18041.3	18041.1
O16	14895.1	0.409354	39075.5	4904.96	4904.31
Si28	26053.2	0.138042	52249.3	9436.58	9435.98
O16	14895.1	0.229352	50918.6	8615.2	8614.94
O16	14895.1	0.310358	95591.2	43036.1	43035.7
Mg24	22335.8	0.265441	81406.3	31744.4	31744.1
O16	14895.1	0.197637	79937.9	30716.6	30716.4
neutron	939.565	1.48868	42578.7	4218.83	3980.29
N15	13968.9	2.01144	42578.7	4218.83	3980.29
Fe56	52089.8	0.0647496	59590.2	18015.4	18015.3
O16	14895.1	0.573016	41498.5	5760.99	5759.75
Mg24	22335.8	0.298136	40893.4	5397.29	5396.92
O16	14895.1	0.224591	91636	40738.3	40738
O16	14895.1	0.245645	86027.8	37011.3	37010.9
O16	14895.1	0.333874	32195	802.438	801.755
Si28	26053.2	0.13509	72450.7	26013.1	26012.9
Mg24	22335.8	0.24946	45440	7072.17	7071.88
Mg24	22335.8	0.78512	79733.8	32964.4	32963.6
Mg24	22335.8	1.4946	87435.3	37971	37968.8
O16	14895.1	1.05589	85543.9	34581.8	34580.4
Mg24	22335.8	0.206405	81223.3	31879.5	31879.2
Si28	26053.2	0.128082	80840.6	31642.3	31641.6
Fe56	52089.8	0.0560974	56928	17961.9	17960.7
O16	14895.1	0.28633	99484.1	46120.4	46119.7
Si28	26053.2	0.152201	86809.6	36675.1	36674.8
Na23	21409.2	0.257488	78128.1	31582.4	31254.6
O15	13971.2	0.250869	54047.9	14398.5	13877.2
O16	14895.1	0.190615	42579.8	5296.95	5296.39
Fe56	52089.8	0.0659014	40289	3971.98	3971.88
O16	14895.1	0.601288	86329	37738.5	37737.7
O16	14895.1	0.428461	85227.3	37062.3	37061.7
Si28	26053.2	0.146012	74608.7	26810	26809.8
Si28	26053.2	0.299894	58457.3	14516.6	14516.1
O16	14895.1	0.263656	59212.2	17946	17945.6
Si28	26053.2	0.191513	36493.9	1649.16	1648.81
O16	14895.1	0.772643	95539.8	43468.5	43467.4
Si28	26053.2	0.317104	65975.6	23524.3	23523.9
O16	14895.1	0.231881	91180.1	40814.5	40814.3
Si28	26053.2	0.200063	51860.7	14391.9	14391.4
Fe56	52089.8	0.0676834	86891.2	35074.7	35074.5
O16	14895.1	0.201275	82262	31745.1	31744.6
Si28	26053.2	0.113545	88691.5	38836.7	38835.7
O16	14895.1	0.205964	85000	35891	35889.8
Mg24	22335.8	0.15938	49531.2	9777.51	9777.31
O16	14895.1	0.196297	93848.8	40663.3	40662.8
Mg26	24196.5	0.140479	92761.1	41910.2	41909.2
neutron	939.565	111.077	85790.4	33865.8	33592.4
neutron	939.565	9.10502	85790.4	33865.8	33592.4
neutron	939.565	8.70245	85790.4	33865.8	33592.4
neutron	939.565	3.10611	85790.4	33865.8	33592.4
Ne20	18617.7	4.79403	85790.4	33865.8	33592.4
Mg26	24196.5	0.140813	83230.5	31913.2	31913
Si28	26053.2	0.112375	49690.1	9366.55	9365.82
neutron	939.565	865.823	82448.7	30471.7	28150.1
Mg25	23268	0.578857	82448.7	30471.7	28150.1
Si28	26053.2	0.23265	46876	2501.54	2500.97
O16	14895.1	0.219184	49201.8	9877.91	9877.11
Si28	26053.2	0.538043	70046.5	20744.4	20743.8
Mg24	22335.8	0.228974	69837.2	20571.6	20571.1
Si28	26053.2	0.936736	61186.7	15093.3	15092.1
Mg24	22335.8	0.429533	60286.9	14504.7	14504.2
O16	14895.1	0.830734	64950.3	21615.7	21614.6
O16	14895.1	0.288182	56169.7	13886.7	13886
alpha	3727.38	4.71277	50847.4	9745.71	9510.29
C12	11174.9	3.48616	50847.4	9745.71	9510.29
O16	14895.1	0.217261	35925.4	58.1296	56.1755
Si28	26053.2	0.108759	67466.7	23792.5	23791.9
Si28	26053.2	0.165845	56057.5	14476.3	14475.9
O16	14895.1	0.269537	54230.8	13424.8	13423.9
O16	14895.1	0.201018	39587.2	3857.08	3856.86
O16	14895.1	0.372435	44035.4	4422.92	4421.53
Si28	26053.2	0.320189	56717.7	17424.3	17423.6
Mg24	22335.8	0.317665	53036.1	14920.9	14919.8
O16	14895.1	0.346987	99363	45998.4	45997.9
neutron	939.565	22.8725	90749.7	31928.9	31569.4
neutron	939.565	4.29892	90749.7	31928.9	31569.4
neutron	939.565	3.69489	90749.7	31928.9	31569.4
neutron	939.565	3.30982	90749.7	31928.9	31569.4
neutron	939.565	2.23459	90749.7	31928.9	31569.4
alpha	3727.38	13.2375	90749.7	31928.9	31569.4
Ti45	41867	1.1847	90749.7	31928.9	31569.4
Fe56	52089.8	0.0731982	80825.4	24151.4	24149.2
Mg24	22335.8	0.519157	50211.7	1543.43	1542.53
O16	14895.1	0.455964	46088.6	6765.58	6764.97
O16	14895.1	0.190271	37275.6	767.795	767.35
Mg25	23268	0.252417	55933.3	11114.5	11113.9
O16	14895.1	0.346429	55257.3	10610	10609.6
Mg24	22335.8	0.248069	49559.7	6763.88	6763.29
Si28	26053.2	0.122194	91429.6	39956.5	39955.5
Si30	27913.2	0.139052	88443.6	37587.3	37587
Mg24	22335.8	0.177337	88172.6	37439.3	37438.8
Si28	26053.2	0.123171	59789.6	17763.2	17762.9
Mg24	22335.8	0.402802	67107	22176.7	22176.1
O16	14895.1	0.399105	87312.6	7815.15	7814.47
O16	14895.1	0.301495	99587.4	45619.7	45619
O16	14895.1	0.257234	68781.6	23615.2	23614.1
Si30	27913.2	0.110207	54724.8	1188.26	1185.88
Si28	26053.2	0.240317	60495	16306.2	16305.7
O16	14895.1	0.209157	49633.6	8496.27	8495.3
O16	14895.1	0.197781	37732.7	1038.83	1038.38
Si28	26053.2	0.188819	99148.4	45887.6	45885.1
Si28	26053.2	0.138075	52463.5	14884	14883.8
O16	14895.1	1.26764	93347.7	41094.4	41093
Si28	26053.2	0.116316	54521.9	7342.75	7341.5
Mg24	22335.8	0.332199	86708.2	36495.7	36494.9
O16	14895.1	0.714628	71929.1	25155.8	25154.5
O16	14895.1	0.200875	76918.4	28353.7	28353.4
Mg24	22335.8	0.174041	66853.6	18863.8	18863.3
Si28	26053.2	0.109851	44960.5	3139.34	3139.15
O16	14895.1	3.46416	79988.5	33074.2	33070.6
O16	14895.1	0.849717	65179.7	23148.1	23146.9
O16	14895.1	0.318148	33889.7	2308.59	2308.09
Mg24	22335.8	0.341056	89044.5	22068.1	22067
O16	14895.1	0.615546	77355.8	30203.8	30202.4
O16	14895.1	1.03945	50814.8	11589.8	11588.3
O16	14895.1	0.202115	93261.7	42208.7	42208.4
Mg24	22335.8	0.16525	57147.9	14298.8	14298.6
Fe56	52089.8	0.212473	55941	13577.6	13576.9
Mg24	22335.8	0.153219	95720.8	43710.2	43709.8
Mg24	22335.8	0.397551	93563.9	42332	42331.4
Mg24	22335.8	0.378383	78603.9	32039.5	32038.7
O16	14895.1	1.06673	55595.6	10365.8	10364.6
O16	14895.1	0.218561	75554.7	30029	30027.2
Fe56	52089.8	0.0600489	46581.1	11322.5	11321.7
Na23	21409.2	0.60692	97190.5	44565.4	44283.4
O16	14895.1	2.12463	76019.3	30049.8	30047.2
Mg24	22335.8	0.470076	74848.8	21915.2	21913.5
O16	14895.1	0.196047	46810.1	10977.1	10976.4
O16	14895.1	0.502026	40184.7	6804.74	6803.66
O16	14895.1	0.303446	31113.5	1296.54	1296.16
O15	13971.2	0.474402	47618.5	7875.94	6532.17
O16	14895.1	0.560041	75859	28409	28407.5
neutron	939.565	0.708251	71786.8	25231.9	24988.5
C13	12109.5	0.904663	71786.8	25231.9	24988.5
O16	14895.1	1.42703	50019.4	10098.7	10095.9
Mg24	22335.8	0.442013	84811.2	36248.8	36248.2
Fe56	52089.8	0.34835	81509.1	33423.4	33422.9
O16	14895.1	0.519717	73497.1	27585.3	27582.6
O16	14895.1	0.340473	43469.7	7076.82	7076.4
O16	14895.1	0.61288	88179.3	36779.2	36777.8
Mg24	22335.8	0.138943	81468.8	32058.6	32058.1
Si28	26053.2	0.134545	90044.1	39147	39146.5
O16	14895.1	0.265846	83887.5	34590.5	34590.1
Fe56	52089.8	0.144219	76974.9	27461.3	27460.9
Si28	26053.2	0.179974	60710.9	15906.2	15905.7
neutron	939.565	10.6003	57880.7	14104.2	13813.2
neutron	939.565	3.81354	57880.7	14104.2	13813.2
N14	13040.2	0.410882	57880.7	14104.2	13813.2
Si28	26053.2	0.136795	55614	12135.5	12134.8
Mg25	23268	0.458905	39548.4	1871.13	1869.86
Fe56	52089.8	0.0675517	42682.5	2744.61	2744.06
neutron	939.565	49.3462	81848.5	31238.1	31005.1
neutron	939.565	2.45867	81848.5	31238.1	31005.1
B10	9324.44	7.06002	81848.5	31238.1	31005.1
O16	14895.1	0.662502	67161.4	20466.1	20465
O16	14895.1	0.404323	37853.9	1118.69	1116.26
Si28	26053.2	0.196289	86724.4	37290.2	37289.5
O16	14895.1	0.355556	83246.5	34830.9	34829.6
Mg24	22335.8	0.168018	80249.9	32903.8	32903.4
Si28	26053.2	0.241261	40604.2	2217.16	2216.75
Si28	26053.2	0.140041	69627.6	24816.1	24815.9
Fe56	52089.8	0.0593089	79482.9	31707.8	31707.7
O16	14895.1	0.212333	74509.5	28570.4	28569.4
O16	14895.1	0.676719	74299.3	28449	28447.8
Si28	26053.2	0.111832	78154.9	27509.5	27509
O16	14895.1	0.648802	90472.1	39791.5	39790.6
Mg26	24196.5	0.3616	81892.5	34320.2	34318.7
Si28	26053.2	0.145265	81319.6	33955.1	33954.6
O16	14895.1	0.222035	49996.6	9822.75	9821.97
O16	14895.1	0.252319	94381.9	42738.9	42737.6
Si28	26053.2	0.197631	84446.7	36034	36033.6
O16	14895.1	0.218461	37066.8	1672.91	1672.25
Mg24	22335.8	0.155739	83588.2	32524.7	32524.2
O16	14895.1	0.366345	66655.6	15547.2	15546
Si28	26053.2	0.134708	56295.1	7322.49	7322.31
Si28	26053.2	0.223657	87187.1	33926.2	33925.7
Fe56	52089.8	0.0551002	82787.5	30828	30827.7
O16	14895.1	0.802173	64694	18855.1	18853.6
O16	14895.1	0.220934	53997.2	11636.9	11636.2
O16	14895.1	0.279229	45278.9	4447.79	4447.43
O16	14895.1	0.47982	71149.4	22817.7	22817
O16	14895.1	0.379556	61386.6	16453.6	16452.6
O16	14895.1	0.320799	82779	27490.5	27488.4
O16	14895.1	0.490663	53026.9	9055.14	9054.52
Si30	27913.2	0.158142	85893.2	33098.3	33097.2
Mg24	22335.8	0.230886	84937.9	32440.6	32440.2
O16	14895.1	0.197221	68455.7	19482.9	19482.4
O16	14895.1	0.206901	52858.6	8919.5	8919.22
O16	14895.1	0.22837	86642.7	35358.2	35357.7
Mg24	22335.8	0.13385	94657	43096.4	43096.2
Fe56	52089.8	0.410394	61010.1	17580.3	17579.8
neutron	939.565	0.931161	43458.1	6333.6	6014.6
C13	12109.5	1.71748	43458.1	6333.6	6014.6
neutron	939.565	151.545	96725.7	44088.2	43321.8
O15	13971.2	3.66332	96725.7	44088.2	43321.8
O16	14895.1	0.797988	64702.3	21597.4	21596.5
O16	14895.1	1.00722	61567.9	18831.4	18829.6
Si30	27913.2	0.236796	55650.3	14820.1	14819.5
O16	14895.1	0.352007	50631.6	11505.6	11505
Mg24	22335.8	0.204271	78363.1	30111.6	30111.2
Fe56	52089.8	0.0673917	79881.6	19666.6	19666.3
O16	14895.1	0.324241	68163.3	9692.67	9692.12
O16	14895.1	0.309575	58957.1	18421.3	18420.6
O16	14895.1	0.897706	41068.2	6630.47	6629.45
Si28	26053.2	0.162392	36904.3	3836.67	3836.33
O16	14895.1	0.272795	88659.9	38794.3	38793.3
O16	14895.1	0.190378	43236.4	7806.25	7805.3
O16	14895.1	0.249839	74067.2	26694.9	26694.1
neutron	939.565	277.253	89816.9	39453	38764.5
C14	13040.9	0.419018	89816.9	39453	38764.5
O16	14895.1	0.284985	38276.7	4633.71	4632.73
neutron	939.565	102.153	55654.9	10007.2	9778.62
neutron	939.565	83.5334	55654.9	10007.2	9778.62
C12	11174.9	0.598552	55654.9	10007.2	9778.62
Mg24	22335.8	0.145219	86360.1	36709.2	36707.8
Si28	26053.2	0.167539	75434.6	25963.2	25962.5
O16	14895.1	0.217344	70127.4	22062.8	22062.3
Mg24	22335.8	0.394064	62926.6	19471.8	19471.4
Si28	26053.2	0.136661	77632.1	31107.3	31106.7
Mg26	24196.5	0.248606	56554.7	17446.3	17445
O16	14895.1	0.394297	49299	12450.8	12450.2
O16	14895.1	0.392744	30437.1	288.374	287.652
O16	14895.1	1.27843	41154.4	1124.59	1123.27
O16	14895.1	0.691708	87080	37290	37288.5
O16	14895.1	1.01898	83548.4	34558.5	34557
O16	14895.1	0.315288	47418.4	7896.49	7896.13
O16	14895.1	0.516902	99731.6	46267	46266.3
Si28	26053.2	0.120385	81804.3	32949.5	32949.4
O16	14895.1	0.370755	76368.8	27971.8	27971
Si29	26984.3	0.183437	69520.6	22065.8	22065.5
Si28	26053.2	0.23875	52704.1	9937.59	9936.06
O16	14895.1	0.346413	72069.8	23810.5	23809.7
Si28	26053.2	0.161166	48322.4	8225.94	8224.91
O16	14895.1	0.213882	62251	18499.2	18498.8
O16	14895.1	0.237325	82171.3	32903.9	32903.1
Fe56	52089.8	0.354798	74738.8	27515.7	27515
Si28	26053.2	0.159671	72364.9	26144.4	26142.8
O16	14895.1	0.250756	40189.3	4061.03	4060.75
O16	14895.1	0.20756	53794.7	14027.2	14026.9
O16	14895.1	0.65596	34387.9	1496.52	1494.49
O16	14895.1	0.711029	66735.9	23932.8	23931.2
Fe56	52089.8	0.0569052	54818.5	13438.6	13438.3
Si29	26984.3	0.159192	46737	8078.36	8078.12
O16	14895.1	0.190412	70615.4	26647.1	26646.9
Mg24	22335.8	0.72783	60172.2	17809.5	17808.6
Si28	26053.2	0.119271	56036.1	15023.6	15022.9
O16	14895.1	0.622078	39788.9	1420.84	1419.63
Mg24	22335.8	0.18633	73582.9	27248.7	27248.1
Si28	26053.2	0.182699	41342.1	4932.83	4932.55
Si28	26053.2	0.223195	89104.3	34797.9	34797
O16	14895.1	0.310972	39968	904.851	904.203
O17	15830.5	0.224066	44675.4	7850.73	7850.41
neutron	939.565	1.06621	40485.8	4330.53	4089.47
neutron	939.565	0.543838	40485.8	4330.53	4089.47
F19	17692.3	0.491947	40485.8	4330.53	4089.47
Si28	26053.2	0.149892	99998.9	46415.7	46415.3
Mg24	22335.8	0.177765	55267.6	2121.45	2121.05
neutron	939.565	1943.88	84901.8	35896.2	33284.6
Ne21	19550.5	0.305165	84901.8	35896.2	33284.6
Si28	26053.2	0.532708	63727	20889.6	20889
O16	14895.1	0.200466	97534.5	44947.3	44946.9
O16	14895.1	0.54841	87017.9	37800.5	37799.9
Mg24	22335.8	0.327199	57185.7	16022.1	16021.6
O16	14895.1	0.303286	44856	6709.84	6709.4
O16	14895.1	1.14769	99869	46344.5	46343.2
O16	14895.1	0.418731	50059.3	12764.2	12762.9
Mg24	22335.8	0.139027	46276	10205.8	10205.2
Fe56	52089.8	0.0928412	33585.3	2362.79	2360.59
O16	14895.1	0.27722	31946	1413.56	1412.56
O16	14895.1	0.288677	77010.1	31259.2	31258.4
Si28	26053.2	0.137605	98873.7	45730.2	45729.1
Mg26	24196.5	0.934815	90806.6	39177.7	38347.5
Mg24	22335.8	0.183286	53535.4	9943.74	9942.59
Mg24	22335.8	0.817108	94422.1	41031.9	41031
Mg24	22335.8	0.265111	92705.2	41552.9	41552.6
Si28	26053.2	0.13241	87423.5	38018	38017.4
Si28	26053.2	0.125457	43332.1	6180.37	6180.22
O16	14895.1	0.235366	67627.2	7375.78	7375.25
O16	14895.1	0.33618	73893.1	28456	28455.6
O16	14895.1	0.202744	46265.7	833.049	832.608
Fe56	52089.8	0.103211	54137.8	14397.3	14396.9
O16	14895.1	0.222658	35350.5	2091.85	2091.46
O16	14895.1	0.573527	95821	43620.5	43618.7
O16	14895.1	1.66372	78854.6	31983.9	31982.2
O16	14895.1	0.625643	58692.1	18590.2	18589.5
O16	14895.1	0.801046	68165.6	23500.2	23498.6
Si28	26053.2	0.112836	37725.5	2426.67	2425.7
Si28	26053.2	0.109904	91259.2	40288.1	40287.4
Mg24	22335.8	0.249276	85930.3	37007.1	37006.7
neutron	939.565	1.92239	52830.6	5925.85	5548.76
O15	13971.2	2.50689	52830.6	5925.85	5548.76
O16	14895.1	0.400693	62548.6	19414.1	19412.9
Si28	26053.2	0.285503	55070.2	14352.3	14352
O16	14895.1	0.713114	88565.7	28618.3	28617.3
Mg24	22335.8	0.185091	73671	17776.9	17776.5
Si28	26053.2	0.430965	75097.7	25752.3	25751
Mg24	22335.8	0.496288	47210.2	6051.65	6050.65
O16	14895.1	0.578874	81963.8	34554.5	34553.6
Fe56	52089.8	0.173306	78212.6	31874.3	31873.4
O16	14895.1	0.283559	66102.9	24255.6	24254.7
O16	14895.1	0.272911	50499.7	13495.8	13495.5
O16	14895.1	0.209226	94593.2	42627.6	42627.3
Si30	27913.2	0.169312	72988.4	26806.4	26806.2
Mg24	22335.8	0.186183	70794.2	25420.4	25420.2
O16	14895.1	0.217174	95984.3	43726.1	43725.1
Mg24	22335.8	0.701974	94797.5	42941.6	42940.9
Mg26	24196.5	0.155811	89812.7	39816.4	39815.8
O16	14895.1	0.475247	80859.7	34278	34277.5
O16	14895.1	0.431847	56317.9	6377.02	6376.43
O16	14895.1	0.269958	91529.1	40324.2	40323.4
Mg24	22335.8	0.34829	82455.5	24999.5	24999
O16	14895.1	0.259176	77098.8	20945.6	20945.3
Fe56	52089.8	0.071107	58594.5	5827.83	5827.47
Si29	26984.3	0.105452	99923.9	46378.5	46378.1
O16	14895.1	0.328163	84262.5	30551.6	30551.2
Mg24	22335.8	0.177853	76817.2	24223.3	24223.1
Si28	26053.2	0.131933	64346.6	16034.7	16034.3
O16	14895.1	0.229658	63927.7	15636	15635.7
O16	14895.1	0.420777	93475.9	41691.3	41690
O16	14895.1	0.307465	43011.8	4312.2	4310.79
O16	14895.1	0.360896	77918.1	30624.6	30624
O16	14895.1	0.250292	67252.1	23292.1	23291.1
Si28	26053.2	0.137074	41068.5	5298.49	5298.23
Si28	26053.2	0.3695	99011.9	45560.6	45559.7
O16	14895.1	0.324383	84767.3	35264.8	35264.2
Si28	26053.2	0.328878	69901	24605.9	24605
O16	14895.1	2.95809	60078.7	17848.2	17845.1
O16	14895.1	0.498559	96781.1	44200.4	44199.4
Si28	26053.2	0.123362	42977.6	3950.67	3950.38
O16	14895.1	0.516771	33586.9	1704.78	1703.8
Si28	26053.2	0.235974	87320.8	36817	36816.5
Si28	26053.2	0.142167	75000.4	28912.6	28912.3
O16	14895.1	0.309075	67619.5	24432.6	24431.8
Si28	26053.2	0.401453	82786.2	32913.6	32912.8
O16	14895.1	0.657916	73533.1	26744.4	26743.6
O16	14895.1	0.238783	93098.9	41576.7	41575.7
Si28	26053.2	0.289823	61444.3	18816.2	18815.5
O16	14895.1	0.439792	94093.7	42480.6	42480.1
O16	14895.1	0.197998	76481.8	28525	28524.2
Mg24	22335.8	0.150063	66962.5	21658.8	21657.9
O16	14895.1	0.249766	86794.9	37170.8	37170.5
Mg24	22335.8	0.729563	56102.3	14711.4	14710.1
O16	14895.1	0.195712	57062.7	14596.6	14595.2
O16	14895.1	0.335127	85002.3	33566.6	33565.1
O16	14895.1	0.42638	84015.4	32688.1	32686.7
O16	14895.1	0.495209	60263.7	16544.4	16542.8
Mg24	22335.8	0.158769	70289.8	23383.4	23383.2
Fe56	52089.8	0.0762346	57121.4	14725.5	14725.3
O15	13971.2	0.301039	86459.2	36252.2	35594.8
neutron	939.565	722.785	78540.9	30719.3	17279
neutron	939.565	15.9366	78540.9	30719.3	17279
N14	13040.2	0.555023	78540.9	30719.3	17279
O16	14895.1	0.467936	60706.9	4690.49	4689.94
O16	14895.1	0.670172	62690.1	20839.5	20838
O16	14895.1	0.331433	37961.8	2775.2	2774.53
Si28	26053.2	0.130174	85627.1	36748.5	36747.9
O16	14895.1	0.507288	55872	15679.4	15678.8
O16	14895.1	0.320623	90917.8	40567.5	40566.8
neutron	939.565	78.5706	97681.8	44492.1	44099.7
neutron	939.565	8.85336	97681.8	44492.1	44099.7
C12	11174.9	1.33469	97681.8	44492.1	44099.7
Si28	26053.2	0.320034	60168.4	17501.3	17500.6
neutron	939.565	9.8911	57667.4	15660.3	12264.5
C13	12109.5	5.48094	57667.4	15660.3	12264.5
Mg24	22335.8	0.217307	94352.8	42653.7	42652.9
Mg24	22335.8	0.2318	91307.9	40613.4	40612.6
O16	14895.1	0.788352	56972.3	12086.5	12084.7
O16	14895.1	0.517773	85394.9	36569.4	36568.5
O16	14895.1	1.67903	52894	11432	11430.3
O16	14895.1	0.432821	42244.6	3644.39	3643.86
Fe56	52089.8	0.087467	82080.3	33272.8	33272.6
Fe56	52089.8	0.0669842	59654.4	9234.72	9234.64
O16	14895.1	0.283652	52477.5	4868.81	4868.4
Si28	26053.2	0.121079	89302.8	39200.5	39200.2
O16	14895.1	0.748927	65548.6	21511.9	21511
Mg24	22335.8	0.143314	36726.6	2156.05	2155.34
Fe56	52089.8	0.0723932	35717.9	1557.94	1557.81
O16	14895.1	0.480517	98464.9	45460	45458.9
O16	14895.1	0.342336	91826	41065.1	41064.2
Mg24	22335.8	0.272885	77774.5	31585.1	31584.4
Si27	25130.8	1.98586	66519.8	23178.2	22822.5
Si28	26053.2	0.208457	64141.3	20464.5	20464.2
Fe56	52089.8	0.0622695	59634.5	15154.7	15154.5
Mg25	23268	0.150518	70126.5	13544.6	13544.4
O16	14895.1	0.700573	49960	10754.4	10753.5
O16	14895.1	0.231353	98618.3	45360.2	45359.7
O16	14895.1	0.382398	58066.8	17247.9	17247.2
Al27	25126.5	1.06673	42550.6	4307.06	4029.21
Fe56	52089.8	0.159683	40698.6	2645.52	2644.45
O16	14895.1	0.329691	46147.8	6989.99	6989.64
Mg24	22335.8	0.159741	80175.2	33072.8	33072.4
Mg25	23268	0.166325	75093	29309.7	29309.5
O16	14895.1	0.311079	47683.9	8676.43	8675.78
O16	14895.1	0.847232	64274.9	22992.6	22991.6
O16	14895.1	0.332049	32281.8	527.948	527.362
O16	14895.1	0.334307	69245.1	23689.8	23689
O16	14895.1	0.354068	95348.6	43408.1	43407.7
O16	14895.1	0.283788	90900	39982.8	39982.5
O16	14895.1	0.205185	53785.2	3684.34	3684.09
O16	14895.1	0.197012	35761.4	590.716	590.276
O16	14895.1	0.227192	83684.3	34277.9	34277.4
O16	14895.1	0.217058	65783.5	22878.5	22877.8
O16	14895.1	0.349835	87203.7	37967.9	37966.8
Mg24	22335.8	0.167046	38086.6	2431.31	2431.07
O16	14895.1	0.91722	78856	32042.3	32041.3
O16	14895.1	0.536607	63514.6	20956.3	20955.5
Mg25	23268	0.222788	33187.5	1577.93	1577.48
O16	14895.1	0.630387	89916.9	39415	39414.4
Si29	26984.3	0.46388	88877.1	38528.7	38527.9
neutron	939.565	445.325	92986.4	41886.6	41280.3
neutron	939.565	12.5365	92986.4	41886.6	41280.3
alpha	3727.38	17.0945	92986.4	41886.6	41280.3
Ne20	18617.7	6.4516	92986.4	41886.6	41280.3
Mg24	22335.8	0.527304	82522.8	34274	34273.1
Si28	26053.2	0.193946	75625.8	29749.1	29748.3
Si28	26053.2	0.183588	72939.9	27946.3	27946.1
Si28	26053.2	0.13084	87852.3	38503.5	38503.3
O16	14895.1	0.419235	66556.3	24192.2	24191.5
neutron	939.565	110.122	71849	27912.5	27657.2
neutron	939.565	3.15153	71849	27912.5	27657.2
alpha	3727.38	2.13501	71849	27912.5	27657.2
alpha	3727.38	9.7925	71849	27912.5	27657.2
alpha	3727.38	7.70107	71849	27912.5	27657.2
Mg26	24196.5	0.243995	65223.1	21452.7	21452.3
O16	14895.1	0.370672	40883.7	4212.53	4211.49
Mg24	22335.8	0.172906	68012.7	23728	23726.8
Si28	26053.2	0.320429	53879.7	12258.3	12257.8
Mg24	22335.8	0.164682	67921.5	24188.5	24188
O16	14895.1	1.43677	33241.3	1131.48	1129.98
O16	14895.1	0.324273	48803.1	8003.86	8003.3
O16	14895.1	0.601044	50815.3	10027.3	10026.6
Mg26	24196.5	0.116848	93513.9	42331.1	42330.2
O16	14895.1	0.74948	72063.6	21068.9	21068
O16	14895.1	0.587016	95944.2	43746.8	43745.8
Si28	26053.2	0.173708	68180.5	15821.4	15821.1
Si28	26053.2	0.193007	57180	7934.31	7933.47
Si28	26053.2	0.14018	52186.4	4087.06	4086.48
O16	14895.1	0.220216	56858.7	12138	12137.3
Mg24	22335.8	0.150344	81513.4	31682.5	31681.7
Si28	26053.2	0.147396	55317.4	15526.3	15526
C13	12109.5	0.133767	76742.7	26608	26376.7
neutron	939.565	3.0598	71683.6	22034.7	14920.6
C12	11174.9	2.8548	71683.6	22034.7	14920.6
O16	14895.1	0.295923	68036.6	12502.9	12502.5
O16	14895.1	0.272683	59553.6	6339.06	6338.03
O16	14895.1	0.786736	51401.3	1278.9	1277.7
neutron	939.565	3.85265	68426.5	22973	22729.7
neutron	939.565	1.70056	68426.5	22973	22729.7
N14	13040.2	1.14229	68426.5	22973	22729.7
O16	14895.1	0.198696	54275.1	10466.7	10466.5
Mg24	22335.8	0.223977	65676.6	22117.3	22116.5
O16	14895.1	0.49929	51033.5	11868.2	11867.2
Mg24	22335.8	0.230923	44571.3	7566.93	7566.41
Si28	26053.2	0.256166	85519	34014.8	34014.4
Mg24	22335.8	0.331538	79196.7	29300.7	29300.4
neutron	939.565	2092.12	66187.5	12736.1	9787.65
N14	13040.2	1.10157	66187.5	12736.1	9787.65
Si28	26053.2	0.255681	93148.3	41420.9	41419.8
O16	14895.1	0.933569	86389.8	30404.8	30403.8
Si28	26053.2	0.141747	70197.8	14953.5	14953.4
O16	14895.1	0.502656	97695.8	44876.2	44875.6
Si29	26984.3	0.194445	81693.3	4263.38	4263.13
Si28	26053.2	0.309776	67987.2	20950.1	20949
O16	14895.1	0.20923	60499.4	14749	14747.7
O16	14895.1	0.213859	95595.5	42921.3	42920.4
alpha	3727.38	8.07904	76617.7	27571.3	27338.5
alpha	3727.38	5.68792	76617.7	27571.3	27338.5
alpha	3727.38	5.68687	76617.7	27571.3	27338.5
alpha	3727.38	4.9002	76617.7	27571.3	27338.5
Si30	27913.2	0.117934	42738.1	3771.22	3771.01
O16	14895.1	0.191246	70350.5	26290	26289.7
O16	14895.1	0.232287	59958.7	18238	18237.5
Mg24	22335.8	2.11254	36445.8	987.583	984.906
Si28	26053.2	0.121171	83081.2	29595.6	29595.3
O16	14895.1	0.321478	63990.1	14435	14434.6
Mg24	22335.8	0.172925	93837.3	42117.1	42115.4
O16	14895.1	0.287687	79879.8	33307.6	33306.9
O16	14895.1	0.255895	96516.8	44304.2	44303.8
Mg24	22335.8	0.692446	36785.5	375.348	374.617
Mg26	24196.5	0.119201	96496.9	40976.4	40975
neutron	939.565	25.1263	77296.3	27361.9	26841.4
neutron	939.565	20.8224	77296.3	27361.9	26841.4
neutron	939.565	18.3215	77296.3	27361.9	26841.4
neutron	939.565	16.6048	77296.3	27361.9	26841.4
neutron	939.565	9.72726	77296.3	27361.9	26841.4
C10	9327.57	0.915703	77296.3	27361.9	26841.4
O16	14895.1	0.725839	68549.7	18176.9	18176.1
O16	14895.1	0.342673	82718.7	34665.9	34665.5
Si28	26053.2	0.263343	87821.8	37946	37945.2
Si28	26053.2	0.182837	65099.6	22562.3	22560.6
O16	14895.1	0.308104	42270.2	3699.49	3699.16
Mg24	22335.8	0.354861	69255.5	26003	26002.6
Si28	26053.2	0.180051	83173.2	34806.3	34805.8
O16	14895.1	0.389933	51537.3	13535.1	13534.5
Mg24	22335.8	0.260071	66912.1	21558.1	21557.6
Mg25	23268	0.131205	57265.7	15128.3	15128
Mg24	22335.8	0.318958	37019.4	2217.85	2217.5
O16	14895.1	0.199164	95223.1	43548.3	43547.8
O16	14895.1	0.236934	87298.1	38420.9	38420.6
O16	14895.1	0.359766	60573.7	17980.6	17980.2
O16	14895.1	0.301271	48262.8	9408.89	9408.22
O16	14895.1	0.340586	82427.8	31938.7	31938.2
O16	14895.1	0.845737	68385.2	25860.7	25859.7
Si28	26053.2	0.165185	63282.6	20378.9	20378.1
Si28	26053.2	0.223932	42879.6	4255.92	4255.18
O16	14895.1	0.387821	44081.6	4968.34	4967.94
Mg25	23268	4.2006	87574.7	38017.3	38012.3
Mg24	22335.8	0.175553	77709.6	30865.4	30865.1
O16	14895.1	0.210527	75719.7	29662.8	29661.3
Si28	26053.2	0.395023	71291.5	26488	26487.4
O16	14895.1	0.571779	60982.1	19495.3	19493.8
Si28	26053.2	0.197924	53800.6	15079.2	15078.8
O16	14895.1	1.71662	71385.4	27207.9	27206
Mg24	22335.8	0.397781	54546.5	15825.1	15823.9
Mg24	22335.8	0.156462	49153.9	11907.7	11907.4
O16	14895.1	0.284128	37316.3	3668.06	3667.57
Si28	26053.2	0.119323	81757.9	34485.7	34485.3
Si28	26053.2	0.240419	91398.5	40538.2	40537.3
neutron	939.565	2531.04	56696.8	14723.8	11445
neutron	939.565	199.819	56696.8	14723.8	11445
neutron	939.565	27.7544	56696.8	14723.8	11445
neutron	939.565	20.7998	56696.8	14723.8	11445
neutron	939.565	18.1359	56696.8	14723.8	11445
neutron	939.565	10.2777	56696.8	14723.8	11445
neutron	939.565	9.25856	56696.8	14723.8	11445
neutron	939.565	5.06627	56696.8	14723.8	11445
N13	12111.2	9.36838	56696.8	14723.8	11445
Si28	26053.2	0.27315	52717	8928.84	8927.78
Si30	27913.2	0.219621	48653.6	5720.65	5720.22
O16	14895.1	3.05224	61981.5	17282.4	17279.3
O16	14895.1	0.219572	75076.9	29327.1	29326.8
Si28	26053.2	0.12616	75583.1	29441.1	29440.8
Ne22	20479.7	1.48072	60819.3	19695.4	19299.4
Fe56	52089.8	0.290367	39061.6	4760.83	4760.32
O16	14895.1	0.213049	35633.7	2568.2	2567.38
Fe56	52089.8	0.0886271	82531.3	33502.1	33502
Si28	26053.2	0.145561	62829.9	19802	19801.8
O16	14895.1	0.388047	56967.7	17333.9	17333.5
O16	14895.1	0.266392	86784.9	37171.2	37170.8
Si29	26984.3	0.360191	81509.1	33004	33002.8
O16	14895.1	0.199129	67906	23720.8	23720.3
O16	14895.1	0.24545	65635	22283.6	22283.3
O16	14895.1	1.18879	62081.3	20029.7	20027.9
O16	14895.1	0.499875	93215.3	41866	41865.2
Mg24	22335.8	0.357857	97606.9	44809.4	44808.7
O16	14895.1	0.299991	80575.9	33324.9	33323.9
O16	14895.1	0.888644	71742.4	27554.1	27553.1
Fe56	52089.8	0.115077	95553	43541.4	43541.3
Si28	26053.2	0.2682	78853.8	32725.7	32725.3
O16	14895.1	0.241005	69339.5	26344.1	26343.5
O16	14895.1	0.488989	61293.1	19378.1	19377.5
O16	14895.1	0.225473	52298.4	13786.5	13786.2
Si28	26053.2	0.175802	32978.9	1177.89	1177.44
O16	14895.1	0.302412	99010.9	45701	45700.2
O16	14895.1	0.222281	93184	42167	42166.1
Si28	26053.2	0.121148	85316	32623.9	32623.7
Si28	26053.2	0.115167	81054.2	29854	29853.8
neutron	939.565	182.129	77177.4	28917.9	28514.4
neutron	939.565	156.967	77177.4	28917.9	28514.4
neutron	939.565	5.41193	77177.4	28917.9	28514.4
O13	12128.5	6.42555	77177.4	28917.9	28514.4
Mg24	22335.8	0.189803	61891.1	17064.1	17063.9
Si28	26053.2	0.199323	47048.1	6838.36	6838.03
O16	14895.1	0.728132	42472.7	4098.65	4097.85
O16	14895.1	0.72557	68675.1	23032.9	23032.2
O16	14895.1	0.307159	79122.7	32539.1	32537.9
O16	14895.1	1.32364	53830	13497.9	13496.5
O16	14895.1	0.208944	78474.7	31118.4	31117.3
O16	14895.1	0.758585	67218.9	21310.5	21309.1
Mg25	23268	0.198464	86230.8	36732.2	36731.8
Mg24	22335.8	0.166021	81401.5	33165.5	33165.3
Si28	26053.2	0.117314	69424.6	25415.7	25413.2
O16	14895.1	0.582907	57980.6	17205.8	17205.2
Mg24	22335.8	0.168872	38915.3	2803.16	2802.56
O16	14895.1	0.203474	76124.1	29943.2	29942.9
Si28	26053.2	0.19201	60389.2	15785.2	15784.6
O16	14895.1	0.201145	57303.3	12679.9	12679.5
O16	14895.1	0.808425	97705.2	42582.7	42581.1
O16	14895.1	0.715159	94670.1	42552.1	42551.1
Si28	26053.2	0.121289	93925.5	41968.1	41967.9
O16	14895.1	0.236278	88342.4	39061.6	39060.9
O16	14895.1	1.07225	80912.7	34275.2	34273.2
Si28	26053.2	0.217257	63383.1	4253.69	4253.33
O16	14895.1	0.598081	64708.8	18905.5	18903.5
Mg26	24196.5	0.276174	42848.3	2428.52	2428.13
Si28	26053.2	0.175562	76247	30075.5	30074.8
O16	14895.1	0.51876	35679.6	1712.86	1711.92
Si28	26053.2	0.362869	80960.2	33555.3	33554.8
Si28	26053.2	0.371492	94670.4	41860.8	41859.3
O16	14895.1	0.321734	98105.8	45111.5	45111.1
O16	14895.1	0.212036	48280.8	10394.6	10394
Si30	27913.2	0.26414	62116.3	18486.3	18485.9
Mg24	22335.8	0.154098	60006	17030.6	17030.4
O16	14895.1	0.395043	51289.9	10572.5	10571.9
Mg24	22335.8	0.379782	79969.9	33308.7	33308
Mg24	22335.8	0.46391	93601.9	41262.6	41261.9
Si28	26053.2	0.161886	85327.3	33091.3	33090.6
O16	14895.1	0.324666	64469	18862.7	18861.9
Mg24	22335.8	0.303045	94560.9	42170.8	42170.3
Mg24	22335.8	0.252626	60040.9	18839.8	18839.5
Si28	26053.2	0.139244	84923.6	36017	36016.5
O16	14895.1	0.627227	81387.9	32953.9	32952.6
neutron	939.565	6330.48	76907.2	30075.6	22057.1
neutron	939.565	791.667	76907.2	30075.6	22057.1
neutron	939.565	44.4415	76907.2	30075.6	22057.1
neutron	939.565	41.1792	76907.2	30075.6	22057.1
He3	2808.39	5.94108	76907.2	30075.6	22057.1
alpha	3727.38	6.39833	76907.2	30075.6	22057.1
O16	14895.1	0.335884	61209.6	11648	11647.5
Mg24	22335.8	0.239428	71143.4	24686	24684.6
O16	14895.1	0.193526	60689.3	16910.2	16909.6
O16	14895.1	0.297327	75200.3	28223.7	28223.3
O16	14895.1	0.363092	47926.7	6895.6	6895.02
Si28	26053.2	0.332049	91316.6	40279	40278.6
O16	14895.1	1.51324	84875.8	35117.2	35115.6
Mg24	22335.8	0.392846	82765.6	33414.5	33414
neutron	939.565	166.665	51171.3	9518.26	9224.26
neutron	939.565	85.0225	51171.3	9518.26	9224.26
N13	12111.2	1.46146	51171.3	9518.26	9224.26
Mg24	22335.8	0.381885	84537.1	35232.6	35231.7
Mg24	22335.8	0.600151	47520.8	6749.06	6748.26
Si28	26053.2	0.113241	50335.8	6075.53	6075.26
Mg24	22335.8	0.135251	84049.7	32067.8	32067.2
Mg25	23268	0.20556	56972.8	14173.4	14172.9
O16	14895.1	0.225668	84709.6	31894.1	31893.6
Mg24	22335.8	0.366126	83670.5	32774.2	32773.5
O16	14895.1	0.336239	86972.1	37907.4	37907
Mg24	22335.8	6.6353	83814.8	35334.9	35328.1
Si28	26053.2	0.553108	62235.6	17489.3	17488
Si28	26053.2	0.210536	51336.1	9969.83	9969.33
Si29	26984.3	0.216484	99599.9	46183.4	46182.9
Si28	26053.2	0.119358	92079.4	41583.6	41583.4
O16	14895.1	0.224596	86562.7	37925.4	37924.5
Mg24	22335.8	0.184336	81793.2	34390.1	34389.9
O16	14895.1	1.28269	63076.7	21415.6	21413.2
O16	14895.1	1.03435	83278	34474.7	34473.6
Si28	26053.2	0.425029	75312.1	22784.7	22784.1
O16	14895.1	0.201059	67414.1	16584.6	16583.5
O16	14895.1	0.652842	65983.3	15708.3	15707.4
O16	14895.1	0.629572	88373.8	38933.1	38931.7
Mg24	22335.8	0.142779	72063.5	27560.5	27558.9
Si28	26053.2	0.189792	70925.3	26566.9	26566.7
neutron	939.565	86.8371	63237.6	19785.5	19499.9
neutron	939.565	20.2832	63237.6	19785.5	19499.9
B10	9324.44	5.95387	63237.6	19785.5	19499.9
O16	14895.1	0.199073	61040.3	18160.1	18159.6
O16	14895.1	0.722694	46600.8	4205.17	4203.94
O16	14895.1	0.294273	50214.9	8113.46	8112.45
neutron	939.565	49.978	73096.3	25461.9	25164
Ne22	20479.7	0.706256	73096.3	25461.9	25164
O16	14895.1	0.190272	72743.8	24595.9	24595.3
O16	14895.1	1.14936	62235.2	17105	17103.6
Mg24	22335.8	0.222954	72434.1	26301.7	26301.1
Mg24	22335.8	0.321822	71212.4	25473.1	25472.7
O16	14895.1	0.295772	71173.1	25450.8	25449.7
O16	14895.1	0.335001	62414.9	18008.9	18008.4
Fe54	50231.2	0.0938519	84954.5	34165.9	34165.7
O16	14895.1	0.238163	83399.9	33032.4	33032
Mg24	22335.8	0.156894	42896.2	3638.01	3636.88
Si28	26053.2	0.215315	87554.3	38006	38005.6
O16	14895.1	0.374143	62623.4	20458.7	20458.3
Si28	26053.2	0.108386	97698.5	44712.3	44712
Si28	26053.2	0.165502	92332.3	41028.1	41027.8
Si28	26053.2	0.121161	45717.6	6763.36	6763.14
O16	14895.1	0.879551	79690.9	24699.9	24699
Si28	26053.2	0.114421	56561.8	9421.93	9420.73
Si28	26053.2	0.146272	47206.4	3375.27	3374.89
O16	14895.1	0.236805	42058	195.728	195.391
Mg24	22335.8	0.710152	94019.6	42230.2	42229.4
O16	14895.1	0.294474	70555.3	26217.2	26216.7
neutron	939.565	140.214	68647	25046.5	24797.3
Mg24	22335.8	0.714235	68647	25046.5	24797.3
O16	14895.1	0.250718	75121.7	24190.9	24189.8
Si28	26053.2	0.243138	60438.2	13720.9	13719.3
Si28	26053.2	0.132892	95467.4	43345	43344.7
Si28	26053.2	0.245612	66025.5	22146.5	22145.8
Mg25	23268	0.19589	50138.5	10932.5	10932
O16	14895.1	0.283487	34958	477.172	476.765
N15	13968.9	0.1397	86372.3	37514.6	37138.2
Mg24	22335.8	0.246342	51507.2	11575.6	11574.7
Si28	26053.2	0.325303	34950.9	182.85	181.697
O16	14895.1	2.8465	90670.2	36610.5	36607.6
O16	14895.1	0.550243	67889.8	22879.1	22878.5
neutron	939.565	553.489	96183.5	43777.6	25739.8
neutron	939.565	76.2506	96183.5	43777.6	25739.8
alpha	3727.38	6.16747	96183.5	43777.6	25739.8
neutron	939.565	1.3491	96183.5	43777.6	25739.8
alpha	3727.38	1.10361	96183.5	43777.6	25739.8
alpha	3727.38	0.415334	96183.5	43777.6	25739.8
Mg25	23268	0.217894	82596.4	16693.4	16692.7
Mg24	22335.8	0.145621	79230.4	9799.77	9798.92
O16	14895.1	0.408084	76821	8170.66	8168.67
Si28	26053.2	0.339916	73415.2	5243.98	5243.48
Mg26	24196.5	0.153741	75207.8	26482.3	26481.8
O16	14895.1	0.490299	42482.4	2520.86	2520.21
Mg24	22335.8	0.249328	94750.7	43087.1	43086
O16	14895.1	3.08403	72190.4	26613.7	26609.6
O16	14895.1	0.197217	98183.8	45295.6	45294.7
O16	14895.1	0.288981	87578	37919.8	37919.4
Si28	26053.2	0.149229	72504.4	27469.8	27469.2
Mg24	22335.8	0.753559	59324.3	17861.2	17860.4
Mg24	22335.8	0.1377	43845.5	6371.72	6371.47
Mg25	23268	0.140282	96567.3	44192.7	44192.4
Fe56	52089.8	0.110683	43411.9	6659.64	6659.11
O16	14895.1	1.01005	90013.5	38795.4	38794.1
O16	14895.1	0.228114	86779.9	32895.9	32895.5
O16	14895.1	0.458381	91699.3	39775.8	39775.2
O16	14895.1	0.492387	78917.4	30793.2	30792.6
O16	14895.1	0.569597	61869.4	17796	17795.3
Mg25	23268	0.337686	54004	12545.9	12545.3
Si29	26984.3	0.113714	47830.2	8977.56	8976.86
O16	14895.1	0.247402	92564.2	41428.5	41427.9
Mg24	22335.8	0.171921	63897.3	22164.6	22164
O16	14895.1	0.205957	99546.2	46125.1	46123.7
Mg24	22335.8	0.328624	90275.7	26665.7	26664.9
Mg24	22335.8	0.183964	59249.9	16653.5	16653.1
Mg24	22335.8	0.149054	95893.4	43287.5	43287
Mg24	22335.8	1.97305	80074	31400.4	31398.3
O16	14895.1	0.632816	56476.9	7651.21	7650.29
Mg24	22335.8	0.201754	89757.7	36846.7	36846.1
O16	14895.1	0.244097	95728.7	42899	42898.2
neutron	939.565	4.46306	94542.3	42125.8	41916.5
C12	11174.9	4.55402	94542.3	42125.8	41916.5
Mg24	22335.8	0.143657	78407.2	30558	30557.7
O16	14895.1	0.371059	64579.2	19479.8	19479.2
Si28	26053.2	0.163505	96498	43847.4	43846.8
O16	14895.1	3.33007	93257.5	41819.1	41815.7
O16	14895.1	0.612716	76376.6	31506.3	31504.9
O16	14895.1	1.30343	74921.3	30620.3	30618.9
Si28	26053.2	0.880955	75189	25328.5	25327.5
Fe56	52089.8	0.0756283	99673.2	46226.7	46226.6
Mg24	22335.8	0.381032	41615.5	5343.94	5343.1
Si28	26053.2	0.709041	96254.7	44063.9	44062.8
Mg24	22335.8	0.316292	74053.9	22750.3	22749.6
Mg24	22335.8	0.147563	85648.1	37054.3	37053.6
Fe56	52089.8	0.0858271	61919.1	16972.1	16971.5
Fe56	52089.8	0.142041	82558.5	33480.4	33480.1
neutron	939.565	748.621	90107.5	39794.4	36403.4
neutron	939.565	8.68308	90107.5	39794.4	36403.4
neutron	939.565	3.73147	90107.5	39794.4	36403.4
C12	11174.9	2.79228	90107.5	39794.4	36403.4
Fe56	52089.8	0.100904	71542.4	23378.5	23377.7
Si29	26984.3	0.171615	94777.1	40825.6	40824.9
O16	14895.1	0.211267	80067.6	27633.5	27632.9
Si28	26053.2	0.398421	78448.2	26020.8	26020.2
O16	14895.1	0.510091	67957.8	19160	19159.4
O16	14895.1	0.29418	44090.4	3665.85	3665.26
O16	14895.1	0.418526	95988.8	43861.7	43861.1
O16	14895.1	0.273427	91049.6	40171.9	40171.6
neutron	939.565	5.37052	66559	23482.5	18669.1
Be8	7454.85	0.571006	66559	23482.5	18669.1
O16	14895.1	0.226801	57027.3	11985	11984.5
O16	14895.1	0.342543	51080.2	7993.86	7993.08
O16	14895.1	0.661379	97887.8	45187.8	45186.7
Mg24	22335.8	0.133765	61926.2	21424.9	21424.6
Mg26	24196.5	0.182095	90506	39976.6	39976.1
O16	14895.1	0.317235	79150	31781	31780
Mg24	22335.8	0.237725	75444.5	29040	29039.4
O16	14895.1	1.18203	50489.8	12070.4	12068.9
O16	14895.1	0.425096	88931.6	35479.9	35479
Mg24	22335.8	0.196906	86487.3	33346.8	33345.6
O16	14895.1	0.32086	70098.3	24617.7	24617.4
O16	14895.1	0.222296	50904.6	7184.47	7184.13
Fe54	50231.2	0.0606074	87213.9	37254.8	37254.6
Mg24	22335.8	0.172689	71298.9	25015.5	25014.8
O16	14895.1	0.214892	97641.8	44413.3	44412.3
Si28	26053.2	0.142209	57133.9	15142.5	15141.6
Fe56	52089.8	0.253249	45362.6	6490.24	6489.89
O16	14895.1	0.37191	34862.7	2707.58	2707.19
Si28	26053.2	0.158403	93353.8	41824.7	41823.8
Fe56	52089.8	0.0810943	42582.5	1282.95	1282.75
Mg25	23268	0.122961	83913.2	35488	35487.9
Mg25	23268	0.129042	68794.2	25560.5	25560.1
Si28	26053.2	0.147325	52896.1	14043.2	14042.5
O16	14895.1	0.332355	43767.4	8212.1	8211.63
O16	14895.1	0.238809	40949.6	2936.75	2936.38
Si28	26053.2	0.223608	73855	27568.2	27567.5
O16	14895.1	0.715368	57378.9	14075	14074.2
O16	14895.1	0.20938	76045.8	25821.5	25820.1
Si28	26053.2	0.477183	74635.6	24919.1	24918.6
neutron	939.565	187.656	63645.5	13669.8	13351.8
neutron	939.565	4.60922	63645.5	13669.8	13351.8
C12	11174.9	3.31827	63645.5	13669.8	13351.8
O16	14895.1	2.26755	54040	3732.56	3729.51
Fe56	52089.8	0.0645964	93367.5	42100.9	42100.7
Si28	26053.2	0.177876	93329.2	41729.6	41729.3
Si28	26053.2	0.115135	77046	29591.1	29590.3
Si28	26053.2	0.131906	72294.5	25107.6	25107.2
O16	14895.1	0.208516	67441.1	21941.7	21941.4
O16	14895.1	0.199975	96150.6	43057.2	43057
Mg24	22335.8	0.157331	89984.6	39195.2	39194.8
O16	14895.1	0.299467	74162.7	23992.9	23992.5
Mg24	22335.8	0.167784	55879.5	7735.09	7734.85
Si28	26053.2	0.202281	87007.6	32820.7	32820.3
Si28	26053.2	0.121634	96269.3	43824.1	43823.6
neutron	939.565	731.119	76689.9	29726.7	28323.9
alpha	3727.38	6.46315	76689.9	29726.7	28323.9
F18	16763.2	4.07514	76689.9	29726.7	28323.9
Si28	26053.2	0.271526	73832.7	26500.2	26499.6
Si28	26053.2	0.315285	39891	3529.49	3529.09
Mg24	22335.8	0.266898	96873.7	43627.8	43627.5
Mg24	22335.8	0.296759	40641.3	6692.44	6691.18
neutron	939.565	518.984	65049.8	19422.4	18448.1
neutron	939.565	2.48337	65049.8	19422.4	18448.1
O18	16762	1.97341	65049.8	19422.4	18448.1
O16	14895.1	0.302874	75470.8	28291.7	28291.2
O16	14895.1	0.828984	47480.2	8924.73	8923.89
O16	14895.1	0.229591	96705.8	44268.4	44266.3
O16	14895.1	0.202465	45927.1	10442.1	10441.8
O16	14895.1	0.19935	72037.9	23533.4	23533.1
Fe56	52089.8	0.0772197	63544.2	17786.3	17786.1
Si28	26053.2	0.147306	52599.9	9159.73	9159.36
O16	14895.1	5.99423	97485.3	44600.5	44594.3
neutron	939.565	1179.44	96047.1	43128.6	41470.5
neutron	939.565	6.09253	96047.1	43128.6	41470.5
C13	12109.5	1.11737	96047.1	43128.6	41470.5
O16	14895.1	0.533651	88528.7	33126.1	33125.2
Mg26	24196.5	0.633568	87042.6	33912.5	33910.8
Mg24	22335.8	0.312449	78338.1	26536.2	26535.9
O16	14895.1	0.327845	57413.4	11996.3	11995.9
Si28	26053.2	0.125909	52855	13985.3	13984
O16	14895.1	3.01105	89359.6	39338.7	39335.6
Si28	26053.2	0.142798	65099.3	22447.2	22446.8
Si28	26053.2	0.124404	36894.5	458.501	458.332
Si28	26053.2	0.139009	98770.3	44975.6	44975.3
neutron	939.565	580.937	77320.3	27739.2	26565.4
neutron	939.565	548.174	77320.3	27739.2	26565.4
Mg24	22335.8	1.1338	77320.3	27739.2	26565.4
Mg24	22335.8	0.289668	57980.9	13905.5	13905.1
O16	14895.1	0.278093	52020.7	7841.15	7840.73
O16	14895.1	0.583693	54164	703.558	702.969
Si28	26053.2	0.147121	81698.8	34065.4	34065.1
O16	14895.1	0.425019	65095.8	22601.5	22600.7
O16	14895.1	0.216372	48258.8	10309.1	10308.1
O16	14895.1	0.355986	72172.7	25889.8	25889.3
Si28	26053.2	0.110284	53576	11229.6	11229
Si28	26053.2	0.194246	90074	38317.4	38316.9
Mg24	22335.8	0.139776	92777	41770.2	41769.9
O16	14895.1	0.248148	82376.3	35389.5	35388.9
O16	14895.1	0.269977	74906.8	29751.7	29751.3
Mg24	22335.8	0.23767	97053.6	44625.1	44624.8
Mg24	22335.8	0.155287	50189.2	12863.7	12862.8
Mg24	22335.8	0.946031	46575.2	10427.6	10426.3
O16	14895.1	0.465079	97588.3	44892.1	44891.4
O16	14895.1	0.618614	80712.9	28414.5	28413.6
Mg24	22335.8	1.23377	66368.9	17842.1	17840.4
Mg24	22335.8	0.128422	64193.8	16381.5	16380.6
O16	14895.1	0.213025	53063	7506.72	7505.64
O16	14895.1	0.633623	42306.3	972.179	971.366
Si28	26053.2	0.315973	75985.7	27353.8	27353
O16	14895.1	0.87891	42968.8	5115.99	5114.8
Fe54	50231.2	0.0730267	63194.6	20092	20090.9
Mg24	22335.8	0.146542	75412.1	26171	26170.5
Mg24	22335.8	0.177233	89307.2	38326.1	38325.7
O16	14895.1	0.193004	71535.8	24355.6	24355.2
O16	14895.1	0.325303	96976.5	41987	41986.6
Mg26	24196.5	0.165918	98109.5	45251.6	45251.2
O16	14895.1	0.217526	66714.9	16447.3	16446.3
O16	14895.1	0.234366	44156.2	1278.32	1277.51
O16	14895.1	0.329003	67396.9	19278.3	19277.8
Mg24	22335.8	0.157142	65811.7	18401.8	18401.3
O16	14895.1	0.402103	51469.6	6071.99	6071.55
O16	14895.1	0.247206	70069.9	23852.9	23851.8
Mg25	23268	0.184421	63194.8	14543.7	14543.5
Si28	26053.2	0.221831	61637.8	13646	13645.7
O16	14895.1	0.258053	56047.9	10242.2	10241.7
Mg24	22335.8	0.208101	55002	9609.02	9608.48
O16	14895.1	0.730632	91783.3	40836.3	40835.4
O16	14895.1	0.202289	88093.5	38371.6	38371.3
O16	14895.1	0.295571	46360.4	5228.74	5227.88
Mg24	22335.8	0.128706	38331	4960.24	4960.11
O16	14895.1	0.680973	64778.4	21847.4	21846.7
O16	14895.1	0.212999	63482.1	21110.1	21109.8
Fe56	52089.8	0.0674496	99361.5	45872.2	45871.6
neutron	939.565	4.79448	96795.2	44131.7	43924.1
C14	13040.9	3.09178	96795.2	44131.7	43924.1
neutron	939.565	94.9283	66248.7	20255	19967.9
neutron	939.565	70.3681	66248.7	20255	19967.9
neutron	939.565	2.96936	66248.7	20255	19967.9
alpha	3727.38	1.00747	66248.7	20255	19967.9
C12	11174.9	5.03569	66248.7	20255	19967.9
O16	14895.1	0.235169	42251.5	6666.21	6665.65
O16	14895.1	0.325419	63645.9	20931.7	20930.1
Mg24	22335.8	0.201533	38502.5	4121.38	4121.06
Mg24	22335.8	1.2568	36751.9	3050.2	3048.79
O16	14895.1	0.623267	36420.2	2860	2859.02
neutron	939.565	214.073	90986.5	40535.3	40194.7
Mg25	23268	0.069972	90986.5	40535.3	40194.7
neutron	939.565	108.839	99424.3	46037.6	44624.1
neutron	939.565	0.444619	99424.3	46037.6	44624.1
Mn54	50232.4	0.405606	99424.3	46037.6	44624.1
Mg24	22335.8	0.517392	90225.5	37909.3	37908.7
Si28	26053.2	0.115117	99604.4	46176.7	46175.5
O16	14895.1	1.10766	65916.2	17280.7	17279.3
Mg24	22335.8	0.152472	43894.1	1919.65	1919.44
Si28	26053.2	0.15671	45510.2	5301.71	5300.72
Mg26	24196.5	0.141908	46847.5	8414.25	8414.09
Si28	26053.2	0.2556	45753.3	5666.43	5666.18
Mg24	22335.8	0.187508	38080.6	885.732	885.428
O16	14895.1	0.242894	97474.7	44705.3	44704.7
Mg24	22335.8	0.165003	60152.9	19594.9	19594.4
O16	14895.1	0.494414	50130.2	12541.4	12540.4
Si28	26053.2	0.182262	90827.1	39727.9	39727.3
Mg24	22335.8	0.388244	76733.5	29930.5	29929.4
Mg24	22335.8	0.303022	86123.2	35144.1	35143.8
Si28	26053.2	0.990022	88652.4	37951.8	37950.7
O16	14895.1	0.283255	49755.9	11827.2	11826.9
Si28	26053.2	0.124373	48258.4	10844.2	10843.3
O16	14895.1	0.233841	51789.9	12683.8	12683.4
Si28	26053.2	0.604016	45373.1	8299.96	8299.07
Mg24	22335.8	0.349649	75648.8	29998	29997.7
Mg24	22335.8	0.169316	75007.9	29332	29331.8
Al27	25126.5	1.69803	54737.4	15827.2	15390.1
O16	14895.1	0.243349	54337.4	15163.4	15162.5
O16	14895.1	0.253231	54131.2	15044.1	15043.8
O16	14895.1	0.319623	88012.9	38153.9	38153.2
O16	14895.1	0.219209	43599	7757.96	7757.38
O16	14895.1	0.482794	34424.4	1941.56	1940.68
Fe56	52089.8	0.0734858	95938.8	43739.1	43738.4
O16	14895.1	0.21255	62575.1	18935.1	18933.1
O16	14895.1	0.314785	79977.8	32165.5	32165.1
Si29	26984.3	0.166102	52676.9	11975.5	11974.7
O16	14895.1	0.335389	92402.1	40726	40725.6
O16	14895.1	6.83504	35462.2	1795.76	1788.78
Si28	26053.2	0.291819	35379.8	1736.98	1736.14
Mg24	22335.8	0.16648	95636.7	42442	42441.4
Mg24	22335.8	1.94474	89374.6	37917.8	37915.3
Si28	26053.2	0.551545	47192.5	8522.27	8521.65
Mg24	22335.8	1.65914	51618.9	6227.48	6225.49
Mg25	23268	0.362447	79956.8	31509.7	31509
O16	14895.1	0.489796	78654.9	30434.7	30434.1
Mg25	23268	0.228957	65954.9	22633.9	22632.7
neutron	939.565	34.4465	82410.8	34412	34109.4
neutron	939.565	33.0628	82410.8	34412	34109.4
neutron	939.565	6.34697	82410.8	34412	34109.4
neutron	939.565	2.00947	82410.8	34412	34109.4
Be8	7454.85	9.90151	82410.8	34412	34109.4
N15	13968.9	1.21317	72931.9	26967.5	26519.8
Mg26	24196.5	1.22747	68009.4	22529.1	22527.1
Mg24	22335.8	0.359541	56161.1	14433.1	14432.6
O16	14895.1	0.347556	52648.6	14195	14194.1
O16	14895.1	0.221916	37736.2	3884.24	3883.67
O16	14895.1	1.0077	87700.9	38390.3	38389.1
O16	14895.1	0.28458	64311.7	22694.2	22693.8
O16	14895.1	0.280603	60634	20077.1	20076.7
O16	14895.1	0.611175	51472.1	12735.3	12734.5
O16	14895.1	0.208481	46923.4	10223.3	10222.8
Si28	26053.2	0.397816	38054.9	3615.67	3615.25
O16	14895.1	0.202594	34425.8	1369.44	1368.93
Mg25	23268	0.148233	89184	39420.8	39420.3
O16	14895.1	0.294614	41338.8	6980.02	6979.47
O16	14895.1	0.764855	98771.8	45448.2	45447.3
Mg24	22335.8	0.251682	93085.5	41827.3	41826.9
Mg24	22335.8	0.221635	57762.1	15791	15790.6
Si28	26053.2	0.168136	94649.5	42765.2	42765
Mg24	22335.8	0.147737	51110.3	13358.3	13358
O16	14895.1	0.215872	49186.8	12071.8	12071.3
O16	14895.1	0.238132	73422.6	25055.7	25055
Mg24	22335.8	0.128805	64621.8	18434.3	18434.1
Si28	26053.2	0.119768	62360.9	17018.2	17017.9
O16	14895.1	2.17171	51180.5	8142.99	8140.45
Mg24	22335.8	1.18202	47196.3	5558.84	5557.32
Mg24	22335.8	0.141202	62716.7	19978.3	19978.1
O16	14895.1	0.514017	89138.2	38610.5	38609.3
O16	14895.1	0.637612	69387	23360.5	23359.7
Si30	27913.2	0.477306	69097	23198	23197.4
Si28	26053.2	0.117737	43070.5	5004.6	5003.63
O16	14895.1	0.303643	61868.7	13388.7	13387.9
O16	14895.1	0.284675	59606.7	15843.6	15843.3
Si28	26053.2	0.1127	59408.7	13328.1	13327.7
O16	14895.1	1.19785	53785.8	9489.81	9488.23
Mg24	22335.8	0.206139	49532	6340.52	6339.31
O16	14895.1	0.221086	89842.4	39391.6	39391.2
Mg24	22335.8	0.262263	43483.5	8181.81	8181.25
Mg24	22335.8	0.155653	87507.9	38413.8	38412.4
Mg24	22335.8	0.31661	41765.2	6941.14	6939.83
O16	14895.1	0.249713	70989.5	23941	23940.7
O16	14895.1	0.523328	57266.4	13907.4	13905.1
O16	14895.1	0.475038	53677	10146.3	10145.7
O16	14895.1	0.205185	95121.3	43397.8	43397.5
O16	14895.1	0.445898	57414.2	13558.7	13558
O16	14895.1	0.292	51956.8	9331.24	9330.54
Si28	26053.2	0.155239	40185.1	1642.04	1641.48
O16	14895.1	0.590238	69281.9	23895.7	23894.7
Si28	26053.2	0.125522	68422.5	23349.7	23349.5
Mg26	24196.5	0.136144	54816.8	2862.86	2862.47
Si28	26053.2	0.283653	87734.7	36138.8	36138.4
Si28	26053.2	0.154355	76501.2	27273	27272.4
Mg24	22335.8	0.311372	53363.6	11123.9	11123.6
Si29	26984.3	0.280507	84099	34465.3	34464.5
Si28	26053.2	0.241902	71925.9	25640.3	25639.8
O16	14895.1	0.56941	66878.3	22204.4	22203.3
O16	14895.1	0.513217	57132.5	14244.1	14243.5
Si28	26053.2	0.113709	38968.1	2300.89	2300.38
O16	14895.1	0.328583	77575.6	28507.3	28506.6
O16	14895.1	0.417851	98247.5	45293.2	45292.2
O16	14895.1	0.452788	94915.1	43014.6	43014.1
Si29	26984.3	0.121286	89064.6	35563.7	35563.1
O16	14895.1	0.20638	50759.8	10577.4	10577.1
O16	14895.1	3.02816	98472.2	45486.8	45483.6
neutron	939.565	587.562	90492.3	40475.4	39417.6
neutron	939.565	1.72604	90492.3	40475.4	39417.6
Ca46	42795.4	5.30876	90492.3	40475.4	39417.6
Si28	26053.2	0.247075	63865.4	16778.6	16778.4
Mg25	23268	0.272072	88742.1	34762.9	34762.6
Mg24	22335.8	0.275807	56870.4	11182.4	11181.6
O16	14895.1	0.195484	73646.6	28755.9	28755.6
O16	14895.1	0.251836	53495.4	14807.1	14805.4
neutron	939.565	1.15296	47662.3	11282.6	10926.8
N15	13968.9	1.68637	47662.3	11282.6	10926.8
Si28	26053.2	0.147544	42842.1	7747.69	7746.97
O16	14895.1	0.267909	38941.7	5299.69	5299.04
Si28	26053.2	0.135109	98198.7	45105.1	45104.8
O16	14895.1	0.429395	98444	45344.6	45344.1
O16	14895.1	0.278562	88465	35178.7	35177.8
Mg25	23268	0.172079	83687.9	32665.6	32665.3
Si28	26053.2	0.984663	74076.4	26334.1	26332.9
Fe56	52089.8	0.361801	59594.3	16519.7	16519.3
Si28	26053.2	0.128688	91596.2	40015.1	40014.4
Si28	26053.2	0.313154	87651.6	37338.3	37337.9
Si28	26053.2	0.137834	78149	30108.4	30108.2
neutron	939.565	1415.14	61648.3	17427.4	10060.6
alpha	3727.38	7.54186	61648.3	17427.4	10060.6
C11	10254	4.18508	61648.3	17427.4	10060.6
O16	14895.1	0.346157	47992.7	141.86	141.387
O16	14895.1	0.269586	79940.5	32439	32438.6
O16	14895.1	0.209676	45651.6	8174.63	8174.3
Mg24	22335.8	0.65978	40022.9	4444.7	4443.98
O16	14895.1	1.41202	59620.3	16767.1	16764.5
Mg24	22335.8	0.170333	35134.3	804.651	804.183
Mg24	22335.8	0.674711	34544.7	457.851	456.192
O16	14895.1	0.430819	55254.4	12695.9	12694.5
O16	14895.1	0.195951	82923	34516	34515.7
Si28	26053.2	0.332833	70686	25961.2	25958.4
O16	14895.1	0.838442	58871	16034.3	16032.6
Mg24	22335.8	0.175364	48450.5	10652.6	10652.1
Si28	26053.2	0.147317	58203	16045.7	16045.5
Si28	26053.2	0.145669	97823.4	44956.1	44955.4
O16	14895.1	0.990505	78928.4	31866.7	31865.5
Si28	26053.2	0.109428	80332	30511.8	30511.6
Si28	26053.2	0.110745	97074.9	44156.2	44154.8
Si28	26053.2	0.268734	53921	13481.2	13480.9
O16	14895.1	0.563647	65521.3	19755.5	19754.7
Si28	26053.2	0.518998	67068.9	23488.8	23487.9
O16	14895.1	0.65081	92949.8	41470.5	41469.6
O16	14895.1	0.190854	62246	20929.8	20929.4
O16	14895.1	0.25203	88744.6	38247.9	38247.5
Fe56	52089.8	0.106486	79053.9	31093	31092.8
Mg24	22335.8	0.148283	53425.2	9333.89	9333.24
O16	14895.1	0.349041	92251.3	40163.2	40162.7
O16	14895.1	0.197111	75954.7	29395.6	29394.9
O16	14895.1	0.582869	38862.2	952.566	951.929
Si28	26053.2	0.291347	93912.9	41251.5	41251.1
Si28	26053.2	0.119628	54353.6	14287	14286.2
Si28	26053.2	0.25963	47302.4	9296.51	9296.24
Si28	26053.2	0.188765	98431.9	45400.8	45400.6
Si29	26984.3	0.655815	62058	20745	20744.1
Si28	26053.2	0.228706	72825.2	14624.1	14623.6
O16	14895.1	0.212807	56500.7	14261.9	14261.6
Si28	26053.2	0.279055	34249.5	267.348	266.892
O16	14895.1	0.196894	96303.6	44244.5	44243.6
Mg24	22335.8	0.228376	46380.9	4751.69	4751.27
Si28	26053.2	0.146358	40423.4	888.387	888.141
Mg25	23268	0.125251	93799.1	41538.4	41538
Si28	26053.2	0.109931	87150.9	36956.4	36956.3
Mg24	22335.8	0.160546	34142.5	1279	1278.46
O15	13971.2	1.17685	90274.2	38359.9	37962.5
Mg26	24196.5	0.157363	82037.5	31382.2	31382.1
Si28	26053.2	0.264994	74487.9	26007.4	26007
neutron	939.565	352.824	70983.3	23689.4	22068.9
neutron	939.565	119.627	70983.3	23689.4	22068.9
neutron	939.565	72.4183	70983.3	23689.4	22068.9
alpha	3727.38	2.68438	70983.3	23689.4	22068.9
alpha	3727.38	8.22574	70983.3	23689.4	22068.9
alpha	3727.38	2.59294	70983.3	23689.4	22068.9
O16	14895.1	0.315833	69887.8	21376.2	21375.7
Fe56	52089.8	0.0665266	66959.1	19310.3	19310.2
Mg23	21412.8	0.238597	65488.3	18094.9	17192.6
Si28	26053.2	0.386172	88926.3	38251	38250.1
Mg24	22335.8	0.156456	66149.5	19401.5	19401.1
O16	14895.1	0.205789	58606.3	14528.4	14528
O16	14895.1	0.310329	41753.3	1730.1	1729.67
Mg25	23268	0.126403	99839.5	46328.6	46328
Fe56	52089.8	0.130023	93881.1	42675.9	42675.5
neutron	939.565	97.221	79579.9	31046.6	30627.8
neutron	939.565	12.0813	79579.9	31046.6	30627.8
alpha	3727.38	4.84621	79579.9	31046.6	30627.8
Be8	7454.85	1.62841	79579.9	31046.6	30627.8
Mg25	23268	0.491402	49316.6	11467.2	11465.5
O16	14895.1	0.450857	34283.9	2100.81	2100.29
Mg24	22335.8	0.901965	84154.2	35645.5	35644.3
O16	14895.1	0.288629	83367.3	32536.7	32536.2
Si28	26053.2	0.336068	55084.7	11951.5	11950.3
O16	14895.1	0.686643	42282.2	4023.38	4022.46
O16	14895.1	1.18687	89573.5	37520.1	37518.8
Si28	26053.2	0.899981	57067.9	9462.34	9461.33
Si28	26053.2	0.177863	85802.3	36370.3	36370
Mg24	22335.8	0.16776	72782.1	27057.1	27056.9
O16	14895.1	0.352471	82636.6	34571.8	34570.9
O16	14895.1	0.236251	98574.9	44715.5	44715
Si28	26053.2	0.280193	66189.4	21564.2	21563.5
O16	14895.1	0.655522	62004.9	19037.7	19036.9
neutron	939.565	120.292	69456.5	12237	11836.9
neutron	939.565	11.0923	69456.5	12237	11836.9
neutron	939.565	8.50496	69456.5	12237	11836.9
neutron	939.565	7.59815	69456.5	12237	11836.9
He3	2808.39	5.54927	69456.5	12237	11836.9
alpha	3727.38	13.1814	69456.5	12237	11836.9
O16	14895.1	0.314258	67621.7	18816.1	18815
Mg24	22335.8	0.272481	41859.5	910.462	909.538
O16	14895.1	0.333029	47984.7	7645.3	7644.95
O16	14895.1	0.229291	85854.1	37178.7	37177.6
O16	14895.1	0.56257	68722.4	25793.4	25792.5
O16	14895.1	0.276597	95983.4	42829.8	42828.6
Mg24	22335.8	0.163337	63763	22255.2	22254.6
Mg24	22335.8	0.212836	80029.5	29379.6	29379.3
Mg24	22335.8	0.129053	79200.2	33551.9	33551.7
neutron	939.565	741.48	58140.2	18566.3	17659.9
N14	13040.2	2.49069	58140.2	18566.3	17659.9
Mg26	24196.5	0.144995	69456.2	26099.9	26099.6
Si28	26053.2	0.181037	83104.2	34520.8	34520.5
Si28	26053.2	0.142795	60538.3	17196.5	17196.3
Si28	26053.2	0.162372	42639.1	5604.5	5604.33
O16	14895.1	0.224169	40159.3	4113.22	4112.84
O16	14895.1	0.374459	89632	39483.1	39482.2
Si29	26984.3	0.140803	71098.4	26221.2	26220.8
O16	14895.1	0.434061	53047.7	14506.5	14505.6
Si28	26053.2	0.275129	44017.2	8545.13	8544.73
Si29	26984.3	0.181271	82825.6	29242.8	29242.5
Si28	26053.2	0.16817	82809.6	29233.5	29232.9
O16	14895.1	0.49764	65640.5	20322.5	20321.8
Si28	26053.2	0.127221	78972.6	32335.6	32334.3
O16	14895.1	0.262262	57320	17216.3	17215.8
Mg26	24196.5	0.253683	46316.2	9918.31	9918.04
Mg24	22335.8	0.150411	72533.3	27492.6	27492.3
Mg24	22335.8	0.244737	73132.9	28330.6	28330.2
O16	14895.1	0.276305	38491.6	5130.78	5130.42
O16	14895.1	0.216938	31457.5	810.819	809.199
O16	14895.1	0.395726	69699.5	14542.7	14541.8
O16	14895.1	0.581999	62216.4	8098.47	8097.3
Mg24	22335.8	0.148125	80168.4	30849.3	30848.4
Si28	26053.2	0.120837	66112.1	20633.9	20633.5
O16	14895.1	0.30108	87406.1	37459.1	37457.9
O16	14895.1	0.202332	40846.1	3331.35	3331.13
Mg26	24196.5	0.423663	64199.1	21047.2	21046.7
Mg24	22335.8	0.165135	90119.8	40100.9	40100.7
O16	14895.1	1.1315	76928.9	31101.1	31099.9
O16	14895.1	0.343897	74501.3	24578.8	24578
O16	14895.1	0.239181	57234	16505.8	16505.5
Si28	26053.2	0.314802	61341.4	19657.8	19656.8
Si28	26053.2	0.1573	92433.1	39983	39982.5
O16	14895.1	0.225976	70715.1	25762.3	25761.5
Mg24	22335.8	0.275697	66757.2	22617.1	22616.7
O16	14895.1	1.77844	53073.9	13176	13172.9
Si29	26984.3	0.252349	77454.8	31456.7	31456.3
O16	14895.1	0.278412	48873.4	5996.04	5995.58
O16	14895.1	0.216182	61288.2	20533.3	20532.7
O16	14895.1	0.6971	35951.9	90.5187	89.5827
neutron	939.565	155.301	70516.2	25857.9	24973.4
neutron	939.565	47.7417	70516.2	25857.9	24973.4
neutron	939.565	16.2553	70516.2	25857.9	24973.4
neutron	939.565	14.7966	70516.2	25857.9	24973.4
neutron	939.565	4.45899	70516.2	25857.9	24973.4
He3	2808.39	5.26331	70516.2	25857.9	24973.4
He3	2808.39	11.6486	70516.2	25857.9	24973.4
N15	13968.9	10.4766	70516.2	25857.9	24973.4
O16	14895.1	0.18937	40369.8	5354.72	5354.1
Mg24	22335.8	0.474856	92785.4	38955	38953.6
Mg24	22335.8	0.149576	74029.2	26975.4	26974.7
Na23	21409.2	3.07593	99177.1	45941.9	45724.7
O16	14895.1	0.252092	96298.2	43997.5	43996.9
O16	14895.1	0.213931	67902.6	23223.5	23222.8
Si29	26984.3	0.15111	53277.5	12670	12669.7
O16	14895.1	0.291125	44208.4	7010.21	7009.84
O16	14895.1	0.667203	73238.2	27885.9	27885
Si28	26053.2	0.332655	48666.6	11494.9	11494
O16	14895.1	0.372222	35188.9	2220.88	2220.22
Si28	26053.2	1.01744	98529.2	45357.7	45356.4
O16	14895.1	0.26109	80158	29889.6	29889.3
Si28	26053.2	0.154461	63406.9	18438	18437.8
Mg24	22335.8	0.192024	77179.2	31574.3	31573.7
Si28	26053.2	0.158904	60504.6	19741.8	19741.4
Si28	26053.2	0.280902	58154.2	18170.1	18169.4
Si28	26053.2	0.290943	86142.2	36795.8	36795.4
O16	14895.1	0.236477	85919.5	36679.4	36678.9
O16	14895.1	0.297313	73877.7	26060.1	26059.2
Si28	26053.2	0.127566	96249.5	43933.7	43933.4
O16	14895.1	0.291971	93631.8	42157.4	42157
O16	14895.1	0.48841	83889	30196.6	30195.8
O16	14895.1	0.23386	72784.2	21810	21809
O16	14895.1	0.310353	65113.6	17118.1	17117.5
O16	14895.1	0.221916	60520.4	14098.8	14098.6
O16	14895.1	0.447028	67903.5	20317.1	20316.6
O16	14895.1	0.515094	50780	8611.89	8611.14
Si28	26053.2	0.135961	41412.8	2385.71	2385.22
neutron	939.565	31.8957	73522.3	28123.7	27906
neutron	939.565	12.0332	73522.3	28123.7	27906
alpha	3727.38	5.67066	73522.3	28123.7	27906
alpha	3727.38	8.00564	73522.3	28123.7	27906
O16	14895.1	10.2805	73522.3	28123.7	27906
O16	14895.1	1.35331	65108.3	22413.7	22412
neutron	939.565	912.419	70210.7	24938.4	22557
neutron	939.565	120.374	70210.7	24938.4	22557
neutron	939.565	5.72675	70210.7	24938.4	22557
neutron	939.565	1.54469	70210.7	24938.4	22557
neutron	939.565	0.177931	70210.7	24938.4	22557
He3	2808.39	11.5247	70210.7	24938.4	22557
Li7	6533.83	4.64872	70210.7	24938.4	22557
Mg24	22335.8	0.160099	44983.5	3933.26	3933.05
O16	14895.1	0.440102	74076.3	29034.8	29034
O16	14895.1	0.196829	72043.4	27810.9	27810.1
O16	14895.1	0.213367	52675	15039.3	15039
O16	14895.1	0.35012	35452.3	3641.19	3640.51
Si28	26053.2	0.274395	98481	45293.7	45293.2
Mg26	24196.5	0.160648	88654.5	38223.9	38223.5
Mg24	22335.8	0.803459	80108.2	27911.1	27909.9
Fe56	52089.8	0.0648078	60283.8	13469.3	13468.2
O16	14895.1	0.30348	69468.9	23748.8	23748.2
O16	14895.1	0.20136	45034.9	8053.68	8053.41
O16	14895.1	0.198481	44783.7	6087.72	6087.42
O16	14895.1	0.277515	73756.7	25764.8	25764.3
O16	14895.1	0.411253	73015.6	25342.4	25341.1
O16	14895.1	1.06839	84324	35847.2	35846
O16	14895.1	4.82314	83741	35468.3	35463.4
Fe56	52089.8	0.0561539	69564.4	20190.1	20189.8
O16	14895.1	0.548297	53381.5	9411.35	9410.07
O16	14895.1	5.58345	66004.5	20087.6	20081.4
O16	14895.1	0.254768	65621.8	19818.3	19817.8
Si28	26053.2	0.36372	80289.2	32630.6	32630.2
Mg24	22335.8	0.223295	47541.4	10333.8	10333.6
O16	14895.1	0.31991	37797.6	3905.36	3904.92
O16	14895.1	0.902477	51559.3	1992.62	1991.58
Si30	27913.2	0.545292	95345.2	43469.6	43468
Si28	26053.2	0.11246	88673.5	39016.6	39016.2
Mg24	22335.8	0.292817	81054.8	33737.1	33736.5
Mg24	22335.8	0.541811	52771.3	14773.9	14773.4
O16	14895.1	0.514914	40473.2	6447.58	6445.51
O16	14895.1	0.277357	36476.6	3949.55	3949.12
O16	14895.1	0.242107	77196.4	28978.4	28977.5
O16	14895.1	0.649195	64673.9	19642.3	19641.4
O16	14895.1	0.278137	83154.3	34877.8	34877.5
Si28	26053.2	0.141983	79424.4	31971.5	31971.3
Fe56	52089.8	0.0627826	47464.9	7343.87	7342.65
O16	14895.1	0.459604	88968.1	39183.6	39183
neutron	939.565	4.5803	71931.5	28001	27778.6
C14	13040.9	3.38276	71931.5	28001	27778.6
Fe56	52089.8	0.124347	59297.5	19283.6	19283.3
Fe56	52089.8	0.129983	43810.5	9074.58	9073.56
Mg24	22335.8	0.547451	79357.5	30593.1	30592.1
O16	14895.1	0.381852	86974.6	33828.4	33827.7
Si28	26053.2	0.202895	78697.5	28844.5	28844.1
Mg24	22335.8	0.235484	69100.9	22435.6	22434.5
Mg24	22335.8	0.238982	61898.1	15788	15787
O16	14895.1	0.224438	45739.6	4978.3	4977.96
O16	14895.1	0.27184	90214.6	39564.3	39564
O16	14895.1	0.365921	59056.7	17199.5	17199.1
neutron	939.565	0.342445	77488.2	27714.6	26572.7
C13	12109.5	0.660154	77488.2	27714.6	26572.7
O16	14895.1	0.194346	45813.3	614.876	614.446
Si28	26053.2	0.165897	68560.1	22449.5	22449.1
O16	14895.1	0.262469	98496.1	45207.3	45206
Si30	27913.2	0.221911	50701.9	10694.6	10694.1
Si28	26053.2	0.226043	36811.7	1368.79	1368.51
Fe56	52089.8	0.0776819	41102.7	2575.78	2575.55
Mg24	22335.8	0.128461	96973.2	43966.9	43966.5
Si28	26053.2	0.188374	77153.6	29626	29625.6
O16	14895.1	0.525738	75422.4	28315.6	28314.7
Fe56	52089.8	0.0618205	55289.9	13211.3	13210.6
Si29	26984.3	0.273787	97671.3	44746.9	44746.5
Mg25	23268	0.139261	95892.8	43460.4	43460.2
Si28	26053.2	0.163049	65958.4	21209.5	21209.1
Si28	26053.2	0.308278	57108.1	12583.9	12583.6
Mg24	22335.8	0.198044	98452.5	45542.2	45542
Si28	26053.2	0.14535	39451.3	5522.12	5521.17
O16	14895.1	0.300532	30937	363.295	362.885
neutron	939.565	570.492	49130.1	9825.43	7956.69
neutron	939.565	1.49786	49130.1	9825.43	7956.69
Na24	22341.8	2.69877	49130.1	9825.43	7956.69
O16	14895.1	0.283303	62037.7	18522.3	18521.5
O16	14895.1	0.196054	94418.3	42550.8	42550
Si28	26053.2	0.203418	57026.7	15935	15934.2
O16	14895.1	0.264749	97964.5	44947.5	44947
O16	14895.1	0.582619	36461.6	3044.18	3043.55
O16	14895.1	0.789863	74805.8	28493.9	28493
O16	14895.1	0.193504	95475.8	43102.8	43102.5
O16	14895.1	0.579997	87039.5	37840.7	37839.9
O16	14895.1	0.218249	77132.2	30053.2	30052.7
O16	14895.1	1.00996	66603.6	22619	22618
O16	14895.1	0.442765	83220.1	31670.1	31669.3
Mg24	22335.8	0.262832	71363.1	22898.3	22898
neutron	939.565	324.408	64299.3	17806.1	17051.8
Al26	24200	0.557257	64299.3	17806.1	17051.8
Mg26	24196.5	0.298793	66355	23983.4	23982.6
O16	14895.1	0.828296	46121.5	10420.4	10419.5
O16	14895.1	0.923688	81852.1	34125.4	34124.5
Si28	26053.2	0.129497	69837.6	23240.4	23238.4
N15	13968.9	0.674231	57505.2	13157.6	12928.4
O16	14895.1	0.371403	50894.8	7955.24	7954.53
Si28	26053.2	0.118926	46444.1	4869.3	4868.91
Fe54	50231.2	0.0947744	98903.2	45753.4	45753
Fe56	52089.8	0.113371	65893.5	13205.9	13204.6
O16	14895.1	0.223366	49842.8	8899.77	8899.24
O16	14895.1	0.228705	93082.4	34876.4	34875.6
Si28	26053.2	0.153853	44804.6	8771.8	8771.38
O16	14895.1	0.400374	35875.2	2335.51	2333.83
Fe56	52089.8	0.0782196	61969.9	16393.8	16393.6
Si28	26053.2	0.171556	55477.3	12429.5	12428.7
O16	14895.1	0.226917	43078.3	4594.1	4593.8
O16	14895.1	0.457326	54756.3	15572.1	15570.6
Si29	26984.3	0.301558	98457.4	45474	45473.4
O16	14895.1	0.756779	84975.6	35416.7	35415.6
O16	14895.1	1.28967	67900.8	17898.1	17896.7
Mg24	22335.8	0.960028	56648.3	9346.23	9345.24
Fe56	52089.8	0.128418	89638.2	40139.9	40139.6
O16	14895.1	0.306737	85927.7	37764	37763.5
neutron	939.565	18.9817	75086.8	30247.5	29433.5
Na22	20482.1	0.0920908	75086.8	30247.5	29433.5
Si27	25130.8	0.194956	63144.6	21132.5	20622.7
neutron	939.565	544.579	82398	14436.8	13212.9
neutron	939.565	2.29611	82398	14436.8	13212.9
Na21	19553.6	0.131354	82398	14436.8	13212.9
O16	14895.1	1.00496	69957.1	25325.1	25324.1
Si28	26053.2	0.275556	98983.7	45816.8	45815.5
neutron	939.565	1.94687	93597.7	42221.9	41772.5
Ne21	19550.5	0.0561424	93597.7	42221.9	41772.5
O16	14895.1	0.309397	92822.7	41273.1	41272.2
Si28	26053.2	0.204315	82377.8	33312.4	33311.6
O16	14895.1	0.489807	60141	14961.9	14960.5
O16	14895.1	0.30636	59431.9	14546.4	14545.7
Si28	26053.2	0.383565	55228.3	10975.4	10973.9
Mg25	23268	0.760192	88205.3	37966.8	37965.6
O16	14895.1	0.603318	63666	15392.4	15391.8
O16	14895.1	0.191224	38441.4	4730.2	4729.19
Si28	26053.2	0.138505	33447.9	1377.36	1377.09
O16	14895.1	0.202548	81052.2	34263.9	34262.9
Fe56	52089.8	0.0558689	87315.9	37765.9	37765.5
O16	14895.1	0.83439	76763.5	29846.1	29845.1
Mg24	22335.8	0.277222	84661.9	33379.3	33378.7
O16	14895.1	0.312816	83606	32752.9	32752.3
O16	14895.1	0.246533	56885.2	12073.3	12073
O16	14895.1	0.553578	79388	32289.5	32288.5
O16	14895.1	0.279713	98407.3	45166.3	45165.7
Mg25	23268	0.191637	47891.2	9950.68	9950.47
O16	14895.1	0.199518	99548.2	46159.2	46157.7
Si28	26053.2	0.164315	76205.5	25922.2	25921.3
Si28	26053.2	0.26379	86930.4	27152.5	27152.2
Si28	26053.2	0.268689	96852.2	44449.7	44449.1
O16	14895.1	0.254443	80006.2	29501.9	29501.6
O16	14895.1	0.626381	78342.7	28285.7	28285
Mg24	22335.8	0.223357	38132.6	613.084	612.42
O16	14895.1	0.41023	56866.3	16893.8	16893.2
O16	14895.1	0.301936	36844.6	3980.31	3979.65
O16	14895.1	0.679739	59908.4	18819.3	18818.4
O16	14895.1	0.240415	68505.4	23720.3	23719.9
Mg24	22335.8	0.150142	86009.3	36590.9	36589.7
Mg26	24196.5	0.194744	39780.5	1140.44	1140.18
Mg25	23268	1.72911	64302.9	21465.4	21463.1
Mg24	22335.8	0.163078	58565.3	16333.6	16333.3
O16	14895.1	0.189385	69660.8	21610.6	21610.3
O16	14895.1	0.641362	55436	11603.1	11602.1
neutron	939.565	371.751	92598	41575.2	41033.6
neutron	939.565	129.616	92598	41575.2	41033.6
N13	12111.2	1.30339	92598	41575.2	41033.6
Si28	26053.2	0.251327	91347.3	38524.3	38523.5
O16	14895.1	0.384356	87661.8	27296.3	27295.1
Si28	26053.2	0.15923	77809.6	20539.6	20538.8
O16	14895.1	0.497079	63843.9	11299.3	11298.5
O16	14895.1	0.436562	63043.4	10779.1	10778.6
Mg24	22335.8	0.199816	50514.6	1588.72	1588.38
O16	14895.1	0.466424	39786.2	1816.12	1815.17
O16	14895.1	0.538989	87821.7	35976.3	35975.6
O16	14895.1	0.193629	87063.2	35520.8	35520.2
Si28	26053.2	0.243729	80907.6	31348.3	31347.9
Mg24	22335.8	0.346115	80688.5	31226.7	31226
alpha	3727.38	12.0277	66937.7	19833.9	10173.4
Na23	21409.2	4.00178	66937.7	19833.9	10173.4
O16	14895.1	0.295001	90426.8	40182.1	40181.5
neutron	939.565	1203.91	72371.9	24671.3	23253.5
neutron	939.565	169.813	72371.9	24671.3	23253.5
Ne20	18617.7	1.8415	72371.9	24671.3	23253.5
Mg24	22335.8	0.2096	75987.2	29613.6	29612.9
Si29	26984.3	0.113357	75603.5	29386.8	29386.5
Mg24	22335.8	0.278215	47912.9	7418.66	7418.31
Si28	26053.2	0.108434	43423.9	4518.26	4517.61
Si28	26053.2	0.220769	52547.7	13776.9	13776.5
O16	14895.1	0.434572	75674.3	28557.8	28557.2
Si28	26053.2	0.215869	68574.1	24248.6	24248.1
O16	14895.1	0.289465	35651.8	522.161	521.753
Mg24	22335.8	0.146973	51289.9	12452	12451.1
neutron	939.565	139.069	79367.9	31927.1	29894.7
neutron	939.565	95.9186	79367.9	31927.1	29894.7
neutron	939.565	41.985	79367.9	31927.1	29894.7
neutron	939.565	26.8865	79367.9	31927.1	29894.7
alpha	3727.38	3.99401	79367.9	31927.1	29894.7
O16	14895.1	0.215985	61536.5	16433.2	16432.8
Mg24	22335.8	0.167599	94632.1	42871	42870.7
O16	14895.1	0.317023	89273.5	37909.5	37908.5
Mg24	22335.8	0.216186	50653.9	11656	11655.5
Mg26	24196.5	0.121822	96299.8	43752.7	43751.6
O16	14895.1	0.230558	56366.6	11296.9	11296.5
Mg24	22335.8	0.340067	46150.7	3618.93	3618.46
Mg24	22335.8	0.151799	83202	33598.9	33598.7
O16	14895.1	0.218331	68145.9	24108.1	24107.9
Si28	26053.2	0.178838	63619.1	21378.9	21378.3
O16	14895.1	0.192356	45101.4	8258.43	8258.23
Mg24	22335.8	0.128107	92183.4	39248.7	39248.5
O16	14895.1	0.383988	79260.6	30725.1	30724.7
Si28	26053.2	0.235493	49735	10517.2	10516.8
Si28	26053.2	0.182665	34553.1	1092.52	1092.02
O16	14895.1	0.607521	77914.9	29789.8	29788.5
O16	14895.1	0.194078	96530.5	44146.9	44146.3
O16	14895.1	0.567725	81960	32946.2	32945.5
Si28	26053.2	0.280362	59435.4	17977.2	17976.5
Si28	26053.2	0.178121	99929.2	46380.6	46380.1
O16	14895.1	0.189404	48330.6	6861.06	6860.62
O16	14895.1	0.336275	38566.3	934.086	933.294
Mg24	22335.8	0.135852	66085.8	13984	13983.6
Si28	26053.2	0.122868	64071.2	12671.6	12671.3
Mg24	22335.8	0.465588	53462.6	5439.19	5438.26
Mg24	22335.8	0.164114	60211.3	16619.7	16618.2
O16	14895.1	0.237374	51801.1	10531.4	10531
O16	14895.1	0.211844	44358	4234.67	4234.41
Si28	26053.2	0.136238	81966.1	33510.8	33510.2
O16	14895.1	0.193525	63106.9	20020.2	20019.8
Si28	26053.2	0.108697	82233.1	33506.7	33506.4
Fe56	52089.8	0.155378	75917.7	29264.8	29264.3
O16	14895.1	0.203513	89779.8	38090.1	38089.7
O16	14895.1	0.985357	81683.5	32365.6	32364.2
Mg24	22335.8	2.06207	55495.3	11549.2	11547
O16	14895.1	0.416614	69027.9	23725.5	23725
Fe56	52089.8	0.103274	49831.5	11110	11109.5
Si28	26053.2	0.243088	99295.6	45947.6	45947.3
Si28	26053.2	0.10909	66798	21713.7	21713.1
Si28	26053.2	0.148582	96959.2	43417.1	43416.9
O16	14895.1	0.609212	55058	13127.9	13126.5
O16	14895.1	1.31494	73627.8	27153.7	27152
Si28	26053.2	0.191568	68656.3	23971.7	23970
Mg24	22335.8	0.164984	63016.8	20216.5	20216.2
O16	14895.1	0.205099	79362.1	30289.2	30288.9
O16	14895.1	0.393084	50343.5	8808.78	8808
Mg26	24196.5	0.138241	80368.2	30972.1	30971.7
O16	14895.1	2.71769	43234.5	2565.81	2562.31
Mg24	22335.8	0.275226	85879.8	35897.1	35896.2
O16	14895.1	0.593575	73291.2	26215.8	26214.9
O16	14895.1	0.68233	84515.4	35017.9	35016.7
O16	14895.1	0.252181	82881	33902.2	33901.8
Si28	26053.2	0.285818	50843	11420.5	11420
O16	14895.1	0.193074	56932.8	16379.9	16379.7
O16	14895.1	0.400273	69755.4	25160.9	25159.9
Si28	26053.2	0.146766	59172.5	6648.78	6648.54
O16	14895.1	0.460532	99727.2	46211.3	46210.7
O16	14895.1	0.502441	81666.5	33818.3	33817.1
O16	14895.1	0.19076	68802.5	18508.3	18507.4
Mg24	22335.8	0.183458	57532.5	9956.72	9956.14
Fe56	52089.8	0.125663	87665.1	37579.4	37579.1
O16	14895.1	0.328459	48190.5	10121.2	10120.7
neutron	939.565	2.75968	88759.3	39106.9	37807.8
C13	12109.5	0.572918	88759.3	39106.9	37807.8
O16	14895.1	0.303048	86947.9	36599.4	36598.3
O16	14895.1	0.518399	73142.5	26358.2	26357.3
Si28	26053.2	0.115387	72287.3	25762	25761.5
O16	14895.1	0.3641	50216.8	6526.88	6526.36
Mg24	22335.8	0.576125	40564.3	305.963	305.355
Mg24	22335.8	0.368164	40173.5	59.3925	57.8756
O16	14895.1	0.45215	53292.5	15434	15433.2
O16	14895.1	0.308382	37723.9	3539.94	3539.41
O16	14895.1	0.257281	55224.3	14234.9	14233.6
Mg24	22335.8	0.141322	34707.3	636.949	636.741
Si28	26053.2	0.361014	47111	10983.5	10983
O16	14895.1	0.202998	61454.5	11634.6	11634.3
O16	14895.1	0.415704	88133.5	38437.5	38436.7
O16	14895.1	0.314502	44415.3	8717.96	8717.63
Si28	26053.2	0.226595	51010.7	8775.08	8774.16
Si28	26053.2	0.125703	82993.1	32050	32049.8
Si28	26053.2	0.109604	57972	14584.8	14583.9
Si28	26053.2	0.131322	51935.9	13541	13540.8
Si28	26053.2	0.197239	46815	2421.39	2421
Si28	26053.2	0.159481	64130.5	8992.37	8991.34
O16	14895.1	1.03582	70852.7	25137.4	25136.3
Si28	26053.2	0.137546	70401.5	24852.1	24851.2
O16	14895.1	0.214124	44071.1	5648.43	5648.02
Si28	26053.2	0.113476	85744.4	29581.3	29580.3
Si28	26053.2	0.525364	83496.4	27812.6	27811.2
O16	14895.1	1.16981	73280	20346.8	20344.6
Si28	26053.2	0.528894	52584	5495.77	5494.87
O16	14895.1	0.521732	97217.5	41147.2	41146.5
Si28	26053.2	0.202838	84361.5	36178.8	36178.1
Mg26	24196.5	0.137306	63590.9	20469.4	20469.2
C14	13040.9	4.40101	92800.9	40293.9	40044.4
Si28	26053.2	0.171358	63271	19150.1	19148.9
Mg25	23268	0.146188	54373.8	10929.8	10928.9
O16	14895.1	0.213885	63731.5	20001.8	20000.5
Si30	27913.2	0.191698	45174.8	8386.21	8385.21
Mg24	22335.8	0.15712	41588.6	5555.83	5555.64
Si28	26053.2	0.196342	96474.6	43703.7	43703.5
O16	14895.1	0.570088	65529.2	22168.9	22168.2
O16	14895.1	0.399284	45087.9	8338.45	8337.73
Si28	26053.2	0.108197	96786.1	43989.9	43989.4
Mg24	22335.8	0.191802	68370.2	23292.2	23291.9
O16	14895.1	0.19771	62805.5	19389.4	19388.4
Fe56	52089.8	0.0667471	59919.2	17183.5	17182.6
Mg24	22335.8	0.204699	56431.5	14188.6	14188.1
O16	14895.1	0.412323	45368.6	6404.39	6403.56
O16	14895.1	0.373484	83765.4	35706.5	35705.9
neutron	939.565	158.838	53216.1	14041.1	12409.2
neutron	939.565	5.94396	53216.1	14041.1	12409.2
neutron	939.565	5.80269	53216.1	14041.1	12409.2
neutron	939.565	5.18142	53216.1	14041.1	12409.2
neutron	939.565	1.59951	53216.1	14041.1	12409.2
Ne20	18617.7	3.38112	53216.1	14041.1	12409.2
Si28	26053.2	0.250061	48807.6	9555.33	9554.94
Mg26	24196.5	0.18761	84526.5	34156.9	34156.6
O16	14895.1	0.340771	76981.1	29195.2	29194.4
O16	14895.1	0.201315	72576.3	25655.2	25654
Si28	26053.2	0.113711	67950.3	22595.8	22595
Si28	26053.2	0.36946	53986	12835.4	12834.4
Mg24	22335.8	0.216882	37990.5	2745.64	2744.89
neutron	939.565	235.033	78881.3	31872.9	31389.5
neutron	939.565	207.717	78881.3	31872.9	31389.5
N13	12111.2	3.75187	78881.3	31872.9	31389.5
Mg24	22335.8	0.270611	66625	23043.6	23043.3
O16	14895.1	0.275295	52499.7	12458.7	12458.3
Mg24	22335.8	0.344414	86561.7	28197.8	28197.4
O16	14895.1	0.372932	77945.6	21393.5	21393
O16	14895.1	0.689808	71411.6	24654.4	24653.6
O16	14895.1	0.908327	52612.1	11181.8	11180.7
Mg24	22335.8	0.38964	80371.6	30994.3	30993.4
O16	14895.1	0.328851	60407.9	13662.9	13661.2
Si28	26053.2	0.123986	40736.8	139.88	139.579
O16	14895.1	0.297005	72012.4	26260.7	26260.4
Si29	26984.3	0.136206	93265.6	41861	41860.1
Mg24	22335.8	0.653108	57265.9	16252.7	16251.8
O16	14895.1	0.193395	47914.1	8836.84	8836.56
O16	14895.1	0.399467	96659.5	44285.2	44284.6
O16	14895.1	2.64511	73041.3	28733.3	28730.5
neutron	939.565	182.04	61283.5	20076.5	10883.7
N14	13040.2	0.993323	61283.5	20076.5	10883.7
O16	14895.1	0.223658	52013.5	11021.1	11020.2
O16	14895.1	0.556107	46643.4	7422.49	7421.71
O16	14895.1	0.281773	87233	36784.6	36783.6
Si28	26053.2	0.109301	72555.4	24672.7	24672.5
O16	14895.1	0.211808	36429	1373.85	1373.54
Si28	26053.2	0.199658	88101	38533.6	38533.2
Mg24	22335.8	0.348428	76286.6	28607.2	28606.5
Si28	26053.2	0.138014	89288	36391.3	36391.1
Mg26	24196.5	0.302321	80067.1	32411.1	32409.5
O16	14895.1	0.643077	80058.5	32406.4	32404.6
Mg25	23268	0.811333	62376	20308.3	20306.9
Mg25	23268	0.193808	41726.7	5784.97	5784.53
O16	14895.1	0.244972	94010	42354.9	42353.7
O16	14895.1	0.319397	99866.7	46323.8	46322.6
O16	14895.1	0.243825	95920.4	42897.6	42895.8
O16	14895.1	0.320426	86822.7	37346.4	37344.9
Mg24	22335.8	0.294828	82838.6	34757.4	34756.4
neutron	939.565	176.193	98581.4	45350.9	36368.6
neutron	939.565	90.2053	98581.4	45350.9	36368.6
B11	10252.5	5.83912	98581.4	45350.9	36368.6
O16	14895.1	0.218658	94934.5	33880.3	33879.6
O16	14895.1	0.318078	66914.8	22728.9	22728.1
Si28	26053.2	0.216868	48589.6	9999.27	9998.01
O16	14895.1	0.22845	47394.8	9204.86	9204.42
Mg24	22335.8	0.136633	92089.6	40726.4	40726
O16	14895.1	0.474514	58408.5	10778.3	10777.4
neutron	939.565	96.6912	81920.3	33753.8	33352.1
neutron	939.565	47.1646	81920.3	33753.8	33352.1
neutron	939.565	25.234	81920.3	33753.8	33352.1
neutron	939.565	8.00725	81920.3	33753.8	33352.1
neutron	939.565	6.15666	81920.3	33753.8	33352.1
alpha	3727.38	11.7751	81920.3	33753.8	33352.1
Si28	26053.2	0.234721	44031.1	6623.77	6622.6
O16	14895.1	0.236635	85627.9	36029.6	36028.3
O16	14895.1	0.202876	76533	27075.6	27074.1
O16	14895.1	0.80419	63919.3	18730.8	18729.8
O16	14895.1	0.588222	55657.5	12370.5	12369.8
Si28	26053.2	0.129922	40162	2680.03	2679.04
O16	14895.1	0.205061	90393.3	38174.4	38173.5
O16	14895.1	0.229208	59591.6	10436.1	10435.5
O16	14895.1	0.194923	49168.9	4115.26	4114.85
Si28	26053.2	0.125243	44116.8	4507.07	4506.82
Ne21	19550.5	4.90747	91689.7	41146.3	40364
O16	14895.1	0.435349	56719.1	14445.6	14444.5
O16	14895.1	0.806846	93720.6	38584.1	38583.2
O16	14895.1	0.363663	66495	20195.1	20194.5
Si28	26053.2	0.254882	95930.5	43540.1	43539.2
O16	14895.1	0.199382	68714.8	13391.8	13391.5
O16	14895.1	0.540828	96070.4	43976.1	43975.4
O16	14895.1	0.423831	82073.7	25824.1	25822.9
Mg24	22335.8	0.271087	58154.1	15307.7	15306.7
O16	14895.1	0.572818	94297.8	42574.6	42573.6
Mg24	22335.8	0.130002	81995.4	34587.8	34587.5
O16	14895.1	0.193775	59909	15672.5	15672.1
O16	14895.1	0.571144	84067.1	36028.8	36028.1
O16	14895.1	0.86439	74048.8	28593.5	28592.4
O16	14895.1	0.200496	66725.6	23500	23499.1
O16	14895.1	0.376226	51643.9	11437.6	11437.2
Mg24	22335.8	0.202719	63526.7	18736.5	18736.2
Si28	26053.2	0.174865	78856.3	32458.7	32458.4
Si28	26053.2	0.115314	74238.3	29369.4	29369
O16	14895.1	0.562715	38901.7	5200.87	5199.73
O16	14895.1	0.217627	37847.5	4600.06	4599.82
O16	14895.1	0.249447	99628.8	46174.7	46174.4
O16	14895.1	0.531223	73690.8	26761.7	26760.9
O16	14895.1	0.216401	94487.5	42899.1	42898.3
O16	14895.1	0.264565	73453.5	29119.9	29118.3
Si28	26053.2	0.714518	65842.7	23057.2	23056.1
neutron	939.565	290.427	78742	32805.6	32326.6
neutron	939.565	1.81883	78742	32805.6	32326.6
Al25	23271.8	1.10899	78742	32805.6	32326.6
Si28	26053.2	0.197863	75716.7	30002.1	30001.8
Si28	26053.2	0.157008	68257.3	23510.4	23509.5
Fe56	52089.8	0.219836	55238	14615.6	14614.7
O16	14895.1	0.282436	84714.7	35699	35698
O16	14895.1	0.292159	74383.4	24974.4	24974
O16	14895.1	0.261513	69330	21518.9	21518.5
Mg24	22335.8	0.204243	97855.9	44949.5	44948.8
Si29	26984.3	0.122272	97470.7	44731.8	44731.6
Si28	26053.2	0.237123	76441.2	29977.4	29977
O16	14895.1	0.836449	91644.3	39254.5	39252.8
Si28	26053.2	0.270289	39700.8	131.567	130.546
Mg24	22335.8	0.207144	77388.1	29080.8	29080.1
Mg24	22335.8	0.463298	63162.9	17185.6	17185.1
O16	14895.1	0.460269	51460.4	7891.47	7890.68
O16	14895.1	0.34147	87411.3	38415.9	38415.3
Si28	26053.2	0.234904	76348.5	31045.3	31044.5
Si28	26053.2	0.122487	91160.3	40599.6	40599.5
O16	14895.1	0.891355	52253.4	11151.1	11150.1
Si28	26053.2	0.156446	48239.4	8681.15	8680.74
Si28	26053.2	0.210532	35416.2	294.039	293.733
Si28	26053.2	0.109597	41864	2997.68	2997.45
Mg25	23268	0.83303	66869.2	21119	21118.1
Mg24	22335.8	0.607344	63075.5	18765.3	18764.4
O16	14895.1	0.814292	48693.2	8862.48	8861.6
Si28	26053.2	0.129846	86037.9	36187.3	36187.1
Si28	26053.2	0.112506	84265.1	35535	35533.9
O16	14895.1	0.735164	67102.8	22964.6	22963.6
Mg24	22335.8	0.146825	52884.1	12957.8	12957.1
O16	14895.1	0.29172	69772.5	26302.5	26301.9
O16	14895.1	0.547207	58180	18309.1	18308.5
O16	14895.1	0.197243	35663.9	2026.63	2025.04
Mg24	22335.8	0.22905	95980.8	42971.7	42971.5
Mg24	22335.8	0.139386	84211.1	34783.4	34782.9
Mg24	22335.8	0.2447	52075.1	12629.5	12628.7
O16	14895.1	0.202806	48264.5	8927.11	8926.31
O16	14895.1	1.11468	39364.5	3163.58	3162.25
O16	14895.1	0.240402	68190.4	21717.3	21716.9
O16	14895.1	0.251408	66121.7	20318.7	20318.3
neutron	939.565	204.757	91269.1	40671.7	38666.8
neutron	939.565	171.389	91269.1	40671.7	38666.8
neutron	939.565	6.79063	91269.1	40671.7	38666.8
Be8	7454.85	10.1195	91269.1	40671.7	38666.8
neutron	939.565	2883.25	66036.7	18539.2	15074.3
neutron	939.565	539.216	66036.7	18539.2	15074.3
N13	12111.2	4.64752	66036.7	18539.2	15074.3
O16	14895.1	0.216784	49157.9	3698.14	3697.62
Fe56	52089.8	0.0847727	60053.6	15836.8	15836.5
O16	14895.1	0.246372	93182.5	41148.8	41148.5
Mg24	22335.8	0.237218	91082.8	39842.3	39842
O16	14895.1	0.748946	84421.2	35050.9	35049.5
O16	14895.1	0.199047	49549.6	9321.79	9321.48
Si28	26053.2	0.375599	96173.4	43407.8	43407.3
O16	14895.1	0.229692	78133	30306.5	30306
O16	14895.1	0.643392	72479	26076.8	26075.6
O16	14895.1	0.310512	48450.5	8470.59	8470.22
Si28	26053.2	0.113928	48047.6	8216.91	8216.58
O16	14895.1	0.315365	46256.2	10920.3	10919.2
O16	14895.1	0.192268	82585.2	34014.5	34014.1
O16	14895.1	0.43239	43530	6802.93	6802.47
O16	14895.1	0.812173	59638.2	12752.9	12751.9
Mg24	22335.8	0.479083	58444.8	16984.2	16983.5
O16	14895.1	0.338181	49583	11550.6	11549.7
O16	14895.1	0.53558	80470.4	31533.9	31533.4
O16	14895.1	0.472398	77225.2	29255.2	29253.4
Mg24	22335.8	0.276106	54611.6	4634.29	4634.01
Si28	26053.2	0.175287	48199	862.552	861.737
O16	14895.1	0.19506	66931.2	21187	21186.6
O16	14895.1	0.246511	53388.8	11459.8	11458.9
Mg24	22335.8	0.236792	63118.7	16954.1	16953.3
Mg24	22335.8	0.292933	59044.2	13240.1	13238.8
O16	14895.1	0.212247	48682.4	6343.06	6342.6
Si28	26053.2	0.646825	50825.8	14201.1	14200.2
Mg24	22335.8	0.29597	63688.2	21451.8	21451.1
Mg24	22335.8	0.174849	94850.8	41880.5	41880.2
O16	14895.1	0.197078	59831.7	19385.5	19385
Si28	26053.2	0.260988	57701.1	17612.3	17611.8
Si28	26053.2	0.140899	88432.7	35061.9	35061.6
O16	14895.1	0.276646	97212.6	44771.5	44771.2
Si28	26053.2	0.19372	95235.9	43403.6	43403.4
O16	14895.1	0.285837	84134.5	35935.3	35934.9
Mg24	22335.8	0.538726	67339.2	19807.2	19806.5
Si28	26053.2	0.359398	48755.3	7612.4	7611.99
O16	14895.1	0.310954	77903.9	15703.5	15703
Mg24	22335.8	0.146332	64482	6936.17	6935.92
Mg24	22335.8	0.228013	52485.5	11353.1	11352.4
O16	14895.1	0.232084	57452.8	14040.2	14039.5
Mg24	22335.8	0.167168	69824.2	25451.3	25450.8
Mg24	22335.8	0.170293	46022.2	7920.73	7920.52
O16	14895.1	0.317076	87945.5	38162.2	38161.4
Mg24	22335.8	0.145296	86609.1	36999.8	36999.2
O16	14895.1	0.554129	90581.7	31791.7	31791.1
neutron	939.565	209.983	80613.6	24958	23649.3
C14	13040.9	0.694716	80613.6	24958	23649.3
Si28	26053.2	0.292483	85457.1	31263.9	31263.6
Si28	26053.2	0.124056	98789.5	45303.9	45303.4
O16	14895.1	0.239562	76851.3	30176	30175.7
O16	14895.1	0.273482	49860.5	10102.2	10101.7
Mg24	22335.8	0.352638	91297.5	39946.6	39946.2
O16	14895.1	0.211723	50831.2	11998.3	11997.9
neutron	939.565	172.62	48710	10633.5	10328.2
neutron	939.565	95.8102	48710	10633.5	10328.2
O14	13044.8	6.97863	48710	10633.5	10328.2
O16	14895.1	0.240974	90835	39490	39489.7
C14	13040.9	0.621445	64274.8	18690.3	16702.2
O16	14895.1	0.388824	40441.5	750.246	749.854
O16	14895.1	0.209831	69415.7	23843.9	23843.5
neutron	939.565	37.3139	46497.3	7967.06	7600.51
N14	13040.2	0.778468	46497.3	7967.06	7600.51
Si28	26053.2	0.16442	39775.4	3301.67	3301.12
Si27	25130.8	1.0055	97513	44860.5	44612.2
Mg25	23268	0.685299	58212.2	14132.1	14131
O16	14895.1	0.210015	97679.3	45026.1	45025.3
O16	14895.1	0.305706	89316.3	39488.7	39488.3
Si28	26053.2	0.123148	71224.7	27006.1	27005.8
neutron	939.565	332.288	68424.1	25278.7	24662.5
C13	12109.5	1.55409	68424.1	25278.7	24662.5
Mg24	22335.8	0.388626	43474	5596.43	5595.55
O16	14895.1	0.379899	77305.9	26927.7	26927.2
Si28	26053.2	0.3273	37829.2	604.036	603.53
neutron	939.565	1056.45	99554.6	46167.5	40464.8
neutron	939.565	11.7773	99554.6	46167.5	40464.8
alpha	3727.38	4.33378	99554.6	46167.5	40464.8
Be8	7454.85	3.90375	99554.6	46167.5	40464.8
Si28	26053.2	0.241932	97959.2	45201.8	45201.5
Mg24	22335.8	0.160768	73721.4	19567.5	19567.3
O16	14895.1	1.21442	91027.5	40425.4	40424
neutron	939.565	171.746	39240.8	3443.94	3078.16
neutron	939.565	150.202	39240.8	3443.94	3078.16
Mg24	22335.8	0.157515	39240.8	3443.94	3078.16
Si28	26053.2	0.125432	82600.6	35107.6	35107
O16	14895.1	0.227049	78885.4	32470.4	32469.9
Mg24	22335.8	0.180578	63976.3	21976.7	21976.3
O16	14895.1	0.469535	57743.8	15022.3	15021.8
Fe56	52089.8	0.067863	83350.9	35073.4	35073
Mg25	23268	0.260666	48212.1	10318.3	10318.1
Mg24	22335.8	0.208161	64011.8	19198.2	19197.7
Si28	26053.2	0.343853	47757.9	8813.1	8812.61
Mg26	24196.5	0.262695	79445.6	29274.3	29273.8
O16	14895.1	0.29013	47866.5	8098.78	8098.49
O16	14895.1	0.244326	81964	33830.1	33828.9
Si28	26053.2	0.130419	57974.8	17651	17650.2
Si28	26053.2	0.173651	42888.9	7371.15	7370.94
Si28	26053.2	0.120369	31348.3	112.971	111.916
Si30	27913.2	0.593383	85699.7	36595.4	36594.8
O16	14895.1	0.297397	79054.3	27657.1	27656.7
neutron	939.565	2.2492	92607.5	41570.9	32484.9
neutron	939.565	0.249935	92607.5	41570.9	32484.9
C12	11174.9	1.15418	92607.5	41570.9	32484.9
O16	14895.1	0.526244	92298.5	32315.6	32315
neutron	939.565	281.492	98533.1	45218.8	44554.1
Mg26	24196.5	0.838942	98533.1	45218.8	44554.1
O16	14895.1	0.953275	62891.1	19741.7	19740.1
O16	14895.1	0.516861	61548.9	12147.9	12147.4
Mg24	22335.8	0.296009	86583.3	37412.1	37411.8
Si28	26053.2	0.252809	73464.4	23222.8	23221.8
Mg26	24196.5	0.144125	67290.5	18567.6	18567.1
Si28	26053.2	0.125135	92509.2	41158	41157.8
Si28	26053.2	0.146697	73137.5	27510.9	27510.5
Fe57	53021.7	0.0614001	63213.4	20493.6	20493.4
Si28	26053.2	0.122695	48873.8	10405.2	10404.8
O16	14895.1	0.217848	94906.8	40615.9	40615.6
Si28	26053.2	0.12895	98624.3	44984.1	44983.8
O16	14895.1	0.515779	38153.7	393.807	392.846
O16	14895.1	0.432898	92661.3	41082.3	41080.2
neutron	939.565	822.144	65644.9	22189.4	19963.5
neutron	939.565	538.694	65644.9	22189.4	19963.5
neutron	939.565	10.4307	65644.9	22189.4	19963.5
neutron	939.565	6.71878	65644.9	22189.4	19963.5
neutron	939.565	1.6841	65644.9	22189.4	19963.5
alpha	3727.38	2.29328	65644.9	22189.4	19963.5
Mg24	22335.8	0.167129	61542.1	17375.6	17375
O16	14895.1	0.272835	48326.9	5822.4	5822.11
O16	14895.1	0.328486	43554.4	2852.54	2851.99
O16	14895.1	0.277009	86229.8	36988.8	36988.3
Mg24	22335.8	0.379617	83812	33975.1	33972.6
Mg24	22335.8	0.273713	78595.2	30726.9	30726.6
Si29	26984.3	0.189629	75870.7	26777	26776.8
neutron	939.565	231.706	65155.7	19025.8	18352.3
neutron	939.565	1.47305	65155.7	19025.8	18352.3
N14	13040.2	0.275457	65155.7	19025.8	18352.3
Mg24	22335.8	0.134243	55346.2	11800.5	11800.2
O16	14895.1	0.431044	54138.5	11099.4	11097.3
O16	14895.1	0.560281	61658.9	1295.01	1294.24
O16	14895.1	0.357777	82765.5	34377.2	34375.1
O16	14895.1	0.746512	74283.6	26237.8	26236.9
Si30	27913.2	0.110499	61645.7	15682.7	15681.7
Fe56	52089.8	0.0558512	54716.2	10763	10763
O16	14895.1	0.504965	98804.2	45711.2	45710.7
Mg24	22335.8	0.143413	51471.2	9236.16	9235.99
O16	14895.1	0.237731	37125	429.428	429.09
O16	14895.1	0.198959	83359.4	30994.9	30994.3
O16	14895.1	0.31355	97638.9	44782.1	44781.8
O16	14895.1	0.239336	92875.1	41371	41370.8
Si29	26984.3	0.136178	37983.3	2504.56	2504.37
O16	14895.1	1.35208	99845.5	46331	46329.5
Si28	26053.2	0.21399	95359.6	42212.7	42212.4
Mg24	22335.8	0.273878	89198.7	38568.4	38567.9
O16	14895.1	0.450908	66677.3	22707.6	22706.7
Si28	26053.2	0.153958	97163.8	44030.3	44029.3
neutron	939.565	143.543	92750.5	40911	40112.2
neutron	939.565	109.169	92750.5	40911	40112.2
C12	11174.9	2.17734	92750.5	40911	40112.2
O16	14895.1	0.239037	42623.5	208.181	207.847
Si28	26053.2	0.134149	74370.1	28215.1	28214.4
O16	14895.1	0.206398	54293.2	14507	14506.6
Mg24	22335.8	0.831301	46187.5	7401.95	7400.09
Mg24	22335.8	0.295554	95924.7	43613.9	43613
Mg25	23268	0.319415	98981.6	45786.8	45786.5
O16	14895.1	0.355637	93853.7	42060.4	42059.9
O16	14895.1	0.206422	85625.4	34677.9	34677.5
Fe56	52089.8	0.12605	76455	27080.1	27080
O16	14895.1	0.251652	74516.7	25773.9	25773.5
O16	14895.1	0.257738	44510.4	6272.25	6270.47
Mg24	22335.8	0.330948	78450.2	30652.7	30652.1
O16	14895.1	2.58964	52044.5	11226.3	11223.5
O16	14895.1	0.288548	91178.7	40371.8	40371.2
O16	14895.1	0.316783	54026.1	10084.6	10083.8
Si28	26053.2	0.591411	46326.5	7211.81	7211.21
O16	14895.1	0.392224	68157.3	24289	24288.4
neutron	939.565	33.816	91215.8	40966.9	40626
neutron	939.565	4.66993	91215.8	40966.9	40626
alpha	3727.38	24.6766	91215.8	40966.9	40626
Li6	5601.52	3.29746	91215.8	40966.9	40626
Mg26	24196.5	0.33519	80152.1	32407.9	32406.7
O16	14895.1	0.223872	64479.7	19436.8	19436.1
O16	14895.1	0.391882	93766	42291	42289.5
neutron	939.565	42.6788	70536.7	18268.6	17649.1
neutron	939.565	42.4193	70536.7	18268.6	17649.1
C12	11174.9	6.72076	70536.7	18268.6	17649.1
neutron	939.565	83.1193	83242.9	32431.4	32062.1
neutron	939.565	0.722309	83242.9	32431.4	32062.1
C12	11174.9	7.44367	83242.9	32431.4	32062.1
O16	14895.1	0.330349	59447.7	16004.3	16003.7
Mg26	24196.5	0.510418	56420.9	13050.2	13049.6
Mg26	24196.5	0.229391	81246.9	33961.9	33961.6
O16	14895.1	0.251077	47527.9	9766.4	9765.93
neutron	939.565	1.08415	88855.7	38289.7	37923.9
C13	12109.5	0.613877	88855.7	38289.7	37923.9
Si28	26053.2	0.182691	85144.9	33938	33937
Mg24	22335.8	0.362051	75727.6	22368.5	22367.7
Si28	26053.2	0.184329	71754.8	19827.1	19826.8
O16	14895.1	0.202551	97140.5	44455.7	44455.5
Si28	26053.2	0.27822	91870.3	38351.9	38351.3
Mg24	22335.8	0.369875	84159.4	33363.3	33362.4
O16	14895.1	0.207297	63065	19341.8	19341.6
Mg24	22335.8	0.2321	83433.4	35358.3	35357.7
O16	14895.1	0.19406	89910	40229.3	40229
Mg24	22335.8	0.195325	76312.6	27665.2	27664.9
Si28	26053.2	0.244185	72818.5	25416	25415.2
O16	14895.1	0.227541	65485.9	20701.5	20700.3
O16	14895.1	0.196952	91598.1	40075.4	40075.2
Mg24	22335.8	0.320179	90497.6	39348.1	39347.4
Mg24	22335.8	0.134356	89235.8	38097.4	38097.1
Si28	26053.2	0.118671	78270.8	30347.2	30347
Si28	26053.2	0.120129	57898.5	14946.8	14945.5
O16	14895.1	2.89142	98352.6	44921.8	44918.9
O16	14895.1	0.581116	70873	26064.5	26063.9
Mg25	23268	0.229362	60928.5	19476.2	19475.4
Mg24	22335.8	0.200229	58007	17428.8	17428.2
O16	14895.1	0.499272	56335	16277.9	16277.3
O16	14895.1	0.232723	37144.6	3825.07	3824.44
Mg26	24196.5	0.240809	87593.5	36522.7	36522.3
Si28	26053.2	0.142158	48226.7	8703.44	8703.19
neutron	939.565	568.954	83808.6	34709.8	33528.8
neutron	939.565	546.634	83808.6	34709.8	33528.8
alpha	3727.38	4.42439	83808.6	34709.8	33528.8
Be8	7454.85	0.913222	83808.6	34709.8	33528.8
O16	14895.1	0.388947	80758.4	31537.4	31536.8
O16	14895.1	0.19774	76520	27941.7	27940.2
O16	14895.1	0.328182	57560.1	14170.2	14169.7
Mg24	22335.8	0.279568	67645.5	14569.7	14569.4
neutron	939.565	2142.66	82372.9	31655.5	28291.7
neutron	939.565	6.25928	82372.9	31655.5	28291.7
Ne21	19550.5	1.91707	82372.9	31655.5	28291.7
O16	14895.1	2.17451	56258.4	15511.9	15509.6
Si28	26053.2	0.128024	49910	11400.6	11400.3
Si28	26053.2	0.507134	85194.2	36325.2	36324.5
O16	14895.1	0.204969	69021.7	24459.8	24459.6
Si28	26053.2	0.148241	45601.7	9285.65	9285.43
O16	14895.1	0.63645	32290.8	1245.33	1243.52
O16	14895.1	0.23	88099.7	39043	39042.2
O16	14895.1	1.33532	97187.8	44535	44533.3
Mg24	22335.8	0.157981	94106.9	42373.4	42373
O16	14895.1	0.464622	61884.2	13829.9	13829.2
O16	14895.1	0.241702	53204.6	8996.1	8995.61
Mg26	24196.5	0.799637	86103.9	33219.1	33218.3
Si28	26053.2	0.163983	68010.8	19415.5	19414.2
Si28	26053.2	0.13175	61871.8	15402.3	15400
O16	14895.1	0.415925	57567.1	12655.2	12654.7
Si28	26053.2	0.191163	84601.8	36294.2	36293.7
Si28	26053.2	0.254644	86599.8	36310.9	36310.2
O16	14895.1	0.42593	72846.1	27071.6	27069.6
Si28	26053.2	0.152935	53123	10729.4	10729
O16	14895.1	0.21819	86273.6	36526.7	36526.3
O16	14895.1	0.338927	50879.9	10307.2	10306.7
Mg24	22335.8	0.161789	75316.1	30672.9	30672.7
O16	14895.1	1.19548	64716.1	19633.3	19631.8
O16	14895.1	0.205542	59525.4	14946.3	14945.7
O16	14895.1	0.28374	97583.9	44944.2	44943.9
O16	14895.1	0.515849	99366.1	45161.6	45160
O16	14895.1	0.265167	66956.5	12115.2	12114.5
O16	14895.1	0.205279	57144.6	3110.74	3110.02
O16	14895.1	0.192907	96430	43842.5	43841.4
O16	14895.1	0.270158	72540.6	27421.8	27421.5
Si28	26053.2	0.131802	95203.7	43014.2	43013.8
O16	14895.1	0.604959	59814.6	18128	18127.1
O16	14895.1	0.210315	40231.2	3709.71	3708.42
O16	14895.1	0.199632	86255.4	34031.1	34030.9
Mg24	22335.8	0.151815	71485.4	24177.6	24177.1
O16	14895.1	0.590278	58708.1	15855.1	15853.8
Mg24	22335.8	0.156003	84864.5	34048.1	34047.8
O16	14895.1	0.310976	82270.3	32316	32315.5
Si28	26053.2	0.117342	40609.3	1856.65	1855
O16	14895.1	0.338442	89704.8	38057.1	38056.3
Mg24	22335.8	0.1296	65258.2	15568.4	15568.1
Fe56	52089.8	0.0592159	59555.2	10937	10936.8
Si28	26053.2	0.117965	71364.9	21486.2	21485.5
O16	14895.1	0.383061	80278.8	31523.1	31522.4
O16	14895.1	0.194461	62601.3	18911.1	18910.8
O16	14895.1	0.240309	89093.1	39092.6	39091.7
Si28	26053.2	0.111293	78408.1	29551.9	29551.3
O16	14895.1	0.245318	56129.2	14211.4	14210.9
Fe56	52089.8	0.172831	69822.3	19702.7	19702.2
O16	14895.1	0.369532	56308.5	9814.67	9813.6
Mg24	22335.8	0.172798	42281.8	600.176	599.774
Si28	26053.2	0.216644	93662.9	41843.8	41842
neutron	939.565	6.96378	54803.3	15255.2	14726.3
neutron	939.565	2.45433	54803.3	15255.2	14726.3
Na22	20482.1	1.65906	54803.3	15255.2	14726.3
Si28	26053.2	0.14349	94009.2	41823.6	41823.4
O16	14895.1	0.334046	82490.1	32293.5	32292.8
Si28	26053.2	0.807149	80817.1	31176.8	31175.7
O16	14895.1	0.261864	79790.4	30478.1	30477.6
Si30	27913.2	0.205741	65336.5	19689.7	19688.2
O16	14895.1	0.391853	38114.1	486.46	486.058
O16	14895.1	0.194755	77189	30163.4	30163
Fe56	52089.8	0.159719	87707.9	37033.6	37031.8
O16	14895.1	0.906534	66184.5	21850.3	21849.2
O16	14895.1	0.420703	90307.3	39264.3	39263.8
Mg24	22335.8	0.146818	80615.5	33260.1	33259.5
Fe56	52089.8	0.0548321	80586	33238.8	33238.6
Mg24	22335.8	0.195513	44566.3	513.78	512.944
Si28	26053.2	0.172677	36089	171.113	170.77
O16	14895.1	0.623865	77877.4	29906.5	29905.7
O16	14895.1	0.532587	77665.8	30213.8	30213.3
O16	14895.1	0.394412	63207.1	20846.7	20846.2
O16	14895.1	0.242691	51235.1	11409	11408.5
O16	14895.1	0.35802	41735.3	4188.01	4187.32
O16	14895.1	0.469943	94006.7	42583.7	42582.3
O16	14895.1	0.294493	72444.8	26463.9	26462.1
O16	14895.1	0.313937	93159.9	41429	41428.4
Si28	26053.2	0.195478	69187.8	25578.3	25578
Si28	26053.2	1.30192	56735	15344.4	15342.7
O16	14895.1	0.225853	79801.9	32556.6	32556.4
Si28	26053.2	0.735622	76571.8	30655	30654.2
Si28	26053.2	0.172715	43371.7	6335.34	6334.63
O16	14895.1	0.699032	36614.6	2125.39	2124.66
Si28	26053.2	0.142481	81388	34096.3	34095.8
O16	14895.1	0.219851	46958.1	11452.3	11451.2
O16	14895.1	0.968275	72106.1	25565.1	25564
O16	14895.1	0.264955	97699.2	44942.2	44941.6
Mg24	22335.8	0.263168	89359.4	37513.7	37511.6
Mg26	24196.5	0.141158	88764.6	37134.3	37134.2
neutron	939.565	34.9479	58758.9	16778.4	16455.3
neutron	939.565	9.86939	58758.9	16778.4	16455.3
alpha	3727.38	6.1515	58758.9	16778.4	16455.3
alpha	3727.38	10.526	58758.9	16778.4	16455.3
alpha	3727.38	6.03394	58758.9	16778.4	16455.3
Si28	26053.2	0.214127	93943.3	42314.7	42314.2
O16	14895.1	0.860726	71031.5	25589.7	25588.7
O16	14895.1	0.629583	85311.8	36119.9	36119.1
O16	14895.1	0.293269	64015.6	20390.4	20389.5
O16	14895.1	0.257905	61870.3	19108.3	19107.6
O16	14895.1	1.72104	57647.3	16274	16271.2
N14	13040.2	0.410568	86991.8	36994.3	35926.3
O16	14895.1	0.465636	82336.7	32727.6	32726.7
O16	14895.1	0.934328	96777.6	44021.3	44019.8
Mg24	22335.8	0.887204	96060.8	43951.6	43950.2
O16	14895.1	0.211571	91733.8	40322.1	40321
O16	14895.1	0.252677	38850.1	3778.65	3778.39
O16	14895.1	0.421849	61153.6	16420.6	16419.7
Mg24	22335.8	0.215458	59756.5	15548	15547.6
Mg24	22335.8	0.142566	52472.6	10760.4	10760.2
O16	14895.1	0.722666	38116.1	1793.45	1792.59
Si30	27913.2	0.200331	84423.2	34160.3	34159.8
O16	14895.1	0.209227	45032	5536.12	5535.61
O16	14895.1	0.203445	53282.8	14816.8	14816.3
Si28	26053.2	0.554255	82525.5	32484.1	32483.3
Si28	26053.2	0.193601	78400.7	29497.4	29495.9
O16	14895.1	0.31377	57565.6	16136.9	16136.4
O16	14895.1	0.216777	42066.9	3331.56	3330.68
O16	14895.1	0.259404	73063.1	21320.1	21319.3
Si28	26053.2	0.132488	50560.1	6196.5	6196.25
Si28	26053.2	0.116601	90828.3	40069.6	40069.4
neutron	939.565	493.896	84035.2	35719.6	33966.1
neutron	939.565	2.47591	84035.2	35719.6	33966.1
Mg24	22335.8	0.173249	84035.2	35719.6	33966.1
O16	14895.1	0.991872	70999.6	24261.6	24260.5
Mg24	22335.8	0.128681	47011.9	8655.55	8655.13
O16	14895.1	0.588207	86088.1	36649.9	36649.3
O16	14895.1	0.634725	83432.1	34813.3	34812.7
O16	14895.1	0.228254	83461.1	32685.1	32684
Fe56	52089.8	0.0618681	87902.9	36221.6	36221.1
O16	14895.1	1.28324	99114.7	45775.3	45774
Si29	26984.3	0.242306	65513.5	22893.5	22893.2
Si28	26053.2	0.321682	62545	20978.4	20977.7
O16	14895.1	0.589419	48083.4	9651.37	9650.14
Mg24	22335.8	0.680557	89554.4	38919.3	38918.6
Mg24	22335.8	0.234707	70912.2	26478.6	26478.1
Si28	26053.2	0.259117	49564.6	10550.2	10549.2
Si28	26053.2	0.257323	45877.3	8147.18	8146.42
O16	14895.1	0.362723	93480	42171	42170.4
O16	14895.1	0.31334	99734	46179.5	46176.9
O16	14895.1	0.212651	80176	29129	29128.7
Si28	26053.2	0.494836	65908.4	17955.2	17954.7
Mg26	24196.5	0.289932	54765.7	10309.4	10308.8
Mg24	22335.8	0.282185	48290.1	5809.97	5809.5
Mg24	22335.8	0.143797	53355.7	11972	11971.8
O16	14895.1	0.302762	37071.4	1395.55	1395.21
Si28	26053.2	0.120186	99286.8	45988.2	45987.9
Mg24	22335.8	0.183534	57780.3	12094.3	12094
O16	14895.1	0.207016	95780.6	43356.5	43355.9
O16	14895.1	0.228666	84533.5	28414.2	28413.9
neutron	939.565	0.100277	75501	16092.6	15713.5
N13	12111.2	0.579953	75501	16092.6	15713.5
Mg25	23268	0.122389	74213	14639.3	14639
Si29	26984.3	0.119906	62013.3	6342.91	6342.34
O16	14895.1	0.276973	71091.3	20480.3	20479.5
O16	14895.1	0.219418	74700	27938	27937.6
O16	14895.1	0.304379	61239.7	17516	17514.8
Si28	26053.2	0.131312	74110.4	26420.2	26419.6
Mg24	22335.8	0.166166	68598.3	22624.4	22623.9
O16	14895.1	0.231931	75227.8	25860.5	25859.9
neutron	939.565	411.168	58155.8	13455	12830.6
Ne21	19550.5	1.19124	58155.8	13455	12830.6
Si28	26053.2	0.146044	86407.8	36717.8	36717.4
O16	14895.1	0.299406	65895.1	22170.9	22169.9
Si28	26053.2	0.907814	80946.3	30215.8	30214.6
Si28	26053.2	0.142432	77978.1	28503.1	28502.5
Mg24	22335.8	0.195184	55073.5	13688	13687.8
O16	14895.1	0.293557	95034.3	43332.7	43332
O16	14895.1	5.48774	72296.7	28538	28532.1
O16	14895.1	0.379444	57556	18823.8	18823.1
O16	14895.1	0.582923	29041.4	562.003	561.303
O16	14895.1	0.202231	80926.2	30170.8	30170
Si28	26053.2	0.113395	85681.8	36930.4	36930
O16	14895.1	0.213493	73849.2	27444.8	27444.1
Si29	26984.3	0.104465	70377.2	25304.8	25304.1
O16	14895.1	0.208322	51551.5	12184.3	12183.4
Si28	26053.2	0.121546	42131.8	5088.74	5088.13
O16	14895.1	0.194419	92361.3	41584.4	41583.9
Si28	26053.2	0.124081	82910.7	34859.3	34859
O16	14895.1	0.402985	73190.8	28395.5	28395
O16	14895.1	0.42681	72611.4	28049.2	28047.8
O16	14895.1	0.339812	66874.7	24119.8	24119.3
Mg24	22335.8	0.371486	87982.6	37304.6	37303.1
O16	14895.1	0.21859	79442.3	29374.9	29374.5
O16	14895.1	1.07982	58163	15204.5	15203.3
Mg24	22335.8	0.724935	72067.4	26662.8	26661.2
O16	14895.1	0.209731	65940.7	22106.7	22106
Si28	26053.2	0.224949	35655	3525.48	3525.2
O16	14895.1	0.575331	88442.3	38891.6	38890.5
O16	14895.1	1.01136	87872.9	38530.1	38529
O16	14895.1	0.35786	94984	43227.8	43226.3
O16	14895.1	0.287008	42149.7	6291.72	6291.37
Fe56	52089.8	0.0623552	93857.8	41394	41393.3
Si28	26053.2	0.677635	81142.3	32318.7	32317.9
Si28	26053.2	0.149451	54913.1	12225.3	12225.1
Si28	26053.2	0.129389	77991.4	28619.4	28618.8
Si28	26053.2	0.110485	67135.6	21475.6	21474.7
O16	14895.1	0.321815	99706.3	46256.9	46255.8
O16	14895.1	0.632872	98421.1	45412.7	45412
neutron	939.565	2.15455	76840.4	24014.6	22355.2
Na22	20482.1	1.27173	76840.4	24014.6	22355.2
Mg24	22335.8	0.220308	63164.6	9886.57	9885.97
Fe54	50231.2	0.296796	93110.1	29466.7	29465.8
O16	14895.1	0.923002	89188.5	26553.9	26552.8
O16	14895.1	0.471573	75579.7	16157.3	16156.8
Si28	26053.2	0.269546	73803	15058.2	15057.8
O16	14895.1	0.331967	64492.7	9189.78	9188.8
neutron	939.565	155.195	63975.1	22930.8	22665.7
neutron	939.565	69.4822	63975.1	22930.8	22665.7
N13	12111.2	1.07229	63975.1	22930.8	22665.7
Mg24	22335.8	0.165653	61456.4	19473	19472.6
Si28	26053.2	0.118315	74220.6	28327.5	28326.2
Mg24	22335.8	0.133175	73540.1	27931.4	27930.5
Mg26	24196.5	0.189568	63838.2	21747.5	21747
O16	14895.1	0.286171	63837.2	21747	21746.3
Mg24	22335.8	0.136075	46056.1	10066.4	10066
O16	14895.1	0.323554	42200.4	5394	5393.66
Si28	26053.2	0.152046	98621.1	45569.7	45568.3
O16	14895.1	0.282193	34092.1	1332.46	1332.12
Si28	26053.2	0.149316	97244.2	42471.9	42471.7
O16	14895.1	0.225823	95470.5	41164.9	41164.6
Si28	26053.2	0.119982	90908	34724.6	34724.4
Si28	26053.2	0.151008	52747.6	7031.8	7029.4
O16	14895.1	0.204038	66663.8	24247.9	24247.5
Si28	26053.2	0.717744	89325.9	39068.7	39067.7
Mg24	22335.8	0.234254	57521.5	15772.1	15771.7
Si28	26053.2	0.159944	52911.3	12822	12821
Si28	26053.2	0.138781	46556.6	8935.61	8934.95
Si28	26053.2	0.117723	97438.3	44823.9	44822.7
O16	14895.1	0.193877	70790.7	25143.2	25143
Fe56	52089.8	0.106939	44011.9	6679.72	6679.52
O16	14895.1	0.194027	51404.2	9137.57	9137.34
Si28	26053.2	0.2391	78045.5	31201.6	31201.4
Si28	26053.2	0.121493	99504.7	46120	46119.1
Mg24	22335.8	0.200533	95409.5	43518.6	43518.3
O16	14895.1	1.54944	96609.9	44187.8	44186.1
Mg24	22335.8	0.219803	66414.7	23473.3	23473.1
Si28	26053.2	0.211428	40547.7	6818.07	6817.18
O16	14895.1	0.375158	38529.2	5368.86	5368.38
Si28	26053.2	0.124503	38411.3	5309.55	5309.25
O16	14895.1	0.264934	90192.5	40317.2	40316.7
Si28	26053.2	0.129529	64385.9	20149.7	20149.5
Si28	26053.2	0.174943	93969.2	42654.7	42654.1
Si28	26053.2	0.232204	63828.4	14525.4	14524.1
Mg24	22335.8	0.160329	60370.1	12350.7	12350.5
Si28	26053.2	0.109901	54339.6	7237.55	7236.7
Si28	26053.2	0.117102	92733.3	41247.3	41246.9
Mg24	22335.8	0.197397	88164.9	37027.2	37026.6
Si28	26053.2	0.131027	82186.5	32469.4	32469
Si29	26984.3	0.229371	71214.3	25447.3	25446.5
O16	14895.1	0.310652	48235.2	9115.64	9115.17
Mg24	22335.8	0.328026	54746.1	3622.7	3622.18
O16	14895.1	0.252718	52763.6	2356.62	2356.11
neutron	939.565	884.301	96206.5	43157.9	41942
neutron	939.565	37.6648	96206.5	43157.9	41942
neutron	939.565	26.1175	96206.5	43157.9	41942
neutron	939.565	8.18789	96206.5	43157.9	41942
alpha	3727.38	6.64275	96206.5	43157.9	41942
alpha	3727.38	1.76517	96206.5	43157.9	41942
alpha	3727.38	5.9556	96206.5	43157.9	41942
O16	14895.1	0.237911	85418.5	30776.2	30775.9
O16	14895.1	0.471262	58969.1	12963.5	12962.9
O16	14895.1	0.442265	39267.4	1169.46	1168.71
Si28	26053.2	0.126318	81895.4	33820.1	33819
O16	14895.1	0.297801	69745.9	23546.7	23546.3
O16	14895.1	0.419299	52101.5	11296.4	11295.9
Si28	26053.2	0.544183	45932.4	6975.33	6974.67
neutron	939.565	104.972	88166.4	38054.4	37763.5
neutron	939.565	0.245208	88166.4	38054.4	37763.5
O16	14895.1	6.45801	88166.4	38054.4	37763.5
Si28	26053.2	0.133127	81697	33540.8	33539.9
Si28	26053.2	0.178173	59991.2	6549.42	6549.21
O16	14895.1	1.80188	57127.4	4936.35	4933.73
O16	14895.1	1.48638	92296.1	40680	40677.7
Si28	26053.2	0.671684	54098	9832.73	9830.87
Mg24	22335.8	0.379533	78739.8	31547	31546.6
Mg24	22335.8	0.219013	72938.4	27779.8	27779.6
Si28	26053.2	0.334815	47137.4	10034.5	10033.6
O16	14895.1	0.204011	88350.4	38452.9	38451.9
O16	14895.1	0.583764	93144.8	41924.5	41923.6
O16	14895.1	0.193918	54260.8	15556.2	15554.8
O16	14895.1	0.38498	63124.2	17840.3	17839.8
O16	14895.1	1.59442	57462.1	14077.2	14075.2
Si28	26053.2	0.143047	52319.4	9157.15	9156.37
Si30	27913.2	0.499305	88668	38470	38468.7
Si28	26053.2	0.140084	79515.3	32023.6	32023.4
O16	14895.1	0.271236	74778.4	28810.6	28810.2
O16	14895.1	0.476675	62708.4	17722.7	17722
O16	14895.1	0.264243	50218	7701.75	7701.26
O16	14895.1	0.363811	45153.5	4509.17	4508.39
Mg25	23268	0.126501	82771.3	32113.9	32113.3
Si28	26053.2	0.112498	59666.7	15882.7	15882.2
O16	14895.1	3.11898	81098.3	26113	26108.5
O16	14895.1	0.202642	80219.3	30467.6	30467
O16	14895.1	0.25859	78631.7	29493.3	29493.1
O16	14895.1	0.403172	59932.1	16485.6	16484.4
Mg26	24196.5	0.492616	84464.7	35130.1	35129.5
Mg24	22335.8	0.130581	81500.2	33083.1	33082.5
O16	14895.1	0.439273	39089.1	3201.36	3200.84
O16	14895.1	0.388564	85791.9	36174.8	36174.1
O16	14895.1	0.261106	88642.2	37674.2	37673.9
O16	14895.1	0.255167	80315.2	32098.7	32098.4
O16	14895.1	0.251366	93168.3	41700.2	41699.8
O16	14895.1	0.299775	74137.2	28152.5	28151.4
O16	14895.1	0.338267	66862.9	22459.3	22458.3
Mg26	24196.5	0.160881	34119.8	252.114	251.511
Mg26	24196.5	0.438701	84511.6	30144.7	29333.3
neutron	939.565	160.226	82829.8	28069.2	27448.4
C13	12109.5	2.50477	82829.8	28069.2	27448.4
neutron	939.565	2.42754	59559.3	10505.3	9411.46
Na23	21409.2	2.767	59559.3	10505.3	9411.46
Mg24	22335.8	0.244761	94874.1	43193.1	43192.6
O16	14895.1	0.204345	77781	30324.8	30324.5
Si28	26053.2	0.124612	67682.7	23622.1	23621.9
O16	14895.1	0.259168	87868.3	35532.7	35531.8
Si28	26053.2	0.320834	57368.4	13231.7	13231.4
Mg24	22335.8	0.362768	49504.6	7796.58	7795.56
O16	14895.1	0.625982	70170.6	17320.6	17319.9
O16	14895.1	0.213129	62012.3	12040.5	12040.2
Si28	26053.2	0.168696	57457.4	14070.4	14069.8
alpha	3727.38	6.34833	94509.6	42612.5	42388.6
C12	11174.9	6.34261	94509.6	42612.5	42388.6
O16	14895.1	0.33428	82307.8	33042	33041.5
O16	14895.1	0.383246	90304.9	37923.6	37923.1
O16	14895.1	0.382045	82227.9	32542	32541.6
O16	14895.1	0.345503	91590.9	39839	39838.5
O16	14895.1	0.192335	88150.7	34848	34847.6
Mg24	22335.8	0.347751	46687.7	6578.84	6578.4
Si28	26053.2	0.110872	37631.4	512.529	512.138
Si28	26053.2	0.142448	77081.1	29165.3	29165.1
Si28	26053.2	0.110246	64336.7	19741.5	19740.9
Mg25	23268	0.139258	42583.4	5431.56	5431.19
Si28	26053.2	0.282608	94360.5	42589.9	42587.6
Fe57	53021.7	0.0680105	77799.2	30347.3	30346.6
Mg24	22335.8	0.133033	83275.2	34627.9	34627.6
Si28	26053.2	0.241929	82878.9	34389.9	34388.8
Si28	26053.2	0.184095	69953.8	25692.3	25691.5
O16	14895.1	0.821642	88535.7	38493.5	38492.4
O16	14895.1	0.346261	87615.4	37787.9	37787.2
O16	14895.1	0.532161	87402.7	37674.5	37673.9
Mg24	22335.8	0.564119	85276.2	36257.1	36256.5
Si28	26053.2	0.147726	79393.5	31740	31739.8
neutron	939.565	2295.31	63038.9	21532	18164.8
N14	13040.2	0.810079	63038.9	21532	18164.8
Mg24	22335.8	0.249973	77045.9	19931.8	19931.4
O16	14895.1	0.258953	57103.5	5629.29	5628.5
Fe56	52089.8	0.0734329	48116.3	225.305	225.23
Fe56	52089.8	0.0542997	80382.7	28488.4	28488.3
Mg24	22335.8	0.174866	76681.6	26207.8	26207.5
O16	14895.1	0.25205	91673.6	41111.7	41111.3
Si28	26053.2	0.115534	70123.8	25952.3	25952.1
O16	14895.1	0.345629	81543.2	32729.6	32728.9
O16	14895.1	0.5299	70921.4	24923.6	24922.7
Si28	26053.2	0.262881	59062	17333.2	17332.4
Si28	26053.2	0.203556	49267.5	9543.26	9542.96
Si28	26053.2	0.258931	55636.8	13976.2	13975.9
O16	14895.1	0.519128	51977.1	11765.7	11765.1
O16	14895.1	0.837124	97300.6	44735.2	44734
O16	14895.1	0.301297	88984.8	38668.2	38667.8
O16	14895.1	1.09109	63843.4	21278.5	21277.4
Mg24	22335.8	0.42624	40448.7	4172	4170.76
O16	14895.1	0.193982	55298.2	12942.2	12942
Si28	26053.2	0.394276	93581	42432	42431
Mg24	22335.8	0.429295	88090.1	38996.8	38996.3
O17	15830.5	0.361546	50762.5	6948.59	6947.91
O16	14895.1	0.367179	76370.7	29061.6	29060.9
Mg24	22335.8	0.127068	74828.7	27549.3	27549
O16	14895.1	0.989002	59785.1	16715.4	16714.3
O16	14895.1	2.69634	88211.7	38103.3	38100.1
Si28	26053.2	0.108448	72776.7	26037.9	26037.6
Fe56	52089.8	0.0935558	49673.6	6120.57	6119.96
O16	14895.1	0.34977	74333.2	29345.6	29344.7
O16	14895.1	0.231699	68742.7	24599.5	24599.2
Mg24	22335.8	0.393002	40516.7	2091.9	2091.4
Mg24	22335.8	0.129777	92331.6	40777.6	40776.5
O16	14895.1	0.253542	51900.3	12570.2	12568.7
Si28	26053.2	0.11242	92785.9	26843.9	26843.4
O16	14895.1	1.0387	49403.8	9161.65	9160.39
Mg24	22335.8	0.556598	61176	11385.9	11385.1
Fe56	52089.8	0.110157	59416.7	10156.7	10156.5
Mg24	22335.8	0.223611	46457.6	826.102	825.304
O16	14895.1	0.408378	78637.7	30568.7	30567.5
O16	14895.1	0.250655	56964.3	16175.4	16174.9
Si28	26053.2	0.236222	56675.2	16023.3	16022.7
Si28	26053.2	0.123207	43068.9	4520.08	4519.91
Fe58	53951.2	0.0565075	77190	24971.1	24970.6
Mg24	22335.8	0.142536	58934.5	11180.7	11180.5
O16	14895.1	0.207496	92432.4	41479.2	41478.7
Si28	26053.2	0.180302	87809.8	37752.3	37751.9
O16	14895.1	0.242869	83300.4	34633.6	34633.2
Si29	26984.3	0.126145	62462.6	20234.8	20234.5
O16	14895.1	0.236436	62098.7	20018	20017.7
O16	14895.1	0.216996	53309.7	8352.29	8351.63
O16	14895.1	0.391875	75511.9	27865.4	27863.7
Si28	26053.2	0.246952	66218.6	20765.2	20764.7
Fe56	52089.8	0.250873	92136.8	41436	41435.6
Mg26	24196.5	0.131472	86688.2	37963	37962.2
O16	14895.1	0.272368	84867.5	36632.1	36631.4
O16	14895.1	0.319845	68896.9	21909.8	21909.4
O16	14895.1	0.232941	78749.6	25484	25483.7
Si28	26053.2	0.285459	53266	373.568	372.469
O16	14895.1	0.252722	53251.6	362.482	361.937
Mg26	24196.5	0.176956	75605.9	27683.9	27683.7
Mg24	22335.8	0.379264	70824.1	24546.6	24546.2
O16	14895.1	0.23931	68198.3	22721.4	22720.8
Si28	26053.2	0.309768	78447.1	30147.1	30146.1
O16	14895.1	0.254538	43552.6	5687.76	5686.43
Si28	26053.2	0.119592	97776.7	45024.1	45023.8
Mg24	22335.8	0.211971	84136.3	35738	35737.6
O16	14895.1	0.238392	50183.8	12526.9	12526.6
O16	14895.1	0.545794	47002.5	10564.2	10563.6
Mg24	22335.8	0.127126	38673	4955.21	4954.99
O16	14895.1	0.19256	82545.3	35022.9	35022.5
Mg24	22335.8	0.140797	98718.4	45575.7	45575.5
O16	14895.1	0.301525	68767.8	25442.3	25441.7
Mg24	22335.8	0.321204	48248.2	10245.5	10244.9
O16	14895.1	0.201302	47726	9935.67	9935.34
Si28	26053.2	0.190231	65665.9	22559.5	22559
neutron	939.565	358.673	50386.3	13189.1	11643.4
C13	12109.5	0.522471	50386.3	13189.1	11643.4
Mg24	22335.8	0.198908	45945.1	8730	8729.66
Si28	26053.2	0.37694	68237.6	24174.3	24173.7
O16	14895.1	0.246311	48070.5	9801.05	9800.74
Mg24	22335.8	0.12899	99540.8	46154.3	46154.1
neutron	939.565	2766.29	73756.5	26685.8	18298
neutron	939.565	205.534	73756.5	26685.8	18298
neutron	939.565	56.6113	73756.5	26685.8	18298
neutron	939.565	4.80246	73756.5	26685.8	18298
N15	13968.9	9.31681	73756.5	26685.8	18298
Si28	26053.2	0.334878	72905.2	17802.8	17802
Si28	26053.2	0.330722	89541.1	37432.5	37432
Si28	26053.2	0.187903	37760.6	2651.58	2650.82
Mg24	22335.8	0.190567	78745.4	30179.3	30178.2
Mg24	22335.8	3.01434	68617.3	23029.9	23026.8
Mg24	22335.8	0.504237	57178.3	13531.9	13531
Mg24	22335.8	0.343127	46825.5	4960.76	4960.39
O16	14895.1	0.212425	38981.1	1246.86	1245.79
O16	14895.1	0.246573	73193.9	25478.2	25477.5
Mg26	24196.5	0.333703	47487.2	6519.29	6518.55
O16	14895.1	0.222856	46339.7	5851.14	5850.68
O16	14895.1	3.14005	42107.6	3094.37	3090.86
Mg24	22335.8	0.158631	90816.8	39666	39665.3
O16	14895.1	0.376817	90552.9	40038	40037.5
Si28	26053.2	0.11333	61285.9	18111.9	18111.7
Si29	26984.3	1.50873	44512.5	7204.84	7203.13
O16	14895.1	0.216594	75453.1	27307.9	27306.8
O16	14895.1	0.218382	70832.6	24052.2	24051.9
Mg25	23268	0.28351	61532.4	17034.9	17034.4
O16	14895.1	0.643086	55235.9	12834.5	12833.6
neutron	939.565	1223.12	81445.6	32926.5	31411
C13	12109.5	1.22783	81445.6	32926.5	31411
neutron	939.565	0.311929	46237.7	2410.07	2151.21
Mg25	23268	0.0160107	46237.7	2410.07	2151.21
Si28	26053.2	0.17412	92484.9	39680.5	39679.6
O16	14895.1	0.409575	96943.2	44330.1	44329.5
Mg24	22335.8	0.143781	85829.5	34840.1	34839.5
O16	14895.1	0.363017	52446.6	10528.1	10527.6
Si28	26053.2	0.139495	47247.4	7012.22	7011.67
O16	14895.1	0.20659	76260.2	29773.3	29772.7
O16	14895.1	0.215536	35737.1	2894.42	2893.89
O16	14895.1	0.254895	35671	2861.85	2861.5
O16	14895.1	0.318959	98434.6	45317.8	45317.5
Mg24	22335.8	0.204294	69722.8	25387.8	25387.5
Si28	26053.2	0.165106	63464.3	20496.6	20496.4
O16	14895.1	0.381006	73810.9	28458.7	28457.6
Mg24	22335.8	0.617609	64901	15366.2	15365.5
O16	14895.1	0.387175	43822.9	938.973	938.364
Si28	26053.2	0.162918	62728.4	11501.6	11500.3
O16	14895.1	0.568037	71913.6	26191.6	26190.7
Si28	26053.2	0.217921	39448.6	1802.11	1801.67
Mg24	22335.8	0.360111	55152.3	8349.54	8348.36
O16	14895.1	0.207807	42418.6	94.0777	93.8036
O16	14895.1	0.380615	98894.3	45536.8	45535.8
O16	14895.1	0.264128	94282.9	41729.3	41728.9
O16	14895.1	0.227161	69392.8	25764.6	25764.4
neutron	939.565	3.05533	58485.4	17781.5	17487.5
C12	11174.9	3.92177	58485.4	17781.5	17487.5
O16	14895.1	0.38037	38931.6	5277.01	5276.57
O16	14895.1	0.279801	96848	44134.5	44134
Fe56	52089.8	0.0688922	83246.2	28976.3	28976.2
O16	14895.1	0.268213	50786.1	6644.36	6644.06
Mg24	22335.8	0.143186	85089.6	35620.1	35618.6
Fe56	52089.8	0.0547666	81371.1	33128.3	33128.2
neutron	939.565	4.33524	68362	25414.9	25182.2
N14	13040.2	2.28752	68362	25414.9	25182.2
O16	14895.1	0.266794	70634.2	25451.2	25450.6
Mg25	23268	0.122028	93342.8	40587.5	40586.5
Si28	26053.2	0.134766	68337.1	15408.2	15408.1
O16	14895.1	0.358307	59055.1	5627.38	5626.34
O16	14895.1	0.253392	77674.2	31613.9	31613.4
Si28	26053.2	0.109756	54873	10452.4	10452.1
Mg24	22335.8	0.133688	99707.3	46224.5	46224.2
Mg24	22335.8	0.161186	97993.3	45102.7	45102.3
Mg24	22335.8	0.157961	89862.9	39046.3	39045.6
O16	14895.1	0.394304	89496.2	38842.3	38841.9
O16	14895.1	0.293063	68481	23172.4	23171.6
O16	14895.1	0.327915	85040.6	35749.5	35748.1
Si28	26053.2	1.92713	86761.1	21383.7	21381.4
O16	14895.1	0.261881	65411.3	7740.14	7739.21
O16	14895.1	0.363146	63048.2	6295.84	6295.39
Mg24	22335.8	0.149709	61317.4	18073.3	18072.8
O16	14895.1	0.200763	87204.9	35771.4	35770
Si28	26053.2	0.185909	58260.1	16179.4	16179
O15	13971.2	4.92557	99025.5	44916.7	44629.3
Si28	26053.2	0.187415	74396.4	28646.4	28645.6
O16	14895.1	0.19947	54688.6	14528.4	14528
Si28	26053.2	0.460311	52080.1	12369.4	12368.3
Si28	26053.2	0.177534	38465.8	3099.32	3098.74
Si28	26053.2	0.246308	76614.5	30278.1	30277.6
O16	14895.1	0.206153	80824.1	31230.3	31229.7
Mg24	22335.8	0.136203	78218.2	28873.6	28873.5
Mg24	22335.8	0.146949	60239.8	17749	17748.7
O16	14895.1	0.283523	57333.1	15977.9	15977.6
O16	14895.1	1.51197	64992.4	21767.9	21766.2
O16	14895.1	0.287799	59523.2	17810.7	17810.3
Mg24	22335.8	0.485536	82059.3	32922.5	32921.9
O16	14895.1	0.297046	61767	16978	16977.7
Si28	26053.2	0.123635	67451.2	25009	25008.9
O16	14895.1	0.234995	44278.5	8880.26	8878.08
Mg24	22335.8	0.280173	61092.2	18876.6	18876.3
Si28	26053.2	0.471733	55449.1	15244	15242.7
Si30	27913.2	0.147281	54884.9	14943.8	14943.3
Si28	26053.2	0.150733	54407.9	14673	14672.4
Mg24	22335.8	0.484222	41522.2	5820.05	5818.88
O16	14895.1	0.244808	82669.2	35219.1	35217.7
neutron	939.565	11.312	73278.4	28176	27930.5
neutron	939.565	3.38501	73278.4	28176	27930.5
alpha	3727.38	3.39617	73278.4	28176	27930.5
Be8	7454.85	8.00984	73278.4	28176	27930.5
Mg25	23268	0.123561	93182	40957.4	40957.2
O16	14895.1	0.210936	52693	14015.5	14015.1
Mg26	24196.5	0.153248	50112.1	3314.53	3314.32
Fe56	52089.8	0.0944791	48256.5	2258.31	2257.68
Si28	26053.2	0.208327	84896.7	34790.5	34789.4
O16	14895.1	0.465021	78297.7	31864.1	31863.1
O16	14895.1	0.286713	70731.9	26499.9	26499.5
O16	14895.1	0.329062	58129	17975.2	17974
O16	14895.1	0.385028	82487.7	34508.3	34507.7
Mg24	22335.8	0.153173	73329.2	27349.8	27348.4
Si28	26053.2	0.108481	55634.1	14406.6	14404.6
O16	14895.1	0.377293	73427.9	26952.9	26952.3
Si28	26053.2	0.189454	60873.4	18127.8	18127
O16	14895.1	0.227044	55189.5	14641.1	14640.8
Mg26	24196.5	0.195114	34542.9	1613.17	1612.18
Mg24	22335.8	0.220008	91754.2	41408.3	41406.2
O16	14895.1	0.199535	65572.7	18845.9	18845.6
Si28	26053.2	0.399907	76151.9	26333.4	26332.9
Mg24	22335.8	0.50222	99628.1	46209.3	46208.2
neutron	939.565	306.018	90365	35470.1	34235
neutron	939.565	76.8215	90365	35470.1	34235
neutron	939.565	57.7796	90365	35470.1	34235
neutron	939.565	16.5489	90365	35470.1	34235
alpha	3727.38	11.174	90365	35470.1	34235
N15	13968.9	3.85722	90365	35470.1	34235
O16	14895.1	0.248283	84097.7	26541.1	26540.8
O16	14895.1	0.208776	77897.6	29627.1	29626.7
Mg24	22335.8	0.187278	52883.3	10402.6	10402.4
He3	2808.39	4.27313	59702.1	17078.1	4099.98
neutron	939.565	4.24035	59702.1	17078.1	4099.98
C13	12109.5	0.796312	59702.1	17078.1	4099.98
Si29	26984.3	0.165775	96707	44181.3	44181
Mg25	23268	0.212347	79606.6	31765.9	31765.6
Mg26	24196.5	0.523983	89916.9	37908.9	37908.4
Mg24	22335.8	0.163916	90907.9	35210.9	35210.7
O16	14895.1	0.231383	61579.5	15793.5	15792.7
O16	14895.1	0.381456	36875.7	16.4181	15.9492
Mg24	22335.8	0.22246	86995.3	37883.1	37882.7
O16	14895.1	0.640678	75368.8	28444.7	28443.8
O16	14895.1	0.301295	93306	40743	40742.3
O16	14895.1	0.572883	39215.5	608.757	608.138
O16	14895.1	0.192819	39118.9	557.381	557.009
O16	14895.1	0.642066	56669.9	15781.2	15780.5
Mg24	22335.8	0.688698	34698.8	2040.22	2039.46
Si30	27913.2	0.23794	71650.8	11384.9	11384.3
O16	14895.1	0.213048	56361.1	1037.2	1036.95
Si28	26053.2	0.249379	87183.7	37971.3	37970.2
Mg25	23268	0.925933	73240.6	28370.3	28369
Mg24	22335.8	0.169624	68035.6	24761.1	24760.9
O16	14895.1	0.369215	35818.7	1096.88	1096.27
O16	14895.1	0.341952	89729.5	39002.3	39001.8
Si28	26053.2	0.145179	88876.3	38411.1	38410.7
O16	14895.1	0.576031	67167.9	22584.3	22582
Si28	26053.2	0.285732	84197.3	35220.1	35219.8
Mg24	22335.8	0.255787	60347.3	18497	18496.8
Mg24	22335.8	0.152095	55108.2	6313.75	6313.35
O16	14895.1	0.205874	49621.1	2862.19	2861.57
O16	14895.1	1.25264	86004.6	22672	22670.2
O16	14895.1	0.231846	79345.6	13992.8	13991.3
O16	14895.1	0.677687	96626.7	44299.6	44298.9
neutron	939.565	340.061	46112.2	8831.07	7083.81
neutron	939.565	2.42682	46112.2	8831.07	7083.81
neutron	939.565	2.13529	46112.2	8831.07	7083.81
C12	11174.9	3.25178	46112.2	8831.07	7083.81
Si28	26053.2	0.272866	36332.6	1131.47	1131.16
Si29	26984.3	0.109893	82691.7	31513.1	31512.9
Mg24	22335.8	0.195578	79670.3	29536.1	29535.6
Si28	26053.2	0.231624	49222.5	8981.22	8980.9
Mg24	22335.8	0.178337	61365.8	10259.5	10259
Fe56	52089.8	0.243166	50914.3	3293.5	3293.05
O16	14895.1	0.219935	81174.1	32199.9	32198.6
O16	14895.1	0.367961	58613.3	15658.5	15657
Mg24	22335.8	0.12991	55779.6	17557.8	17556
Si28	26053.2	0.259653	29957.6	984.988	984.551
Fe56	52089.8	0.0896327	64532.2	10824	10823.9
Fe56	52089.8	0.0675902	96337.7	44196.3	44195.8
O16	14895.1	0.203717	82848.2	34775.3	34774.9
Si28	26053.2	0.136619	89159.9	39427.9	39427.6
Mg24	22335.8	0.196937	68668.8	24105.7	24105.4
Mg24	22335.8	0.256545	50011.1	10874.5	10874.2
O16	14895.1	0.239266	49619.4	10559.9	10559.6
Si28	26053.2	0.226374	91591.4	40551.2	40550.8
neutron	939.565	2.05604	70771.8	26635.9	26413
C13	12109.5	3.69449	70771.8	26635.9	26413
Si28	26053.2	0.225574	92193.6	40551.1	40550.8
Mg24	22335.8	0.501601	78493	31667.7	31667.1
Si28	26053.2	0.133348	73114.3	22130.3	22129.8
Mg24	22335.8	8.27895	70406.3	20213.8	20205.3
O16	14895.1	0.495406	34809.1	1093.91	1093.34
Si28	26053.2	0.136753	85645.8	36031.6	36031.4
O16	14895.1	0.204058	97707.2	44816	44814.9
O16	14895.1	0.324213	95803.2	43477.8	43476.9
neutron	939.565	6.41497	74765.2	28651.8	28398.9
neutron	939.565	1.00083	74765.2	28651.8	28398.9
C12	11174.9	6.82009	74765.2	28651.8	28398.9
O16	14895.1	0.51354	71099.6	26081.9	26080.9
Si28	26053.2	0.206687	55410.2	15800.6	15800.4
Si28	26053.2	0.128239	80074.4	32574.4	32574
O16	14895.1	0.289732	48995.3	6562.25	6561.18
O16	14895.1	0.54531	74622.5	29165.8	29165.1
O16	14895.1	1.66931	74167	28913.7	28911.6
O16	14895.1	0.358621	44492.3	9232.33	9231.94
O16	14895.1	0.19257	78666.2	31588.2	31588
Si28	26053.2	0.321487	65986.6	23241.1	23240.7
O16	14895.1	0.707084	53221.7	12589.7	12588.5
neutron	939.565	1051.67	98590.4	45514.9	44232.8
neutron	939.565	0.323544	98590.4	45514.9	44232.8
N13	12111.2	2.522	98590.4	45514.9	44232.8
Mg25	23268	1.613	89287.8	38100.3	38098.4
O16	14895.1	0.229815	99679.5	46223	46222.1
O16	14895.1	0.636462	44226.9	4992.95	4992.05
Si28	26053.2	0.146352	50269	12938.5	12937.7
neutron	939.565	2.89685	74411.4	27031.5	25654.5
neutron	939.565	0.648128	74411.4	27031.5	25654.5
C12	11174.9	1.39269	74411.4	27031.5	25654.5
Mg24	22335.8	0.130264	67368.3	20118.4	20118.2
Mg26	24196.5	3.96467	50982.9	9188.89	8950.98
O16	14895.1	1.93811	72714.5	26364.3	26362
neutron	939.565	2.46368	55589.1	13537.7	7668.44
Na21	19553.6	0.764924	55589.1	13537.7	7668.44
O16	14895.1	0.254254	53429.9	6187.54	6187.09
O16	14895.1	0.80254	48724.5	3141.44	3140.45
Mg24	22335.8	0.529967	88398	37181	37180.3
Mg24	22335.8	0.174958	80767	32305.3	32304.9
O16	14895.1	0.258671	43857.9	5660.32	5659.61
Si28	26053.2	0.141818	41128.6	3968.45	3968.29
Si28	26053.2	0.131843	84619.9	35285.7	35284.8
Si28	26053.2	0.124987	66695.1	23366.4	23365
Fe57	53021.7	0.0724578	60817	19303.2	19302.8
O16	14895.1	0.228771	93766.5	42364.1	42363.5
O16	14895.1	0.581056	75374.7	30052.8	30051.3
Si28	26053.2	0.345661	60896.2	19392.5	19392.2
O16	14895.1	0.342039	52495	13366.3	13365.6
Si28	26053.2	0.116379	40026.8	4468.09	4467.89
O16	14895.1	0.343846	33391.2	117.23	116.61
Fe56	52089.8	0.055101	50107.4	13466.7	13466.6
Mg24	22335.8	0.150759	41547.3	7983.17	7982.96
O16	14895.1	0.494758	32143.9	1740.47	1739.82
O16	14895.1	0.352305	98443.3	45450.7	45450.3
O16	14895.1	0.23157	78383.9	28913.6	28913.3
Mg24	22335.8	0.192241	84006	34314.1	34313.8
neutron	939.565	1240.32	64751.2	19880.8	17777.5
N14	13040.2	1.11747	64751.2	19880.8	17777.5
Si28	26053.2	0.239391	44586	8695.8	8695.36
O16	14895.1	0.430502	63800.9	18161.7	18161.2
Mg24	22335.8	0.289128	51337.6	9842.87	9842.33
O16	14895.1	0.346024	46252.8	6093.65	6093.22
O16	14895.1	0.373538	93985.7	39916.7	39916.3
Mg26	24196.5	0.190031	84069	33428.3	33428
O16	14895.1	0.225764	59445.6	16293.2	16292.9
Si28	26053.2	0.1277	89684.2	38058.9	38058.7
O16	14895.1	0.190081	46243	7057.19	7056.54
Si28	26053.2	0.136129	78332.8	2512.9	2512.67
O16	14895.1	0.71156	95586.1	41475.3	41474.5
neutron	939.565	669.062	95179.3	41240.8	39046.6
neutron	939.565	126.404	95179.3	41240.8	39046.6
neutron	939.565	103.833	95179.3	41240.8	39046.6
neutron	939.565	18.3867	95179.3	41240.8	39046.6
neutron	939.565	3.78364	95179.3	41240.8	39046.6
alpha	3727.38	3.82694	95179.3	41240.8	39046.6
alpha	3727.38	19.1262	95179.3	41240.8	39046.6
O16	14895.1	0.197628	82230	30599.3	30598.9
Fe56	52089.8	0.0583448	91867.8	40958.3	40958
Mg26	24196.5	0.315252	52452.9	12937.9	12937.3
Mg24	22335.8	0.34865	95194.8	42186.7	42185.4
C14	13040.9	1.3487	90502.5	38553.5	35334.4
O16	14895.1	0.192178	61005.4	13606.1	13605.2
O16	14895.1	0.431686	59535.9	12716.8	12716.2
O16	14895.1	0.886274	48732.9	5544.01	5542.97
Si28	26053.2	0.145569	47317.5	672.18	671.642
O16	14895.1	0.214056	53124.7	10198.6	10197.8
O16	14895.1	0.345014	89328.6	39489.8	39489.5
O16	14895.1	0.382079	83744.3	34733.2	34732.1
O16	14895.1	0.308631	54206.9	12804.7	12804.4
Si28	26053.2	0.109664	76694.3	28679	28678
Mg24	22335.8	0.366467	46806	8448.99	8447.62
Si28	26053.2	0.196245	95429.5	43194.3	43193.9
O16	14895.1	0.333719	76924.2	30976.9	30976.3
Mg24	22335.8	0.205248	70695.8	25419.5	25418.7
O16	14895.1	0.370615	94000.7	40836.6	40836
O16	14895.1	0.213194	78374.8	17970.5	17970.2
O16	14895.1	0.463532	56233.4	2126.59	2126.04
O15	13971.2	0.713994	61760.2	20337	20113.4
Si28	26053.2	0.187716	60388.1	19976.7	19976.4
O16	14895.1	0.274457	47132.2	8697.05	8696.69
Mg24	22335.8	0.146957	45599.3	7790.97	7790.77
Mg24	22335.8	0.347721	72138.5	23893.7	23893
Si28	26053.2	0.134596	67814.2	21328.3	21328.1
Si29	26984.3	0.17802	53680.1	12347.7	12346.8
O16	14895.1	0.212619	69743.9	25377.8	25377.3
Si28	26053.2	0.367236	57693.8	16041	16040.5
O16	14895.1	0.436662	99644	45596.5	45595.7
Fe56	52089.8	0.0908539	60690.2	17514.3	17514
O16	14895.1	0.801626	44420.4	7592.33	7591.2
O16	14895.1	0.241004	44781.8	6207.95	6207.61
O16	14895.1	0.899845	36770.4	1398.56	1397.49
Mg24	22335.8	0.341374	86453.3	37736.1	37735.7
O16	14895.1	0.249175	72871.7	23817	23815.2
Mg25	23268	0.268439	97733.5	44915.1	44914.5
Si28	26053.2	0.437088	92482.5	41272.7	41272.1
O16	14895.1	0.193927	65062.7	18382.9	18382.4
O16	14895.1	0.191599	46855.2	204.663	204.42
O16	14895.1	0.270824	95311.4	42837.5	42837.1
neutron	939.565	30.0333	77095.6	29738.4	29509.9
neutron	939.565	10.4323	77095.6	29738.4	29509.9
neutron	939.565	7.36797	77095.6	29738.4	29509.9
alpha	3727.38	0.476863	77095.6	29738.4	29509.9
He3	2808.39	16.9265	77095.6	29738.4	29509.9
alpha	3727.38	3.35662	77095.6	29738.4	29509.9
Fe56	52089.8	0.115732	55972.5	15500.7	15499.7
Si28	26053.2	0.398164	60815.5	17593.3	17592.7
Si28	26053.2	0.354669	55651.2	10619.1	10618.6
O16	14895.1	0.480259	87632	38050.7	38048.8
O16	14895.1	0.217491	76608.8	29855.6	29854.2
O16	14895.1	0.609855	56971	16796.1	16795.3
O16	14895.1	0.819666	98251	44983.8	44983
Fe56	52089.8	0.0630795	89044.9	35942.6	35942.2
O16	14895.1	0.199187	57231.7	16249.5	16248.6
Mg24	22335.8	0.140681	93414.8	40444.9	40444.3
neutron	939.565	151.235	85170.3	34851	27499.7
neutron	939.565	9.34976	85170.3	34851	27499.7
neutron	939.565	6.82576	85170.3	34851	27499.7
V50	46513.8	0.185317	85170.3	34851	27499.7
Mg26	24196.5	1.36145	77435	20204.8	20203.4
neutron	939.565	7.49867	94737.8	42406.1	41750.3
Ne21	19550.5	0.318146	94737.8	42406.1	41750.3
Si28	26053.2	0.131311	84919.8	35345.2	35344.6
Mg24	22335.8	0.403503	65853.3	17943.3	17941.9
O16	14895.1	0.623292	50257	6394.64	6393.76
O16	14895.1	0.216144	49273	5760.72	5759.69
Si28	26053.2	0.155226	98471.2	45448.2	45446.2
Mg24	22335.8	0.135234	94564.4	42837	42836.5
Fe56	52089.8	0.0735292	73023.2	28772	28770.4
Si28	26053.2	0.170784	58960.2	13729.4	13729
Mg24	22335.8	0.166369	36147.7	3306.13	3305.92
Fe56	52089.8	0.0581548	44762	3555.38	3554.93
O16	14895.1	0.273427	85957.5	33391.2	33390.9
O16	14895.1	3.59327	69018	21685	21681.1
Si28	26053.2	0.159811	55908.9	10890.3	10890.1
Si28	26053.2	0.232593	49178.8	8670.61	8669.97
O16	14895.1	0.392127	83784.4	7525.84	7525.33
Si28	26053.2	0.121569	78584.7	32890.7	32890
O16	14895.1	0.369934	91670.3	40513.7	40513.1
C13	12109.5	1.31803	85228.7	35955.2	35693.5
O16	14895.1	0.420675	72918.9	22428.4	22427.7
Si28	26053.2	0.560856	60993.7	14836.9	14835.8
O16	14895.1	0.685802	47579.3	4975.34	4974.19
O16	14895.1	1.23844	97406.2	44207.5	44205
O16	14895.1	0.273219	80957	33146.8	33146
Si28	26053.2	0.173535	63034	20059.3	20059.1
Si28	26053.2	0.11632	65370.3	17839.3	17839.1
Mg24	22335.8	0.316661	76388.7	31110.3	31109.5
C13	12109.5	2.16825	70550.9	21748.3	21505.2
Si28	26053.2	0.124042	64878.8	22975.6	22975
Mg24	22335.8	0.289321	85248.2	33287.8	33286
O16	14895.1	0.637681	50029.5	3874	3873.3
Fe56	52089.8	0.0577332	66418.2	19973.9	19973.4
O16	14895.1	0.230541	56584.3	6258.23	6257.08
Si27	25130.8	0.169549	88116.3	38180.3	37243.1
Si28	26053.2	0.126945	72279	26582.2	26582.1
Mg24	22335.8	0.761719	93067	41766.5	41765.6
Si30	27913.2	0.10708	53249.1	12793.2	12792.1
O16	14895.1	0.488288	98061.4	45133.2	45132.6
O16	14895.1	0.680165	95156.1	43254.8	43253.6
O16	14895.1	0.364615	65408.3	23688.1	23687.1
Si28	26053.2	0.220408	38682.5	4809.49	4809.26
O16	14895.1	0.423409	84398.6	36150.1	36149.4
Si28	26053.2	0.142998	76993.7	30913.5	30913.3
Fe56	52089.8	0.115128	73140.6	28037.6	28036.8
Fe56	52089.8	0.0914906	58808.6	18895.4	18894.8
neutron	939.565	65.7193	78279.7	29058.2	28073
Al26	24200	0.704467	78279.7	29058.2	28073
Si28	26053.2	0.192658	59001.5	10686.4	10686
Ne22	20479.7	0.188864	75061.3	28265.7	28008.6
O16	14895.1	0.271278	51256.5	11936.4	11935.5
Fe56	52089.8	0.246846	92114	40763.9	40763.5
Si28	26053.2	0.19766	79700.1	31341.9	31341.6
O16	14895.1	0.298899	52859.1	9953.55	9952.93
O16	14895.1	1.03881	45279.5	5134.37	5133.32
O16	14895.1	0.374407	75093.3	25546.2	25545.5
Si28	26053.2	0.137537	41781.6	1208.28	1207.94
Si28	26053.2	0.34478	87724.4	27575.8	27575.4
alpha	3727.38	5.66986	75189.3	19536.1	19253.5
Ne20	18617.7	5.72559	75189.3	19536.1	19253.5
Si28	26053.2	0.332954	86119.4	16863.6	16862.4
O16	14895.1	0.639367	84958.6	36471.8	36471.1
O16	14895.1	0.608781	72007.9	26481.3	26480.3
Si30	27913.2	0.192646	44977.2	7782.63	7781.69
Al27	25126.5	0.262551	89119.9	37379.1	36728
Mg24	22335.8	0.129903	84523.6	35431.4	35430.5
O16	14895.1	0.58108	85562.3	35787.9	35787.2
Si28	26053.2	0.140677	78402.2	30293.1	30292.9
Si28	26053.2	0.195035	47401.4	8388.99	8388.59
N15	13968.9	1.37137	44673.5	6541.95	6066.53
Fe56	52089.8	0.088703	64038.5	22482	22480
Fe56	52089.8	0.0846243	57741.5	17964.1	17963.8
Si28	26053.2	0.126168	31363.8	874.561	873.664
Al27	25126.5	0.196794	86133.9	34895.2	33977.7
O16	14895.1	0.468842	60067.9	15496.2	15495.4
O16	14895.1	1.92312	49934.9	9028.6	9026.24
O16	14895.1	0.241245	54778.3	15293.4	15293
Si28	26053.2	0.195787	98435.3	45264.1	45263.9
Mg24	22335.8	0.198532	94468.1	39464.1	39463.4
O16	14895.1	0.310069	39085	881.454	880.644
neutron	939.565	152.071	98253.7	45185.1	41162.4
neutron	939.565	73.206	98253.7	45185.1	41162.4
neutron	939.565	51.234	98253.7	45185.1	41162.4
neutron	939.565	21.0264	98253.7	45185.1	41162.4
alpha	3727.38	8.16385	98253.7	45185.1	41162.4
O16	14895.1	0.255441	44529.6	5248.6	5248.31
O16	14895.1	0.990633	90089.7	39680.9	39679.6
Mg24	22335.8	0.4113	87333.7	37843	37842.3
O16	14895.1	0.3187	85694.4	36719.8	36719.2
O16	14895.1	0.200429	68898.3	25567.1	25566.7
O16	14895.1	0.299444	54947	15280.5	15279.4
Si28	26053.2	0.383396	37714.3	2933.88	2933.35
Mg24	22335.8	0.296192	64888.7	22830.5	22830.2
O16	14895.1	0.476078	64485	22525	22524.4
Si28	26053.2	0.389816	51176.6	6883.68	6883.14
Si28	26053.2	0.136031	79749.2	28707.5	28706.6
Mg25	23268	0.15681	67985.1	20788.8	20788
O16	14895.1	1.07364	91404.2	29262.3	29259.8
O16	14895.1	0.987059	88464.8	27146.6	27145.6
O16	14895.1	0.19917	78687.7	26221.5	26220.8
O16	14895.1	0.377713	65089	16449.6	16449
O16	14895.1	0.266019	47013.7	3907.23	3905.88
O16	14895.1	0.279102	88675.7	36140.3	36140
Si28	26053.2	0.13728	76598.7	26852.8	26852.6
Mg24	22335.8	0.214254	99496.9	46118.2	46117.2
Fe56	52089.8	0.054243	86827.5	36622.8	36622.7
O16	14895.1	0.277249	66585.2	22162.3	22161.6
O16	14895.1	0.215017	67483	24359.1	24358.7
neutron	939.565	0.936451	68973.9	25174.9	24547.5
Ne21	19550.5	0.409937	68973.9	25174.9	24547.5
Si28	26053.2	0.327036	78779.6	23821.4	23821
Si28	26053.2	0.168048	71994.8	28487.3	28486.2
O16	14895.1	2.68803	92891.6	41909.8	41905.7
Si28	26053.2	0.142562	67085.8	21969.3	21969.1
Si28	26053.2	0.18129	56004.2	14678.4	14678.1
O16	14895.1	0.344947	53836.7	11314.1	11313.7
Mg24	22335.8	0.255242	82424.1	30041	30040.7
O16	14895.1	0.189773	68440.3	19788.4	19787.8
Si28	26053.2	0.339442	67412.6	19082.9	19082.5
O16	14895.1	0.463983	98416.9	45314.9	45314.4
O16	14895.1	6.8942	67252.5	14580.1	14573
Mg24	22335.8	0.141028	75283.7	19419.9	19419.8
Si28	26053.2	0.219581	64129.8	7095.12	7094.13
O16	14895.1	0.204289	93465.2	41806.8	41805.6
O16	14895.1	0.271583	75789.7	29166.2	29165.7
O16	14895.1	0.278882	88642.5	37589.9	37589.5
Si28	26053.2	0.229572	58708.1	15852.9	15852.6
Si28	26053.2	0.155128	93317.5	41495.2	41494.5
O16	14895.1	0.435392	77821.9	28379.5	28378.8
Mg24	22335.8	0.429727	80920.8	32259.8	32259.3
O16	14895.1	0.299363	40094.2	4527.86	4527.38
Mg24	22335.8	0.164321	95231.9	43281.5	43280.5
O16	14895.1	0.372018	62326.2	20952	20951.6
Fe56	52089.8	0.147397	62041.9	20794.4	20794.2
O16	14895.1	0.275473	69386.5	12682.3	12682
O16	14895.1	0.253233	70683.2	24161.1	24160.4
O16	14895.1	0.349091	41924.3	3502.39	3501.43
O16	14895.1	0.200583	98428.3	45453.8	45453.1
Si28	26053.2	0.179597	80955.3	31537.3	31536.5
O16	14895.1	0.195959	60805.5	13196.2	13195.9
Si28	26053.2	0.114667	87848.5	38561.3	38560.9
Si28	26053.2	0.15352	97714	44783.7	44783.5
O16	14895.1	0.209533	90464.4	38207.4	38207.2
Si28	26053.2	0.819652	90438.4	37677.9	37676.9
Si30	27913.2	0.191574	75689.1	27492.7	27492.3
neutron	939.565	1.71292	96938.6	44168.2	42890.8
Be9	8392.75	3.10377	96938.6	44168.2	42890.8
Si29	26984.3	0.121116	68560.6	21901.9	21901.4
O16	14895.1	2.78117	49795.6	8545.53	8542.66
O16	14895.1	0.348122	98867.9	45680.2	45679.8
Si28	26053.2	0.14438	97510.1	44799.7	44799.5
O16	14895.1	0.221593	33450.8	32.3238	31.6529
O16	14895.1	0.529802	80339.3	33076	33075
Mg24	22335.8	0.164544	79842.2	32778.1	32777.8
O16	14895.1	1.11826	75419.6	28365.1	28363.8
Mg25	23268	0.711607	62845.4	20056.9	20055.5
Mg25	23268	0.163339	41193.3	6182.24	6181.73
Si28	26053.2	0.336898	36320.1	2945.6	2945.16
O16	14895.1	0.412033	88278.3	38954.5	38954
O16	14895.1	0.509125	85355.9	35911.9	35910.6
O16	14895.1	1.51234	69437.5	23908.3	23906.2
Si28	26053.2	0.280807	66998.8	22085	22084.4
O16	14895.1	0.803058	96286.5	43979.3	43978.4
Fe56	52089.8	0.0843958	85314.8	36458.3	36457.9
alpha	3727.38	5.31129	62240.4	18691.8	18477.3
C11	10254	7.58391	62240.4	18691.8	18477.3
Mg25	23268	0.40061	83935.2	36178.8	36178.4
Si28	26053.2	0.321168	59593.3	11950	11947.8
Mg24	22335.8	0.250498	57116.4	16509.4	16508.8
Mg24	22335.8	0.146192	72042	26711	26710.7
Si28	26053.2	0.417558	64897.1	22127.5	22126.8
O16	14895.1	0.696427	56350.7	7293.73	7292.54
neutron	939.565	42.5494	85899	35923.8	35687.8
neutron	939.565	3.43555	85899	35923.8	35687.8
neutron	939.565	2.15204	85899	35923.8	35687.8
neutron	939.565	0.756085	85899	35923.8	35687.8
alpha	3727.38	8.14316	85899	35923.8	35687.8
O16	14895.1	1.08581	85899	35923.8	35687.8
Si28	26053.2	0.162104	67229.9	23287.6	23287.3
Si30	27913.2	0.122929	64472.7	19663.5	19663.4
O16	14895.1	0.504764	93488.4	41923	41922.4
Mg24	22335.8	0.137753	74807.1	28021.3	28020.7
O16	14895.1	0.858533	70542.1	23956.6	23955.6
Fe56	52089.8	0.0569027	68733.4	20943	20941.8
Mg26	24196.5	2.0986	59554.5	15155.5	15153.3
Si30	27913.2	0.109166	55253.9	11944.2	11943.6
Si28	26053.2	0.207277	47845.7	5198.95	5198.6
O16	14895.1	0.204496	77189.7	26080.2	26079.7
O16	14895.1	1.00344	65843	15758.4	15757.3
O16	14895.1	0.299477	62651.2	13594.7	13594.3
neutron	939.565	1.14263	71637.6	27089.2	26614.2
Ne21	19550.5	0.928874	71637.6	27089.2	26614.2
Mg26	24196.5	0.120265	61079	16722.9	16722.6
Mg24	22335.8	0.151878	78246.7	29480.9	29480.2
O16	14895.1	0.356899	75058.7	27242.8	27242.4
O16	14895.1	0.223651	66313.9	18178	18176.8
Si28	26053.2	0.16235	65669.6	17590.8	17590.5
neutron	939.565	636.006	93645.8	40648.6	37822
C13	12109.5	0.901011	93645.8	40648.6	37822
O16	14895.1	0.234758	64769.3	17983.7	17982.6
O16	14895.1	0.205365	83453	33448.4	33447.9
Mg24	22335.8	0.349179	35925.8	2489.93	2489.19
Mg24	22335.8	0.602113	69503.6	25550.4	25549.7
neutron	939.565	1574.5	56777.1	16641.4	13085.8
Na23	21409.2	0.781578	56777.1	16641.4	13085.8
neutron	939.565	27.2366	50787.6	7732.28	7462.91
neutron	939.565	25.1471	50787.6	7732.28	7462.91
neutron	939.565	1.05747	50787.6	7732.28	7462.91
alpha	3727.38	19.3588	50787.6	7732.28	7462.91
alpha	3727.38	7.15097	50787.6	7732.28	7462.91
Si28	26053.2	0.13525	66337.5	17951.1	17950.7
Si28	26053.2	0.141156	48811.3	5881.63	5881.34
O16	14895.1	0.199375	78695	31361.5	31360.5
O16	14895.1	0.447486	65390.1	21877.4	21875.8
neutron	939.565	120.72	97939.3	44448	44107.4
neutron	939.565	50.3528	97939.3	44448	44107.4
neutron	939.565	0.529371	97939.3	44448	44107.4
Be9	8392.75	1.65895	97939.3	44448	44107.4
O16	14895.1	0.90952	56514.8	13176.7	13174.9
Mg26	24196.5	0.174559	66061.9	11738.7	11738
Mg25	23268	0.280381	91567.2	39308.1	39307.6
Mg24	22335.8	0.730358	56492.4	10753.4	10751.6
Mg24	22335.8	0.16058	72204.5	25048.4	25047.3
O16	14895.1	0.295123	94442.1	42704	42702.1
O16	14895.1	0.242555	84053.6	36021.4	36020.1
Si28	26053.2	0.144099	95059.1	41422.8	41422.6
Mg26	24196.5	0.286191	65808	22511	22510
Si28	26053.2	0.157171	52589.4	12769	12768.2
Si28	26053.2	0.496934	84671.8	36414.2	36413.7
Si28	26053.2	0.11904	68534.5	25980.9	25980.4
O16	14895.1	0.421171	57301.5	18467	18466.4
O16	14895.1	0.280962	33650	3210.24	3208.56
O16	14895.1	0.512677	98853.1	45785.7	45785.1
Si28	26053.2	0.369671	74376.4	29312	29311.5
Si28	26053.2	0.13693	50119.9	12132.5	12132.2
O16	14895.1	1.54788	31939.4	128.365	126.316
Mg24	22335.8	0.161467	81524.8	32733	32732.7
O16	14895.1	0.983009	88717.7	36702.2	36701.1
Si28	26053.2	0.213981	44273.6	6307.65	6306.87
Si28	26053.2	0.127551	37068.6	1764.21	1764.08
Mg25	23268	0.148601	95795.2	43718.9	43718.3
Si28	26053.2	0.131422	81257.9	33976.9	33976.1
Si29	26984.3	0.163011	76576.3	30809.1	30808.9
O16	14895.1	0.211791	71686	27778.3	27777.5
Mg26	24196.5	0.319415	57763.7	18488.3	18487.7
Si28	26053.2	0.533795	50696.3	14031.6	14031
O16	14895.1	0.329523	65735	23312.7	23312.3
Si28	26053.2	0.171594	94791.2	42224.3	42224.1
O16	14895.1	0.73333	68285.8	22704.8	22704.1
Fe56	52089.8	0.146025	46501.3	6167.45	6166.93
O16	14895.1	0.213956	44618	5061.93	5061.03
O16	14895.1	0.200474	75047	29366.5	29365.9
O16	14895.1	0.200508	72868.2	27902.9	27902.2
O16	14895.1	0.610756	57678.6	16901.9	16901.2
Mg25	23268	0.14868	76233	27061.7	27061.2
O16	14895.1	0.244847	53561.8	11393.4	11391.3
Si28	26053.2	0.122482	88676.2	38490.6	38490.3
O16	14895.1	0.417313	66423.4	22410.9	22410
alpha	3727.38	4.92178	64160.9	20815.3	20342.5
C12	11174.9	3.40321	64160.9	20815.3	20342.5
Si28	26053.2	0.126382	52491.1	13059.9	13058.9
O16	14895.1	0.39659	49946.7	8441.16	8439.87
neutron	939.565	362.417	94141.8	42909.9	38066.9
neutron	939.565	210.319	94141.8	42909.9	38066.9
neutron	939.565	162.456	94141.8	42909.9	38066.9
neutron	939.565	158.276	94141.8	42909.9	38066.9
neutron	939.565	129.039	94141.8	42909.9	38066.9
neutron	939.565	19.6043	94141.8	42909.9	38066.9
neutron	939.565	16.8515	94141.8	42909.9	38066.9
neutron	939.565	14.6863	94141.8	42909.9	38066.9
neutron	939.565	13.1888	94141.8	42909.9	38066.9
Si28	26053.2	0.222576	65759.5	18450	18449.5
O16	14895.1	0.29243	45967.7	5312.04	5311.47
Si28	26053.2	0.119332	97041	39163.7	39163.5
Si28	26053.2	0.259359	83682.9	30111.7	30111.4
O16	14895.1	0.408085	68863.5	22907.5	22906.6
neutron	939.565	260.23	63701.8	18535.5	16071.7
alpha	3727.38	9.93383	63701.8	18535.5	16071.7
Be8	7454.85	3.32808	63701.8	18535.5	16071.7
O16	14895.1	0.367962	62999.5	15563.2	15562.8
Si28	26053.2	0.262965	83690.2	22321.4	22320.8
Si28	26053.2	0.376124	75491.4	15200.3	15199.6
Si28	26053.2	0.143939	74288.4	14189	14188.6
O16	14895.1	0.719782	68290.9	10278.9	10277.5
Mg24	22335.8	0.350856	65507.8	22883.2	22882.8
O16	14895.1	0.203971	95919.3	43753.2	43752.8
neutron	939.565	6.06832	86091.4	35883.3	35561.5
N15	13968.9	0.682768	86091.4	35883.3	35561.5
O16	14895.1	0.346303	69788.4	26495.5	26495
Mg24	22335.8	0.189762	56157.8	17336.6	17336.3
Si28	26053.2	0.118289	31949	112.599	112.269
O16	14895.1	0.426903	43679.4	4672.3	4671.86
O16	14895.1	0.308925	68744.5	23688.4	23688.1
Fe56	52089.8	0.0892396	96733.5	43873.4	43872.7
Fe56	52089.8	0.0700066	50121.3	12159.7	12158.5
Mg24	22335.8	0.166079	94602.8	41499.8	41499.5
Fe56	52089.8	0.0639145	80673.5	32222.7	32222.3
neutron	939.565	2556.41	92930.2	41690.1	10357.7
neutron	939.565	102.934	92930.2	41690.1	10357.7
neutron	939.565	25.8539	92930.2	41690.1	10357.7
Li6	5601.52	10.4929	92930.2	41690.1	10357.7
neutron	939.565	2.10179	92930.2	41690.1	10357.7
alpha	3727.38	2.38433	92930.2	41690.1	10357.7
O16	14895.1	0.401692	43857	3370.48	3369.8
Si28	26053.2	0.121842	59339.5	14116.8	14115.9
Si28	26053.2	0.173772	96216	43986.2	43985.5
O16	14895.1	0.198909	82504.5	35006.1	35005.5
O16	14895.1	1.85955	51654.2	13866.9	13864.8
neutron	939.565	29.1269	97753.3	45112.8	44473.3
Be10	9325.5	20.1316	97753.3	45112.8	44473.3
O16	14895.1	0.334784	95366.1	42909.5	42909.1
Mg24	22335.8	0.163309	74522.2	28196.2	28195.6
Si28	26053.2	0.140988	50476.2	11770	11767.3
Si30	27913.2	0.145611	98697.7	45658.7	45657.2
Si28	26053.2	0.189967	93449.9	41069.5	41068.8
O16	14895.1	0.374996	89495.2	38110.3	38109.5
O16	14895.1	0.193377	87479.1	36886.2	36885.5
O16	14895.1	0.21321	81123.6	31841.5	31841.3
O16	14895.1	0.261092	73979.6	27483.3	27482.6
Si28	26053.2	0.155767	68513	24331.7	24331.4
Mg26	24196.5	0.123505	46659.6	8558.47	8558.29
O16	14895.1	0.582474	98452	45076.9	45076.1
O16	14895.1	0.902904	99019.4	45609.8	45608.8
Mg24	22335.8	0.203685	83905.6	32941.9	32941.6
O16	14895.1	0.203975	68598.4	21929	21928.4
O16	14895.1	0.278048	45707.1	6749	6748.52
O16	14895.1	0.760207	90430.6	40259.8	40259
Mg25	23268	0.301386	52470.4	13212.3	13211.8
O16	14895.1	0.310719	85666	36865.8	36865.4
Mg24	22335.8	0.138233	56436.2	17598.8	17598
O16	14895.1	0.256557	95979	43888.2	43887.3
O16	14895.1	0.198273	79462.9	32311.9	32311.5
O16	14895.1	2.63135	49384.9	8205.92	8203.28
Mg26	24196.5	0.176487	95466.3	43408.3	43407.7
Si28	26053.2	0.253363	83724.9	35681.2	35680.9
Si28	26053.2	0.216534	81413.1	33873.8	33873.5
neutron	939.565	43.4291	51395.9	14445.2	14195
neutron	939.565	17.195	51395.9	14445.2	14195
neutron	939.565	16.9689	51395.9	14445.2	14195
alpha	3727.38	5.1583	51395.9	14445.2	14195
alpha	3727.38	11.1367	51395.9	14445.2	14195
C12	11174.9	2.79562	51395.9	14445.2	14195
O16	14895.1	0.202143	36637.2	3071.48	3071
Si28	26053.2	0.266202	84253	35347.3	35346.7
O16	14895.1	0.231368	67743.6	24454.2	24453.4
Si28	26053.2	0.13139	41290	5902.84	5902.34
Mg24	22335.8	0.217376	33844.2	1017.56	1016.83
Si28	26053.2	0.311255	74253.1	27032.6	27032
neutron	939.565	0.125746	68135.6	24084.1	19323.7
Fe54	50231.2	0.0382642	68135.6	24084.1	19323.7
O16	14895.1	0.202408	93056.2	38050.5	38049.6
Si28	26053.2	0.207954	90358.2	36270.6	36269.3
O16	14895.1	0.282181	38241.8	272.215	271.914
O16	14895.1	0.24201	88061.5	38192.9	38192.6
Mg24	22335.8	0.158261	74098.3	27565.3	27564.8
O16	14895.1	0.300742	62889	18071.1	18070.8
Si28	26053.2	0.138243	95454.9	43278.4	43277.8
Si28	26053.2	0.18863	94174.1	42458.9	42458.2
C14	13040.9	1.46444	58828.3	19147.1	17880.4
Si28	26053.2	0.154595	96043.2	43895.2	43894.3
Si28	26053.2	0.36389	88400	38599.7	38599
neutron	939.565	941.257	83419.5	35135.1	32591.5
neutron	939.565	710.38	83419.5	35135.1	32591.5
neutron	939.565	56.1611	83419.5	35135.1	32591.5
neutron	939.565	39.9961	83419.5	35135.1	32591.5
neutron	939.565	36.1981	83419.5	35135.1	32591.5
neutron	939.565	6.92891	83419.5	35135.1	32591.5
He3	2808.39	15.2191	83419.5	35135.1	32591.5
Mg24	22335.8	0.201573	82496.8	32043.9	32043.5
Mg24	22335.8	0.181759	61221.4	16321.3	16320.4
O16	14895.1	0.199158	45512.6	4462.7	4462.37
Si28	26053.2	0.135959	82973.2	33762.5	33761.9
Fe56	52089.8	0.0565365	82931.5	33732.7	33732.5
O16	14895.1	0.803148	52130.5	11050.3	11049.3
O16	14895.1	1.15565	39533.6	3034.3	3032.75
O16	14895.1	0.214678	39582.5	4879.01	4878.04
Mg24	22335.8	0.195957	37394.9	3555.44	3554.92
O16	14895.1	0.240424	78253.6	31492.2	31491.6
O16	14895.1	0.360635	66498.7	23842.6	23842.1
Si28	26053.2	0.111125	66260.9	23690	23689.7
O16	14895.1	0.905819	52199.9	13668.2	13666.9
Mg24	22335.8	0.135841	40144.7	3866.04	3865.79
O16	14895.1	0.246151	49906.9	13296.6	13296
Si28	26053.2	0.108204	59808.7	18384	18383.9
O16	14895.1	2.2937	68138.2	24431	24428.5
Mg24	22335.8	0.876083	50394.4	8648.47	8647.42
O16	14895.1	0.491947	53707.7	13196.2	13195.3
O16	14895.1	0.406385	71241.6	24750.3	24749.6
O16	14895.1	1.42044	53272.8	12472.7	12471.2
O16	14895.1	0.707575	51332.3	11260	11259.3
O16	14895.1	1.70803	47536.5	7997.77	7995.84
O16	14895.1	0.325341	38252.5	2198.19	2197.39
Fe56	52089.8	0.0666533	89512.5	39250.6	39250.3
Mg24	22335.8	0.146006	53044.6	14395.7	14395.5
Mg24	22335.8	0.14355	94312.3	42311.8	42309.8
O16	14895.1	0.351371	55769.8	14378.2	14377.2
O16	14895.1	0.237883	50499.2	10924.7	10924.4
Mg24	22335.8	0.129645	45503.1	3156.88	3156.36
Si28	26053.2	0.136373	64399.2	22095	22094.6
Si29	26984.3	0.19009	44997.4	5708.65	5706.88
O16	14895.1	1.13701	57766.6	5481	5479.74
Si28	26053.2	0.33332	43867.2	7351.39	7350.16
O16	14895.1	0.260634	54477.8	15100.6	15100.2
O16	14895.1	0.322835	75807.3	28958.5	28957.4
O16	14895.1	0.558439	64514.7	20967.1	20966.3
Si28	26053.2	0.383324	58019.3	18398.4	18397.9
O16	14895.1	0.234885	44781.5	9598.28	9597.75
Mg24	22335.8	0.373732	64347.2	21312.4	21311.6
O16	14895.1	0.280577	54507	14584	14583.6
O16	14895.1	0.437758	41779.5	2044.83	2044.18
O16	14895.1	0.340549	89463.5	39343.4	39342.5
O16	14895.1	0.198227	79291.2	32397.2	32396.9
O16	14895.1	0.669207	76926.5	30157.4	30155.6
O16	14895.1	0.707835	52070.5	11574	11573.2
Mg24	22335.8	0.132537	36711.8	1930.44	1929.91
Mg24	22335.8	0.359681	94171.6	42062.8	42062.3
O16	14895.1	0.318529	93840.3	41868.8	41867.8
Mg24	22335.8	0.243718	72024.9	26223.7	26223.2
neutron	939.565	102.059	58798.4	11167.1	10923.7
neutron	939.565	101.953	58798.4	11167.1	10923.7
Si26	24204.6	2.85697	58798.4	11167.1	10923.7
Fe56	52089.8	0.0563577	54009.3	7714.91	7714.22
Si28	26053.2	0.109566	42654.9	454.463	454.191
O16	14895.1	0.205635	80265.7	32728.2	32727.3
O16	14895.1	0.189747	78429.1	31415.9	31415.7
O16	14895.1	0.290049	49784.1	11404.3	11403.8
Si28	26053.2	0.190671	44089.2	7470.27	7469.52
neutron	939.565	92.0301	69825.6	24304.6	23926.7
N14	13040.2	0.532317	69825.6	24304.6	23926.7
O16	14895.1	0.214307	69804.4	22128.5	22127.9
Mg26	24196.5	0.162091	67107.9	20518.1	20517.7
Mg24	22335.8	0.208201	91097.7	39997.2	39996.9
Si28	26053.2	0.1835	77648.8	31109.1	31108.4
Mg24	22335.8	0.195142	77033.8	30714.1	30712.2
Si28	26053.2	0.239958	47327.3	9046.81	9046.1
Mg24	22335.8	0.292574	63942.9	20246.1	20245.7
O16	14895.1	0.247252	62302.7	17002	17001.4
Si28	26053.2	0.128894	42698.5	4270.42	4270.17
O16	14895.1	0.798836	37814.3	3768.41	3767.03
Si28	26053.2	0.112607	67126.4	20356.7	20356.2
Si28	26053.2	0.133823	45295	5472.68	5472.2
O16	14895.1	0.238935	93706.4	41838.2	41837.4
Si28	26053.2	0.331572	92486.1	41066	41065.5
O16	14895.1	0.921001	98162.1	44750.5	44749.4
Si28	26053.2	0.540169	93822.1	42298.5	42297.6
O16	14895.1	0.777656	42948.5	5603.99	5602.9
O16	14895.1	0.305515	99769.5	46263	46262.6
O16	14895.1	0.203175	97176.9	44573.1	44572.4
O16	14895.1	0.273978	96833	44392.5	44392
O16	14895.1	0.787755	76158.2	25474.6	25473.2
O18	16762	1.09075	55506	12351.7	12350.3
Si28	26053.2	0.11007	50120.7	8941.24	8940.73
Si29	26984.3	0.117542	52508.7	7168.67	7167.34
Si28	26053.2	0.158672	48711.1	4858.22	4857.33
Si28	26053.2	0.276837	84859.1	36341.7	36341.3
O16	14895.1	0.230173	83265	35304.5	35304
Si28	26053.2	0.133775	53068	12895.9	12895.6
O16	14895.1	0.215951	94863.6	41699.7	41699.1
Fe56	52089.8	0.0978529	55059.3	1280.35	1280.24
O16	14895.1	0.38208	41772.6	2506.13	2505.63
Mg24	22335.8	0.56776	90506.7	39898.4	39897.3
Si28	26053.2	0.394627	67938.7	20413.9	20413.2
O16	14895.1	0.334219	85564.6	36391.9	36391.3
Fe56	52089.8	0.0566958	76739.1	30329.4	30329.1
Mg24	22335.8	0.211781	76117.5	22507	22506.7
neutron	939.565	34.7631	70784.9	18326.8	15582
neutron	939.565	7.32928	70784.9	18326.8	15582
neutron	939.565	1.61515	70784.9	18326.8	15582
Ne20	18617.7	1.47508	70784.9	18326.8	15582
Si28	26053.2	0.128451	55313.8	5477.05	5476.29
O16	14895.1	0.403334	90516.4	40298.9	40297.5
neutron	939.565	304.342	69835.6	24412.9	23864.5
Mg25	23268	0.399074	69835.6	24412.9	23864.5
O16	14895.1	1.13937	69556.7	23682.2	23680.9
Mg24	22335.8	0.45129	98265.7	45277.8	45277.3
O16	14895.1	0.355913	94399.2	27342.5	27341.6
Mg24	22335.8	0.444714	66809.9	9694.61	9694.17
O16	14895.1	0.468814	66086.6	21916.8	21915.8
Si28	26053.2	0.145954	60575.4	18416.6	18416.4
Mg24	22335.8	0.612056	41130.8	3686.23	3684.83
Si28	26053.2	1.62431	37165.5	1290.4	1288.69
Si28	26053.2	0.12614	97489.2	44791.8	44790.5
Mg26	24196.5	0.123958	95222.8	43495	43494.7
Mg24	22335.8	0.149259	89875.4	39633	39632.8
Si29	26984.3	0.129867	78176.8	31960	31959.8
O16	14895.1	0.374663	65803.5	22827.4	22826.8
alpha	3727.38	7.3545	59337.1	17573	17287.2
Na22	20482.1	3.99587	59337.1	17573	17287.2
Mg24	22335.8	0.173857	57485.5	16139.9	16139.4
O16	14895.1	0.263143	40476.9	5130.55	5129.63
O16	14895.1	1.26901	92778.2	42006	42004.7
Si28	26053.2	0.21578	90698.6	40556.1	40555.1
Mg25	23268	0.340085	34350.9	1727.11	1725.99
O16	14895.1	0.879024	92707.1	40347	40345.8
Mg24	22335.8	0.149507	73935.2	27265.4	27264.8
O16	14895.1	0.240635	70436.6	25201.9	25200.8
O16	14895.1	0.343292	63463	20672	20671.5
Mg25	23268	0.125134	38657.8	4475.46	4475.26
Mg24	22335.8	0.182068	51697	8296.64	8296.03
neutron	939.565	3.95352	86699.4	37567.1	37284.9
neutron	939.565	1.21783	86699.4	37567.1	37284.9
Ne20	18617.7	8.15779	86699.4	37567.1	37284.9
O16	14895.1	2.47929	76309.3	28109.2	28106.4
O16	14895.1	0.579283	75530.7	27511.2	27510.4
Mg24	22335.8	0.806063	49833.6	1298.46	1297.63
O16	14895.1	0.19572	68376.4	23958.6	23957.7
O16	14895.1	3.41002	84595.5	26849.6	26845.7
Mg24	22335.8	0.169937	80679.3	31311	31310.1
Mg24	22335.8	0.544104	71162	25238.6	25237.1
O16	14895.1	0.220276	70100.9	25220	25219.6
O16	14895.1	0.244793	58694.3	16482.5	16482.2
Mg24	22335.8	0.15782	55131.2	13954.5	13954.4
O16	14895.1	0.408087	63697.9	20968.5	20967.9
Si30	27913.2	0.242078	58470	17639	17638.7
O16	14895.1	1.09478	55139.5	15648.8	15647.4
Si29	26984.3	0.177812	82147.7	34093.3	34092.4
Mg25	23268	0.140113	63447.3	18522	18521.3
Si28	26053.2	0.246267	55709	13685.2	13684.6
O16	14895.1	0.520427	54743.7	13009.8	13009.1
O16	14895.1	0.258186	98708.1	45608.3	45607.3
Si28	26053.2	0.128802	92753.9	41487.2	41486.7
O16	14895.1	0.197955	62598.6	21349.5	21349
O16	14895.1	0.387702	55712.5	16864.1	16863.7
Si28	26053.2	0.387558	98103.1	45267.4	45266.7
O16	14895.1	0.246622	84644.8	35947.5	35947.2
O16	14895.1	0.46107	66023.4	22875.4	22874.8
O16	14895.1	0.221687	64211	21740.2	21739.4
neutron	939.565	575.301	99627.5	46157.7	45257
C13	12109.5	0.134176	99627.5	46157.7	45257
O16	14895.1	0.231821	51242.4	9649.28	9648.69
O16	14895.1	0.353954	95134.7	43434.8	43434.2
neutron	939.565	1430.34	93903.8	42650.3	37185.6
neutron	939.565	197.742	93903.8	42650.3	37185.6
neutron	939.565	71.3905	93903.8	42650.3	37185.6
neutron	939.565	11.6001	93903.8	42650.3	37185.6
neutron	939.565	3.55704	93903.8	42650.3	37185.6
C10	9327.57	3.66103	93903.8	42650.3	37185.6
O16	14895.1	0.242057	95443.6	43601.1	43599.9
O16	14895.1	0.450515	61990.2	11641.1	11639.9
O16	14895.1	0.195067	58357.9	9405.37	9403.76
Mg24	22335.8	0.587803	55004.9	7430.03	7429.41
neutron	939.565	67.0472	71004.6	20998.8	19610.3
Ne22	20479.7	0.154648	71004.6	20998.8	19610.3
Fe56	52089.8	0.115686	62681.5	13853	13852.9
O16	14895.1	0.276172	57343.4	16677.6	16677.2
O16	14895.1	0.270263	53611.8	14382.7	14381.7
neutron	939.565	671.207	40949.2	5711.75	4441.14
N14	13040.2	1.26764	40949.2	5711.75	4441.14
Si28	26053.2	0.25338	92462	41282.5	41282.1
Mg26	24196.5	0.302668	36051.7	1598.65	1598.13
O16	14895.1	0.247303	35439.3	1259.43	1258.82
Fe56	52089.8	0.0956065	81379.5	31923.2	31922.9
O16	14895.1	0.243825	64551.5	19392.5	19392.3
Mg24	22335.8	0.35639	93919.7	41353.4	41352.7
O16	14895.1	0.851292	84179.6	33583.8	33582.5
O16	14895.1	0.394051	75054.9	28887.6	28886.1
O16	14895.1	0.406805	40507.4	3407.08	3406.62
O16	14895.1	0.225288	99825.7	46302	46300.4
C14	13040.9	1.50565	67190.3	24324	24089
O16	14895.1	0.20358	50722	11385.1	11384.5
Si28	26053.2	0.239309	38723	3265.63	3265.25
Si28	26053.2	0.183987	37591.2	2551.63	2550.54
neutron	939.565	706.133	97028.9	43448.1	40453.8
neutron	939.565	2.36051	97028.9	43448.1	40453.8
Na21	19553.6	0.299325	97028.9	43448.1	40453.8
O16	14895.1	0.409821	96992.1	40435.7	40434.9
Mg24	22335.8	0.136508	42260.8	47.0788	46.491
O16	14895.1	0.598608	46880.1	9952.04	9951.04
Mg24	22335.8	0.767029	78016.4	30945.9	30945.1
Mg24	22335.8	0.737662	75290.5	29163.7	29162.6
O16	14895.1	0.671287	53390.3	11135.3	11134.3
Si28	26053.2	0.213729	67371.2	25178.5	25178.1
O16	14895.1	0.486591	94442.9	42429.6	42428.3
Mg24	22335.8	0.578389	72968	23732.3	23730.3
O16	14895.1	0.219472	49239	7673.16	7672.82
Mg24	22335.8	0.172204	99044.7	45379.5	45379.3
O16	14895.1	0.318999	76686	30004	30003.6
Si28	26053.2	0.306497	66466.7	22692.4	22691.9
Si28	26053.2	0.135852	60377.1	18659.6	18658.2
O16	14895.1	0.235082	97147.7	44577.1	44576.6
Mg24	22335.8	0.296962	87447.9	37948.3	37947.8
O16	14895.1	0.242019	77418.1	30128.3	30128
O16	14895.1	0.323039	63785.5	20089.5	20089.1
Mg24	22335.8	0.312134	59381.5	15893.3	15892.7
O16	14895.1	0.514619	55570.9	13568.9	13568.3
Mg24	22335.8	0.285019	53365.2	13699.2	13698.8
Mg24	22335.8	0.157174	50354.4	11651	11650.8
Mg24	22335.8	0.275325	96928.3	44175.9	44175.2
Si28	26053.2	0.201877	87999	37832.4	37832
Mg26	24196.5	0.215075	78161.5	31384.2	31383.9
O16	14895.1	0.198611	98187.6	45020.7	45020.2
O16	14895.1	0.237316	70841.5	22102.5	22102.3
O16	14895.1	0.192376	49074.8	7416.75	7415.77
O16	14895.1	0.303832	39571.2	1503.11	1502.3
Si28	26053.2	0.210311	36971.7	83.7414	83.1612
Mg24	22335.8	0.20451	56466.1	12803.6	12803.3
Si28	26053.2	0.11441	38523.1	850.842	850.276
Mg24	22335.8	0.453773	64515.9	22950.7	22949.7
O16	14895.1	0.335902	63401.7	21679.5	21679.1
Si28	26053.2	0.206214	39411	5367.37	5366.78
O16	14895.1	0.240017	87254.1	37795.1	37794.7
Mg24	22335.8	0.129025	62369.3	19192.9	19192.7
Si28	26053.2	0.141877	79862	31112.8	31112.4
O16	14895.1	0.271161	70365.6	25217.4	25216.9
Si28	26053.2	0.272552	70222.6	25133.1	25132.6
Si28	26053.2	0.254591	98776	45716.2	45714.2
Si28	26053.2	0.15195	90153.5	38273.7	38273.3
Mg24	22335.8	0.229668	87281.4	36482.2	36481.8
Fe56	52089.8	0.220366	70352.7	24977.5	24977.2
Si28	26053.2	0.201609	48846.5	8232.57	8232.22
neutron	939.565	145.693	97773.8	45143.6	44837
Ne21	19550.5	0.50407	97773.8	45143.6	44837
Si28	26053.2	0.131149	53040.8	12106.5	12106.1
O16	14895.1	0.237891	53005	12090.7	12089.6
Mg24	22335.8	0.350076	67008	22073.6	22073.2
O16	14895.1	0.370886	42949.4	5631.19	5630.26
Mg25	23268	0.262379	70782.7	24427.8	24427.3
Si28	26053.2	0.459472	62949.6	18754.4	18752.9
Si28	26053.2	0.123215	60775.3	16004.7	16004.6
O16	14895.1	0.673793	87072.5	37792.5	37791.4
Si28	26053.2	0.235885	75774.3	30054.1	30053.8
O16	14895.1	0.231138	65045.8	23477	23476.4
Mg24	22335.8	0.205594	34993.4	703.594	701.727
O16	14895.1	0.341821	65787.2	21013.5	21013
O16	14895.1	0.2261	58649	15841.3	15840.6
neutron	939.565	24.1414	72899.2	27691.3	27404.5
neutron	939.565	0.213769	72899.2	27691.3	27404.5
C12	11174.9	4.23433	72899.2	27691.3	27404.5
Fe56	52089.8	0.0729831	63535.3	21265.4	21265.1
O16	14895.1	0.202863	47695.1	9044.51	9044.03
Si28	26053.2	0.242713	39946	4324.33	4323.94
Mg24	22335.8	0.145624	38508.5	2501.19	2500.24
neutron	939.565	613.594	66475	20723.5	19947.4
neutron	939.565	0.569606	66475	20723.5	19947.4
Mn51	47445.2	0.498953	66475	20723.5	19947.4
O16	14895.1	0.296614	48057.3	10080.6	10079.6
O16	14895.1	0.383534	47118.3	9519.96	9518.43
Mg26	24196.5	0.141985	42812.8	6348.39	6347.53
O16	14895.1	0.41436	88131.6	38396.9	38395.8
Mg24	22335.8	0.251659	83818.7	35667	35666.6
Si28	26053.2	0.132774	60779.3	19815.3	19814.4
neutron	939.565	78.3464	80412.7	30513	30260.7
neutron	939.565	5.46043	80412.7	30513	30260.7
C12	11174.9	1.51648	80412.7	30513	30260.7
Si28	26053.2	0.123937	77774	28068	28067.8
Mg24	22335.8	0.186511	82198.4	30835.8	30835.6
Si28	26053.2	0.289388	50429.8	9930.35	9929.84
O16	14895.1	0.857983	42388	4530.33	4528.8
Mg25	23268	0.385029	43171.3	3434.61	3433.89
O16	14895.1	0.324148	48579.3	11305.2	11304.5
O16	14895.1	0.298199	35939.8	3091.34	3089.83
O16	14895.1	0.534049	34684.5	2292.92	2292.35
Mg24	22335.8	0.802713	80131.2	33224	33222.9
O16	14895.1	0.438683	90634.3	39802.6	39801.3
neutron	939.565	160.561	45831.7	7531.13	7145.03
Mg25	23268	0.248946	45831.7	7531.13	7145.03
O16	14895.1	0.478912	97374.6	43827.9	43827.3
O16	14895.1	1.00156	93961	41682.6	41681.4
Mg24	22335.8	0.192746	88117.8	37274.4	37274.1
Si28	26053.2	0.28025	71519.9	15255.8	15255.2
O16	14895.1	0.202898	61422.9	7209.06	7208.67
C14	13040.9	1.18501	43059.7	6181.78	5893.33
O16	14895.1	0.210158	96140.2	44037.5	44037.1
O16	14895.1	0.469037	84589.2	34792.7	34791.8
O16	14895.1	0.29482	65684.8	21955.5	21955.1
O16	14895.1	0.291046	70149.2	26152.3	26151.9
Mg24	22335.8	0.26094	85554	37037.9	37037.3
Si28	26053.2	0.155494	51043.4	11115.4	11114.9
O16	14895.1	0.375369	77945.8	31187.1	31186.5
O16	14895.1	0.87739	61033.8	19822.9	19821.8
O16	14895.1	0.568379	54157.1	14438.1	14437.3
Si28	26053.2	0.133979	90924.9	39504.6	39503.9
O16	14895.1	0.219287	85650.2	35675.6	35675.2
Mg24	22335.8	0.196694	58018.3	11113.8	11113
O16	14895.1	0.299848	52392.7	6726.12	6725.81
Mg24	22335.8	2.86792	42335.9	622.181	619.279
O16	14895.1	0.211939	94928.3	39293	39292.6
Si28	26053.2	0.158193	89214.1	35380	35379.5
O16	14895.1	0.190378	39275.2	890.11	889.305
Mg24	22335.8	0.22109	81949.2	32105.2	32104.3
Mg24	22335.8	0.127264	47330.1	6635.5	6635.24
neutron	939.565	46.2582	84829.7	36705.7	33741.3
neutron	939.565	11.6546	84829.7	36705.7	33741.3
neutron	939.565	10.8115	84829.7	36705.7	33741.3
neutron	939.565	8.57583	84829.7	36705.7	33741.3
B10	9324.44	4.9705	84829.7	36705.7	33741.3
Si28	26053.2	0.184099	74588.2	26690.1	26689.2
O16	14895.1	0.359858	36034	1895.5	1894.26
O16	14895.1	0.432042	33057.3	18.3647	17.8355
O16	14895.1	0.954346	72994.9	25090.7	25088.3
Fe56	52089.8	0.19823	57683.8	13426	13425
O16	14895.1	0.208564	57110.3	13055.4	13054.8
O16	14895.1	0.282968	66773	21808.8	21807.9
neutron	939.565	94.7046	46186.7	5936	5716.47
neutron	939.565	6.12703	46186.7	5936	5716.47
C12	11174.9	2.27768	46186.7	5936	5716.47
O16	14895.1	0.192481	79645.7	31838.5	31837.9
O16	14895.1	0.226943	86080.9	36781.5	36781.2
O16	14895.1	0.285694	81369.9	33588.2	33587.8
neutron	939.565	4.04935	69523.8	25814.4	25371.8
neutron	939.565	0.889007	69523.8	25814.4	25371.8
Mg23	21412.8	0.621907	69523.8	25814.4	25371.8
Fe54	50231.2	0.0986642	73878.4	26807.9	26806.3
neutron	939.565	254.062	67608.3	18525.8	17628.5
N14	13040.2	0.113308	67608.3	18525.8	17628.5
O16	14895.1	0.615676	48225.6	6614.94	6614.2
O16	14895.1	0.80624	95269.2	42453.9	42452.8
Fe56	52089.8	0.0711599	99476.2	46060.6	46060.3
O16	14895.1	0.569719	67641.5	23600.8	23599.8
O16	14895.1	0.421583	55983.4	15267.5	15267
Si28	26053.2	0.163141	63147.2	18477.4	18477.2
O16	14895.1	0.194671	57604.6	14580.6	14580.3
Si28	26053.2	0.125653	33771.2	422.384	422.227
O16	14895.1	0.736613	99259.8	45962.5	45961.6
O16	14895.1	0.265149	67472.8	24382.6	24382.2
O16	14895.1	0.248034	35555.8	3354.73	3354.23
neutron	939.565	430.151	34421.2	2601.13	986.753
neutron	939.565	376.434	34421.2	2601.13	986.753
neutron	939.565	135.127	34421.2	2601.13	986.753
neutron	939.565	7.60102	34421.2	2601.13	986.753
neutron	939.565	0.9728	34421.2	2601.13	986.753
Ne20	18617.7	0.403962	34421.2	2601.13	986.753
O16	14895.1	0.278371	97917.1	45039.1	45038.8
Mg24	22335.8	1.1074	64298.2	20578	20576.7
O16	14895.1	0.415844	60657.4	17160.1	17159.6
Mg24	22335.8	0.218213	49874.1	9990.58	9988.6
Mg24	22335.8	0.44007	77828.4	27237	27236.5
O16	14895.1	0.428572	70921.6	22537.2	22536.8
O16	14895.1	0.220911	48509.8	2924.26	2923.44
neutron	939.565	78.0667	83690	34703.3	34436.4
neutron	939.565	4.986	83690	34703.3	34436.4
alpha	3727.38	9.01397	83690	34703.3	34436.4
alpha	3727.38	7.56792	83690	34703.3	34436.4
Si28	26053.2	0.262813	67627.8	23468.7	23467.9
Si28	26053.2	0.12764	70745.4	25521.2	25521
O16	14895.1	0.19832	66230.9	22215.5	22214
O16	14895.1	0.189759	42013.3	2625.06	2624.81
Si28	26053.2	0.275231	98003.1	45210.5	45208.9
Si28	26053.2	0.140768	97810.4	45100.2	45099.8
Si28	26053.2	0.118546	91729.6	40658.8	40658.5
O16	14895.1	0.79579	85146	36236.5	36233.7
neutron	939.565	27.261	73051.4	27522.6	23457.9
neutron	939.565	14.9976	73051.4	27522.6	23457.9
N14	13040.2	0.949797	73051.4	27522.6	23457.9
Si29	26984.3	0.156468	43772.3	4704.71	4704.53
O16	14895.1	0.586473	45697.2	7577.95	7577.26
Mg24	22335.8	2.01646	97746.5	44066.5	44064.3
Mg24	22335.8	0.179244	87046.9	36705	36703.9
O16	14895.1	0.415508	56148.2	14888.2	14887.6
O16	14895.1	0.260456	40938.4	4590.04	4589.03
O16	14895.1	0.214399	87313.4	35996	35995.7
Si29	26984.3	0.166234	65432.5	17700.7	17700.3
O16	14895.1	0.195688	99229.1	45960.8	45960.5
O16	14895.1	0.733071	94119.5	42417	42415.1
alpha	3727.38	6.31672	91398.9	40569.3	40294.5
alpha	3727.38	5.47708	91398.9	40569.3	40294.5
Be8	7454.85	1.73865	91398.9	40569.3	40294.5
neutron	939.565	4.82812	96263.4	43138	39947.8
Mg24	22335.8	0.420098	96263.4	43138	39947.8
Si28	26053.2	0.148285	93888.3	42341.1	42340.7
Si28	26053.2	0.17238	38500.2	3665.95	3665.68
O16	14895.1	0.314805	93639.9	42478.6	42477.4
O16	14895.1	0.40598	88971.9	39330.9	39330.3
Mg24	22335.8	0.577829	67586.6	22702.7	22702.2
Mg24	22335.8	0.19297	39468.5	1620.67	1620.33
O16	14895.1	1.00857	96313.8	43226	43224.5
O16	14895.1	0.389257	89664.9	26252.6	26251.8
O16	14895.1	0.755163	76371.3	15887	15885.9
Mg24	22335.8	0.14194	65655.8	18492.6	18491.5
Si28	26053.2	0.154975	50997	7919.27	7918.34
neutron	939.565	1209.23	74943.6	29991.7	28320.9
C12	11174.9	1.21695	74943.6	29991.7	28320.9
Si28	26053.2	0.115712	71783.1	26434.1	26433.9
Si28	26053.2	0.564287	65686.8	22338	22336.5
Mg25	23268	0.332963	65631.1	16461.5	16460.9
Mg25	23268	0.195223	58991.7	12110.7	12109.9
Mg26	24196.5	0.188071	44579.9	2394.55	2394.16
O16	14895.1	0.316638	70981.7	24260.3	24259.9
O16	14895.1	0.244881	56382.5	13633.9	13633.2
Mg25	23268	0.337226	96733.9	44325.8	44325
O16	14895.1	0.808063	88270	38606.4	38605.6
O16	14895.1	0.208085	63997.7	21371.7	21371.5
Mg24	22335.8	0.203556	50111.6	12213.8	12213.1
Mg24	22335.8	0.277284	38573	4113.72	4112.73
Mg24	22335.8	0.552798	89731.7	38719.1	38718
Si28	26053.2	0.116329	68302.6	19392.6	19391.9
O16	14895.1	0.515773	59561.4	14121.8	14120.4
O16	14895.1	0.302344	50333.1	11992	11991.4
Si28	26053.2	0.166251	87189.1	38024.8	38023.8
neutron	939.565	0.410815	76682.7	29170	28698.9
C12	11174.9	5.61197	76682.7	29170	28698.9
Si28	26053.2	0.156847	49787.5	8068.54	8067.85
O16	14895.1	0.220211	92402.7	40940.1	40939
Si28	26053.2	0.162214	62078.6	19750.3	19748.7
O16	14895.1	0.790198	48023.6	8352.8	8351.95
O16	14895.1	0.230953	47609.8	8112.11	8111.63
Si28	26053.2	0.130977	99553.2	46150.6	46150.5
O16	14895.1	1.82248	97830	44960.9	44958.7
Mg24	22335.8	0.215098	90947.3	38710.5	38709.1
O16	14895.1	0.514379	45177.8	8018.02	8017.5
O16	14895.1	0.439782	35448	1714	1713.32
neutron	939.565	179.697	69342.5	26045.5	25707
neutron	939.565	108.739	69342.5	26045.5	25707
Mg24	22335.8	2.8035	69342.5	26045.5	25707
O16	14895.1	0.411433	63727.6	21383.5	21383
Si28	26053.2	0.180096	89591	39361.1	39360.8
Si28	26053.2	0.180199	88881.8	39527.6	39527.3
O16	14895.1	0.248411	71625.6	27638.5	27637.9
O16	14895.1	0.690817	55250.7	15948.2	15947.3
O16	14895.1	1.77521	32253.1	1242.4	1240.56
Mg24	22335.8	0.132385	97883.6	44625.3	44625.1
Si29	26984.3	0.191907	58069.5	17572.8	17572.1
Si28	26053.2	0.156394	92810.8	42043.9	42043.7
Si28	26053.2	0.146048	85024	36875.9	36875.3
O16	14895.1	0.230032	77758.3	32448.7	32448.5
Si28	26053.2	0.142161	65991.8	24425	24424.6
O16	14895.1	0.207975	64350.2	23385.9	23385
Mg24	22335.8	0.457011	62081.8	21888	21886.6
neutron	939.565	448.838	98338.6	45379.1	44701.5
C13	12109.5	1.08855	98338.6	45379.1	44701.5
Mg24	22335.8	0.263021	61028	16115.7	16115.3
Si28	26053.2	0.20203	54897.9	12058.6	12057.9
O16	14895.1	0.287525	84638.3	35776.3	35775.7
Mg24	22335.8	0.130289	44209.6	7670.49	7670.11
Si28	26053.2	0.160997	36441.5	2878.66	2878.08
Si28	26053.2	0.29915	78489.3	32036	32035.7
neutron	939.565	110.623	73285.4	28720.7	27086
neutron	939.565	95.1164	73285.4	28720.7	27086
neutron	939.565	61.0131	73285.4	28720.7	27086
Be8	7454.85	4.84359	73285.4	28720.7	27086
Mg24	22335.8	0.222948	45462.5	7714.73	7714.27
Mg24	22335.8	0.136405	41950.1	4210.96	4210.79
O16	14895.1	0.26331	83192.9	35068.1	35066.4
neutron	939.565	69.1337	43059.2	7075.6	6658.36
neutron	939.565	14.36	43059.2	7075.6	6658.36
alpha	3727.38	4.02773	43059.2	7075.6	6658.36
alpha	3727.38	23.2795	43059.2	7075.6	6658.36
Si28	26053.2	0.297721	91201.8	39852.6	39851.9
O16	14895.1	0.205815	53126.3	11080.9	11080.4
Si28	26053.2	0.771533	42773.5	4015.33	4014.08
O16	14895.1	0.212009	66040.7	22791.9	22791.5
Mg24	22335.8	0.369381	36355.6	1193.05	1192.55
Si28	26053.2	0.164236	93617.8	41688.9	41688.6
O16	14895.1	0.194608	68604.4	24016.3	24015.7
O16	14895.1	0.200103	56990.9	16296.6	16295.8
O16	14895.1	0.240276	55352.2	15283.4	15283
neutron	939.565	381.029	48866	11011.9	9933.14
neutron	939.565	52.4893	48866	11011.9	9933.14
neutron	939.565	38.5817	48866	11011.9	9933.14
neutron	939.565	20.8067	48866	11011.9	9933.14
neutron	939.565	8.25118	48866	11011.9	9933.14
alpha	3727.38	7.10339	48866	11011.9	9933.14
C12	11174.9	4.80826	48866	11011.9	9933.14
Mg24	22335.8	0.296482	99268.2	46025.4	46025
Si28	26053.2	0.162433	95785.3	43787.6	43787.5
O16	14895.1	0.228613	91498.8	40753.8	40753.2
Si28	26053.2	0.145712	56190.5	15814.1	15813.6
O16	14895.1	0.573416	41843.5	6502.58	6501.72
Fe54	50231.2	0.0836706	40630.6	5479.01	5478.57
O16	14895.1	0.595151	52363.9	9615.83	9615.14
Mg25	23268	0.272721	44681.6	4846.57	4845.73
Mg24	22335.8	0.194177	41252.3	2680.79	2679.09
O16	14895.1	0.194052	94083.8	42080	42079.6
O16	14895.1	0.499976	71842.2	21642.1	21640.5
Mg26	24196.5	0.159188	94350	42533.8	42533.4
Mg24	22335.8	0.226155	84022.7	34078.3	34077.8
Si28	26053.2	0.172458	99534.8	45482.4	45481.8
neutron	939.565	66.2988	78870.8	31225.9	30996.2
Mg25	23268	1.65687	78870.8	31225.9	30996.2
Mg24	22335.8	0.422381	70793.2	25568.3	25567.8
O16	14895.1	0.381539	57334.3	11864.6	11864.2
O16	14895.1	0.287167	88688.4	35056.2	35055.7
Si28	26053.2	0.245479	42567.5	7432.92	7432.28
Si28	26053.2	0.174435	95615.2	43077.8	43077.4
Mg24	22335.8	0.335943	97139.6	44713.4	44712.1
Si28	26053.2	0.136521	65356.2	22177.7	22176.5
Si28	26053.2	0.153619	47698.9	11141.5	11140.7
O16	14895.1	0.250132	75727.7	23301	23300.6
O16	14895.1	0.402686	45094	2264.31	2263.69
O16	14895.1	0.256598	94453.7	42671.5	42669.7
Si28	26053.2	0.226118	83770.8	35821.3	35821
O16	14895.1	1.38062	58149	17347.9	17346.4
O16	14895.1	0.40635	44442.5	7923.61	7922.9
O16	14895.1	0.223625	33875.7	364.516	363.804
O16	14895.1	0.193052	95662.7	42865.2	42865
Mg24	22335.8	0.272424	82345.9	34263.9	34263.5
Si29	26984.3	0.132946	78008.4	31685.1	31685
O16	14895.1	0.526619	72199	27701.9	27701.4
Si28	26053.2	0.200117	77179.2	30841.9	30840.8
Si28	26053.2	0.132654	76979.3	30684.8	30684.5
O16	14895.1	0.549983	90234.1	40008.1	40007.4
O16	14895.1	0.190174	57349.4	13551.8	13550.5
Mg24	22335.8	0.779004	46700.9	5460.99	5459.7
O16	14895.1	0.301319	93084.5	41350.4	41349.5
O16	14895.1	0.211038	51257.5	9702.28	9701.53
O16	14895.1	0.233541	41288.4	1931.64	1931.37
O16	14895.1	0.294968	66254.7	22811	22810.7
O16	14895.1	0.309948	92283.2	41430.8	41427.5
O16	14895.1	0.26768	80786	32552.4	32551.2
O16	14895.1	0.824042	75497	26960.8	26959.8
O16	14895.1	0.767044	65340.2	20015.9	20013.9
O16	14895.1	0.190456	56021.9	13717.7	13717.1
Si28	26053.2	0.383498	97653.2	44793.6	44793
O16	14895.1	0.268812	39809.5	153.528	152.619
Mg24	22335.8	0.175281	96049.1	43806.8	43806
Mg24	22335.8	0.231355	88699.9	38280.3	38280
O16	14895.1	0.705838	65528.4	23228.9	23227.9
Mg25	23268	0.176506	42467.5	41.7596	41.533
O16	14895.1	0.807707	90485.9	39593.5	39592.1
neutron	939.565	2.13412	82211.9	33498.1	31444.1
N14	13040.2	0.408219	82211.9	33498.1	31444.1
Mg24	22335.8	0.16608	84674.6	36286.5	36285.9
O16	14895.1	0.211675	76547	30403.9	30403.6
O16	14895.1	0.74824	53615.6	10487.9	10487.1
O16	14895.1	0.586404	74605.5	28796.8	28795.3
O16	14895.1	0.270009	49004.3	11688.8	11688.3
O16	14895.1	0.896815	32530.2	144.029	142.988
O16	14895.1	0.54911	47251.5	4917.81	4917.14
O16	14895.1	0.249885	72516.2	25936.6	25935.9
Si28	26053.2	0.179472	52701.6	11307.7	11307.2
O16	14895.1	0.400256	49333.8	8908.17	8907.69
Fe56	52089.8	0.0700851	92608.4	41423.9	41423.6
O16	14895.1	1.04941	58164.6	10821.2	10819.3
O16	14895.1	1.87242	95908.4	39087.2	39085.2
neutron	939.565	600.684	84341.7	30218.3	29474.9
Ne21	19550.5	0.474118	84341.7	30218.3	29474.9
neutron	939.565	221.938	60591.4	17876	17274.7
Si27	25130.8	0.749374	60591.4	17876	17274.7
O16	14895.1	0.728178	38358.2	1694.51	1693.76
O16	14895.1	0.247084	51458.1	3725.5	3725.11
O16	14895.1	0.743366	86132.8	37745.6	37744.3
Si28	26053.2	0.643206	36588.3	3563.62	3562.7
Mg24	22335.8	0.153957	60138.8	12464.7	12464.5
Mg24	22335.8	0.401451	69867.1	19694.8	19694.1
O16	14895.1	0.323806	61034.6	13468.4	13467.3
Mg24	22335.8	0.129121	98926.5	45785.6	45785.5
Si28	26053.2	0.149516	94046.8	41342.7	41342.3
O16	14895.1	1.49329	89959.2	38583.9	38581.6
Si28	26053.2	0.148808	74038.5	24728.2	24728
Mg24	22335.8	0.163175	60047.8	15831.3	15830.4
Mg25	23268	0.264382	47715.5	6652.47	6651.79
Mg25	23268	0.219682	79266	30137	30136.7
O16	14895.1	0.518158	46508.5	5307.25	5306.23
Si28	26053.2	0.541528	81698.4	29193.2	29192.5
Si28	26053.2	0.160119	47996.3	2130.06	2129.78
neutron	939.565	1130.94	63931.5	21233.7	19108.2
neutron	939.565	959.468	63931.5	21233.7	19108.2
O14	13044.8	1.8732	63931.5	21233.7	19108.2
O16	14895.1	0.562035	62066.3	17725.3	17724.1
Si28	26053.2	0.120024	47581.3	7558.12	7557.89
Mg24	22335.8	0.345935	46944.3	7190.9	7190.27
O16	14895.1	0.681757	61136.5	19152.7	19151.8
O16	14895.1	0.237111	60965.3	19058.7	19058.1
Si30	27913.2	0.152952	76894.9	27864.7	27864.4
Si28	26053.2	0.690437	47940.4	6581.42	6580.23
Si28	26053.2	0.131184	76922.1	28315.9	28315.6
O16	14895.1	0.29511	49521.7	9079.62	9078.76
Fe56	52089.8	0.0589182	76184.7	23359.6	23359.1
Fe56	52089.8	0.221271	99718.4	46256.7	46256.4
O16	14895.1	0.831638	95011.6	43227.9	43226.4
Mg24	22335.8	0.494648	92558.6	41711.3	41710.5
Si28	26053.2	0.166296	38648.7	2142.39	2142.22
neutron	939.565	150.324	74235.5	23142.4	22048.1
Ne22	20479.7	0.153605	74235.5	23142.4	22048.1
O16	14895.1	0.509659	68850.2	18744.3	18743.5
neutron	939.565	344.9	97276.1	44443.8	43960.6
neutron	939.565	98.6467	97276.1	44443.8	43960.6
N13	12111.2	1.23584	97276.1	44443.8	43960.6
O16	14895.1	1.83531	66795.5	21872.3	21870.2
O16	14895.1	0.94496	35167.1	246.402	245.03
Si29	26984.3	0.135545	94459.2	42745.9	42745.8
O16	14895.1	0.202478	87353.6	37709.4	37709
O16	14895.1	0.220946	78663.4	32412.4	32411.9
O16	14895.1	0.22178	36375.2	1815.53	1815.14
Mg24	22335.8	0.146942	93092.9	41837.2	41836.8
O16	14895.1	0.256222	63531.6	15166	15165.3
O16	14895.1	0.633611	78455	27730.6	27729.5
Mg25	23268	0.286336	68325.7	23718	23717.5
O16	14895.1	0.554087	56147.8	14108	14106.6
Mg24	22335.8	0.126312	47147.8	8431.86	8431.38
O16	14895.1	0.545094	92489.6	40726	40725.4
O16	14895.1	0.216425	72642.3	27676.9	27676.4
Mg24	22335.8	0.349384	38701.8	1492.15	1491.78
O18	16762	0.195211	69503.2	23393.7	23393.4
O16	14895.1	0.203676	96818.4	44365.2	44364.8
O16	14895.1	0.670638	62832.6	16662	16661.3
Si28	26053.2	0.134512	98765.1	45018.2	45018
O16	14895.1	0.247346	64094.2	21265	21264.2
Si30	27913.2	0.316288	78202.6	29106.3	29104.4
O16	14895.1	0.272424	72307.9	23652.1	23651.8
O16	14895.1	0.315978	60653	15818.6	15818.3
O16	14895.1	0.452138	74045.2	27551.8	27550.7
O16	14895.1	0.290168	43931.9	8418.32	8416.86
Si28	26053.2	0.114932	40988.5	6757.49	6755.36
O16	14895.1	0.428073	46033.7	7629.37	7628.56
O16	14895.1	0.651018	35145.9	743.332	742.537
O16	14895.1	0.220878	94145.5	42671.5	42671.3
Si28	26053.2	0.236751	78802.7	32219.2	32218.7
Si28	26053.2	0.11326	50583.9	12901.3	12900.7
Si28	26053.2	0.16222	85610.4	36795.2	36795
O16	14895.1	0.190856	77677.5	30936.9	30936.6
O16	14895.1	0.373973	45128.4	8810.06	8808.8
O16	14895.1	0.344085	43156.9	7625.76	7624.62
Si28	26053.2	0.130016	97304.7	41227.8	41227.5
O16	14895.1	0.395748	66157.8	9168.92	9168.32
O16	14895.1	0.201213	69251.1	22101.5	22101
Mg24	22335.8	0.167573	48759.1	4275.56	4275.32
O16	14895.1	0.293877	62246.7	18901.5	18901
O16	14895.1	0.195162	51073.8	11297.1	11296.8
O16	14895.1	0.206119	93149.7	39211.7	39211.1
O16	14895.1	1.04248	77190	27901.6	27898.7
O16	14895.1	0.62332	57687	9721	9718.73
O16	14895.1	0.189445	56664.2	9030.15	9029.04
O16	14895.1	0.335086	92753.9	41253.4	41253.1
Si28	26053.2	0.113096	72745.7	27433.1	27432.8
O18	16762	0.197686	70749.8	26192.2	26191.5
Si28	26053.2	0.613658	69542.5	25494	25493.3
Mg24	22335.8	0.228772	45379.6	7915.26	7914.7
Si30	27913.2	0.281464	38348	3279.11	3278.76
Mg24	22335.8	0.210454	71351.4	25875.8	25875.4
Si28	26053.2	0.134444	49321.7	11804.2	11804.1
Mg25	23268	0.172062	84421	31913.6	31913.2
O16	14895.1	0.24054	44792.9	2547.9	2547.4
Si28	26053.2	0.172966	48482.5	8923.62	8923.34
Mg26	24196.5	0.429645	42939.5	5408.28	5407.25
Si28	26053.2	0.14237	96344	44000.2	44000
O16	14895.1	0.414438	84955.3	36677.9	36676.6
O16	14895.1	0.213512	61865.6	21149.9	21148.9
O16	14895.1	0.961158	62112.8	16480.3	16479.2
Si28	26053.2	0.236452	46665.3	6686.59	6686.34
O16	14895.1	0.421522	42694	5994.03	5993.36
O16	14895.1	0.344997	92848.5	41858.1	41857.4
O16	14895.1	0.676666	61998.2	17325.3	17324.4
O16	14895.1	0.193831	40269.4	1625.19	1624.89
Mg24	22335.8	0.204312	64572	21578.2	21576.8
Mg24	22335.8	0.156064	64167.3	21342.3	21341.6
O16	14895.1	0.199937	96234.9	43936.4	43935.2
O16	14895.1	0.216116	98310.6	45048.4	45046.4
O16	14895.1	0.192108	82624.9	34676.6	34675.6
Fe56	52089.8	0.0993737	72512.5	27255.2	27254.3
Fe56	52089.8	0.0776433	59821	18658.5	18658
Mg24	22335.8	0.681033	55729.6	14201.2	14200.2
O16	14895.1	0.20068	67461	22973.2	22972.7
O16	14895.1	0.272109	93175.2	42132.3	42131.5
O16	14895.1	0.357672	88666.8	39206.1	39205.2
neutron	939.565	4.76816	73645.6	28010.6	27735.3
neutron	939.565	1.47802	73645.6	28010.6	27735.3
neutron	939.565	1.23285	73645.6	28010.6	27735.3
Cr50	46512.2	0.173321	73645.6	28010.6	27735.3
O16	14895.1	0.241958	70311.4	24712.8	24712.2
O16	14895.1	0.341959	93610.6	41677.8	41677.4
Si28	26053.2	0.120794	55652	5181.83	5181.58
O16	14895.1	0.954202	73089	27569.6	27568.5
O16	14895.1	0.717938	55198	9991.62	9990.69
Si28	26053.2	0.310152	44189.8	6255.28	6254.85
Mg24	22335.8	0.856821	93697.6	41540.1	41539
O16	14895.1	0.843412	72513	23124	23122.9
O16	14895.1	0.221119	91431.1	27849.2	27848.3
O16	14895.1	0.414776	93374.7	42217	42216.2
O16	14895.1	0.327454	68440.5	22571.1	22570.5
O16	14895.1	0.192771	92358.5	39491.5	39490.7
Si28	26053.2	0.11117	86304.8	28994.9	28994.7
Si30	27913.2	0.25678	54674.7	6852.42	6851.7
O16	14895.1	0.362306	79059.1	27854.6	27854.2
O16	14895.1	0.269055	92785.7	41122.9	41122.7
O16	14895.1	0.204772	38577	3596.14	3595.19
Fe56	52089.8	0.372137	97029.1	44592.3	44591.7
O16	14895.1	0.201263	62987	21845.7	21845.3
O16	14895.1	0.510096	60758	20322.2	20320.8
O16	14895.1	0.242592	47233.5	11072.2	11071.6
Si28	26053.2	0.356451	45885	9249.36	9248.17
Mg24	22335.8	0.997888	73278.7	27587.3	27585.9
Si28	26053.2	0.135228	40717.5	735.656	735.424
O15	13971.2	2.06348	80821	33408.9	32722.2
Si28	26053.2	0.38372	76740.2	29009.2	29008.4
O16	14895.1	1.00016	50470.7	11429.7	11428.2
O16	14895.1	0.219951	44054.3	7204.09	7203.57
O16	14895.1	0.541035	35231.3	1735.93	1735.25
Fe56	52089.8	0.065942	89424.5	37304.8	37304.7
O16	14895.1	0.198756	86610.5	37462	37461.1
Mg26	24196.5	0.18855	67591.6	24419.2	24418.7
Mg24	22335.8	0.213494	38114.6	2378.85	2378.32
Fe56	52089.8	0.0645122	52006.8	12974.4	12973.5
O16	14895.1	0.212816	41186.9	6001.67	6001.27
Si28	26053.2	0.243894	36324	2998.82	2998.15
O16	14895.1	0.219808	67360.3	21729.2	21728.6
O16	14895.1	0.510538	75716.2	25371.8	25370.9
O16	14895.1	0.557045	63616.6	22671.4	22670.8
O16	14895.1	0.415691	70254.6	25917	25916.5
O16	14895.1	0.218019	70067	25801.5	25799.9
Fe56	52089.8	0.0898709	38349.6	2633.34	2633.23
Mg24	22335.8	0.282211	96971.5	44343.8	44341.1
N15	13968.9	0.576883	92475	40823.1	40503.8
Si28	26053.2	0.317039	65145.6	21725.3	21724.6
O16	14895.1	0.191527	64382.8	21197.8	21197.5
Si27	25130.8	0.393801	99020	45322.8	45112.7
Mg24	22335.8	0.168801	76851	29593.4	29592
Si28	26053.2	0.131503	68470.3	24273.6	24273.1
Mg25	23268	0.150015	64677.7	21886.7	21885.8
Si28	26053.2	0.327368	42912	7052.24	7051.76
neutron	939.565	337.261	56494.3	17048.9	16502.6
neutron	939.565	145.758	56494.3	17048.9	16502.6
C12	11174.9	2.43858	56494.3	17048.9	16502.6
O16	14895.1	0.317911	35893.3	472.235	471.9
neutron	939.565	916.47	99135	45894.1	43778
neutron	939.565	4.84058	99135	45894.1	43778
neutron	939.565	4.53905	99135	45894.1	43778
neutron	939.565	4.04085	99135	45894.1	43778
alpha	3727.38	29.8388	99135	45894.1	43778
C12	11174.9	7.38446	99135	45894.1	43778
Si28	26053.2	0.109728	67201.7	21088.7	21088.6
alpha	3727.38	6.01754	78041.9	23790.1	23203.6
O16	14895.1	2.458	78041.9	23790.1	23203.6
Si30	27913.2	0.326702	74324	26575.9	26575.5
O16	14895.1	0.237454	85255.3	33788.9	33788
Si28	26053.2	0.122237	93474.5	41613.8	41613.7
Si28	26053.2	0.285768	64086.6	21591.5	21591.1
Mg24	22335.8	0.14348	68466.5	24221.4	24220.9
O16	14895.1	0.25173	50919.5	12734.4	12733.2
O16	14895.1	0.192106	60864	19518.4	19518.1
Si28	26053.2	0.190571	73363.5	26358	26357.6
Mg24	22335.8	0.174281	70366.3	24269.9	24269.5
O16	14895.1	0.209182	48052.1	6427.77	6427.33
O16	14895.1	0.93638	71082.2	27202.9	27201.2
Mg24	22335.8	0.219839	80967	33216	33215.1
O16	14895.1	0.315313	79835.3	32483.7	32483.1
O16	14895.1	0.20963	50355.7	7402.3	7402.01
Mg25	23268	0.186437	46876.3	5222.53	5221.17
O16	14895.1	0.28095	85862.9	29526.7	29525.8
O16	14895.1	0.342912	78809.9	23451.5	23451.2
Si28	26053.2	0.125844	64626.6	11702.5	11702.3
neutron	939.565	3.85985	97808.3	44870.1	44640.2
alpha	3727.38	7.06086	97808.3	44870.1	44640.2
alpha	3727.38	24.3855	97808.3	44870.1	44640.2
alpha	3727.38	7.77544	97808.3	44870.1	44640.2
Mg24	22335.8	0.406422	97107.3	44223.5	44222.9
O16	14895.1	0.231389	53597	11037.6	11037.3
O16	14895.1	0.30101	65764.2	19930	19929
Si28	26053.2	0.191155	99138.2	45856.1	45855.5
O16	14895.1	0.746385	36483.3	2306.98	2305.9
O16	14895.1	0.259108	92443.7	41392.1	41391.3
Mg24	22335.8	0.555055	63092.5	15710	15709.1
Si28	26053.2	0.12385	59639.8	13668.4	13667.1
Si28	26053.2	0.572778	49496.1	2257.9	2257.03
O16	14895.1	0.305739	79652.6	30618.7	30617.8
Si28	26053.2	0.145698	92889.9	41855.2	41854.7
O16	14895.1	0.450112	35017.7	184.827	184.233
Si28	26053.2	0.155705	91016.4	38278.1	38277.9
O16	14895.1	0.214449	89541.6	37404.8	37404.3
Mg25	23268	0.637218	34755	1593	1592.33
O16	14895.1	0.215892	99035	45716.6	45715.1
Si28	26053.2	0.237774	93771.9	41858.2	41857.9
O16	14895.1	0.550856	50770.6	3917.95	3917.33
O16	14895.1	0.616883	59977.3	20092.1	20091.4
Si28	26053.2	0.118092	86166.3	37473.8	37473.5
O16	14895.1	0.324401	48731.9	5425.82	5425.48
O16	14895.1	1.40674	87735	36266.7	36264.9
Si28	26053.2	0.168359	82305.4	33035.3	33034.9
O16	14895.1	0.381809	40284.7	3481.92	3481.47
O16	14895.1	0.229302	87619.3	25807.8	25807.5
O16	14895.1	0.742184	56237.7	3122.25	3120.45
Mg24	22335.8	0.48162	72600.4	26838.1	26837.4
Si28	26053.2	0.123373	82863.8	32856.6	32856.3
O16	14895.1	0.221044	58466.6	15291.1	15290.4
Fe56	52089.8	0.0832881	70670.9	16518.3	16517.8
Fe56	52089.8	0.0689527	81292.7	32908.2	32907.8
Si28	26053.2	0.269533	46078.2	3285.4	3285.06
O16	14895.1	0.400764	96672.2	44301.4	44300.7
O16	14895.1	0.561998	89442.7	39896.3	39895.7
Si30	27913.2	0.130767	85563.3	37496.4	37493.6
Mg24	22335.8	0.147591	42829	6623.82	6623.48
Si28	26053.2	0.196189	79115.2	32545.7	32544.9
O16	14895.1	1.78685	77431	29263	29260.6
O16	14895.1	0.316012	71668.2	25597.6	25596
Si28	26053.2	0.220238	38590.9	2687.52	2687.27
O16	14895.1	0.391835	54876.3	7337.55	7336.1
Mg25	23268	0.136213	93859.6	41983.5	41983.3
Si29	26984.3	0.180021	72203.1	12487.9	12486.3
O16	14895.1	0.399045	70579.4	21827.8	21826.6
Fe56	52089.8	0.0597259	49689.3	7758.56	7758.39
Fe56	52089.8	0.0656292	46188.9	5517.93	5517.19
neutron	939.565	6.52073	85600.2	35616.4	34240
neutron	939.565	4.31297	85600.2	35616.4	34240
Ne21	19550.5	2.49743	85600.2	35616.4	34240
O16	14895.1	0.346713	82934	32584.1	32583.3
O16	14895.1	0.392397	73214.4	25439	25438.2
Mg25	23268	0.138784	39021.9	88.4871	88.2257
Mg25	23268	0.316026	84441.9	33845.2	33844.8
O16	14895.1	0.193065	43713.4	2311.09	2310.74
O16	14895.1	0.274948	45900.6	3026.33	3025.97
O16	14895.1	0.308637	90333	36887	36886.6
O16	14895.1	0.22325	39459.7	2145.52	2145.02
O16	14895.1	0.201388	75498.2	24942.9	24942.3
Si28	26053.2	0.125684	50104.7	6060.12	6059.86
O16	14895.1	0.370209	44921.9	2798.84	2798.07
Mg24	22335.8	0.922932	95757	43427.8	43426.7
O16	14895.1	0.212331	90675.2	39934.8	39934.3
neutron	939.565	0.996979	70001.3	26545.1	26062.3
N14	13040.2	0.243078	70001.3	26545.1	26062.3
Si28	26053.2	0.178193	91501.3	39843.6	39841.8
O16	14895.1	0.224585	68964.4	15641	15639.7
O16	14895.1	0.23907	53839.4	11074.5	11074.2
Si28	26053.2	0.141455	59782.1	18154	18153.4
Fe56	52089.8	0.0660495	79395.2	32073.8	32073.3
Mg24	22335.8	0.362864	77626.6	30387.3	30386.6
Mg24	22335.8	0.161618	93990.7	39449.1	39448.5
Si28	26053.2	0.326334	84607.5	32896.6	32896.2
O16	14895.1	0.517272	68965.4	21668.2	21667
Si28	26053.2	0.589507	93592.6	42184.9	42184.3
Mg24	22335.8	0.159048	57298.8	12085.3	12084.5
O16	14895.1	0.613883	46306.9	4199.41	4198.56
O16	14895.1	2.78529	44004.7	2729.34	2726.39
O16	14895.1	0.201402	86477	36126.1	36125.6
Si28	26053.2	0.115202	48346.4	8022.49	8021.72
Si28	26053.2	0.258294	80077.1	32371.3	32370.6
O16	14895.1	0.267468	44376.4	7619.25	7618.06
O16	14895.1	0.284682	42679.6	6456.94	6456.38
Mg24	22335.8	0.796544	98078	45023.8	45022.9
Mg24	22335.8	0.419561	76633.9	20985.4	20984.9
Mg26	24196.5	0.362058	73470.5	18966.2	18965.7
O16	14895.1	0.230195	49147	3370.15	3369.83
Si28	26053.2	0.316372	88448.4	38338.3	38337.7
Si28	26053.2	0.219709	77512.7	30564.8	30563.9
O16	14895.1	0.440829	99216.6	45852	45851.5
N14	13040.2	0.906436	87965.2	35638.4	35271.9
Si28	26053.2	0.112253	81989.8	31761.8	31761.6
O16	14895.1	0.18951	79357.1	28856.1	28855.1
Si28	26053.2	0.254289	79088.9	28697.7	28697.4
O16	14895.1	0.282811	52085.5	9671.04	9670.74
Si28	26053.2	0.119231	63210.6	17961.5	17960.6
Fe56	52089.8	0.0643344	51121.5	10126.7	10126.7
Fe56	52089.8	0.0549843	38788.7	2356.42	2355.43
O16	14895.1	0.211614	72282.5	27619.4	27618.7
Si29	26984.3	0.19017	60786.7	20050.2	20049.8
O16	14895.1	0.206297	74227.5	28205.8	28205
O16	14895.1	0.314787	71537.1	23424.5	23422.6
Mg24	22335.8	0.380377	69514.9	22237.1	22236.5
O16	14895.1	0.405045	36980.9	18.3454	17.8318
Mg24	22335.8	0.258407	96941.9	44171.9	44171.3
O16	14895.1	0.281773	64100.7	19231.4	19231
O16	14895.1	0.196707	55405.6	12971.7	12971.5
O16	14895.1	0.303164	39188.5	2298.14	2297.49
O16	14895.1	0.369403	84388.5	36094.2	36093.2
neutron	939.565	1685.08	89705	39505	37283.3
neutron	939.565	494.448	89705	39505	37283.3
Al25	23271.8	0.438866	89705	39505	37283.3
Si28	26053.2	0.134016	38345.1	2165.98	2165.62
O16	14895.1	0.454828	41901.3	5064.67	5063.8
Fe56	52089.8	0.0967823	97463	43106.9	43106.5
O16	14895.1	0.310326	42098.3	2224.11	2223.55
Si30	27913.2	0.159873	98093.2	45180.2	45179.4
O16	14895.1	0.682805	92737.8	41646.3	41645.5
Mg24	22335.8	0.547476	90778.1	40280.4	40279.8
O16	14895.1	0.304921	85762.6	36212.5	36212.1
Mg24	22335.8	0.186922	94977.9	42869.7	42868.2
alpha	3727.38	1.94907	80057.8	32965.9	18041.4
alpha	3727.38	10.5442	80057.8	32965.9	18041.4
Fe56	52089.8	0.18812	88907.6	39111.7	39111
O16	14895.1	0.2509	73428.7	19471.6	19471.3
O16	14895.1	0.258919	58588.6	14636.4	14635.8
Mg24	22335.8	0.210841	56969.1	16441.5	16441.2
Mg24	22335.8	0.43775	41685.4	5627.53	5627
O15	13971.2	0.832953	91458.4	40304.7	40089.2
O16	14895.1	0.737188	56011.2	12537.3	12536.4
Si28	26053.2	0.12733	53380	12837	12836.6
Si30	27913.2	0.111163	72275.6	28348.8	28348.5
Si28	26053.2	0.119829	91095.7	40265.8	40265.4
Si29	26984.3	0.412807	89882.5	39416.3	39415.9
Si28	26053.2	0.195499	85893.2	36736.6	36735.3
O16	14895.1	0.268225	52857.4	14892.9	14892.5
neutron	939.565	165.121	51498.7	14139.7	13852
alpha	3727.38	1.48651	51498.7	14139.7	13852
Be8	7454.85	10.2161	51498.7	14139.7	13852
Si28	26053.2	0.113882	33864.9	1717.55	1717.21
O16	14895.1	0.526863	86178.2	36038.8	36036.5
O16	14895.1	0.223976	63023.2	17887	17885.9
Si28	26053.2	0.159581	48153.4	7678.96	7678.09
Mg24	22335.8	7.32629	57686.3	14319.4	14311.4
Mg24	22335.8	0.400625	56714	13082.9	13081.9
Si28	26053.2	0.461867	48518.2	12363.8	12362.7
Mg24	22335.8	0.161565	35125.5	3309.08	3308.35
Si28	26053.2	0.152726	96892.8	37360.3	37360
O16	14895.1	0.191664	92592.6	41827	41826.5
Si28	26053.2	0.192879	97127	44661.3	44659.7
O16	14895.1	0.578292	90051.2	39944.4	39943.7
O16	14895.1	0.323627	77861.7	31737.2	31735.1
Mg24	22335.8	0.206641	59153.6	19306.2	19305.5
Si28	26053.2	0.307347	87727.4	38589.2	38588.9
O16	14895.1	0.486759	72334.8	26819.4	26818.6
O16	14895.1	0.379639	48909.3	10409.2	10408.7
neutron	939.565	0.284988	93680.1	42088	41220.9
B12	11188.7	0.984683	93680.1	42088	41220.9
Si28	26053.2	0.133766	90853.1	39470.4	39469.5
O16	14895.1	0.191283	85179.2	37160.9	37160.6
neutron	939.565	5.92165	71655.1	26960.8	26753
Ne22	20479.7	1.04179	71655.1	26960.8	26753
O16	14895.1	1.19565	91653.4	39844	39842.7
O16	14895.1	0.340158	46068.5	5725.49	5723.31
Si28	26053.2	0.135566	44512.8	4753.58	4753.35
O16	14895.1	0.627535	42004.1	3140.54	3139.11
O16	14895.1	0.264961	57160.9	16101	16100.2
Si28	26053.2	0.128536	35430.1	1686.46	1685.94
O16	14895.1	0.208061	98503.6	45436.4	45434.8
Si28	26053.2	0.35184	55761	9958.71	9957.77
Si28	26053.2	0.217107	90124	38463.6	38461.9
Mg24	22335.8	0.207063	65851.6	22157.8	22157.6
O16	14895.1	0.295254	39404.4	3652.4	3651.55
O16	14895.1	0.345888	68965.7	24135.9	24135.2
Mg24	22335.8	0.444034	88108	37512.6	37512.1
O16	14895.1	1.34033	70730.5	22081.2	22079.6
O16	14895.1	0.314167	60696.4	15074.7	15074.1
Mg24	22335.8	0.272714	65930.5	18859.8	18859.4
Mg24	22335.8	0.297902	44008	5929.26	5928.89
Fe56	52089.8	0.0832701	75206.6	28424.7	28424.4
Mg24	22335.8	0.640653	72084.9	26902.2	26901.6
Mg24	22335.8	0.271563	92237.5	40217.9	40215.8
Si28	26053.2	0.145229	84614.9	35266.8	35266.2
Si28	26053.2	0.10928	68658	22637.3	22636.8
O16	14895.1	0.201796	98608.6	45462.9	45462.6
O16	14895.1	0.255565	58951.6	14620.3	14619.9
Si29	26984.3	0.184177	39256	499.643	498.048
neutron	939.565	351.825	99844.3	46324.1	45522.2
neutron	939.565	48.1029	99844.3	46324.1	45522.2
neutron	939.565	17.5973	99844.3	46324.1	45522.2
alpha	3727.38	13.0504	99844.3	46324.1	45522.2
alpha	3727.38	35.0175	99844.3	46324.1	45522.2
alpha	3727.38	15.4731	99844.3	46324.1	45522.2
Si28	26053.2	0.190606	88722	37317.4	37317.1
O16	14895.1	0.570759	67868.7	21278.6	21277.9
Si28	26053.2	0.138982	59239.3	14969.6	14969.2
Mg24	22335.8	0.244527	42483.6	1833.42	1832.3
Si28	26053.2	0.160881	47073.8	9679.17	9677.88
Si28	26053.2	0.121611	31833.6	211.905	211.353
Mg24	22335.8	0.229053	60803.8	18801.6	18801.3
O16	14895.1	0.718239	59455.5	18035.7	18034.5
Mg24	22335.8	0.629019	67549	17087.9	17086.9
Si28	26053.2	0.206211	98162.7	45196.1	45195.8
Mg24	22335.8	0.262434	47519.8	9490.11	9489.64
O16	14895.1	0.237069	86846.7	37122.9	37122.4
Mg24	22335.8	0.180349	87463.7	27732.5	27732
O16	14895.1	0.209146	75021.1	19592.2	19591.9
O16	14895.1	0.223078	48688.8	11149.2	11148.8
neutron	939.565	1.54085	47573	10287.1	9798.07
neutron	939.565	0.824803	47573	10287.1	9798.07
C12	11174.9	8.58416	47573	10287.1	9798.07
O16	14895.1	0.807766	82377.3	34047.9	34047.1
O16	14895.1	0.226008	82234.7	35061.3	35060.6
Si28	26053.2	0.395702	62429.9	15799.8	15799.1
O16	14895.1	0.387874	59028	13296	13295.5
Si28	26053.2	0.270851	43775.6	3464.51	3464.13
Si28	26053.2	0.126714	74179.6	26548.4	26548
O16	14895.1	0.249957	86900.1	38395.5	38395.1
O16	14895.1	0.538248	58786.4	19541.6	19540.9
Si28	26053.2	0.230283	41558.2	7539.45	7539.1
Si28	26053.2	0.147554	88241	38554.3	38554.1
Mg24	22335.8	0.177017	77553.4	30235.5	30235.3
O16	14895.1	0.281396	65181.3	21363	21361.3
O16	14895.1	0.214037	55034.9	14677.9	14676.9
O16	14895.1	0.275482	46791.7	8881.21	8880.47
O16	14895.1	0.419035	99021.1	45788.7	45788.2
Mg24	22335.8	0.146491	47681.6	7721.24	7721.08
Si28	26053.2	0.162018	85938	36242.8	36242.3
Mg24	22335.8	0.131408	44889.9	6901.39	6901
O16	14895.1	0.5507	41785.8	4802.71	4801.65
Si28	26053.2	0.173974	74437.9	28955.4	28954.9
O16	14895.1	0.502628	73405	28336.3	28335.8
O16	14895.1	0.215739	58087.8	18517.2	18516.5
neutron	939.565	4.05663	89302.3	39192	38418.4
C12	11174.9	0.357105	89302.3	39192	38418.4
N14	13040.2	0.341806	63697.7	21016	18987.1
O16	14895.1	0.1943	61812.5	17468.6	17467.8
O16	14895.1	0.419651	51328.9	9465.65	9464.98
C13	12109.5	1.21198	42550.4	3759.32	3084.72
N14	13040.2	0.521986	57328	17410.5	16677.5
O16	14895.1	0.756228	41835.9	6078.58	6077.38
Fe56	52089.8	0.0560051	82853.7	33875.3	33875.2
Si28	26053.2	0.445531	81267.5	32695.6	32694.4
Si30	27913.2	0.114472	95229	43387.5	43387.3
neutron	939.565	252.701	64442	14059.8	13076.9
neutron	939.565	70.8447	64442	14059.8	13076.9
neutron	939.565	58.3427	64442	14059.8	13076.9
neutron	939.565	44.8993	64442	14059.8	13076.9
neutron	939.565	10.4672	64442	14059.8	13076.9
neutron	939.565	1.06834	64442	14059.8	13076.9
C14	13040.9	3.9521	64442	14059.8	13076.9
Si28	26053.2	0.376808	76524.7	23484.8	23484.4
O16	14895.1	0.499429	69751	19150.5	19149.9
neutron	939.565	88.8805	89329.8	38931.7	38685.5
neutron	939.565	0.696881	89329.8	38931.7	38685.5
alpha	3727.38	5.16546	89329.8	38931.7	38685.5
N15	13968.9	7.14325	89329.8	38931.7	38685.5
O16	14895.1	0.203845	77785	29950.7	29949.6
Mg24	22335.8	0.163414	75622.3	28449.5	28448.7
Si29	26984.3	0.135974	55009.4	11516.9	11516.8
O16	14895.1	0.639712	77175.5	19632.9	19631.9
Mg24	22335.8	0.189138	96161.1	43705.8	43705.6
O16	14895.1	0.248439	94746.6	42776.1	42775.8
O16	14895.1	1.00488	70902.1	24308.5	24307
neutron	939.565	1752.12	83137	34603.6	26387.7
neutron	939.565	114.598	83137	34603.6	26387.7
neutron	939.565	11.7398	83137	34603.6	26387.7
alpha	3727.38	6.79079	83137	34603.6	26387.7
Be8	7454.85	2.06965	83137	34603.6	26387.7
Si28	26053.2	0.414542	72885.7	15022.3	15021.8
O16	14895.1	0.202509	98092.6	45069	45068.3
Mg24	22335.8	0.131424	72701.7	24055.5	24054.7
O16	14895.1	0.414815	44240.6	4270.92	4269.9
Si28	26053.2	0.203768	43049.5	3482.98	3482.59
Si28	26053.2	0.187725	88291.6	38584.5	38584.1
Fe56	52089.8	0.0545192	70707.4	23311.2	23310.9
Si28	26053.2	0.226625	41238.4	4522.35	4521.44
O16	14895.1	0.373574	94863.6	41663.5	41663
O16	14895.1	0.271727	93296.4	40534.1	40533.4
O16	14895.1	0.375079	90739.3	38174.2	38173.3
O16	14895.1	0.294272	75567.9	25395.1	25394.4
Mg24	22335.8	0.166764	93383.8	42308.8	42308.4
Mg26	24196.5	0.313514	89031	39314.9	39314.1
Si28	26053.2	0.18149	83561.2	35081.2	35080.9
Mg25	23268	0.247726	46788.8	8431.76	8431.33
O16	14895.1	0.222516	88738.4	35385	35383.1
O16	14895.1	0.357771	53895.5	8903.54	8902.35
O16	14895.1	0.194214	53287.5	8509.82	8509.55
O16	14895.1	0.396733	45239.8	3334.97	3334.26
Si28	26053.2	0.210636	71474.9	27718.9	27717.4
O16	14895.1	1.06618	61226.6	21324.5	21323.3
Si28	26053.2	0.222512	39783.9	1747.75	1746.63
neutron	939.565	73.0154	78739.9	30532.6	28652
neutron	939.565	6.19268	78739.9	30532.6	28652
neutron	939.565	3.85983	78739.9	30532.6	28652
neutron	939.565	2.36458	78739.9	30532.6	28652
alpha	3727.38	4.68959	78739.9	30532.6	28652
alpha	3727.38	4.87009	78739.9	30532.6	28652
O16	14895.1	0.338781	91524	40385.2	40384.7
neutron	939.565	63.7394	56307	13907	13505
neutron	939.565	57.047	56307	13907	13505
neutron	939.565	4.4822	56307	13907	13505
He3	2808.39	4.82852	56307	13907	13505
alpha	3727.38	1.6609	56307	13907	13505
alpha	3727.38	9.03273	56307	13907	13505
Mg24	22335.8	0.321318	54854.3	12649.5	12648.9
neutron	939.565	76.6693	97177	44097.9	43435.6
neutron	939.565	17.1846	97177	44097.9	43435.6
C12	11174.9	4.76843	97177	44097.9	43435.6
Mg24	22335.8	0.172609	95974.3	42354.5	42353.7
O16	14895.1	0.786239	90594.8	38488.2	38487.1
Si28	26053.2	0.118824	90104.4	38204.9	38204.5
O16	14895.1	0.205958	83403	35065.6	35065.3
Mg25	23268	0.509986	67059.2	24053.9	24052.8
Si28	26053.2	0.227443	64522.3	20739.4	20738.6
O16	14895.1	0.336362	61834.1	18973	18972.6
Fe56	52089.8	0.0654709	47102.6	9454.13	9453.79
O16	14895.1	0.192668	95512.9	43361.7	43360.2
Si28	26053.2	0.18098	91286.5	40398.6	40398.4
Si28	26053.2	0.167164	86322.4	37327.4	37326.9
O16	14895.1	0.246565	98076.4	44448.7	44448.1
O16	14895.1	0.235136	90706.3	37956.3	37955.9
Si28	26053.2	0.225317	75049.6	17165.8	17165.2
O16	14895.1	0.940084	52415.5	1754.19	1752.82
O16	14895.1	0.233503	83132.8	35301.5	35301.1
O16	14895.1	0.379028	46847.1	11519.5	11519.1
Mg24	22335.8	0.257994	30546.8	925.75	924.167
O16	14895.1	0.298609	98362.1	45409	45408
O16	14895.1	1.56675	83436.3	34204.2	34202.5
Mg25	23268	0.232135	48366.6	8489.51	8489.25
O16	14895.1	0.245234	35145.3	31.9065	31.5176
O16	14895.1	0.271865	37675.3	2039.22	2038.69
Si28	26053.2	0.13892	87775.5	37541	37540.8
Si28	26053.2	1.1312	82935.6	34466.1	34465
O16	14895.1	0.535792	75402.1	29610.3	29609.4
O16	14895.1	0.281963	67305.1	23372.8	23372.5
O16	14895.1	0.76122	44390.8	7650.59	7648.22
Si28	26053.2	0.357676	33209.5	839.994	839.477
O16	14895.1	0.26272	61825.5	19727.6	19727.3
O16	14895.1	0.229097	54432.6	14579.9	14579.6
O16	14895.1	1.57542	99959.5	46394.3	46392.6
O16	14895.1	0.196629	72391.4	24553.2	24552.9
O16	14895.1	0.300216	52133.7	9116.44	9115.99
O16	14895.1	0.78868	67378.4	22850.9	22850.1
Si28	26053.2	0.246015	56796.3	15336.6	15335.7
O16	14895.1	0.291429	94486.1	43018.5	43018.1
O16	14895.1	0.389876	62993.3	19272.1	19271.3
O16	14895.1	0.326554	84600.7	35196.9	35195.2
O16	14895.1	1.03465	94582.3	41681.3	41680.1
O16	14895.1	0.356424	57943.7	16656.5	16655.8
O16	14895.1	0.284051	48403.7	9462.96	9462.56
O16	14895.1	0.510803	89995.8	40166.5	40165.6
Si28	26053.2	0.158958	58817.7	16138.1	16137.7
O16	14895.1	2.14591	84911.5	35752.8	35750.5
O16	14895.1	0.21784	37668.4	3927.79	3926.41
Fe56	52089.8	0.200678	57743.9	15162.4	15161.9
Mg24	22335.8	0.272962	56896.7	14471.1	14470.5
Si28	26053.2	0.147711	48256.9	8968.59	8967.65
O16	14895.1	0.307773	40525.6	4205.62	4204.71
Mg24	22335.8	0.221843	46463.8	9115.32	9114.75
Mg26	24196.5	0.157296	46113.2	8877.01	8876.58
Mg24	22335.8	0.256703	93597.5	41966	41965.7
Mg24	22335.8	0.148457	78262.2	32676	32675.7
Fe56	52089.8	0.0696881	48369.6	9386.83	9385.96
Mg24	22335.8	0.257148	42322.8	5725.53	5725.21
Si28	26053.2	0.444904	93056.5	41662.6	41662.1
O16	14895.1	0.276231	91264.6	40511.9	40510.6
Mg24	22335.8	1.11987	45288.6	9598.27	9597.14
O16	14895.1	0.507043	96211.7	43264.9	43263.5
O16	14895.1	1.59108	74441.2	28960.2	28958.6
O16	14895.1	1.33096	98542.1	45472.9	45471.2
O16	14895.1	0.457057	50965.2	12143.5	12143.1
O16	14895.1	0.267905	97018.9	44628.4	44627.5
Si28	26053.2	0.2171	56469.4	15629.2	15628.9
Si28	26053.2	0.179448	41043.9	6291.16	6290.79
O16	14895.1	0.395508	54601.7	14907.5	14905.4
O16	14895.1	0.711643	82485.1	34239	34237.9
Si28	26053.2	0.17079	70473.2	26258.8	26258.4
Si28	26053.2	0.124927	96611.9	44354.4	44354.2
O16	14895.1	0.256643	69194.2	25178.9	25177.9
O16	14895.1	2.58412	98321.1	45446.4	45443.3
O16	14895.1	0.401953	70062	24975.3	24974.6
O16	14895.1	0.201074	36426.8	1553.56	1552.71
Si28	26053.2	0.158098	64331.7	21509.6	21507.9
O16	14895.1	0.265473	95244.2	43447.4	43446.8
Si28	26053.2	0.151368	93159.9	42181	42180.1
Si28	26053.2	0.182412	54915.9	2926.12	2925.76
O16	14895.1	0.607496	91438.3	40781.7	40780.6
Si28	26053.2	0.149596	74539	28726	28725.8
Si29	26984.3	0.168489	60608.2	18134	18133.4
O16	14895.1	0.333166	58045.7	15710.9	15710.3
O16	14895.1	0.23722	48104.1	9623.17	9622.16
Mg24	22335.8	0.190117	42416.2	5805.87	5805.37
O16	14895.1	1.31405	65665	19665.1	19663.6
Si28	26053.2	0.111231	94331.4	42390	42387.9
O16	14895.1	0.612242	70699.8	25907.5	25906.9
Mg24	22335.8	0.437013	57323.3	14680.6	14679.4
O16	14895.1	0.373492	79888	28692	28691.4
Si28	26053.2	0.41008	74559.1	25467.4	25466.5
Mg25	23268	0.149413	73268.5	24704	24703.6
Mg24	22335.8	0.337183	97864.6	44503.7	44502.4
O16	14895.1	0.268524	92657	41182.5	41182
Si28	26053.2	0.276265	91360.8	39858.6	39858.3
O16	14895.1	0.239645	75868.6	29412.3	29411.9
neutron	939.565	2011.75	67097.2	23312	18565.3
Al26	24200	0.150007	67097.2	23312	18565.3
O16	14895.1	0.233	75587.5	25186.7	25186.4
Mg24	22335.8	0.216165	85458	32056.8	32054.4
O16	14895.1	1.38499	81993.3	29061.4	29059.7
O16	14895.1	1.70913	72693.4	22479.3	22476.9
O16	14895.1	1.15854	99047.5	45831.3	45829.8
O16	14895.1	0.22558	80746.6	33242	33241.8
Si28	26053.2	0.298801	32579.7	553.854	552.565
Mg24	22335.8	0.298186	58157.2	17188.6	17187.5
Mg25	23268	0.192326	48950.6	9684.38	9683.46
Si28	26053.2	0.231621	37283.8	1971.56	1970.44
Si28	26053.2	0.169193	71538.9	26462.5	26462.3
Si28	26053.2	0.165986	41139.2	6324.64	6324.29
O16	14895.1	1.96954	54464.9	13200	13197.2
O16	14895.1	0.587784	69308.8	23632.8	23631.7
O16	14895.1	0.539844	41562	4708.19	4707.46
O16	14895.1	0.540423	40215.5	3857	3856.39
O16	14895.1	0.191224	86921.1	35382.5	35382.2
Si28	26053.2	0.307391	71164.7	23628.9	23628.5
O16	14895.1	0.264138	53179.8	10588.4	10587.8
Si28	26053.2	0.119785	40713.4	1098.63	1097.55
O16	14895.1	0.264791	67426.3	23594.8	23594.1
O16	14895.1	0.342035	57574.1	16479.5	16478.9
Mg26	24196.5	0.665432	92209.1	41365.8	41364.8
Fe56	52089.8	0.0614817	48835.3	7721.86	7721.41
O16	14895.1	0.232531	41540.4	2700.97	2700.38
Mg24	22335.8	1.20728	96347.3	43834.6	43833.3
O16	14895.1	0.451591	68502.2	22515.7	22513.6
O16	14895.1	0.251333	57227.3	14732.2	14731.6
Mg24	22335.8	0.70106	53978.2	12729.9	12729
O16	14895.1	0.660217	98080.8	45104.3	45103.6
O16	14895.1	0.249215	95517.6	43401.4	43400.9
O16	14895.1	0.226788	90939.3	39785.9	39785.3
Si28	26053.2	0.23074	88819.2	37990.6	37990.3
Mg26	24196.5	0.139477	68981.1	25430.2	25429.8
O16	14895.1	1.3692	93861.8	41978.8	41977.4
O16	14895.1	0.41359	80831.5	33293.7	33293.1
O16	14895.1	0.248334	57746.2	16469.8	16469.3
Si28	26053.2	0.121834	43498.6	4901.9	4901.29
O16	14895.1	0.202068	94772.2	43084.1	43083.9
O16	14895.1	0.34547	64401.9	21788.5	21787.1
O16	14895.1	0.189697	62800.2	18175.4	18174.9
Si28	26053.2	0.11769	61050.1	17160.4	17160.1
Mg24	22335.8	0.177026	75572.7	27871.3	27871.1
Si28	26053.2	1.57747	88631.8	38140.1	38138.5
O16	14895.1	0.225195	84464.2	34861.4	34861.1
Si28	26053.2	0.157099	49990.9	11523.8	11523.6
O16	14895.1	0.227803	48558.9	10709.4	10708.6
Mg24	22335.8	0.179279	43117.9	7199.32	7199.13
Si29	26984.3	0.105316	44181.5	6559.3	6559.18
O16	14895.1	2.05147	85583.2	34322.3	34320.1
Si28	26053.2	0.186055	79378.1	29843.1	29842.3
O16	14895.1	0.253703	95715.6	43288.1	43287.7
Si28	26053.2	0.925147	72081.1	26152.9	26150.9
Si28	26053.2	0.145461	48273.7	10631.8	10630.9
Si28	26053.2	0.220893	62498.5	17603.6	17602.7
O16	14895.1	0.419673	55808.4	12658.8	12658.1
Mg24	22335.8	0.160896	95445.5	43352.9	43352.7
O16	14895.1	0.354919	66160.3	22173.4	22172.8
O16	14895.1	0.349942	63728.2	22074	22073.2
Si28	26053.2	0.359541	58580.9	9215.51	9214.95
O16	14895.1	0.296803	49854.4	10669	10668.1
Si28	26053.2	0.116849	84387	31864.4	31864.1
Si28	26053.2	0.445558	80788.5	29415.7	29415
Mg25	23268	0.137358	61262.2	19903.3	19902.6
O16	14895.1	0.479336	59570.9	18731.3	18730
O16	14895.1	0.911279	50522.1	8168.32	8166.37
Mg24	22335.8	0.246302	43666.1	7295.43	7295.17
O16	14895.1	0.300793	97571.9	44904	44903.6
neutron	939.565	169.807	89050.9	39135.5	38790.6
neutron	939.565	130.231	89050.9	39135.5	38790.6
Al25	23271.8	3.56176	89050.9	39135.5	38790.6
Mg24	22335.8	0.132502	68585.7	22984.6	22984.4
Si28	26053.2	0.385081	50481.1	10606.6	10605.8
Si28	26053.2	0.128113	49151.3	9846.9	9846.68
O16	14895.1	0.416012	43818.9	5414.13	5413.57
Si28	26053.2	0.12572	92018.5	30374.5	30374.2
O16	14895.1	0.272625	89038	28195.9	28194.7
O16	14895.1	0.274052	48441.1	746.561	746.108
O16	14895.1	0.248794	94484.3	42094.9	42092.8
O16	14895.1	0.236973	92386.9	40792.7	40792.2
Mg24	22335.8	0.498042	62974.1	16414.9	16414.1
Si28	26053.2	0.165349	65070.8	22180.3	22180
O16	14895.1	0.354698	63783.1	21435.3	21434.6
O16	14895.1	0.217564	54093.4	14107.5	14107
Mg24	22335.8	0.134506	48415	7723.39	7723.23
Si28	26053.2	0.255827	41829.6	3294.39	3294.02
Si28	26053.2	0.287277	97712.4	44958.2	44955.7
O16	14895.1	0.222415	56290	15610.8	15610.4
O16	14895.1	0.301974	53718.6	14058.6	14058.1
Si28	26053.2	0.322226	85787.9	29854.1	29853.4
O16	14895.1	0.209447	71781.2	26640.7	26640.1
O16	14895.1	0.208864	88174.5	38795.1	38794.3
O16	14895.1	0.288126	54035.9	10987.3	10986
Mg26	24196.5	0.117179	52242.6	9923.76	9923.08
O16	14895.1	0.425562	45189.3	8677.43	8676.26
Si28	26053.2	0.12509	80470.1	32166.6	32166.3
O18	16762	0.493056	78855.6	31225.5	31225
O16	14895.1	0.223364	43747.2	9526.23	9525.1
O16	14895.1	0.207732	39671.8	6911.35	6911.06
O17	15830.5	0.252661	99008.2	45644	45643.4
O16	14895.1	0.211709	92825.4	39465.3	39464.7
O16	14895.1	0.215924	71039.9	23898.8	23898.5
Si28	26053.2	0.321539	67882.9	21973.8	21973.2
O16	14895.1	0.861214	45670.7	5898.09	5896.44
O16	14895.1	0.518699	97150.2	44607	44606.3
O16	14895.1	0.490338	75840.7	29439	29160.5
Si30	27913.2	0.121191	70991.4	25971.7	25971.5
O16	14895.1	0.377636	43087.8	4885.48	4884.47
Si28	26053.2	0.111569	39894.5	2685.8	2685.38
O16	14895.1	0.266052	43432.6	5837.69	5837.03
O16	14895.1	0.295235	90838.3	36988.7	36988.2
O16	14895.1	0.431766	86036.6	33380.3	33379.6
O16	14895.1	0.367193	74154	28325.4	28324.5
Mg24	22335.8	0.149255	68586.8	24847.3	24846.6
Si28	26053.2	0.389377	69837.9	26722	26720.9
Mg25	23268	0.494109	55580.6	17101.1	17100.3
O16	14895.1	0.285929	88576.4	35843.2	35842.5
O16	14895.1	1.33462	44692.9	3594.29	3592.35
neutron	939.565	334.262	82525.7	34295.8	30974.5
C14	13040.9	0.435485	82525.7	34295.8	30974.5
Mg24	22335.8	0.15338	44086.6	3562.75	3562.41
Mg24	22335.8	0.178292	66248.1	22212.3	22211.8
neutron	939.565	0.942585	77452.1	30119.7	29910.1
C13	12109.5	1.26877	77452.1	30119.7	29910.1
O16	14895.1	0.453507	32937.8	1331.22	1329.41
O16	14895.1	0.269602	96240.2	39523	39521.8
O16	14895.1	0.279501	95436.8	39021.2	39020.9
O16	14895.1	0.343412	75573	27330.8	27330.4
O16	14895.1	0.942294	67102.9	19464.4	19463
O16	14895.1	0.232443	62551.3	16269.7	16269.1
Si28	26053.2	0.145003	57189.9	12836.5	12836.3
Si28	26053.2	0.110184	91943.7	41314.4	41314.2
Mg24	22335.8	0.157582	48244	11669	11667.6
Si28	26053.2	0.152004	36751.5	2757.14	2756.33
O16	14895.1	0.578243	95596.4	43537	43536
O16	14895.1	0.221796	95875.9	43445	43444.5
Mg24	22335.8	0.358835	89301.7	38909.4	38908.8
neutron	939.565	420.457	60347.2	15489	14191.3
Al26	24200	0.585336	60347.2	15489	14191.3
Si28	26053.2	0.389403	98858.1	45555.8	45554.2
O16	14895.1	0.223413	94177.5	41373.7	41373.4
Mg24	22335.8	1.61781	73075.1	26213.3	26211.2
neutron	939.565	2.83177	52992.2	13032.1	12690.2
neutron	939.565	2.12929	52992.2	13032.1	12690.2
C12	11174.9	3.98471	52992.2	13032.1	12690.2
O16	14895.1	0.193995	72452.4	25960.1	25959.8
Si28	26053.2	0.303569	71145.1	25128.3	25127.8
Si28	26053.2	0.450023	51495.9	11557.1	11556.5
Si30	27913.2	0.132035	55667	10869.3	10867.1
O16	14895.1	0.380907	89974.6	39605.1	39604.6
O16	14895.1	0.270997	69614.3	25137.1	25136.1
O16	14895.1	0.204348	35366.4	1923.7	1923.45
O16	14895.1	0.281801	92032.6	41440.8	41440.4
Si28	26053.2	0.121944	48397.9	1907.67	1907.17
Si28	26053.2	0.142175	99765.2	46230.1	46229.4
Mg24	22335.8	0.308612	76143.7	27198.3	27197.6
O16	14895.1	0.561521	75377.6	26597.5	26596.6
neutron	939.565	3.17217	74352.3	25881.1	24578.3
N13	12111.2	1.22271	74352.3	25881.1	24578.3
Si28	26053.2	0.175321	90557.2	40396.9	40396
O16	14895.1	0.193948	85707.8	37192.9	37192.6
O16	14895.1	0.237712	58893.2	14990.3	14990
Mg24	22335.8	0.216352	50010.4	9562.7	9560.5
neutron	939.565	4.30245	95586.3	41318.1	41093.4
neutron	939.565	1.63582	95586.3	41318.1	41093.4
alpha	3727.38	6.62925	95586.3	41318.1	41093.4
Be8	7454.85	5.15317	95586.3	41318.1	41093.4
Si28	26053.2	0.180948	54624.8	6637.09	6636.28
Si28	26053.2	0.168942	81641.7	33633.5	33633.2
O16	14895.1	0.522101	79501.8	32199	32198
neutron	939.565	525.885	72306.1	27590.6	26812.1
neutron	939.565	128.665	72306.1	27590.6	26812.1
neutron	939.565	72.9146	72306.1	27590.6	26812.1
Mn52	48374.2	1.09372	72306.1	27590.6	26812.1
Mg24	22335.8	0.133192	42211.8	2648.35	2647.74
Si28	26053.2	0.201227	85101.7	35764.2	35763.8
O16	14895.1	0.201679	81595.9	32710.5	32710.2
Si28	26053.2	0.506807	39336.6	4837.39	4836.54
O16	14895.1	0.193664	48821	10463	10462.3
O16	14895.1	2.03798	73678.1	25805.8	25803.3
Fe54	50231.2	0.0880442	61822.3	15939.9	15939.6
Si28	26053.2	0.204047	56601.3	11596.7	11596
O16	14895.1	0.267161	54813.1	10276.6	10276.1
O16	14895.1	0.519198	94308.8	41863.2	41862.5
Mg24	22335.8	0.258398	90406.1	39229.3	39227.3
O16	14895.1	0.399398	73515.2	27158	27157.5
Si28	26053.2	0.112464	40090.8	2508.87	2508.74
O16	14895.1	0.406286	73324.2	26032.8	26031.3
Si28	26053.2	0.286006	62562.4	19373.9	19372.8
O16	14895.1	0.275021	96514.9	43850.4	43849.6
Mg24	22335.8	0.313198	77885	31767.7	31767.1
Si28	26053.2	0.131326	73377	28981.3	28980.4
Mg25	23268	0.155313	69888.5	25334.9	25333.2
O16	14895.1	0.249762	42317.8	6835.09	6834.64
O16	14895.1	0.289162	43633.5	790.871	790.275
neutron	939.565	62.8043	71657.4	25533.9	24675.2
Al26	24200	0.846501	71657.4	25533.9	24675.2
O16	14895.1	1.06553	52097.8	10715.3	10713.7
Si28	26053.2	0.200903	48184.7	8215.68	8215.18
O16	14895.1	0.359436	97802.1	44633.8	44633.1
O16	14895.1	0.204054	72580.1	25599	25598.4
C14	13040.9	0.31428	61955.6	17565.8	15610.3
O16	14895.1	0.199312	46907.6	5663.45	5662.95
neutron	939.565	11.1248	49621.9	8460.4	8225.04
neutron	939.565	2.5129	49621.9	8460.4	8225.04
Ne21	19550.5	2.1207	49621.9	8460.4	8225.04
O16	14895.1	0.282429	71532.1	25722.1	25721.6
Si28	26053.2	0.12648	71301	25587.7	25587.5
Mg24	22335.8	0.188348	63332	20171.5	20171.2
Mg24	22335.8	0.929605	41253	5179.6	5178
neutron	939.565	5.84785	38934.2	2773.16	2522.01
alpha	3727.38	14.0717	38934.2	2773.16	2522.01
B11	10252.5	3.6636	38934.2	2773.16	2522.01
O16	14895.1	0.35396	72855.1	20489.6	20488.1
Si28	26053.2	0.400037	36776.2	1910.94	1910.53
Si28	26053.2	0.157811	79873.4	32818.7	32817.4
Fe56	52089.8	0.0599139	58434.5	12586.7	12586.6
O16	14895.1	0.65502	44152.1	3573.66	3572.9
O16	14895.1	0.258813	40481.7	1214.02	1213.75
O16	14895.1	0.201039	61359.6	10588.5	10588.3
Mg26	24196.5	0.342053	51467.4	4176.87	4175.64
Si28	26053.2	0.115784	88328.4	37851.4	37850.9
O16	14895.1	0.191614	49387.5	9010.5	9010.17
Si28	26053.2	0.16325	94405.2	42685.4	42685.1
Si28	26053.2	0.126483	60877.3	18166.8	18166.2
O16	14895.1	0.284726	97449.6	44719	44718.1
Si28	26053.2	0.26675	70750.8	25086.2	25085.9
O16	14895.1	0.250051	95289.7	43456.7	43456
Mg24	22335.8	0.159636	50937.8	9209.99	9209.61
O16	14895.1	0.291636	95164.8	43234.9	43234
O16	14895.1	0.208662	80772	31308.2	31307.6
O16	14895.1	0.279428	61559.7	17768.4	17767.9
Si28	26053.2	0.212404	83314.5	25802	25800.3
Si28	26053.2	0.327124	72972	14364.8	14363.4
Mg24	22335.8	0.158851	72481.4	14093.1	14092.4
O16	14895.1	0.227042	94961.5	42696.3	42695.8
Mg26	24196.5	0.139837	68997.9	22387.3	22386.9
Si28	26053.2	0.233938	63379.8	18992.8	18992.5
O16	14895.1	0.196212	71024.2	25058.8	25058.4
O16	14895.1	0.27646	32888.7	559.704	559.304
O16	14895.1	0.206684	95079.8	43202.5	43201.8
Mg24	22335.8	0.133406	86720.9	37234.6	37233.8
He3	2808.39	59.0764	85370.1	36415	36078.5
alpha	3727.38	3.64224	85370.1	36415	36078.5
alpha	3727.38	3.56557	85370.1	36415	36078.5
alpha	3727.38	8.73931	85370.1	36415	36078.5
Si28	26053.2	0.467549	90494.8	38369.2	38368.7
O16	14895.1	0.281543	73406.2	25701.3	25700.6
O16	14895.1	0.195894	69061.4	23282	23281.4
Si28	26053.2	0.360293	61150.8	17035.9	17035.3
Mg26	24196.5	0.286579	98337.6	45300	45299.5
Si28	26053.2	0.244184	69740.4	22179.5	22178.9
Mg24	22335.8	0.211695	63084.9	18052.5	18051.9
Mg26	24196.5	0.118856	94520.8	42774.7	42774.5
Si28	26053.2	0.145947	45345.1	10130.7	10130.3
Mg24	22335.8	0.142289	31363.9	911.592	911.357
neutron	939.565	1.04732	97106.5	44605.3	43900.6
C13	12109.5	0.858397	97106.5	44605.3	43900.6
O16	14895.1	0.267439	95680.3	43071.5	43070.9
neutron	939.565	84.8574	84142.8	34901.8	34618.4
neutron	939.565	9.42547	84142.8	34901.8	34618.4
Mg24	22335.8	0.277107	84142.8	34901.8	34618.4
O16	14895.1	0.438819	70748.6	25765.5	25765
Mg26	24196.5	0.832475	62998.8	14780.6	14779.5
O16	14895.1	0.191678	53645.2	8469.25	8468.81
Mg24	22335.8	0.128123	46166.3	3787.5	3787.26
Si28	26053.2	0.479529	42000.5	1337.95	1337.3
Mg24	22335.8	0.151888	95264.5	43222.2	43221.7
Si28	26053.2	0.129646	75996.6	25405.8	25405.2
Si28	26053.2	0.138159	71925.1	21551.1	21550.3
Si28	26053.2	0.154168	62179.2	14770.1	14769.6
Mg24	22335.8	0.228797	51425.9	8247.01	8246.64
O16	14895.1	0.318326	43620.5	3747.45	3746.81
Mg24	22335.8	1.04957	99980.9	46406	46404.7
O16	14895.1	0.311483	96837.4	43907	43906.5
Mg24	22335.8	0.349341	69499.3	18610.2	18609.6
O16	14895.1	2.38124	64486.3	19789.4	19786
O16	14895.1	0.390795	68854.7	26087.7	26087
O16	14895.1	0.223657	46942.1	10816.1	10815.5
O16	14895.1	0.422896	43458.2	8570.41	8569.65
O16	14895.1	0.197237	30145.7	209.646	209.17
O16	14895.1	0.287288	97451.7	44753.1	44752.4
Si28	26053.2	0.274663	92356.5	40766.9	40766.6
Si28	26053.2	0.200847	67478.9	16365.9	16365
O16	14895.1	0.442288	85547.3	35582.7	35582
Mg26	24196.5	0.129818	64235.4	18984.1	18983.8
Mg24	22335.8	0.153342	61669.9	16449.6	16449.3
O16	14895.1	0.374986	86267.6	36459.4	36458.7
O16	14895.1	0.285474	63215.9	19719.5	19719
Si28	26053.2	0.370783	39313.4	3291.34	3290.9
Mg25	23268	0.142616	87766.6	36174.6	36174.5
O16	14895.1	0.889846	54145.2	10379.4	10378.2
O16	14895.1	0.578853	71912.6	24404.9	24403.5
O16	14895.1	0.304574	69747.7	17543.3	17543
Si29	26984.3	0.121592	94372	42643.5	42643
Si28	26053.2	0.468935	90363.7	39537.4	39536.9
Si28	26053.2	0.4104	90342.3	40509.8	40509.2
Fe56	52089.8	0.0661692	67252.6	23881.8	23881.1
O16	14895.1	0.191017	61200.5	20084.8	20082.7
Mg25	23268	0.573326	55072.2	15172.1	15171.3
Si28	26053.2	0.142222	36416.5	982.055	981.859
Si28	26053.2	0.127058	94219.9	42769.7	42769.5
O16	14895.1	0.540571	69289	23361	23359.9
Si28	26053.2	0.291972	49451	9707.72	9706.84
Si28	26053.2	0.16866	70656	22866.7	22866.4
O16	14895.1	0.255686	75655.2	30535.9	30535.5
O16	14895.1	0.25883	72599.5	28448.8	28447.2
O16	14895.1	0.30759	61530.3	15205.7	15203.9
O16	14895.1	2.44041	59199.9	13815.7	13813.2
O16	14895.1	0.376415	47515.7	5746.53	5745.36
Mg24	22335.8	0.206021	99857.1	46337.5	46337.1
O16	14895.1	0.203867	99360.6	46023.2	46022.9
O16	14895.1	0.257235	64329.8	12839.3	12839
Si28	26053.2	0.182692	49711.3	2214.3	2214.09
Fe56	52089.8	0.0775633	89258.1	39007.9	39007.4
O16	14895.1	0.202967	53217.4	12798.3	12797.5
O16	14895.1	0.347066	49342.9	10086.5	10085.5
O16	14895.1	0.213084	42075.9	4892.11	4890.51
O16	14895.1	0.277534	83557.9	34294.6	34294.2
O16	14895.1	0.19637	38716.7	3070.84	3069.66
Mg24	22335.8	0.72827	76534.2	28585.8	28585
O16	14895.1	0.195467	35119.2	453.502	453.298
O16	14895.1	0.222654	73184.5	26455.2	26455
Si28	26053.2	0.315213	97393.4	44014.6	44014.2
Mg24	22335.8	0.158987	96806	43645.4	43645.2
O16	14895.1	0.287389	98226.6	45109.4	45108.5
O16	14895.1	0.371811	71533.4	28102	28101.6
O16	14895.1	1.6394	87064.6	37305.9	37303.6
Mg24	22335.8	0.16858	79463.8	30906.2	30906
O16	14895.1	1.37501	53813.9	12781.5	12780
O16	14895.1	1.27885	44632.4	6623	6621.57
O16	14895.1	0.223479	40473.2	4020.39	4019.57
Si28	26053.2	0.163516	48774.4	12061	12060.6
Si28	26053.2	0.163147	72819.3	27304.3	27303.8
Si28	26053.2	0.32911	71734.6	26391	26388.6
Mg24	22335.8	0.141087	53559.6	12494	12493.6
Mg24	22335.8	0.390063	89237.8	38654.4	38653.5
O16	14895.1	0.593901	83400.5	34672	34671.2
Si28	26053.2	0.282812	66524	23494.2	23493.5
O16	14895.1	0.198659	41275.5	7189.25	7188.8
Si28	26053.2	0.142254	81632.2	32327	32326.7
Mg24	22335.8	0.279126	64165.7	18566.4	18566.1
Si28	26053.2	0.391744	71857.9	26590.6	26589.9
O16	14895.1	0.395579	55283.2	14737.4	14737
Fe56	52089.8	0.0706541	79225.4	32430.7	32430.5
Si28	26053.2	0.145704	76076.3	29787.8	29786.5
Si28	26053.2	0.164194	68293.4	24660.7	24660.1
Mg24	22335.8	0.235833	47569.7	10458.7	10458.4
O16	14895.1	0.204178	39080.7	3324.78	3323.56
neutron	939.565	160.423	97923.7	45035.4	44684.9
Mg25	23268	1.70846	97923.7	45035.4	44684.9
Si28	26053.2	0.44718	49823.4	12209	12208
Fe56	52089.8	0.0545023	33345.2	1283.86	1283.75
O16	14895.1	0.649904	71929.1	27043	27042.2
Mg26	24196.5	0.591039	61325.6	19883.2	19243.2
neutron	939.565	0.478455	54826	14720.8	13620.6
C13	12109.5	0.599135	54826	14720.8	13620.6
O16	14895.1	0.431954	49123.3	10005.4	10003.6
O16	14895.1	0.574358	73485.5	28279.4	28278.7
O16	14895.1	0.234569	72372	27494.1	27493.8
O16	14895.1	0.23013	55837.5	16264.9	16264.1
Si28	26053.2	0.238182	38028.1	843.024	841.916
O16	14895.1	0.193615	89661.1	24830	24829.8
Mg24	22335.8	0.173313	93908.4	42250.5	42250.2
Mg24	22335.8	0.488503	37588.4	3933.52	3932.97
O16	14895.1	0.517577	57268.1	12471.3	12470.7
O16	14895.1	0.220252	43109.4	3532.86	3532.09
neutron	939.565	80.3118	53383.8	13052.2	12662.5
C12	11174.9	0.78471	53383.8	13052.2	12662.5
Mg26	24196.5	0.471515	91005.9	40444.5	40444
N15	13968.9	0.773782	78632.8	32342.2	32051.7
Mg24	22335.8	0.328865	50669.2	12273.5	12273.2
Si28	26053.2	0.374861	42533.9	6943.01	6942.19
O16	14895.1	0.239354	73700.3	28262	28261
Mg24	22335.8	0.150413	45356.7	7695.14	7694.32
O16	14895.1	0.331051	44634.7	7279.62	7279.03
O16	14895.1	0.207167	41901.2	5177.3	5176.77
Mg24	22335.8	0.265963	61604.2	17711.9	17711.5
O16	14895.1	0.507504	51005	10916.9	10916.3
Mg26	24196.5	0.135113	39981.8	6121.36	6120.67
Si28	26053.2	0.215311	38080.8	4998.24	4997.63
Mg25	23268	0.18487	96690.2	44215.6	44215.2
O16	14895.1	0.446571	76384.6	29616.1	29615.6
O16	14895.1	0.192067	68231.2	22719.7	22719.4
Si28	26053.2	0.19984	36491.3	2913.51	2913.18
Mg26	24196.5	0.203558	46783.9	598.798	598.518
O16	14895.1	0.308497	96534.2	44175.3	44174.4
Si28	26053.2	0.150807	93779	42127.6	42127.3
O16	14895.1	1.6486	56595.3	16748.2	16746.5
Si28	26053.2	0.30734	52762.5	10328.7	10328.1
neutron	939.565	2.41058	77625.9	29334.5	29109.8
C13	12109.5	0.86481	77625.9	29334.5	29109.8
O16	14895.1	0.262985	63913.9	19940.5	19940
Mg24	22335.8	0.136462	59634.6	17312.7	17312.5
Si28	26053.2	0.117886	93407.2	38348.1	38347.4
O16	14895.1	0.781364	51750.7	9336.9	9336.12
Fe54	50231.2	0.108566	43509.7	3807.41	3807.1
O16	14895.1	0.193698	89459	38965.4	38965.2
O16	14895.1	0.239359	62709.1	20690.1	20689.5
Si28	26053.2	0.136263	68989.4	25485	25484.4
Fe56	52089.8	0.109222	32359.8	71.9473	71.6794
Mg24	22335.8	0.180094	85973.8	36981.5	36981.1
neutron	939.565	7.13014	81962.7	29503.7	27955.4
neutron	939.565	0.682248	81962.7	29503.7	27955.4
Mg24	22335.8	2.0301	81962.7	29503.7	27955.4
Mg24	22335.8	0.156938	68813.1	18783	18782.7
O16	14895.1	0.224912	56183.9	9624.89	9624.17
Si28	26053.2	0.167876	47248.3	3919.6	3919.27
Si28	26053.2	0.923726	45242	2702.13	2701.11
Si28	26053.2	0.221422	49081	11699.6	11699.1
Mg24	22335.8	0.135893	56800.2	17053.9	17053.2
O16	14895.1	0.454897	48295.4	10768.8	10768
O16	14895.1	0.377839	55323.1	6704.03	6703.63
Mg24	22335.8	0.127764	82258.2	34716	34714.9
O16	14895.1	0.220246	51461.7	12375.5	12374.4
neutron	939.565	30.5204	72122.1	22739.2	22138.4
neutron	939.565	17.2415	72122.1	22739.2	22138.4
C12	11174.9	4.66837	72122.1	22739.2	22138.4
Si28	26053.2	0.217331	49091.1	9544.42	9544.18
Si28	26053.2	0.142132	45053.6	7078.1	7077.6
Si29	26984.3	0.126674	67137.9	8730.69	8730.49
O16	14895.1	0.301528	93580.4	41780.3	41779.8
Mg26	24196.5	0.153617	92196	40774.6	40774.3
O16	14895.1	0.248493	63121.5	20154.5	20154
O16	14895.1	0.476782	99754.3	46282.2	46281.4
Si28	26053.2	0.179064	73515.9	27433.2	27432.9
Mg24	22335.8	0.260032	38915	1851.37	1850.82
Si29	26984.3	0.114211	64833	22097.9	22097.7
O16	14895.1	0.247056	56105	16315.8	16315.4
Si28	26053.2	0.16518	38042.2	4593.63	4593.02
O16	14895.1	0.347846	94055.2	42112.9	42112.4
Si28	26053.2	0.109718	44748.5	6472.4	6471.44
Si28	26053.2	0.392086	99681.9	46237	46236.5
Mg25	23268	0.161465	78446.1	27242.1	27241.5
O16	14895.1	0.220177	72225.4	22736.3	22734.9
O16	14895.1	0.319182	62322.5	16537.4	16537
O16	14895.1	0.191631	59859	14704.9	14704.5
Si28	26053.2	0.289462	87069	36246.1	36245.7
Fe56	52089.8	0.0619942	71292.7	27218.1	27217.9
Mg25	23268	0.248689	64219.2	20818.5	20818.1
O16	14895.1	0.627018	61152.2	18870.2	18868.6
Mg24	22335.8	0.161103	46249.7	8428.08	8427.32
Si29	26984.3	0.143808	52345.3	12590.7	12590.4
Mg24	22335.8	0.191031	98438.6	45355	45354.6
Fe56	52089.8	0.162708	94773.1	43032.1	43031.7
Mg24	22335.8	0.240893	88160.5	38721.2	38720.7
Si28	26053.2	0.169777	82609.8	33711.6	33711
Mg24	22335.8	0.127618	62335.1	13399.1	13398.8
O16	14895.1	0.392306	65943.6	23809.8	23809.4
alpha	3727.38	0.732394	63086.7	17745.2	15809.6
Be10	9325.5	17.0847	63086.7	17745.2	15809.6
Mg24	22335.8	0.341658	57212.7	16196.6	16195.8
Si28	26053.2	0.120207	51548.4	10695.8	10694.8
Mg24	22335.8	0.137009	44025.3	6186.81	6186.29
neutron	939.565	2.40945	61377.6	19178.9	17787.5
Na23	21409.2	0.818392	61377.6	19178.9	17787.5
Si28	26053.2	0.225993	60291.9	16983.2	16982.4
Fe56	52089.8	0.130975	39566.7	2605.69	2603.68
N15	13968.9	0.632677	88491.8	34477.6	33820.5
O16	14895.1	0.221357	52533.6	10461.1	10460.7
O16	14895.1	0.267296	44816.2	5311.6	5310.81
Si28	26053.2	0.252969	49336.3	9579.36	9578.99
O16	14895.1	0.385315	79732.6	32469.8	32469.3
Si28	26053.2	0.145865	51794.3	13444	13443.8
O16	14895.1	4.44401	45896	9755.04	9750.27
O16	14895.1	0.301044	70903	25691.6	25691.1
O16	14895.1	0.365715	64779.2	21571.1	21570.8
Si28	26053.2	0.111223	61324.3	19389.5	19389.1
O16	14895.1	0.438542	55934.6	13355.8	13354.8
Mg26	24196.5	0.121882	54353.7	12414.8	12414.7
Si28	26053.2	0.10821	83455.7	33759.1	33758.9
O16	14895.1	0.264664	68743.1	21519.4	21518.2
O16	14895.1	0.210549	96029.8	41755.2	41754.9
O16	14895.1	0.396877	77180.9	29376.1	29374.8
Si28	26053.2	0.13416	73809.8	27135.5	27135.1
O16	14895.1	0.481019	63882.1	21099.7	21099.1
O16	14895.1	0.298664	95976.8	39052.3	39050.9
O16	14895.1	1.12949	83339.3	32587.6	32586.4
O16	14895.1	0.230662	61869	17973.9	17973.3
Si30	27913.2	0.275242	55642.5	13412.6	13412.1
O16	14895.1	0.469171	46590.6	6904.28	6903.55
O16	14895.1	0.190652	84497.5	34652.4	34652.1
Si29	26984.3	0.136708	66883.8	21337.4	21337.1
Mg24	22335.8	1.56151	50044	4966.84	4965.26
Si28	26053.2	0.181678	36246.9	635.881	635.065
O16	14895.1	0.311405	60981.3	19932.4	19932.1
O16	14895.1	0.362408	92481	40245.4	40244.4
O16	14895.1	0.433714	70703	24841.4	24841
O16	14895.1	0.805525	91212.6	40701.3	40700.2
Mg24	22335.8	0.362475	92254.6	41391.6	41391
neutron	939.565	13.9889	82342.8	34549.4	34053.9
C14	13040.9	3.99262	82342.8	34549.4	34053.9
O16	14895.1	0.206248	97987.4	45090.9	45090.5
Mg24	22335.8	0.213571	65438.9	18369	18368.4
O16	14895.1	0.202133	78984.8	32483.5	32483.3
Si28	26053.2	0.135631	71727.3	24505.6	24505.3
Si28	26053.2	0.125562	67898	21765.3	21765.1
O16	14895.1	0.209359	96795.5	44502	44501.8
O16	14895.1	1.25033	81604.9	34453.7	34452.3
O16	14895.1	0.290279	62894.9	22213.3	22212.5
O16	14895.1	2.99526	62191.3	21789.2	21785.8
Mg26	24196.5	0.136558	93430.8	41902.1	41901.8
Fe56	52089.8	0.0891527	37974.8	3545.96	3545.44
neutron	939.565	125.812	85590.4	35856.7	35564.2
C13	12109.5	0.823836	85590.4	35856.7	35564.2
Mg24	22335.8	0.139425	65979.3	22477.4	22476.9
Mg24	22335.8	0.132166	56603.4	16451.8	16450.9
O16	14895.1	0.256274	32756.7	752.74	752.421
O15	13971.2	1.46502	96205.9	42923.3	42697
Mg26	24196.5	0.304812	82138.6	31282.4	31281.8
O16	14895.1	0.221335	99890.8	46353.7	46352.9
O16	14895.1	0.531156	67218.2	19385.9	19385.2
O16	14895.1	0.194412	48851.8	5554.41	5554.1
Mg24	22335.8	0.402183	46942	4336.01	4335.36
Mg26	24196.5	0.229779	83670	35271.9	35271.7
Si28	26053.2	0.132563	70396.6	26718	26717.9
Si29	26984.3	0.113474	59292.5	18214	18213.7
Si28	26053.2	0.213841	62625.5	16175.1	16174.9
Si28	26053.2	0.137485	87547.2	38258.1	38257.9
Mg24	22335.8	0.358585	59730.6	5041.58	5039.84
O16	14895.1	0.267655	56941.9	3218.99	3217.91
O16	14895.1	0.226333	56886.4	3189.94	3189.58
Mg24	22335.8	0.328147	95823.3	43334.3	43333.6
O16	14895.1	0.3447	95652.2	43226.9	43225.8
O16	14895.1	0.446004	81513.9	33836.8	33835.8
Fe56	52089.8	0.421428	74294.2	28789.6	28788.7
Fe56	52089.8	0.0909835	70646.8	20767.4	20766.6
O16	14895.1	0.189934	56498.9	11288.5	11288.1
O16	14895.1	0.595059	37836.4	342.445	340.342
neutron	939.565	123.791	73268.5	27072.3	26819.2
neutron	939.565	87.5101	73268.5	27072.3	26819.2
N13	12111.2	1.94215	73268.5	27072.3	26819.2
Mg24	22335.8	0.750191	49242.5	8157.95	8156.81
O16	14895.1	0.227365	68704.5	25913.7	25913.3
Si29	26984.3	0.108636	62790.5	21872	21871.6
Si28	26053.2	0.165752	85342	36084.3	36083.8
Si29	26984.3	0.159366	76786.2	30810.6	30810.1
O16	14895.1	0.367189	73243.5	28186	28185.5
Mg24	22335.8	0.127845	62263.1	21104.2	21103.9
O16	14895.1	0.210205	88800.7	37511.2	37510.3
O16	14895.1	0.352225	41475.1	2584.97	2584.54
O16	14895.1	1.48056	66888.9	21902	21900.3
Si30	27913.2	0.142494	94339.2	42957.8	42957.4
O16	14895.1	0.352524	84442.6	35771.6	35770.6
O16	14895.1	0.356168	65585.6	20371.9	20371.3
neutron	939.565	130.381	53582.8	12067.4	11347.6
neutron	939.565	5.25597	53582.8	12067.4	11347.6
neutron	939.565	5.02233	53582.8	12067.4	11347.6
alpha	3727.38	5.25118	53582.8	12067.4	11347.6
alpha	3727.38	14.5843	53582.8	12067.4	11347.6
alpha	3727.38	2.06925	53582.8	12067.4	11347.6
O16	14895.1	0.550272	82474.5	35031.2	35030
Mg24	22335.8	0.304095	36766.6	3505.62	3505.25
O16	14895.1	0.226415	31378.7	421.314	420.696
O16	14895.1	0.255081	96396.2	43479.5	43479.2
O16	14895.1	0.318799	60966.7	19661.7	19660.5
Mg24	22335.8	0.146775	59661.1	18894.1	18892.5
O16	14895.1	0.492357	51991.2	13291.3	13290.8
Si28	26053.2	0.365085	74775.4	27519.9	27519.5
O16	14895.1	0.218877	54710.5	13070.6	13070
O16	14895.1	0.510673	50381.8	10153.7	10153.1
O16	14895.1	0.191225	97206	43689.2	43688.9
O16	14895.1	0.325309	96767	43418.7	43418.2
Si29	26984.3	0.206164	33415.1	858.801	858.496
O16	14895.1	0.33731	96937.3	44429.1	44428.4
Mg25	23268	0.29475	75174.2	23812.4	23811.2
O16	14895.1	0.343077	68093.9	19301.6	19301
neutron	939.565	2.70996	93247.6	40598.6	35689.2
N14	13040.2	0.254135	93247.6	40598.6	35689.2
O16	14895.1	0.244151	59252.6	18122	18121.6
O16	14895.1	0.312625	56719.3	15580.3	15580
O16	14895.1	0.23709	48916.4	10097.1	10096.5
Mg24	22335.8	0.658414	85997.4	37233	37231.6
Mg24	22335.8	0.325766	76130	30297.5	30296.7
O16	14895.1	0.339049	58237	16480.9	16480.3
neutron	939.565	126.008	97804.3	45099.5	44765.2
neutron	939.565	119.611	97804.3	45099.5	44765.2
Mg24	22335.8	2.53406	97804.3	45099.5	44765.2
Si28	26053.2	0.496759	60042	12904.6	12903.9
O16	14895.1	0.225857	91549.1	41114.9	41113.6
O16	14895.1	0.428362	93826	15881.4	15880
Mg25	23268	0.372261	72197.5	2110.07	2109.59
Mg24	22335.8	0.143907	90715.6	39809.9	39808.7
Si28	26053.2	0.158852	80853.5	33183.2	33182.9
Mg25	23268	0.292588	68235.8	24804	24802.9
O16	14895.1	0.205906	48163.9	6991.17	6990.82
Si28	26053.2	0.325011	43306.6	3832.66	3832.33
Mg24	22335.8	0.224329	51055.2	12819.6	12818.8
O16	14895.1	0.236386	39515.9	5067.94	5067.33
Si28	26053.2	0.130327	99287.7	45993.8	45993.2
O16	14895.1	0.190967	90254.4	40429.5	40429.3
Mg24	22335.8	0.162721	70266.9	26494.7	26493.9
Mg24	22335.8	0.357253	47248.3	7919.61	7918.98
O16	14895.1	0.259041	36680.3	1407.99	1407.54
O16	14895.1	0.236883	91818.6	40309.9	40309.1
Si28	26053.2	0.419563	63018.2	18051.1	18050.7
Mg24	22335.8	0.208468	56952.4	13212.5	13212.2
Mg24	22335.8	0.264768	57875	16551.4	16550.9
O16	14895.1	0.286086	71935	25701.1	25700.4
O16	14895.1	0.336367	64943.7	18439.1	18438.2
O16	14895.1	0.291359	41831.6	31.6058	31.2145
O16	14895.1	0.248389	83795.1	34148.4	34147.8
Mg24	22335.8	0.157604	58109.4	11075.7	11074.6
Mg24	22335.8	0.380868	63624	19808.8	19808.1
O16	14895.1	0.199503	33967.2	798.504	797.988
Mg24	22335.8	0.140193	52322.9	10457.2	10457.1
Fe56	52089.8	0.0813373	39456	1859.71	1858.52
Si28	26053.2	0.345098	71923.9	17765.5	17764.1
O16	14895.1	0.302681	64049.2	12750.6	12749.7
Si28	26053.2	0.142348	55387.5	7455.94	7455.71
Mg26	24196.5	0.293606	89891.5	39368.3	39367.6
Mg24	22335.8	0.157086	80191.8	32476.2	32475.6
O16	14895.1	0.247584	67178.4	23095.9	23095.5
O16	14895.1	0.29055	65441.3	21616.8	21616
Mg24	22335.8	0.55604	48293.3	9324.08	9323.46
O16	14895.1	0.228416	35997.4	1656.64	1656.36
Si28	26053.2	0.915349	89255.5	39366.3	39364.3
Si28	26053.2	0.590176	52936	12492.4	12491.3
O16	14895.1	0.43058	99720.5	46248.2	46247.8
O16	14895.1	0.34538	80341.5	29062.7	29062.2
O16	14895.1	0.778617	67792.9	18264.6	18263.1
Si28	26053.2	0.115211	67498.2	18053	18052
Si28	26053.2	0.202219	45653.2	3737.62	3736.83
Mg26	24196.5	0.139644	65665.7	17224.2	17223.7
O16	14895.1	1.27691	62576.8	15142.6	15141.3
Mg24	22335.8	0.562204	88814.6	37837.2	37836.6
O16	14895.1	0.211375	45596.2	3733.93	3733.58
Mg24	22335.8	0.378779	91637.4	40704.6	40703.1
Si28	26053.2	0.140049	50819	12092	12091.3
O16	14895.1	0.257822	49831	11491.7	11491.4
O16	14895.1	0.291907	46810.9	3949.2	3948.86
O16	14895.1	0.196573	66629.2	21124.7	21124
Mg24	22335.8	1.00014	53367.1	11986.9	11985.9
Si28	26053.2	0.158427	43494.2	3788.62	3788.32
Mg24	22335.8	0.161249	97055.4	43350	43349.7
Mg24	22335.8	0.442264	95001.3	41344.3	41343.7
O16	14895.1	0.314895	91816.3	38954.1	38953.5
O16	14895.1	0.956777	45624.8	7544.12	7542.93
O16	14895.1	0.190844	88681.7	23767.8	23767.5
O16	14895.1	0.267816	97751.8	45020.5	45019.9
neutron	939.565	193.193	83263.7	33137.4	32666.7
N14	13040.2	0.380537	83263.7	33137.4	32666.7
O16	14895.1	0.35006	44985.4	5595.55	5595.08
Si28	26053.2	0.116657	40565.4	2698.06	2696.65
neutron	939.565	78.884	62643.2	19043.5	18805
neutron	939.565	0.326332	62643.2	19043.5	18805
alpha	3727.38	5.29949	62643.2	19043.5	18805
alpha	3727.38	7.11589	62643.2	19043.5	18805
C12	11174.9	6.02921	62643.2	19043.5	18805
Si28	26053.2	0.149359	41669.7	4729.59	4728.75
Si28	26053.2	0.111858	74954.9	19241.4	19241
Si28	26053.2	0.158624	58583.2	6055.68	6055.32
neutron	939.565	109.763	81366.6	33681.6	33014.4
neutron	939.565	59.5085	81366.6	33681.6	33014.4
alpha	3727.38	5.83851	81366.6	33681.6	33014.4
alpha	3727.38	0.64165	81366.6	33681.6	33014.4
alpha	3727.38	10.7419	81366.6	33681.6	33014.4
O16	14895.1	0.571656	62729.5	20652.1	20651.4
Si28	26053.2	0.180543	60124.8	19107	19106.7
Si28	26053.2	0.260314	46665.1	9820.74	9820.41
O16	14895.1	0.204503	69034.3	24575.9	24575.3
Si28	26053.2	0.117195	53281.3	14169.1	14168.5
O16	14895.1	0.25563	61594.5	2549.25	2548.73
Si28	26053.2	0.199424	60612.5	18566.3	18566
O16	14895.1	0.202389	87624.1	38286.3	38286
O16	14895.1	0.547485	60180.9	17653.5	17652.9
O16	14895.1	0.512082	95055.5	42937.6	42936.9
neutron	939.565	7.83219	61774.4	14806.2	14102.2
C12	11174.9	9.40634	61774.4	14806.2	14102.2
neutron	939.565	744.48	55840	9906.81	8614.87
Mg25	23268	0.596137	55840	9906.81	8614.87
Mg24	22335.8	0.409181	47814.5	3005.25	3004.59
Si28	26053.2	0.260981	95785.4	43417.3	43416.6
Mg24	22335.8	0.150895	87271.5	37097.2	37096.5
Mg24	22335.8	0.256507	63013.6	18917.5	18917
Mg26	24196.5	0.161305	87769.9	33083.4	33082.4
O16	14895.1	0.20939	83351.2	30195.2	30194.9
Si28	26053.2	0.187248	36161.7	1359.8	1359.34
O16	14895.1	1.08937	50375.9	10927	10925.8
O16	14895.1	0.210536	80214.1	29316.7	29316.3
O16	14895.1	0.305911	79119.2	28701.6	28700.4
Si28	26053.2	0.143961	76177.1	26602	26601.8
O16	14895.1	0.233253	65350.5	19849	19848.2
Mg25	23268	0.132233	38760.8	2268.88	2268.58
Mg24	22335.8	0.333457	38550.8	2154.74	2154.01
Mg24	22335.8	0.141211	55333.1	16591.7	16590.5
Fe56	52089.8	0.0650507	82340.9	35055.8	35055.5
neutron	939.565	62.2204	95967.5	43291.4	42244
neutron	939.565	56.5465	95967.5	43291.4	42244
B11	10252.5	2.72128	95967.5	43291.4	42244
Si28	26053.2	0.219661	66468	22466	22465.7
Si28	26053.2	0.109565	56675.5	15170.5	15170
O16	14895.1	0.322363	72731.2	23610.7	23609.8
O16	14895.1	0.414596	66642.1	18747.8	18746.5
O16	14895.1	0.198359	99788.7	46290	46289.5
O16	14895.1	0.271745	93589.4	42427.1	42426.8
Fe56	52089.8	0.0552895	84094.6	34402.9	34401.6
O16	14895.1	0.509277	75011.2	28535.3	28534.7
Si28	26053.2	0.128568	59305.1	17712.2	17711.9
O16	14895.1	0.387599	96529.3	44050.8	44049.8
O16	14895.1	0.424691	70208.3	25084.8	25084.3
Mg24	22335.8	0.155725	59473.3	17803.4	17802.7
O16	14895.1	0.222346	65032.3	18692.4	18692
Si28	26053.2	0.127644	39058.6	2473.77	2473.16
Mg24	22335.8	0.396608	57078.7	17165.4	17164.4
O16	14895.1	0.490381	31412.3	307.372	306.721
O16	14895.1	0.451106	43109.7	5966.94	5966.16
Mg24	22335.8	0.279068	96913.6	43861.4	43860.7
O16	14895.1	0.325619	73383.4	28679.3	28678.4
Mg24	22335.8	0.3245	73298.3	24742.1	24741.6
Si28	26053.2	0.14754	99799.8	46296.4	46295.9
O16	14895.1	0.365854	66993.2	23016.4	23015
Mg26	24196.5	0.190382	63474.3	20956.7	20956.3
Si28	26053.2	0.163333	35791.8	1575.14	1574.79
Si28	26053.2	0.373989	35638.5	1497.48	1496.7
neutron	939.565	3.17566	96131.9	42840.4	39012
C13	12109.5	0.662358	96131.9	42840.4	39012
Fe56	52089.8	0.0642234	86300.9	32726.3	32726.1
Mg24	22335.8	0.207171	54674.3	11032.3	11031.9
Si28	26053.2	0.124254	99012.7	45679.3	45677.9
O16	14895.1	0.446277	78652.6	31764.7	31763.5
neutron	939.565	1.62473	97363.5	44398.6	39476.1
neutron	939.565	0.722412	97363.5	44398.6	39476.1
C12	11174.9	2.2143	97363.5	44398.6	39476.1
O16	14895.1	0.301481	98623.3	45582.8	45582.3
O16	14895.1	0.197948	81052.6	24658.3	24658
Mg24	22335.8	0.213079	76790.1	30201.7	30201.4
Si28	26053.2	0.165936	69933.6	25686.9	25686.3
O16	14895.1	0.236463	69118.9	23898.4	23897.1
Mg24	22335.8	0.152189	69074.5	23870.6	23870.1
O16	14895.1	0.241275	64574.2	20946.5	20946
Mg24	22335.8	0.136869	50646.6	12921.5	12921.2
O16	14895.1	0.218467	90888	40071.7	40070.9
Mg24	22335.8	0.41006	61039.4	18932.4	18931.7
Mg25	23268	0.138681	38769.1	2548.3	2547.95
O16	14895.1	0.429428	55206	8279.54	8278.55
O16	14895.1	0.539335	93911.4	42375.9	42375.3
O16	14895.1	0.27319	86971.2	37913.8	37913.5
Mg24	22335.8	0.239944	39137.8	1300.87	1300.34
Si28	26053.2	0.295104	48222.5	4358.23	4357.36
O16	14895.1	0.221128	74348.3	28803.8	28802.9
O16	14895.1	0.70152	33509.8	1103.44	1102.69
Mg26	24196.5	0.181025	55489	15276.6	15275.9
Mg24	22335.8	0.154388	35204.6	1000.54	999.475
Si28	26053.2	0.233267	56430.9	17402.4	17402.1
O16	14895.1	0.269644	54741	16441.8	16441.5
Si28	26053.2	0.293153	54326.7	16199.4	16199.1
O16	14895.1	0.208782	48746.8	11342.5	11342.1
O16	14895.1	0.441457	42010.4	6848.33	6847.44
O16	14895.1	0.385463	86166.6	32299.5	32298.8
Si29	26984.3	0.192953	62930.5	17072	17071.6
O16	14895.1	0.197782	46809	5987.25	5986.63
Si29	26984.3	0.423147	81915.7	32893.6	32892.2
Mg24	22335.8	0.62926	58897.1	12634.9	12634.1
O16	14895.1	0.360894	95563.5	43004.8	43004.1
O16	14895.1	0.190858	81314.1	32255.3	32254
Fe56	52089.8	0.0914474	79061.4	30460	30459.8
O16	14895.1	0.518984	46623.4	9082.91	9082.3
Si28	26053.2	0.120135	47475.1	7029.1	7028.89
Si28	26053.2	0.321271	92444.1	41867	41866.2
O15	13971.2	0.56247	67465	24783	24301.1
O16	14895.1	0.258301	65758.9	23338.8	23337.8
O16	14895.1	0.313555	54177.8	14340.7	14340.2
Si28	26053.2	0.909814	90574	39134.6	39133.3
Mg24	22335.8	0.30095	83751.8	34751.8	34751.5
Mg24	22335.8	0.136181	52743	8745.58	8745.42
Mg24	22335.8	0.280713	49243.8	6452.86	6452.46
Si28	26053.2	0.580177	45633.7	3896.1	3894.54
Mg24	22335.8	0.136079	40293.3	573.602	573.118
Si28	26053.2	0.148341	46885.8	3601.49	3601.08
O16	14895.1	0.859613	40163.1	2927.32	2926.14
Fe56	52089.8	0.0666208	64940.8	15842.4	15842.3
Mg24	22335.8	0.757088	86629.5	37082.1	37081.2
O16	14895.1	1.01657	67313.3	23732.5	23731.5
Si28	26053.2	0.232773	55085.3	15670.2	15669.8
O16	14895.1	0.543393	54305.5	15178.7	15178.1
O16	14895.1	0.207983	91286.5	39523.1	39522.6
Si28	26053.2	0.217642	59021.9	12649.6	12649.3
Mg24	22335.8	0.134415	57287	11369.6	11369.4
O16	14895.1	0.380595	91563.5	38008.8	38007.7
neutron	939.565	2.72333	68416.6	19610.8	17917.1
C13	12109.5	0.315953	68416.6	19610.8	17917.1
Si28	26053.2	0.481279	48593.2	4517.35	4516.5
Si28	26053.2	0.109146	48311.6	4363.84	4363.43
O16	14895.1	0.387022	69279.2	24241.8	24239.1
Si28	26053.2	0.171034	69197	24196.5	24196
Si28	26053.2	0.121868	42620.2	5100.16	5099.51
Si28	26053.2	0.196402	85459.8	31470.2	31469.8
O16	14895.1	0.912112	98937.1	45628.6	45626.7
O16	14895.1	0.231478	74483.5	27850.2	27849.9
neutron	939.565	64.4243	95392.8	43233.5	42764
neutron	939.565	15.1797	95392.8	43233.5	42764
neutron	939.565	8.7843	95392.8	43233.5	42764
alpha	3727.38	8.06378	95392.8	43233.5	42764
alpha	3727.38	0.0806034	95392.8	43233.5	42764
Mg24	22335.8	0.326296	60345.4	17394.8	17394.1
neutron	939.565	586.025	66052.2	18401.7	17333.9
O15	13971.2	0.618685	66052.2	18401.7	17333.9
Mg25	23268	0.254796	39428.3	78.9819	78.3769
Mg24	22335.8	0.163588	92000.9	40824.9	40824.1
Si28	26053.2	0.23186	82327.4	32928.7	32927.6
Mg25	23268	0.175054	52040.2	7586.46	7585.45
O16	14895.1	0.20972	90976.2	40287	40286.5
O16	14895.1	0.35509	40866.6	3937.56	3936.76
Fe56	52089.8	0.223972	98552.4	45575.6	45575.3
O16	14895.1	0.394318	65197.4	15095.9	15095.3
Mg24	22335.8	0.147215	85328.5	33878.3	33878.1
O16	14895.1	0.359314	50844.4	9435.79	9435.39
Mg25	23268	0.211531	67597.1	16163.8	16163.6
O16	14895.1	0.273995	64792.1	14371.5	14371.1
O16	14895.1	0.241024	48534.9	3927.49	3926.52
Si30	27913.2	0.164263	43824.5	1102.28	1102.04
neutron	939.565	6.80676	78303.9	27867.9	27234.3
neutron	939.565	2.55747	78303.9	27867.9	27234.3
alpha	3727.38	5.69888	78303.9	27867.9	27234.3
Be8	7454.85	1.20622	78303.9	27867.9	27234.3
O16	14895.1	0.34989	47784.5	708.808	708.268
O16	14895.1	0.789228	67553.4	21399.3	21398.3
O16	14895.1	0.192469	57987.5	14938.2	14937.5
Si28	26053.2	0.342888	52231.8	11307.9	11307.4
Si28	26053.2	0.481086	99638.2	46143.6	46142.7
O16	14895.1	0.198312	61554.7	18205.9	18205.6
O16	14895.1	0.222592	88875.2	34395.9	34395.4
O16	14895.1	0.23046	55602.7	11999.8	11999
Si28	26053.2	0.186046	86870.7	35499.9	35499.1
O16	14895.1	0.7237	59654.4	15817.5	15815.8
Mg24	22335.8	0.191713	75576.9	26953	26952.1
Mg24	22335.8	0.404192	70187.5	19720.4	19718.9
Si28	26053.2	0.130397	88792.1	37589.4	37589
O16	14895.1	0.257265	77592.6	27583.5	27582.9
Si28	26053.2	0.175512	64234.7	18955.2	18954.7
Mg25	23268	0.163515	35906.6	82.6804	81.885
Si29	26984.3	0.119277	90220	36659.8	36658
Si28	26053.2	0.138166	68100.1	21857.7	21857
O16	14895.1	0.417652	63623.5	17166.2	17165.8
Mg24	22335.8	0.148469	74002.5	25765.3	25764.5
O16	14895.1	0.442162	58401.8	14495	14494.4
Mg24	22335.8	0.139404	99666.2	46222.7	46222.2
O16	14895.1	0.310543	54498	14023.5	14022.8
O16	14895.1	0.415766	42299.8	2743.55	2743.12
O16	14895.1	0.353175	66188.3	22450.6	22449.6
Si29	26984.3	0.109999	62082.7	19451.6	19451.3
Fe56	52089.8	0.119038	45313.5	7636.3	7635.8
neutron	939.565	146.023	91504.9	40443.2	39940.9
neutron	939.565	85.3349	91504.9	40443.2	39940.9
neutron	939.565	1.41213	91504.9	40443.2	39940.9
Ne21	19550.5	1.06297	91504.9	40443.2	39940.9
O16	14895.1	0.342852	82149.9	32124.3	32123.6
Mg24	22335.8	0.514214	71544.6	19711	19709.9
Si28	26053.2	0.942218	63167.4	16938.8	16937
O16	14895.1	1.56954	47766.6	6833.83	6832.05
O16	14895.1	0.239737	56840.2	15201.5	15201
Si28	26053.2	0.221455	94918.3	42543.8	42543.5
Mg24	22335.8	0.160682	73583.3	28560.2	28559.3
Mg24	22335.8	0.250848	34250.9	1244.27	1243.56
Mg24	22335.8	0.289978	96991.6	43950.6	43950.1
Si28	26053.2	0.19916	50969.2	10755.6	10754.9
Fe56	52089.8	0.0653775	35612.4	825.994	825.598
Si28	26053.2	0.230546	57381.2	15249	15248.5
O16	14895.1	0.286639	50048.5	10258.6	10257.9
O16	14895.1	0.632976	46458.5	7973.41	7972.72
O16	14895.1	0.199202	39418.3	1669.73	1669.24
O16	14895.1	0.630795	67321.5	23889.9	23888.1
O16	14895.1	0.260921	35380.2	26.6278	26.1543
O16	14895.1	0.567048	65520.3	23229.5	23228
Mg26	24196.5	0.291081	54169.4	12775.7	12775.3
O16	14895.1	0.345836	85720.1	32385.8	32383.9
Si28	26053.2	0.478025	81050.8	33712.8	33712.3
O16	14895.1	0.280902	63800.6	21857.2	21856.6
Si28	26053.2	0.11416	30790.3	495.629	494.582
O16	14895.1	0.768723	38562.5	2569.15	2568.38
O16	14895.1	0.24571	93517.6	42377.1	42375.7
O16	14895.1	0.28437	52788	7030.97	7029.59
O16	14895.1	0.408755	92595.2	41128.5	41127.1
Si28	26053.2	0.120382	99292.3	45993.9	45993.7
O16	14895.1	0.776323	65132.8	22478.7	22477.4
O16	14895.1	0.468171	70227.8	4590.27	4589.58
Si28	26053.2	0.19157	66118.4	1980.89	1980.66
neutron	939.565	190.481	80554.9	31261.7	30895.7
neutron	939.565	40.7185	80554.9	31261.7	30895.7
Na23	21409.2	3.35143	80554.9	31261.7	30895.7
O16	14895.1	0.211392	41798.7	5027.12	5026.06
Si28	26053.2	0.137404	63084	19788.9	19787.5
Si28	26053.2	0.124794	43569.2	4265.4	4265.28
O16	14895.1	0.227651	84556.2	33726.8	33726.6
O16	14895.1	0.304894	42054.8	3159.54	3159.16
Mg24	22335.8	0.297648	41230.8	2522.25	2521.9
Mg26	24196.5	0.155782	61190	19520.5	19520.2
O16	14895.1	0.254149	49920.5	11508.3	11507.5
O16	14895.1	0.855998	41045.1	5750.04	5749.17
Mg24	22335.8	0.155175	76840.4	29727.1	29726.5
Mg24	22335.8	0.385131	92511	41719.5	41717.5
O16	14895.1	0.232535	65112.1	23012.9	23012.5
Si28	26053.2	0.120715	58242.1	18544.4	18544.1
neutron	939.565	15.0266	82726.6	34719.7	34258.4
neutron	939.565	1.52372	82726.6	34719.7	34258.4
neutron	939.565	0.665103	82726.6	34719.7	34258.4
C12	11174.9	1.73859	82726.6	34719.7	34258.4
Si28	26053.2	0.573715	37526.7	2992.13	2991.47
Mg24	22335.8	0.142896	86088.4	36219	36218.7
O16	14895.1	0.219661	60127.5	18138.3	18137.9
Si28	26053.2	0.346909	41537.7	5520.44	5519.12
Mg26	24196.5	0.224174	89962.1	39732.8	39732.5
O16	14895.1	0.471241	78022	31359.6	31358.9
O16	14895.1	0.349119	75699.9	29944.7	29944.1
O16	14895.1	1.10396	84159.8	36229.5	36228.1
O16	14895.1	0.193046	38098.1	591.847	591.42
Si28	26053.2	0.738451	98784.8	45582	45580.8
O16	14895.1	0.234437	92972.1	41525.1	41524.6
O16	14895.1	0.312738	81543.4	33535.4	33535.1
O16	14895.1	0.281122	57637.1	14640.2	14639.6
Si28	26053.2	0.128562	48788.3	8988.48	8987.89
O16	14895.1	0.244089	37597.1	1832.97	1832.65
O16	14895.1	0.404286	95054.7	42934.7	42934.2
neutron	939.565	378.118	94521.9	42571.3	41430
neutron	939.565	81.5182	94521.9	42571.3	41430
neutron	939.565	11.1125	94521.9	42571.3	41430
C13	12109.5	22.8202	94521.9	42571.3	41430
O16	14895.1	0.257255	77099.2	29510.3	29509.8
Si28	26053.2	0.214256	61287.1	16676.5	16676.1
Si28	26053.2	0.398228	99102.3	45636.8	45636
Si28	26053.2	0.300385	85451.2	27516.3	27515.9
O16	14895.1	0.320881	73329.9	18883.5	18883.1
Mg24	22335.8	0.489741	61191.2	10676.2	10674.6
O16	14895.1	0.354202	93208.3	41939.4	41939
Mg24	22335.8	0.13521	70187.4	26251	26250.3
Si28	26053.2	0.115915	63741.3	22210.2	22209.9
O16	14895.1	0.211951	87214.7	38172.9	38172.5
Si28	26053.2	0.117785	75557.2	30188.9	30188
O16	14895.1	0.288551	61929.6	21390.2	21389.5
Mg24	22335.8	0.156264	82422.6	33007.8	33007.5
O16	14895.1	0.713171	79660.2	31227.8	31226.7
Si28	26053.2	0.135137	47294	6395.39	6395
Mg25	23268	0.556075	38292.4	515.99	515.406
O16	14895.1	0.459388	91237	40222.9	40222.3
Si28	26053.2	0.143783	88436.4	38463.1	38462.8
O16	14895.1	0.233906	49778.3	5571.76	5571.11
O16	14895.1	0.224653	99028.6	45763.8	45763.6
neutron	939.565	91.7375	53873.5	9403.25	9117.69
neutron	939.565	24.79	53873.5	9403.25	9117.69
B10	9324.44	7.66439	53873.5	9403.25	9117.69
Mg24	22335.8	0.308605	76770.8	27299.5	27299.1
O16	14895.1	0.255445	65037	22755.9	22755.5
Mg24	22335.8	0.135615	50288.3	8803.4	8803.08
O16	14895.1	0.595559	65360.5	22628.5	22627.6
O16	14895.1	0.287709	61186.7	18625.1	18624.7
O16	14895.1	0.430829	58988.5	17267.8	17267.2
O16	14895.1	0.308103	92911.3	41513.1	41512.6
Fe56	52089.8	0.245129	61136.7	19225.4	19224.8
Mg26	24196.5	0.135071	52359	11617.6	11616.5
Si28	26053.2	0.316382	47596.9	8477.07	8475.5
Si28	26053.2	0.139915	93005	41542.2	41542
O16	14895.1	0.211432	80206.4	32792	32791.5
Si28	26053.2	0.336147	43617.2	4019.99	4019.26
Mg24	22335.8	0.20277	83332.2	32352.9	32352.3
O16	14895.1	0.196608	57207.1	5022.7	5020.02
Mg25	23268	0.373656	55325.6	3678.61	3678.07
neutron	939.565	169.314	72373.9	24774.6	20995
neutron	939.565	148.991	72373.9	24774.6	20995
neutron	939.565	8.31576	72373.9	24774.6	20995
alpha	3727.38	1.36569	72373.9	24774.6	20995
N14	13040.2	7.95839	72373.9	24774.6	20995
Mg25	23268	0.138684	70493	19826	19825.6
Fe56	52089.8	0.0885582	59824.6	11967.5	11967
O16	14895.1	0.316501	58125.6	10977.5	10976.4
O16	14895.1	1.58206	47153.4	3777.32	3775.72
Mg24	22335.8	0.194641	42163.4	766.45	766.213
O16	14895.1	0.979314	91713.5	41307	41305.3
O16	14895.1	0.904238	94515.3	42468	42466.9
O16	14895.1	0.244354	36205.2	2549.93	2549.6
O16	14895.1	0.427687	69664.4	20491.3	20490.6
Si28	26053.2	0.131999	51651.1	4498.74	4498.59
Mg24	22335.8	0.251889	75605.3	28654.4	28654.1
O16	14895.1	0.518792	61250.9	19006.1	19004.9
Mg25	23268	0.296742	40432.5	1246.56	1246.03
Si28	26053.2	0.141762	98313.2	45356.5	45356.3
Si28	26053.2	0.329075	97415.1	44719.4	44718.8
O16	14895.1	0.210026	63373.8	20939.7	20939.4
Mg24	22335.8	0.210722	30903.6	496.282	495.73
Si28	26053.2	0.211317	99115.9	45837.3	45836.4
Mg24	22335.8	0.213945	84401.8	34896.6	34896.3
Mg24	22335.8	0.243853	76552.8	29023.5	29021.9
Si28	26053.2	0.342109	63495	3736.32	3734.94
O16	14895.1	0.408038	83586.5	29250.3	29249.3
O16	14895.1	0.281807	64148.5	15818.9	15818.6
Mg26	24196.5	0.121017	75995.3	30097.3	30096.9
Si28	26053.2	0.290967	35018.6	929.947	928.719
C14	13040.9	0.761107	93283.2	41893.6	41553.7
Si28	26053.2	0.169924	90946.3	40114	40112.6
Si28	26053.2	0.151162	49640.3	10086.2	10085.8
O16	14895.1	0.331236	45451.1	7539.98	7539.51
neutron	939.565	178.974	94281	42816.8	42481.9
neutron	939.565	43.9496	94281	42816.8	42481.9
alpha	3727.38	7.51772	94281	42816.8	42481.9
Be8	7454.85	2.92734	94281	42816.8	42481.9
N15	13968.9	0.0815216	91786.2	40775.5	40543.8
Fe56	52089.8	0.0585043	85238.6	36494.2	36494
Mg24	22335.8	0.130494	80834.6	32009.5	32008.7
Si28	26053.2	0.139136	99791.1	46301.5	46301
O16	14895.1	0.805048	88454.9	36314.8	36313.8
Si28	26053.2	0.281139	58920.7	12431.2	12430.8
Mg25	23268	0.156854	52002.6	7526.37	7525.28
Si28	26053.2	0.114037	67238.7	23612.6	23611.3
O16	14895.1	0.322124	57245.3	16028	16027.5
O16	14895.1	0.254187	78074.5	30850	30849.8
Si28	26053.2	0.330995	71575.9	25936.4	25935.9
O16	14895.1	0.31736	78431.2	32184.6	32184.2
O16	14895.1	0.603779	58652.2	12855.2	12853.6
O16	14895.1	1.09785	85086	35332.6	35331.4
O16	14895.1	0.390226	40168.8	599.14	597.114
O16	14895.1	0.497056	38305.9	3194.01	3193.43
Si28	26053.2	0.377943	33498.3	446.781	445.871
Mg24	22335.8	0.23199	68138.3	24848.4	24847.9
Mg24	22335.8	0.263825	60641.3	19334.5	19334.2
O16	14895.1	0.533267	86978.1	37404.3	37403.7
Mg24	22335.8	0.197079	73046.3	27754	27753.7
O16	14895.1	0.231985	48847.1	8745.26	8745.02
Mg24	22335.8	0.18156	98138.8	44795.9	44795.3
Si28	26053.2	0.190754	92215.1	40086.1	40085.8
O16	14895.1	0.24208	69931	23342.7	23341.6
Fe56	52089.8	0.0717913	94519.2	42899.6	42899.5
O16	14895.1	0.263791	89559.1	37721.4	37721.2
Mg24	22335.8	0.19834	89315.8	37575.5	37575.3
Mg25	23268	0.177697	82553.3	32152.4	32151
Si28	26053.2	0.253214	61562.9	15690.2	15689.8
Si28	26053.2	0.119359	58714.4	13937.9	13936.6
O16	14895.1	0.361469	54682.9	11285.7	11285.2
O16	14895.1	0.261861	90292.2	35893.4	35893.2
Fe56	52089.8	0.055956	68897.4	25955.2	25955
neutron	939.565	114.707	63981.8	22181.5	19133.5
neutron	939.565	73.1859	63981.8	22181.5	19133.5
neutron	939.565	35.3748	63981.8	22181.5	19133.5
neutron	939.565	16.1242	63981.8	22181.5	19133.5
neutron	939.565	14.4403	63981.8	22181.5	19133.5
neutron	939.565	5.69462	63981.8	22181.5	19133.5
neutron	939.565	2.16532	63981.8	22181.5	19133.5
He3	2808.39	16.405	63981.8	22181.5	19133.5
C12	11174.9	11.0037	63981.8	22181.5	19133.5
O16	14895.1	1.1861	85524.1	36011.9	36010.7
O16	14895.1	0.904002	53827.6	13471.6	13470.6
O16	14895.1	1.14283	66894.6	21739.8	21738.6
Si28	26053.2	0.131918	70986.4	24885.2	24885.1
Si28	26053.2	0.310032	54741.3	12056.3	12055
Si30	27913.2	0.167153	71066.7	26771.8	26771.1
Si28	26053.2	0.201785	76093.7	28756.8	28755.9
O16	14895.1	0.684962	53815.2	13863.3	13862.5
O16	14895.1	3.93207	33063.7	1074.16	1070.19
Mg25	23268	0.634019	77700.7	28426.7	28425.9
O16	14895.1	0.258183	94581.6	41722.9	41722.2
neutron	939.565	157.422	88960.3	37623.6	36477.3
neutron	939.565	2.19884	88960.3	37623.6	36477.3
alpha	3727.38	9.06859	88960.3	37623.6	36477.3
neutron	939.565	102.348	86651.9	35062.3	34136.5
neutron	939.565	33.2352	86651.9	35062.3	34136.5
neutron	939.565	2.51815	86651.9	35062.3	34136.5
neutron	939.565	2.47395	86651.9	35062.3	34136.5
neutron	939.565	2.22849	86651.9	35062.3	34136.5
neutron	939.565	1.81858	86651.9	35062.3	34136.5
Ne20	18617.7	2.47896	86651.9	35062.3	34136.5
O16	14895.1	0.205273	43249.2	4843.61	4843.16
Fe56	52089.8	0.0625977	48122.5	11951.4	11951.1
O16	14895.1	0.413567	94075.5	41818.7	41818.1
Mg24	22335.8	0.337256	90244	39372.1	39371
neutron	939.565	917.233	47699	9519.11	6415.3
neutron	939.565	7.67255	47699	9519.11	6415.3
neutron	939.565	3.07292	47699	9519.11	6415.3
alpha	3727.38	5.88101	47699	9519.11	6415.3
C12	11174.9	23.9287	47699	9519.11	6415.3
Si29	26984.3	0.152028	90853.7	40481.1	40480.8
O16	14895.1	0.401356	85151.2	36628	36627.5
Mg24	22335.8	0.149096	69687.5	26707	26706.7
Mg24	22335.8	0.144863	37567.5	4895.02	4894.54
Si28	26053.2	0.19841	35659.7	3702.43	3701.9
O16	14895.1	0.233916	95020.7	42755.9	42755.6
neutron	939.565	62.0022	94897.4	42623	42030.9
neutron	939.565	18.2692	94897.4	42623	42030.9
neutron	939.565	8.18536	94897.4	42623	42030.9
neutron	939.565	6.62411	94897.4	42623	42030.9
neutron	939.565	0.57693	94897.4	42623	42030.9
alpha	3727.38	6.82819	94897.4	42623	42030.9
alpha	3727.38	0.868645	94897.4	42623	42030.9
Si28	26053.2	0.118785	87377.6	36441.7	36441.2
Mg26	24196.5	0.142876	58494.2	14332.7	14332.5
O16	14895.1	0.297793	82922.8	32424.8	32423.6
Si28	26053.2	0.664011	93980.7	41696.5	41695.6
Si28	26053.2	0.196501	65834.7	21682.3	21681.8
Mg24	22335.8	0.220941	58597.3	8858.2	8857.91
Mg24	22335.8	0.243045	86957.4	25615.2	25613.6
Si28	26053.2	0.122809	53172.6	2611.42	2611.26
O16	14895.1	0.225395	51179.6	1328.27	1327.92
O16	14895.1	0.278986	90463.4	20200.3	20199.8
Mg24	22335.8	0.141562	95580.4	43195.1	43194.5
Si28	26053.2	0.144367	95062.8	42784.9	42784.4
O16	14895.1	0.285088	94203.4	42301.8	42301.4
Si28	26053.2	0.291725	90641.6	39891.8	39890.9
O16	14895.1	0.232265	89113.8	39276.2	39275.3
Si28	26053.2	0.140855	51201	13205	13204.2
O16	14895.1	0.602635	38591.4	2929.81	2928.62
neutron	939.565	1.56771	89642.8	38373.3	38132
neutron	939.565	0.183209	89642.8	38373.3	38132
N14	13040.2	2.54314	89642.8	38373.3	38132
Si28	26053.2	0.127768	76955.4	27605	27604.6
Mg24	22335.8	0.140132	65327.6	18977	18976.4
O16	14895.1	0.194791	60719	15747.9	15747.2
O16	14895.1	0.28654	83370.1	35631.7	35631
Mg24	22335.8	0.199049	53290.5	15483.2	15483
Mg24	22335.8	0.697492	89114.1	35363.4	35362.5
Si28	26053.2	0.233139	63671.6	18360.2	18359.6
O16	14895.1	0.810084	94525.1	41998.7	41997.7
O16	14895.1	0.326176	68437.5	19194.4	19193.7
Mg26	24196.5	0.154755	45581.1	3445.14	3444.6
Mg24	22335.8	0.142765	48133.6	9080.1	9079.59
O16	14895.1	0.457409	39968.9	3735.36	3734.29
Mg24	22335.8	0.185538	91719	39396.3	39396.1
O16	14895.1	0.333964	81244.7	32642	32641.3
Mg24	22335.8	0.243176	88258.6	37303	37302.2
O16	14895.1	1.15393	75510.7	27212.5	27211.3
O16	14895.1	0.983102	36338.3	88.7848	87.7739
O16	14895.1	0.268045	80315.9	31665.1	31664.6
Si28	26053.2	0.151352	97356.8	44805.1	44804.5
Mg24	22335.8	0.158948	69716.3	25762.2	25761.8
Mg24	22335.8	0.193419	49690.1	12913.7	12913
O16	14895.1	0.609139	38959.8	5494.83	5494.19
Si28	26053.2	0.194618	30523	120.11	119.499
Si28	26053.2	0.142739	79914.6	33691.8	33691.2
O16	14895.1	0.454382	58097.9	18478.7	18478
neutron	939.565	171.222	97290.2	44276.2	43924.8
neutron	939.565	137.461	97290.2	44276.2	43924.8
C12	11174.9	0.285895	97290.2	44276.2	43924.8
O16	14895.1	0.263083	91477.7	40690.4	40689.9
Fe56	52089.8	0.0663254	57553.2	12703.2	12702.8
O16	14895.1	0.38896	95417.2	42913.5	42912.8
Si28	26053.2	0.318653	87107.6	37333.9	37333.3
Si28	26053.2	0.476851	96593.4	43365.6	43364.9
O16	14895.1	0.361535	74674.6	28496.5	28495.2
O16	14895.1	1.26837	68615.1	24581.5	24579.8
O16	14895.1	0.281698	84187.5	36201	36200.6
O16	14895.1	0.229358	77052.9	30384.3	30383.5
O16	14895.1	0.326094	63059.7	17974.1	17973.5
neutron	939.565	101.233	67968.7	21422	21004
N14	13040.2	1.73651	67968.7	21422	21004
Si28	26053.2	0.141292	67656.3	20839.8	20839.6
O16	14895.1	0.209067	39406.5	2304.28	2303.46
Mg26	24196.5	0.136922	92069.4	37098.6	37097.8
Mg24	22335.8	0.208746	89881.6	35226	35225.6
O16	14895.1	0.31479	70453.6	23198.2	23197.5
O16	14895.1	0.247453	95004.6	42869.5	42869.3
O16	14895.1	1.11852	91641.5	40562.6	40561.2
Si28	26053.2	0.131272	77633.3	29087.8	29087.4
Si28	26053.2	0.663062	60416.9	17275.2	17274.1
O16	14895.1	0.684469	69627.8	22277.7	22277
O16	14895.1	0.302622	68745.5	21692	21691.5
O16	14895.1	0.210279	71253.9	21609	21608.2
Mg24	22335.8	0.313258	73358.3	27763.4	27762.7
Si28	26053.2	0.133116	59417	18049.8	18049.6
Si28	26053.2	0.124489	93715.8	42495	42494.9
Si28	26053.2	0.123455	63723	21133	21132.1
O16	14895.1	0.278276	62617.8	20041.5	20040.4
Fe56	52089.8	0.0572372	85842.2	36248	36247.5
O16	14895.1	0.206724	66282.7	23569.7	23569.1
Mg24	22335.8	0.279567	54418.1	15111.8	15111.3
Mg24	22335.8	0.127058	35741.6	2735.21	2735.01
Si28	26053.2	0.372292	56881.5	12799.6	12798.5
O16	14895.1	0.346183	74138.6	28318.8	28317.8
O16	14895.1	0.680326	74596.9	15370.2	15369.5
Si28	26053.2	0.109785	92139.1	41199.1	41198.7
O16	14895.1	0.254368	69349.8	25828	25827.3
O16	14895.1	0.198428	44432.8	8187.18	8186.8
O16	14895.1	0.294509	47698.7	4729.99	4729.62
O16	14895.1	0.379525	93099.6	41667.2	41666.5
O16	14895.1	0.323626	82912.9	33470.8	33470
O16	14895.1	0.221636	79769.4	31348.7	31347.5
Si28	26053.2	0.14858	72964	26361.2	26360.7
O16	14895.1	0.294379	46415.3	6707.02	6706.69
O16	14895.1	0.405506	93908.3	41535.6	41535.1
O16	14895.1	2.06453	82729.7	33024.5	33022.3
Si28	26053.2	0.283345	89162.3	39008.2	39007.9
O16	14895.1	0.221894	84204	34073.2	34071.8
O16	14895.1	0.696454	40166.4	1140.97	1140.17
Si28	26053.2	0.391211	86754.1	36240.6	36239.9
Si28	26053.2	0.139331	83935.1	25537.6	25537.3
O16	14895.1	0.385466	47675.5	1347.67	1346.54
O16	14895.1	0.493933	88179.9	35854.5	35854
O16	14895.1	0.390117	51608.8	9966.68	9966.2
O16	14895.1	0.919842	46588.7	6667.56	6666.61
Fe56	52089.8	0.0637485	65000	22535.9	22535.5
Fe56	52089.8	0.163565	77425.3	32164.8	32164.6
O16	14895.1	0.205654	82435.7	33626.8	33626.1
O16	14895.1	0.291234	53793	14070.3	14069.4
Mg24	22335.8	0.452322	68808.2	23852.1	23851.5
neutron	939.565	276.853	98987	45808.4	44936.6
neutron	939.565	20.8583	98987	45808.4	44936.6
alpha	3727.38	2.51453	98987	45808.4	44936.6
Be8	7454.85	4.75436	98987	45808.4	44936.6
O16	14895.1	0.357217	89732.7	34128.7	34128.1
Si28	26053.2	0.204856	84355.9	29453.5	29452.2
Si28	26053.2	0.590264	82299.6	28074.3	28073.5
Si28	26053.2	0.274004	77651	24748.7	24747.9
neutron	939.565	257.171	73286.1	25814.4	25021.9
neutron	939.565	0.127711	73286.1	25814.4	25021.9
N14	13040.2	0.472268	73286.1	25814.4	25021.9
Si28	26053.2	0.145095	72702.5	24593.1	24592.5
O16	14895.1	0.302738	42663.6	4202.08	4201.08
neutron	939.565	390.118	96362.6	43767	42972.9
neutron	939.565	368.422	96362.6	43767	42972.9
O14	13044.8	1.65549	96362.6	43767	42972.9
Si28	26053.2	0.113454	74884.7	28438.1	28437.3
Si28	26053.2	0.130858	66291.2	22837.6	22837.3
Si29	26984.3	0.140143	55493.9	14943.7	14943
O16	14895.1	0.241703	44353.4	7644.84	7644.56
O16	14895.1	0.235776	40574.8	3082.05	3081.7
Si28	26053.2	0.222441	35807.2	370.989	370.234
Mg24	22335.8	0.149392	48566.7	10174.3	10174
Mg24	22335.8	0.300808	40060.5	4448.04	4447.72
Si28	26053.2	0.408617	37865.6	3142.44	3141.94
Ne22	20479.7	2.70399	98391.1	45013.4	44793.1
Si28	26053.2	0.215422	94540.3	42479.2	42478.9
Fe56	52089.8	0.0565828	89060.2	38237.4	38237
Mg24	22335.8	0.160705	69516.1	24675.5	24675
Mg24	22335.8	0.486734	90869.1	39844.1	39843.5
O16	14895.1	0.232714	65831.1	22632.5	22631.9
O16	14895.1	0.230346	43881.9	3423.39	3422.35
O16	14895.1	0.310367	77043	30294.2	30293.7
O16	14895.1	0.189266	70703.9	26130.5	26129.9
O16	14895.1	0.28046	65444.3	22585.3	22584.4
O16	14895.1	0.189849	40776	4339.22	4338.99
Mg24	22335.8	0.340637	38254.9	2795.59	2795.24
Si30	27913.2	0.147781	68751.2	24569.8	24569.6
Fe56	52089.8	0.05587	99510.5	46145.2	46145.1
Mg24	22335.8	0.134457	77045.5	30364.3	30364
O16	14895.1	0.21013	93350.1	41978	41977.8
Si28	26053.2	0.246852	87709.9	37220.4	37220
O16	14895.1	0.196591	53052.1	13298.9	13298.4
Si28	26053.2	0.125457	33979.4	205.974	205.046
O16	14895.1	0.231478	52053	10713.1	10712.1
Fe56	52089.8	0.0553531	47260.8	6961.33	6960.74
O16	14895.1	1.34123	59476.7	19075.9	19074.6
Mg25	23268	0.60196	55321.9	16505.2	16504
O16	14895.1	0.372589	75478.3	30462.9	30462.3
O16	14895.1	0.191218	78464	16888.6	16888.3
Fe56	52089.8	0.115988	59171.6	3501.16	3500.08
neutron	939.565	198.209	67685.6	22966.9	22396
C12	11174.9	0.996357	67685.6	22966.9	22396
Si28	26053.2	0.115532	80570.1	33967.7	33967.5
Si28	26053.2	0.159835	80063.9	33649.6	33649.4
O16	14895.1	0.469754	67149.5	25226.5	25225.6
Si28	26053.2	0.305724	59885.7	19338.1	19337.6
O16	14895.1	0.929191	82474.1	34252.4	34250
O16	14895.1	0.211699	72587.2	26110.2	26109.8
Si28	26053.2	0.149896	68693.2	23128.4	23127.7
Fe56	52089.8	0.0593249	50489.8	6434.44	6434.35
O16	14895.1	2.63008	71570.9	26449.3	26445.6
O16	14895.1	0.353011	65917.3	22732.5	22732
O16	14895.1	0.233801	61261.5	19533.6	19532.6
Si28	26053.2	0.421048	47192.9	7362.59	7362.14
O16	14895.1	0.342396	77786.6	30740.4	30739.5
Fe56	52089.8	0.0658917	90442.5	40219.3	40218.9
O16	14895.1	0.221011	40343.4	6426.85	6426.33
O16	14895.1	0.257752	88151.8	38149.1	38148.8
O16	14895.1	0.324488	81364.8	33621.9	33621.6
O16	14895.1	0.456679	72522.2	14696.9	14695.6
Si28	26053.2	0.144316	75860.3	20113.4	20112.7
O16	14895.1	0.477828	72715.7	20518.9	20517.5
Mg26	24196.5	0.819042	56396.3	7958.41	7957.49
O16	14895.1	0.233898	59713.8	19720.7	19720.4
O16	14895.1	0.383901	75914.7	25395.7	25395.2
O16	14895.1	0.39883	65258.1	17778	17777.4
Mg26	24196.5	0.187322	64321.7	11151.6	11151.2
Si28	26053.2	0.202863	94330.9	42716.5	42716.2
Mg26	24196.5	0.197706	57948.8	18556.1	9326.95
O16	14895.1	0.398029	86773.7	36255.7	36255.1
Si29	26984.3	0.170838	61816.3	18376.2	18376
O16	14895.1	1.71856	93534.3	41585.3	41582.8
Si28	26053.2	0.119893	90748.2	39558.2	39558.1
Mg25	23268	0.405463	50851.4	7724.67	7724.12
O16	14895.1	0.444004	39549.7	981.903	981.325
O16	14895.1	0.333251	87337.3	35646.5	35645.3
Mg24	22335.8	2.39699	53937	8499.07	8496.41
O16	14895.1	0.472806	44122.1	1803.52	1802.88
O16	14895.1	0.913242	97769.9	45030.7	45029.2
O16	14895.1	0.23	93641.7	41823.5	41823.2
O16	14895.1	0.350688	92624.4	41229.2	41228.5
Si28	26053.2	0.355227	92008	40876.2	40875.6
Mg24	22335.8	0.660477	89211	39164.4	39163.6
Si28	26053.2	0.672169	76369	30646	30645.1
Si28	26053.2	0.349042	63670.1	21597.7	21597.2
O16	14895.1	0.232142	47671.8	11293.9	11292.8
O16	14895.1	0.312296	86009.5	36918.8	36918
Si28	26053.2	0.167939	45451.7	8998.34	8998.02
O16	14895.1	1.35554	95737.4	43801.3	43799.6
Si28	26053.2	0.133474	93300.5	41836.3	41835.5
Mg24	22335.8	0.132343	43399.1	4771.03	4769.9
Fe56	52089.8	0.0889565	99625	46003.5	46003.4
Mg24	22335.8	0.285973	97533.6	44283.2	44282.7
Si28	26053.2	0.223443	45823.8	7068.99	7068.66
Si28	26053.2	0.332307	98540.4	45551	45550.5
Mg24	22335.8	0.232813	75165	29111.9	29111.3
O16	14895.1	1.43104	54518.5	12196.7	12195.2
O16	14895.1	1.24537	73916.6	8589.94	8588.26
Mg25	23268	1.39304	67375.6	4429.94	4219.1
O16	14895.1	0.590632	86094.5	36549.6	36549
O16	14895.1	0.247026	68460.3	19535	19534.4
Si28	26053.2	0.515829	40341.4	354.929	354.189
O16	14895.1	0.315564	40153.1	236.601	236.147
O16	14895.1	0.249784	82752.1	34657.3	34656.6
C13	12109.5	5.79508	98373.8	44403	38299.3
O16	14895.1	0.295018	88536	29878.9	29877.3
O16	14895.1	1.30131	77386.8	27082.3	27080.4
O16	14895.1	0.222568	40357.7	1617.65	1617.1
O16	14895.1	0.558925	71339.2	27590.5	27589.8
O16	14895.1	0.957741	95085.7	43018.9	43017.9
O16	14895.1	0.564748	48698	8257.83	8256.96
O16	14895.1	0.962079	67585.9	20358	20356.8
Mg24	22335.8	0.292263	99615.5	46170.2	46169.6
Mg24	22335.8	0.572733	83604.7	35474.7	35473.3
O16	14895.1	0.611704	80831.2	33351.8	33350.7
O16	14895.1	0.240618	73626.2	28691.7	28691.5
Mg25	23268	0.145847	70119.8	26424.1	26423.9
Si28	26053.2	1.81738	70519	25925.7	25923.7
Si28	26053.2	0.33426	62074.3	20404.5	20404
Si29	26984.3	0.110788	60944.1	19665.8	19665.6
O16	14895.1	0.29003	53239.1	14861.6	14861.1
Mg24	22335.8	0.384376	47764.5	3945.55	3944.37
Mg24	22335.8	0.20129	46826.3	3407.06	3406.59
Si28	26053.2	0.235045	42713.3	5724.47	5723.99
Mg26	24196.5	0.183855	41332.1	4760.17	4759.98
O16	14895.1	0.213228	73472.8	23998.3	23998
Mg24	22335.8	0.28327	97924.3	45016	45015.6
O16	14895.1	0.264713	81209.7	32631.7	32631.3
O16	14895.1	0.262011	41118.3	192.376	191.563
O16	14895.1	0.923403	79166.7	31888	31885.6
Mg24	22335.8	0.215779	60170.2	16670.4	16670.2
O16	14895.1	1.52559	54465.8	12802.2	12799.7
O16	14895.1	1.0311	82401.4	32917.5	32916.5
Mg24	22335.8	0.303674	51661.9	13422.4	13422
O16	14895.1	0.218237	42143.2	7156.81	7156.54
O16	14895.1	0.190081	72068.8	27203.6	27202.9
O16	14895.1	0.891827	46894.4	10243.7	10242.6
Si28	26053.2	0.149544	34424.2	1900.84	1900.47
O16	14895.1	0.341721	59170.6	17502.9	17502.5
C14	13040.9	15.9825	56738.3	14904.2	13758.3
Fe56	52089.8	0.059496	96232.8	43649.1	43648.9
Si28	26053.2	0.115064	87643.4	37712.4	37712.2
O16	14895.1	0.20839	47044	7172.14	7171.42
O16	14895.1	0.237344	73033.4	25883.1	25881.9
Si28	26053.2	0.116232	49695.7	10646.6	10646.2
O16	14895.1	0.462857	50698.6	10782.9	10782.1
O16	14895.1	0.352466	58797.9	15760.1	15758.9
O16	14895.1	0.229464	82723.5	33468.1	33467.7
O16	14895.1	0.19426	71905.3	23430	23429.1
O16	14895.1	0.301321	39816.7	2694.55	2693.95
Mg24	22335.8	0.20403	93893.3	42452.9	42452.3
C14	13040.9	1.40323	88388.2	37839.2	37136.3
Si28	26053.2	0.147261	73571	27144	27143.8
Mg26	24196.5	0.299935	58397.8	16418.9	16418
Mg24	22335.8	0.137545	99181.1	45798.7	45798.2
Mg24	22335.8	0.253594	92419	41426.4	41426.1
O16	14895.1	0.2463	91368.9	40741.4	40740.6
Mg24	22335.8	0.196953	65491.5	21360.5	21359.4
O16	14895.1	0.248499	56951.2	16158.3	16157.8
O16	14895.1	0.404466	50482.8	11654	11653.5
Si28	26053.2	0.152291	65727.8	21819.5	21818.5
Fe56	52089.8	0.153361	40564.8	5616.81	5616.54
Si28	26053.2	0.742807	36442.6	2928.62	2927.51
Si28	26053.2	0.125862	78519.6	29720.6	29720.2
O16	14895.1	1.85878	72964.4	26062.6	26060.8
Si28	26053.2	0.117782	64721	16032.8	16032.6
Mg24	22335.8	0.313333	60004.8	12899.8	12899
Si28	26053.2	0.177409	49471.2	4847.61	4847.27
O16	14895.1	0.288264	48513.6	4210.86	4210.51
Si28	26053.2	0.21781	91782.5	37911.5	37911.2
Mg24	22335.8	0.220601	61801	19009.8	19009
O16	14895.1	0.576025	51651	9552.59	9550.9
neutron	939.565	886.181	95102.9	43102.9	38986.5
neutron	939.565	5.23701	95102.9	43102.9	38986.5
Na23	21409.2	0.656442	95102.9	43102.9	38986.5
O16	14895.1	0.606145	84658.6	32037.3	32036.7
O16	14895.1	0.490841	65390	19747.2	19746.5
O16	14895.1	0.221051	93587	41005.9	41005.5
Si28	26053.2	0.170197	77487.6	26838.6	26838.2
O16	14895.1	0.214236	94827.3	42503.7	42503.2
O16	14895.1	0.224618	87510.3	37633.8	37633.2
O16	14895.1	0.444382	86711.6	37132.7	37132.2
Mg26	24196.5	0.127738	53548	10787.1	10786.3
Mg24	22335.8	0.255738	89244.8	38896.4	38895.8
Mg24	22335.8	0.220551	80221.2	31613.8	31613.2
O16	14895.1	2.7025	61405.3	18981.8	18979
O16	14895.1	0.206867	53677.9	13502.9	13502.2
O16	14895.1	0.22679	83547.1	34475.5	34474.9
O16	14895.1	0.908623	67172.5	21684.3	21682.8
Si28	26053.2	0.143389	88267.6	37619.3	37619.1
O16	14895.1	0.576038	99116.2	45856.9	45856.2
neutron	939.565	20.0215	98091.2	44139.1	43832
Si27	25130.8	3.84897	98091.2	44139.1	43832
Si28	26053.2	0.119686	83292.7	34049.5	34049.2
Mg26	24196.5	0.325036	99110	45890.6	45890.1
Si28	26053.2	0.13814	51639.8	10012.5	10012.2
Mg26	24196.5	0.668531	99303	45947.5	45946.7
Si28	26053.2	0.355769	89812.1	39570.8	39569.9
O16	14895.1	0.241866	72060.4	27329.9	27329.6
Si28	26053.2	0.229808	92278.5	40609.5	40608.6
O16	14895.1	0.28341	88400	37865.4	37864.9
O16	14895.1	0.201917	55630.9	13834.3	13833.7
O16	14895.1	0.277685	86588.3	36849.7	36849
O16	14895.1	0.649925	78041.9	30736.4	30735.7
O16	14895.1	0.401114	42471.8	1620.15	1619.63
Mg24	22335.8	0.7482	39961.5	279.091	277.934
Mg24	22335.8	0.217785	64681.2	21607.6	21607.1
O16	14895.1	1.58966	98199.3	45359.4	45357.7
O16	14895.1	0.190075	52796.2	14177.9	14177.6
O16	14895.1	0.258663	61366.2	19567.5	19567.1
O16	14895.1	1.16071	81126.8	29498.2	29496.9
Mg24	22335.8	0.488492	70704.9	20857.7	20857.1
O16	14895.1	0.253618	63613.8	14357.7	14357.3
Si28	26053.2	0.113697	61601.9	13052	13051.8
Si28	26053.2	0.142141	46167.7	3192.86	3192.17
O16	14895.1	0.211301	93497.5	41761.2	41760.8
O16	14895.1	0.446912	83640.8	31990.9	31990.4
Mg24	22335.8	0.147218	81835.1	28623.7	28623.4
O16	14895.1	0.337819	78552.8	32417.5	32417.1
Si28	26053.2	0.264804	60105.9	20688.8	20688
O16	14895.1	0.259	45173.6	10016.3	10016
Si28	26053.2	0.320301	78588.8	32135.5	32135.1
O16	14895.1	0.382617	70449.7	27028.1	27027.6
O16	14895.1	0.317895	57417.4	18925.4	18925
O16	14895.1	0.377633	92946.5	41583.2	41582.3
O16	14895.1	1.011	86757.7	37717.4	37716.4
Si28	26053.2	0.639111	76927.9	30096.7	30095.2
O16	14895.1	0.758358	75305.2	28872.8	28872
O16	14895.1	0.409355	69228.6	24444.1	24443.3
Mg24	22335.8	0.173715	39399.1	2968	2966.85
Mg26	24196.5	0.174874	99260.3	46007.4	46007.1
O16	14895.1	0.563106	52526	12980	12979.1
Si28	26053.2	0.11778	45616.8	8548.68	8548.29
Mg24	22335.8	0.215507	82314.6	34791.6	34789.5
Si28	26053.2	0.134034	61506.9	19358	19357.7
Si28	26053.2	0.11985	44339.8	5365.8	5365.44
O16	14895.1	0.19704	98169.9	45036.9	45035.8
Si28	26053.2	0.121544	60801.8	17659.4	17658.5
Mg24	22335.8	0.184031	52357.6	12440.6	12439
Mg24	22335.8	0.170886	64121.1	17520.8	17520.4
O16	14895.1	0.227102	53502.1	9953.28	9952.42
Si28	26053.2	0.168219	81556.8	31788.6	31788.2
Mg24	22335.8	0.669294	65417.4	20259.7	20258.7
Mg24	22335.8	0.130851	51045.7	10094	10093.6
Mg24	22335.8	0.127889	65167.1	19003.7	19003.4
Si28	26053.2	0.118363	54208.3	11832.8	11832.6
O16	14895.1	0.222326	47888.8	7661.24	7660.69
Mg24	22335.8	0.193642	38358.1	1656.34	1655.97
O16	14895.1	0.189734	41540.9	6053.49	6053.26
O16	14895.1	0.980883	70504.8	24517.8	24516.8
Si28	26053.2	0.110549	62707.3	18220.4	18219.3
O16	14895.1	0.339495	57548.4	14923	14922.3
neutron	939.565	0.852419	87775.9	34101.5	33861.8
Ne21	19550.5	2.13091	87775.9	34101.5	33861.8
Mg25	23268	0.235154	79398.7	27917.7	27917.2
Mg25	23268	0.397109	63597	15096.5	15096.1
Mg25	23268	0.204902	70570.4	26671.3	26670.6
Fe56	52089.8	0.130061	80782.7	29452	29451.7
O16	14895.1	0.219638	45676.5	6487.54	6486.65
O16	14895.1	0.233728	85739.6	35223.1	35222.8
Fe56	52089.8	0.10632	91977.3	39842.3	39841.9
O16	14895.1	0.233473	76060.4	29753.7	29753.4
Si28	26053.2	0.180114	65247.5	21934	21933.7
O16	14895.1	0.205908	54340.3	14217.2	14216.7
O16	14895.1	0.258365	85094.2	35989.8	35989.4
Mg25	23268	0.220957	72264.1	22231.3	22231
O16	14895.1	0.230105	50434.1	947.587	947.089
O16	14895.1	0.20255	55307.9	14899.2	14898.6
Si30	27913.2	0.282266	93451.9	41471	41470.6
Si28	26053.2	0.176281	55865.4	14811.3	14810.3
Mg26	24196.5	0.117984	38775.6	3771.92	3771.46
neutron	939.565	87.5358	97583.2	44465.7	43885.8
neutron	939.565	3.16468	97583.2	44465.7	43885.8
neutron	939.565	1.02688	97583.2	44465.7	43885.8
C14	13040.9	12.1592	97583.2	44465.7	43885.8
Mg24	22335.8	0.163093	66976.3	21838.3	21838
O16	14895.1	0.242733	48617.9	9948.71	9947.55
neutron	939.565	640.898	86686.2	37276.2	36381.3
neutron	939.565	207.738	86686.2	37276.2	36381.3
C12	11174.9	0.104573	86686.2	37276.2	36381.3
O16	14895.1	0.38237	71475.7	25380.9	25380.2
O16	14895.1	0.240148	57965.1	16674	16673.8
neutron	939.565	3.67914	78305.4	26415.3	26112.2
Al27	25126.5	0.940877	78305.4	26415.3	26112.2
O16	14895.1	0.631982	59041.6	12178.5	12177.1
O16	14895.1	0.316106	98775.6	45657.4	45656.5
Mg24	22335.8	0.126682	98362.7	45405.3	45404.9
O16	14895.1	0.237041	91060.7	40788.7	40787.3
O16	14895.1	0.361807	75189.7	27641.1	27640.6
Si28	26053.2	0.151115	65026	15460	15458.5
O16	14895.1	0.329259	54125.5	8245.16	8244.64
O16	14895.1	0.226716	65286.7	21599	21598.7
O16	14895.1	0.32144	61431	19242.3	19241.4
O16	14895.1	1.33025	32063.2	223.81	222.337
O16	14895.1	0.318329	82236	29113.6	29113.1
O16	14895.1	0.244101	56543.6	10638.3	10637.6
O16	14895.1	0.464002	98263.3	45052.2	45051.7
Si28	26053.2	0.224092	78550	32285	32284.7
Fe56	52089.8	0.0846009	43638.1	4831.86	4831.54
O16	14895.1	0.827933	86279.5	33884.3	33883.4
O16	14895.1	0.414287	55631.6	13327.4	13326.5
Si28	26053.2	0.135182	63426	16963.6	16963.3
O16	14895.1	0.383216	42448.1	2487.13	2486.74
neutron	939.565	312.047	99311.3	45988.4	45481
C13	12109.5	3.51774	99311.3	45988.4	45481
Mg24	22335.8	0.834019	98266.2	44883.9	44883
O16	14895.1	0.242164	76303.3	29770.6	29769.8
Si28	26053.2	0.163006	74224.6	28482.5	28482.2
Mg24	22335.8	0.161453	34521.2	894.182	893.977
O16	14895.1	0.201524	96306.6	43698.8	43698.3
O16	14895.1	0.365173	55603.7	13631.4	13631.1
O16	14895.1	0.368562	49866.3	9736.44	9735.58
Fe56	52089.8	0.211482	58253.9	15840.2	15837.8
O16	14895.1	0.243015	97595.2	44934.6	44933.5
O16	14895.1	0.244489	51221.6	11782.6	11781.7
O16	14895.1	0.326449	68870.7	25038.3	25037.6
Mg24	22335.8	0.160444	50705.4	11753.2	11752.3
O16	14895.1	0.267576	95224.9	42499.6	42499
Mg24	22335.8	0.146255	37089.8	3177.57	3177.18
Si28	26053.2	0.154534	94940.4	43224.4	43223.9
Mg24	22335.8	0.172417	93059.2	41880.5	41880.1
O16	14895.1	0.243429	71969.3	27383.7	27383.1
Si28	26053.2	0.149566	32926.8	1733.54	1733.38
O16	14895.1	0.392165	92747.2	39993.3	39992.7
O16	14895.1	0.369896	83296.3	33452.8	33452.4
Si28	26053.2	0.180008	64460.9	21090.8	21090.2
Mg24	22335.8	0.159641	38864.6	1973.17	1972.75
O16	14895.1	0.305595	85329.7	36353.3	36351.9
Si28	26053.2	0.141546	49476.8	11959.8	11959.3
Si28	26053.2	0.131876	68998.1	25417.4	25416
Mg24	22335.8	0.351487	52017.1	8881.23	8880.84
Si28	26053.2	0.198977	73109.4	25913.7	25913
Si28	26053.2	0.265113	87140.5	38324.1	38323.3
Si28	26053.2	0.138408	75633.7	29867.6	29867.3
Si28	26053.2	0.134405	60187.8	18195.9	18195
Si28	26053.2	0.226773	90022.7	40032.5	40032
O16	14895.1	0.56961	76363.1	28796.4	28795.5
Mg24	22335.8	0.245789	53894.1	12008.9	12008.5
O16	14895.1	0.316211	97149.2	44439	44438.1
O16	14895.1	0.248803	81060.9	25908.1	25907.1
Si28	26053.2	0.122145	73244.1	20625	20624.8
Si28	26053.2	0.304119	70684.7	18963.9	18962.6
Mg24	22335.8	0.471953	40715.5	5896.87	5896.36
Si28	26053.2	0.3004	76800.8	27910.8	27910.2
Si28	26053.2	0.127092	37791.3	1938.39	1938.04
Si28	26053.2	0.552751	90481.9	37817.6	37816.8
Si28	26053.2	0.144205	53779.7	11026.7	11026.1
O16	14895.1	0.22981	48681.2	8014.06	8013.61
Mg24	22335.8	0.161269	99830.6	46330.7	46330.4
O16	14895.1	0.279122	84330.6	28368.9	28368.6
O16	14895.1	0.443499	86096.9	30756.6	30756
Si28	26053.2	0.542888	66974.7	498.704	497.822
Mg26	24196.5	0.168441	77122.2	29200.2	29199.8
O16	14895.1	0.232978	67156.1	22893.4	22892.6
Si28	26053.2	0.550293	93849.4	42745.2	42742.9
O16	14895.1	0.751392	85124.3	36755.7	36754
Mg24	22335.8	0.243175	67816.4	23399.5	23399.2
C14	13040.9	2.19002	52934.5	13603.5	11736.5
neutron	939.565	835.922	84796.9	30532.9	28551.2
neutron	939.565	18.2807	84796.9	30532.9	28551.2
neutron	939.565	4.33508	84796.9	30532.9	28551.2
C11	10254	2.97581	84796.9	30532.9	28551.2
O16	14895.1	0.272604	49550.9	8590.15	8589.7
O16	14895.1	0.302905	43472.5	4171.31	4170.55
neutron	939.565	127.561	74070.1	26575.6	25953.6
neutron	939.565	101.744	74070.1	26575.6	25953.6
neutron	939.565	33.3733	74070.1	26575.6	25953.6
neutron	939.565	12.1831	74070.1	26575.6	25953.6
Na23	21409.2	2.71551	74070.1	26575.6	25953.6
O16	14895.1	0.540973	56996.8	12030.3	12029.7
O16	14895.1	0.200764	49971.9	7428.2	7427.66
O16	14895.1	0.595393	72804.7	24097.2	24096.6
Si28	26053.2	0.191655	72524	23947.5	23947.2
O16	14895.1	0.214764	42039.4	2714.51	2713.23
O16	14895.1	0.975274	41835.7	2599.24	2597.9
Si28	26053.2	1.01819	54317.2	13971.3	13970.2
Mg24	22335.8	0.159721	38371.7	2195.18	2194.69
O16	14895.1	0.802513	89040.7	37502.3	37500.7
O16	14895.1	0.285142	67734.2	19733.9	19733.2
Si28	26053.2	0.28799	66217.4	18613.8	18613.4
O16	14895.1	0.501878	63261.6	18768.7	18767.9
neutron	939.565	257.928	52774.5	11768.9	11224.1
neutron	939.565	244.249	52774.5	11768.9	11224.1
Al25	23271.8	0.88549	52774.5	11768.9	11224.1
Mg24	22335.8	0.250039	76471.7	28564.3	28563.9
Si28	26053.2	0.145182	59585.8	14812.5	14812.3
O16	14895.1	0.627365	73888	27911.3	27909.6
O16	14895.1	0.195793	52825.4	11779.7	11779.4
Si28	26053.2	0.23138	86484.2	31316.9	31315.7
O16	14895.1	0.253014	64616.8	15939.5	15939.1
Si28	26053.2	0.426578	64586.2	15922.4	15921.5
O16	14895.1	0.217572	60249.4	12184.9	12184.4
O16	14895.1	0.309557	84575.6	34777.3	34776.7
O16	14895.1	0.327969	72770.7	26282.7	26281.2
Si28	26053.2	0.168543	71577.7	16174.7	16174.5
O16	14895.1	0.337603	98474.6	45464.9	45464.1
Mg24	22335.8	0.150907	64097	17619.3	17618.7
Mg24	22335.8	0.387627	47689.9	6675.71	6674.27
neutron	939.565	26.6582	81215.4	27367.8	27111.4
neutron	939.565	7.57455	81215.4	27367.8	27111.4
alpha	3727.38	11.9734	81215.4	27367.8	27111.4
Be8	7454.85	2.46549	81215.4	27367.8	27111.4
O16	14895.1	0.225319	68163	15535.1	15533.8
Si29	26984.3	0.107325	61447.8	10657.8	10657.6
Si28	26053.2	0.471962	54667.6	6092.41	6091.71
O16	14895.1	0.319917	71302.1	24260.9	24260.5
O16	14895.1	0.268742	51183	2812.65	2811.93
Si28	26053.2	0.819293	89634.5	39325.9	39325.1
O16	14895.1	0.341905	38372.4	1963.28	1962.52
Mg25	23268	0.248808	86523.6	36305.3	36304.5
O16	14895.1	0.613289	58433.4	17852.1	17851.1
O16	14895.1	1.14641	33969.7	335.768	334.331
O16	14895.1	0.192249	36871.2	1122.6	1122.21
O16	14895.1	0.291765	71754.6	25884.1	25883.8
Fe56	52089.8	0.0816205	59525.1	18100.4	18100
neutron	939.565	4.218	84638.7	33089.2	32767
neutron	939.565	3.99759	84638.7	33089.2	32767
C12	11174.9	4.7669	84638.7	33089.2	32767
Si28	26053.2	0.222626	82999.7	31692.6	31692.4
O16	14895.1	0.22204	75886.3	27110.4	27110.2
O16	14895.1	0.350168	67050.7	20177.8	20177.2
Mg24	22335.8	0.175775	74014.8	27391.1	27390.7
O16	14895.1	0.275346	92395.8	40363.8	40363.4
O16	14895.1	0.365554	71055.6	26561.5	26560.8
O16	14895.1	0.436789	91472.1	40448.5	40447.8
O16	14895.1	0.234701	89176	38889.4	38889
Si28	26053.2	0.117387	57761.7	13638.6	13637
Mg24	22335.8	0.562245	90116.5	34776.3	34775.5
O16	14895.1	0.673983	79497.3	30606.1	30605.4
O16	14895.1	0.276378	86960.1	37395.8	37395.5
Mg24	22335.8	0.518927	55952.7	13843.3	13842.7
O16	14895.1	0.201619	81102	27796.7	27796.1
O16	14895.1	0.261414	95884.2	43055.3	43054.6
O16	14895.1	0.260291	82427	33092.6	33091.3
Si28	26053.2	0.156723	54366.3	6809.52	6808.87
Si28	26053.2	0.116858	96099.1	43696.2	43696
Si29	26984.3	0.199176	37107	942.289	942.068
O16	14895.1	0.352537	59242.4	5823.27	5822.8
O16	14895.1	0.29036	68819	23605.9	23605.5
Si28	26053.2	0.231514	65404.3	19959.3	19959
Si28	26053.2	0.256956	77306.1	30905.4	30905
Fe56	52089.8	0.0971448	70170.1	26280.5	26280.2
Si28	26053.2	0.814057	82290.6	29669.1	29667.7
Si28	26053.2	0.296395	60528.7	10946.1	10945.8
O16	14895.1	0.249489	44564.2	5326.96	5326.35
Si28	26053.2	0.295658	61660.8	18777.5	18777.2
Si29	26984.3	0.225512	41894.7	6253.33	6252.91
O15	13971.2	0.643686	83774.8	34431.8	33890.3
O16	14895.1	0.23888	78932.3	31847.6	31847.3
O16	14895.1	0.595674	47091.1	9631.89	9630.31
Mg24	22335.8	0.200378	79487.7	33516.4	33514.5
Mg24	22335.8	0.136463	72369.1	28372.8	28372.7
O16	14895.1	4.87568	86886.4	36491.2	36485.9
Si28	26053.2	0.135831	62361.3	17962.5	17962.2
Si28	26053.2	0.305049	72182.4	25246.9	25246.6
O16	14895.1	0.189535	71931.1	25073.1	25072.4
neutron	939.565	0.553247	63534.5	18391.6	16626.4
C13	12109.5	0.663603	63534.5	18391.6	16626.4
Mg24	22335.8	0.219853	44797.5	3198.83	3198.42
O16	14895.1	0.307009	75872.4	28734.2	28733
Mg24	22335.8	0.244353	69180.9	24152	24151.6
O16	14895.1	0.258056	49872.1	1759.72	1759.44
Si28	26053.2	0.257743	92258.4	38393.2	38392.7
O16	14895.1	0.252826	91550.7	37898.7	37897.6
Fe56	52089.8	0.408444	94590.5	43024.4	43023.7
Si28	26053.2	0.168199	54417.9	13190.3	13189.7
Mg24	22335.8	0.143533	37372.2	2342.3	2342.01
O16	14895.1	0.277467	84999.5	34459.6	34459.1
O16	14895.1	1.13536	50995.7	7626.47	7625.24
Mg24	22335.8	0.773897	49075.8	6330.71	6329.45
Si28	26053.2	0.142156	65708.6	23598.2	23597.8
O16	14895.1	0.442986	56990.9	15980.3	15979.9
Mg24	22335.8	0.130184	39731.9	4502.33	4501.05
Fe56	52089.8	0.207843	99079.4	45772.5	45771.6
Mg25	23268	0.186336	92083.4	41110.7	41110.4
Si29	26984.3	0.118566	90977.4	40486.3	40486
Mg24	22335.8	0.291511	72577.2	28233.5	28233
Mg24	22335.8	0.260469	54816.1	16290.6	16289.9
O16	14895.1	0.8763	93049.8	41578.2	41577.2
O16	14895.1	0.359199	69527.3	25658	25657.6
O16	14895.1	0.793981	53390.4	15453.7	15452.7
O16	14895.1	0.19599	48381.6	11717.6	11717
Mg25	23268	0.204757	46254.6	8474.88	8474.57
O16	14895.1	0.228128	44446.4	7289.21	7288.73
neutron	939.565	18.0453	44421.8	7275.43	6998.48
neutron	939.565	1.98311	44421.8	7275.43	6998.48
Na22	20482.1	1.4865	44421.8	7275.43	6998.48
O16	14895.1	0.269787	82826	32307	32305.9
Si28	26053.2	0.155123	78678.1	29612.8	29612.6
Mg25	23268	0.286612	70587.4	23815.6	23814.2
O16	14895.1	0.569597	58987	16419.7	16419
neutron	939.565	18.9816	59412.1	17452.7	17196.8
neutron	939.565	2.37997	59412.1	17452.7	17196.8
alpha	3727.38	8.17558	59412.1	17452.7	17196.8
Be8	7454.85	4.54632	59412.1	17452.7	17196.8
Si28	26053.2	0.26167	42697.1	5355.75	5355.19
O16	14895.1	0.386898	69016.4	17592.8	17591.4
Si28	26053.2	0.182315	49971.9	4160.17	4159.69
Si28	26053.2	0.684407	86230.7	35287.4	35286.7
Mg26	24196.5	0.179587	83048.9	33277.1	33276.7
Mg24	22335.8	0.1409	93890.6	41406.7	41406.1
Si28	26053.2	0.166172	61113.8	19079.3	19078.6
O16	14895.1	0.216973	95550.8	42796.5	42796.3
Mg24	22335.8	0.128122	84346.9	35650.3	35649.4
O16	14895.1	0.45731	49041.4	10622.5	10621.6
O16	14895.1	0.407857	69351.3	23174.8	23173.8
O16	14895.1	0.357761	67891.6	22329.5	22328.8
Si28	26053.2	0.172899	66914.7	21730.2	21729.5
O16	14895.1	0.387697	41323.9	2101.2	2100.75
O16	14895.1	0.251465	91317	40805	40804
Si28	26053.2	0.130058	88998.6	39177.8	39177.5
Si28	26053.2	0.159329	88501.4	38857	38856.6
O16	14895.1	0.338012	42079.6	8447.75	8446.43
O16	14895.1	0.274112	40384	7340.1	7339.44
O16	14895.1	0.314676	39268.7	6602.28	6601.43
Mg24	22335.8	0.273056	92012.8	41333.5	41333.2
O16	14895.1	0.362036	83875.7	36272.5	36271.7
O16	14895.1	0.281092	73715.2	26576.1	26574.7
Mg24	22335.8	0.571543	73623	26528.9	26528.1
O16	14895.1	0.240498	58079.2	14200.6	14200.3
O16	14895.1	0.316585	97244.4	44636.5	44636.1
O16	14895.1	0.298467	47776.7	7574.8	7573.73
O16	14895.1	0.222055	45211	5527.88	5527.48
N15	13968.9	0.919981	83302.7	33556.9	32964.9
Si28	26053.2	0.132894	40317.5	3250.44	3249.9
Mg26	24196.5	0.154042	70040.1	23909.9	23909.7
Mg24	22335.8	0.17765	40099.9	4172.06	4171.6
neutron	939.565	102.065	43363.5	8938.1	7084.12
neutron	939.565	97.8475	43363.5	8938.1	7084.12
C12	11174.9	5.84021	43363.5	8938.1	7084.12
O16	14895.1	0.438517	38186.3	3881.38	3880.86
Mg24	22335.8	0.43096	78954.3	32782.3	32781.3
Mg24	22335.8	0.195985	32353.1	358.072	357.181
neutron	939.565	263.972	99805.1	46302.1	40988.8
neutron	939.565	131.473	99805.1	46302.1	40988.8
neutron	939.565	28.3291	99805.1	46302.1	40988.8
neutron	939.565	12.78	99805.1	46302.1	40988.8
neutron	939.565	12.0502	99805.1	46302.1	40988.8
neutron	939.565	10.3484	99805.1	46302.1	40988.8
neutron	939.565	6.24307	99805.1	46302.1	40988.8
neutron	939.565	3.57339	99805.1	46302.1	40988.8
neutron	939.565	1.46044	99805.1	46302.1	40988.8
neutron	939.565	1.29663	99805.1	46302.1	40988.8
alpha	3727.38	7.24172	99805.1	46302.1	40988.8
S34	31632.7	5.97786	99805.1	46302.1	40988.8
Si28	26053.2	0.124648	70143.6	16082.8	16082.5
Mg24	22335.8	0.295765	56271.6	14724.8	14724.4
Si30	27913.2	0.305511	73714.7	22064.5	22064.1
Mg24	22335.8	0.33597	52824.7	12443.2	12442.3
Mg24	22335.8	0.203331	92141.1	41451.3	41451.1
Mg24	22335.8	0.814785	79359.2	32996	32994.6
Si28	26053.2	0.125219	64195.5	23080.2	23079.6
Si28	26053.2	0.51631	43111.7	8562.19	8561.58
O16	14895.1	0.671097	80813.4	32172.9	32172.1
Mg24	22335.8	0.316772	51757.3	10494	10493.7
O16	14895.1	0.213495	65216.7	20601.4	20601
O16	14895.1	0.387283	44055.8	7028.96	7028.11
O16	14895.1	0.210696	96369.8	44065	44064.8
O16	14895.1	0.29292	90951.5	37331.7	37330.7
Mg24	22335.8	0.49363	42412.8	3690.8	3690.21
Mg24	22335.8	0.237963	93510.4	42407.6	42407.2
Si28	26053.2	0.370647	75921.4	29916.5	29915.6
Mg24	22335.8	0.171978	64365.2	22193.8	22193.3
neutron	939.565	13.1453	95865.1	43854.5	43373
neutron	939.565	2.00389	95865.1	43854.5	43373
B11	10252.5	7.72639	95865.1	43854.5	43373
Mg25	23268	0.175828	91838.4	40812.4	40812.1
O16	14895.1	0.425573	78259.7	32091	32089.8
Mg24	22335.8	0.942555	73072.2	28895.7	28894.5
Si28	26053.2	0.159064	72121	28096.8	28096.2
O16	14895.1	0.607046	58895.1	5106.52	5105.83
Si28	26053.2	0.272177	61357.1	19760.4	19760.1
O16	14895.1	0.547157	98887.2	45618.4	45617.7
neutron	939.565	34.3848	96674.1	44259.3	43889.3
neutron	939.565	13.2954	96674.1	44259.3	43889.3
C12	11174.9	3.46641	96674.1	44259.3	43889.3
Si28	26053.2	0.210001	69016.9	23782.5	23782
Si28	26053.2	0.24513	61469.3	18808	18807.4
O16	14895.1	0.245831	59932.3	15731.4	15730.4
Fe56	52089.8	0.062796	98625.1	45506.7	45505.8
Si28	26053.2	0.177625	96369.9	43617.4	43617
O16	14895.1	0.793655	87704.2	36636.5	36635.6
Mg24	22335.8	0.179884	63895.6	20454.9	20454.7
Mg24	22335.8	5.63851	59129.2	17472.5	17466.7
O16	14895.1	0.273556	35975.6	2280.87	2280.03
Si28	26053.2	0.116925	66993.1	22469	22468.4
Mg24	22335.8	0.160491	71058.7	24842.7	24842.3
Si28	26053.2	0.164222	65559.9	20383.2	20382.6
O16	14895.1	0.219151	37472.5	1930.28	1929.79
Si28	26053.2	0.64087	96245.6	44050.4	44049.5
Fe56	52089.8	0.0889604	79834	29555	29554.4
O16	14895.1	0.397587	76401.6	27701.3	27700.4
O16	14895.1	0.597015	65814.6	21244.4	21243
Mg24	22335.8	0.137846	78968.1	32186.8	32186.6
Si28	26053.2	0.124975	42973.4	7113.76	7113.49
Fe56	52089.8	0.214188	41251.7	5428.82	5428.14
O16	14895.1	0.423273	37287.2	2534.26	2532.41
O16	14895.1	0.405899	45505.6	4211.41	4210.87
Mg24	22335.8	0.162748	65776.3	23310.9	23310.7
Mg24	22335.8	0.449383	32857.7	1650.81	1650.05
O16	14895.1	0.40686	32688.3	1560.38	1559.7
Mg24	22335.8	0.176574	84804.5	36541.6	36541.1
O16	14895.1	0.235269	48586.4	7550.98	7550.4
Si28	26053.2	0.583742	47783.7	10676.4	10675.5
Si28	26053.2	0.161753	97836.3	44675.5	44674.9
O16	14895.1	0.407231	64038.1	22640.6	22639.1
Mg25	23268	0.287142	76558.9	697.271	696.779
O16	14895.1	0.344509	60632.9	19472.2	19471
Si28	26053.2	0.135237	41669.7	3627.47	3627.1
O16	14895.1	0.254027	41489.5	3509.39	3508.03
O16	14895.1	2.68945	94975.8	43048.5	43045.2
Mg24	22335.8	0.241425	86119.6	35518.4	35517.6
neutron	939.565	230.714	85659.3	35261.2	21548.8
neutron	939.565	86.4834	85659.3	35261.2	21548.8
neutron	939.565	45.8808	85659.3	35261.2	21548.8
neutron	939.565	13.3135	85659.3	35261.2	21548.8
He3	2808.39	36.9633	85659.3	35261.2	21548.8
Si28	26053.2	0.152475	76187.4	15705.4	15705.1
Mg24	22335.8	0.252837	68339.3	24378.5	24377.8
O16	14895.1	0.224088	39287.6	4890.33	4889.97
Si28	26053.2	0.125255	94956.8	42704.8	42704.6
O16	14895.1	0.264586	91514.3	39601.2	39600.8
Si28	26053.2	0.231174	69736.8	20299.8	20299
neutron	939.565	103.023	90757.6	39711.9	39396.5
neutron	939.565	25.8373	90757.6	39711.9	39396.5
neutron	939.565	4.46231	90757.6	39711.9	39396.5
Be8	7454.85	0.514748	90757.6	39711.9	39396.5
Mg24	22335.8	0.329659	86011.8	36117.2	36116
Mg25	23268	0.172092	84500.9	35240.6	35239.4
O16	14895.1	0.414259	53709.2	12253.5	12252.6
Si28	26053.2	0.115496	34939	310.411	310.274
Si28	26053.2	0.208222	96209.2	43824.5	43824.3
O16	14895.1	0.231474	45451.3	6286.79	6286.55
Si28	26053.2	0.151029	36382.2	445.215	444.702
Mg25	23268	0.244414	60146	20615.3	20613.4
O16	14895.1	0.212338	52527.2	15261.4	15261.2
Mg24	22335.8	0.273285	79948.1	29353.2	29352.9
Si28	26053.2	0.263235	80510.6	29395.3	29394.8
O16	14895.1	2.45704	79556.3	28838.2	28835.3
neutron	939.565	123.689	75660.2	26436.5	23641.6
neutron	939.565	45.1058	75660.2	26436.5	23641.6
neutron	939.565	27.2938	75660.2	26436.5	23641.6
neutron	939.565	10.9339	75660.2	26436.5	23641.6
neutron	939.565	9.269	75660.2	26436.5	23641.6
neutron	939.565	7.84751	75660.2	26436.5	23641.6
neutron	939.565	7.71882	75660.2	26436.5	23641.6
alpha	3727.38	4.85559	75660.2	26436.5	23641.6
Be8	7454.85	0.327702	75660.2	26436.5	23641.6
Si28	26053.2	0.141603	32822.7	630.512	630.157
O16	14895.1	0.260121	60568.1	18541.5	18541
Na22	20482.1	0.171187	59949.3	17853.4	16862.9
O16	14895.1	0.483709	41941.3	8295.55	8295.01
O16	14895.1	2.09785	97449.8	44871.9	44868.2
Si28	26053.2	0.115798	97254.6	44015.1	44014.7
Si28	26053.2	2.32967	96960.7	43842.5	43839.4
Si28	26053.2	0.121959	43749.8	8473.98	8473.3
Mg24	22335.8	0.193024	31592.9	608.649	608.225
O16	14895.1	0.718976	86262.3	36508.2	36506.1
O16	14895.1	1.36879	33564	1379.25	1377.79
Si28	26053.2	0.239285	86517.1	34426.3	34425.6
Mg24	22335.8	0.1726	68756.9	21214.6	21214.3
Si28	26053.2	0.157284	87878.8	23763.1	23762.9
O16	14895.1	0.852376	99516.3	46140	46138.8
Mg24	22335.8	0.177707	81514.8	33495.6	33494.7
neutron	939.565	3.67676	79377.3	32140.6	31475.7
Al26	24200	0.431079	79377.3	32140.6	31475.7
O16	14895.1	0.34485	97865.4	45200.8	45199.7
O16	14895.1	0.361384	93383	42291.7	42291.1
O16	14895.1	0.399224	71742.2	27180.9	27180
O16	14895.1	0.213632	67754.1	22867.5	22866.5
Mg24	22335.8	0.154467	87063.9	37093.7	37093.4
O16	14895.1	0.216945	73141.3	21395.2	21394.8
Mg24	22335.8	0.416937	63476.2	13983.9	13983.1
Mg24	22335.8	0.136861	57387.5	18076.9	18076.7
O16	14895.1	0.210214	49714.3	13128.5	13127.5
Mg25	23268	0.1561	38465.5	4904.68	4904.02
Si28	26053.2	1.21611	79563.4	31489.4	31488
O16	14895.1	0.193585	96564.7	43875.9	43875.6
Si28	26053.2	0.114247	73623.5	28319.4	28319.3
Mg24	22335.8	0.132613	63011.5	21475.1	21474.7
Fe56	52089.8	0.134566	71333.1	24844.8	24844
O16	14895.1	0.205307	61304	17956.6	17955.4
neutron	939.565	1.1387	36054.4	1112.29	851.727
C12	11174.9	1.71121	36054.4	1112.29	851.727
Si28	26053.2	0.112133	85710.2	35950.6	35950
O16	14895.1	0.308657	89706.8	39573.7	39572.9
O16	14895.1	0.257019	80857.5	33312.4	33312
O16	14895.1	0.713561	80741.9	33247.5	33246.8
Si28	26053.2	0.133169	74482.8	28521.3	28520.7
O16	14895.1	1.01944	71376.9	26142	26140.9
O16	14895.1	0.227529	46920.7	8908.92	8908.6
neutron	939.565	75.3481	93712	41518.8	41274.5
Al26	24200	2.26241	93712	41518.8	41274.5
O16	14895.1	0.388803	92888.1	40712.5	40710.4
O16	14895.1	0.534608	87733.8	37315	37314.3
O16	14895.1	0.344455	54954.4	10705.1	10703.7
O16	14895.1	0.252652	44666	2774.96	2774.46
Si28	26053.2	0.153691	99477.2	46132.8	46132.4
Mg24	22335.8	0.302436	81978.8	34683.5	34683.1
O16	14895.1	0.4069	99138.3	45928.7	45927.5
Si28	26053.2	0.126	80797	31966.5	31966
Si28	26053.2	0.142942	97001.9	44603.7	44603.3
Si28	26053.2	0.131312	64548.5	23269.5	23269
O16	14895.1	0.943654	38317.2	3306.07	3305.11
Mg24	22335.8	0.205328	80942.9	33445.7	33445.3
O16	14895.1	0.194624	66052.5	22829	22827.7
Si28	26053.2	0.131511	42796.9	7766.22	7764.91
Fe56	52089.8	0.060576	33036.9	564.576	564.297
O16	14895.1	0.657165	76137.5	29533.6	29532.4
O16	14895.1	0.234855	45277	7380.4	7379.99
Mg24	22335.8	0.189426	60311.6	18477.6	18477.1
O16	14895.1	0.343875	50640.9	10997	10996.6
O16	14895.1	0.399646	46266.6	8179.46	8178.9
O16	14895.1	0.485725	89893.7	38605.5	38604.9
O16	14895.1	0.237404	70798.2	23368.5	23367.5
O16	14895.1	0.362226	40154.5	3472.01	3471.27
neutron	939.565	28.92	64205.2	19812.4	19378.9
neutron	939.565	6.18732	64205.2	19812.4	19378.9
He3	2808.39	3.84376	64205.2	19812.4	19378.9
alpha	3727.38	1.08735	64205.2	19812.4	19378.9
alpha	3727.38	17.147	64205.2	19812.4	19378.9
O16	14895.1	0.216035	48829.2	6737.38	6736.88
O16	14895.1	0.5484	42009.2	2365.55	2363.91
Si28	26053.2	0.248327	51469.2	11336	11335.2
Si28	26053.2	0.492684	89389.9	38244.5	38243.6
O16	14895.1	0.361001	50337.5	8439.72	8438.43
O16	14895.1	2.99945	88133.1	38397.9	38394.4
O16	14895.1	0.592938	94228.6	42283.2	42282.2
O16	14895.1	0.244147	60067	17826.4	17825.1
Si28	26053.2	0.123446	98293.9	45380.4	45379.8
Si28	26053.2	0.220626	81733.4	33386.5	33386.3
Fe56	52089.8	0.112452	79376.8	31028.9	31028.7
Si28	26053.2	0.142316	60696.2	17684	17682.9
Mg24	22335.8	0.139625	44650	6815.11	6814.19
Si28	26053.2	0.122955	91141.3	38703	38702.4
O16	14895.1	0.273292	72654.8	26889.4	26888.8
O16	14895.1	0.194717	68309.6	24126.7	24126.2
O16	14895.1	0.836869	51752.7	13268.8	13266.6
O16	14895.1	0.199349	40991	5724.41	5723.67
O16	14895.1	0.24886	69361.5	25725.8	25724.6
Fe56	52089.8	0.176741	94759.2	36381.6	36381.4
neutron	939.565	433.974	94337.4	36112.5	35310.6
neutron	939.565	3.26854	94337.4	36112.5	35310.6
alpha	3727.38	6.99558	94337.4	36112.5	35310.6
alpha	3727.38	17.0426	94337.4	36112.5	35310.6
alpha	3727.38	7.17042	94337.4	36112.5	35310.6
Mg24	22335.8	0.226156	92053.2	33522.6	33522
Si28	26053.2	0.233457	91448.1	33134.9	33134.4
O16	14895.1	0.215076	82505.1	19557.6	19557.3
Si28	26053.2	0.144964	80362.3	32311.2	32310.8
Mg24	22335.8	0.132033	70039	25637.2	25636.4
Si28	26053.2	0.532866	48478	9817.33	9816.61
O16	14895.1	0.205728	71386.3	25582.2	25581.7
O16	14895.1	0.255408	51129.4	11883.9	11883.3
Mg24	22335.8	0.350176	78309.1	31019.5	31019.1
Mg24	22335.8	0.315866	70384.8	23583.1	23582.6
Si28	26053.2	0.148778	68530.7	21122.4	21121.9
Si28	26053.2	0.596108	73153.4	28492.3	28491.1
O16	14895.1	0.197378	46635.9	5253.37	5252.95
O16	14895.1	0.352896	79910.9	32035.8	32035.4
O16	14895.1	0.217571	49932	10808.1	10807.8
O16	14895.1	0.329582	99108.5	45339.1	45338.5
O16	14895.1	0.229055	46592.7	10845.6	10845.3
Mg26	24196.5	0.250737	46535.6	10814.1	10813.8
neutron	939.565	20.9992	76195.1	29127.4	28807.7
alpha	3727.38	8.02721	76195.1	29127.4	28807.7
O16	14895.1	2.82293	76195.1	29127.4	28807.7
Mg26	24196.5	0.25219	52478.7	12055.4	12054.5
O16	14895.1	0.777171	34830.8	41.8049	40.7614
Si28	26053.2	0.19017	85297.1	35836.9	35836.7
neutron	939.565	4.32869	83840.2	28797.3	15660.2
C13	12109.5	2.13008	83840.2	28797.3	15660.2
Mg25	23268	0.921962	73499.6	15937.3	15935.8
O16	14895.1	0.279976	71262.1	14403.3	14402.8
neutron	939.565	36.8764	82590.1	34154.6	33885.9
neutron	939.565	30.5781	82590.1	34154.6	33885.9
neutron	939.565	25.3901	82590.1	34154.6	33885.9
neutron	939.565	9.34553	82590.1	34154.6	33885.9
Be8	7454.85	4.18906	82590.1	34154.6	33885.9
Si28	26053.2	0.335327	87937	38372.2	38371.6
O16	14895.1	0.239419	78128	28182.9	28182
O16	14895.1	0.199751	72760	24914.7	24914.1
O16	14895.1	0.241018	61898.9	17328.2	17327.8
O16	14895.1	0.247159	96530.9	44418.2	44417.9
O16	14895.1	0.337525	70645.2	26253.9	26253.6
Mg24	22335.8	0.35784	67448.8	24136.7	24136.1
O16	14895.1	0.19251	69670.8	908.751	908.448
Mg24	22335.8	0.128433	71256.3	21489.5	21489.3
Si28	26053.2	0.210425	85921.4	34614.8	34613.8
O16	14895.1	0.198052	47486.5	4248.72	4248.34
O16	14895.1	0.329347	95655.5	43335.4	43335
Mg24	22335.8	0.138081	48793.9	2338.6	2338.13
Si28	26053.2	0.155332	83026.4	33479.4	33478.7
O16	14895.1	0.24004	41296.5	2922.64	2921.79
Si28	26053.2	0.136062	73038.8	27991.4	27991.1
Si30	27913.2	0.122953	93130.3	41350.7	41350.6
Si28	26053.2	0.155095	84973.9	36098.3	36097.2
Ne22	20479.7	0.801258	67627.1	24556.4	23698.5
O16	14895.1	0.218209	53573.4	12460.7	12460.1
neutron	939.565	10.6531	77416.8	31046.7	30806.3
neutron	939.565	7.1244	77416.8	31046.7	30806.3
alpha	3727.38	3.80782	77416.8	31046.7	30806.3
Be8	7454.85	0.907148	77416.8	31046.7	30806.3
Mg24	22335.8	0.203561	62261.5	19271.1	19270.6
Si28	26053.2	0.484274	41345.9	4215.6	4214.82
Si28	26053.2	0.202982	60208.3	16835.6	16835.3
Mg26	24196.5	0.22558	37413.6	3785.78	3785.33
Mg24	22335.8	0.448443	83653.6	35241.8	35241.3
O16	14895.1	0.344909	78178.8	31649.7	31649.3
Si28	26053.2	0.133166	52830.4	14121.2	14121
O16	14895.1	0.216758	53827.5	14319.8	14318.7
Mg24	22335.8	0.172857	77184.4	27159	27157.8
O16	14895.1	0.288768	76498.5	26739.9	26739.5
Mg24	22335.8	0.696358	71972.6	23396	23395.3
Si28	26053.2	0.693625	57603.2	12829.8	12829.1
O16	14895.1	0.546722	48663.2	7061.39	7060.03
O16	14895.1	0.459262	82040.5	34717.7	34716.5
O16	14895.1	0.361589	43359.2	5012.85	5012.02
Fe56	52089.8	0.529126	38275	2053.56	2052.99
O16	14895.1	0.350343	76254.6	31102.1	31100.8
neutron	939.565	73.2742	99925.6	46364.2	46126.8
C13	12109.5	1.24628	99925.6	46364.2	46126.8
O16	14895.1	0.225155	78507.2	30651.1	30650.8
Si28	26053.2	0.258807	48772.8	5182.49	5182.1
Si28	26053.2	0.146337	84855.9	37038.2	37037.9
Mg24	22335.8	0.129367	54693.9	16576.9	16576.1
Mg24	22335.8	0.14073	54013.7	16206.7	16206.1
Mg24	22335.8	0.163272	99782.3	46288.6	46288
O16	14895.1	0.397664	91802.1	39469.8	39468.7
Si28	26053.2	0.139906	82047.2	32574.9	32574.5
Si28	26053.2	0.12206	91904.8	40722	40721.7
Fe56	52089.8	0.0578799	75767.1	29141	29140.9
Si28	26053.2	0.216764	41054.8	5402.28	5402
Fe56	52089.8	0.0925053	76385.6	28385.7	28385.5
O16	14895.1	0.294807	59004.6	17206.9	17205.7
O16	14895.1	0.280405	53247.9	13247.6	13246.8
Fe54	50231.2	0.11325	35556.9	459.561	459.196
Mg24	22335.8	0.927988	86290	36855.9	36854.1
O16	14895.1	0.405258	72901.8	25256.5	25256.1
O16	14895.1	0.329691	71157.3	24234.6	24234.1
Mg24	22335.8	0.237789	55231.7	14096.9	14096.1
Mg24	22335.8	0.134315	82809.2	34582.2	34582.1
O16	14895.1	0.297209	74076.7	28871.3	28870.4
Fe56	52089.8	0.383428	47422.2	10926.4	10925.5
O16	14895.1	0.329743	95136.5	42983.2	42982.8
Mg24	22335.8	0.150188	66336	15382.2	15381.3
Si28	26053.2	0.131771	56166.3	6909.95	6909.75
O16	14895.1	0.97147	52658.3	4265.86	4264.59
neutron	939.565	4.40668	79424.4	29357.2	29109
neutron	939.565	2.08103	79424.4	29357.2	29109
Mg24	22335.8	2.97663	79424.4	29357.2	29109
O16	14895.1	0.334281	95348.6	43583.7	43583.4
O16	14895.1	0.19179	60664.1	17722.5	17722.1
O16	14895.1	0.62114	34047.9	685.312	683.655
O16	14895.1	0.51171	98921.7	45717.2	45715.6
O16	14895.1	0.215632	98808.9	45655.7	45655.5
Si28	26053.2	0.121421	96078.5	43392.3	43390.3
O16	14895.1	0.203482	81709.2	33017.3	33016.6
Si28	26053.2	0.238658	61336.7	12718	12717.5
Mg24	22335.8	0.183271	36947	1922.26	1921.77
Fe56	52089.8	0.595711	99306.2	45993.3	45992.6
Mg24	22335.8	0.18903	95856.1	43712.2	43712
O16	14895.1	0.2617	90002.2	38338.2	38337.4
Mg24	22335.8	0.427434	61456.2	18485.3	18484
O16	14895.1	0.383248	44575.6	4249.69	4249.23
Si28	26053.2	0.129674	83744.5	34626.1	34625.6
O16	14895.1	0.397799	82298.7	33700.6	33699.7
Mg24	22335.8	0.130008	49761.1	10577	10576.7
O16	14895.1	0.267254	69770.2	23813.6	23812.6
O16	14895.1	0.207396	45856.9	6717.83	6717.55
O16	14895.1	0.197959	93084	40012.3	40011.9
Si28	26053.2	0.135009	87714.3	35796.3	35794.7
O16	14895.1	2.54287	54775.7	10900.9	10898.2
Mg24	22335.8	0.267411	81044.4	31819.3	31818.9
O16	14895.1	1.01169	42441.7	1193.57	1192.49
O16	14895.1	0.190334	74081.1	28862.4	28862.2
O16	14895.1	0.272028	40926	6534.92	6533.63
O16	14895.1	0.355323	38565.5	3872.59	3872.03
Si30	27913.2	0.159017	95487.4	43445.9	43445.3
Si28	26053.2	0.181387	83844	36105.4	36105.2
O16	14895.1	0.376974	50399.2	11777.3	11776.7
O16	14895.1	0.198935	95884.8	43796	43794.3
O16	14895.1	0.560972	84200.4	36794.9	36793.6
O16	14895.1	0.268462	75265.9	29759.8	29759.1
O16	14895.1	0.209156	44514	6688.48	6688.25
Si28	26053.2	0.202953	36836.8	2083.52	2083
Si28	26053.2	0.115556	91151.1	40370.4	40369.2
Si28	26053.2	0.369141	62682.8	19852.3	19851.6
Si28	26053.2	0.11587	51529.7	7514.82	7514.45
O16	14895.1	0.615306	45798.6	3506.66	3506.03
Si28	26053.2	0.179392	60942.2	17673.1	17672.8
O16	14895.1	0.6236	70119.7	24636.3	24635.7
Si28	26053.2	0.127743	40209.8	3192.89	3192.69
neutron	939.565	7.60366	99233.2	45728.9	45215.5
alpha	3727.38	2.46489	99233.2	45728.9	45215.5
O16	14895.1	5.29944	99233.2	45728.9	45215.5
Mg24	22335.8	0.166703	73791.2	22090	22088.7
O16	14895.1	0.310859	75015.1	28516.9	28516.3
Si28	26053.2	0.144502	52239.1	12099.6	12098.8
Si28	26053.2	0.120701	47064.9	6893.37	6892.82
Mg24	22335.8	0.235065	44625.5	5397.5	5397.1
Si28	26053.2	0.156382	76566.1	28213.3	28212.7
O16	14895.1	0.278105	72611.8	25054.7	25054
Si28	26053.2	0.129444	62338.3	17800.4	17800
O16	14895.1	0.194715	60305.9	16573.6	16573.3
O16	14895.1	0.486755	56797.4	14004.5	14003.9
Mg24	22335.8	0.227765	93380.5	42057.2	42056.8
Si28	26053.2	0.126167	86665.7	37963	37962.8
O16	14895.1	0.394786	85833.8	37410.1	37408.8
O16	14895.1	0.672515	82531.3	34683.7	34682.7
O16	14895.1	0.217731	68672.2	25602.3	25601.9
Mg24	22335.8	0.361176	66085.7	20722.9	20722.5
Si28	26053.2	0.400189	57719.1	14604.9	14604
O16	14895.1	0.782828	90188.7	39565.9	39565.1
O16	14895.1	0.322136	99553.3	46155.9	46155.6
Si28	26053.2	0.319743	88005.3	38598.8	38598.3
O16	14895.1	0.197152	37152.7	1155.58	1154.91
Mg24	22335.8	0.321747	96413.8	43896.2	43894.7
O16	14895.1	0.41016	95795.6	43866.8	43866.3
Si28	26053.2	0.163775	52891.2	15546.6	15546.2
Mg24	22335.8	0.289075	50588.6	14144.2	14143.8
O16	14895.1	0.250206	55589.8	12617.2	12616.9
O16	14895.1	0.576402	92618.1	41510.9	41510.1
O16	14895.1	0.745221	73952.7	29487.6	29486.8
Si28	26053.2	0.266535	99790.1	46270.2	46269.6
Mg26	24196.5	0.125297	93901.3	42296.2	42295.1
Mg24	22335.8	0.216422	72391.9	24668.5	24668.3
Fe56	52089.8	0.0798643	68875.7	24574.4	24573.7
Si28	26053.2	0.151634	36036.2	988.374	988.208
O16	14895.1	0.231308	78546.7	25082.4	25082
O16	14895.1	0.206559	77317.5	24366	24365.6
O16	14895.1	0.205652	92904.2	40132.5	40131.6
O16	14895.1	0.236003	72339	23129.8	23129.2
O16	14895.1	0.193605	68397.4	23927.2	23926.8
O16	14895.1	0.242367	49549.2	12112.4	12111.8
O16	14895.1	0.227969	90316.6	39512.7	39512.1
Si28	26053.2	0.170775	84559.7	35470.5	35470.2
Mg24	22335.8	0.226347	80997.3	33271.5	33271.3
O16	14895.1	0.367889	42707.6	7755.14	7754.28
Si29	26984.3	0.161727	97914.5	45130.4	45129.8
O16	14895.1	0.449321	74090.3	28336.3	28335.8
O16	14895.1	0.471925	71774.5	26913.9	26913.1
O16	14895.1	0.239697	63493.7	21418.8	21418.1
O16	14895.1	0.225638	58844.8	18362.2	18361.8
O16	14895.1	0.347348	46901.5	10062	10060.9
O16	14895.1	0.216002	84295.4	35228	35227.5
neutron	939.565	31.4168	74089.7	24481.4	24122.4
neutron	939.565	4.07373	74089.7	24481.4	24122.4
neutron	939.565	1.31416	74089.7	24481.4	24122.4
Ne20	18617.7	0.640447	74089.7	24481.4	24122.4
O16	14895.1	0.317887	73622.4	24954.4	24953.8
Si28	26053.2	0.172328	52989.8	11158.3	11157.5
Mg24	22335.8	0.148568	47646.6	7408.16	7407.89
O16	14895.1	0.327586	46752.6	6882.88	6882.47
Si28	26053.2	0.141788	94698.8	42810	42809.6
Si29	26984.3	0.135564	87375.2	37110.4	37110
O16	14895.1	0.928974	90612.8	39618.9	39617.3
O16	14895.1	0.522401	88490.9	38115.5	38115
neutron	939.565	129.048	82712.1	34129.9	33904.9
C12	11174.9	8.3657	82712.1	34129.9	33904.9
O16	14895.1	0.70947	73934.8	27281	27280.2
Si28	26053.2	0.219824	67739.8	14720.5	14720.2
O16	14895.1	0.210866	52355	4403.06	4402.74
Si28	26053.2	0.381344	88408.2	36417.4	36416.2
O16	14895.1	0.295823	66495.6	21412.1	21411.6
Si28	26053.2	0.312099	53145	12172.4	12172
neutron	939.565	106.01	47761	8645.53	8423.13
C12	11174.9	1.22669	47761	8645.53	8423.13
Si28	26053.2	0.180747	61262.7	19551.1	19550.7
Mg24	22335.8	0.24859	92082.4	40676	40674.8
O16	14895.1	0.205838	61042.2	3959.78	3959.57
Si28	26053.2	0.151572	94768.9	43011.8	43009.9
O16	14895.1	0.318342	40349.2	2922.06	2921.49
Si28	26053.2	0.11583	83577.6	27038.7	27037.9
Si28	26053.2	0.126839	81080.6	25374.9	25374.4
O16	14895.1	0.505658	64693	14923.1	14921.9
O16	14895.1	0.202389	55270.9	8968.57	8968.26
O16	14895.1	0.269513	50898.5	5879.6	5879.24
O16	14895.1	0.975741	45020.6	1764.09	1762.84
Mg24	22335.8	0.145804	97686.2	44909.4	44908.8
O16	14895.1	0.221051	87206.7	37743.7	37743.5
Si29	26984.3	0.177791	48922.9	10564.1	10563.5
Fe56	52089.8	0.163094	90168.9	39420.9	39420.7
O16	14895.1	0.368875	77546.4	30995.5	30994.9
O16	14895.1	0.355573	65268	21340.6	21338.7
neutron	939.565	226.986	69265.9	25065.8	24441.7
N14	13040.2	0.934415	69265.9	25065.8	24441.7
O16	14895.1	0.317705	62434.1	19520.8	19520.4
neutron	939.565	2.82079	68531.8	22997.7	22686.9
C13	12109.5	0.25607	68531.8	22997.7	22686.9
Mg24	22335.8	0.206417	38376.1	2466.11	2465.88
Fe56	52089.8	0.0644116	36687.9	1516.25	1516.03
Mg24	22335.8	0.224511	75268.1	27430.4	27429.8
Mg24	22335.8	0.214247	33520.8	205.541	204.847
Si29	26984.3	0.322572	86401	37410.1	37409.8
O16	14895.1	0.682722	61361.4	20987.6	20985.7
O16	14895.1	0.330031	60443.8	20467.7	20467.4
O16	14895.1	0.208925	85662.4	36856.1	36855.6
Si28	26053.2	0.178832	79203.6	32963.3	32963
Si28	26053.2	0.442801	60347.2	18305.6	18304.9
O16	14895.1	0.324994	44315.6	6047.65	6046.21
Si28	26053.2	0.483378	69562.1	25768.3	25767.8
Si28	26053.2	0.218986	66352.3	23285.6	23285.2
O16	14895.1	0.291089	49921	12189	12188.4
Si28	26053.2	0.111067	54438.2	8513.34	8513.15
Si29	26984.3	0.155036	97286.8	43013.6	43013.4
Mg26	24196.5	0.130427	59787.1	7297.03	7296.59
neutron	939.565	52.5596	76068	30819.3	29110.1
neutron	939.565	8.44391	76068	30819.3	29110.1
Ne22	20479.7	1.98763	76068	30819.3	29110.1
O16	14895.1	0.216185	71524.6	26004.8	26004.5
O16	14895.1	0.302114	39846.3	1521.92	1521.59
Si28	26053.2	0.219436	82423.3	34720.1	34719.6
Si28	26053.2	0.140448	43711.6	4646.2	4645.83
O16	14895.1	0.374805	82752.1	34072.2	34071.7
Mg24	22335.8	1.3928	33179.3	1205.09	1203.44
Si28	26053.2	0.5467	91293.7	38955.9	38955.3
Si29	26984.3	0.153423	72773.5	25852	25851.6
O16	14895.1	0.494845	74324.5	22574.1	22573.3
O16	14895.1	0.506177	72711.3	20810.4	20809.6
Si28	26053.2	0.147344	89860	32424.9	32424.3
Si28	26053.2	0.155986	78805.3	31373.5	31373
Fe56	52089.8	0.101461	73152.2	27398	27397
O16	14895.1	0.408838	62970.5	20395.1	20394.6
neutron	939.565	252.865	56111.4	15098.6	14716.1
neutron	939.565	12.6142	56111.4	15098.6	14716.1
Mg24	22335.8	4.99997	56111.4	15098.6	14716.1
O16	14895.1	0.199076	95586.8	42522.8	42521.2
Si28	26053.2	0.15444	99689.8	46222.1	46221.5
O16	14895.1	0.327046	62151.3	11829.5	11829.2
Mg24	22335.8	0.324994	49904.3	3818.75	3818.2
Mg24	22335.8	0.294351	94052	8963.87	8963.55
O16	14895.1	0.443064	86169.3	3573.92	3573.18
O16	14895.1	0.212729	80553.3	28379.1	28378.6
Mg24	22335.8	0.160723	41807	2044.51	2043.87
O16	14895.1	0.212496	63715	18525	18524.8
O16	14895.1	2.22938	51691.4	10721.9	10719.1
Mg24	22335.8	0.16403	38823.7	2342.26	2341.82
Si28	26053.2	0.128417	96050.1	43902.1	43901.4
O16	14895.1	0.275297	94090.3	42623.8	42623.2
Mg24	22335.8	0.470236	79783.8	32703.4	32702.5
Si28	26053.2	0.164629	55261.6	16085.2	16084.9
O16	14895.1	0.396591	95722.6	43719	43718.5
Si29	26984.3	0.11268	95569.2	43639	43638.8
neutron	939.565	716.984	94919	43255.3	41409
N14	13040.2	0.579218	94919	43255.3	41409
O16	14895.1	0.218075	79634.4	28082.6	28082.1
Mg26	24196.5	0.271714	75326.2	25104.8	25104.3
O16	14895.1	0.22728	71711.7	22510.1	22509.7
O16	14895.1	0.347324	49135	7914.33	7913.95
neutron	939.565	2127.8	85162.1	32921.4	24922
neutron	939.565	3.1595	85162.1	32921.4	24922
alpha	3727.38	2.14868	85162.1	32921.4	24922
O16	14895.1	12.9778	85162.1	32921.4	24922
O16	14895.1	1.51081	83989.8	24026.9	24024.4
Si28	26053.2	0.111649	50922	1083.07	1082.53
Mg24	22335.8	0.482885	99721.8	46259.9	46259.3
Si28	26053.2	0.176394	48453.1	10871.4	10870.8
Si28	26053.2	0.141707	78098.2	30459.6	30459.4
O16	14895.1	0.484514	52160.4	11681.5	11680.8
Si28	26053.2	0.351346	67611	22485.8	22484.6
Mg24	22335.8	0.158024	64067.9	13548.4	13548.1
O16	14895.1	0.260234	55528.9	7918.48	7918.07
Mg26	24196.5	0.846619	53860.5	6843.16	6841.33
Mg24	22335.8	0.530458	38047.9	4586.83	4586.09
O16	14895.1	0.196732	33371.7	1588.54	1588.32
neutron	939.565	123.355	94929.9	42254.9	41985
neutron	939.565	7.21047	94929.9	42254.9	41985
C12	11174.9	1.50937	94929.9	42254.9	41985
Si28	26053.2	0.130688	49027.1	7915.98	7915.81
Mg24	22335.8	0.21656	82474.9	33511.4	33511
O16	14895.1	3.0008	71602.5	25206.5	25203.4
Mg24	22335.8	0.146121	69835.8	24135.2	24135
O16	14895.1	0.215107	64799.4	21063.3	21063.1
Si28	26053.2	0.148005	42444.2	4659.58	4659.26
O16	14895.1	0.428553	40738.2	3509.57	3508.19
Si30	27913.2	0.371067	56871.2	12754	12752.4
Si28	26053.2	0.197346	52257.4	9925.4	9925.11
O16	14895.1	0.495441	50990	8974.35	8973.1
O16	14895.1	0.222105	91451.4	41030.9	41030.5
Mg25	23268	0.148143	35168.5	1035.01	1034.69
O16	14895.1	0.297317	87343.8	36720.7	36720.2
Si28	26053.2	0.134448	47212.7	7741.36	7741.16
neutron	939.565	10.4555	42073.5	2996.18	2699.4
neutron	939.565	6.53526	42073.5	2996.18	2699.4
neutron	939.565	3.99325	42073.5	2996.18	2699.4
O16	14895.1	4.41081	42073.5	2996.18	2699.4
Si28	26053.2	0.110953	68784.8	18226.2	18225
Si28	26053.2	0.196464	50065.8	9787.03	9785.96
Si28	26053.2	0.159962	81506.9	32687.5	32686.5
Si28	26053.2	0.122463	41671.9	4195.31	4194.83
O16	14895.1	0.497301	52312.9	13942.7	13941.6
O16	14895.1	0.317889	97316.6	44666.4	44665.8
O16	14895.1	0.284001	85381.8	36119.7	36119.4
Si29	26984.3	0.654329	80551.3	32314	32313.3
Si28	26053.2	0.245676	56453.3	16531.8	16531.2
Si28	26053.2	0.266032	51270.2	11434.8	11434.1
O16	14895.1	0.405822	70976.9	23527.6	23525.7
Si28	26053.2	0.146785	70574.8	23073.1	23072.9
O16	14895.1	0.217742	63106.6	17552.9	17552.4
Fe56	52089.8	0.385246	44996.4	5840.02	5839.49
O16	14895.1	0.210271	80823.1	32915.3	32914.8
O16	14895.1	0.505953	80635.1	32786.1	32784.4
O16	14895.1	0.196574	58818	17793.5	17792.9
Si28	26053.2	0.113199	56332.1	8896.28	8894.96
Mg24	22335.8	0.259174	47023.2	2882.64	2881.12
neutron	939.565	2.82352	79565.8	28135.9	27779.5
neutron	939.565	1.0387	79565.8	28135.9	27779.5
C12	11174.9	10.6973	79565.8	28135.9	27779.5
Si28	26053.2	0.152511	90626.7	40790.4	40790
Si29	26984.3	0.173875	82831.9	35233.6	35233.4
O16	14895.1	0.363255	47954.4	10344.2	10343.8
Mg24	22335.8	0.249679	96790.1	44387.2	44386.3
Mg26	24196.5	0.139813	94240.2	42778.3	42777.8
O16	14895.1	0.253449	88275	38474.3	38474
O16	14895.1	0.640095	76536.2	30366.3	30365.6
O16	14895.1	0.408717	60825	16750.7	16749.7
Si28	26053.2	0.778738	43799.8	5234.52	5233.36
Si29	26984.3	0.220773	47947.8	9876.54	9876.21
O16	14895.1	0.600418	80861.6	30117.7	30117.1
Si28	26053.2	0.262394	96891.3	44541.3	44541
O16	14895.1	0.778366	66492.3	22993.7	22992.7
Si28	26053.2	0.166548	61500.6	19784	19783.4
O16	14895.1	1.96458	98022.7	45136.9	45134.9
Si28	26053.2	0.165891	99256.2	45924.8	45923.7
O16	14895.1	1.48414	95715.6	43497.4	43495.9
O16	14895.1	0.216525	78864.3	33031.6	33031.2
Si28	26053.2	0.227631	87829	35820.7	35820.2
Mg24	22335.8	0.184262	85486.6	34301.6	34301.3
Mg24	22335.8	0.405101	70055.1	23447.4	23446.1
O16	14895.1	0.571731	59597	18919.2	18918.3
O16	14895.1	0.313232	55770.9	14695.4	14695
O16	14895.1	1.64271	47644.7	9159.06	9156.84
Mg24	22335.8	0.150012	86810.8	33893.4	33893
Si28	26053.2	0.151644	86304.1	33573	33572.6
Si28	26053.2	0.38382	77663.7	27581.6	27580.8
O16	14895.1	0.292963	37633.9	67.7968	67.2896
Si28	26053.2	0.4376	83803	35666.5	35443.1
O16	14895.1	0.930914	79288.1	29755	29753.8
O16	14895.1	0.87781	53288.7	11457	11456
O16	14895.1	0.295014	87140.4	35835.9	35835.4
Fe56	52089.8	0.0709079	58346.5	13301.9	13301.8
neutron	939.565	12.2348	92914	41410	41040.9
Ne22	20479.7	1.40971	92914	41410	41040.9
Si28	26053.2	0.325299	78388	31093.8	31093
Mg25	23268	0.194471	42971.9	6609.75	6609.18
Mg24	22335.8	0.270453	63389.8	18716.7	18716.1
O16	14895.1	0.193343	49113.5	7919.46	7918.94
O16	14895.1	0.256719	95769.6	43652.7	43652.5
O16	14895.1	0.398749	90338	39641.2	39640.5
O16	14895.1	0.2059	50879.9	12964.3	12964
Mg24	22335.8	0.132136	47464.8	9775.96	9775.74
O16	14895.1	0.284245	78606.9	23628.4	23627.9
Mg24	22335.8	0.189462	98053.9	45225.3	45224.8
O16	14895.1	0.524188	51324.1	13166.8	13166.3
O16	14895.1	0.229089	49388.1	11902.2	11901.9
Mg24	22335.8	0.195477	31950.4	935.99	935.365
O16	14895.1	0.414519	80781.7	33821.5	33820.9
Mg24	22335.8	0.225592	79338.8	32933.8	32933.5
O16	14895.1	0.524334	42173.1	785.738	784.753
O16	14895.1	0.190875	41820.5	598.475	597.938
neutron	939.565	2.23991	95008.7	42523.6	42176.8
C13	12109.5	1.27242	95008.7	42523.6	42176.8
Mg24	22335.8	0.183801	43975.4	8760.82	8760.25
neutron	939.565	9.04831	96643.2	43124.8	42839.9
neutron	939.565	4.85717	96643.2	43124.8	42839.9
C13	12109.5	6.40178	96643.2	43124.8	42839.9
O16	14895.1	0.210076	67562.8	22162.2	22161
Si28	26053.2	1.11048	93566.5	42004.1	42002.2
O16	14895.1	0.477715	89974.2	39838.4	39837.6
Si28	26053.2	0.358784	92828.1	41709.1	41708.5
Si28	26053.2	0.113992	65204.2	21051	21050.9
O16	14895.1	0.421913	44500.7	7816.24	7815.56
Si28	26053.2	0.526471	44428.6	7782.4	7781.61
Si30	27913.2	0.245273	35775.9	1974.01	1973.37
O16	14895.1	0.744236	47072.8	8280.86	8279.77
O16	14895.1	0.191697	45359.6	6158.63	6157.53
Si28	26053.2	0.123952	37645.8	1180.34	1179.66
Mg24	22335.8	0.141746	66356	18697.7	18697.2
O16	14895.1	0.267433	63565.9	16842.3	16841.4
Si28	26053.2	0.115003	98037.5	45242.9	45242.8
Mg24	22335.8	0.13015	94089.4	42759.3	42758.9
neutron	939.565	18.4912	84921.8	35240.1	34970.4
N15	13968.9	0.721421	84921.8	35240.1	34970.4
O16	14895.1	0.209766	80965.9	32559.7	32559.5
O16	14895.1	0.214057	90359.9	39884.1	39883.6
Si28	26053.2	0.175768	44464.3	3278.34	3277.74
Mg24	22335.8	0.128543	41220.7	1173.4	1173
O16	14895.1	0.248131	71154	21599.5	21598.7
O16	14895.1	0.247937	86078.9	35336.9	35336.2
O16	14895.1	0.447759	42482	5765.13	5763.77
O16	14895.1	0.210746	83600.3	32830	32829.4
O16	14895.1	0.323391	78771.7	28000.1	27999.3
Mg24	22335.8	0.325637	55325	10548.9	10548.5
O16	14895.1	0.295587	70692.5	21657.5	21657
Si28	26053.2	0.212017	56692.4	7988.38	7987.93
neutron	939.565	82.9898	88969.4	38840.8	38375.8
neutron	939.565	29.4936	88969.4	38840.8	38375.8
alpha	3727.38	6.46053	88969.4	38840.8	38375.8
alpha	3727.38	7.67827	88969.4	38840.8	38375.8
C12	11174.9	0.972432	88969.4	38840.8	38375.8
Si28	26053.2	0.441972	37579.4	254.735	254.286
neutron	939.565	113.931	98053.9	45207.5	44769.3
neutron	939.565	73.7815	98053.9	45207.5	44769.3
Ne21	19550.5	0.53685	98053.9	45207.5	44769.3
O16	14895.1	0.317816	88025.7	35240.2	35239.1
Mg24	22335.8	0.128277	70308.6	23071.6	23071.2
Mg24	22335.8	0.163725	38589.6	1481.23	1480.82
Si28	26053.2	0.317812	51114.8	8710.22	8709.87
O16	14895.1	0.249213	84984.6	32652.7	32652.2
Mg24	22335.8	0.411558	78489.5	28005	28004.2
O16	14895.1	0.223823	50807.6	10655.4	10654.4
O16	14895.1	0.473158	45125.7	7209.89	7208.91
O16	14895.1	0.322872	99592.1	46150.4	46149.6
O16	14895.1	0.908494	57753.6	15528.2	15527.3
Mg24	22335.8	0.135573	35604.4	1006.31	1005.89
O16	14895.1	0.271021	49421.5	8822.92	8822.4
O16	14895.1	0.350437	94048.7	41905.5	41904.7
Si28	26053.2	0.145774	77922.8	29880.9	29880.8
Fe56	52089.8	0.0775797	67924.3	23307.5	23307.3
neutron	939.565	1.52312	50858.1	9475.11	8217
N14	13040.2	1.04685	50858.1	9475.11	8217
Si28	26053.2	0.134999	85694.9	27943.9	27943.7
Si28	26053.2	0.557176	79537.3	23341.2	23340.2
Si29	26984.3	0.160592	69113.5	21537.2	21536.2
O16	14895.1	0.536408	37950	3733.83	3733.09
O16	14895.1	0.661194	64581.7	20118.7	20117.7
Mg24	22335.8	0.439652	53189.2	9932.89	9932.44
Mg24	22335.8	0.1267	88345	37152.5	37152.2
Fe56	52089.8	0.147464	84945.9	34806.8	34806
Si28	26053.2	0.275784	60191	14121.5	14119.9
neutron	939.565	0.990295	54589.2	14781.6	14427.5
Mg25	23268	0.0258539	54589.2	14781.6	14427.5
Mg24	22335.8	0.317369	54203.6	14155.6	14155.3
O16	14895.1	0.337055	98403.8	45452.7	45451.9
O16	14895.1	0.211003	85463.9	35988	35987.4
Si28	26053.2	0.109727	67341.4	23682.6	23681.4
Mg25	23268	0.152169	98872.7	45666.1	45665.7
O16	14895.1	0.418207	94296.3	42449.3	42448
Mg24	22335.8	0.257835	88728.9	36707	36705.4
O16	14895.1	0.222374	71506.3	24688.6	24688.3
Mg24	22335.8	0.298132	81586.5	34091.1	34090.6
Si28	26053.2	0.403247	98912.2	45581.7	45580.8
O16	14895.1	0.232083	91859.2	40281.9	40281.6
O16	14895.1	1.19258	81984.6	33643.9	33642.5
O16	14895.1	0.335451	70448.9	25559.8	25559.2
O16	14895.1	0.535405	64245.1	20050	20049.4
Si28	26053.2	0.201443	54772.7	12382	12381
O16	14895.1	0.208178	65379.3	23778.6	23777.7
O16	14895.1	0.294767	32025.2	354.606	353.553
O16	14895.1	0.443984	89319	39360.1	39359.4
O16	14895.1	0.291736	70906.9	26803.4	26802.9
O16	14895.1	0.203076	70693	26570.6	26569.9
Fe56	52089.8	0.0656085	36201.7	2517.37	2517.26
O16	14895.1	0.411118	91250.2	40017.8	40017.2
Si28	26053.2	0.136112	54232.7	9446.08	9444.4
Fe56	52089.8	0.190539	73017.6	28655.7	28654.5
O16	14895.1	0.27415	66322.3	23850.1	23849.4
Si28	26053.2	0.246955	62617.3	21513.6	21513
Mg24	22335.8	0.348443	60301.1	20088.7	20088.2
O16	14895.1	0.84398	46283.3	7275.57	7274.54
Si28	26053.2	0.190598	41489.1	4424.61	4423.4
Si28	26053.2	0.122174	40567.2	3689.44	3687.96
O16	14895.1	0.834916	66460.5	21920.3	21919.5
Fe56	52089.8	0.0736444	55814.3	14539	14538.8
Si28	26053.2	0.179285	46798.4	8649.22	8648.89
O16	14895.1	1.67587	56694.3	13707.3	13705.5
O16	14895.1	0.565551	93703.1	42334.2	42333.5
O16	14895.1	0.28597	81979.7	33766.1	33765.6
O16	14895.1	0.381966	99123.8	45933.6	45932.9
Si28	26053.2	0.238147	83226.7	31316.8	31315
neutron	939.565	38.982	52831.4	11057.1	10567.1
N14	13040.2	1.81334	52831.4	11057.1	10567.1
Si28	26053.2	0.126705	42068.5	3847.45	3845.9
Si28	26053.2	0.151603	61414.2	11185.2	11185
Si28	26053.2	0.732045	53549	6045.34	6044.52
Si28	26053.2	0.410743	95760.4	43855.3	43854.6
O16	14895.1	3.04119	94736.9	43229.7	43226.6
Mg24	22335.8	0.53108	72541.6	25953.5	25952.8
neutron	939.565	893.385	66232.1	20933.1	19697.7
neutron	939.565	33.6358	66232.1	20933.1	19697.7
neutron	939.565	0.871071	66232.1	20933.1	19697.7
Ne21	19550.5	0.650166	66232.1	20933.1	19697.7
O16	14895.1	0.313404	65235.4	19016	19015.3
O16	14895.1	0.6304	49026.3	7478.22	7476.89
Si28	26053.2	0.396903	43159.4	3462.51	3460.49
O16	14895.1	0.198142	76874.3	30335.8	30334.5
O16	14895.1	1.7643	73262.2	22302	22299.8
O16	14895.1	0.237961	60927	13842.5	13842.1
Si28	26053.2	0.529528	70356	24467	24466.2
O16	14895.1	0.216401	68076.8	22869.5	22869.2
Fe56	52089.8	0.189793	89572.3	38716	38715.8
Si29	26984.3	0.11088	87154.6	37165.2	37165.1
alpha	3727.38	6.26068	57009.5	13340.6	12958.9
O18	16762	2.95292	57009.5	13340.6	12958.9
O16	14895.1	0.360054	98229.1	45323.3	45322.9
Mg24	22335.8	0.31965	91117.6	40306.8	40306.1
O16	14895.1	0.210566	63225.5	20593.3	20592.5
O16	14895.1	0.234668	40730.3	4774.71	4774.2
Fe56	52089.8	0.117075	42621.6	7669.79	7669.54
Mg24	22335.8	0.285502	39530.5	5866.54	5865.52
neutron	939.565	102.055	99689.8	46214.2	45995.9
neutron	939.565	35.7347	99689.8	46214.2	45995.9
alpha	3727.38	4.42891	99689.8	46214.2	45995.9
alpha	3727.38	14.6627	99689.8	46214.2	45995.9
alpha	3727.38	1.91456	99689.8	46214.2	45995.9
Mg26	24196.5	0.373785	85659.4	24780.6	24780.2
Si28	26053.2	0.1715	68292.1	12248	12247.2
O16	14895.1	0.354876	87753.2	38241.9	38241.3
O16	14895.1	0.19176	60091.4	17983.1	17982.5
Si28	26053.2	0.1464	33700.3	257.615	257.373
Mg24	22335.8	0.358579	79742.3	32224.5	32224.1
O16	14895.1	0.302401	73450	28244.7	28243.8
O16	14895.1	0.297241	34452.5	868.273	867.342
Si29	26984.3	0.328617	34254	756.746	756.39
Mg24	22335.8	0.687516	66563.3	23382.8	23382.1
Mg24	22335.8	0.211779	65087.3	22488.2	22487.8
neutron	939.565	49.3041	63965.4	21669.4	20272.2
Mg26	24196.5	3.75	63965.4	21669.4	20272.2
Mg24	22335.8	0.630549	61693.2	18258.7	18257.8
Mg26	24196.5	0.135658	36492.2	981.719	981.17
O16	14895.1	0.235474	96332.8	44173.4	44173.1
O16	14895.1	1.28734	91740.5	40348.9	40347.3
O16	14895.1	0.222295	77693.3	29127.7	29127.5
Mg24	22335.8	0.130271	62601.9	17896.9	17896.8
O16	14895.1	0.247454	49244.2	9217.7	9217.26
O16	14895.1	0.467956	87849.7	37737.3	37736.7
O16	14895.1	0.216351	69855.3	24597.3	24597
Fe56	52089.8	0.0595661	62102.3	19411.3	19411.2
Si28	26053.2	0.120742	46154.6	5000.34	5000.09
O16	14895.1	0.271464	73206.8	27345.8	27345.5
O16	14895.1	0.739485	68537.8	23980.9	23980
O16	14895.1	0.437041	67048.1	23118	23117.3
O16	14895.1	0.352669	58697.5	16320.7	16320
Mg24	22335.8	0.126199	91437.8	37670.9	37670.6
Si28	26053.2	0.140285	38052.1	69.955	69.289
Si28	26053.2	0.217356	91190.7	40287.3	40286.8
O16	14895.1	0.365817	76790.5	30184.5	30183.5
Si28	26053.2	0.175703	90432.4	40074.7	40074.5
Si28	26053.2	0.139794	58447.5	17877.5	17875.8
Mg24	22335.8	0.139757	71500.5	26022.1	26021.3
O16	14895.1	1.0018	38023.1	3514.18	3513.1
Si28	26053.2	0.199659	81247.5	34215.3	34215
O16	14895.1	0.219387	59640.4	19506.8	19505.9
Si28	26053.2	0.122932	47531.7	10590.5	10590.2
O16	14895.1	0.195354	43279.8	7838.8	7838.49
Fe56	52089.8	0.0549642	69314.4	23997.8	23997
O16	14895.1	0.946362	45004.5	7411.3	7410.06
O16	14895.1	0.605677	84318.7	34469	34468
O16	14895.1	0.238282	74788.8	27779.3	27778.7
O16	14895.1	0.529634	67439.4	23175.7	23175.1
Fe56	52089.8	0.0798077	66620.3	22250.4	22250
Mg25	23268	1.06894	61707.4	18685.2	18682.2
O16	14895.1	0.205921	36807.2	1109.8	1107.69
O16	14895.1	0.31896	82033.9	32120.7	32120.3
Mg24	22335.8	0.225262	57721.5	14676	14675.7
O16	14895.1	0.751566	89795.4	39590.8	39589.3
O16	14895.1	0.191447	50778.7	11008.5	11008.3
neutron	939.565	22.5057	78398.2	28019.7	24219.8
alpha	3727.38	4.26394	78398.2	28019.7	24219.8
Be8	7454.85	3.12005	78398.2	28019.7	24219.8
O16	14895.1	0.292793	65252.8	15654.7	15654.1
O16	14895.1	0.639913	51824.5	6606.59	6605.65
O16	14895.1	0.265696	52130.1	12081.9	12081.1
O16	14895.1	0.267124	75440.2	29326.1	29325.8
O16	14895.1	0.206997	53431.7	14389.3	14388.9
O16	14895.1	0.347034	48620	10987.6	10987.3
O16	14895.1	3.13832	51184.5	13192.9	13189.3
Mg24	22335.8	0.746307	77277.9	31417.4	31416.7
O16	14895.1	0.193324	68818.9	25056.9	25056.3
O16	14895.1	0.23738	36092.4	3153.43	3153.09
Mg24	22335.8	0.138937	33526.5	1582.33	1581.78
O16	14895.1	0.201259	93024	41520.9	41520.6
O16	14895.1	0.419721	72154.7	19536.6	19536.1
neutron	939.565	10.8737	67156.1	22848.1	22622.4
neutron	939.565	5.31802	67156.1	22848.1	22622.4
C13	12109.5	4.94595	67156.1	22848.1	22622.4
O18	16762	0.192531	57280.2	15925.1	15924.4
Mg24	22335.8	0.207098	79138.6	28702.2	28701.7
neutron	939.565	155.217	94474.4	42800	41395.1
neutron	939.565	30.2246	94474.4	42800	41395.1
neutron	939.565	7.7455	94474.4	42800	41395.1
alpha	3727.38	2.78313	94474.4	42800	41395.1
alpha	3727.38	3.1998	94474.4	42800	41395.1
neutron	939.565	401.704	82661.2	30908.1	30178.6
neutron	939.565	285.434	82661.2	30908.1	30178.6
C12	11174.9	0.489971	82661.2	30908.1	30178.6
O16	14895.1	0.282189	57722.2	16222	16221.3
Si28	26053.2	0.169763	66292.5	21724.7	21724.5
O16	14895.1	0.273753	54153.3	13042.9	13042.3
Mg24	22335.8	0.605818	53764.1	12809	12808.2
Si28	26053.2	0.130386	52275	11802.3	11801.9
Si28	26053.2	0.239552	71896.2	25698.2	25697.8
Mg24	22335.8	0.241377	50992.8	8701.22	8700.88
Si28	26053.2	0.116758	50516.4	8406.76	8406.1
O16	14895.1	0.321688	89495.8	38394.4	38393.9
O16	14895.1	0.261953	43128.2	2416.5	2415.17
Fe56	52089.8	0.197316	59056.9	10396.8	10396.1
Mg24	22335.8	0.168446	98730.7	45658	45656.7
O16	14895.1	0.30399	93436	41456.9	41456.5
O16	14895.1	3.50482	52276.5	10449.9	10446.3
Si28	26053.2	0.118951	39328.3	1788.46	1788.19
neutron	939.565	128.186	86099.3	37517.3	37079.3
O15	13971.2	0.216861	86099.3	37517.3	37079.3
O16	14895.1	0.191127	82664.8	34918.4	34917.6
Mg24	22335.8	0.148742	81272	33412.5	33412.2
Mg26	24196.5	0.176024	70327	24197.5	24197
Si28	26053.2	0.122801	68035.1	22801	22800.6
O16	14895.1	0.330319	61662.6	18229.3	18228.1
O16	14895.1	0.273237	91827.6	40350	40349.6
O16	14895.1	0.291102	66272.3	21102.7	21102.2
O16	14895.1	0.205674	82066.9	33790.8	33790
O16	14895.1	0.22082	76140.7	28892.6	28892.3
O16	14895.1	0.224876	53808.8	10897.4	10896.7
neutron	939.565	264.295	53573.5	10735.6	10331.3
neutron	939.565	98.4454	53573.5	10735.6	10331.3
C12	11174.9	0.297129	53573.5	10735.6	10331.3
Si28	26053.2	0.128377	99444.9	45831.7	45831.4
Si28	26053.2	0.11734	85921.1	33507.1	33506.8
Si28	26053.2	0.12921	63761.2	17596.4	17596.1
Fe56	52089.8	0.200252	49056.8	7321.84	7321.34
Mg24	22335.8	0.326998	87346.1	35778.8	35776.8
O16	14895.1	0.564117	50239.4	5665.15	5664.42
Si30	27913.2	0.20643	84915.9	32134.1	32133.6
Mg25	23268	0.126113	88408.7	38348.4	38348.2
Si28	26053.2	0.189809	98862.5	45707.1	45706.7
O16	14895.1	0.475232	46406.1	9320.75	9320.1
Si27	25130.8	0.0544666	78237.4	31192.9	30714.8
O16	14895.1	0.321813	62209.3	20113.3	20112.9
Si28	26053.2	0.156864	80174.8	28548.9	28548.3
O16	14895.1	0.448007	61679.2	14742.7	14742.2
O16	14895.1	0.265362	56253.7	11490.2	11489.7
O16	14895.1	0.816944	94185	42503.9	42503
Mg26	24196.5	0.359847	82394.1	33551.5	32406.1
Mg24	22335.8	0.272286	74253.3	24795.1	24794.6
O16	14895.1	0.499319	64524.9	17690	17689.3
Si28	26053.2	0.141148	58993.2	12883.5	12883.3
O16	14895.1	0.463901	98049.3	45079.4	45077.7
O16	14895.1	0.194889	63388.6	12961	12960.3
Si28	26053.2	0.194838	55683.6	7021.41	7020.82
O16	14895.1	0.408276	48535.1	2363.29	2361.78
O16	14895.1	0.39166	99785.9	46300.3	46299.9
Fe56	52089.8	0.0676556	78785.3	30073.1	30073.1
O16	14895.1	0.541819	91497.6	39522.3	39521.7
O16	14895.1	0.963922	46678.7	7008.27	7006.2
O16	14895.1	0.246639	56448.1	15364.3	15363.7
O16	14895.1	0.223613	98246.3	44901.6	44900.8
Mg24	22335.8	0.467288	57677.3	12474.2	12473.5
O16	14895.1	0.476353	72874.7	26920.7	26919.8
O16	14895.1	0.296908	45810.2	4887.85	4886.93
O16	14895.1	0.233464	60240.3	17569	17567.8
Mg24	22335.8	0.235831	35977.5	2275.48	2275.08
O16	14895.1	0.220067	88671.9	38080.6	38080.4
O16	14895.1	0.282181	68239.3	24844.6	24844.1
O16	14895.1	0.289549	57578.9	16400.6	16400.2
Mg24	22335.8	0.133538	38922.3	3610.64	3609.46
Si28	26053.2	0.177572	97642.4	44898.5	44898.1
O16	14895.1	0.236006	96183.6	43955.3	43954.7
O16	14895.1	0.259582	74054.9	28279.3	28278.7
O16	14895.1	0.699876	51763.3	9777.22	9776.28
O16	14895.1	0.630922	38755.1	1135.71	1134.94
O16	14895.1	0.234422	48713	9033.58	9033.33
Si28	26053.2	0.151906	89082.4	39464.5	39464.3
O16	14895.1	0.206779	42793.9	5341.16	5340.76
O16	14895.1	0.265101	52635	10023.5	10022.8
O16	14895.1	0.236282	40039.5	2347.43	2347.04
O16	14895.1	0.21132	76853.2	30244.1	30243.6
Si28	26053.2	0.596263	54283.7	14138.9	14137.8
Mg24	22335.8	0.145876	73185.6	26417.7	26417.4
Si28	26053.2	0.246151	69287.9	20924.5	20923.8
O16	14895.1	0.252595	48292.2	7197.89	7197.42
O16	14895.1	0.481253	42576.2	3489.15	3488.63
O16	14895.1	0.361877	84527.2	34967.6	34966.8
O16	14895.1	0.350415	66325.9	23559.8	23559
Si28	26053.2	0.118087	62448.8	12685.3	12685.1
Si28	26053.2	0.532322	48672.7	2337.8	2337.15
O16	14895.1	0.203503	45155.5	310.296	309.951
O16	14895.1	0.300619	67018.8	22471.8	22471.4
Mg24	22335.8	0.23889	55964.5	15149.7	15149.2
Mg24	22335.8	0.342634	99124	45881.6	45881.2
Si28	26053.2	0.509556	92310.2	41041.5	41040.9
O16	14895.1	0.256076	81799.6	34084.6	34084.2
O16	14895.1	0.525819	69388.5	26342.1	26341.5
O16	14895.1	0.191239	52544.2	14399.3	14399
Mg24	22335.8	0.214569	87326.9	36508.7	36508.3
Mg24	22335.8	0.262496	78776.7	30848	30847.7
Mg24	22335.8	0.306061	72803.3	26604	26603.6
Mg26	24196.5	0.166379	94636	43109.4	43108.8
Fe56	52089.8	0.0903165	93031.9	42163.8	42163.6
O16	14895.1	2.52421	61267.6	17975.7	17972.8
Si28	26053.2	0.109821	60894	17994.1	17993.7
Si28	26053.2	0.348035	95057.7	42450.8	42450.4
Si28	26053.2	0.112938	78441.2	30444.7	30444.2
Mg24	22335.8	0.234112	52760	12185.5	12185.2
Mg24	22335.8	0.543414	48635.5	9492.67	9492.13
Si28	26053.2	0.140601	68628.6	22008.9	22008.5
Mg24	22335.8	0.180175	91745.8	39205.6	39205
Si28	26053.2	0.418004	89414.1	37795.3	37794.8
Mg24	22335.8	1.09906	64115.2	20173.4	20172.1
O16	14895.1	0.225534	51282.9	11214.5	11213.5
O16	14895.1	0.213121	75481.9	25737	25736.5
O16	14895.1	0.283395	64940	18547.6	18547.3
Si28	26053.2	0.135954	59492.3	14541.9	14541.1
O16	14895.1	0.454562	92870.5	40470.9	40469.9
Fe56	52089.8	0.0852037	69907.4	23710.9	23710.7
O16	14895.1	1.20185	39888.5	728.321	726.816
Si28	26053.2	0.261334	93372.5	41493.8	41492.6
O16	14895.1	1.02149	71232.9	12708.4	12707
O16	14895.1	0.273046	70637.8	12367.5	12366.3
O16	14895.1	0.788811	38353.8	2769.93	2768.8
Si28	26053.2	0.325913	89191.1	38251	38249.4
O16	14895.1	0.204868	57924.4	15828.5	15828.1
Mg24	22335.8	0.162516	58762	16291.4	16291
O16	14895.1	0.26725	91048.5	38717.1	38716.3
Mg24	22335.8	0.596649	37665	322.848	321.738
O16	14895.1	0.282463	93588.9	42513.9	42512.6
O16	14895.1	0.210032	88635.9	38960.8	38960
Mg24	22335.8	0.139646	50650.3	12447.1	12446.8
O16	14895.1	0.207108	39302.5	4262.66	4262.38
O16	14895.1	0.355307	92953.7	41076.6	41076.1
O16	14895.1	0.194776	65141.5	16806.9	16806.2
Fe56	52089.8	0.184073	61206.4	14175.9	14175.1
O16	14895.1	0.407337	51565.1	7491.03	7489.32
Si28	26053.2	0.168829	79463.3	32486.4	32486.2
O16	14895.1	0.421857	56783.6	14187.8	14187.2
neutron	939.565	207.471	59867	13682.5	13296.4
C13	12109.5	0.476355	59867	13682.5	13296.4
O16	14895.1	0.428948	90666.1	38265.5	38265
Si29	26984.3	0.140158	84357.2	34158.6	34158
Si29	26984.3	0.142172	71446.8	25568.2	25567.6
O16	14895.1	0.229531	65674.3	21742.9	21742.4
O16	14895.1	0.335486	39863	5834.49	5833.57
Si28	26053.2	0.423506	73289.3	25455.9	25454.3
O16	14895.1	0.297664	66319.3	20431.8	20431.2
O16	14895.1	0.1959	47583.5	7671.85	7671.05
O16	14895.1	0.338158	45366.6	5654.15	5653
Si28	26053.2	0.331057	61930.5	18928	18927.5
O16	14895.1	0.660412	52116	12207.2	12206.3
neutron	939.565	2.47702	48031.4	9332.59	8985.41
N14	13040.2	2.73762	48031.4	9332.59	8985.41
Si28	26053.2	0.198417	90922.1	40618.5	40617
O16	14895.1	0.281187	85431.6	36967.3	36966.2
Si28	26053.2	0.290972	35536.4	2343.86	2343.4
O16	14895.1	0.528375	38922.4	4578.16	4577.46
Fe56	52089.8	0.28871	37112.5	2906.58	2906.19
O16	14895.1	0.385486	88680.9	39119.5	39118.5
O16	14895.1	0.601488	82086.7	31058.5	31057
O16	14895.1	0.22935	59954.9	15249	15248.7
O16	14895.1	0.21635	54138.8	15161.4	15160.9
O16	14895.1	0.489398	51491.1	12602.8	12602.3
O16	14895.1	0.220728	33380.9	465.633	464.612
O16	14895.1	0.20506	55459.4	14371.5	14370.7
O16	14895.1	0.258445	54015.9	10061.1	10060.7
Mg24	22335.8	0.205174	52137.2	11811.2	11810.5
O16	14895.1	0.599958	57603.6	1485.2	1484.46
Si28	26053.2	0.312564	82015.2	33606.9	33605.1
O16	14895.1	0.209444	32934	1720.9	1720.5
O16	14895.1	0.421417	87887.3	37230.2	37229.3
Mg24	22335.8	0.169434	54913.6	8535.75	8534.37
neutron	939.565	89.6289	63318.1	17546	17316.4
Mg25	23268	0.26214	63318.1	17546	17316.4
O16	14895.1	0.553387	56854.6	15503.8	15502.9
O16	14895.1	0.244411	51112.5	11558	11556.8
Fe56	52089.8	0.0591226	35472	771.943	771.804
Mg24	22335.8	0.655134	93356	42206.2	42205.5
O16	14895.1	0.911259	50768.4	8421.96	8421.01
O16	14895.1	0.25959	47552.5	6318.5	6317.98
Mg24	22335.8	3.10945	35655.2	4022.13	4018.63
O16	14895.1	0.744661	34780.4	3485.69	3484.58
O16	14895.1	0.555938	76639.7	29984.1	29983.5
O16	14895.1	0.878674	70224.1	25988.6	25986.7
Mg24	22335.8	0.330133	69577.7	25456.4	25455.6
Fe54	50231.2	0.102398	63541.3	19726.3	19726.2
Si30	27913.2	0.133993	57613.7	15561.3	15561
O16	14895.1	0.224045	96840.1	44092	44091.6
O16	14895.1	0.602889	48261.2	11131.5	11130.2
O16	14895.1	0.23276	47846.5	10891.7	10890.9
O16	14895.1	0.375446	47437	10624.3	10623.6
Mg24	22335.8	0.173961	39881.3	3788.92	3788.49
O16	14895.1	0.210573	88029.6	36950.2	36949.8
O16	14895.1	0.607708	98559.4	45517.5	45516.6
O16	14895.1	0.434896	81081.6	34039.2	34035.9
O16	14895.1	0.228614	70928.7	24764.6	24764.1
B13	12123.4	1.24715	68147.6	22819.6	19867.9
Fe56	52089.8	0.0544053	89209.8	39078.4	39078.2
O16	14895.1	0.198142	77475.7	30587.8	30587.4
O16	14895.1	0.680957	39120.3	4559.84	4558.83
Si29	26984.3	0.118969	88452.1	38128.1	38127.8
Mg24	22335.8	0.291911	71904.7	25202.9	25202.3
O16	14895.1	1.58574	90269.1	39064.1	39061.9
O16	14895.1	0.715176	61470.6	19639.1	19637.9
Si28	26053.2	0.32607	48515.4	8314.52	8312.96
O16	14895.1	1.15826	84594.7	35516.8	35515.5
neutron	939.565	86.1669	82404.5	34053.4	33609.6
Mg25	23268	12.9597	82404.5	34053.4	33609.6
Mg24	22335.8	0.176472	34769.6	219.649	219.442
O16	14895.1	0.241482	96839.2	43979.8	43979.1
O16	14895.1	0.201023	62409.7	20145.9	20145.4
Si28	26053.2	0.185739	35253.7	3733.27	3732.47
O16	14895.1	0.250918	85853.3	37123.9	37123.3
O16	14895.1	0.341561	57110.9	17167.8	17166.9
O16	14895.1	0.454997	48340	11026.8	11026.2
Si28	26053.2	0.188485	59649.7	10637.4	10636.7
O16	14895.1	0.25598	61330.1	19605	19603.8
Mg24	22335.8	0.243292	61099.8	19635.5	19634.9
Si28	26053.2	0.289815	52275.4	13588	13587.5
O16	14895.1	2.15212	38294.3	4181.28	4178.59
O16	14895.1	0.215944	94881.1	42700.6	42700
O16	14895.1	0.272139	82364.9	34420.1	34419.8
O16	14895.1	0.409212	61850.2	16599.3	16598.8
O16	14895.1	0.371312	54717	11897	11896.6
neutron	939.565	1.47518	91164.6	40434.3	39652.7
Ne21	19550.5	0.204821	91164.6	40434.3	39652.7
Mg24	22335.8	0.137552	59637.5	19144.8	19144.4
O16	14895.1	0.324471	51978.3	13743.3	13742.7
O16	14895.1	0.243374	47820.2	10969.4	10968.6
Si28	26053.2	0.539227	58083.2	15396	15395.4
Si28	26053.2	0.206921	96317.4	43924.6	43924.2
O16	14895.1	0.200919	99480.8	46102.5	46102.3
Fe56	52089.8	0.132759	96446.6	44137.5	44135.9
O16	14895.1	0.252799	92706.2	39962.8	39962.3
Mg24	22335.8	1.19983	90650	38303.5	34710.1
Si28	26053.2	0.114753	81873	29076.3	29075.6
Si28	26053.2	0.173372	77238.6	28814.2	28814.1
Mg24	22335.8	0.237068	58681.1	7419.41	7419.11
O16	14895.1	3.10242	95572	43634.2	43630.5
Mg25	23268	0.16153	80746.2	33088.7	33088.5
O16	14895.1	0.201973	49794.9	9452.61	9452.36
Mg24	22335.8	0.225708	44103.5	5738.79	5738.55
O16	14895.1	0.417807	71100.2	25567.9	25567
Mg26	24196.5	0.170572	69019.7	24157.4	24157.2
O16	14895.1	0.24656	60255.1	16944.7	16944.2
Si29	26984.3	0.148577	56335.5	14250.5	14249.7
Si28	26053.2	0.12217	83072	31687.4	31687.2
Si29	26984.3	0.248087	76475.5	27282.3	27282.1
Mg24	22335.8	0.315095	98197.5	42097	42096.2
O16	14895.1	0.270691	97814.2	45117	45116.7
O16	14895.1	0.224917	61752.3	18822	18821.6
O16	14895.1	0.258786	61703.5	18794.1	18793.6
O16	14895.1	0.332297	88231.4	38360.6	38360.2
neutron	939.565	0.644221	87668.2	38010.4	36432.7
C13	12109.5	0.48341	87668.2	38010.4	36432.7
O16	14895.1	0.236238	84845.7	34644.9	34644.2
O16	14895.1	0.242152	82600.3	33245.9	33245.5
O16	14895.1	0.218479	69206.1	24533.5	24533.2
alpha	3727.38	6.03964	48067.5	9468.06	9243.39
C12	11174.9	2.57196	48067.5	9468.06	9243.39
Mg24	22335.8	0.141583	96262.4	44090.4	44089.9
O16	14895.1	0.281592	80866.7	33924.6	33923.9
Si28	26053.2	0.11118	52047.6	12944.8	12944.7
Si28	26053.2	0.137525	94424.8	42913.6	42913.3
Mg24	22335.8	0.382016	62255.6	17215.9	17215.4
Si29	26984.3	0.173153	46707	6144.29	6144.03
Si30	27913.2	0.154369	92868.9	31580.5	31579.5
O16	14895.1	0.460459	70684.2	14590.3	14589.5
Si28	26053.2	0.169523	69272.8	13623.4	13622.4
O16	14895.1	0.268214	65332	21386.7	21385.6
Si29	26984.3	0.213571	44663.2	7766.96	7766.45
O16	14895.1	1.15831	96554.1	44088.5	44086.7
neutron	939.565	1666.37	98916.8	45742.5	42748.5
Al26	24200	1.24157	98916.8	45742.5	42748.5
Si28	26053.2	0.564429	90589.3	37977.5	37976.7
O16	14895.1	0.736701	64597.9	20038	20037.1
Mg24	22335.8	0.145321	65668.8	21999.3	21998.9
O16	14895.1	0.407713	63418.6	20571.3	20570.6
O16	14895.1	0.321411	81017.5	33001.5	33001.1
Mg24	22335.8	0.171659	87503.8	36848.3	36847.6
O16	14895.1	0.405382	76630.2	29118.2	29117.5
O16	14895.1	0.393306	74015.4	27513.2	27512.7
O16	14895.1	0.202484	65470.3	21114.6	21114.4
Mg26	24196.5	0.241139	65278.1	21009.7	21009.4
neutron	939.565	1.2389	76126.8	29823.6	28949
Mg25	23268	0.88678	76126.8	29823.6	28949
Mg24	22335.8	0.158596	54059.8	13834.3	13833.4
O16	14895.1	0.221343	97396.1	44407	44406.2
O16	14895.1	0.411252	56454.2	17032.6	17032.1
O16	14895.1	2.16706	96320.7	42529.1	42526.7
Si28	26053.2	0.250359	83604.5	32534.5	32534.1
Mg25	23268	0.129257	82473	34757.1	34757
Fe56	52089.8	0.252911	70336.6	26672.5	26672.1
O16	14895.1	0.210717	63437.8	22371.1	22370.8
O16	14895.1	1.11301	41614.8	7393.4	7392.22
O16	14895.1	0.218961	92473.6	40924.7	40924.1
Fe56	52089.8	0.142743	84836.4	35798.2	35797.5
O16	14895.1	0.233769	69532	25607.5	25607
Si28	26053.2	0.119788	98860.9	45695.4	45694.8
Fe56	52089.8	0.0586615	43330.5	5692.42	5692.32
O16	14895.1	0.191689	76004.5	23133	23132.8
neutron	939.565	133.376	55674.9	6098.53	5772.31
neutron	939.565	2.37292	55674.9	6098.53	5772.31
neutron	939.565	1.1844	55674.9	6098.53	5772.31
alpha	3727.38	7.97851	55674.9	6098.53	5772.31
alpha	3727.38	23.5434	55674.9	6098.53	5772.31
Si28	26053.2	0.135495	51158.3	2355.1	2354.65
Fe56	52089.8	0.098134	58095.2	13213	13212.4
O16	14895.1	0.271895	37356	158.272	157.962
Mg25	23268	0.302597	41570.4	4994.64	4992.64
Fe56	52089.8	0.127964	78436.4	31701.6	31701
O16	14895.1	0.245113	59520.8	18859.9	18859.5
Mg24	22335.8	0.269413	50882.8	13356.4	13355.8
O16	14895.1	2.68895	38268.9	3913.04	3910.16
O16	14895.1	0.307684	74069	27243.4	27242.4
O16	14895.1	0.297625	73661.1	26838	26837.7
Mg24	22335.8	0.13732	42027.8	1782.85	1781.06
O16	14895.1	1.08661	59702.4	17290.2	17288.7
Fe56	52089.8	0.146083	40086.7	4930.81	4930.59
O16	14895.1	0.250346	97613.2	44864.5	44863.9
Si28	26053.2	0.346979	96060.8	43112.6	43112
Mg24	22335.8	0.229096	81027	33534.6	33534
Mg25	23268	0.232543	77958.2	30292.6	30292.2
O16	14895.1	0.344453	41783.9	5238.44	5236.77
Si28	26053.2	0.300947	96994.4	44447.1	44445.9
O16	14895.1	0.309662	42392.1	7593.54	7593.06
Mg24	22335.8	0.379124	93329.1	41366.6	41366.2
O16	14895.1	0.199711	88842.1	37859.8	37859.3
O16	14895.1	0.294449	79267.3	31156	31155.4
Mg24	22335.8	2.57768	45525.1	5050.59	5047.89
Mg24	22335.8	0.592236	74239.7	21026.9	21026.3
O16	14895.1	0.340798	62263.9	13245.5	13245.1
Fe56	52089.8	0.293371	57352.1	9943.03	9942.54
Mg24	22335.8	0.130069	73255.3	26915.3	26915.1
Mg24	22335.8	0.148654	58371.2	13761.9	13761.1
O16	14895.1	0.375167	99848.6	46322.3	46321.8
Mg24	22335.8	0.188513	37380.1	3085.64	3085.4
O18	16762	0.231668	83897.3	35115	35114.5
O16	14895.1	0.592065	67763.8	23538.4	23537.3
O16	14895.1	0.218391	45727.8	9105.25	9104.12
Mg24	22335.8	0.381193	83583.6	33250.8	33250.3
O16	14895.1	0.509521	52627.8	9940.74	9939.71
O16	14895.1	0.274057	86157.6	33996.5	33995.9
neutron	939.565	1.6031	81083.7	30471.3	29332.1
Ne21	19550.5	0.693098	81083.7	30471.3	29332.1
Mg24	22335.8	2.04497	80499.1	28994.8	28992.6
Si28	26053.2	0.114476	64782.2	18181.7	18181.4
O16	14895.1	0.189352	62775.7	18699.3	18699.1
Mg24	22335.8	0.260191	90029	40236.4	40235.8
O16	14895.1	0.350949	40889.9	4877.79	4877.13
Si28	26053.2	0.167627	98913.1	45758.4	45756.6
Si28	26053.2	0.10873	52416.8	6457.24	6457
Si28	26053.2	0.325166	81117.1	33614.8	33614.1
Fe56	52089.8	0.108175	53221.6	13397.6	13397.2
O16	14895.1	0.863901	94444.7	42695.3	42693.8
O16	14895.1	0.270881	66182.8	20449.9	20449.1
N15	13968.9	0.267356	76632.8	24991.2	24288.5
O16	14895.1	0.378128	66504.2	17433.1	17432.6
Mg24	22335.8	0.231894	43529.6	1642.67	1642.2
O16	14895.1	0.302965	92993.2	41556.5	41555.9
O16	14895.1	0.569383	82796.4	34602.2	34600.9
Si28	26053.2	0.27756	71202.5	26252.2	26251.6
O16	14895.1	0.284012	55308.4	8521.36	8520.85
neutron	939.565	99.7859	53011.4	6980.08	6607.11
Al26	24200	0.584647	53011.4	6980.08	6607.11
O16	14895.1	0.220785	89211.3	39204.9	39204.2
Mg24	22335.8	0.264181	65723.5	20828.9	20828.4
Si28	26053.2	0.266238	48037.7	9047.2	9046.79
C12	11174.9	4.84875	47253.5	8568.93	8307.06
O16	14895.1	0.19269	46360.4	7749.23	7748.88
O16	14895.1	0.449509	72293.7	25397	25396.4
Si28	26053.2	0.318673	74630.3	27111.1	27110.7
O16	14895.1	0.379357	91293	39656.3	39655.6
Mg24	22335.8	0.141132	68516.1	18866.6	18866.3
Mg26	24196.5	0.117287	53617.9	9242.16	9241.82
O16	14895.1	0.622592	45842.3	3791.11	3789.99
Si28	26053.2	0.187665	74008.3	28171	28170.3
O16	14895.1	0.26424	65377.7	17595.4	17594.9
O16	14895.1	0.338886	41159.9	1964.27	1963.81
O16	14895.1	0.316967	60644.4	19636.2	19635.6
O16	14895.1	0.348833	45210.1	8032.97	8032.43
Fe56	52089.8	0.0621832	81290.8	34096.4	34095.9
Si28	26053.2	0.186793	89726.3	39206.5	39206
O16	14895.1	0.392819	99849.8	46331.5	46331
Si28	26053.2	0.226972	88461.3	38583.6	38583.4
O16	14895.1	0.201074	96077.7	43825.5	43825.2
Si28	26053.2	0.257106	80549.6	32375.4	32374.4
Mg24	22335.8	0.168825	48423.2	9584.43	9584.18
O16	14895.1	0.332274	73350.4	27033.5	27032.6
Si28	26053.2	0.388801	70856.2	25361.4	25360.5
O16	14895.1	0.251069	58011.4	16726.8	16726.2
Mg24	22335.8	0.256216	93460.6	41850	41849.3
Mg24	22335.8	1.00821	69685	26461	26459.5
Si28	26053.2	0.119494	64079.3	11793.3	11793.2
Mg24	22335.8	0.96767	72884.9	25223.8	25221.9
O16	14895.1	0.19442	89676.8	39043.9	39043.5
O16	14895.1	0.194863	70444.7	23438.2	23437.9
Fe56	52089.8	0.146392	56814.6	14013.6	14013
Fe56	52089.8	0.0663021	44124	5325.77	5325.59
O16	14895.1	0.361255	90075.1	39904.6	39904
Si28	26053.2	0.197266	81445.6	33652.8	33652.2
O16	14895.1	0.271267	76128.5	30166	30164.6
O16	14895.1	0.616732	59422.6	18476	18475.4
O16	14895.1	0.379975	46807.4	9689.98	9689.41
Si28	26053.2	0.911267	46227.6	9329.09	9327.5
Si28	26053.2	0.129826	88125.4	38335.7	38335.5
Mg24	22335.8	0.235141	56291.8	13900	13899
O16	14895.1	0.34528	90261.9	40156.4	40155.6
Si28	26053.2	0.251754	95907.6	42941.1	42940.4
O16	14895.1	0.209447	71866.3	27122.6	27122.1
Si28	26053.2	0.169114	72190.8	25839.9	25839.5
O16	14895.1	0.341709	64355.8	20394.2	20393.5
O16	14895.1	0.20688	41269.9	4928.98	4928.61
Mg24	22335.8	0.156652	90737.6	36940.8	36940
Mg26	24196.5	0.985691	70317.1	17380.5	17379
O16	14895.1	0.364196	83649.8	34886	34885
Mg24	22335.8	0.139292	54457.4	13132.5	13132.2
Fe56	52089.8	0.113678	85491	26974	26973.7
Si28	26053.2	0.256416	67719.9	13885.1	13884.5
O16	14895.1	0.301841	51080.8	3153.56	3152.71
O16	14895.1	0.739053	97133.4	44634.5	44633.6
O16	14895.1	0.28361	96217.6	43211.2	43210.4
Mg24	22335.8	0.175889	91963.2	38359.7	38359.5
Fe56	52089.8	0.0637178	74388.8	25927.3	25926.9
Si28	26053.2	0.111557	62812.4	15567.3	15567
Si28	26053.2	0.156864	44242.3	3197.3	3196.25
Si28	26053.2	0.118155	39041.9	85.6958	84.9076
O16	14895.1	0.20053	71953.6	28379.7	28379.4
neutron	939.565	8.31813	56933.1	16931	15500.2
neutron	939.565	0.431234	56933.1	16931	15500.2
Mg24	22335.8	2.52908	56933.1	16931	15500.2
O16	14895.1	0.337336	98544.7	45357	45356.2
Fe56	52089.8	0.183954	31855.8	196.583	195.727
Mg24	22335.8	0.14112	76738.8	29961.5	29960.3
O16	14895.1	0.195504	36246.7	2445.42	2444.92
Mg24	22335.8	0.136339	96535	43759.3	43758.8
O16	14895.1	0.269618	94450.8	42706.1	42705.8
O16	14895.1	0.474605	54639	12631.2	12630.6
O16	14895.1	0.287265	39086.3	1796	1795.53
Si28	26053.2	0.111556	97211.4	43798.3	43798.2
O16	14895.1	0.3138	89642.8	38776.1	38775.7
O16	14895.1	0.249309	40823.8	4362.21	4361.65
Si28	26053.2	0.567048	79750.7	32807.4	32805.7
Si28	26053.2	0.271698	71496	26861.3	26861.1
Mg24	22335.8	0.197925	52937.8	11134.1	11133.7
O16	14895.1	0.197264	97235.2	44806.8	44806.6
Si28	26053.2	0.29221	53454.8	12400.1	12399.5
O16	14895.1	0.222588	37954.1	2273.46	2271.97
Si28	26053.2	0.136178	85970.1	30969.3	30968.8
Si30	27913.2	0.103747	83915.4	29549.5	29549.2
O16	14895.1	0.329818	44049.4	3229.58	3227.93
neutron	939.565	0.6362	95590.4	43564	43231.9
Ne21	19550.5	0.369893	95590.4	43564	43231.9
O16	14895.1	0.266676	89392.9	39177.3	39175.6
Si28	26053.2	0.206858	78423.5	32353.9	32352.5
neutron	939.565	300.511	93551.3	42208.5	41371.7
C13	12109.5	0.545355	93551.3	42208.5	41371.7
Si28	26053.2	0.125148	72444.2	27067.1	27067
Si28	26053.2	0.111679	64119	21657.1	21656
Mg24	22335.8	0.733204	37936.1	2790.18	2789.43
neutron	939.565	4.65555	97341.9	44577.8	44287.8
N14	13040.2	2.5484	97341.9	44577.8	44287.8
Mg23	21412.8	0.132551	61712.6	21046.7	20484.6
O16	14895.1	0.223475	88319	38996.1	38995.8
O16	14895.1	0.6929	64180.1	12439.3	12437.7
Mg26	24196.5	0.128496	50629.7	1997.67	1997.35
Si28	26053.2	0.175811	48771.8	825.263	825.046
N14	13040.2	1.2118	40062.1	6705.39	6405.93
O16	14895.1	0.57836	61109.7	15895.7	15895
O16	14895.1	0.848886	42942.4	3929.62	3928.57
Mg24	22335.8	0.126769	38129.5	682.828	681.937
neutron	939.565	102.748	98850	45771.1	45416.7
Mg25	23268	0.549411	98850	45771.1	45416.7
Mg24	22335.8	0.500611	58701.3	14788.7	14788.1
Si28	26053.2	0.410413	56846.6	13600.2	13599.4
O16	14895.1	0.242438	41052.3	3921.6	3921.06
Si28	26053.2	0.122931	98652.3	45567.9	45567.1
Mg24	22335.8	0.138327	81170.6	34383.4	34383.1
Si28	26053.2	0.188722	88225.5	38909.8	38909.6
neutron	939.565	16.8626	78885.1	31609.1	30122.4
neutron	939.565	2.4892	78885.1	31609.1	30122.4
neutron	939.565	1.83917	78885.1	31609.1	30122.4
C12	11174.9	2.45633	78885.1	31609.1	30122.4
Si28	26053.2	0.508359	89739.6	39373.2	39372.6
O16	14895.1	0.512063	84203.3	35916.5	35915.2
Fe56	52089.8	0.0613905	81385.9	34204.7	34204.2
Si28	26053.2	0.250021	63581.6	18188.7	18188.2
O16	14895.1	0.236736	38393.1	2484.37	2483.97
O16	14895.1	0.265691	96980	44558.9	44558.3
O16	14895.1	0.234184	44442.1	993.994	993.702
O16	14895.1	0.194981	45763.9	1587.66	1587.3
Si28	26053.2	0.194226	96499.4	43632.8	43632.5
O16	14895.1	0.586027	80295	31857.3	31856.4
Mg24	22335.8	0.203152	73834.4	27507.1	27506.5
Fe56	52089.8	0.100253	85630.9	35465.6	35464.9
N15	13968.9	0.294955	56426	16619.6	16174.4
O16	14895.1	0.491916	50172.8	10978.4	10977.8
O16	14895.1	0.396975	45538.6	7923.26	7922.32
Si28	26053.2	0.300539	77700.9	32331.3	32330.7
O16	14895.1	0.209315	53154.8	15960.1	15959.9
Si28	26053.2	0.112021	48631.7	12708.7	12708.1
O16	14895.1	0.316889	38723.2	6296.44	6295.56
Si28	26053.2	0.454995	45939.8	3316.45	3315.92
O16	14895.1	0.741933	75181.5	26793.6	26792.6
Si28	26053.2	3.96225	69855.7	22998.6	22994.5
O16	14895.1	0.22181	64141.9	19361.9	19361.6
Si28	26053.2	0.192269	62325.1	18044.4	18043.8
O16	14895.1	0.430529	88137.2	39045.9	39044.5
Si28	26053.2	0.153348	99367.2	45968.8	45968.6
O16	14895.1	0.305798	83503.5	32284.2	32283.1
O16	14895.1	5.63228	77978.9	22962.4	22956.4
O16	14895.1	0.54738	56570	7674.96	7674.19
Si30	27913.2	0.20737	61424.1	13201.9	13201.6
O16	14895.1	1.88924	60267.7	12566.9	12565
Si28	26053.2	0.273985	69255.2	24564.9	24564.6
O16	14895.1	0.266382	51059	13167.1	13166.7
O16	14895.1	0.724394	36759.7	2594.77	2593.7
Si28	26053.2	0.390609	84251.9	34171.9	34171.1
O16	14895.1	0.272604	81166.4	31744.3	31744
neutron	939.565	245.76	81146.3	31728.7	30310.3
neutron	939.565	62.1274	81146.3	31728.7	30310.3
neutron	939.565	11.4673	81146.3	31728.7	30310.3
alpha	3727.38	5.42384	81146.3	31728.7	30310.3
alpha	3727.38	5.8462	81146.3	31728.7	30310.3
alpha	3727.38	37.0897	81146.3	31728.7	30310.3
O16	14895.1	0.277615	88605.1	38155.1	38154.5
Si28	26053.2	0.198686	39635.4	1541.2	1540.88
Fe56	52089.8	0.0809416	78926.4	24721.9	24721.4
O16	14895.1	0.265586	55645.4	8186.98	8186.63
Fe56	52089.8	0.0576565	54935	7745.28	7745.01
N14	13040.2	1.40143	91746.2	40941.3	39965.8
O16	14895.1	0.41335	46901.7	6867.49	6866.84
O16	14895.1	0.22596	43451.8	4704.27	4704.04
Fe56	52089.8	0.0701819	36646	3094.02	3092.76
neutron	939.565	7.55734	97656	44975.4	44759.6
neutron	939.565	4.24695	97656	44975.4	44759.6
alpha	3727.38	4.51107	97656	44975.4	44759.6
O17	15830.5	0.849007	97656	44975.4	44759.6
O16	14895.1	0.602208	90336.1	39989.9	39988.5
Si28	26053.2	1.01044	36325.9	2397.44	2396.4
Si28	26053.2	0.410506	83722.1	34223.3	34222.8
O16	14895.1	1.10248	77853.6	27678.8	27677.4
Si28	26053.2	0.37346	73367.7	23419.4	23418
Si28	26053.2	0.146379	52463.8	8511.12	8510.87
O16	14895.1	0.223109	90033.1	40200.9	40200.1
Mg24	22335.8	0.165588	78608.5	30264.8	30264.5
Mg25	23268	0.289003	50484.4	10015	10014.1
O16	14895.1	0.19233	40373.2	2797.46	2796.07
O16	14895.1	0.543348	46492.9	8679.22	8678.65
Mg24	22335.8	0.175613	41458.1	5298.99	5298.6
Mg24	22335.8	0.463735	61000.5	20432.7	20431.9
O16	14895.1	0.200038	90682.2	40095.4	40094.6
O16	14895.1	0.254532	76913.7	31054.4	31053.5
O16	14895.1	0.214059	60745	19167.7	19166.8
Mg24	22335.8	2.19002	32367	592.689	590.357
Mg24	22335.8	0.198717	65584.4	18877.9	18877
O16	14895.1	1.37289	66427.8	21825.5	21823.9
O16	14895.1	1.7494	60225	17988.7	17986.9
Si28	26053.2	0.174283	73401.9	28572.5	28571.8
O16	14895.1	0.201917	40986.6	7370.71	7369.76
Mg24	22335.8	0.358299	66418.8	20275.8	20275.1
O16	14895.1	0.270046	58303.6	13523.9	13523
Mg24	22335.8	1.68362	56438	12372.6	12370.7
O16	14895.1	0.269713	43807.5	3455.31	3454.52
Mg24	22335.8	0.181916	85738.3	37331.5	37330.9
Si28	26053.2	0.183287	35190	1067.46	1067.2
O16	14895.1	0.201296	85262.1	35069.4	35069
O16	14895.1	0.241562	42240.9	86.0395	85.604
Si28	26053.2	0.454722	67196	24065.3	24064.6
O16	14895.1	0.19818	70538.1	25558.3	25557.9
Si28	26053.2	0.273328	81507.5	29579.3	29579
Mg25	23268	0.150962	67598.8	21025.4	21025.2
O16	14895.1	0.20501	61698.6	17250.5	17250.1
Si28	26053.2	0.267959	61181	19692.6	19692.1
neutron	939.565	452.824	97015.6	44167.2	42809.7
Mg25	23268	0.457298	97015.6	44167.2	42809.7
Si28	26053.2	0.244066	74175.3	28032	28031.7
Mg24	22335.8	0.158102	59804	17750.9	17750.5
Mg24	22335.8	0.133373	42025.4	4394.52	4394.21
Fe56	52089.8	0.0870622	47059.4	5111.6	5111.33
neutron	939.565	910.411	63835.2	19325.7	17859.2
N14	13040.2	0.919191	63835.2	19325.7	17859.2
Si28	26053.2	0.391764	52823.6	10751.5	10750.8
O16	14895.1	0.698702	51412.2	10089	10087.7
Mg24	22335.8	0.142045	56518.9	13448.3	13447.4
Mg25	23268	0.141205	52216.9	10062.9	10062.5
N14	13040.2	1.0966	88229.9	38142.2	35223.8
O16	14895.1	0.214265	94599.8	42831.4	42831
Mg24	22335.8	0.213564	76688.4	30442.6	30442.3
Mg24	22335.8	0.232258	59110.4	17532.3	17531.3
O16	14895.1	1.24927	51957	12435.3	12433.4
O16	14895.1	0.945657	72367.1	27331	27329.4
O16	14895.1	0.236973	57311.3	17764.5	17763.7
O16	14895.1	0.337155	96454	44100.9	44099.7
O16	14895.1	0.193462	84735.1	33649.8	33649.6
Fe56	52089.8	0.0555748	93318	41649.9	41649.7
O16	14895.1	0.205625	77736.8	29276.4	29275.8
O16	14895.1	0.26356	41251.6	5190.12	5189.01
neutron	939.565	1342.41	95304.1	41382.7	38005.3
neutron	939.565	729.578	95304.1	41382.7	38005.3
neutron	939.565	3.15012	95304.1	41382.7	38005.3
alpha	3727.38	6.00685	95304.1	41382.7	38005.3
N15	13968.9	0.606405	95304.1	41382.7	38005.3
Si28	26053.2	0.319465	70814.4	19175	19174.5
O16	14895.1	0.342201	65633.6	15816.8	15816.4
Mg24	22335.8	0.155401	88330.8	37769.7	37769.6
Si28	26053.2	0.34648	56753.6	13842.3	13841.5
O16	14895.1	0.371609	46697.4	7193.89	7193.44
Si28	26053.2	0.117301	45705	6623.97	6623.63
O16	14895.1	0.240153	40195.6	3236.56	3235.78
Mg24	22335.8	0.285437	37679.8	1773.85	1773.36
O16	14895.1	0.326654	74006.3	26895	26894.6
Si28	26053.2	0.194756	70204.4	24233.3	24232.6
Si28	26053.2	1.03876	69311.8	25092.7	25091.5
O16	14895.1	0.212633	48380.5	10746.5	10746
O16	14895.1	0.25469	90311.9	39046.7	39046.3
Si28	26053.2	0.402413	47900.3	3812.41	3811.44
Si28	26053.2	0.24329	67921.7	24257.9	24257.6
O16	14895.1	0.599735	43109.3	4641.6	4640.7
Si28	26053.2	0.109672	90112.5	39227.3	39227.2
Si28	26053.2	0.237722	62612.3	18730.4	18730
Si28	26053.2	0.667646	88188.3	38128.6	38127.3
O16	14895.1	0.583218	98430.3	45264	45263.2
O16	14895.1	0.22508	91869.8	41032.2	41031.4
Si28	26053.2	0.12902	85907.5	37287.8	37287.2
O16	14895.1	0.195595	83740.7	35955	35954.8
Mg24	22335.8	0.13305	49031.2	8734.93	8734.5
Si28	26053.2	0.147475	93418.8	40779.2	40779.1
Si28	26053.2	0.588753	91819.6	40815.7	40814.4
Mg24	22335.8	0.550586	63630.9	18740.3	18739.8
O16	14895.1	0.300999	76716.6	25747.5	25747.1
Mg26	24196.5	0.146847	68181.6	20525.4	20524.9
O16	14895.1	0.209587	44941.7	2963.11	2962.89
O16	14895.1	0.191186	89471.2	39448	39447.5
O16	14895.1	0.261908	55262.4	12133.9	12133.3
Mg24	22335.8	0.238143	80226.4	30923.5	30921.8
O16	14895.1	0.20533	65984.8	17520.6	17520.2
neutron	939.565	32.3454	48998.7	5168.02	4018.97
Al29	26988.5	0.673456	48998.7	5168.02	4018.97
Si28	26053.2	0.199683	42809.1	380.113	379.796
Si28	26053.2	0.112325	49363.8	9072.78	9072.62
Si28	26053.2	0.123653	60790.9	19849.4	19849.2
Si28	26053.2	0.168631	41763.4	6082.88	6082.13
Fe56	52089.8	0.318022	64326.2	21980.3	21979.5
Si28	26053.2	0.168854	98037	45177.4	45176.9
Si28	26053.2	0.266306	78865.8	29560.8	29560.2
O16	14895.1	0.283609	70287.1	21056.8	21056.4
O16	14895.1	0.311179	86005.4	37367	37365
Mg24	22335.8	0.160028	75614.7	30427.6	30427.2
O16	14895.1	0.246702	55998.7	16144	16143.7
O16	14895.1	0.212466	37705.9	3183.06	3182.72
Mg24	22335.8	0.132169	71002.4	25980.6	25980.4
Fe57	53021.7	0.0555887	88263.3	33873.8	33873.2
O16	14895.1	0.48066	58853.9	12674.4	12672.8
Si28	26053.2	0.170098	43142.4	1368.82	1368.63
Mg25	23268	0.45014	94091.3	42291.1	42290.6
O16	14895.1	0.219784	44984.8	8032.36	8032.08
Mg24	22335.8	0.140769	95610.3	43166.9	43166.4
O18	16762	0.176665	33954.9	1687.85	1687.6
Si28	26053.2	0.513687	87017.1	37999.7	37999
Si28	26053.2	0.1242	33998.2	1856.79	1856.53
O16	14895.1	0.233343	77423.2	32096.4	32095.4
Al26	24200	0.0679422	76204.7	30121.5	29523.4
Si28	26053.2	0.133482	70086.9	25701.2	25700.4
O16	14895.1	0.386182	37262.9	4338.75	4338.1
O16	14895.1	0.664266	40745	1385.81	1384.69
Si28	26053.2	0.222583	54279.3	12312.8	12312
Mg24	22335.8	0.352801	40829.2	1942.18	1941.73
O16	14895.1	0.250733	51380.9	12856.2	12855.4
O16	14895.1	0.190563	58047.9	6961.27	6960.94
Mg24	22335.8	0.480461	83197.8	34246.5	34245.9
Si28	26053.2	0.109346	41219.1	1880.94	1880.53
Si28	26053.2	0.165154	41209.3	1875.29	1875.11
O16	14895.1	0.212332	90277.7	40138.9	40138.7
O16	14895.1	0.200823	72167.4	28256	28255.6
Mg24	22335.8	0.164282	54907.6	15654.1	15653.9
O16	14895.1	1.38061	54899.1	15649.5	15648.1
Si28	26053.2	0.12307	38822.2	3453.61	3452.38
O16	14895.1	0.427257	33343.2	152.694	152.157
O16	14895.1	0.221887	97046.3	43848.1	43847.9
Fe54	50231.2	0.0583951	95069.5	43285.3	43284.8
O16	14895.1	0.36553	47165.5	608.954	608.397
O16	14895.1	0.284601	90103.3	39621.7	39621.2
O16	14895.1	0.404801	80889.1	33755.2	33754.7
neutron	939.565	195.003	59100.5	14978.4	14436.2
neutron	939.565	7.38344	59100.5	14978.4	14436.2
neutron	939.565	5.42861	59100.5	14978.4	14436.2
Na23	21409.2	0.555731	59100.5	14978.4	14436.2
Fe56	52089.8	0.154814	42814.5	2378.59	2378.14
O16	14895.1	0.200302	43034.3	8419.74	8419.49
Mg24	22335.8	0.146047	89328.6	38232.3	38232
Si28	26053.2	0.184297	77936.1	29693.7	29693.5
Mg24	22335.8	0.194583	76863.5	28779.6	28779.3
O16	14895.1	0.77386	64198.9	19486.1	19484.8
O16	14895.1	0.369178	50053.1	10203.3	10202.8
O16	14895.1	0.19405	43086.5	4652.2	4651.78
Si29	26984.3	0.219218	97775.3	44725.7	44725.4
O16	14895.1	0.272646	96133.2	43740.8	43740.4
O16	14895.1	0.190655	86043.5	36294.7	36294.4
O16	14895.1	0.303542	50990.8	11333.8	11333.4
O16	14895.1	1.53672	38016.3	304.953	303.183
O16	14895.1	0.320069	72580.1	22482	22481.5
O16	14895.1	0.305155	60888.2	18639.9	18638.5
O16	14895.1	0.232267	71335.5	25484	25482.2
neutron	939.565	46.7369	96928.7	44141.1	43814.9
Na22	20482.1	0.10353	96928.7	44141.1	43814.9
Si28	26053.2	0.192605	73729.9	27209.1	27208.6
Si28	26053.2	0.148108	70183.2	24856.2	24855.9
O16	14895.1	0.488416	43691.1	1848.2	1847.45
Mg24	22335.8	0.17299	63469.5	17989.2	17988.7
Si28	26053.2	0.129441	59736.1	15665.8	15665.5
O16	14895.1	0.205736	46084.8	5866.57	5866.18
Si28	26053.2	0.174372	67968.6	22052.7	22052.4
Mg24	22335.8	0.149978	38701.4	2322.13	2321.24
O16	14895.1	0.269957	40194	2862.01	2861.43
Mg24	22335.8	0.144401	37001.3	870.733	870.256
Mg24	22335.8	0.149558	95345.8	41486.8	41486.4
O16	14895.1	0.1991	94148	39282.9	39282.6
O16	14895.1	0.537645	80601	29260.2	29259.4
Mg24	22335.8	0.172137	65553.8	18289	18288.8
neutron	939.565	1076.11	98155.6	45295.1	42544.5
C13	12109.5	0.12653	98155.6	45295.1	42544.5
Mg25	23268	0.214487	56526.2	13216.2	13215.7
O16	14895.1	0.197305	33373.3	471.584	470.343
Mg25	23268	0.179518	74374.7	26281.9	26281.6
Si28	26053.2	0.131993	96394.7	43369	43368.7
O16	14895.1	0.266834	44127	4039.28	4038.82
O16	14895.1	0.226356	40893.7	1758.89	1758.55
O16	14895.1	0.270591	75893.1	25990.7	25990.1
Si28	26053.2	0.16545	67169.1	19617.2	19617
Mg24	22335.8	0.418026	66525.4	19252	19251.6
Si28	26053.2	0.109963	93623.6	40900.4	40900.2
Si28	26053.2	0.114608	42962.9	3427.81	3427.59
O16	14895.1	0.27228	74536.1	28384.5	28383.8
Si28	26053.2	0.119382	63402.7	21310.8	21310.4
O16	14895.1	0.308637	44201.5	8236.32	8234.86
O16	14895.1	0.313149	36643.4	3129.15	3128.82
neutron	939.565	5978.71	74935.9	28208.9	20398.1
neutron	939.565	2.34486	74935.9	28208.9	20398.1
N13	12111.2	1.63963	74935.9	28208.9	20398.1
Mg24	22335.8	0.302199	82850.3	34660.6	34660.1
O16	14895.1	0.266197	74507.7	29157.3	29157
Si28	26053.2	0.130397	65741	23813.6	23813.3
Si28	26053.2	0.118748	57397	7944.9	7944.78
Si28	26053.2	0.35252	93841.3	42087.3	42086.8
neutron	939.565	1.02503	92851.6	40585	40340
C13	12109.5	1.54126	92851.6	40585	40340
O16	14895.1	0.652235	85304.7	35067.6	35066.8
O16	14895.1	0.194788	52360.6	15286.7	15285.9
Si28	26053.2	0.2251	60810.8	18559.7	18559.2
O16	14895.1	0.36834	69161.1	23587	23585.8
O16	14895.1	0.292972	66448.9	21797.1	21796.6
O16	14895.1	0.373485	62449.4	19342.4	19341.8
Fe56	52089.8	0.105913	60729.2	8974.31	8974.13
O16	14895.1	0.487037	76183.9	23405.2	23404.6
Fe56	52089.8	0.0602375	68379.4	17571.7	17571.5
Si28	26053.2	0.165647	48190.1	3501.27	3500.96
Si30	27913.2	0.853459	95017.8	42135.3	42134.3
Mg24	22335.8	0.15049	82374.7	34833.3	34832.7
Si28	26053.2	0.147162	36485.1	2924.3	2924.04
O16	14895.1	1.20641	93126.3	41328.3	41326.7
O16	14895.1	0.502352	92058.9	40487.6	40486.8
O16	14895.1	0.419153	76875.8	28604.2	28603.6
Fe56	52089.8	0.105305	63638.3	19696.2	19695.9
O16	14895.1	0.413927	48232.4	9941.79	9938.12
Si28	26053.2	0.137125	42031.6	5946.85	5946.6
Mg24	22335.8	0.26081	80276.1	27258.3	27257.4
Si28	26053.2	0.418251	87990.4	38748.1	38747.4
Si28	26053.2	0.13384	87027.2	38202.4	38201.9
O16	14895.1	0.214883	58530.3	17550.1	17549.5
Si28	26053.2	0.18223	99712	46138.5	46138.3
Mg24	22335.8	0.143205	95459.9	42596.8	42596.3
O16	14895.1	0.341156	94343.3	41807.3	41806.8
Mg24	22335.8	1.21025	68673	21170.1	21168.6
Si28	26053.2	0.123424	59189.8	14634.4	14634.2
O16	14895.1	0.563626	97170.6	44405.8	44405.1
O16	14895.1	0.226888	86989.6	34225	34224.2
Si28	26053.2	0.574981	49570.2	6128.21	6126.61
Si28	26053.2	0.424445	56328.4	14393.5	14392.7
O16	14895.1	0.504721	87463.2	38238.4	38237
O16	14895.1	0.422221	87065.4	37894.5	37893.2
O16	14895.1	0.37595	74324.8	28786.7	28786.3
Si29	26984.3	0.447462	70389.6	26262.7	26261.7
Si28	26053.2	0.171101	61781.8	20950.7	20950.1
Si28	26053.2	0.17002	60371.8	18580.9	18580.6
O16	14895.1	1.93566	59242.1	17941.6	17938.9
Mg24	22335.8	0.230097	57239.5	16494	16492.2
O16	14895.1	2.73512	36600.7	3004.48	3001.16
Si28	26053.2	0.19678	47195.8	9956.24	9955.15
Mg24	22335.8	0.224315	84845.9	26779.5	26779.3
O16	14895.1	0.218834	77287	21298.9	21298.4
neutron	939.565	420.897	76951.1	21092.5	20326.9
neutron	939.565	302.433	76951.1	21092.5	20326.9
C12	11174.9	0.46994	76951.1	21092.5	20326.9
O16	14895.1	0.227933	67726.5	14312.4	14311.4
O16	14895.1	0.279634	75977.6	29983.4	29982.9
O16	14895.1	0.236956	76328.4	31099.5	31099.1
O16	14895.1	0.22724	75238.9	30487.7	30487.4
O16	14895.1	0.29409	70994.6	27757.6	27755.4
Mg25	23268	0.570114	58105.2	16890.1	16888.4
O16	14895.1	0.385713	48010.9	8071.33	8070.49
O16	14895.1	0.426824	92936.8	42128.5	42127.8
neutron	939.565	86.7358	91691	40966.3	38399.2
neutron	939.565	31.7307	91691	40966.3	38399.2
neutron	939.565	23.619	91691	40966.3	38399.2
neutron	939.565	20.9862	91691	40966.3	38399.2
alpha	3727.38	12.5116	91691	40966.3	38399.2
alpha	3727.38	11.8488	91691	40966.3	38399.2
O16	14895.1	0.313782	74485.3	24055	24054.7
O16	14895.1	0.271593	58751.3	11262.1	11261.8
Fe56	52089.8	0.0761917	53134.9	7570.46	7570.29
Si28	26053.2	0.130778	44842.9	2107.95	2107.78
Si28	26053.2	0.342435	98951.6	45628.6	45627.9
Si28	26053.2	0.114996	57855.9	19091	19090.3
O16	14895.1	0.28497	83050.9	35035.8	35035.4
O16	14895.1	0.441852	89582.1	39908.4	39907.4
Si28	26053.2	0.168823	88209	39106.1	39105.4
Fe56	52089.8	0.247605	63415.3	17833	17832.6
neutron	939.565	366.35	53349	10812.8	8620.9
neutron	939.565	283.183	53349	10812.8	8620.9
neutron	939.565	9.55175	53349	10812.8	8620.9
neutron	939.565	2.17044	53349	10812.8	8620.9
Be8	7454.85	6.83681	53349	10812.8	8620.9
Mg26	24196.5	0.130901	91277.9	40630.3	40629.9
neutron	939.565	275.908	63175.6	21108.9	18646.7
neutron	939.565	7.94477	63175.6	21108.9	18646.7
neutron	939.565	5.61509	63175.6	21108.9	18646.7
B11	10252.5	8.40415	63175.6	21108.9	18646.7
Si28	26053.2	0.139077	56019.2	14848.8	14848.5
O16	14895.1	0.823425	50875.3	11825.5	11824.5
O16	14895.1	0.670552	50864.8	11820.3	11819
Al27	25126.5	0.670696	91082.9	40829.7	40566.7
Mg26	24196.5	0.24776	63880.1	19704.8	19704.4
O16	14895.1	1.08632	47449.9	8289.44	8288.25
O16	14895.1	0.361461	86344.3	34968.2	34967.3
Si28	26053.2	0.207551	88269.7	37705.8	37705.4
Mg24	22335.8	0.150502	69853.2	20853.7	20853.3
O16	14895.1	0.787321	48705.6	2611.65	2610.64
O16	14895.1	0.43465	81885.4	22639.8	22637.9
O16	14895.1	0.255827	56870.6	5753.73	5753.39
O16	14895.1	0.33133	86835.8	37842.4	37841.2
O16	14895.1	0.439559	79946.8	33400.6	33400
Mg24	22335.8	0.827408	47295.6	7656.3	7655.28
O16	14895.1	0.39058	67302.5	20295	20294.1
O16	14895.1	0.366724	66604.3	19886.6	19885.9
Si28	26053.2	0.291467	45533.1	2947.12	2946.32
Mg25	23268	0.149015	81964.1	33843.6	33842.9
neutron	939.565	178.037	73977.9	26845	26563.1
neutron	939.565	3.79512	73977.9	26845	26563.1
N13	12111.2	0.430355	73977.9	26845	26563.1
O16	14895.1	0.297406	44659.7	4953.94	4953.51
Si28	26053.2	0.136579	91142.5	40517.8	40517.5
O16	14895.1	0.212622	61271.5	16798	16797.4
Si28	26053.2	0.178494	48207.6	7930.55	7930.25
O16	14895.1	0.223353	49566	8819.3	8817.98
Mg26	24196.5	0.423065	36661	250.099	248.789
Si28	26053.2	0.160796	94618.4	43044.1	43043.9
O16	14895.1	1.11215	87198	38032.3	38030.8
Mg24	22335.8	0.172537	62383	20749	20748.3
Mg24	22335.8	0.139449	36877.2	3210.38	3210.24
Si28	26053.2	0.129703	97473.7	44026.9	44025.5
O16	14895.1	0.336685	48286.1	11325.6	11325
Mg26	24196.5	0.129938	92691.4	40596.6	40595.9
Fe56	52089.8	0.119474	76331.9	29103.6	29103
O16	14895.1	0.269289	66303.5	21831.5	21831.1
O16	14895.1	0.251937	84585	35652.3	35652
Si28	26053.2	0.143716	82104	34077	34076.9
Si28	26053.2	0.735468	59760.9	18029.6	18028.7
Mg24	22335.8	0.183909	80318.7	33112.3	33111.9
Si29	26984.3	0.124547	79445.1	32553.3	32552.1
Mg25	23268	0.163776	69096.2	25872	25871.6
Si28	26053.2	1.30203	47891.5	12171.8	12170.3
O16	14895.1	0.273936	29495	189.859	189.367
Mg26	24196.5	0.126876	71852.9	26914.6	26914
O16	14895.1	0.214141	41277.5	4147.17	4146.63
Si28	26053.2	0.229526	98624.6	45389.7	45389
Si28	26053.2	0.343011	81306.1	22901.8	22901.5
O16	14895.1	0.205967	81193	22777.1	22776
O16	14895.1	0.96468	60596.6	8942.45	8941.24
O16	14895.1	0.550949	49587.2	1784.19	1782.86
Mg25	23268	0.154033	48475.9	1148.77	1148.55
Mg25	23268	0.253272	48378.2	1099.17	1098.45
Mg26	24196.5	0.172384	87139.2	36919.3	36918.7
Mg24	22335.8	0.18327	84926.9	35243.8	35242.9
Si28	26053.2	0.42613	76308.1	29090.3	29089.3
O16	14895.1	0.314532	58003.2	16897.9	16897.6
Fe56	52089.8	0.393805	74884.4	26099.3	26098.3
Si28	26053.2	0.283682	43789.2	5658.72	5658.04
O16	14895.1	0.213569	43864.7	7130.22	7129.73
O16	14895.1	0.22651	41671.1	5829.46	5829.19
O16	14895.1	0.639795	37661.6	3306.32	3304.52
O16	14895.1	0.232685	87864.2	36075.7	36075.1
O16	14895.1	0.827456	61986.5	18361.5	18358.7
Fe56	52089.8	0.0830169	94405.5	42105.4	42105
O16	14895.1	0.523926	76611.5	30499	30498.4
Si28	26053.2	0.38977	57093.1	15115.2	15113.8
Fe56	52089.8	0.0592066	96475.1	44333.5	44333.2
O16	14895.1	0.223627	62936.2	19748.3	19748
Mg24	22335.8	0.17589	78060.5	28811.2	28810.9
O16	14895.1	0.327576	55650.3	8280.54	8280.09
O16	14895.1	0.212001	47701.2	3499.83	3499.05
O16	14895.1	0.255473	43196.5	829.86	829.038
O16	14895.1	0.325985	92620.6	41879.4	41878.8
O16	14895.1	0.385648	42293	7234.57	7234.1
Si28	26053.2	0.320211	87781.2	37746.3	37745.9
O16	14895.1	0.247632	86818.8	37061.8	37060.9
Mg24	22335.8	0.255194	78668.1	27931.5	27931
neutron	939.565	121.294	74066.5	23741.1	23337.7
neutron	939.565	3.40673	74066.5	23741.1	23337.7
alpha	3727.38	3.35626	74066.5	23741.1	23337.7
alpha	3727.38	7.86274	74066.5	23741.1	23337.7
alpha	3727.38	2.24381	74066.5	23741.1	23337.7
O16	14895.1	0.566216	88229.4	38526.9	38526.2
Fe56	52089.8	0.0564909	78768.8	31547.8	31547.8
O18	16762	0.614789	64722	21429.8	21428.8
O16	14895.1	0.197801	58597.5	17746	17745.6
Mg24	22335.8	0.205081	63584.6	21324.7	21323.7
O16	14895.1	0.494586	44435.6	8598.33	8597.19
O16	14895.1	0.205962	96914.3	44448	44447.7
O16	14895.1	0.561833	91438.5	40816	40815.2
Si28	26053.2	0.258329	67084.3	11975.4	11974.9
O16	14895.1	0.86093	52744.8	507.947	506.946
neutron	939.565	5.37083	94516.7	42340.3	41850.6
neutron	939.565	4.53119	94516.7	42340.3	41850.6
neutron	939.565	4.46823	94516.7	42340.3	41850.6
C12	11174.9	3.56557	94516.7	42340.3	41850.6
Si28	26053.2	0.115014	76146.6	27808.8	27807.8
Mg24	22335.8	0.493985	60841.9	16949.2	16948.6
Mg24	22335.8	0.161287	84316.5	29742.3	29742
O16	14895.1	0.423744	71624.2	26826.7	26826.1
Si28	26053.2	0.142334	49001.8	11345.2	11344.8
O16	14895.1	0.213869	38818	4872.88	4871.8
Mg24	22335.8	0.422911	76132.3	29668.7	29668
O16	14895.1	0.367003	75440.9	30198	30196.9
O16	14895.1	0.20856	75820.2	28774.3	28773.4
O16	14895.1	0.774742	60848.2	17391.6	17390.5
Mg24	22335.8	0.186607	58039.5	15680	15679.6
neutron	939.565	127.275	37448.4	1551.14	1172.86
Ne21	19550.5	0.982087	37448.4	1551.14	1172.86
Si28	26053.2	0.173509	89321.5	35478.7	35477.5
O16	14895.1	1.27584	51109.1	12885	12883.3
O16	14895.1	0.394902	37529.3	4315.5	4314.98
Mg24	22335.8	0.24366	96926.8	44398.2	44397.9
Mg24	22335.8	0.312471	91279.9	40668.8	40668.4
Mg24	22335.8	0.173526	66305.7	21248.6	21247.4
O16	14895.1	0.237034	42966.4	3714.39	3713.69
Mg24	22335.8	1.82944	74109.9	28685.9	28683.6
Si28	26053.2	0.132989	68806.5	24824.1	24823.8
Mg24	22335.8	0.646569	41223.6	6001	5999.56
Si28	26053.2	0.23174	69055	25165.9	25164.5
neutron	939.565	150.018	54557.2	15830.4	14832
neutron	939.565	36.1443	54557.2	15830.4	14832
Be10	9325.5	7.59907	54557.2	15830.4	14832
Si30	27913.2	0.149396	38829.2	4123.03	4122.7
Mg25	23268	0.162988	33075.2	745.645	744.871
Fe56	52089.8	0.403844	88569.7	37515.5	37513.4
O16	14895.1	0.199662	82317	33626.3	33626
O16	14895.1	0.207648	76688.6	29755.2	29754.7
Si28	26053.2	0.151261	70308.6	25257.3	25256.9
O16	14895.1	0.253426	72821.5	25673.5	25672.8
Si28	26053.2	0.20674	71658.2	24968.7	24967.7
alpha	3727.38	6.73322	68807	22835.9	22383.8
C12	11174.9	2.30116	68807	22835.9	22383.8
Si28	26053.2	0.148304	95325.7	43662.8	43662.6
O16	14895.1	0.197451	46489.3	4925.86	4925.25
O16	14895.1	0.38874	97866.3	45131.3	45130.6
O16	14895.1	0.209941	53223.2	11985.2	11984.3
O16	14895.1	0.207728	36216.6	1517.67	1517.44
Si28	26053.2	0.192156	68756.1	25719.6	25719.4
Mg24	22335.8	0.127221	44060.9	9216.24	9216.01
Si28	26053.2	0.12197	41763.7	7463.96	7463.49
Si28	26053.2	0.120047	32430	1182.69	1182.57
O16	14895.1	0.234033	83673.6	34128.3	34127.1
O16	14895.1	0.45715	65767.6	19373.5	19372.3
Si28	26053.2	0.238302	99610.4	46211	46210.4
Mg24	22335.8	0.202181	80812.3	24169.6	24169.3
Mg25	23268	0.223114	71535.5	17811.2	17811
O16	14895.1	0.318729	43746.6	4667.13	4666.34
O16	14895.1	0.204597	41757.2	3494.91	3494.7
O16	14895.1	0.668007	84450.2	36267.9	36266.4
Si28	26053.2	0.228718	83307.4	34900.1	34899.8
Si28	26053.2	0.388455	79544.4	32179.2	32178.6
Si28	26053.2	0.152825	75520.1	29773.5	29772.8
Mg24	22335.8	0.144204	67809.6	24225.2	24224.5
O16	14895.1	0.418538	62636.9	18727.7	18727.3
Si28	26053.2	0.122476	62546	18668.8	18667.4
Si28	26053.2	0.113239	44421.5	4877.8	4876.23
Si28	26053.2	0.35948	88558.7	39038.8	39038.4
Si28	26053.2	0.316564	81256.6	34198.3	34198
O16	14895.1	0.213248	39620.2	1409.57	1409.35
Si28	26053.2	0.114523	60174.8	19664.8	19664.6
O16	14895.1	0.439057	90444.6	39303.6	39301.8
O16	14895.1	0.408889	94801.6	42363.4	42362.9
Si28	26053.2	0.412321	64930.5	22680.4	22678.8
Si28	26053.2	0.26071	35619.7	2379.55	2379.01
Mg24	22335.8	0.147225	99052.1	45833.5	45832.8
Si28	26053.2	0.271875	85923	36952.5	36951.9
O16	14895.1	0.195323	85528.5	36742	36741.2
O16	14895.1	0.509489	79973.1	32494.2	32493
O16	14895.1	0.202607	69348.5	25258.1	25257.4
Fe56	52089.8	0.118848	60299.6	19253.5	19253.2
O16	14895.1	0.353822	45877.8	9254.6	9254.01
O16	14895.1	0.330919	39464.4	5287.17	5286.33
C13	12109.5	0.300733	84897.7	36091.6	28586.3
Fe56	52089.8	0.0756489	42996.1	20.2118	19.8846
O16	14895.1	0.6254	45198.5	7041.97	7040.64
O16	14895.1	0.312262	37297	35.6189	35.1912
O15	13971.2	1.04679	82836.8	31563.2	31162.1
O16	14895.1	0.245018	59319.1	15276	15275.8
Mg24	22335.8	0.290808	86901.8	37254.7	37253.8
Mg24	22335.8	0.372514	96822.9	44276.4	44275
O16	14895.1	0.358384	90115.1	39118.3	39117.9
O16	14895.1	0.278642	68599.3	24472.8	24471.9
Si28	26053.2	0.114132	60755.5	19238.1	19237.9
Mg24	22335.8	0.152731	82262.9	34238.6	34237.6
O16	14895.1	0.411376	58709.4	17952.8	17951.6
Si28	26053.2	0.304365	77527.9	30349.8	30348.7
Mg24	22335.8	0.229338	63488.3	20800.5	20800.3
Si28	26053.2	0.729394	56808.1	15642.2	15641.4
Si28	26053.2	0.12035	75143.5	26349.2	26348.9
Si28	26053.2	0.204945	80640.1	29658.2	29657.7
Si28	26053.2	0.198423	51189.8	8408.47	8408.13
O16	14895.1	0.254524	92540.4	41633	41632.4
O16	14895.1	0.293381	92711.5	41755.8	41755.5
Mn54	50232.4	0.438952	76381.5	26565.5	17338.6
O16	14895.1	0.204529	63982.2	9065.26	9064.53
Mg26	24196.5	0.19072	41210.4	1485.64	1485.16
O16	14895.1	0.194745	44414.2	5963.7	5963.49
O16	14895.1	0.198793	52602.8	8133.35	8132.63
Mg24	22335.8	0.131711	86411.3	37402.7	37402
O16	14895.1	1.12293	79905.6	33361.8	33360.5
O16	14895.1	0.231301	74175.1	29763.5	29763.2
O16	14895.1	0.195542	34609.7	2530.95	2530.41
Mg24	22335.8	0.338305	91293	40250.9	40249.8
O16	14895.1	0.558602	57539.6	6214.41	6213.71
Si28	26053.2	0.190052	60454.7	17154.6	17153.2
O16	14895.1	0.72237	78771	32345.9	32345
Si28	26053.2	0.120298	76303.3	29849.7	29849
Mg24	22335.8	0.299508	70868.6	25894.2	25893.7
O16	14895.1	0.431379	51434	12440.2	12439.6
Si28	26053.2	0.170193	82434.1	34729.4	34728.9
O16	14895.1	0.443241	58498.5	18922.9	18922.2
O16	14895.1	0.387626	45441.6	8568.27	8567.63
O16	14895.1	1.05355	68562.1	25191.5	25190.4
O16	14895.1	0.241283	98621.2	45435.9	45434.4
O16	14895.1	0.190194	78399.5	30627.1	30626.7
O16	14895.1	0.3015	69329.8	23753.5	23753
O16	14895.1	0.236795	65148.8	21164.6	21163.5
O16	14895.1	1.19335	81915.8	31641.1	31639.5
Si28	26053.2	0.486717	76716.5	27824.7	27824.2
O16	14895.1	0.614866	67123.1	20410.4	20409.7
Fe56	52089.8	0.067765	52039.6	8438.37	8437.95
O16	14895.1	0.622921	45006.8	3924.59	3923.73
O16	14895.1	0.212823	42321.6	1984.89	1983.35
Si28	26053.2	0.181688	89585	39694	39693.3
O16	14895.1	0.264592	74683	30163.9	30162.7
O16	14895.1	0.250025	52240	14650.3	14649.8
O16	14895.1	0.365438	51697.3	14293.4	14292.6
Si28	26053.2	0.373003	83612	27112.6	27112
O16	14895.1	0.281625	63932.8	13500.2	13499.7
N14	13040.2	2.2245	58068.3	16402.6	15889.9
Si28	26053.2	0.116767	96389.7	43583.5	43583
Si28	26053.2	0.138794	71806.2	25480.2	25479.3
Si28	26053.2	0.149128	68126.3	22575.3	22575.2
Si28	26053.2	0.884167	57027.4	15583.7	15582.6
Si28	26053.2	0.193097	40307	4016.3	4015.53
Mg24	22335.8	0.241604	97813.8	42532.3	42531.6
neutron	939.565	13.2824	93822.1	38710.6	38446.9
neutron	939.565	6.48545	93822.1	38710.6	38446.9
neutron	939.565	4.04619	93822.1	38710.6	38446.9
neutron	939.565	2.03514	93822.1	38710.6	38446.9
alpha	3727.38	19.8289	93822.1	38710.6	38446.9
alpha	3727.38	3.85599	93822.1	38710.6	38446.9
Si28	26053.2	0.257451	78206	27725.6	27724.2
Si28	26053.2	0.118183	71334.5	23024.3	23023.2
Fe56	52089.8	0.0839525	68856.9	21438.3	21437.6
Mg24	22335.8	0.144929	97242.2	44404.5	44404.1
O16	14895.1	0.200763	94065.9	42254.5	42253.8
O16	14895.1	0.458449	55441.1	9384.31	9383.17
O16	14895.1	0.299294	55107.3	9177.87	9176.92
Mg24	22335.8	0.169205	66979.5	23851.9	23851.6
Si30	27913.2	0.155055	58167	12092	12091.3
O16	14895.1	1.09653	67712.3	21568.5	21567.1
neutron	939.565	222.619	50373.3	13060	12459.3
Ne22	20479.7	0.363982	50373.3	13060	12459.3
Mg26	24196.5	0.257408	81740.5	34526.7	34526
O16	14895.1	0.350281	99631	46179	46178.6
Si28	26053.2	0.17471	90308.8	39957	39956.8
Mg24	22335.8	0.175347	88374.5	39041.1	39040.9
O16	14895.1	0.430299	73486.1	26569.5	26568.9
neutron	939.565	3.49153	57848.9	15385.2	14462.4
N14	13040.2	0.933421	57848.9	15385.2	14462.4
O16	14895.1	0.189548	46283.6	6699.73	6699.43
O16	14895.1	0.779822	93558.8	41787.9	41787
Si28	26053.2	0.162333	83194.5	34836.7	34836.2
Mg24	22335.8	0.183647	76235.4	30198.3	30197.5
neutron	939.565	0.321085	70630.2	26460.2	25649.7
N13	12111.2	0.770344	70630.2	26460.2	25649.7
Mg24	22335.8	0.197925	85904.7	36201.4	36201.1
O16	14895.1	0.577056	57169.9	18009.9	18008.8
C14	13040.9	2.78253	98809.2	45170.3	44232.4
O16	14895.1	0.218431	73214	25274.5	25272.9
Si28	26053.2	0.946659	46796.1	8218.56	8217.57
O16	14895.1	0.319334	85072.2	33641.2	33640.3
O16	14895.1	0.48627	77718	28304.6	28303.7
O16	14895.1	4.74134	50420.4	10502.5	10497.5
Mg24	22335.8	0.380267	86216.7	34712.5	34711.9
N15	13968.9	0.387526	51166.9	8230.1	7907.93
O16	14895.1	0.285747	41554.3	1811.83	1810.5
O16	14895.1	0.210069	71404.9	26080	26078.7
Mg24	22335.8	0.179452	55820.1	14919.3	14918.7
Si28	26053.2	0.376664	41981.7	5203.9	5203.14
Mg24	22335.8	0.499564	40852.9	4572.93	4570.59
Mg24	22335.8	0.131498	61434	20194.4	20193.4
Si28	26053.2	0.1425	98317.5	45228.9	45228.6
Mg24	22335.8	0.142284	59647.1	17733.9	17733.6
O16	14895.1	0.198549	56346.2	12890.7	12890.5
Fe56	52089.8	0.0707558	53666.6	10536.9	10536.8
Mg24	22335.8	0.462129	42280.5	3303.65	3303.13
Si29	26984.3	0.175361	87981.6	38945.4	38944.9
Si28	26053.2	0.121867	63108.6	21038.7	21038.6
O16	14895.1	0.209339	52856.4	14298.4	14298
O16	14895.1	0.212413	46211.8	9479.29	9479.02
Si29	26984.3	0.111835	67708.1	25600.4	25599.3
Si28	26053.2	0.123028	88854.7	38215.6	38215.4
Mg25	23268	0.126196	35644.3	1912.26	1911.94
Mg24	22335.8	0.136388	69085.2	24576.5	24576.2
Si28	26053.2	0.481206	58645.2	17370.3	17369.4
O16	14895.1	0.359019	52396.2	12940.9	12940.4
O16	14895.1	0.200329	46926.6	8211.77	8210.84
O16	14895.1	0.260925	70574.3	23278.5	23278.1
Si28	26053.2	0.110093	74027.9	28002.4	28002.3
Si28	26053.2	0.395645	85476.9	28838.8	28837.5
Si30	27913.2	0.122653	75997.7	22564	22563.6
Mg24	22335.8	0.171723	85455.8	37089.6	37089
Si28	26053.2	0.217104	45531.6	2712.73	2711.75
Mg24	22335.8	0.166874	96584.6	44205.3	44204.7
Si28	26053.2	0.236024	58637.8	17701.2	17699.4
neutron	939.565	138.87	95085.8	43117.4	41276.4
neutron	939.565	42.5473	95085.8	43117.4	41276.4
neutron	939.565	13.182	95085.8	43117.4	41276.4
neutron	939.565	2.76491	95085.8	43117.4	41276.4
neutron	939.565	1.58372	95085.8	43117.4	41276.4
He3	2808.39	29.1025	95085.8	43117.4	41276.4
N15	13968.9	10.5778	95085.8	43117.4	41276.4
Si28	26053.2	0.210663	90675.2	38541.5	38541.2
O16	14895.1	0.509076	72904.3	26043.1	26041.7
O16	14895.1	1.54077	51060.1	7381.16	7379.4
Mg24	22335.8	0.268787	45232.5	3389.96	3389.59
O16	14895.1	1.33167	75751.8	30870.9	30868.6
Si28	26053.2	0.172448	49494.3	7688.16	7687.9
O16	14895.1	0.284029	40470.7	1853.47	1853.13
Mg24	22335.8	0.148442	86303.4	37070.6	37070.4
O16	14895.1	0.29092	84437.5	35522.3	35521.9
O16	14895.1	0.547739	36434.1	816.79	816.042
O16	14895.1	0.205585	63521.4	20480.7	20480.5
O16	14895.1	0.191511	50939.4	11974.6	11973.8
Mg26	24196.5	0.124843	91196.7	40331.9	40330.9
O16	14895.1	0.509236	78879.6	30703	30702.3
O16	14895.1	0.209687	61015.2	16986.1	16985.9
O16	14895.1	0.3123	39952.6	3223.29	3222.12
Si28	26053.2	0.139092	68545.9	24933.8	24933.6
O16	14895.1	0.367147	66936.8	23520	23519.5
O16	14895.1	0.233604	50111.7	11026.4	11026.1
O16	14895.1	0.509313	95032.8	41735.8	41734.7
O16	14895.1	0.232832	92020.5	38833.2	38832.5
Si29	26984.3	0.254871	57451.1	6259.07	6258.32
O16	14895.1	0.221009	69458.2	24489.6	24488.7
O16	14895.1	0.986974	60354	18039.6	18038.2
C14	13040.9	3.77842	89147.5	37901.6	37489.7
O16	14895.1	0.289182	85612.8	33582.9	33582.2
Fe56	52089.8	0.082978	74522.5	26188.7	26188.4
Mg24	22335.8	0.155371	66399	17311.5	17311.3
neutron	939.565	6.29963	76160.8	29734.6	29336.2
neutron	939.565	5.06037	76160.8	29734.6	29336.2
neutron	939.565	4.09285	76160.8	29734.6	29336.2
neutron	939.565	0.906458	76160.8	29734.6	29336.2
Ne20	18617.7	7.37875	76160.8	29734.6	29336.2
O16	14895.1	0.571685	68751.7	22981.4	22980.3
O16	14895.1	0.2418	57032.6	14950.1	14949.8
O16	14895.1	0.222141	94751.5	38212.8	38211.5
O16	14895.1	0.227105	49702.4	3405.36	3403.86
O16	14895.1	0.968279	93787.8	42308.5	42307.3
Si28	26053.2	0.373591	85047.4	36300.3	36299.7
Mg24	22335.8	0.219839	42102.4	5791.88	5791.5
Mg24	22335.8	0.228317	92329.5	40986.9	40986.3
Mg24	22335.8	0.127975	62015.8	17102.2	17101.6
O16	14895.1	0.201801	60537.9	18689.1	18688.9
Mg26	24196.5	0.394324	51648.9	11720	11719.3
Mg24	22335.8	0.138681	98410	45510	45509.9
Mg24	22335.8	0.334772	35826.5	222.067	221.053
Mg24	22335.8	0.134828	59025.2	13183.5	13181.9
O16	14895.1	0.601405	44349.8	2642.66	2641.82
O16	14895.1	0.266229	91924.7	35708.8	35708.5
O16	14895.1	0.6205	69203.3	19734.3	19733.3
Si28	26053.2	0.480398	48021.9	5703.08	5701.93
O16	14895.1	0.661729	89782.6	39601.3	39599.7
O16	14895.1	0.926832	51871.4	10610.1	10609
Si28	26053.2	0.114791	40746.1	3237.4	3237.19
O16	14895.1	0.226931	92749.4	41887	41886.2
O16	14895.1	0.638719	84833.9	36529.9	36529
O16	14895.1	0.24264	62008.8	18572.3	18571.8
O16	14895.1	0.758883	48865.3	10043.1	10042.1
O16	14895.1	0.387814	80587.2	32792.5	32792
O16	14895.1	0.232136	64019	19785.1	19784.5
Mg24	22335.8	0.240255	70328.7	24019.6	24018.8
O16	14895.1	0.22974	38759.9	4289.51	4288.85
neutron	939.565	597.656	92847.2	41547.1	39340.6
C13	12109.5	0.445196	92847.2	41547.1	39340.6
Si28	26053.2	0.219789	75026.6	23650.5	23649.9
Si28	26053.2	0.234246	75827.3	27269.3	27268.1
Si28	26053.2	0.223505	52449	7395.94	7395.66
Fe56	52089.8	0.105062	86716.2	36621.3	36621.1
Mg24	22335.8	0.200968	76557.2	29848.6	29848.3
Mg24	22335.8	0.254051	74550.3	28593.8	28593.2
O16	14895.1	0.237984	97280.1	44235.6	44235.3
Si28	26053.2	0.109509	95271	41477.4	41477.2
Si28	26053.2	0.190218	53844.4	11248.9	11248.2
Mg24	22335.8	0.130505	88688.8	38229.8	38227.8
Mg24	22335.8	0.311646	88544.5	38102.3	38101.9
Mg24	22335.8	0.320719	83602.2	35065.9	35064.1
Si28	26053.2	0.184054	80380.7	33855.2	33854.6
Si28	26053.2	0.122573	42476.6	7408.63	7407.99
Fe56	52089.8	0.0928262	99748.6	46262.5	46262.3
O16	14895.1	0.902239	90217.8	38340.7	38339.1
Mg24	22335.8	0.217405	67498.2	21771.1	21770.8
O16	14895.1	0.670785	74363.9	28526.7	28525.9
Mg24	22335.8	0.213854	60608.5	18357.2	18356.8
O16	14895.1	1.14962	63924.7	14438.3	14436.6
O16	14895.1	0.486898	56605.2	9452.49	9451.94
O16	14895.1	0.194658	86069.9	33413.5	33413
Si30	27913.2	0.118093	69553.5	20230	20229.4
O16	14895.1	0.317545	56802.2	11692.5	11691.7
O16	14895.1	0.263832	53574.5	8548.06	8546.78
neutron	939.565	1389.82	98369.9	43969.3	39718.9
neutron	939.565	2.64026	98369.9	43969.3	39718.9
C13	12109.5	1.17559	98369.9	43969.3	39718.9
neutron	939.565	6.25475	84058.4	29958.9	29731.3
Ne21	19550.5	2.44962	84058.4	29958.9	29731.3
O16	14895.1	0.202305	66727.8	22436.6	22435.5
O16	14895.1	0.314278	63864.3	20673.3	20672.6
Si28	26053.2	0.174456	63212.7	20308.9	20308.1
O16	14895.1	0.286609	99392.4	46072.1	46071.8
neutron	939.565	89.3471	83381.5	35087.8	34245.7
N14	13040.2	1.83724	83381.5	35087.8	34245.7
Mg24	22335.8	0.178013	61299	17629.4	17629.2
O16	14895.1	0.465758	97867.4	45137.4	45136.7
Mg24	22335.8	0.137056	97820.2	45113.1	45113
neutron	939.565	1932.26	70951.3	21250.7	18639
neutron	939.565	277.803	70951.3	21250.7	18639
neutron	939.565	246.886	70951.3	21250.7	18639
neutron	939.565	52.9913	70951.3	21250.7	18639
Ne20	18617.7	3.75222	70951.3	21250.7	18639
O16	14895.1	0.412826	93759.3	42430.1	42429.6
O16	14895.1	0.198543	88868.9	39246.9	39245.6
Mg26	24196.5	0.188392	70525.6	26481.1	26480.9
Fe56	52089.8	0.168982	52946.3	13903.2	13902.8
Mg24	22335.8	0.293142	86957	33471.8	33470
O16	14895.1	0.785417	83580.8	30755.7	30754.7
O16	14895.1	0.436261	90689	38721.9	38721.4
Si28	26053.2	0.25619	67860.7	23756.1	23755.7
O16	14895.1	0.417685	98674.7	45388.1	45386.8
O16	14895.1	0.252049	47173.8	8087.04	8086.62
O16	14895.1	0.351122	98511.3	45481.4	45480.3
O16	14895.1	0.251723	56167.1	14942.7	14942.4
Mg26	24196.5	0.397205	83538.9	34216.6	34216
Si28	26053.2	0.209904	76199	28678.8	28678.5
Mg25	23268	0.145685	66659.8	22575.2	22574.9
O16	14895.1	0.319531	43236.4	6892.49	6892.1
neutron	939.565	0.0711548	78552.5	29831.5	29587.1
Ne21	19550.5	0.918501	78552.5	29831.5	29587.1
Si28	26053.2	1.6326	67307.6	19406.4	19404.7
O16	14895.1	0.221712	55519.3	10248.2	10247.8
Si28	26053.2	0.384388	84958.7	36882.7	36882.3
Si28	26053.2	0.201042	64045.4	20466.7	20466.4
Si28	26053.2	0.144704	38755.3	534.202	533.914
O16	14895.1	0.938396	76344.3	29999.1	29997.8
Si28	26053.2	0.303055	64926.7	22132.8	22131.7
Si28	26053.2	0.129178	98792	45633.3	45633.1
O16	14895.1	0.452666	51700.7	12590.5	12589.4
O16	14895.1	0.242095	73546.2	22284.3	22283.4
O16	14895.1	0.404041	53113	8236.68	8236.25
Si28	26053.2	0.176781	42737	1435.22	1434.82
O16	14895.1	0.205769	86307.5	37325.3	37324.5
O16	14895.1	0.368189	57021.6	16056.5	16055.9
Mg24	22335.8	0.350766	99439	46054.7	46054
Si28	26053.2	0.337814	60563.2	20305.7	20305.2
Si28	26053.2	0.344005	94466.4	42907.8	42907.2
Si30	27913.2	0.104687	52402.2	12885.4	12884.4
O16	14895.1	0.367325	58084.4	15347.5	15346.5
O16	14895.1	0.290681	51600.2	10805.9	10805.1
O16	14895.1	0.952101	43487.1	5381.93	5380.98
O16	14895.1	1.16557	57533.5	15859.2	15857.1
O16	14895.1	0.231993	42211.1	5662.75	5662.03
Si28	26053.2	5.67364	46354	4493.94	4487.78
O16	14895.1	0.354631	83538.1	25380.3	25379.8
Mg24	22335.8	0.175788	96695	44315.3	44315
O16	14895.1	2.11953	75936.2	29971.4	29968.2
Fe56	52089.8	0.0972217	65502	21792.8	21792.6
O16	14895.1	0.351545	84363.8	36066.8	36066.5
Si28	26053.2	0.125759	79378.1	32563	32562.9
O16	14895.1	0.203634	78013.2	31738.8	31738.5
O16	14895.1	0.599186	55077.1	15076	15075
Si28	26053.2	0.115876	54104.5	14009.6	14009.5
O16	14895.1	0.38117	42390.1	5946.41	5945.71
Si28	26053.2	0.452791	89108.2	38855.7	38854.5
Mg26	24196.5	0.853738	72021.5	23487.6	23486.5
O16	14895.1	0.234067	48146.9	4959.14	4958.84
Mg24	22335.8	0.180275	99508.4	46087	46086.6
neutron	939.565	1780.32	84627.4	36798.8	30773.5
C12	11174.9	0.211422	84627.4	36798.8	30773.5
O16	14895.1	0.278423	64545	15108.3	15106.8
O16	14895.1	0.351982	67809.8	20873.9	20873.3
Si28	26053.2	0.139129	56763.6	13821.7	13821.4
O16	14895.1	0.869389	40269.8	2891.53	2890.54
Mg24	22335.8	0.349005	81145.5	32945.3	32943.9
Fe56	52089.8	0.102462	62161.3	20434.9	20434.7
O16	14895.1	0.425001	34623	1777.62	1776.87
O16	14895.1	0.248274	63096.8	20145.5	20144.9
O16	14895.1	0.189602	88682.4	34185.4	34184.6
O16	14895.1	0.386529	56070.8	10466.5	10465.3
O16	14895.1	0.189756	87848.3	37360.8	37360
Fe56	52089.8	0.0647866	45482.7	6819.58	6819.23
O16	14895.1	0.461492	95452.8	43456.4	43455.5
O16	14895.1	0.239494	77619.4	29828.6	29828
O16	14895.1	0.747647	76490.6	29138.1	29137.1
Mg25	23268	0.256506	70691	26300.6	26299.9
O16	14895.1	0.249571	60810.2	19412	19411.6
neutron	939.565	17.8124	52878.5	14203.6	2363.32
neutron	939.565	4.82366	52878.5	14203.6	2363.32
alpha	3727.38	8.87029	52878.5	14203.6	2363.32
neutron	939.565	3.44664	52878.5	14203.6	2363.32
C12	11174.9	3.13448	52878.5	14203.6	2363.32
O16	14895.1	0.203025	79071	32813	32812.8
O16	14895.1	0.403686	79533.2	31386.2	31385
O16	14895.1	3.32894	91759.4	40683.4	40679.6
O16	14895.1	0.232419	84530.9	35031.3	35030.9
O16	14895.1	0.229629	99053.3	45646.4	45645.8
Mg24	22335.8	0.41443	98834.5	45505.5	45505
Mg24	22335.8	0.141011	96650.3	44038.4	44038.2
O16	14895.1	0.231258	42046.5	6472.21	6471.91
Si28	26053.2	0.225685	98446.6	45369.4	45368
Si28	26053.2	0.146207	51243.4	9412.94	9412.7
neutron	939.565	433.864	98760	45344.7	43948.5
N14	13040.2	0.663328	98760	45344.7	43948.5
Mg24	22335.8	0.247988	68527.8	20991.5	20990.8
Si28	26053.2	0.558316	42768.4	3990.24	3989.53
O16	14895.1	0.226009	96719.3	43692.7	43692.4
O16	14895.1	0.20291	87000	37074.3	37074.1
O16	14895.1	0.532237	83481	32527.7	32527.2
Mg24	22335.8	0.238918	75581.8	29945.3	29945
O16	14895.1	0.278679	62340.7	19471.8	19471.5
O16	14895.1	0.414725	53461.2	14012.5	14012.1
O16	14895.1	0.230424	49379.4	11109.8	11109.2
O16	14895.1	0.286802	46143	9118.35	9118.06
O16	14895.1	0.586418	99885.2	46349.2	46347.7
neutron	939.565	110.36	99530.5	46154.3	45908.5
neutron	939.565	17.6112	99530.5	46154.3	45908.5
neutron	939.565	4.43194	99530.5	46154.3	45908.5
alpha	3727.38	36.2326	99530.5	46154.3	45908.5
Be7	6534.18	8.73309	99530.5	46154.3	45908.5
Mg24	22335.8	0.178717	51956.6	12476.4	12476.2
Fe56	52089.8	0.0784464	63693.2	20301.1	20301
O16	14895.1	0.196476	94179.6	40116.7	40116.5
O16	14895.1	0.196712	76291.8	28535.6	28535.2
Mg24	22335.8	0.150872	51376.2	7194.67	7193.82
O16	14895.1	2.38784	41004.2	244.438	241.933
Si28	26053.2	0.165289	53110.1	9425.28	9424.72
Si28	26053.2	0.120931	65805.3	20787	20786
O16	14895.1	0.25455	44973.2	4957.66	4957.37
Si28	26053.2	0.122292	42319.2	3388.43	3388.22
neutron	939.565	132.156	78477.7	31953.5	31485.4
neutron	939.565	1.88528	78477.7	31953.5	31485.4
N13	12111.2	3.48552	78477.7	31953.5	31485.4
Fe56	52089.8	0.0834159	60494.9	18749.6	18747.7
Si28	26053.2	0.159981	70442.4	26615.1	26614.4
Fe56	52089.8	0.0544484	58936.4	17986.9	17986.8
Mg26	24196.5	0.17591	84502.6	35241.2	35240.7
neutron	939.565	30.3212	79087.7	30080.6	29814.6
neutron	939.565	5.87098	79087.7	30080.6	29814.6
C12	11174.9	2.4541	79087.7	30080.6	29814.6
Si28	26053.2	1.29582	75844.1	27072.3	27070.9
Fe54	50231.2	0.0568646	81531.7	29908.2	29907.9
O16	14895.1	0.314581	61513.5	18752.2	18751.5
Si28	26053.2	0.25419	38903.7	926.784	926.222
O16	14895.1	0.24465	72268.7	28884.7	28884.4
Si28	26053.2	0.230004	88669.6	38475	38474.6
Si28	26053.2	0.248869	63805.9	14862.7	14862.3
O16	14895.1	1.31779	95842.1	40268.6	40266.9
Mg25	23268	0.218786	96033.4	43942.5	43942.1
O16	14895.1	0.546202	53150.7	12469	12468.4
O16	14895.1	0.396097	41250	4067.85	4067.42
neutron	939.565	2.44226	55608.6	14784.1	14560.5
Na25	23272.4	0.606337	55608.6	14784.1	14560.5
Si28	26053.2	0.13445	36442.9	2777.3	2776.38
O16	14895.1	0.333215	59864.4	14835.2	14834.6
neutron	939.565	880.962	96984.8	44564.4	40250.8
neutron	939.565	3.55301	96984.8	44564.4	40250.8
C12	11174.9	0.286524	96984.8	44564.4	40250.8
Si29	26984.3	0.411874	68744.6	21480.1	21478.1
O16	14895.1	0.564441	83221.7	34393.4	34392.5
O16	14895.1	0.402908	59849.1	16136.5	16136
O16	14895.1	0.394764	49583.5	9507.59	9506.85
Mg24	22335.8	0.229167	71938.7	24619.3	24618.8
O16	14895.1	0.249433	64671.7	19646.3	19645.5
Si28	26053.2	0.199721	43146.6	5617.95	5617.61
Fe56	52089.8	0.786882	65005.6	15264.3	15263.1
O16	14895.1	0.588989	86573	36825.5	36824.6
Si30	27913.2	0.138248	85029.1	35452.8	35452.4
O16	14895.1	0.359936	77910.3	30896.3	30895.7
O16	14895.1	0.288466	68360.4	24623.9	24623.6
O16	14895.1	1.06634	36675	2788.02	2786.43
O16	14895.1	0.435243	85574.1	36014.1	36013.7
O16	14895.1	0.252806	66678.4	21845.3	21844.8
O16	14895.1	0.231694	64460.6	20399.8	20399.5
Si28	26053.2	0.881933	95134.1	42788.8	42787.2
Si28	26053.2	0.159674	89883.6	39896.4	39895.7
O16	14895.1	0.462673	45747.4	6977.54	6976.89
O16	14895.1	0.231233	52827.8	8116.05	8115.54
Mg26	24196.5	0.349391	41011.5	128.653	128.102
neutron	939.565	0.678103	83053.5	33246.9	32703.4
C13	12109.5	2.57478	83053.5	33246.9	32703.4
Si28	26053.2	0.211452	99656.2	45794	45793.8
Mg24	22335.8	0.412312	76398.9	29700.9	29700.5
O16	14895.1	0.23698	52681.5	13731.3	13730.4
Si28	26053.2	0.241507	38870.2	5015.14	5014.89
O16	14895.1	0.288026	95913.5	41435	41434.4
Si28	26053.2	0.125446	42858.2	3487.59	3487.44
Mg25	23268	0.282091	50079.7	11097.5	11097
O16	14895.1	0.335744	60243.9	18945.3	18944.6
neutron	939.565	1511.39	94748.1	43252.6	38798.8
C13	12109.5	1.13967	94748.1	43252.6	38798.8
Mg24	22335.8	0.210363	73012.2	24294.6	24294.3
Si28	26053.2	0.114295	71494.6	22765.4	22765.2
O16	14895.1	0.580958	53569.1	11209.1	11208.1
O16	14895.1	0.211825	93731.5	42023.6	42022.6
O16	14895.1	0.279965	60811.4	15431.5	15430.3
O16	14895.1	0.41584	60171.1	14928	14927.6
O16	14895.1	0.322462	37185.5	3818.92	3817.92
O16	14895.1	0.20336	84360.2	36012.4	36012.2
Si28	26053.2	0.89894	55380	16307.4	16306.2
O16	14895.1	0.273711	46740.2	10919	10918.5
Mg24	22335.8	0.243222	84655.1	28204.1	28202.7
O16	14895.1	0.595447	96633	44276.6	44275.8
O16	14895.1	0.244925	77438.7	29407.1	29406.3
O16	14895.1	0.21752	41287.8	2380.25	2379.55
neutron	939.565	0.143787	98239.3	45329.6	43883
B12	11188.7	0.600103	98239.3	45329.6	43883
O16	14895.1	0.196806	46340.6	7944.16	7943.73
O16	14895.1	0.197092	36613.8	843.64	842.384
O16	14895.1	0.607369	92352	39712.4	39710.2
O16	14895.1	2.871	76382	19864.7	19861.6
O16	14895.1	0.380281	56981.9	6851.06	6850.61
Fe56	52089.8	0.0586401	56461.7	6557.39	6557.31
O16	14895.1	0.431734	53170.7	4492.58	4491.96
Mg24	22335.8	0.360684	92733.9	41507	41505.8
O16	14895.1	0.370969	61991.8	20991.2	20990.6
O16	14895.1	0.973636	97123.3	42395.7	42394.1
Mg24	22335.8	0.233766	90466.2	39904.3	39904
Mg24	22335.8	0.18707	48990	11336.1	11335.8
O16	14895.1	0.830968	35635.6	2976.32	2975.23
O16	14895.1	0.20723	98549.7	45202.9	45202.5
O16	14895.1	0.210717	57274.6	16091.2	16090.9
Si28	26053.2	0.22001	70972.6	26255.9	26255.5
O16	14895.1	0.262016	67255	23793.6	23792.9
neutron	939.565	73.4382	54779.7	15430.4	15096.4
neutron	939.565	9.93185	54779.7	15430.4	15096.4
neutron	939.565	9.356	54779.7	15430.4	15096.4
neutron	939.565	3.00575	54779.7	15430.4	15096.4
neutron	939.565	1.75094	54779.7	15430.4	15096.4
He3	2808.39	9.54997	54779.7	15430.4	15096.4
O16	14895.1	2.67379	54779.7	15430.4	15096.4
O16	14895.1	0.244855	68424.5	23890.7	23889.8
O16	14895.1	0.303672	52312.5	12414.5	12413.8
neutron	939.565	14.4802	67384.4	24357.8	23272.9
neutron	939.565	8.73499	67384.4	24357.8	23272.9
neutron	939.565	6.6753	67384.4	24357.8	23272.9
neutron	939.565	6.52849	67384.4	24357.8	23272.9
neutron	939.565	6.4056	67384.4	24357.8	23272.9
He3	2808.39	11.0692	67384.4	24357.8	23272.9
alpha	3727.38	4.16488	67384.4	24357.8	23272.9
C12	11174.9	3.57734	67384.4	24357.8	23272.9
O16	14895.1	0.677538	96858.5	44439.3	44438.3
O16	14895.1	0.222353	44044.7	4840.97	4840.68
Si28	26053.2	0.112388	94580	42714.3	42714.2
Mg24	22335.8	0.20736	87609.3	37542.5	37542.2
O16	14895.1	0.230825	51319.1	7620.38	7619.8
O16	14895.1	1.06497	71162.7	25233.3	25231.8
Si28	26053.2	0.175062	91727.7	40500.5	40500
Mg24	22335.8	0.128344	44127.6	6903.54	6903.4
O16	14895.1	1.80313	78236.3	31523.1	31520.6
Mg26	24196.5	0.191658	37836.7	958.92	958.565
O16	14895.1	0.413871	74853.6	27801.9	27801.2
O16	14895.1	0.212767	65477.8	15947.1	15946.1
Mg25	23268	0.18119	89284.9	37853.4	37853.2
O16	14895.1	0.311209	85707.7	35187	35186.5
O16	14895.1	0.279558	83822.9	34171.3	34170.2
O16	14895.1	0.357548	81076.7	31888.6	31887.3
O16	14895.1	0.204528	78172	29759.3	29758.4
Si28	26053.2	0.119292	42034.9	3983	3982.77
Si28	26053.2	0.321334	97488.1	44507.2	44506.8
Mg24	22335.8	0.154265	45892.9	6969.31	6968.67
Si28	26053.2	0.122886	91938.8	39614.4	39614.2
O16	14895.1	0.204588	79205.6	26620.4	26620
Mg24	22335.8	0.189773	66486.9	16171.7	16171.1
O16	14895.1	0.200967	59572.3	11643.9	11643.3
Fe56	52089.8	0.126456	98531.4	45598.6	45597.6
O16	14895.1	1.2456	49505.6	9481.59	9479.95
Si28	26053.2	0.120177	43955.8	288.48	288.281
neutron	939.565	143.945	93762.1	41965.1	41054.4
N14	13040.2	3.29831	93762.1	41965.1	41054.4
Mg24	22335.8	0.175395	63980.9	18097.9	18097.6
Mg24	22335.8	0.572349	62055	16672.3	16671.5
O16	14895.1	0.461317	44401.8	3607.17	3606.65
O16	14895.1	0.225795	87859.1	38329.4	38328.4
Mg24	22335.8	0.138123	81459.6	33506.7	33505
O16	14895.1	0.320723	80180	32711	32710.5
O16	14895.1	0.205643	80457.9	31331.7	31331
O16	14895.1	0.235841	90416.9	39685.5	39685.2
O16	14895.1	0.279627	50899.8	6775.81	6774.14
Si28	26053.2	0.10939	48773.1	8192.13	8192
Mg24	22335.8	1.40003	97822	44879.8	44878.1
O16	14895.1	0.623403	72151.5	24946.8	24945.3
Si28	26053.2	0.215405	59627.6	16183.8	16183.6
O16	14895.1	2.01275	76968.1	24942.3	24940.3
O16	14895.1	0.343421	41495.6	7187.95	7187.43
O16	14895.1	0.21817	40021.9	4231.21	4229.68
O16	14895.1	0.268691	45510.9	5262.63	5261.4
Si28	26053.2	0.15434	42872.5	3446.2	3446.02
O16	14895.1	1.16921	75469	30318.1	30316.4
Si28	26053.2	0.470615	93985.8	42678.5	42677.5
Fe56	52089.8	0.838447	92648.1	41435.6	41434.7
Si28	26053.2	0.161119	59125.2	17580.7	17580.4
Si28	26053.2	0.350719	54095.5	14299.1	14298.7
O16	14895.1	0.305636	53270.4	13786.5	13785.7
Si28	26053.2	0.145182	40098.9	5433.34	5433
Si28	26053.2	0.525619	34373	1960.21	1958.12
Al26	24200	0.829459	76243.9	27473.3	27076.1
Fe56	52089.8	0.14618	58631.8	14717	14715.5
Mg24	22335.8	0.192547	47340.6	7630.29	7629.58
O16	14895.1	0.191392	44182.1	6837.16	6836.85
Si28	26053.2	0.228335	81778	33382.2	33381
Si28	26053.2	0.25695	47726.8	11190.3	11189.8
Si28	26053.2	0.113343	90577.8	37398.1	37397.9
Mg26	24196.5	0.695368	68428.3	22942.1	17755
O16	14895.1	1.53314	53499.5	7833.83	7831.96
Mg26	24196.5	0.119641	45359.7	6545.18	6544.79
Si28	26053.2	0.186454	42793.5	4775.44	4774.27
neutron	939.565	15.9359	88954.1	37782.2	31865.5
neutron	939.565	6.2973	88954.1	37782.2	31865.5
neutron	939.565	1.33912	88954.1	37782.2	31865.5
alpha	3727.38	6.91596	88954.1	37782.2	31865.5
Be7	6534.18	9.5715	88954.1	37782.2	31865.5
O16	14895.1	0.622622	53010.8	6117.54	6116.92
O16	14895.1	3.14811	58060.5	17020.8	17017.4
Si28	26053.2	0.170856	39376.3	4627.36	4627.08
Si28	26053.2	0.116272	37971.5	3776.15	3775.91
Mg26	24196.5	0.183864	56358.1	7360.34	7359.56
Mg24	22335.8	0.568433	96479.2	42799	42797.5
O16	14895.1	0.726861	93789	41571.3	41570.5
O16	14895.1	0.304766	84103.7	34096.4	34095.4
O16	14895.1	0.208236	73995.5	26811.6	26810.6
O16	14895.1	0.192981	50543	12150.3	12150.1
Si28	26053.2	0.163043	54726.2	14237.4	14236.1
O16	14895.1	0.228941	98689	45549.9	45548.3
Mg25	23268	0.172666	65868.1	23274.2	23273.4
O16	14895.1	0.437269	53577.7	9743.18	9741.33
O16	14895.1	0.248022	44256.4	3708.09	3707.17
O16	14895.1	0.477017	99868.1	46325.2	46324.6
O15	13971.2	0.101556	85940.7	36282.9	36067.8
O16	14895.1	0.207545	70201	22428.3	22427.4
O16	14895.1	0.189939	75813.6	27016.8	27016.1
O16	14895.1	0.234765	35758.4	516.779	516.16
O16	14895.1	0.300307	57129.9	12497.2	12496.5
C14	13040.9	0.610612	80199.2	32196.8	31295.1
O16	14895.1	0.592387	69298.4	23886.6	23885.8
O16	14895.1	1.41925	51212.3	11779	11777.6
Mg24	22335.8	0.139718	40035.2	3631.31	3630.98
Mg24	22335.8	0.151203	75613.5	28545.4	28545.2
O16	14895.1	0.245803	66487.7	22354.4	22352.1
O16	14895.1	0.432146	42887.1	5067.06	5066.53
Mg24	22335.8	0.23022	37174.2	1604.89	1604.01
neutron	939.565	2.01794	62770.9	20326	19976.3
N14	13040.2	2.88575	62770.9	20326	19976.3
Si28	26053.2	0.141251	43814.6	8379.1	8378.91
neutron	939.565	244.717	81008	32241.3	31056.3
neutron	939.565	59.6893	81008	32241.3	31056.3
neutron	939.565	9.97462	81008	32241.3	31056.3
neutron	939.565	3.10532	81008	32241.3	31056.3
neutron	939.565	1.54425	81008	32241.3	31056.3
N15	13968.9	0.356588	81008	32241.3	31056.3
Mg24	22335.8	0.169679	80343.1	30648.7	30648
Mg24	22335.8	0.14598	48003.5	5350.21	5349.35
Si28	26053.2	0.199565	92019.9	40970.1	40966.9
O16	14895.1	0.233799	73231	27938.1	27937.4
O16	14895.1	0.382818	61916.4	20133.5	20133.1
O16	14895.1	0.200149	58595.1	17936.4	17936.1
O16	14895.1	0.238639	80011.2	32120.4	32119
O16	14895.1	0.649253	85892.8	35566.4	35565.6
O16	14895.1	0.949189	62074.6	19318.5	19317
O16	14895.1	0.214303	43885.4	5664.19	5663.76
O16	14895.1	0.305335	56273	15083.5	15083
O16	14895.1	0.226559	39718.6	4468.44	4467.49
O16	14895.1	0.211393	54879.5	12904.6	12904.1
Si28	26053.2	0.140991	84257.9	34384.9	34384.2
Si29	26984.3	0.107974	59021.9	16742.6	16742.4
Mg24	22335.8	0.20479	93313.2	41781.3	41779.7
neutron	939.565	1.96841	90344.9	39884.4	39569.7
neutron	939.565	1.34289	90344.9	39884.4	39569.7
Na23	21409.2	2.88161	90344.9	39884.4	39569.7
Mg24	22335.8	0.163222	89976.4	39294.2	39293.6
O16	14895.1	0.274256	57516.9	14450.6	14450.3
Si28	26053.2	0.134046	94677.7	42661.4	42660.7
O16	14895.1	0.492669	37718.4	576.166	575.431
O16	14895.1	0.197984	42528.7	3879.74	3879.25
Mg26	24196.5	0.136303	94856.3	43317.1	43316.6
O16	14895.1	0.470709	94705.3	43231.7	43231.2
Si28	26053.2	0.187415	75857.7	30098.6	30098.4
O16	14895.1	0.214192	48651.2	11842.4	11841.4
O16	14895.1	0.311482	41026	6676.41	6676.05
O16	14895.1	0.227264	36213.9	3255.5	3254.97
Mg25	23268	0.279554	54100.1	8555.6	8554.9
Si28	26053.2	0.119749	38165.5	4974.26	4973.69
O16	14895.1	0.205179	99108	45878.5	45877.1
Fe56	52089.8	0.156646	97026.6	44628.8	44628.3
Si28	26053.2	0.716187	87624.7	38560.8	38559.4
O16	14895.1	0.299528	50159.1	10236.3	10235.7
Si28	26053.2	0.118133	37398.4	1878.44	1878.11
Mg25	23268	0.544964	82617.7	29990.4	29989.8
Si28	26053.2	0.115201	58437.3	13880.2	13880
O16	14895.1	0.341477	80441	32231.7	32231.4
O16	14895.1	0.440235	44210	8193.44	8192.98
O16	14895.1	0.269396	93125.6	41676.9	41676.2
O16	14895.1	0.553037	79845.1	32682.1	32680.7
Si28	26053.2	0.399198	69440.7	25847.6	25846.4
O16	14895.1	0.284725	47166.3	10033.4	10033
O16	14895.1	0.384922	77021.3	30331.6	30331
O16	14895.1	0.2031	39993.6	3360.6	3359.64
Fe56	52089.8	0.066512	82031.8	34176.9	34176.3
Si28	26053.2	0.117851	96937.9	43804.7	43804.6
Si28	26053.2	0.566476	81625.8	33247.5	33246.4
O16	14895.1	0.349754	74019.1	27071	27070.6
neutron	939.565	175.7	69239	24172.3	23794
neutron	939.565	0.514477	69239	24172.3	23794
C12	11174.9	1.65353	69239	24172.3	23794
O16	14895.1	0.304577	87118.7	37141.2	37140.8
Mg24	22335.8	0.361827	54667.5	12249.8	12249.4
O16	14895.1	3.81426	76947.5	31547.9	31543.5
O16	14895.1	0.502339	99664.6	46210.2	46209.3
Mg24	22335.8	0.136413	93632.2	40651.4	40651.2
Mg24	22335.8	0.191847	86836.7	37506.9	37506.1
Mg26	24196.5	0.324718	65957.1	20843.4	20842.4
O16	14895.1	0.189296	67358.2	19345.7	19344.8
Mg24	22335.8	0.231919	88897.8	38350.8	38350.5
Mg24	22335.8	0.146892	70528.6	23968.4	23968
O16	14895.1	0.195269	81779.1	15364.8	15364.3
Si28	26053.2	0.164013	66565.2	21477.3	21477
Si28	26053.2	0.144372	78332	31698	31697.7
Mg24	22335.8	0.157389	81448.5	33747.4	33746.7
O16	14895.1	0.319797	82175.9	32994.6	32993.5
O16	14895.1	0.318337	96874.7	44457.8	44457.5
O16	14895.1	0.20701	84643.7	35197.7	35196.6
Mg24	22335.8	0.329429	52071.4	1256.22	1255.88
O16	14895.1	0.199578	90869.8	39233.7	39233.2
O16	14895.1	1.35382	85529.2	35572.7	35205.8
O16	14895.1	0.283513	80022.6	31206.8	31205.2
O16	14895.1	0.194371	64501.2	20580.4	20580.1
Fe56	52089.8	0.623204	72091.7	18441	18440.3
Si28	26053.2	0.120531	75328.4	18759.9	18759.1
O16	14895.1	0.246449	64585.2	7032.77	7032.05
Si28	26053.2	0.289504	97142.3	44334.3	44333.9
O16	14895.1	0.367591	82706.1	34552	34551.3
Mg24	22335.8	0.133359	71507	25196.9	25195.7
Mg24	22335.8	0.229792	42646.3	6794.44	6794.19
Si28	26053.2	0.120646	85254.8	35938.8	35938.2
O16	14895.1	0.550998	64965.6	3357.92	3357.24
O16	14895.1	0.521774	38934.8	2804.58	2803.77
O16	14895.1	0.297735	71948	27022.8	27022.4
Si28	26053.2	0.700234	65723.1	23983.2	23982.4
O16	14895.1	0.466068	37645.5	2084.89	2083.91
O16	14895.1	0.393087	71648.5	23902.8	23901.3
Mg26	24196.5	0.443892	94099.7	42021	42019.6
neutron	939.565	0.0923935	86588.5	35753.4	35467.4
C13	12109.5	1.33716	86588.5	35753.4	35467.4
O16	14895.1	0.285214	54658	14315.5	14314.7
Mg24	22335.8	0.161978	71258.3	20491.4	20491.1
Si28	26053.2	0.126919	69911	19475.5	19474.7
O16	14895.1	0.287617	53340.5	6026.46	6025.59
Si28	26053.2	0.759742	97999.4	45153.4	45152.5
Si28	26053.2	0.108605	68891.6	20161.4	20160.3
O16	14895.1	0.573048	44603.7	3051.68	3051.04
O16	14895.1	0.417984	80244.7	33382	33381.4
Si28	26053.2	0.15853	33425	1156.9	1156.51
O16	14895.1	0.302145	95900.4	43672.4	43671.9
Si28	26053.2	0.110751	89403.5	38415.5	38415.4
Mg26	24196.5	4.24273	54488.1	8670.17	8287.28
O16	14895.1	0.479335	95816.5	43594.1	43593.3
O16	14895.1	0.258507	74360.5	25979.5	25978.5
Mg24	22335.8	0.444169	58658.7	15056.8	15056.4
Si28	26053.2	0.215868	78971.8	32120.1	32119.8
Mg24	22335.8	0.188823	97619.3	44719.4	44719
neutron	939.565	551.964	84840.5	36340.9	35352
neutron	939.565	246.795	84840.5	36340.9	35352
neutron	939.565	30.687	84840.5	36340.9	35352
neutron	939.565	16.5733	84840.5	36340.9	35352
alpha	3727.38	4.45387	84840.5	36340.9	35352
alpha	3727.38	16.119	84840.5	36340.9	35352
O16	14895.1	0.460201	70846.8	24658.2	24656.6
Fe56	52089.8	0.20098	44301.9	7839.05	7836.63
Mg24	22335.8	0.400267	37603.7	3495.45	3494.86
Mg24	22335.8	0.157304	50936.2	10157.1	10156.9
Mg25	23268	0.143809	82622.9	35044.6	35044.4
Mg24	22335.8	0.168514	97363.6	44028.1	44027.7
Si28	26053.2	0.123165	40954.8	5562.65	5562.18
O16	14895.1	0.210936	32556.2	170.698	170.203
O16	14895.1	0.211243	82450.2	30651.6	30651.4
O16	14895.1	3.17875	78182.8	27293.2	27289.8
O16	14895.1	0.372326	70718.3	22494.4	22493.4
Si28	26053.2	0.231496	68848.9	21216.3	21215.9
Si28	26053.2	0.136526	83585.2	27844	27843.6
O16	14895.1	0.467692	89707.7	20091.6	20090.8
O16	14895.1	0.72943	49242.5	7350.76	7349.98
Si28	26053.2	0.175821	97322.3	42487.4	42487.1
Si28	26053.2	0.639853	37067.5	786.599	785.898
Si28	26053.2	0.109086	34229	1797.94	1797.78
Si28	26053.2	0.244761	91442	40408.8	40408.5
Mg24	22335.8	0.472527	89979.4	10741.4	10740.7
O16	14895.1	0.295103	67190.1	22905.2	22904.5
O16	14895.1	0.949075	96183.7	43820	43818.6
Si28	26053.2	0.432815	82202.2	32529	32528.1
O16	14895.1	0.191902	46794.2	8374.26	8372.26
O16	14895.1	0.622513	86981	37031.7	37030.8
O16	14895.1	0.213347	84921.6	35643.3	35641.9
O16	14895.1	1.17368	97417.7	44773.3	44771.7
Si28	26053.2	0.249279	48257.3	10213.7	10213.4
Si28	26053.2	0.67355	78045.3	31082.4	31080.6
O16	14895.1	0.390493	53246.9	6929.72	6928.99
Mg25	23268	0.138312	80015.7	29892.9	29892.6
O16	14895.1	0.238119	40952.6	2944.87	2944.5
O16	14895.1	0.195444	47231.7	8340.02	8339.76
O16	14895.1	0.195208	63497.3	18541.5	18541.2
Si28	26053.2	0.113915	51951.9	10780.9	10780.4
O16	14895.1	0.197773	86615.9	33099.6	33099.3
O16	14895.1	0.447062	64027.6	15601.6	15601.1
Si28	26053.2	0.128662	63929.9	15538.8	15538.3
O16	14895.1	0.269147	53739.1	8671.82	8671.17
O16	14895.1	0.298968	80486.8	30903.5	30903.1
O16	14895.1	0.231071	61138.7	17810.2	17808.2
Mg24	22335.8	0.307221	51716.2	11529.5	11528.3
O16	14895.1	0.800918	82670.1	34705.1	34703
O16	14895.1	0.261561	77395.5	29732.8	29732.4
neutron	939.565	39.4221	71159.5	25345.6	2358.75
alpha	3727.38	12.3205	71159.5	25345.6	2358.75
alpha	3727.38	10.9421	71159.5	25345.6	2358.75
alpha	3727.38	4.42023	71159.5	25345.6	2358.75
O16	14895.1	0.210626	95855	42362.7	42362.3
O16	14895.1	0.377626	81397.4	23085.9	23085.1
O16	14895.1	0.24869	79473.6	20522.7	20522
O16	14895.1	0.385029	40635.1	4633	4632.38
Fe56	52089.8	0.0810818	92014	40537	40536.6
O16	14895.1	0.421239	89326	38151	38150.3
O16	14895.1	0.463383	84290.8	34747.7	34746.8
Si28	26053.2	0.422286	62592.1	7559.35	7558.75
O16	14895.1	0.451891	56331.4	3841.67	3841.16
O16	14895.1	0.27238	91637.7	40188.5	40187.5
Si28	26053.2	0.127371	40861.5	4815.57	4814.78
Si28	26053.2	0.300111	94912.5	40758.4	40757.7
Mg25	23268	0.674947	93790.5	40068.8	40068.1
O16	14895.1	0.432226	51570.3	7894.17	7893.31
neutron	939.565	791.798	91880.3	40317.6	35934.9
neutron	939.565	98.2352	91880.3	40317.6	35934.9
neutron	939.565	55.2756	91880.3	40317.6	35934.9
neutron	939.565	43.8079	91880.3	40317.6	35934.9
alpha	3727.38	13.9114	91880.3	40317.6	35934.9
O16	14895.1	2.00973	72535.3	26335.5	26333.3
O16	14895.1	0.27854	87970.5	37123.3	37123
Mg24	22335.8	0.340577	38791.8	2493.6	2493.25
O16	14895.1	0.222014	98900.8	45664.7	45664.3
O16	14895.1	0.236182	87321.9	38006.7	38006.3
neutron	939.565	105.852	81329.9	31052.6	30571.7
neutron	939.565	19.1066	81329.9	31052.6	30571.7
neutron	939.565	12.201	81329.9	31052.6	30571.7
alpha	3727.38	5.05973	81329.9	31052.6	30571.7
O15	13971.2	1.89311	81329.9	31052.6	30571.7
Mg24	22335.8	0.282916	58616.7	15818.3	15818
O16	14895.1	0.254474	52150.4	11883.6	11882.7
O16	14895.1	0.19625	59938.8	18334.5	18334.3
Mg24	22335.8	0.189169	93849.6	42266.7	42266.5
O16	14895.1	1.07487	85195.5	36044.4	36042.9
O16	14895.1	0.284617	74616.4	28954.5	28954
neutron	939.565	296.837	68147.1	24177.9	23549.5
neutron	939.565	96.0835	68147.1	24177.9	23549.5
neutron	939.565	95.3223	68147.1	24177.9	23549.5
neutron	939.565	2.75796	68147.1	24177.9	23549.5
Ne20	18617.7	2.33918	68147.1	24177.9	23549.5
O16	14895.1	0.194356	36549.6	1725.87	1725.41
O16	14895.1	0.19194	98484.6	45372.6	45372.2
O16	14895.1	0.459698	91651.2	41175	41174.5
O16	14895.1	0.190684	92789.4	41896.7	41894.9
O16	14895.1	0.287658	70477	26945.5	26943.8
Si28	26053.2	0.162649	35223.7	3442.23	3441.98
Si28	26053.2	0.412547	67741.7	23396.5	23395.8
neutron	939.565	131.785	61417.5	19073	18288.3
N14	13040.2	0.25602	61417.5	19073	18288.3
O16	14895.1	0.418	57176.1	15563.8	15563.2
Mg24	22335.8	0.410327	78387.2	28324.4	28323.9
Si28	26053.2	0.157593	65628.5	16948.1	16947.7
O16	14895.1	0.514673	54193.1	15564.8	15564.2
Mg24	22335.8	0.15176	88184.5	35068.3	35068.1
Fe56	52089.8	0.223646	85243.8	32448.9	32448
Si28	26053.2	0.115459	62180.5	14735	14733.9
O16	14895.1	0.775228	94150.1	42354.1	42352.6
O16	14895.1	0.231833	84157.3	27989.5	27989
neutron	939.565	84.3861	75920.2	22692.8	22471.9
neutron	939.565	25.2906	75920.2	22692.8	22471.9
neutron	939.565	5.60708	75920.2	22692.8	22471.9
neutron	939.565	4.58113	75920.2	22692.8	22471.9
Mg24	22335.8	3.31992	75920.2	22692.8	22471.9
Si28	26053.2	0.185534	89336.3	33887.8	33887.2
O16	14895.1	0.226673	88346.7	33071.7	33071.2
O16	14895.1	0.333335	86669.5	37814.1	37811.8
O16	14895.1	0.326455	82898.1	35404.5	35404.1
Si28	26053.2	0.113816	74384.4	29489.2	29488.9
Si28	26053.2	0.127461	50402.5	12908	12907.9
O16	14895.1	0.790432	73170.7	26011.2	26010.2
Si28	26053.2	2.44302	99125.2	39129.3	39126.6
O16	14895.1	1.02991	74935.5	21392	21390.9
O16	14895.1	0.231063	57677.8	9225.64	9224.91
O16	14895.1	0.273656	88883	38788.4	38788.1
O16	14895.1	1.18847	71022.5	26856.7	26855.1
O16	14895.1	1.66222	66330.8	23967.7	23965.6
Si28	26053.2	0.109795	77666.7	30088.4	30087.9
O16	14895.1	0.441459	40192.7	5602.2	5601.23
Si28	26053.2	0.168569	99978.7	46404.1	46403.5
O16	14895.1	0.952012	89645.9	37206.8	37205.5
O16	14895.1	0.239188	79488.1	27463.3	27462.9
O16	14895.1	0.583919	88055	27335.9	27333.5
Si28	26053.2	0.314333	49762.3	587.211	586.151
neutron	939.565	0.403545	99209.8	45959	45626.9
N15	13968.9	6.25173	99209.8	45959	45626.9
neutron	939.565	7.44418	83103	34915.7	33041.4
neutron	939.565	2.73058	83103	34915.7	33041.4
alpha	3727.38	4.31757	83103	34915.7	33041.4
Li6	5601.52	3.82678	83103	34915.7	33041.4
O16	14895.1	0.811799	71144.9	21302.3	21301.3
O16	14895.1	0.191061	70445.6	20868.6	20868.1
Si28	26053.2	0.246862	44891.2	2794.54	2794
O16	14895.1	0.205457	99929.8	46372.3	46371.8
O16	14895.1	0.196849	98383.7	45156.8	45155.8
O16	14895.1	0.242349	72950.6	23533.9	23533.2
O16	14895.1	0.5784	69282.9	20951.5	20950.4
O16	14895.1	0.211711	51237.6	8836.63	8835.79
neutron	939.565	146.15	60133.5	18796.1	18513.5
neutron	939.565	91.4101	60133.5	18796.1	18513.5
Mg24	22335.8	0.475715	60133.5	18796.1	18513.5
O16	14895.1	0.206961	93418.7	41259.6	41259.4
Mg24	22335.8	0.156664	90232.9	38214.9	38214.7
neutron	939.565	21.6232	50845.4	7179.98	6916.78
neutron	939.565	7.58719	50845.4	7179.98	6916.78
neutron	939.565	6.07561	50845.4	7179.98	6916.78
neutron	939.565	5.16687	50845.4	7179.98	6916.78
alpha	3727.38	10.2167	50845.4	7179.98	6916.78
alpha	3727.38	1.02189	50845.4	7179.98	6916.78
Mg24	22335.8	0.174216	97288.9	43945.9	43945.3
O16	14895.1	0.236955	77964.1	30101.2	30100.6
neutron	939.565	131.361	61249.3	13372.6	12871
neutron	939.565	75.8344	61249.3	13372.6	12871
neutron	939.565	28.1951	61249.3	13372.6	12871
neutron	939.565	10.3348	61249.3	13372.6	12871
alpha	3727.38	12.3164	61249.3	13372.6	12871
alpha	3727.38	11.9213	61249.3	13372.6	12871
O16	14895.1	0.200753	54684.1	8889.78	8889.55
Si28	26053.2	0.23592	40645.9	408.634	408.134
O16	14895.1	0.196446	78789.1	31439.2	31438.8
Si28	26053.2	0.114821	35210.6	2239.71	2239.33
Si30	27913.2	0.154177	84368	35838	35837.3
O16	14895.1	0.21825	76105.2	30209.2	30208.9
Si28	26053.2	0.16745	93680.1	41820.7	41819.9
O16	14895.1	0.990124	38779.3	3891.12	3889.75
O16	14895.1	0.240865	33010.4	268.473	267.813
Mg24	22335.8	0.15448	78132	31072.1	31071.6
O16	14895.1	0.424874	73120.8	26840.7	26840.1
Mg26	24196.5	0.401151	66478	21928.4	21927.8
O16	14895.1	0.291002	74362.3	24865.6	24863.8
Si28	26053.2	0.19861	61088.3	17485.1	17484.5
O16	14895.1	0.608368	51678.6	10190.4	10189.7
O16	14895.1	0.621828	50223.4	9217.1	9216.43
O16	14895.1	0.201567	48542.6	13306.4	13306.1
Si28	26053.2	0.287484	98084.7	45331.8	45331.2
O16	14895.1	0.289969	72254.5	24605.1	24604.3
O16	14895.1	0.315629	75382.2	29963.4	29963.1
O16	14895.1	0.326357	41593.1	6431.56	6430.69
O16	14895.1	0.416216	37899.1	3941.68	3941.1
O16	14895.1	0.344209	93073.2	40256.8	40256.2
O16	14895.1	0.485671	75312.9	25489.1	25488.3
Mg24	22335.8	0.260457	97902.8	44545.5	44545.2
Si28	26053.2	0.143202	78603	31406.8	31405.8
O16	14895.1	0.548807	62680.6	16883.4	16882.8
O16	14895.1	0.315309	61735.9	16337.9	16337.3
Si28	26053.2	0.108502	61618.5	16265.3	16264.9
O16	14895.1	1.27294	53204.2	10907.5	10906
Si28	26053.2	0.533315	48627	6163.71	6163.12
Si28	26053.2	0.20025	41269.7	6421.96	6421.68
O16	14895.1	0.352647	89226	35307.9	35307.4
Mg24	22335.8	0.261202	62430.5	13239.3	13239
Mg24	22335.8	0.133395	97097.7	44477.7	44477.1
O16	14895.1	0.641906	75826.1	29623.1	29622.4
O16	14895.1	0.345396	94277.7	41829.1	41828.7
O16	14895.1	0.321128	56316	1752.44	1751.96
neutron	939.565	26.6542	80443.8	32121.3	31517.9
C14	13040.9	5.35732	80443.8	32121.3	31517.9
O16	14895.1	0.300404	78319.3	30205.8	30205.2
O16	14895.1	0.401562	51893	9448.9	9448.41
Si28	26053.2	0.1097	49098.5	7524.28	7523.34
O16	14895.1	0.398141	62127.9	16429.8	16429.1
O16	14895.1	0.821754	45033.7	4770.6	4769.36
O16	14895.1	0.845072	92654	41581.3	41580.2
O16	14895.1	0.217505	55783.9	15895.5	15895.2
O16	14895.1	0.35012	40966.5	5466.88	5466
Mg24	22335.8	0.142817	86135.5	36448.1	36447.9
O16	14895.1	0.191073	69744.5	24795.2	24794.7
Si28	26053.2	0.118215	63642	20258.3	20256.4
Fe56	52089.8	0.0752818	72730.9	26445.3	26445.2
Mg24	22335.8	0.156804	59237.7	14909.2	14908
Si28	26053.2	0.253026	50391.7	9328.28	9327.85
O16	14895.1	0.273082	74210	28289.5	28289.1
Si28	26053.2	0.122343	59373.4	16204.5	16204.2
O16	14895.1	0.28515	51911.5	5525.93	5523.78
Fe56	52089.8	0.236816	87612.5	37004.2	37003.8
Mg25	23268	0.330996	75819.4	29343.3	29342.7
O16	14895.1	0.556386	76897.3	30555.4	30554.5
Si28	26053.2	0.139421	61757.1	12728.2	12727.6
O16	14895.1	0.220884	44643	1296.73	1296.05
Si28	26053.2	0.11384	68219.7	8366.35	8365.8
Si28	26053.2	0.125464	77651.3	29829.6	29829.1
O16	14895.1	0.40483	97803.7	44987.1	44986.6
Fe56	52089.8	0.196678	93538.9	41574.7	41573.7
O16	14895.1	0.226198	79316.6	28642.4	28642.1
O16	14895.1	0.261628	90480.4	40057.9	40057.6
Si28	26053.2	0.250754	71713.5	27550.2	27548.4
O16	14895.1	0.203389	71824.1	26605.3	26605
O16	14895.1	0.257336	97356.3	44820.3	44819.9
O16	14895.1	1.14117	91215.9	40400.3	40399
O16	14895.1	0.548019	74104.8	25422.3	25421.5
Si28	26053.2	0.119831	45383.8	978.659	978.198
Mg25	23268	0.132637	81832.1	34302.1	34301.8
Si28	26053.2	0.656952	89961.2	34754.8	34754
Mg24	22335.8	0.129537	85723.4	31102.3	31102
Si28	26053.2	0.209007	87410.6	37615.1	37614.9
O16	14895.1	0.191479	79559	31410.3	31409.6
O16	14895.1	0.319757	59124.4	14931.1	14930.7
Mg26	24196.5	0.294904	95538	42768.5	42768.2
O16	14895.1	0.289207	95338.5	42130.1	42129
Mg26	24196.5	0.160094	74218.3	28219.7	28219.1
O16	14895.1	0.203528	57906.2	16814.7	16814.3
O16	14895.1	0.283484	95167.7	42902.1	42901.7
O16	14895.1	0.756096	79872.6	31646.9	31645.7
Mg24	22335.8	0.298421	79531.4	31425.8	31425.4
O16	14895.1	0.306975	74174.2	28132.5	28132.1
O16	14895.1	0.200715	64729.1	21677.4	21676.7
O16	14895.1	0.249189	46593.3	8412.21	8411.12
Si28	26053.2	0.158951	78934.1	31469.4	31468.5
neutron	939.565	954.64	97872.1	44690.9	43214.9
Ne21	19550.5	0.059963	97872.1	44690.9	43214.9
O16	14895.1	0.208659	44940.8	2114.61	2113.65
Mg24	22335.8	0.239962	66188.4	21991.2	21990.6
Mg24	22335.8	0.139073	41852.3	3045.11	3043.68
Mg24	22335.8	0.134388	41374.1	2646.08	2645.77
Si28	26053.2	0.714938	37189.3	235.751	234.785
O18	16762	0.299375	70389.2	26792.4	26791.7
O16	14895.1	0.731706	44250.8	7828.68	7827.95
O16	14895.1	0.229436	40456.1	5614.14	5613.71
O16	14895.1	0.273909	31473.3	132.499	132.132
O16	14895.1	0.249682	49448.2	10285.6	10285.3
O16	14895.1	0.295849	84915.3	36327.4	36327.1
Si28	26053.2	0.131634	92490.5	35379.7	35379.5
O16	14895.1	0.226474	81672.4	28764.5	28763.9
O16	14895.1	0.815222	48091.7	4531.93	4530.82
neutron	939.565	16.4773	66045.7	19323.1	18946
neutron	939.565	13.3492	66045.7	19323.1	18946
neutron	939.565	11.8212	66045.7	19323.1	18946
neutron	939.565	8.81794	66045.7	19323.1	18946
neutron	939.565	8.35524	66045.7	19323.1	18946
neutron	939.565	2.6526	66045.7	19323.1	18946
He3	2808.39	14.628	66045.7	19323.1	18946
C13	12109.5	4.07876	66045.7	19323.1	18946
O16	14895.1	0.218581	87565.9	38014.1	38013.5
Mg24	22335.8	0.195987	83670	33885.1	33884.4
O16	14895.1	0.294311	65766.6	21572.9	21572.2
O16	14895.1	0.207636	88014.2	38108.2	38107.9
O16	14895.1	0.468067	72895.2	28375.4	28374.6
O16	14895.1	0.221004	84352.2	35899.4	35899.2
Si28	26053.2	0.962581	73775.1	26228.4	26227.3
O16	14895.1	0.410463	98709.4	43961.8	43960.6
Si28	26053.2	0.228029	97856.4	43353.2	43352.8
O16	14895.1	0.372212	94623.9	40697.3	40696.8
Si28	26053.2	0.112088	89054.2	38346.7	38346.4
neutron	939.565	1147.46	80007	31072.1	29585.4
alpha	3727.38	2.44916	80007	31072.1	29585.4
Be8	7454.85	7.28051	80007	31072.1	29585.4
O16	14895.1	0.241853	58780	12937.9	12937.7
Mg24	22335.8	0.146624	62670.5	15575.8	15575.6
O16	14895.1	0.21718	46829.5	5211.36	5210.98
Si28	26053.2	0.172165	92155.7	40995.2	40994.1
neutron	939.565	1.36985	64720.3	21885	21526.3
C13	12109.5	7.52762	64720.3	21885	21526.3
O16	14895.1	3.2174	98758.6	45140.3	45136.8
O16	14895.1	0.444001	75859.3	29021.3	29020
O16	14895.1	0.276053	32496.3	34.596	34.3056
Fe56	52089.8	0.0753916	68014.7	23998	23997.8
O16	14895.1	0.762552	94480.9	42899.2	42898
O16	14895.1	0.301377	40989.3	7429.63	7429.28
Mg24	22335.8	0.455827	73894.1	16792.1	16791.5
Mg24	22335.8	0.184181	72932.3	16207.9	16207.7
O16	14895.1	0.328042	69313.3	14050.6	14050
O16	14895.1	0.20455	66796.3	12396.5	12395.9
O16	14895.1	0.194801	59342.1	13079.9	13078.4
O16	14895.1	0.424852	96322.3	41519.1	41518.4
Si28	26053.2	0.273594	66611.5	17695.5	17695
Mg24	22335.8	0.177733	94564.1	42692.1	42691.9
Mg24	22335.8	0.17203	69941.7	25295.8	25295.6
Mg24	22335.8	0.129421	85411.9	36481	36479.7
O16	14895.1	0.531086	38142.7	1933.56	1932.68
O16	14895.1	0.31169	78498.1	31027.8	31027
O16	14895.1	0.261619	56017.8	12831	12830.6
O16	14895.1	0.24658	97665.4	45016.7	45016.5
O16	14895.1	0.217523	86693.3	31848.6	31848
Mg24	22335.8	0.175728	64002.2	16204.2	16204
Fe56	52089.8	0.168286	59714.2	13918.7	13917.7
Si28	26053.2	0.440992	43045.6	3528.55	3528.11
Mg24	22335.8	0.494897	80516.7	32332.2	32331.4
O16	14895.1	0.260679	59790.8	18785.7	18784.9
O16	14895.1	0.294748	32376.3	866.79	866.021
O16	14895.1	0.246204	68424.4	24383.8	24383.6
Si28	26053.2	0.359604	62856.4	20952.1	20951.3
O16	14895.1	0.675041	76833.2	29845.7	29845
Si28	26053.2	0.237185	56150.7	15915.1	15914.3
Si28	26053.2	0.116957	53992.7	14263.5	14263.4
O16	14895.1	0.701204	52238	13192.2	13191.3
O16	14895.1	0.206378	37465.1	2189.85	2188.5
Si28	26053.2	0.242475	90698.9	40494.9	40494.6
O16	14895.1	0.197596	83410.8	35804.6	35803.8
Fe56	52089.8	0.0902087	81280	34541.2	34540.8
Mg24	22335.8	0.134075	74763	30578.5	30577.2
O16	14895.1	0.226547	81197.2	28262.3	28261.7
neutron	939.565	12.8612	70462.6	20579	20250.1
neutron	939.565	6.95969	70462.6	20579	20250.1
alpha	3727.38	8.30735	70462.6	20579	20250.1
C10	9327.57	2.62531	70462.6	20579	20250.1
Mg24	22335.8	0.139188	65352.1	17042	17041.7
neutron	939.565	42.9056	66832.1	23461.8	23123.4
C12	11174.9	1.69108	66832.1	23461.8	23123.4
Mg24	22335.8	0.221808	93952.2	42350.4	42350.1
O16	14895.1	3.82037	52156.7	10300.2	10295.4
neutron	939.565	133.517	86181.7	25919.9	25244.6
neutron	939.565	36.3447	86181.7	25919.9	25244.6
neutron	939.565	14.7183	86181.7	25919.9	25244.6
neutron	939.565	2.4982	86181.7	25919.9	25244.6
alpha	3727.38	30.4562	86181.7	25919.9	25244.6
alpha	3727.38	3.04747	86181.7	25919.9	25244.6
O16	14895.1	0.537632	63628	7812.06	7811.11
Mg24	22335.8	0.256444	59175.9	12082.8	12082.5
O16	14895.1	0.201634	49778.3	5581.75	5581.46
O16	14895.1	0.240571	97969.3	44891.2	44890
Si28	26053.2	0.109857	66760	24088.4	24087.3
O16	14895.1	0.332163	49801.3	11589.1	11588.4
Si28	26053.2	0.186482	42152.7	6210.41	6209.56
Mg24	22335.8	0.173509	50154.7	12145	12144.7
Si28	26053.2	0.124581	48998.5	11443.3	11442.9
O16	14895.1	0.331917	40523.3	4835.14	4834.77
O16	14895.1	0.228398	80416.7	33107.2	33106.7
Si28	26053.2	0.153258	38932.5	2031.01	2030.56
Mg24	22335.8	0.335347	69545.7	23705.4	23703.1
Si28	26053.2	0.23596	55655.9	14195.2	14193.1
Mg24	22335.8	0.162005	50210	10247.8	10245.4
O16	14895.1	0.519466	53087.8	10076.9	10076
Si28	26053.2	0.322969	37927.6	351.411	350.871
O16	14895.1	0.227526	99670.5	46044.2	46043.9
Si28	26053.2	0.114681	51992	11463	11462.5
O16	14895.1	0.489217	88124.2	33662.4	33661
O16	14895.1	0.236991	44989.6	9927.68	9927.33
O16	14895.1	0.580251	58087.7	16846.4	16845.1
neutron	939.565	166.466	92819.8	38485	38039.2
N14	13040.2	0.691998	92819.8	38485	38039.2
Mg24	22335.8	0.470603	86477.6	33397.9	33396.7
Fe56	52089.8	0.0593709	83834.2	31654.3	31654
Si28	26053.2	0.263796	93184.9	42348.1	42347.7
Mg24	22335.8	0.126725	44206.8	7528.25	7526.09
O16	14895.1	0.381824	44006.1	7402.62	7401.81
O16	14895.1	0.189521	42544.4	6442.87	6441.79
Fe56	52089.8	0.0670327	92665.8	40589.2	40589.1
O16	14895.1	0.21449	70568.5	25659.7	25659.1
O16	14895.1	0.630646	32515	375.246	374.54
Mg24	22335.8	0.211776	89758.4	39174.7	39174.3
Si28	26053.2	0.137485	85164.1	35895.4	35894.9
Mg24	22335.8	0.281897	34424.1	2162.31	2161.95
Mg26	24196.5	0.383557	55094	13627.6	13626
Mg26	24196.5	0.161244	51561.1	10484.3	10483.7
O16	14895.1	0.296973	48278.8	6217.06	6216.49
Si28	26053.2	0.117641	84121.6	35669.2	35668.6
Si28	26053.2	0.123256	79136.6	32639.6	32639.1
Si28	26053.2	0.156549	73427.8	28723.6	28721.8
O16	14895.1	0.660406	51766.6	11405.3	11404.6
Si28	26053.2	0.132396	73242.3	28532	28531.4
O16	14895.1	0.271757	67011.2	24115.1	24114.8
O15	13971.2	0.968703	40909.8	5716.33	5439.4
O16	14895.1	0.308599	45364.9	4341.12	4340.37
O16	14895.1	0.196739	38535.7	420.969	420.332
O16	14895.1	0.218844	85664.1	37103.2	37102.8
Si28	26053.2	0.125258	60330.5	13194.6	13194
Si28	26053.2	0.112599	94094.8	41831	41830.9
O16	14895.1	0.42115	44591.8	7174.52	7173.21
O16	14895.1	0.25478	63936.9	16261.9	16261.6
neutron	939.565	1417.92	90471.2	39699.3	34632.6
neutron	939.565	70.6759	90471.2	39699.3	34632.6
neutron	939.565	19.0803	90471.2	39699.3	34632.6
alpha	3727.38	5.31414	90471.2	39699.3	34632.6
alpha	3727.38	5.57709	90471.2	39699.3	34632.6
O16	14895.1	0.26798	61987.5	16206.7	16206.1
O16	14895.1	1.44792	76330.3	29801.1	29799.3
Mg24	22335.8	0.14852	72644.9	27029.5	27029
Fe56	52089.8	0.055916	54049.7	13958.9	13958.6
O16	14895.1	0.272511	44332.6	7803.53	7802.81
O16	14895.1	0.211717	77006.2	29924.8	29923.7
Si28	26053.2	0.117688	56757.5	17766.4	17766.3
O16	14895.1	0.748595	47171	5861.8	5859.77
O16	14895.1	0.387716	98979.1	45770.4	45769.6
O16	14895.1	0.299797	61691.1	20476.3	20476
O16	14895.1	0.592997	42291.7	7073.64	7072.82
O16	14895.1	0.418305	85569.8	34767.8	34767.3
O16	14895.1	0.719289	65824.2	19454.7	19453.7
Si28	26053.2	0.146996	45469.2	8467.39	8466.94
Si28	26053.2	0.48712	74204.1	27927.5	27926.6
O16	14895.1	0.873442	31827.5	225.71	224.157
O16	14895.1	0.264258	42810.9	5609.98	5609.04
O16	14895.1	0.189486	94644.7	43133.8	43133.2
O16	14895.1	0.203834	82664.8	33693.9	33693.5
O16	14895.1	0.221156	57272.2	15872.8	15872.5
O16	14895.1	0.367673	46698.7	8498.3	8497.08
Si28	26053.2	0.137778	93900.1	39919.7	39919.5
O16	14895.1	0.501253	85860.5	34382.2	34381.4
O16	14895.1	0.192802	59125.8	17001.8	17001.5
O16	14895.1	0.459014	82456.1	34971.8	34971.3
O16	14895.1	0.323641	80842.2	31958.4	31957.8
Si28	26053.2	0.248611	50420.1	10419.7	10418.3
O16	14895.1	0.265353	74631.3	29242	29241.7
Si28	26053.2	0.187827	32780.5	1798.24	1797.58
Si28	26053.2	0.112055	91096.6	40631.5	40631.3
Mg24	22335.8	0.200823	77348.5	31703.8	31703.5
Mg25	23268	0.154337	78061.5	31546.2	31546
Mg24	22335.8	0.264177	89157.4	39413.6	39413.3
O16	14895.1	0.19391	59916.7	16145	16144.6
Mg26	24196.5	0.147343	95544.8	40811.8	40809.6
O16	14895.1	0.208695	61946.4	15416.2	15416
O16	14895.1	0.227196	89451.4	36784.6	36784.1
Mg25	23268	0.183688	86753.7	34970.5	34969.2
Mg24	22335.8	0.170789	70121	23673.8	23673.5
O16	14895.1	0.193696	36558.5	1180.53	1179.84
O16	14895.1	0.356472	43988.5	3454.21	3453.84
Mg26	24196.5	0.495012	91693.4	41217.6	41216.7
O16	14895.1	0.191109	59174	19651.5	19651.3
O16	14895.1	0.203131	62568.4	17962.8	17961.3
Mg24	22335.8	0.139845	99878.4	46330.5	46330.1
neutron	939.565	5.77692	91402.3	40392.1	12121.7
neutron	939.565	76.9132	91402.3	40392.1	12121.7
neutron	939.565	1335.48	91402.3	40392.1	12121.7
alpha	3727.38	80.4958	91402.3	40392.1	12121.7
neutron	939.565	11.0075	91402.3	40392.1	12121.7
Si28	26053.2	0.114309	83161.4	3831.42	3831.13
Si28	26053.2	0.135377	77008.5	169.903	169.056
O16	14895.1	0.193007	96656.4	44176.3	44176
Mg24	22335.8	0.260655	94640.6	42953.8	42953.5
O16	14895.1	0.323828	41496	6691.71	6691.33
O16	14895.1	0.201736	49081.6	8535.17	8534.49
Si28	26053.2	0.111497	61243.2	20413.8	20413.1
Fe56	52089.8	0.0907763	58774.2	18672	18671.9
Si28	26053.2	0.244935	82539.7	35208	35207.1
Fe56	52089.8	0.917603	78165.3	32216.8	32215.6
Mg24	22335.8	0.203529	68675.9	24360.9	24360.1
Fe56	52089.8	0.0857971	76353.5	28575.5	28575.4
Mg24	22335.8	0.376935	60809.8	14833.6	14832.9
Si28	26053.2	0.132209	86595	37490.6	37490.5
O16	14895.1	1.17802	82711.7	34970	34968.7
O16	14895.1	0.292999	77509.4	31427.4	31426.9
Si28	26053.2	0.321967	37115.7	2038.7	2038.21
Si28	26053.2	0.195431	90138.6	39856.5	39855.7
Si28	26053.2	0.169047	61038.7	19652.7	19651.9
O16	14895.1	0.342352	52747.2	13461.2	13460
Si28	26053.2	0.126651	48611.8	10766.6	10766.5
Si28	26053.2	0.336856	31610	42.7835	42.4135
O16	14895.1	0.446998	61061.1	20115.6	20115.1
Mg26	24196.5	0.129891	54604.5	14456.5	14456.3
Fe56	52089.8	0.0848786	79284.6	30303.2	30302.5
O16	14895.1	0.198443	94041.7	42313.7	42313.4
neutron	939.565	2.34855	51440.3	9552.89	1852.85
alpha	3727.38	7.42387	51440.3	9552.89	1852.85
C10	9327.57	1.95908	51440.3	9552.89	1852.85
O16	14895.1	0.273155	92497.5	40617.9	40617.4
O16	14895.1	0.248859	98655	45542.2	45541.7
O16	14895.1	0.3284	75996.8	29773.1	29771.8
neutron	939.565	9.05555	72897.2	27291.9	26989.5
neutron	939.565	0.0910586	72897.2	27291.9	26989.5
Ne20	18617.7	3.22985	72897.2	27291.9	26989.5
Mg24	22335.8	0.165602	97464.2	44461.6	44460.8
O16	14895.1	0.189265	62432.3	11151.3	11151.1
O16	14895.1	0.974639	52239.8	4592.05	4591.06
O16	14895.1	0.21855	59179.7	19049.7	19048.7
O16	14895.1	0.224798	51034	11772.3	11771.7
Si29	26984.3	0.144534	77589.4	31641	31640
Si28	26053.2	0.118436	92178.1	41039.8	41039.7
O16	14895.1	0.39418	77820.8	30487.3	30486.4
Si28	26053.2	0.286403	77076.7	30066.7	30066.2
O16	14895.1	0.25863	48875.2	9974	9973.49
O16	14895.1	0.199177	35614.1	1748.78	1747.94
Mg24	22335.8	0.178415	67492.8	22888.3	22888.1
O16	14895.1	0.276163	59776.1	17768.3	17767.5
O16	14895.1	0.43442	99561.6	45988.2	45986.5
O16	14895.1	0.370024	87443.3	36171.2	36170.5
neutron	939.565	354.665	53860.8	8166.15	7669.47
neutron	939.565	106.346	53860.8	8166.15	7669.47
Mn53	49301.8	0.0745186	53860.8	8166.15	7669.47
Si28	26053.2	0.616877	53664.6	7566.76	7566.14
Mg24	22335.8	0.162412	52022.2	6411.74	6411.52
Mg24	22335.8	0.818535	50821.8	5619.34	5618.34
O16	14895.1	0.498039	81561.6	34286.5	34285.6
O16	14895.1	0.795524	74931.3	29453.7	29452.8
Mg26	24196.5	1.71831	70761	26623.1	26325.1
Mg24	22335.8	0.220326	56128.3	16293.5	16292.8
O16	14895.1	0.297301	64198.1	15618.8	15618.4
Si29	26984.3	0.228733	87158.7	35097.3	35097
O16	14895.1	0.328588	82567.3	32054.7	32052.6
Mg24	22335.8	0.192044	48863.3	3425.43	3424.89
O16	14895.1	0.435328	86986.3	37591	37590.3
Si28	26053.2	0.138787	68689.6	25155	25154.1
Si28	26053.2	0.14022	58197.2	17786.4	17786.2
C14	13040.9	0.233164	96877.4	44401	41878.7
neutron	939.565	0.896092	75239.7	27138.6	26852.3
C13	12109.5	0.283863	75239.7	27138.6	26852.3
O16	14895.1	0.485168	69598.3	23184.8	23183.6
Si30	27913.2	0.118716	55418.6	14571.9	14569.2
Fe56	52089.8	0.0592028	40043.3	853.926	853.543
O16	14895.1	0.778737	65738.2	21494	21493
neutron	939.565	657.025	65589.4	21344.4	17815
B11	10252.5	2.26211	65589.4	21344.4	17815
Fe56	52089.8	0.227155	51818.9	8290.19	8289.96
O16	14895.1	0.228274	48665.6	6192.11	6191.73
Fe56	52089.8	0.0641427	91493.8	38107.3	38106.5
O16	14895.1	0.212491	70423.9	20284.3	20283.7
Mg24	22335.8	0.203041	96223.1	43740	43739.7
Si28	26053.2	0.431113	86634.6	37846.6	37845.8
O16	14895.1	0.315338	72907.8	25523.2	25521.9
Si29	26984.3	0.110897	59061.2	19636.1	19635.6
Mg24	22335.8	0.148614	57506	14681.6	14681.3
Fe56	52089.8	0.12317	49557.4	8457	8456.49
O16	14895.1	0.242409	93305.2	42326.8	42325.2
O16	14895.1	0.282221	59749.3	20141.4	20141.1
Mg24	22335.8	0.131168	84404	28967.2	28967
Si28	26053.2	0.110593	46760.9	3103.34	3102.54
Fe57	53021.7	0.0803947	87766.4	38083.6	38082.2
Mg25	23268	0.159607	35543.1	2611.96	2611.13
O16	14895.1	0.256323	35207.4	2370.89	2370.01
Si28	26053.2	0.377282	68813.6	22644.8	22644.4
Si28	26053.2	0.312584	49859.7	10018.4	10017.8
Si28	26053.2	0.141536	39619.5	3583.53	3583.29
Mg24	22335.8	0.632693	65222.7	21073.6	21072.9
O16	14895.1	0.282699	96318.4	43633.3	43633
Fe56	52089.8	0.129695	89189.3	38511	38509.7
O16	14895.1	0.698425	74965.7	27596.4	27595.1
O16	14895.1	0.237842	55026.2	13865.5	13864
O16	14895.1	0.237122	87697	36555.8	36555.3
Fe56	52089.8	0.0593919	81113.9	31083.3	31083.2
O16	14895.1	0.334523	79756.6	29991.9	29991.1
O16	14895.1	0.416234	78681.8	29347.4	29346.9
Mg24	22335.8	0.400445	48227.8	8807.13	8806.49
O16	14895.1	0.507638	47053	8133.37	8132.75
O16	14895.1	0.274492	46472.1	7739.72	7739.32
O16	14895.1	0.211517	65193.7	22475.9	22475.7
Si28	26053.2	0.152712	70148.7	7528.13	7527.13
O16	14895.1	0.309414	63647.5	3046.3	3045.76
O16	14895.1	0.374704	37434.2	3661.75	3660.79
O16	14895.1	1.25035	74357.2	20604.6	20603.1
neutron	939.565	692.267	73942.6	20288.2	18095.3
neutron	939.565	0.540655	73942.6	20288.2	18095.3
C12	11174.9	0.593318	73942.6	20288.2	18095.3
Mg24	22335.8	0.330059	49494.4	1755.73	1753.85
Mg24	22335.8	0.147825	96882.8	44210.1	44209.6
O16	14895.1	0.303866	33021.6	2396.52	2395.96
Si28	26053.2	0.124834	94107.5	42031.6	42031.4
O16	14895.1	0.235062	68062.4	23891.3	23890.7
O16	14895.1	0.362822	36719.6	1212.84	1212.09
O16	14895.1	0.376313	61888.8	17993.4	17992.2
Si28	26053.2	0.462263	51799	11366.3	11364.5
Mg26	24196.5	0.170543	45725.5	7614.06	7612.91
Si28	26053.2	0.163341	96314.6	43597.4	43597.2
O16	14895.1	0.190275	92104.8	40072.5	40072.1
Si28	26053.2	0.123446	70632.6	25429.4	25428.8
Mg24	22335.8	0.240518	68940.6	24110	24109.7
Si28	26053.2	0.365506	55998.4	14943	14942.6
Si28	26053.2	0.190976	98053.4	42693.8	42693.5
Si28	26053.2	0.114716	82885.4	32464.8	32464.6
O16	14895.1	1.45063	51422.3	10405.4	10403.8
O16	14895.1	0.237443	42218.9	3113.18	3112.59
Si28	26053.2	0.114375	52575.3	7400.47	7400.1
O16	14895.1	0.355414	65516.8	18892	18891.1
O16	14895.1	1.2214	96659.4	44212.5	44210.7
Mg24	22335.8	0.821684	92699.5	41638.1	41636.9
Mg24	22335.8	0.165891	89453.5	39006.9	39006.5
Si28	26053.2	0.112651	72182.1	26699.9	26698.6
Na22	20482.1	0.885751	71200.3	26099.4	16920.5
O16	14895.1	0.442542	68544.4	15014.9	15014.5
O16	14895.1	1.11346	87244.8	37780.5	37779.1
O16	14895.1	0.232684	84323.9	36160.8	36159.8
O16	14895.1	0.242715	84227.9	36093.2	36092.7
Mg24	22335.8	0.188969	46413.9	1436.41	1435.73
Si28	26053.2	0.173644	88537.1	38934.5	38934.2
neutron	939.565	41.6993	97309.2	44594.9	33104.7
He3	2808.39	11.3913	97309.2	44594.9	33104.7
alpha	3727.38	4.79415	97309.2	44594.9	33104.7
alpha	3727.38	6.4159	97309.2	44594.9	33104.7
Mg24	22335.8	0.139834	96275.4	32349.7	32349.4
O16	14895.1	1.2355	87772	21352.2	21350.7
Si28	26053.2	0.117988	63773.7	3849.5	3849.24
Fe56	52089.8	0.0710636	60766	1944.26	1942.98
O16	14895.1	0.630049	74523.2	27175.4	27173.8
O16	14895.1	0.303026	65506	20579.5	20579.1
O16	14895.1	0.401579	63146	18991.9	18990.5
Mg24	22335.8	0.152391	62011.5	18231.3	18231.1
neutron	939.565	81.053	94895.5	42822.4	42424.2
Al26	24200	1.51044	94895.5	42822.4	42424.2
Si28	26053.2	0.163594	57306.6	16850.2	16850
O16	14895.1	0.593044	31187.7	142.943	142.209
O16	14895.1	0.714437	61391.9	20630	20629
O16	14895.1	0.296267	46217.3	10442.5	10442.2
Mg24	22335.8	0.2453	40064.9	6450.19	6449.62
Mg24	22335.8	0.151547	35154.8	2830.92	2830.32
O16	14895.1	0.217569	33082	1604.26	1603.86
Fe56	52089.8	0.0747061	78765.7	31881.7	31880.8
Mg25	23268	0.173355	43165.4	5503.55	5502.61
O16	14895.1	1.31174	75521.7	29890.6	29888.7
Mg24	22335.8	0.377295	61097.3	20734.5	20733.7
O16	14895.1	0.302353	93030.4	42038.4	42038.1
O16	14895.1	0.687852	87316.9	37846.7	37844.4
Mg24	22335.8	0.305311	78059.8	31062.6	31061.8
O16	14895.1	0.213227	52750	10432.5	10432.1
Si28	26053.2	0.164327	76480.9	22749.1	22748.8
O16	14895.1	0.494903	99880.2	46356.5	46355.7
Mg24	22335.8	0.221032	80283.7	33480.4	33480.2
O16	14895.1	0.23199	41848.7	7660.92	7660.26
O16	14895.1	1.05954	37281.8	4803.46	4802.14
O16	14895.1	1.00534	99985	46407.8	46406.6
Mg24	22335.8	1.5526	96203.1	40119.7	40116.6
O16	14895.1	0.630263	87773.5	33791.9	33790.9
Si28	26053.2	0.124795	63999.4	16300	16299.8
Si28	26053.2	0.290144	48413	6755.08	6754.73
O16	14895.1	0.273372	86182.2	36766.7	36766.1
O16	14895.1	0.209867	51420.8	6609.56	6608.98
Mg24	22335.8	0.142774	63668.8	15584.1	15583.9
O16	14895.1	0.223899	72025.5	24957.1	24956.7
Mg24	22335.8	0.158751	71320.2	24440.4	24439.6
Mg24	22335.8	0.183651	97979.9	37927.6	37927.2
O16	14895.1	0.207114	60917.1	11025.6	11025.2
Mg24	22335.8	0.199578	58339.3	9564.29	9564.02
neutron	939.565	95.4525	54814.7	7385.24	7176.46
neutron	939.565	79.1878	54814.7	7385.24	7176.46
Al27	25126.5	0.13755	54814.7	7385.24	7176.46
O16	14895.1	0.517634	69709.2	24259.8	24258.9
O16	14895.1	0.539794	63064.5	19914.8	19914.2
O16	14895.1	1.48722	37557.1	3663.54	3661.01
O16	14895.1	0.611559	84895.8	32992.1	32991.3
O16	14895.1	1.54144	75502.6	27167.2	27165
O16	14895.1	1.47001	42828.7	4336.93	4334.87
Mg26	24196.5	0.168782	63344.5	17073.8	17073.2
Mg26	24196.5	0.148156	58178.5	12511.9	12511.8
O16	14895.1	2.34519	98888.2	45729.7	45727
O16	14895.1	0.509509	45914.9	5315.65	5314.87
O16	14895.1	1.4661	72932.1	27230	27226.8
O16	14895.1	0.231809	53659.5	14350.3	14350
O16	14895.1	0.315033	45779.9	8824.26	8823.44
Mg25	23268	0.146116	68505.1	15316.7	15316.5
Mg24	22335.8	0.163817	61559.5	9854.47	9854.18
O16	14895.1	3.4372	95519.8	43354.6	43351
Si28	26053.2	0.140487	82468.3	33229.4	33229.2
O16	14895.1	1.05878	77974	30063.8	30062.2
O16	14895.1	0.208687	51338.9	12959.3	12959.1
O16	14895.1	0.318984	40745.5	3312.01	3311.42
neutron	939.565	80.6898	85444.7	34364.6	34036.1
neutron	939.565	17.037	85444.7	34364.6	34036.1
neutron	939.565	13.9421	85444.7	34364.6	34036.1
B10	9324.44	10.8664	85444.7	34364.6	34036.1
Mg24	22335.8	0.133763	89762.2	38915.2	38915
O16	14895.1	0.266214	36086.1	1656.84	1656.49
O16	14895.1	0.236619	35071.9	1067.5	1067.12
Si28	26053.2	0.12087	77600.8	22953	22952.4
O16	14895.1	1.48885	82832.2	35250.9	35248.6
O16	14895.1	0.66345	80332.7	33443.6	33442.1
Si28	26053.2	0.18192	66554.7	23721.2	23720.8
Mg24	22335.8	0.244624	69868.7	24431	24430.3
O16	14895.1	0.29194	49790.1	8239.35	8239.05
O16	14895.1	0.663578	78993.6	29958.4	29957.4
O16	14895.1	0.286499	73592.6	26098.1	26096.4
O16	14895.1	0.316414	53271.6	11653.3	11652.3
Si28	26053.2	0.215377	91592.9	40462.2	40461.9
O16	14895.1	0.367482	66096	23417.7	23417.2
neutron	939.565	1.12453	42561.7	8105.32	6200.46
Mg25	23268	0.185201	42561.7	8105.32	6200.46
Si28	26053.2	0.292537	41717.3	5057.08	5056.6
O16	14895.1	0.226425	92054.6	40668.9	40668.1
Si29	26984.3	0.109013	95663.5	43326.3	43326.2
O16	14895.1	0.239473	54125.6	15686.5	15685.6
O16	14895.1	0.198064	93565.9	42156.5	42156.3
Si28	26053.2	0.443657	89762	39891.3	39890.8
Si28	26053.2	0.223047	88464.5	38996	38995.4
O16	14895.1	0.837865	74096.7	28699.3	28698
Si28	26053.2	0.111379	93078.5	41421.6	41420.9
O16	14895.1	1.08063	91032.7	40050.7	40049.2
neutron	939.565	104.574	63746.7	21164	20809.2
N14	13040.2	0.429067	63746.7	21164	20809.2
Si28	26053.2	0.263962	57674.7	17056.9	17056.6
Si28	26053.2	0.277261	36998.9	3300.42	3300.08
Si28	26053.2	0.115389	35387.7	1302.89	1301.89
O16	14895.1	1.80695	47294.6	9755.87	9753.93
Mg24	22335.8	0.179319	99889.3	46353.5	46352.1
Si28	26053.2	0.114355	58564.7	18453	18452.6
O16	14895.1	0.434403	99477.3	46114.2	46113.5
Si28	26053.2	0.270436	58463	12479.3	12478.8
Mg25	23268	0.229184	49132.8	4860.4	4859.73
O16	14895.1	0.312265	66593.5	21217	21216.1
O16	14895.1	0.195653	62406.7	18364.5	18364.1
O16	14895.1	0.279984	84908.9	35591.9	35591.4
O16	14895.1	0.297899	63455.6	20760.8	20758.8
neutron	939.565	9.04067	42249.2	2566.52	1959.34
neutron	939.565	8.74465	42249.2	2566.52	1959.34
neutron	939.565	4.07611	42249.2	2566.52	1959.34
neutron	939.565	0.638186	42249.2	2566.52	1959.34
alpha	3727.38	5.97326	42249.2	2566.52	1959.34
alpha	3727.38	4.84564	42249.2	2566.52	1959.34
Si28	26053.2	0.18274	84452.6	34973.7	34973.1
O16	14895.1	0.41307	44178.8	7199.4	7198.66
O16	14895.1	0.253145	49273.2	8310.87	8310.26
Si28	26053.2	0.146753	37836.8	1311.85	1311.39
neutron	939.565	17.0927	97740.1	44902.1	42555.5
neutron	939.565	15.2266	97740.1	44902.1	42555.5
neutron	939.565	5.84479	97740.1	44902.1	42555.5
neutron	939.565	1.60048	97740.1	44902.1	42555.5
neutron	939.565	1.35064	97740.1	44902.1	42555.5
O16	14895.1	1.43908	97740.1	44902.1	42555.5
neutron	939.565	42.959	95110.2	40854.1	40382.5
neutron	939.565	5.73075	95110.2	40854.1	40382.5
neutron	939.565	2.92296	95110.2	40854.1	40382.5
C12	11174.9	0.423218	95110.2	40854.1	40382.5
Mg26	24196.5	0.129967	69912.9	17948.2	17948.1
O16	14895.1	0.306672	40565	3574.05	3573.55
O16	14895.1	0.385586	36858.7	942.841	942.398
Fe56	52089.8	0.105554	74664.5	27852.5	27852.1
Si28	26053.2	0.115591	96938.7	43057.4	43056.8
Si28	26053.2	0.327504	84472.8	33333	33331.8
O16	14895.1	0.307147	70772.7	24755.7	24754.4
Mg26	24196.5	0.352077	65755.1	21477.3	21476.7
Si28	26053.2	0.20116	52174.1	14705.7	14705.4
Mg24	22335.8	0.160998	41760.8	5847.11	5846.95
Si29	26984.3	0.244557	88049.6	38268	38266.8
Si28	26053.2	0.408588	61853.4	18300.4	18299.9
O16	14895.1	0.227627	68690.2	23860.2	23859.9
O16	14895.1	0.624781	35860.7	2067.02	2066.01
O16	14895.1	0.192919	95064.4	40248	40247.7
Si28	26053.2	0.135132	64158.3	16490.6	16490
neutron	939.565	199.57	95622.6	43574.5	43114.2
O15	13971.2	0.350291	95622.6	43574.5	43114.2
Si28	26053.2	0.493115	68035.6	20359.5	20358.6
O16	14895.1	0.193832	47859.5	6634.21	6633.57
O16	14895.1	0.258435	43414.9	3839.3	3838.82
Si28	26053.2	0.299865	39234.7	6903.32	6902.34
O16	14895.1	0.21598	30736.5	909.953	909.595
O16	14895.1	0.630896	66098.2	19559.7	19558.9
O16	14895.1	0.200069	95800	43153	43152.8
Mg25	23268	0.141023	91637.3	40427.4	40427.2
O16	14895.1	0.252469	86847	37167.1	37166.4
Mg24	22335.8	0.266103	85937.9	36272.7	36272.1
O16	14895.1	0.239693	93839.9	42159.8	42157.4
O16	14895.1	0.304084	58922.9	16553.4	16552.8
O16	14895.1	0.506795	30768.2	432.26	431.351
O16	14895.1	0.256591	85873.7	30174.1	30172.9
Si28	26053.2	0.225499	85949	35727.1	35726.2
O16	14895.1	0.615988	67000.5	22168.4	22167
O16	14895.1	0.606546	63248.9	19654	19653.2
O16	14895.1	0.494085	49472.1	12889	12888.1
O16	14895.1	0.228409	68923.7	1626.53	1625.86
Mg26	24196.5	0.134475	94215.1	39977.4	39977
Si28	26053.2	0.179103	69895.4	23070.2	23069.7
Si28	26053.2	0.580134	51069	8043.83	8042.86
O16	14895.1	0.311348	48301.6	6457.6	6457.18
Fe56	52089.8	0.820296	42062	2641.68	2640.65
Mg26	24196.5	0.360247	84705.1	34348.4	34347.5
Si28	26053.2	0.114278	74535.3	26834.5	26834.4
Fe56	52089.8	0.0644759	71742.9	25059.4	25059.2
Mg24	22335.8	0.178633	65863.3	21177.7	21177.3
Si28	26053.2	0.177407	48593.9	8545.43	8545.02
Si28	26053.2	0.126558	58670.9	13506.7	13506.5
O16	14895.1	0.200814	39595.1	1664.59	1663.92
Mg24	22335.8	0.252505	65228	22192.8	22192.5
Si28	26053.2	0.212723	58198.7	15042.8	15042.4
O16	14895.1	0.214655	67952.3	22242.5	22242.2
Si28	26053.2	0.461808	51320.1	8990.96	8989.85
O16	14895.1	0.227653	60841.3	15008.5	15008
Mg24	22335.8	0.292699	90224.2	39634.5	39633.8
Si28	26053.2	0.24998	84212.6	35916.5	35916.2
O16	14895.1	0.273472	97212.7	44489.5	44488.7
O16	14895.1	0.650128	96497.6	43914.4	43912.9
O16	14895.1	0.273288	62290.1	19367.8	19367.4
O16	14895.1	0.489336	98570.8	45283.9	45282.7
Si28	26053.2	0.244286	56825.1	15944	15943.1
O16	14895.1	0.27304	35018.7	3475.86	3474.91
O16	14895.1	0.462344	54801.9	15351.3	15350.8
Si30	27913.2	0.259942	68619.1	15941.8	15940.9
Si28	26053.2	0.220678	78409.4	31800.1	31799.1
O16	14895.1	0.262184	66927.3	23656.8	23656.3
O16	14895.1	0.201636	48253.6	11648.3	11648
O16	14895.1	0.321144	34434.7	1457.56	1457.23
O16	14895.1	0.669927	49132.2	10192.1	10191.4
Mg24	22335.8	0.18038	99686.3	46186	46185.3
Mg26	24196.5	0.230261	81869.1	33242.5	33241.8
O16	14895.1	0.29165	41839.7	6928.5	6928.17
Si28	26053.2	0.122346	39996.3	5732.8	5732.5
Mg24	22335.8	0.13025	90011.3	39812.2	39811.3
Si28	26053.2	0.613531	82364.3	35203.8	35202.6
Si28	26053.2	0.302834	51905.5	12086.7	12086.4
O16	14895.1	0.305701	78572.9	22015.2	22014.8
Mg24	22335.8	0.258204	65301.5	12065.5	12065
Mg25	23268	0.134061	52155.1	2974.27	2973.8
Mg24	22335.8	0.1511	48981.9	1090.82	1090.67
O16	14895.1	0.549559	84910.3	35714.5	35713.9
neutron	939.565	2.81493	82881.5	34452.4	33907.4
N14	13040.2	0.455044	82881.5	34452.4	33907.4
Si28	26053.2	0.607055	73081	26482.4	26481.2
O16	14895.1	0.397751	79705.1	32181.3	32180.8
neutron	939.565	14.3891	44362.7	6336.74	6034.45
C13	12109.5	2.69712	44362.7	6336.74	6034.45
O16	14895.1	0.225408	95781.3	43529.1	43528.1
O16	14895.1	0.19288	59079.6	17843.5	17842.6
O16	14895.1	0.321771	70388.7	26129	26128
O16	14895.1	0.19498	66132.7	24209.1	24208.6
O16	14895.1	0.274479	53323	11410.6	11410.2
Si30	27913.2	0.390277	39055	2228.19	2227.7
O16	14895.1	0.490173	48757.4	10737.5	10736.9
Si28	26053.2	0.15368	70462.9	26220.7	26220.2
Mg24	22335.8	0.152743	31480.3	688.009	687.218
Mg24	22335.8	0.148726	61076.1	15896	15895.8
O16	14895.1	0.376939	91164.4	40642.5	40641.8
Mg26	24196.5	0.122072	58448.3	18337.3	18336.4
Si28	26053.2	0.179554	79692.8	32427.5	32426.6
Mg24	22335.8	0.151243	77597.9	28698.4	28698.2
Si28	26053.2	0.232426	65891.3	21654.6	21654.2
O16	14895.1	0.601817	89964.2	39337.1	39336.4
O16	14895.1	0.366979	89896.6	36075.7	36075.3
neutron	939.565	1.44141	62877	18036.8	17120.4
alpha	3727.38	7.25255	62877	18036.8	17120.4
C11	10254	4.956	62877	18036.8	17120.4
Mg25	23268	0.131198	43546.3	3142.87	3141.89
Mg24	22335.8	0.161703	36695.5	276.016	275.841
O16	14895.1	0.39636	97128.6	41627.8	41626.9
O16	14895.1	0.732429	90458.6	36921.3	36920.4
Si28	26053.2	0.115169	59515	11081.5	11081.1
Si28	26053.2	0.128626	60881.2	17712.2	17712
O16	14895.1	0.221868	55326.9	14156	14154.7
O16	14895.1	1.06138	49858.2	10652.3	10650.6
Si28	26053.2	0.188183	48021.2	9532.9	9532.49
Mg24	22335.8	0.165763	81404.8	26889.3	26888.7
Mg25	23268	0.374386	96217.9	24067.2	24065.8
O16	14895.1	0.294102	54590.9	13396.5	13395.5
O16	14895.1	0.200804	84769.3	34465.6	34464.9
O16	14895.1	0.372716	72049.3	26183.7	26183.2
Mg24	22335.8	0.1317	52858.7	13027.6	13026.6
Si28	26053.2	0.182801	87689	38216.1	38215.3
Si28	26053.2	0.119648	92147.1	41144.6	41143.8
O16	14895.1	1.08291	80411.1	28772.2	28770.4
O16	14895.1	0.38431	51791	5028.71	5028.05
Mg24	22335.8	0.131374	48360.6	2789.18	2788.54
Mg26	24196.5	0.171972	96466.2	43458	43457.7
Mg24	22335.8	0.817719	73126.1	26373	26371.9
Mg23	21412.8	0.101266	91767	38182.8	37266.3
O16	14895.1	0.368185	91599.5	37152.7	37151.1
O16	14895.1	0.246976	85892.6	33503.7	33503.5
Si28	26053.2	0.252064	67936.2	19813.4	19812.7
Mg24	22335.8	0.156024	97984	45176.3	45175.5
Mg24	22335.8	0.207529	91343.1	33770.5	33770.2
Si28	26053.2	0.168097	77527.9	23941.4	23941.1
O16	14895.1	0.392362	95562.5	43614.5	43614
O16	14895.1	0.644847	58137	17481.6	17480.8
Si28	26053.2	0.16503	80857.7	33687.1	33686.8
O16	14895.1	0.328218	54809.2	11376.7	11375.7
O16	14895.1	0.198976	38575.3	1164.44	1164.2
Mg24	22335.8	0.12818	53384.9	9254.28	9254.1
O16	14895.1	0.45667	86594.5	35099.8	35099.2
Si28	26053.2	0.961117	72737	24875.3	24873.3
Si28	26053.2	0.186263	66388	20927.3	20927
Si28	26053.2	0.119643	46579.8	7413	7412.47
Mg26	24196.5	0.156017	45019.3	5800.89	5799.61
O16	14895.1	0.205317	98377.7	45435.6	45435.4
O16	14895.1	0.207329	64567	22098.9	22098.3
Si28	26053.2	0.114291	41825.1	6935.54	6934.94
Mg24	22335.8	0.177815	37768.5	4422.73	4422.34
O16	14895.1	0.259893	98896.4	45777.8	45777.3
O16	14895.1	0.190739	69153.8	23950.7	23950.5
Fe56	52089.8	0.330001	85149.5	32758	32757.5
O16	14895.1	0.493732	83168	31482.2	31481.3
Si28	26053.2	0.337889	80677.8	29734.7	29734
Si28	26053.2	0.213897	44916.3	5636.78	5636.28
O16	14895.1	0.275417	82296.6	33105.3	33104.7
neutron	939.565	6.53257	63426.4	16814.9	16552.5
N15	13968.9	0.954377	63426.4	16814.9	16552.5
O16	14895.1	0.481574	53648.2	6316.51	6316.01
Mg24	22335.8	0.238367	83357.7	35050.8	35050.5
O16	14895.1	0.781127	80423.7	32914.2	32913.4
Fe57	53021.7	0.0587395	87679	37561.3	37561.1
Si28	26053.2	0.147638	91659	38384.3	38383.6
O16	14895.1	0.770418	60651.4	19661.9	19660.7
O16	14895.1	0.569637	58921	17885	17884
O16	14895.1	0.210357	46967.5	8065.48	8065.1
neutron	939.565	121.888	75122.4	21954.3	21570.8
N14	13040.2	6.02761	75122.4	21954.3	21570.8
Si29	26984.3	0.132996	45483.9	858.547	858.153
O16	14895.1	0.196009	78605.4	31166.1	31165.1
O16	14895.1	0.27199	65485.1	22348.8	22346.3
Mg26	24196.5	0.38659	99952.5	46379.3	46378.9
neutron	939.565	3.23501	99774.1	46202.3	45538.5
N15	13968.9	1.71294	99774.1	46202.3	45538.5
Mg24	22335.8	0.409672	94267	42360.1	42359
Si28	26053.2	0.132331	83626.4	33466.9	33466.4
O16	14895.1	0.336536	38268.7	3441.13	3440.08
O16	14895.1	0.193643	91990.3	39136.8	39136.5
Si28	26053.2	0.138943	74568.3	26999.8	26999.6
Si28	26053.2	0.320854	71028.3	27977.1	27975.8
Si28	26053.2	0.123544	70353.8	17911.8	17911.7
Si28	26053.2	0.313301	68518.1	16684.4	16684
Fe56	52089.8	0.127941	40827.8	1013.63	1013.07
O16	14895.1	0.304681	82788.6	31557.1	31556.6
Si28	26053.2	0.423681	61378.5	16093.1	16092.7
O16	14895.1	0.416259	99105.2	45829.3	45828.7
O16	14895.1	0.223056	70013.1	24418.1	24416.9
O16	14895.1	0.292164	40673.5	1834.35	1833.82
Mg24	22335.8	0.141681	63038.2	21494.3	21494.2
O16	14895.1	0.736309	83497.5	33634.1	33632.7
O16	14895.1	0.250545	96505.8	43857.9	43857
O16	14895.1	0.196687	46566.2	8424.19	8423.36
O16	14895.1	0.202822	93740.9	16253.7	16253.5
O16	14895.1	0.669506	89102.4	13488.1	13484.6
Si28	26053.2	0.156165	90374.3	40022.2	40021.6
neutron	939.565	2.90826	65683.3	21289.4	21025.7
B13	12123.4	9.46986	65683.3	21289.4	21025.7
O16	14895.1	0.263194	86585.5	37473.9	37473.2
O16	14895.1	0.384541	81872.9	34384.5	34383.8
O16	14895.1	0.202937	73293	28284.6	28283.7
Si28	26053.2	0.141973	78529.9	31912.5	31912.3
Si28	26053.2	0.278459	73660.8	26084.9	26084.5
O16	14895.1	0.216791	84857	35556.5	35555.5
O16	14895.1	0.438512	52061.4	9129.98	9128.72
Si28	26053.2	0.120808	89451	39494.8	39494
O16	14895.1	0.305505	61561.9	21175.7	21175.2
Si28	26053.2	0.39134	81638.4	33917	33915.9
O15	13971.2	0.498502	71385	25738.8	25007.4
Si28	26053.2	0.111049	56146.2	14796.4	14795.7
O16	14895.1	0.697649	50368.8	11249.7	11248.5
Mg25	23268	0.659139	88390.3	38348.5	38347.6
Si28	26053.2	0.109573	42033.9	4385.89	4385.56
Fe56	52089.8	0.108796	98571	45328.1	45327.9
Si28	26053.2	0.920159	66328.2	16159	16157.9
Si28	26053.2	0.256871	53613.1	12417.9	12417.2
O16	14895.1	0.39518	37671.2	2044.16	2043.63
O16	14895.1	0.237313	61451.5	19471.8	19470.7
O16	14895.1	0.556641	60548.5	18968.3	18967.6
Mg25	23268	1.62431	53401.3	14200.1	14198.4
Mg25	23268	0.249418	44796.2	5964.84	5964.33
O16	14895.1	1.88362	37503.8	3089.99	3087.81
O16	14895.1	0.270072	99970.8	46400.5	46400
Mg24	22335.8	0.129758	74844.6	30163.6	30162.9
Si28	26053.2	0.43547	41352.8	5082.52	5082.04
Si28	26053.2	0.135955	39434.6	3930.97	3930.79
Si28	26053.2	0.570523	95633.8	40534.7	40534
O16	14895.1	0.241279	89317.6	38453.2	38452.7
Si28	26053.2	0.49513	61498.9	17900.1	17899.4
O16	14895.1	0.281599	43817.3	6544.02	6543.56
O16	14895.1	0.412819	84579.5	35237.6	35237.2
O16	14895.1	0.198996	58113.6	17008.1	17006.9
Si28	26053.2	0.138761	56450.5	15969.4	15968.8
Si28	26053.2	0.240644	99687	46235.7	46235.1
O16	14895.1	0.195054	84942.4	35652.5	35652
Mg24	22335.8	0.398692	72414.2	25816.2	25815.8
O16	14895.1	0.415757	66284	21968.5	21968.1
O16	14895.1	0.309767	44904.6	3385.63	3385.16
O16	14895.1	0.769341	98159	44925	44924
O16	14895.1	0.787834	84843.7	25228.2	25226.1
Fe56	52089.8	0.121902	82110	23533.7	23533.3
O16	14895.1	0.222036	70808.7	16230.2	16229.3
Mg24	22335.8	0.135143	69002.4	14659.1	14658.5
O16	14895.1	0.233245	50154.6	9965.28	9965
O16	14895.1	0.737327	46905.8	7873.39	7872.02
O16	14895.1	0.288228	48398.9	3247.02	3246.55
O16	14895.1	0.305167	34435.2	1037.5	1037.17
O16	14895.1	0.315384	90153.3	39296.6	39295.8
neutron	939.565	2699.32	55752.2	13662.2	6836.68
neutron	939.565	26.6931	55752.2	13662.2	6836.68
B9	8393.31	17.6289	55752.2	13662.2	6836.68
O16	14895.1	0.217823	60849.1	17631.9	17631.4
O16	14895.1	0.809925	47079.6	8129.97	8128.72
O16	14895.1	0.270815	97082.4	44632.5	44632
O16	14895.1	0.203463	82846.1	34211.7	34210.9
Mg24	22335.8	0.135035	71474.9	26052.4	26052.2
O16	14895.1	1.8791	66914.8	22290.4	22288.5
O16	14895.1	0.490323	65176	21215.1	21214.4
Fe56	52089.8	0.104372	95510.4	43657	43656.9
O16	14895.1	0.620762	75838.5	28975.8	28974.7
O16	14895.1	0.244114	75493.5	28771.9	28771.5
Mg24	22335.8	0.138178	52351.1	9669.45	9668.91
O16	14895.1	0.255998	45179.2	4919.82	4919.53
O16	14895.1	1.41195	95187.2	43179.7	43178.2
O16	14895.1	0.212014	88539	38776.2	38775.7
Si28	26053.2	0.270885	39897	3311.68	3311.25
O16	14895.1	0.220817	99331.9	46020.3	46019.7
O16	14895.1	0.233628	91439	41034.7	41034
O16	14895.1	0.566162	83711.6	35715.8	35714.4
Si28	26053.2	0.226548	50477.7	12930	12929.7
O16	14895.1	0.260219	45016.6	8726.94	8726.38
Si28	26053.2	0.407326	82787.5	20205.9	20205.3
Mg24	22335.8	0.278673	88637.4	36571	36570.7
Si28	26053.2	0.170725	49335	7841.84	7841.61
O16	14895.1	0.243527	94475.7	42900.3	42899.3
Mg25	23268	0.154369	92089.1	41435.1	41434.6
O16	14895.1	0.325987	90186.8	39980.9	39980.5
Si29	26984.3	0.409623	87577.5	38378.1	38376.9
Mg24	22335.8	0.188791	63218	21859	21858.7
neutron	939.565	0.669559	98619.5	45427.4	45171.6
N15	13968.9	1.03557	98619.5	45427.4	45171.6
Mg26	24196.5	0.224216	43452.9	3150.18	3149.7
O16	14895.1	0.301198	76790.1	31434.5	31433.4
Mg26	24196.5	0.191752	51697.5	12977.5	12976.5
Mg25	23268	0.130527	50744.2	12431.1	12430.6
Mg24	22335.8	0.14231	60564.3	18590.2	18588.8
O16	14895.1	0.282031	56479.4	15882.6	15882.3
Fe56	52089.8	0.220586	38218	3058.57	3058.08
O16	14895.1	0.282791	80068.6	33152.1	33151.7
Mg24	22335.8	0.168384	59438.9	19690.3	19689.9
O16	14895.1	0.251089	42918.8	8514.75	8512.96
O16	14895.1	1.58964	62092.8	18862.8	18860.8
Mg24	22335.8	0.601859	88767.7	38664.4	38663.2
O16	14895.1	0.253653	78626.5	30974.9	30974.5
O16	14895.1	0.30464	39815.4	4389.28	4388.86
Si28	26053.2	0.266345	94398.1	41689.5	41688.5
Mg26	24196.5	0.11692	71221.5	25991.1	25991
Si28	26053.2	0.195839	47749.1	9548.61	9547.9
Si28	26053.2	0.135418	89751.5	37515.4	37515.3
O16	14895.1	0.263474	68161.7	23558.6	23558
Fe56	52089.8	0.0776436	62210.7	12337.8	12337.5
O16	14895.1	0.726315	61474.3	11835.5	11834.4
O16	14895.1	0.20532	50717.8	4896.86	4896.61
O16	14895.1	4.38071	60822	17647.4	17642
Mg24	22335.8	0.198586	45752.8	8212	8211.66
Si28	26053.2	0.126423	76574.4	30065.1	30065
Si28	26053.2	0.416625	49163.1	5963.47	5962.81
Mg24	22335.8	0.346735	91294.7	40756.2	40755.7
Fe56	52089.8	0.0802633	77927	31231.3	31231.1
O16	14895.1	0.288445	69973.9	24906.7	24904.3
Si28	26053.2	0.152174	69947.4	24868.3	24867.8
O16	14895.1	0.994391	66673.3	22373.8	22372.2
O16	14895.1	0.996314	70459.4	25261.7	25260.6
neutron	939.565	2078.48	95752.1	43576.7	36673.1
N14	13040.2	0.73427	95752.1	43576.7	36673.1
O16	14895.1	0.302005	92702.1	34809.5	34809.1
Si28	26053.2	0.23249	70165.2	25648.5	25648.2
Mg24	22335.8	0.440425	59917.4	18563.3	18562.5
C14	13040.9	1.78184	57523.1	17016.1	16780.7
O16	14895.1	0.488808	50632.4	12186.8	12186.2
Mg25	23268	0.215995	41719.2	6553.7	6552.45
Mg24	22335.8	0.832433	82785.8	34424.3	34423.5
Mg25	23268	0.342522	86352.9	32724.7	32724.3
Mg24	22335.8	0.236895	85081.3	36758.5	36757.6
O16	14895.1	0.339198	89588.1	38915.5	38915.1
O16	14895.1	0.278609	75874.9	29121.2	29120.3
O16	14895.1	1.02134	97905.3	45067.9	45066
O16	14895.1	0.773059	93254.1	42202.8	42201.8
O16	14895.1	0.261981	86550.6	37613.3	37612.9
Mg26	24196.5	0.169686	82619.9	35101.2	35100.6
O16	14895.1	0.196486	63470.4	21563.5	21563
O16	14895.1	0.315277	93694	41733.9	41731.9
Mg25	23268	0.211868	62690.3	20172.7	20171.5
neutron	939.565	345.393	49890.8	9246.79	8662.59
neutron	939.565	181.804	49890.8	9246.79	8662.59
C12	11174.9	0.783356	49890.8	9246.79	8662.59
Si28	26053.2	0.124195	47966.7	7432.34	7431.6
Si28	26053.2	0.117667	38837.2	1561.53	1560.31
O16	14895.1	0.189444	38050.2	1042.01	1041.31
Mg24	22335.8	0.209277	80594.5	33623.1	33622.8
neutron	939.565	583.542	42185.8	6770.89	5616.09
neutron	939.565	532.102	42185.8	6770.89	5616.09
N13	12111.2	0.121695	42185.8	6770.89	5616.09
Mg24	22335.8	0.282406	86073.7	33190.9	33190.3
O16	14895.1	0.201962	91506.7	40792	40791.7
O16	14895.1	0.206403	88286.8	38889.6	38889.3
O16	14895.1	0.290374	65127.9	13044.2	13043.8
Mg24	22335.8	0.263398	88385.9	36963.6	36963.1
Si29	26984.3	0.128731	72330.8	26608.4	26608
Mg24	22335.8	0.424666	34923.3	565.06	564.308
Si28	26053.2	0.19193	91623.1	40239.6	40239.3
Si28	26053.2	0.110006	41386.7	4204.65	4203.13
Mg24	22335.8	0.308236	61516.5	15152.8	15152.1
O16	14895.1	0.210527	42604.8	6776.98	6776.57
Si29	26984.3	0.113563	93838.6	38176.6	38176.3
Mg24	22335.8	0.372789	73747.4	25218.6	25217.8
Si28	26053.2	0.4404	63385.5	16812.3	16811.8
neutron	939.565	2157.89	58294.5	13433.6	10954.1
neutron	939.565	11.3638	58294.5	13433.6	10954.1
neutron	939.565	10.4674	58294.5	13433.6	10954.1
neutron	939.565	5.30042	58294.5	13433.6	10954.1
N16	14906	3.2939	58294.5	13433.6	10954.1
O15	13971.2	0.922994	92451	40675.3	40015.9
O16	14895.1	0.320054	48814.9	8471.51	8471.07
Mg24	22335.8	0.185869	79225.4	32163.3	32162.3
O16	14895.1	0.195943	62144.2	20929.1	20928.6
Si28	26053.2	6.07052	37454.3	3387.88	3381.06
O16	14895.1	0.237882	35891.5	2401.8	2400.74
O16	14895.1	0.217188	68204	25037.3	25036.4
O16	14895.1	0.250259	60459.6	20091.2	20090.4
Mg24	22335.8	0.167624	59284.4	19386.2	19385.3
O16	14895.1	1.76117	81948.2	34355.4	34353.2
O16	14895.1	0.632055	97302.1	44792.9	44791.6
Mg24	22335.8	0.241864	79733.9	30374.6	30374.1
O16	14895.1	0.296645	48956.1	9869.73	9869.05
O16	14895.1	0.294069	37021.6	1542.16	1541
O16	14895.1	0.213054	67042.1	21302.1	21301.8
O16	14895.1	0.377678	43852.8	6020.54	6020.02
O16	14895.1	0.497517	81481.8	33511.1	33510.5
Si28	26053.2	0.10837	71608.2	16467.1	16467
O16	14895.1	0.202297	60978.7	8545.02	8544.68
O16	14895.1	0.207685	73475	28324.4	28324
O16	14895.1	0.451955	51150	11193.2	11192.4
neutron	939.565	346.651	43050.8	5393.29	4903.54
C13	12109.5	0.0357082	43050.8	5393.29	4903.54
O16	14895.1	0.276173	85105.3	34684.1	34682.8
O16	14895.1	0.234868	76580.7	28854.9	28854.2
Si28	26053.2	1.2948	52413.5	12061.1	12059.7
Si28	26053.2	0.115659	98342.2	45347.1	45346.8
Mg24	22335.8	0.283612	97365.2	44766.1	44765.3
O16	14895.1	0.367266	58173	17117.3	17116.9
Mg24	22335.8	0.235836	63129.4	18812.8	18812.1
O16	14895.1	0.593467	55561.6	17071.9	17071.3
O16	14895.1	0.199397	77152.4	29492.2	29491.7
O16	14895.1	0.280249	63181.4	18112.9	18109.8
Si28	26053.2	0.149783	46659.7	7473.07	7472.73
Fe56	52089.8	0.183197	80261.2	32025.2	32024.5
O16	14895.1	0.216975	98321.7	45316.6	45316.4
O16	14895.1	0.232458	64890.7	22490.9	22490.3
O16	14895.1	0.684803	34924.7	703.882	703.09
Mg24	22335.8	0.47542	98422.3	45476.4	45475.4
Si28	26053.2	0.275734	47060.8	9741.05	9740.61
Mg25	23268	0.307555	84703.8	33602.8	33602.3
O16	14895.1	0.276978	84680.8	33590.1	33589.4
O16	14895.1	1.11616	96682.4	44382.4	44381.2
Si28	26053.2	0.197335	84863.9	29260.7	29260.4
O16	14895.1	0.342248	71806.4	27225.7	27225.4
O16	14895.1	0.494484	56007	16917.7	16917.1
Fe56	52089.8	0.19856	53153.3	15198	15197.2
Si28	26053.2	0.525485	35191	2828.83	2826.82
Mg24	22335.8	0.126789	79741.5	26927	26925.8
Mg24	22335.8	0.182398	67932.9	17001	17000.4
O16	14895.1	0.280655	43034.5	4783.49	4782.91
O16	14895.1	2.83543	35878.2	157.44	154.532
Mg24	22335.8	0.223921	52220.5	11710.8	11710.2
Fe56	52089.8	0.066937	49445.1	10062.8	10062.7
O16	14895.1	0.758243	47488.4	9981.92	9980.99
neutron	939.565	346.64	97956.2	45057.8	44419.5
N14	13040.2	3.67387	97956.2	45057.8	44419.5
Si28	26053.2	0.14191	75091.9	28791.7	28791.5
Mg24	22335.8	0.196625	65424.6	21186.4	21185.9
O16	14895.1	0.203874	44584	6238.86	6238.49
Si28	26053.2	0.109797	81119.2	33363.2	33363.1
neutron	939.565	62.0034	74907.4	29415.5	29205.9
neutron	939.565	39.0118	74907.4	29415.5	29205.9
neutron	939.565	0.034358	74907.4	29415.5	29205.9
Ti49	45583.4	3.21713	74907.4	29415.5	29205.9
Si30	27913.2	0.177862	69395.9	25546.3	25546
Mg24	22335.8	0.396598	57974.7	6841.22	6840.71
O16	14895.1	0.202523	97495.7	44879.6	44879.2
Mg24	22335.8	0.16182	91571.5	41068.5	41067.9
Si28	26053.2	0.582666	90879.6	40669.6	40668.8
Si28	26053.2	0.448756	77447.7	30239.9	30239.4
Mg24	22335.8	0.239186	51160.8	12302.4	12302.2
Fe56	52089.8	0.527634	90635.7	40210.9	40209.1
O16	14895.1	0.233766	81309.2	34106.8	34106.3
O16	14895.1	0.198675	68279.9	24428.4	24427.8
Si30	27913.2	0.233304	50629	13111.5	13111.3
O16	14895.1	0.269185	36865.4	4109.21	4108.69
Si28	26053.2	0.146399	93861.6	42398.5	42398.2
Mg26	24196.5	0.125086	82678.3	34476.7	34476
Fe56	52089.8	0.484957	70149.3	21877.9	21877.3
O16	14895.1	0.53047	93736.7	42039	42038.3
O16	14895.1	0.265374	59283	19346	19345.5
Mg24	22335.8	0.268692	77558.3	31248.9	31248.5
O16	14895.1	0.296847	64593.9	21811	21810.5
Fe56	52089.8	0.107113	55744.2	15604.1	15603.9
O16	14895.1	0.599946	48998.9	10858.7	10857.8
O16	14895.1	0.311292	45141.3	8462.04	8461.62
O16	14895.1	0.266724	84837.7	36124.9	36124.5
Si28	26053.2	0.187553	59654.1	18269.4	18269.2
O16	14895.1	0.192214	53964.2	14778.3	14778
O16	14895.1	0.688445	68164.9	22694.7	22693.5
O16	14895.1	0.284416	57427.2	12703.1	12702.8
Si29	26984.3	0.175292	46027.5	4761.67	4761.38
Si28	26053.2	0.119277	78750.1	32147.1	32146.6
O16	14895.1	0.192691	76694.2	30717.4	30716.9
O16	14895.1	0.869127	68286.3	22778.6	22777.6
O16	14895.1	0.231672	96708.7	43022.8	43021.6
Mg24	22335.8	0.451259	89303.5	37496.4	37495.2
O16	14895.1	0.224595	63333.5	19009.1	19008.7
Mg24	22335.8	0.536184	64782.3	21178.3	21177.7
O16	14895.1	0.707827	73149	26114.3	26113
O16	14895.1	0.249648	39738.3	4918	4917.29
Si28	26053.2	0.151135	88777.7	39358.4	39357.5
O16	14895.1	0.389264	60553.7	19309.6	19309.2
O16	14895.1	0.201488	37209.2	2415.32	2414.96
O16	14895.1	0.352955	94528	43087.2	43086.4
Si28	26053.2	0.411207	78276	32775.5	32774.9
Mg24	22335.8	0.331922	87351.6	37924.8	37924.4
Mg24	22335.8	0.154597	78426.2	31337.1	31336.9
O16	14895.1	0.230789	41487.7	6509.48	6509.21
O16	14895.1	0.231363	91828	41323.3	41322.2
O16	14895.1	0.254031	93959.2	41456.8	41455.2
neutron	939.565	90.0618	86318.3	35907.9	33574.7
neutron	939.565	74.5438	86318.3	35907.9	33574.7
neutron	939.565	40.9643	86318.3	35907.9	33574.7
neutron	939.565	10.3771	86318.3	35907.9	33574.7
neutron	939.565	2.56992	86318.3	35907.9	33574.7
Ne20	18617.7	6.47155	86318.3	35907.9	33574.7
Si28	26053.2	0.140492	62456.7	16819.5	16819.3
Si28	26053.2	0.110516	47182.5	6270.83	6270.14
Si28	26053.2	0.186288	46719.9	6018.15	6017.69
O16	14895.1	0.230964	92848.6	42013.6	42013.1
Mg24	22335.8	0.422696	73125.8	27581.1	27579.9
Si28	26053.2	0.156596	68068.4	24294.1	24293.2
O16	14895.1	0.191935	77522.1	30267.2	30266.6
O16	14895.1	0.205815	72856.2	27140.6	27140.3
O16	14895.1	0.685861	59427.1	17869.8	17869
O16	14895.1	0.213215	95742.4	42993.6	42993.3
neutron	939.565	5.77928	81938.7	32988.1	32507.6
N15	13968.9	3.31107	81938.7	32988.1	32507.6
Mg24	22335.8	0.16926	80834.3	31844.9	31844.1
O16	14895.1	0.645002	79885.1	30977.3	30976.6
O16	14895.1	0.856615	98823.3	45622.2	45620.6
O16	14895.1	0.61928	95099.3	43198.9	43198
Mg24	22335.8	0.214736	63350.6	18011.8	18010.2
Si28	26053.2	0.228111	59021.3	15285.6	15285.2
O16	14895.1	0.201499	41972.7	3906.74	3906.3
Si28	26053.2	0.149144	97019.8	44573.9	44573.4
O16	14895.1	0.322452	96956.5	44303.7	44302.4
O16	14895.1	0.266546	58547.2	12861.4	12860.3
Mg24	22335.8	0.687025	51747.2	8581.71	8351.26
O16	14895.1	0.268773	72245.9	25783.7	25783.3
Mg24	22335.8	1.16597	54584.8	12429.4	12427.6
O16	14895.1	0.272053	38362.9	1888.72	1888.17
Mg26	24196.5	0.173676	60766.3	19538.5	19538.2
O16	14895.1	0.203357	53509.6	14098.3	14097.9
O16	14895.1	0.19715	91244.4	40259.8	40259.3
O16	14895.1	0.561216	62076.2	19458.9	19458
O16	14895.1	0.397216	48004.1	9995.72	9994.76
Mg24	22335.8	0.250732	88241	37701	37700.4
O16	14895.1	0.910626	76131.6	29346.9	29345.8
O16	14895.1	0.285346	61940.7	19097.6	19097.2
Mg25	23268	0.278872	46165.9	8168.23	8167.85
O16	14895.1	0.194293	77597.2	31114.3	31114.1
Mg24	22335.8	0.216105	73166.4	24142.7	24140.8
Mg24	22335.8	0.544367	55307	12195.2	12194
O16	14895.1	0.778815	96979.1	41029.7	41028.8
Si28	26053.2	0.172676	46038.4	6763.06	6762.69
Si28	26053.2	0.12553	38356.5	1272.71	1272.26
O16	14895.1	0.681588	70330.8	26617.5	26616
Mg24	22335.8	0.224079	57402.6	17174.8	17174
Mg24	22335.8	0.148587	51162	13133.4	13133
Si28	26053.2	0.201156	96153.6	43891.1	43890.8
Si28	26053.2	0.123001	95077.5	43256.1	43254.8
Mg24	22335.8	0.137631	67810.6	24908.1	24907.7
Mg24	22335.8	0.193069	39414.1	4109.64	4109.42
Mg24	22335.8	0.493858	57511.2	14208.2	14207.4
O16	14895.1	0.289271	57391.6	14125.6	14124.6
O16	14895.1	0.374949	34917	728.655	727.417
neutron	939.565	0.988245	97888.1	44551	43561.2
N14	13040.2	1.93494	97888.1	44551	43561.2
Mg24	22335.8	0.243631	45447.7	5748.76	5748.4
O16	14895.1	0.219414	77293	30135	30134.5
neutron	939.565	460.037	83035.6	34879.4	33609.9
neutron	939.565	16.1045	83035.6	34879.4	33609.9
neutron	939.565	7.28117	83035.6	34879.4	33609.9
alpha	3727.38	4.36963	83035.6	34879.4	33609.9
alpha	3727.38	14.0268	83035.6	34879.4	33609.9
Si28	26053.2	0.154705	75572.2	27816.9	27816.1
Mg25	23268	0.352109	97207.3	44592.7	44592
O16	14895.1	0.496592	56919.3	16470.2	16468.6
Si28	26053.2	0.156864	69694.3	20068.6	20067.5
Si28	26053.2	0.291755	99186.1	45748.3	45748
O16	14895.1	0.837824	80927.4	31938.7	31937.9
O16	14895.1	1.1812	62922.5	18181	18179.7
Si29	26984.3	0.176527	62159.8	17606.3	17606.1
Mg24	22335.8	0.499411	59887.1	15959.4	15958.3
O16	14895.1	0.203928	53099.5	7759.67	7759.32
O16	14895.1	0.331144	99318.9	46003.1	46002.6
O16	14895.1	1.37021	87850.6	38612.1	38609.9
O16	14895.1	0.316062	96196	43929.1	43927.3
O16	14895.1	0.223443	82592.7	28622	28621.7
O16	14895.1	0.242902	69168.6	22445	22444.5
O16	14895.1	0.456417	66605.7	19747.9	19746.6
O16	14895.1	0.263773	37720	821.399	820.516
O16	14895.1	0.214217	96101	43490.5	43490.3
Si28	26053.2	0.164448	74726.4	27727.1	27726.3
O16	14895.1	0.720053	71885.4	25852.1	25850.9
Mg24	22335.8	0.166086	56357.8	15294.4	15294
Si28	26053.2	0.161589	72357.7	25774.4	25773.9
Mg26	24196.5	0.700439	98257.3	45212.4	45211.5
O16	14895.1	0.338538	66629.8	21669.4	21668.8
O16	14895.1	0.49066	61355.8	18194.8	18193.7
Si28	26053.2	0.209774	72936.8	26126	26125.5
neutron	939.565	31.9089	53420.2	12787.6	9968.89
neutron	939.565	24.2966	53420.2	12787.6	9968.89
neutron	939.565	1.78178	53420.2	12787.6	9968.89
neutron	939.565	0.497049	53420.2	12787.6	9968.89
Ne20	18617.7	4.48869	53420.2	12787.6	9968.89
O16	14895.1	0.552798	73325.5	25747.7	25746.6
Si28	26053.2	0.412211	73474.8	26296.8	26296.4
Si28	26053.2	0.122728	56149.9	14335	14334.2
O16	14895.1	0.302333	59395.2	10968.3	10967.8
O16	14895.1	0.550918	72647.6	26131.5	26130.8
Mg24	22335.8	0.258401	99738.1	46246.8	46245.8
Si28	26053.2	0.143148	96246.7	44137.1	44136.9
O16	14895.1	0.239318	83661.5	35679.5	35679.1
O16	14895.1	0.304582	79543.9	32615.4	32614.7
Mg25	23268	0.234936	67411.6	21310.8	21309.6
O16	14895.1	0.198225	66831.1	20990	20989.6
Si28	26053.2	0.170938	71404.8	27010	27009.5
neutron	939.565	38.0004	88585.2	38670.7	27233.3
alpha	3727.38	57.0028	88585.2	38670.7	27233.3
alpha	3727.38	9.20104	88585.2	38670.7	27233.3
neutron	939.565	39.259	88585.2	38670.7	27233.3
O16	14895.1	0.265038	52685.3	2046.24	2045.68
O16	14895.1	0.616587	52639.5	2024.98	2023.82
Si28	26053.2	0.563501	91993.3	41023.7	41022.5
Mg24	22335.8	0.137186	97087.8	44356.1	44355.8
Mg26	24196.5	0.118195	95739.3	43390	43389.7
Si28	26053.2	0.366031	78294.1	28352	28351.6
Fe57	53021.7	0.0554315	60686.5	15700.2	15698.8
Si28	26053.2	0.587161	50519.2	7385.83	7385.06
O16	14895.1	0.196453	64946.2	20178	20177.8
Si28	26053.2	0.120237	58193.4	15369.7	15369.2
O16	14895.1	0.234902	41333.9	3443.83	3443.33
O16	14895.1	0.329509	94010.7	39540.8	39539.8
neutron	939.565	20.8739	86392.8	32180	31635.1
N14	13040.2	4.50878	86392.8	32180	31635.1
O16	14895.1	0.208593	42869.2	3376.03	3375.67
neutron	939.565	299.575	41977.6	2825.97	2004.82
neutron	939.565	7.13606	41977.6	2825.97	2004.82
neutron	939.565	0.86089	41977.6	2825.97	2004.82
B10	9324.44	3.46963	41977.6	2825.97	2004.82
O16	14895.1	0.575873	82635.3	28405.1	28404.4
Mg24	22335.8	0.592193	66103.8	18352	18351.3
O16	14895.1	0.245385	37959.6	1611.33	1610.81
Co56	52093.9	0.0438587	99976.9	46403	46122.8
Mg25	23268	0.155663	94313.9	41398.7	41398.4
Si28	26053.2	0.149799	86726.5	37583.4	37583
O15	13971.2	0.711148	92938.6	40952.4	40632.4
Mg24	22335.8	0.137848	75183.7	27573	27572.4
Mg24	22335.8	0.141828	74600.9	27168.6	27168.2
O16	14895.1	0.189858	71419.4	26902.4	26902.1
O16	14895.1	0.6596	67050.2	23924.3	23923.3
Mg24	22335.8	0.31673	50412.7	8285.52	8284.16
Si28	26053.2	0.157619	42925.8	3294.76	3293.6
neutron	939.565	8.23286	71771.7	28072.7	27379.4
Na25	23272.4	4.55122	71771.7	28072.7	27379.4
O16	14895.1	0.246512	35443.3	1196.05	1195.77
O16	14895.1	0.358737	67466.2	23628.5	23628
O16	14895.1	0.823084	34360.1	707.937	706.877
O16	14895.1	1.07319	72676.6	26797.1	26795.8
O16	14895.1	0.206115	53556.7	12261.2	12260.1
Mg24	22335.8	0.391836	95743.7	41956.8	41956.2
O16	14895.1	0.419582	84419.9	33437.3	33436.5
Mg24	22335.8	0.410298	68715.2	23186.4	23185.8
Mg24	22335.8	0.238834	64649.7	20627.7	20627
Fe56	52089.8	0.0663988	77278.9	24262.5	24262.3
Si28	26053.2	0.110518	67359.6	22877.7	22877.4
O16	14895.1	0.264394	64167.3	13654	13653.5
O16	14895.1	0.233875	53315.5	5767.73	5766.98
Si28	26053.2	0.201972	90898.8	38634.4	38634
O16	14895.1	0.278505	92063.5	37454.4	37453.9
Si28	26053.2	0.546042	57039.7	13407.1	13406.5
O16	14895.1	0.511457	53764.4	11165.3	11164.6
neutron	939.565	124.122	89905.7	39061	38268.3
N13	12111.2	1.29988	89905.7	39061	38268.3
O16	14895.1	0.200823	51125.9	8927.88	8927.25
O16	14895.1	0.339838	91169	40315.1	40314.6
Si28	26053.2	0.213962	99271.3	45993.6	45993.3
O16	14895.1	0.212993	88480.2	37411.4	37411.1
Mg24	22335.8	0.140671	82352.3	33236.1	33235.7
O16	14895.1	3.33783	75502.7	28234.2	28230.9
Si28	26053.2	0.155026	34930.8	229.535	229.278
Mg25	23268	0.201786	70626.7	26022.5	26022
Mg26	24196.5	0.280811	62324.8	14312.2	14311.9
O16	14895.1	0.254581	56985.3	10886.9	10886.6
Si28	26053.2	0.131303	51637.9	7228.54	7225.71
O16	14895.1	0.195201	88218.5	37913.3	37912.9
O16	14895.1	0.427075	56663.2	12900.2	12899.2
Si28	26053.2	0.173182	51859.5	9461.87	9461.67
O16	14895.1	0.200281	69297.4	17759.2	17759
O16	14895.1	0.192629	63338.3	13773.3	13773.1
Si28	26053.2	0.115901	63049.4	13599.9	13599.4
O16	14895.1	1.31022	49791.3	4556.5	4554.68
O16	14895.1	0.261825	87930.9	38244.7	38243.8
O16	14895.1	0.321644	58737.1	18770.2	18769.8
Si28	26053.2	0.109986	57378.8	17975.1	17974.7
O16	14895.1	0.256198	67396.9	24197	24196.4
Mg24	22335.8	0.15525	93344.2	41781	41780.1
Si28	26053.2	0.113429	82693.1	34325.2	34324.9
O16	14895.1	0.206227	67064.8	17733.2	17732.8
O16	14895.1	0.413861	73198.6	24814.9	24814.4
Mg24	22335.8	0.172268	91721.6	41226.8	41226
O16	14895.1	1.36323	66738.1	23599.8	23598.4
O16	14895.1	0.231669	90952.9	39105.2	39103.2
O16	14895.1	0.520884	77734.7	30410.7	30409.8
O16	14895.1	0.410732	39396.3	3296.16	3295.7
Si28	26053.2	0.126318	95542.8	42975.1	42974.7
Si28	26053.2	0.271781	46690.8	7059.58	7059.29
Si28	26053.2	0.59005	94463.4	41464.6	41464
O16	14895.1	0.2788	74175.9	26135.1	26134.7
neutron	939.565	48.7824	99835	46310.5	33996.5
He3	2808.39	135.787	99835	46310.5	33996.5
neutron	939.565	52.2304	99835	46310.5	33996.5
neutron	939.565	72.455	99835	46310.5	33996.5
neutron	939.565	44.4471	99835	46310.5	33996.5
neutron	939.565	16.514	99835	46310.5	33996.5
neutron	939.565	126.087	99835	46310.5	33996.5
Si28	26053.2	0.213883	73482.8	15354.1	15352.9
Si28	26053.2	0.135721	54450	2287.94	2287.39
Mg24	22335.8	0.17681	80098.5	31687	31686.8
Mg24	22335.8	0.133448	43762	6907.21	6906.03
O16	14895.1	0.21056	63801.2	18426.3	18425.7
O16	14895.1	0.518131	59970.8	15743.9	15742.2
Si28	26053.2	0.146527	57472	14204	14203.5
Mg25	23268	0.357483	90199.3	21349.4	21348.1
O16	14895.1	0.203793	61886.7	20498	20497.3
Si28	26053.2	0.273188	95532.9	43474.8	43474.4
Mg24	22335.8	0.455787	86788.1	26034.1	26033.3
Mg24	22335.8	0.363282	78511.2	20494.1	20493.4
O16	14895.1	0.51432	93737.7	41118.6	41117.8
Si29	26984.3	0.162471	51650.6	12107.6	12106.9
Si28	26053.2	0.259437	43111.8	6221.44	6219.86
Mg24	22335.8	0.206776	73617.3	25538.9	25538.1
Si28	26053.2	0.312995	72878.7	28192.8	28192.4
Si28	26053.2	0.117317	52468.9	7526.13	7524.52
Mg24	22335.8	0.142548	70041.6	25270.6	25270.4
O16	14895.1	0.496236	69399	24880.3	24879.8
O16	14895.1	0.190297	61200.8	18989.3	18989
O16	14895.1	0.544934	97947	45089.4	45088.7
O16	14895.1	0.548656	62472.1	20702.6	20702
O16	14895.1	0.193231	52170.4	11400.2	11399.9
O16	14895.1	0.326911	57398.6	18596.9	18596.4
neutron	939.565	10.1619	81134	31412.7	31120.8
neutron	939.565	3.90179	81134	31412.7	31120.8
neutron	939.565	3.50556	81134	31412.7	31120.8
alpha	3727.38	18.5103	81134	31412.7	31120.8
alpha	3727.38	2.6818	81134	31412.7	31120.8
O16	14895.1	0.193546	76143	27986.9	27986.6
Si28	26053.2	0.248202	82411.5	30802.1	30801.3
O16	14895.1	0.448003	87277.1	37375	37374.1
O16	14895.1	0.321091	59635.2	15255.8	15255
Si28	26053.2	0.149416	94749.8	33743	33742.3
O16	14895.1	0.718298	78850.6	23507.4	23506.5
O16	14895.1	0.224973	45122.7	8797.33	8796.93
O16	14895.1	0.411606	92202.8	41187.4	41186.4
Si28	26053.2	0.254208	50008.7	12383.8	12383.5
Fe57	53021.7	0.0923902	42508.3	6987.78	6987.22
Mg24	22335.8	0.189543	86866.4	37489.4	37489.2
Si28	26053.2	0.301404	81380.4	33924.1	33923.4
Si28	26053.2	0.153492	72143.4	26523.6	26523.4
O16	14895.1	0.366119	36797.1	1521.62	1521.22
Mg24	22335.8	0.640672	94888.6	42690.1	42689
neutron	939.565	214.679	54735.5	14378.8	12971.9
neutron	939.565	105.62	54735.5	14378.8	12971.9
neutron	939.565	8.73444	54735.5	14378.8	12971.9
Ne22	20479.7	3.66123	54735.5	14378.8	12971.9
O16	14895.1	0.556278	81939.2	34839	34838.1
Si28	26053.2	0.147074	72691.3	28990.8	28990.7
neutron	939.565	15.6941	63600.9	20740.8	20533.9
neutron	939.565	9.14271	63600.9	20740.8	20533.9
alpha	3727.38	6.1025	63600.9	20740.8	20533.9
alpha	3727.38	10.5376	63600.9	20740.8	20533.9
Si28	26053.2	0.154343	60247.2	18466.8	18466.4
O16	14895.1	0.26187	67566.3	20564.9	20564.2
C14	13040.9	1.83737	60755.5	14417.6	14122.1
Mg24	22335.8	1.07358	76385.7	28552.6	28551.2
Si28	26053.2	0.180209	76946.2	30654.7	30654.4
O16	14895.1	0.802723	74649.1	29234.7	29233.7
Si28	26053.2	0.260998	66994.6	23480.1	23479.8
O16	14895.1	0.445883	45979.2	9473.49	9472.7
O16	14895.1	1.07028	97521.3	44955.6	44954
O16	14895.1	0.247611	55672.5	15345.2	15343.9
O16	14895.1	1.21605	55260.8	15097.1	15095.8
Si28	26053.2	0.459436	75777.4	19725.8	19725
O16	14895.1	0.400772	99872.2	46338.9	46336.3
Mg26	24196.5	0.479351	81421.6	33476.6	33475.9
Mg24	22335.8	0.291146	51101.8	13174.6	13173.2
neutron	939.565	289.327	59646.4	18439.4	17208.8
neutron	939.565	45.8802	59646.4	18439.4	17208.8
neutron	939.565	9.67628	59646.4	18439.4	17208.8
neutron	939.565	0.152278	59646.4	18439.4	17208.8
He3	2808.39	16.2245	59646.4	18439.4	17208.8
O17	15830.5	1.01946	59646.4	18439.4	17208.8
O16	14895.1	0.598734	51339.5	11743.6	11742.9
O16	14895.1	0.688946	36557.6	2267.03	2266.21
O16	14895.1	0.3242	93696.8	41611.8	41611.4
O16	14895.1	0.368942	85352.3	32205.5	32205
O16	14895.1	0.228187	82929.5	30696.7	30696.4
Si28	26053.2	0.223972	90169.7	40073.4	40072.7
O16	14895.1	0.222215	50403.8	13093.6	13093.1
Si28	26053.2	0.110841	48347.5	11641	11640.8
Mg24	22335.8	0.280685	80379.2	30705.1	30703.6
Mg24	22335.8	0.153753	72088.5	27373.6	27373.1
O16	14895.1	0.204958	97307.7	44847.2	44846.6
Mg24	22335.8	0.247871	95527.3	43817.4	43817.2
Si28	26053.2	0.174218	38027.5	1051.21	1050.89
Mg24	22335.8	0.137196	56488.3	14460.7	14460.3
neutron	939.565	0.147344	66965.9	20672.5	19954.9
F20	18625.3	3.24499	66965.9	20672.5	19954.9
Mg26	24196.5	0.447349	54682.1	13942.2	13941.3
neutron	939.565	214.663	75156.8	23110.1	22779.8
neutron	939.565	1.94441	75156.8	23110.1	22779.8
N13	12111.2	1.16649	75156.8	23110.1	22779.8
Mg24	22335.8	0.606235	48058.3	10161.8	10160.8
Si28	26053.2	0.122474	47703.8	9968.78	9968.48
Si28	26053.2	0.133637	52399.9	10460.2	10459.9
Si28	26053.2	0.113266	36856.4	539.128	538.021
Si28	26053.2	0.234919	87555.5	37847.5	37846.8
Fe56	52089.8	0.0547236	60433.8	14185.9	14185.6
O16	14895.1	0.400652	96267.5	43812.8	43811.5
O16	14895.1	2.78939	43923.7	5508.36	5505.39
Si28	26053.2	0.446517	36757.5	1237.59	1237.03
O16	14895.1	0.241196	85318.7	36534.2	36533.4
Si28	26053.2	0.313392	84557.9	35506.1	35505.4
O16	14895.1	0.595571	58893	17975.6	17974.6
O16	14895.1	0.637376	48006.6	5714.3	5713.54
O16	14895.1	0.31837	97353.7	42576.6	42576
Si28	26053.2	0.283287	71119.4	22759.3	22758.4
Si28	26053.2	0.409323	43433.6	4934.91	4934.48
O16	14895.1	0.238026	71464.1	25978	25976.8
O16	14895.1	0.468356	45281.2	6624.11	6622.35
O16	14895.1	0.217401	84085	30082.9	30081.5
Mg24	22335.8	0.159922	77029.4	25216.2	25215.7
Si28	26053.2	0.16425	63719.8	16943.1	16942.3
Si28	26053.2	0.136885	39977.4	7181.54	7181.23
Si28	26053.2	0.132574	55551.1	16154.5	16154.2
Mg24	22335.8	0.160117	47927.4	11110.8	11110.2
Mg26	24196.5	0.258678	45933.2	6555.15	6554.87
O16	14895.1	0.259631	99844.1	46330.5	46329.7
O16	14895.1	0.211469	78027.7	30457.7	30457.3
neutron	939.565	23.0067	67928.3	20764.9	20242.4
neutron	939.565	4.02362	67928.3	20764.9	20242.4
alpha	3727.38	7.40441	67928.3	20764.9	20242.4
Be8	7454.85	2.83038	67928.3	20764.9	20242.4
O16	14895.1	1.22578	41319	2495.37	2493.73
O16	14895.1	0.212008	30803.6	68.8662	68.372
neutron	939.565	29.3415	54194.4	14858.6	14385.7
neutron	939.565	16.3506	54194.4	14858.6	14385.7
neutron	939.565	4.5042	54194.4	14858.6	14385.7
alpha	3727.38	30.4004	54194.4	14858.6	14385.7
He3	2808.39	15.1129	54194.4	14858.6	14385.7
alpha	3727.38	1.89819	54194.4	14858.6	14385.7
alpha	3727.38	16.159	54194.4	14858.6	14385.7
Be8	7454.85	4.03123	54194.4	14858.6	14385.7
O16	14895.1	0.482609	77743.3	15719.7	15719.1
O16	14895.1	0.247664	76000.1	14581.4	14580.7
neutron	939.565	98.3688	70317.7	26119.8	25694.4
neutron	939.565	3.95876	70317.7	26119.8	25694.4
neutron	939.565	1.0933	70317.7	26119.8	25694.4
alpha	3727.38	9.1311	70317.7	26119.8	25694.4
O16	14895.1	0.439434	69660.2	25223.7	25222.5
neutron	939.565	1648.55	60984.5	14401.3	12294.4
neutron	939.565	416.856	60984.5	14401.3	12294.4
C12	11174.9	0.656171	60984.5	14401.3	12294.4
O16	14895.1	0.294699	54692.6	8510.44	8509.96
Mg24	22335.8	0.245691	95557.3	43054.5	43052.8
O16	14895.1	0.335732	68029.8	24289.7	24289.4
O16	14895.1	0.249815	62561.6	20689.6	20688.8
O16	14895.1	2.3666	38829	334.79	332.156
O16	14895.1	0.193711	60759.5	13870.4	13869.9
Mg24	22335.8	0.23082	46661.3	4815	4814.57
Si28	26053.2	0.366194	63697.1	19270.5	19269.8
O16	14895.1	0.499863	63004.8	18825.2	18824.3
Si28	26053.2	0.124146	55948.1	13570.5	13570.3
Mg24	22335.8	0.269629	91403.4	40750.5	40749.4
Mg24	22335.8	0.309745	41704.5	4422.98	4422.66
Mg24	22335.8	0.134754	55488.6	10147.8	10145.9
O16	14895.1	0.76157	52526.7	8350.66	8349.33
Mg24	22335.8	0.148025	51169	7416.03	7414.37
O16	14895.1	0.357347	37287.1	785.663	785.092
O16	14895.1	0.492218	94304.9	42706.9	42706.4
Mg24	22335.8	0.326409	44907.9	2383.22	2382.75
Mg24	22335.8	0.141437	78504	29283.2	29281.3
O16	14895.1	0.277272	88157.4	33383.5	33382.7
Fe56	52089.8	0.102123	69457.3	20972.9	20972.6
Si28	26053.2	0.131222	68019	20094	20093.1
Si28	26053.2	0.108441	70106.9	26552	26551.8
Mg26	24196.5	0.187966	67128.7	22714.9	22714.3
O16	14895.1	0.283866	85875.2	37186.4	37185.8
O16	14895.1	0.266456	94359.7	42271.7	42270.9
Si28	26053.2	0.1343	92845.2	41418.7	41418.3
O16	14895.1	0.236469	85662.5	35298.3	35298
Mg24	22335.8	0.215617	54066	13562	13561.6
neutron	939.565	264.727	92749.7	41850.9	23055.2
neutron	939.565	241.754	92749.7	41850.9	23055.2
alpha	3727.38	62.3308	92749.7	41850.9	23055.2
neutron	939.565	31.3981	92749.7	41850.9	23055.2
neutron	939.565	35.0314	92749.7	41850.9	23055.2
He3	2808.39	40.0692	92749.7	41850.9	23055.2
neutron	939.565	22.8575	92749.7	41850.9	23055.2
Mg24	22335.8	0.260221	85436.9	18164.3	18164
Mg23	21412.8	0.0970249	73646.9	10221.7	9351.9
O16	14895.1	0.205682	72361.6	8292.18	8291.62
Si28	26053.2	0.207663	94029.5	41248.1	41247.7
Mg25	23268	0.12913	42343.4	666.246	665.955
O16	14895.1	0.360019	85299.2	34146.1	34145.7
neutron	939.565	413.504	68142.3	21240.1	9325.69
neutron	939.565	256.038	68142.3	21240.1	9325.69
neutron	939.565	218.403	68142.3	21240.1	9325.69
neutron	939.565	6.9281	68142.3	21240.1	9325.69
neutron	939.565	9.3462	68142.3	21240.1	9325.69
alpha	3727.38	0.79446	68142.3	21240.1	9325.69
alpha	3727.38	1.74275	68142.3	21240.1	9325.69
O16	14895.1	0.449793	81160.2	33031.7	33031.2
O16	14895.1	1.85957	35302.5	932.789	930.722
O16	14895.1	0.770406	89066.4	38868	38866.7
Si28	26053.2	0.129268	84675	36121.7	36121.2
O16	14895.1	0.427776	41455.4	7157.4	7156.87
O16	14895.1	0.257908	34997	2913.29	2912.92
O16	14895.1	0.499903	70213.2	25641.4	25640.8
Si28	26053.2	0.168256	93254.4	42117.6	42117.3
Fe56	52089.8	0.0544095	80944	33034.3	33034.1
Si28	26053.2	0.115335	44433.2	2297.35	2297.2
Mg24	22335.8	0.24814	85763.3	37223.3	37222.8
O16	14895.1	0.768427	37989.4	4861.65	4860.57
Mg26	24196.5	0.484665	60629.5	17052.1	17050.9
Si28	26053.2	0.167158	70039.2	21887.9	21887.4
O16	14895.1	1.635	88038.2	38138.9	38137.2
Si28	26053.2	0.700709	39485.6	1065.01	1063.66
O16	14895.1	0.253468	51102.1	12040.1	12039.1
Fe56	52089.8	0.0648897	33726.4	626.914	626.456
Fe56	52089.8	0.132991	76054.1	28581.6	28580.9
Si28	26053.2	0.123677	54690.8	15084.3	15084
O16	14895.1	0.641402	87187.6	37080.1	37079.2
neutron	939.565	1223.16	78284.7	31123.6	18720.3
neutron	939.565	14.5106	78284.7	31123.6	18720.3
neutron	939.565	11.324	78284.7	31123.6	18720.3
neutron	939.565	7.83924	78284.7	31123.6	18720.3
alpha	3727.38	9.01166	78284.7	31123.6	18720.3
alpha	3727.38	3.81441	78284.7	31123.6	18720.3
alpha	3727.38	2.50057	78284.7	31123.6	18720.3
alpha	3727.38	1.92475	78284.7	31123.6	18720.3
Si28	26053.2	0.110481	93676	41893.7	41893.2
Si29	26984.3	0.158096	85486.3	34453.7	34453.4
O16	14895.1	1.99176	60356.1	17474.2	17472.2
O16	14895.1	0.211875	54517.5	13769.9	13769.7
O16	14895.1	0.25395	91843	38620.9	38620.6
O16	14895.1	0.660546	65447	21799.5	21798
O16	14895.1	2.39614	55800.4	15583.5	15579.9
O16	14895.1	0.224892	42931.3	7357.87	7357.63
O16	14895.1	0.487312	70822.5	25086.3	25085.6
O16	14895.1	0.219712	38357.4	675.229	674.876
O16	14895.1	0.57735	80719.3	31331.8	31331.1
O16	14895.1	0.215616	67648.8	23052.1	23051.8
O16	14895.1	0.359079	88113.7	38644.2	38642.8
Si28	26053.2	0.293213	87743.8	37185	37184.1
neutron	939.565	202.776	62120.9	18232.8	17184.7
neutron	939.565	50.0121	62120.9	18232.8	17184.7
Mg24	22335.8	9.37723	62120.9	18232.8	17184.7
Mg26	24196.5	0.166783	88511.5	38774.5	38774
Si28	26053.2	0.133899	47531.3	9081.24	9081.08
Si28	26053.2	0.196164	44930.6	7554.35	7554.05
Mg25	23268	0.642067	42692.1	6083.93	6082.97
O16	14895.1	0.22029	78008.6	28084.5	28084.3
Si28	26053.2	0.126955	94968.5	42714.1	42713.6
O16	14895.1	0.281064	42364.4	4235.16	4234.78
O16	14895.1	0.802215	94914.2	41066.1	41065
O16	14895.1	0.87606	65975.5	20517.1	20516.2
Si28	26053.2	0.134547	88103.2	36600.5	36600.1
Mg24	22335.8	0.216711	88034.9	36560.3	36559.8
Si28	26053.2	0.200964	76129.7	27383.4	27382.9
Mg24	22335.8	0.232049	74829.2	26085.1	26084.3
Mg24	22335.8	0.151276	89859.3	36779.7	36779.5
O16	14895.1	0.262551	86594	34322.4	34322.1
Si28	26053.2	0.14755	54051.2	12943.6	12942.9
Fe56	52089.8	0.204413	42970.4	5599.64	5599.17
O16	14895.1	0.308889	93107.3	42068.3	42067.7
O16	14895.1	9.41551	48228.8	9548.21	9538.78
O16	14895.1	0.452788	45468.1	7771.71	7771.25
Si28	26053.2	0.163855	85486.3	35208.8	35208.1
O16	14895.1	0.285538	61700.1	17746.9	17746.2
Si28	26053.2	0.205195	55893.3	13626.2	13625.5
Mg26	24196.5	0.132119	52791.7	11466.3	11466.1
O16	14895.1	0.371301	47347.8	7492.56	7492.06
O16	14895.1	1.30326	77872.5	31994.9	31993.3
Mg24	22335.8	0.220352	57890.8	18736.3	18735.4
Mg24	22335.8	0.161477	48768.8	11555	11554.7
Si28	26053.2	1.91017	33855.4	1209.28	1206.98
O16	14895.1	0.611624	47155.4	10368.8	10368.2
Mg24	22335.8	0.493605	40549.8	6308.32	6307.81
O16	14895.1	0.21351	35358.7	2187.82	2186.65
O16	14895.1	0.230543	33573.3	1071.76	1071.5
Mg25	23268	0.990268	90705.7	39302.1	39301.1
O16	14895.1	1.22177	57416.4	17134.7	17133.1
Mg24	22335.8	0.157282	42111.4	6135.98	6135.43
O16	14895.1	0.242025	38744.9	3682.37	3681.88
O16	14895.1	0.6377	96176.6	43861	43859.8
neutron	939.565	2838.18	61135.7	21266.3	14256.8
neutron	939.565	5.42002	61135.7	21266.3	14256.8
O14	13044.8	0.413892	61135.7	21266.3	14256.8
Mg24	22335.8	0.176032	90109.5	39863.3	39863
O16	14895.1	0.855362	66713.1	23448.7	23447.6
O16	14895.1	0.240736	47600.9	10816.6	10816.1
Si28	26053.2	0.179703	40957.5	6641.12	6640.86
O16	14895.1	1.79789	38679.1	4790.84	4788.83
O16	14895.1	0.303735	33282	1332.42	1332.02
neutron	939.565	1817.31	72156.7	26207.7	18494.3
Ne21	19550.5	10.6642	72156.7	26207.7	18494.3
O16	14895.1	0.341601	68891	16477.7	16477.3
O16	14895.1	0.532732	60286.6	10738.1	10737.6
Mg25	23268	0.282092	92647.2	38782.1	38781.8
Mg25	23268	0.904538	75206.2	26947.4	26945.8
Si28	26053.2	0.13299	68359.1	22696.4	22695.9
O16	14895.1	0.197463	47954	7933.94	7932.68
O16	14895.1	0.800369	84380.2	35328.3	35326.6
O16	14895.1	0.665198	51291.1	13326.3	13325.3
Si28	26053.2	0.257822	43592.1	7044.53	7044.13
Mg24	22335.8	0.216427	40025	4824.49	4823.89
Si28	26053.2	0.14833	95179.5	42624.2	42624
O16	14895.1	0.322169	63647.5	16037.6	16037.2
O16	14895.1	0.20778	39069.7	900.479	899.611
Mg24	22335.8	0.190677	73478	27513.6	27513.2
Mg24	22335.8	0.305036	48320	10118.7	10117.7
O16	14895.1	0.252977	43739.3	7246.69	7246.03
Si28	26053.2	0.202049	72191.7	28202.2	28202
Mg24	22335.8	0.626985	44081.6	6361.76	6360.94
neutron	939.565	22.7467	38639.8	2667.65	2214.48
N15	13968.9	1.1786	38639.8	2667.65	2214.48
neutron	939.565	58.772	92008.5	41370.6	40427.9
neutron	939.565	48.5481	92008.5	41370.6	40427.9
neutron	939.565	25.139	92008.5	41370.6	40427.9
alpha	3727.38	9.12383	92008.5	41370.6	40427.9
O16	14895.1	3.28786	92008.5	41370.6	40427.9
Mg24	22335.8	0.136862	80757.9	32382.1	32381.9
Mg24	22335.8	0.130472	91140.7	40628.7	40628.6
Mg24	22335.8	0.201627	77169.9	31663.9	31662.7
O16	14895.1	0.367875	54707.2	16417.3	16416.2
O16	14895.1	0.323068	43144.9	8404.09	8403.75
O16	14895.1	0.605875	35885.7	3332.32	3331.36
O16	14895.1	0.439046	97661.9	44866.9	44866.4
O16	14895.1	0.319441	95868.9	43685.4	43684.9
Mg24	22335.8	0.379876	50833.1	11138.3	11137.5
Si28	26053.2	0.121136	44655.6	6988.59	6988.3
O16	14895.1	0.207666	42449.6	5659.09	5658.63
Si28	26053.2	0.198315	98032.9	45053.6	45052.9
O16	14895.1	3.05217	64846.7	23598.7	23595.5
Mg24	22335.8	0.342846	59009.1	19400.5	19400.1
Mg25	23268	0.184827	42055.3	6302.55	6302.06
Mg24	22335.8	0.129459	88273.2	34122.3	34121.5
O16	14895.1	0.423759	86729.9	33219.3	33218.6
Si28	26053.2	0.246676	80222.9	28930.8	28930.6
O16	14895.1	0.485381	64187	17925.8	17925.3
O16	14895.1	0.340515	51095.4	9276.73	9275.7
O16	14895.1	1.77	98376.9	45440	45438.2
neutron	939.565	1050.62	85735.9	36724.9	34890.3
neutron	939.565	119.903	85735.9	36724.9	34890.3
neutron	939.565	25.9886	85735.9	36724.9	34890.3
neutron	939.565	9.58471	85735.9	36724.9	34890.3
O16	14895.1	6.66433	85735.9	36724.9	34890.3
O16	14895.1	0.246677	71527.1	25331.1	25330.8
O16	14895.1	0.340352	73061.8	26854	26853.6
O16	14895.1	0.353307	66209.9	22290.4	22290
Mg24	22335.8	1.65216	58280.1	17223.9	17221.4
Fe56	52089.8	0.0548019	54443.1	14930.7	14930.3
O16	14895.1	0.276906	88437.4	33001.4	33000.7
O16	14895.1	0.19902	74889.8	24203.6	24202.6
O16	14895.1	0.634025	99676.5	46245.3	46244.2
O16	14895.1	0.192799	89166.9	38721.2	38720.8
Si28	26053.2	0.117189	83151.4	34471.1	34471
neutron	939.565	96.2217	98234.5	45147.8	44252.8
neutron	939.565	12.6123	98234.5	45147.8	44252.8
neutron	939.565	2.43689	98234.5	45147.8	44252.8
C12	11174.9	1.14624	98234.5	45147.8	44252.8
Si28	26053.2	0.41281	73270.6	25549.6	25548.9
Mg24	22335.8	0.145235	56988.6	14214.3	14213
Mg25	23268	0.13496	70889.6	25128.9	25128.7
alpha	3727.38	10.9109	92706.5	41052.3	37020.8
Si28	26053.2	0.159206	58238.1	12302.2	12301.9
neutron	939.565	1.44054	50440.9	7469.3	7260.8
Na23	21409.2	1.08882	50440.9	7469.3	7260.8
Fe56	52089.8	0.134391	90796.4	39334.8	39334
O16	14895.1	0.372316	63196.8	20631.6	20630.9
Mg24	22335.8	1.48447	38013.9	2295.4	2293.33
O16	14895.1	0.255695	55894.5	16762.3	16762
Si29	26984.3	0.221974	95932.2	43924.2	43923.9
Mg25	23268	0.172834	79629.9	33553.8	33552.9
Mg24	22335.8	0.361734	64656.9	22857.2	22856.3
O16	14895.1	0.209482	60842.3	20058.8	20058.1
Si28	26053.2	0.114833	47581.3	10795.6	10795.5
Mg24	22335.8	0.169016	36497.8	3630.49	3630.22
Si28	26053.2	0.111634	76703.5	28605.2	28604.7
O16	14895.1	1.12749	87950.1	38467	38465.7
Si28	26053.2	0.138934	54343.2	16064.5	16064.2
Mg24	22335.8	0.226363	91054.3	40457.3	40456.8
Mg24	22335.8	0.136941	58724.1	9274.14	9273.95
Si28	26053.2	0.446722	99122.4	45817.6	45817.1
Mg24	22335.8	0.291582	90148.2	40180.4	40179.9
Si28	26053.2	0.468169	57679.1	17244.4	17243.8
O16	14895.1	1.33209	37413.5	2757.42	2756.03
Si28	26053.2	0.136625	77646.1	19997.5	19997
O16	14895.1	0.20234	84580.9	34880	34879.7
Si28	26053.2	0.113357	72411	25565.2	25564.7
Mg25	23268	0.222366	80157.8	32111.8	32111.4
O16	14895.1	0.245207	48762	3673.15	3672.33
O16	14895.1	0.431609	87730.3	37182	37181.5
Si29	26984.3	0.184487	86896.7	36642.5	36642.2
O16	14895.1	0.241025	68128.5	17008.8	17008.5
Fe56	52089.8	0.0592841	60796.1	11929.2	11929.1
O16	14895.1	0.21286	95221.3	43145.3	43144.9
O16	14895.1	0.312661	59578.4	16793.4	16792.7
Mg24	22335.8	0.144647	56058.3	14487.5	14486.9
O16	14895.1	0.741892	75500.5	27553.3	27552.4
O16	14895.1	0.189925	61973.7	16390.8	16390.5
O16	14895.1	0.197306	56659.9	12055.3	12054.3
Mg24	22335.8	0.285769	65721.6	21121.5	21120.9
O16	14895.1	0.207056	39299.2	4447.7	4447.45
neutron	939.565	70.3466	64228.2	20631.7	20294
neutron	939.565	5.83589	64228.2	20631.7	20294
B11	10252.5	2.85232	64228.2	20631.7	20294
Mg26	24196.5	0.34895	94681.4	42493.3	42492.8
O16	14895.1	0.380645	76681.7	28615.1	28614.1
O16	14895.1	0.227483	90054.4	39995.3	39994.8
neutron	939.565	371.397	85655.5	32925.8	32104.5
neutron	939.565	5.52618	85655.5	32925.8	32104.5
neutron	939.565	5.32341	85655.5	32925.8	32104.5
C12	11174.9	9.60955	85655.5	32925.8	32104.5
Mg24	22335.8	0.353207	38804.9	284.886	284.302
O16	14895.1	0.417574	76206.3	27745.1	27744.3
Mg24	22335.8	0.15345	68722.7	18016.1	18013.8
Si28	26053.2	0.163413	66486.7	16504.7	16503.2
Mg24	22335.8	0.182727	90332.6	40262.7	40262.5
O16	14895.1	0.209988	79895.5	28575.3	28574.9
O16	14895.1	0.519334	50762.7	8368.67	8368.08
neutron	939.565	929.807	93399	41735.7	40537.2
neutron	939.565	225.563	93399	41735.7	40537.2
N13	12111.2	3.37229	93399	41735.7	40537.2
O16	14895.1	0.286757	51667.3	12838.6	12837.6
Mg24	22335.8	0.284997	45986.1	9248.96	9248.46
Si28	26053.2	0.134066	41583.8	6498.82	6498.65
neutron	939.565	20.9799	92413.6	40250.8	39962.3
C12	11174.9	5.05218	92413.6	40250.8	39962.3
O16	14895.1	0.795126	57054.4	14225	14223.9
Si28	26053.2	0.745172	56791.4	14074.9	14072.5
Mg24	22335.8	0.26972	49149.2	8649.97	8649.64
Mg24	22335.8	0.230444	74372.8	20119.5	20118.7
O16	14895.1	0.279523	50239.1	3022.9	3022.3
O16	14895.1	0.355792	64472	22709.5	22708.7
O16	14895.1	0.894858	80424	33134.9	33133.9
Mg24	22335.8	1.74409	76054.5	29057.4	29055.2
O16	14895.1	0.444911	99267.5	45812.2	45811.5
Si28	26053.2	0.122777	43400.2	8220.84	8220.47
neutron	939.565	127.045	33669.1	1444.16	934.701
neutron	939.565	60.9953	33669.1	1444.16	934.701
neutron	939.565	57.8641	33669.1	1444.16	934.701
Ne20	18617.7	1.50875	33669.1	1444.16	934.701
O16	14895.1	0.841215	90577.9	39518	39516.3
O16	14895.1	0.766085	51848.5	12226.8	12226
O16	14895.1	0.207006	79736.4	29338.1	29337.9
Si28	26053.2	0.335112	47519.5	5283.03	5282.68
Mg24	22335.8	0.364728	95627.8	43688.3	43687.8
Mg24	22335.8	0.308932	47147.2	8952.93	8952.27
O16	14895.1	0.361101	43971.1	6384.71	6383.75
O16	14895.1	0.249275	38922.7	3193.85	3193.6
Mg24	22335.8	0.21926	76439.6	30684.4	30683.9
O16	14895.1	0.280331	63343.9	21749.1	21746.9
Si28	26053.2	0.189213	56871.4	17357	17356.6
Si28	26053.2	0.193064	92245.4	34121.1	34118.5
O16	14895.1	1.39558	97952.8	44917.4	44915.8
O16	14895.1	0.361617	66704.3	22130.2	22129.7
O16	14895.1	0.346105	45322	7445.69	7445.27
O16	14895.1	0.555762	99087.7	45895	45894.1
O16	14895.1	0.48041	90524.3	39633.8	39632.9
O16	14895.1	0.216194	63017.3	20681.2	20680.4
Si28	26053.2	0.113365	52491.9	13407.4	13407.1
O16	14895.1	0.324071	74382.4	29432.1	29431.3
Si28	26053.2	0.269382	51892.6	14586.2	14585.3
O16	14895.1	0.237628	47126.6	11822.7	11821.2
Mg24	22335.8	0.211943	94595.7	41848.1	41847.3
Mg26	24196.5	0.150651	61046.9	16668.3	16668.1
Mg24	22335.8	0.309316	53453.8	10143.8	10143.3
Si29	26984.3	0.107811	50096.5	8230.77	8228.82
Si28	26053.2	0.222792	45219.6	5122.76	5122.33
Mg26	24196.5	0.19763	68934.8	22159.4	22158.9
Si28	26053.2	0.129339	43505.7	4991.63	4991.45
O16	14895.1	0.256333	40440.2	3046.55	3045.66
neutron	939.565	2.11631	99262.3	46004.1	38851.1
Ne20	18617.7	0.502812	99262.3	46004.1	38851.1
O16	14895.1	0.270308	83576.5	33213	33211.6
Mg24	22335.8	0.148226	45286.8	8316.1	8315.93
O16	14895.1	0.21889	69645.9	22172	22170.3
O16	14895.1	0.533898	82266.3	34524	34523.3
Si28	26053.2	0.185554	60417.8	17992.9	17992.2
O16	14895.1	0.236202	97977.2	45169	45168.6
O16	14895.1	0.204814	92588.9	41166.5	41166
O16	14895.1	0.274507	89988.3	36355.1	36354.5
O16	14895.1	1.83282	79775.3	28873.1	28871.2
Si28	26053.2	0.241778	73033.9	23914.2	23912.5
Mg24	22335.8	0.16935	67728.1	20147.6	20147
Si28	26053.2	0.136186	51712.9	9297.92	9297.75
O16	14895.1	0.211501	76415.9	30331.5	30331
O16	14895.1	1.37681	35631.2	1648.02	1646.51
O16	14895.1	0.771685	72610.1	24140.3	24138.4
O16	14895.1	0.931293	78743.6	32607.9	32606.9
Mg24	22335.8	0.628961	91312.1	40186.9	40185.4
O16	14895.1	0.457293	62025.1	17406.7	17406.2
O16	14895.1	0.968241	58872.2	15308.7	15307.4
Si28	26053.2	0.875358	78002.6	24009.2	24008.1
O16	14895.1	0.361594	85652.9	36843.9	36843.2
Mg24	22335.8	0.168331	95746.6	43754.1	43753.9
neutron	939.565	1345.2	54516.4	12934.8	9273.15
Al26	24200	0.366796	54516.4	12934.8	9273.15
O16	14895.1	0.473823	47830	4880.75	4879.94
Mg26	24196.5	0.149086	60682.6	16490.4	16490.1
Si28	26053.2	0.133375	90063.1	39709.8	39708.9
Fe56	52089.8	0.0634521	64086.9	20889.8	20889.7
neutron	939.565	4.42026	85017.3	36539.7	31690.3
Ne21	19550.5	0.333428	85017.3	36539.7	31690.3
O16	14895.1	0.845918	59582	13897.9	13896.8
O16	14895.1	0.356488	63382.3	18161.6	18160.7
Si28	26053.2	0.119086	58625.7	14660.9	14660.7
O16	14895.1	0.559987	88218.3	28047.5	28045.7
O16	14895.1	0.316113	81638.1	23080.2	23079.4
Mg24	22335.8	0.357893	78925.5	21277.2	21276.4
Fe56	52089.8	0.0680255	71737	16201.5	16201.4
Si28	26053.2	0.324146	81584.5	34010	34009.6
O16	14895.1	0.302449	76505	30930.7	30930.4
O16	14895.1	0.189761	66480.3	24623.5	24623.1
Si28	26053.2	0.128275	45516.9	11355.8	11354.4
Mg24	22335.8	0.148037	42423.2	9502.67	9502.3
Si28	26053.2	0.500791	41319.6	8837.09	8836.26
Mg24	22335.8	0.194886	28889.7	884.024	882.608
neutron	939.565	156.156	91569.3	40855.9	40594.8
neutron	939.565	0.800006	91569.3	40855.9	40594.8
C12	11174.9	0.933506	91569.3	40855.9	40594.8
O16	14895.1	0.229298	87540.9	37454.9	37454.6
O16	14895.1	0.238789	73430.5	27401.4	27401
Si28	26053.2	0.120563	74218	29494.8	29494.5
Si28	26053.2	0.393979	60283.8	19615.1	19614.6
O16	14895.1	0.403936	51808.7	12961.7	12961.3
Si28	26053.2	0.374486	48607.9	11005.4	11004.1
O16	14895.1	0.19667	45238.5	8469.17	8468.32
neutron	939.565	231.846	75570.9	28006.8	27611
neutron	939.565	123.927	75570.9	28006.8	27611
N13	12111.2	0.136842	75570.9	28006.8	27611
Si28	26053.2	0.480463	88877.5	38801	38800.3
Ne22	20479.7	0.877847	52779.1	13219.1	12974.7
O16	14895.1	0.205425	44989.3	4181.19	4180.95
Fe56	52089.8	0.0591259	42224.1	2423.32	2423.14
Si28	26053.2	0.129907	80743.8	23325.5	23325.2
O18	16762	0.191962	81400.1	32098.4	32097.4
O16	14895.1	0.196627	57623	15850.5	15850.1
O16	14895.1	1.9342	80460.3	33099.4	33096.8
Si28	26053.2	0.843524	68625.6	25208.9	25207.8
O16	14895.1	0.382926	94580.9	42694.5	42694
Si28	26053.2	0.205417	90766.9	40418.6	40417.6
Fe56	52089.8	0.0872412	55029.4	17325.4	17325.2
O16	14895.1	0.36043	47858.1	12124.5	12123.4
O16	14895.1	0.511988	72774.5	16819.7	16819.1
Si29	26984.3	0.126098	61212.9	15399.2	15398.9
O16	14895.1	0.391758	95784.9	43216.4	43215.6
neutron	939.565	814.424	65614	22297.1	19540.5
N14	13040.2	0.144915	65614	22297.1	19540.5
Si28	26053.2	0.118494	67363.9	24392.9	24392.6
Mg24	22335.8	0.23535	58116.4	18138.7	18137.8
O16	14895.1	0.209568	43075.7	7705.71	7705.47
O16	14895.1	0.353304	78428	32145.1	32144.6
O16	14895.1	0.201698	93270.9	41753.7	41752.7
O16	14895.1	0.439425	54971.5	16302.8	16302.2
O16	14895.1	0.377111	65383.5	19336.9	19336.4
Mg24	22335.8	0.165558	55400.4	12905.6	12905
Si28	26053.2	0.218581	40310.1	2315.13	2314.81
Si28	26053.2	0.119384	67347.9	20646.6	20646.3
O16	14895.1	0.379082	54623	10509.6	10508.9
O16	14895.1	0.4548	85538.2	27441	27439.7
neutron	939.565	5.97121	75058.8	20569.9	20237.7
neutron	939.565	4.71398	75058.8	20569.9	20237.7
C12	11174.9	5.04315	75058.8	20569.9	20237.7
Si28	26053.2	0.151122	73188.3	19007.2	19006.9
Si28	26053.2	0.109819	68604.7	16183.3	16182.9
O16	14895.1	0.288483	51625.8	2090.84	2090.48
Mg26	24196.5	0.429827	49580.6	773.441	772.576
O16	14895.1	0.443829	97307.2	44741.4	44740.9
O16	14895.1	0.261456	99440.6	46094.9	46094
Si28	26053.2	0.149326	60200.8	13809.4	13809
Si29	26984.3	0.107648	44623.2	3627.47	3627.05
Si28	26053.2	0.215963	86458.2	36827.5	36827.1
O16	14895.1	0.215393	92843	41350.6	41350.3
Mg24	22335.8	0.310804	58708.6	18786.9	18786
Fe56	52089.8	0.364934	58505.2	18665.9	18665.2
O16	14895.1	0.277214	92902.4	40516.3	40514.8
O16	14895.1	0.214397	38743.6	2223.08	2221.93
O16	14895.1	0.28037	39869.4	523.572	522.917
O16	14895.1	0.287514	72989.8	26818.9	26818.4
Si28	26053.2	0.110188	72296.4	26417.7	26417.2
O16	14895.1	0.67993	67080.6	22533.2	22532.3
O16	14895.1	0.358916	63477.2	20251.2	20250.8
O16	14895.1	0.285383	32859.8	526.214	525.835
Si28	26053.2	0.343809	91812.4	41372.4	41372
Si28	26053.2	0.134438	53986.5	14936.1	14935.8
Mg24	22335.8	0.143371	32593.7	813.66	813.169
Si29	26984.3	0.371261	72351.3	26181.8	26180.4
neutron	939.565	810.022	51354	10378.5	7765.97
N14	13040.2	1.20803	51354	10378.5	7765.97
Si30	27913.2	0.165223	65334.6	13348.3	13347.8
O16	14895.1	0.198311	97536	44357.5	44356.7
Mg24	22335.8	0.163895	77044.2	29886.7	29886.3
O16	14895.1	0.325598	52675.8	12108.4	12107.7
O16	14895.1	0.25892	47478.2	8967.88	8967.61
Mg24	22335.8	0.153143	38512.2	2959.61	2959.46
Mg24	22335.8	0.18257	92786.5	41369.1	41368.3
Mg24	22335.8	0.215764	62546.7	18400.6	18398.8
Si28	26053.2	0.159294	51055.4	9285.18	9284.68
O16	14895.1	1.11717	60866.3	19113.4	19111.9
Mg24	22335.8	0.146068	79838.8	33904.4	33904.1
O16	14895.1	0.426891	82902.9	31043.5	31042.3
O16	14895.1	0.218961	67611.5	19561	19559.6
O15	13971.2	0.550823	77114.3	30312.5	29416.8
Mg24	22335.8	0.13895	91984.2	40084.4	40084.1
O16	14895.1	0.471129	76414.9	27694.8	27694.1
O16	14895.1	0.189246	62841.5	18153.6	18153.4
Mg26	24196.5	0.208189	87183.4	37081	37080.4
O16	14895.1	0.240332	84579.4	34808.2	34807.2
O16	14895.1	0.753023	56731.6	14053.5	14052.6
O16	14895.1	0.241379	57941.6	15773.6	15773.3
Si28	26053.2	0.13533	41481.4	3243.28	3243.06
O16	14895.1	1.15725	78383.3	31309.2	31307.9
Si30	27913.2	0.104356	77581.7	30765.3	30765
C14	13040.9	1.63336	94300.8	42097.1	40468.4
Si30	27913.2	0.126676	76525.8	27544.9	27544.7
O16	14895.1	0.23371	70693.6	22132.3	22131.8
O16	14895.1	0.41261	69253.5	21251.5	21250.4
O16	14895.1	0.265266	64510.7	18225	18224.5
Mg24	22335.8	0.140757	49264.3	7000.18	6999.52
Mg24	22335.8	0.129684	83187.8	34886.9	34886.7
C14	13040.9	0.440947	81505.6	33785.1	33362.3
neutron	939.565	159.527	97057.8	44375.2	44118.1
neutron	939.565	53.4824	97057.8	44375.2	44118.1
Al25	23271.8	1.82073	97057.8	44375.2	44118.1
Fe56	52089.8	0.05842	35005.6	1017.29	1017.08
O16	14895.1	0.250978	66134.4	22662.3	22662
Mg25	23268	0.19111	38341.1	1799.09	1798.66
Fe56	52089.8	0.153215	73736.7	24193.1	24192.6
Si28	26053.2	0.119306	62992	16527.8	16527.6
Si28	26053.2	0.154748	58466.1	13598.9	13598.6
Mg24	22335.8	0.474466	52872.5	9147.03	9146.15
O16	14895.1	0.709354	98516.2	45459.9	45457.7
Fe56	52089.8	0.24885	48859.6	2151.08	2150.28
O16	14895.1	0.237525	78224.1	32077.2	32076.7
O16	14895.1	0.383626	72390.9	27949.5	27949.1
Si28	26053.2	0.130091	52879.8	11513.2	11511.8
Si28	26053.2	0.486542	66919	22073.9	22073.1
Si28	26053.2	0.135929	66880.7	22055.2	22054.9
Mg24	22335.8	0.18134	76389.9	25582.1	25581.9
O16	14895.1	0.227789	75779.1	25127.6	25127.4
O16	14895.1	0.200588	58340.2	13408.7	13408.2
Si28	26053.2	0.240984	39665.5	2003.16	2002.27
O16	14895.1	0.350226	90832.4	40469.3	40468.9
Mg24	22335.8	0.145764	43523.9	1664.93	1662.95
Mg24	22335.8	0.133756	89093	35659	35658.5
Si28	26053.2	0.197608	87544.7	34648.6	34648
Si28	26053.2	0.147367	62365.3	15619.5	15618.8
Mg26	24196.5	0.119423	66428.5	14269.7	14269.3
neutron	939.565	49.4262	87926.6	32386	32039.2
Mg23	21412.8	0.368152	87926.6	32386	32039.2
O16	14895.1	0.262907	87798.6	31964.9	31964.1
Si28	26053.2	0.147252	75727.8	28269.4	28269.3
O16	14895.1	0.251106	61918.4	18397.2	18396.8
Si28	26053.2	5.36191	57375.1	14897.8	14892.4
Mg24	22335.8	0.220172	87307.5	30540.9	30540.6
Si28	26053.2	0.498601	70155.2	18517.3	18516.7
Si28	26053.2	0.122608	68044.2	16969	16968.8
O16	14895.1	1.91417	49545.5	4461.16	4458.17
O16	14895.1	0.263018	54095.5	15772.6	15771.8
O16	14895.1	1.18868	51748.4	12890.3	12888.4
O16	14895.1	0.219883	33564.5	1041.81	1041.49
O16	14895.1	0.358458	75872.4	29594.6	29594.2
O16	14895.1	0.215605	69084	23484.1	23483.5
O16	14895.1	0.778501	99843.3	46293.8	46292.9
Mg24	22335.8	0.152194	47164.3	4830.59	4830.41
O16	14895.1	0.583562	41022.4	422.236	421.358
O16	14895.1	0.400335	99495.1	46131.1	46130.3
Mg24	22335.8	0.13424	75186.9	30187.2	30187
Si28	26053.2	0.191045	51450.5	14098.2	14097.9
neutron	939.565	206.195	54532.2	14154.2	13598.4
neutron	939.565	124.421	54532.2	14154.2	13598.4
alpha	3727.38	6.74116	54532.2	14154.2	13598.4
Be8	7454.85	20.7647	54532.2	14154.2	13598.4
O16	14895.1	0.31604	47508.1	9276.71	9276.29
Si28	26053.2	0.259742	45524.9	7924.18	7923.82
O16	14895.1	0.33803	99428.9	46085.2	46083.4
Si28	26053.2	0.15601	54049.9	7295.86	7295.67
O16	14895.1	0.197425	48643.2	3112.54	3112.3
neutron	939.565	2.61289	60620.7	19092.9	18763.1
neutron	939.565	2.31599	60620.7	19092.9	18763.1
neutron	939.565	1.2221	60620.7	19092.9	18763.1
neutron	939.565	1.08356	60620.7	19092.9	18763.1
Be8	7454.85	1.66672	60620.7	19092.9	18763.1
Si28	26053.2	0.143755	71833.9	28034.8	28034.5
Mg24	22335.8	0.775788	59032.2	18725.8	18724.7
O16	14895.1	0.229398	82361.2	32998.7	32998.4
Si28	26053.2	0.123269	63888.1	18255.8	18255.7
Si28	26053.2	0.220602	98989.2	45746.3	45746.1
O16	14895.1	0.190046	67983	23568.8	23567.9
O16	14895.1	0.194727	65783.2	22170.9	22170.6
O16	14895.1	1.25279	98872.6	45674.4	45672.6
Mg24	22335.8	0.13318	53147.6	8301.19	8300.97
O16	14895.1	0.201084	77255.2	23450.9	23450.6
Si28	26053.2	0.109935	66298.7	15876.4	15876.3
Mg26	24196.5	0.129192	59093.6	11155.5	11155.1
Si28	26053.2	0.207699	74983.4	28372.5	28372
O16	14895.1	0.240375	70413.7	25367.5	25366.4
Si29	26984.3	0.121525	67937	23909	23908.8
Si28	26053.2	0.115395	55439	15399.6	15399.2
Si28	26053.2	0.113165	41314.9	5442.33	5441.91
O16	14895.1	0.192136	83142.1	33321.3	33321
neutron	939.565	150.228	78649.4	31053.2	30546.1
neutron	939.565	0.693249	78649.4	31053.2	30546.1
C12	11174.9	0.714073	78649.4	31053.2	30546.1
O16	14895.1	0.206384	77021.3	29391.8	29391.5
neutron	939.565	4201.42	66308.5	21852.7	14951.6
neutron	939.565	186.232	66308.5	21852.7	14951.6
neutron	939.565	118.801	66308.5	21852.7	14951.6
neutron	939.565	96.7778	66308.5	21852.7	14951.6
neutron	939.565	23.3287	66308.5	21852.7	14951.6
neutron	939.565	10.1786	66308.5	21852.7	14951.6
alpha	3727.38	54.8554	66308.5	21852.7	14951.6
Mg24	22335.8	0.191972	58029	9153.67	9153.36
Mg25	23268	0.385802	76345.1	30110.3	30109.8
Si28	26053.2	0.329835	71297.1	26866.4	26865.8
O16	14895.1	0.202031	86013.9	34063.5	34063.2
Si28	26053.2	0.160151	59194.7	14318	14317.6
O16	14895.1	0.251575	57286.1	13080.4	13079.7
Si28	26053.2	0.109133	70400.2	23375.4	23375.3
O16	14895.1	0.2537	83194	35231.1	35230.7
O16	14895.1	0.306069	66142.3	23677.7	23677.3
Si29	26984.3	0.117037	65318.2	23120.6	23119.8
Mg24	22335.8	0.178754	62347.4	21284.3	21283.9
O16	14895.1	0.217798	56664.9	16706	16705.5
Mg24	22335.8	0.152992	49069.4	11948.1	11946.7
O16	14895.1	0.588507	42356.4	5537.72	5537.1
Si28	26053.2	0.262467	40615.8	4473.48	4473.12
Si28	26053.2	0.188153	50279.8	10576.9	10576.4
Mg24	22335.8	0.146497	71222	27083.1	27081.8
Si28	26053.2	0.423324	67352.7	24092.4	24091.8
O16	14895.1	0.551174	35518.3	1916.59	1915.69
Si28	26053.2	0.115807	68623.8	23510.3	23509.4
neutron	939.565	51.3488	60261.3	16010.5	12986
neutron	939.565	23.8409	60261.3	16010.5	12986
Be10	9325.5	3.06505	60261.3	16010.5	12986
Mg24	22335.8	0.647193	82026	33745	33744.1
O16	14895.1	0.3423	68181.8	24500.5	24500
O16	14895.1	0.214256	48243.1	9834.38	9834.14
Si28	26053.2	0.147861	83699.4	31772.9	31772.7
O16	14895.1	0.208785	83242.3	31497.4	31497.2
neutron	939.565	940.582	66068	19834	17154.3
neutron	939.565	185.186	66068	19834	17154.3
alpha	3727.38	2.60888	66068	19834	17154.3
alpha	3727.38	6.90339	66068	19834	17154.3
alpha	3727.38	4.73958	66068	19834	17154.3
Si28	26053.2	0.205378	48383.6	9687.55	9687.31
O16	14895.1	0.510977	43825.3	6230.31	6229.35
O16	14895.1	0.237785	43044.6	5759.71	5759.45
Fe56	52089.8	0.0699345	49544.1	12248.4	12248.1
O16	14895.1	0.36263	47877	11259.8	11259.1
O16	14895.1	0.548887	54871.1	15964.6	15964
O16	14895.1	0.200633	63302.1	19845.2	19844.5
O16	14895.1	0.5015	77913.9	21880.7	21879.8
Si28	26053.2	0.215959	71784.7	16966.7	16966.2
O16	14895.1	0.521426	70957.7	16492.2	16490.8
O16	14895.1	0.31431	54266.4	4775.16	4774.73
neutron	939.565	215.905	91218.9	39819.6	35772.5
N14	13040.2	0.562029	91218.9	39819.6	35772.5
Mg24	22335.8	0.201075	91093.6	35690.9	35690.3
Mg24	22335.8	0.134607	46713.2	3218.62	3218
O16	14895.1	0.358647	76219.3	29377.9	29375.3
O16	14895.1	0.538998	99335.2	46011	46010.5
Si28	26053.2	0.577095	80014.4	32464.5	32463.8
Si28	26053.2	0.343361	93394.7	36411.2	36410.7
Mg24	22335.8	0.140581	89520	39484.6	39484.2
O16	14895.1	0.602576	68624	24283.4	24282.5
O16	14895.1	1.25532	88071.4	38224.2	38221
O16	14895.1	0.194866	86904.8	37499.3	37498.8
Mg24	22335.8	0.36322	63889.4	20112.5	20111.1
O16	14895.1	0.801471	63841.7	20085.9	20084.6
neutron	939.565	8.35623	90352.7	40080.7	39846.5
neutron	939.565	5.34089	90352.7	40080.7	39846.5
C12	11174.9	2.97435	90352.7	40080.7	39846.5
O16	14895.1	0.473428	41321.7	2583.35	2582.65
O16	14895.1	0.30779	87025.8	37915.2	37914.6
Mg24	22335.8	0.312163	73696.7	27953.2	27952.9
Mg24	22335.8	0.341298	43288.6	7050.44	7049.43
Mg26	24196.5	0.122049	32394.6	361.583	360.494
Si28	26053.2	0.133457	90705.7	40726.1	40726
O16	14895.1	0.260911	59693.4	17407.7	17407.3
Fe56	52089.8	0.391301	56808.4	15316.8	15316.2
O16	14895.1	0.197196	98991.9	45714.2	45713.9
O16	14895.1	0.921607	55352.8	16207.7	16206.4
O16	14895.1	0.204436	84834.8	34453.9	34453.4
O16	14895.1	0.304648	55298.5	11776.2	11775.7
Si28	26053.2	0.383559	99056.1	45664.4	45663.9
O16	14895.1	0.644465	94322.1	42740.6	42739.9
O16	14895.1	0.194048	63529.2	19333	19332.8
Mg24	22335.8	0.143406	75228.5	28816.5	28815.2
O16	14895.1	1.20461	58383	18137.2	18135.3
O16	14895.1	0.32279	57203.9	17446.6	17446.1
Fe57	53021.7	0.11284	75688.5	17257.9	17257.4
O16	14895.1	0.210865	58752	5919.19	5918.53
O16	14895.1	0.28387	97577.6	44680.2	44679.9
Mg26	24196.5	0.159695	84146.7	34324.8	34323.9
O16	14895.1	0.209571	69286.6	24005.9	24005.7
O16	14895.1	0.201252	60684	16965.3	16965
O16	14895.1	0.40783	97051.4	44449.9	44449.2
Si28	26053.2	0.130208	75186.8	28636.6	28636.4
Mg24	22335.8	0.501707	70635.5	24091.3	24090.5
neutron	939.565	13.1958	97574.1	44803.4	39216.4
neutron	939.565	4.73539	97574.1	44803.4	39216.4
C12	11174.9	1.9464	97574.1	44803.4	39216.4
Si28	26053.2	0.241179	83913	28488.2	28487
O16	14895.1	0.366629	83462.4	28241.5	28240.3
Mg24	22335.8	0.228503	68832.5	17121.6	17121.3
O16	14895.1	0.757324	88996.9	38161.8	38159.7
Mg24	22335.8	0.386173	70993	25921.8	25921.4
O16	14895.1	0.19747	67741.9	23653.6	23653
Si28	26053.2	0.709884	57315.8	11513.8	11512.6
Mg24	22335.8	0.180189	96519.1	43542	43541.6
Fe56	52089.8	0.190805	57301	11372.8	11372.4
Fe56	52089.8	0.142009	41214	237.148	236.395
neutron	939.565	861.598	58119.3	15064.3	12152.7
Na22	20482.1	0.324348	58119.3	15064.3	12152.7
Si28	26053.2	0.201018	62170.5	16470.4	16469.9
O16	14895.1	0.40462	47649.3	6087.89	6087.41
O16	14895.1	0.300175	45448.8	4662.07	4661.02
Fe56	52089.8	0.113994	42051.7	5554.94	5554.74
Mg24	22335.8	0.337705	38695.9	3474.3	3473.75
Si28	26053.2	0.209656	70037.1	25924.5	25924.3
O16	14895.1	0.516026	37379.3	829.066	828.538
Mg24	22335.8	0.337952	80577.9	30760.4	30758.1
O16	14895.1	0.259975	38761.1	2203.73	2202.6
Si28	26053.2	0.358152	48920.7	11062.9	11062.5
O16	14895.1	0.431018	48030.9	10546	10545.1
Mg24	22335.8	0.251272	32693	236.625	236.213
Mg24	22335.8	0.210936	85899.9	35173.1	35172.8
O16	14895.1	2.21631	44875.8	8543.59	8541.25
Si28	26053.2	0.20925	40582	5985.18	5984.77
Mg24	22335.8	0.152247	91315.8	38307.1	38306.8
Mg25	23268	1.04075	92914.7	41165.4	41163.8
O16	14895.1	0.654758	99846.2	46332.8	46331.2
Mg25	23268	0.235716	57566.2	16371.3	16370.7
Fe56	52089.8	0.289768	53807.7	13691.2	13690.4
O16	14895.1	0.49176	49567.8	10768.3	10766.7
Si28	26053.2	0.120802	82700	35425.8	35425.6
O16	14895.1	0.215296	72352.1	27640	27639.4
Mg24	22335.8	0.404238	75008.8	20657	20656.5
Mg24	22335.8	0.540364	54564.2	1893.54	1892.98
O16	14895.1	0.195844	95855.5	43686.8	43686.5
O16	14895.1	0.978556	82255.7	31684.4	31683.4
Si28	26053.2	0.15513	50268.8	5417.86	5417.34
O16	14895.1	1.38972	51736	10345.6	10344.1
O16	14895.1	0.307912	78096.2	29225.3	29224.6
Si28	26053.2	0.108949	48582.8	7998.03	7997.87
O16	14895.1	2.05565	88357.3	36840.6	36838.4
O16	14895.1	0.22497	75576.4	28143	28142.7
O16	14895.1	0.264285	82327.7	34078.3	34077.8
Si28	26053.2	0.174125	78652.9	31026.3	31025.7
O16	14895.1	0.268403	86312.3	36237.2	36236.5
O16	14895.1	0.283779	59962.1	17259.8	17259.4
Mg24	22335.8	0.570894	51028.7	11622.4	11621.7
O16	14895.1	0.345579	35984.5	751.976	750.874
Si30	27913.2	0.519134	77163.5	29503.2	29502.4
Si28	26053.2	0.128396	43970.2	4873.83	4873.37
Mg24	22335.8	0.353064	89130.3	38171.4	38170.3
O16	14895.1	0.226512	76578	29834.7	29834
Si28	26053.2	0.161627	85473	36663.3	36662.7
O16	14895.1	1.56733	54037.3	12100.1	12098
Fe56	52089.8	0.139787	51432.9	10429.7	10428.8
O16	14895.1	1.00932	48561.4	8574.61	8572.97
O16	14895.1	0.477197	90304.2	38849.6	38848.8
Si28	26053.2	0.123757	84005.5	33493.9	33493.5
Si28	26053.2	0.132416	55412.5	13157.4	13156.3
Mg24	22335.8	0.386905	93706.7	41951	41950.4
Si29	26984.3	0.244486	82625.6	35068	35067.8
O16	14895.1	0.340177	93484.4	41745.4	41744.5
O16	14895.1	0.303721	78343.9	31254.6	31254.1
O16	14895.1	0.203533	70166.4	23564.6	23564.3
Mg24	22335.8	0.295229	52561.7	4999.02	4998.62
Si28	26053.2	0.170529	71561	17875.6	17875.4
O16	14895.1	0.195545	57234.3	8124.08	8123.84
O16	14895.1	0.229184	94370.6	42869.4	42869.1
N14	13040.2	5.37477	55291.7	17050.5	16700.6
O16	14895.1	0.225208	50199.7	13561.3	13560.8
Mg24	22335.8	0.201863	37564.3	4363.5	4362.56
O16	14895.1	0.23947	59409.3	10145.4	10144.9
Mg24	22335.8	0.141204	51567.9	4087.93	4087.55
O16	14895.1	0.655177	59700.4	18326.3	18325.6
Mg24	22335.8	0.194477	88946.9	37947.3	37946.4
O16	14895.1	0.86806	68435.3	24256.1	24255.2
Mg26	24196.5	0.158418	49939.9	11766.8	11766.5
O16	14895.1	0.393441	79504.7	32156.7	32156
Fe57	53021.7	0.160672	65555.4	22579.9	22579.4
Si28	26053.2	1.52501	87616.8	37694.3	37692.8
Mg24	22335.8	0.596425	81973.9	33844.8	33844.1
O16	14895.1	0.197653	81387.7	33359.2	33359
Si28	26053.2	0.216783	87540.2	36864.2	36863.1
Fe56	52089.8	0.153984	59628.3	18382.6	18382.2
Mg24	22335.8	0.17493	56844.8	7598.15	7597.72
Si29	26984.3	0.282837	94965.6	42779.2	42778.6
Fe56	52089.8	0.14744	87332.4	37493.4	37493.1
Si28	26053.2	0.112417	84848.3	34963.6	34963.1
Mg24	22335.8	0.184524	95755.3	43318.9	43318.3
Si28	26053.2	0.140978	71695.7	27899.4	27898.9
O16	14895.1	0.222305	54135.3	16134.1	16133.9
Mg24	22335.8	0.133533	59128.4	15475.5	15474.6
Si28	26053.2	0.190488	38797.6	1849.96	1849.6
O16	14895.1	0.227421	56795.9	18112.6	18112.4
Si28	26053.2	1.02985	91412.4	40155.6	40154.3
Mg24	22335.8	0.160745	63413.2	20417.1	20416.4
O16	14895.1	0.688991	55868.5	15563.7	15562.4
O16	14895.1	0.741586	62635.8	19856.6	19854.5
O16	14895.1	0.419784	61615.3	18939.4	18938.6
Mg24	22335.8	0.186439	47938.5	9085.98	9085.79
Si28	26053.2	0.13645	90168.6	38909.4	38908.6
O16	14895.1	0.343557	85737.9	36162.6	36162.1
Mg24	22335.8	0.212725	38484.6	3892.8	3892.52
Si28	26053.2	0.208779	96841.2	43991.5	43990.9
Mg24	22335.8	0.218446	33437.8	398.346	398.051
Si29	26984.3	0.161589	61617.1	14915.1	14914.3
Mg24	22335.8	0.28528	59226.9	13389.2	13388.9
Si30	27913.2	0.30928	55379.8	15345.1	15344.5
neutron	939.565	0.807185	58374.4	15905	15639.3
C13	12109.5	0.559496	58374.4	15905	15639.3
Fe56	52089.8	0.121709	85836.7	24370	24369.8
O16	14895.1	0.266749	75668.3	17570.1	17569.6
O16	14895.1	0.459014	69763.1	13842.8	13842
Fe56	52089.8	0.885644	69676.7	13781.9	13780.7
Mg26	24196.5	0.145962	59267.4	6825.79	6824.46
O16	14895.1	0.282925	67847.2	21746.9	21746.4
Mg24	22335.8	0.249128	43072.6	5147.15	5146.62
O16	14895.1	0.529051	92252.7	41682.8	41681.6
Si28	26053.2	0.520592	85543.6	36332.6	36331.9
neutron	939.565	709.819	81205.8	33359.5	31706.6
neutron	939.565	0.511157	81205.8	33359.5	31706.6
Mg24	22335.8	4.28076	81205.8	33359.5	31706.6
Si28	26053.2	0.138989	70629	23688.6	23687.7
Fe56	52089.8	0.0950082	38218.4	1794.56	1794.46
neutron	939.565	1.71527	90344.2	40005.4	39797.5
Mg22	20486.3	2.35562	90344.2	40005.4	39797.5
O16	14895.1	0.315026	87659	37922.9	37922.4
O16	14895.1	1.1051	81441.7	33743.7	33741.6
Fe56	52089.8	0.0769678	81227.6	33619.7	33619.4
Fe56	52089.8	0.166847	51836.6	12473.5	12473.1
Mg24	22335.8	0.148413	78145.2	31473.2	31473
O16	14895.1	0.230813	98902.2	45626.8	45626.3
O16	14895.1	0.2654	45747.1	9412.62	9412.1
Fe56	52089.8	0.0713086	66418.1	14808	14807.4
Mg24	22335.8	0.156094	46805.5	1980.18	1980.02
Si28	26053.2	0.125871	82292.1	32124.7	32123.7
Fe56	52089.8	0.0710226	65288.3	17666.1	17665.7
O15	13971.2	0.467396	99080.2	45877.8	45146.5
O16	14895.1	0.306999	88429.6	37929.1	37928.4
Mg24	22335.8	0.16847	53895.5	15732.1	15731.8
Si28	26053.2	0.232943	49407.7	12958.7	12958.2
Fe56	52089.8	0.0649077	97158	44138.7	44138.5
Mg24	22335.8	0.148777	65648.3	22430.5	22430.3
Si28	26053.2	0.203256	58456.9	16482.3	16482
Si28	26053.2	0.159488	39699.3	3631.99	3631.61
Mg24	22335.8	0.145719	92610.8	41597.6	41597.3
O16	14895.1	0.944859	82819.3	16976.9	16975.7
Si28	26053.2	0.291033	42441.5	6209.83	6209.12
O16	14895.1	0.190192	53046.4	10973.4	10972.9
Mg26	24196.5	0.234946	47822.5	7092.26	7091.25
Mg24	22335.8	0.250225	39271	1937.58	1937.31
O16	14895.1	0.37951	92196.9	40829.6	40828.9
O16	14895.1	0.207007	71986.3	19882.9	19882.6
Mg24	22335.8	0.952407	71787.2	19772.4	19771.3
O16	14895.1	0.445139	31880.9	1230.3	1228.49
O16	14895.1	0.980452	96319.2	43984.7	43983.7
O16	14895.1	0.497703	28584.7	34.3478	33.1547
O16	14895.1	1.11508	95184.5	42921.2	42919.9
O16	14895.1	0.223303	83739.6	34433.2	34432.9
O16	14895.1	0.285595	60015.3	18057.1	18056.7
Si28	26053.2	0.121903	45118.7	7039.36	7038.75
Si28	26053.2	0.152366	89840	37903.1	37902.5
Mg24	22335.8	0.137653	59928.6	16852.9	16852.8
Si28	26053.2	0.163035	89902.7	39609.8	39609.5
Si28	26053.2	0.174716	78732.2	32716.2	32715.9
O16	14895.1	0.27248	77337.5	31810	31809.6
Si29	26984.3	0.11882	71504.8	28388.9	28388.1
O16	14895.1	0.367611	67642.6	25689.5	25688.9
O16	14895.1	0.245727	83875.2	34830.6	34830.3
O16	14895.1	0.209678	88048.3	38732.9	38732.7
O16	14895.1	0.472322	71437.2	23212.8	23212.1
O16	14895.1	0.35015	70066.6	22291.1	22290.5
O16	14895.1	0.191997	82372.3	34291.9	34291.5
O16	14895.1	0.30861	65296.7	20444.1	20443.6
Si28	26053.2	0.182395	71719.5	24335.1	24334.4
Si28	26053.2	0.120331	66654.3	21082.4	21082.3
Mg24	22335.8	0.137153	52178.9	9536.98	9536.68
Si28	26053.2	0.39113	45265.7	3602.85	3601.92
Fe56	52089.8	0.0670762	99218.6	45901	45900.8
Si28	26053.2	0.109851	67686.5	6232.8	6232.64
Si28	26053.2	0.188206	37636.8	1574.87	1574.56
Mg24	22335.8	0.237379	99479.2	46108.9	46108.1
Si28	26053.2	0.449839	94424.9	43017.6	43017
Si28	26053.2	0.122897	94887.9	41455.1	41454.4
Fe56	52089.8	0.102679	92334.6	39804.9	39804
O16	14895.1	0.229049	75586.9	28570.7	28570.3
O16	14895.1	0.221228	45957.6	2173.88	2173.33
Si28	26053.2	0.204609	90046.5	39526	39525.6
O16	14895.1	0.380637	82711.7	33738	33737.4
O16	14895.1	0.377306	97306	44554	44553.1
O16	14895.1	0.409443	91998.1	40591.1	40590.6
Si28	26053.2	0.156374	64013.2	18633	18632.8
O16	14895.1	0.285666	69666.8	24601.8	24601.3
O16	14895.1	0.208381	89873.5	39564.5	39564.2
Si28	26053.2	0.111181	66663.5	21945	21944.6
O16	14895.1	0.22635	59801.7	17635.6	17635.3
Si28	26053.2	0.162266	87853	37492.5	37491.9
Si28	26053.2	0.189389	57598.8	18078.4	18078.2
Si28	26053.2	0.14156	94411	42908.5	42908.2
O16	14895.1	0.330985	53332.7	12176.4	12175.7
Fe56	52089.8	0.0749194	98542.7	44210.2	44209.6
O16	14895.1	0.646151	83355.6	34449.9	34449.1
O16	14895.1	0.588639	55438.5	13178.1	13177
O16	14895.1	1.8384	94840.2	43006.5	43004.4
Si28	26053.2	0.343964	91481.5	38490.2	38489.3
O16	14895.1	3.52722	42408.6	1488.89	1484.53
O16	14895.1	2.28007	56510.9	13481.5	13478.8
O16	14895.1	0.336302	36672.6	302.727	301.725
Mg24	22335.8	0.379608	97759.7	45086.9	45086
Mg24	22335.8	1.35369	82669.1	30429.3	30427.5
Si28	26053.2	0.150009	97263.2	44754.5	44753.5
O16	14895.1	0.426773	90703.3	39885.3	39884.6
Si28	26053.2	0.640808	78835.4	31699.4	31698.7
Mg24	22335.8	0.618178	78652.5	31597.4	31596.6
Si28	26053.2	0.146652	55000	14804.4	14803.9
Fe56	52089.8	0.17742	98468.6	45517.4	45517
neutron	939.565	6.14075	94456.7	42608.9	42135.3
B11	10252.5	6.60977	94456.7	42608.9	42135.3
Si28	26053.2	0.133178	52165.6	12075.7	12073.3
Si28	26053.2	0.262436	43291	5773.93	5772.38
Mg24	22335.8	0.185644	77013.1	29101.9	29101.6
O16	14895.1	0.481628	68995.5	23720.4	23719.9
Fe56	52089.8	0.155406	72028	17841.1	17840.7
O16	14895.1	0.294414	67348.6	14290.3	14289.4
Si28	26053.2	0.164441	62445.9	11110.6	11110.2
Mg24	22335.8	0.385668	88585.4	39049.1	39047.9
Si28	26053.2	0.138409	84012.3	35452.8	35452.2
Si28	26053.2	0.11899	69066.5	20778.1	20777.7
Mg24	22335.8	0.188164	57694.2	12941.1	12940.7
Si28	26053.2	0.214527	88238.3	37919	37918.6
neutron	939.565	97.913	76489.1	29893.8	28149.7
neutron	939.565	87.7189	76489.1	29893.8	28149.7
neutron	939.565	80.8402	76489.1	29893.8	28149.7
neutron	939.565	23.035	76489.1	29893.8	28149.7
neutron	939.565	0.734958	76489.1	29893.8	28149.7
alpha	3727.38	2.31588	76489.1	29893.8	28149.7
Si28	26053.2	0.149173	76088.8	27924.3	27924
O16	14895.1	0.797547	68260.9	22113.7	22112.6
O16	14895.1	0.787744	67094.1	21317.3	21316.3
O16	14895.1	0.26248	59558.8	16427.7	16427.4
Fe56	52089.8	0.0786914	39089.7	2527.71	2527.26
Mg23	21412.8	0.25178	96326.5	44162.5	43954.2
O16	14895.1	0.312144	31895.2	946.296	945.928
O16	14895.1	0.226964	88775.4	39138	39137.7
O16	14895.1	0.201657	70533.9	26488.1	26487.4
O16	14895.1	0.418333	58455.8	15218.5	15217.8
O16	14895.1	0.420741	58990.3	18118.3	18117.6
O16	14895.1	0.262929	65189.9	18571.1	18570.5
Si28	26053.2	0.363602	58740.4	12419.3	12418.9
O16	14895.1	0.229378	81046.5	32029.2	32028.5
Si28	26053.2	0.145865	72536	26174.1	26173.8
Fe58	53951.2	0.0528986	98788.3	45634.8	45634.7
Mg24	22335.8	0.154533	43263.8	4370.02	4369.44
Si29	26984.3	0.128914	99338.9	46001.2	46001
Si30	27913.2	0.169567	76417.2	30407.8	30407.6
O16	14895.1	0.229966	74146.9	28996.4	28995.4
O16	14895.1	0.265586	64668.7	22401.1	22400.4
O16	14895.1	0.190986	59474.8	18520.6	18519.5
Mg24	22335.8	0.520464	74857.4	26706.5	26705.5
O16	14895.1	2.25817	94917.9	42933.7	42931.3
Mg26	24196.5	0.138583	86828	35948.4	35947.6
O16	14895.1	0.210172	77539	29849.6	29849.4
Si28	26053.2	0.152862	63181.6	17508.8	17508.3
Mg25	23268	0.196511	54480.3	11993.1	11992.7
O16	14895.1	0.554474	64268.9	9273.48	9272.66
Si28	26053.2	0.119265	75511.3	28480.6	28480
Mg24	22335.8	0.153358	52802.4	10666.7	10666.1
O16	14895.1	0.24662	98044.1	45167	45166.7
Si28	26053.2	0.123787	77406.9	30224.9	30224
Si28	26053.2	0.11174	71887.3	26604.7	26604.5
O16	14895.1	0.388711	59097	16903.4	16902.9
Si28	26053.2	0.1786	57287.3	15780.5	15780
O16	14895.1	1.08972	84614.4	35738.2	35737
O16	14895.1	0.799509	81761.8	27654.6	27653.1
O16	14895.1	0.367503	77642.7	24994.6	24994
Si28	26053.2	0.142034	51246.6	4776.49	4776.12
Mg24	22335.8	0.13415	90235.3	39559.5	39557.7
O16	14895.1	0.191535	48376.8	5398.93	5397.95
O16	14895.1	0.238957	43232.9	1987.9	1987.5
Si28	26053.2	0.422132	76692.6	30532.4	30531.9
Si28	26053.2	0.112009	65190.5	22160.8	22160.7
O16	14895.1	0.208169	83018.1	34920.9	34920.5
O16	14895.1	0.266718	97371	44627.3	44626.5
O16	14895.1	0.858222	73665	27767.1	27766.2
O16	14895.1	0.206795	46109.8	7958.31	7957.91
O16	14895.1	0.282376	38632	2401.37	2400.88
Si28	26053.2	0.152139	36902.6	1367.06	1365.78
Si28	26053.2	0.364151	41935.7	3438.01	3437.33
O16	14895.1	0.230984	96648.9	43060.1	43059.8
Mg24	22335.8	0.582565	84463.3	34474.4	34473.5
Mg24	22335.8	0.226039	53808.6	12696	12694.6
O16	14895.1	0.459311	51334	12127.2	12126.8
Mg24	22335.8	0.174883	36063.7	1178.76	1178.57
O16	14895.1	0.239967	70982.3	22202.9	22202.5
O16	14895.1	0.245526	61700.7	16144.6	16143.2
Mg26	24196.5	0.139211	47965.6	5443.41	5443.06
O16	14895.1	0.263793	77553.9	31675.6	31674.5
O16	14895.1	0.195921	52759	14734	14731.9
O16	14895.1	0.541384	44384.4	9508.87	9508.02
O16	14895.1	0.30159	78632.1	29707.9	29707.6
Mg24	22335.8	0.200744	89554.7	36827.5	36827
O16	14895.1	0.293091	86351.5	34604.7	34604.3
O16	14895.1	0.275535	81446.6	31559.5	31559.2
Mg24	22335.8	0.207785	94894.7	43199.1	43198.4
Si29	26984.3	0.10739	67778.4	23058.3	23058.1
Si29	26984.3	0.144345	54711.4	13826.3	13825.9
Mg24	22335.8	0.132559	53727.8	13261.6	13261.3
O16	14895.1	0.544578	97220.3	44703.9	44703.3
O16	14895.1	1.40424	87258.9	37313.3	37311.8
Mg23	21412.8	0.230706	75105.2	29731.1	29259.8
Mg26	24196.5	0.14163	80291.4	32708.2	32707.9
O16	14895.1	0.200125	54315	11537.4	11535.8
Mg24	22335.8	0.238292	94230.8	42725.1	42724.5
neutron	939.565	112.08	60049.8	19004.6	18355.2
C12	11174.9	1.30481	60049.8	19004.6	18355.2
O16	14895.1	0.25145	99016.2	45750.3	45749.9
Si28	26053.2	0.20459	62308	20557.7	20556.5
O16	14895.1	1.00114	76625.8	28822.8	28819.2
Si29	26984.3	0.117125	83954.3	35054.1	35053.8
O16	14895.1	0.275513	82232.4	34002.2	34001.6
neutron	939.565	92.7862	82170.2	33968.3	33752.3
neutron	939.565	84.7645	82170.2	33968.3	33752.3
N13	12111.2	2.54168	82170.2	33968.3	33752.3
Si28	26053.2	0.181322	87478.4	32504.6	32504.4
Mg24	22335.8	0.168048	85723.3	31164.3	31164
O16	14895.1	0.339734	82295.7	29149.7	29149
Si28	26053.2	0.257838	42921	4438.84	4438.26
Si28	26053.2	0.173235	58294.9	10455.1	10454.8
Si28	26053.2	0.197626	56904.3	8943.35	8942.94
neutron	939.565	24.4528	82092.9	29499.9	28413.8
neutron	939.565	16.3836	82092.9	29499.9	28413.8
neutron	939.565	9.07766	82092.9	29499.9	28413.8
He3	2808.39	6.15636	82092.9	29499.9	28413.8
C14	13040.9	1.57409	82092.9	29499.9	28413.8
O16	14895.1	0.260494	75920.7	24395.2	24394.7
Mg26	24196.5	0.277608	56178.4	10719.3	10718.8
O16	14895.1	0.197318	96160.9	43978.7	43978.1
O16	14895.1	0.260825	74273.9	29318.5	29318
O16	14895.1	0.255613	50956	12739.2	12738.6
O16	14895.1	0.237638	33383.8	628.483	628.078
neutron	939.565	352.051	68421.3	23193.6	22509.6
C13	12109.5	0.461537	68421.3	23193.6	22509.6
Mg24	22335.8	0.131517	58837.2	19230.2	19228.3
O16	14895.1	1.75709	45403.5	10291.1	10289.1
Si28	26053.2	0.133148	87035.7	36915.5	36915.4
Si28	26053.2	0.116527	86050.5	36196.6	36196.4
Si28	26053.2	0.137883	86834.9	37104.9	37104.5
Si28	26053.2	0.184763	83172.2	34790.2	34789.9
O16	14895.1	0.397071	86545.6	37586.8	37586.1
Si28	26053.2	0.110018	47805.9	10208.7	10208.1
Si28	26053.2	0.285065	92401	41556.2	41555.6
Si28	26053.2	0.161212	85519.4	15106.2	15105.9
O16	14895.1	0.343242	89360.8	38504	38503.5
Mg24	22335.8	0.187534	44968.3	6830.75	6830.15
Si28	26053.2	0.309743	59813.7	19111.6	19110.9
O16	14895.1	0.237273	41554.5	6574.71	6574.04
Si28	26053.2	0.259152	98781.9	45699.9	45699.5
O16	14895.1	1.01767	63288.3	19188.7	19186.9
Si28	26053.2	0.170284	99572.4	46142.4	46141.9
O16	14895.1	0.203993	89277.2	39077.6	39077.4
O16	14895.1	0.206549	35328.4	1612.76	1611.73
O16	14895.1	0.223927	87421.3	37653.1	37652.3
O16	14895.1	0.416383	83690.9	32937.9	32937.1
O16	14895.1	0.555288	92803.9	41304.8	41303.9
O16	14895.1	0.269376	84793.2	34943.3	34942.6
Si28	26053.2	0.164314	67079.8	20217.8	20216.9
Mg24	22335.8	0.276366	44888.7	4162.27	4161.96
O16	14895.1	0.381323	54667	14306.9	14306.2
O16	14895.1	0.212496	33306.7	336.754	336.487
O16	14895.1	1.57826	43255.9	6571.52	6569.65
O16	14895.1	0.387453	83689	35280.3	35279.8
O16	14895.1	0.267022	43817.8	4513.91	4513.07
O16	14895.1	0.20486	43517.7	4287.28	4286.17
O16	14895.1	0.22036	97780.3	44763.4	44763.1
Mg25	23268	0.185803	95789.7	43451.2	43450.1
O16	14895.1	0.381821	43607.8	8815.13	8813.75
Si28	26053.2	0.498126	35503.2	2860.23	2859.23
neutron	939.565	443.215	67530.3	23544.6	22263.7
N14	13040.2	1.89301	67530.3	23544.6	22263.7
O16	14895.1	0.261603	61898.7	18582.1	18581.5
O16	14895.1	1.10555	47377.2	7612.43	7611.16
Si28	26053.2	0.530037	38619.6	1813.82	1812.81
neutron	939.565	1.61571	82166.3	33965.9	32755.4
neutron	939.565	0.796211	82166.3	33965.9	32755.4
Ne20	18617.7	0.437658	82166.3	33965.9	32755.4
Mg24	22335.8	0.12709	77945.1	30027.2	30027
Mg25	23268	0.123572	77446.8	29717.9	29717.6
O16	14895.1	0.543153	49736	7637.99	7637.24
neutron	939.565	137.744	89300.3	35659.1	32119.7
N14	13040.2	1.04526	89300.3	35659.1	32119.7
O16	14895.1	0.244892	60617.7	5820.92	5820.43
Si28	26053.2	0.126653	86725.5	36509.3	36509.2
Mg24	22335.8	0.143672	83707.7	34565.5	34565.1
O16	14895.1	0.836972	83640.1	34510.9	34509.4
O16	14895.1	0.541751	88643.2	36060.2	36059.6
O16	14895.1	0.209009	64887.5	19734.7	19733.8
O16	14895.1	0.380077	57349.8	14557.3	14556.5
Si28	26053.2	0.251081	61746	16861.1	16860.7
O16	14895.1	0.66415	89427.5	38444.1	38442.7
neutron	939.565	19.3767	46469	8488.49	8270.55
neutron	939.565	3.51869	46469	8488.49	8270.55
neutron	939.565	2.98084	46469	8488.49	8270.55
neutron	939.565	1.95742	46469	8488.49	8270.55
Na23	21409.2	4.699	46469	8488.49	8270.55
Si28	26053.2	0.203151	39278.1	3954.11	3953.34
Si28	26053.2	0.11907	85612.7	37007.5	37007.2
Si28	26053.2	0.343346	71767.1	27926.9	27926.4
O16	14895.1	1.04394	69107.1	25848.1	25846.9
C14	13040.9	0.496435	61138.4	18015.3	13327
neutron	939.565	440.896	67091.9	23895.2	22719.6
neutron	939.565	3.62287	67091.9	23895.2	22719.6
N13	12111.2	0.153541	67091.9	23895.2	22719.6
Si30	27913.2	0.796797	39323.2	1272.99	1272.01
Si28	26053.2	0.298579	72433.6	25555.6	25555
Mg24	22335.8	0.316334	53219.7	10700.3	10699.9
O16	14895.1	0.231038	66123.2	20553.8	20553.1
Mg26	24196.5	0.135817	90371.3	34926.4	34925.9
O16	14895.1	0.257903	69466.6	21810	21809.6
Si28	26053.2	0.12458	96152.5	43822.6	43822.3
Mg25	23268	0.263897	76325.3	30260.5	30259.9
Fe56	52089.8	0.132118	38350.7	4017.51	4016.29
O16	14895.1	0.2303	69014.2	23197.7	23196.7
O16	14895.1	0.243763	68222.5	22614.6	22614.3
O16	14895.1	0.203089	73031.4	26416.6	26416.3
O16	14895.1	0.77817	52218.2	8450.99	8449.81
O16	14895.1	0.201696	88792	35088.5	35088.1
O16	14895.1	0.246388	87555.2	33455.3	33454.9
neutron	939.565	414.672	84425.9	31399.6	30789.5
neutron	939.565	3.48267	84425.9	31399.6	30789.5
C12	11174.9	0.604939	84425.9	31399.6	30789.5
O16	14895.1	0.250945	67077.9	18921.4	18921
Mg24	22335.8	1.10581	42308.1	822.23	820.334
O16	14895.1	0.359156	93045.1	41658.8	41658.3
O16	14895.1	0.211463	78927.8	32809.3	32808.2
Mg24	22335.8	0.198009	47224.3	10584.1	10583.2
Mg24	22335.8	0.213003	63884.8	21939.3	21939
Si28	26053.2	0.177587	55329.9	14927.1	14926.7
O16	14895.1	0.311214	84672.6	35754.1	35753.2
neutron	939.565	923.135	76463.2	29933	28530.9
neutron	939.565	101.773	76463.2	29933	28530.9
alpha	3727.38	5.59411	76463.2	29933	28530.9
Be8	7454.85	1.23635	76463.2	29933	28530.9
Mg24	22335.8	0.126715	71323.7	25398.8	25398.3
O16	14895.1	0.490644	60756.4	18201.8	18201.2
Si28	26053.2	0.156627	52168.5	9937.51	9937.02
O16	14895.1	0.204192	45450.2	5402.54	5401.54
O16	14895.1	0.776198	96942.6	44521.1	44519.8
O16	14895.1	0.201185	68430.5	23987.8	23987.4
O16	14895.1	0.289865	58945	18052	18051.2
neutron	939.565	8.61153	41933.5	6844.55	6262.22
Na22	20482.1	3.21987	41933.5	6844.55	6262.22
O16	14895.1	0.636411	80417.4	33686.3	33685.7
Si28	26053.2	1.2564	62290.8	20372.3	20370
O16	14895.1	0.349334	43778.4	8377.9	8377.03
O16	14895.1	0.20826	95245.7	42888.8	42888.3
O16	14895.1	0.199746	91890.2	40362.5	40362.1
O16	14895.1	0.48651	78502.3	30472.3	30471.8
Mg24	22335.8	0.199886	69990.5	25093.9	25093.4
Si28	26053.2	0.232486	67508.2	2774.97	2774.43
Mg26	24196.5	0.44152	91898.7	40674.3	40673.6
O16	14895.1	0.379513	84833.7	34162.6	34161.2
Si28	26053.2	0.218312	49486.4	9241.18	9240.43
Si28	26053.2	0.116261	40174.4	3232.6	3232.2
Fe56	52089.8	0.0869524	37378.1	1070.55	1069.83
O16	14895.1	0.537143	71068.5	23354.2	23353.1
O16	14895.1	0.999869	48930.7	3064.78	3063.7
Mg24	22335.8	0.134223	54711.1	15199.5	15199.2
Si28	26053.2	0.69418	58246.4	17971.1	17970.3
Mg24	22335.8	0.283946	86003	29502.2	29501.9
O16	14895.1	0.517273	46341.8	1738.76	1737.32
O16	14895.1	0.236943	61560.8	20261.1	20260.9
O16	14895.1	0.212742	35631.4	3724.39	3724.15
Fe56	52089.8	0.170279	68031.2	21765.4	21765.1
O16	14895.1	0.194276	62506.1	15547.4	15546.1
O16	14895.1	0.22921	42536.6	5218.9	5218.66
Mg24	22335.8	0.149164	69389.4	23363.1	23362.8
Si28	26053.2	0.192901	67121.7	22023	22022.7
Mg24	22335.8	0.262622	58209.7	16231.1	16230.6
O16	14895.1	0.587419	50052.5	10651	10650.3
neutron	939.565	0.204638	39987.9	4376.63	3948.01
N14	13040.2	0.799849	39987.9	4376.63	3948.01
O16	14895.1	0.307579	95549.7	42573.6	42572.8
Mg24	22335.8	0.195102	85003	35507.1	35506.7
Si28	26053.2	0.286662	51992.9	10371.2	10370.8
O16	14895.1	0.420667	97524.7	44730	44728.6
O16	14895.1	1.25798	91404	39711.1	39708.8
O16	14895.1	0.200386	84558	33634	33633.6
O16	14895.1	0.257067	74368.9	26586.5	26585.9
O16	14895.1	0.590871	68463	20189.7	20187.5
Mg24	22335.8	0.189322	54557.3	5173.03	5172.82
Mg24	22335.8	0.152654	75245	24188.3	24187.9
Mg24	22335.8	0.247095	52522.1	5199.76	5199.42
O16	14895.1	1.71091	90481.3	38989.9	38988
Si28	26053.2	0.191404	76894.8	30849	30848.8
O16	14895.1	0.447076	39568	5945.49	5944.37
Fe56	52089.8	0.103901	59069.7	13755.1	13754.8
O16	14895.1	0.215469	49598.1	7725.27	7724.97
O16	14895.1	0.758905	88952.8	38630.4	38629.2
O16	14895.1	0.276518	84864.8	35455.1	35453
O16	14895.1	0.38902	71657.4	22915.7	22915.3
O16	14895.1	0.230022	96660.6	44379.7	44378.2
O16	14895.1	0.199839	95279.8	43452	43451.5
Mg26	24196.5	0.49955	82663.9	30718.3	30717.3
Mg24	22335.8	0.181165	66012.7	19400.5	19400
O16	14895.1	0.218302	51295.2	9503.43	9503.16
O16	14895.1	0.195503	65800.9	23144.1	23142.7
neutron	939.565	12.2889	79711.8	31665	31425.8
neutron	939.565	4.98448	79711.8	31665	31425.8
neutron	939.565	4.43883	79711.8	31665	31425.8
alpha	3727.38	6.7809	79711.8	31665	31425.8
C12	11174.9	1.13465	79711.8	31665	31425.8
Si28	26053.2	0.155947	84993.2	36227.1	36226.8
O16	14895.1	1.02665	68468	24045	24043.2
Mg24	22335.8	0.449774	75864.4	28741.7	28741.1
O16	14895.1	0.196602	46091.5	7822.96	7822.64
O16	14895.1	0.394799	34273.2	769.173	768.526
Si28	26053.2	0.125505	97441.8	44815.9	44815.5
Si28	26053.2	0.111774	95432.5	43577.4	43577.2
O16	14895.1	0.219562	59265.3	18576.8	18576.6
O16	14895.1	0.242749	48903.7	11938.3	11938
Fe56	52089.8	0.105137	41110.8	5766.98	5766.85
neutron	939.565	26.7318	55927.9	12432	12215.2
neutron	939.565	0.817298	55927.9	12432	12215.2
N14	13040.2	0.13742	55927.9	12432	12215.2
O16	14895.1	0.335551	82964.7	34298.8	34297.8
Mg25	23268	0.257387	60538.9	17997.7	17997
Fe56	52089.8	0.101758	43840.6	6883.07	6882.66
O16	14895.1	0.200302	33697.3	674.793	674.511
O16	14895.1	0.328669	42767.6	751.395	751.009
Si30	27913.2	0.173047	42507.2	616.32	615.995
O16	14895.1	0.269979	81234.1	28987.6	28987.3
Mg24	22335.8	0.229526	59329.2	14432.2	14431.3
O16	14895.1	0.386831	67223.9	17280.9	17280.4
O16	14895.1	0.341156	83175	34014.4	34013.9
O16	14895.1	0.222891	37917.3	1150.55	1149.76
Si28	26053.2	0.141529	54321.7	9657.14	9656.24
Si28	26053.2	0.190131	96336.7	35994.9	35994.5
Si28	26053.2	0.217705	85420.1	35589.7	35589.4
O16	14895.1	0.41021	67278.7	19396.5	19395.9
O16	14895.1	0.245531	94473.6	42798.4	42798.1
O16	14895.1	0.891777	85210.5	37015.4	37014.2
O16	14895.1	0.500294	74395.4	29720.7	29719.8
O16	14895.1	0.250128	63491.6	18133.8	18133.1
Mg24	22335.8	0.269859	61672.4	18922.4	18922
Mg24	22335.8	0.199473	70095	23598	23597.6
O16	14895.1	0.216549	40201	1020.48	1019.92
Mg26	24196.5	0.598126	98970.5	45747.4	45746.6
Fe56	52089.8	0.109165	67344.3	24340.3	24339.9
Si28	26053.2	0.11369	62396.5	20585	20584.8
Mg24	22335.8	0.198654	47176.7	11102.7	11102.2
Mg24	22335.8	0.236989	44683.3	9587.43	9586.14
Fe56	52089.8	0.107854	72231.4	25892.9	25892.3
O16	14895.1	0.293222	55095.6	2112.7	2112
O16	14895.1	0.764952	96050.7	43611.9	43611
Si28	26053.2	0.177545	73682.1	12842.6	12841.6
O16	14895.1	0.201581	99578.4	46068.6	46068.2
Si30	27913.2	0.279795	52427.4	5952.05	5951.25
Fe56	52089.8	0.200804	87891.4	38051.9	38051.1
Fe56	52089.8	0.566108	59508.7	16190.9	16190.1
O16	14895.1	0.276617	75770.7	26833	26831.9
neutron	939.565	129.957	73748.8	25007.9	24310.5
neutron	939.565	12.8743	73748.8	25007.9	24310.5
neutron	939.565	8.87341	73748.8	25007.9	24310.5
He3	2808.39	10.1332	73748.8	25007.9	24310.5
alpha	3727.38	11.3027	73748.8	25007.9	24310.5
O16	14895.1	0.465697	63089.4	17438.3	17437.7
O16	14895.1	0.96546	52251.8	10522.2	10521
O16	14895.1	0.287782	42787.7	4587.7	4587.27
Si28	26053.2	0.112315	85235.5	35030.5	35030.2
O16	14895.1	0.608189	66621.4	8266.6	8265.95
Mg24	22335.8	0.237611	58908.4	3362.92	3362.25
Si28	26053.2	0.121557	49212.7	11953.2	11952.9
O16	14895.1	0.205048	76954.4	30119.6	30119.2
Si28	26053.2	0.170441	49349.4	12206.9	12206.7
O16	14895.1	0.329727	34239.4	2555.06	2554.63
O16	14895.1	0.1983	99589.7	46183.1	46182.8
O16	14895.1	0.204142	72363.2	26984.6	26983.6
O16	14895.1	0.265253	45335.4	5176.21	5175.71
O16	14895.1	0.435279	65398.2	16020.7	16020.2
O16	14895.1	0.597498	56420.4	9944.86	9944.14
Si28	26053.2	0.131756	87117	38313.3	38312.6
O16	14895.1	0.301054	59452.1	20249.6	20248.8
Mg24	22335.8	0.365946	63109.3	14857	14856.3
O16	14895.1	0.420871	77372.9	29771	29769.8
O16	14895.1	0.580216	98987.6	45517.1	45516.4
O16	14895.1	0.255278	62648.9	19673.1	19672.8
Si28	26053.2	0.405626	59537.7	16661.5	16660.3
O16	14895.1	0.189327	43358.9	6271.34	6270.57
Fe56	52089.8	0.172969	66542.7	22531.3	22530.7
Mg25	23268	0.168204	95001	43192.8	43192.3
Si28	26053.2	0.110798	93749.2	42382.3	42382
neutron	939.565	57.3575	81035.7	32747.9	32432.2
O15	13971.2	2.60562	81035.7	32747.9	32432.2
O16	14895.1	0.43502	49071	8495.13	8494.4
Mg24	22335.8	0.213707	95745.8	43643.5	43642.9
O16	14895.1	0.262272	79887.2	30498.3	30495.5
O16	14895.1	0.197305	35736.5	1002.46	1001.8
Si28	26053.2	0.470825	73583.6	27838.4	27837.9
O16	14895.1	0.349133	49952.3	12563.1	12562.5
O16	14895.1	1.41472	41082.4	6696.6	6694.93
O16	14895.1	0.671972	99376.4	46034.1	46033.3
Fe56	52089.8	0.11248	91766.2	39746	39745.7
O16	14895.1	0.209161	69683.5	25334.4	25333.6
Mg24	22335.8	0.249056	55535.5	15935.8	15935.4
Mg24	22335.8	0.160467	79529.2	28865.7	28865.5
Si28	26053.2	0.229478	68090.8	18774.4	18773.7
O16	14895.1	0.262491	72920.5	26424.3	26423.4
O16	14895.1	1.14719	72260.8	25996.1	25993.9
Si28	26053.2	0.378309	52293.7	13798	13797.3
O16	14895.1	0.217131	35864.3	1903.29	1902.38
neutron	939.565	25.4525	69326.2	24026	23758.9
Mg24	22335.8	2.64114	69326.2	24026	23758.9
O16	14895.1	0.218854	45159	6324.68	6322.34
O16	14895.1	0.234973	96004.9	43701.4	43701.1
O16	14895.1	1.15457	74332.7	29321.7	29320.2
Mg24	22335.8	0.164032	49050.8	8930.72	8930.48
O16	14895.1	0.191186	41081.5	3779.55	3778.84
Si29	26984.3	0.358418	40088.8	3186.86	3186.41
Si28	26053.2	0.129649	92251	41077.9	41077.4
O16	14895.1	1.10696	93264.6	41547.9	41546.6
Si28	26053.2	0.162457	87687.1	36668.8	36668.1
O16	14895.1	0.232057	45964.6	5676.16	5675.91
O16	14895.1	0.275906	47634.1	8046.88	8046.57
O16	14895.1	0.283098	45202.8	6387.88	6387.59
neutron	939.565	5572.23	87408.7	35640.2	27203.8
neutron	939.565	39.7687	87408.7	35640.2	27203.8
alpha	3727.38	27.0054	87408.7	35640.2	27203.8
alpha	3727.38	9.71546	87408.7	35640.2	27203.8
alpha	3727.38	2.51458	87408.7	35640.2	27203.8
Mg24	22335.8	0.256287	65358.8	3288.44	3287.87
Si28	26053.2	0.273465	74329.8	24357.4	24356.6
Si28	26053.2	0.152986	67150.2	19748.2	19748
O16	14895.1	0.197773	64120	17858.3	17857.7
O16	14895.1	0.192444	46505.9	6551.02	6550.11
O16	14895.1	0.344584	80197.4	28011.2	28010.5
Mg24	22335.8	0.172304	63238.5	11802.9	11802.6
O16	14895.1	0.217599	49051.9	10811.9	10811.3
Si28	26053.2	0.117728	46795	9155.84	9155.72
neutron	939.565	271.23	42222.5	4862.26	4455.61
Ne20	18617.7	17.0914	42222.5	4862.26	4455.61
Si28	26053.2	0.114111	35468.5	101.125	100.964
Si28	26053.2	0.274813	90741.6	39277.1	39276.1
O16	14895.1	0.283521	77260.8	29594.3	29593.6
neutron	939.565	437.591	66445	22537.3	19737
neutron	939.565	1.35041	66445	22537.3	19737
N15	13968.9	3.75562	66445	22537.3	19737
O16	14895.1	0.235706	90425.2	40196.3	40195.6
O18	16762	0.20373	78437.5	30439.6	30438.7
O16	14895.1	0.213861	37364	889.897	888.936
O16	14895.1	0.197977	93118.8	42008.3	42008.1
O16	14895.1	1.91861	85777.5	36531.1	36529
Mg24	22335.8	0.154407	94886.6	42954.5	42953.8
O16	14895.1	1.7158	76797.1	29239.3	29237.6
O16	14895.1	0.274225	70223.4	23378.4	23377.7
neutron	939.565	184.961	90524.9	29876.6	29074.2
Ne21	19550.5	1.08951	90524.9	29876.6	29074.2
Si28	26053.2	0.110618	90275	28921.6	28921
Fe56	52089.8	0.0576829	79120.3	21558.8	21558.7
Al27	25126.5	1.03326	54957.9	4886.46	4657.53
Si30	27913.2	0.105172	90643	39665.4	39664.4
Mg24	22335.8	0.184223	57808.6	17441	17440.6
Mg24	22335.8	0.298058	48165.1	7565.61	7565.08
O16	14895.1	0.541584	89776.8	38812.6	38811.9
O16	14895.1	0.297201	80713.2	32798.4	32797.3
O16	14895.1	0.248829	34843.1	586.479	585.937
O16	14895.1	0.356546	80563.6	22698.7	22698.1
O16	14895.1	1.25537	97925.2	44958	44956.8
O16	14895.1	0.433288	48519.6	9712.13	9711.45
Si28	26053.2	0.109948	57730.5	15848.2	15847.8
O16	14895.1	0.394433	96891.4	44577.8	44577.3
Si28	26053.2	0.331658	42528.5	7030.36	7028.93
O16	14895.1	0.269745	39237.8	4814.22	4813.32
Mg24	22335.8	0.148822	34150.9	1489.22	1488.9
O16	14895.1	0.272401	82016.4	33134	33133.7
O16	14895.1	0.347382	76474.6	28024.7	28023.7
O16	14895.1	0.680236	50203.2	10014.1	10013.2
O16	14895.1	0.948226	72513	22833	22832
Mg25	23268	0.145209	67904.8	19597.4	19597.2
O16	14895.1	0.221983	48111.9	5958.88	5957.78
Si28	26053.2	0.130234	85748.7	26774.3	26773.5
Mg24	22335.8	0.134053	75342.5	19381.6	19380.9
Mg24	22335.8	0.646567	67382.2	14402.4	14401.5
O16	14895.1	0.240766	52076.9	4188.42	4188.11
Mg24	22335.8	0.132968	95241.3	43393.1	43392.9
Mg24	22335.8	0.151694	76173.6	28878.2	28876.5
O16	14895.1	0.659335	56140.6	14836.7	14835.8
Si28	26053.2	0.320702	42127.8	5271.74	5270.06
Mg24	22335.8	0.233591	94631.7	42402	42401.7
Si28	26053.2	0.158168	58149.6	14575.3	14574.9
O16	14895.1	0.31344	81299.6	32311.2	32310.1
Si28	26053.2	0.411749	51944.8	12497	12496.5
O16	14895.1	0.256487	43055.4	5414.21	5412.9
O16	14895.1	0.544166	68768.6	22906.6	22905.5
Mg24	22335.8	0.204115	68378.1	23586.7	23585.2
O16	14895.1	0.451074	67540.9	23098.1	23097.4
O16	14895.1	0.84514	49443.9	10423.1	10422.1
Fe56	52089.8	0.244326	46968	8907.04	8906.72
O16	14895.1	1.43548	80266.1	32189.9	32188.3
O16	14895.1	0.537684	67315.8	20788.9	20788
O16	14895.1	0.376423	47041.5	7376.22	7375.37
Mg24	22335.8	0.179301	72779	28620.8	28619.7
Mg24	22335.8	0.397129	98641.3	45534.8	45534.3
Mg26	24196.5	0.878096	63127.8	18818.4	18817.5
O16	14895.1	0.401356	44695.3	8621.66	8621.24
Mg24	22335.8	0.199161	34470.6	2107.79	2106.4
Fe56	52089.8	0.183298	61344.2	16598.4	16597.7
Fe56	52089.8	0.139475	54963	15132.8	15132.3
Si28	26053.2	0.119542	95051.1	43185.5	43185.3
O16	14895.1	1.06503	86202.4	36576.2	36575
O16	14895.1	0.466803	84039.2	34759.7	34759.1
Mg24	22335.8	0.597467	70783.3	25632.7	25631.7
Mg24	22335.8	0.195257	50250.4	11657.7	11657
O16	14895.1	0.266716	46451.4	7941.61	7941.16
Mg24	22335.8	0.166549	98426.4	45470.1	45469.6
Si28	26053.2	0.109506	66795.8	23513.9	23513.3
Fe56	52089.8	0.107187	51815.8	12890.5	12890.4
O16	14895.1	0.652888	73189	23948.7	23946.7
neutron	939.565	109.068	52629.8	9567.64	8404.65
neutron	939.565	59.2319	52629.8	9567.64	8404.65
neutron	939.565	19.9776	52629.8	9567.64	8404.65
neutron	939.565	11.0122	52629.8	9567.64	8404.65
neutron	939.565	4.25943	52629.8	9567.64	8404.65
alpha	3727.38	4.72661	52629.8	9567.64	8404.65
alpha	3727.38	1.49344	52629.8	9567.64	8404.65
O16	14895.1	0.511792	41167.9	544.523	543.715
Mg24	22335.8	0.165353	77444.2	31297	31296.4
Fe56	52089.8	0.102616	68451.6	25397.1	25396.8
O16	14895.1	0.222418	52153.2	13511.8	13511.4
Mg24	22335.8	0.908015	47466.1	10333.8	10332.3
Fe56	52089.8	0.0777834	58616	8455.86	8455.71
O16	14895.1	0.543899	55500.3	6004.02	6003.24
O16	14895.1	0.538394	75995.6	29798.3	29797.4
O16	14895.1	0.338433	96268.8	43878.8	43878.1
Mg24	22335.8	0.257265	96112.2	43775.4	43774.6
O16	14895.1	0.2393	92874.9	41851.5	41850.6
Si28	26053.2	1.3613	75454.5	28406.1	28404.6
Mg24	22335.8	0.205919	54815.8	14950.3	14949.9
O16	14895.1	0.677184	86450.9	37697	37696.1
Si28	26053.2	0.463627	34518.7	2813.63	2812.84
O16	14895.1	0.223991	31758.9	1102.66	1102.22
O16	14895.1	0.39485	30220	262.867	262.42
O16	14895.1	0.203634	54623.1	10572.1	10571.6
Si28	26053.2	0.316093	95542.1	43229.7	43229.2
O16	14895.1	0.286918	80103	33648.3	33647.2
O16	14895.1	0.232164	66685.4	22902.4	22901.2
O16	14895.1	0.422303	64283.7	21325.5	21324.5
Si28	26053.2	0.247307	55287.7	10606.6	10606.1
Mg24	22335.8	0.136065	48393.1	5762.69	5762.23
O16	14895.1	0.228665	84656	34533.7	34532
Mg24	22335.8	0.239068	50976.4	6518.85	6518.46
Si28	26053.2	0.180984	62971.4	17607.4	17607.2
Si28	26053.2	0.263506	52830.4	10901.9	10901.5
Fe56	52089.8	0.0775514	85869.6	36490.8	36490
O16	14895.1	0.213152	70119.7	26404.1	26403.4
O16	14895.1	0.702034	41214.5	6709.12	6708.25
Si28	26053.2	0.512285	96429.1	43444.7	43443.9
Mg24	22335.8	0.13299	76253.6	27797.7	27797.1
C14	13040.9	0.213077	64140.5	19416.8	17231.5
Fe56	52089.8	0.0731358	53811.8	10811.6	10811.2
Mg24	22335.8	0.198894	85395.3	36619.9	36619.4
Si28	26053.2	0.161435	73148.4	28029.7	28029.3
Mg24	22335.8	0.253621	52417.9	13661.2	13660.5
O16	14895.1	0.197789	93590.2	41592.3	41592
O16	14895.1	0.196116	37975.8	3097.54	3096.91
Fe56	52089.8	0.0593264	34606.9	1048.72	1047.73
Si28	26053.2	0.247221	96172.9	43704.3	43703.9
Mg24	22335.8	0.132761	94633.2	42856.9	42855.9
Si28	26053.2	0.136053	80224.1	30317.3	30317
O16	14895.1	2.02095	72282.2	24889.6	24887.5
Mg24	22335.8	0.141142	60689.5	17438.7	17438.1
O16	14895.1	0.390481	69873.1	25101.8	25100.8
O16	14895.1	0.257436	36347.3	2537.26	2536.77
O16	14895.1	0.218528	32994.2	549.458	549.033
O16	14895.1	0.416007	75135.6	29098.7	29098.1
O16	14895.1	0.652789	70833.9	25529.7	25528.3
neutron	939.565	0.932443	53018.9	10586.5	10275.1
C13	12109.5	0.568389	53018.9	10586.5	10275.1
neutron	939.565	120.94	78243.8	31810	31596.1
neutron	939.565	48.2699	78243.8	31810	31596.1
Al25	23271.8	0.187121	78243.8	31810	31596.1
Fe56	52089.8	0.0965701	74270.4	28553.1	28553
Si28	26053.2	0.198573	70433	26270	26269.7
Si28	26053.2	0.134208	58101.7	17123.3	17123
O16	14895.1	0.220351	50560.3	11584.7	11584.2
Si28	26053.2	0.209105	49229.3	12179.6	12179.3
O16	14895.1	0.489939	78952.4	32122.5	32121.6
Si28	26053.2	0.206985	81412.1	33761.7	33760.7
Mg24	22335.8	0.135947	46907.6	9312.85	9312.25
O16	14895.1	0.20132	64989.1	21116.8	21116.5
Si28	26053.2	0.145489	51708	10951.8	10951.4
Mg24	22335.8	0.249152	58172.2	17081.5	17080.7
O16	14895.1	0.268928	41359.9	4093.44	4093.12
O16	14895.1	0.234306	73146.1	27584	27583.8
Mg24	22335.8	0.147311	68920.1	24922.2	24921.9
Mg26	24196.5	0.309304	63069.1	20358.8	20358.2
Mg24	22335.8	0.210355	39967.1	2553.13	2552.74
O16	14895.1	0.665239	89659.8	39398.8	39398.1
O16	14895.1	0.390753	42370	5449.15	5447.83
Si28	26053.2	0.601646	33603.5	385.682	384.704
O16	14895.1	0.207097	73874	28306.8	28306.3
O16	14895.1	0.209113	58031.2	13778.2	13777.8
Si28	26053.2	0.117773	42931.2	4124.73	4124.42
O16	14895.1	0.252308	82497.9	34846.7	34846
O16	14895.1	0.396393	80937.5	33944.8	33944.1
O16	14895.1	0.207473	64342.7	23250.3	23249.4
O16	14895.1	0.233697	54068.4	12114.1	12113.8
Mg25	23268	0.129298	64398.9	22818.4	22818.2
Mg26	24196.5	0.274386	81870.5	32770.7	32769.2
Mg24	22335.8	0.198496	76351.8	29344.4	29343.9
Mg24	22335.8	0.131374	63428.5	20608.7	20608.4
Fe56	52089.8	0.138982	62280.1	19938.3	19937.6
Si28	26053.2	0.217857	45222.1	9324.96	9324.43
C13	12109.5	3.30161	91057.2	40098.3	39367.5
Mg24	22335.8	0.768608	83516.1	33778.6	33777.4
O16	14895.1	0.327355	94430.9	42605.7	42604.1
Si28	26053.2	0.126687	53986.6	16203	16202.6
O16	14895.1	0.417725	50792.3	14267.6	14266.7
O16	14895.1	0.274191	43004	8496.04	8494.99
neutron	939.565	164.142	94449.1	41457	41249.2
N14	13040.2	3.29704	94449.1	41457	41249.2
O16	14895.1	0.491694	76418.1	21885.6	21884.7
O16	14895.1	1.14967	45732	6285.69	6284.36
O16	14895.1	0.193579	89056	18264.2	18263.1
O16	14895.1	0.210521	70057.8	5665.28	5664.57
Mg24	22335.8	0.208258	93948.5	42757.9	42757.6
Fe56	52089.8	0.125514	70065.9	21930.1	21929.6
neutron	939.565	1.44783	71111.6	26053.9	22684.2
C13	12109.5	0.502657	71111.6	26053.9	22684.2
Si28	26053.2	0.12644	52424.6	8794.21	8793.34
Si28	26053.2	0.108749	78494.1	26917	26915.9
Mg24	22335.8	0.177627	76291.2	25545.3	25544.7
neutron	939.565	2.69219	92323.3	14701.6	14486.4
N15	13968.9	0.878525	92323.3	14701.6	14486.4
Si28	26053.2	0.130302	63538.6	21483.6	21483.3
O16	14895.1	0.525529	48771.3	11551	11550.2
O16	14895.1	0.306362	46088.5	10589.8	10589.4
Si28	26053.2	0.794926	48950.2	9592.59	9591.6
O16	14895.1	0.209112	94783.2	42092.1	42091.9
Mg24	22335.8	0.253829	57845	8693.35	8692.73
Mg24	22335.8	0.497457	55067.5	7019.74	7018.23
O16	14895.1	0.662712	50427.6	4179.87	4178.68
Mg26	24196.5	0.352868	71792.5	26635	26634.4
O16	14895.1	0.379483	62066.9	19613.6	19613
Fe56	52089.8	0.122465	49921.9	11567.7	11567.4
O16	14895.1	0.772562	37249.1	3247	3245.92
neutron	939.565	26.1163	93700.9	42188.7	41946.5
B11	10252.5	8.42504	93700.9	42188.7	41946.5
O16	14895.1	0.545977	47343.3	3043.89	3043.21
O16	14895.1	0.255679	76002.9	24838	24835.8
O16	14895.1	0.216066	68471.4	19404.2	19402.7
Mg24	22335.8	0.288885	98478.5	45511.7	45511.4
O16	14895.1	0.203292	75894.5	27489.5	27489.2
O16	14895.1	0.229151	63336.8	18094.6	18094.3
Mg24	22335.8	0.291726	86580.9	34639.1	34638.4
O16	14895.1	0.343611	44349.3	7552.11	7551.57
Si28	26053.2	0.12651	58546.9	10871	10870.7
O16	14895.1	0.30541	56157.1	9412.94	9412.49
O16	14895.1	0.542868	50091.8	5644.03	5643.26
neutron	939.565	523.1	91611.5	39174.5	36730.4
neutron	939.565	32.6043	91611.5	39174.5	36730.4
neutron	939.565	3.10716	91611.5	39174.5	36730.4
neutron	939.565	2.92589	91611.5	39174.5	36730.4
C11	10254	13.8946	91611.5	39174.5	36730.4
Mg26	24196.5	0.256643	79404.7	27459.8	21014
O16	14895.1	0.208876	51926.7	2925.53	2925.26
Fe56	52089.8	0.0589634	80177.3	22947.8	22947.5
Mg24	22335.8	0.189661	65729.7	22706.9	22706.6
Si28	26053.2	0.132524	68524.8	24040.7	24039.7
Fe56	52089.8	0.0796324	65293.1	21992.2	21991.6
Si28	26053.2	0.140223	42931.5	6514.72	6514.26
O16	14895.1	0.190633	85879.4	36964	36963.8
Si28	26053.2	0.665216	61465.3	20235.6	20234.7
Mg24	22335.8	0.143907	39645.7	5950.53	5950.15
O16	14895.1	0.358101	52908.6	6048.29	6047.77
O16	14895.1	0.23955	72560.1	24944.4	24943.9
Si28	26053.2	0.199711	74645.9	26161.6	26161.3
O16	14895.1	0.360696	59157.8	17978.6	17978.1
O16	14895.1	2.64021	54661.1	14931.2	14928.1
Si28	26053.2	0.21058	70622	20103.9	20103.6
Mg24	22335.8	0.152208	88878.5	38951.5	38950.5
O16	14895.1	0.332495	79053.3	32042.4	32042
Si28	26053.2	0.246045	96729.2	44394.8	44394.1
Mg24	22335.8	0.145876	86340.9	34263.5	34263.3
Si28	26053.2	0.478963	61781	17384.1	17383.5
Si28	26053.2	0.17121	98571.2	45426.5	45426
Si29	26984.3	0.371375	96835.8	44393.4	44393
Mg24	22335.8	0.195979	67240.5	20948.3	20947.3
Mg24	22335.8	0.154168	66467.2	20376	20375.6
Fe57	53021.7	0.0760995	46199.9	6396.76	6396.42
Si28	26053.2	0.152372	73660.8	15815.6	15815.2
Mg26	24196.5	0.213406	43929.7	1659	1658.52
O16	14895.1	0.925432	76944	29703.8	29701.6
O16	14895.1	0.272255	63822	20111.9	20111
Fe56	52089.8	0.1241	60571.6	19845.7	19845.5
O16	14895.1	0.421148	90873.8	38035.8	38035.1
O16	14895.1	0.334654	82766.4	32417.9	32417.5
O16	14895.1	0.250104	65489.7	18643.6	18642.9
Mg24	22335.8	0.129386	87477.3	37078.2	37077.9
O16	14895.1	0.366484	45821.2	8345.06	8344.37
Si28	26053.2	0.117376	63587.4	20693.1	20692.1
O16	14895.1	0.18938	55597.8	15929.1	15928.6
Mg24	22335.8	0.258843	99510.9	46124.6	46124.4
Mg26	24196.5	0.175689	94472.6	42169.3	42169.1
Si28	26053.2	0.190419	87959	35124.3	35123.1
O16	14895.1	0.444173	80270.3	30303.4	30302.4
Mg26	24196.5	0.127248	38818.7	960.304	960.02
O16	14895.1	2.47396	86364.5	37602.7	37600.1
O16	14895.1	0.588114	48172.6	5377.71	5376.96
O16	14895.1	1.83644	95183.9	42869.8	42868
O16	14895.1	0.527031	87030.7	36434.7	36433.9
Mg24	22335.8	0.433067	90173.6	39399.7	39399.1
O16	14895.1	0.369747	43464.7	4953.98	4953.41
Si28	26053.2	0.464627	88453.7	35652	35651.5
neutron	939.565	0.508367	54120.4	9494.21	9268.97
N14	13040.2	1.92414	54120.4	9494.21	9268.97
O16	14895.1	0.19415	84603.8	36118.4	36117.4
Si30	27913.2	0.234002	82197.4	34606.7	34605.8
Mg24	22335.8	0.559713	91584.3	40569.1	40568.5
Si28	26053.2	0.15407	90985.4	40207.5	40207.2
O16	14895.1	0.272576	48628.2	10271.1	10270.5
O16	14895.1	0.221002	45632.6	8384.42	8383.7
Si28	26053.2	0.143273	98229	45199.6	45199.4
O16	14895.1	1.00864	80881.8	32603.8	32602.8
O16	14895.1	0.203876	51841.6	13120	13118.9
O16	14895.1	0.617906	73438.2	26093.3	26092.4
Si28	26053.2	0.202084	62876.9	18648.5	18647.6
Si28	26053.2	0.191328	60463.1	16382.7	16382.5
Si28	26053.2	0.222637	44714	4811.99	4811.51
O16	14895.1	0.631322	98953.4	45765.1	45764.2
O16	14895.1	0.219121	58790	14984.7	14984.3
O16	14895.1	0.367947	56685.6	13644.8	13643.7
Mg25	23268	0.373613	93564.6	42368.2	42367.2
Si28	26053.2	0.153151	77100.3	31429.5	31429.2
O16	14895.1	0.284933	42862.4	6287.97	6287.29
Si29	26984.3	0.107024	95855.3	29935.1	29934.7
O16	14895.1	0.517427	81708.2	33792.9	33791.8
Mg24	22335.8	0.126288	47073.7	9219.17	9218.07
Si28	26053.2	0.385115	85027.3	24897.7	24897.2
Fe54	50231.2	0.0625824	56922.8	5885.31	5885.09
O16	14895.1	0.292163	69486.9	23871.9	23871.4
Fe56	52089.8	0.0577484	60191.8	16251.2	16251.1
O16	14895.1	0.557788	96420	43890.4	43889.5
O16	14895.1	0.264263	80095.1	31706.8	31706.1
Si28	26053.2	0.15657	71465.5	22660.9	22660.5
Mg25	23268	0.168845	46187.7	5949.84	5949.53
Si30	27913.2	0.160305	95351.1	42560	42559.3
Si28	26053.2	0.224836	38606.5	3922.82	3922.49
O16	14895.1	0.322139	36633.8	2725.88	2725.44
O16	14895.1	0.639755	52107.5	8483.33	8481.57
Si28	26053.2	0.17258	46699.4	4892.23	4891.78
neutron	939.565	144.689	49988.4	11238	10301.4
neutron	939.565	103.474	49988.4	11238	10301.4
neutron	939.565	71.8105	49988.4	11238	10301.4
neutron	939.565	14.8231	49988.4	11238	10301.4
neutron	939.565	1.9709	49988.4	11238	10301.4
C12	11174.9	3.61611	49988.4	11238	10301.4
O15	13971.2	2.10813	88274	37917.1	37616.5
Mg24	22335.8	0.158326	46150.2	5266.05	5265.67
O16	14895.1	0.266035	67517.5	23026.9	23026.4
Mg24	22335.8	0.200405	49064.7	10826.9	10826.6
O16	14895.1	0.324865	77244.1	8476.98	8476.49
Si30	27913.2	0.113125	70396	4241.68	4241.55
Si28	26053.2	0.676498	65947.4	1332.51	1331.8
O16	14895.1	0.197945	90991.7	37503.7	37503.2
O16	14895.1	0.398313	89064.5	36157.6	36157
neutron	939.565	1.04877	78474.8	26877.2	26616
N14	13040.2	4.05871	78474.8	26877.2	26616
O16	14895.1	0.221343	43324.7	2097.83	2097.56
Si30	27913.2	0.749898	41844	1168.28	1167.38
Si28	26053.2	0.133114	59134	12154.1	12153.8
O16	14895.1	0.429701	51602.5	7458.92	7458.05
Mg25	23268	0.143491	61432.5	7973.73	7972.58
O16	14895.1	0.276585	85359.9	34943.7	34943.2
Si28	26053.2	0.217445	70076.8	8036.49	8036.03
O16	14895.1	0.390551	58975.6	977.736	977.255
O16	14895.1	0.255877	93347.8	41674.1	41672.9
Si28	26053.2	0.170272	83245.9	33998.5	33996.5
Mg24	22335.8	0.27266	77371	29920.8	29920.4
O16	14895.1	0.512671	67031.4	20674.9	20674.1
Fe54	50231.2	0.0848846	42739.5	5152.51	5152.39
Si29	26984.3	0.112541	97025	44486.4	44484.9
Mg24	22335.8	0.15861	69273.8	25948.9	25948.4
Si29	26984.3	0.119008	64973.9	23273.4	23273
Fe56	52089.8	0.0603294	54563.1	16702.5	16702.3
Mg24	22335.8	0.397942	87988.8	38153.6	38153.2
O16	14895.1	0.258711	74382.7	29042.9	29042
neutron	939.565	112.241	73152.7	25397.4	24949.3
neutron	939.565	8.03885	73152.7	25397.4	24949.3
B11	10252.5	14.1476	73152.7	25397.4	24949.3
Mg24	22335.8	0.151665	95737.8	42898.8	42898.1
Si28	26053.2	0.117591	52060.5	13461.9	13459.9
O16	14895.1	0.355756	33727.6	1212.26	1211.64
neutron	939.565	311.275	91708	40399.4	39234.7
neutron	939.565	7.44433	91708	40399.4	39234.7
neutron	939.565	1.54717	91708	40399.4	39234.7
B10	9324.44	7.23076	91708	40399.4	39234.7
Fe56	52089.8	0.275785	82652.8	33219	33217.5
O16	14895.1	0.904171	79852.7	30469.9	30468.4
Si28	26053.2	0.119654	72385	23705	23704.8
N15	13968.9	0.449445	69365.4	21530.2	21104.1
O16	14895.1	0.416064	61049.9	15012.1	15011.3
neutron	939.565	2.21972	72070.3	24388.4	21260.4
alpha	3727.38	3.31312	72070.3	24388.4	21260.4
Be8	7454.85	3.06041	72070.3	24388.4	21260.4
O16	14895.1	0.305004	69917	19928.9	19928.4
O16	14895.1	0.206115	57644.3	5973.64	5973.32
Mg24	22335.8	0.197988	95457.1	42759.3	42759.1
Mg24	22335.8	0.353983	84941.5	33639.7	33639.1
Mg25	23268	0.171992	72826.9	24121.7	24121.4
Mg24	22335.8	0.376113	79847.3	32798.1	32796.9
Si28	26053.2	0.142921	98687.2	45467.9	45467.6
Si28	26053.2	0.161206	90842	40301.5	40300.8
O16	14895.1	1.08933	85895.1	36758.3	36757.1
Mg24	22335.8	0.147151	84585.4	35738.3	35737.6
Si28	26053.2	0.18532	99615.8	45893.3	45892.7
neutron	939.565	56.7157	83811.4	33580.7	31498.8
neutron	939.565	12.6334	83811.4	33580.7	31498.8
neutron	939.565	9.95873	83811.4	33580.7	31498.8
neutron	939.565	9.42404	83811.4	33580.7	31498.8
N14	13040.2	7.47275	83811.4	33580.7	31498.8
O16	14895.1	0.310622	39277	1681.65	1681.25
O16	14895.1	0.245262	60918	18665.6	18665.1
Si28	26053.2	0.363121	94785.4	39110	39108.9
neutron	939.565	115.044	84714.7	30815.1	30550.7
neutron	939.565	17.5275	84714.7	30815.1	30550.7
alpha	3727.38	9.69462	84714.7	30815.1	30550.7
O16	14895.1	0.538196	84714.7	30815.1	30550.7
O16	14895.1	0.227589	48689.2	4489.87	4489.32
O16	14895.1	0.201442	62793.9	17960.5	17960.2
O16	14895.1	1.61478	50384.1	8848.43	8846.78
Mg26	24196.5	0.817256	36285.1	997.79	996.904
O16	14895.1	0.199235	99194.3	45902.3	45902
O16	14895.1	0.20063	81800.9	32104.5	32104.1
O16	14895.1	0.262187	78076.6	29742.5	29742.1
Si28	26053.2	0.169273	59702.6	17400	17398.9
Si28	26053.2	0.17094	43118.6	7151.26	7150.86
Si28	26053.2	0.97499	88090.4	38641.9	38640.8
O16	14895.1	0.404202	64170.8	18883.1	18882.7
Si28	26053.2	0.154822	63814.9	18564.3	18564.1
O16	14895.1	0.360297	43590	4976.09	4975.63
Mg24	22335.8	0.245527	40428.7	2530.05	2529.48
Mg25	23268	0.177835	80445	32212.1	32211.7
O16	14895.1	0.365293	64122.9	15949.5	15949.1
O16	14895.1	0.213822	77796.6	31812.8	31812.5
Mg24	22335.8	0.144087	63828.9	22360.2	22360
Mg24	22335.8	0.141031	53014.7	12936.8	12936.6
O16	14895.1	0.342825	98603	45482.1	45481.1
Si28	26053.2	0.125835	75045	25439.3	25438.9
Si30	27913.2	0.208686	73538.5	24037	24036.6
Si28	26053.2	0.177239	68585.4	20263.4	20263.3
Fe56	52089.8	0.351514	60798	15276.9	15276.3
O16	14895.1	0.212728	68130.6	21315	21314.4
Mg24	22335.8	0.486525	51335.4	9252.67	9252.18
O16	14895.1	0.318359	76310.9	28932.1	28931.6
Si28	26053.2	0.141802	74734.7	27935.9	27935.6
Mg24	22335.8	0.630235	72946	26613.1	26612.3
O16	14895.1	0.230783	63704	19669.6	19669.3
Mg24	22335.8	0.156288	57076.1	15791.3	15790.9
Si28	26053.2	0.191678	49473.6	9642.45	9642.07
neutron	939.565	181.17	42747.9	4792.5	4225.98
Ne21	19550.5	0.732898	42747.9	4792.5	4225.98
O16	14895.1	0.25993	86506.7	37701.9	37701.3
O16	14895.1	1.83979	85719.8	37237.4	37235.4
Si28	26053.2	0.115193	75433	26438.1	26437.7
Mg24	22335.8	0.151889	98063.9	45153.5	45153.2
O16	14895.1	0.468928	73551.5	28213.4	28212.5
Mg24	22335.8	0.196372	44291.2	8368.12	8365.07
Si28	26053.2	0.122658	55558.2	10293.7	10293.1
O16	14895.1	0.705813	46908.1	9714.14	9713.33
Si28	26053.2	0.20737	76180.8	28438.1	28436.7
Mg24	22335.8	0.223897	67548.4	19861.7	19861
O16	14895.1	0.226097	56382.1	11233.9	11233.3
Si28	26053.2	0.144294	53130.5	9258.14	9257.99
O16	14895.1	0.383236	81613.1	32739	32738.5
O16	14895.1	0.222369	61175.9	3996.43	3995.53
Mg24	22335.8	0.156838	57268.7	1665.03	1664.58
O16	14895.1	0.226261	60080.9	16055.2	16054.6
O16	14895.1	0.414339	55834.9	13509.9	13509.5
O16	14895.1	0.26706	96874.9	44313.1	44312.6
Si28	26053.2	0.198224	95347.9	43250.9	43250.6
Al26	24200	2.90487	85440.3	36477.8	36106.8
Si28	26053.2	0.120856	95129.7	43483.6	43483.1
O16	14895.1	0.603284	83152.9	35296.1	35295.2
Si29	26984.3	0.107684	46466.7	11217.8	11217.6
O16	14895.1	0.596852	30343.6	533.294	532.551
Si28	26053.2	0.117138	73731.1	23450.1	23449.7
O16	14895.1	0.223436	73255	23145.5	23143.7
Mg26	24196.5	0.151458	80582.4	31867.4	31867.1
Si28	26053.2	0.149552	52847.7	5632.21	5632.01
O16	14895.1	0.637086	93032.5	39565.4	39564.7
Si28	26053.2	0.127547	83763.4	31848.5	31847.6
Si28	26053.2	0.238776	69800.7	20771.1	20770.9
Si28	26053.2	0.172146	50191.7	6549.12	6548.83
O16	14895.1	0.205987	55172.3	12961.1	12960.7
Si29	26984.3	0.172033	90089	35470.4	35470.2
Mg25	23268	0.320098	74642.7	24864.1	24863.5
O16	14895.1	0.315993	70698	21886	21885.4
Fe56	52089.8	0.0596289	39338.5	1751.37	1751.19
Si28	26053.2	0.115552	77433.9	30517	30516.7
O16	14895.1	0.256083	66715.2	23416.1	23415.5
O16	14895.1	0.560236	94508	41095.1	41094.3
O16	14895.1	0.457886	95030.9	43155.2	43154.7
O16	14895.1	0.212602	58078.4	12626.1	12624.7
O16	14895.1	0.416274	61736.5	10723	10722.1
Fe56	52089.8	0.101575	83500	33438.7	33438.2
Si28	26053.2	0.108958	66781.5	20951.7	20951.5
O16	14895.1	0.194295	38652.2	347.405	347.13
O16	14895.1	0.234405	96676.2	44084.6	44084.4
O16	14895.1	0.351772	84214.3	35406.2	35404.3
Al27	25126.5	0.104198	69829.8	22433.4	21671.2
O16	14895.1	0.190189	73036.3	26110.4	26110
Si28	26053.2	0.180853	90347	39900.3	39898.3
Si28	26053.2	0.114545	50525.8	9315.88	9315.38
O16	14895.1	0.203718	39190.5	2404.11	2403.61
O16	14895.1	0.339577	77915.8	31396	31395.4
O16	14895.1	0.261591	92104	41635.7	41635.3
O16	14895.1	0.502293	71242.2	26124.3	26122.8
O16	14895.1	0.316788	70362.7	25609.4	25608.5
O16	14895.1	0.351701	40047.1	4314.66	4314.14
O16	14895.1	0.213045	91002	38172.3	38171.7
Mg24	22335.8	0.216277	84390.9	36343.5	36343.2
Fe56	52089.8	0.197295	61170.9	20389.5	20389
Mg26	24196.5	1.32541	60999.2	20276.4	20274.5
O16	14895.1	0.315792	33152	1595.72	1595.09
O16	14895.1	0.20624	74839.8	16833.9	16833.4
Mg24	22335.8	0.244901	56252.4	4142.3	4141.66
O16	14895.1	0.25777	52850.3	2111.47	2111.03
O16	14895.1	0.241588	52823.1	2097.78	2097.37
O16	14895.1	0.230864	89525.5	39332.8	39330.6
O16	14895.1	0.285305	62976.6	21928.6	21927.1
Mg24	22335.8	0.138295	52099.3	11846	11845.7
Si28	26053.2	0.1213	63576.1	20715.9	20715.5
neutron	939.565	20.8412	74160.4	25500.7	24241.2
neutron	939.565	13.1776	74160.4	25500.7	24241.2
neutron	939.565	9.26247	74160.4	25500.7	24241.2
neutron	939.565	7.92104	74160.4	25500.7	24241.2
neutron	939.565	4.3095	74160.4	25500.7	24241.2
alpha	3727.38	6.14336	74160.4	25500.7	24241.2
N14	13040.2	5.19388	74160.4	25500.7	24241.2
Si28	26053.2	0.671589	44758	2443.12	2442.07
Si28	26053.2	0.281837	95420.7	43551.9	43551.6
O16	14895.1	0.231472	87534.6	37968.6	37968.4
Mg24	22335.8	0.611575	87199.5	37166.3	37165.4
Mg24	22335.8	0.17257	74113.9	26247.4	26246.5
Si28	26053.2	0.14028	67325.4	21818.8	21817.9
O16	14895.1	0.210593	50763.1	9505.56	9505.14
O16	14895.1	2.42531	94841.8	41472.1	41469.5
Mg24	22335.8	0.597175	57208.2	15943.5	15941.7
O16	14895.1	0.518514	55934.6	15158.8	15157.1
neutron	939.565	343.947	85021.5	34307.8	16688.3
Mg23	21412.8	0.430113	85021.5	34307.8	16688.3
Si28	26053.2	0.248921	77386.5	11547.4	11547
O16	14895.1	1.97563	94822.9	42241.2	42239.1
neutron	939.565	16.0101	82089.3	33863.3	28560.3
neutron	939.565	7.29896	82089.3	33863.3	28560.3
alpha	3727.38	3.96688	82089.3	33863.3	28560.3
alpha	3727.38	3.36067	82089.3	33863.3	28560.3
alpha	3727.38	2.22423	82089.3	33863.3	28560.3
Si28	26053.2	0.582018	74040.9	23276.8	23276
Si28	26053.2	0.114914	67776.2	17721.6	17720.9
O16	14895.1	0.436536	49792.1	5509.82	5508.95
O16	14895.1	0.207307	43780.2	2835.69	2834.74
Si28	26053.2	0.202274	43700	2781.66	2781.09
Si28	26053.2	0.149743	40271.5	476.92	475.455
Si28	26053.2	0.163723	44941.1	4785.23	4784.85
Si29	26984.3	0.115349	41739.7	2569.88	2569.64
Mg24	22335.8	0.730721	78019.9	28350.4	28349.6
O16	14895.1	0.611755	82029.5	31454	31453.3
O16	14895.1	0.320651	50581.3	10239.8	10239.4
O16	14895.1	0.28573	36311.8	2031.99	2031.43
O16	14895.1	0.414253	79440.2	31289.9	31289.4
O16	14895.1	0.310919	56124.3	14551.9	14551.3
Si29	26984.3	0.248941	52953.4	12586.1	12585.7
O16	14895.1	0.320988	99369.5	45836.7	45836.4
O16	14895.1	0.192906	74358.1	29301.1	29300.9
O16	14895.1	0.248772	43312.1	7805.27	7804.68
O16	14895.1	0.32602	35566.6	3190.34	3189.93
Mg24	22335.8	0.205068	67578.8	21979.9	21979.7
O16	14895.1	1.12528	47694.5	6853.38	6851.69
Si28	26053.2	0.317915	75629.6	26594	26593.3
Mg24	22335.8	0.284897	97349.9	44782.1	44781.8
Fe56	52089.8	0.0783368	96843.7	44501.7	44501.5
Si28	26053.2	0.132617	74185.7	28311.7	28310.6
O16	14895.1	0.238234	64724.8	21662.9	21662
O16	14895.1	0.293601	37309.7	3985.63	3984.87
Fe56	52089.8	0.0613369	48724.3	5736.54	5736.44
O16	14895.1	0.245243	43920.2	2625.69	2624.59
Si28	26053.2	0.297967	74969.2	21032.4	21031.4
O16	14895.1	0.33938	74264.5	1912.9	1912.33
Si28	26053.2	0.178271	94767.5	42640.5	42640.1
O16	14895.1	0.31762	88999.2	38994.1	38993.3
O16	14895.1	0.291023	76306.9	30053.2	30052.6
O16	14895.1	0.258782	85881.4	36916.2	36915.6
O16	14895.1	0.225461	33922.8	1110.09	1109.09
Si28	26053.2	0.322012	59831.1	16606.3	16605.8
Mg24	22335.8	0.163664	90414.1	38087.8	38087.3
Mg24	22335.8	0.16779	59225	14681.4	14680.3
O16	14895.1	1.5071	56801.9	12774.8	12772.5
O16	14895.1	0.290695	51902.9	9499.28	9498.77
O16	14895.1	0.233637	98944.2	44871.8	44871.6
Si28	26053.2	0.205488	63719.8	21852.9	21851.5
Si28	26053.2	0.121884	34913.5	1911.41	1910.9
O16	14895.1	0.431688	94775	42247.7	42246.6
O16	14895.1	2.54433	89908.2	38822.9	38819.7
O16	14895.1	0.327578	82624.6	33725.9	33725.2
neutron	939.565	785.576	97591.7	40606.4	39377.7
neutron	939.565	401.434	97591.7	40606.4	39377.7
C12	11174.9	0.302447	97591.7	40606.4	39377.7
O16	14895.1	0.302979	75707.9	23825.5	23824.4
Mg24	22335.8	0.140568	65205.5	21609.2	21608.7
Si28	26053.2	0.204107	50176.5	10892.4	10891.6
O16	14895.1	0.838012	96874.5	44403.2	44401.9
Si28	26053.2	0.379929	40357.9	3939.36	3938.36
Fe56	52089.8	0.0789937	76829.2	18589.7	18589.3
O16	14895.1	0.368339	69605.7	14301.6	14300.2
Mg26	24196.5	0.45743	77866.6	26729	26728.1
Si28	26053.2	0.210274	90582.4	39403.8	39403.4
Mg24	22335.8	0.140443	56952.7	17113.9	17113.6
Si28	26053.2	0.137228	77033.6	29139.1	29138.4
Si28	26053.2	0.134408	89238.3	38973.2	38972.8
O16	14895.1	1.15703	71092.4	25291.2	25289.8
O16	14895.1	0.260564	44754.9	6689.15	6688.53
O16	14895.1	0.379566	81658.3	27897.8	27897.2
Mg24	22335.8	0.216135	80130.3	26847.8	26847.4
Mg24	22335.8	0.177214	75465	23521.9	23521.3
Si28	26053.2	0.117256	70370	20434.8	20433.2
O16	14895.1	0.553099	87197	36019.1	36018.6
Si28	26053.2	0.614917	80608.2	27290.1	27288.4
Si28	26053.2	0.182924	77216	24406.2	24405.8
Si29	26984.3	0.126203	42763.5	76.3619	76.2076
Si28	26053.2	0.249978	97805.7	45171.3	45170.5
O16	14895.1	1.05491	97780.8	45157.5	45156.4
O16	14895.1	0.417897	49791.4	8255.42	8254.25
Si28	26053.2	0.164643	48467.4	8999.88	8999.66
neutron	939.565	5.58649	92306.8	32650.8	32419.6
O14	13044.8	6.5269	92306.8	32650.8	32419.6
O16	14895.1	0.311438	52682.8	12053.9	12053.4
O16	14895.1	0.217537	56264.8	12614.2	12613.9
Si30	27913.2	1.03907	49156.9	6592.76	6591.6
O16	14895.1	0.402038	59446.8	6296.25	6295.65
O16	14895.1	0.428315	90505.5	39527.2	39526.6
O16	14895.1	0.204195	83687	35097.1	35096.9
Si28	26053.2	1.11227	57681.1	17247.7	17245.8
Mg26	24196.5	2.20452	81335.5	32043.7	31625.4
O16	14895.1	0.212763	73573.4	26598.3	26597.4
Si28	26053.2	0.13175	62358.1	18476.5	18476.3
O16	14895.1	0.332926	88547	38328.5	38327.2
Mg25	23268	0.218544	95020.6	43295.7	43294.9
Mg26	24196.5	0.464286	87150.9	37868.5	37867.6
O16	14895.1	0.517964	66029.8	17703.4	17701.7
O16	14895.1	1.4372	67850.9	22500.9	22499
O16	14895.1	0.571961	66527.5	21381.1	21379.9
Fe56	52089.8	0.0714893	54479.8	12294	12293.7
neutron	939.565	334.672	97021.8	42241.3	6411.85
He3	2808.39	35.7988	97021.8	42241.3	6411.85
O16	14895.1	0.528312	60771.5	19424.1	19423.5
O16	14895.1	0.211662	95155	43138.3	43138
O16	14895.1	0.22342	34262.6	17.4597	16.9929
O16	14895.1	0.283135	61420.5	20975.9	20974.2
O16	14895.1	0.238899	55452.2	17304.9	17304.2
C14	13040.9	0.733439	50555.4	14196.8	13319.2
O16	14895.1	0.30932	42818.8	7747.65	7747.09
Mg24	22335.8	0.130724	91965.5	40806.9	40806.8
Si28	26053.2	0.539747	47039.8	8761.28	8760.6
Si29	26984.3	0.525942	86630.4	36745.8	36745.1
O16	14895.1	1.33133	75107.1	27288.8	27287.3
Si28	26053.2	0.129601	92621.6	37790.7	37789.8
neutron	939.565	1474.72	87486.6	31744.7	25555.8
neutron	939.565	148.614	87486.6	31744.7	25555.8
neutron	939.565	79.2934	87486.6	31744.7	25555.8
neutron	939.565	66.3978	87486.6	31744.7	25555.8
He3	2808.39	10.1558	87486.6	31744.7	25555.8
alpha	3727.38	5.919	87486.6	31744.7	25555.8
alpha	3727.38	8.67044	87486.6	31744.7	25555.8
O16	14895.1	0.460694	93545.2	41810.1	41808.7
O16	14895.1	0.256413	63852.4	21080.8	21079.2
Si28	26053.2	0.147182	48398.9	10286.1	10285.5
Si28	26053.2	0.144547	58047.5	14448.1	14447.7
Si29	26984.3	0.643859	82947.2	32280.2	32279.4
Si28	26053.2	0.420331	51477.9	9587.12	9585.26
Al27	25126.5	1.72862	93117.1	41404.3	40918.1
Si28	26053.2	0.408102	91618.9	39998	39996.1
O16	14895.1	0.212618	90546.2	39242.6	39241.8
Si28	26053.2	0.184669	89222.1	38445.6	38444.9
neutron	939.565	161.569	83808.1	35043.5	34688.1
neutron	939.565	151.331	83808.1	35043.5	34688.1
Na21	19553.6	0.244865	83808.1	35043.5	34688.1
O16	14895.1	0.200643	99608.4	46189.3	46189
Si28	26053.2	0.144216	64163.6	20318.7	20317.7
O16	14895.1	0.341809	51779.1	10790.6	10790.2
Si30	27913.2	0.13787	94755.4	42296.5	42296.3
O16	14895.1	0.222952	63509.9	19246.7	19245.8
O16	14895.1	5.04857	56176.5	11542.2	11537
O16	14895.1	0.789437	76502.4	31295.2	31294.1
Si28	26053.2	0.379383	58260.6	19982	19981.4
O16	14895.1	0.340114	98365.9	45414.1	45413.4
Mg25	23268	0.188747	46546.9	4385.07	4384.74
Si28	26053.2	0.185505	98696.1	45544.8	45544.2
Mg25	23268	0.272735	74116.3	25024.6	25024.3
O16	14895.1	0.689737	39294.1	346.422	343.557
neutron	939.565	230.396	53490.2	11540.1	7581.48
neutron	939.565	172.536	53490.2	11540.1	7581.48
neutron	939.565	112.086	53490.2	11540.1	7581.48
neutron	939.565	111.444	53490.2	11540.1	7581.48
neutron	939.565	22.9968	53490.2	11540.1	7581.48
neutron	939.565	21.7445	53490.2	11540.1	7581.48
neutron	939.565	14.0641	53490.2	11540.1	7581.48
neutron	939.565	9.76887	53490.2	11540.1	7581.48
neutron	939.565	2.90468	53490.2	11540.1	7581.48
alpha	3727.38	18.7028	53490.2	11540.1	7581.48
He3	2808.39	5.76695	53490.2	11540.1	7581.48
Si28	26053.2	0.140261	98254.2	45147.4	45147
O16	14895.1	2.21823	75891.6	29795	29792.8
Mg24	22335.8	0.818224	86498.1	34717	34715.5
O16	14895.1	0.45642	68810.6	21490.8	21489.9
Mg24	22335.8	0.693254	60406.1	14706	14704.9
Si28	26053.2	0.155288	52089.6	7783.17	7782.88
O16	14895.1	0.201348	79122.7	31965.9	31965.5
Si28	26053.2	0.277153	98976.5	45718	45717.6
neutron	939.565	229.505	82385.6	34553.6	29413.2
neutron	939.565	163.527	82385.6	34553.6	29413.2
neutron	939.565	81.1792	82385.6	34553.6	29413.2
Be8	7454.85	5.54384	82385.6	34553.6	29413.2
O16	14895.1	0.48112	80417.2	28014.8	28014
neutron	939.565	159.33	76845.2	30541.3	29638.8
neutron	939.565	6.47012	76845.2	30541.3	29638.8
neutron	939.565	4.35502	76845.2	30541.3	29638.8
alpha	3727.38	8.11889	76845.2	30541.3	29638.8
Be8	7454.85	5.74751	76845.2	30541.3	29638.8
O16	14895.1	0.678165	64109.3	21009.7	21009
Si28	26053.2	0.310938	33334.3	99.6887	98.9632
Mg24	22335.8	0.320418	64732.2	21821.1	21820.7
neutron	939.565	4.15126	78047.8	28106.7	27536.6
C13	12109.5	0.0728892	78047.8	28106.7	27536.6
O16	14895.1	0.230212	71732.6	23232.1	23231.8
Mg24	22335.8	0.280306	59995.3	14643	14642.6
Si28	26053.2	0.114363	49363.4	7948.35	7947.85
Si28	26053.2	0.212856	46015.5	5461.18	5459.95
Mg24	22335.8	0.137565	42058.9	2766.65	2766
O16	14895.1	0.296857	65196.1	20618.4	20617.8
Mg24	22335.8	0.398417	41270.5	6357.93	6357.51
Si30	27913.2	0.473472	37368.8	3835.53	3835.01
O16	14895.1	0.204899	97110.3	44293.3	44292.6
neutron	939.565	208.975	88689.5	38242.9	37650.2
neutron	939.565	112.056	88689.5	38242.9	37650.2
neutron	939.565	14.3163	88689.5	38242.9	37650.2
neutron	939.565	7.97376	88689.5	38242.9	37650.2
alpha	3727.38	9.56024	88689.5	38242.9	37650.2
N15	13968.9	5.96726	88689.5	38242.9	37650.2
Si28	26053.2	0.11869	64322	19399.1	19398.9
Si28	26053.2	0.884419	54382.2	12812.1	12810.9
O16	14895.1	0.580521	51687.2	11163.3	11162.5
Mg25	23268	0.181378	39496.4	2944.77	2944.44
Si28	26053.2	0.622598	72854.4	22066.5	22065.8
Mg24	22335.8	0.135779	58738.3	12107	12106.6
O16	14895.1	0.668343	96562.4	43320.1	43318.6
neutron	939.565	95.9765	88855.8	38458.1	38248.6
Al26	24200	0.908022	88855.8	38458.1	38248.6
O16	14895.1	0.316703	81863.2	32294	32293.1
Si28	26053.2	0.177741	61152.7	17360.9	17360.1
Si28	26053.2	0.242844	54988.1	13128.6	13128.2
Si28	26053.2	0.22192	90232.5	40371.1	40370.5
O16	14895.1	0.648873	72612.1	27733.9	27733.1
neutron	939.565	237.3	59946.2	18137.6	17351.7
neutron	939.565	212.616	59946.2	18137.6	17351.7
neutron	939.565	161.089	59946.2	18137.6	17351.7
N15	13968.9	2.36198	59946.2	18137.6	17351.7
O16	14895.1	0.437507	50183.6	8936.55	8935.49
Fe56	52089.8	0.059765	97964	45144.3	45143.8
O16	14895.1	0.262971	65525.4	21330.7	21328.9
O16	14895.1	0.219518	77262.7	27953.1	27952.8
O16	14895.1	0.385929	55084.1	10636.7	10635.9
Mg24	22335.8	0.127309	87159.9	37014.4	37013.9
Si28	26053.2	0.291753	77150.8	27705.7	27705.3
Mg24	22335.8	0.170639	66182.2	20391	20390.8
O16	14895.1	0.203863	74165.3	27791.5	27790.2
Fe56	52089.8	0.110918	56874.2	14948	14947.3
O16	14895.1	0.390244	41522.1	4134.27	4133.59
O16	14895.1	0.252191	41147.4	3926.33	3924.15
O16	14895.1	0.539232	65448.7	21205.2	21203.8
O16	14895.1	0.253032	92441	41768.9	41768.5
O16	14895.1	0.192715	47381.7	11116.3	11115.9
O16	14895.1	0.511301	76567.7	30106.9	30105.9
Si28	26053.2	0.150429	66153.5	22808.7	22808.4
O16	14895.1	0.198544	33143.1	631.262	630.592
O16	14895.1	0.243001	86840.9	36969.4	36968.9
O16	14895.1	0.386073	67223.3	24061.2	24059.6
Si28	26053.2	1.50516	50777.2	11881.5	11879
Mg24	22335.8	0.29279	94676.9	42068.6	42068.3
O16	14895.1	0.277606	49950.8	8739.27	8738.92
O16	14895.1	0.206499	75341.7	29123.5	29122.8
Mg24	22335.8	0.404372	40894.7	5577.56	5576.84
Mg24	22335.8	0.146547	32896.8	764.558	764.228
O16	14895.1	0.846927	73474.2	27862.7	27861.4
O16	14895.1	0.235102	67451.3	14167.9	14166.5
O16	14895.1	0.203377	68772.5	22675.1	22674.3
O16	14895.1	0.385332	39837.1	3315.63	3314.35
Mg24	22335.8	0.168341	88888.9	39183	39182.4
Si29	26984.3	0.394189	88877.6	39177.7	39176.4
O16	14895.1	0.240235	63322.7	21746.1	21745.8
O16	14895.1	0.222447	99024.9	45681.1	45680.8
Si28	26053.2	0.174845	97238	44446.3	44445.9
neutron	939.565	681.797	89909	29826.4	28995.6
neutron	939.565	108.875	89909	29826.4	28995.6
Al25	23271.8	0.622824	89909	29826.4	28995.6
Mg25	23268	0.361824	93273.5	42151.6	42150.7
O16	14895.1	0.35123	88249.2	37570.6	37570.1
Mg24	22335.8	0.157268	69001.6	16423.2	16422.4
O16	14895.1	1.00532	83338.1	33804.8	33802.4
O16	14895.1	0.281714	72934.5	26563.4	26563.2
O16	14895.1	5.23016	58787.7	18359	18353.6
O16	14895.1	0.244455	56637.2	16918.4	16917.8
Si28	26053.2	0.12954	69113.2	1270.89	1270.19
O16	14895.1	0.243164	94886.3	43296.1	43295.6
Si28	26053.2	0.15664	82067.4	33223.4	33223.2
O16	14895.1	0.192679	53447.3	14635.4	14635
Si28	26053.2	0.476338	55712.8	14508.8	14507.8
neutron	939.565	571.802	63550.3	15508	8424.37
neutron	939.565	259.845	63550.3	15508	8424.37
neutron	939.565	102.833	63550.3	15508	8424.37
neutron	939.565	98.317	63550.3	15508	8424.37
neutron	939.565	15.4732	63550.3	15508	8424.37
neutron	939.565	1.78029	63550.3	15508	8424.37
neutron	939.565	1.20475	63550.3	15508	8424.37
alpha	3727.38	1.04181	63550.3	15508	8424.37
Si28	26053.2	0.41709	99784.9	46298	46296.7
O16	14895.1	0.317056	95239.5	42066.8	42065.9
Mg25	23268	0.379575	80237.9	32061.1	32060.4
Si28	26053.2	0.184989	34146.4	1317.69	1316.86
Si28	26053.2	0.264123	72462.5	27825.6	27825.2
O16	14895.1	0.259164	40420.1	2060.14	2058.91
Mg24	22335.8	0.198157	77911.9	29700.2	29699.2
O16	14895.1	0.239252	58034.1	16795.3	16794.9
Si28	26053.2	0.949235	43713	7362.27	7361.11
Si28	26053.2	0.453245	95759.4	43592.5	43591.5
O16	14895.1	0.194091	95312.5	43265.8	43265.6
O16	14895.1	0.264608	59221.5	15669.6	15668.9
Fe56	52089.8	0.0845477	35847.3	1144.06	1143.85
Fe56	52089.8	0.0773068	99602.3	46067.5	46067.3
Mg24	22335.8	0.248915	84837.9	22101.3	22100.2
O16	14895.1	0.249349	55145.4	1107.76	1106.92
N14	13040.2	1.39938	72312.4	28453.5	28171.3
Fe58	53951.2	0.0586491	36950	5550.79	5550.11
Si29	26984.3	0.302787	92910.8	40714.3	40713.8
Mg25	23268	0.351702	67183	13552	13551.5
O16	14895.1	0.330704	56952.3	6608.88	6608.04
Al26	24200	0.0586135	55764.9	5896.7	5672.09
Mg24	22335.8	0.394499	63456.3	19605.1	19604.6
O16	14895.1	0.392225	55951.4	14184.8	14183.3
Mg24	22335.8	0.186787	83218.6	34585.6	34585.4
Mg24	22335.8	0.274343	60120.7	15826.4	15825.5
O16	14895.1	0.38216	46887.3	7521.68	7519.93
O16	14895.1	0.387973	96811.2	44312.5	44311.6
neutron	939.565	1.2139	86458.7	37538.4	37305.6
Al26	24200	2.67761	86458.7	37538.4	37305.6
Si28	26053.2	0.181685	80689	33115	33114.7
O16	14895.1	0.530213	72055.9	26872.5	26872
Si30	27913.2	0.198944	51630.1	13094.4	13093.6
O16	14895.1	0.349077	81683.5	29294	29293.2
O16	14895.1	0.32805	76107.5	26685.1	26684.7
Mg24	22335.8	0.224204	51380.7	8274.13	8273.8
Si28	26053.2	0.210333	49867.7	7341.37	7341.08
O16	14895.1	0.356916	52511.4	12097.5	12096.2
O16	14895.1	0.235751	88675.9	37880.1	37879.8
O16	14895.1	0.847013	82234.2	31519.4	31518.5
Si28	26053.2	0.160919	78757	28620.2	28619.9
O16	14895.1	0.26036	43016.9	3430.94	3430.66
Fe56	52089.8	0.088789	39169.7	1007.84	1007.41
O16	14895.1	0.203212	92648.9	40778.5	40777.8
O16	14895.1	0.2921	90402.9	39240.5	39240
Mg24	22335.8	0.241172	72802.9	27998.3	27998
O16	14895.1	0.376758	55069.9	12838.8	12838
Si28	26053.2	0.151811	53476.4	11768.6	11768.1
O16	14895.1	0.689671	98413.5	45324.8	45323.8
N14	13040.2	1.54732	83590.5	34735.4	34491.2
O16	14895.1	0.539491	65624.5	22615.4	22614.8
Si30	27913.2	0.121174	47794.5	10560.6	10559.9
Mg24	22335.8	0.638087	72340	27379	27378.2
O16	14895.1	1.84124	38083.4	3998.66	3996.77
Mg24	22335.8	0.12768	89400.6	39156.3	39155.5
Mg24	22335.8	0.410077	89627.9	39668	39667.5
Si28	26053.2	0.182067	85469.2	36986.6	36986.1
O16	14895.1	0.383918	53702.1	15301.9	15300.8
O16	14895.1	0.212993	30344.8	252.051	251.712
O16	14895.1	0.285099	88863.6	38038.5	38037.9
Si28	26053.2	0.173968	75485.2	25978	25977.3
O16	14895.1	0.376523	67658.1	20528.5	20528.2
Si28	26053.2	0.2899	96544.5	44171.4	44170.1
O16	14895.1	0.480098	60075.1	16191.1	16190.6
Si28	26053.2	0.349453	76853.6	23223.8	23223.2
Si28	26053.2	0.762242	57386	10355.1	10354.1
O16	14895.1	0.235309	60595.7	18033.8	18033.6
Mg25	23268	0.210515	58525.6	16712.7	16711.9
O16	14895.1	0.450106	38416.9	3768	3767.31
Fe56	52089.8	0.0903549	92237.8	40429.8	40429.7
O16	14895.1	0.533947	89787.4	38384.9	38384.2
O16	14895.1	1.08429	87885.2	36993.6	36992
O15	13971.2	0.491733	66976.3	23688.7	23266.2
neutron	939.565	133.686	41347	5293.72	4694.65
neutron	939.565	6.30524	41347	5293.72	4694.65
neutron	939.565	4.5789	41347	5293.72	4694.65
B10	9324.44	6.47955	41347	5293.72	4694.65
O16	14895.1	1.34724	72591.9	26887.9	26886
O16	14895.1	0.212995	83512.6	17013.7	17013.3
Si28	26053.2	0.148326	75173.4	11074.1	11073.9
Fe56	52089.8	0.10873	65578.2	5017.62	5017.17
O16	14895.1	0.276208	78228.3	29413.6	29413.3
O16	14895.1	2.73779	63068.3	19620	19617.2
Mg24	22335.8	0.164432	95693.6	43604	43603.6
Mg25	23268	0.250512	84767.1	34476.3	34475.9
Mg24	22335.8	0.129589	73522.9	25909.4	25908.9
Mg24	22335.8	0.138772	62388.5	14939.7	14939.4
O16	14895.1	0.797334	87887.7	36731.7	36730.5
O16	14895.1	0.799325	69162.7	22171.8	22170.9
O16	14895.1	0.734982	67970.4	21470	21468.1
O16	14895.1	0.251349	99724.5	46250.5	46250
Si28	26053.2	0.342123	89959.4	37899.6	37898.8
O16	14895.1	0.235556	70902.5	24437.1	24436.5
Si28	26053.2	0.21571	74474.8	24866	24865.7
Mg24	22335.8	0.210433	55031	9457.06	9456.59
Fe56	52089.8	0.0794786	62234.5	18009.5	18009
O16	14895.1	0.200499	72488.7	24271.1	24270.8
neutron	939.565	45.4865	53388.2	9526.85	9246.42
neutron	939.565	0.688622	53388.2	9526.85	9246.42
N14	13040.2	0.076982	53388.2	9526.85	9246.42
Mg24	22335.8	0.214603	89344	39510	39509.7
Si28	26053.2	0.124846	84817.5	34106.9	34106.8
O16	14895.1	0.396668	64591.1	20221	20220.1
neutron	939.565	9.42761	60561.6	18775.5	719.173
alpha	3727.38	2.09645	60561.6	18775.5	719.173
neutron	939.565	2.73033	60561.6	18775.5	719.173
alpha	3727.38	5.17377	60561.6	18775.5	719.173
neutron	939.565	2.86711	60561.6	18775.5	719.173
alpha	3727.38	2.55964	60561.6	18775.5	719.173
O16	14895.1	0.195549	93449.6	40915.8	40914.9
Si28	26053.2	0.158758	77976.2	31044.3	31044.1
O16	14895.1	0.233389	38295	4175.45	4174.94
Al28	26058.3	0.737165	89041.7	35764.1	35266.5
O16	14895.1	0.462764	61494.1	14852	14851.4
O16	14895.1	0.639295	50207.2	7623.33	7622.68
O16	14895.1	0.239283	36369.4	461.09	460.761
Mg24	22335.8	0.175202	54991.4	12311.6	12310.9
Mg24	22335.8	2.24199	67846.1	19220.1	19217.1
Mg24	22335.8	0.159642	51273.1	7926.02	7925.18
neutron	939.565	213.171	73356.6	28153.9	27260.4
neutron	939.565	50.182	73356.6	28153.9	27260.4
neutron	939.565	8.75973	73356.6	28153.9	27260.4
neutron	939.565	3.95831	73356.6	28153.9	27260.4
alpha	3727.38	5.39166	73356.6	28153.9	27260.4
alpha	3727.38	12.9444	73356.6	28153.9	27260.4
O16	14895.1	0.247057	94827	42889	42888.7
Mg24	22335.8	0.132047	71791.4	27180.4	27180
O16	14895.1	0.43111	71375.5	26470.4	26469.5
Si28	26053.2	0.201425	36591.3	1733.99	1733.02
Si28	26053.2	0.117262	94307.1	42869.6	42869.3
C13	12109.5	3.42415	94152.3	40961.5	40712.8
Mg23	21412.8	0.662231	81299.7	25960.9	25544.4
Mg26	24196.5	0.176336	50419.4	761.697	761.478
Fe56	52089.8	0.10647	99236.1	45970.1	45969
Mg24	22335.8	0.198626	69044.1	16362.3	16361.9
O16	14895.1	0.238647	62978.3	12388.2	12388
neutron	939.565	1542.91	66640	18485.7	16543.2
neutron	939.565	359.501	66640	18485.7	16543.2
Al27	25126.5	2.77477	66640	18485.7	16543.2
O16	14895.1	0.236893	55383.4	8949.37	8948.97
Si28	26053.2	0.514334	44064.3	1786.1	1785.41
O16	14895.1	0.421632	46110.1	5946.07	5945.5
O16	14895.1	1.13591	54426.3	8414.81	8413.19
Fe56	52089.8	0.113326	63530.6	21896	21895.5
neutron	939.565	305.876	94523.4	42882.2	42481.7
neutron	939.565	56.6179	94523.4	42882.2	42481.7
N13	12111.2	1.1618	94523.4	42882.2	42481.7
Mg24	22335.8	0.474398	92294.5	40835.5	40835
Mg24	22335.8	0.220416	50937	8378.86	8378.57
Si28	26053.2	0.13076	93645.9	41218.1	41217.7
O16	14895.1	0.250736	69446.3	25815.5	25814.9
Si28	26053.2	0.119743	95995.9	43047	43045.8
O16	14895.1	0.642646	80156.8	30892.7	30891.6
Fe56	52089.8	0.0817491	63839.9	19018.8	19018.7
O16	14895.1	0.344842	53402.1	11391.2	11390.8
O16	14895.1	0.229533	39018.5	2177.81	2177.5
O16	14895.1	0.281582	89976.7	38043.2	38042.1
Mg25	23268	0.204339	54263.9	12747.4	12746.7
O16	14895.1	0.411269	71555	28156.3	28155.3
neutron	939.565	44.977	70955.6	27448.3	27071.3
Mg26	24196.5	0.182643	70955.6	27448.3	27071.3
Si29	26984.3	0.131446	69560.8	26041.1	26040.9
Ne22	20479.7	0.244685	62168.4	20804.3	20245.7
Mg24	22335.8	0.193587	53826.3	12642.6	12641
Mg24	22335.8	0.51285	73076.3	23322.5	23321.8
O16	14895.1	0.431618	67531.5	19334.6	19333.7
O16	14895.1	0.758311	48501.7	6995.83	6994.53
O16	14895.1	0.755519	97782.3	44765	44764.2
Si28	26053.2	0.117638	78901.5	32084.3	32083.9
Si28	26053.2	0.160699	76699.4	30623.4	30623.1
Mg24	22335.8	0.129529	64515.5	22047.8	22047.4
Si28	26053.2	0.165465	81084.9	32979.8	32979.5
Si28	26053.2	0.262888	69120	25110	25109.5
Si30	27913.2	1.56646	63766.3	16335.3	16333.6
O16	14895.1	0.245247	57318.5	12151.6	12150.9
O16	14895.1	0.323772	99672.4	46218.8	46218.4
O16	14895.1	0.298937	81859.6	32603.3	32602.7
Si28	26053.2	0.172185	80890.6	31921	31920.6
Fe56	52089.8	0.0578908	63014.4	19456.1	19455.7
O16	14895.1	0.25245	46674.7	7910.34	7909.84
neutron	939.565	59.1902	66203.6	22210.4	21477.9
N14	13040.2	2.7632	66203.6	22210.4	21477.9
neutron	939.565	2477.49	52325.6	12612.3	3575.08
He3	2808.39	6.06607	52325.6	12612.3	3575.08
Na23	21409.2	2.69131	52325.6	12612.3	3575.08
Mg26	24196.5	0.139878	51413.8	2964.45	2963.72
O16	14895.1	1.76752	92454.8	41711.5	41709.6
Mg24	22335.8	0.219584	71551.6	10888.9	10888.6
O16	14895.1	0.51519	89973.1	39144	39143.4
O16	14895.1	0.873	69463.7	25539.2	25538.3
O16	14895.1	0.307836	49865.2	12708.7	12708.3
Si28	26053.2	0.184951	86554.7	35626.8	35626.5
neutron	939.565	340.97	83006.3	32692.7	32160.1
B11	10252.5	5.69784	83006.3	32692.7	32160.1
Si28	26053.2	0.166088	73304.5	25035.8	25035.2
O16	14895.1	0.660636	86684.5	36013.8	36013.1
Mg24	22335.8	0.366562	54517.8	12511.3	12510.5
O16	14895.1	0.392282	94489.2	42914.3	42913.9
Si28	26053.2	0.191708	74212.1	27935.6	27935.3
O16	14895.1	1.00192	85134.3	34244.7	34243.1
O16	14895.1	0.25269	48306.6	4940.39	4939.84
Mg24	22335.8	0.321962	47540.1	4260.66	4260.22
O16	14895.1	0.294196	66722	18259	18258.4
O16	14895.1	0.319028	55155.4	10405.5	10405
O16	14895.1	0.209724	51085.2	7448.94	7448.33
O16	14895.1	0.215956	48895.2	6183.57	6182.89
Si28	26053.2	0.117022	83658.8	31730.1	31728.9
Na23	21409.2	1.86762	78051.2	27956.2	27590.8
Mg24	22335.8	0.369793	73988.2	28557.8	28557
O16	14895.1	0.741965	50834.9	11241.6	11240.4
Si28	26053.2	0.88601	46881.1	8673.26	8672.33
Si28	26053.2	0.12445	43520.4	6446.08	6445.68
Si28	26053.2	0.187725	89250.6	38339.1	38338.2
Mg24	22335.8	0.337144	48353.3	10582.4	10581.9
C14	13040.9	2.76023	72411.3	26798.2	24471.8
Mg24	22335.8	0.188265	74008.2	28688.2	28688
Mg26	24196.5	0.300002	68104.5	23705.8	23704.9
Mg26	24196.5	0.119302	54688.3	13303.9	13303.1
O16	14895.1	0.351819	64492.6	21839.4	21838.9
O16	14895.1	0.262805	34733.1	2695.08	2694.62
O16	14895.1	0.629039	57214.1	17064.3	17063.5
O16	14895.1	0.888924	54573.5	15290.7	15289.6
Si28	26053.2	0.211937	57261.7	2169.07	2168.42
O16	14895.1	0.330619	93238	41576.6	41575.9
neutron	939.565	0.997558	72054.4	26989.9	26716.7
alpha	3727.38	9.44062	72054.4	26989.9	26716.7
C11	10254	1.82894	72054.4	26989.9	26716.7
Mg24	22335.8	0.145976	55475.2	15685.5	15684.7
O16	14895.1	1.0221	93212.3	42283.1	42282.1
O16	14895.1	0.197983	84772.1	35872.8	35872.5
O16	14895.1	0.228477	71576.5	26616	26614.6
O16	14895.1	0.490195	77871.3	29225.3	29224.4
Fe56	52089.8	0.093605	46638.5	6839.28	6838.72
O16	14895.1	0.194408	58654.6	16465.2	16464.8
O16	14895.1	0.27438	55183.6	13003.1	13002.4
O16	14895.1	0.306302	46804.3	7795.33	7794.78
O16	14895.1	0.495087	89799	38655	38654.3
Mg24	22335.8	0.184538	77792.8	30552.1	30551.9
Si28	26053.2	0.137774	79376.2	31839.2	31838.3
O16	14895.1	3.58436	67943	21311	21306.6
Si28	26053.2	0.162609	48108.9	5820.44	5820.16
neutron	939.565	116.777	98936.3	45649.5	45438.3
Na22	20482.1	3.69763	98936.3	45649.5	45438.3
O16	14895.1	0.271179	83098.1	33245.2	33244.7
O16	14895.1	0.337928	77542.3	28479.5	28478.9
Si28	26053.2	0.185538	47489.9	7174.91	7174.25
O16	14895.1	0.211304	37270.7	793.116	792.474
Mg24	22335.8	0.244579	83100	34314.7	34314.4
O16	14895.1	0.231091	68586.4	24226.4	24226
Si28	26053.2	0.13432	61069	19112	19111.9
O16	14895.1	0.436125	63964.1	19439.9	19439.3
O16	14895.1	0.551131	62962.4	18790.8	18790.2
Mg24	22335.8	0.306044	86614	36591.7	36591.3
O16	14895.1	1.11004	50765.4	11546.3	11545.1
Si28	26053.2	0.167216	74736	28719	28718.3
neutron	939.565	2.0339	68492.5	24623.1	23343.5
N14	13040.2	0.464368	68492.5	24623.1	23343.5
O16	14895.1	0.208425	73524.3	24837	24835.8
Mg24	22335.8	0.252076	91732.1	32208.7	32207.9
Si28	26053.2	0.126949	88102.7	29724.3	29724.1
O16	14895.1	0.189493	81093.3	32080	32077.5
O16	14895.1	0.24936	53069.9	11407.7	11407.2
Si28	26053.2	0.153859	44765.6	5509.35	5509.06
O16	14895.1	0.859195	86442.3	34996.9	34996
O16	14895.1	0.26132	61088.9	15299.4	15299
O16	14895.1	0.393765	83921.7	35541.9	35540.6
neutron	939.565	1946.36	81976.3	34415.7	31269.2
Na22	20482.1	1.15122	81976.3	34415.7	31269.2
O16	14895.1	0.333895	58418.9	13918.7	13918.2
Si28	26053.2	0.236727	39288.9	1914.99	1914.7
O16	14895.1	0.433293	79354.4	30923.6	30923.2
O16	14895.1	0.203688	37118.3	1954.49	1954.14
Mg24	22335.8	0.167659	59439.8	14970.4	14970.2
Si30	27913.2	0.153067	57946.5	13942.3	13942.1
Si28	26053.2	0.189088	40673	2161.1	2160.46
Mg24	22335.8	0.347593	63457.9	19379.2	19376.8
O16	14895.1	0.435259	58179.6	16134.1	16133.6
Si29	26984.3	0.207842	50656.1	11230.9	11230
O16	14895.1	0.189748	60321.9	16358.4	16357.8
neutron	939.565	112.143	57211.2	14448.7	14096.6
neutron	939.565	7.83464	57211.2	14448.7	14096.6
Na23	21409.2	3.10719	57211.2	14448.7	14096.6
O16	14895.1	0.276456	86881.9	37127.2	37126.7
O16	14895.1	0.565232	95119.9	43272.9	43271.7
O16	14895.1	0.341458	92037	41063.8	41063.3
Si28	26053.2	0.308447	83131.4	34980.5	34979.8
Si28	26053.2	0.292994	62136.9	20350.5	20349.6
O16	14895.1	0.215505	92287.7	41600.2	41599.7
Mg24	22335.8	0.141326	66773	16514.9	16514.5
O16	14895.1	0.366014	81620.8	20043.4	20042.7
neutron	939.565	55.2698	99983	46408.3	46108.5
N13	12111.2	0.809014	99983	46408.3	46108.5
Si28	26053.2	0.373765	76047.6	29033.8	29033.2
O16	14895.1	0.278284	82467.5	31309.6	31309
Mg24	22335.8	0.198356	74659.5	26231.5	26231.2
O16	14895.1	0.362099	62247.6	20155.8	20155.2
O16	14895.1	0.193868	47370.1	9730.58	9729.4
Mg24	22335.8	0.169623	79171.4	33088.9	33088.3
Si28	26053.2	0.247264	74420.3	29898.6	29898.2
Mg26	24196.5	0.162863	57092.9	17117.3	17116.8
Si28	26053.2	0.136823	99736.1	46258.2	46257.8
O16	14895.1	0.350872	78786.6	31824.5	31823.1
Mg25	23268	0.165971	71622.9	27126.3	27125.9
Mg24	22335.8	0.154028	39236.6	5031.06	5030.74
Mg25	23268	0.153518	37623.6	2945.22	2944.57
O16	14895.1	0.19273	84924.8	33925.2	33924.1
Fe56	52089.8	0.38243	78792.6	29534.1	29533.2
O16	14895.1	0.310601	71849.8	21500.6	21500
O16	14895.1	0.326583	57096.5	11449.1	11448.5
Fe56	52089.8	0.262596	52334.6	8497.63	8497.25
Si28	26053.2	0.172282	93064	41566	41565.6
Si28	26053.2	0.259769	84512.1	35672.2	35671.9
O16	14895.1	0.201818	44039.1	7855.12	7854.03
Mg24	22335.8	0.163602	42164.5	3712.42	3711.21
Mg25	23268	0.14177	93221.7	41330.4	41329.8
Fe56	52089.8	0.0699917	44311.4	7860.01	7859.53
Si28	26053.2	0.242044	99257.9	45888.7	45888.2
Si28	26053.2	0.579132	92644.9	41497.1	41496.4
O16	14895.1	0.388516	76007.4	28510.7	28510
O16	14895.1	0.244777	58992	11735	11734.8
O16	14895.1	0.191189	74868.1	26570.6	26570
neutron	939.565	66.1162	76437.6	30184.1	29967.8
neutron	939.565	52.4215	76437.6	30184.1	29967.8
neutron	939.565	4.33599	76437.6	30184.1	29967.8
neutron	939.565	3.81359	76437.6	30184.1	29967.8
Mg22	20486.3	3.10215	76437.6	30184.1	29967.8
O16	14895.1	0.190793	75893.7	29427	29426.3
O16	14895.1	0.271911	71457.1	26671.1	26670.6
O16	14895.1	0.199709	62640.7	20455.5	20454.6
O16	14895.1	0.238149	40354.2	4588.68	4588.16
O16	14895.1	0.226681	39507.8	4069.57	4069.3
Si28	26053.2	0.2309	93510.5	38736	38735.8
Mg24	22335.8	0.304604	39744.7	1266.84	1266.16
N14	13040.2	0.988197	76288.4	30581.7	28846.1
O16	14895.1	0.329958	71202.8	25389.1	25388.7
Si28	26053.2	0.377437	40649	4783.55	4782.99
O16	14895.1	0.602206	78834.1	29825.3	29824.5
Si28	26053.2	0.162245	56839.5	14676.6	14675.3
Si28	26053.2	0.147034	89035.5	38451.8	38451.3
Mg25	23268	0.233797	73011.3	22269.4	22269.1
Si28	26053.2	0.16005	65036.4	15661.9	15661.2
Si28	26053.2	0.113894	94207.1	41941.4	41940.8
O16	14895.1	0.262274	68802.5	24895.5	24894.9
neutron	939.565	39.9611	95575.1	43519.1	43295.8
neutron	939.565	0.48632	95575.1	43519.1	43295.8
N14	13040.2	0.532007	95575.1	43519.1	43295.8
Si30	27913.2	0.578565	61577.8	17648.9	17648.2
Mg24	22335.8	0.136133	36941.6	1423.29	1422.39
O16	14895.1	0.218317	99345	46031	46030.4
O16	14895.1	0.4433	99157.4	45931.1	45930.5
Si28	26053.2	0.203612	96567.2	44340.7	44340.5
O16	14895.1	0.199811	58342.5	16420.6	16420.4
O16	14895.1	1.14452	33891.2	417.208	416.039
Fe56	52089.8	0.0844969	63711.9	20336.5	20336.4
Fe57	53021.7	0.0793387	35379.6	1774.94	1774.17
O16	14895.1	0.892598	78491.6	28335.1	28333.7
O16	14895.1	0.291799	44219.9	4682.12	4681.56
Mg24	22335.8	0.154605	62688	19353.8	19353.3
Fe56	52089.8	0.0693784	58073.5	16581.9	16581.5
Si28	26053.2	0.169473	53497.8	13609	13608.7
Si28	26053.2	0.167069	77561.2	28698.9	28698.5
O16	14895.1	0.358816	67225.2	21809	21808.2
Si28	26053.2	0.188092	59132.5	16682.7	16681.8
Fe54	50231.2	0.12121	98114.5	43741.4	43741
Si28	26053.2	0.131491	91937.6	34864	34863.8
O16	14895.1	0.240983	97376.9	44513	44512.6
Mg24	22335.8	0.133064	43174.2	5561.72	5561.43
Mg26	24196.5	0.157312	83642.8	34322.7	34322.3
neutron	939.565	1.25737	47971.1	10709.6	8256.58
C13	12109.5	0.980232	47971.1	10709.6	8256.58
Si28	26053.2	0.522418	89267.4	37936.7	37935.3
Mg24	22335.8	0.147723	57761.7	17378.6	17378
O16	14895.1	0.318508	60440.6	16997.8	16997
O16	14895.1	0.231165	63412.4	13382.4	13382.1
Si28	26053.2	0.426973	71176.7	23214.5	23214
Si28	26053.2	0.10944	51084.3	9378.44	9378.24
O16	14895.1	0.262081	62799.4	21530.1	21529.6
O16	14895.1	0.44714	93229.2	41523.9	41522.8
O16	14895.1	0.193899	88889.5	38421.9	38421.5
Si28	26053.2	0.391197	66555.4	19543.7	19543.2
O16	14895.1	0.335117	98662.1	45517.9	45516.9
Fe56	52089.8	0.313435	93442.1	41548.2	41547.5
Fe56	52089.8	0.194981	65663.4	19558.4	19558.1
Mg24	22335.8	0.186635	95255.4	43426	43425
O16	14895.1	0.240055	44635	8103.31	8102.05
O16	14895.1	0.192288	57543.4	16995.6	16993.2
Mg26	24196.5	0.122841	42516.4	7004.92	7004.59
Si28	26053.2	0.140068	97309.9	44724.4	44724
Mg24	22335.8	0.516714	70309.2	22931.6	22930.8
Mg24	22335.8	0.156872	98182.1	45223.5	45223.4
Fe56	52089.8	0.100716	68951.8	24391.9	24391.3
Si28	26053.2	0.127482	81591.3	30070.8	30070.5
O16	14895.1	0.29718	72296.7	25040.5	25040.2
O16	14895.1	1.0594	88966.1	38476.5	38475.2
O16	14895.1	0.195061	58739.1	17448.4	17448.2
Si28	26053.2	0.2206	43076.1	5362.22	5361.8
O16	14895.1	0.342447	80081.9	17177.2	17176.8
Mg24	22335.8	0.159182	78815.4	16448.3	16447.7
Mg24	22335.8	0.313878	61790.4	5125.16	5124.36
Si28	26053.2	0.252449	83308	34389.9	34389.5
Si28	26053.2	0.217468	91087.7	40317	40316.7
Si28	26053.2	0.113911	93233.4	42089.3	42088.7
Si28	26053.2	0.210998	76757.7	31343.5	31343
Si28	26053.2	0.198709	67830	25480.7	25480.3
O16	14895.1	0.207445	69194.2	24276.1	24275.9
O16	14895.1	0.209681	83570.1	35005.9	35004.3
O16	14895.1	0.454023	34997	842	841.525
O16	14895.1	0.224981	49704.3	12185.8	12185.4
O16	14895.1	0.286914	39387.8	5164.09	5163.36
O16	14895.1	0.245233	63762.4	20336.8	20336.5
O16	14895.1	0.970145	55935.7	15083.9	15082.9
Si28	26053.2	0.110661	48684.6	10002.1	10001.4
O16	14895.1	0.370115	81382.9	30022.1	30021.7
Si28	26053.2	0.177873	96529.8	43214.6	43214.3
O16	14895.1	0.658741	66073.5	19089.5	19088.8
O16	14895.1	0.76825	64542.8	18085	18083.8
Si28	26053.2	0.127452	92778.3	41650.2	41649.5
Si28	26053.2	0.117977	79552.6	31835.1	31835
O16	14895.1	0.338359	69082	24671.7	24671
neutron	939.565	146.142	84968.8	34982.6	34186.9
neutron	939.565	18.6215	84968.8	34982.6	34186.9
neutron	939.565	16.9969	84968.8	34982.6	34186.9
neutron	939.565	0.778808	84968.8	34982.6	34186.9
C10	9327.57	0.96426	84968.8	34982.6	34186.9
O16	14895.1	0.217824	59641.5	16534.2	16533.3
Si28	26053.2	0.382984	91058.4	38353.5	38352.2
Si28	26053.2	0.240568	81866.3	32054.5	32053.6
Mg24	22335.8	0.381211	76299.8	27838.8	27837.7
Si28	26053.2	0.240249	96782.9	44062.8	44062.4
O16	14895.1	0.376629	82161.1	33401.4	33400.8
O16	14895.1	0.317247	43173.8	7279.56	7279.17
Mg25	23268	0.17405	86966.1	37682.8	37681.7
O16	14895.1	0.323571	79972.6	32625	32624.4
Si28	26053.2	0.110579	57994.6	17796.7	17795.7
Si28	26053.2	0.145679	56279.6	16553	16552.7
O16	14895.1	0.349091	99006.6	45768.8	45768.3
O16	14895.1	0.300065	93789.3	37616.6	37615.7
O16	14895.1	0.327608	98811.2	45633.2	45632.2
O16	14895.1	0.24644	62093	21190	21189.2
Mg24	22335.8	0.239987	59621.1	19489.6	19488.9
O16	14895.1	0.451245	51794.3	14170.5	14169.9
Si28	26053.2	0.315688	46592.4	10538.3	10537.5
Mg26	24196.5	0.163674	41842.2	5761.95	5761.66
O16	14895.1	0.670467	45218.3	4341.43	4340.43
Si28	26053.2	0.136293	40086.3	1284.88	1284.65
Fe53	49305	0.0758411	80502.4	28912.2	28546
Si28	26053.2	0.258304	75375.9	22611.4	22610.9
O16	14895.1	0.247364	66208.6	16511.2	16510.8
O16	14895.1	0.230403	58345.1	11553.9	11553.7
Fe56	52089.8	0.0565955	71701.9	22698.8	22698.5
O16	14895.1	0.208074	66926.3	18976.6	18976.3
Mg24	22335.8	0.567693	64116.9	17208.1	17206.7
O16	14895.1	0.88305	66418.7	24329.7	24328.5
O16	14895.1	3.4176	51597.2	14945.7	14942
O16	14895.1	0.220753	80187.2	32200.4	32198.9
Si28	26053.2	0.137358	68998.7	24779.3	24778.6
O16	14895.1	0.250486	63305	21118.8	21117.9
Si28	26053.2	1.31226	43479.7	7931.95	7930.55
O16	14895.1	0.468478	92377.6	38728.8	38728.2
O16	14895.1	0.47771	76305.2	26696.1	26695.4
O16	14895.1	0.582249	63539	18025.6	18024.6
Mg24	22335.8	0.195928	73835.7	29301.5	29301.3
Si28	26053.2	0.117115	47747.7	11477	11476.2
O16	14895.1	1.30681	78434.6	19488.1	19486.2
O16	14895.1	0.604176	69858.1	10459.5	10458.7
Mg24	22335.8	0.149774	79752	33180.1	33179.9
Mg24	22335.8	0.132842	52579.4	5412.93	5412.56
O16	14895.1	0.34863	63929.6	19486.8	19486.5
O16	14895.1	0.356616	57074.1	14723.5	14722.5
O16	14895.1	0.203581	41809.1	4869.09	4868.82
O16	14895.1	0.203414	33653.5	95.7015	94.8076
O16	14895.1	0.245898	80186.4	25881	25880.8
Mg24	22335.8	0.616602	99336.3	46017.3	46016.6
O16	14895.1	0.632148	96962.1	44192.1	44191.4
Si28	26053.2	0.295717	90776.1	39134.2	39133.9
O16	14895.1	0.495438	43127.7	2291.29	2290.72
Fe56	52089.8	0.136518	85824	34343.2	34343
Mg24	22335.8	0.162379	71779.2	20728.5	20728.2
O16	14895.1	0.212953	93211	42216	42215
Si29	26984.3	1.02506	86981.9	37219.2	37217.1
Si28	26053.2	0.111054	77874.8	31422.7	31422.4
O16	14895.1	0.287272	67842.8	23470.2	23468.9
neutron	939.565	222.369	67379.1	23840	23448.4
neutron	939.565	89.5344	67379.1	23840	23448.4
neutron	939.565	17.8204	67379.1	23840	23448.4
Ne19	17695	1.32139	67379.1	23840	23448.4
O16	14895.1	0.202998	59731.3	18487.8	18486.8
O16	14895.1	0.621595	82006.9	32362.3	32361.4
O16	14895.1	0.304762	79469.1	30806.8	30806.3
O16	14895.1	0.461471	52352.9	10654.6	10654.1
O16	14895.1	0.333917	82060.7	34155.3	34154.7
O16	14895.1	0.190889	48234.7	11465.5	11464.8
O16	14895.1	0.25564	45780.5	10033.8	10033.4
Mg24	22335.8	0.279604	78850.2	22799.7	22799.4
Mg24	22335.8	0.139473	96330.9	44062.3	44062.1
O16	14895.1	0.220181	47792.2	11738.2	11737.9
Mg24	22335.8	0.472308	47554.1	9450.07	9447.79
O16	14895.1	0.437538	76997.7	31263.2	31262.6
O16	14895.1	0.211212	68313.2	19269.2	19268.7
Si28	26053.2	0.129688	44033.3	1737.18	1736.87
Mg24	22335.8	0.234424	87791.8	37037.5	37037
Si28	26053.2	0.773513	73511.4	27734.8	27733.5
O16	14895.1	0.206627	64567.1	22022.9	22022.3
O16	14895.1	0.225321	61315.4	19387.6	19386.7
Si28	26053.2	0.138363	51348.4	12924.9	12924.6
Mg25	23268	0.206712	79878.5	27467.4	27466.6
O16	14895.1	0.266405	56955.7	9637.62	9636.38
O16	14895.1	0.571847	73050.3	19202	19201.3
O16	14895.1	0.748449	99919	46295.2	46294.3
O16	14895.1	0.734756	82700	32948.6	32947.9
Fe56	52089.8	0.0668237	64837	14784.4	14784.3
O16	14895.1	0.240583	43172.1	171.098	170.774
Mg24	22335.8	0.142184	95200.6	43048.2	43048
O16	14895.1	0.296368	85509.4	35689.6	35689.1
Si28	26053.2	0.331407	74687.4	27040.4	27040
O16	14895.1	0.482793	68907.5	20053.8	20052.2
O16	14895.1	0.326001	84067.2	25927.4	25926.8
O16	14895.1	0.353872	94831.2	43273.1	43272.6
Mg25	23268	0.293257	47054.8	9470.92	9469.97
Si28	26053.2	0.255149	83905.4	33852.8	33852.1
neutron	939.565	0.969744	80439.2	31359.3	30315.3
Mg25	23268	0.590678	80439.2	31359.3	30315.3
neutron	939.565	25.69	72678.1	24512	21779.8
neutron	939.565	2.36258	72678.1	24512	21779.8
neutron	939.565	1.13674	72678.1	24512	21779.8
B9	8393.31	1.48538	72678.1	24512	21779.8
alpha	3727.38	5.13535	98403.1	45505.4	45114.5
Be10	9325.5	4.99005	98403.1	45505.4	45114.5
O16	14895.1	0.272809	95952.5	43273.3	43273
Fe56	52089.8	0.34802	88352	37915.4	37914.5
O16	14895.1	0.247899	87809.6	37477.7	37477.3
Si28	26053.2	0.369437	33276.7	43.5229	42.8818
Si28	26053.2	0.377947	80377.5	31798	31797.1
O16	14895.1	0.671228	59516.3	16031.3	16030.6
Si29	26984.3	0.24309	37221.3	789.537	788.741
Mg25	23268	0.350306	81289.3	31340.9	31340.3
Si28	26053.2	0.207975	67648.6	22673.4	22672.7
O16	14895.1	0.317274	63989.4	20227.1	20226.6
Si28	26053.2	0.123553	51391.3	11903.7	11903.1
neutron	939.565	7.04371	49142.9	10203.5	9973.28
neutron	939.565	5.09484	49142.9	10203.5	9973.28
alpha	3727.38	4.68132	49142.9	10203.5	9973.28
O16	14895.1	5.80097	49142.9	10203.5	9973.28
O16	14895.1	1.1396	81505.7	33471.4	33469.4
neutron	939.565	1126.28	64377.6	19199.4	1807.9
neutron	939.565	791.162	64377.6	19199.4	1807.9
alpha	3727.38	21.4024	64377.6	19199.4	1807.9
alpha	3727.38	8.33272	64377.6	19199.4	1807.9
neutron	939.565	8.99235	87632.5	37919.8	37554.1
neutron	939.565	0.809217	87632.5	37919.8	37554.1
alpha	3727.38	3.74062	87632.5	37919.8	37554.1
O16	14895.1	3.35587	87632.5	37919.8	37554.1
alpha	3727.38	10.5742	55788.7	15354	12725
F19	17692.3	2.93902	55788.7	15354	12725
Si28	26053.2	0.226252	43890.4	4557.35	4556.98
Mg24	22335.8	0.292599	79953.5	31284.6	31284
Si28	26053.2	0.110629	88639.9	38475.3	38474.8
O16	14895.1	0.226379	59824.9	16271.2	16270.7
Si28	26053.2	0.11185	56533	13692	13691.4
O16	14895.1	1.13563	99161.9	45889.4	45887.4
O16	14895.1	0.194094	96858.6	44103.6	44103.4
O16	14895.1	0.362142	94671.8	42793	42792.2
Si28	26053.2	0.158723	50758	2814.52	2814.15
Mg25	23268	0.795605	83894.3	33308.5	33307.7
Mg24	22335.8	0.143391	56284.4	13380.7	13379.9
Si28	26053.2	0.167708	70687.7	25325.7	25325.4
O16	14895.1	0.218437	94641.4	42875.8	42875.4
Mg24	22335.8	1.20697	82431	33168.7	33167.3
O16	14895.1	0.358204	77518.6	26037.1	26036.3
Si28	26053.2	0.1549	52766.8	4514.48	4514.32
Mg24	22335.8	0.26598	61483.3	16054.2	16053.8
Mg24	22335.8	0.190062	66918.5	21744.8	21744.5
Mg24	22335.8	0.363812	54951.8	14281.1	14280.5
O16	14895.1	0.207373	81002.7	31922.8	31922.5
O16	14895.1	0.1968	77050.2	28645.8	28645.1
Si28	26053.2	0.164713	71887.5	24611.5	24611.3
O16	14895.1	0.268239	67691.7	21971.2	21970.1
O16	14895.1	0.439017	54215.5	11975	11974.5
Si30	27913.2	0.124251	50401.1	9771.73	9771.58
O16	14895.1	0.21349	93857.5	42201	42200.5
O16	14895.1	0.263109	94852.4	42656.2	42655.8
O16	14895.1	0.554399	44060.9	8070.83	8070.1
Mg24	22335.8	0.430587	36279	2571.93	2571.07
O16	14895.1	0.209531	36016.9	2432.14	2431.74
O16	14895.1	0.284687	74932.1	27369.9	27369.3
O16	14895.1	0.707536	63567.2	20508.6	20506.9
O16	14895.1	0.303936	59647.2	15846.9	15846.4
O16	14895.1	0.258298	82624.6	33677	33675.2
Mg24	22335.8	0.359772	67053.5	23646.7	23646.2
O16	14895.1	0.311907	63770.9	21245.6	21244.5
O16	14895.1	0.365166	35430.7	948.044	947.561
O16	14895.1	0.515057	77015.5	29342.2	29341.3
neutron	939.565	556.488	75863.9	30135.5	29408.5
neutron	939.565	3.24691	75863.9	30135.5	29408.5
neutron	939.565	3.16635	75863.9	30135.5	29408.5
Mg23	21412.8	0.797075	75863.9	30135.5	29408.5
Si28	26053.2	0.322874	84032.6	34719.1	34718.6
O16	14895.1	0.251599	67442.6	21244.1	21243.8
neutron	939.565	812.948	78343.4	31293.3	14576.6
neutron	939.565	31.131	78343.4	31293.3	14576.6
neutron	939.565	19.4566	78343.4	31293.3	14576.6
neutron	939.565	23.0449	78343.4	31293.3	14576.6
neutron	939.565	147.313	78343.4	31293.3	14576.6
neutron	939.565	34.6131	78343.4	31293.3	14576.6
neutron	939.565	0.940088	73797.5	11786	11103.6
Ne21	19550.5	0.572133	73797.5	11786	11103.6
Si28	26053.2	0.122396	60769.6	2675.34	2674.93
Mg24	22335.8	0.935858	58524.3	15598.1	15596.5
O16	14895.1	0.200288	42844.9	5614.67	5614.42
Mg24	22335.8	0.211513	79118.7	30363.2	30362.9
Si28	26053.2	0.11195	39465.6	2637.4	2637.18
neutron	939.565	0.874647	94626.9	43005	42708.2
Mg25	23268	0.0687768	94626.9	43005	42708.2
Mg26	24196.5	0.150593	79268.9	32686.8	32686.6
O16	14895.1	0.235128	75394.7	26513.4	26512.5
Si28	26053.2	0.282181	60439.7	12930.1	12929.3
O16	14895.1	1.28994	79032.1	24738.2	24735.7
O16	14895.1	0.441107	65483	15839.8	15839.3
Mg24	22335.8	0.491774	89127.3	39058	39057.1
Si28	26053.2	0.116218	75305.3	30310.7	30310.2
O16	14895.1	0.223905	62618.9	21510.8	21510.5
Si28	26053.2	0.226531	83743.9	35983.2	35982.5
Si28	26053.2	0.223546	83569.6	35879.6	35878.9
O16	14895.1	0.744314	70614.7	27224.8	27223.9
Mg24	22335.8	0.247338	56459.9	17327.8	17327.4
Mg24	22335.8	0.239939	95738.2	39877.1	39876.6
Si28	26053.2	0.288676	97498.1	44788.6	44787.9
O16	14895.1	0.273619	84661.9	33736.3	33736.1
O16	14895.1	0.258628	81960.9	32146	32144.8
O16	14895.1	0.840264	65013.3	20819	20818
O16	14895.1	0.196638	60767.5	18129.4	18128.9
neutron	939.565	774.853	86424.9	36623.4	34599.5
alpha	3727.38	1.84884	86424.9	36623.4	34599.5
Be8	7454.85	6.88853	86424.9	36623.4	34599.5
Si28	26053.2	0.338941	66468.8	19203.9	19202.8
Mg26	24196.5	0.197206	49071.2	6171.24	6170.73
Si28	26053.2	0.234236	48552.1	7981.02	7980.4
Si28	26053.2	0.128129	38540.6	909.256	908.518
O16	14895.1	0.593412	66160.5	21877.4	21876.4
neutron	939.565	20.413	41163.1	5029.06	4106.7
Cr54	50231.5	0.349211	41163.1	5029.06	4106.7
Mg24	22335.8	0.464629	78271.9	32038.6	32037.5
Mg24	22335.8	0.390194	45654.4	5981.88	5981.25
Si28	26053.2	0.197003	35987.6	66.1964	65.2983
O16	14895.1	0.251449	63803.5	18114.8	18114.5
O16	14895.1	0.195357	95998.9	43588.1	43587.7
Si28	26053.2	0.21369	78405.8	23511.7	23510.9
O16	14895.1	0.237409	94125.7	42412.4	42411.9
Si28	26053.2	0.169999	90639.3	40080.6	40079.1
Si28	26053.2	0.111756	85730.1	36891.5	36891.3
Si28	26053.2	0.11135	45559.4	6404.97	6404.65
Mg24	22335.8	0.233632	79479.8	28748.2	28748
O16	14895.1	0.252654	57946.4	17986	17984.6
O16	14895.1	0.313899	93280.2	41237.3	41237
O16	14895.1	0.265717	96866.1	44500.9	44500.5
O16	14895.1	0.199262	82102.9	34647.2	34646.2
O16	14895.1	0.865837	72780.1	27959.8	27958.8
Si28	26053.2	0.125255	38439.1	2524.57	2524.31
Mg24	22335.8	0.19811	97539	44912.9	44912.6
O16	14895.1	0.661082	70274.4	26081.4	26080.5
Si28	26053.2	0.205118	35056.9	1321.58	1321.14
Si28	26053.2	0.144336	95134.9	42882.7	42882.5
Mg24	22335.8	0.258203	93272	40654.2	40653.3
O16	14895.1	0.273549	50873.3	6484.66	6484.3
O16	14895.1	0.224726	82598.7	33858.7	33857.9
Si28	26053.2	0.177207	41754.8	2192.28	2191.66
O16	14895.1	0.987685	66959.4	23211.5	23210.5
Mg24	22335.8	0.154552	93820.8	42408.8	42408.3
O16	14895.1	0.273719	49945.4	13156.9	13156.4
Fe56	52089.8	0.0904993	99023.1	45796.6	45796.2
Si28	26053.2	0.252104	98801.8	45679	45678.6
Si28	26053.2	0.116194	76108.9	25594.7	25594.5
O16	14895.1	0.420924	68580.6	20739	20738.4
Si28	26053.2	0.111249	40311.7	2509.28	2508.8
Si28	26053.2	0.13855	93318.9	41597.6	41597.4
Mg24	22335.8	0.189635	88050.1	38273	38271.5
O16	14895.1	0.409861	75920.9	30604	30603.3
O16	14895.1	0.389205	65963	23778.8	23777.6
O16	14895.1	0.204866	49415.6	9851.02	9850.6
O16	14895.1	0.214964	82391.2	33866	33865.7
O16	14895.1	1.03731	76667.6	29747.6	29745.9
Si28	26053.2	0.210525	66964.9	23445	23444.8
Si28	26053.2	0.109342	84893.9	35539.2	35538.8
Si28	26053.2	0.156051	36555.6	2689.13	2688.36
Si28	26053.2	0.342038	99555.6	46166.7	46166.2
O16	14895.1	0.215473	60474.8	19490.8	19490.5
O16	14895.1	0.200638	47599.3	9559.99	9559.4
Mg24	22335.8	0.145077	95673.3	43685.3	43684.1
O16	14895.1	0.64347	76735.2	17468.7	17467.6
Si30	27913.2	0.158577	79646.8	33183.2	33182.9
Si28	26053.2	0.136756	50150	12295.7	12295.1
O16	14895.1	0.190362	42716.2	6904.64	6903.82
O16	14895.1	0.286469	86895	37834.7	37834
O17	15830.5	0.431997	39139.9	3445.52	3445.06
Mg24	22335.8	0.128512	93022.8	41078.8	41078.7
Mg24	22335.8	3.12884	79037.3	32257.2	32253.7
Si28	26053.2	0.17705	75401	28757.1	28756.6
Fe56	52089.8	0.242262	45845.6	8400.64	8400.32
Mg24	22335.8	0.196781	40395.4	5003.16	5002.85
Mg24	22335.8	0.132687	57892.5	10128.6	10128
Si28	26053.2	0.129022	77336.6	24856.4	24856.2
Mg24	22335.8	0.307013	66393.6	17560.3	17559.1
O16	14895.1	0.304022	63457.5	21448	21447.3
Si28	26053.2	0.24318	40867.5	6347.14	6345.9
O16	14895.1	0.430279	36041.9	3339.51	3339.07
Mg24	22335.8	0.189197	43730	4183.02	4182.62
Mg26	24196.5	0.22671	89209	38622	38621.4
O16	14895.1	0.251904	52173.6	9181.59	9181.33
Si28	26053.2	0.146499	83346.4	35526.3	35525.6
O16	14895.1	0.21295	54711.7	14778.9	14777.5
O16	14895.1	0.203779	39331.9	2179.69	2178.72
O16	14895.1	0.737525	98464.9	45501.1	45498.5
Si28	26053.2	0.112048	85195.8	37065.4	37064.1
O16	14895.1	0.667542	57304.3	14455.9	14455.1
Si28	26053.2	0.134028	58566.5	18370.6	18370.3
Mg24	22335.8	0.445249	92420.9	41504.1	41503.3
Mg25	23268	0.12181	63390.4	18994.4	18994.2
O16	14895.1	0.982475	42338.4	5601.67	5600.55
O16	14895.1	2.0308	66741.7	22315.4	22312.9
O16	14895.1	1.09652	62971.8	19755.4	19754.1
neutron	939.565	239.291	56933.3	14342.3	9016.36
neutron	939.565	48.5981	56933.3	14342.3	9016.36
neutron	939.565	27.0647	56933.3	14342.3	9016.36
neutron	939.565	18.0508	56933.3	14342.3	9016.36
neutron	939.565	10.1677	56933.3	14342.3	9016.36
neutron	939.565	9.84883	56933.3	14342.3	9016.36
B11	10252.5	4.31202	56933.3	14342.3	9016.36
Si28	26053.2	0.31343	45923.1	1665.4	1664.82
Mg24	22335.8	0.171338	96025.5	43900	43899.4
Mg26	24196.5	0.130358	55361.6	14616.1	14615
O16	14895.1	0.21632	94195.8	41756.2	41755.7
O16	14895.1	0.364178	76401.4	29813.2	29812.7
Mg24	22335.8	0.138393	71399.9	19146	19145.8
Si28	26053.2	0.116731	48335.1	1139.93	1139.8
Fe56	52089.8	0.116185	44519.7	7154.27	7153.69
O16	14895.1	0.494253	98646.7	45430.5	45429.8
O16	14895.1	0.230832	90617.1	39649.2	39648.7
Mg24	22335.8	0.253971	77082.3	28680.3	28679.6
Si28	26053.2	0.236948	67174.1	22337.2	22336.9
Si28	26053.2	0.142033	57712.5	14007.2	14006
Si28	26053.2	0.178269	46895.4	6684.13	6683.35
Si28	26053.2	0.478233	72442.9	25353.6	25098.9
neutron	939.565	218.909	61884	16615.6	13389.7
neutron	939.565	186.368	61884	16615.6	13389.7
neutron	939.565	46.0075	61884	16615.6	13389.7
neutron	939.565	20.2332	61884	16615.6	13389.7
neutron	939.565	18.5331	61884	16615.6	13389.7
neutron	939.565	14.0279	61884	16615.6	13389.7
neutron	939.565	6.33251	61884	16615.6	13389.7
Mg24	22335.8	0.161224	97274.9	44362.3	44361.6
Si28	26053.2	0.167448	80348.2	32271	32270
O16	14895.1	0.201716	78511.8	31171.5	31171
Si28	26053.2	0.173482	71075.3	26005.6	26005.4
Si28	26053.2	0.27296	66886.5	23409.1	23408.5
Mg24	22335.8	0.143437	61924.5	20284.3	20283.8
Mg24	22335.8	0.630806	84353.6	36033.7	36032.8
Mg24	22335.8	0.307443	70686.6	26084.9	26084
Fe56	52089.8	0.212125	43668.8	4204.41	4204.15
Fe56	52089.8	0.226151	41822.2	3162.9	3162.66
O16	14895.1	0.347664	89597.2	38657	38656.5
O16	14895.1	0.243231	79718.5	31728.4	31727.7
O16	14895.1	0.226555	41763	2908.26	2907.82
Si28	26053.2	0.131554	51563.3	9392.89	9392.65
Mg24	22335.8	0.137613	98600.6	45572.6	45572
Si28	26053.2	0.108482	96664.7	44199.2	44198.9
Mg24	22335.8	0.192733	90885.7	39797.1	39796.9
Mg24	22335.8	0.491614	88754.5	38413.3	38412.7
Si28	26053.2	0.711628	58846.9	17481.5	17480.4
Si28	26053.2	0.121785	97229.3	44022.1	44021.4
Si28	26053.2	0.188988	82171.7	32680.6	32680.4
O16	14895.1	0.330324	40054.3	3382.96	3379.95
O16	14895.1	1.31957	34794.9	395.921	394.401
Si28	26053.2	0.157781	88923.7	37433.5	37433.2
O16	14895.1	0.243707	70430.3	21668.9	21668.6
O16	14895.1	0.24754	52036.7	9978.34	9976.98
O16	14895.1	0.231392	84844	35643.1	35642.8
Si28	26053.2	0.175314	78221.2	31217.9	31217
O16	14895.1	0.320841	74490.9	27921.2	27920.4
neutron	939.565	87.7788	91293.8	38806.7	38551.1
neutron	939.565	0.798503	91293.8	38806.7	38551.1
alpha	3727.38	14.1739	91293.8	38806.7	38551.1
alpha	3727.38	1.73204	91293.8	38806.7	38551.1
alpha	3727.38	9.2925	91293.8	38806.7	38551.1
O16	14895.1	0.522393	75973.3	28367.8	28366.4
Si28	26053.2	0.153411	52771	11907.3	11906.7
Si28	26053.2	0.122491	65814.5	21566.1	21565.5
Si28	26053.2	0.241078	37298.1	3173.08	3171.78
Mg26	24196.5	0.133357	81281.2	33382.3	33382
Mg26	24196.5	0.17494	67790.5	21554.2	21552.9
Mg24	22335.8	1.65978	98392.6	45471.4	45469.1
O16	14895.1	0.414068	87115.1	36886.8	36886.2
O16	14895.1	0.261222	85866.1	35899.8	35899.5
O16	14895.1	0.261486	71149.8	26250.8	26250.1
Si28	26053.2	0.195093	69719.2	25415.5	25415.3
O16	14895.1	0.232949	63608.6	20693.9	20693.2
Mg24	22335.8	0.163824	50732.2	13425.7	13425.3
O16	14895.1	0.190997	96746.2	44435.7	44435.3
O16	14895.1	0.245006	84834.6	36607.5	36606.2
O16	14895.1	0.401631	57922.6	16143.1	16142.3
O16	14895.1	0.481854	57178.2	15712.2	15711.5
O16	14895.1	0.236386	68511.2	24036.8	24036.5
Si28	26053.2	0.115818	79499.9	33009.7	33009.4
O16	14895.1	0.22842	79348.3	32930.6	32928.1
O16	14895.1	1.27327	60401	14703.4	14702.1
Si28	26053.2	0.111347	94105.8	41210.1	41209.7
Mg24	22335.8	0.163397	88405.4	37816	37815.8
O16	14895.1	0.19069	60765.8	16401.9	16401.6
Si28	26053.2	0.122569	48896.8	8043.37	8042.89
O16	14895.1	0.23585	44460.9	5248.97	5248.58
neutron	939.565	2.32051	57968.1	15954.2	15696.1
He3	2808.39	16.1627	57968.1	15954.2	15696.1
B11	10252.5	1.09823	57968.1	15954.2	15696.1
Si29	26984.3	0.121457	35227.2	1293.38	1292.83
O16	14895.1	0.432514	96797.4	44297.5	44296.2
Mg24	22335.8	0.184709	56282.9	12771.3	12770.8
O16	14895.1	0.387169	54649.8	11572.7	11572.2
O16	14895.1	1.233	88130.2	36238.1	36236.8
Mg24	22335.8	1.03422	66598.2	20823.1	20822
O16	14895.1	0.375191	38286.7	885.259	884.637
O16	14895.1	0.250232	78489.4	29774.1	29773.8
O16	14895.1	0.809945	69517.8	23677	23675.9
O16	14895.1	0.749963	52834.5	11496.4	11495.2
O16	14895.1	0.223947	39295.8	2002.01	2001.52
O16	14895.1	0.312098	57569.4	14753	14752.7
O16	14895.1	0.332611	72380.1	23363.3	23362.8
Si28	26053.2	0.184742	62998.2	20928.8	20928.6
O16	14895.1	0.225084	52193	12068.9	12068.6
neutron	939.565	14.0732	99529.2	46124.4	35061.2
alpha	3727.38	14.0226	99529.2	46124.4	35061.2
alpha	3727.38	10.2949	99529.2	46124.4	35061.2
neutron	939.565	4.43702	99529.2	46124.4	35061.2
C12	11174.9	2.76482	99529.2	46124.4	35061.2
Mg24	22335.8	1.02743	79641	32182.5	32181.4
Mg24	22335.8	0.166941	90013.3	37380.2	37380
O16	14895.1	0.428997	60786.9	18609.5	18608.2
Mg26	24196.5	0.185899	43910.9	6706.2	6705.73
Si28	26053.2	0.149441	89673.3	39245.6	39245.3
O16	14895.1	0.607518	74874.2	29160.3	29159.5
O16	14895.1	0.322176	73345.2	28258.8	28258.4
N14	13040.2	0.52907	46108.7	7200.87	3882.84
Si28	26053.2	0.182357	45073.4	3243.79	3243.26
Si28	26053.2	0.142407	32502.4	120.705	119.854
Mg24	22335.8	0.168558	86978.5	33334.1	33333.8
Fe56	52089.8	0.0562821	94328.2	42863.9	42863.5
O16	14895.1	2.41832	71563.6	28347.7	28344.8
Mg24	22335.8	0.161332	66324.2	23920.5	23920
O16	14895.1	0.400319	95483.8	43107.3	43106.5
O16	14895.1	0.219675	68350.1	10961.2	10960.8
Si28	26053.2	0.155691	95525.7	43508.7	43508.2
O16	14895.1	0.498503	76178.9	30229.3	30228.8
Si28	26053.2	0.59428	93046.3	41944.6	41943.9
Fe56	52089.8	0.0583391	75313.9	29705	29703.9
O16	14895.1	1.12984	69458.1	26011.6	26009.4
Mg24	22335.8	0.196392	36662.9	4752.38	4751.78
O16	14895.1	0.469287	80864.6	27669.7	27669.1
Fe56	52089.8	0.056495	53611.8	1215.84	1215.74
Mg24	22335.8	0.25548	90873.6	39432.8	39432.1
Mg24	22335.8	0.208595	83702.4	34799.8	34799.4
O16	14895.1	0.768562	47603.4	2650.96	2650.13
neutron	939.565	11.5681	98983.6	45783	45523.5
C12	11174.9	3.38915	98983.6	45783	45523.5
O16	14895.1	0.263363	60961.8	19355.2	19354.4
Mg24	22335.8	0.575632	56220.6	15266.9	15265.6
Si28	26053.2	0.186865	37194.9	2265.71	2265.49
Si28	26053.2	0.172292	73203.1	29128.2	29127.3
O16	14895.1	0.194181	77686.3	31547.7	31547.2
Si28	26053.2	0.364877	34199.6	2294.58	2294.16
Si28	26053.2	0.231159	96844.7	43951.2	43950.1
O16	14895.1	0.298506	55791.7	16920.9	16920.4
Si28	26053.2	0.116389	86356.6	35734.6	35734.5
O16	14895.1	0.200067	40170.3	4442.51	4441.44
Fe56	52089.8	0.0760986	67414.9	24703.7	24702.9
Si28	26053.2	0.144314	48902.1	10364.4	10364.1
Mg24	22335.8	0.24135	45888.5	7472.4	7472.04
neutron	939.565	524.67	71493.4	26004.7	23353.7
N14	13040.2	0.303531	71493.4	26004.7	23353.7
Si28	26053.2	0.163785	56563.7	16171.7	16170.4
O16	14895.1	0.324213	38627.3	4402.72	4402.03
O16	14895.1	0.224533	37394.3	3548.77	3547.6
O16	14895.1	0.555162	67874.8	21719.2	21717.8
O16	14895.1	0.467305	98988.8	45739.4	45738.9
O16	14895.1	0.375221	82488.5	34838.2	34837.5
O16	14895.1	0.361497	61283	19942	19940.6
O16	14895.1	0.279503	57860.1	15383.6	15383.1
Mg24	22335.8	0.284673	41751.4	4182.07	4181.59
O16	14895.1	0.32331	39837.3	2945.7	2945.25
O16	14895.1	1.95437	45101.2	4504.37	4501.18
O16	14895.1	0.293611	39202.5	580.854	580.416
Mg24	22335.8	0.199882	94826.1	43135.9	43135.5
Mg24	22335.8	0.17062	71232.5	23901.6	23901.1
O16	14895.1	0.316344	35711.4	1333.82	1333.47
Mg24	22335.8	0.132643	58845.2	15257.2	15256.6
Si28	26053.2	0.134167	81809.2	31489.8	31488.7
O16	14895.1	0.189631	63975.8	17732.3	17731.9
O16	14895.1	0.228912	71307.7	22541.4	22540.1
O16	14895.1	0.812864	64216.7	17927	17926.2
neutron	939.565	158.773	88408.3	38195.6	35783.9
neutron	939.565	18.5842	88408.3	38195.6	35783.9
C11	10254	3.34151	88408.3	38195.6	35783.9
O16	14895.1	0.218025	85881.5	34170.8	34170
neutron	939.565	48.5156	82578.5	31800.6	30798.7
neutron	939.565	2.66813	82578.5	31800.6	30798.7
alpha	3727.38	6.801	82578.5	31800.6	30798.7
alpha	3727.38	7.77453	82578.5	31800.6	30798.7
C12	11174.9	1.38043	82578.5	31800.6	30798.7
O16	14895.1	0.306704	74451.5	24785.7	24784.9
O16	14895.1	0.948506	68944.3	18728.6	18726.7
Mg24	22335.8	0.165048	87124.3	36994.4	36993.1
O16	14895.1	0.310111	55409.5	14837.1	14836.5
O16	14895.1	1.02518	45997.7	7041.31	7040.03
Mg24	22335.8	0.170314	41360.1	3888.29	3887.74
Si28	26053.2	0.255708	88516.1	37138.2	37137.4
O16	14895.1	0.27322	78887.1	30302.7	30302
Si28	26053.2	0.133577	60641	18368.9	18367.5
neutron	939.565	1035.67	96658.7	43915.5	40863.9
neutron	939.565	4.44719	96658.7	43915.5	40863.9
neutron	939.565	2.49224	96658.7	43915.5	40863.9
alpha	3727.38	12.7278	96658.7	43915.5	40863.9
alpha	3727.38	3.23913	96658.7	43915.5	40863.9
alpha	3727.38	17.5256	96658.7	43915.5	40863.9
O16	14895.1	0.304634	79294.9	24704.8	24704.4
O16	14895.1	0.905282	70979.5	19700.7	19699
Mg24	22335.8	0.234511	63136.6	13484.2	13483.4
O16	14895.1	0.341947	94499.2	43114.2	43113.7
O16	14895.1	0.223435	64134.2	22359.6	22359.3
Si28	26053.2	0.177529	57574	16997.5	16997.2
Si30	27913.2	0.236601	69749.8	21295.7	21294.9
O16	14895.1	0.536836	94335.2	41947.7	41946.7
O16	14895.1	0.189502	34191.9	996.241	995.985
Mg24	22335.8	0.200847	92537.5	41090.1	41089.6
Mg24	22335.8	0.130164	68656	15343.8	15343.6
O16	14895.1	0.198286	47485.7	1515.11	1514.7
Si28	26053.2	0.149171	50425.6	10364	10362.9
Mg24	22335.8	0.183447	49862.3	9973.06	9972.71
Si28	26053.2	0.120252	94236.1	42299.1	42298.9
Si29	26984.3	0.160992	47367.1	7336.11	7335.55
Si28	26053.2	0.132011	82960.7	34547.5	34547.3
Fe56	52089.8	0.140679	32475.6	577.413	576.668
O16	14895.1	0.365397	96582.2	43974.1	43972.9
Si28	26053.2	0.327418	80547.1	32312.1	32311.5
O16	14895.1	0.751304	68073.7	23475.6	23474.7
Si28	26053.2	0.137346	67436.8	23055.1	23054.9
O16	14895.1	0.497216	91336.9	39258.5	39257.9
Si28	26053.2	0.115412	37027.2	4324.22	4323.96
O16	14895.1	0.363001	88887.1	38782.9	38782.3
O16	14895.1	0.370717	99764.9	46274.8	46273
Si28	26053.2	0.200092	90295.4	39621.7	39620.8
O16	14895.1	0.197101	78443.9	31783.4	31782.8
Si28	26053.2	0.225884	91609.5	39366.5	39364.9
Si28	26053.2	0.408745	80305	29341.1	29340.6
Si28	26053.2	0.242742	76578.2	26735.3	26735
O16	14895.1	0.621938	95118.3	42514.2	42513.5
Mg24	22335.8	0.296884	74293.9	26898.4	26898
O16	14895.1	0.273076	96545	35755.4	35754.8
O16	14895.1	0.431992	90973.2	31511.5	31509.5
Si28	26053.2	0.242552	87382.2	28965.7	28964.8
Si29	26984.3	0.326367	53638.3	4747.17	4746.18
Si28	26053.2	0.332976	85463.8	35230.4	35229.4
Si28	26053.2	0.126727	56187.9	15981.7	15981
neutron	939.565	8.59442	71377.2	27271.8	26943.1
neutron	939.565	7.31783	71377.2	27271.8	26943.1
neutron	939.565	4.09556	71377.2	27271.8	26943.1
neutron	939.565	3.03471	71377.2	27271.8	26943.1
neutron	939.565	1.88787	71377.2	27271.8	26943.1
Ti46	42793.4	0.885956	71377.2	27271.8	26943.1
Mg24	22335.8	0.14788	58873.7	18336	18334.8
O16	14895.1	0.488327	40779	6692.5	6691.53
O16	14895.1	0.320318	94312.8	42798.1	42797.7
O16	14895.1	0.227991	51450.4	12372.1	12371.2
Si28	26053.2	0.209584	51301.3	12295	12294.5
neutron	939.565	0.317824	90445.1	33256.7	31076.5
N14	13040.2	3.60106	90445.1	33256.7	31076.5
O16	14895.1	0.364575	59969.9	1565.04	1564.44
O16	14895.1	0.247926	96390.2	44195.5	44194.9
O16	14895.1	0.387658	70240.1	26190.7	26189.7
O16	14895.1	0.292259	69669.4	25835.1	25834.4
Si28	26053.2	0.176844	49807.9	12968.7	12968.2
O16	14895.1	0.739716	42014.7	6800.8	6799.91
O16	14895.1	0.306373	80988.2	31230.5	31230
neutron	939.565	52.764	77881.1	29102.5	22202.6
neutron	939.565	21.1001	77881.1	29102.5	22202.6
alpha	3727.38	14.7623	77881.1	29102.5	22202.6
alpha	3727.38	4.09983	77881.1	29102.5	22202.6
Si28	26053.2	0.175603	68832.2	15747.1	15745.6
O16	14895.1	1.39775	96708.4	44049.2	44047.1
Si28	26053.2	0.320365	75330.7	30475.2	30474.8
Si28	26053.2	0.245351	72716.8	28699.2	28699
neutron	939.565	5.80004	56569.3	16734	16467.2
neutron	939.565	1.74003	56569.3	16734	16467.2
neutron	939.565	1.51039	56569.3	16734	16467.2
Fe54	50231.2	0.937897	56569.3	16734	16467.2
O16	14895.1	0.282835	54241.4	14863.3	14863
O16	14895.1	0.348802	34697.6	1515.18	1514.42
Mg24	22335.8	0.194506	90159.3	40000.4	39999.8
O16	14895.1	1.21266	81412.4	31861.6	31860
O16	14895.1	0.571594	67508.2	19307.1	19306.4
Si28	26053.2	0.684497	58484.4	13422.2	13421.4
Mg24	22335.8	0.17717	68957.7	23037.9	23036.8
Mg24	22335.8	0.257151	36815.8	701.619	701.296
Mg26	24196.5	0.133864	49123.6	4955.66	4955.46
O16	14895.1	0.307391	49757.2	12866.9	12865.6
Mg24	22335.8	0.391681	48925.5	12358.6	12357
Mg25	23268	0.142165	38832.1	5780.89	5780.41
O16	14895.1	0.247954	31324.7	1003.63	1002.63
Si28	26053.2	0.411708	94648.1	42470.1	42469.7
Si28	26053.2	0.793647	79833.5	30937.4	30935.8
O16	14895.1	0.204499	44711.7	4950.69	4949.81
Si28	26053.2	0.197015	94917.9	43281.2	43281
Mg24	22335.8	0.154545	92652.8	36628.9	36628.6
Fe56	52089.8	0.057848	64679.8	16865.4	16865.1
O16	14895.1	0.24383	64469.9	16741.6	16741.3
Si28	26053.2	0.127587	77966	28146.5	28146.1
neutron	939.565	0.0650177	61013.5	20520.4	20145.9
N14	13040.2	0.595546	61013.5	20520.4	20145.9
O16	14895.1	0.195254	55756.3	16701	16700.8
O16	14895.1	0.416085	49335	9859.1	9858.48
Si28	26053.2	0.111747	37761.1	2097.99	2097.63
O16	14895.1	0.329255	96605.8	44005.9	44005.4
O16	14895.1	1.09187	98440.4	45464.5	45462.9
O16	14895.1	0.296295	96833.9	44316.9	44316.6
O16	14895.1	0.371911	74686.3	28278.7	28278.2
O16	14895.1	1.14847	73323.4	27217.9	27216.4
O16	14895.1	0.230854	59703.9	8718.57	8718.33
O16	14895.1	0.279278	65303.4	19240.6	19240.2
O16	14895.1	0.372226	55457.6	12695.4	12694.7
Si28	26053.2	0.29429	96162.7	43625.7	43624.8
O16	14895.1	0.614856	69947.8	26010.2	26009.2
O16	14895.1	0.35161	62723.2	21244.5	21243
O16	14895.1	0.270228	34785.6	1806.67	1806.37
O16	14895.1	2.35954	50898.5	11684.3	11680.8
Fe54	50231.2	0.0999297	90158.1	38490.4	38489.8
O16	14895.1	0.395603	82126.5	32689.9	32689.1
Si28	26053.2	0.241629	67823.3	23060.2	23059.6
O16	14895.1	0.332203	56194.3	12642.4	12641.8
O16	14895.1	0.472953	73914.2	27702.3	27701.6
O16	14895.1	0.244764	95690.3	43446.2	43445.6
O16	14895.1	0.26132	67243.9	22598.2	22598
neutron	939.565	335.376	95935.8	43955.9	43468.4
neutron	939.565	6.7935	95935.8	43955.9	43468.4
C11	10254	1.63939	95935.8	43955.9	43468.4
Mg25	23268	1.09388	82048.5	34487.9	34486.7
O16	14895.1	0.191222	56556.8	17346.5	17345.7
O16	14895.1	0.274042	47899.6	11177.8	11177.4
Si28	26053.2	0.181582	51847.9	2344.69	2344.36
Si28	26053.2	0.255002	93009.1	41872.8	41871.9
Si28	26053.2	0.122843	90657.7	40307.6	40307.2
O16	14895.1	0.752636	36718.6	339.075	338.302
O16	14895.1	0.202729	90244.9	38473	38472.4
O16	14895.1	0.471025	99187.5	45898.5	45897.4
Fe56	52089.8	0.0978086	60902.4	20296.9	20296.6
Si28	26053.2	0.136404	53247.1	13761.8	13760.9
O16	14895.1	1.46274	45252.1	8558.22	8553.38
Mg24	22335.8	0.640917	42486.8	6424.7	6423.89
O16	14895.1	0.801807	89101.5	38876.1	38874.8
Si28	26053.2	0.115034	75975.7	29993.8	29993.5
Mg26	24196.5	0.599375	43696.1	7657.02	7656.28
Si28	26053.2	0.179958	94139.3	42806.6	42806.4
Mg24	22335.8	0.165995	90427	39983.3	39982.7
O16	14895.1	0.232654	43095.5	7771.87	7771.35
Si28	26053.2	0.458099	94371.3	42597.6	42596.9
Fe56	52089.8	0.111704	85158.8	36656.6	36656.4
Si28	26053.2	0.185926	96932	44355.1	44354.4
Si28	26053.2	0.122293	85335	35886.7	35886.3
O16	14895.1	0.582421	82025.7	33584.5	33583.8
Mg24	22335.8	1.00901	36102.3	2903.42	2901.94
O16	14895.1	0.878984	71400.6	18260.8	18259.8
Si28	26053.2	0.14831	66903.2	15657.3	15657
O16	14895.1	0.239735	52154.7	6074.46	6074.04
O16	14895.1	0.407763	98963.4	45833.7	45833.3
O16	14895.1	0.208256	97544	45036	45035.6
O16	14895.1	0.291496	70434.1	24695.5	24694.5
Si28	26053.2	0.167146	46103.2	7951.03	7950.29
Mg25	23268	0.189688	56999.6	14910.6	14910.2
O16	14895.1	0.403117	44021.6	5800.33	5799.92
O16	14895.1	0.219005	40144	3337.99	3337.18
Mg24	22335.8	0.15625	76679.3	22675	22674.7
O16	14895.1	0.223757	66730.6	8178.86	8177.95
O16	14895.1	0.314397	57842.5	2242.87	2242.39
Si28	26053.2	0.286777	84990.1	35914	35913.4
O18	16762	0.784144	69673	23679	23677.6
Fe56	52089.8	0.189914	96739.4	44254.2	44253.9
Si28	26053.2	0.242973	78710.1	29459.7	29459.3
O16	14895.1	0.229771	70159.5	23829.6	23829.3
Mg24	22335.8	0.140918	99148.2	45852.2	45851.9
O16	14895.1	0.449909	69541.5	25886.3	25885.7
neutron	939.565	77.4058	84697.8	36764.9	30533.5
neutron	939.565	7.14346	84697.8	36764.9	30533.5
Be10	9325.5	6.06559	84697.8	36764.9	30533.5
O16	14895.1	0.388672	46423.3	3764.48	3764
Mg24	22335.8	0.164252	97044.3	44600.4	44600.2
O16	14895.1	0.469209	94980.8	43003.4	43002.6
O16	14895.1	0.224308	63758.4	9785.93	9785.36
O16	14895.1	0.272963	67038.3	21450.6	21449.8
Si28	26053.2	0.239109	86979	32903.5	32903.1
Fe56	52089.8	0.0778013	80037.4	26642	26641.9
Mg26	24196.5	0.397163	56789.1	7753.67	7752.84
neutron	939.565	2.65222	59226.4	16939.8	16335.5
neutron	939.565	2.17542	59226.4	16939.8	16335.5
Ne20	18617.7	3.6557	59226.4	16939.8	16335.5
O16	14895.1	0.276943	95331.6	43130.8	43130.2
Mg26	24196.5	0.132633	88467.2	38781.3	38781
O16	14895.1	0.4168	41124.1	5720.55	5720.06
O16	14895.1	0.295148	33011.8	633.209	632.584
Mg24	22335.8	0.154736	38321.2	4127.58	4125.41
Si28	26053.2	0.34942	49892.8	7233.4	7232.99
O16	14895.1	0.192879	85732.2	36739.2	36738
O16	14895.1	1.40618	44235	5777.52	5776.05
Fe56	52089.8	0.0601141	35500.6	271.236	270.615
Fe56	52089.8	0.0604477	90643.8	40490.7	40490.6
Si28	26053.2	0.20413	88250.5	39096.8	39096.3
Fe56	52089.8	0.323081	82347.7	33244.7	33244.4
Mg24	22335.8	0.751306	75782.3	29230.9	29230
O16	14895.1	0.298354	52844.2	10651	10650.7
Fe54	50231.2	0.0825298	87543.8	37189.3	37188.9
O16	14895.1	0.228024	48699.2	9907.53	9907.22
Si28	26053.2	0.162679	97432.4	44567.2	44566.9
neutron	939.565	56.4996	81447.2	33740.8	32531.5
Mg25	23268	12.2142	81447.2	33740.8	32531.5
O16	14895.1	0.27169	92407.6	41511.5	41510.4
Si29	26984.3	0.109351	93309.6	42110.3	42109.9
O16	14895.1	0.483595	92731.8	41347	41346.1
Mg24	22335.8	0.15383	50641.4	10416.1	10415.9
O16	14895.1	0.437766	41480.2	4686.27	4685.81
neutron	939.565	8.64216	99645.6	46225.1	45746.4
C12	11174.9	7.91331	99645.6	46225.1	45746.4
Mg24	22335.8	0.131887	98858.9	45270.3	45270.1
O16	14895.1	0.208221	98485	45054.3	45053.2
O16	14895.1	0.594737	85264.9	35752	35750.9
O16	14895.1	0.206431	60271.5	18080.8	18080.3
Si28	26053.2	0.118892	87344.3	36289.3	36288.8
O16	14895.1	0.341262	99861.9	46321.5	46320.7
O16	14895.1	0.283262	87076.3	36941.8	36941.1
O16	14895.1	0.201703	50293.4	8531.13	8530.86
Si28	26053.2	0.137735	46220.2	6663.37	6663.09
Mg24	22335.8	0.294285	76370.3	29592.4	29592
Mg25	23268	0.481837	55764.3	13284.1	13282.8
Fe56	52089.8	0.0898768	44876.6	2171.89	2171.15
O16	14895.1	0.210575	86012.1	36034.1	36033.5
Mg25	23268	0.253212	38211	892.018	890.998
N14	13040.2	0.356705	76073.7	26196.2	22731.1
O16	14895.1	0.392727	98987.2	45806	45805.4
Si28	26053.2	0.115945	82122.5	34903.4	34903.1
Fe56	52089.8	0.249624	81394.1	34493.4	34493.2
Si28	26053.2	0.244849	69098.4	23771.3	23770.8
Si28	26053.2	0.121362	55885.5	14040.2	14039.7
O16	14895.1	0.675364	92017.5	41340.1	41339.3
O16	14895.1	0.287267	83115.8	35952.8	35952.2
O16	14895.1	0.413274	66647.8	25391.1	25390.5
Fe56	52089.8	0.0547347	53446.5	15991.5	15991.3
O16	14895.1	0.42942	66720.3	18494.8	18494.4
Si28	26053.2	0.229796	90709.3	39603.5	39602.8
O16	14895.1	0.218484	49868.7	7448.55	7447.92
neutron	939.565	4.24028	91025.2	40084	38719.9
neutron	939.565	3.75337	91025.2	40084	38719.9
neutron	939.565	1.55049	91025.2	40084	38719.9
B10	9324.44	4.21784	91025.2	40084	38719.9
Si28	26053.2	0.747756	60303.7	16979.3	16978.5
Fe56	52089.8	0.0839556	42258.6	5377.7	5377.51
Si28	26053.2	0.128296	84874.8	36257.3	36257.1
neutron	939.565	3.25273	65446.4	22109.4	19933.3
C12	11174.9	3.05622	65446.4	22109.4	19933.3
O16	14895.1	0.549993	39281.8	3736.96	3736.18
O16	14895.1	0.204629	35909.9	1374.61	1374.35
neutron	939.565	9.11447	74163.8	23978	23769.8
Na25	23272.4	0.311079	74163.8	23978	23769.8
O16	14895.1	0.386528	68095.6	23538	23537.6
Fe56	52089.8	0.0678203	72130.6	24107.5	24106.9
Mg26	24196.5	0.318834	69378.6	21742	21741.6
O16	14895.1	0.24288	58263.4	13042.2	13041.6
O16	14895.1	0.201438	84603.2	32364.1	32363.7
Si28	26053.2	0.143391	44455.8	6189.2	6188.81
Si28	26053.2	0.222707	89561.5	39006.4	39006.1
O16	14895.1	0.230193	46812.8	6784.51	6783.75
O16	14895.1	0.510814	83883.9	33335.2	33333.8
Si28	26053.2	0.182271	72073.4	24987.2	24986.6
Si28	26053.2	0.255824	37103	638.802	638.143
O16	14895.1	0.324942	92429	36677.2	36676.9
O16	14895.1	0.329909	48630.1	6763.93	6762.91
O16	14895.1	0.254878	45225.4	7936.94	7936.33
Si28	26053.2	0.328707	44031.6	6120.73	6119.67
O16	14895.1	1.62581	69037	21449.9	21447.8
O16	14895.1	0.265421	98496.6	45152.1	45151.5
Si28	26053.2	0.118707	87247.2	36951.4	36951.2
Si28	26053.2	0.119897	55686.2	16040.7	16040.2
O16	14895.1	0.198677	55021.1	10691.4	10690.7
Si28	26053.2	0.114594	42193.2	708.553	707.695
Si28	26053.2	0.12909	51229.6	9572.54	9572.39
Si28	26053.2	0.178112	48717	8062.83	8061.62
O16	14895.1	0.21882	99127.2	45915.4	45915.1
Mg24	22335.8	0.273548	93564.8	41920.2	41919.7
Si28	26053.2	1.24089	58204.4	9452.04	9450.06
Mg24	22335.8	0.140454	90750.8	40193.7	40193.4
Mg24	22335.8	0.223103	87449.3	37365.4	37365.1
neutron	939.565	1524.06	68971.8	18649.5	14445.6
neutron	939.565	454.813	68971.8	18649.5	14445.6
neutron	939.565	81.1821	68971.8	18649.5	14445.6
alpha	3727.38	5.65339	68971.8	18649.5	14445.6
alpha	3727.38	6.05055	68971.8	18649.5	14445.6
Mg24	22335.8	0.315973	66990.4	12334.9	12334.3
O16	14895.1	0.226442	60855.7	8050.86	8050.51
O16	14895.1	1.4846	73439.1	26412.9	26411.4
O16	14895.1	0.202327	50129.7	10222.1	10221.4
O16	14895.1	0.191195	90356.2	38458.9	38458.7
Mg26	24196.5	0.116587	83527	34095.9	34095.7
O16	14895.1	0.257575	79154.6	25301.5	25300.9
O16	14895.1	0.270416	61084.2	18516.8	18516.3
O16	14895.1	0.224316	36716.8	2433.52	2432.6
O16	14895.1	0.247772	65859.9	20294.6	20294
O16	14895.1	0.896616	61261.8	17373.4	17372.2
neutron	939.565	40.9199	44492.8	7245.85	3764.19
neutron	939.565	10.5245	44492.8	7245.85	3764.19
alpha	3727.38	6.99009	44492.8	7245.85	3764.19
Be8	7454.85	6.8916	44492.8	7245.85	3764.19
O16	14895.1	0.341256	58196.2	16827.2	16826.7
O16	14895.1	1.12757	54209.5	15053.8	15050.1
O16	14895.1	0.931794	53794	14684.6	14683.4
Mg25	23268	0.234063	72122.7	26831.2	26830.6
Si28	26053.2	0.113542	42984.2	3925.71	3925.29
Mg25	23268	0.195255	42432.8	3504.54	3504.06
O16	14895.1	0.94125	88932.9	39163.3	39162.1
Si28	26053.2	0.132698	50812.8	9937.9	9937.61
Mg25	23268	0.136727	56626.8	13619.2	13619.1
Mg24	22335.8	0.181204	93751.1	42307.6	42307.4
O16	14895.1	0.258778	77069.4	29779.1	29778.3
neutron	939.565	3442.04	71206.3	25730.3	19833.6
neutron	939.565	1.87729	71206.3	25730.3	19833.6
Na24	22341.8	0.046237	71206.3	25730.3	19833.6
Mg24	22335.8	0.150532	69743	18911.1	18910.2
Mg24	22335.8	0.30446	51042	5964.58	5964.25
O16	14895.1	0.342528	84170.5	35013.6	35013.1
Mg24	22335.8	0.133937	66963.3	22578.8	22578.6
O16	14895.1	0.223871	50606.2	11437.9	11437.6
Si28	26053.2	0.117095	75151.2	27185.2	27185
Si28	26053.2	0.235394	67979.8	22116.3	22115.7
O16	14895.1	0.193939	37787.6	2207.67	2207.35
O16	14895.1	0.360614	82419.7	30260.2	30259.1
Mg25	23268	0.150846	65286.3	18302.2	18301.6
Si28	26053.2	0.267377	42606.4	2858.86	2857.12
O16	14895.1	0.778982	96369.4	44306.4	44305.3
Mg24	22335.8	0.19869	84138.9	35847	35846.6
O16	14895.1	0.205809	83342.4	35330.3	35329.4
O16	14895.1	0.300373	72665.5	26432.9	26432.1
O16	14895.1	0.208858	48695.8	4498.06	4497.6
O16	14895.1	0.304435	91321.5	39635.2	39634.4
O16	14895.1	0.247268	74204.7	20117.5	20116.6
Si28	26053.2	0.176298	67413.4	15743.3	15742.6
Mg26	24196.5	0.196559	79255.5	31139.2	31136.9
Si28	26053.2	0.12937	61448.6	18213	18212.8
Mg24	22335.8	0.222617	50780.1	12018.6	12017.3
Si29	26984.3	0.136179	33698.5	62.9409	61.7894
Mg25	23268	0.204029	59241.4	7463.77	7462.93
Mg24	22335.8	0.487112	52122.5	2608.16	2607.05
O16	14895.1	0.629173	52037.3	2556.67	2555.86
Si28	26053.2	0.115638	94574.8	42686.6	42686.4
O16	14895.1	0.276216	84191.9	32382.2	32381.8
Si28	26053.2	0.141372	71146.8	18862.2	18861.5
Mg25	23268	0.13142	63952.1	18218.5	18217.9
Mg24	22335.8	0.131175	56251.2	8444.98	8444.04
O16	14895.1	0.363697	50091.1	8783.38	8782.9
O16	14895.1	0.316798	99070.3	45826.1	45825.7
O16	14895.1	0.190315	46359.7	9813.12	9811.94
Si28	26053.2	0.143703	47217.9	10634.5	10634.3
Mg24	22335.8	0.150293	43564	7962.68	7962.43
Si28	26053.2	0.388576	91155.9	37469.9	37469
Mg24	22335.8	0.158857	37601.8	695.167	694.49
Mg25	23268	0.211945	92089.6	41443.4	41442.7
O16	14895.1	0.263002	91016.1	40820.7	40820.4
O16	14895.1	0.467037	87876.4	38316.2	38315.6
Mg26	24196.5	0.122051	85257.3	35233	35232.6
Fe56	52089.8	0.0668183	76587.2	29570.4	29570.3
O16	14895.1	0.288694	58200.9	16923.1	16921.7
Na23	21409.2	1.20975	43669.7	6682.99	6395.56
Si28	26053.2	0.173898	90672.8	40438	40437.6
Si29	26984.3	0.181067	56635.7	15702.9	15702.3
Mg24	22335.8	0.189501	70398	11788	11787.5
O16	14895.1	0.339537	92177.5	41324.3	41323.6
O16	14895.1	0.275268	80975.2	34138.3	34137.4
Si28	26053.2	0.573574	56974.4	16054.1	16053.5
Si28	26053.2	0.168486	69177.8	25306.5	25305.8
O16	14895.1	0.305946	74898.5	29596.4	29595.3
O16	14895.1	0.319713	72108.8	27262.7	27262.3
Mg26	24196.5	0.229021	56887	17262.6	17260.8
Mg25	23268	0.24991	99869	46337.3	46337
Si28	26053.2	0.339541	53628.1	13519.2	13517.4
Mg25	23268	0.355338	42697.5	4995.24	4994.29
O16	14895.1	0.268738	96656.6	44379.9	44379.3
Fe56	52089.8	0.17213	70855.8	23383.6	23383.4
Si28	26053.2	0.129814	66066	18918.1	18917.5
O16	14895.1	0.241164	75935.8	29434.2	29433.8
O16	14895.1	0.572951	68852.2	24522	24521.2
O16	14895.1	0.482743	59023.4	16213.9	16213.4
Fe56	52089.8	0.149532	72782.5	27211.7	27210.1
neutron	939.565	758.399	54333.5	14289.5	8754.65
neutron	939.565	593.481	54333.5	14289.5	8754.65
neutron	939.565	32.8448	54333.5	14289.5	8754.65
neutron	939.565	5.00697	54333.5	14289.5	8754.65
neutron	939.565	1.46229	54333.5	14289.5	8754.65
alpha	3727.38	5.21019	54333.5	14289.5	8754.65
alpha	3727.38	17.9817	54333.5	14289.5	8754.65
O16	14895.1	0.25092	94167.5	42291.8	42291.3
O16	14895.1	0.219935	44624.9	7438.22	7437.6
Si28	26053.2	0.318284	33481.5	661.336	660.688
O16	14895.1	0.194801	75565.5	27752.9	27751
O16	14895.1	0.432167	45735.4	5228.66	5228.23
Si28	26053.2	0.415853	87255	33295.5	33294.6
O16	14895.1	0.747159	80092.2	28414	28413.1
Mg24	22335.8	0.136021	77202.2	15342.6	15342.3
O16	14895.1	0.305452	91435.6	40867.6	40866.9
Fe56	52089.8	0.36774	72662.3	28602.6	28601.2
Mg24	22335.8	0.180317	49379	10569.1	10567.9
Si28	26053.2	0.267972	40508.7	3915.2	3914.03
O16	14895.1	0.261932	95204.8	42287.4	42286.9
Si28	26053.2	0.187646	87001.1	36894	36893.8
O16	14895.1	0.408168	80606.1	32461.6	32461
neutron	939.565	87.7814	78070.8	30899.8	30348.6
Mg25	23268	1.38187	78070.8	30899.8	30348.6
Mg24	22335.8	0.152117	55258.6	11725.4	11724.7
Mg24	22335.8	0.26384	74691.5	22685.6	22685.4
O16	14895.1	0.247501	52792.1	10689.1	10688
Mg26	24196.5	0.12443	87677.7	36434.7	36434.4
Si28	26053.2	0.283915	73558.4	26813.2	26812.8
O16	14895.1	0.31194	72684.6	26192.1	26191.2
O16	14895.1	0.204479	69064.8	23559.8	23559
O16	14895.1	0.242268	89936.8	37458.4	37458.1
Si28	26053.2	0.167145	60333.3	16018.4	16017.9
Mg25	23268	0.121921	53711.9	11588.5	11588.2
Si28	26053.2	0.155222	49652.3	9008.19	9007.82
Mg25	23268	0.132256	55002.8	15123.7	15123.4
Fe56	52089.8	0.056481	44507.5	7470.71	7469.36
O16	14895.1	0.297884	44086.6	7165.74	7165.43
Mg24	22335.8	0.129651	56628.8	14209.9	14209.7
O16	14895.1	0.284589	47177.5	7965.13	7964.82
O16	14895.1	1.12145	36325	561.193	559.921
O16	14895.1	0.859093	62578.7	18432.4	18431.4
O16	14895.1	0.238012	99022.7	45742.8	45742.5
O16	14895.1	0.303641	78577.6	27498.1	27497.7
neutron	939.565	4.72535	74756.6	25294.4	24878.7
neutron	939.565	1.95869	74756.6	25294.4	24878.7
Ne20	18617.7	4.49791	74756.6	25294.4	24878.7
O16	14895.1	0.208572	99910.7	46366.4	46365.6
Si28	26053.2	0.144195	92024	40863.2	40863
Mg24	22335.8	0.143691	52754.9	12533.9	12533.6
neutron	939.565	34.0553	35439.9	1649.77	1411.59
neutron	939.565	7.19543	35439.9	1649.77	1411.59
neutron	939.565	1.87394	35439.9	1649.77	1411.59
N15	13968.9	5.69904	35439.9	1649.77	1411.59
Al27	25126.5	0.220991	96009.3	43977.2	43697.1
Si28	26053.2	0.254645	76662.5	30086.8	30086
Mg24	22335.8	0.264651	76276.2	29778.6	29777.7
Si28	26053.2	0.203489	91021.6	40499.2	40498.7
Mg24	22335.8	0.212288	63923.8	22638	22637
Si28	26053.2	0.162105	72872	26894.8	26893.5
O16	14895.1	0.22053	41272.7	5011.02	5010.63
Si28	26053.2	0.117948	63731.3	19553.1	19552.7
O16	14895.1	0.190282	85596.1	36183.8	36182.9
O16	14895.1	0.438579	66651.4	23240.9	23239.7
Si28	26053.2	0.13936	62814.7	19952.4	19951.9
Mg24	22335.8	0.165774	50436	11929	11928.4
Si30	27913.2	0.200578	35353.1	1861.21	1861.01
O16	14895.1	0.558877	89038.5	38212.8	38211
O16	14895.1	0.309224	73996.5	28516.5	28516.2
O16	14895.1	0.241458	92718.9	41551.5	41551.2
O16	14895.1	0.203467	52117.4	8327.1	8326.76
O16	14895.1	0.318515	40364.9	910.33	909.692
Fe56	52089.8	0.0956975	96712.6	43999.7	43999.4
Si28	26053.2	0.468822	80898.4	29420.4	29419.9
Mg24	22335.8	0.137653	77639.4	18048.3	18048.2
O16	14895.1	0.547807	61199.4	7391.97	7391.38
Mg25	23268	1.44841	53725.1	10944.6	10942.5
O16	14895.1	1.04614	49718.5	7592.38	7591.32
O16	14895.1	0.377144	93637.9	42096.5	42096
O16	14895.1	0.831651	88485.9	38880.8	38879.5
Si28	26053.2	0.115644	84812.9	36743.4	36743.2
neutron	939.565	543.383	59427	16695.9	14646.2
C13	12109.5	0.196829	59427	16695.9	14646.2
O16	14895.1	0.373192	50577.4	8168.43	8167.61
O16	14895.1	0.237399	83405.5	33510.7	33509.9
Si28	26053.2	0.143926	60659	16154.3	16152.9
Si28	26053.2	0.585611	81152.4	31024	31022.2
Si28	26053.2	0.173976	93012.4	41407.1	41406.4
Fe56	52089.8	0.0564009	90686.3	39524.5	39524.4
O16	14895.1	0.230633	67738.9	17581	17580.1
Si28	26053.2	0.212724	93026.8	39672.1	39671.6
Si29	26984.3	0.152744	79629.8	31360.1	31359.4
Mg24	22335.8	0.143425	69867.7	24483.5	24483.4
O16	14895.1	0.558077	47693	11225.8	11225.2
Si28	26053.2	0.176287	41340.2	7027.26	7026.68
Si28	26053.2	0.248727	87397.9	37617.4	37616.7
Si28	26053.2	0.138682	81190.3	33559.2	33558.7
O16	14895.1	0.200161	63615	17377.5	17377
O16	14895.1	0.291695	50218.2	7671.48	7671.19
Mg26	24196.5	0.222314	45927.9	4807.81	4807.31
Si28	26053.2	0.153557	94773.1	42779.1	42778.9
Mg24	22335.8	0.241579	73813.7	14952	14951
Fe56	52089.8	0.0842316	61369.7	6204.12	6203.53
neutron	939.565	103.747	89626.3	39434.6	36710.5
neutron	939.565	95.7417	89626.3	39434.6	36710.5
neutron	939.565	72.6135	89626.3	39434.6	36710.5
neutron	939.565	28.9562	89626.3	39434.6	36710.5
neutron	939.565	5.71583	89626.3	39434.6	36710.5
He3	2808.39	3.16126	89626.3	39434.6	36710.5
alpha	3727.38	9.96074	89626.3	39434.6	36710.5
alpha	3727.38	4.98029	89626.3	39434.6	36710.5
Si28	26053.2	0.209491	67294.3	20342.9	20341.5
Si28	26053.2	0.159782	65477.7	18681.6	18681.4
Si28	26053.2	0.584565	53714.5	11332.5	11331.6
O16	14895.1	0.212582	69426.6	26044.9	26044.3
O16	14895.1	0.295606	50891.9	12216.8	12216.5
Si28	26053.2	0.146185	93633.8	42166.2	42166
O16	14895.1	0.277552	84438.4	35955.3	35954.9
Si28	26053.2	0.152047	78859.9	24225.2	24224.6
N14	13040.2	0.854602	99870.5	46342.8	45604.4
Mg24	22335.8	0.315307	56834.2	10869.7	10868.9
Si28	26053.2	0.145372	97361	44122.1	44120.9
O16	14895.1	0.212853	63199.1	19290.3	19288.5
O16	14895.1	0.304115	49639.7	7725.73	7724.12
Si28	26053.2	0.137702	77780.6	27776.7	27775.6
O16	14895.1	0.2547	87775.8	38588.9	38588.5
O16	14895.1	0.558076	80233.6	33716.2	33715.3
O16	14895.1	0.211204	65969.9	24403.4	24402.8
O16	14895.1	0.713782	80090.9	18669.7	18668.6
O16	14895.1	0.731457	76569.2	14680	14678.3
Si28	26053.2	0.380178	66052.5	21115.9	21115.1
Si28	26053.2	0.195398	62508.2	19009.9	19009.2
O16	14895.1	0.962873	67731.8	18950.5	18949.4
Mg24	22335.8	0.144844	43073.7	3496.27	3495.83
Si28	26053.2	0.137218	74575.2	29389.4	29388.8
O16	14895.1	0.462638	70219.5	26240.3	26239.6
neutron	939.565	1937.85	43650.3	7986.6	4452.71
neutron	939.565	38.9266	43650.3	7986.6	4452.71
neutron	939.565	12.9281	43650.3	7986.6	4452.71
neutron	939.565	5.23968	43650.3	7986.6	4452.71
neutron	939.565	2.67324	43650.3	7986.6	4452.71
alpha	3727.38	26.1514	43650.3	7986.6	4452.71
alpha	3727.38	8.76816	43650.3	7986.6	4452.71
Si30	27913.2	0.520687	78771.4	30798.7	30798.2
Mg24	22335.8	0.366452	74703.9	27638.4	27638
Mg25	23268	0.443244	43431	5196.25	5195.77
O16	14895.1	0.248625	66438.9	22052.7	22052.4
O16	14895.1	0.196057	61240.4	18703.7	18703.3
Si28	26053.2	0.172572	46616.8	8587.77	8587.5
Mg24	22335.8	0.407909	72915.7	24615.5	24614
Mg24	22335.8	0.803527	70682.3	22882.9	22882.1
Mg24	22335.8	0.256895	73705.7	21594.9	21594.2
Si28	26053.2	0.183483	69174.2	17966.8	17966.3
neutron	939.565	2417.29	98237.8	45284	37412.9
neutron	939.565	1.12935	98237.8	45284	37412.9
Ne21	19550.5	0.120692	98237.8	45284	37412.9
Si28	26053.2	0.173962	62150.2	15977.7	15976.6
O16	14895.1	0.302215	93763.8	40202.1	40201.6
Mg24	22335.8	0.38645	74737.2	27206.6	27206.1
O16	14895.1	0.231057	38282	28.4403	27.8959
Si28	26053.2	0.154779	99806.3	46316.4	46316.1
Si28	26053.2	0.114309	77725.3	30427.6	30427.3
O16	14895.1	0.192423	69392.2	24495.3	24494.4
O15	13971.2	3.66485	63335	20965.4	20593.3
Mg24	22335.8	0.356925	56316	14758.6	14758.2
O16	14895.1	0.921735	45526.4	7544.64	7543.7
Si28	26053.2	0.128548	35531.5	1151.2	1151.07
O16	14895.1	0.263168	94901.4	42487.3	42486.4
Mg24	22335.8	0.346289	71159.4	25658	25657.6
Si30	27913.2	0.866135	45490.1	6427.15	6425.55
Mg26	24196.5	0.136839	35816.3	205.343	203.632
Si28	26053.2	0.400562	72571.5	23670.3	23669.8
Si28	26053.2	0.157327	65221	18841.9	18841.7
O16	14895.1	0.338308	50445.2	8025.09	8024.57
Mg24	22335.8	0.350438	75499.3	24234.9	24234
Si28	26053.2	0.173605	46652.6	5321.36	5321.12
Mg24	22335.8	0.343216	95707.7	42948.2	42947.7
neutron	939.565	235.758	52418.2	11958.3	9192.98
neutron	939.565	86.6203	52418.2	11958.3	9192.98
neutron	939.565	36.5083	52418.2	11958.3	9192.98
He3	2808.39	4.66508	52418.2	11958.3	9192.98
O16	14895.1	0.289548	44608.6	3801.64	3800.79
Si28	26053.2	0.208374	41490.8	1976.03	1975.76
O16	14895.1	0.844388	65419.3	21948	21947.1
neutron	939.565	22.2049	69777.5	26388.3	25681.6
neutron	939.565	20.0886	69777.5	26388.3	25681.6
alpha	3727.38	7.67785	69777.5	26388.3	25681.6
Be8	7454.85	9.80086	69777.5	26388.3	25681.6
neutron	939.565	89.7891	62522.5	21209.2	20994.3
neutron	939.565	4.53328	62522.5	21209.2	20994.3
alpha	3727.38	2.74794	62522.5	21209.2	20994.3
Be8	7454.85	5.55355	62522.5	21209.2	20994.3
O16	14895.1	0.397267	60392.3	16289.9	16289.3
O16	14895.1	1.44677	91258.7	40163.2	40161.7
O16	14895.1	1.01935	97883.9	45022.7	45021.1
Si28	26053.2	0.185829	66052.6	22841.7	22839.2
Si28	26053.2	0.172989	51565	12468.2	12468
O16	14895.1	0.226322	38344.4	3822.67	3822.44
O16	14895.1	0.363408	57626.4	12227.1	12226.3
Si28	26053.2	0.167954	50964.5	8058.68	8058.44
Si28	26053.2	0.262063	48846.1	6764.03	6763.55
O16	14895.1	0.205945	90270.8	40213.6	40213.4
O16	14895.1	0.351862	55279.7	13144.5	13143.5
Mg24	22335.8	0.140354	51955.9	10966.4	10965.7
O16	14895.1	0.233655	61243.1	19541.4	19541
Si28	26053.2	0.342243	54541.3	13912.2	13911.7
Si29	26984.3	0.173317	44799.9	6849.55	6849.24
Si29	26984.3	0.10884	38272.7	2633.61	2632.85
Si28	26053.2	0.211523	49377.7	10751.9	10750.9
O16	14895.1	1.52231	33289.5	476.493	474.933
Mg24	22335.8	1.36518	75575.1	29202.6	29200.6
Mg24	22335.8	0.287391	66891.7	23850.3	23849.8
O16	14895.1	0.235218	80484.8	33110.6	33110.3
O16	14895.1	0.561439	62327.2	18856.5	18855.5
Si28	26053.2	0.131083	57405	13321.9	13321.7
Mg24	22335.8	0.143269	49693.5	7377.58	7377.35
Si28	26053.2	0.380156	95821.8	43723.4	43722.8
O16	14895.1	0.317584	86924.3	36585.8	36585.4
O16	14895.1	0.882487	55679	15907.2	15905.4
Si28	26053.2	0.157083	51235.8	8705.68	8704.55
Mg26	24196.5	0.39109	99777.2	46282.5	46281.7
O16	14895.1	0.239589	92807.5	40697.1	40696.3
Mg24	22335.8	1.4711	68914.1	20872.4	20870.9
Si28	26053.2	0.168568	67951.8	20155	20154.8
O16	14895.1	0.760314	99940.8	46363.4	46362.5
N14	13040.2	2.43013	56106.2	11821.8	11613.1
Si29	26984.3	0.112652	87283.6	37780	37778.7
O16	14895.1	0.262859	76183.1	29752.4	29752.1
Si28	26053.2	0.136649	36768.2	2585.84	2585.16
Fe56	52089.8	0.0836574	72314.9	27978.7	27978.5
O16	14895.1	0.222588	43608.3	7155.18	7154.8
Si28	26053.2	0.31344	67264.6	23471.1	23470
Mg24	22335.8	0.470555	96354.1	43376.2	43374.3
O16	14895.1	3.08042	35403.7	1073.56	1069.52
Si28	26053.2	0.178714	76489.9	28783.8	28783.5
Mg24	22335.8	0.183674	99395.1	45832.2	45832
O16	14895.1	0.204983	80004.5	32175.5	32175.2
O16	14895.1	0.286672	76576.2	29943.4	29943
O16	14895.1	0.439638	62272	20391.8	20391.1
Mg24	22335.8	0.282189	42091	873.421	872.721
Mg24	22335.8	0.225907	87186.2	36109	36108.7
O16	14895.1	0.308648	55234.4	14117	14116.4
O16	14895.1	0.370961	47884.3	9207.04	9206.67
O16	14895.1	0.190638	91261.7	39809	39807.7
O16	14895.1	1.2326	81741.6	15777.4	15776.2
Mg24	22335.8	0.281821	99482.3	46131.3	46130.4
Si28	26053.2	0.271834	92681	29936.4	29936
Fe56	52089.8	0.112947	79075.3	20357.5	20357.3
Si28	26053.2	0.461614	78511.1	27713.3	27710.7
Si28	26053.2	0.132917	62099.4	16511.8	16511.3
O16	14895.1	0.322382	64976.5	15188	15187.6
O16	14895.1	0.26948	53673.5	7259.43	7258.97
Mg24	22335.8	0.139606	52877.8	6728.9	6728.62
O16	14895.1	0.289191	65382.7	21993.6	21993.2
O16	14895.1	0.310602	83295.4	34739.3	34738.8
Si28	26053.2	0.160428	82492.6	34249.4	34248.8
O16	14895.1	0.3384	74454.6	25957.8	25956.8
O16	14895.1	0.30801	74411.8	25933.6	25933.2
Si28	26053.2	0.231589	72807	24984.3	24984
neutron	939.565	133.86	59253.4	16447.7	16011.6
Mg25	23268	0.300006	59253.4	16447.7	16011.6
O16	14895.1	0.193873	50607.9	9892.53	9892.2
O16	14895.1	0.217445	87755.7	37334.4	37332.9
O16	14895.1	0.238564	76339.7	29119.7	29118.1
O16	14895.1	1.08472	60581.2	18648.6	18647
O16	14895.1	0.226162	45582.6	8356.02	8355.79
Mg26	24196.5	0.659572	60534.5	15013.5	15012.2
neutron	939.565	1068.67	90230.1	38899.4	37622.2
neutron	939.565	9.80433	90230.1	38899.4	37622.2
C12	11174.9	3.19953	90230.1	38899.4	37622.2
O16	14895.1	0.190731	84747.4	32041.5	32040
Mg24	22335.8	0.16617	85764.3	36554.3	36553.1
O16	14895.1	0.245502	55741.1	16074.7	16074.2
Si28	26053.2	0.297111	70558.8	24141.7	24141.3
O16	14895.1	0.193015	51492.9	4623.95	4623.69
Si28	26053.2	0.119408	64356.6	21118.2	21118.1
O16	14895.1	0.227748	50561.9	11463	11462.1
Si28	26053.2	0.303419	44775	8657.04	8656.65
Fe56	52089.8	0.0868732	93908.3	41427.9	41427.8
O16	14895.1	0.207487	68302.1	18122.9	18122.1
O16	14895.1	0.305417	42673.6	1139.47	1138.91
neutron	939.565	1265.16	81059.1	32997.7	31456.5
neutron	939.565	127.076	81059.1	32997.7	31456.5
neutron	939.565	63.7472	81059.1	32997.7	31456.5
Na22	20482.1	0.219463	81059.1	32997.7	31456.5
Si28	26053.2	0.760155	50255.2	9307.28	9305.56
Si28	26053.2	0.123865	73647.1	26171	26170.3
O16	14895.1	0.257478	84502.4	30604.2	30603.7
O16	14895.1	0.474409	91524.7	40506.7	40505.6
Mg24	22335.8	0.220571	72960.8	21313.4	21312.9
O16	14895.1	0.63007	61764.7	6614.91	6613.46
Mg24	22335.8	0.190733	90895.3	39984.4	39984
O16	14895.1	0.385633	90321.6	39500.7	39500.3
O16	14895.1	0.261704	54599.5	1171.89	1171.55
Si28	26053.2	2.12385	90219.8	40192.1	40189.7
O16	14895.1	0.238084	75152.3	30242.4	30242.1
O16	14895.1	0.266456	52116.5	12242.3	12241
O16	14895.1	0.215115	76783.3	31391.8	31391.2
Si28	26053.2	0.604971	61765	21791.4	21790.7
Mg24	22335.8	0.32591	45076.8	8873.82	8873.5
Si28	26053.2	0.115375	54967.4	13658.7	13658.5
O16	14895.1	0.23063	54582.1	13411.4	13411.1
O16	14895.1	0.248377	93093.1	41579.3	41578.7
O16	14895.1	0.545053	79877.9	30478	30477.4
Mg26	24196.5	0.210428	79830.4	30423.8	30422.9
O16	14895.1	0.557531	37575.8	2197.82	2196.38
O16	14895.1	0.197771	36014.5	3114.73	3114.08
O16	14895.1	0.23684	45740	8964.44	8964.19
O16	14895.1	0.33234	74285.5	27427.7	27427.3
Fe56	52089.8	0.211222	58085.1	14013.8	14013.3
Si29	26984.3	0.114761	89093.3	39492.2	39492
Si28	26053.2	0.118079	53713.7	14862.4	14862
Si28	26053.2	0.15281	90707.5	39745.3	39745.2
O16	14895.1	0.306184	53402.1	10976.2	10975.9
O16	14895.1	0.231784	93310.6	40079.8	40079.2
Mg26	24196.5	0.202248	35876.3	2684.05	2683.19
Mg24	22335.8	0.126234	93388.6	40669.3	40668.8
O16	14895.1	0.211057	78258.2	30593.8	30593
Si28	26053.2	0.116369	82720.4	34813.2	34812.3
Mg24	22335.8	0.225662	71265.3	25268.2	25266.9
O16	14895.1	0.215324	36359.9	837.869	837.604
O16	14895.1	0.38743	97025.5	44209.3	44208.9
Si30	27913.2	0.15834	42157.8	5036.62	5035.96
neutron	939.565	10.3164	68038.4	22242.5	21969.3
neutron	939.565	1.17463	68038.4	22242.5	21969.3
neutron	939.565	0.0628137	68038.4	22242.5	21969.3
Ne20	18617.7	1.96206	68038.4	22242.5	21969.3
O16	14895.1	1.83416	59562.8	15470	15467.9
O16	14895.1	0.388712	93257.4	39521.5	39520.5
Mg26	24196.5	0.310049	44861.7	3157.27	3156.87
O16	14895.1	0.528876	95357.2	42518.8	42517.4
Mg24	22335.8	0.146027	83689.4	34920.3	34920.2
Si28	26053.2	0.15401	59019	16122.4	16122.1
Si28	26053.2	0.246427	42636.5	3373.11	3372.54
O16	14895.1	0.26314	58587.8	16403.9	16403.5
Mg25	23268	0.130194	37116.5	2507.25	2506.51
O16	14895.1	0.240503	98688.7	44949.1	44948.5
Mg24	22335.8	0.166876	50878.5	9530.2	9530.04
Si28	26053.2	0.118888	78750.8	32764	32763.7
O16	14895.1	0.267275	43269.8	4209.97	4209.52
Mg24	22335.8	0.308338	93408.9	37907.8	37906.9
O16	14895.1	0.560161	82333.3	23149.3	23147.3
O16	14895.1	0.20638	84290	35768	35767.5
O16	14895.1	0.217644	70334.6	24922.3	24921.8
Mg24	22335.8	0.150779	46652	6564.48	6564.08
O16	14895.1	0.374798	43942.8	4977.82	4977.44
Mg24	22335.8	0.126286	96747	44447.7	44447.1
neutron	939.565	377.991	39541	2917.13	2018.77
C13	12109.5	1.81342	39541	2917.13	2018.77
Si28	26053.2	0.573931	82865.2	33475.8	33475.1
O16	14895.1	0.379414	63278.3	17737.6	17736.4
O15	13971.2	0.368896	57196.8	13527.6	13177
Si28	26053.2	0.19607	84003.8	35739.8	35739.3
O16	14895.1	0.500901	60060.4	16430.8	16429.4
Si30	27913.2	0.160788	38542.2	2048.98	2048.43
O16	14895.1	0.217569	37989	1664.76	1663.44
Si28	26053.2	0.161414	48196.9	8387.62	8387.28
O16	14895.1	0.208765	46516.7	6049.54	6049.06
O16	14895.1	1.34555	90395.2	39732.7	39731
Si28	26053.2	0.275324	44283.6	9378.59	9378.3
O16	14895.1	3.4472	37351.2	4875.26	4871.65
O16	14895.1	0.209426	73328.2	22473.5	22473.2
Si28	26053.2	0.46427	95536.7	43139.4	43138.9
O16	14895.1	1.65558	52610.6	15367	15365.3
Si28	26053.2	0.255927	93371.4	42175.4	42174.5
O16	14895.1	0.288903	90608.8	40438.9	40438.2
Mg26	24196.5	0.152644	65523	21497.7	21497.3
O16	14895.1	0.305315	60361.2	14048.5	14048
O16	14895.1	0.24074	45871.1	6561.64	6559.47
O16	14895.1	0.438329	68374.3	23224.6	23223.6
O16	14895.1	0.750147	76214.4	28480.3	28479.4
O16	14895.1	0.255075	59312.5	17222.2	17221.5
Mg24	22335.8	0.132672	45586.1	6960.82	6960.62
Si28	26053.2	0.116749	96592	44361.1	44360.9
O16	14895.1	0.246674	71213.4	26386.2	26385.4
O16	14895.1	0.299772	43738.5	3319.81	3319.46
O16	14895.1	0.482698	77003.6	26717.9	26716.4
O16	14895.1	0.388727	63543.1	17150.1	17149.7
Si28	26053.2	0.119445	58663.6	13894.8	13894.6
neutron	939.565	37.1248	89773.5	38448	38117.4
neutron	939.565	1.0398	89773.5	38448	38117.4
N14	13040.2	0.149003	89773.5	38448	38117.4
Si28	26053.2	0.269612	73420.1	23054.7	23054
O16	14895.1	0.73025	59375.6	13636	13635
O16	14895.1	0.272962	81583.6	33260.3	33259.8
Si28	26053.2	0.179655	69122.7	24933.4	24932.9
O16	14895.1	0.323056	39795.8	3234.61	3234.09
O16	14895.1	0.288784	63256.4	19954.2	19953.6
O16	14895.1	0.217499	42875.5	6475.73	6475.41
Si28	26053.2	0.168318	61936.4	21358.9	21358.6
Fe56	52089.8	0.0703933	86874.8	36813.4	36812.9
Si28	26053.2	0.270509	99799.5	45077.5	45076.8
O16	14895.1	0.22947	53386.6	1695.04	1694.79
O16	14895.1	0.386463	90178.2	37982.7	37982
Si28	26053.2	0.877532	75935.1	26878.1	26876.9
Mg24	22335.8	0.316906	61622.6	20282.8	20282.5
Mg24	22335.8	0.184196	69079.7	22754.2	22753.8
O16	14895.1	0.315449	37563.3	1127.93	1127.22
O16	14895.1	0.726879	95766.1	43611.6	43610.5
Mg24	22335.8	0.887218	85847.8	36801.4	36800
Si28	26053.2	0.159117	80042.6	33019.3	33018.3
O16	14895.1	0.618409	79806.2	32887.7	32887
O16	14895.1	0.35229	84444.9	34404.2	34403.8
Mg24	22335.8	0.50807	76672.1	29422.3	29421.5
O16	14895.1	0.303645	41498.9	4375.13	4374.3
Mg24	22335.8	0.253898	60246.8	19350.1	19349.9
O16	14895.1	0.810921	54548.8	15848.9	15847.8
Si28	26053.2	0.178063	97863.3	44891.7	44891.5
Si28	26053.2	0.883041	89319.3	25082.8	25081.9
Mg24	22335.8	0.586254	50395.5	8911.51	8910.76
Si28	26053.2	0.130409	52950.1	12480.3	12479.3
O16	14895.1	0.245828	51127.8	11217.8	11216.8
Mg24	22335.8	0.13127	95557.6	43559	43558.7
Mg24	22335.8	0.164041	89775.1	38897.9	38897.7
O16	14895.1	0.363262	42891.1	3084.84	3084.37
Fe56	52089.8	0.0613371	77819.6	30663.2	30661.9
neutron	939.565	472.883	64811.7	22203.6	20785.3
neutron	939.565	3.08936	64811.7	22203.6	20785.3
neutron	939.565	1.29409	64811.7	22203.6	20785.3
alpha	3727.38	12.7229	64811.7	22203.6	20785.3
O16	14895.1	0.936795	45992.7	7596.34	7595
Mg25	23268	0.377374	70896.4	25417.5	25416.9
O16	14895.1	0.231864	69099.1	24156.5	24155.9
O16	14895.1	0.608632	88370	38592.6	38591.7
O16	14895.1	0.303847	77805.7	28039.6	28037.8
Fe56	52089.8	0.0565068	74566	26116.3	26115.7
O16	14895.1	0.324494	50596.5	9489.23	9488.26
O16	14895.1	0.258547	39041.1	1841.92	1841.61
O16	14895.1	0.430318	98014.3	45204	45203.3
O16	14895.1	0.465084	83683.2	34967.8	34966.4
O16	14895.1	0.239298	98627.3	45544.8	45543.9
Si28	26053.2	0.17886	61510.3	17753.8	17752.9
O16	14895.1	0.248941	97062.6	31379.8	31379
Mg24	22335.8	0.20649	81027.2	21319.8	21319
Mg24	22335.8	0.632805	70451.6	21045.6	21044.7
Mg24	22335.8	0.257895	97327.6	44804.8	44804.3
Mg26	24196.5	0.156197	89829	39885.6	39885.1
Mg24	22335.8	0.156697	72981.2	27518.9	27518.7
O16	14895.1	0.22606	55539.9	14461.2	14460.8
Fe56	52089.8	0.0557715	81645.1	34015.6	34014.8
O16	14895.1	1.8283	49373.2	12203.4	12201.1
Mg24	22335.8	0.220679	99119.8	45877.3	45876.8
Si28	26053.2	0.12945	83107.5	25349.4	25348.9
O16	14895.1	0.224211	81559	32983.2	32982.8
O16	14895.1	0.220068	72592.5	25448.1	25447.4
O16	14895.1	0.213502	95637.5	43435.7	43435
Mg24	22335.8	0.210103	93921.7	42149.7	42149.3
Si28	26053.2	0.46899	89281.9	38908	38907.5
Si28	26053.2	0.591771	50204.4	9185.67	9184.85
O16	14895.1	0.224117	95708.4	43664.7	43663.4
Si28	26053.2	0.155534	60428	19061.8	19061.6
O16	14895.1	0.296899	78063	31288.7	31287.6
O16	14895.1	0.191483	53602	15181.5	15181
O16	14895.1	0.944933	51221.9	13544.8	13542.1
O16	14895.1	0.653272	64646.1	18124.2	18123.4
O16	14895.1	0.825442	70382	22741.3	22740
Mg24	22335.8	0.941007	89795.7	36592.3	36591.2
O16	14895.1	0.357459	69912.7	20932.1	20931
O16	14895.1	1.07652	38754.1	1460.33	1459.17
Si28	26053.2	0.495137	87271.9	37317.3	37316
Si28	26053.2	0.26507	81172.5	30999.2	30998.6
Si28	26053.2	0.135701	69669.9	22918.2	22917.9
Si28	26053.2	0.114345	56633.4	13989.8	13988.9
Mg25	23268	0.129182	79405	30362.7	30362
neutron	939.565	28.0002	70019.1	24271.3	24031.1
Be10	9325.5	7.14796	70019.1	24271.3	24031.1
Mg24	22335.8	0.357309	99678.1	46149.6	46149.1
O16	14895.1	0.259438	71831.6	16403.4	16402.8
O16	14895.1	0.333895	48064.5	307.079	306.107
Mg24	22335.8	0.209639	94236.3	42557.1	42556.5
Mg24	22335.8	0.26301	77267.8	30671.2	30670.4
Si28	26053.2	0.118728	67734	19937.6	19937.5
Fe56	52089.8	0.0542515	47373.9	6055.1	6054.64
O16	14895.1	0.43505	84612.4	35891.9	35891.2
neutron	939.565	3525.47	64869.8	21765.8	17048.9
neutron	939.565	3.03476	64869.8	21765.8	17048.9
Ne20	18617.7	0.626615	64869.8	21765.8	17048.9
Mg24	22335.8	0.691014	59554.7	13810.6	13809.5
O16	14895.1	0.233877	56100.2	11376.8	11376
O16	14895.1	0.381764	46564.4	4877.84	4877.14
Si28	26053.2	0.294118	73127.8	27298.7	27298.2
Mg26	24196.5	0.255366	55195.4	15505.1	15504.4
Si28	26053.2	0.161493	49521.9	10505.3	10505.1
O16	14895.1	0.922194	40449.2	4816.96	4815.99
Si28	26053.2	0.180876	55133.7	8754.62	8754.33
Mg24	22335.8	0.309503	46200.4	3280.42	3280.05
O17	15830.5	0.182318	76546.9	29526.9	29526.5
O16	14895.1	1.11822	76002.9	29010.1	29008.9
Mg24	22335.8	0.147697	48110.8	10306.8	10306.1
Mg26	24196.5	0.307378	95500.8	43409.1	43408.7
Mg24	22335.8	0.155352	80291.5	33139.5	33138.6
Si29	26984.3	0.161449	79852.1	32179.5	32178.8
O16	14895.1	0.208536	77735.7	29770.7	29770.3
O16	14895.1	0.476808	54434.3	11019.1	11018.6
Fe54	50231.2	0.100558	69853.1	25176.5	25176.3
Si28	26053.2	0.400529	76376.9	27957.7	27956.8
O16	14895.1	0.279858	57622.6	14318	14317.4
O16	14895.1	0.64968	93348.2	41472.3	41471.1
Si28	26053.2	0.159389	81095	31509.2	31508.8
Fe56	52089.8	0.143054	79913	30808.9	30808.7
Mg24	22335.8	0.589138	78560.4	30000.9	29999.8
Si28	26053.2	0.117444	51562.8	8581.67	8580.59
Mg26	24196.5	0.303432	87345.4	38217.3	38216.9
O16	14895.1	0.190155	46739.5	9815.38	9815.13
O16	14895.1	0.239464	81053.6	32071.9	32071.6
O16	14895.1	0.835883	80574.1	31775.9	31774.5
O16	14895.1	0.235827	77547.7	29202.7	29202.3
Si28	26053.2	0.116962	61477.6	16083.4	16082.8
Fe56	52089.8	0.072396	58112.5	13739.1	13738.7
O16	14895.1	0.383712	91142.2	39860.3	39859.8
O16	14895.1	0.452033	33594.3	1300.34	1299.77
Mg24	22335.8	0.439524	85795.2	28415.6	28415.2
Si28	26053.2	0.119492	99655.9	46115.8	46115
O16	14895.1	0.290453	74745.8	28115.6	28114.9
O16	14895.1	1.98824	65941	22194.1	22191.8
O16	14895.1	0.709894	43502	7718.14	7717.13
Si28	26053.2	0.622911	34990.8	2527.52	2526.74
O16	14895.1	0.962248	74145.8	22626	22624.4
O16	14895.1	0.242696	60319.7	13192.4	13191.6
Si30	27913.2	0.106407	49300.9	5672.75	5672.56
Si28	26053.2	0.765621	89605.5	39841.6	39840.7
Mg24	22335.8	0.177651	77510.2	31320	31319.9
O16	14895.1	0.380732	67697	25231.8	25231
O16	14895.1	0.198217	59849.9	18876.7	18876.2
O16	14895.1	0.329208	40571.4	3077.12	3076.28
Si28	26053.2	0.135974	35764	202.029	201.854
Si28	26053.2	0.135347	99256	45855.5	45855.2
O16	14895.1	0.213558	62113.2	10150	10149.1
O16	14895.1	0.94545	84198.8	34129	34127.4
Si28	26053.2	0.306911	83675.2	33715.1	33714.4
Si28	26053.2	0.164568	58163.3	15799.6	15799.3
Mg24	22335.8	0.481	86973.6	37278.7	37278
neutron	939.565	3.08374	48011.8	8510.57	5278.42
O14	13044.8	0.532927	48011.8	8510.57	5278.42
Mg24	22335.8	0.140424	92973.7	39824.5	39823.7
O16	14895.1	0.224603	51878.9	12568.2	12567.8
Si28	26053.2	0.132612	81235.6	31074.1	31073.6
O16	14895.1	0.323113	49874.1	10526.6	10526.2
Mg24	22335.8	0.138075	48970	10004	10003.5
O16	14895.1	0.255563	44859.9	8191.49	8190.62
Si28	26053.2	0.134245	74781	26731	26730.5
Si28	26053.2	0.113325	37815.6	1154.58	1153.8
O16	14895.1	0.415225	83839.4	34435.2	34434.3
neutron	939.565	212.576	58854.4	16958.3	2069.61
neutron	939.565	32.8173	58854.4	16958.3	2069.61
alpha	3727.38	50.5549	58854.4	16958.3	2069.61
He3	2808.39	6.02677	58854.4	16958.3	2069.61
O16	14895.1	0.210758	55464.4	31.4558	30.8257
Mg24	22335.8	0.129991	80755.9	32808.3	32808.1
Mg24	22335.8	0.260292	54804.7	10594.2	10593.6
Mg24	22335.8	0.350969	41232.3	801.15	800.571
O16	14895.1	0.235272	92938.2	42145.5	42145.2
Mg26	24196.5	0.256672	92360.5	41756.9	41756.1
O16	14895.1	0.300892	66759.1	22913.2	22911.9
O16	14895.1	0.423736	89029.3	36615.4	36614.2
O16	14895.1	0.283853	85264.6	33765.4	33764.8
Si28	26053.2	0.139828	71848.1	24543.2	24543
O16	14895.1	0.194747	70831.9	23915.9	23915.3
O16	14895.1	0.319781	44775.9	5382.91	5381.91
O16	14895.1	0.701468	68654	22486.6	22485.8
neutron	939.565	143.631	63287.2	19221.3	18777.6
neutron	939.565	97.2419	63287.2	19221.3	18777.6
neutron	939.565	9.3308	63287.2	19221.3	18777.6
alpha	3727.38	2.52894	63287.2	19221.3	18777.6
C12	11174.9	18.2267	63287.2	19221.3	18777.6
Mg24	22335.8	0.132309	61466.4	17635.5	17634.5
Mg24	22335.8	0.721223	86210.3	35629.1	35627.7
Si28	26053.2	0.113805	58223.2	12324.6	12324.5
O16	14895.1	0.240153	54531.8	9673.74	9673.49
O16	14895.1	0.753895	45229.3	4013.52	4012.7
Mg24	22335.8	0.157163	86351.9	36014.1	36013.5
Si28	26053.2	0.142603	43617.2	6445.38	6444.99
Si30	27913.2	0.164315	51918.7	10306.5	10306.3
O16	14895.1	0.435422	92471.6	41621.5	41620.9
O16	14895.1	0.297988	92377	41569.2	41568.6
O16	14895.1	0.201763	99478	45948.5	45947.5
Si28	26053.2	0.121332	86273.1	36816.6	36816.2
Mg24	22335.8	0.469772	79858	31697	31696.3
Mg24	22335.8	0.232046	62926.6	17632.7	17632.3
Si28	26053.2	0.303127	56521.2	12537.3	12536.8
Si28	26053.2	0.117136	96982.3	43700.1	43700
Mg24	22335.8	0.299049	78333.1	31279.4	31278.5
Mg24	22335.8	0.234766	73173.2	27742.4	27741.6
Mg24	22335.8	0.140114	67228.8	23675.7	23675.3
O16	14895.1	0.273471	41504.3	4851.01	4849.83
neutron	939.565	1867.68	91585.7	40972.5	38165
N14	13040.2	1.38333	91585.7	40972.5	38165
O16	14895.1	0.264018	54183.4	12263	12262.3
O16	14895.1	1.05797	84816.6	36991	36989.9
O16	14895.1	0.259195	83427.4	36140.6	36140.1
O16	14895.1	0.246451	35763	1851.68	1851.11
Mg24	22335.8	0.155274	79334	31725.8	31725.6
O16	14895.1	1.19258	68961.3	23333.4	23332.2
neutron	939.565	5.59772	52145	11211.6	10910.6
neutron	939.565	2.22283	52145	11211.6	10910.6
Ne22	20479.7	4.33477	52145	11211.6	10910.6
Si28	26053.2	0.134703	37824.7	1560.53	1560.32
O16	14895.1	0.313745	71605.1	24411.6	24410.9
Mg24	22335.8	0.137316	60564.9	16179	16178.3
Si28	26053.2	0.468587	36735.3	780.494	779.796
Si28	26053.2	0.159569	94405	42683.6	42682.7
Si28	26053.2	0.111132	59928.4	18270.1	18269.9
Si28	26053.2	0.158175	58190.6	17033.9	17033.7
O16	14895.1	0.352851	45386.4	7900.74	7900.38
neutron	939.565	1.1345	66637	18320.3	18091.2
N15	13968.9	0.406728	66637	18320.3	18091.2
Si28	26053.2	0.166658	60827.6	13586.9	13585.6
O16	14895.1	0.597331	83960.1	32834.9	32833.7
O16	14895.1	0.388487	59113.3	14618	14616.4
Si28	26053.2	0.480816	52166.4	9801.04	9800.45
O16	14895.1	0.380566	74052.4	27679.3	27678.3
O16	14895.1	0.296709	52746.7	12116.5	12115.6
Si28	26053.2	0.123196	50292.7	7067.82	7067.19
O16	14895.1	0.268387	98212.1	45254.6	45253.8
Mg24	22335.8	0.697934	38909.3	1011.03	1010.13
O16	14895.1	0.356712	73148.1	20546.9	20546.5
Si28	26053.2	0.140015	99359.4	45990.4	45990.1
Mg24	22335.8	0.233115	91672.9	40963.4	40962
Si28	26053.2	0.14496	54369.6	14646.1	14645.9
O16	14895.1	0.726685	66843.6	15952.3	15950.6
O16	14895.1	0.192388	94564.3	42734.2	42733.6
O16	14895.1	0.361719	77656.5	29549.4	29549
Si28	26053.2	0.502618	49584.7	10648.7	10648.2
Mg24	22335.8	0.233638	90652.8	39823.1	39822.5
Si30	27913.2	0.320272	81998.5	30423.5	30423
Mg24	22335.8	0.172109	52619.3	10417.7	10417.4
Si28	26053.2	0.181955	84483.1	35352.5	35352.1
Mg24	22335.8	0.155688	46423.3	6903.97	6903.33
Mg26	24196.5	0.132844	41521.7	3465.89	3465.68
O16	14895.1	0.484096	86530	37436.1	37435.2
neutron	939.565	608.191	78645.8	32304.1	30803.3
C13	12109.5	0.581707	78645.8	32304.1	30803.3
Si28	26053.2	0.337936	92530.5	41585.4	41584.8
O16	14895.1	0.270272	79819.4	30813.7	30813
Si28	26053.2	0.49324	45204.3	4408.15	4407.61
Si28	26053.2	0.195923	40610	1164.8	1163.68
Fe56	52089.8	0.107166	97399.2	44697.4	44696.2
Si28	26053.2	0.205268	97203.1	44509	44508
O16	14895.1	0.412368	81529.4	32101.7	32101.2
Si28	26053.2	0.200795	62116.6	19029.3	19028.7
O16	14895.1	0.381687	57557.1	15748.9	15747.4
Mg25	23268	0.84728	50488.7	12983.9	12620.2
O16	14895.1	0.928942	48598.1	11391.5	11390.3
Si28	26053.2	0.237546	31416.7	681.987	681.299
O16	14895.1	0.202129	98470.6	44390	44389.8
O16	14895.1	0.375503	91437.4	38775.3	38774.7
Si28	26053.2	0.113064	75687.4	27529	27528.8
O16	14895.1	0.351827	51220.4	9120.79	9120.43
O16	14895.1	1.6571	77432.2	30723.7	30721.9
Mg24	22335.8	0.126523	76398.4	30104.3	30104.1
Si28	26053.2	0.162059	50655.4	11176.8	11176.1
O16	14895.1	0.210957	74378.6	26297.5	26297.1
O16	14895.1	0.22299	63984.4	19605.6	19605.4
O16	14895.1	0.485846	41392.1	3873.57	3872.21
Si28	26053.2	0.20241	92894.6	40971.3	40971
Mg24	22335.8	0.190288	93398.5	41241.2	41241
Si28	26053.2	0.131936	89031.8	38511.1	38510.9
Mg25	23268	0.248669	85443.3	35812.9	35812.3
Si29	26984.3	0.154095	77602.8	29987.5	29987.3
Si28	26053.2	0.186129	58165.9	14579.2	14578.7
Mg24	22335.8	0.966061	96729.8	43945.9	43944.2
Si30	27913.2	0.102401	73890	27267.9	27267.2
O16	14895.1	0.195475	71728.7	25677.2	25676.7
O16	14895.1	0.216469	39011.9	3065.67	3065.42
O16	14895.1	0.366443	85856	29956.7	29956.2
O16	14895.1	0.229052	90870.2	39974.4	39974.1
O16	14895.1	0.404653	81949.1	34080.7	34080.2
O16	14895.1	0.450257	90180.2	39322.5	39322
O16	14895.1	0.253767	78449.6	29228.9	29228.6
Si28	26053.2	0.190868	60015.3	16851.4	16851.2
O16	14895.1	2.14993	88855.4	39012	39009.8
neutron	939.565	219.347	69459.5	24985.5	24285.3
neutron	939.565	0.473251	69459.5	24985.5	24285.3
N13	12111.2	1.07924	69459.5	24985.5	24285.3
O16	14895.1	0.478331	36810.7	2227.36	2226.75
neutron	939.565	0.724274	69505.8	24850.5	24579.1
B12	11188.7	1.13043	69505.8	24850.5	24579.1
O16	14895.1	0.359536	85957.2	36260	36258.8
O16	14895.1	0.356416	88777.7	39019.3	39018.7
O16	14895.1	0.198661	66789.8	22159.8	22159.5
O16	14895.1	0.271203	81210.9	31683	31682.5
O16	14895.1	0.210026	75361.3	13899.5	13899.1
O16	14895.1	0.957736	62151.1	4502.15	4500.87
Mg24	22335.8	0.25391	86233.9	36062.7	36062.2
O16	14895.1	0.213242	81731.5	32500.5	32500.3
Si28	26053.2	0.109125	42003.7	213.606	213.135
O16	14895.1	0.238572	49452.4	8864.7	8864.26
Fe56	52089.8	0.0598288	60574.9	18328.6	18328.1
O16	14895.1	0.629261	37889.8	2572.78	2571.97
O16	14895.1	0.303384	93979.2	42120.1	42119.7
O16	14895.1	0.199233	81566.5	32356.8	32356.3
neutron	939.565	0.520759	79195.9	30120.2	26068.1
N14	13040.2	0.545513	79195.9	30120.2	26068.1
Mg24	22335.8	0.309499	39816.1	4230.98	4229.28
Si28	26053.2	0.735146	95137.5	43297.3	43296.4
O16	14895.1	0.482435	76511.1	30713.5	30711.6
O16	14895.1	0.314734	70852.7	27351.3	27350.8
Si28	26053.2	0.225809	67996.5	25315.2	25314.2
O16	14895.1	0.572275	75605.8	28814.3	28813.3
O16	14895.1	1.2324	73711	27536.7	27535.1
O16	14895.1	0.288689	57723.3	16607.9	16607.5
Si28	26053.2	0.170659	55536.8	15197	15196.6
O16	14895.1	0.398789	32749.5	56.7549	56.0707
O16	14895.1	0.216566	52611.5	8733.59	8733.28
O16	14895.1	4.21373	77613.7	29525.1	29520.8
O16	14895.1	0.234257	66819.7	11303.8	11303.5
O16	14895.1	0.305488	67622.2	24816.2	24815.6
Si28	26053.2	0.22486	81787.9	31244.4	31243.8
Fe56	52089.8	0.0732666	61738.4	13819.2	13819.1
O16	14895.1	0.196531	51816	6724.11	6723.9
Mg24	22335.8	0.291005	46361.6	3188.64	3187.98
O16	14895.1	0.238888	56829	16327.6	16325.2
O16	14895.1	0.495996	54103.8	14495	14494.2
O16	14895.1	0.214666	38823.2	4503.85	4503.44
Fe56	52089.8	0.0800222	97541.1	44986	44985.5
O16	14895.1	0.22671	76934.9	28765.6	28765.1
Mg24	22335.8	0.130245	70039.8	23784	23782.7
Mg24	22335.8	0.165402	74825.9	23452.3	23451.1
O16	14895.1	0.318155	86962.9	36023.1	36022.8
Si28	26053.2	0.492835	73098.5	25519.4	25518.8
O16	14895.1	0.236943	49728.2	12287.7	12286.7
Si28	26053.2	0.392204	66153.1	883.897	883.481
Si28	26053.2	0.40708	80438.6	30984.3	30983.9
O16	14895.1	0.242919	84534.3	33879.4	33878.4
O16	14895.1	0.32691	69389	22581.4	22581
Mg24	22335.8	0.141339	57958.5	15461	15460.4
Si28	26053.2	0.335966	94694	41905.4	41904.7
O16	14895.1	0.372148	88097.6	37157.1	37156.5
O16	14895.1	0.305093	76114.9	28204.2	28203.8
O16	14895.1	0.410047	62032.5	18958.2	18957.3
Mg24	22335.8	0.133834	41454.3	3513.86	3513.67
Si28	26053.2	0.3447	96668.1	41318.8	41318
Si28	26053.2	0.214679	47845.6	2916.07	2915.34
O16	14895.1	0.19747	92216.1	41393.5	41393.3
O16	14895.1	0.24693	91220.7	40796.4	40796
neutron	939.565	29.0731	80691.6	32324.4	26603
neutron	939.565	16.9548	80691.6	32324.4	26603
neutron	939.565	5.50548	80691.6	32324.4	26603
alpha	3727.38	22.5739	80691.6	32324.4	26603
alpha	3727.38	5.28629	80691.6	32324.4	26603
alpha	3727.38	8.36587	80691.6	32324.4	26603
O16	14895.1	0.641308	59060.4	11960.2	11959.4
Mg24	22335.8	0.143524	81622	34044.1	34043.3
Si28	26053.2	0.111216	78901.7	32199	32198.5
O16	14895.1	0.230473	44507.8	8027.9	8027.63
O16	14895.1	0.312528	71273.6	24502.8	24502.1
Si28	26053.2	0.756165	58541.2	17520.5	17519.4
O16	14895.1	0.286916	47855	6948.5	6948.17
O16	14895.1	0.27271	92144	41354.5	41353.7
Mg24	22335.8	0.26401	87309.8	37048.3	37047.6
O16	14895.1	0.195442	59412.1	15996.2	15996
O16	14895.1	0.220552	83742.4	35239.4	35238.9
O16	14895.1	3.85494	48396.8	9732.02	9727.69
O16	14895.1	1.10942	34704.8	647.083	645.871
O16	14895.1	0.223079	79584.9	32663.9	32663.6
Si28	26053.2	0.194745	78514.9	31841.7	31840.8
Fe56	52089.8	0.472337	73527.3	28315.5	28315
O16	14895.1	0.253976	36882	2660.13	2659.32
Mg24	22335.8	0.314678	98108.7	45284.9	45284.3
Si28	26053.2	0.200059	79123.7	32533.8	32532.6
O16	14895.1	1.63756	98971.7	45302.4	45299.7
Mg24	22335.8	0.35404	82933.2	33262.2	33261.6
Mg24	22335.8	0.133599	52733.9	13108.4	13108.2
Mg24	22335.8	0.22228	51267.2	12236	12234.9
Mg26	24196.5	0.168314	97647.9	44911.5	44911.2
Si28	26053.2	0.113449	55223.8	13567.6	13566.9
neutron	939.565	85.0679	47593.3	8657.56	8449.04
neutron	939.565	75.6137	47593.3	8657.56	8449.04
Al25	23271.8	0.327832	47593.3	8657.56	8449.04
O16	14895.1	0.227056	41959.1	4979.71	4979.22
O16	14895.1	0.671688	99758.7	46178.7	46177.8
O16	14895.1	0.196537	98659.9	45587.1	45586.8
neutron	939.565	16.638	87357.4	37287.2	36838.9
neutron	939.565	7.82542	87357.4	37287.2	36838.9
neutron	939.565	3.56653	87357.4	37287.2	36838.9
neutron	939.565	1.01441	87357.4	37287.2	36838.9
alpha	3727.38	7.0577	87357.4	37287.2	36838.9
C12	11174.9	0.150934	87357.4	37287.2	36838.9
Si28	26053.2	0.160912	88523.1	36550.2	36549.8
neutron	939.565	96.7161	79349	30766.4	30112.7
N14	13040.2	1.14539	79349	30766.4	30112.7
Fe56	52089.8	0.0783282	61219.7	17755.3	17755
Si28	26053.2	0.443254	72788.6	20484.8	20483.5
Fe56	52089.8	0.0704987	84650	35760.6	35760.3
O16	14895.1	0.221724	53710.7	15479.9	15479.2
Mg24	22335.8	0.868725	81802.4	31256.4	31254.2
O16	14895.1	0.242616	64750.9	18731.1	18730.4
O16	14895.1	0.298178	57595.1	13707.4	13707
Mg24	22335.8	0.142983	99184.6	45911.9	45911.7
neutron	939.565	79.5197	81951.1	33221.9	32937.5
neutron	939.565	0.286815	81951.1	33221.9	32937.5
N14	13040.2	0.315913	81951.1	33221.9	32937.5
O16	14895.1	0.454796	74410.4	27485.8	27484.7
O16	14895.1	0.641813	49419.8	8960.27	8959.25
O16	14895.1	0.260069	64025.1	22045.7	22044.5
Fe56	52089.8	0.194522	98518.9	45463.6	45463.4
O16	14895.1	0.378565	91816.2	40824	40823.1
Si28	26053.2	0.198194	83195.1	35266.5	35266
O16	14895.1	0.39309	65528.3	23002	23001.3
O16	14895.1	0.511467	97235.9	44743.6	44742.4
C12	11174.9	0.457445	94147.4	42819.3	41860.3
Mg24	22335.8	0.159959	61977.3	19212.5	19212.3
Si28	26053.2	0.123549	96354.9	44310.7	44310.5
O16	14895.1	0.222132	90554.6	39550.2	39549.8
O16	14895.1	0.29775	89144.7	36927.3	36927
O16	14895.1	0.61752	67973.4	21933.1	21931.8
Fe56	52089.8	0.0759112	61800.8	18005	18004.4
Mg26	24196.5	0.242552	71463.6	21995.8	21995.5
O16	14895.1	0.205722	55749.5	11621	11620.7
Si29	26984.3	0.112543	69335.6	23244.5	23244.3
O16	14895.1	0.252144	51309.8	10793.4	10793
O16	14895.1	0.386207	45640.1	7867.54	7867.14
Si28	26053.2	0.141534	39866.3	4040.4	4040.16
neutron	939.565	49.584	97912.6	45115.8	44849.5
neutron	939.565	1.61487	97912.6	45115.8	44849.5
N14	13040.2	0.298564	97912.6	45115.8	44849.5
O16	14895.1	0.21807	60198.9	20316.6	20316.4
neutron	939.565	321.176	86621.4	37372.2	35813.6
neutron	939.565	70.5249	86621.4	37372.2	35813.6
B10	9324.44	13.7301	86621.4	37372.2	35813.6
Mg24	22335.8	0.198387	93099	42358.1	42357.9
Mg25	23268	0.487589	76809.5	29460.1	29458.6
O16	14895.1	0.981898	75242.9	28501.7	28500.3
Si28	26053.2	0.120283	98699.6	45635.9	45635.1
O16	14895.1	0.213368	97422.1	44810.3	44810
O16	14895.1	0.397314	70793.3	25236	25235.5
Si28	26053.2	0.477284	40806.3	3882.23	3881.59
O16	14895.1	0.271435	93997.7	42407.1	42405.6
O16	14895.1	0.824885	76154.5	29222	29220.5
O16	14895.1	0.201053	73176.8	27101.5	27101
Si28	26053.2	0.376792	57304.1	14409.1	14407.8
O16	14895.1	0.207256	60648	20221.9	20221.3
O16	14895.1	0.2113	35597.5	2534.8	2534.53
Mg24	22335.8	0.129595	88802	38055.6	38054.9
O16	14895.1	0.256621	45053.8	6032.87	6032.24
Mg24	22335.8	0.35015	72779	26762.5	26762
Si28	26053.2	0.154116	58497.6	12977.8	12977.4
Mg24	22335.8	0.13346	75020.6	20055.8	20055.5
O16	14895.1	0.215374	69118.5	16086.2	16085.4
Si28	26053.2	0.135942	65665.9	13861.8	13861.6
O16	14895.1	0.368478	53437.2	5253.71	5252.55
Si28	26053.2	0.116291	72616.3	16775.2	16775
Mg24	22335.8	0.177713	69416.6	24241.6	24241.2
O16	14895.1	0.219604	59692.5	18218.4	18217.7
O16	14895.1	0.514004	58599.7	17281.1	17280.2
Mg24	22335.8	0.1373	81803	31386.6	31386.3
O16	14895.1	1.08989	49386	8590.35	8586.85
Si28	26053.2	0.360145	71675.8	25265	25264.5
Si28	26053.2	0.499835	64835.4	20343.7	20343.1
neutron	939.565	0.182608	59517.2	16772.6	15744.4
Na22	20482.1	0.216621	59517.2	16772.6	15744.4
Si28	26053.2	0.23623	58431.4	15095.8	15094.6
Mg25	23268	0.156195	51222.4	12230.9	12230.5
neutron	939.565	57.7351	57782.9	16056.8	15832.5
neutron	939.565	5.95614	57782.9	16056.8	15832.5
O18	16762	0.984027	57782.9	16056.8	15832.5
Si28	26053.2	0.109123	48924.4	12083.9	12083.3
Mg24	22335.8	0.28523	75240.8	11412.3	11411.1
Mg24	22335.8	0.200846	65507.9	3507.28	3506.72
Mg25	23268	0.575151	71453.1	26489.1	26488.3
O16	14895.1	0.246351	58748.2	17424.5	17424.2
O16	14895.1	0.335878	43834.5	8000.6	8000.15
Mg24	22335.8	0.194503	40609.8	5588.1	5587.16
Mg24	22335.8	0.64928	51762.6	8639.67	8638.85
neutron	939.565	6.35783	93217.8	42455	41897.5
neutron	939.565	6.0166	93217.8	42455	41897.5
B11	10252.5	13.5909	93217.8	42455	41897.5
Si28	26053.2	0.196375	60047.7	19608	19607.5
O16	14895.1	0.353677	99818.8	46302	46300.7
O16	14895.1	6.79344	51180.3	12687.1	12679.9
Si28	26053.2	0.191062	40745.6	4709.21	4708.94
O16	14895.1	0.215465	98965.9	45828.5	45828
O16	14895.1	0.328287	75692.9	29031	29030.6
O16	14895.1	0.27612	74715.8	28293.4	28292.6
O16	14895.1	0.660526	70316.1	23397.1	23396.4
Mg24	22335.8	0.144164	49952.8	9366.26	9365.65
Si30	27913.2	0.708181	49501.8	9050.66	9048.98
Si28	26053.2	0.207317	47807.4	7930.16	7928.96
Si28	26053.2	0.14545	77773	30375.5	30374.2
O16	14895.1	0.465359	63945.3	16595.2	16594.3
Mg24	22335.8	0.20493	93835.6	38760.1	38759.8
O16	14895.1	0.552535	77558.3	27885.1	27884.2
Si28	26053.2	0.113277	55155.6	15226	15225.8
O16	14895.1	0.270622	79958.6	33098.6	33097.9
Si28	26053.2	0.20694	55855.2	16351	16350.5
Fe56	52089.8	0.0588659	51205.4	13443	13442.8
O16	14895.1	0.412814	99999.6	46415.9	46415.3
Mg26	24196.5	0.236057	60218.4	15394	15393.3
O16	14895.1	0.440165	40422.5	2409.67	2408.95
Mg24	22335.8	0.153563	71387.9	26936	26935.5
O16	14895.1	0.211474	62423.5	20867.1	20866.3
O16	14895.1	0.434869	54555.2	16133.1	16132.5
Si28	26053.2	0.421374	56965	15302	15301.2
C14	13040.9	3.00019	38856.6	2296.24	2057.4
Mg24	22335.8	0.132241	86436.1	37302.2	37301.7
O16	14895.1	0.364494	47460.4	6390.97	6390.3
Mg24	22335.8	0.240704	91179.3	40294.1	40293.1
O16	14895.1	0.338286	62058.9	20162.6	20162.2
O16	14895.1	0.194333	56676.7	16578.7	16577.8
Si28	26053.2	0.39638	47099	10028.1	10027.6
O16	14895.1	0.334146	95451.8	43694.8	43694.3
O16	14895.1	0.472678	81319	34039.8	34039.3
O16	14895.1	0.647541	64079.3	14441.2	14440.2
O16	14895.1	0.199166	97366.4	44800.1	44799.5
O16	14895.1	0.429885	71512.3	24589.8	24589
O16	14895.1	0.199096	43878.9	3872.77	3871.86
Si28	26053.2	0.216056	91809.1	35396.3	35395.9
Mg24	22335.8	0.29363	88527.1	38960.3	38958.6
Mg25	23268	0.37849	75852.2	23523.5	23522.9
Si28	26053.2	0.903409	66727.8	16913.9	16912.9
Si28	26053.2	0.172434	89934.5	39574.8	39574.6
O16	14895.1	0.39365	40969.1	6152.89	6152.42
Mg26	24196.5	0.292945	51175.9	10492.3	10491.6
O16	14895.1	0.221968	37830.8	1315.47	1315.13
O16	14895.1	0.268963	85976.4	34296.5	34296.1
Fe56	52089.8	0.322752	70745.9	24002.8	24001.8
Mg24	22335.8	0.18242	47707.9	8422.57	8422.32
Si28	26053.2	0.12856	37085.9	1588.39	1587.97
Si28	26053.2	0.158371	56476.7	12043.9	12042.7
O16	14895.1	0.438824	86463.7	36994.2	36993.5
Mg24	22335.8	0.154644	65238.7	15935.2	15935
Si28	26053.2	0.177704	62253.5	14050.9	14050.1
O16	14895.1	0.227452	58508.2	11525.3	11524.8
O16	14895.1	0.270067	56883.3	10542.4	10542.1
Si28	26053.2	0.11743	50149.3	5470.82	5470.64
O16	14895.1	2.71351	96270.1	44075.7	44073
Fe54	50231.2	0.0581691	84003.1	35898.3	35898.3
Si28	26053.2	0.108959	56661.4	17226	17225.7
alpha	3727.38	7.1443	50323.9	13039.7	12675.1
Mg24	22335.8	1.70729	50323.9	13039.7	12675.1
Si28	26053.2	0.171853	90898.3	39632.9	39632.2
O16	14895.1	0.190288	57841.9	16949.8	16948.6
O16	14895.1	0.447693	85104.8	36401	36400.5
O16	14895.1	0.935684	37465.5	3120.76	3119.72
O16	14895.1	0.238416	97943.6	44350.7	44350.2
O16	14895.1	0.189278	81384.1	29294.7	29293.7
O16	14895.1	0.725819	90126.2	39314.2	39312.7
O16	14895.1	0.709769	77053.9	28280.9	28279.4
O16	14895.1	0.227289	64601.5	22105.8	22105.1
O16	14895.1	0.294884	59580.1	18738.5	18738.2
Mg24	22335.8	0.208582	53903.5	13635.4	13634.7
O16	14895.1	0.217489	86307.4	36442.9	36442.6
Fe56	52089.8	0.0806966	77844.5	31192.5	31191.7
O16	14895.1	0.563596	47479.8	3157.58	3156.81
Mg25	23268	0.175012	93972.1	42759.4	42758.8
Mg26	24196.5	0.196266	89876.7	40047.8	40046.8
O16	14895.1	1.00475	83190.4	35532.8	35531.8
Si28	26053.2	0.909259	75290.4	30087.6	30086.3
Mg24	22335.8	0.212592	43192.9	7923.4	7923.1
O16	14895.1	0.566431	92352.2	38742.9	38739.6
Mg24	22335.8	0.129723	69230.9	24118.5	24117.8
O16	14895.1	0.376001	99002	45814.4	45813.9
O16	14895.1	0.211593	44090.7	8479.6	8479.02
C13	12109.5	2.88678	77266.3	28918.5	28645.5
O16	14895.1	0.556359	70312.2	23470.1	23469.3
Si28	26053.2	0.126709	62281	18166.4	18166
O16	14895.1	0.956285	62310.7	19917.8	19916.3
O16	14895.1	0.289125	74071	28379.6	28379
Mg24	22335.8	0.168302	65825.9	16021.4	16020.4
O16	14895.1	0.268118	81499.6	33171.8	33171.1
Mg24	22335.8	0.168834	55804.8	14592.5	14592.3
neutron	939.565	118.238	48718.7	10098.1	9564.41
C13	12109.5	0.195381	48718.7	10098.1	9564.41
Mg24	22335.8	0.243252	96909.8	44528.2	44526.7
Mg26	24196.5	0.174469	45714.4	10009.9	10009.3
O16	14895.1	0.230182	39100.1	804.089	803.787
O16	14895.1	0.389768	67828.5	24022.6	24022.2
Si28	26053.2	0.144572	39104.4	4160.53	4159.93
Mg24	22335.8	0.155525	53116.3	12235.9	12235.3
Si28	26053.2	0.455005	66339.4	18532	18531.2
O16	14895.1	0.412829	40718	6247.86	6247.2
O16	14895.1	0.231392	38872.5	5122.44	5122.03
Si28	26053.2	0.744489	82032.8	33122	33120.8
Mg24	22335.8	0.51466	91975.3	40696.7	40695.7
Si28	26053.2	0.109514	57575.7	15013.2	15012.8
O16	14895.1	0.352027	49115.9	9520.4	9519.77
Si28	26053.2	0.435652	42703.8	5418.01	5417.3
O16	14895.1	0.548324	89564.9	38924.6	38923.5
O16	14895.1	5.05776	37223	1784.15	1777.94
Mg24	22335.8	0.18873	94236.5	42665.3	42664.7
O16	14895.1	0.443135	55579.4	15382	15380.9
Si28	26053.2	0.117687	81018.1	33146.5	33146.4
Mg26	24196.5	0.511856	38670.1	5385.87	5384.96
O16	14895.1	0.327188	90163.9	39232.1	39231.3
O16	14895.1	0.47125	95344.5	43178.8	43177.6
O16	14895.1	0.336563	65982.4	16188	16187.6
Mg24	22335.8	0.171036	84438.9	34065.5	34065.1
Si28	26053.2	0.115715	47436.8	6342.7	6341.81
Si28	26053.2	1.49574	99407.9	46078	46075.2
O16	14895.1	0.225772	78763.1	29972.9	29971.2
O16	14895.1	0.215117	76998.1	28776.6	28775.5
O16	14895.1	0.491909	55806	9159.78	9159.26
Si28	26053.2	0.158258	54267.5	7788.99	7788.66
O16	14895.1	0.364069	77396.9	29267.8	29266.7
O16	14895.1	0.330295	97140.6	44512.7	44512.2
O16	14895.1	0.608934	66834.1	19884.3	19883.5
Mg24	22335.8	0.209718	72250.5	25720.9	25720.6
Mg24	22335.8	0.359047	55424.5	14459.5	14459
O16	14895.1	0.274766	96575.1	41270.2	41269.9
Mg24	22335.8	0.155579	67368.8	18794.2	18793.9
O16	14895.1	0.248685	60699.2	14583.3	14582.9
Mg25	23268	0.232517	42075.5	5993.34	5992.69
Mg24	22335.8	0.285429	35807.3	2172.04	2171.6
O16	14895.1	0.76328	35349.8	2230.48	2229.02
O16	14895.1	0.460497	41819.3	6320.49	6319.92
Mg24	22335.8	0.236848	91494.3	40566.8	40565.6
Fe56	52089.8	0.087136	98278.6	44826.5	44826.4
Si30	27913.2	0.100994	68540.4	20465.5	20464.7
O16	14895.1	0.340184	87291.9	35777.8	35777.1
O16	14895.1	0.21528	52570.4	1901.89	1900.7
O16	14895.1	0.190165	50225.4	523.203	522.964
Mg24	22335.8	0.20001	59228.8	16124.3	16123.8
O16	14895.1	0.370094	89424.2	38446	38445.6
O16	14895.1	0.193625	65148.4	21859.7	21859.5
Si29	26984.3	0.1716	40244.6	4774.62	4774.13
Mg25	23268	0.144047	37325.7	3013.81	3013.41
Mg26	24196.5	0.329938	88327	37172.3	37171.4
O16	14895.1	0.217456	67348.7	21121.9	21121.4
O16	14895.1	0.243422	40289.8	3161.45	3160.97
Fe56	52089.8	0.0703607	81388.1	33074.8	33074.7
Si28	26053.2	0.140627	65379.6	22433.6	22433.4
O16	14895.1	0.241227	61120.1	19741.7	19740.7
O16	14895.1	0.335763	40536.7	5939.76	5939.31
O16	14895.1	0.89604	33818.8	1329.92	1328.44
neutron	939.565	4.25187	99997.6	46414.6	46090
neutron	939.565	2.73837	99997.6	46414.6	46090
Mg24	22335.8	1.92826	99997.6	46414.6	46090
Mg24	22335.8	0.219108	82324.1	33593	33592.5
Mg24	22335.8	0.155768	61049.8	18906.7	18906
O16	14895.1	0.572091	48176.2	10741.3	10740.7
Mg24	22335.8	0.804748	38332.9	4899.93	4898.59
O16	14895.1	0.586969	95409.6	42868.7	42868.1
Fe56	52089.8	0.481393	92219.9	39023.4	39022.2
O16	14895.1	0.969072	66864.8	18247.9	18246.5
O16	14895.1	0.197925	98079.5	45176.2	45176
O16	14895.1	0.245445	95604.5	43522.9	43521.7
neutron	939.565	205.044	80969.7	32829.9	32430.5
C13	12109.5	0.261926	80969.7	32829.9	32430.5
Si28	26053.2	0.126971	60515.2	17414.3	17414.2
O16	14895.1	0.56703	95811.7	43456.3	43455.7
Si28	26053.2	0.116515	62111.2	2602.37	2602.1
O16	14895.1	0.219608	97459	44595.2	44594.9
O16	14895.1	0.263344	38729.5	2553.43	2553.06
