Mg24	22335.8	0.244526	94024.9	13629.2	13628.3
Si28	26053.2	0.1323	89186.7	10254.9	10254.4
O16	14895.1	0.376927	76601.4	2137.9	2137.52
Si28	26053.2	0.573389	74420.9	726.869	725.874
Al28	26058.3	0.174547	73285.3	0	0
O16	14895.1	1.62765	76695.8	354.096	352.011
Na24	22341.8	0.198418	76284.8	0	0
O16	14895.1	0.234086	87897	2510.49	2509.86
neutron	939.565	11.6497	83876.4	0	0
neutron	939.565	1.44111	83876.4	0	0
Mg25	23268	0.632073	83876.4	0	0
Na25	23272.4	0.193311	73628.7	0	0
neutron	939.565	10.0675	73149.9	0	0
Mg26	24196.5	1.05337	73149.9	0	0
O16	14895.1	0.199227	96537.1	15227.7	15227.2
O16	14895.1	0.348486	79694	3414.38	3413.01
neutron	939.565	0.0972525	75290.3	0	0
Mn55	51161.7	0.103134	75290.3	0	0
O16	14895.1	0.200278	84705.1	5315.93	5315.49
neutron	939.565	0.286402	76116.3	0	0
N15	13968.9	0.257773	76116.3	0	0
neutron	939.565	647.86	80182.2	3898.98	2945.95
Ne22	20479.7	0.557954	80182.2	3898.98	2945.95
Al28	26058.3	0.187135	75089.5	0	0
neutron	939.565	21.5303	72155.1	0	0
neutron	939.565	1.82281	72155.1	0	0
F20	18625.3	0.983045	72155.1	0	0
neutron	939.565	2.42413	75451.1	0	0
Mg26	24196.5	0.700022	75451.1	0	0
neutron	939.565	0.103219	75844.9	0	0
Al27	25126.5	0.212355	75844.9	0	0
Fe56	52089.8	0.0851176	99507.3	17156.7	17156.4
Si28	26053.2	0.151718	88866.4	10120.6	10119.9
O16	14895.1	0.417539	77365.1	2973.18	2972.38
Na24	22341.8	0.210111	72304.5	0	0
N16	14906	0.290039	75608.6	0	0
O16	14895.1	0.346963	94845	13589.5	13588.7
Si28	26053.2	0.179947	90895.8	11103.1	11102.8
Si28	26053.2	0.159251	94112.4	12299.9	12299.5
O16	14895.1	1.6306	89330.8	10826	10823.8
Si28	26053.2	0.149692	72531.6	330.932	330.417
neutron	939.565	26.1978	72066.9	0	0
neutron	939.565	3.52441	72066.9	0	0
neutron	939.565	1.44427	72066.9	0	0
Mg24	22335.8	1.14344	72066.9	0	0
O16	14895.1	0.323897	88403.8	9762.29	9761.87
neutron	939.565	2.74064	73401.4	0	0
Mg26	24196.5	0.119462	73401.4	0	0
Si28	26053.2	0.154636	82662.6	6172.29	6172.08
Na24	22341.8	0.191328	72359	0	0
O16	14895.1	0.446231	84686.4	8011.87	8011.42
Si28	26053.2	0.327848	85510.6	6401.31	6400.88
O16	14895.1	0.205235	79377.7	2465.7	2465.39
O16	14895.1	0.189674	85349.2	8358.33	8357.83
Si28	26053.2	0.108583	84127.7	7581.78	7581.5
Al28	26058.3	0.171193	74723.1	0	0
O16	14895.1	0.880007	94780.2	13565.8	13564.9
O16	14895.1	1.19276	94647.7	13438.2	13436.5
Al28	26058.3	0.18813	74101.8	0	0
Mg24	22335.8	0.189533	94281.9	13971.3	13971
neutron	939.565	35.372	72306.3	0	0
neutron	939.565	2.04178	72306.3	0	0
neutron	939.565	1.83556	72306.3	0	0
Ne20	18617.7	0.272145	72306.3	0	0
Si28	26053.2	0.125621	91878.1	12122.7	12122.3
O16	14895.1	0.792703	75302.1	729.14	728.265
Mg26	24196.5	0.119218	77036.2	2767.14	2766.69
Si28	26053.2	0.240179	75303.6	1612.85	1612.6
O16	14895.1	0.212816	96159.3	14984.6	14984.2
O16	14895.1	0.348465	95873.2	14832.1	14831.5
Al28	26058.3	0.167474	73217	0	0
neutron	939.565	388.262	98890.9	16804.3	15910.6
neutron	939.565	9.54544	98890.9	16804.3	15910.6
C12	11174.9	6.07997	98890.9	16804.3	15910.6
O16	14895.1	0.251398	79939.2	4079.96	4079.39
Al28	26058.3	0.184151	72892.4	0	0
Mg24	22335.8	0.183449	93149.2	12003.3	12003
Mg24	22335.8	0.407946	92630.6	11672.6	11670.5
O16	14895.1	0.48924	94449.3	13969.7	13968.3
neutron	939.565	0.0826733	72391.4	0	0
Al27	25126.5	0.137514	72391.4	0	0
O16	14895.1	0.320922	80994.2	3752.85	3752.08
O16	14895.1	0.270811	96870.8	15510.5	15509.9
Si28	26053.2	0.389522	90380.2	11580.5	11579.6
Mg24	22335.8	0.141551	95884.8	15043.7	15043.5
neutron	939.565	3.57592	77379.8	0	0
neutron	939.565	3.51638	77379.8	0	0
neutron	939.565	0.20162	77379.8	0	0
Mn53	49301.8	0.0432257	77379.8	0	0
O16	14895.1	0.456578	75837.9	2046.57	2045.92
O16	14895.1	0.267355	74439	1236.73	1236.28
O16	14895.1	0.973429	74938	880.34	879.35
Si28	26053.2	0.188318	87513.3	8956.2	8955.44
neutron	939.565	1.21346	73618.3	0	0
Al27	25126.5	0.106682	73618.3	0	0
O16	14895.1	0.338659	89883.3	10053.7	10053.2
neutron	939.565	38.4181	73600.1	0	0
neutron	939.565	2.27123	73600.1	0	0
neutron	939.565	0.824324	73600.1	0	0
C12	11174.9	2.73669	73600.1	0	0
neutron	939.565	3.52422	73217	0	0
Ne22	20479.7	0.826563	73217	0	0
Fe56	52089.8	0.0579646	95144.2	14179.5	14179.4
O16	14895.1	0.231079	81528.9	5202.54	5202.26
neutron	939.565	1.21014	73268.3	0	0
alpha	3727.38	9.58463	73268.3	0	0
O18	16762	3.35879	73268.3	0	0
Si28	26053.2	0.113646	98014.7	15786.9	15786.5
Si28	26053.2	0.162774	84240.3	3589.44	3589.18
O16	14895.1	0.213333	82451	2556.71	2556.45
Al28	26058.3	0.168756	78184.6	0	0
Mg25	23268	0.134677	89208.4	10672.5	10672
O16	14895.1	0.42348	79773.4	4413.52	4412.85
O16	14895.1	1.22748	75368.6	1584.29	1582.35
O16	14895.1	1.7483	85809.5	7670.12	7668.13
Mg24	22335.8	0.149886	82889.8	5502.4	5502.19
neutron	939.565	9.73674	74005.7	0	0
neutron	939.565	3.60056	74005.7	0	0
Mg24	22335.8	0.239617	74005.7	0	0
Mg24	22335.8	0.231433	95306.9	14576.5	14575.6
O16	14895.1	0.220898	97562.4	15975.9	15975.3
Si28	26053.2	0.152899	93841.5	13640.5	13640.3
neutron	939.565	0.167894	76393.1	0	0
Na23	21409.2	0.157652	76393.1	0	0
Si28	26053.2	0.247722	75572.5	550.534	549.483
Al28	26058.3	0.161277	74659.7	0	0
O16	14895.1	0.37121	75125.1	1026.22	1025.81
O16	14895.1	0.455722	85920.2	7123.38	7122.73
Mg24	22335.8	0.312746	93088.7	11431.4	11430.4
O16	14895.1	0.240986	86883.2	7578.72	7578.05
neutron	939.565	9.66704	74375.4	0	0
neutron	939.565	3.66354	74375.4	0	0
neutron	939.565	1.98351	74375.4	0	0
Na23	21409.2	0.625573	74375.4	0	0
neutron	939.565	2.70324	74762	0	0
Al27	25126.5	0.335147	74762	0	0
O16	14895.1	0.271545	92606.8	12628.9	12628.6
O16	14895.1	0.247196	86954.3	8971.09	8970.7
Mg25	23268	0.161817	81810.9	5749.63	5748.78
Si28	26053.2	0.250721	97305.8	15757.3	15756.6
O16	14895.1	1.2711	74459.5	801.793	799.352
Mg24	22335.8	0.441379	87548.8	9212.63	9211.37
Si28	26053.2	0.244065	87038.6	8910.21	8909.52
O16	14895.1	0.232627	95572.1	14802.2	14801.1
neutron	939.565	14.251	73246.7	0	0
alpha	3727.38	4.05224	73246.7	0	0
Ne22	20479.7	2.03529	73246.7	0	0
Mg24	22335.8	0.145434	74128.2	103.078	102.76
Na24	22341.8	0.216269	74015.3	0	0
Mg24	22335.8	0.259122	94198.8	11662.5	11662.2
Si28	26053.2	0.155035	91848.1	9906.22	9905.36
O16	14895.1	0.194959	79679.6	2045.5	2044.15
Si29	26984.3	0.254569	96544.5	14935.3	14935
O16	14895.1	0.230015	80341.8	4314.86	4313.68
O16	14895.1	0.225084	98741.3	16772.8	16772.5
Mg24	22335.8	0.128866	98523.7	14582.2	14581.4
neutron	939.565	7.63154	76361	0	0
neutron	939.565	0.525302	76361	0	0
alpha	3727.38	8.89471	76361	0	0
Na22	20482.1	2.66365	76361	0	0
O16	14895.1	0.243239	99368	17020.7	17019.8
O16	14895.1	1.53694	94743.6	14099	14097.3
Na24	22341.8	0.206405	74333	0	0
O16	14895.1	0.318675	92522.2	12533.6	12533.1
O16	14895.1	0.198123	99744.3	17280.1	17279.8
Mg24	22335.8	0.12652	75582.1	707.809	707.32
neutron	939.565	0.528892	74383.9	0	0
Al27	25126.5	0.0800007	74383.9	0	0
Mg26	24196.5	0.462266	99596.1	17244.1	17243.5
neutron	939.565	0.109039	73048.8	0	0
Na25	23272.4	0.186998	73048.8	0	0
Mg24	22335.8	0.245205	79185.2	3486.06	3485.06
Si28	26053.2	0.121823	99960.9	17454.7	17454.2
Si28	26053.2	0.119238	97684.7	16051.2	16050.7
Si28	26053.2	0.209273	83407.2	7010.72	7010.47
Si30	27913.2	0.114308	81635.1	5829.93	5829.18
Na24	22341.8	0.215448	72731.3	0	0
O16	14895.1	0.224617	96337	15203.9	15203.1
O16	14895.1	0.31442	96824.3	15483.5	15483.1
Mn56	52094	0.0845936	72834.7	0	0
O16	14895.1	0.324639	89133.7	8865.64	8865.29
neutron	939.565	5.12932	75691.9	0	0
neutron	939.565	3.60796	75691.9	0	0
Mg25	23268	0.287228	75691.9	0	0
Si28	26053.2	0.156695	77825.8	1778.56	1778.21
O16	14895.1	0.395022	99304.3	16987.2	16986.2
O16	14895.1	0.883451	87079.6	8949.62	8948.7
Si28	26053.2	0.118282	75678.6	1532.89	1532.34
neutron	939.565	11.9558	74186.2	0	0
neutron	939.565	7.81645	74186.2	0	0
neutron	939.565	3.10003	74186.2	0	0
Mg24	22335.8	0.43448	74186.2	0	0
O16	14895.1	0.205572	88738.1	10016.6	10016.3
O16	14895.1	0.216377	85723.8	7630.26	7629.97
Mg24	22335.8	0.147276	95457.8	14540.5	14540.3
neutron	939.565	17.4946	99506.2	16782.7	16510.7
Si27	25130.8	1.14396	99506.2	16782.7	16510.7
Na24	22341.8	0.209983	74255.4	0	0
neutron	939.565	9.42372	72343.5	0	0
neutron	939.565	1.71246	72343.5	0	0
neutron	939.565	0.956642	72343.5	0	0
neutron	939.565	0.710761	72343.5	0	0
Mg23	21412.8	1.74918	72343.5	0	0
Si28	26053.2	0.114943	97254.2	15791.3	15791.1
neutron	939.565	27.8093	78807.6	0	0
neutron	939.565	3.1788	78807.6	0	0
neutron	939.565	1.14908	78807.6	0	0
C12	11174.9	2.24681	78807.6	0	0
neutron	939.565	5.96189	74540.9	0	0
neutron	939.565	2.74555	74540.9	0	0
Na24	22341.8	0.530468	74540.9	0	0
Mg24	22335.8	0.695683	79800.6	3929.17	3927.67
neutron	939.565	4.06172	73751	0	0
neutron	939.565	0.08228	73751	0	0
Ne20	18617.7	0.665227	73751	0	0
Si28	26053.2	0.160647	92440.3	12561.2	12561
Si28	26053.2	0.257365	79172.2	2990.73	2990.4
Al28	26058.3	0.164426	73142.6	0	0
O16	14895.1	0.346357	93809.5	12559.9	12559.5
Si28	26053.2	0.34015	98398.5	16461.6	16461.1
Si28	26053.2	0.203135	93836.8	11358.2	11357.6
neutron	939.565	3.54131	76677.5	0	0
neutron	939.565	2.26402	76677.5	0	0
Na24	22341.8	0.214807	76677.5	0	0
O16	14895.1	0.337867	90153.5	11041.2	11040.8
Na24	22341.8	0.197382	75083.7	0	0
Si28	26053.2	0.186725	93123.1	9329.34	9328.25
Mg24	22335.8	0.246979	90236.7	7418.88	7417.59
neutron	939.565	5.57808	78951.8	0	0
neutron	939.565	0.68181	78951.8	0	0
Mg25	23268	0.973464	78951.8	0	0
Mg24	22335.8	0.144208	99035.5	16927.8	16927.7
O16	14895.1	0.465913	86264.7	8690.62	8689.86
neutron	939.565	13.7789	72934.9	0	0
neutron	939.565	3.93964	72934.9	0	0
N14	13040.2	0.208948	72934.9	0	0
O16	14895.1	0.195972	98750.4	16715.7	16715.5
Si28	26053.2	0.143847	96080.8	15101.3	15100.1
O16	14895.1	0.293254	92163.5	12250.4	12249.8
O16	14895.1	0.201372	90814.1	11476.7	11476.2
Al28	26058.3	0.160096	75135.5	0	0
O16	14895.1	0.653362	93876.7	6340.79	6340.1
neutron	939.565	4.72052	74661.1	0	0
neutron	939.565	1.56776	74661.1	0	0
C13	12109.5	1.2935	74661.1	0	0
Mg24	22335.8	0.232145	87201.9	9265.47	9265.16
Si28	26053.2	0.150174	82313.9	5962.79	5962.62
O16	14895.1	0.405433	88023.7	7615.68	7615.13
Mg24	22335.8	0.201541	76561.6	101.041	100.472
O16	14895.1	1.32739	92652.1	9212.53	9210.2
O16	14895.1	0.442157	91978.2	8824.88	8824.15
neutron	939.565	6.25697	74211.1	0	0
neutron	939.565	1.78119	74211.1	0	0
Mg25	23268	0.147415	74211.1	0	0
Mg24	22335.8	0.221709	75721.9	1300.74	1299.65
neutron	939.565	6.5753	73559.4	0	0
neutron	939.565	1.55468	73559.4	0	0
Na24	22341.8	0.573868	73559.4	0	0
O16	14895.1	0.341466	95057.7	14195.5	14194.7
O16	14895.1	0.68622	81498.6	3646.88	3646.17
Si28	26053.2	0.15388	78837.5	1933.69	1933.4
Mg26	24196.5	0.204185	97122.8	15696.9	15695.5
neutron	939.565	2.93904	76173.7	0	0
Na23	21409.2	0.545275	76173.7	0	0
neutron	939.565	125.638	74937.2	1068.17	860.696
neutron	939.565	1.62477	74937.2	1068.17	860.696
alpha	3727.38	6.8486	74937.2	1068.17	860.696
alpha	3727.38	2.79891	74937.2	1068.17	860.696
alpha	3727.38	3.63485	74937.2	1068.17	860.696
O16	14895.1	1.34209	85271.9	7685.22	7682.81
O16	14895.1	0.223478	80302.5	3991.76	3991.4
O16	14895.1	0.281429	99120.4	16747.7	16747.3
neutron	939.565	2.81043	73297	0	0
Ne21	19550.5	0.439209	73297	0	0
Mg26	24196.5	0.394036	84708.4	6929.64	6929.24
O16	14895.1	0.38585	85369.1	8198.2	8197.55
O16	14895.1	0.194564	79639.3	4398.73	4398.3
neutron	939.565	2.75619	72462.5	0	0
neutron	939.565	2.12153	72462.5	0	0
neutron	939.565	0.148119	72462.5	0	0
Mg24	22335.8	0.884728	72462.5	0	0
Si28	26053.2	0.185994	89829	10516	10515.4
O16	14895.1	0.328818	78223	3133.25	3132.85
O16	14895.1	0.354116	81376.1	5966.25	5965.53
Al28	26058.3	0.161053	75010.1	0	0
O16	14895.1	0.345834	99956.5	17452.5	17451.5
Si28	26053.2	0.143324	95620.8	14593	14592.7
Mg24	22335.8	0.232148	83752.6	6785.15	6784.12
neutron	939.565	3.83057	74417.3	0	0
neutron	939.565	3.80109	74417.3	0	0
Na23	21409.2	0.571732	74417.3	0	0
Si28	26053.2	0.188266	81512	5475.54	5475.1
O16	14895.1	2.50652	79184.8	4137.07	4134.01
Na24	22341.8	0.2042	72185.2	0	0
O16	14895.1	0.577211	90227.2	11115	11114
O16	14895.1	0.192161	96855	15562	15560.7
O16	14895.1	0.207928	88390.7	8957.69	8956.54
O16	14895.1	1.29499	91208.5	11971.6	11970.2
Si28	26053.2	0.114962	85174.1	7406.27	7405.85
neutron	939.565	1.77988	75712.5	0	0
Al27	25126.5	0.315444	75712.5	0	0
O16	14895.1	0.278469	80313	4928.56	4928.26
O16	14895.1	0.253398	96734.9	15260.9	15260.6
Si28	26053.2	0.170662	87032.1	8533.91	8533.06
neutron	939.565	32.8958	73801.8	0	0
neutron	939.565	5.91081	73801.8	0	0
C13	12109.5	3.02937	73801.8	0	0
O16	14895.1	0.233356	99228.1	16309.2	16307.9
O16	14895.1	0.269278	75131.6	1120.68	1120.2
O16	14895.1	0.239558	73644.1	292.266	291.728
Si28	26053.2	0.357844	80727.2	5188.01	5187.63
neutron	939.565	11.4406	72851.4	0	0
neutron	939.565	6.87931	72851.4	0	0
neutron	939.565	3.40882	72851.4	0	0
C12	11174.9	1.20714	72851.4	0	0
Mg24	22335.8	0.752809	99887.9	17401.5	17400.7
neutron	939.565	1.44331	73807.6	0	0
Mn55	51161.7	0.0406925	73807.6	0	0
Si28	26053.2	0.772799	89121.2	7297.09	7296.19
Si28	26053.2	0.755586	76373.1	1529.65	1528.5
Na24	22341.8	0.188693	73235.7	0	0
neutron	939.565	5.54053	75790.8	0	0
neutron	939.565	0.296556	75790.8	0	0
Mg25	23268	0.0155334	75790.8	0	0
Al28	26058.3	0.158649	73230.1	0	0
O16	14895.1	0.338134	98969.2	16858.1	16857.7
Na24	22341.8	0.182695	76542.3	0	0
O16	14895.1	0.417248	87039.6	5309.23	5308.49
O16	14895.1	0.700111	99570.6	17114.2	17113.3
O16	14895.1	0.310425	91064	11092.6	11092.1
Na24	22341.8	0.218947	75849	0	0
neutron	939.565	100.283	94425.8	12678.1	12199.2
O15	13971.2	1.25982	94425.8	12678.1	12199.2
Mg24	22335.8	0.223551	91788	10594.4	10594.1
O16	14895.1	0.209087	95222.9	13316.5	13315.9
O16	14895.1	0.429121	94861.2	13065.1	13064.6
Mg24	22335.8	0.228105	77976.7	2140.05	2139.57
O16	14895.1	0.590532	77100.8	2271.98	2271.19
neutron	939.565	1.07054	73464.4	0	0
N15	13968.9	0.0967345	73464.4	0	0
Si28	26053.2	0.141856	87741.7	9574.17	9573.22
O16	14895.1	1.02612	79913.2	4609.84	4608.51
O16	14895.1	0.255818	74181.1	826.87	826.289
O16	14895.1	1.08558	91257.1	11766	11764.4
O16	14895.1	0.197689	84481.5	7538.37	7538.09
Si28	26053.2	0.963834	96243.1	13970.9	13969.8
neutron	939.565	25.1945	75629.3	0	0
neutron	939.565	5.6476	75629.3	0	0
neutron	939.565	3.52763	75629.3	0	0
Mg24	22335.8	0.8289	75629.3	0	0
Al28	26058.3	0.179912	72737.1	0	0
neutron	939.565	0.353597	76790.1	0	0
N15	13968.9	0.394104	76790.1	0	0
Al28	26058.3	0.173586	73740.7	0	0
O16	14895.1	0.262614	94259.2	12235.6	12234.9
neutron	939.565	30.3362	74197.1	0	0
neutron	939.565	10.0894	74197.1	0	0
neutron	939.565	1.35331	74197.1	0	0
N13	12111.2	1.63937	74197.1	0	0
Mg24	22335.8	0.202015	88337.7	8909.39	8909.16
neutron	939.565	17.6772	74180.9	0	0
neutron	939.565	11.8037	74180.9	0	0
neutron	939.565	0.538295	74180.9	0	0
N13	12111.2	3.31911	74180.9	0	0
O16	14895.1	0.228098	97954.8	16182	16181.1
C14	13040.9	1.19337	94471.4	13447.7	12459.1
Mg24	22335.8	0.200334	97188.2	15692.6	15691.5
Si29	26984.3	0.173733	94797.1	14195.6	14195.4
O16	14895.1	0.95917	90362.9	11045.8	11044.8
Al29	26988.5	0.180758	72857.8	0	0
O16	14895.1	0.235169	96993.9	15520.7	15520.1
O16	14895.1	0.34748	91896.8	11788.3	11788
Mg24	22335.8	0.159219	76616.2	2173.85	2172.59
Al28	26058.3	0.186653	73674.3	0	0
neutron	939.565	0.703805	98623.1	16607	15791.8
C13	12109.5	0.892563	98623.1	16607	15791.8
Si28	26053.2	0.137794	79016.7	2345.73	2345.48
Si28	26053.2	0.299715	87017.4	8761.94	8761.27
Si30	27913.2	0.175027	83572	5975.5	5974.52
neutron	939.565	0.325645	73764.7	0	0
N15	13968.9	0.450853	73764.7	0	0
O16	14895.1	0.270775	98565.6	16625.5	16625
Fe56	52089.8	0.0698646	85234.8	7893.92	7893.44
Al28	26058.3	0.182221	71735.4	0	0
O16	14895.1	0.714369	96463.2	14877.4	14876.5
neutron	939.565	4.83782	72913.2	0	0
alpha	3727.38	9.01509	72913.2	0	0
Be10	9325.5	3.18358	72913.2	0	0
neutron	939.565	304.912	80673	4624.82	3620.14
neutron	939.565	3.42687	80673	4624.82	3620.14
N13	12111.2	0.441395	80673	4624.82	3620.14
Na25	23272.4	0.195707	74743.7	0	0
O16	14895.1	0.192964	78967.6	2670.33	2670.07
O16	14895.1	0.234127	79092.4	1011.76	1011.09
neutron	939.565	9.75558	72812.6	0	0
neutron	939.565	1.45579	72812.6	0	0
Na24	22341.8	0.566592	72812.6	0	0
Si28	26053.2	0.147814	96888.2	14970.9	14970.6
Mg24	22335.8	0.171897	77759.9	2487.9	2487.43
O16	14895.1	0.627612	74539.9	1146.7	1145.87
Na24	22341.8	0.211895	72624	0	0
neutron	939.565	18.5246	74754.2	0	0
neutron	939.565	6.64825	74754.2	0	0
neutron	939.565	1.06487	74754.2	0	0
C12	11174.9	1.58229	74754.2	0	0
Fe56	52089.8	0.188092	82059	4945.15	4944.76
neutron	939.565	1.92938	74541.8	0	0
Mg26	24196.5	0.648878	74541.8	0	0
neutron	939.565	2.11092	72690.5	0	0
neutron	939.565	0.985206	72690.5	0	0
N14	13040.2	0.503076	72690.5	0	0
neutron	939.565	1.15106	73344.1	0	0
Na23	21409.2	0.137646	73344.1	0	0
Al29	26988.5	0.157579	74380.7	0	0
Mg24	22335.8	0.300747	90950.6	11243.9	11242.9
O16	14895.1	1.24168	80081.3	4495.48	4494.14
Si28	26053.2	0.307291	76609.9	1912.21	1911.39
Al28	26058.3	0.18605	73384.2	0	0
Si28	26053.2	0.251944	73650	769.811	769.383
Si30	27913.2	0.155719	86335	8169.56	8169.24
neutron	939.565	14.1808	73781.3	0	0
neutron	939.565	4.71577	73781.3	0	0
neutron	939.565	3.26381	73781.3	0	0
Ne22	20479.7	1.67983	73781.3	0	0
neutron	939.565	3.97465	73833.7	0	0
Al27	25126.5	0.273527	73833.7	0	0
O16	14895.1	0.213575	75663.9	1688.94	1687.35
Na24	22341.8	0.210552	72786.1	0	0
O16	14895.1	0.638892	81969.3	5307.55	5306.8
neutron	939.565	16.8203	73195	0	0
neutron	939.565	4.02281	73195	0	0
neutron	939.565	0.635772	73195	0	0
C12	11174.9	1.39572	73195	0	0
O16	14895.1	0.377886	86636	7943.01	7942.47
Si28	26053.2	0.187835	89261.1	9227.2	9226.54
Si28	26053.2	0.127395	92324.4	12119.4	12119.2
neutron	939.565	10.1318	77473.4	0	0
neutron	939.565	1.66586	77473.4	0	0
Mg25	23268	0.319861	77473.4	0	0
O16	14895.1	0.523599	77007.2	2556.47	2555.8
neutron	939.565	30.9696	73069.2	0	0
neutron	939.565	23.1497	73069.2	0	0
C12	11174.9	1.73281	73069.2	0	0
Si28	26053.2	0.110356	98031.7	16003.4	16003.2
O16	14895.1	0.204811	87364.1	8525.33	8524.79
N14	13040.2	0.379634	91035.5	11377.3	7996.84
Si28	26053.2	0.122341	80720.3	698.32	698.157
neutron	939.565	4.68172	79528.7	0	0
neutron	939.565	3.71168	79528.7	0	0
neutron	939.565	1.96264	79528.7	0	0
alpha	3727.38	7.50635	79528.7	0	0
alpha	3727.38	8.14245	79528.7	0	0
alpha	3727.38	3.53797	79528.7	0	0
O16	14895.1	4.47901	80294.3	3479.16	3474.53
O16	14895.1	0.213828	75341.1	298.701	298.443
neutron	939.565	9.65825	74906.7	0	0
N15	13968.9	0.923922	74906.7	0	0
Si28	26053.2	0.473904	83671.3	4143.59	4141.33
O16	14895.1	0.232805	75345.2	1356.35	1355.75
neutron	939.565	0.88396	73049.3	0	0
Na23	21409.2	0.301728	73049.3	0	0
neutron	939.565	28.5238	72137.9	0	0
neutron	939.565	3.14183	72137.9	0	0
neutron	939.565	0.254137	72137.9	0	0
Ne20	18617.7	1.5529	72137.9	0	0
neutron	939.565	0.867078	74830.3	0	0
Mg26	24196.5	0.701064	74830.3	0	0
O16	14895.1	0.303527	96418.2	14865	14864.5
O16	14895.1	0.328048	79251.9	3529.28	3528.95
Mg24	22335.8	0.170366	79483	2180.05	2179.73
Si28	26053.2	0.136074	95587.4	14017.2	14017
O16	14895.1	0.603267	77081.7	1822.25	1820.24
Mg24	22335.8	0.4117	74035.9	119.421	117.62
Si28	26053.2	0.658815	84413.8	7436.64	7435.31
neutron	939.565	0.975647	74218.8	0	0
Al27	25126.5	0.0520322	74218.8	0	0
Si28	26053.2	0.371417	73296.1	345.864	344.468
Al28	26058.3	0.160331	72804.2	0	0
Al28	26058.3	0.178858	74532.2	0	0
Si28	26053.2	0.12304	96807.3	15507.2	15506.6
O16	14895.1	0.239881	93323.3	13064.8	13063.3
O16	14895.1	0.212193	76579.8	2137.72	2137.12
Mg24	22335.8	2.15061	74500.7	849.25	846.339
Al28	26058.3	0.163262	73140.2	0	0
Mg24	22335.8	0.126292	92123.1	12785.4	12784.8
Na24	22341.8	0.210891	73320.6	0	0
O16	14895.1	0.189515	80771.3	5305.55	5305.03
neutron	939.565	14.4766	72077.7	0	0
Mg26	24196.5	0.683093	72077.7	0	0
O16	14895.1	0.256872	97550.7	15312.7	15312.1
neutron	939.565	223.296	92643.2	13019	12681.2
Be10	9325.5	8.41949	92643.2	13019	12681.2
O16	14895.1	0.771783	89201.7	10401.9	10401
neutron	939.565	5.92603	73504.2	0	0
neutron	939.565	5.10818	73504.2	0	0
neutron	939.565	2.61627	73504.2	0	0
Cr52	48370	0.231625	73504.2	0	0
O16	14895.1	0.635046	80856.1	4876.54	4875.78
O16	14895.1	0.249741	89909.2	10027.6	10027.2
Al28	26058.3	0.183839	73910.9	0	0
O16	14895.1	0.209198	73316.3	402.159	401.394
neutron	939.565	3.4351	72672.4	0	0
Na23	21409.2	0.281732	72672.4	0	0
O16	14895.1	0.20069	99658.9	16906.9	16906.5
Si28	26053.2	0.205097	98753	16376.4	16375.4
Mn56	52094	0.0960315	78981.2	0	0
O16	14895.1	0.809645	86661.8	7842.56	7841.17
Mg24	22335.8	0.269745	77704.8	473.542	472.899
O16	14895.1	0.222995	85110.8	6094.03	6093.74
Mg24	22335.8	0.203042	82317.8	3729.1	3728.83
Al28	26058.3	0.183759	76103.4	0	0
Mg24	22335.8	0.645095	92673	12102.4	12101.1
neutron	939.565	4.27081	73036.8	0	0
Al27	25126.5	0.109079	73036.8	0	0
neutron	939.565	5.80038	73334.1	0	0
neutron	939.565	1.80778	73334.1	0	0
Ne21	19550.5	0.996611	73334.1	0	0
Si28	26053.2	3.00104	79482	3415.33	3411.85
Al28	26058.3	0.182339	73847.2	0	0
Al28	26058.3	0.160784	81599	0	0
Mg24	22335.8	0.144539	96348.7	14564.9	14564.2
Al28	26058.3	0.192119	75692.9	0	0
neutron	939.565	15.2561	93072.2	12069.3	11828.1
Mg26	24196.5	0.468639	93072.2	12069.3	11828.1
O16	14895.1	0.190196	77083.3	2266.98	2266.34
Si28	26053.2	0.2193	75848.3	1759.77	1758.85
O16	14895.1	0.211819	98205.4	16360.8	16360.3
Mg24	22335.8	0.197991	92976.7	12426.6	12426
O16	14895.1	0.404206	77013.8	1584.35	1583.69
neutron	939.565	29.8288	81995.4	0	0
neutron	939.565	0.85121	81995.4	0	0
neutron	939.565	0.487739	81995.4	0	0
Mg24	22335.8	1.75719	81995.4	0	0
O16	14895.1	0.21257	76159	635.447	635.053
O16	14895.1	0.271026	80238.5	4598.22	4597.95
Na24	22341.8	0.208296	72707.2	0	0
Si28	26053.2	0.165474	96954.9	15291.9	15291.3
Mg25	23268	0.161981	94767	14331.8	14331.5
Si29	26984.3	0.116962	94583.3	14207.8	14207.5
O16	14895.1	0.25276	76094.3	2311.26	2310.99
neutron	939.565	9.55287	75598.2	0	0
neutron	939.565	2.76536	75598.2	0	0
neutron	939.565	2.02274	75598.2	0	0
alpha	3727.38	6.27422	75598.2	0	0
O16	14895.1	3.40679	75598.2	0	0
Si28	26053.2	0.512265	79075	3830.8	3830.27
O16	14895.1	1.13027	97884.8	16160.8	16159.3
O16	14895.1	0.294074	79211.2	3401.41	3401.09
Al28	26058.3	0.189822	73457	0	0
O16	14895.1	0.651937	96142.3	14481.7	14480.4
Mg26	24196.5	0.117694	80759.4	5114.02	5113.15
neutron	939.565	4.09892	77644.7	0	0
Ne24	22344.8	2.19702	77644.7	0	0
O16	14895.1	0.277772	95792.3	13974.9	13974.6
O16	14895.1	0.381259	78951.2	2655.14	2654.63
neutron	939.565	0.397071	74397.9	0	0
Al28	26058.3	0.0999381	74397.9	0	0
neutron	939.565	4.0837	75207.8	0	0
neutron	939.565	2.53867	75207.8	0	0
Al26	24200	0.558543	75207.8	0	0
neutron	939.565	4.50512	76354.3	0	0
neutron	939.565	2.97245	76354.3	0	0
Mg25	23268	0.068775	76354.3	0	0
alpha	3727.38	3.61913	88796.1	10418	10157.9
F18	16763.2	4.57458	88796.1	10418	10157.9
O16	14895.1	0.237982	96711.4	14486.8	14486.1
neutron	939.565	3.41124	73725.3	0	0
neutron	939.565	2.55978	73725.3	0	0
neutron	939.565	0.0824126	73725.3	0	0
Na23	21409.2	0.0283484	73725.3	0	0
O16	14895.1	0.452169	79811.2	4170.88	4170.26
Si28	26053.2	0.161444	96925.1	15616.7	15616.3
neutron	939.565	3.73437	71079.3	0	0
Mg24	22335.8	0.682737	71079.3	0	0
Fe56	52089.8	0.136708	82543.4	4525.02	4524.45
neutron	939.565	1.81697	75823.1	0	0
neutron	939.565	1.10674	75823.1	0	0
Ne21	19550.5	0.0452493	75823.1	0	0
N16	14906	0.285125	72977.7	0	0
Mg26	24196.5	0.169961	99485.2	17113.5	17113.2
O16	14895.1	0.490982	89749.7	10604.3	10603.6
neutron	939.565	0.874585	73719.1	0	0
Na24	22341.8	0.101562	73719.1	0	0
Si28	26053.2	0.399162	89963.5	11103.3	11102.9
O16	14895.1	0.214266	75250.7	86.0715	85.5878
neutron	939.565	27.2453	77241.1	0	0
neutron	939.565	1.11367	77241.1	0	0
N14	13040.2	2.11857	77241.1	0	0
Si28	26053.2	0.123523	80918.7	3150.08	3149.93
Na22	20482.1	0.615899	91891.5	11601	5903.6
O16	14895.1	0.400897	83618.9	737.803	737.134
Si28	26053.2	0.632165	95694.1	14399.6	14398.8
Mg24	22335.8	0.490285	95280.7	11338.9	11337.9
Al28	26058.3	0.189809	76819.9	0	0
O16	14895.1	1.33411	76975.8	1813.09	1811.19
neutron	939.565	6.11547	74014.9	0	0
neutron	939.565	5.29591	74014.9	0	0
C12	11174.9	0.252129	74014.9	0	0
Al28	26058.3	0.165311	78216	0	0
neutron	939.565	3.64839	75584	0	0
neutron	939.565	3.39367	75584	0	0
neutron	939.565	2.92247	75584	0	0
alpha	3727.38	5.92541	75584	0	0
O16	14895.1	5.01851	75584	0	0
Si28	26053.2	0.124119	86765.2	9137.75	9137.62
Mg24	22335.8	1.37616	85819.5	8559.88	8558.18
Si28	26053.2	0.296618	73225.8	30.5347	29.8515
Si28	26053.2	0.169699	89992.6	11082.1	11081.5
Al28	26058.3	0.186201	73502.6	0	0
O16	14895.1	0.7254	94733.7	13927.2	13926.4
O16	14895.1	0.195266	74331.7	1211.57	1210.84
O16	14895.1	0.292962	98376.7	16308	16306.5
Si28	26053.2	0.157116	93378.2	12934.1	12933.8
Al28	26058.3	0.155108	75167.5	0	0
O16	14895.1	0.311808	76013.9	1590.46	1590.08
Al28	26058.3	0.148945	73412	0	0
Mg24	22335.8	0.24835	81359.6	3369.78	3369.45
neutron	939.565	1.44019	75626.7	0	0
Ne22	20479.7	0.382494	75626.7	0	0
neutron	939.565	69.1885	76296.1	2281.58	2075.06
N14	13040.2	1.7706	76296.1	2281.58	2075.06
Al28	26058.3	0.181667	74044.4	0	0
Si28	26053.2	0.217143	82327.2	5821.23	5820.59
Si28	26053.2	0.125184	78045.6	3062.26	3061.58
O16	14895.1	0.262414	76928.3	2260.83	2260.22
neutron	939.565	6.54425	73272.8	0	0
neutron	939.565	2.04097	73272.8	0	0
neutron	939.565	0.975279	73272.8	0	0
Ne20	18617.7	0.514307	73272.8	0	0
Si28	26053.2	0.25563	97352.5	15581.4	15581.1
O16	14895.1	0.238373	77119.8	1788.41	1787.86
Al28	26058.3	0.185021	74390.1	0	0
Si28	26053.2	0.21368	73372.2	213.732	212.896
neutron	939.565	0.364351	75154.8	0	0
Al27	25126.5	0.0840009	75154.8	0	0
neutron	939.565	4.19372	73426.3	0	0
Mg26	24196.5	0.244028	73426.3	0	0
neutron	939.565	8.10857	78986.2	0	0
Ne22	20479.7	0.219777	78986.2	0	0
O16	14895.1	0.441328	97134.2	15341.4	15340.7
neutron	939.565	5.81903	75534.3	0	0
Ne22	20479.7	0.224368	75534.3	0	0
Mn56	52094	0.0895135	74646.3	0	0
neutron	939.565	11.8458	72872.9	0	0
neutron	939.565	2.32474	72872.9	0	0
Na22	20482.1	0.659857	72872.9	0	0
Si29	26984.3	1.12212	82612.5	5639.02	5636.92
neutron	939.565	22.7439	73150.7	0	0
neutron	939.565	4.85814	73150.7	0	0
Ne21	19550.5	2.61861	73150.7	0	0
Fe56	52089.8	0.112248	98420	16485	16484.8
Si28	26053.2	0.304308	86760.6	8738.84	8738.34
neutron	939.565	12.99	74086.8	0	0
neutron	939.565	4.53612	74086.8	0	0
neutron	939.565	3.33542	74086.8	0	0
Ne22	20479.7	0.0314982	74086.8	0	0
Si28	26053.2	0.116197	98414.2	16435.4	16435.3
Mg24	22335.8	0.139702	84767.8	7240.6	7240.07
O16	14895.1	0.285859	99869.2	17398.2	17397.6
O16	14895.1	0.227121	88971	9786.95	9786.56
Fe56	52089.8	0.0836248	80807.1	4846.04	4845.38
O16	14895.1	0.447726	94936.6	14399.9	14399.3
neutron	939.565	4.46478	74031.3	0	0
neutron	939.565	1.13569	74031.3	0	0
Ne21	19550.5	0.502199	74031.3	0	0
O16	14895.1	0.384571	88711.3	10004.1	10003.4
Al28	26058.3	0.176235	74420.7	0	0
Mg24	22335.8	0.867927	97213.5	15073.2	15071.2
Mg24	22335.8	0.802215	81025.4	4270.3	4268.92
neutron	939.565	5.66769	74242.1	0	0
neutron	939.565	5.61363	74242.1	0	0
C13	12109.5	1.31363	74242.1	0	0
O16	14895.1	0.345307	73908.4	972.523	971.812
neutron	939.565	1.18865	72312.1	0	0
Ne22	20479.7	0.0857066	72312.1	0	0
Mg25	23268	1.24678	86908.4	8388.75	8386.69
O16	14895.1	0.312114	78525.7	3378.84	3378.53
O16	14895.1	0.206414	75439.7	1314.92	1314.68
neutron	939.565	166.482	96547.6	15078.3	14559.7
neutron	939.565	112.337	96547.6	15078.3	14559.7
alpha	3727.38	5.02927	96547.6	15078.3	14559.7
Be8	7454.85	0.237468	96547.6	15078.3	14559.7
neutron	939.565	3.35217	73910.7	0	0
neutron	939.565	2.02994	73910.7	0	0
neutron	939.565	0.760764	73910.7	0	0
Mn53	49301.8	0.13046	73910.7	0	0
O16	14895.1	0.33701	83828.3	7084.85	7084.3
Mg24	22335.8	0.325629	78216.8	3504.82	3503.39
Mg24	22335.8	0.27439	91628.9	11852.2	11851.6
Mg24	22335.8	0.206713	98499.4	16234.3	16233.6
Al28	26058.3	0.192404	73736.5	0	0
O16	14895.1	0.20126	90605.2	10372.2	10371.7
Na26	24206.4	0.163871	75109.9	0	0
neutron	939.565	1.81471	71930.3	0	0
neutron	939.565	1.73	71930.3	0	0
Mg25	23268	0.205096	71930.3	0	0
neutron	939.565	13.7209	75308.5	0	0
alpha	3727.38	4.65397	75308.5	0	0
O16	14895.1	1.31161	75308.5	0	0
Mg24	22335.8	0.326565	84467.6	6922.15	6920.8
neutron	939.565	8.08718	76467	0	0
Mg26	24196.5	0.259042	76467	0	0
neutron	939.565	8.06036	74113.3	0	0
neutron	939.565	0.247318	74113.3	0	0
Mg25	23268	0.181496	74113.3	0	0
neutron	939.565	2.32138	72800.5	0	0
Ne22	20479.7	0.5313	72800.5	0	0
O16	14895.1	0.233448	91645	11962.6	11962.2
O16	14895.1	0.768345	85762.8	8169.05	8167.6
neutron	939.565	9.70065	73962.8	0	0
alpha	3727.38	9.24893	73962.8	0	0
alpha	3727.38	10.1978	73962.8	0	0
F19	17692.3	3.41389	73962.8	0	0
O16	14895.1	0.192466	77917.1	1629.61	1628.99
O16	14895.1	0.230126	76954.6	1076.23	1075.79
Al28	26058.3	0.146468	75147.1	0	0
O16	14895.1	0.668638	89332.9	10273.3	10272.3
O16	14895.1	0.198958	83998.7	6418.96	6417.25
neutron	939.565	2.01017	72674.3	0	0
Na23	21409.2	0.0660676	72674.3	0	0
O16	14895.1	0.312392	97194.7	15655.9	15655.1
O16	14895.1	0.226461	79052.1	3325.61	3324.96
Mg24	22335.8	0.550821	91419.8	11853.2	11852.5
O16	14895.1	0.270215	88164.4	8909.59	8909.23
Si28	26053.2	0.184608	87401.1	8420.75	8420.26
Mg24	22335.8	0.248413	87356.9	8397.73	8397.45
Fe56	52089.8	0.117304	82177.4	4832.23	4832.07
Mg24	22335.8	0.171929	78865.9	3749.79	3749.42
O16	14895.1	0.350519	96017.1	14923.2	14922.9
O16	14895.1	0.249168	81419.3	5793.17	5792.77
O16	14895.1	1.07766	90707.8	11271	11269.5
neutron	939.565	0.628675	81597.7	0	0
N15	13968.9	0.192389	81597.7	0	0
Si28	26053.2	0.28476	74889.1	208.966	208.608
O16	14895.1	0.335187	85478.3	7540.98	7539.52
O16	14895.1	0.240184	84794.8	7083.11	7082.8
Al28	26058.3	0.180804	74028.1	0	0
O16	14895.1	0.233882	85489.3	7341.09	7339.91
O16	14895.1	0.255767	78825.1	3147.64	3147.21
neutron	939.565	0.0701898	74329.5	0	0
Na23	21409.2	0.196018	74329.5	0	0
neutron	939.565	1.57988	75131.8	0	0
Al27	25126.5	0.397904	75131.8	0	0
Na26	24206.4	0.173174	73641.2	0	0
neutron	939.565	0.340112	74321.6	0	0
Al27	25126.5	0.22783	74321.6	0	0
neutron	939.565	9.36654	72068	0	0
neutron	939.565	8.78888	72068	0	0
neutron	939.565	1.73061	72068	0	0
Mg24	22335.8	1.19858	72068	0	0
O16	14895.1	3.7967	77489.9	2560.12	2556.04
neutron	939.565	12.6238	73050.5	0	0
neutron	939.565	1.72541	73050.5	0	0
Cr53	49301.7	0.716545	73050.5	0	0
O16	14895.1	0.281464	77158	621.063	620.668
O16	14895.1	0.435487	82439.4	5688.16	5687.09
O16	14895.1	0.246725	81179.2	4909.52	4909.2
Si29	26984.3	0.184589	74308.8	840.454	839.679
Mg26	24196.5	0.278112	75254.6	319.873	319.502
neutron	939.565	3.32638	73677.6	0	0
neutron	939.565	2.30462	73677.6	0	0
neutron	939.565	0.631699	73677.6	0	0
Cr52	48370	0.328998	73677.6	0	0
Mn56	52094	0.0793774	79221	0	0
O16	14895.1	0.344079	74546.4	693.289	691.783
neutron	939.565	29.8775	73425.3	0	0
neutron	939.565	3.18463	73425.3	0	0
Ne21	19550.5	2.173	73425.3	0	0
O16	14895.1	0.63249	90868.6	10542.4	10541.6
O16	14895.1	0.268213	86162.3	7820.05	7819.68
neutron	939.565	0.326725	74014.2	0	0
Al27	25126.5	0.23646	74014.2	0	0
Mg24	22335.8	0.220806	84290.9	5191.72	5191.47
Si28	26053.2	0.109295	80566.6	3050.72	3050.06
Mg24	22335.8	0.134864	79055.3	2781.97	2781.55
neutron	939.565	34.318	74554	0	0
neutron	939.565	4.45106	74554	0	0
neutron	939.565	0.194531	74554	0	0
alpha	3727.38	9.94976	74554	0	0
Be8	7454.85	0.828677	74554	0	0
neutron	939.565	12.0396	71871.1	0	0
neutron	939.565	11.616	71871.1	0	0
neutron	939.565	0.896182	71871.1	0	0
C12	11174.9	3.30808	71871.1	0	0
Si30	27913.2	0.106685	96313.6	14372.5	14372
Si28	26053.2	0.188612	88261.5	10372.7	10372.1
neutron	939.565	2.43272	72247.1	0	0
Ne22	20479.7	0.555996	72247.1	0	0
O16	14895.1	0.222604	96118.3	14785.1	14784.5
Si29	26984.3	0.11774	94141.4	13540.1	13538.9
neutron	939.565	0.794395	72642.1	0	0
C13	12109.5	1.55948	72642.1	0	0
Si28	26053.2	0.256864	89597.4	8722.89	8722.16
neutron	939.565	6.45397	75978.1	0	0
neutron	939.565	3.95411	75978.1	0	0
Na22	20482.1	0.209568	75978.1	0	0
Si28	26053.2	0.120007	74992.9	1660.43	1659.41
neutron	939.565	22.0716	72258.8	0	0
neutron	939.565	0.34042	72258.8	0	0
Mg25	23268	1.04271	72258.8	0	0
Mg24	22335.8	0.25111	82956.3	29.983	28.8157
O16	14895.1	1.09897	84062.3	6574.88	6573.78
Si28	26053.2	0.209755	97391.5	15826	15825.5
Si28	26053.2	0.166849	83562.8	6531.3	6530.67
Na24	22341.8	0.21959	73303.8	0	0
O16	14895.1	0.273459	74311.7	931.057	930.755
neutron	939.565	1.39621	72746.6	0	0
neutron	939.565	1.28062	72746.6	0	0
N14	13040.2	0.116196	72746.6	0	0
O16	14895.1	0.463265	88276.2	9626.94	9625.87
Mg25	23268	0.166777	77277.5	2258.95	2258.74
Mg24	22335.8	0.184409	96207.1	14048.4	14048.1
O16	14895.1	0.307719	88987.7	6668.89	6668.17
Si28	26053.2	0.157926	77963.5	1875.78	1875.56
neutron	939.565	1.45789	74852.6	0	0
neutron	939.565	0.761444	74852.6	0	0
neutron	939.565	0.187707	74852.6	0	0
Ne20	18617.7	0.0775356	74852.6	0	0
O16	14895.1	0.621568	99537.7	17223.3	17222.4
O16	14895.1	0.272343	85705.9	7355.93	7354.47
neutron	939.565	0.149905	73848	0	0
Mn55	51161.7	0.104321	73848	0	0
O16	14895.1	0.284638	81050.1	5454.38	5454.06
neutron	939.565	2.16236	71654.5	0	0
Al27	25126.5	0.0115855	71654.5	0	0
O16	14895.1	0.226182	85030	8054.59	8053.9
Si28	26053.2	0.113765	89036	10476.5	10476
O16	14895.1	0.236926	85016.1	7741.58	7740.26
Si28	26053.2	0.138358	83574.1	6702.72	6702.49
Si28	26053.2	0.11803	76978.6	2355.42	2353.55
Na24	22341.8	0.211442	73317.4	0	0
O16	14895.1	0.264495	77601.8	1962.64	1962.3
O16	14895.1	0.193178	75224.5	583.946	583.476
neutron	939.565	5.04596	74262.5	0	0
neutron	939.565	2.99752	74262.5	0	0
neutron	939.565	2.94496	74262.5	0	0
alpha	3727.38	1.80901	74262.5	0	0
Be8	7454.85	4.13987	74262.5	0	0
Fe57	53021.7	0.127788	99928.6	17420.9	17420.7
Si28	26053.2	0.472753	81470.7	2751.6	2750.27
Mg24	22335.8	0.218452	81069.9	2527.15	2525.36
neutron	939.565	0.348259	77003	0	0
Na23	21409.2	0.108636	77003	0	0
O16	14895.1	0.398389	89808.2	10670.9	10669.9
neutron	939.565	9.52558	73204.9	0	0
neutron	939.565	8.51993	73204.9	0	0
neutron	939.565	0.834449	73204.9	0	0
Mg24	22335.8	0.297251	73204.9	0	0
Al28	26058.3	0.164211	73833.7	0	0
N15	13968.9	0.128219	99052.3	16956.7	16425.8
O16	14895.1	0.313484	96942.4	14954.7	14953.7
Si28	26053.2	0.147222	76958.3	74.0014	73.8328
neutron	939.565	4.40715	76897.8	0	0
Ne22	20479.7	0.193075	76897.8	0	0
Mg24	22335.8	0.3692	76873.7	1379.02	1378.39
O16	14895.1	0.610567	90175.8	10704.2	10703.6
Mg24	22335.8	0.328645	98704.9	16608	16607.7
Si28	26053.2	0.333516	82794.6	4729.84	4729.45
neutron	939.565	18.678	75764.6	0	0
neutron	939.565	2.71643	75764.6	0	0
neutron	939.565	2.48918	75764.6	0	0
Ne20	18617.7	1.15563	75764.6	0	0
O16	14895.1	0.196393	93124.1	13011	13010
O16	14895.1	0.583154	81372.3	4751.04	4750.03
O16	14895.1	0.212575	77747.2	2655.94	2655.29
Mg24	22335.8	0.161348	74378.5	458.927	458.702
Si29	26984.3	0.374391	93105.5	10917.5	10916
neutron	939.565	19.4618	75849.3	0	0
neutron	939.565	0.169556	75849.3	0	0
Mg25	23268	0.365523	75849.3	0	0
Mg24	22335.8	0.405482	87949.7	9777.49	9777.05
O16	14895.1	0.431589	97239.8	15464.3	15463.2
O16	14895.1	1.7416	86307.4	8355.11	8353.07
O16	14895.1	0.756954	81532.5	5033.32	5031.85
neutron	939.565	1.73518	73203.5	0	0
neutron	939.565	0.370054	73203.5	0	0
alpha	3727.38	7.08379	73203.5	0	0
alpha	3727.38	2.80568	73203.5	0	0
N15	13968.9	2.45948	73203.5	0	0
O16	14895.1	0.31292	73367.5	363.823	363.328
neutron	939.565	0.707632	73552.5	0	0
Na25	23272.4	0.32301	73552.5	0	0
neutron	939.565	24.575	93530.2	12292.4	11925.7
neutron	939.565	1.12766	93530.2	12292.4	11925.7
N14	13040.2	0.768338	93530.2	12292.4	11925.7
neutron	939.565	1.70851	76023.3	0	0
neutron	939.565	0.152361	76023.3	0	0
C12	11174.9	1.40919	76023.3	0	0
O16	14895.1	0.255779	94281.4	13866.4	13865.7
O16	14895.1	0.236125	84212.9	7616.31	7615.65
Si28	26053.2	0.155119	73760.6	210.292	209.977
neutron	939.565	9.70058	73484.7	0	0
neutron	939.565	0.784553	73484.7	0	0
neutron	939.565	0.649078	73484.7	0	0
Mg24	22335.8	0.154145	73484.7	0	0
Mg24	22335.8	0.127111	92032.7	11832.2	11831.5
Al28	26058.3	0.181317	74343.9	0	0
neutron	939.565	3.79483	74892.9	0	0
Cr54	50231.5	0.0501712	74892.9	0	0
Si28	26053.2	0.119173	84103.4	5524.49	5523.24
Na26	24206.4	0.172098	75349.7	0	0
O16	14895.1	0.201821	83093.7	3806.69	3806.11
Mg24	22335.8	0.162723	79857.3	3738.85	3738.46
O16	14895.1	0.879867	78804.8	3032	3031.08
neutron	939.565	3.83096	73767.9	0	0
Ne22	20479.7	0.0866607	73767.9	0	0
O16	14895.1	0.275113	89014.4	10481.8	10480.7
O16	14895.1	0.242164	80357.7	4872.01	4871.3
O16	14895.1	0.371386	77216.1	2911.38	2910.97
Al28	26058.3	0.185188	72243.5	0	0
Fe56	52089.8	0.0677985	91134.5	10274.9	10274.8
Si28	26053.2	0.234509	85427.5	6493.57	6493
neutron	939.565	3.66106	75908.9	0	0
neutron	939.565	2.28447	75908.9	0	0
Mg26	24196.5	0.40897	75908.9	0	0
O16	14895.1	0.194934	83160.6	5007.26	5007.06
Si30	27913.2	0.465394	97593.8	15829.6	15828.1
Mg24	22335.8	0.832612	81448.7	4019.93	4017.91
Mg24	22335.8	0.479763	79018.3	3496.03	3495.14
O16	14895.1	0.192754	84043.4	6401.78	6400.89
Na24	22341.8	0.189741	72788.8	0	0
O16	14895.1	0.226072	95930.6	14918	14917.1
neutron	939.565	2.80238	73141.9	0	0
C14	13040.9	0.450805	73141.9	0	0
neutron	939.565	26.1306	73172	0	0
neutron	939.565	0.618228	73172	0	0
C13	12109.5	1.30601	73172	0	0
neutron	939.565	747.134	98814.9	16803.7	14715.1
neutron	939.565	0.628513	98814.9	16803.7	14715.1
N14	13040.2	0.518432	98814.9	16803.7	14715.1
Si28	26053.2	0.139785	93545.3	11383.2	11381.6
neutron	939.565	0.866176	76154.5	0	0
N15	13968.9	0.116031	76154.5	0	0
Fe56	52089.8	0.145282	80401.4	4284.3	4283.48
Al28	26058.3	0.182364	73236.7	0	0
neutron	939.565	24.0097	74798.1	0	0
alpha	3727.38	5.86813	74798.1	0	0
Ne22	20479.7	2.68194	74798.1	0	0
Mg24	22335.8	0.143406	91994.6	12396.3	12395.6
neutron	939.565	0.521123	73081.9	0	0
Na25	23272.4	0.089986	73081.9	0	0
Mg24	22335.8	0.518545	92807.9	12948.3	12947.5
neutron	939.565	29.3731	72398.3	0	0
neutron	939.565	0.398655	72398.3	0	0
C13	12109.5	4.11468	72398.3	0	0
neutron	939.565	22.1952	78233.2	0	0
alpha	3727.38	2.96714	78233.2	0	0
B11	10252.5	5.29909	78233.2	0	0
Mg24	22335.8	0.227952	81026.1	3546.32	3545.72
neutron	939.565	0.636342	75138	0	0
Al27	25126.5	0.161398	75138	0	0
Mg25	23268	0.374857	77603.7	2144.59	2144.16
neutron	939.565	24.3417	74300	0	0
neutron	939.565	2.58636	74300	0	0
Mg25	23268	2.17965	74300	0	0
neutron	939.565	16.3383	77250.4	0	0
Mg26	24196.5	0.608482	77250.4	0	0
O16	14895.1	0.782973	90179.7	10579.8	10578.8
Si28	26053.2	0.118451	78404.8	2765.43	2765.23
neutron	939.565	9.97592	73765.9	0	0
neutron	939.565	3.4157	73765.9	0	0
neutron	939.565	2.36339	73765.9	0	0
Mg24	22335.8	0.0592801	73765.9	0	0
Mg24	22335.8	0.131511	83821.1	5966.65	5966.36
Mg25	23268	0.753504	76890	1588.15	1587.34
Al28	26058.3	0.182568	74136	0	0
C14	13040.9	1.87162	95792.4	14080.6	13709.4
O16	14895.1	0.539152	95291.6	13435	13433.9
Mg24	22335.8	0.339839	97952	16054.1	16053.2
O16	14895.1	0.23088	93284.8	12970.3	12968.5
neutron	939.565	6.41726	74318.4	0	0
neutron	939.565	2.25501	74318.4	0	0
Mg25	23268	0.803892	74318.4	0	0
Mg26	24196.5	0.134729	81969.3	5824.54	5824.23
O16	14895.1	0.330025	79306.8	4036.07	4035.53
Fe56	52089.8	0.0616992	83667.5	7005.89	7005.73
O16	14895.1	1.85039	78799.9	3834.34	3832.41
O16	14895.1	0.204637	91226.2	11501.7	11501.3
neutron	939.565	7.42766	72636.8	0	0
neutron	939.565	2.40186	72636.8	0	0
N14	13040.2	0.447222	72636.8	0	0
Mg24	22335.8	0.154413	81419.7	5235.06	5234.44
Si28	26053.2	0.124419	79734.1	3578.92	3578.04
Si28	26053.2	0.150601	77361.2	2226.79	2226.44
neutron	939.565	3.90434	73609.5	0	0
neutron	939.565	3.70356	73609.5	0	0
neutron	939.565	3.54734	73609.5	0	0
alpha	3727.38	7.81158	73609.5	0	0
Be8	7454.85	0.861537	73609.5	0	0
O16	14895.1	0.244485	87019.2	8432.45	8431.97
neutron	939.565	8.75466	73997.3	0	0
Mg26	24196.5	0.921773	73997.3	0	0
Si28	26053.2	0.147028	99506.2	17130.2	17129.7
Si28	26053.2	0.479136	79796	4467.75	4467.01
neutron	939.565	5.29845	72066.5	0	0
N15	13968.9	0.584095	72066.5	0	0
Al28	26058.3	0.190133	73790.1	0	0
Mg24	22335.8	0.350878	76175.9	2236.55	2235.95
O16	14895.1	0.288688	86486.1	8384.83	8383.42
neutron	939.565	1.60334	72959.4	0	0
Mg25	23268	0.406562	72959.4	0	0
Si28	26053.2	0.11919	82471.9	6270.99	6270.84
neutron	939.565	17.4164	73271.7	0	0
neutron	939.565	6.16466	73271.7	0	0
neutron	939.565	3.01999	73271.7	0	0
Mg24	22335.8	0.466848	73271.7	0	0
O16	14895.1	0.193237	99694.5	17304.2	17303.6
Mg24	22335.8	0.139346	85565.9	8050.2	8049.57
neutron	939.565	1.93025	72904.3	0	0
neutron	939.565	1.34273	72904.3	0	0
Ne22	20479.7	0.866684	72904.3	0	0
neutron	939.565	4.58818	75465.2	0	0
N15	13968.9	0.730219	75465.2	0	0
O16	14895.1	0.244714	82328.5	4194.28	4193.72
Si28	26053.2	0.176875	93641.3	13165.7	13165.2
Si28	26053.2	0.120033	88485.6	9686.26	9685.71
neutron	939.565	11.6091	73080.3	0	0
neutron	939.565	0.648747	73080.3	0	0
Ne20	18617.7	1.81344	73080.3	0	0
neutron	939.565	1.3807	74073.6	0	0
Al27	25126.5	0.356847	74073.6	0	0
O16	14895.1	0.452885	78568.2	3070.2	3069.37
Na24	22341.8	0.216913	73869.9	0	0
O16	14895.1	0.211943	99258.8	16639.6	16639.1
O16	14895.1	0.243936	96832.5	15029.4	15028.1
neutron	939.565	2.64991	73868.3	0	0
N15	13968.9	0.52954	73868.3	0	0
neutron	939.565	6.40142	74300.6	0	0
neutron	939.565	6.27278	74300.6	0	0
neutron	939.565	3.61314	74300.6	0	0
C12	11174.9	5.09306	74300.6	0	0
Si28	26053.2	0.241354	89793.4	10444.3	10443.2
O16	14895.1	0.92398	88421.9	9172.57	9171.56
O16	14895.1	0.212902	82857.9	2875.27	2874.82
Mn56	52094	0.0939414	74565.8	0	0
Si30	27913.2	0.235174	96640.2	15104.2	15103.8
neutron	939.565	8.26685	73738.4	0	0
neutron	939.565	6.94571	73738.4	0	0
neutron	939.565	3.68767	73738.4	0	0
Mg24	22335.8	1.80291	73738.4	0	0
O16	14895.1	0.412892	94249.2	13557.1	13556.6
O16	14895.1	0.375762	79267.2	3388.26	3387.11
Mg24	22335.8	0.222957	99676.4	17291.1	17290.3
Si28	26053.2	0.149225	88876.7	10120.8	10120.3
neutron	939.565	0.916984	72515.4	0	0
neutron	939.565	0.885006	72515.4	0	0
Mg25	23268	0.496412	72515.4	0	0
Mg24	22335.8	0.200042	93977.2	13297.9	13297.6
Si28	26053.2	0.144429	94911.2	13548.8	13548.4
O16	14895.1	0.275383	90227.9	10655.4	10654.9
Fe56	52089.8	0.0686466	74104.4	227.807	227.276
Mg24	22335.8	0.271504	80049.6	4820.72	4820.27
Si28	26053.2	0.843564	73183.1	408.98	407.445
neutron	939.565	3.70893	75592.3	0	0
neutron	939.565	1.25819	75592.3	0	0
Mg25	23268	0.847996	75592.3	0	0
O16	14895.1	0.617358	93709.1	10403	10402.4
Mg26	24196.5	0.3003	78228.4	72.5418	71.838
Si28	26053.2	0.116225	97320.6	15827.8	15827.4
O16	14895.1	0.582635	76532.3	774.405	773.813
O16	14895.1	0.585529	75979.4	431.44	430.822
Si29	26984.3	0.12347	87478.9	7596.03	7595.67
neutron	939.565	24.1296	72448.6	0	0
neutron	939.565	5.95052	72448.6	0	0
neutron	939.565	2.85746	72448.6	0	0
neutron	939.565	0.516597	72448.6	0	0
Ne21	19550.5	1.89571	72448.6	0	0
Al28	26058.3	0.188785	72620.8	0	0
Fe56	52089.8	0.108786	86259.6	8217.82	8217.66
Si28	26053.2	0.119492	92083.5	12363	12362.6
Na24	22341.8	0.206985	75341.5	0	0
Al28	26058.3	0.180229	73249.2	0	0
O16	14895.1	0.212247	82229.7	3792.58	3791.09
Fe56	52089.8	0.0553425	74079.5	237.575	237.515
N16	14906	0.29638	73722.6	0	0
O16	14895.1	0.229761	99778	17346	17345.8
O16	14895.1	0.337598	92431.1	12204.8	12204.4
neutron	939.565	1.02876	73906.7	0	0
N15	13968.9	0.153947	73906.7	0	0
Al28	26058.3	0.188252	73671.3	0	0
O16	14895.1	0.536026	79950.5	3063.84	3063.25
Al28	26058.3	0.16611	74998.2	0	0
O16	14895.1	0.264343	73312.3	49.4588	48.7421
O16	14895.1	0.883998	83531.9	6041.71	6040.8
neutron	939.565	6.70578	71696.7	0	0
neutron	939.565	2.4889	71696.7	0	0
neutron	939.565	0.617015	71696.7	0	0
C12	11174.9	1.61106	71696.7	0	0
Si30	27913.2	0.370449	86603.2	8603.98	8603.35
neutron	939.565	5.56741	71545.8	0	0
neutron	939.565	3.38556	71545.8	0	0
Mg25	23268	0.555868	71545.8	0	0
Na24	22341.8	0.213881	71873.4	0	0
Mg24	22335.8	0.283373	76091.8	1233.74	1232.84
Al28	26058.3	0.154605	74007.8	0	0
O16	14895.1	0.328655	99311.7	17076.5	17075.5
neutron	939.565	7.91326	74696.1	0	0
neutron	939.565	2.1838	74696.1	0	0
C12	11174.9	0.167429	74696.1	0	0
Fe56	52089.8	0.265891	87272.3	9278.8	9277.64
Si30	27913.2	0.130871	73355.8	595.813	595.302
Mg24	22335.8	0.371331	91440.9	11503.4	11502.9
O16	14895.1	0.381965	87635.7	9242.11	9241.03
Si28	26053.2	0.151345	92839.8	11895.4	11894.9
neutron	939.565	0.119276	72955.7	0	0
Al27	25126.5	0.122472	72955.7	0	0
O16	14895.1	0.382805	79570.4	3774.5	3773.26
Si28	26053.2	1.37759	73464.4	234.542	231.788
Si28	26053.2	0.336526	89557.2	8706.19	8705.05
neutron	939.565	2.68954	73041.2	0	0
neutron	939.565	2.23088	73041.2	0	0
neutron	939.565	2.16636	73041.2	0	0
Mg24	22335.8	0.043282	73041.2	0	0
O16	14895.1	0.287385	91673.6	10203.4	10203
Si28	26053.2	0.293737	90152.9	9219.97	9219.26
O16	14895.1	0.490808	94303.8	14009	14007.9
O16	14895.1	0.319142	76229.2	2418.76	2418.15
O16	14895.1	0.273066	97837.9	15529.1	15528.7
Si28	26053.2	0.286657	90806.5	10846.5	10846.1
Si28	26053.2	0.236882	87697.5	8863.39	8862.38
Mg24	22335.8	0.213268	90521.7	10342.6	10341.7
O16	14895.1	0.466474	97659.4	15787.1	15786.6
O16	14895.1	1.36892	97577.8	15742.1	15739.9
Fe56	52089.8	0.0657817	95774.5	14498.5	14498.1
O16	14895.1	0.268261	91390.6	11492.9	11492.4
Na24	22341.8	0.204809	73663.8	0	0
O16	14895.1	0.236359	98210	16234.6	16234.4
Mg24	22335.8	0.203217	99917.8	17433.3	17433.1
O16	14895.1	0.398011	94476.5	14158.8	14158.4
Mg24	22335.8	0.149026	96855	15456.6	15455.8
N16	14906	0.293166	73329.7	0	0
O16	14895.1	0.316774	86268.9	7942.54	7941.56
neutron	939.565	2.65448	74060.4	0	0
Mn56	52094	0.123427	74060.4	0	0
neutron	939.565	263.992	93632.4	13359.5	12602.7
neutron	939.565	2.00344	93632.4	13359.5	12602.7
N13	12111.2	1.60338	93632.4	13359.5	12602.7
Si28	26053.2	0.135953	74137.8	471.953	471.582
Si28	26053.2	0.324874	86263.9	8600.79	8599.57
O16	14895.1	2.69336	96470	15354.3	15351.4
Mg24	22335.8	0.170285	93339.9	13118.2	13117.7
Si28	26053.2	0.187884	80787.6	4494.24	4493.93
neutron	939.565	4.21195	72659.1	0	0
neutron	939.565	1.88725	72659.1	0	0
Mg24	22335.8	1.08208	72659.1	0	0
Fe56	52089.8	0.106611	75106.6	1540.64	1539.71
O16	14895.1	0.230974	96244.2	15050.4	15049.9
neutron	939.565	55.4492	88189.7	9981.21	9566.95
neutron	939.565	0.131554	88189.7	9981.21	9566.95
Ne21	19550.5	1.3993	88189.7	9981.21	9566.95
O16	14895.1	0.236426	83802.3	4875.34	4874.99
O16	14895.1	1.17812	81060.8	5023.87	5022.23
Si28	26053.2	0.114707	83775.5	6044.26	6043.79
neutron	939.565	1.9974	74555.3	0	0
neutron	939.565	0.605875	74555.3	0	0
Na22	20482.1	0.337355	74555.3	0	0
Fe56	52089.8	0.0543555	86553.9	5406.04	5405.76
neutron	939.565	2.77345	78556.6	0	0
Mg26	24196.5	0.371946	78556.6	0	0
O16	14895.1	0.264007	94397.2	13992	13990.9
neutron	939.565	1.60929	75720.3	0	0
neutron	939.565	0.524937	75720.3	0	0
O16	14895.1	0.732962	75720.3	0	0
neutron	939.565	18.8665	73776.8	0	0
C14	13040.9	0.88297	73776.8	0	0
Mg24	22335.8	4.80435	81623.2	5002.26	4361.76
Na25	23272.4	0.207026	74031.9	0	0
Al28	26058.3	0.15772	74165	0	0
O16	14895.1	0.194539	82829.4	6412.33	6412.1
Si28	26053.2	0.113891	81307.1	5491.76	5491.41
O16	14895.1	0.241322	92758.2	12155	12154.7
O16	14895.1	0.744134	88469.3	9278.43	9277.17
O16	14895.1	0.219968	75174	977.639	977.356
Si28	26053.2	0.148389	93682.3	13318.6	13317.7
neutron	939.565	4.48074	73854.9	0	0
Al27	25126.5	0.314187	73854.9	0	0
Mg24	22335.8	0.225673	92401.4	12201.4	12201.2
Si28	26053.2	0.14509	91407.5	11600.9	11600.7
O16	14895.1	9.88297	89722	10471.6	10461.6
Mg26	24196.5	0.163494	94035.7	13573.1	13572.5
O16	14895.1	0.430893	78091.3	2909.28	2908.77
neutron	939.565	17.0584	73194.5	0	0
neutron	939.565	1.14123	73194.5	0	0
alpha	3727.38	8.95108	73194.5	0	0
O17	15830.5	1.21876	73194.5	0	0
O16	14895.1	1.43176	86423.9	7908.59	7907.07
Na24	22341.8	0.209681	73338	0	0
Mg24	22335.8	0.162268	80367.1	5415.71	5415.37
neutron	939.565	1.2542	74703.7	0	0
Mn55	51161.7	0.0754435	74703.7	0	0
Si28	26053.2	0.154643	96093	13063.9	13063.6
Mg25	23268	0.121525	95460	12244	12243.8
Fe56	52089.8	0.11366	88249.6	5785.53	5785.12
Al28	26058.3	0.162663	72303.5	0	0
O16	14895.1	0.197385	94504.3	14089.4	14089.1
O16	14895.1	0.92079	85354.2	8151.07	8150.1
Na24	22341.8	0.214331	72056.2	0	0
Al28	26058.3	0.172942	75607.2	0	0
O16	14895.1	0.191515	97472.9	15921.8	15921.6
O16	14895.1	0.309884	91797.7	11939.3	11938.6
Mg24	22335.8	0.253025	97817.1	16145.2	16144.5
Si28	26053.2	0.208069	98263.4	16433.2	16433
Si28	26053.2	0.127628	94065	13638.2	13637.7
Al28	26058.3	0.167055	74572.3	0	0
Si28	26053.2	0.111549	74592.1	861.884	861.745
Al28	26058.3	0.179721	73625.1	0	0
Al28	26058.3	0.180945	73884.8	0	0
Mg24	22335.8	0.167587	96432.5	15079.8	15079.5
O16	14895.1	0.539219	82181	5743.99	5743.28
Al28	26058.3	0.191545	72747.8	0	0
Si28	26053.2	0.468352	96478	15152.6	15152.2
neutron	939.565	4.43443	72797.8	0	0
Mg26	24196.5	0.662345	72797.8	0	0
Si28	26053.2	0.150164	89375.7	8080.96	8080.46
Mg24	22335.8	0.203659	85217.3	5447.59	5447.26
N16	14906	0.291466	76356.3	0	0
Al28	26058.3	0.179876	74544.6	0	0
N16	14906	0.289292	77819.1	0	0
Mg24	22335.8	0.202166	77930	808.05	807.731
neutron	939.565	0.996834	75032.1	0	0
Na23	21409.2	0.3734	75032.1	0	0
O16	14895.1	0.242312	98903.6	16689	16688.6
O16	14895.1	1.00101	76694.4	2700.84	2699.04
Na24	22341.8	0.208398	72198.6	0	0
O15	13971.2	3.65247	96922.3	15348	15122.3
O16	14895.1	0.486622	88381.3	9392.1	9391.45
Mg24	22335.8	0.253315	74475.5	513.886	512.933
neutron	939.565	3.44319	73641	0	0
Al27	25126.5	0.167204	73641	0	0
O16	14895.1	0.268643	77726.8	2529.03	2528.59
neutron	939.565	2.54971	76433.2	0	0
Ne22	20479.7	0.584945	76433.2	0	0
Na24	22341.8	0.208719	73590.4	0	0
O16	14895.1	0.226475	95618	14469.8	14469
Na24	22341.8	0.183653	72476.5	0	0
Mg24	22335.8	0.141866	95008.9	14305.7	14305.1
neutron	939.565	6.91659	71771.1	0	0
N15	13968.9	0.346422	71771.1	0	0
Si28	26053.2	0.11513	96617.8	15325.6	15325.5
Mg26	24196.5	0.386257	96182.5	15076.7	15076.2
O16	14895.1	0.718438	92878.4	12654	12653
Si28	26053.2	0.111577	79725	3773.22	3772.56
neutron	939.565	5.97015	73424	0	0
neutron	939.565	3.02535	73424	0	0
Na23	21409.2	0.601383	73424	0	0
O16	14895.1	0.202866	99146.9	16990.4	16989.4
Si28	26053.2	0.111619	80997.3	4127.06	4126.91
Mg24	22335.8	0.13161	81123.7	4678.38	4677.26
Si28	26053.2	0.280139	87356.9	9126.91	9126.18
O16	14895.1	0.346908	84741.8	3326.77	3325.97
neutron	939.565	1.89599	73500.7	0	0
Na23	21409.2	0.0779057	73500.7	0	0
neutron	939.565	12.435	75879.8	0	0
neutron	939.565	1.19646	75879.8	0	0
Mg25	23268	0.616169	75879.8	0	0
Mg24	22335.8	1.54362	86222.5	8162.13	8160.47
O16	14895.1	0.222223	85383.1	7664.78	7664.41
Si30	27913.2	0.194352	73286	245.477	245.275
neutron	939.565	1.4367	72938	0	0
Na23	21409.2	0.174369	72938	0	0
Na24	22341.8	0.181429	74971.2	0	0
O16	14895.1	0.209144	80092.5	3241.36	3240.98
neutron	939.565	0.284845	75325	0	0
N15	13968.9	0.449438	75325	0	0
O16	14895.1	0.217362	74088.5	883.257	882.986
Fe56	52089.8	0.0678329	85995	4255.24	4254.56
neutron	939.565	22.6233	77207.9	0	0
neutron	939.565	3.30811	77207.9	0	0
neutron	939.565	1.59279	77207.9	0	0
alpha	3727.38	5.44813	77207.9	0	0
Be8	7454.85	4.82113	77207.9	0	0
O16	14895.1	0.210027	88609.1	10408.1	10407.2
neutron	939.565	10.9033	74467.6	0	0
neutron	939.565	8.96641	74467.6	0	0
Mg24	22335.8	1.56697	74467.6	0	0
O16	14895.1	0.218885	99829.4	17352.9	17352.2
O16	14895.1	0.407372	85044.3	6431.3	6430.65
neutron	939.565	6.99516	75247.1	0	0
neutron	939.565	6.38334	75247.1	0	0
C12	11174.9	0.749347	75247.1	0	0
O16	14895.1	0.40837	96390.9	15026.2	15025.2
neutron	939.565	14.9413	72040.3	0	0
neutron	939.565	2.41429	72040.3	0	0
N14	13040.2	1.63565	72040.3	0	0
Al28	26058.3	0.183367	76182.9	0	0
O16	14895.1	0.331652	84717.8	7404.71	7404.08
O16	14895.1	0.293988	76228.8	1737.52	1736.45
Na24	22341.8	0.199982	73310.5	0	0
Si28	26053.2	0.180544	97791.9	15817.2	15816.5
Al28	26058.3	0.172433	74601.7	0	0
O16	14895.1	0.214504	82904.8	6969.19	6968.97
Mg26	24196.5	0.266349	74867.4	1786.41	1785.16
neutron	939.565	1.67699	71838.6	0	0
Ne22	20479.7	0.434644	71838.6	0	0
neutron	939.565	15.0264	73339.8	0	0
neutron	939.565	2.72064	73339.8	0	0
alpha	3727.38	9.86851	73339.8	0	0
F18	16763.2	5.67346	73339.8	0	0
O16	14895.1	0.422643	86147.6	7345.19	7344.6
O16	14895.1	0.618867	83197.2	6219.3	6217.73
O16	14895.1	0.205559	90357.1	11196.3	11195.5
neutron	939.565	0.167272	73175.8	0	0
Al27	25126.5	0.166179	73175.8	0	0
O16	14895.1	0.735447	99058.6	16836	16834.5
neutron	939.565	4.02305	73633.9	0	0
neutron	939.565	2.41542	73633.9	0	0
Na24	22341.8	0.87799	73633.9	0	0
neutron	939.565	0.680776	77836.5	0	0
Na23	21409.2	0.345027	77836.5	0	0
Al28	26058.3	0.183989	73621.7	0	0
Si28	26053.2	0.171602	85221.7	7565.47	7564.76
neutron	939.565	1.5265	98218.2	16291.1	15988.9
Si27	25130.8	1.92927	98218.2	16291.1	15988.9
neutron	939.565	4.20525	75035.6	0	0
neutron	939.565	1.10091	75035.6	0	0
Mg24	22335.8	1.18149	75035.6	0	0
Mg26	24196.5	0.152458	92629.7	11998.9	11998.4
neutron	939.565	199.845	90772	10874.7	8959.83
neutron	939.565	136.617	90772	10874.7	8959.83
neutron	939.565	131.074	90772	10874.7	8959.83
neutron	939.565	100.055	90772	10874.7	8959.83
alpha	3727.38	7.07913	90772	10874.7	8959.83
Ne20	18617.7	1.69949	90772	10874.7	8959.83
O16	14895.1	0.496231	82957.7	4172.19	4171.08
O16	14895.1	0.361053	91798.9	11164.3	11163.8
O16	14895.1	0.202053	88714.9	9896.89	9895.48
O16	14895.1	0.336814	86188	7792.49	7791.66
Mg24	22335.8	0.304618	77660.3	2488.73	2488.21
neutron	939.565	1.6757	73323.1	0	0
Na23	21409.2	0.0663803	73323.1	0	0
neutron	939.565	7.41008	77573.1	0	0
neutron	939.565	1.66926	77573.1	0	0
N14	13040.2	0.404772	77573.1	0	0
O16	14895.1	0.217586	92877.3	12661.6	12661.1
Si28	26053.2	0.143064	76693.6	1612.47	1612.03
O16	14895.1	0.306137	87324.1	8280.99	8280.53
Mg24	22335.8	0.467717	96267.5	14961.2	14960.3
Si28	26053.2	0.136234	90947.1	11260.1	11259
O16	14895.1	0.227325	82538.7	5874.33	5872.72
O16	14895.1	0.291823	90926.8	10047.4	10046.3
O16	14895.1	0.219829	92469.7	11542.5	11542.2
O16	14895.1	0.489227	92729	11929.9	11929.1
O16	14895.1	0.278513	80550.8	3313.64	3313.23
O16	14895.1	0.835063	88494.2	9029.86	9028.73
Si28	26053.2	0.13561	74300.8	125.589	125.039
neutron	939.565	6.05827	74189.9	0	0
neutron	939.565	1.98675	74189.9	0	0
neutron	939.565	1.9384	74189.9	0	0
Mg24	22335.8	0.336176	74189.9	0	0
O16	14895.1	0.276638	98591.8	16623.6	16623.3
neutron	939.565	3.1387	72013.5	0	0
C12	11174.9	0.913625	72013.5	0	0
Al28	26058.3	0.191053	73051.4	0	0
O16	14895.1	0.208348	86667.7	8263.35	8263.12
neutron	939.565	10.9954	74477.1	0	0
neutron	939.565	5.73815	74477.1	0	0
Mg25	23268	0.0649322	74477.1	0	0
Si28	26053.2	0.121681	76243.8	1793.22	1792.92
O16	14895.1	0.275962	88492.4	9518.93	9518.64
neutron	939.565	1.7847	73614.2	0	0
C14	13040.9	0.0189897	73614.2	0	0
Mg26	24196.5	0.137459	93112	13002.6	13002.4
Mg24	22335.8	0.22632	81972.3	6240.71	6239.58
O16	14895.1	0.326246	95419.9	14647.3	14646.9
neutron	939.565	1.23771	98537.6	16608.6	16376.6
Mg26	24196.5	1.57865	98537.6	16608.6	16376.6
Mg24	22335.8	0.461177	89346.4	9962.7	9962.07
Si28	26053.2	0.171402	74238.5	379.034	378.483
O16	14895.1	0.25155	82548.1	4094.41	4093.98
O16	14895.1	0.276986	81458.7	3429.46	3429.12
O16	14895.1	0.301173	91768.4	11371.7	11371.2
O16	14895.1	0.789424	88566.8	9853.91	9852.83
O16	14895.1	0.488676	82124.9	5402.17	5401.66
Mg24	22335.8	0.179884	94829.1	13900.3	13899.4
Al28	26058.3	0.159779	74127.2	0	0
Fe56	52089.8	0.0633396	85817.9	8432.98	8432.65
Mg24	22335.8	0.179609	84510.5	5776.76	5776.06
O16	14895.1	0.362064	89620.6	8891.38	8890.45
Fe56	52089.8	0.0615137	80863.6	2934.81	2934.59
Fe56	52089.8	0.0543121	83180.4	5554.11	5553.86
O16	14895.1	0.191472	81502.5	4482.46	4482.06
Si28	26053.2	0.122531	95544.4	14690.6	14690.4
Al28	26058.3	0.18869	74277	0	0
neutron	939.565	3.48519	76092.4	0	0
neutron	939.565	2.63633	76092.4	0	0
Mg25	23268	0.790316	76092.4	0	0
neutron	939.565	0.968197	73371	0	0
N15	13968.9	0.122997	73371	0	0
neutron	939.565	149.87	95661.7	14494.8	10485.1
neutron	939.565	16.3102	95661.7	14494.8	10485.1
neutron	939.565	7.94016	95661.7	14494.8	10485.1
neutron	939.565	2.87515	95661.7	14494.8	10485.1
neutron	939.565	0.783657	95661.7	14494.8	10485.1
alpha	3727.38	11.3651	95661.7	14494.8	10485.1
alpha	3727.38	1.84819	95661.7	14494.8	10485.1
O16	14895.1	0.50328	85497.2	4163.41	4161.73
O16	14895.1	0.339799	80128.7	968.158	967.816
neutron	939.565	6.01979	78469.6	0	0
neutron	939.565	4.09909	78469.6	0	0
neutron	939.565	1.63791	78469.6	0	0
neutron	939.565	0.0490735	78469.6	0	0
Cr51	47442.5	0.543419	78469.6	0	0
neutron	939.565	0.251701	74632.5	0	0
Al27	25126.5	0.21564	74632.5	0	0
O16	14895.1	0.214274	87364.9	8738.78	8738.15
O16	14895.1	2.21468	94145.8	10451	10448.7
Si28	26053.2	0.280732	88090.3	6785.37	6785.07
Na24	22341.8	0.191896	76978.2	0	0
N16	14906	0.290823	73362.1	0	0
O16	14895.1	0.280259	86162.9	7947.63	7946.16
N15	13968.9	0.233548	84525.4	5235.29	4874.83
Al29	26988.5	0.166147	76608.7	0	0
Mg26	24196.5	0.117867	96507.5	14939.7	14939.3
neutron	939.565	15.5141	73266.1	0	0
neutron	939.565	1.14041	73266.1	0	0
C13	12109.5	1.25013	73266.1	0	0
Si28	26053.2	0.14129	97394.2	15958	15957.8
neutron	939.565	1.49056	76282.3	0	0
Al27	25126.5	0.128122	76282.3	0	0
Mg24	22335.8	0.177906	85426	8184.31	8183.4
O16	14895.1	0.261288	93207.8	13065.6	13065.2
Si28	26053.2	0.217022	93993.7	13809.9	13809.6
neutron	939.565	21.7214	73404.3	0	0
neutron	939.565	7.54296	73404.3	0	0
He3	2808.39	14.4945	73404.3	0	0
Ne22	20479.7	2.51508	73404.3	0	0
Mg24	22335.8	0.285306	76376.2	1582.67	1581.7
neutron	939.565	7.37794	73711.2	0	0
neutron	939.565	6.19885	73711.2	0	0
N14	13040.2	0.499428	73711.2	0	0
O16	14895.1	0.512525	92452.7	12578.6	12578
neutron	939.565	5.28631	73094.4	0	0
Mg26	24196.5	0.729729	73094.4	0	0
Na24	22341.8	0.214882	74041.8	0	0
Mg24	22335.8	0.132984	87933.6	9840.3	9840.01
neutron	939.565	19.5734	74919.4	0	0
Na23	21409.2	1.21497	74919.4	0	0
Na26	24206.4	0.184231	74772.6	0	0
O16	14895.1	0.946992	96874.5	15442.5	15441.3
O16	14895.1	0.365432	96464.9	15180.1	15179.2
Si28	26053.2	0.273678	85350.9	7901.31	7900.78
Mg24	22335.8	0.172015	92760.8	12315.6	12314.6
Na24	22341.8	0.206858	73605.3	0	0
O16	14895.1	0.241845	99416.8	17105	17104.5
neutron	939.565	2.30639	73294.5	0	0
neutron	939.565	1.90082	73294.5	0	0
C13	12109.5	0.617577	73294.5	0	0
neutron	939.565	0.375848	73479.2	0	0
N15	13968.9	0.429031	73479.2	0	0
neutron	939.565	4.44788	73118.3	0	0
neutron	939.565	3.75319	73118.3	0	0
neutron	939.565	2.48531	73118.3	0	0
neutron	939.565	2.18837	73118.3	0	0
Cr50	46512.2	0.841617	73118.3	0	0
O16	14895.1	0.576958	78039.6	2309.33	2308.21
neutron	939.565	3.06816	74110.9	0	0
Na24	22341.8	0.297712	74110.9	0	0
Mg26	24196.5	0.267541	94266.2	13279.3	13279
Mg24	22335.8	0.292533	92287.2	11864	11863.5
Mg24	22335.8	1.02692	82469.6	4018.42	4016.63
Mg24	22335.8	0.142059	95961.1	14833.6	14833.4
O16	14895.1	0.221099	91664.5	12018.7	12018.3
O16	14895.1	0.321317	87859.6	9665.2	9664.51
neutron	939.565	0.800162	72944.1	0	0
neutron	939.565	0.364374	72944.1	0	0
C13	12109.5	0.589119	72944.1	0	0
Al28	26058.3	0.1757	73174.1	0	0
Mg24	22335.8	0.242406	94692	14191	14190.4
Si28	26053.2	0.229245	92666.7	12640.9	12640
neutron	939.565	6.71416	72654	0	0
neutron	939.565	6.67761	72654	0	0
neutron	939.565	5.41704	72654	0	0
alpha	3727.38	10.5132	72654	0	0
alpha	3727.38	1.6735	72654	0	0
alpha	3727.38	5.54076	72654	0	0
O16	14895.1	0.327736	79521.8	2907.64	2907.22
neutron	939.565	1.47585	74764.4	0	0
Mg26	24196.5	0.547069	74764.4	0	0
Mg26	24196.5	0.291145	77040.6	1252.64	1252.08
Si28	26053.2	1.05668	92368.4	9485.87	9484.29
O16	14895.1	0.310411	90090.7	8000.58	8000.21
Si28	26053.2	0.138774	86757.7	5988.28	5988.06
Si28	26053.2	0.394142	81586.9	2887.02	2886.03
O16	14895.1	0.214215	89529.2	10610.9	10610.7
O16	14895.1	0.209694	87795.8	9578.7	9578.43
O16	14895.1	0.234957	76231.9	1125.07	1124.55
neutron	939.565	0.0246649	74439.7	0	0
N15	13968.9	0.291169	74439.7	0	0
Si28	26053.2	0.204028	86873.7	9077.82	9077.53
Si28	26053.2	0.108265	93550	13329.9	13329.7
Si28	26053.2	0.154452	92177.1	12431.2	12430.9
Si28	26053.2	0.135503	74686.6	1638.57	1638.37
O16	14895.1	0.205489	73827.3	1137.92	1137.5
Mn56	52094	0.0895907	71885.7	0	0
Mg24	22335.8	0.227975	74009.6	460.645	459.892
Mg24	22335.8	0.345988	96938.4	15700.1	15698.9
Si28	26053.2	0.209329	75025.3	1489.65	1488.63
O16	14895.1	0.220114	97015.4	15326.8	15325.7
Mg24	22335.8	0.183458	74172.1	312.994	312.808
Na24	22341.8	0.220756	73698.5	0	0
O16	14895.1	0.564587	97695.6	15895.2	15894.2
O16	14895.1	0.207304	83293	6624.99	6624.66
neutron	939.565	16.7045	73455.8	0	0
neutron	939.565	5.91539	73455.8	0	0
neutron	939.565	3.66937	73455.8	0	0
Ne20	18617.7	2.05437	73455.8	0	0
Si28	26053.2	0.176558	90453.9	10252.1	10251.4
neutron	939.565	7.26723	74662.3	0	0
neutron	939.565	1.07525	74662.3	0	0
C13	12109.5	1.16917	74662.3	0	0
O16	14895.1	0.348684	80588.2	3821.58	3820.82
O16	14895.1	0.448725	77567.4	2081.14	2079.72
Mg24	22335.8	0.138662	79132.5	3998.16	3997.99
neutron	939.565	6.47106	72608	0	0
Al28	26058.3	0.328171	72608	0	0
neutron	939.565	7.15597	74495.3	0	0
neutron	939.565	1.22561	74495.3	0	0
neutron	939.565	1.12713	74495.3	0	0
Mg24	22335.8	0.515365	74495.3	0	0
Si28	26053.2	0.96411	98189.3	16226.7	16225.6
Mg25	23268	0.208988	93679.1	12428.7	12428
O16	14895.1	0.223006	79254.7	2990.27	2989.84
O16	14895.1	0.267737	93342	12742.4	12741.7
Na24	22341.8	0.203612	75700.7	0	0
Si28	26053.2	0.114622	85949	8465.78	8465.07
Mg24	22335.8	0.219722	78213.9	3149.75	3149.3
O16	14895.1	0.305849	83206.5	6578.69	6578.24
neutron	939.565	1.58793	72863.4	0	0
N15	13968.9	0.0779263	72863.4	0	0
neutron	939.565	4.24894	76052.2	0	0
N15	13968.9	0.837637	76052.2	0	0
neutron	939.565	11.5804	73863.3	0	0
alpha	3727.38	7.52088	73863.3	0	0
Ne22	20479.7	0.521859	73863.3	0	0
neutron	939.565	7.96196	71831.9	0	0
neutron	939.565	0.577923	71831.9	0	0
N14	13040.2	0.701177	71831.9	0	0
Si28	26053.2	0.238763	99398.4	17147.8	17147.6
Al28	26058.3	0.169322	73162.8	0	0
Al28	26058.3	0.190808	75130.8	0	0
Mg25	23268	0.288797	93480.2	13201.3	13200.9
Si28	26053.2	0.139929	85155	7142.6	7142.41
Si30	27913.2	0.585505	81670.9	4842.66	4841.91
neutron	939.565	1.7342	73390.6	0	0
Al27	25126.5	0.362242	73390.6	0	0
Si28	26053.2	0.118196	96393.6	15105.9	15105.6
Si29	26984.3	0.151494	97667.5	16046.3	16046.1
Si28	26053.2	0.317434	93171.2	13002.3	13001.9
Si28	26053.2	0.167124	75328.9	1151.4	1151.22
O16	14895.1	0.813403	85093.5	7047.22	7045
O16	14895.1	0.356363	75599.6	949.151	948.651
Al28	26058.3	0.18293	73995.3	0	0
O16	14895.1	0.238276	74542	641.442	640.457
neutron	939.565	1.87298	73959.3	0	0
Mg26	24196.5	0.282877	73959.3	0	0
Al28	26058.3	0.159353	74992.6	0	0
O16	14895.1	0.26264	82736	5338.38	5337.86
O16	14895.1	0.205488	86315.5	3138.14	3137.89
Mg24	22335.8	0.175376	77549.9	2569.96	2569.73
neutron	939.565	0.0461191	74364.7	0	0
Al27	25126.5	0.196587	74364.7	0	0
Mg24	22335.8	0.186514	74919.7	749.521	749.306
O16	14895.1	0.365007	89714.9	10938.9	10938.4
Si28	26053.2	0.299243	76368.8	1612.8	1612.44
neutron	939.565	9.66174	73577.4	0	0
neutron	939.565	8.97748	73577.4	0	0
C13	12109.5	0.493164	73577.4	0	0
neutron	939.565	11.9907	75457.6	0	0
neutron	939.565	3.76617	75457.6	0	0
Ne21	19550.5	0.999219	75457.6	0	0
O16	14895.1	0.611213	84811.4	7153.69	7153.06
O16	14895.1	0.21421	74645.4	709.427	709.054
O16	14895.1	0.401993	97070.9	15533.6	15533.1
O16	14895.1	1.69899	90900.1	8077.16	8075.4
Si28	26053.2	0.210114	83414.8	2862.65	2861.59
Al28	26058.3	0.181422	72595.2	0	0
Mg24	22335.8	0.357211	91476.9	12234.1	12233.3
Si28	26053.2	0.142226	72477.5	195.211	193.737
Al28	26058.3	0.17942	72218.5	0	0
Si28	26053.2	0.283481	93544.4	13668.3	13668
neutron	939.565	0.618194	72762.8	0	0
N15	13968.9	0.160255	72762.8	0	0
neutron	939.565	0.725886	73103.3	0	0
N15	13968.9	0.516286	73103.3	0	0
Mg24	22335.8	0.182807	98023.9	15927.8	15927.3
neutron	939.565	6.19812	73735.6	0	0
neutron	939.565	5.15543	73735.6	0	0
Na22	20482.1	0.633367	73735.6	0	0
O16	14895.1	0.303065	94442.4	13816.1	13815.4
O16	14895.1	0.515965	86208.4	8096.65	8095.92
O16	14895.1	0.3064	93170	11665.7	11665.1
neutron	939.565	2.94938	76318.5	0	0
neutron	939.565	2.05088	76318.5	0	0
neutron	939.565	1.40592	76318.5	0	0
C12	11174.9	1.94401	76318.5	0	0
Mn56	52094	0.0867557	73586.4	0	0
Al28	26058.3	0.18646	74544.1	0	0
Si28	26053.2	0.175134	81363.2	970.658	970.376
neutron	939.565	7.17671	79816.5	0	0
Na23	21409.2	0.14189	79816.5	0	0
Na24	22341.8	0.216525	72494.3	0	0
O16	14895.1	0.202754	99177.3	16987.1	16986.3
Si28	26053.2	0.693639	90633.9	11221.2	11220
Al28	26058.3	0.180636	73541.6	0	0
neutron	939.565	152.704	89042.8	10348.3	9758.13
neutron	939.565	9.95915	89042.8	10348.3	9758.13
neutron	939.565	5.94876	89042.8	10348.3	9758.13
neutron	939.565	0.467671	89042.8	10348.3	9758.13
Be9	8392.75	5.83936	89042.8	10348.3	9758.13
Si28	26053.2	0.174365	86344.6	8038.5	8037.67
O16	14895.1	0.403118	73739.9	845.214	844.735
Si28	26053.2	0.115856	94587.4	13863.4	13863
O16	14895.1	0.250578	81673.2	4460.12	4459.86
O16	14895.1	0.334822	99295	17008	17007.5
Si28	26053.2	0.452776	86377.1	6180.54	6179.91
Si28	26053.2	0.219882	90136.1	11188.8	11188.1
Na25	23272.4	0.206123	72617.5	0	0
Fe57	53021.7	0.0603325	92098.4	11412	11411.5
Na24	22341.8	0.196106	74360.8	0	0
O16	14895.1	0.291503	83757.6	6957.87	6957.43
Si28	26053.2	0.18877	89189.7	10126.3	10125.8
neutron	939.565	3.67387	74964.8	0	0
Mg26	24196.5	0.720955	74964.8	0	0
Si28	26053.2	0.130452	85821.2	7211.42	7211
O16	14895.1	0.279129	81604	4119.84	4119.46
Al28	26058.3	0.183784	74824.7	0	0
O16	14895.1	1.07559	77884.7	2276.69	2275.31
O16	14895.1	0.638822	77388	1984.48	1983.25
Si28	26053.2	0.214999	75745.4	910.046	909.794
neutron	939.565	12.7283	75299.4	0	0
neutron	939.565	6.20169	75299.4	0	0
neutron	939.565	0.383083	75299.4	0	0
Cr52	48370	0.171849	75299.4	0	0
neutron	939.565	13.6119	75047	0	0
neutron	939.565	11.3253	75047	0	0
neutron	939.565	5.32977	75047	0	0
C12	11174.9	2.00781	75047	0	0
Mg24	22335.8	0.437245	73979.4	1140.86	1140.24
Si28	26053.2	0.32313	80363.4	4805.94	4804.68
neutron	939.565	1.44567	76449	0	0
neutron	939.565	1.23749	76449	0	0
Al27	25126.5	0.175827	76449	0	0
Al28	26058.3	0.187555	80808.2	0	0
neutron	939.565	7.64588	74492.5	0	0
neutron	939.565	3.92548	74492.5	0	0
N14	13040.2	1.35573	74492.5	0	0
O16	14895.1	0.517699	83947.2	6375.56	6374.43
O16	14895.1	0.321388	85154.1	7640.78	7640.33
O16	14895.1	0.431223	78340.5	3280.76	3280.28
neutron	939.565	13.5578	72938.7	0	0
Na25	23272.4	0.201602	72938.7	0	0
Si28	26053.2	0.222737	85716.7	6983.44	6983.19
Si28	26053.2	0.120212	86183.7	8335.68	8335.51
O16	14895.1	0.421699	75840.8	1719.36	1718.94
neutron	939.565	8.38602	72932.9	0	0
neutron	939.565	0.595626	72932.9	0	0
Al26	24200	0.329724	72932.9	0	0
O16	14895.1	0.202548	87637.3	8122.1	8121.03
Si28	26053.2	0.486874	86698.6	7532.12	7531.62
O16	14895.1	0.203765	85000.6	6442.78	6442.37
Si28	26053.2	0.166975	82696	4756.81	4756.54
neutron	939.565	6.61145	74674.5	0	0
neutron	939.565	3.90204	74674.5	0	0
neutron	939.565	1.25286	74674.5	0	0
C12	11174.9	0.774303	74674.5	0	0
Si28	26053.2	0.155573	86073.1	8226.38	8225.71
Mg24	22335.8	0.143202	93826.3	13129.3	13129.2
Mg24	22335.8	0.609097	89772.5	10577.8	10576.6
Mg26	24196.5	0.891374	76073.5	2223.08	2221.96
Si28	26053.2	0.726312	82018	4971.91	4971.13
neutron	939.565	0.344989	74302.9	0	0
Al28	26058.3	0.142388	74302.9	0	0
Si28	26053.2	0.16596	95265.8	14404.2	14404
Mg24	22335.8	0.216088	79966.3	2738.14	2737.66
Si28	26053.2	0.121058	98498.5	16541.8	16541.6
Mg24	22335.8	0.863711	95950.1	14819.4	14818.4
Al28	26058.3	0.185822	74949.4	0	0
neutron	939.565	3.84355	73750.3	0	0
neutron	939.565	1.24263	73750.3	0	0
N14	13040.2	0.621704	73750.3	0	0
neutron	939.565	25.4062	72872.9	0	0
Mg26	24196.5	0.841167	72872.9	0	0
O16	14895.1	1.1232	91742.9	11686.6	11685.4
O16	14895.1	0.489972	99891.8	17419.1	17418.5
Al28	26058.3	0.18716	74627.1	0	0
neutron	939.565	14.3136	73507.5	0	0
neutron	939.565	2.39063	73507.5	0	0
neutron	939.565	0.753115	73507.5	0	0
C12	11174.9	1.29665	73507.5	0	0
Mg24	22335.8	0.495612	92453.5	12803.5	12802.9
Mg25	23268	0.182903	82730.4	6181.46	6180.88
Al28	26058.3	0.178074	72832.4	0	0
O16	14895.1	1.45036	87190.9	9231.89	9230.4
O16	14895.1	0.9454	79600.2	4270.17	4268.97
neutron	939.565	0.542922	72283.8	0	0
Mg26	24196.5	0.583987	72283.8	0	0
O16	14895.1	0.209765	74894.2	717.85	717.595
Si28	26053.2	0.111417	98041.5	15939.3	15938.2
O16	14895.1	0.267857	95226.3	14277.1	14276.3
O16	14895.1	0.43789	75079.3	1205.17	1204.11
neutron	939.565	2.59752	72965.8	0	0
neutron	939.565	2.5136	72965.8	0	0
neutron	939.565	0.486289	72965.8	0	0
Ne20	18617.7	0.902625	72965.8	0	0
neutron	939.565	1.71746	77016	0	0
Mg26	24196.5	0.434095	77016	0	0
Si28	26053.2	1.5432	77491.1	2823.82	2822.14
O16	14895.1	0.272488	93578.2	13405.5	13405
Si28	26053.2	0.195119	83226.6	6702.72	6702.08
neutron	939.565	7.54565	72406.7	0	0
neutron	939.565	4.31167	72406.7	0	0
neutron	939.565	0.531835	72406.7	0	0
Na23	21409.2	0.311611	72406.7	0	0
Mg24	22335.8	0.190993	80799.5	3986.72	3986.46
O16	14895.1	0.386017	95425.6	14426.2	14425.5
Al28	26058.3	0.176184	73687.2	0	0
N16	14906	0.290664	74395.6	0	0
Mg24	22335.8	0.127398	98613.3	16701.8	16701.2
Si28	26053.2	0.342644	96272.9	15168.9	15168.5
Al28	26058.3	0.185467	71583.5	0	0
Fe56	52089.8	0.0779105	86699.3	8604.83	8604.29
Al28	26058.3	0.183383	73579.3	0	0
Si28	26053.2	0.13339	85218	7400.56	7400.29
O16	14895.1	0.567739	75914.2	459.186	458.568
Na26	24206.4	0.18387	75176.2	0	0
Na24	22341.8	0.20196	74029.1	0	0
Mg24	22335.8	0.279252	90472.7	10679.6	10678.4
Mg24	22335.8	0.204497	90614.7	10195.1	10194.1
Si28	26053.2	0.118506	80080.6	3679.93	3679.59
Al28	26058.3	0.190705	74198.3	0	0
neutron	939.565	4.47947	76245.1	0	0
neutron	939.565	1.48692	76245.1	0	0
neutron	939.565	0.63374	76245.1	0	0
Mg24	22335.8	0.226897	76245.1	0	0
O16	14895.1	0.295738	91672.7	12265.9	12265.4
neutron	939.565	3.37836	71932.8	0	0
neutron	939.565	1.25747	71932.8	0	0
neutron	939.565	1.19827	71932.8	0	0
C12	11174.9	1.34795	71932.8	0	0
O16	14895.1	0.261138	94063	11992	11991.5
neutron	939.565	3.40678	74725.5	0	0
Ne22	20479.7	0.721004	74725.5	0	0
Si28	26053.2	0.138868	77921.5	603.352	601.572
neutron	939.565	8.89925	76888.8	0	0
neutron	939.565	7.54105	76888.8	0	0
neutron	939.565	6.54868	76888.8	0	0
C12	11174.9	0.425583	76888.8	0	0
O16	14895.1	0.217881	99171.5	16899.5	16899.1
O16	14895.1	0.249559	81258	3290.54	3289.35
Fe56	52089.8	0.251641	89760.1	10329.4	10328.6
O16	14895.1	0.285253	82467.7	4572.51	4572.09
neutron	939.565	3.18256	75194.1	0	0
alpha	3727.38	31.7013	75194.1	0	0
Ne22	20479.7	8.41498	75194.1	0	0
Mg24	22335.8	0.297374	93546.9	13513.1	13512.7
Na25	23272.4	0.212971	74576.7	0	0
Mg24	22335.8	0.151128	82848.6	6530.37	6529.99
Fe56	52089.8	0.0576169	99274.8	17052.4	17051.7
Si28	26053.2	0.188938	94871.2	13983.1	13982.7
neutron	939.565	30.7432	74114.1	0	0
neutron	939.565	9.4514	74114.1	0	0
neutron	939.565	0.433028	74114.1	0	0
Ne20	18617.7	4.45083	74114.1	0	0
O16	14895.1	0.3082	86536.1	6392.9	6390.87
Si28	26053.2	0.15013	77928.2	923.245	922.923
Al28	26058.3	0.18737	76370.4	0	0
C14	13040.9	1.28785	86076.9	6805.83	5145.29
neutron	939.565	1.41106	73866.4	0	0
neutron	939.565	0.133292	73866.4	0	0
Ne21	19550.5	0.288428	73866.4	0	0
neutron	939.565	6.18787	96267.8	13990.6	13370.9
neutron	939.565	3.49096	96267.8	13990.6	13370.9
neutron	939.565	2.09439	96267.8	13990.6	13370.9
Mg24	22335.8	3.13492	96267.8	13990.6	13370.9
O16	14895.1	0.321406	94597.3	12333.1	12332.4
neutron	939.565	8.25255	76109.8	0	0
neutron	939.565	6.92502	76109.8	0	0
neutron	939.565	6.40634	76109.8	0	0
alpha	3727.38	6.25467	76109.8	0	0
alpha	3727.38	8.39026	76109.8	0	0
alpha	3727.38	5.4932	76109.8	0	0
Mg24	22335.8	0.510799	75286.2	1318.87	1318.24
neutron	939.565	6.59663	73537.4	0	0
neutron	939.565	0.923443	73537.4	0	0
C13	12109.5	0.963551	73537.4	0	0
neutron	939.565	2.93714	74697.3	0	0
neutron	939.565	1.46773	74697.3	0	0
Ne21	19550.5	0.352302	74697.3	0	0
O16	14895.1	0.590389	89503.5	10282.8	10281.4
neutron	939.565	2.58597	73154.5	0	0
neutron	939.565	1.34273	73154.5	0	0
Mn54	50232.4	0.174776	73154.5	0	0
Mg24	22335.8	0.215491	88273.7	8307.31	8306.5
Al28	26058.3	0.165064	75128.2	0	0
O16	14895.1	0.800434	91186.7	11602.6	11601.5
O16	14895.1	0.246157	90020.7	10683	10682.1
Si29	26984.3	0.312247	88912.5	9155.47	9155.15
O16	14895.1	0.370656	90790.9	11540.8	11540.4
O16	14895.1	0.191305	88225.9	7436.89	7436.04
neutron	939.565	6.07982	76079.7	0	0
C14	13040.9	1.67014	76079.7	0	0
O16	14895.1	0.202515	75481.7	1327.48	1325.72
O16	14895.1	0.196517	90644.2	10762.5	10762.2
neutron	939.565	0.859697	72466.9	0	0
Al27	25126.5	0.135226	72466.9	0	0
O16	14895.1	0.201629	87767.1	9441.43	9440.29
Si28	26053.2	0.108814	85258.3	8033.72	8033.46
Mg24	22335.8	0.227378	80836.1	5128.35	5127.94
O16	14895.1	0.242866	85392.2	5786.87	5786.56
Al28	26058.3	0.16965	72998	0	0
Mg24	22335.8	0.164804	80278.1	2719.69	2719.46
Mg24	22335.8	0.130395	79766.4	2433.61	2433.47
Si28	26053.2	0.210238	81108.3	4798.19	4797.68
Mg24	22335.8	0.193178	80343.5	4034.51	4034.05
neutron	939.565	0.767105	73931.5	0	0
Mn53	49301.8	0.0774524	73931.5	0	0
Mg25	23268	0.15865	82024.5	4104	4103.41
Al28	26058.3	0.182637	75212.4	0	0
O16	14895.1	0.468174	81412.8	5444.95	5444.23
neutron	939.565	7.23744	72647.7	0	0
neutron	939.565	3.11202	72647.7	0	0
neutron	939.565	0.89603	72647.7	0	0
C12	11174.9	4.91851	72647.7	0	0
neutron	939.565	1.81105	72554.3	0	0
Ne22	20479.7	0.961293	72554.3	0	0
O16	14895.1	0.688394	75789.6	1393.15	1391.97
neutron	939.565	11.0134	74852.3	0	0
neutron	939.565	1.86486	74852.3	0	0
N14	13040.2	0.20461	74852.3	0	0
Si28	26053.2	0.138435	79168.5	2876.85	2876.33
neutron	939.565	115.099	77620.1	1834.84	1570.67
neutron	939.565	110.27	77620.1	1834.84	1570.67
N13	12111.2	3.65756	77620.1	1834.84	1570.67
Na24	22341.8	0.193564	74976.7	0	0
neutron	939.565	0.187303	74154.8	0	0
N15	13968.9	0.41597	74154.8	0	0
Mg24	22335.8	0.291292	83656.6	5926.36	5925.43
O16	14895.1	0.340998	90455.9	10797.3	10796.1
Na24	22341.8	0.204802	73512.1	0	0
Mg25	23268	0.158174	98326.2	16487.1	16486.7
Mg24	22335.8	0.129472	76696	2557.59	2557.14
O16	14895.1	0.478448	82438.2	5585.02	5584.39
O16	14895.1	0.977883	99543.3	17220.7	17219.4
Si28	26053.2	0.115662	90295.1	10478.2	10478
Na25	23272.4	0.200353	75928.4	0	0
neutron	939.565	1.86136	73705.9	0	0
N15	13968.9	0.131012	73705.9	0	0
O16	14895.1	0.213418	90659.4	11451	11450.7
O16	14895.1	0.295124	91247.3	11916	11915.5
Al28	26058.3	0.18223	73721.5	0	0
Mg24	22335.8	0.478336	87386.3	8478.94	8478.46
neutron	939.565	40.7128	73984.4	0	0
neutron	939.565	11.1673	73984.4	0	0
C13	12109.5	4.88562	73984.4	0	0
Fe56	52089.8	0.147741	95585.5	14113.6	14112.5
Si28	26053.2	0.167595	73786.1	248.3	247.475
Al28	26058.3	0.168111	73411.3	0	0
neutron	939.565	16.9614	73333.9	0	0
neutron	939.565	0.43089	73333.9	0	0
C13	12109.5	0.953147	73333.9	0	0
neutron	939.565	1.36048	76021.9	0	0
Ne22	20479.7	0.368355	76021.9	0	0
O16	14895.1	0.214661	84413	6724.99	6724.22
neutron	939.565	33.6542	73413	0	0
neutron	939.565	1.94546	73413	0	0
neutron	939.565	1.09966	73413	0	0
Mn54	50232.4	0.555664	73413	0	0
Si28	26053.2	0.149185	77886.7	3320.23	3319.78
Al28	26058.3	0.171854	72434.8	0	0
O16	14895.1	0.878094	94009.7	12374.4	12373.1
O16	14895.1	0.574539	93451.1	12938.3	12937.6
neutron	939.565	5.87752	73477.6	0	0
neutron	939.565	1.29419	73477.6	0	0
neutron	939.565	1.01388	73477.6	0	0
Ne22	20479.7	0.821308	73477.6	0	0
neutron	939.565	18.2288	71885.5	0	0
neutron	939.565	9.19397	71885.5	0	0
neutron	939.565	1.81847	71885.5	0	0
alpha	3727.38	6.84135	71885.5	0	0
Be8	7454.85	2.1326	71885.5	0	0
neutron	939.565	2.91104	77676.1	0	0
N15	13968.9	0.573608	77676.1	0	0
Al28	26058.3	0.151623	73318.8	0	0
Mg24	22335.8	0.260153	94604.7	14133.7	14132.2
Mg24	22335.8	0.247647	94562.8	14111.8	14111.1
Na24	22341.8	0.205217	74536.9	0	0
O16	14895.1	0.217274	78719	2213	2211.12
O16	14895.1	1.8938	96413.4	14863.1	14861
O16	14895.1	0.318567	92068	11872.4	11871.1
Fe56	52089.8	0.0646841	76455.7	525.793	525.645
Mg24	22335.8	0.267648	87679.9	9588.06	9586.82
neutron	939.565	2.95658	72496.2	0	0
Ne22	20479.7	0.865333	72496.2	0	0
Mg24	22335.8	0.195975	93798.6	11544.2	11543.3
Al28	26058.3	0.177905	76297.3	0	0
O16	14895.1	0.514884	85811.2	8104.04	8102.7
Si28	26053.2	0.446983	76355.7	2104.77	2104.09
Al28	26058.3	0.190921	72693	0	0
O16	14895.1	0.383946	82789.9	4026.26	4025.78
Mg24	22335.8	0.728196	98345.3	16369.5	16368.6
O16	14895.1	0.205398	91805.5	12311.8	12311.1
Si28	26053.2	0.116166	87593.7	8759.44	8758.71
Al30	27922.3	0.163658	74710.4	0	0
O16	14895.1	0.294693	91183.7	10794.9	10794.6
Si28	26053.2	0.109522	74711.3	479.911	479.522
O16	14895.1	0.73243	91107.6	10470.2	10468.8
O16	14895.1	0.229829	97389.9	15843.5	15842.9
Si28	26053.2	0.114257	86433.1	8661.08	8660.96
neutron	939.565	1.92867	72545.4	0	0
Ne24	22344.8	1.27987	72545.4	0	0
Si28	26053.2	0.174797	80039.7	4893.46	4893.28
O16	14895.1	0.219051	91390.5	11625.9	11624.8
O16	14895.1	0.257317	89696.2	10359.7	10359.4
O16	14895.1	0.768124	77398.4	1954.7	1953.31
O16	14895.1	0.47808	97058.6	15443.7	15442.9
O16	14895.1	0.509176	95006.3	13786.5	13785.8
Si29	26984.3	0.305757	90814	11235.7	11235.1
O16	14895.1	1.08411	90004.5	10773.7	10772.5
Si29	26984.3	0.392949	78649.2	3935.82	3935.36
O16	14895.1	0.926796	95450.3	14254.9	14253.9
O16	14895.1	0.243963	86546.4	8604.3	8603.82
O16	14895.1	0.304415	96176.2	14620.4	14619
neutron	939.565	24.1715	77992.9	0	0
neutron	939.565	20.8941	77992.9	0	0
Mg25	23268	0.764271	77992.9	0	0
O16	14895.1	0.216154	97690.6	16004.3	16003.5
Si28	26053.2	0.120471	81881.2	4550.65	4550.33
neutron	939.565	4.24617	74421.8	0	0
neutron	939.565	0.423092	74421.8	0	0
N14	13040.2	0.725918	74421.8	0	0
Si28	26053.2	0.136129	97802.3	16086.9	16086.6
neutron	939.565	11.2186	74618.6	0	0
neutron	939.565	1.50017	74618.6	0	0
neutron	939.565	0.967985	74618.6	0	0
Ne20	18617.7	0.902979	74618.6	0	0
O16	14895.1	0.393591	79238.3	4202.75	4201.64
Mg24	22335.8	0.153011	93706.9	13115.5	13115.4
Si28	26053.2	0.143292	92060.6	12140.7	12140.4
neutron	939.565	4.64849	72904.6	0	0
neutron	939.565	0.795657	72904.6	0	0
neutron	939.565	0.154267	72904.6	0	0
Ne21	19550.5	0.55747	72904.6	0	0
neutron	939.565	5.7669	73100	0	0
neutron	939.565	0.852778	73100	0	0
neutron	939.565	0.393213	73100	0	0
Na23	21409.2	1.53682	73100	0	0
Mg24	22335.8	0.175374	99186.3	16991.6	16991.2
O16	14895.1	1.13853	94655.1	13339.8	13337.6
O16	14895.1	0.210848	87774.5	9594.28	9593.65
O16	14895.1	0.343365	82682	5969.58	5969.22
Si28	26053.2	0.145217	76569.1	1811.06	1810.76
Na24	22341.8	0.186714	73590.3	0	0
O16	14895.1	1.0133	86318.5	7721.05	7719.97
neutron	939.565	9.58976	73318.6	0	0
neutron	939.565	2.24244	73318.6	0	0
neutron	939.565	0.67489	73318.6	0	0
Ne22	20479.7	0.871031	73318.6	0	0
neutron	939.565	13.8545	73404.1	0	0
neutron	939.565	11.2339	73404.1	0	0
neutron	939.565	4.56934	73404.1	0	0
neutron	939.565	3.87832	73404.1	0	0
Na22	20482.1	2.58719	73404.1	0	0
neutron	939.565	25.667	74116.1	0	0
neutron	939.565	3.92826	74116.1	0	0
Ne21	19550.5	3.28382	74116.1	0	0
neutron	939.565	0.157768	76906.3	0	0
Al27	25126.5	0.170609	76906.3	0	0
O16	14895.1	0.215352	93822.8	13338.5	13337.7
Si30	27913.2	0.125834	87321.7	9045.37	9044.84
neutron	939.565	29.6256	73439.7	0	0
neutron	939.565	1.71042	73439.7	0	0
C13	12109.5	1.92201	73439.7	0	0
Na24	22341.8	0.194935	72107	0	0
neutron	939.565	4.506	73350.3	0	0
neutron	939.565	4.01801	73350.3	0	0
Al26	24200	0.554882	73350.3	0	0
Fe56	52089.8	0.143683	81719.5	5286.25	5285.97
Mg24	22335.8	0.147296	97671.7	16097.8	16097.5
neutron	939.565	132.143	95997.3	14966.5	14528.1
Ne21	19550.5	1.05581	95997.3	14966.5	14528.1
O16	14895.1	0.854744	93688.6	13060.3	13059.3
O16	14895.1	0.420025	73329.8	407.234	406.538
Mg24	22335.8	0.484276	72972.3	201.161	200.395
Si28	26053.2	0.263875	76483.4	1514.8	1514.38
O16	14895.1	0.222797	82520.9	4149.86	4147.76
Si28	26053.2	0.243978	84457.8	7363.79	7363.03
neutron	939.565	8.6544	72661.4	0	0
C14	13040.9	0.153626	72661.4	0	0
O16	14895.1	0.372488	85285.6	7218.82	7218.3
Mg24	22335.8	0.16369	81216.8	4980	4979.14
O16	14895.1	0.190992	90148.3	11251.8	11251.4
O16	14895.1	0.522039	88298.3	10151.5	10149.2
neutron	939.565	5.91772	72728.9	0	0
neutron	939.565	2.70192	72728.9	0	0
Mg24	22335.8	0.676501	72728.9	0	0
O16	14895.1	0.870149	82016.8	5894.18	5892.45
neutron	939.565	5.12526	73630.7	0	0
neutron	939.565	3.22964	73630.7	0	0
neutron	939.565	2.27832	73630.7	0	0
Na23	21409.2	0.879381	73630.7	0	0
Mg26	24196.5	0.119843	89015.2	10420.7	10420
O16	14895.1	0.239447	75810.1	1452.44	1451.4
neutron	939.565	9.7739	73342.4	0	0
neutron	939.565	6.61991	73342.4	0	0
Mg25	23268	0.681504	73342.4	0	0
neutron	939.565	6.91552	74227.1	0	0
neutron	939.565	4.60236	74227.1	0	0
neutron	939.565	1.62549	74227.1	0	0
Ne21	19550.5	0.662081	74227.1	0	0
Mg24	22335.8	0.126646	85786.4	5674.55	5674.4
Mg24	22335.8	0.167406	85179.8	8010.32	8010.14
Mg24	22335.8	0.193257	95593.5	10917.4	10916.9
Mn56	52094	0.0913365	78511.3	0	0
Si28	26053.2	0.282224	98029.6	16037.5	16036.3
Mg24	22335.8	0.131895	75154.8	1652.72	1652.13
neutron	939.565	27.7087	72369.8	0	0
neutron	939.565	11.3198	72369.8	0	0
Mg25	23268	1.11055	72369.8	0	0
O16	14895.1	0.471721	83314.2	6243.67	6243.07
neutron	939.565	3.17624	75435	0	0
N15	13968.9	0.29513	75435	0	0
O16	14895.1	0.233445	98352.8	16445	16444.6
Fe56	52089.8	0.0619061	83149.9	3246.2	3245.47
Si28	26053.2	1.4644	95132.1	13860	13857.6
neutron	939.565	11.9357	75790	0	0
neutron	939.565	1.99549	75790	0	0
neutron	939.565	0.738825	75790	0	0
alpha	3727.38	6.2432	75790	0	0
alpha	3727.38	2.57984	75790	0	0
alpha	3727.38	7.6136	75790	0	0
neutron	939.565	5.90563	72601	0	0
neutron	939.565	4.95104	72601	0	0
Na22	20482.1	0.429174	72601	0	0
Si28	26053.2	0.141465	97962.4	16146.9	16146
O16	14895.1	0.934258	79801.1	4667.38	4666.41
neutron	939.565	3.94139	72390.9	0	0
Mg26	24196.5	0.414159	72390.9	0	0
Mg26	24196.5	0.118051	80322.5	4860.75	4860.54
neutron	939.565	0.214518	72632.5	0	0
N15	13968.9	0.328565	72632.5	0	0
Mg24	22335.8	0.130013	96828.1	15510.5	15510.2
O16	14895.1	1.0163	96695.2	15340.7	15338.6
neutron	939.565	3.57604	86911.5	0	0
neutron	939.565	2.03758	86911.5	0	0
neutron	939.565	1.64763	86911.5	0	0
Mn53	49301.8	0.0163244	86911.5	0	0
Mg24	22335.8	0.727345	96877	15324.6	15322.6
O16	14895.1	0.473881	83501.4	6041.93	6041.09
C12	11174.9	2.51393	97265	15598.2	15121.5
O16	14895.1	0.529043	88705.9	9036.08	9035.46
O16	14895.1	0.413692	87442.8	9614.05	9613.47
O16	14895.1	0.332801	79302.1	4227.69	4226.84
Al29	26988.5	0.179968	73655	0	0
O16	14895.1	0.214692	87966.2	8329.19	8328.42
Si28	26053.2	0.12726	79694.3	2829.81	2829.16
O16	14895.1	0.503813	96436.2	14328	14327.3
O16	14895.1	0.418387	92645.6	9716.49	9715.72
O16	14895.1	0.348137	89445.5	10586.8	10586.3
Mg24	22335.8	0.714813	76486.5	1872.73	1871.85
neutron	939.565	2.34663	73352.9	0	0
Cr52	48370	0.336785	73352.9	0	0
Mg26	24196.5	0.120182	96788.4	14762.3	14762
O16	14895.1	0.654861	76942	1791.28	1790.35
Al28	26058.3	0.173798	72668.3	0	0
O16	14895.1	0.559605	77375.4	2327.65	2326.92
O16	14895.1	0.194592	93398.6	12189.7	12189.4
neutron	939.565	8.05071	73954.9	0	0
neutron	939.565	3.59375	73954.9	0	0
neutron	939.565	1.25298	73954.9	0	0
Mg24	22335.8	0.237288	73954.9	0	0
Si28	26053.2	0.125164	99613.3	17202.7	17202.4
Mg24	22335.8	0.784846	94512.3	13971.9	13971
Mg24	22335.8	1.34002	79265.7	4082.96	4081.38
O16	14895.1	1.86329	98306	16203.3	16201
O16	14895.1	0.258694	73876.3	700.578	699.78
Si28	26053.2	0.214216	87595.6	9212.8	9211.72
O16	14895.1	0.450628	74298.2	375.952	375.335
Na25	23272.4	0.202375	73726.6	0	0
O16	14895.1	0.303219	88616.7	9468.79	9468.27
Mg24	22335.8	0.158681	85188	7742.38	7741.67
neutron	939.565	0.193653	73053.2	0	0
Mn53	49301.8	0.0839866	73053.2	0	0
O16	14895.1	0.206507	99246.1	16817.6	16817.1
Mg24	22335.8	0.157544	87874	9418.08	9417.29
O16	14895.1	0.451791	98912.7	16700.7	16699.6
Al28	26058.3	0.15049	73050.1	0	0
Mg24	22335.8	0.126825	84239.1	6942.22	6941.17
O16	14895.1	0.261228	77978.8	2668.81	2668.49
neutron	939.565	12.143	73816.6	0	0
neutron	939.565	2.66397	73816.6	0	0
Na24	22341.8	0.513147	73816.6	0	0
O16	14895.1	0.374456	74750.8	1693.9	1693.29
O16	14895.1	0.269922	92097.6	11945.4	11944.6
O16	14895.1	0.813247	90199.8	9353.19	9351.89
neutron	939.565	4.32536	77052.2	0	0
N15	13968.9	0.682429	77052.2	0	0
O16	14895.1	0.397284	91668.1	12196	12195.2
neutron	939.565	4.79756	74114.5	0	0
Al27	25126.5	0.500228	74114.5	0	0
Fe56	52089.8	0.0957938	99136	16948.4	16947.8
Mg24	22335.8	0.202765	89603	10117.1	10116.9
Al28	26058.3	0.162364	72942.4	0	0
O16	14895.1	0.274292	97646.5	15833.8	15832.7
O16	14895.1	0.535764	99310.7	17062.1	17059.5
alpha	3727.38	3.87251	84909.7	6889.64	5169.57
alpha	3727.38	5.47573	84909.7	6889.64	5169.57
Be8	7454.85	3.70686	84909.7	6889.64	5169.57
Fe56	52089.8	0.0648075	89166.3	9114.18	9113.81
Si28	26053.2	0.218336	99721.6	17299.3	17298.3
Si28	26053.2	0.232347	93316.6	12765.6	12765.3
Na24	22341.8	0.205051	72696.9	0	0
Mg24	22335.8	0.153974	86033.9	8131.35	8131.03
Si28	26053.2	0.129637	92651.9	12978.3	12978.1
N16	14906	0.286835	74519.6	0	0
O16	14895.1	1.19102	91366.5	9792.38	9791.07
O16	14895.1	0.263803	84474.5	7231.32	7230.24
Al28	26058.3	0.171997	73053.3	0	0
Si28	26053.2	0.245308	87953.7	9326.22	9325.36
neutron	939.565	4.62838	73456.4	0	0
neutron	939.565	2.67621	73456.4	0	0
neutron	939.565	0.848203	73456.4	0	0
C12	11174.9	0.272152	73456.4	0	0
O16	14895.1	0.22177	99775	17350.8	17349.8
O16	14895.1	0.225836	92624.1	12937.7	12936.7
Mg24	22335.8	0.129549	87066.6	6371.23	6370.46
Na24	22341.8	0.218958	77689.8	0	0
neutron	939.565	24.2661	74841.5	0	0
neutron	939.565	4.61833	74841.5	0	0
C13	12109.5	3.25926	74841.5	0	0
O16	14895.1	0.313034	92113.6	12143.2	12142
O16	14895.1	0.321596	95480.3	14755.6	14754.9
neutron	939.565	77.9305	82764.9	6581.74	6294.14
Ne21	19550.5	1.17883	82764.9	6581.74	6294.14
Fe56	52089.8	0.0829942	76810	2550.33	2550.09
neutron	939.565	3.75696	72739.5	0	0
N15	13968.9	0.295227	72739.5	0	0
neutron	939.565	9.84727	75040.6	0	0
neutron	939.565	1.61931	75040.6	0	0
neutron	939.565	0.498727	75040.6	0	0
Mg24	22335.8	0.628257	75040.6	0	0
O16	14895.1	0.264579	99945	17417.2	17416.5
Fe56	52089.8	0.0571586	84022.3	2130.82	2130.46
O16	14895.1	0.216807	97705.1	16012.1	16011
O16	14895.1	0.731348	77350	2113.14	2112.25
Al28	26058.3	0.182933	73783.3	0	0
Si28	26053.2	0.159391	86385.3	9170.43	9170.24
O16	14895.1	0.238093	96749	15283.4	15282.8
Mg26	24196.5	0.133343	83685.6	7002.13	7001.6
O16	14895.1	0.208571	82276	5914.12	5913.91
neutron	939.565	10.5347	72196.6	0	0
neutron	939.565	7.48165	72196.6	0	0
neutron	939.565	1.12309	72196.6	0	0
C12	11174.9	2.40472	72196.6	0	0
neutron	939.565	8.69184	76169.8	0	0
neutron	939.565	0.620584	76169.8	0	0
Mg25	23268	0.998233	76169.8	0	0
Mg25	23268	0.17389	89149.1	10060.9	10060.1
Si28	26053.2	0.162508	88209.2	9189.55	9189.38
Si28	26053.2	0.175326	75418.8	329.344	328.926
neutron	939.565	7.46602	74903.3	0	0
Ne21	19550.5	1.39487	74903.3	0	0
O16	14895.1	0.307773	74685.7	314.63	313.909
O16	14895.1	0.347929	88386.8	10264.5	10264.1
Al28	26058.3	0.166683	72013.8	0	0
Al28	26058.3	0.165859	75084.5	0	0
O16	14895.1	0.247632	96277.8	15121.4	15120.8
neutron	939.565	8.42302	72915	0	0
C14	13040.9	0.283389	72915	0	0
O16	14895.1	0.218282	92536.1	11749.2	11748.9
neutron	939.565	0.653936	73539.6	0	0
Na23	21409.2	0.178171	73539.6	0	0
Si28	26053.2	0.164083	93605.1	13570.8	13570.6
Mg24	22335.8	0.131082	90524.3	11523.3	11522.4
neutron	939.565	3.21479	74895.7	0	0
Na23	21409.2	0.235437	74895.7	0	0
O16	14895.1	0.224793	92618.3	12908.9	12907.6
O16	14895.1	0.224991	80391	4202.29	4201.93
Mn56	52094	0.0960516	73751.5	0	0
alpha	3727.38	19.7523	97316.4	15505.1	15265.3
C12	11174.9	8.66554	97316.4	15505.1	15265.3
Na24	22341.8	0.213979	74307.7	0	0
O16	14895.1	0.307657	98144.4	14710.7	14709.6
neutron	939.565	0.509431	95254.5	12833	12431.7
C13	12109.5	3.10141	95254.5	12833	12431.7
neutron	939.565	35.0732	74204.9	0	0
neutron	939.565	13.8595	74204.9	0	0
Mg26	24196.5	0.13087	74204.9	0	0
O16	14895.1	0.382645	94680.2	13878.7	13877.1
O16	14895.1	0.26283	83607.1	6240.49	6239.53
neutron	939.565	0.810998	73227.2	0	0
Mn55	51161.7	0.0763686	73227.2	0	0
neutron	939.565	0.692016	73685.8	0	0
Mn55	51161.7	0.109399	73685.8	0	0
O16	14895.1	0.727188	93306.4	13289	13288.2
Mg24	22335.8	0.134992	85392.4	8461.31	8460.9
Na25	23272.4	0.212199	72343.2	0	0
Mg24	22335.8	0.170117	84193	6799.87	6799.1
Si28	26053.2	0.237046	78024.5	2506.88	2506.25
Mg26	24196.5	0.121472	96889.5	15167.2	15167
O16	14895.1	0.270979	80449.2	5043.58	5042.59
neutron	939.565	9.25003	72416.2	0	0
neutron	939.565	8.61401	72416.2	0	0
neutron	939.565	2.05552	72416.2	0	0
C12	11174.9	1.48187	72416.2	0	0
Fe56	52089.8	0.066991	96939.2	10966.8	10966.8
neutron	939.565	1.02385	79811.2	0	0
N15	13968.9	0.522784	79811.2	0	0
neutron	939.565	1.31903	73526.2	0	0
neutron	939.565	0.927495	73526.2	0	0
Mg27	25129.6	0.375622	73526.2	0	0
O16	14895.1	0.500429	95902.8	13522.2	13521.2
O16	14895.1	0.320602	79844.4	2383.69	2383.25
O16	14895.1	0.217177	79547.5	2207.82	2207.1
O16	14895.1	0.276085	92915.1	12283.4	12283.1
Na25	23272.4	0.216245	75437.2	0	0
neutron	939.565	22.9401	75980.2	0	0
neutron	939.565	2.01329	75980.2	0	0
neutron	939.565	1.98077	75980.2	0	0
Ne20	18617.7	2.51891	75980.2	0	0
O16	14895.1	1.53629	73394.7	910.72	909.004
Si28	26053.2	0.126729	80681.6	2813.27	2813.07
neutron	939.565	7.04903	74700.6	0	0
neutron	939.565	4.0593	74700.6	0	0
neutron	939.565	1.34053	74700.6	0	0
C12	11174.9	0.224496	74700.6	0	0
Si28	26053.2	0.342142	77197.2	2013.67	2012.38
Si28	26053.2	0.40347	76172.8	1422.6	1421.43
O16	14895.1	0.207608	76472	1570.8	1570.38
Si28	26053.2	0.511781	84940.1	7601.42	7600.83
O16	14895.1	0.203535	95452.7	14406.3	14405.3
Mg24	22335.8	0.318401	78509.2	3241.08	3239.38
Mg24	22335.8	0.21419	98586.3	16640.1	16639.6
Mg24	22335.8	0.160901	93571.9	13581.4	13581.2
Mg24	22335.8	0.247413	92664.1	13016.6	13016.2
O16	14895.1	0.335729	89972.4	10912.9	10911.6
O16	14895.1	0.409897	81024.6	4924.8	4924.3
neutron	939.565	6.25534	73735.8	0	0
neutron	939.565	0.367202	73735.8	0	0
neutron	939.565	0.269842	73735.8	0	0
Mn53	49301.8	0.154248	73735.8	0	0
Fe56	52089.8	0.0705435	88081.3	10079.2	10078.2
O16	14895.1	0.37977	75730.4	1313.38	1312.83
O16	14895.1	0.257678	97604.5	16099.7	16099.3
neutron	939.565	6.0819	75961.4	0	0
C14	13040.9	1.25201	75961.4	0	0
neutron	939.565	11.4749	73086.5	0	0
neutron	939.565	2.78154	73086.5	0	0
C12	11174.9	2.23886	73086.5	0	0
O16	14895.1	1.2397	91842.7	12412.6	12411.1
neutron	939.565	10.531	74911.7	0	0
neutron	939.565	0.959823	74911.7	0	0
Ne21	19550.5	0.668038	74911.7	0	0
Si28	26053.2	0.141227	82004.2	5119.18	5118.75
neutron	939.565	2.49868	73581.7	0	0
Ne21	19550.5	0.470074	73581.7	0	0
Mg24	22335.8	0.167293	85559.1	7918.07	7917.84
Mg24	22335.8	0.157695	79143.2	3822.89	3822.68
O16	14895.1	0.454683	78028.9	3069.87	3069
Mg24	22335.8	0.353028	84740.2	7089.56	7088.66
neutron	939.565	8.7021	73621.5	0	0
neutron	939.565	2.12217	73621.5	0	0
neutron	939.565	1.45522	73621.5	0	0
Mg24	22335.8	0.72768	73621.5	0	0
neutron	939.565	1120.14	87352.5	8454.96	6880.42
neutron	939.565	413.658	87352.5	8454.96	6880.42
C12	11174.9	0.361066	87352.5	8454.96	6880.42
O16	14895.1	2.51704	82353.5	3835.95	3833.34
Al28	26058.3	0.191433	76388.5	0	0
neutron	939.565	3.86602	73206.3	0	0
neutron	939.565	2.69912	73206.3	0	0
neutron	939.565	0.906331	73206.3	0	0
Ne22	20479.7	0.497243	73206.3	0	0
neutron	939.565	2.78598	71715.5	0	0
Na23	21409.2	0.289056	71715.5	0	0
neutron	939.565	2.21222	75238.6	0	0
Mn53	49301.8	0.0713433	75238.6	0	0
neutron	939.565	0.562061	76030.2	0	0
N15	13968.9	0.420717	76030.2	0	0
O16	14895.1	0.190152	86799.5	8942.2	8941.83
neutron	939.565	17.8251	73360	0	0
neutron	939.565	3.67103	73360	0	0
Cr53	49301.7	0.354574	73360	0	0
neutron	939.565	5.48549	72761	0	0
neutron	939.565	3.9984	72761	0	0
neutron	939.565	1.5141	72761	0	0
Mg24	22335.8	0.314458	72761	0	0
O16	14895.1	0.236785	99051.2	16700.1	16699.9
Fe56	52089.8	0.191862	96331.8	14706.7	14706.4
O16	14895.1	0.233525	88427.7	9803.63	9803.28
Si28	26053.2	0.3747	81345.7	4444.32	4443.37
Mg24	22335.8	0.567485	76270.3	971.375	970.46
neutron	939.565	10.0064	72745.6	0	0
Mg26	24196.5	0.0679504	72745.6	0	0
Fe56	52089.8	0.0779947	77128	1786.69	1784.87
Si28	26053.2	0.458891	98160.4	16362.8	16362.1
Fe57	53021.7	0.0552031	95017.3	14334	14333.7
O16	14895.1	0.222947	97927.8	16167.9	16167
Mg24	22335.8	0.156012	88670.1	9461.47	9460.95
Mn56	52094	0.0983072	74073.9	0	0
O16	14895.1	0.755322	98068.5	16326.5	16325.4
Si28	26053.2	0.788151	74511.1	876.282	875.343
neutron	939.565	10.3969	73039.6	0	0
Ne22	20479.7	1.67365	73039.6	0	0
neutron	939.565	0.454894	74769.1	0	0
Mn55	51161.7	0.119333	74769.1	0	0
neutron	939.565	18.4573	81043.2	0	0
Ne22	20479.7	1.0833	81043.2	0	0
Si28	26053.2	0.159913	91954.5	11249.6	11249.1
neutron	939.565	9.1543	75341.1	0	0
neutron	939.565	4.12503	75341.1	0	0
neutron	939.565	3.32449	75341.1	0	0
neutron	939.565	2.44159	75341.1	0	0
C11	10254	3.10325	75341.1	0	0
O16	14895.1	0.497615	91401.8	11533.4	11532.4
Mg24	22335.8	0.377917	82582.9	5296.64	5296.22
Mg26	24196.5	0.172416	90823.7	11911	11910.7
O16	14895.1	0.658281	90439.5	11621.1	11620.3
neutron	939.565	0.619611	73255.7	0	0
Al28	26058.3	0.1788	73255.7	0	0
Mg24	22335.8	0.537939	83269.1	4938.66	4937.93
O16	14895.1	0.190165	87717.7	6891.68	6891.29
neutron	939.565	6.57382	75108.3	0	0
neutron	939.565	0.445051	75108.3	0	0
Na23	21409.2	0.0369056	75108.3	0	0
O16	14895.1	0.367451	98568.8	16515.9	16515.4
Si28	26053.2	0.200551	97270.5	15470.9	15470.6
Mg24	22335.8	0.570959	92972.9	12816.3	12815.1
O16	14895.1	0.228591	80765.2	3470.68	3470.42
Si29	26984.3	0.142766	74137	813.906	813.338
O16	14895.1	0.30388	99868.4	17406.6	17406
Mg24	22335.8	0.132253	98946.2	16712.6	16711.8
neutron	939.565	3.86466	73985.5	0	0
neutron	939.565	2.2901	73985.5	0	0
Ne23	21414.1	0.694794	73985.5	0	0
O16	14895.1	0.315338	75455.8	1578.1	1577.58
neutron	939.565	2.58588	97687.9	16023.9	12866
C13	12109.5	0.69708	97687.9	16023.9	12866
neutron	939.565	4.36735	74419.6	0	0
Mg26	24196.5	0.402523	74419.6	0	0
neutron	939.565	3.37221	72799.1	0	0
Mg26	24196.5	0.199665	72799.1	0	0
Mg24	22335.8	0.177015	96891	15315	15314.5
O16	14895.1	0.315216	96662.5	15178.7	15177.4
Al28	26058.3	0.171496	74244.3	0	0
neutron	939.565	0.137287	73452.9	0	0
N15	13968.9	0.224829	73452.9	0	0
O16	14895.1	0.311015	93226.1	13265.3	13263.8
Si28	26053.2	0.153824	99176.6	16862.1	16861.7
Mg24	22335.8	0.163271	88735.4	9317.51	9317.08
Al28	26058.3	0.170747	74322.3	0	0
Na24	22341.8	0.189564	73704.7	0	0
O16	14895.1	0.212299	95309.6	14508.1	14507.7
O16	14895.1	0.305579	76462.6	1353.31	1352.51
N16	14906	0.293012	74114.3	0	0
Si28	26053.2	0.116341	83384.3	5912	5911.77
neutron	939.565	7.40312	73919.2	0	0
neutron	939.565	1.60569	73919.2	0	0
neutron	939.565	0.484238	73919.2	0	0
Ne20	18617.7	1.34489	73919.2	0	0
O16	14895.1	0.309535	93075.3	12376.9	12376.4
neutron	939.565	5.13633	73924.8	0	0
neutron	939.565	4.41138	73924.8	0	0
neutron	939.565	3.777	73924.8	0	0
alpha	3727.38	4.70883	73924.8	0	0
N15	13968.9	2.17085	73924.8	0	0
Al28	26058.3	0.180634	75062.4	0	0
O16	14895.1	0.209164	88500.4	9673.12	9672.29
O16	14895.1	0.556757	87151.8	8628.25	8626.54
Fe54	50231.2	0.0582547	89305.2	9624.27	9623.89
O16	14895.1	0.39747	89042.8	9456.32	9455.89
Mg24	22335.8	0.139725	88070.4	9258.95	9258.21
Mn56	52094	0.0814044	79372.5	0	0
O16	14895.1	0.295894	93004.2	13053.1	13052.6
Si28	26053.2	0.123586	76419.2	2076.26	2075.16
Si28	26053.2	0.124692	88125.2	9852.48	9852.04
O16	14895.1	0.518588	75361.8	2032.75	2031.79
neutron	939.565	11.3563	71877	0	0
neutron	939.565	4.1908	71877	0	0
neutron	939.565	4.12885	71877	0	0
Mg24	22335.8	1.12396	71877	0	0
Mg24	22335.8	0.230831	77207.2	2539.36	2538.72
neutron	939.565	0.500209	73055.9	0	0
Al27	25126.5	0.186992	73055.9	0	0
O16	14895.1	0.544946	73952.8	406.768	405.76
Al28	26058.3	0.188423	73791.1	0	0
O16	14895.1	0.223356	86305	8649.71	8648.71
Al28	26058.3	0.192374	72820.2	0	0
O16	14895.1	0.363124	77424.9	2120.97	2120.13
neutron	939.565	6.06587	73895.3	0	0
Mg26	24196.5	0.537689	73895.3	0	0
Si28	26053.2	0.342117	87279.4	8950.58	8949.75
Si28	26053.2	0.138766	86812.1	8659.97	8659.57
O16	14895.1	0.428773	78681.1	2693.47	2692.94
Mg24	22335.8	0.156218	77309.7	1848.55	1848.02
neutron	939.565	8.50875	74221	0	0
neutron	939.565	7.67596	74221	0	0
neutron	939.565	1.4174	74221	0	0
C12	11174.9	0.860695	74221	0	0
O16	14895.1	1.0164	95587.7	14126.9	14124.8
neutron	939.565	1.18442	75963.7	0	0
Na23	21409.2	0.317911	75963.7	0	0
Si28	26053.2	0.476316	86313.1	7988.38	7987.33
neutron	939.565	22.2218	73645.3	0	0
neutron	939.565	14.1622	73645.3	0	0
neutron	939.565	3.94614	73645.3	0	0
Na23	21409.2	0.606791	73645.3	0	0
O16	14895.1	0.226028	96332.5	14574	14573.5
O16	14895.1	0.19384	81461.4	2323.67	2323.1
O16	14895.1	0.233561	80260	1545.62	1544.55
O16	14895.1	0.206585	95045.6	13900.9	13900.4
neutron	939.565	4.60658	77417.6	0	0
neutron	939.565	1.74573	77417.6	0	0
C12	11174.9	0.348702	77417.6	0	0
O16	14895.1	0.28004	82215.8	6002.59	6001.98
neutron	939.565	0.157313	72221.6	0	0
Na23	21409.2	0.132936	72221.6	0	0
Si28	26053.2	0.147097	95331.4	14598.2	14595.9
Si28	26053.2	0.220059	94067.9	13879.9	13879.4
neutron	939.565	8.13979	74713	0	0
neutron	939.565	3.01176	74713	0	0
Mg24	22335.8	0.27075	74713	0	0
neutron	939.565	0.236369	74999.9	0	0
Al27	25126.5	0.198218	74999.9	0	0
neutron	939.565	5.12063	76064.6	0	0
neutron	939.565	0.867671	76064.6	0	0
N14	13040.2	0.524913	76064.6	0	0
Si28	26053.2	0.131378	99598.4	17201.2	17201
neutron	939.565	1028.85	97389.6	15885.3	13616.5
neutron	939.565	32.3625	97389.6	15885.3	13616.5
neutron	939.565	5.52742	97389.6	15885.3	13616.5
alpha	3727.38	7.90738	97389.6	15885.3	13616.5
alpha	3727.38	10.9461	97389.6	15885.3	13616.5
Fe56	52089.8	0.124814	87950.6	6293.11	6292.81
O16	14895.1	1.2576	84023.9	3082.18	3080.81
Al28	26058.3	0.190815	79193.3	0	0
Si28	26053.2	0.415576	95364	14017.2	14016.8
N16	14906	0.288319	74503.3	0	0
O16	14895.1	0.533894	88876.5	8757.98	8757.23
O16	14895.1	0.422934	89097.1	9649.29	9648.86
Fe56	52089.8	0.0807756	94959.5	14020.7	14020.5
Mg24	22335.8	0.12828	99210.2	17026.9	17026.7
C14	13040.9	1.9954	97610.3	16039.2	14597.9
O16	14895.1	0.262868	84732.6	5809.4	5808.94
O16	14895.1	0.359412	89139.4	9597.39	9596.94
Mg24	22335.8	0.137007	81440.2	4875.15	4873.41
neutron	939.565	7.34338	73641	0	0
alpha	3727.38	5.62877	73641	0	0
O18	16762	1.2877	73641	0	0
O16	14895.1	0.483334	76203.3	2394.88	2393.93
Mg24	22335.8	0.255019	91762.1	11527	11526.1
Mg24	22335.8	0.207909	76724.8	2906.92	2905.58
neutron	939.565	10.3213	91834.6	11944.7	11497.2
neutron	939.565	3.35318	91834.6	11944.7	11497.2
C12	11174.9	0.520415	91834.6	11944.7	11497.2
Si28	26053.2	0.528846	84027.2	6517.6	6517.01
neutron	939.565	0.923999	73765.8	0	0
Al27	25126.5	0.326139	73765.8	0	0
O16	14895.1	0.196207	93653.4	13835.2	13834.9
Mg24	22335.8	0.233399	75210.9	1587.8	1587.33
neutron	939.565	5.90501	72466.6	0	0
Ne22	20479.7	0.743744	72466.6	0	0
Mg24	22335.8	1.05272	89502.2	9305.13	9303.86
Si28	26053.2	0.123713	88514.2	8729.81	8729.46
Si28	26053.2	0.140622	88346.3	9301.93	9300.92
Mg24	22335.8	0.156444	86895.8	8211.19	8210.56
O16	14895.1	0.211299	78581.3	3041.8	3040.95
Mn56	52094	0.0787069	73611.7	0	0
O16	14895.1	0.396415	78685.6	3503.44	3502.54
Na24	22341.8	0.214168	73451.5	0	0
Si30	27913.2	0.156922	98339.1	16147.8	16147.4
neutron	939.565	185.347	93974.4	13728.3	13330.5
Ne21	19550.5	0.219456	93974.4	13728.3	13330.5
Fe56	52089.8	0.0656371	76891.9	2047.65	2047.46
Al29	26988.5	0.173971	73502.8	0	0
Si29	26984.3	0.106098	89136.7	9958.8	9958.67
neutron	939.565	1.47695	74787.9	0	0
Na25	23272.4	0.904744	74787.9	0	0
Mg24	22335.8	0.133324	98129.5	16335.4	16334.8
Fe56	52089.8	0.0709981	95062.6	14431.2	14430.9
O16	14895.1	0.255692	87615.1	9216.44	9215.46
neutron	939.565	30.0866	73462	0	0
neutron	939.565	4.68485	73462	0	0
neutron	939.565	1.56501	73462	0	0
Mg24	22335.8	0.671091	73462	0	0
Mg24	22335.8	0.35471	93699.4	13351.4	13350.2
Al28	26058.3	0.182732	76933.8	0	0
neutron	939.565	2.84508	72482	0	0
neutron	939.565	2.49016	72482	0	0
Ne21	19550.5	0.649475	72482	0	0
neutron	939.565	1.34994	73528.5	0	0
Al27	25126.5	0.260719	73528.5	0	0
Si28	26053.2	0.378569	76210.6	1655.81	1654.73
Na24	22341.8	0.218694	73510	0	0
neutron	939.565	9.12264	76162.6	0	0
neutron	939.565	4.56457	76162.6	0	0
Mg25	23268	0.644147	76162.6	0	0
neutron	939.565	7.44299	73214.8	0	0
neutron	939.565	6.67686	73214.8	0	0
neutron	939.565	5.40974	73214.8	0	0
neutron	939.565	5.18355	73214.8	0	0
Mg25	23268	0.708604	73214.8	0	0
O16	14895.1	0.449208	73171.6	229.72	228.855
Si28	26053.2	0.141893	93344.2	13538.8	13538.6
Si28	26053.2	0.141766	89061.4	10893.4	10893.1
Si28	26053.2	0.130367	88024.5	8342.37	8341.84
Si28	26053.2	0.157884	73010.4	371.543	371.369
neutron	939.565	44.2279	72402.3	0	0
neutron	939.565	4.80548	72402.3	0	0
neutron	939.565	2.92366	72402.3	0	0
Ne22	20479.7	2.68138	72402.3	0	0
O16	14895.1	0.257117	80378.5	3723.88	3723.19
Na24	22341.8	0.194881	74461.2	0	0
neutron	939.565	1.7462	75330.9	0	0
Na23	21409.2	0.156035	75330.9	0	0
Si28	26053.2	0.161309	97145.4	15729.8	15729.6
Si28	26053.2	0.17333	99160.1	16987.6	16987
O16	14895.1	1.02942	96839.1	15518.3	15516.9
O16	14895.1	0.266328	75169.5	1739.24	1738.92
Si30	27913.2	0.282773	97980.1	16234.3	16233.8
Na25	23272.4	0.19384	73802.6	0	0
neutron	939.565	19.1409	73028.1	0	0
neutron	939.565	9.42227	73028.1	0	0
neutron	939.565	1.42544	73028.1	0	0
C12	11174.9	0.029796	73028.1	0	0
Al28	26058.3	0.153368	74606.5	0	0
Mg24	22335.8	0.128493	89551.9	10251.5	10250.1
O16	14895.1	0.694988	95153.4	14121.2	14119.5
O16	14895.1	0.279105	94227.3	13575.3	13574.9
Si29	26984.3	0.296701	73811.4	1112.06	1111.65
Na24	22341.8	0.212474	72019.8	0	0
Si28	26053.2	0.138848	93466.9	12384.4	12383.4
O16	14895.1	0.197406	84973.2	5694.91	5694.61
Mg24	22335.8	0.429098	84555.9	5437.18	5436.2
Al28	26058.3	0.182514	75474.7	0	0
O16	14895.1	0.285278	95704.6	14081.7	14080.5
O16	14895.1	0.273258	98476.2	16536.2	16535.4
Mg24	22335.8	0.210421	91411.2	11512.7	11512.3
neutron	939.565	6.71045	75877.8	0	0
neutron	939.565	2.02784	75877.8	0	0
alpha	3727.38	13.0196	75877.8	0	0
alpha	3727.38	2.52491	75877.8	0	0
C12	11174.9	6.92547	75877.8	0	0
O16	14895.1	0.578156	93110.2	12912.6	12912
Si28	26053.2	0.487112	80235.1	4942.03	4940.87
O16	14895.1	0.202719	74142.3	561.418	561.039
neutron	939.565	3.40081	73248.7	0	0
neutron	939.565	0.0851526	73248.7	0	0
Mg25	23268	0.0717847	73248.7	0	0
Si28	26053.2	0.150671	99217.3	17025	17024.3
neutron	939.565	2.5845	74803.2	0	0
F20	18625.3	0.0989305	74803.2	0	0
Si30	27913.2	0.107344	94892.8	14266.7	14266.5
Na24	22341.8	0.214938	72675.3	0	0
Si28	26053.2	0.118566	85478.6	5906.83	5906.67
neutron	939.565	1.081	75910.1	0	0
Al27	25126.5	0.0452598	75910.1	0	0
neutron	939.565	2.62777	74701.7	0	0
Al27	25126.5	0.21026	74701.7	0	0
Si28	26053.2	0.191902	94766.3	13213.1	13212.6
O16	14895.1	0.236252	92455.7	11716.7	11716.3
Si30	27913.2	0.172432	97987.3	16288.1	16287.9
Si28	26053.2	0.328646	86242.5	8108.76	8108.33
O16	14895.1	2.31117	81189	4354.56	4351.48
O16	14895.1	0.589654	96945.3	15667.8	15667.1
Si30	27913.2	0.102372	76461.7	2086.38	2085.76
Mg24	22335.8	0.332008	97881.2	16273.9	16273.2
O16	14895.1	3.00899	95272.2	14408.2	14404.9
O16	14895.1	0.996632	87516.1	6974.75	6973.3
Mg24	22335.8	0.168716	86775.1	7688.33	7687.8
neutron	939.565	18.3573	74738.9	0	0
neutron	939.565	7.79037	74738.9	0	0
N14	13040.2	1.93573	74738.9	0	0
O16	14895.1	0.203041	77592.9	3785.34	3784.74
Mg24	22335.8	0.200811	74184.5	225.91	225.651
O16	14895.1	0.242682	94835.5	13905.2	13904.7
neutron	939.565	0.152289	79507.6	0	0
N15	13968.9	0.291323	79507.6	0	0
Mg24	22335.8	0.176369	96165.3	15095.6	15095.4
O16	14895.1	4.53789	94754.3	14292.3	14287.3
Mg24	22335.8	0.221616	82769.3	6593.62	6593.03
Mg24	22335.8	0.20445	73706.5	826.075	825.681
O16	14895.1	1.7078	99539.4	17181.7	17179.9
O16	14895.1	0.324444	80040.3	4744.82	4743.57
Al30	27922.3	0.156922	73141	0	0
O16	14895.1	0.206796	83944.1	3991.93	3991.57
Al28	26058.3	0.158783	77961.6	0	0
Mg24	22335.8	0.505922	74300.3	646.597	645.222
Mg24	22335.8	0.372315	98954.3	16853.2	16851.6
neutron	939.565	2.80402	74701.3	0	0
neutron	939.565	0.540621	74701.3	0	0
Ne21	19550.5	0.0620328	74701.3	0	0
O16	14895.1	0.327161	90907.8	10229.7	10229.2
neutron	939.565	283.504	82030.4	4348.99	2187.7
N14	13040.2	1.02643	82030.4	4348.99	2187.7
O16	14895.1	0.749063	83934.5	6965.63	6964.85
Mg26	24196.5	1.56481	83871.7	6935.97	6933.88
Si28	26053.2	0.160213	84348.4	6640.57	6640.26
O16	14895.1	0.194314	76902.9	25.6325	25.3146
neutron	939.565	8.64469	78259.2	0	0
neutron	939.565	6.54207	78259.2	0	0
neutron	939.565	0.425383	78259.2	0	0
C12	11174.9	0.845483	78259.2	0	0
O16	14895.1	2.19708	78896.6	2868.98	2866.38
neutron	939.565	3.52134	74291.6	0	0
neutron	939.565	0.270878	74291.6	0	0
Ne21	19550.5	0.101727	74291.6	0	0
Mg24	22335.8	0.159054	89869.1	10699.8	10699.2
Si28	26053.2	0.236736	84568.2	7083.01	7081.87
Ne24	22344.8	0.421525	73783.1	0	0
neutron	939.565	6.23973	72671.2	0	0
neutron	939.565	0.938797	72671.2	0	0
Mg25	23268	0.300631	72671.2	0	0
Na25	23272.4	0.203066	72397.5	0	0
O16	14895.1	0.411582	93457.3	13142.7	13142.2
O16	14895.1	0.193786	78567.2	3413.6	3412.91
O16	14895.1	0.352761	91169.4	9190.9	9190.08
Mg24	22335.8	0.234146	90536.9	8754.62	8754.38
Al28	26058.3	0.190977	76698	0	0
Si28	26053.2	0.286848	87816.3	8841.74	8841.31
Al28	26058.3	0.185307	73794.9	0	0
Si28	26053.2	0.126101	96279.3	14922.1	14920.8
neutron	939.565	734.971	88102	9573.7	7814.84
C13	12109.5	1.2701	88102	9573.7	7814.84
O16	14895.1	0.437131	82782.2	4211.92	4211.03
neutron	939.565	0.891139	76244	0	0
Na23	21409.2	0.339343	76244	0	0
O16	14895.1	0.937338	97823.7	16012.3	16010.1
Mg24	22335.8	0.151177	91789.2	12086	12084.9
Si28	26053.2	0.457556	96036.1	14498	14496.5
O16	14895.1	0.232513	76718.5	844.986	844.132
Fe56	52089.8	0.0552198	83267.9	6895.1	6894.94
Na24	22341.8	0.211042	73703.9	0	0
Si28	26053.2	0.131561	93015.1	12546.6	12544.7
O16	14895.1	0.917638	96571.9	15478.8	15477.8
Si28	26053.2	0.661351	93549	13378.2	13377.2
Na24	22341.8	0.21845	74761	0	0
N14	13040.2	0.559747	90373.9	11330.5	10279.6
Si28	26053.2	0.232022	87769.9	8781.09	8780.57
Si28	26053.2	0.116435	76193.5	741.949	741.741
Na24	22341.8	0.213879	74234.5	0	0
Si28	26053.2	0.156316	98140.8	16261.4	16261.2
neutron	939.565	20.578	74563.1	0	0
neutron	939.565	1.61517	74563.1	0	0
Ne21	19550.5	0.740553	74563.1	0	0
neutron	939.565	84.6631	97196.7	13988.3	13757.9
neutron	939.565	3.96988	97196.7	13988.3	13757.9
N13	12111.2	0.21231	97196.7	13988.3	13757.9
O16	14895.1	0.1937	95099.6	12371.2	12370.7
O16	14895.1	0.357056	96109.9	14604.4	14603.6
O16	14895.1	0.436731	94821.2	13682.6	13681.7
O16	14895.1	0.345518	78455.1	1826.31	1825.41
O16	14895.1	0.366116	88959.2	9332.59	9331.74
Si28	26053.2	0.184864	76491.6	922.898	922.479
O16	14895.1	0.910525	83499.8	6316.73	6315.65
neutron	939.565	9.53399	73805.4	0	0
neutron	939.565	3.83168	73805.4	0	0
Ne21	19550.5	0.245836	73805.4	0	0
O16	14895.1	1.02747	92747.2	3253.8	3252.31
Si28	26053.2	0.173241	76998.1	1924.75	1924.32
Al28	26058.3	0.168003	73622.9	0	0
Na24	22341.8	0.21117	75278.4	0	0
neutron	939.565	1.13869	74255.8	0	0
C14	13040.9	0.433793	74255.8	0	0
Mg24	22335.8	0.137566	96085.6	14997.2	14997
Fe56	52089.8	0.0593089	92123.3	12301.6	12301.4
Na24	22341.8	0.210956	73341.1	0	0
O16	14895.1	0.361891	89620.3	10088.1	10087.5
neutron	939.565	2.80741	73535.9	0	0
C14	13040.9	0.01951	73535.9	0	0
O16	14895.1	0.606349	84053.9	5837.36	5836.48
neutron	939.565	2.29431	74879.4	0	0
neutron	939.565	1.0382	74879.4	0	0
neutron	939.565	0.819559	74879.4	0	0
Mg24	22335.8	0.603838	74879.4	0	0
O16	14895.1	0.234215	94820.9	14064.2	14063.9
O16	14895.1	0.190327	77350.8	2744.94	2744.31
Mg25	23268	0.298333	87008.4	8458.35	8457.96
Si28	26053.2	1.27884	84465.9	6997.39	6995.9
Si28	26053.2	0.11993	91436.1	11477.7	11477.2
neutron	939.565	8.32473	73399.2	0	0
neutron	939.565	4.28128	73399.2	0	0
Mg24	22335.8	0.87903	73399.2	0	0
O16	14895.1	0.263502	88048	9374.49	9374.09
neutron	939.565	9.97432	74361.7	0	0
Ne22	20479.7	0.820065	74361.7	0	0
Mg24	22335.8	0.550386	73695.5	543.285	542.455
Al28	26058.3	0.166822	72849.5	0	0
Mg25	23268	0.144738	94416.7	12529.1	12528.6
O16	14895.1	0.261709	86937.9	4731.44	4730.94
O16	14895.1	0.246429	80626.8	2046.93	2046.55
O16	14895.1	0.416856	98791.4	16763.7	16763.1
Fe56	52089.8	0.055061	74783.4	1358.19	1357.83
Al28	26058.3	0.184397	72533.8	0	0
O16	14895.1	0.218771	97239.1	15792.9	15792.4
Al28	26058.3	0.18411	74209.1	0	0
O16	14895.1	0.536324	87277.5	8084.13	8083.14
neutron	939.565	1.54523	74618.3	0	0
Ne22	20479.7	0.121846	74618.3	0	0
Si28	26053.2	0.169624	77971.5	2260.3	2260.02
neutron	939.565	4.31302	73985.3	0	0
alpha	3727.38	9.12481	73985.3	0	0
Na23	21409.2	2.42385	73985.3	0	0
O16	14895.1	0.251745	89673	10937.2	10936
N16	14906	0.278366	72428.1	0	0
O16	14895.1	0.713	96211.2	14917.1	14915.9
neutron	939.565	2699.45	79493.1	3988.49	532.734
neutron	939.565	238.808	79493.1	3988.49	532.734
alpha	3727.38	3.58245	79493.1	3988.49	532.734
alpha	3727.38	2.34621	79493.1	3988.49	532.734
alpha	3727.38	12.1491	79493.1	3988.49	532.734
Al28	26058.3	0.161405	78592.1	0	0
O16	14895.1	0.237553	79300.2	3864.62	3863.95
Mg24	22335.8	0.342873	80834.4	4431.51	4430.29
O16	14895.1	0.35868	76239	2479.39	2478.48
Si28	26053.2	0.162814	88297.1	5780.76	5780.54
O16	14895.1	0.460689	82495.3	2252	2251.39
Al28	26058.3	0.148545	78849.5	0	0
Mg26	24196.5	0.358765	79889.4	3604.68	3603.9
neutron	939.565	15.8852	73760.2	0	0
neutron	939.565	13.4753	73760.2	0	0
neutron	939.565	2.01693	73760.2	0	0
Ne22	20479.7	0.289668	73760.2	0	0
neutron	939.565	3.93769	71810.4	0	0
neutron	939.565	0.234339	71810.4	0	0
Mn54	50232.4	0.166879	71810.4	0	0
Na24	22341.8	0.217628	72877.8	0	0
Si28	26053.2	0.145058	83260.9	6401.52	6401.32
O16	14895.1	0.258727	78418.8	2940.52	2939.94
Mg24	22335.8	0.410798	91563.4	12269.1	12268.2
Si28	26053.2	0.258419	86129.7	8884.45	8883.95
O16	14895.1	0.37009	98421.6	16136.6	16135.8
Mg24	22335.8	0.184539	84219	6395.99	6395.26
Fe56	52089.8	0.193634	99638	17179.9	17178.7
Mg24	22335.8	0.130112	98646.1	16569.6	16568.8
O16	14895.1	0.22266	79361.8	3995.11	3994.88
neutron	939.565	7.22596	73273.1	0	0
neutron	939.565	7.06381	73273.1	0	0
neutron	939.565	3.39214	73273.1	0	0
C12	11174.9	1.3922	73273.1	0	0
neutron	939.565	9.49432	74945.4	0	0
neutron	939.565	6.25268	74945.4	0	0
neutron	939.565	1.45824	74945.4	0	0
C12	11174.9	0.51673	74945.4	0	0
O16	14895.1	0.454397	93825.5	13431.6	13430.1
Fe56	52089.8	0.0635036	92147.9	12028.5	12027.8
Na25	23272.4	0.213539	76320.3	0	0
Mg25	23268	0.164398	87750.3	8808.84	8807.83
Al28	26058.3	0.17988	73712.7	0	0
O16	14895.1	0.241641	94521.1	13374	13373.8
O16	14895.1	0.351613	77936.2	2429.58	2429.22
O16	14895.1	0.339832	73960.4	139.229	138.857
O16	14895.1	0.230812	78357.6	502.346	502.084
neutron	939.565	8.19509	77551.1	0	0
Al27	25126.5	0.196923	77551.1	0	0
neutron	939.565	1.75874	71792.3	0	0
Al28	26058.3	0.189907	71792.3	0	0
Mg25	23268	0.238377	95994.4	14905.8	14905.4
O16	14895.1	0.213548	79319.6	2243.62	2243.33
neutron	939.565	4.6201	75422.3	0	0
Ne22	20479.7	0.798596	75422.3	0	0
neutron	939.565	2.83297	81612.8	0	0
N15	13968.9	0.240047	81612.8	0	0
O16	14895.1	0.237916	94484.4	13297.3	13296.9
Si28	26053.2	0.138934	73958.1	8.45851	8.30781
neutron	939.565	21.8181	73960	0	0
neutron	939.565	1.9819	73960	0	0
Ne21	19550.5	2.09998	73960	0	0
O16	14895.1	0.204197	79507.4	4595.06	4594.76
Si28	26053.2	0.133528	80750.2	3084.23	3083.74
O16	14895.1	0.561454	78530.7	1775.41	1774.71
Si28	26053.2	0.14077	96635.6	15307.6	15307.3
Mg25	23268	0.244483	94892.3	12727	12726.4
O16	14895.1	0.213919	92511.2	10659.7	10659.2
neutron	939.565	4.2469	75060.9	0	0
Mg26	24196.5	0.711975	75060.9	0	0
O16	14895.1	0.189545	80259.4	4496.81	4496.44
neutron	939.565	1.64407	73344.8	0	0
Al27	25126.5	0.101551	73344.8	0	0
Mg24	22335.8	0.132183	85879.9	7969.3	7967.41
O16	14895.1	0.189712	79475.6	3933.06	3932.16
Fe56	52089.8	0.0672073	81584.8	4812.08	4811.58
O16	14895.1	0.510634	79942.4	3790.94	3790.3
neutron	939.565	4.56006	72335.4	0	0
neutron	939.565	3.66708	72335.4	0	0
neutron	939.565	1.77981	72335.4	0	0
alpha	3727.38	3.6565	72335.4	0	0
N15	13968.9	1.39626	72335.4	0	0
Mg24	22335.8	0.160341	99966.1	17460	17459.6
Mg25	23268	0.152758	98432.1	16369.9	16369.3
O16	14895.1	0.190051	81809.8	5158.78	5158.28
Si28	26053.2	0.143911	84220.4	6363.73	6363.08
neutron	939.565	6.74372	73353.3	0	0
neutron	939.565	2.2539	73353.3	0	0
neutron	939.565	0.535388	73353.3	0	0
C12	11174.9	0.186335	73353.3	0	0
O16	14895.1	0.399789	89994.4	10994.5	10993.9
O16	14895.1	0.201592	75056.9	728.21	727.805
O16	14895.1	0.27865	87977.6	9707.62	9706.86
O16	14895.1	0.505346	80032.8	3699.26	3698.74
O16	14895.1	0.288566	83774.6	3984.86	3984.54
neutron	939.565	47.11	77212.1	0	0
neutron	939.565	3.49893	77212.1	0	0
C13	12109.5	4.53095	77212.1	0	0
Al28	26058.3	0.171423	73141.6	0	0
Si28	26053.2	0.293854	85197.4	8075.34	8074.66
Al29	26988.5	0.17246	72184.4	0	0
O16	14895.1	0.335224	91161.5	11937	11936.5
Na24	22341.8	0.21003	73860.9	0	0
O16	14895.1	1.12193	94310.7	12387.9	12386.6
O16	14895.1	0.199042	94242.8	12329.8	12329.3
O16	14895.1	0.216258	99678.7	17289	17287.9
Mg24	22335.8	0.198759	99650.9	17274.8	17274.4
neutron	939.565	0.512407	71959.8	0	0
N15	13968.9	0.29678	71959.8	0	0
Si28	26053.2	0.325339	88353.6	9680.39	9679.84
Si28	26053.2	0.132359	83207.5	6472.72	6472.47
Mg24	22335.8	0.163497	75370.5	1390.32	1390.02
O16	14895.1	0.456113	85070.1	6943.16	6942.62
O16	14895.1	0.35884	74337.6	611.549	611.135
neutron	939.565	4.88083	73323.5	0	0
neutron	939.565	3.82572	73323.5	0	0
neutron	939.565	1.17472	73323.5	0	0
alpha	3727.38	5.05848	73323.5	0	0
Be8	7454.85	1.47408	73323.5	0	0
O16	14895.1	0.272298	76073.2	1147.25	1146.21
Na24	22341.8	0.21705	73797.8	0	0
O16	14895.1	0.441031	96486.7	15263.5	15262.9
Mg24	22335.8	0.142864	96132.9	15040.5	15040
O16	14895.1	0.224983	83409.3	6482.57	6481.79
neutron	939.565	3.00724	74357.1	0	0
Mg26	24196.5	0.175279	74357.1	0	0
O16	14895.1	0.272857	92546.8	12391.9	12391.6
O16	14895.1	0.281436	92503	12367.6	12367.2
Al28	26058.3	0.187511	73719.6	0	0
O16	14895.1	0.460618	73074.2	43.0868	42.5383
neutron	939.565	0.630334	73072.8	0	0
neutron	939.565	0.544134	73072.8	0	0
alpha	3727.38	4.6846	73072.8	0	0
Ne21	19550.5	1.9632	73072.8	0	0
O16	14895.1	0.257017	98100.5	15784.1	15783.7
O16	14895.1	0.264882	93549.1	12944.9	12944.4
Na24	22341.8	0.208535	75081.4	0	0
Mg24	22335.8	0.286907	73164.2	84.9779	84.3302
neutron	939.565	5.40098	89436.6	10299.5	9875.26
F20	18625.3	2.69255	89436.6	10299.5	9875.26
O16	14895.1	0.238239	82689.8	4887.72	4886.49
O16	14895.1	0.566766	74637.8	449.792	449.178
Fe56	52089.8	0.091605	76767.2	3279.55	3279.26
neutron	939.565	46.8677	89144.8	10442.6	10100.5
O15	13971.2	0.581065	89144.8	10442.6	10100.5
Si28	26053.2	0.12041	86333.5	7657.45	7656.66
neutron	939.565	0.226239	73387.1	0	0
Al27	25126.5	0.166034	73387.1	0	0
Mg24	22335.8	0.374985	77629.7	2746.42	2745.83
Si28	26053.2	0.115387	97317.8	15429.3	15428.8
neutron	939.565	21.5579	75222.6	0	0
neutron	939.565	0.0267744	75222.6	0	0
N14	13040.2	0.895681	75222.6	0	0
neutron	939.565	10.7209	72281.3	0	0
neutron	939.565	1.21708	72281.3	0	0
Ne23	21414.1	1.59566	72281.3	0	0
neutron	939.565	398.115	94328.2	13760.7	13046
neutron	939.565	19.6886	94328.2	13760.7	13046
neutron	939.565	2.21719	94328.2	13760.7	13046
B11	10252.5	23.4794	94328.2	13760.7	13046
O16	14895.1	0.197712	89812.6	10737.4	10736.5
Na26	24206.4	0.184641	75098	0	0
neutron	939.565	0.380434	73619.5	0	0
N15	13968.9	0.246341	73619.5	0	0
O16	14895.1	0.325227	90216.6	9226.94	9226.39
O16	14895.1	0.299705	98835.7	16746.3	16744.9
Si28	26053.2	0.111959	96084.2	15181.3	15181.1
O16	14895.1	0.287721	89197	10608.1	10606.5
O16	14895.1	0.392991	76806.7	1330.03	1329
Si28	26053.2	0.128134	99613.3	17255.3	17254.9
Si28	26053.2	0.159529	97617.4	15841.5	15840.7
O16	14895.1	0.397832	82667.6	6192.77	6190.54
Si28	26053.2	0.223503	82578.6	6147.01	6145.85
neutron	939.565	1.24784	72266	0	0
N15	13968.9	0.259672	72266	0	0
neutron	939.565	1.59808	80716.5	0	0
Na23	21409.2	0.309198	80716.5	0	0
Al28	26058.3	0.182971	72500.7	0	0
neutron	939.565	3.278	74006.1	0	0
N15	13968.9	0.0641959	74006.1	0	0
Si28	26053.2	0.149647	97162.2	15774.2	15774
neutron	939.565	3.72364	73911.2	0	0
neutron	939.565	3.3048	73911.2	0	0
neutron	939.565	1.91052	73911.2	0	0
B11	10252.5	2.08112	73911.2	0	0
neutron	939.565	13.407	96778.9	15472.4	14672.7
Ne20	18617.7	10.5222	96778.9	15472.4	14672.7
Si28	26053.2	0.479875	95224.2	13605.5	13604.9
O16	14895.1	0.304376	94344	13090.8	13090.4
Al28	26058.3	0.191216	73252.6	0	0
Fe56	52089.8	0.0920297	90138.1	6523.64	6522.95
Mg24	22335.8	0.126242	84820.2	2687.98	2687.14
O16	14895.1	0.274653	76947.2	1031.16	1030.74
Na24	22341.8	0.203073	75162.6	0	0
neutron	939.565	2.13257	71470.6	0	0
neutron	939.565	1.78131	71470.6	0	0
neutron	939.565	0.649604	71470.6	0	0
Na23	21409.2	0.250983	71470.6	0	0
Si28	26053.2	0.118516	80631	4698.39	4698
Mg24	22335.8	0.218694	75740	1399.33	1398.96
Si28	26053.2	0.16989	93782.8	12909.4	12907.9
O16	14895.1	0.587535	76401.8	1876.15	1875.43
O16	14895.1	0.661077	73970.8	431.585	430.489
neutron	939.565	0.224995	72437.6	0	0
N15	13968.9	0.167844	72437.6	0	0
O16	14895.1	0.259817	94956.5	13402.7	13402.2
Si28	26053.2	0.190567	75978.6	2064.14	2063.23
Si28	26053.2	0.241695	97850.2	16097.9	16097.2
O16	14895.1	0.248996	97602.1	15956	15955.1
Si28	26053.2	0.201521	79016.2	3282.02	3281.55
O16	14895.1	0.234548	87919.3	8446.92	8446.57
O16	14895.1	0.308529	80877.7	4252.13	4251.72
O16	14895.1	0.698575	75890.9	980.148	979.435
neutron	939.565	5.17874	74103.7	0	0
neutron	939.565	4.28704	74103.7	0	0
neutron	939.565	2.7947	74103.7	0	0
C12	11174.9	1.10783	74103.7	0	0
neutron	939.565	2.1319	73683.6	0	0
neutron	939.565	0.591372	73683.6	0	0
Mn54	50232.4	0.0903902	73683.6	0	0
O16	14895.1	0.240383	96869.7	15324.3	15323.3
Mg24	22335.8	0.178863	85539.3	8158.18	8157.33
O16	14895.1	0.478921	80015.1	4817.13	4816.46
neutron	939.565	4.53782	72153.2	0	0
neutron	939.565	2.76972	72153.2	0	0
N14	13040.2	0.204119	72153.2	0	0
Mg24	22335.8	0.126248	77949.9	3550.02	3549.33
O16	14895.1	0.664665	91264.7	11398.4	11396.9
neutron	939.565	127.605	92314.5	7031.71	6730.38
neutron	939.565	0.952653	92314.5	7031.71	6730.38
N13	12111.2	1.56202	92314.5	7031.71	6730.38
neutron	939.565	0.152519	81360.1	0	0
Al27	25126.5	0.185301	81360.1	0	0
Si28	26053.2	0.226573	88933.6	10495.8	10495.5
neutron	939.565	12.808	72592.5	0	0
neutron	939.565	3.9771	72592.5	0	0
C13	12109.5	2.16472	72592.5	0	0
Mg24	22335.8	0.130796	79115.6	1872.89	1872.45
neutron	939.565	0.205027	76163.5	0	0
Mn55	51161.7	0.0788115	76163.5	0	0
O16	14895.1	0.402571	79907.3	3975.98	3975.35
neutron	939.565	2.60287	73488.8	0	0
neutron	939.565	0.690285	73488.8	0	0
Mg25	23268	0.0462745	73488.8	0	0
O16	14895.1	0.29078	77358.1	2320.51	2320.17
Na24	22341.8	0.199983	73700.1	0	0
neutron	939.565	351.017	91021.9	10332.5	8900.77
N14	13040.2	4.10007	91021.9	10332.5	8900.77
O16	14895.1	0.189197	78675.8	637.101	635.731
neutron	939.565	0.173561	77612.8	0	0
Na23	21409.2	0.214182	77612.8	0	0
neutron	939.565	12.0382	82375.1	0	0
neutron	939.565	5.78283	82375.1	0	0
neutron	939.565	2.82123	82375.1	0	0
Mg24	22335.8	0.430073	82375.1	0	0
O16	14895.1	0.808792	98738	16729.3	16728.3
O16	14895.1	0.616636	98423.8	16485	16484.1
O16	14895.1	0.241424	90160.2	10745	10744.4
Mg24	22335.8	0.206141	80629.1	3289.99	3289.71
Si28	26053.2	0.363109	79004.6	2225.62	2225.06
Na24	22341.8	0.207874	75082.2	0	0
Si28	26053.2	0.123084	77515.9	3280.26	3280
Na24	22341.8	0.182553	75173.4	0	0
Na24	22341.8	0.207822	76413.6	0	0
Si28	26053.2	0.16322	95073.9	13079.7	13079.4
O16	14895.1	0.292273	92214.9	11227.4	11226.6
Na24	22341.8	0.202458	75365	0	0
Mg24	22335.8	0.156068	92913.1	12974.6	12974.4
Si30	27913.2	0.156268	87921.9	9911.22	9910.97
O16	14895.1	0.392022	78275.9	3145.65	3143.93
Al28	26058.3	0.185489	73053.8	0	0
O16	14895.1	0.699068	95143.1	14397.5	14396.6
O16	14895.1	0.304009	76914.1	2938.31	2937.18
Mg24	22335.8	0.185877	93987.5	12335	12334.7
Mg24	22335.8	0.185282	90844.4	10066.4	10065.8
neutron	939.565	0.852573	74549.3	0	0
Al27	25126.5	0.245295	74549.3	0	0
O15	13971.2	0.401826	90735.4	11013.8	9968.78
Si28	26053.2	0.230537	85176.8	7624.16	7623.6
neutron	939.565	5.8522	73153.6	0	0
neutron	939.565	0.983258	73153.6	0	0
neutron	939.565	0.4011	73153.6	0	0
Cr52	48370	0.625987	73153.6	0	0
O16	14895.1	0.458359	95703.9	14826	14825.4
Al28	26058.3	0.184633	73075.7	0	0
neutron	939.565	0.0896189	75991.2	0	0
Na23	21409.2	0.21866	75991.2	0	0
O16	14895.1	0.190183	92481.2	10891.3	10891
neutron	939.565	12.2071	75934.4	0	0
neutron	939.565	1.91232	75934.4	0	0
C13	12109.5	0.598911	75934.4	0	0
O16	14895.1	0.467613	84182.4	2477.67	2476.31
O16	14895.1	3.81197	94867.3	14133.7	14128.2
neutron	939.565	0.34238	78383.3	0	0
Al27	25126.5	0.208958	78383.3	0	0
Na24	22341.8	0.217882	72010.2	0	0
Al28	26058.3	0.187079	74004.4	0	0
Na24	22341.8	0.199783	78285	0	0
O16	14895.1	0.425688	79694.3	2782.75	2781.29
Na24	22341.8	0.197441	75065.4	0	0
O16	14895.1	0.241786	97800.4	15372.2	15370.8
Si28	26053.2	0.574642	91646.8	11544.2	11543.5
Mg24	22335.8	0.360155	97888.7	16160.2	16159.4
neutron	939.565	3.0173	76531.1	0	0
neutron	939.565	0.795512	76531.1	0	0
Mg25	23268	0.398102	76531.1	0	0
Si28	26053.2	0.248255	85369.2	7113.05	7112.71
O16	14895.1	0.199004	81031.4	4502.7	4502.16
O16	14895.1	0.192524	77011	1518.65	1517.94
Na24	22341.8	0.219645	74346.1	0	0
Al28	26058.3	0.180652	75010.9	0	0
Si28	26053.2	0.136394	91138.1	11902.9	11902.3
Fe56	52089.8	0.119016	86257.6	8213.58	8213.1
O16	14895.1	0.235371	96603.9	14901.2	14900.4
O16	14895.1	0.318035	86871.9	8960.72	8960.16
neutron	939.565	16.2241	73813	0	0
neutron	939.565	5.76002	73813	0	0
neutron	939.565	1.46317	73813	0	0
Mg24	22335.8	2.22091	73813	0	0
O16	14895.1	0.505006	76497.7	1836.43	1835.06
Si28	26053.2	0.19876	80506.7	5141.13	5140.64
Si28	26053.2	0.1511	75551.8	1959.14	1958.77
Si28	26053.2	0.116487	89545.9	10874.2	10874
Na26	24206.4	0.184343	72753.8	0	0
neutron	939.565	4.74586	96772.3	15483.3	15276.8
Al27	25126.5	0.765041	96772.3	15483.3	15276.8
neutron	939.565	42.2144	73596	0	0
neutron	939.565	0.841369	73596	0	0
Mg26	24196.5	1.8497	73596	0	0
Al28	26058.3	0.164137	73011	0	0
neutron	939.565	4.69869	80687.9	0	0
neutron	939.565	0.54025	80687.9	0	0
F19	17692.3	0.854329	80687.9	0	0
Mg24	22335.8	0.147188	91310.4	11466.5	11466.2
Mg24	22335.8	0.2938	75102.6	154.493	154.08
neutron	939.565	1.78999	74935.5	0	0
neutron	939.565	1.78616	74935.5	0	0
Ne21	19550.5	1.16643	74935.5	0	0
O16	14895.1	0.397635	86252.7	8177.76	8177.26
Si28	26053.2	0.218466	74306.9	612.11	611.85
O16	14895.1	0.197336	88593.6	9772.07	9771.12
O16	14895.1	0.316492	99426.6	17151.2	17150.8
O16	14895.1	0.248943	86609.5	8245.49	8244
Al28	26058.3	0.183954	73230.8	0	0
Na24	22341.8	0.197107	71898.3	0	0
O16	14895.1	0.68341	92570.8	11072.8	11072
neutron	939.565	74.8504	92210.5	10880.5	10476.6
neutron	939.565	3.81857	92210.5	10880.5	10476.6
neutron	939.565	3.71189	92210.5	10880.5	10476.6
C11	10254	3.91836	92210.5	10880.5	10476.6
O16	14895.1	0.298664	79220.2	1745.09	1741.9
neutron	939.565	281.003	99843.7	17377.6	16993.7
N14	13040.2	4.00529	99843.7	17377.6	16993.7
O16	14895.1	0.612293	77647.4	2441.2	2440.09
Ne22	20479.7	0.542701	73566.4	0	0
Na24	22341.8	0.187194	78668.2	0	0
Mg26	24196.5	0.164444	72541.5	600.732	599.704
Si28	26053.2	0.22051	81004.9	5740.64	5740.31
neutron	939.565	216.791	76973.6	3055.68	2676.33
neutron	939.565	118.731	76973.6	3055.68	2676.33
Al25	23271.8	0.184622	76973.6	3055.68	2676.33
O16	14895.1	0.211869	75105.6	1143.35	1142.73
Mg24	22335.8	0.611251	98324.6	16477.7	16476.8
neutron	939.565	1.08975	72545.1	0	0
Na23	21409.2	0.0634913	72545.1	0	0
Si28	26053.2	0.108728	98370.8	16463.2	16462.2
Si28	26053.2	0.467584	74048.5	632.176	630.892
Mg24	22335.8	0.23746	94911.3	14362.2	14361.4
O16	14895.1	0.639249	82995.3	5559.51	5558.86
neutron	939.565	9.04728	73900.1	0	0
neutron	939.565	0.894234	73900.1	0	0
Mg24	22335.8	0.140486	73900.1	0	0
O16	14895.1	0.429723	81041.4	4082.98	4082.21
neutron	939.565	0.498691	74819.3	0	0
Na23	21409.2	0.207479	74819.3	0	0
Mg24	22335.8	0.383879	99660.4	17218.1	17217.2
O16	14895.1	0.262998	98733.5	16651.6	16650.8
Mg25	23268	0.188327	84680.4	6131.09	6130.88
Mg24	22335.8	0.131716	83043.2	5232.69	5231.35
Mg24	22335.8	0.228878	99409.3	17133	17132.6
Fe56	52089.8	0.101991	75519.3	958.844	958.598
Mg24	22335.8	0.596057	85329.4	7435.76	7434.64
Si28	26053.2	0.181523	92857.2	10926.2	10926
Si28	26053.2	0.345864	80912.3	2195.93	2194.56
Mg24	22335.8	0.270908	88758.6	8715.07	8714.11
O16	14895.1	0.910994	88829	9582.46	9580.27
Si28	26053.2	0.221013	94666	13582.7	13582.5
neutron	939.565	9.27031	73683.5	0	0
neutron	939.565	1.6992	73683.5	0	0
Ne21	19550.5	0.850327	73683.5	0	0
neutron	939.565	0.429328	73570	0	0
Mn55	51161.7	0.0475146	73570	0	0
Al28	26058.3	0.183396	75242.6	0	0
Mg24	22335.8	0.417407	96474.8	14394.9	14394.4
O16	14895.1	0.843891	78875.9	3817.02	3815.94
O16	14895.1	0.351865	84678.5	6446.31	6445.8
O16	14895.1	0.311652	84978.4	5786.58	5786.05
Na24	22341.8	0.19967	79025.1	0	0
O16	14895.1	0.576078	79734.7	3209.15	3208.51
neutron	939.565	1.90836	76901.8	0	0
N15	13968.9	0.0955774	76901.8	0	0
Mg24	22335.8	0.247117	97993.6	16176.7	16176.1
Si28	26053.2	0.184746	97910.1	16135.2	16133.9
Mg24	22335.8	0.534033	79168.9	2363.54	2362.99
neutron	939.565	4.00398	72905.2	0	0
Mn55	51161.7	0.218227	72905.2	0	0
Si28	26053.2	0.116994	88167.1	9852.13	9851.35
neutron	939.565	11.8482	73361.3	0	0
neutron	939.565	4.29699	73361.3	0	0
C13	12109.5	0.344078	73361.3	0	0
Mg24	22335.8	0.434156	89946.8	8217.75	8217.03
neutron	939.565	0.431939	73693.9	0	0
Al27	25126.5	0.0722121	73693.9	0	0
neutron	939.565	3.96836	75173.7	0	0
neutron	939.565	0.529117	75173.7	0	0
N14	13040.2	0.893044	75173.7	0	0
Si28	26053.2	0.208061	82564.8	1667.28	1666.48
O16	14895.1	0.252913	80286.1	368.649	368.389
neutron	939.565	0.307756	73014	0	0
Al27	25126.5	0.209444	73014	0	0
neutron	939.565	7.7164	75118	0	0
neutron	939.565	2.13354	75118	0	0
neutron	939.565	0.777949	75118	0	0
Mn53	49301.8	0.243121	75118	0	0
neutron	939.565	543.004	98505.3	16541	15841.5
neutron	939.565	117.181	98505.3	16541	15841.5
N13	12111.2	1.85005	98505.3	16541	15841.5
neutron	939.565	13.0215	75660.7	0	0
neutron	939.565	8.65942	75660.7	0	0
alpha	3727.38	6.6511	75660.7	0	0
Be8	7454.85	3.63711	75660.7	0	0
Si28	26053.2	0.126437	85408.1	7956.52	7956.34
O16	14895.1	0.352759	80580.5	4826.31	4825.54
Na24	22341.8	0.172794	72948.8	0	0
Si28	26053.2	0.139265	93179.9	12918.8	12917.7
Si28	26053.2	0.122792	76351.5	1498.42	1497.62
neutron	939.565	0.477549	73807.4	0	0
neutron	939.565	0.237338	73807.4	0	0
Ne20	18617.7	1.05841	73807.4	0	0
O16	14895.1	0.32002	90601	11066.6	11066.2
Mg26	24196.5	0.130031	80517.2	2413.31	2413.05
O16	14895.1	0.328348	92296.3	12425.5	12424.7
Mg24	22335.8	0.173199	98265.2	16465.8	16465.3
O16	14895.1	0.478575	79150	4636.31	4635.37
neutron	939.565	6.30378	72044	0	0
neutron	939.565	2.66436	72044	0	0
C13	12109.5	1.22484	72044	0	0
Mg24	22335.8	0.246339	91408.8	12136.6	12134.2
Si28	26053.2	0.191223	84775.6	7909.52	7908.81
neutron	939.565	0.241629	71731.2	0	0
N15	13968.9	0.316045	71731.2	0	0
Mg24	22335.8	0.160853	98893.5	16799.3	16798.2
Si28	26053.2	0.114821	75289.3	535.595	534.453
neutron	939.565	10.6317	74375.1	0	0
neutron	939.565	0.297647	74375.1	0	0
Mn54	50232.4	0.1793	74375.1	0	0
Si28	26053.2	0.402998	93736.8	13634.7	13634.2
Si28	26053.2	0.259995	87242.2	9681.27	9680.65
Mg24	22335.8	0.159049	91978.2	11915.8	11915.1
O16	14895.1	0.554257	98936.2	16883	16882.2
O16	14895.1	0.301177	80224.1	4294.23	4293.77
Al28	26058.3	0.170981	73580.9	0	0
neutron	939.565	4.74104	97479.2	15950.6	15613.5
N14	13040.2	2.37614	97479.2	15950.6	15613.5
Mn56	52094	0.0833061	73582.5	0	0
O16	14895.1	0.264849	89112.9	10020.4	10019.6
neutron	939.565	20.8123	73708.1	0	0
neutron	939.565	5.18709	73708.1	0	0
neutron	939.565	2.13397	73708.1	0	0
Mg24	22335.8	0.771793	73708.1	0	0
O16	14895.1	0.661372	89516.1	10266.9	10266.1
Fe56	52089.8	0.0611186	81376.1	4203.28	4202.92
neutron	939.565	1.88017	77726.4	0	0
Al27	25126.5	0.339561	77726.4	0	0
Si28	26053.2	0.127628	97927.3	16124.4	16124
Si28	26053.2	0.127781	98842.9	15026.7	15025.2
Al30	27922.3	0.156304	73623.3	0	0
neutron	939.565	10.4073	71771.6	0	0
neutron	939.565	8.49343	71771.6	0	0
neutron	939.565	3.00443	71771.6	0	0
C12	11174.9	0.466446	71771.6	0	0
Si28	26053.2	0.17922	78582.2	3696.13	3695.02
Mg26	24196.5	0.128444	99335.7	17120.9	17120.7
O16	14895.1	0.282802	83860	6812.27	6811.56
Mg24	22335.8	0.316469	76642.8	2174.42	2173.82
neutron	939.565	1.01864	72985.1	0	0
N15	13968.9	0.498605	72985.1	0	0
Al28	26058.3	0.188583	75024	0	0
Si28	26053.2	0.159844	99409.3	17122.7	17122.4
Si28	26053.2	0.1248	98251.7	16436.2	16435.6
Mg24	22335.8	0.135042	81364.8	5152.34	5151.99
Mg24	22335.8	0.203225	77821.3	2157.19	2156.94
neutron	939.565	26.685	74159.7	0	0
alpha	3727.38	5.99629	74159.7	0	0
O18	16762	1.87246	74159.7	0	0
neutron	939.565	3.41318	72657.1	0	0
neutron	939.565	1.247	72657.1	0	0
Mg25	23268	0.0982234	72657.1	0	0
Al28	26058.3	0.186862	73582.2	0	0
neutron	939.565	2.33205	86751.5	9225.37	6357.26
C13	12109.5	0.177788	86751.5	9225.37	6357.26
Al28	26058.3	0.187809	76849.8	0	0
neutron	939.565	11.7325	75532.3	0	0
neutron	939.565	4.68737	75532.3	0	0
neutron	939.565	3.75213	75532.3	0	0
Na23	21409.2	2.5785	75532.3	0	0
O16	14895.1	0.242758	88506.5	8834.51	8834.21
O16	14895.1	0.232538	94955.9	14433.1	14432.6
O16	14895.1	0.38633	79651.4	3031.49	3031.07
O16	14895.1	0.189937	79595.6	3004.27	3003.93
neutron	939.565	3.59308	73541.3	0	0
Na23	21409.2	0.0411131	73541.3	0	0
Mg24	22335.8	0.212294	99427.9	17136.2	17135.9
neutron	939.565	6.09648	75109.3	0	0
neutron	939.565	2.13004	75109.3	0	0
Mg25	23268	1.42152	75109.3	0	0
O16	14895.1	0.230635	82611.4	5260.57	5259.84
Al28	26058.3	0.169769	74147	0	0
O16	14895.1	0.369477	98710.9	16479.2	16478.5
O16	14895.1	0.241598	94140.6	13153.1	13152.7
O16	14895.1	0.405518	87265.1	6791.75	6790.87
Al28	26058.3	0.177131	72385.4	0	0
O16	14895.1	0.211145	82794.2	4869.01	4866.71
Al28	26058.3	0.160678	74923.7	0	0
neutron	939.565	73.066	98945.4	16827.3	14561.3
neutron	939.565	30.4085	98945.4	16827.3	14561.3
neutron	939.565	19.4296	98945.4	16827.3	14561.3
alpha	3727.38	13.3714	98945.4	16827.3	14561.3
alpha	3727.38	1.14317	98945.4	16827.3	14561.3
Si28	26053.2	0.131409	83176.7	4891.38	4891.19
O16	14895.1	0.395533	75293	125.628	125.186
Na24	22341.8	0.194766	75151.6	0	0
Mg24	22335.8	0.166261	81343.4	4886.31	4885.29
Al28	26058.3	0.180922	73554.8	0	0
O16	14895.1	0.190711	80291.3	4456.29	4455.74
Al28	26058.3	0.175269	72721.6	0	0
O16	14895.1	0.242719	95281.8	14258.1	14257.7
neutron	939.565	3.57891	74546.7	0	0
neutron	939.565	0.340879	74546.7	0	0
Ne21	19550.5	0.634775	74546.7	0	0
neutron	939.565	3.50056	73421.1	0	0
neutron	939.565	0.394891	73421.1	0	0
C13	12109.5	0.939306	73421.1	0	0
O16	14895.1	0.218967	99093.2	16826.2	16825.7
Mg24	22335.8	0.130054	85406.5	7300.82	7300.59
Si28	26053.2	0.293017	94718.9	13886.6	13885.4
Si30	27913.2	0.108365	90228	10759.3	10759.2
O16	14895.1	0.216318	94957.8	14409.9	14408.3
Al28	26058.3	0.173933	74344.8	0	0
Fe56	52089.8	0.13452	80940	3499.19	3498.63
Al28	26058.3	0.180695	73485.6	0	0
O16	14895.1	0.22989	88287.1	9793.52	9792.35
Si28	26053.2	0.137108	75254.3	1669.83	1669.62
neutron	939.565	129.351	95369.4	14075	13836.8
C13	12109.5	1.35722	95369.4	14075	13836.8
Si28	26053.2	0.240983	84437.4	5490.93	5490.27
Mg24	22335.8	0.139599	83994.3	5227.73	5227.4
O16	14895.1	0.28188	75982.2	1356.03	1355.49
O16	14895.1	0.456976	93146.8	12478.2	12477.8
Si28	26053.2	0.121151	79027.6	3321.99	3321.75
O16	14895.1	0.493843	96529.9	15303.9	15303.1
Al28	26058.3	0.182438	75293.9	0	0
Si28	26053.2	0.110022	78977.9	3742.84	3742.31
O16	14895.1	0.236262	87077.8	7295.08	7294.41
O16	14895.1	0.219929	84424.5	6530.66	6529.25
O16	14895.1	0.206261	83432.7	6105.06	6104.36
neutron	939.565	0.133804	73695.6	0	0
Al27	25126.5	0.181447	73695.6	0	0
O16	14895.1	0.517537	97479.6	15736.4	15735.6
Mg24	22335.8	0.138616	95942.7	14659	14658.8
Na24	22341.8	0.208266	72474.4	0	0
O16	14895.1	0.523364	90305.8	11169.3	11168.2
O16	14895.1	0.255428	73379.1	300.363	299.61
Si28	26053.2	0.268432	81971.5	3727.89	3726.98
neutron	939.565	25.7964	75265.2	0	0
neutron	939.565	0.331322	75265.2	0	0
Na23	21409.2	1.72768	75265.2	0	0
Mg26	24196.5	0.173489	98978.8	16674	16673.8
Mg24	22335.8	0.211787	98733.6	16466.4	16466.1
O16	14895.1	0.286908	96345.2	14836.3	14835.7
O16	14895.1	0.701042	96067.4	14660.5	14659.8
O16	14895.1	0.202709	79204.6	3614.67	3614.21
Si28	26053.2	0.279131	91845.6	12258.2	12257.9
O16	14895.1	0.261099	86708.3	8868.56	8868.19
O16	14895.1	0.543362	85733.1	8127.21	8126.38
Mg24	22335.8	0.158143	94475.8	13308	13307.8
O16	14895.1	0.226435	88700.4	9667.38	9666.84
neutron	939.565	15.1476	75859.2	1714.64	790.947
neutron	939.565	5.36003	75859.2	1714.64	790.947
neutron	939.565	1.64473	75859.2	1714.64	790.947
C11	10254	6.81864	75859.2	1714.64	790.947
neutron	939.565	3.35949	74495.9	0	0
neutron	939.565	0.273294	74495.9	0	0
Cr53	49301.7	0.0973967	74495.9	0	0
O16	14895.1	0.27586	93218.2	12819.4	12819.1
Si28	26053.2	0.294828	82692.8	6386.37	6385.97
Al28	26058.3	0.168887	76701.8	0	0
Mn56	52094	0.0878951	73454.2	0	0
O16	14895.1	0.650097	99988.2	17469.4	17468.4
neutron	939.565	145.384	96390.1	14955.1	14700.3
C13	12109.5	1.30843	96390.1	14955.1	14700.3
O16	14895.1	0.320793	90307.2	10806.1	10805.5
O16	14895.1	0.391476	79480.1	1448.44	1447.8
Mg26	24196.5	0.154082	92530.8	11877.6	11877.1
Al28	26058.3	0.173434	74311.4	0	0
O16	14895.1	0.900985	97260.4	15708.6	15707.3
Mg24	22335.8	0.241291	79237.6	3527.8	3527.53
Mg24	22335.8	0.238943	77629.8	2090.82	2090.56
Al28	26058.3	0.187878	74314.3	0	0
O16	14895.1	0.209008	80897.9	5104.64	5103.58
O16	14895.1	0.285583	73331.3	626.814	626.099
Na24	22341.8	0.1862	72307	0	0
Mg24	22335.8	0.130753	88835.1	10467.7	10467.3
O16	14895.1	0.406578	84420.8	7519.09	7517.87
Mg24	22335.8	0.141642	73749.4	216.932	216.787
Na24	22341.8	0.183844	75801	0	0
Al28	26058.3	0.180126	76609.2	0	0
Mg24	22335.8	0.134834	86760.8	8444.85	8444.58
neutron	939.565	0.146436	73135.1	0	0
Al27	25126.5	0.166361	73135.1	0	0
Si28	26053.2	0.221193	99838.2	17370.9	17370
Si28	26053.2	0.1114	90797.9	11024.9	11024.7
O16	14895.1	0.323625	75163.1	1883.41	1882.97
neutron	939.565	14.7558	72008.9	0	0
neutron	939.565	3.57557	72008.9	0	0
neutron	939.565	2.53737	72008.9	0	0
Mg24	22335.8	0.190591	72008.9	0	0
O16	14895.1	0.391481	90430.5	11206.9	11206.4
O16	14895.1	0.414662	97353.8	15717.9	15717.3
O16	14895.1	0.228806	86650.9	8647.58	8647.01
N16	14906	0.297949	72670.2	0	0
Mg24	22335.8	0.129619	74382.7	625.655	624.665
Mg24	22335.8	1.43648	86011.1	8294.03	8292.49
neutron	939.565	42.3175	73224.5	0	0
neutron	939.565	0.881141	73224.5	0	0
Na24	22341.8	1.41043	73224.5	0	0
Si29	26984.3	0.196916	99789.1	17358.4	17357.4
Mg24	22335.8	0.16012	86694.9	8126.87	8126.41
Si28	26053.2	0.116874	97277.9	15750.4	15749.3
O16	14895.1	0.53456	92754.3	12469.2	12468.5
O16	14895.1	0.323758	97465.6	7791.54	7791.06
neutron	939.565	3.02094	73541.3	0	0
neutron	939.565	1.80503	73541.3	0	0
C13	12109.5	1.02209	73541.3	0	0
Mg24	22335.8	1.5232	91367.1	9223.6	9221.88
Mg24	22335.8	0.173415	83963.9	4632.12	4631.9
Mg26	24196.5	0.208375	78012.2	1092.36	1092.04
Mg24	22335.8	0.438175	76383.4	1397.64	1396.55
Si28	26053.2	0.131632	84820.3	7336.61	7336.12
O16	14895.1	1.30592	99330.6	17079.5	17078
Mg24	22335.8	0.155662	90362.1	10679.8	10679.5
neutron	939.565	1.0125	74543.5	0	0
Na23	21409.2	0.218843	74543.5	0	0
neutron	939.565	1.83393	73780.7	0	0
N15	13968.9	0.074184	73780.7	0	0
O16	14895.1	0.364386	90109.7	9208.41	9207.87
O16	14895.1	0.202417	85369.6	6262.67	6262.13
neutron	939.565	22.1938	75714.6	0	0
neutron	939.565	2.49428	75714.6	0	0
Ne21	19550.5	1.04825	75714.6	0	0
Si28	26053.2	0.108632	84465.4	7327.17	7326.27
Mg24	22335.8	0.135214	97452.1	15929.7	15929.4
neutron	939.565	0.147153	76588.7	0	0
N15	13968.9	0.235089	76588.7	0	0
Mg24	22335.8	0.150142	91832.3	11413.1	11412.4
Na25	23272.4	0.194775	73626	0	0
O16	14895.1	0.478629	80883.5	3763.68	3763.2
Mg24	22335.8	0.152456	78064.2	1939.17	1938.22
Mg24	22335.8	0.236911	82812.8	6669.06	6668.76
Si28	26053.2	0.406769	89454.5	10474	10473.5
neutron	939.565	2.94885	73292.8	0	0
N15	13968.9	0.509376	73292.8	0	0
O16	14895.1	0.196476	93135.7	12749.9	12749.3
Si28	26053.2	0.202232	78968.8	3527.26	3526.87
O16	14895.1	0.355206	93407	12787	12786.6
Si28	26053.2	0.130201	91822.8	11811.7	11811.3
Si28	26053.2	0.737083	81795.6	5103.93	5102.61
Mg24	22335.8	0.567182	93642.2	13296.8	13295.8
O16	14895.1	1.12918	83791.5	3997.9	3996.21
neutron	939.565	0.636404	74616.4	0	0
Na23	21409.2	0.254112	74616.4	0	0
O16	14895.1	0.19489	91584.2	11821.6	11821.3
Al28	26058.3	0.167392	74200.3	0	0
O16	14895.1	0.417702	89866.9	10583.6	10583.1
Al28	26058.3	0.165262	75506.2	0	0
neutron	939.565	13.5179	76580.8	0	0
neutron	939.565	7.93791	76580.8	0	0
neutron	939.565	1.131	76580.8	0	0
Mg24	22335.8	0.205327	76580.8	0	0
neutron	939.565	5.5316	73405.3	0	0
Ne22	20479.7	0.589947	73405.3	0	0
Mg24	22335.8	0.187085	83458.5	6191.45	6191.26
Mg26	24196.5	0.15306	99419.6	17143.1	17142.7
O16	14895.1	0.339101	89254.5	9539.22	9538.13
Mg24	22335.8	0.309921	89196.3	9508.79	9508.32
O16	14895.1	0.241835	79149.8	3101.11	3100.44
Mg24	22335.8	0.252079	99497.1	17009.6	17007.9
Si28	26053.2	0.249367	96271.5	14657.7	14656.8
Si28	26053.2	0.805173	93867.7	8234.15	8233.12
O16	14895.1	0.343896	87576.5	3227.81	3226.52
neutron	939.565	24.1857	82622.8	0	0
neutron	939.565	2.87682	82622.8	0	0
neutron	939.565	0.826073	82622.8	0	0
Mg24	22335.8	1.74928	82622.8	0	0
neutron	939.565	7.41563	74338.4	0	0
neutron	939.565	7.09764	74338.4	0	0
neutron	939.565	5.34317	74338.4	0	0
Na23	21409.2	0.793947	74338.4	0	0
O16	14895.1	0.245039	96240.1	15212.2	15211.7
O16	14895.1	0.844655	91195.7	11097.3	11096.4
Mn54	50232.4	0.0871665	73914.8	0	0
Si28	26053.2	0.196005	94002.4	13603.7	13603.4
O16	14895.1	0.193016	84602.1	7386.34	7386.07
O16	14895.1	0.218767	79211.7	3323.68	3322.98
neutron	939.565	2.36222	73709	0	0
Mg26	24196.5	0.161494	73709	0	0
O16	14895.1	0.254371	73068.1	692.818	692.353
O16	14895.1	0.255306	93289.5	12969.8	12969.4
Si28	26053.2	0.145408	81005.9	5024.43	5024.14
neutron	939.565	0.112363	72801.7	0	0
Na23	21409.2	0.143835	72801.7	0	0
O16	14895.1	1.05771	91314	11812.1	11811
neutron	939.565	1.48056	73223.8	0	0
Al27	25126.5	0.0997164	73223.8	0	0
Si28	26053.2	0.337414	84363.5	6314.36	6313.53
Si28	26053.2	0.110513	79222.6	3264.21	3263.51
neutron	939.565	4.85283	73581.1	0	0
Na23	21409.2	0.110303	73581.1	0	0
O16	14895.1	0.396398	89087.7	10166.3	10165.6
Al29	26988.5	0.17948	73099.4	0	0
Mg24	22335.8	0.397977	82341.7	5483.47	5482.58
Al28	26058.3	0.184945	73040.1	0	0
neutron	939.565	0.494258	73135.9	0	0
Na23	21409.2	0.278424	73135.9	0	0
O16	14895.1	0.380762	74122.7	556.436	555.742
neutron	939.565	13.7065	73206	0	0
neutron	939.565	5.73674	73206	0	0
N14	13040.2	1.65731	73206	0	0
O16	14895.1	0.213251	74717.2	1039.42	1038.77
Al28	26058.3	0.187288	72955.3	0	0
neutron	939.565	8.04494	72729.4	0	0
Ne22	20479.7	0.709933	72729.4	0	0
O16	14895.1	1.58646	91505.2	5355.18	5353.54
neutron	939.565	1.82688	83182.9	0	0
Na25	23272.4	0.172936	83182.9	0	0
Mg24	22335.8	0.434327	78438.5	3149.09	3148.37
neutron	939.565	1.66179	73479.5	0	0
C14	13040.9	1.20469	73479.5	0	0
Mg24	22335.8	0.159472	95562.3	14312.7	14312
Si28	26053.2	0.404669	85487.5	6177.18	6176.77
O16	14895.1	0.295819	98197.1	16320.2	16319.8
O16	14895.1	0.432954	94347.7	13996.9	13996.3
Si28	26053.2	0.164705	74636.3	1058.48	1058.3
neutron	939.565	6.3866	75145.3	0	0
Mg26	24196.5	0.846396	75145.3	0	0
O16	14895.1	0.367743	93780.2	10825.4	10824.4
Al28	26058.3	0.175765	76394.8	0	0
Si28	26053.2	0.138612	98157.7	15971.4	15970.9
Si29	26984.3	0.19014	87366.3	8102.27	8101.3
neutron	939.565	7.45034	74668.5	0	0
neutron	939.565	6.00541	74668.5	0	0
neutron	939.565	2.2745	74668.5	0	0
C12	11174.9	3.2525	74668.5	0	0
Si28	26053.2	0.128391	86665.3	8500.33	8499.66
neutron	939.565	0.467953	73145.8	0	0
Na23	21409.2	0.109551	73145.8	0	0
Mg25	23268	0.139783	94620.9	12730.7	12730.3
neutron	939.565	21.4214	75052.2	0	0
neutron	939.565	7.90585	75052.2	0	0
neutron	939.565	3.46123	75052.2	0	0
alpha	3727.38	6.51432	75052.2	0	0
O16	14895.1	1.58869	75052.2	0	0
Si28	26053.2	0.412378	86585.1	7706.31	7705.87
O16	14895.1	0.401156	74704.8	744.902	744.197
O16	14895.1	0.228155	76143.9	422.181	421.566
O16	14895.1	0.297628	77788.2	3004.69	3003.8
Al28	26058.3	0.159897	72868.3	0	0
neutron	939.565	0.762959	75812.4	0	0
N15	13968.9	0.309355	75812.4	0	0
Fe56	52089.8	0.605995	75891.7	2366.14	2364.87
O16	14895.1	0.297418	85364.7	6777.4	6776.67
Al28	26058.3	0.164768	74259.2	0	0
Si30	27913.2	0.212107	80374.2	4161.52	4161.29
O16	14895.1	0.413192	79783.8	3847.66	3846.73
neutron	939.565	11.8304	73889.7	0	0
neutron	939.565	3.45549	73889.7	0	0
Ne21	19550.5	0.855616	73889.7	0	0
Si28	26053.2	0.108593	91608.5	12061.3	12061
O16	14895.1	0.195849	98869	16666.5	16666
Al28	26058.3	0.186657	73091.7	0	0
neutron	939.565	1.84603	75684.5	0	0
Al27	25126.5	0.163869	75684.5	0	0
Fe56	52089.8	0.0579162	76891	1688.82	1688.19
Si30	27913.2	0.103209	94319.2	13198.7	13198.4
O16	14895.1	0.812633	80383.1	3384.94	3383.88
Na24	22341.8	0.20377	74647.1	0	0
Mg24	22335.8	0.140111	80168.9	4108.06	4107.8
Mg24	22335.8	0.333712	85550	7946.55	7945.56
neutron	939.565	0.226998	79520.1	0	0
Al27	25126.5	0.223701	79520.1	0	0
O16	14895.1	0.458115	98641.3	16571.4	16570.8
Si28	26053.2	0.413764	97060.3	15528.2	15526.9
O16	14895.1	0.513218	95073.3	14004.4	14003.6
Mg24	22335.8	0.157558	99415.3	17161.4	17161.2
Si28	26053.2	0.319597	74053.4	423.633	422.719
Al28	26058.3	0.190201	73395.2	0	0
neutron	939.565	387.385	99011.6	16594	15185.9
neutron	939.565	31.6601	99011.6	16594	15185.9
neutron	939.565	11.7667	99011.6	16594	15185.9
neutron	939.565	8.02517	99011.6	16594	15185.9
alpha	3727.38	1.09799	99011.6	16594	15185.9
alpha	3727.38	6.77737	99011.6	16594	15185.9
neutron	939.565	0.126185	78221.6	0	0
Al27	25126.5	0.224955	78221.6	0	0
neutron	939.565	3.87161	74321.5	0	0
neutron	939.565	2.2634	74321.5	0	0
alpha	3727.38	5.67125	74321.5	0	0
O16	14895.1	1.38911	74321.5	0	0
O16	14895.1	0.284296	79533.9	3019.76	3018.79
Na24	22341.8	0.211503	74469.3	0	0
Fe56	52089.8	0.105563	84334.5	7678.71	7678.56
Mg24	22335.8	0.148446	75303.7	2053.94	2053.69
O16	14895.1	0.321303	74902.1	1796.35	1795.73
neutron	939.565	5.97265	75650	0	0
neutron	939.565	1.53669	75650	0	0
Ne20	18617.7	0.186783	75650	0	0
neutron	939.565	0.179625	74670.7	0	0
Al27	25126.5	0.240042	74670.7	0	0
neutron	939.565	13.5784	74828.4	0	0
alpha	3727.38	6.71009	74828.4	0	0
Ne22	20479.7	1.23245	74828.4	0	0
Si28	26053.2	0.266241	81835.3	5251.91	5251.38
C14	13040.9	3.19192	93141.8	12595.1	11497.6
neutron	939.565	0.391587	75395.2	0	0
Al27	25126.5	0.220507	75395.2	0	0
Na24	22341.8	0.213071	74831.3	0	0
Si28	26053.2	0.350605	75273.9	535.627	534.994
neutron	939.565	0.196008	74400.3	0	0
Na23	21409.2	0.145453	74400.3	0	0
O16	14895.1	0.288737	95618	14326.4	14325.9
Mg24	22335.8	0.443322	76312.3	220.755	220.084
neutron	939.565	9.36312	76044.7	0	0
neutron	939.565	0.366339	76044.7	0	0
Mg25	23268	0.676314	76044.7	0	0
Al28	26058.3	0.149825	72408.1	0	0
O16	14895.1	0.3032	77696	2523.26	2522.92
O16	14895.1	0.227589	98438.7	9374.68	9373.86
O16	14895.1	0.262131	94156.8	6417.15	6416.63
Si28	26053.2	0.14501	84514.3	348.132	347.856
O16	14895.1	0.672375	76388.3	2354.34	2353.35
neutron	939.565	4.61826	72381.8	0	0
neutron	939.565	0.158737	72381.8	0	0
N14	13040.2	0.315418	72381.8	0	0
O16	14895.1	0.27097	98946.9	16831.4	16830.8
Mg24	22335.8	0.145616	73805.9	511.936	511.752
O16	14895.1	0.199294	90870.7	11365.2	11364.8
neutron	939.565	11.3314	72742.8	0	0
neutron	939.565	5.6855	72742.8	0	0
neutron	939.565	1.36943	72742.8	0	0
Ne22	20479.7	0.877233	72742.8	0	0
Si28	26053.2	0.179319	93026.9	12939.3	12939
O16	14895.1	0.581806	93012.1	12927	12926.4
O16	14895.1	0.415401	73501.3	411.016	410.526
Mg24	22335.8	0.193082	99507.8	17140.8	17140.4
Mg26	24196.5	0.375417	73909.3	523.632	522.965
neutron	939.565	0.636672	74204.6	0	0
N15	13968.9	0.313549	74204.6	0	0
Si28	26053.2	0.726844	76031.5	2512.04	2511.07
Na24	22341.8	0.191315	71689.5	0	0
neutron	939.565	4.07377	72375.4	0	0
Si28	26053.2	0.115459	94901.6	14039.5	14038.6
O16	14895.1	0.569502	79529.7	3995.46	3994.22
neutron	939.565	0.627023	73422	0	0
Na23	21409.2	0.169486	73422	0	0
neutron	939.565	6.4234	74664.4	0	0
neutron	939.565	4.94569	74664.4	0	0
neutron	939.565	0.828852	74664.4	0	0
alpha	3727.38	5.46503	74664.4	0	0
Be8	7454.85	0.8867	74664.4	0	0
Si28	26053.2	0.136033	88919.3	10144	10143.8
Mg24	22335.8	0.524544	87066	7882.77	7882.06
Si28	26053.2	0.11801	95890.8	14150.3	14150
neutron	939.565	1.73696	75697.5	0	0
N15	13968.9	0.36412	75697.5	0	0
Mg24	22335.8	0.295356	95011.6	14360.8	14360.1
O16	14895.1	0.220152	92542.2	12582	12581.4
O16	14895.1	0.200263	97391.4	15867.9	15866.9
O16	14895.1	0.215232	86084.4	6879.57	6878.25
neutron	939.565	10.4528	73837.3	0	0
neutron	939.565	5.153	73837.3	0	0
neutron	939.565	5.0354	73837.3	0	0
Na23	21409.2	1.81598	73837.3	0	0
Si28	26053.2	0.118921	99321.1	17002	17001.4
O16	14895.1	0.452019	93919.4	13315.3	13314.7
Mg24	22335.8	0.198747	91193.6	11423.3	11423
O16	14895.1	0.373598	77293.6	2025.38	2023.84
neutron	939.565	0.490512	73774.5	0	0
Na23	21409.2	0.265251	73774.5	0	0
neutron	939.565	2.61886	74256	0	0
neutron	939.565	1.96396	74256	0	0
Mn54	50232.4	0.0303489	74256	0	0
Mg24	22335.8	0.328648	75224.4	1582.26	1581.55
neutron	939.565	31.0366	72554.5	0	0
neutron	939.565	0.121567	72554.5	0	0
Mg25	23268	1.29695	72554.5	0	0
Na24	22341.8	0.204076	76512.1	0	0
Si28	26053.2	0.148534	99351.6	17087.7	17087.4
neutron	939.565	6.8948	75242.6	0	0
neutron	939.565	6.72938	75242.6	0	0
F19	17692.3	1.67943	75242.6	0	0
O16	14895.1	0.332163	86581.6	7545.22	7544.58
O16	14895.1	0.266917	85125.3	6695.15	6694.16
Na24	22341.8	0.198597	74096	0	0
Si28	26053.2	0.202824	85027.7	7031.75	7030.37
Al28	26058.3	0.163548	73575	0	0
O16	14895.1	0.450413	94885.6	12243	12242.1
O16	14895.1	1.1943	84801	5907.13	5905.59
O16	14895.1	0.251103	78980.3	1728.16	1727.89
Al28	26058.3	0.182747	76174.1	0	0
neutron	939.565	6.12812	72855.1	0	0
C14	13040.9	1.1863	72855.1	0	0
Si28	26053.2	0.137759	79967	4809.77	4809.34
Mg24	22335.8	0.174672	74422.4	1391.88	1391.14
Si28	26053.2	0.358097	72590.3	319.286	318.493
Al28	26058.3	0.186656	72168.2	0	0
Mg24	22335.8	0.277748	83364.7	6733.6	6731.86
O16	14895.1	0.193772	77920.4	3268.7	3268.4
neutron	939.565	4.71144	74073.4	0	0
Ne22	20479.7	0.873594	74073.4	0	0
neutron	939.565	1.54588	74059.2	0	0
N15	13968.9	0.252689	74059.2	0	0
O16	14895.1	0.322152	91143.9	11294.8	11292.8
O16	14895.1	0.787112	79295.9	3543.94	3541.34
C13	12109.5	0.183012	91953.8	12014.6	7041.72
Si28	26053.2	0.148878	79747.9	3366.1	3365.67
neutron	939.565	6.30242	74406.8	0	0
Mg26	24196.5	0.0450475	74406.8	0	0
O16	14895.1	0.25114	84769.4	5763.28	5762.95
Mg24	22335.8	0.1308	86544.9	7342.67	7342.46
O16	14895.1	0.608655	85519.6	6703.5	6702.06
O16	14895.1	0.602957	83474.1	5445.55	5444.54
neutron	939.565	92.3996	90384.4	10735.5	10306.7
O15	13971.2	0.710397	90384.4	10735.5	10306.7
Al28	26058.3	0.190995	74526.1	0	0
Si28	26053.2	0.129687	83892.4	5190.02	5189.66
O16	14895.1	0.37212	79963.3	3535.12	3533.86
neutron	939.565	14.838	74227.9	0	0
neutron	939.565	2.3756	74227.9	0	0
neutron	939.565	0.843515	74227.9	0	0
Ne22	20479.7	1.78717	74227.9	0	0
O16	14895.1	0.290999	73592.8	61.0866	60.44
Si28	26053.2	0.371962	86824.8	8861.89	8859.85
Al29	26988.5	0.167272	73399	0	0
Mg24	22335.8	0.21237	76989.8	1850.93	1850.68
Si28	26053.2	0.114283	97192.8	15756.2	15755.8
neutron	939.565	10.0419	77206.8	0	0
neutron	939.565	2.68499	77206.8	0	0
neutron	939.565	1.28592	77206.8	0	0
C12	11174.9	1.58794	77206.8	0	0
N15	13968.9	0.680899	79230	3765.05	3535.64
Al28	26058.3	0.185552	73672.3	0	0
neutron	939.565	30.8458	76256	0	0
neutron	939.565	20.7222	76256	0	0
Na23	21409.2	0.243189	76256	0	0
Na24	22341.8	0.196027	74570.2	0	0
neutron	939.565	0.820601	78392.7	0	0
Al27	25126.5	0.212762	78392.7	0	0
neutron	939.565	4.04548	80445.2	0	0
Na25	23272.4	0.534462	80445.2	0	0
O16	14895.1	0.446414	97705.6	15760.5	15759.4
Fe54	50231.2	0.0636669	87391.2	8917.69	8917.33
Na24	22341.8	0.195604	73250.2	0	0
O16	14895.1	0.289457	97307.1	15799.2	15798.9
O16	14895.1	0.399891	87811.7	8686.02	8685.32
Si28	26053.2	0.448089	82780.4	5675.63	5673.83
Si28	26053.2	0.122393	89145.5	10880	10878.4
neutron	939.565	34.8124	72947.6	0	0
neutron	939.565	17.0112	72947.6	0	0
Mg25	23268	0.745338	72947.6	0	0
Mg24	22335.8	0.128989	84174.4	6255.14	6254.98
O16	14895.1	0.422655	82181.3	5059.88	5058.92
O16	14895.1	0.206079	79622.6	2971.81	2971.28
Si28	26053.2	0.160532	75481.7	215.145	214.878
Mn54	50232.4	0.0938048	75208.1	0	0
neutron	939.565	3.73554	92040.3	12380.9	11450.9
Si28	26053.2	2.79568	92040.3	12380.9	11450.9
Mg24	22335.8	0.517379	96812	15519.5	15518.8
neutron	939.565	24.6551	72425.1	0	0
neutron	939.565	6.6557	72425.1	0	0
neutron	939.565	6.17937	72425.1	0	0
neutron	939.565	1.06878	72425.1	0	0
Cr51	47442.5	0.46774	72425.1	0	0
neutron	939.565	0.168469	74444.1	0	0
Na24	22341.8	0.25582	74444.1	0	0
O16	14895.1	1.85553	79619.6	1993.76	1991.89
O16	14895.1	0.378553	77976.1	3116.15	3115.57
neutron	939.565	0.156928	72512.8	0	0
Al27	25126.5	0.120181	72512.8	0	0
Mg24	22335.8	0.134776	90578.6	11582.4	11582.3
Mg24	22335.8	0.223748	88964.7	10472.9	10472.4
O16	14895.1	0.398394	85015.9	7803.62	7802.65
Na24	22341.8	0.212308	73653.5	0	0
neutron	939.565	16.5158	74230.8	0	0
Mg26	24196.5	1.65439	74230.8	0	0
O16	14895.1	0.458322	91919.4	12265.2	12264.6
O16	14895.1	0.572095	88709.9	10178.4	10177.8
Na24	22341.8	0.199643	75222	0	0
Si28	26053.2	0.247997	99227.7	16974.2	16973.8
O16	14895.1	1.43339	83145.9	5486.27	5484.64
Mg24	22335.8	0.154727	75632.8	729.378	729.205
neutron	939.565	0.0526991	74425.1	0	0
Al27	25126.5	0.164677	74425.1	0	0
Fe56	52089.8	0.0637449	84971.2	6886.97	6886.87
O16	14895.1	0.807809	88720.2	8580.33	8579.41
neutron	939.565	3.23846	78148.4	0	0
Ne21	19550.5	1.33257	78148.4	0	0
Al28	26058.3	0.186995	76247.3	0	0
O16	14895.1	0.220112	92661.5	12785.5	12784.6
O16	14895.1	0.286269	86747.4	8275.84	8275.16
Al28	26058.3	0.188858	75201.3	0	0
O16	14895.1	0.636466	85246	5330.07	5328.87
Mg26	24196.5	0.12577	77426.9	514.734	514.266
Mg24	22335.8	0.14354	97079	15700.3	15699.5
Si28	26053.2	0.140261	86314.8	7058.72	7058.49
Al28	26058.3	0.188173	74974.8	0	0
neutron	939.565	19.9124	75184.7	0	0
neutron	939.565	0.630023	75184.7	0	0
N14	13040.2	2.27341	75184.7	0	0
Mg24	22335.8	0.20646	96736.9	14899.9	14899.5
neutron	939.565	1.09938	74771.9	0	0
Al27	25126.5	0.359549	74771.9	0	0
Si28	26053.2	0.142286	94410.6	13743	13742.6
neutron	939.565	1.81369	74592.4	0	0
Al27	25126.5	0.355647	74592.4	0	0
O16	14895.1	0.64139	88825.3	9113.89	9113.13
Si28	26053.2	0.266119	75915.5	867.081	866.283
O16	14895.1	0.460115	89715.3	8992.34	8991.77
Si28	26053.2	0.212082	97628.7	15835.4	15834.7
O16	14895.1	0.568245	95302.8	14190.2	14189.3
O16	14895.1	0.928352	79324.9	2561.68	2560.68
neutron	939.565	2.97351	75147.1	0	0
neutron	939.565	2.18172	75147.1	0	0
neutron	939.565	1.15661	75147.1	0	0
Ne20	18617.7	0.237334	75147.1	0	0
Na24	22341.8	0.204525	77987.5	0	0
O16	14895.1	0.198274	85829.1	8220.68	8219.49
Si28	26053.2	0.119452	90256.2	10865.1	10864.9
Mg24	22335.8	0.206183	91566.5	11946.3	11945.4
O16	14895.1	0.596894	84105.5	5582.36	5581.64
neutron	939.565	10.1723	74878.4	0	0
neutron	939.565	1.03517	74878.4	0	0
neutron	939.565	0.195303	74878.4	0	0
alpha	3727.38	6.16979	74878.4	0	0
alpha	3727.38	4.92512	74878.4	0	0
C12	11174.9	3.82723	74878.4	0	0
O16	14895.1	0.264654	93947.1	12984.2	12983.7
neutron	939.565	0.838912	76250.8	0	0
N15	13968.9	0.158773	76250.8	0	0
O16	14895.1	0.593394	96907.4	15496.1	15495
Si28	26053.2	0.161212	92022.6	12219.1	12218.8
Fe56	52089.8	0.141715	72662.8	33.815	33.3638
neutron	939.565	9.17632	72666.9	0	0
neutron	939.565	5.32575	72666.9	0	0
neutron	939.565	1.00806	72666.9	0	0
Mg24	22335.8	0.650748	72666.9	0	0
Mg24	22335.8	0.293757	82240	4963.45	4962.74
O16	14895.1	0.349205	78251.7	2360.42	2360.01
Si28	26053.2	0.114798	84954.7	6511.79	6511.55
Al28	26058.3	0.182827	74004.2	0	0
neutron	939.565	0.177415	76035.3	0	0
Mn55	51161.7	0.110472	76035.3	0	0
Mg24	22335.8	0.162483	94878.5	14291.9	14290.6
O16	14895.1	0.201649	86933.4	8548.07	8547.82
O16	14895.1	0.269761	80750.5	4490.48	4489.83
O16	14895.1	0.585447	84831.2	7612.43	7611.71
neutron	939.565	7.41938	72498.6	0	0
neutron	939.565	1.11234	72498.6	0	0
Ne21	19550.5	0.578037	72498.6	0	0
O16	14895.1	0.207354	99484.5	17031.6	17030.8
Mg24	22335.8	0.341551	92046.7	12048.9	12047.8
O16	14895.1	0.213175	86175.7	6933.49	6932.71
neutron	939.565	4.02039	75106.7	0	0
Ne21	19550.5	0.320062	75106.7	0	0
Si28	26053.2	0.244198	90251	11194.4	11193.8
Mg24	22335.8	0.177513	75994.8	634.967	634.58
Si28	26053.2	0.746983	97141.7	15239.7	15238.5
O16	14895.1	0.893626	83295.9	6509.91	6508.89
O16	14895.1	0.279191	87122.2	8505.69	8505.07
Si28	26053.2	0.121952	86468.4	8144.08	8143.89
O16	14895.1	0.866405	91731.2	12087.2	12085.8
Al28	26058.3	0.167951	73209.2	0	0
Na24	22341.8	0.196688	72569.9	0	0
O16	14895.1	0.731253	89244.4	10677.9	10677
neutron	939.565	5.47369	73216.9	0	0
neutron	939.565	1.67716	73216.9	0	0
Mg24	22335.8	0.526278	73216.9	0	0
Mg24	22335.8	0.161375	99778.1	17307.4	17306.3
neutron	939.565	7.80955	95793.3	14772	14474
C14	13040.9	3.12789	95793.3	14772	14474
Al28	26058.3	0.172317	73548.2	0	0
Mg26	24196.5	0.291488	80404.5	4854.52	4854.23
Mg24	22335.8	0.449928	77040.2	2910.92	2910.35
O16	14895.1	0.466532	76801.4	2786.91	2785.52
O16	14895.1	1.04835	94589.6	13703.2	13702.1
O16	14895.1	0.800448	84223.3	6599.68	6598.53
O16	14895.1	0.521219	99352.2	17076.2	17075.5
Si28	26053.2	0.128674	81011.4	2888.96	2888.41
Si28	26053.2	1.91969	79585.9	2006.16	2003.98
neutron	939.565	4.63563	76089.4	0	0
Ne22	20479.7	0.183567	76089.4	0	0
O16	14895.1	0.310335	97990.2	16250.2	16249.6
O16	14895.1	0.347974	86016	4715.97	4715.58
Si28	26053.2	0.211716	88130.3	9418.88	9418.21
O16	14895.1	0.204895	81301.2	3210.8	3210.53
neutron	939.565	6.47076	81103.4	0	0
neutron	939.565	3.74662	81103.4	0	0
Mg27	25129.6	0.416774	81103.4	0	0
Si28	26053.2	0.14519	99924.4	17438.1	17437.8
Si28	26053.2	0.163006	92345.4	9211.6	9211.33
O16	14895.1	0.198281	80646.9	1649.67	1648.54
neutron	939.565	5.83915	95181.6	13547.8	12435.8
alpha	3727.38	7.55352	95181.6	13547.8	12435.8
alpha	3727.38	19.4944	95181.6	13547.8	12435.8
O16	14895.1	0.907118	95181.6	13547.8	12435.8
Mg24	22335.8	0.148922	92429.6	10040.2	10039.8
Si28	26053.2	0.108214	81816.2	3064.87	3064.63
Mg24	22335.8	0.223956	87107.9	5859.42	5858.89
O16	14895.1	0.237246	92636	12285.9	12285.7
neutron	939.565	55.7461	87581.7	9083.16	8551.14
neutron	939.565	3.95651	87581.7	9083.16	8551.14
O14	13044.8	0.864582	87581.7	9083.16	8551.14
Mg24	22335.8	0.970223	81691.1	3546.55	3545.32
O16	14895.1	0.274992	79716.6	2294.96	2294.44
neutron	939.565	3.79475	75835.6	0	0
neutron	939.565	3.49192	75835.6	0	0
neutron	939.565	2.24434	75835.6	0	0
alpha	3727.38	3.85689	75835.6	0	0
Be8	7454.85	3.97993	75835.6	0	0
O16	14895.1	0.231439	85204.9	7839.49	7838.73
O16	14895.1	0.267169	75349.7	1383.81	1383.51
Si28	26053.2	0.161083	99460.7	16864.5	16864.2
O16	14895.1	0.279075	97084.2	15220.2	15219.7
Mg25	23268	0.495634	85320.5	6570.77	6569.88
neutron	939.565	2.62977	72376.9	0	0
neutron	939.565	2.61243	72376.9	0	0
neutron	939.565	2.13053	72376.9	0	0
Mg24	22335.8	0.0888666	72376.9	0	0
Mg24	22335.8	0.158795	94881.2	14154.6	14153.8
Si28	26053.2	0.148888	90037.9	11051.2	11050.5
neutron	939.565	0.931252	72924	0	0
Al27	25126.5	0.0667203	72924	0	0
O16	14895.1	0.580564	78496.3	3146.75	3145.91
Al28	26058.3	0.155941	73253.1	0	0
neutron	939.565	105.169	98117.8	15606.7	15145.9
Na22	20482.1	0.75243	98117.8	15606.7	15145.9
neutron	939.565	1230.16	95679.5	13596.6	7631.4
neutron	939.565	174.015	95679.5	13596.6	7631.4
neutron	939.565	139.962	95679.5	13596.6	7631.4
neutron	939.565	35.1538	95679.5	13596.6	7631.4
neutron	939.565	24.4004	95679.5	13596.6	7631.4
neutron	939.565	20.135	95679.5	13596.6	7631.4
neutron	939.565	2.27796	95679.5	13596.6	7631.4
neutron	939.565	18.7438	83177.5	0	0
neutron	939.565	5.64033	83177.5	0	0
N14	13040.2	1.1856	83177.5	0	0
Si28	26053.2	0.27252	86488.6	6360.07	6358.67
Mg26	24196.5	0.687157	81744.8	3047.81	3047.12
neutron	939.565	0.0197438	77384	0	0
Al27	25126.5	0.170514	77384	0	0
Mg24	22335.8	0.165934	92126.1	8052.66	8052.25
Mg24	22335.8	0.189919	77152.7	1944.6	1944.21
Mg24	22335.8	0.740808	85798.6	6423.4	6422.65
neutron	939.565	1.72625	75790.7	0	0
N15	13968.9	0.0714464	75790.7	0	0
Al28	26058.3	0.168304	71760.8	0	0
neutron	939.565	8.26913	73121.9	0	0
Ne22	20479.7	0.517648	73121.9	0	0
O16	14895.1	0.240825	78878.5	3214.38	3213.86
neutron	939.565	220.171	94218.4	13565.4	13231.6
Mg25	23268	3.10041	94218.4	13565.4	13231.6
O16	14895.1	0.68875	87008	7954.24	7953.39
Al28	26058.3	0.172651	74097.6	0	0
O16	14895.1	0.545288	86911.6	8458.56	8457.46
Si28	26053.2	0.124835	86559.4	8244.36	8243.61
neutron	939.565	0.348432	73185.4	0	0
N15	13968.9	0.200272	73185.4	0	0
O16	14895.1	0.19736	97574.3	15679.7	15679.2
Mg24	22335.8	0.209927	97048.8	15319.2	15317.2
O16	14895.1	0.360314	89414.8	10403.8	10402.7
neutron	939.565	3.58389	72793	0	0
F21	19556.7	0.884116	72793	0	0
Si28	26053.2	0.136161	95603.8	14233.7	14231.1
Si29	26984.3	0.128432	88612	9905.16	9904.96
neutron	939.565	18.6905	73115.1	0	0
neutron	939.565	2.50999	73115.1	0	0
C13	12109.5	2.7966	73115.1	0	0
O16	14895.1	0.294893	91035	11157.4	11156.7
O16	14895.1	0.557285	76413.9	1372.97	1371.77
Si28	26053.2	0.116434	82010.9	4514.72	4513.52
O16	14895.1	0.349521	98186.7	16176.7	16175.8
O16	14895.1	0.219633	90080.7	9739.54	9739.07
neutron	939.565	23.7087	76553.1	0	0
neutron	939.565	20.0343	76553.1	0	0
Ne21	19550.5	1.22621	76553.1	0	0
O16	14895.1	0.207257	84237.2	6084.42	6084.21
Ne22	20479.7	0.505404	75073	0	0
Si28	26053.2	0.114115	79576.3	3246.17	3245.92
O16	14895.1	0.266275	78018.6	2303.05	2302.67
Al28	26058.3	0.177427	75896	0	0
O16	14895.1	0.691323	96097.1	14610.7	14609.8
Mg24	22335.8	0.192019	90826.2	11322.8	11322.5
O16	14895.1	0.365201	85231.2	7531.79	7531.09
Si28	26053.2	0.441454	88887.9	9347.64	9346.56
neutron	939.565	4.21951	74587.2	0	0
neutron	939.565	3.80412	74587.2	0	0
Ne20	18617.7	0.710841	74587.2	0	0
Mg24	22335.8	0.250499	95093.7	14507	14506.4
neutron	939.565	0.234173	74551.9	0	0
Al27	25126.5	0.156882	74551.9	0	0
O16	14895.1	0.233426	89526	10584.1	10583.6
O16	14895.1	0.19522	93468.5	13241.8	13241.6
neutron	939.565	2.31658	73583.6	0	0
Mg25	23268	0.174173	73583.6	0	0
neutron	939.565	6.35177	73925	0	0
neutron	939.565	3.02453	73925	0	0
C13	12109.5	0.0694155	73925	0	0
neutron	939.565	10.0989	75862.9	0	0
neutron	939.565	2.6825	75862.9	0	0
C13	12109.5	0.653887	75862.9	0	0
O16	14895.1	0.478008	80273.9	4925.07	4924.52
neutron	939.565	24.1801	74048.7	0	0
neutron	939.565	21.3958	74048.7	0	0
neutron	939.565	1.48984	74048.7	0	0
Na23	21409.2	1.25521	74048.7	0	0
Mg26	24196.5	0.162399	93218.8	13174.9	13174.2
O16	14895.1	0.450451	86080.9	8779.15	8778.01
O16	14895.1	0.262293	96318.5	15031.2	15030.7
O16	14895.1	0.205255	88994.7	10601.4	10601.2
O16	14895.1	0.338841	73344.9	491.852	491.43
O16	14895.1	0.963342	90556	10466.1	10464.6
O16	14895.1	0.366345	79965.5	2689.16	2688.37
N16	14906	0.295843	75577.1	0	0
O16	14895.1	0.22637	80521.7	2576.59	2576.24
neutron	939.565	22.9124	76272.6	0	0
neutron	939.565	1.66359	76272.6	0	0
neutron	939.565	0.661427	76272.6	0	0
C12	11174.9	0.798731	76272.6	0	0
Mg24	22335.8	0.173171	94545.5	12042.6	12042.4
Si28	26053.2	0.199028	94079.5	11784.1	11783.5
Mg24	22335.8	0.162609	85169.5	5004.01	5003.71
neutron	939.565	34.2599	77631.7	0	0
neutron	939.565	2.76491	77631.7	0	0
C13	12109.5	1.56141	77631.7	0	0
neutron	939.565	1.96784	72823.6	0	0
neutron	939.565	0.482915	72823.6	0	0
Mg24	22335.8	0.245669	72823.6	0	0
O16	14895.1	0.204796	73799.3	164.332	163.981
neutron	939.565	0.808244	72689.4	0	0
Na23	21409.2	0.286569	72689.4	0	0
neutron	939.565	11.7932	95659.8	14881.6	14658
N15	13968.9	3.02958	95659.8	14881.6	14658
neutron	939.565	14.0856	74044.7	0	0
N15	13968.9	0.38266	74044.7	0	0
neutron	939.565	13.1502	72605.4	0	0
neutron	939.565	1.81637	72605.4	0	0
C13	12109.5	3.61239	72605.4	0	0
O16	14895.1	0.213863	74263.5	778.084	777.47
neutron	939.565	9.39677	72938.1	0	0
neutron	939.565	6.0853	72938.1	0	0
neutron	939.565	4.79856	72938.1	0	0
Ne20	18617.7	1.23774	72938.1	0	0
Si28	26053.2	0.11887	93454.3	12181.7	12180.7
Al28	26058.3	0.190242	74590.3	0	0
Fe56	52089.8	0.307498	92124.1	12371.8	12371.1
Mg24	22335.8	0.737054	89456	10642.5	10641.6
O16	14895.1	0.20219	95135	13720.3	13719.6
O16	14895.1	0.384247	85347.2	7266	7265.58
O16	14895.1	2.01774	77655.1	1287.14	1284
O16	14895.1	0.606107	98401.2	16480.5	16479.6
Al28	26058.3	0.17335	74189.3	0	0
Mg25	23268	0.411716	77389.7	1109.43	1108.79
Na24	22341.8	0.18658	75485.5	0	0
O16	14895.1	0.264243	93514.9	12919.2	12918.8
O16	14895.1	1.25452	89453.7	10356.3	10355
Si28	26053.2	1.13055	83412.6	6712.62	6711.32
Si28	26053.2	0.284329	81514.5	5580.38	5579.82
Al28	26058.3	0.172529	72722.6	0	0
Mg24	22335.8	0.277318	81574.7	3411.88	3411.34
O16	14895.1	0.347445	82012.2	3302.53	3302.07
O16	14895.1	0.266813	77234.1	432.869	432.203
O16	14895.1	0.609792	77320	2198.1	2197.44
neutron	939.565	14.2809	73674.6	0	0
neutron	939.565	2.04083	73674.6	0	0
alpha	3727.38	4.28402	73674.6	0	0
B10	9324.44	0.765456	73674.6	0	0
neutron	939.565	3.07446	73148.2	0	0
neutron	939.565	0.667595	73148.2	0	0
Mg25	23268	0.16419	73148.2	0	0
Na24	22341.8	0.219944	75412.4	0	0
O16	14895.1	0.202877	86357.5	8013.77	8013.54
O16	14895.1	0.193831	80824.1	4060	4059.55
Mg25	23268	0.12832	76906.2	1478.49	1478.25
Si30	27913.2	0.127458	88397.3	9382.89	9382.67
neutron	939.565	5.0691	72154	0	0
alpha	3727.38	10.0831	72154	0	0
alpha	3727.38	3.22321	72154	0	0
alpha	3727.38	10.7915	72154	0	0
neutron	939.565	0.214845	72683.3	0	0
N15	13968.9	0.23886	72683.3	0	0
O16	14895.1	0.323061	93115.7	12366.8	12366.4
Na24	22341.8	0.218976	74961.2	0	0
O16	14895.1	0.195433	98873.2	16783.5	16783.2
Si29	26984.3	0.116271	88115.4	9303.03	9302.65
O16	14895.1	0.28598	80260.6	4343.14	4342.01
neutron	939.565	22.1373	73084.1	0	0
neutron	939.565	13.848	73084.1	0	0
N14	13040.2	3.43348	73084.1	0	0
Mg24	22335.8	0.159735	98019.4	16076.9	16076.6
O16	14895.1	0.295249	95609.7	14496.7	14496.3
Si28	26053.2	0.141719	83897.6	6353.32	6352.91
O16	14895.1	0.241191	78878.1	3757.09	3756.28
N16	14906	0.282991	72400.4	0	0
Mg24	22335.8	0.599431	99017.2	16857.5	16855.4
Si28	26053.2	0.126546	93625.1	12957.9	12956.9
Mg25	23268	1.23609	82308	5789.16	5787.76
neutron	939.565	6.12807	72749	0	0
Mg26	24196.5	0.531169	72749	0	0
O16	14895.1	0.205973	98203.7	16305.7	16305.3
Mg24	22335.8	0.127511	90574.9	10772.5	10771.7
Na24	22341.8	0.213062	76255.3	0	0
Si29	26984.3	0.17266	95370	14544.9	14543.7
O16	14895.1	0.254167	89333.8	10659.9	10658.8
Na24	22341.8	0.211531	72291.8	0	0
O16	14895.1	2.41027	99461.1	17174.6	17171.8
neutron	939.565	2.69161	75122.1	0	0
Mn56	52094	0.124182	75122.1	0	0
Na24	22341.8	0.190906	75375.4	0	0
Mg24	22335.8	0.377993	94282.5	13577.4	13577
neutron	939.565	413.057	94133.6	13483.1	11768
Na22	20482.1	0.600824	94133.6	13483.1	11768
neutron	939.565	2.8495	76272.1	0	0
Al27	25126.5	0.449284	76272.1	0	0
neutron	939.565	496.551	92319.4	12739.9	11917.9
Mn54	50232.4	0.227008	92319.4	12739.9	11917.9
Na24	22341.8	0.178935	75588	0	0
O16	14895.1	0.293071	86369.1	8091.24	8090.23
Si30	27913.2	0.856345	87918.8	9869.44	9868.22
O16	14895.1	0.272172	98454.3	16378.3	16377.4
Mg24	22335.8	0.250314	89338.8	9752.15	9751.82
neutron	939.565	293.856	92643.2	12549.7	11726.3
neutron	939.565	2.09276	92643.2	12549.7	11726.3
C12	11174.9	1.32527	92643.2	12549.7	11726.3
O16	14895.1	0.39269	98593.6	16639.3	16638.1
Al28	26058.3	0.186471	72658.4	0	0
O16	14895.1	0.235804	79319.9	2836.3	2835.97
Al28	26058.3	0.17108	74640.9	0	0
neutron	939.565	1.46158	74860.9	0	0
N15	13968.9	0.253125	74860.9	0	0
neutron	939.565	14.2178	73473	0	0
neutron	939.565	0.195238	73473	0	0
Mg25	23268	0.932243	73473	0	0
Si28	26053.2	0.143035	78445.4	2939.4	2939.21
neutron	939.565	2.37151	78880.5	0	0
neutron	939.565	0.810733	78880.5	0	0
N14	13040.2	0.76268	78880.5	0	0
Fe56	52089.8	0.0680337	74759.1	600.496	600.423
Na24	22341.8	0.199622	73730.7	0	0
neutron	939.565	11.6365	74488.5	0	0
neutron	939.565	1.43572	74488.5	0	0
neutron	939.565	1.13731	74488.5	0	0
N13	12111.2	1.04292	74488.5	0	0
O16	14895.1	0.322942	84904.3	7878.34	7877.93
Mg25	23268	0.125309	82057.2	5866.35	5866.02
neutron	939.565	22.73	76875	0	0
Mg26	24196.5	0.238335	76875	0	0
neutron	939.565	3.26941	73854.3	0	0
C14	13040.9	0.982874	73854.3	0	0
Si28	26053.2	0.117827	80838.2	4949.46	4948.52
Na24	22341.8	0.216892	74936.2	0	0
Al29	26988.5	0.174302	76123.3	0	0
Mg24	22335.8	0.311868	97426.4	15941.7	15941.4
Si28	26053.2	0.11237	87578.1	7011.11	7010.52
Al28	26058.3	0.183107	73697.4	0	0
Mn56	52094	0.0971457	74053.5	0	0
neutron	939.565	13.6951	73912.6	0	0
neutron	939.565	8.74267	73912.6	0	0
neutron	939.565	8.07888	73912.6	0	0
alpha	3727.38	2.23607	73912.6	0	0
Be8	7454.85	4.09486	73912.6	0	0
O16	14895.1	0.192689	89933.7	10353	10352.4
O16	14895.1	0.2779	85968.8	7145.64	7145.06
Al28	26058.3	0.172388	74954	0	0
O16	14895.1	0.260525	89464.5	10102.6	10102.3
neutron	939.565	68.6862	92198.8	12336.6	12065.9
neutron	939.565	36.9143	92198.8	12336.6	12065.9
Ne22	20479.7	3.68824	92198.8	12336.6	12065.9
Si28	26053.2	0.347795	88556.9	9319.72	9318.97
Na24	22341.8	0.176756	74713.9	0	0
Fe56	52089.8	0.0982388	82135.4	4035.42	4034.92
Si28	26053.2	0.111727	76981.9	941.451	940.813
neutron	939.565	21.3487	75368.4	0	0
neutron	939.565	1.78333	75368.4	0	0
Ne21	19550.5	0.252768	75368.4	0	0
Si28	26053.2	0.151266	87604.2	8875.03	8874.66
Si28	26053.2	0.207585	75700.2	1480.3	1480.08
neutron	939.565	2.55979	73219.3	0	0
neutron	939.565	2.14019	73219.3	0	0
neutron	939.565	1.65865	73219.3	0	0
Mn53	49301.8	0.102208	73219.3	0	0
Mg24	22335.8	0.235092	92139.4	7755.45	7754.69
O16	14895.1	0.62234	86861.9	8935.88	8935.05
Mg24	22335.8	0.150418	99700.8	17309.8	17309.1
Si29	26984.3	0.793049	92410.8	12661.1	12660.2
Si28	26053.2	0.620144	77178	2197.99	2197.37
O16	14895.1	0.705824	77957	1694.22	1692.9
O16	14895.1	0.374665	76020.2	595.728	594.923
neutron	939.565	1.87258	75062.5	0	0
Al29	26988.5	0.388164	75062.5	0	0
O16	14895.1	0.19155	91535.3	11623.1	11622.7
Si28	26053.2	0.291172	97884.8	15646.3	15646
O16	14895.1	0.22886	82885.5	5159.12	5158.42
Mn56	52094	0.0944747	74626.8	0	0
Si28	26053.2	0.173952	81664	3496.99	3496.36
neutron	939.565	5.11035	76043.2	0	0
neutron	939.565	0.492273	76043.2	0	0
Mg25	23268	0.258578	76043.2	0	0
Si28	26053.2	0.196609	98549.4	16635.2	16635
Si28	26053.2	0.847345	77004.1	2783.33	2782.47
neutron	939.565	23.173	73694.4	0	0
neutron	939.565	6.16764	73694.4	0	0
neutron	939.565	5.3617	73694.4	0	0
neutron	939.565	4.13551	73694.4	0	0
neutron	939.565	0.735773	73694.4	0	0
Mg24	22335.8	1.32614	73694.4	0	0
neutron	939.565	0.152766	73344	0	0
N15	13968.9	0.369166	73344	0	0
Si28	26053.2	0.124551	92288	11960	11959.8
Si28	26053.2	0.134839	76741.7	1872.54	1872.09
O16	14895.1	0.250137	92001.3	12583.9	12583.6
Mg24	22335.8	0.177319	85260.7	5180.66	5179.67
Mg24	22335.8	0.142615	85205.5	5143.71	5142.23
Na24	22341.8	0.196808	72555.4	0	0
neutron	939.565	8.42644	72617.2	0	0
neutron	939.565	0.610804	72617.2	0	0
N14	13040.2	1.26298	72617.2	0	0
Mg24	22335.8	0.146129	91649.5	12143.2	12142.8
O16	14895.1	1.36496	85918.8	8104.21	8102.66
Al28	26058.3	0.182488	72568.5	0	0
O16	14895.1	0.196459	91765.7	11873.1	11872.4
Si28	26053.2	0.127939	99797.7	17353.6	17353.3
Mg24	22335.8	0.398737	81454.1	4501.61	4501.19
neutron	939.565	8.52545	74005.6	0	0
neutron	939.565	0.603683	74005.6	0	0
N14	13040.2	0.305718	74005.6	0	0
O16	14895.1	0.198219	87622.7	9461.39	9460.54
O16	14895.1	0.653831	85125.7	7612.23	7611.24
O16	14895.1	0.425051	90259.1	10664.3	10663.7
neutron	939.565	21.254	74031.7	0	0
neutron	939.565	1.90304	74031.7	0	0
neutron	939.565	1.11073	74031.7	0	0
Mg24	22335.8	2.10303	74031.7	0	0
O16	14895.1	0.305015	82350.2	5495.62	5494.43
Si28	26053.2	0.140418	83883.1	5188.02	5187.37
Na24	22341.8	0.219337	75458.7	0	0
O16	14895.1	2.44114	94010.3	13100.9	13097.9
Na24	22341.8	0.196096	73636.8	0	0
Si28	26053.2	0.13351	92997.9	12560.8	12560.6
neutron	939.565	3.16351	73997.7	0	0
Al27	25126.5	0.417255	73997.7	0	0
O16	14895.1	0.219121	99645.4	17249.8	17249.3
Fe56	52089.8	0.0616844	78513.6	2699.42	2699.01
Mg24	22335.8	0.185318	77612.8	2178.62	2178.07
O16	14895.1	0.52897	89843.6	10833.1	10832.3
O16	14895.1	0.223287	88695.1	9571.42	9571.07
neutron	939.565	99.8168	97527.9	15913.4	15606.5
O15	13971.2	0.24288	97527.9	15913.4	15606.5
Al28	26058.3	0.185533	72847.9	0	0
Si28	26053.2	0.225368	96095	14924.3	14924
O16	14895.1	0.24728	77475	2649.69	2649.41
neutron	939.565	5.95344	73267.1	0	0
Na23	21409.2	1.44313	73267.1	0	0
Si28	26053.2	0.132037	96248	15030.3	15030
Si28	26053.2	0.174351	87330.2	7363.95	7363.75
O16	14895.1	0.250029	92423.2	12292.5	12292.1
O16	14895.1	0.245321	98736	16753.3	16753
Mg24	22335.8	0.189562	92954.8	13013	13012.5
O16	14895.1	0.251752	82190.7	5425.21	5424.86
O16	14895.1	0.195364	74597.8	566.645	566.447
neutron	939.565	1.07589	73674.8	0	0
Na23	21409.2	0.207665	73674.8	0	0
O16	14895.1	0.382263	92371.5	12177.2	12176.8
O16	14895.1	0.324998	77612.4	2860.51	2859.97
O16	14895.1	0.473883	77296.9	3053.6	3053.1
neutron	939.565	0.0943084	72455.7	0	0
Na23	21409.2	0.167445	72455.7	0	0
neutron	939.565	6.57462	73856	0	0
neutron	939.565	5.01956	73856	0	0
neutron	939.565	0.103361	73856	0	0
Mg24	22335.8	0.676363	73856	0	0
Si28	26053.2	0.122054	96500.5	15328.9	15328.7
Si28	26053.2	0.128402	94466.4	13921.3	13921.1
O16	14895.1	0.286243	88785.2	10042.5	10041.9
neutron	939.565	14.58	72693.3	0	0
neutron	939.565	8.86761	72693.3	0	0
V51	47442.3	1.29991	72693.3	0	0
neutron	939.565	31.7036	78502.1	0	0
neutron	939.565	22.9362	78502.1	0	0
neutron	939.565	2.70092	78502.1	0	0
Na23	21409.2	1.41717	78502.1	0	0
Si28	26053.2	0.124284	81023.2	4393.56	4393.38
Na24	22341.8	0.212774	74478.4	0	0
O16	14895.1	0.24214	81739.1	6061.61	6060.78
neutron	939.565	3.04429	71669.8	0	0
Mg26	24196.5	0.298338	71669.8	0	0
neutron	939.565	4.38168	72534.3	0	0
Mg26	24196.5	0.117042	72534.3	0	0
Fe56	52089.8	0.106813	96351.7	15079.2	15078.9
O16	14895.1	1.07516	76813.4	1308.42	1306.63
Al28	26058.3	0.16792	74617.9	0	0
O16	14895.1	0.226878	99407	17052.7	17052
O16	14895.1	0.19247	87700.3	9433.75	9433.44
O16	14895.1	0.257399	86995.5	8958.2	8957.93
Mg24	22335.8	0.17665	95417.1	12140	12139.2
neutron	939.565	0.49415	76648.2	0	0
Na23	21409.2	0.244192	76648.2	0	0
O16	14895.1	0.207241	77529.9	1101.78	1100.6
Mg24	22335.8	0.143842	96472.8	15132.1	15131.8
O16	14895.1	0.571959	90632.6	10390.3	10389.2
Na24	22341.8	0.217311	73859.4	0	0
Si28	26053.2	0.109343	92843.7	12986.3	12986
Mg24	22335.8	0.251123	91407	11095.4	11094.8
O16	14895.1	0.2118	87009.3	8320.3	8319.4
neutron	939.565	2.64955	74155.9	0	0
neutron	939.565	0.767699	74155.9	0	0
Mg25	23268	0.200265	74155.9	0	0
O16	14895.1	0.195952	91827.9	12128.4	12128
Mg24	22335.8	0.26884	86692.9	8559.48	8557.68
Si28	26053.2	0.137535	79443.1	3511.27	3510.59
Mg24	22335.8	0.236282	98742.3	16681.8	16681.1
Si28	26053.2	0.116692	94129.8	13713.7	13713.4
Si28	26053.2	0.430324	92597.4	12448.9	12448.3
Si30	27913.2	0.161345	91841.5	12271.4	12270.5
O16	14895.1	0.226031	99653	17286.7	17286.3
Mg25	23268	0.201768	74186.2	437.035	436.691
Si28	26053.2	0.157757	79168.8	3888.12	3887.27
neutron	939.565	22.7657	72846.7	0	0
neutron	939.565	2.17999	72846.7	0	0
neutron	939.565	1.53416	72846.7	0	0
Mg24	22335.8	1.33557	72846.7	0	0
O16	14895.1	0.218771	85291.1	6909.35	6908.69
Si28	26053.2	0.112468	75878.1	1080.56	1080.06
Si28	26053.2	0.178869	99377.6	16901.2	16900.7
Si28	26053.2	0.638381	98898.7	16791.4	16790.4
Si28	26053.2	0.192751	75303.5	1232.99	1232.71
O16	14895.1	0.204212	75167.7	1131.82	1131.34
Si28	26053.2	0.261221	73319.4	46.5808	46.1734
Si28	26053.2	0.219209	85515.4	8452.18	8451.62
Al28	26058.3	0.164551	72809.6	0	0
O16	14895.1	0.316716	89311.3	10693.6	10693.2
O16	14895.1	1.32258	82510.1	5679.98	5678.27
neutron	939.565	11.1264	73394.7	0	0
neutron	939.565	8.03807	73394.7	0	0
alpha	3727.38	3.68795	73394.7	0	0
Ne21	19550.5	2.38257	73394.7	0	0
O16	14895.1	0.194557	95795	14442.5	14442.3
Si28	26053.2	0.169841	88762.3	9495.93	9495.7
Mg24	22335.8	0.208534	91265.3	11706.3	11705.9
O16	14895.1	2.48081	84634	7359.49	7356.49
Si28	26053.2	0.172106	93355.9	12897.9	12897.5
Si28	26053.2	0.321686	85279.1	7464.01	7463.51
Mg24	22335.8	0.204455	78651.7	1606.51	1606.21
N16	14906	0.293997	75891.5	0	0
O16	14895.1	0.237613	90609.5	10378.2	10377.7
O16	14895.1	0.451145	79330.5	3249.79	3249.01
O16	14895.1	0.421661	77660.6	2183.07	2182.33
neutron	939.565	5.77759	73978.4	0	0
neutron	939.565	2.53948	73978.4	0	0
Mg25	23268	0.419036	73978.4	0	0
Si28	26053.2	0.166176	92613.4	12288.9	12288.1
O16	14895.1	0.454079	88146	9609.51	9608.53
O16	14895.1	0.570287	86564.8	8562.78	8562.02
O16	14895.1	0.686584	82681.7	5468.14	5467.19
O16	14895.1	0.316466	90858.2	11229.2	11228.6
Si28	26053.2	0.146379	84897.7	7364.54	7363.92
Na24	22341.8	0.21603	74038.8	0	0
O16	14895.1	0.207136	76600.3	2339.83	2339.2
Al28	26058.3	0.173045	72252.5	0	0
neutron	939.565	23.089	75441.1	0	0
neutron	939.565	0.703183	75441.1	0	0
Mg25	23268	0.343507	75441.1	0	0
O16	14895.1	0.24487	93570.6	9870.72	9870.33
Mg24	22335.8	0.163058	91068.8	8239.78	8239.13
O16	14895.1	1.09087	75778.4	1792.03	1790.6
O16	14895.1	0.364217	84450.5	6401.79	6401.33
O16	14895.1	6.86817	83634.7	5709.13	5701.43
neutron	939.565	0.0910118	74391	0	0
Mn55	51161.7	0.0815438	74391	0	0
Al28	26058.3	0.184819	75966.5	0	0
Si28	26053.2	0.264627	96774.6	15405.9	15405.3
Mg24	22335.8	0.154535	86471.2	7940.41	7939.48
Si28	26053.2	0.118197	82088.5	5094.83	5094.64
Na24	22341.8	0.2086	74100	0	0
Si28	26053.2	0.292488	83544.4	5958.12	5957.81
O16	14895.1	0.459674	96891.4	15098.7	15098.1
O16	14895.1	0.201996	89179.4	8691.14	8690.75
Na24	22341.8	0.209885	74592.4	0	0
O16	14895.1	0.46873	96621.7	11720.1	11719.5
Si28	26053.2	0.213174	91174.9	11779.5	11778.8
Na26	24206.4	0.183191	72590.6	0	0
Si29	26984.3	0.176376	87378.5	9672.7	9672.52
O16	14895.1	0.220574	98148	16422.5	16421.8
alpha	3727.38	5.61685	89652.4	10665.6	10400.5
C12	11174.9	0.626456	89652.4	10665.6	10400.5
O16	14895.1	0.196926	81124.8	1728.14	1727.88
O16	14895.1	0.214997	89032.6	9887.67	9887.4
O16	14895.1	0.213884	80297.5	4074.37	4074
neutron	939.565	13.3145	73624.4	0	0
neutron	939.565	3.62705	73624.4	0	0
neutron	939.565	0.0410268	73624.4	0	0
Mg24	22335.8	0.3353	73624.4	0	0
Si28	26053.2	0.115299	99726.8	17269.9	17268.7
Na24	22341.8	0.217853	75973	0	0
Si28	26053.2	0.463309	85273.5	7305.66	7304.98
Si29	26984.3	0.197707	79338.5	3684.09	3683.54
Mn54	50232.4	0.0965645	72958.6	0	0
O16	14895.1	0.200808	82999.5	5927.63	5927.15
Si28	26053.2	0.115372	90716.5	10063.9	10062
neutron	939.565	35.839	74876.8	0	0
neutron	939.565	8.4167	74876.8	0	0
C13	12109.5	3.30252	74876.8	0	0
O16	14895.1	0.249734	93198.4	13168.7	13168.4
Fe56	52089.8	0.182384	84325.5	6095.43	6094.94
neutron	939.565	1.98665	73627.9	0	0
Mg26	24196.5	0.32312	73627.9	0	0
Si28	26053.2	0.232678	94265.7	13949.2	13948.9
neutron	939.565	1.08496	74581.6	0	0
alpha	3727.38	16.0186	74581.6	0	0
F20	18625.3	2.79433	74581.6	0	0
Na24	22341.8	0.202316	75094.7	0	0
Si28	26053.2	0.170314	76834.4	148.015	147.837
Mg24	22335.8	0.220554	73713.7	709.726	708.882
O16	14895.1	0.461118	88512.6	9217.04	9216.21
Al28	26058.3	0.177034	75387.5	0	0
neutron	939.565	18.0841	77722.6	0	0
neutron	939.565	6.08669	77722.6	0	0
neutron	939.565	0.729965	77722.6	0	0
Mn53	49301.8	0.342591	77722.6	0	0
Si28	26053.2	0.78778	91873.4	11269.5	11267.8
Mg25	23268	0.140475	81750.8	4351.22	4350.58
O16	14895.1	0.227912	92015.4	11796.7	11796.3
neutron	939.565	3.93016	73533.8	0	0
neutron	939.565	3.41786	73533.8	0	0
neutron	939.565	0.990456	73533.8	0	0
Al27	25126.5	0.610176	73533.8	0	0
O16	14895.1	0.280921	82074.3	4101.52	4100.67
neutron	939.565	5.07468	75502.4	0	0
neutron	939.565	1.36716	75502.4	0	0
neutron	939.565	0.344025	75502.4	0	0
Mg24	22335.8	1.13474	75502.4	0	0
O16	14895.1	0.237012	82866.4	4437.09	4436.62
O16	14895.1	0.232629	81011.8	3355.3	3354.3
Si28	26053.2	0.511843	79382.4	3621.75	3621.24
Na24	22341.8	0.170997	73444.8	0	0
O16	14895.1	0.28611	94321.9	13586.3	13586
O16	14895.1	0.255495	93783.4	13285.2	13284
Si28	26053.2	0.153329	84743.8	5752.64	5752.48
O16	14895.1	2.09521	83015.8	4000.58	3998.38
Mg24	22335.8	0.163957	81613.8	4623.6	4622.91
neutron	939.565	1.92243	74269.2	0	0
neutron	939.565	1.04913	74269.2	0	0
Ne21	19550.5	0.644192	74269.2	0	0
Mg24	22335.8	0.842467	92893.1	13199.5	13198.4
neutron	939.565	1.10511	74844.6	0	0
N15	13968.9	0.446812	74844.6	0	0
O16	14895.1	0.538019	97398.3	15731.6	15731
O16	14895.1	0.715027	82944.9	5959.03	5957.86
neutron	939.565	6.33828	80509.7	0	0
neutron	939.565	3.73241	80509.7	0	0
neutron	939.565	3.22085	80509.7	0	0
Ne20	18617.7	0.337164	80509.7	0	0
O16	14895.1	4.05404	99552.3	17174.2	17170.1
O16	14895.1	0.321516	93126.3	11509.8	11509.3
Mg24	22335.8	0.165816	98428.7	16454.8	16454.4
O16	14895.1	0.284672	95255.6	14200.2	14199.3
O16	14895.1	0.19149	78168.3	3192.85	3192.52
neutron	939.565	8.04112	72759.6	0	0
N15	13968.9	1.46457	72759.6	0	0
Mg24	22335.8	0.192542	92768.5	9042.31	9041.85
Si28	26053.2	0.152678	88227	6317.85	6316.79
O16	14895.1	0.209845	85234.4	4312.64	4312.3
O16	14895.1	0.363813	79343	542.806	541.64
Al28	26058.3	0.190613	78461.1	0	0
neutron	939.565	375.506	86546.9	4853.87	4226.92
neutron	939.565	211.155	86546.9	4853.87	4226.92
N13	12111.2	0.663096	86546.9	4853.87	4226.92
Mg24	22335.8	0.303209	85355.5	3543.45	3542.79
neutron	939.565	1.01192	79812.3	0	0
Na23	21409.2	0.0622407	79812.3	0	0
O16	14895.1	0.274274	81497.7	4157.42	4156.85
O16	14895.1	0.827815	91894.2	12209.3	12208.1
O16	14895.1	0.210948	83982.1	7027.18	7026.22
Mg24	22335.8	0.225718	79351.7	4228.75	4228.37
Mg24	22335.8	0.457916	86348.3	8566.88	8566.4
Al28	26058.3	0.160404	74076	0	0
Al29	26988.5	0.183262	73289	0	0
O16	14895.1	1.01352	84628.5	6929.34	6928.17
O16	14895.1	0.429813	76049.8	1619.41	1617.51
O16	14895.1	0.311908	74724.5	835.401	834.818
O16	14895.1	0.488829	98043.3	16203	16202.5
O16	14895.1	0.262863	87764.6	9049.46	9049.11
C14	13040.9	1.60941	74070.5	0	0
Al28	26058.3	0.169478	75464.2	0	0
neutron	939.565	129.426	89171.4	8701.2	8405.02
neutron	939.565	81.7211	89171.4	8701.2	8405.02
B11	10252.5	7.57695	89171.4	8701.2	8405.02
neutron	939.565	30.6286	73742	0	0
neutron	939.565	5.57809	73742	0	0
neutron	939.565	2.79735	73742	0	0
Cr52	48370	0.98686	73742	0	0
Si28	26053.2	0.188019	83144.8	3371.87	3371.53
Al28	26058.3	0.187255	77406.1	0	0
O16	14895.1	1.31216	97882	16052.8	16051.4
O16	14895.1	0.284819	89000	9920.13	9919.84
Mg24	22335.8	0.288754	79187.4	3457.22	3456.33
Fe56	52089.8	0.0903731	90234.1	10462.2	10461.9
neutron	939.565	0.51917	74445.4	0	0
N15	13968.9	0.382811	74445.4	0	0
O16	14895.1	0.301862	92931.8	12767.8	12767.3
Al28	26058.3	0.161123	72483.7	0	0
O16	14895.1	0.192859	92986.9	11386.1	11385.7
Si28	26053.2	0.155695	98712.9	16635.6	16635.4
O16	14895.1	0.337259	76804.8	610.434	610.066
Mg24	22335.8	0.277405	85240.5	7531.18	7529.96
Al28	26058.3	0.185809	75929.8	0	0
Si28	26053.2	0.671937	97709.2	16085.4	16084.5
O16	14895.1	0.49193	96607	15376.9	15375.2
neutron	939.565	1.22082	72088.7	0	0
N15	13968.9	0.518218	72088.7	0	0
O16	14895.1	0.503866	79607	3215.76	3214.63
Mn56	52094	0.089049	73866.4	0	0
Mn56	52094	0.087076	74235.1	0	0
neutron	939.565	7.45156	75720	0	0
neutron	939.565	4.14186	75720	0	0
Mg26	24196.5	1.12215	75720	0	0
O16	14895.1	0.245949	91102.1	11893.9	11893.6
Si28	26053.2	0.14063	81592.5	5236.29	5235.98
O16	14895.1	0.40725	99897.2	17401.8	17400.9
O16	14895.1	0.339111	92556	11978.6	11978.1
O16	14895.1	0.682267	81420.5	2592.74	2591.79
Si28	26053.2	0.285811	96928.6	15066.4	15066
Mg24	22335.8	0.213335	96842.7	15438.1	15437.6
Na25	23272.4	0.198789	72590.6	0	0
Fe56	52089.8	0.19701	96796.1	15639.1	15638.8
Fe56	52089.8	0.0918512	93254.8	13128.1	13127.8
O16	14895.1	0.295747	95200.4	14096.9	14096.5
Si28	26053.2	0.118694	87192.9	8154.65	8154.47
Na24	22341.8	0.208198	75735.5	0	0
O16	14895.1	0.215728	88006.5	4551.98	4551.72
neutron	939.565	1.00904	73625.3	0	0
Al27	25126.5	0.168129	73625.3	0	0
O16	14895.1	0.459454	81093.2	4852.52	4851.78
neutron	939.565	6.53998	74908	0	0
Ne22	20479.7	0.206924	74908	0	0
Si28	26053.2	0.127339	84732.4	7533.11	7532.39
Mg25	23268	0.139214	74308	455.018	454.636
Mg24	22335.8	0.137916	82604.4	6209.37	6209.03
neutron	939.565	1.90598	74243.1	0	0
N15	13968.9	0.089997	74243.1	0	0
O16	14895.1	0.356496	76815.2	1146.14	1145.7
O16	14895.1	0.26662	87515.9	8641.59	8641.14
O16	14895.1	1.26973	85158.4	6984.94	6983.62
Na24	22341.8	0.215364	73683.6	0	0
Mg24	22335.8	0.264525	98198.2	16350.9	16348.9
Si28	26053.2	0.1486	82031.8	3795.22	3795.03
Mg24	22335.8	0.898155	80808.7	3090.2	3089.28
Na24	22341.8	0.1979	75788.4	0	0
Al28	26058.3	0.172404	73254.5	0	0
N16	14906	0.289464	74840.5	0	0
Mg25	23268	0.122794	88298.4	9779.74	9779.56
Al28	26058.3	0.178395	72798.8	0	0
O16	14895.1	0.279024	95939.4	14578.6	14578.3
Si28	26053.2	0.114395	82673.4	5652.9	5652.61
O16	14895.1	0.316721	80397.7	3740.51	3740.06
neutron	939.565	7.65982	73244.9	0	0
neutron	939.565	1.80178	73244.9	0	0
C13	12109.5	0.322799	73244.9	0	0
O16	14895.1	0.84929	79290.9	2899.58	2898.11
neutron	939.565	1.25542	74627.1	0	0
Ne22	20479.7	0.499532	74627.1	0	0
Mg25	23268	0.610934	92257.4	12583.3	12582.7
Mg24	22335.8	0.292979	80982.2	2923.29	2922.94
O16	14895.1	0.228184	88663.9	9758.23	9757.56
Mg24	22335.8	0.300208	85139.5	8135.72	8135.14
O16	14895.1	0.19447	78343.4	4052.78	4051.82
O16	14895.1	0.336408	88317.6	9415.62	9415.16
neutron	939.565	34.4969	72896.9	0	0
neutron	939.565	4.15568	72896.9	0	0
neutron	939.565	1.12246	72896.9	0	0
Cr52	48370	0.613174	72896.9	0	0
O16	14895.1	0.849781	95762.3	14807.1	14806.2
O16	14895.1	1.2315	87833.5	9865.48	9863.94
Si28	26053.2	0.124609	84059.8	6865.28	6864.79
Na24	22341.8	0.206761	74723.7	0	0
Si28	26053.2	0.168928	90819.4	11520.9	11520.7
O16	14895.1	1.20142	78902.9	3590.17	3588.86
O16	14895.1	1.0013	97925.3	16188.5	16187.4
O16	14895.1	0.366552	86395.1	7950.89	7950.51
Mg24	22335.8	0.489818	80633.4	4171.87	4171.31
Fe56	52089.8	0.16988	75683.7	1909.94	1909.12
neutron	939.565	8.35246	72680.7	0	0
neutron	939.565	4.79118	72680.7	0	0
neutron	939.565	1.70403	72680.7	0	0
neutron	939.565	1.61209	72680.7	0	0
Cr51	47442.5	0.469942	72680.7	0	0
neutron	939.565	4.58161	75704.1	0	0
neutron	939.565	2.90531	75704.1	0	0
neutron	939.565	2.82552	75704.1	0	0
alpha	3727.38	7.70793	75704.1	0	0
O16	14895.1	5.24911	75704.1	0	0
O16	14895.1	0.304253	97451	15696.5	15695.6
Fe54	50231.2	0.0759832	82196.5	5785.25	5784.9
O16	14895.1	0.218926	96649	15370.6	15370.1
O16	14895.1	0.405369	81981.8	5721.53	5720.9
Mg24	22335.8	0.181375	86766.9	7832.2	7831.91
Si28	26053.2	0.168858	98502.7	16588.8	16588.3
Mg25	23268	0.166603	86785.9	8692.74	8691.84
Si28	26053.2	0.465404	82480.2	5122.95	5122.35
O16	14895.1	0.221295	81232.3	4271.65	4271.04
Si28	26053.2	0.113946	88275.3	6656.71	6656.36
O16	14895.1	0.237468	82202.8	2738.26	2737.97
neutron	939.565	7.81061	72660.2	0	0
neutron	939.565	7.6018	72660.2	0	0
alpha	3727.38	12.0719	72660.2	0	0
O17	15830.5	1.2924	72660.2	0	0
neutron	939.565	10.7589	73913.2	0	0
neutron	939.565	0.430646	73913.2	0	0
Mg25	23268	0.24862	73913.2	0	0
neutron	939.565	8.33817	72846.8	0	0
neutron	939.565	0.348224	72846.8	0	0
neutron	939.565	0.32295	72846.8	0	0
C12	11174.9	1.24919	72846.8	0	0
O16	14895.1	0.297158	90796	11528.7	11528.3
O16	14895.1	0.389413	89972.5	10773.6	10773.1
O16	14895.1	0.238911	90892.2	9848.83	9848.55
O16	14895.1	0.24289	87971.4	7914.62	7913.83
Mg24	22335.8	0.268712	76201.5	591.503	591.086
Al28	26058.3	0.183229	75203.8	0	0
neutron	939.565	546.859	99113.9	16962.8	16279.2
neutron	939.565	58.9745	99113.9	16962.8	16279.2
C12	11174.9	25.5314	99113.9	16962.8	16279.2
neutron	939.565	174.566	80450.4	3325.91	2990.19
Mg25	23268	1.23355	80450.4	3325.91	2990.19
Si28	26053.2	0.143279	79308	1138.7	1138.44
N16	14906	0.292855	77484.2	0	0
Si28	26053.2	0.153917	88478.5	4790.5	4790.29
Si28	26053.2	0.178767	77255	2321.05	2319.5
Mn54	50232.4	0.0980368	73435.8	0	0
neutron	939.565	0.678306	75755.5	0	0
neutron	939.565	0.289013	75755.5	0	0
Ne20	18617.7	1.12478	75755.5	0	0
Al28	26058.3	0.169454	72386.2	0	0
O16	14895.1	2.79277	80584.6	4502.65	4499.52
O16	14895.1	0.69593	99812.3	17360.1	17358.5
Mg24	22335.8	0.140851	81989.3	3538.95	3538.65
Si28	26053.2	0.183223	92688.7	13002	13001.7
Si29	26984.3	0.127591	76507.9	1880.1	1879.56
neutron	939.565	11.5968	74278.7	0	0
Mg26	24196.5	1.13669	74278.7	0	0
neutron	939.565	0.226791	73025	0	0
N15	13968.9	0.303235	73025	0	0
Si28	26053.2	0.152153	74106.6	631.026	628.909
Si28	26053.2	0.158394	88548.1	9645.46	9645.24
neutron	939.565	3.25277	73497.3	0	0
Al27	25126.5	0.0599744	73497.3	0	0
O16	14895.1	0.357092	97554.4	15588.4	15587.5
Na24	22341.8	0.216696	73293.2	0	0
neutron	939.565	16.6361	73176.8	0	0
alpha	3727.38	4.40886	73176.8	0	0
B11	10252.5	1.69677	73176.8	0	0
Ne25	23280.2	1.36838	73079.2	0	0
Mg24	22335.8	0.364872	91803.8	8534.91	8534.34
neutron	939.565	9.01817	79827.5	0	0
neutron	939.565	4.88844	79827.5	0	0
neutron	939.565	0.542075	79827.5	0	0
C12	11174.9	2.3557	79827.5	0	0
O16	14895.1	1.11436	99031.9	16631.2	16629.8
O16	14895.1	0.708011	82819.6	5580.39	5579.56
neutron	939.565	0.278512	74201	0	0
Al27	25126.5	0.154056	74201	0	0
Mg25	23268	0.229684	82026.5	4579.86	4578.93
neutron	939.565	6.59316	75292.1	0	0
Ne22	20479.7	1.03848	75292.1	0	0
Mg24	22335.8	0.194723	94092.5	12744.4	12744.1
O16	14895.1	0.293374	83540.3	5743.37	5742.75
O16	14895.1	0.214187	76810.7	1411.82	1411.14
Mg26	24196.5	0.128984	87152	9311.35	9310.77
O16	14895.1	0.430479	84448.6	7045.22	7044.69
N16	14906	0.290003	73978.3	0	0
neutron	939.565	9.00303	74113.3	0	0
neutron	939.565	1.51116	74113.3	0	0
neutron	939.565	1.05865	74113.3	0	0
Mg24	22335.8	1.04617	74113.3	0	0
O16	14895.1	0.422673	88216.6	9926.68	9925.96
neutron	939.565	4.39131	72170	0	0
neutron	939.565	3.16831	72170	0	0
Mg25	23268	0.229825	72170	0	0
Si28	26053.2	0.568769	76078.9	744.041	742.427
O16	14895.1	0.191719	98887.4	16793	16792.5
neutron	939.565	1.99518	74050.4	0	0
Al27	25126.5	0.340569	74050.4	0	0
O16	14895.1	0.246214	73429.3	277.132	276.518
neutron	939.565	13.094	73035.1	0	0
Mg26	24196.5	0.175995	73035.1	0	0
neutron	939.565	2.62273	72216.1	0	0
neutron	939.565	0.305643	72216.1	0	0
Mn54	50232.4	0.0224632	72216.1	0	0
O16	14895.1	0.349222	91382.8	11879.3	11878.9
Al28	26058.3	0.143687	72910.7	0	0
neutron	939.565	1.7556	72901	0	0
neutron	939.565	0.787288	72901	0	0
Ne21	19550.5	0.88707	72901	0	0
Al28	26058.3	0.181774	74459.8	0	0
Mg24	22335.8	0.135235	82004.6	3617.76	3617.15
Al28	26058.3	0.168746	78962.9	0	0
Si28	26053.2	0.261909	74944.6	1248.88	1247.37
neutron	939.565	2.05654	72884.6	0	0
N15	13968.9	0.628161	72884.6	0	0
O16	14895.1	0.274792	81611.1	5360.6	5358.74
O16	14895.1	0.266975	75783.3	1394.6	1393.98
O16	14895.1	0.679831	94543.7	12283.5	12282.6
O16	14895.1	0.59631	86914.2	6844.69	6843.86
Mg24	22335.8	0.156778	82114.4	3819.81	3819.13
Mg24	22335.8	0.17077	95677.4	14879.4	14879.1
O16	14895.1	0.189313	94456.2	14136.5	14136.1
Mg24	22335.8	0.335638	77203	829.961	829.535
Mg24	22335.8	0.149308	92248.2	12586.4	12586.1
neutron	939.565	2.73731	71833	0	0
neutron	939.565	1.60735	71833	0	0
neutron	939.565	1.56956	71833	0	0
Mn53	49301.8	0.163492	71833	0	0
Si28	26053.2	0.177736	85668.9	5048.18	5047.85
O16	14895.1	0.269085	85831.4	6891.63	6891.07
Mg24	22335.8	0.258726	78372.5	2265.11	2264.81
neutron	939.565	0.178242	74857.1	0	0
Al27	25126.5	0.129456	74857.1	0	0
neutron	939.565	1.1832	78739.3	0	0
Mg26	24196.5	0.108882	78739.3	0	0
Al28	26058.3	0.18447	73594.2	0	0
O16	14895.1	0.475083	78018.8	242.981	241.864
neutron	939.565	19.0819	77662.6	0	0
neutron	939.565	3.71751	77662.6	0	0
Ne21	19550.5	0.151485	77662.6	0	0
neutron	939.565	1.03811	75108.9	0	0
N15	13968.9	0.49716	75108.9	0	0
Mg24	22335.8	0.449946	87853.5	9260.19	9259.72
O16	14895.1	0.247277	98371.5	16298	16297.7
Al28	26058.3	0.177975	74170.2	0	0
O16	14895.1	0.296259	87124.5	9264.09	9263.51
Na24	22341.8	0.212433	77687.3	0	0
O16	14895.1	0.491341	86827.5	7629.27	7628.2
Mg24	22335.8	0.240485	78882.7	2536.65	2536.37
Al28	26058.3	0.191945	74708.9	0	0
O16	14895.1	0.221818	99414.5	17013.5	17013.2
Si28	26053.2	0.133988	81336.5	2846.82	2846.58
O16	14895.1	0.36018	80254.5	4486.24	4485.81
Al28	26058.3	0.165022	72760.7	0	0
O16	14895.1	0.196094	80839.4	4727.84	4726.1
neutron	939.565	20.0241	73260.3	0	0
neutron	939.565	1.88511	73260.3	0	0
Ne21	19550.5	0.98731	73260.3	0	0
O16	14895.1	0.536453	87619.8	9516.66	9515.93
neutron	939.565	10.748	72553.9	0	0
neutron	939.565	5.18712	72553.9	0	0
neutron	939.565	1.81132	72553.9	0	0
O18	16762	1.9098	72553.9	0	0
Mg24	22335.8	0.162109	89719.9	10530.4	10530.2
Mg24	22335.8	0.164931	91889.4	11992.4	11991.9
Fe56	52089.8	0.102843	76414.8	927.15	927.013
neutron	939.565	4.38247	74804.3	0	0
N15	13968.9	0.175576	74804.3	0	0
Mg24	22335.8	0.256903	77955.9	2294.4	2294.11
neutron	939.565	6.46873	74375.8	0	0
neutron	939.565	2.23012	74375.8	0	0
N14	13040.2	0.357631	74375.8	0	0
neutron	939.565	0.766466	73207.9	0	0
Al27	25126.5	0.15349	73207.9	0	0
Al28	26058.3	0.180903	80760.3	0	0
O16	14895.1	0.223563	80385.8	3456.1	3455.65
Si28	26053.2	0.165242	97618.7	16064.5	16063.8
Mg24	22335.8	0.146611	80152.2	4484.88	4484.7
neutron	939.565	3.14378	73052	0	0
neutron	939.565	0.686995	73052	0	0
neutron	939.565	0.0511254	73052	0	0
Ne22	20479.7	1.67178	73052	0	0
O16	14895.1	0.207009	78608.3	3140.21	3139.73
O16	14895.1	1.58999	83729.9	6226.94	6225.23
Na24	22341.8	0.214989	74035.5	0	0
O16	14895.1	0.390543	77026.2	2104.84	2104.28
Mg26	24196.5	0.161204	93574.7	13534.7	13534
neutron	939.565	8.32182	73840.3	0	0
neutron	939.565	7.89788	73840.3	0	0
neutron	939.565	3.62162	73840.3	0	0
Mg24	22335.8	0.217058	73840.3	0	0
neutron	939.565	2.51836	74711.2	0	0
Cr52	48370	0.0340038	74711.2	0	0
Si28	26053.2	0.267752	92850.5	12905	12904.6
Al28	26058.3	0.189989	75614.9	0	0
Mg24	22335.8	0.143685	96292.3	15115.1	15114.8
Mg24	22335.8	0.258861	95178.5	13980.4	13979.3
O16	14895.1	0.851136	97155.7	15609.4	15608.5
O16	14895.1	0.386028	78938.8	3490.17	3489.78
Mg24	22335.8	0.132046	77659.1	2580.19	2579.36
neutron	939.565	0.0311891	73485.1	0	0
Al27	25126.5	0.155262	73485.1	0	0
O16	14895.1	0.219396	82945.9	4417.48	4416.96
neutron	939.565	8.98667	73051.5	0	0
neutron	939.565	4.11681	73051.5	0	0
Na22	20482.1	0.621763	73051.5	0	0
Al28	26058.3	0.16805	72841.6	0	0
O16	14895.1	0.203642	97404.8	15773.5	15772.3
Mg24	22335.8	0.153693	97828.8	16164.7	16164.4
O16	14895.1	0.237803	81430.7	4873.75	4872.99
neutron	939.565	4.40591	75295.7	0	0
neutron	939.565	4.37249	75295.7	0	0
neutron	939.565	1.14533	75295.7	0	0
Na22	20482.1	2.02603	75295.7	0	0
Si28	26053.2	0.298374	81167.8	5944.38	5943.73
Si28	26053.2	0.178908	73456	1067.87	1067.34
Fe56	52089.8	0.0703959	93929.2	12656.3	12656.1
Si28	26053.2	0.108818	91389.3	9898.33	9897.44
neutron	939.565	0.986939	73648.1	0	0
N15	13968.9	0.136716	73648.1	0	0
neutron	939.565	4.8937	76883.1	0	0
neutron	939.565	2.08439	76883.1	0	0
Mg25	23268	0.200213	76883.1	0	0
O16	14895.1	0.633785	82320.9	1971.05	1969.98
Al28	26058.3	0.18787	79256.3	0	0
O16	14895.1	0.260848	82546.5	4503.75	4503.45
Mg24	22335.8	0.136194	77060.3	1237.75	1237.19
neutron	939.565	0.713834	73705.5	0	0
N15	13968.9	0.190135	73705.5	0	0
O16	14895.1	0.29329	79248.9	4105.18	4104.82
O16	14895.1	2.11417	77583.5	3177.09	3174.56
neutron	939.565	7.60387	90254.4	10634.2	10167.5
Na23	21409.2	0.726809	90254.4	10634.2	10167.5
Na24	22341.8	0.197831	77205.6	0	0
Fe56	52089.8	0.115504	96884.4	15499.3	15499.1
neutron	939.565	0.981385	71936.4	0	0
Al27	25126.5	0.240616	71936.4	0	0
Si27	25130.8	0.472168	94009.5	13450.6	12948.2
Mg24	22335.8	0.284563	91413	9125.25	9124.55
O16	14895.1	0.265805	87978	9214.92	9214.28
neutron	939.565	26.7512	73678.5	0	0
neutron	939.565	2.95498	73678.5	0	0
Ne21	19550.5	1.31362	73678.5	0	0
Mg24	22335.8	0.140429	93611.5	13335.6	13334.7
Mg24	22335.8	0.574113	99623.9	17193.3	17192.6
Mg26	24196.5	0.123262	87052.2	7594.55	7594.29
O16	14895.1	0.233856	86831.2	7401.2	7400.78
O16	14895.1	0.227317	92565.8	12168.9	12168.5
Si28	26053.2	0.214979	87602.4	8540.01	8539.59
Mg24	22335.8	0.143388	79261.4	3007.82	3005.89
O16	14895.1	0.291979	86371.4	7378.19	7377.7
Al28	26058.3	0.168941	75406	0	0
O16	14895.1	0.316132	97484.1	15627.8	15626.6
Si28	26053.2	2.56732	91148	11020.7	11017.8
O16	14895.1	0.219391	88116.7	8911.53	8911.3
Si28	26053.2	0.307652	89676.3	11267.8	11267
O16	14895.1	0.425096	79835.8	4757.07	4756.44
O16	14895.1	1.33807	99854.8	17395.8	17394
Mg24	22335.8	1.36473	78750.3	3698.32	3696.78
Si28	26053.2	0.245257	77550.8	2946.4	2945.7
neutron	939.565	7.13908	72697.4	0	0
neutron	939.565	1.38236	72697.4	0	0
neutron	939.565	0.870872	72697.4	0	0
F19	17692.3	1.03361	72697.4	0	0
neutron	939.565	2.62966	73105.8	0	0
neutron	939.565	0.052672	73105.8	0	0
N14	13040.2	0.187884	73105.8	0	0
O16	14895.1	0.261093	83566.7	6212.36	6211.99
neutron	939.565	43.4042	74463.3	0	0
neutron	939.565	1.86486	74463.3	0	0
Mg24	22335.8	2.53126	74463.3	0	0
Si28	26053.2	0.175121	86552.3	9182.65	9182.2
Mg24	22335.8	0.342686	82382.5	6593.71	6592.79
N16	14906	0.282162	72105.6	0	0
O16	14895.1	0.374615	86425.5	2202.88	2202.22
Al28	26058.3	0.177559	82820.5	0	0
Na24	22341.8	0.192528	77496.1	0	0
Mg24	22335.8	0.20146	75496.8	1418.26	1418.02
neutron	939.565	4.12375	73166.3	0	0
Mg26	24196.5	1.15338	73166.3	0	0
neutron	939.565	5.62491	72275.3	0	0
neutron	939.565	3.73932	72275.3	0	0
N14	13040.2	0.460118	72275.3	0	0
O16	14895.1	0.434189	80449.2	2918.96	2918.02
Mg24	22335.8	0.928107	78548.7	1764.58	1763.51
Si28	26053.2	0.157489	89411.8	10570.6	10570.5
neutron	939.565	0.877634	74130	0	0
N15	13968.9	0.262916	74130	0	0
neutron	939.565	19.5668	73912.1	0	0
neutron	939.565	4.83681	73912.1	0	0
C12	11174.9	3.87699	73912.1	0	0
Al28	26058.3	0.171135	75671.6	0	0
O16	14895.1	5.06277	92281.9	12435.3	12430.2
neutron	939.565	838.689	91115.9	11033.5	9632.12
C13	12109.5	0.721523	91115.9	11033.5	9632.12
neutron	939.565	3.81988	76501.7	0	0
Na24	22341.8	0.476565	76501.7	0	0
neutron	939.565	1.91275	74632.7	0	0
neutron	939.565	0.140931	74632.7	0	0
Ne21	19550.5	0.214332	74632.7	0	0
Si28	26053.2	0.122323	97236.4	15411.5	15410.6
Mg24	22335.8	0.241886	92327.8	11101.9	11100.9
Mg24	22335.8	0.410411	92736	12039.3	12038.8
Mg24	22335.8	0.882287	84126	7388.19	7387.22
Fe54	50231.2	0.104827	88721.2	9258.96	9258.62
Mg24	22335.8	2.08403	97043.2	15477.1	15475
O16	14895.1	0.3117	89617.7	9287.55	9286.09
Mg24	22335.8	0.177879	87928.9	8238.01	8237.28
Mg24	22335.8	0.145655	73890.1	445.934	445.69
Al28	26058.3	0.176202	73189.8	0	0
O16	14895.1	0.610977	89519.1	8782.16	8781.15
neutron	939.565	12.0974	75115.4	0	0
Ne22	20479.7	1.44078	75115.4	0	0
Si28	26053.2	0.114597	96941.9	15477.1	15475.7
neutron	939.565	9.52188	72260.4	0	0
neutron	939.565	0.217013	72260.4	0	0
Ne21	19550.5	0.531987	72260.4	0	0
O16	14895.1	0.232095	85640	7854.21	7853.3
Fe56	52089.8	0.233587	81799.6	5691.98	5691.67
O16	14895.1	0.354694	95552.6	14598.3	14597.6
neutron	939.565	2.44934	74017.2	0	0
neutron	939.565	1.59674	74017.2	0	0
neutron	939.565	1.21233	74017.2	0	0
Mg24	22335.8	0.769524	74017.2	0	0
neutron	939.565	7.59484	73022.7	0	0
neutron	939.565	7.50886	73022.7	0	0
neutron	939.565	0.380747	73022.7	0	0
Na23	21409.2	1.84492	73022.7	0	0
O16	14895.1	0.419889	84979.5	7224.93	7224.19
O16	14895.1	0.242574	81056.9	4542.78	4542.46
O16	14895.1	0.308514	79579.3	3631.24	3630.82
O16	14895.1	0.394677	93973.9	13461.3	13460.9
Mg26	24196.5	1.77597	78753.4	2173.79	2170.73
Si28	26053.2	0.115706	76846.1	1055.06	1054.19
Al28	26058.3	0.177746	75181.4	0	0
Na24	22341.8	0.201805	74706.3	0	0
O16	14895.1	0.217165	97041.1	15628.4	15628
O16	14895.1	0.76024	85480.9	8071.19	8070.27
neutron	939.565	0.0655592	72397.4	0	0
Al27	25126.5	0.206645	72397.4	0	0
neutron	939.565	392.801	91106.4	11701.8	10475
N14	13040.2	0.324976	91106.4	11701.8	10475
neutron	939.565	18.1252	74603.2	0	0
Mg26	24196.5	0.34621	74603.2	0	0
O16	14895.1	0.600418	95062.9	13674.7	13674.1
O16	14895.1	0.198471	86922.9	7552.3	7551.86
neutron	939.565	7.68928	76022.4	0	0
neutron	939.565	0.953458	76022.4	0	0
Ne21	19550.5	0.168289	76022.4	0	0
Na25	23272.4	0.204748	73724.7	0	0
Mg26	24196.5	0.206721	94454.6	13808.1	13807.7
neutron	939.565	36.3679	93951.9	13515.7	13079.3
neutron	939.565	8.96625	93951.9	13515.7	13079.3
neutron	939.565	1.30353	93951.9	13515.7	13079.3
alpha	3727.38	10.6948	93951.9	13515.7	13079.3
C13	12109.5	4.71414	93951.9	13515.7	13079.3
Al28	26058.3	0.162923	74742.7	0	0
neutron	939.565	18.485	73667.4	0	0
neutron	939.565	3.56848	73667.4	0	0
neutron	939.565	1.57966	73667.4	0	0
alpha	3727.38	5.99796	73667.4	0	0
O16	14895.1	2.32014	73667.4	0	0
neutron	939.565	6.46163	72448.6	0	0
Mg26	24196.5	0.167635	72448.6	0	0
O16	14895.1	0.661375	86912.4	8747.82	8746.79
neutron	939.565	37.2039	82998.4	6339.76	6127.7
neutron	939.565	23.5977	82998.4	6339.76	6127.7
neutron	939.565	4.39775	82998.4	6339.76	6127.7
neutron	939.565	2.38063	82998.4	6339.76	6127.7
alpha	3727.38	3.84964	82998.4	6339.76	6127.7
O16	14895.1	12.4105	82998.4	6339.76	6127.7
Si29	26984.3	1.05776	92252.2	11859.4	11858.2
Si28	26053.2	0.486323	86549.6	8765.58	8764.77
O16	14895.1	0.697818	83417.9	6728.25	6727.55
Si28	26053.2	0.1168	93284.6	13087.6	13086.9
neutron	939.565	12.1393	74868	0	0
neutron	939.565	3.4891	74868	0	0
neutron	939.565	0.160584	74868	0	0
C12	11174.9	2.83694	74868	0	0
neutron	939.565	19.2283	75378.3	0	0
alpha	3727.38	4.58364	75378.3	0	0
O18	16762	0.847448	75378.3	0	0
Si28	26053.2	0.649112	87375.7	9135.33	9134.12
Si29	26984.3	0.115435	84313.5	4019.82	4018.76
neutron	939.565	34.2978	77716.6	0	0
neutron	939.565	1.77957	77716.6	0	0
Mg26	24196.5	1.76897	77716.6	0	0
Mg24	22335.8	0.139046	84179	7217.04	7216.89
O16	14895.1	0.20641	76474.5	2499.81	2499.27
O16	14895.1	0.37857	89693.7	10737	10736.6
Mg24	22335.8	0.154998	84418.1	7239.75	7239.48
Al28	26058.3	0.168729	73086.1	0	0
O16	14895.1	0.336563	77667.9	3068.78	3068.32
O16	14895.1	0.204211	85712.2	6966.31	6964.74
Al28	26058.3	0.18353	74802.8	0	0
O16	14895.1	0.710331	94106.3	12584	12582.6
O16	14895.1	0.197521	96583.8	15114.8	15114
O16	14895.1	2.72678	85692.4	6897.47	6894.24
O16	14895.1	0.200927	89727.1	10630.9	10630.4
neutron	939.565	0.205563	72484.2	0	0
N15	13968.9	0.187227	72484.2	0	0
Al28	26058.3	0.18561	75198.6	0	0
Mg24	22335.8	0.468151	98719.1	16680.1	16678.8
Si28	26053.2	0.119518	90922.1	11394.8	11394.4
neutron	939.565	289.943	78641.8	3487.23	2870.9
N14	13040.2	2.62556	78641.8	3487.23	2870.9
O16	14895.1	0.20399	76893.7	1824.97	1823.24
neutron	939.565	0.938089	75333.7	0	0
Na23	21409.2	0.123747	75333.7	0	0
Al28	26058.3	0.181711	72512.8	0	0
Al28	26058.3	0.189385	71798	0	0
neutron	939.565	9.1907	80164.3	0	0
neutron	939.565	6.68252	80164.3	0	0
neutron	939.565	3.99543	80164.3	0	0
Mg24	22335.8	0.358617	80164.3	0	0
O16	14895.1	0.858716	92777.3	12753.3	12752.1
Fe56	52089.8	0.165947	89629.6	10904.5	10904.2
O16	14895.1	0.322355	90846.5	11764	11763.7
O16	14895.1	0.23545	78742.4	2556.42	2556.04
Mg25	23268	0.15269	74414.2	1201.49	1200.52
neutron	939.565	2.26725	72424.6	0	0
Mg26	24196.5	0.116799	72424.6	0	0
Mg24	22335.8	0.242277	91141	10964	10963.6
Na24	22341.8	0.20851	73170.7	0	0
Na24	22341.8	0.204822	73212.2	0	0
O16	14895.1	0.410852	84667.2	6765.45	6764.9
O16	14895.1	0.48379	81800.7	4496.09	4495.56
O16	14895.1	0.593541	78488	3058.23	3057.52
O16	14895.1	0.216065	95329.8	11371.8	11371.5
O16	14895.1	0.385406	79602.8	655.329	654.875
Si28	26053.2	1.66721	86617.6	8588.33	8585.99
Si28	26053.2	0.117718	94782.1	13568.8	13568.5
Mg24	22335.8	0.235896	79362.2	3653.8	3653.44
Al28	26058.3	0.164413	73101	0	0
O16	14895.1	0.192005	90568.7	11130	11129.8
neutron	939.565	2.20576	73187.7	0	0
Na23	21409.2	0.139181	73187.7	0	0
neutron	939.565	28.5328	75793.5	0	0
neutron	939.565	0.597972	75793.5	0	0
neutron	939.565	0.473065	75793.5	0	0
Mn54	50232.4	0.637899	75793.5	0	0
Si28	26053.2	0.172541	75457.1	1604.89	1604.68
neutron	939.565	9.19627	74261.5	0	0
neutron	939.565	3.49842	74261.5	0	0
neutron	939.565	2.89467	74261.5	0	0
alpha	3727.38	3.598	74261.5	0	0
O16	14895.1	4.35734	74261.5	0	0
neutron	939.565	252.625	82894.7	6160.94	5748.35
neutron	939.565	14.1708	82894.7	6160.94	5748.35
alpha	3727.38	21.4314	82894.7	6160.94	5748.35
alpha	3727.38	6.77093	82894.7	6160.94	5748.35
C12	11174.9	6.31677	82894.7	6160.94	5748.35
Si30	27913.2	0.113707	96954.3	15506.3	15506.2
Fe56	52089.8	1.24842	95073.4	14285.9	14284.5
Si28	26053.2	0.154434	75546.2	71.5602	71.1694
neutron	939.565	2.19396	72825.2	0	0
Al27	25126.5	0.0325763	72825.2	0	0
Si28	26053.2	0.190503	78386.7	2850.85	2850.36
neutron	939.565	3.92057	73423.6	0	0
neutron	939.565	2.02304	73423.6	0	0
Al26	24200	0.747859	73423.6	0	0
Mg25	23268	0.20941	87495.2	8909.5	8909.23
neutron	939.565	3.42803	74743.4	0	0
neutron	939.565	0.63531	74743.4	0	0
Mg25	23268	0.574741	74743.4	0	0
Si28	26053.2	0.318252	92538.1	12154.9	12153.9
O16	14895.1	0.20397	94823.3	13887	13886.8
O16	14895.1	0.827418	91066.9	11105.4	11104.2
O16	14895.1	0.26262	94358.9	14050.1	14049.4
O16	14895.1	0.395406	74958.7	1846.9	1845.4
N16	14906	0.286105	71776.1	0	0
neutron	939.565	0.912646	72687	0	0
Al27	25126.5	0.19631	72687	0	0
O16	14895.1	0.476606	88253.6	9694.28	9693.44
Si28	26053.2	0.189648	89947.5	10721.2	10719.5
O16	14895.1	0.556751	74896.3	590.72	589.797
Mg24	22335.8	0.379013	93844.5	12123.8	12123.1
Mg24	22335.8	0.150096	91168.4	10266.3	10266
neutron	939.565	3.42118	90524.2	9886.68	9317.36
alpha	3727.38	6.72716	90524.2	9886.68	9317.36
O16	14895.1	7.69409	90524.2	9886.68	9317.36
O16	14895.1	0.197976	94150.8	13844.3	13844.1
neutron	939.565	0.874658	74308.9	0	0
Al27	25126.5	0.166319	74308.9	0	0
O16	14895.1	0.337133	93158.9	12909.7	12909
Fe56	52089.8	0.0603354	87412.3	8655.21	8653.03
Si28	26053.2	0.514925	81030.3	4497.85	4497.29
neutron	939.565	0.352858	73726.7	0	0
Na23	21409.2	0.229595	73726.7	0	0
Si28	26053.2	0.166767	82145.4	4577.43	4576.8
O16	14895.1	0.391691	92483.5	12390.2	12389.7
Mg24	22335.8	1.58479	97600	15806.3	15804.4
Al28	26058.3	0.152523	73756.5	0	0
O16	14895.1	0.396302	90614.1	11371.9	11371.3
O16	14895.1	0.19389	93339.4	13051.4	13051.1
neutron	939.565	4.9251	72712.2	0	0
neutron	939.565	3.11291	72712.2	0	0
Na24	22341.8	0.40947	72712.2	0	0
neutron	939.565	5.28066	76497.8	0	0
Ne22	20479.7	0.714137	76497.8	0	0
neutron	939.565	2.60384	72995.3	0	0
N15	13968.9	0.643851	72995.3	0	0
neutron	939.565	1.7608	74395.5	0	0
neutron	939.565	0.912522	74395.5	0	0
Na22	20482.1	0.186109	74395.5	0	0
Mg24	22335.8	0.317911	81134.9	2164.19	2163.72
Al28	26058.3	0.175274	77293	0	0
Mg24	22335.8	0.19427	86395	8715.31	8714.76
Mg24	22335.8	0.157349	81407.4	4091.08	4090.06
neutron	939.565	8.79778	93052.4	11875.6	10888.9
neutron	939.565	3.27289	93052.4	11875.6	10888.9
Ne20	18617.7	2.03831	93052.4	11875.6	10888.9
neutron	939.565	5.57275	73643.5	0	0
neutron	939.565	4.40699	73643.5	0	0
C12	11174.9	1.76483	73643.5	0	0
O16	14895.1	0.340157	86732.2	8590.68	8590.31
neutron	939.565	184.51	97977.1	15895.7	15102.9
Ne22	20479.7	0.203738	97977.1	15895.7	15102.9
O16	14895.1	0.203428	93649.3	12969.9	12969
O16	14895.1	0.213895	90961.9	11326.1	11325.6
neutron	939.565	3.95724	74527.4	0	0
neutron	939.565	0.507691	74527.4	0	0
Na24	22341.8	0.100859	74527.4	0	0
Si28	26053.2	0.382625	74196.8	23.2002	22.5035
neutron	939.565	6.79245	72264.5	0	0
neutron	939.565	3.60764	72264.5	0	0
neutron	939.565	3.26529	72264.5	0	0
alpha	3727.38	6.16229	72264.5	0	0
alpha	3727.38	6.14736	72264.5	0	0
alpha	3727.38	1.39031	72264.5	0	0
O16	14895.1	0.246248	94358.2	12530.3	12529.6
O16	14895.1	0.288704	78071.6	1315.8	1315.2
neutron	939.565	3.3835	75798	0	0
neutron	939.565	1.00004	75798	0	0
neutron	939.565	0.613148	75798	0	0
Cr52	48370	0.0945041	75798	0	0
Na25	23272.4	0.211658	72716.1	0	0
Mg24	22335.8	0.177605	83153.6	5906.61	5906.41
neutron	939.565	0.19041	73573.7	0	0
Al27	25126.5	0.230401	73573.7	0	0
O16	14895.1	1.20127	81882.1	5909.5	5908.27
Mg24	22335.8	0.137503	77192.9	2564.35	2563.87
O16	14895.1	0.215896	80996.9	5190.69	5189.98
Si28	26053.2	0.185725	94211.6	13936.2	13935.3
Si28	26053.2	0.546869	77106.7	2995.85	2995.13
neutron	939.565	7.44748	71973.2	0	0
neutron	939.565	6.98324	71973.2	0	0
neutron	939.565	4.31609	71973.2	0	0
Ne20	18617.7	2.76162	71973.2	0	0
Si28	26053.2	0.120952	85698.5	8303.03	8302.82
Na24	22341.8	0.209009	71695.6	0	0
Si28	26053.2	0.189343	79660.7	4082.59	4082.18
neutron	939.565	4.20933	73743.8	0	0
neutron	939.565	3.66466	73743.8	0	0
Mg25	23268	0.683793	73743.8	0	0
Si28	26053.2	0.148258	86881.3	8476.36	8476.19
Na24	22341.8	0.218113	73081.6	0	0
neutron	939.565	25.4939	76435.3	0	0
neutron	939.565	11.8057	76435.3	0	0
Ne21	19550.5	1.20158	76435.3	0	0
O16	14895.1	0.196263	80486.3	2567.45	2564.84
neutron	939.565	1.09878	76832.5	0	0
Na23	21409.2	0.105536	76832.5	0	0
neutron	939.565	11.5858	73249	0	0
neutron	939.565	0.582959	73249	0	0
N14	13040.2	0.169425	73249	0	0
Mg26	24196.5	0.152744	83064.8	6209.5	6208.75
neutron	939.565	1.56787	76239.5	0	0
Mg26	24196.5	0.36522	76239.5	0	0
O16	14895.1	0.202845	98506.7	16572.3	16571.4
neutron	939.565	9.84861	73155	0	0
B13	12123.4	3.21499	73155	0	0
O16	14895.1	0.221062	95908.6	14105.6	14104.8
Mg25	23268	0.234314	94748.6	12871.8	12871.5
O16	14895.1	0.357108	85030.6	5960.68	5959.72
neutron	939.565	2.47882	75170	0	0
neutron	939.565	2.04194	75170	0	0
Ne21	19550.5	0.965199	75170	0	0
Si28	26053.2	0.137064	83511.2	6439.77	6439.24
Si28	26053.2	0.264921	80813	989.988	988.736
Mg24	22335.8	0.232474	98779.6	16633.5	16632.3
Mg24	22335.8	0.170461	85295.1	6762.19	6761.69
neutron	939.565	3.14323	75100.4	0	0
neutron	939.565	1.42406	75100.4	0	0
Ne23	21414.1	2.70579	75100.4	0	0
Mg24	22335.8	0.352956	90937.3	10891.5	10891.1
Fe56	52089.8	0.222883	78109.3	1508.79	1508.33
neutron	939.565	3.85328	75530.2	0	0
neutron	939.565	1.87962	75530.2	0	0
C13	12109.5	1.0127	75530.2	0	0
O16	14895.1	0.21784	80757.7	2429.13	2428.31
Na26	24206.4	0.157008	76755.9	0	0
O16	14895.1	0.275205	88166.8	7111.72	7111.32
O16	14895.1	0.270295	87675.5	6831.54	6831.2
Na24	22341.8	0.212542	76920.5	0	0
Mg25	23268	0.141364	94823.4	13022	13021.6
Na24	22341.8	0.20579	77296.5	0	0
Mg24	22335.8	0.263483	92888.6	11610.2	11609.8
O16	14895.1	0.239371	89841.3	9571.31	9569.58
neutron	939.565	10.0077	73070.6	0	0
neutron	939.565	0.0170156	73070.6	0	0
C13	12109.5	0.880313	73070.6	0	0
Mg24	22335.8	0.278433	99507.7	17179.1	17178.2
O16	14895.1	0.206337	78977.3	1510.32	1509.01
O16	14895.1	0.4124	99235.9	17049.7	17049.1
Si28	26053.2	0.174179	87861	7869.95	7869.47
Si30	27913.2	0.841749	92292.7	12184.8	12183.8
Si28	26053.2	0.116486	78227	3196.93	3196.64
O16	14895.1	0.540726	86389.7	8546.17	8545.26
O16	14895.1	0.266221	99234.2	16710.8	16710.5
O16	14895.1	0.233919	77627.9	1989.18	1988.45
neutron	939.565	13.7982	74406.4	0	0
neutron	939.565	9.24075	74406.4	0	0
C12	11174.9	2.46039	74406.4	0	0
Si28	26053.2	0.13223	95534.7	13129.9	13129.6
O16	14895.1	2.79055	91956.2	11039.1	11036.2
neutron	939.565	21.8389	97255.2	15279.6	14904.6
neutron	939.565	2.17255	97255.2	15279.6	14904.6
Al26	24200	1.18216	97255.2	15279.6	14904.6
Al28	26058.3	0.174619	74856.1	0	0
Al29	26988.5	0.177121	74340.5	0	0
Si28	26053.2	0.129985	94597.9	13189.3	13186.8
Si28	26053.2	0.171085	88575.7	9070.44	9070.23
Mg24	22335.8	0.169587	97171.3	15359.7	15359.2
O16	14895.1	0.221989	90313	11328.2	11327.9
neutron	939.565	1.86807	78611.4	0	0
N15	13968.9	0.217077	78611.4	0	0
Mg25	23268	0.194665	85204.3	7838.63	7838.37
neutron	939.565	1.19866	73197.4	0	0
Al29	26988.5	0.241192	73197.4	0	0
O16	14895.1	0.881618	89754.2	11276.1	11275.1
neutron	939.565	6.93761	73563.7	0	0
Mg24	22335.8	1.95232	73563.7	0	0
O16	14895.1	0.208569	84889.1	5812.76	5812.08
Mg24	22335.8	0.839464	97259.3	15078.9	15077.9
O16	14895.1	1.11751	90543.8	10277.8	10276.3
O16	14895.1	0.210638	88773.6	9205.55	9205.3
O16	14895.1	0.193217	77128.6	1167.8	1167.51
Si28	26053.2	0.130963	87373.1	8405.85	8405.56
neutron	939.565	4.27401	73752.6	0	0
neutron	939.565	3.68768	73752.6	0	0
neutron	939.565	1.50522	73752.6	0	0
Mn53	49301.8	0.195697	73752.6	0	0
Al28	26058.3	0.186226	73280.7	0	0
O16	14895.1	0.218272	89265.1	9518.55	9518.3
neutron	939.565	2.97094	74045.2	0	0
N15	13968.9	0.777162	74045.2	0	0
Al28	26058.3	0.184003	80060.3	0	0
Si28	26053.2	0.176861	90651.1	10674.1	10673.4
O16	14895.1	1.22475	77645.1	1847.64	1846.14
Al28	26058.3	0.172494	74435.5	0	0
O16	14895.1	0.328135	87125.5	9009.94	9009.11
neutron	939.565	4.11381	73282.7	0	0
neutron	939.565	2.45666	73282.7	0	0
neutron	939.565	2.07622	73282.7	0	0
Mg24	22335.8	0.875511	73282.7	0	0
O16	14895.1	0.250098	83220.6	6548.19	6547.78
Si28	26053.2	0.202039	97666.6	16005.4	16005.2
neutron	939.565	619.364	98508.6	16428.8	15598
neutron	939.565	175.771	98508.6	16428.8	15598
O14	13044.8	0.961011	98508.6	16428.8	15598
O16	14895.1	1.25808	92665.2	11653.3	11651.9
Si28	26053.2	0.344265	95272.2	13958.9	13958.4
Si28	26053.2	0.229396	80947.8	3576.04	3574.08
Mg24	22335.8	0.642171	75888.1	593.411	592.756
Na24	22341.8	0.193261	75590.9	0	0
Mg24	22335.8	0.152075	92118.4	8185.05	8184.66
Al28	26058.3	0.168093	75402.1	0	0
O16	14895.1	0.200016	89591.2	10280.9	10279.9
O16	14895.1	0.24532	74899.4	563.389	563.097
neutron	939.565	117.257	76695.9	1939.83	1593.29
O15	13971.2	2.22333	76695.9	1939.83	1593.29
neutron	939.565	27.2546	74003	0	0
neutron	939.565	4.75984	74003	0	0
neutron	939.565	4.18027	74003	0	0
Mg24	22335.8	0.741134	74003	0	0
Mg24	22335.8	0.160419	99393.2	17092.4	17091.5
O16	14895.1	0.301406	76053	2101.94	2101.52
N16	14906	0.288928	72588.2	0	0
O16	14895.1	0.309066	90258.4	10582.3	10581.7
neutron	939.565	0.529629	73744.9	0	0
Mn55	51161.7	0.102042	73744.9	0	0
neutron	939.565	9.63515	73073.5	0	0
V51	47442.3	0.127201	73073.5	0	0
neutron	939.565	13.3623	73582.2	0	0
neutron	939.565	6.30194	73582.2	0	0
neutron	939.565	4.84382	73582.2	0	0
C12	11174.9	0.701841	73582.2	0	0
Si30	27913.2	0.312522	84492.3	4075.52	4075.15
neutron	939.565	3.90209	74387.4	0	0
neutron	939.565	2.52175	74387.4	0	0
C13	12109.5	0.787717	74387.4	0	0
Mg24	22335.8	1.01955	80492.2	3688.56	3687.49
O16	14895.1	0.653501	77382.6	1793.63	1791.41
neutron	939.565	2.23889	74339	0	0
neutron	939.565	1.40511	74339	0	0
Mg26	24196.5	0.394936	74339	0	0
O16	14895.1	0.208089	86399.6	6798.65	6798.06
O16	14895.1	0.752375	99027.9	16617.3	16615.8
O16	14895.1	0.326841	74060.3	611.707	611.166
neutron	939.565	11.8658	73034.8	0	0
neutron	939.565	1.40977	73034.8	0	0
neutron	939.565	0.860623	73034.8	0	0
Na23	21409.2	3.67164	73034.8	0	0
Al28	26058.3	0.158015	72011.4	0	0
Si28	26053.2	0.182728	88701.8	10215.3	10214.9
Al28	26058.3	0.184201	72877.5	0	0
Al27	25126.5	0.819972	87446.5	6225.66	5911.68
O16	14895.1	0.25727	90963.4	10968.2	10968
Si28	26053.2	0.151135	93567.5	13143.6	13143.2
Si28	26053.2	0.264806	84676.7	3096.21	3095.56
O16	14895.1	0.21794	81413	1171.64	1171.28
Al28	26058.3	0.186912	75554.5	0	0
Si28	26053.2	0.112167	87222.5	8187.83	8187.47
Si28	26053.2	0.15888	87820.4	9033.98	9033.55
neutron	939.565	30.7458	78037.3	0	0
neutron	939.565	3.15252	78037.3	0	0
neutron	939.565	0.978559	78037.3	0	0
C12	11174.9	3.24411	78037.3	0	0
Mg24	22335.8	0.185031	85257	8565.81	8565.28
N16	14906	0.289391	72280.1	0	0
Si28	26053.2	0.302801	73934.7	486.945	486.252
Si28	26053.2	0.108988	73338.5	154.057	153.854
Mn56	52094	0.0902875	73164.7	0	0
O16	14895.1	0.195926	81924.7	5200.65	5200.31
Mg24	22335.8	0.130125	80874.6	4278.12	4277.57
O16	14895.1	0.223553	76391.2	1180.7	1180.47
neutron	939.565	7.00483	86284.8	6409.38	6014.72
neutron	939.565	2.83589	86284.8	6409.38	6014.72
B11	10252.5	2.0572	86284.8	6409.38	6014.72
Si28	26053.2	0.123154	77998.6	1057.46	1056.83
neutron	939.565	0.899167	76183.1	0	0
Mn55	51161.7	0.039243	76183.1	0	0
neutron	939.565	15.5434	76143.8	0	0
neutron	939.565	5.49158	76143.8	0	0
neutron	939.565	0.597631	76143.8	0	0
alpha	3727.38	4.21686	76143.8	0	0
Be8	7454.85	1.1801	76143.8	0	0
Na24	22341.8	0.208475	75769.1	0	0
O16	14895.1	1.48108	93734.5	12104.6	12103
O16	14895.1	0.238343	75784.3	1871.13	1870.77
O16	14895.1	0.381723	73141	355.982	355.488
neutron	939.565	7.61682	83273.6	0	0
neutron	939.565	1.66467	83273.6	0	0
neutron	939.565	1.0203	83273.6	0	0
Ne20	18617.7	1.11184	83273.6	0	0
O16	14895.1	0.297511	80034.1	3767.96	3767.63
O16	14895.1	0.215342	99554.4	17170.3	17169.7
O16	14895.1	0.519624	98290	16307	16306.4
O16	14895.1	0.445109	74548.1	1355.75	1354.38
Na24	22341.8	0.206905	72245.7	0	0
O16	14895.1	0.525594	76827.2	1811.9	1810.89
O16	14895.1	1.61755	74548.5	415.557	413.638
Al28	26058.3	0.18357	73953.1	0	0
neutron	939.565	3.33723	73611.8	0	0
neutron	939.565	1.22303	73611.8	0	0
N14	13040.2	0.2234	73611.8	0	0
neutron	939.565	2095.03	89112.2	10255	6904.49
Si27	25130.8	0.070011	89112.2	10255	6904.49
neutron	939.565	37.8501	78083.3	0	0
neutron	939.565	1.56899	78083.3	0	0
Ne21	19550.5	0.554026	78083.3	0	0
N16	14906	0.294445	75429.9	0	0
Si28	26053.2	0.266204	82660.2	5362.73	5362.16
Mg24	22335.8	0.132634	77781.2	2095.75	2095.37
O16	14895.1	0.218078	77933.9	1565.11	1564.49
neutron	939.565	1.27278	75222.4	0	0
Mg26	24196.5	0.404379	75222.4	0	0
Al28	26058.3	0.173134	76282.4	0	0
neutron	939.565	13.022	74863.8	0	0
neutron	939.565	0.713915	74863.8	0	0
N14	13040.2	0.787937	74863.8	0	0
Si28	26053.2	0.271117	86256.1	8568.17	8565.56
O16	14895.1	0.513324	84656.4	5052.69	5051.52
Na24	22341.8	0.219143	77060	0	0
neutron	939.565	14.6187	74515.9	0	0
neutron	939.565	5.48328	74515.9	0	0
neutron	939.565	5.20198	74515.9	0	0
C12	11174.9	0.319274	74515.9	0	0
neutron	939.565	1.35095	75189.1	0	0
Ne24	22344.8	0.089331	75189.1	0	0
neutron	939.565	21.2699	73798.4	0	0
neutron	939.565	0.178062	73798.4	0	0
B12	11188.7	1.30703	73798.4	0	0
O16	14895.1	0.239471	90953.9	11877.7	11876.2
O16	14895.1	0.195361	75353	1702.64	1701.82
neutron	939.565	7.65294	74728.4	0	0
neutron	939.565	2.93597	74728.4	0	0
neutron	939.565	0.848997	74728.4	0	0
C12	11174.9	1.25469	74728.4	0	0
O16	14895.1	0.264933	92235.7	10411.2	10410.6
Al29	26988.5	0.170295	78321.8	0	0
Al28	26058.3	0.186393	74319.3	0	0
O16	14895.1	0.216767	97276	15887	15886.7
Mg24	22335.8	0.14501	94957.3	14426.9	14426.6
O16	14895.1	0.237704	79766.9	3945.29	3944.44
neutron	939.565	1.09867	73058.9	0	0
N15	13968.9	0.267255	73058.9	0	0
Mg25	23268	0.145585	88911.5	10216.9	10216.7
O16	14895.1	0.241203	87796.1	9442.06	9441.35
neutron	939.565	8.94102	72749	0	0
neutron	939.565	1.75712	72749	0	0
Mg24	22335.8	2.28069	72749	0	0
neutron	939.565	3.25118	74850.4	0	0
Na23	21409.2	0.422353	74850.4	0	0
O16	14895.1	0.236701	90943	11234.1	11233.9
Si28	26053.2	0.211416	88277.2	10200	10199.5
O16	14895.1	0.295415	84858.8	8015.25	8014.11
neutron	939.565	1.78975	72176.9	0	0
Mn55	51161.7	0.100693	72176.9	0	0
Fe56	52089.8	0.0988842	77495.4	586.304	585.574
Si28	26053.2	0.195262	81865.5	6315.38	6314.74
Si28	26053.2	0.16121	76822.8	442.016	441.13
Al28	26058.3	0.177054	76116.9	0	0
Mg24	22335.8	0.150399	94574.3	13639.7	13639.5
neutron	939.565	4.98615	74005	0	0
neutron	939.565	4.52414	74005	0	0
neutron	939.565	4.43701	74005	0	0
C12	11174.9	1.79333	74005	0	0
Si28	26053.2	0.109238	76008.5	1750.72	1750.56
Al28	26058.3	0.184105	72956.3	0	0
O16	14895.1	0.376842	91613	11528.3	11527.7
neutron	939.565	34.3819	76489.1	0	0
neutron	939.565	6.46737	76489.1	0	0
neutron	939.565	1.61469	76489.1	0	0
Mg24	22335.8	1.30338	76489.1	0	0
O16	14895.1	0.306622	88858.9	9671.69	9671.08
Si28	26053.2	0.127649	79872.9	3084.21	3083.92
Si28	26053.2	0.246543	98534.4	16542.4	16541.3
Fe56	52089.8	0.172995	85071.8	7092.26	7091.54
neutron	939.565	109.109	82637.8	4408.75	4116.53
neutron	939.565	102.205	82637.8	4408.75	4116.53
Na23	21409.2	1.68172	82637.8	4408.75	4116.53
Si28	26053.2	0.909836	81362.4	4520.15	4518.17
Fe56	52089.8	0.0965304	79510.8	2320.46	2320.33
Mg24	22335.8	1.1963	91544.6	12145.6	12143.4
O16	14895.1	0.219122	83012	4354.23	4353.79
Al28	26058.3	0.181704	76068.4	0	0
O16	14895.1	0.242302	85191.8	7657.32	7656.87
neutron	939.565	7.69182	73519.4	0	0
Mg26	24196.5	2.9141	73519.4	0	0
O16	14895.1	0.232895	92859.8	12671.3	12671
Si28	26053.2	0.246288	99036	16889.8	16888.9
Si28	26053.2	0.356523	98166.5	16165.7	16165.3
Mg25	23268	0.146009	96379.5	14996.2	14995.9
O16	14895.1	0.392369	90613.2	10719.6	10719.1
Al28	26058.3	0.178985	73328.1	0	0
neutron	939.565	506.88	93080.2	12100.7	11145.7
neutron	939.565	412.972	93080.2	12100.7	11145.7
O14	13044.8	0.812944	93080.2	12100.7	11145.7
Si28	26053.2	0.153313	84053.1	5202.2	5201.73
neutron	939.565	7.58256	75826.8	0	0
neutron	939.565	7.13238	75826.8	0	0
neutron	939.565	0.840075	75826.8	0	0
Mg24	22335.8	0.292966	75826.8	0	0
O16	14895.1	0.192593	80421.8	3257.99	3257.13
Na24	22341.8	0.183957	75041.9	0	0
O16	14895.1	0.452363	77271.8	1797.4	1796.67
Al28	26058.3	0.156748	74191.5	0	0
Al28	26058.3	0.180958	72340.5	0	0
O16	14895.1	0.197811	97213.1	15825.7	15825.2
Si28	26053.2	0.301605	94028.4	13487	13486.7
Al28	26058.3	0.16084	72705.1	0	0
Fe56	52089.8	0.478496	80797	4150.33	4149.82
Mg24	22335.8	0.216103	94352.2	11728.3	11727.8
Al28	26058.3	0.178523	84218.3	0	0
Mg24	22335.8	0.1798	84865.7	7665.8	7665.58
Si28	26053.2	0.115417	81377.1	5433.31	5433.09
Mg26	24196.5	0.223375	94543.8	13670.9	13670.2
Al28	26058.3	0.192454	74483.3	0	0
Si30	27913.2	0.171983	74071.9	743.392	743.074
N16	14906	0.292552	72860.5	0	0
Na24	22341.8	0.188951	73757.5	0	0
Na24	22341.8	0.219091	73444.6	0	0
neutron	939.565	3.07119	75198.3	0	0
neutron	939.565	1.9085	75198.3	0	0
alpha	3727.38	6.65179	75198.3	0	0
O16	14895.1	2.01116	75198.3	0	0
Mg24	22335.8	0.214215	90639.1	11492.9	11492.7
neutron	939.565	14.3523	73373.2	0	0
neutron	939.565	4.81837	73373.2	0	0
neutron	939.565	2.45727	73373.2	0	0
alpha	3727.38	3.38081	73373.2	0	0
Be8	7454.85	2.38311	73373.2	0	0
Si28	26053.2	0.144668	87978.6	9421.68	9421.15
N16	14906	0.294359	74341.8	0	0
neutron	939.565	7.08907	77184.5	0	0
neutron	939.565	3.57718	77184.5	0	0
N14	13040.2	1.37509	77184.5	0	0
Mg24	22335.8	0.232663	79657.6	4250.86	4249.87
Fe56	52089.8	0.398826	87913	9385.12	9384.7
O16	14895.1	0.218944	79127.9	2141.46	2141.09
neutron	939.565	0.66044	72186.1	0	0
Na23	21409.2	0.28762	72186.1	0	0
neutron	939.565	0.155912	83739.2	6796.33	6368.71
N14	13040.2	0.435312	83739.2	6796.33	6368.71
Na24	22341.8	0.211604	74452.8	0	0
O16	14895.1	0.243355	97787.3	12461.6	12461
Si28	26053.2	0.203231	84299.7	3739.18	3738.16
neutron	939.565	1.61835	73846.6	0	0
C14	13040.9	0.489106	73846.6	0	0
neutron	939.565	8.61756	73918.9	0	0
neutron	939.565	3.84315	73918.9	0	0
neutron	939.565	2.08936	73918.9	0	0
Mg24	22335.8	0.577544	73918.9	0	0
O16	14895.1	0.672403	98476.5	16397.7	16395.7
Mg24	22335.8	2.16506	95985.5	14850.7	14848.5
Mg24	22335.8	0.12847	76004.4	1103.43	1103.1
Si28	26053.2	0.1621	86060	4600.71	4600.4
neutron	939.565	4.39849	77127.1	0	0
alpha	3727.38	11.2723	77127.1	0	0
Ne22	20479.7	1.67171	77127.1	0	0
O16	14895.1	0.240673	93980.3	12700.3	12700
neutron	939.565	33.3503	74776.8	0	0
neutron	939.565	0.110199	74776.8	0	0
Ne21	19550.5	0.636472	74776.8	0	0
N16	14906	0.28397	74773.3	0	0
neutron	939.565	0.951684	73599.9	0	0
Na23	21409.2	0.29656	73599.9	0	0
O16	14895.1	0.215656	79554.4	4015.85	4015.63
O16	14895.1	0.679065	75254.1	1299.36	1298.27
neutron	939.565	2.38133	73046.8	0	0
Al27	25126.5	0.450377	73046.8	0	0
Si28	26053.2	0.336999	85121.3	7906.05	7905.16
O16	14895.1	0.697615	76617.2	2223.04	2221.93
O16	14895.1	0.21124	98606.3	16558.4	16557.6
Al28	26058.3	0.184525	71766.1	0	0
O16	14895.1	0.417725	91769.2	11467	11466.4
Si28	26053.2	0.139867	93550.9	13286.2	13284.8
Al28	26058.3	0.192122	72176.2	0	0
Si28	26053.2	0.14806	74980.4	1167.83	1167.45
neutron	939.565	37.8405	72961.1	0	0
neutron	939.565	1.70783	72961.1	0	0
Mg27	25129.6	0.660028	72961.1	0	0
Al28	26058.3	0.172821	74591.8	0	0
Al28	26058.3	0.178644	74782	0	0
Si28	26053.2	0.149692	96644.2	15357.4	15357
Mn56	52094	0.082345	73168.2	0	0
Si28	26053.2	0.365115	90299.6	10959.9	10958.9
neutron	939.565	2.15876	72680.7	0	0
neutron	939.565	1.19312	72680.7	0	0
C12	11174.9	1.85407	72680.7	0	0
Na24	22341.8	0.219228	72840.8	0	0
Mg24	22335.8	0.215128	96187.9	14346.3	14344.5
Mg24	22335.8	0.262835	86442.4	7854.64	7853.69
Al28	26058.3	0.188642	75334	0	0
Mg24	22335.8	0.213963	90189	9231.93	9231.53
Si28	26053.2	0.173906	88916.2	9230.74	9230.47
Mg25	23268	0.19119	99801.7	17363.8	17363.5
Al28	26058.3	0.189122	73204.8	0	0
O16	14895.1	8.92747	90901.6	11350.5	11341.2
Al28	26058.3	0.181383	76122.1	0	0
neutron	939.565	64.7031	89816.8	10333.8	9986.96
neutron	939.565	6.08909	89816.8	10333.8	9986.96
Ne20	18617.7	2.39743	89816.8	10333.8	9986.96
Na24	22341.8	0.214707	75817.4	0	0
Si28	26053.2	1.06275	77040.7	2391.46	2389.98
Al28	26058.3	0.184841	73178.8	0	0
Mg24	22335.8	0.147909	80323.8	4063.6	4063.01
Si28	26053.2	0.229298	85665.8	7083.93	7083.66
Si28	26053.2	0.133636	78554.3	2278.55	2278.41
O16	14895.1	0.532728	83522.7	5889.34	5888.63
O16	14895.1	2.50838	85180.1	7477.61	7474.76
O16	14895.1	0.29229	92361.2	11281.9	11281.6
Mg24	22335.8	0.351921	78127.1	2430.35	2429.81
neutron	939.565	8.20621	74207.2	0	0
neutron	939.565	6.60667	74207.2	0	0
C13	12109.5	0.917778	74207.2	0	0
O16	14895.1	0.448062	79021.1	3536.29	3535.21
N16	14906	0.290487	72974.5	0	0
O16	14895.1	0.368041	99193.9	16928.8	16928.4
O16	14895.1	0.191658	97072.9	15064.4	15064.2
O16	14895.1	0.556337	93301.8	12916.1	12915.4
Na24	22341.8	0.217884	75977.2	0	0
O16	14895.1	0.266219	81785.6	5519.84	5519.55
Mg24	22335.8	0.142639	80271.3	4366.93	4366.5
O16	14895.1	0.208971	77968	3083.52	3082.8
Al29	26988.5	0.161412	73149.4	0	0
O16	14895.1	0.345968	88856.3	10140.3	10139
Mg24	22335.8	0.310814	80476.7	4101.84	4101.14
neutron	939.565	7.28914	74019.1	0	0
neutron	939.565	6.39842	74019.1	0	0
neutron	939.565	1.28795	74019.1	0	0
C12	11174.9	0.719086	74019.1	0	0
Si28	26053.2	0.296423	78156.8	2219.16	2218.84
O16	14895.1	0.197878	92723.8	12849.9	12849.5
Si28	26053.2	0.211013	73808	343.66	343.051
Si28	26053.2	0.434744	92753.8	12667.8	12667.2
neutron	939.565	6.89811	73097.5	0	0
neutron	939.565	0.812234	73097.5	0	0
Cr53	49301.7	0.0872651	73097.5	0	0
O16	14895.1	0.354199	84488.5	6142.15	6141.47
Mg24	22335.8	0.196704	88502.8	8048.67	8047.97
neutron	939.565	1.29273	74332.7	0	0
neutron	939.565	1.23456	74332.7	0	0
neutron	939.565	0.988996	74332.7	0	0
Mg24	22335.8	0.836189	74332.7	0	0
neutron	939.565	18.8301	74476.7	0	0
neutron	939.565	1.92663	74476.7	0	0
Mg25	23268	1.83137	74476.7	0	0
O16	14895.1	0.339025	96788.6	15314.1	15313.6
O16	14895.1	0.230071	96534.3	15182	15181.2
neutron	939.565	7.98812	73349.1	0	0
neutron	939.565	1.36675	73349.1	0	0
C12	11174.9	4.9651	73349.1	0	0
neutron	939.565	7.47221	76846.7	0	0
neutron	939.565	1.48753	76846.7	0	0
neutron	939.565	1.12422	76846.7	0	0
Mg24	22335.8	0.143841	76846.7	0	0
Al28	26058.3	0.190544	73622.9	0	0
O16	14895.1	0.257377	78447.6	2898.29	2897.17
O16	14895.1	0.256951	73051.6	373.643	373.351
O16	14895.1	0.226749	83483.8	5646.09	5643.39
neutron	939.565	9.59501	74709.8	0	0
C14	13040.9	0.61121	74709.8	0	0
Mg24	22335.8	0.138293	84147.1	5928.85	5928.49
neutron	939.565	2.37123	75053.8	0	0
neutron	939.565	1.97443	75053.8	0	0
neutron	939.565	0.402753	75053.8	0	0
Mg24	22335.8	0.548271	75053.8	0	0
O16	14895.1	0.199434	97805	15941.7	15941
Si28	26053.2	0.13861	93633.9	11391	11390.6
Mg24	22335.8	0.245775	90598.1	9281.71	9281.1
Si28	26053.2	0.297884	77558.7	994.271	993.864
Mg24	22335.8	0.239157	90129.9	10612.1	10611.5
neutron	939.565	12.5864	74441.6	0	0
alpha	3727.38	9.82108	74441.6	0	0
Be10	9325.5	2.383	74441.6	0	0
Mg24	22335.8	0.20779	87914.9	8675.25	8675
neutron	939.565	4.16232	74193.9	0	0
neutron	939.565	2.0924	74193.9	0	0
Mg24	22335.8	0.685411	74193.9	0	0
Mg24	22335.8	0.227545	92688.4	12856.3	12855
Al28	26058.3	0.181033	73428.2	0	0
Mg24	22335.8	0.310886	81896.6	5483.81	5483.41
O16	14895.1	0.3167	78813	1901.52	1900.8
Na24	22341.8	0.218746	75729.7	0	0
O16	14895.1	0.517172	98423.8	16445.2	16443.4
O16	14895.1	0.670319	83354.8	6137.55	6136.63
O16	14895.1	0.528306	81095.3	4289.97	4289.04
O16	14895.1	0.422009	74430.7	279.805	279.257
neutron	939.565	3.16317	74002.1	0	0
Al27	25126.5	0.450571	74002.1	0	0
neutron	939.565	205.482	82626.8	6496.03	5896.41
neutron	939.565	53.7408	82626.8	6496.03	5896.41
alpha	3727.38	3.57242	82626.8	6496.03	5896.41
O16	14895.1	3.76271	82626.8	6496.03	5896.41
Si28	26053.2	0.11379	76576.5	2087.69	2087.55
neutron	939.565	3.51484	73036.6	0	0
neutron	939.565	1.81847	73036.6	0	0
neutron	939.565	1.5726	73036.6	0	0
alpha	3727.38	5.40637	73036.6	0	0
O16	14895.1	2.82047	73036.6	0	0
neutron	939.565	33.7611	94980.3	14469.3	14113.9
neutron	939.565	0.637531	94980.3	14469.3	14113.9
C12	11174.9	1.51883	94980.3	14469.3	14113.9
O16	14895.1	0.351929	93998.8	13505.5	13505.1
Mg24	22335.8	0.302824	85497.5	8613.45	8613.09
N16	14906	0.274168	72191.1	0	0
Al28	26058.3	0.178598	79442.3	0	0
Si28	26053.2	0.205382	96315.8	15175.9	15174.3
O16	14895.1	0.76952	88513.9	10227.8	10226.8
Mg24	22335.8	0.393708	86372.3	8653.21	8652.32
Mg24	22335.8	0.308312	82406.7	5387.66	5386.92
Al28	26058.3	0.171687	74390.3	0	0
Si28	26053.2	0.129678	80441.5	4305.37	4304.75
N16	14906	0.295286	73955.9	0	0
O16	14895.1	0.650903	98522.1	15184.9	15184.2
neutron	939.565	0.716944	74512.2	0	0
Mn55	51161.7	0.13589	74512.2	0	0
Mg24	22335.8	0.183351	98659.2	16699.1	16698.3
neutron	939.565	1.10114	81696.2	5676.72	5313.3
Ne21	19550.5	0.243154	81696.2	5676.72	5313.3
Si28	26053.2	0.120299	88034.3	9480.94	9480.5
Si28	26053.2	0.130519	85609	7904.96	7904.17
Al28	26058.3	0.170564	74094.5	0	0
neutron	939.565	2.06749	97598.2	16010.4	15156.8
N14	13040.2	0.222796	97598.2	16010.4	15156.8
O16	14895.1	0.343923	97591.8	15154	15153.6
Si28	26053.2	0.211452	94094.6	12623.5	12622.9
O16	14895.1	0.620436	77906.7	2117.03	2116.26
O16	14895.1	0.202597	88868.8	10097.8	10097.5
neutron	939.565	7.03814	72915.8	0	0
neutron	939.565	0.856504	72915.8	0	0
Ne21	19550.5	0.76957	72915.8	0	0
Si28	26053.2	0.135621	90639.2	11551.7	11550.7
neutron	939.565	3.69841	72447.2	0	0
Mn55	51161.7	0.129094	72447.2	0	0
neutron	939.565	1.58317	73366.2	0	0
neutron	939.565	0.932996	73366.2	0	0
N14	13040.2	0.708408	73366.2	0	0
O16	14895.1	0.382642	88200.3	9527.73	9527.17
O16	14895.1	0.195319	81821.2	4177.67	4176.87
O16	14895.1	1.25776	99199.4	17011.6	17010.1
Fe56	52089.8	0.0567056	74733.5	1507.86	1507.31
neutron	939.565	5.78147	72407.2	0	0
neutron	939.565	0.69924	72407.2	0	0
Mg26	24196.5	0.673136	72407.2	0	0
neutron	939.565	22.0337	73700.7	0	0
neutron	939.565	12.7368	73700.7	0	0
Ne22	20479.7	0.796642	73700.7	0	0
O16	14895.1	0.419963	89094.4	7453.64	7453.14
O16	14895.1	0.276088	85647.9	5344.21	5343.85
Al28	26058.3	0.161205	77163.9	0	0
Al28	26058.3	0.159188	73910.2	0	0
O16	14895.1	0.289028	98488.8	16493.4	16492.7
Mg24	22335.8	0.170942	96648.4	15107.8	15107.6
O16	14895.1	0.283629	81870.8	1704.35	1704.06
O16	14895.1	0.288009	81347.1	1228.06	1227.58
Si28	26053.2	0.138375	79504.9	186.121	185.977
Mg24	22335.8	0.335714	85347	5378.77	5377.14
Al28	26058.3	0.181417	76485.4	0	0
O16	14895.1	0.250464	99820.2	17357.2	17356.4
O16	14895.1	0.189811	95983.7	14005.3	14005
Si28	26053.2	0.292583	96765	15238.7	15238.3
O16	14895.1	0.268784	94291.4	13607.8	13607.4
O16	14895.1	0.797865	91691.4	10618.6	10617.3
O16	14895.1	0.253349	95599.1	13248.7	13248.2
Si28	26053.2	0.282541	91583.9	10462.7	10462.2
Al28	26058.3	0.173588	76785.4	0	0
Mg25	23268	0.18499	75799.5	794.159	793.563
neutron	939.565	16.1923	73039.1	0	0
neutron	939.565	0.880443	73039.1	0	0
C12	11174.9	0.739908	73039.1	0	0
O16	14895.1	0.437865	86726.5	8642.62	8641.72
Mg24	22335.8	0.337363	85594	7765.37	7764.87
Mg24	22335.8	0.355804	80368.9	4264.48	4264.1
Mg24	22335.8	0.160073	76713.4	1601.48	1601.11
Na24	22341.8	0.203902	73995.2	0	0
Al28	26058.3	0.183772	73651.5	0	0
Al28	26058.3	0.16947	73346.9	0	0
O16	14895.1	0.642768	94403.4	13577.3	13576.3
neutron	939.565	13.1752	74854.5	0	0
neutron	939.565	3.39605	74854.5	0	0
C12	11174.9	2.17036	74854.5	0	0
neutron	939.565	4.15539	75259.2	0	0
neutron	939.565	3.51305	75259.2	0	0
Ne21	19550.5	0.546728	75259.2	0	0
neutron	939.565	2.91023	74183.9	0	0
Mg26	24196.5	0.0720241	74183.9	0	0
Si28	26053.2	0.231743	92746.2	13031.8	13031.4
O16	14895.1	0.198744	97368.3	15714	15713.2
Mn56	52094	0.085056	73473.8	0	0
Mg25	23268	0.245864	95081.3	12569.6	12568.7
Al28	26058.3	0.19034	76101.6	0	0
Fe56	52089.8	0.102175	79542.6	3819.55	3819.42
neutron	939.565	26.9086	73286.8	0	0
neutron	939.565	1.77309	73286.8	0	0
Mg26	24196.5	0.674524	73286.8	0	0
Mg24	22335.8	0.25395	87575.8	9031.25	9030.73
O16	14895.1	0.382355	97664.7	16042.7	16041.6
Si28	26053.2	0.17786	89946.6	11317.1	11316.1
neutron	939.565	5.72052	75474.9	0	0
Mg26	24196.5	1.20305	75474.9	0	0
neutron	939.565	2.0611	72268.9	0	0
C14	13040.9	0.84255	72268.9	0	0
Si29	26984.3	0.230018	81535.2	3114.91	3113.92
neutron	939.565	4.82583	74202.2	0	0
N15	13968.9	0.162807	74202.2	0	0
Si28	26053.2	0.307926	92834.9	12340.2	12339.9
Al28	26058.3	0.186815	74895.9	0	0
neutron	939.565	15.7446	73637.6	0	0
neutron	939.565	6.23476	73637.6	0	0
neutron	939.565	0.394894	73637.6	0	0
Ne21	19550.5	0.212019	73637.6	0	0
O16	14895.1	0.197129	90871.6	10587.9	10587.5
O16	14895.1	0.262733	83304.8	4417.86	4417.52
Al28	26058.3	0.178393	73088.3	0	0
O16	14895.1	0.21129	95143.7	14024.4	14024.1
Si28	26053.2	0.143135	80413.6	3945.51	3945.18
Si28	26053.2	0.170054	74453.5	409.179	408.874
neutron	939.565	3.88281	84313.3	0	0
neutron	939.565	1.22354	84313.3	0	0
Cr53	49301.7	0.117953	84313.3	0	0
Fe56	52089.8	0.108733	87198.5	7722.75	7722.33
O16	14895.1	0.2353	94807.7	13793.7	13793.3
Mg24	22335.8	0.194636	92471.9	12016.2	12015.7
neutron	939.565	5.36191	73468.4	0	0
neutron	939.565	1.55327	73468.4	0	0
neutron	939.565	0.572995	73468.4	0	0
Mg24	22335.8	0.652845	73468.4	0	0
neutron	939.565	228.973	99690.4	17233.4	16886.8
Ne21	19550.5	4.78633	99690.4	17233.4	16886.8
O16	14895.1	0.248806	84808.4	7159.83	7158.33
Si28	26053.2	0.109979	84164.5	4029.02	4028.36
Al28	26058.3	0.18877	76157.8	0	0
O16	14895.1	0.218359	99586.2	17236.7	17236.2
O16	14895.1	0.465971	78991.7	4081.44	4080.9
neutron	939.565	0.349579	72861.7	0	0
Na23	21409.2	0.15359	72861.7	0	0
Mg24	22335.8	0.16229	88413.4	9123.49	9123.29
neutron	939.565	20.7094	73908.9	0	0
neutron	939.565	8.17358	73908.9	0	0
neutron	939.565	0.678774	73908.9	0	0
C12	11174.9	0.558622	73908.9	0	0
O16	14895.1	0.357967	98995.5	16877.5	16876.7
O16	14895.1	0.211336	92679.5	12840.8	12840.5
Mg24	22335.8	0.690214	94993.7	13921.1	13919.3
O16	14895.1	0.419454	84224.4	6423.18	6422.58
O16	14895.1	0.276224	82281.2	5276.18	5275.73
neutron	939.565	27.9661	73462.6	0	0
neutron	939.565	8.32201	73462.6	0	0
alpha	3727.38	0.575292	73462.6	0	0
Be8	7454.85	9.78416	73462.6	0	0
Mg26	24196.5	0.123855	97958.6	16157.9	16157.7
neutron	939.565	117.402	92389.5	11406.5	11181.2
B11	10252.5	17.2415	92389.5	11406.5	11181.2
neutron	939.565	3.09014	75531.9	0	0
N15	13968.9	0.398315	75531.9	0	0
O16	14895.1	0.79165	98482.5	16532.5	16530.7
Si28	26053.2	0.132881	87413.7	9788.07	9787.93
Mg24	22335.8	0.272737	77273.4	2476.87	2476.21
O16	14895.1	0.368832	75117	1131.88	1131.06
O16	14895.1	0.377406	96280.3	15097.8	15097
neutron	939.565	10.3246	74638.9	0	0
neutron	939.565	4.42899	74638.9	0	0
neutron	939.565	3.53707	74638.9	0	0
Na23	21409.2	3.17131	74638.9	0	0
neutron	939.565	1.66153	72106.1	0	0
C14	13040.9	0.455763	72106.1	0	0
O16	14895.1	0.532101	78007.6	2916.09	2915.46
Si28	26053.2	0.219209	88648.3	7379.61	7379.35
Mg24	22335.8	0.444638	86405.6	7457.8	7456.41
O16	14895.1	1.59936	97474.6	15955.3	15953.4
Si28	26053.2	0.424858	83511.5	5808.74	5807.48
O16	14895.1	0.425586	94869	14305.8	14305
O16	14895.1	0.282454	77225.4	2073.48	2071.15
Si28	26053.2	0.140439	87974.3	8183.31	8182.8
O16	14895.1	0.2018	81827.9	4211.15	4210.66
neutron	939.565	2.34434	74761.9	0	0
neutron	939.565	1.81606	74761.9	0	0
Ne20	18617.7	0.831911	74761.9	0	0
O16	14895.1	0.518575	87737.5	9545.53	9544.84
neutron	939.565	4.32192	73671.2	0	0
neutron	939.565	2.94385	73671.2	0	0
neutron	939.565	1.48119	73671.2	0	0
Mg24	22335.8	0.258756	73671.2	0	0
Mg24	22335.8	0.176767	84447.5	4951.3	4950.99
Si28	26053.2	0.125509	83186.5	6314.3	6313.68
neutron	939.565	1115.68	97485.3	15837.1	13864
Mg25	23268	0.0137345	97485.3	15837.1	13864
O16	14895.1	0.199565	78474.6	2026.67	2026.42
Mg25	23268	0.152938	76977.2	1147.9	1147.17
Al28	26058.3	0.16201	75062.9	0	0
Si28	26053.2	0.164582	91533.8	7703.82	7703.07
O16	14895.1	0.228464	88626	5796.06	5795.71
neutron	939.565	1.10968	78988.8	0	0
Na23	21409.2	0.340588	78988.8	0	0
O16	14895.1	0.543548	86278.2	7649.41	7648.79
O16	14895.1	0.959034	91440.3	11625.4	11623.9
O16	14895.1	0.425475	81843.7	5170.74	5169.88
neutron	939.565	31.4589	74017.9	0	0
neutron	939.565	2.17608	74017.9	0	0
alpha	3727.38	5.0287	74017.9	0	0
Ne21	19550.5	5.51925	74017.9	0	0
O16	14895.1	0.364007	83852.8	6896.58	6896.18
neutron	939.565	1.32835	72301.4	0	0
Al27	25126.5	0.206036	72301.4	0	0
O16	14895.1	0.210958	90239.8	11178.9	11178.3
O16	14895.1	0.196348	87654.4	9328.28	9328.01
neutron	939.565	8.43594	74148.1	0	0
neutron	939.565	4.02665	74148.1	0	0
C13	12109.5	0.073696	74148.1	0	0
Al28	26058.3	0.192496	72706.5	0	0
Fe56	52089.8	0.164508	93341.2	12286.1	12285.7
O16	14895.1	0.255166	84435.6	7803.23	7802.31
neutron	939.565	4.80297	71596.4	0	0
N15	13968.9	0.885004	71596.4	0	0
O16	14895.1	0.35185	92400.4	12483.8	12483.1
neutron	939.565	1.65906	71040.5	0	0
N15	13968.9	0.125568	71040.5	0	0
Si28	26053.2	0.158943	95475.8	14562.4	14562.2
Mg24	22335.8	0.182589	77202.7	1682.58	1681.5
Al30	27922.3	0.155246	76604	0	0
Fe56	52089.8	0.0562529	85240.1	7936.34	7935.76
O16	14895.1	0.290946	75853.5	2375.85	2375.35
neutron	939.565	9.14241	73113.4	0	0
neutron	939.565	1.02068	73113.4	0	0
C12	11174.9	2.94977	73113.4	0	0
neutron	939.565	0.335601	75612.7	0	0
Na23	21409.2	0.131331	75612.7	0	0
O16	14895.1	0.955919	85412.3	7153.88	7152.92
neutron	939.565	41.6244	73356.2	0	0
neutron	939.565	0.498305	73356.2	0	0
C13	12109.5	2.23882	73356.2	0	0
Mg24	22335.8	0.154319	77754.2	2452.84	2452.62
Mg24	22335.8	0.343655	87986.9	5244.86	5244.1
Na24	22341.8	0.195317	79095.2	0	0
Mg24	22335.8	1.04074	80619.3	3021.17	3020.03
Al29	26988.5	0.167917	75575.7	0	0
O16	14895.1	2.95236	91923.8	12514.5	12511.4
O16	14895.1	0.405295	73429.8	385.379	383.564
neutron	939.565	2.40818	72831.1	0	0
C13	12109.5	3.33144	72831.1	0	0
O16	14895.1	1.73837	99334.6	17095.9	17093.3
O16	14895.1	3.44207	81740.6	2944.12	2940.61
O16	14895.1	0.347943	80101.9	5007.56	5006.53
Na25	23272.4	0.174275	73139.6	0	0
Si28	26053.2	0.225573	79698.4	3288.21	3287.78
Si28	26053.2	0.151731	92274.6	12627.4	12625.8
neutron	939.565	0.185448	73147.8	0	0
Na23	21409.2	0.160614	73147.8	0	0
O16	14895.1	0.220518	96426.6	14933.1	14931.6
Mg26	24196.5	0.810079	75303.5	1868.28	1867.23
Na24	22341.8	0.193329	72172	0	0
Fe56	52089.8	0.0666673	97869	15759	15757.6
Mg24	22335.8	0.179764	79370.8	3276.92	3275.52
Si28	26053.2	1.40374	87926	9444.42	9442.64
O16	14895.1	0.273048	80616.8	4152.9	4152.21
Si28	26053.2	0.369355	78126.1	2622.81	2622.14
Al28	26058.3	0.182642	72774.9	0	0
neutron	939.565	2.54292	74855.9	0	0
Al27	25126.5	0.137013	74855.9	0	0
Si28	26053.2	0.134142	75552.3	2047.9	2046.73
Al28	26058.3	0.190151	72131.3	0	0
Al28	26058.3	0.172816	74069.7	0	0
Mg26	24196.5	0.141435	98956.8	16855.2	16855
neutron	939.565	0.875547	73173.5	0	0
Al27	25126.5	0.0536786	73173.5	0	0
O16	14895.1	0.221678	90235.2	9790.71	9790.34
O16	14895.1	0.269043	90331.3	11312.1	11310.6
neutron	939.565	7.83601	73890.9	0	0
neutron	939.565	1.88022	73890.9	0	0
C13	12109.5	1.158	73890.9	0	0
O16	14895.1	0.796463	88378.2	9833.38	9832.56
O16	14895.1	0.21928	82884.1	6322.68	6321.84
Al28	26058.3	0.173914	75716.1	0	0
Na24	22341.8	0.219768	74239.6	0	0
O16	14895.1	0.342564	81051.7	5072.36	5071.53
Al28	26058.3	0.187852	73676.2	0	0
O16	14895.1	0.468471	92759.3	11928.5	11928
neutron	939.565	14.8486	88706.8	9569.42	9231.22
neutron	939.565	8.33537	88706.8	9569.42	9231.22
neutron	939.565	2.92623	88706.8	9569.42	9231.22
alpha	3727.38	5.6255	88706.8	9569.42	9231.22
Be8	7454.85	6.08932	88706.8	9569.42	9231.22
neutron	939.565	7.61303	73380.7	0	0
neutron	939.565	3.30655	73380.7	0	0
N14	13040.2	0.188944	73380.7	0	0
neutron	939.565	16.0684	72961.9	0	0
neutron	939.565	2.81655	72961.9	0	0
alpha	3727.38	2.64276	72961.9	0	0
O16	14895.1	4.99769	72961.9	0	0
O16	14895.1	0.195608	85224.4	7633.73	7633.07
neutron	939.565	2.37284	73086.7	0	0
Mg26	24196.5	0.180319	73086.7	0	0
Si28	26053.2	0.120745	91460.8	12050.2	12049.4
O16	14895.1	0.193543	82294.9	3368.81	3367.73
neutron	939.565	0.37722	76521	0	0
N15	13968.9	0.437836	76521	0	0
Si28	26053.2	0.346812	89563.1	10417.9	10416.6
Si28	26053.2	0.113104	88303.9	9182.02	9181.81
neutron	939.565	0.132657	73443.3	0	0
Mg26	24196.5	0.245608	73443.3	0	0
O16	14895.1	1.1982	88244.2	9154.59	9153.09
Si28	26053.2	0.164039	85163.8	6440.38	6439.86
Fe57	53021.7	0.124559	76089.2	971.979	971.824
Si30	27913.2	1.17539	94347.4	14008.3	14006.9
O16	14895.1	0.194807	82445	5411.92	5411.55
C14	13040.9	1.37637	72829.3	0	0
Si28	26053.2	0.187497	77628.1	2237.43	2236.55
Si28	26053.2	1.06748	89108	8248.07	8246.89
Si28	26053.2	0.240892	97281.6	15435.6	15435.1
O16	14895.1	0.27437	89349.1	10093.9	10092.9
O16	14895.1	0.601842	78526.3	2323.56	2322.8
neutron	939.565	11.9519	74730.8	0	0
neutron	939.565	7.08074	74730.8	0	0
neutron	939.565	3.61405	74730.8	0	0
B11	10252.5	2.41699	74730.8	0	0
Si28	26053.2	0.177098	92239.9	12479.6	12479
Mg24	22335.8	0.609845	91022.5	11668.6	11667.7
Fe56	52089.8	0.0567274	90950.4	11596.2	11596
O16	14895.1	0.391417	74530.9	1060.03	1059.59
Si28	26053.2	0.167579	73834.9	596.997	596.684
O16	14895.1	0.518723	98276.2	16404.8	16403.5
O16	14895.1	0.347993	96904.3	15478.2	15477.3
O16	14895.1	0.32054	96462.4	15200.1	15199.3
Si28	26053.2	0.127104	95161.8	14302.1	14301.5
Mg26	24196.5	0.278081	90054.7	10996.4	10996
Mg26	24196.5	0.150489	75695.5	1720.5	1720.28
Na26	24206.4	0.169291	72810.7	0	0
Na24	22341.8	0.209151	74231.1	0	0
Al28	26058.3	0.185173	75323	0	0
Mg24	22335.8	0.191657	81549.5	5795.51	5793.94
Al28	26058.3	0.172625	72869.5	0	0
O16	14895.1	0.212043	83423.8	6879.45	6878.25
O16	14895.1	0.422971	79167.2	3883.43	3882.67
neutron	939.565	2.09323	72637.1	0	0
neutron	939.565	1.75591	72637.1	0	0
neutron	939.565	1.61512	72637.1	0	0
Na23	21409.2	0.128015	72637.1	0	0
O16	14895.1	0.252749	98074.7	16225.7	16224.8
Fe56	52089.8	0.0964205	84434.3	7337.46	7336.71
O16	14895.1	0.325834	82538.5	5740.06	5739.63
Si28	26053.2	0.265025	76074	1748.37	1748.02
Na24	22341.8	0.205666	73183.1	0	0
Si28	26053.2	0.32768	91283.5	12054.9	12054.6
Na26	24206.4	0.178014	72867.9	0	0
O16	14895.1	0.959539	85657.8	3701.45	3700.47
Na24	22341.8	0.217335	73427	0	0
neutron	939.565	10.4253	72430.8	0	0
alpha	3727.38	3.35902	72430.8	0	0
Be8	7454.85	0.895261	72430.8	0	0
O16	14895.1	0.524174	91258	11628.9	11627.8
Mg24	22335.8	0.492251	75533	964.686	964.184
O16	14895.1	0.270063	78535.3	3497.4	3496.4
neutron	939.565	68.046	93690	13758.3	13459.6
Mg26	24196.5	0.41343	93690	13758.3	13459.6
Mg24	22335.8	0.419036	93490.3	13255.6	13254.9
neutron	939.565	356.977	86091.3	7655.94	7054.48
neutron	939.565	204.379	86091.3	7655.94	7054.48
C12	11174.9	0.311186	86091.3	7655.94	7054.48
Si28	26053.2	0.265224	93597.9	13102.8	13101.4
neutron	939.565	7.03403	73272.6	0	0
neutron	939.565	5.4138	73272.6	0	0
neutron	939.565	4.13558	73272.6	0	0
neutron	939.565	3.03007	73272.6	0	0
Na22	20482.1	1.40781	73272.6	0	0
O16	14895.1	0.224845	96664.7	15281.7	15281.4
Mg24	22335.8	0.243429	77030.2	853.147	852.194
Si28	26053.2	0.160617	75817.5	158.027	157.517
Si28	26053.2	0.293898	75171.5	1068.04	1067.05
O16	14895.1	3.33546	96479.3	14445.4	14441.7
Si28	26053.2	0.393303	94100.4	13104.7	13104.3
neutron	939.565	23.7043	75945.4	0	0
neutron	939.565	2.75068	75945.4	0	0
Mn54	50232.4	0.439395	75945.4	0	0
Fe56	52089.8	0.13731	76548.1	2103.85	2102.27
Si28	26053.2	0.204786	97153.1	15729.6	15729
neutron	939.565	22.4163	78793.4	0	0
neutron	939.565	4.98686	78793.4	0	0
neutron	939.565	1.74155	78793.4	0	0
C12	11174.9	4.64817	78793.4	0	0
Mg24	22335.8	0.196263	89416.6	9867.13	9866.61
Si28	26053.2	0.246743	81964.5	5119.91	5119.56
O16	14895.1	0.30932	80963.6	4491.42	4491.08
O16	14895.1	0.669429	80480.2	4156.78	4155.35
neutron	939.565	21.3818	86541.5	9019.39	8724.64
Ne22	20479.7	4.85937	86541.5	9019.39	8724.64
neutron	939.565	23.5745	73196.4	0	0
neutron	939.565	0.798933	73196.4	0	0
Mg25	23268	1.16382	73196.4	0	0
O16	14895.1	0.313273	75469.4	884.519	883.652
O16	14895.1	0.217018	92309.5	12750.5	12750
neutron	939.565	10.0731	72027	0	0
Ne21	19550.5	0.832487	72027	0	0
Mg24	22335.8	0.160386	77557.5	1464.8	1464.27
neutron	939.565	21.6247	75122.5	0	0
neutron	939.565	2.10735	75122.5	0	0
N14	13040.2	1.9326	75122.5	0	0
Al28	26058.3	0.164784	72273.3	0	0
neutron	939.565	6.54135	75058.2	0	0
neutron	939.565	4.61806	75058.2	0	0
C13	12109.5	0.912969	75058.2	0	0
O16	14895.1	0.21555	92187.8	9588.59	9588.26
Na24	22341.8	0.214253	77036.5	0	0
Si28	26053.2	0.119328	94923.7	14405.7	14405.5
O16	14895.1	0.242568	82318.7	5060.35	5059.8
neutron	939.565	7.94015	73524.5	0	0
Mg26	24196.5	0.413157	73524.5	0	0
Mg24	22335.8	0.187272	90417.8	11128.6	11128.4
neutron	939.565	0.984107	72284.9	0	0
Ne23	21414.1	0.3383	72284.9	0	0
O16	14895.1	1.12713	83937.5	7293.78	7292.55
Na24	22341.8	0.202398	72448.5	0	0
O16	14895.1	0.218012	91732.5	12348.5	12347.9
N16	14906	0.280782	73827.1	0	0
O16	14895.1	0.315282	86504.4	7476.81	7475.95
neutron	939.565	19.0564	74659.2	0	0
Mg26	24196.5	0.758977	74659.2	0	0
O16	14895.1	0.466736	82670.9	6014.9	6014.23
N16	14906	0.293197	72891.3	0	0
O16	14895.1	0.331956	99306.5	16954.4	16953.9
neutron	939.565	21.1092	75920.9	0	0
neutron	939.565	9.1288	75920.9	0	0
Ne21	19550.5	0.303495	75920.9	0	0
O16	14895.1	0.279985	97194.4	15573.2	15572.9
neutron	939.565	4.39228	73989	0	0
Mg26	24196.5	0.557542	73989	0	0
O16	14895.1	1.07249	89117.3	10030.6	10029.5
Si28	26053.2	0.295046	81613.5	4951.09	4949.95
Al28	26058.3	0.187669	73768.6	0	0
Na24	22341.8	0.195981	73833.2	0	0
O16	14895.1	0.349135	95125.5	14129.5	14129
Si28	26053.2	0.117755	85883	7582.51	7582.31
Si28	26053.2	0.249075	75484.2	1729.19	1728.82
Si28	26053.2	0.527866	99214.3	17032.7	17032.2
Al28	26058.3	0.183042	73056.1	0	0
Fe56	52089.8	0.121762	79018	2987.3	2987.14
neutron	939.565	5.68655	73903.1	0	0
neutron	939.565	2.45599	73903.1	0	0
neutron	939.565	1.16154	73903.1	0	0
Ne20	18617.7	0.330097	73903.1	0	0
Fe56	52089.8	0.0960903	96845.5	15590.8	15590.2
O16	14895.1	0.212757	80749	5227.42	5226.61
O16	14895.1	0.493198	87089.8	8271.99	8271.42
neutron	939.565	5.1911	74529	0	0
Al27	25126.5	0.407005	74529	0	0
O16	14895.1	0.411384	89938.6	11185.3	11184.5
O16	14895.1	0.760186	78387	1376.2	1375.19
neutron	939.565	2.72501	76072.1	0	0
neutron	939.565	1.89979	76072.1	0	0
neutron	939.565	0.233992	76072.1	0	0
Mg24	22335.8	0.54716	76072.1	0	0
neutron	939.565	0.112985	73157.7	0	0
Mn55	51161.7	0.0928537	73157.7	0	0
Al28	26058.3	0.155395	76151.6	0	0
O16	14895.1	0.236387	75565.6	676.926	676.353
Fe56	52089.8	0.0929792	88784.4	10481.2	10480.9
Al28	26058.3	0.184238	73148.1	0	0
Si28	26053.2	0.210961	90869.4	11013.8	11013.6
O16	14895.1	0.642558	86272.8	7741.24	7740.59
O16	14895.1	0.273391	89405.5	10357.8	10357
neutron	939.565	4.10586	73152.2	0	0
C14	13040.9	0.934115	73152.2	0	0
Mg24	22335.8	0.621901	94740.9	12494.1	12493.5
N16	14906	0.290344	72626.8	0	0
neutron	939.565	3.91138	75452.9	0	0
Mg26	24196.5	0.338709	75452.9	0	0
Mg24	22335.8	2.00997	88566.1	7470.94	7468.57
neutron	939.565	12.6479	76036.5	0	0
neutron	939.565	5.78907	76036.5	0	0
C13	12109.5	0.122961	76036.5	0	0
neutron	939.565	22.88	72471.6	0	0
neutron	939.565	16.0174	72471.6	0	0
neutron	939.565	3.20335	72471.6	0	0
Mg24	22335.8	0.548477	72471.6	0	0
neutron	939.565	17.7259	75388.6	0	0
neutron	939.565	11.3689	75388.6	0	0
neutron	939.565	3.91273	75388.6	0	0
C12	11174.9	1.11631	75388.6	0	0
O16	14895.1	0.401525	78573.8	3030.42	3029.53
neutron	939.565	118.536	94738.6	13946.5	13713.5
neutron	939.565	78.3249	94738.6	13946.5	13713.5
Si26	24204.6	1.16366	94738.6	13946.5	13713.5
Na24	22341.8	0.202753	75301.3	0	0
neutron	939.565	2.33289	74391.1	0	0
Al27	25126.5	0.193738	74391.1	0	0
O16	14895.1	0.201504	94101.9	13700.2	13700
Mg24	22335.8	0.162314	89692.8	10516.3	10516
Fe56	52089.8	0.111992	87033	8883.15	8882.68
O16	14895.1	0.330905	94937.6	14300	14299.3
neutron	939.565	9.47062	74629.2	0	0
neutron	939.565	2.18764	74629.2	0	0
Cr53	49301.7	0.557563	74629.2	0	0
Al28	26058.3	0.187311	71904.4	0	0
O16	14895.1	0.413055	99882.1	17357.9	17356.9
neutron	939.565	2.1107	71753.7	0	0
Al27	25126.5	0.31854	71753.7	0	0
neutron	939.565	0.72688	73482.7	0	0
Mg26	24196.5	0.143664	73482.7	0	0
Mg26	24196.5	0.123317	76838.4	1041.77	1041.56
Si28	26053.2	0.10946	82604.4	6011.72	6011.46
O16	14895.1	0.209719	74125.5	77.386	76.7942
O16	14895.1	0.52616	87903	8578.86	8578.33
Si28	26053.2	0.161361	98107.5	16277.3	16277
neutron	939.565	9.74994	74426.7	0	0
neutron	939.565	3.00407	74426.7	0	0
Mg25	23268	0.350088	74426.7	0	0
Si28	26053.2	0.445292	81168.4	2382.26	2381.7
O16	14895.1	0.56777	81581.4	4209.68	4208.37
O16	14895.1	0.619729	94923.4	12519.7	12517.4
Na24	22341.8	0.212617	75307.8	0	0
Mg24	22335.8	0.184775	97868.2	15173.7	15173.2
Si28	26053.2	0.113434	85908.2	7038.89	7038.49
O16	14895.1	0.342005	87796	10222.4	10221.3
Mg24	22335.8	0.131154	98851.1	16806.4	16806
neutron	939.565	20.1138	78113	0	0
Ne22	20479.7	0.453265	78113	0	0
O16	14895.1	0.353204	98173.2	16379.4	16378.9
O16	14895.1	0.189255	75668.8	2004.66	2004.07
neutron	939.565	3.63184	72146.8	0	0
Al27	25126.5	0.208426	72146.8	0	0
Al28	26058.3	0.179597	74068.9	0	0
Si28	26053.2	0.313675	90134.6	10659.4	10659
neutron	939.565	3.21488	73327.6	0	0
neutron	939.565	2.58986	73327.6	0	0
neutron	939.565	1.30455	73327.6	0	0
Mg24	22335.8	0.412289	73327.6	0	0
Si28	26053.2	0.115567	97671.8	15597.4	15597
O16	14895.1	0.394697	80695.8	3212.17	3211.05
Mg26	24196.5	0.185787	94988.1	13611.6	13611.4
Fe54	50231.2	0.0845159	97097.6	15436.2	15435.5
O16	14895.1	0.246789	95471.4	14449.8	14449.2
Fe56	52089.8	0.0582361	90277.3	11508.5	11507.8
O16	14895.1	0.307381	89999.4	9571.28	9570.78
neutron	939.565	0.479265	74424.5	0	0
Al27	25126.5	0.108845	74424.5	0	0
Mg24	22335.8	0.58783	96503.4	14994.9	14994.2
Si28	26053.2	0.193291	94423.9	7367.33	7366.91
O16	14895.1	1.03313	91791.4	11861.9	11860.6
Si28	26053.2	0.11146	92377.1	12365.7	12365.4
O16	14895.1	0.279559	87512.2	8402.27	8401.48
neutron	939.565	4.65355	74602.5	0	0
neutron	939.565	4.44828	74602.5	0	0
neutron	939.565	3.60454	74602.5	0	0
C12	11174.9	1.02847	74602.5	0	0
O16	14895.1	0.288766	88549.2	9383.44	9383.03
neutron	939.565	9.5598	74487.5	0	0
neutron	939.565	7.78607	74487.5	0	0
Ne21	19550.5	0.702729	74487.5	0	0
Si28	26053.2	0.136333	86075.9	5934.72	5934.54
Mg26	24196.5	1.26745	86809.2	8312.42	8310.69
Mg24	22335.8	0.141488	92200.7	12562.5	12562.2
Al28	26058.3	0.177389	74569.5	0	0
neutron	939.565	8.14273	78978.1	0	0
alpha	3727.38	9.16032	78978.1	0	0
O16	14895.1	5.22454	78978.1	0	0
O16	14895.1	0.216021	81309.1	4567.62	4567.32
Si28	26053.2	0.872863	91600.2	10562.3	10561.2
neutron	939.565	17.0279	74680	0	0
neutron	939.565	3.94033	74680	0	0
Mg25	23268	1.02184	74680	0	0
Al28	26058.3	0.175022	72894.9	0	0
neutron	939.565	13.0611	72849.2	0	0
neutron	939.565	3.31083	72849.2	0	0
neutron	939.565	2.03746	72849.2	0	0
neutron	939.565	0.985653	72849.2	0	0
neutron	939.565	0.219425	72849.2	0	0
Cr50	46512.2	0.770107	72849.2	0	0
neutron	939.565	8.71767	72745.7	0	0
neutron	939.565	7.78382	72745.7	0	0
C12	11174.9	2.19625	72745.7	0	0
Si28	26053.2	0.177236	92304.8	12457.5	12456.9
O16	14895.1	0.233009	94536.5	13575.4	13575.1
Na24	22341.8	0.207835	75266.9	0	0
Mg24	22335.8	0.236596	97984.4	16184.4	16183.9
Al28	26058.3	0.172245	77739.7	0	0
O16	14895.1	0.384764	83566.6	5308.72	5307.63
Fe56	52089.8	0.0557475	94341.6	13810.9	13810.3
Na24	22341.8	0.208251	73033.1	0	0
Si29	26984.3	1.1928	77767.6	2820.57	2818.6
O16	14895.1	0.358571	90021.7	10866.9	10865.9
neutron	939.565	7.19424	86897.2	8979.57	7542.7
neutron	939.565	4.79805	86897.2	8979.57	7542.7
neutron	939.565	2.30413	86897.2	8979.57	7542.7
C12	11174.9	2.99397	86897.2	8979.57	7542.7
Mg24	22335.8	0.353703	74535.4	955.259	954.419
O16	14895.1	0.388988	74496.3	913.913	913.001
Al28	26058.3	0.172933	71926.6	0	0
Al28	26058.3	0.188522	74460	0	0
O16	14895.1	0.429496	97879	16193.7	16191.8
neutron	939.565	512.913	94412.8	13626.8	12932.5
neutron	939.565	1.35571	94412.8	13626.8	12932.5
Mg24	22335.8	2.56821	94412.8	13626.8	12932.5
O16	14895.1	0.264091	75256.4	155.962	155.196
neutron	939.565	1.54294	75064.6	0	0
N15	13968.9	0.573824	75064.6	0	0
Mn56	52094	0.0814926	72012	0	0
Si28	26053.2	0.109963	81297.8	5222.61	5222.44
Al28	26058.3	0.183534	72918.4	0	0
Fe56	52089.8	0.0810733	84768.8	5381.74	5381.43
Si28	26053.2	0.370128	80299.6	1948.63	1948.09
O16	14895.1	0.280383	97375.1	15761.2	15760.7
neutron	939.565	1.58165	73638	0	0
Al27	25126.5	0.327206	73638	0	0
O16	14895.1	0.216729	95391.9	12030.3	12029.7
O16	14895.1	0.244081	91204.5	9655.35	9654.98
O16	14895.1	0.236017	76722.7	296.362	295.507
Na24	22341.8	0.206032	71670.7	0	0
O16	14895.1	0.227741	88158.5	9695.27	9694.95
Na24	22341.8	0.214733	72566.1	0	0
Si28	26053.2	0.125666	78294.3	1237.72	1237.41
Na24	22341.8	0.213296	76192.8	0	0
Si28	26053.2	0.235377	99635.4	17259.5	17259
O16	14895.1	0.234314	92231.4	12662.2	12662
Mg26	24196.5	0.165834	87640.5	9714.44	9714.25
neutron	939.565	14.4905	73821.4	0	0
neutron	939.565	10.1694	73821.4	0	0
neutron	939.565	0.798952	73821.4	0	0
C12	11174.9	0.253724	73821.4	0	0
neutron	939.565	9.94129	74450.5	0	0
neutron	939.565	0.78839	74450.5	0	0
Na24	22341.8	0.65831	74450.5	0	0
O16	14895.1	0.33681	95994	14679.6	14679.2
Al28	26058.3	0.162701	73981.7	0	0
O16	14895.1	0.216184	83010.5	6442.34	6441.58
Fe56	52089.8	0.162486	90755.6	10944.4	10944.3
O16	14895.1	0.580418	90874.9	11359.4	11358.6
Si28	26053.2	0.291352	88935.7	9929.86	9928.9
Mg24	22335.8	0.666848	79700.9	3577.81	3576.9
O16	14895.1	0.19895	78759.6	3547.92	3547.61
Na24	22341.8	0.209785	73126.5	0	0
O16	14895.1	0.251769	97547.8	15954.8	15954.3
Al28	26058.3	0.163048	72224.9	0	0
neutron	939.565	2.43026	72903.8	0	0
neutron	939.565	1.06044	72903.8	0	0
Mg25	23268	0.378879	72903.8	0	0
neutron	939.565	1.00151	75190	0	0
Al29	26988.5	0.12903	75190	0	0
Al28	26058.3	0.175042	76258.4	0	0
O16	14895.1	0.304229	92839.4	12333.8	12333.1
O16	14895.1	0.355579	87874.9	9311.07	9310.56
O16	14895.1	0.223101	94121.6	13814.1	13813.9
Si28	26053.2	0.300202	85309.8	8226.61	8226.31
O16	14895.1	0.269944	75495	1021.12	1020.14
neutron	939.565	4.52603	73728.2	0	0
N15	13968.9	0.474651	73728.2	0	0
Mg25	23268	0.401619	93513.7	13415.8	13414.8
Al28	26058.3	0.181313	73044.1	0	0
O16	14895.1	0.936641	95768.1	14792.1	14791.2
neutron	939.565	8.48144	72421.7	0	0
neutron	939.565	8.06141	72421.7	0	0
neutron	939.565	5.2227	72421.7	0	0
alpha	3727.38	4.17461	72421.7	0	0
O16	14895.1	1.48824	72421.7	0	0
Mg24	22335.8	0.129727	99678.8	17296.7	17296.2
Si28	26053.2	0.254531	99265.4	17069.9	17069.6
O16	14895.1	0.235208	91376.4	12094	12093.3
Na25	23272.4	0.20593	75110.4	0	0
neutron	939.565	2.72876	77826.7	0	0
Mg24	22335.8	1.13119	77826.7	0	0
neutron	939.565	14.7249	73713.3	0	0
Ne22	20479.7	1.23149	73713.3	0	0
Mg26	24196.5	0.136219	85276	7122.76	7122.21
O16	14895.1	0.293659	80296.3	3405.68	3405.3
neutron	939.565	6.31505	74570.1	0	0
Mg26	24196.5	0.773101	74570.1	0	0
Si28	26053.2	0.139819	82623.2	4338.48	4338.25
Si28	26053.2	0.332279	80037.9	3620.5	3619.81
neutron	939.565	1.46726	74253	0	0
Al27	25126.5	0.0359092	74253	0	0
Al28	26058.3	0.171048	73413.6	0	0
Si28	26053.2	0.11457	86452.2	8862.62	8862.07
neutron	939.565	0.867343	73736.4	0	0
N15	13968.9	0.42684	73736.4	0	0
O16	14895.1	0.758274	97184	15666.8	15665.5
Mg24	22335.8	0.233432	89419.5	10671.7	10671.4
O16	14895.1	0.392766	88285.8	8266.65	8266.01
Si28	26053.2	0.154251	82829.4	4346.42	4346.21
O16	14895.1	0.194832	99442.1	16914.8	16913.7
O16	14895.1	0.420311	92308.9	11740.5	11739.7
Na24	22341.8	0.208714	76070.4	0	0
neutron	939.565	0.949564	73860.9	0	0
Na23	21409.2	0.208203	73860.9	0	0
O16	14895.1	2.29764	91937.1	12297.9	12295.4
neutron	939.565	4.9076	73821.2	0	0
Na23	21409.2	0.0198393	73821.2	0	0
O16	14895.1	0.592126	89644.8	9241.59	9240.6
neutron	939.565	21.1793	75262.7	0	0
neutron	939.565	2.26164	75262.7	0	0
neutron	939.565	1.55174	75262.7	0	0
Mg24	22335.8	2.22434	75262.7	0	0
O16	14895.1	0.501853	85723.5	7480.25	7478.09
Ne22	20479.7	0.361832	73998	0	0
Mn56	52094	0.0869056	74477.2	0	0
Mg24	22335.8	0.329959	96344.3	14508.9	14508.3
O16	14895.1	0.286674	96186.5	15149.2	15148.6
Na24	22341.8	0.205507	72631.3	0	0
O16	14895.1	2.20552	88081.6	8081.78	8078.6
Na24	22341.8	0.213066	72900.3	0	0
Mg24	22335.8	0.244937	97184.7	11243	11242.1
O16	14895.1	1.6044	84698.2	6767.39	6765.46
Al28	26058.3	0.159447	74683.8	0	0
Mg25	23268	0.220721	95815.6	13802.1	13801.9
Si28	26053.2	0.267822	80039.1	3296.74	3295.74
Al28	26058.3	0.16402	74582.6	0	0
Al28	26058.3	0.186751	73881	0	0
O16	14895.1	0.555805	78114.4	3194.77	3193.48
O16	14895.1	0.245169	76431.8	2187.96	2187.23
neutron	939.565	18.1463	72801.7	0	0
neutron	939.565	0.727012	72801.7	0	0
C13	12109.5	3.18986	72801.7	0	0
O16	14895.1	0.200164	78752.4	3386.81	3385.85
O16	14895.1	0.31665	88701.6	9989.42	9988.96
Si28	26053.2	0.298122	75453.2	936.376	935.2
Al28	26058.3	0.153183	73891.5	0	0
Mg24	22335.8	0.427895	99536.6	17190.6	17189.6
O16	14895.1	0.308394	91678.2	11904.5	11904
O16	14895.1	0.256943	78273	2785.41	2785.15
neutron	939.565	21.7156	72979.5	0	0
neutron	939.565	14.238	72979.5	0	0
neutron	939.565	1.06989	72979.5	0	0
Ne20	18617.7	1.70079	72979.5	0	0
Si30	27913.2	0.116407	98467.1	16485.3	16484.3
neutron	939.565	42.6973	94631.7	13624.6	12437
neutron	939.565	4.1023	94631.7	13624.6	12437
neutron	939.565	3.29936	94631.7	13624.6	12437
alpha	3727.38	6.47859	94631.7	13624.6	12437
alpha	3727.38	9.86646	94631.7	13624.6	12437
C12	11174.9	7.11101	94631.7	13624.6	12437
Al28	26058.3	0.184088	75013.8	0	0
neutron	939.565	166.982	90049.7	11176.7	10642.5
neutron	939.565	117.692	90049.7	11176.7	10642.5
neutron	939.565	65.5551	90049.7	11176.7	10642.5
He3	2808.39	25.2692	90049.7	11176.7	10642.5
alpha	3727.38	19.0392	90049.7	11176.7	10642.5
alpha	3727.38	3.65524	90049.7	11176.7	10642.5
neutron	939.565	0.0613265	73928	0	0
Al27	25126.5	0.146516	73928	0	0
Si28	26053.2	0.481529	96785.4	15429.5	15428.9
Al28	26058.3	0.187474	73714.7	0	0
Si28	26053.2	0.554841	82038.4	5983.56	5982.87
Si28	26053.2	0.268071	79615.1	4330.25	4329.59
neutron	939.565	7.21391	76826.7	0	0
neutron	939.565	3.78418	76826.7	0	0
Ne21	19550.5	1.14356	76826.7	0	0
O16	14895.1	0.216026	72559.7	136.437	135.892
Al28	26058.3	0.17419	72404.9	0	0
Mg25	23268	0.273023	97587.9	15878.2	15877.3
O16	14895.1	0.239598	83088.8	6448.67	6448.13
neutron	939.565	6.20636	73108.4	0	0
neutron	939.565	2.23112	73108.4	0	0
C12	11174.9	2.54652	73108.4	0	0
Si29	26984.3	0.123595	78790.1	3249.95	3249.56
neutron	939.565	1.21588	73362.3	0	0
Al27	25126.5	0.0520476	73362.3	0	0
neutron	939.565	16.4831	75019	0	0
neutron	939.565	2.13878	75019	0	0
neutron	939.565	0.936138	75019	0	0
Mg24	22335.8	0.561235	75019	0	0
Na24	22341.8	0.216625	73467.9	0	0
Si28	26053.2	0.128729	83273.8	6992.91	6992.61
Si28	26053.2	0.13461	98360.6	16380	16379.6
Fe56	52089.8	0.106455	94283.3	13503.3	13502.9
O16	14895.1	0.197399	88240.2	8882.44	8881.77
O16	14895.1	0.701851	95228	13662.7	13662
Na24	22341.8	0.191668	74250.8	0	0
neutron	939.565	1457.21	88498.2	9643.45	5257.28
Mg26	24196.5	0.160822	88498.2	9643.45	5257.28
Mg25	23268	0.244087	82080.2	1356.64	1356.39
neutron	939.565	5.9497	98508	16559.6	15932.8
Ne24	22344.8	2.56338	98508	16559.6	15932.8
neutron	939.565	0.370912	76104.6	0	0
Na23	21409.2	0.190661	76104.6	0	0
O16	14895.1	0.220319	91458.8	11095.4	11094.9
Al28	26058.3	0.174529	74012.5	0	0
O16	14895.1	0.336856	91627.4	10775.1	10774.7
Mg26	24196.5	0.146139	78283.6	1400.79	1400.34
O16	14895.1	0.19638	85652.6	7878.33	7878.06
neutron	939.565	0.0965062	73215.6	0	0
Al27	25126.5	0.150185	73215.6	0	0
O18	16762	0.172931	91908.5	12062.7	12062.2
Si28	26053.2	0.371942	78339.8	3483.23	3482.72
neutron	939.565	0.884418	72623.4	0	0
Al27	25126.5	0.124903	72623.4	0	0
Fe56	52089.8	0.149004	95434.1	9476.27	9476
Mg24	22335.8	0.171774	85567	2918.22	2917.59
Mg26	24196.5	0.680535	88292.4	9383.41	9382.59
O16	14895.1	0.292945	86824	5932.52	5932.2
O16	14895.1	0.190809	92245.8	12181	12180.4
Mg25	23268	0.571388	93869.4	12872.4	12871.3
Si30	27913.2	0.112781	87560.8	8399.97	8399.59
Mg24	22335.8	0.326806	80891	4136.03	4135.58
O16	14895.1	0.379448	75074.9	598.231	597.356
neutron	939.565	0.213539	74069.7	0	0
Mn55	51161.7	0.101943	74069.7	0	0
O16	14895.1	0.790863	94310.8	12377	12375.7
Mg26	24196.5	0.116594	88161.9	8493.26	8493.06
O16	14895.1	0.332989	87184.6	8583.3	8581.91
Na24	22341.8	0.197677	73810.4	0	0
Si28	26053.2	0.305269	81016.1	5792.08	5791.54
Al28	26058.3	0.163527	72342.6	0	0
Mg24	22335.8	0.223805	88627.2	9966.32	9965.9
neutron	939.565	16.5389	72980.4	0	0
neutron	939.565	3.93255	72980.4	0	0
neutron	939.565	0.78152	72980.4	0	0
C12	11174.9	0.146891	72980.4	0	0
O16	14895.1	0.196842	75834.5	1938.41	1938.15
O16	14895.1	0.291391	75228.9	1572.07	1570.67
Si28	26053.2	0.202337	91081.8	11907.6	11907.3
O16	14895.1	0.285385	79132.2	3713.88	3713.59
Al28	26058.3	0.183675	73238.6	0	0
neutron	939.565	4.74291	74182.7	0	0
neutron	939.565	2.40873	74182.7	0	0
neutron	939.565	1.89399	74182.7	0	0
Mg25	23268	0.111222	74182.7	0	0
O16	14895.1	0.504603	83669.1	6236.87	6236
O16	14895.1	1.55374	93424.2	12880.2	12877.5
neutron	939.565	413.134	87046.1	8073.28	7421.09
neutron	939.565	6.8937	87046.1	8073.28	7421.09
neutron	939.565	0.18666	87046.1	8073.28	7421.09
Mg23	21412.8	1.94719	87046.1	8073.28	7421.09
O16	14895.1	0.255547	77003.6	366.024	365.64
Mg24	22335.8	0.317313	87082.1	9196.03	9195.5
Si28	26053.2	0.259646	75357.6	637.43	637.015
neutron	939.565	4.46899	74299	0	0
neutron	939.565	3.65539	74299	0	0
neutron	939.565	0.564879	74299	0	0
Mg24	22335.8	0.242818	74299	0	0
Mg24	22335.8	0.444139	77291.7	1550.02	1549.54
Na24	22341.8	0.203804	74778.9	0	0
O16	14895.1	0.258669	83547.7	6606.55	6604.87
neutron	939.565	0.386228	74381.4	0	0
N15	13968.9	0.207104	74381.4	0	0
O16	14895.1	0.205659	87761.4	9621.76	9621.55
Na26	24206.4	0.182488	72977.5	0	0
O16	14895.1	0.400418	96463.5	14821.9	14821.1
O16	14895.1	2.12892	90786.4	10863.1	10858
N16	14906	0.295055	76268.4	0	0
neutron	939.565	4.41223	74797.4	0	0
neutron	939.565	4.36386	74797.4	0	0
neutron	939.565	1.39437	74797.4	0	0
Cr52	48370	0.0594748	74797.4	0	0
neutron	939.565	94.1518	98159.2	16044.2	15375.7
N14	13040.2	0.228178	98159.2	16044.2	15375.7
O16	14895.1	0.202926	88767.9	9916	9915.8
Si28	26053.2	0.129504	81173.5	4498.7	4498.41
Si28	26053.2	0.469116	75284.8	977.36	976.646
Si28	26053.2	0.127283	77812.2	1620.82	1620.31
neutron	939.565	7.50771	75039.3	0	0
neutron	939.565	5.65551	75039.3	0	0
C12	11174.9	0.783336	75039.3	0	0
neutron	939.565	7.49284	76990.8	0	0
neutron	939.565	5.35157	76990.8	0	0
neutron	939.565	1.43586	76990.8	0	0
Ne21	19550.5	0.106887	76990.8	0	0
Si28	26053.2	0.143115	93632.4	13548	13547.2
Si28	26053.2	1.35472	81185.8	1726.47	1724.57
Mg26	24196.5	1.37925	96090.3	14627.7	14625.7
O16	14895.1	0.843288	93307.5	12852.1	12850.8
Ne22	20479.7	1.00399	82918	5841.18	5203.33
neutron	939.565	10.7052	74332.3	0	0
neutron	939.565	7.54885	74332.3	0	0
C12	11174.9	1.55592	74332.3	0	0
Si29	26984.3	1.29351	95914.2	14859.1	14857.6
Si28	26053.2	0.179868	85952.9	7646.8	7646.44
Si28	26053.2	0.252974	79983.1	3680.89	3680
Al28	26058.3	0.187136	73435.9	0	0
O16	14895.1	0.21744	76808.6	2612.22	2611.77
neutron	939.565	8.16675	72366.6	0	0
neutron	939.565	4.55549	72366.6	0	0
neutron	939.565	0.178207	72366.6	0	0
Mg24	22335.8	0.855263	72366.6	0	0
Si28	26053.2	0.19691	88941.3	9160.89	9160.64
O16	14895.1	0.403088	79362	3146.88	3146.42
Si28	26053.2	0.16875	99999.6	17475.3	17475
neutron	939.565	0.385127	72918.8	0	0
Na23	21409.2	0.305581	72918.8	0	0
Mg24	22335.8	0.666772	82856.3	6201.13	6200.09
Mg25	23268	0.299256	75006	557.715	557.345
Mg24	22335.8	0.144276	98512.3	16546	16545.9
Si28	26053.2	0.221258	75497.5	1744.01	1743.38
neutron	939.565	11.5299	72509.2	0	0
neutron	939.565	6.26241	72509.2	0	0
neutron	939.565	2.23903	72509.2	0	0
C12	11174.9	1.13875	72509.2	0	0
neutron	939.565	6.92967	72663	0	0
neutron	939.565	4.54006	72663	0	0
neutron	939.565	1.87898	72663	0	0
Mg24	22335.8	1.57077	72663	0	0
neutron	939.565	6.47131	75643.6	0	0
neutron	939.565	1.16965	75643.6	0	0
Ne21	19550.5	0.643076	75643.6	0	0
Si28	26053.2	0.241528	98020.8	16269.8	16268.7
Si28	26053.2	0.247443	96824.7	15419.9	15419.6
Na24	22341.8	0.214754	73574.7	0	0
Si28	26053.2	0.124577	87292.9	8642.21	8641.89
O16	14895.1	0.213499	75758.1	1405.97	1405.37
Mg24	22335.8	0.131255	81412.3	5902.75	5902.52
O16	14895.1	0.482179	97873.4	15982.3	15981.7
Si28	26053.2	0.236716	78495.2	3232.48	3231.67
neutron	939.565	20.1947	73230.3	0	0
neutron	939.565	7.08054	73230.3	0	0
neutron	939.565	3.81943	73230.3	0	0
Ne20	18617.7	0.721175	73230.3	0	0
O16	14895.1	0.673216	93559	11878.4	11877.7
neutron	939.565	6.95116	75939.3	0	0
neutron	939.565	4.99854	75939.3	0	0
alpha	3727.38	14.3151	75939.3	0	0
F18	16763.2	2.5478	75939.3	0	0
Si28	26053.2	0.127859	95222.8	14278.1	14277.6
O16	14895.1	0.260303	87468.4	9359.58	9359.1
Si28	26053.2	0.35874	76165.4	1506.75	1506.11
neutron	939.565	3.94	73709.2	0	0
N15	13968.9	0.609327	73709.2	0	0
Si28	26053.2	0.261221	99434.9	17137.7	17137.3
O16	14895.1	0.267346	98678.3	16662.1	16661.8
Mg24	22335.8	0.26628	93684.4	6673.94	6673.25
O16	14895.1	0.201939	97021	15544.6	15542.1
Mg24	22335.8	0.130936	88624.2	9257.95	9257.56
Si28	26053.2	0.647382	97374.6	15754.8	15753.6
O16	14895.1	0.621666	85718.9	6821	6819.94
neutron	939.565	0.750256	74766	0	0
Mg26	24196.5	0.225187	74766	0	0
Mg25	23268	0.270896	95203.3	14199.5	14199
O16	14895.1	1.93408	93692.5	13304.4	13302.2
Si28	26053.2	0.186029	79233	3782.29	3782.06
Mg26	24196.5	0.887225	73050.7	0	0
Na24	22341.8	0.211337	75141.3	0	0
Mg24	22335.8	0.127749	98576.2	16640.8	16640.2
O16	14895.1	0.215702	80572.6	5062.64	5062.31
Na24	22341.8	0.193278	72259.4	0	0
O16	14895.1	0.564168	88096.8	9547.56	9546.99
Fe56	52089.8	0.314629	83755.5	4927.92	4927.48
Al28	26058.3	0.15964	75644.1	0	0
Si28	26053.2	0.119019	97421.7	15939.9	15939.7
O16	14895.1	0.33457	85028.8	6186.49	6185.59
O16	14895.1	0.31592	81648	3793.65	3792.07
Si28	26053.2	0.286167	81634.6	3782.03	3781.62
Na26	24206.4	0.183753	74105.9	0	0
O16	14895.1	0.215693	80087.4	3356.25	3355.75
neutron	939.565	1.85106	74539.4	0	0
C14	13040.9	1.15271	74539.4	0	0
O16	14895.1	0.549156	97706.6	15961.9	15960.9
O16	14895.1	3.74155	95361.9	14450.5	14446.1
O16	14895.1	0.59824	87689.2	8964.73	8963.37
neutron	939.565	4.0041	73642.2	0	0
neutron	939.565	2.54632	73642.2	0	0
neutron	939.565	1.88266	73642.2	0	0
alpha	3727.38	3.0024	73642.2	0	0
O16	14895.1	2.41802	73642.2	0	0
Mg24	22335.8	0.45783	94417.8	13447.7	13447.1
Fe54	50231.2	0.118175	94320.1	13541.5	13541.3
Mg24	22335.8	0.168973	91712	11807.3	11806.9
Si28	26053.2	0.134145	74547.3	922.209	921.934
neutron	939.565	0.323029	72751.8	0	0
Al27	25126.5	0.128964	72751.8	0	0
O16	14895.1	0.196312	75364	1251.79	1251.4
Al28	26058.3	0.187904	72870.5	0	0
Al28	26058.3	0.180785	73433.9	0	0
neutron	939.565	10.3403	76605.2	0	0
alpha	3727.38	10.4849	76605.2	0	0
O17	15830.5	0.512492	76605.2	0	0
O16	14895.1	0.192296	89572.3	9350.04	9349.66
Al28	26058.3	0.182602	75469.8	0	0
Fe56	52089.8	0.166199	98406.4	16482.6	16482.4
O16	14895.1	0.44949	80736	4175.76	4175.06
Na24	22341.8	0.185437	74084.3	0	0
O16	14895.1	0.419429	99355.1	17096	17095.4
O16	14895.1	0.288176	91912.4	12018.5	12017.8
Al28	26058.3	0.173806	73980.2	0	0
O16	14895.1	0.988341	97478.3	15699.7	15698.4
O16	14895.1	0.411349	83403.2	6463.76	6463.26
neutron	939.565	3.44791	73279.2	0	0
Mg26	24196.5	0.135076	73279.2	0	0
Si28	26053.2	0.204832	95555.3	14702.4	14701.5
Al28	26058.3	0.191863	73061.1	0	0
Si27	25130.8	0.399739	77090.9	2694.46	1935.29
neutron	939.565	0.699462	74745.1	0	0
N15	13968.9	0.173849	74745.1	0	0
neutron	939.565	5.00475	72677.5	0	0
neutron	939.565	3.55225	72677.5	0	0
neutron	939.565	3.46197	72677.5	0	0
C12	11174.9	4.35987	72677.5	0	0
O16	14895.1	0.208491	87315.3	8302.24	8301.63
neutron	939.565	0.285108	75464.4	0	0
Al27	25126.5	0.0976747	75464.4	0	0
neutron	939.565	14.6594	72698.8	0	0
N15	13968.9	1.16716	72698.8	0	0
Si28	26053.2	0.115492	89970.8	8723.75	8723.23
neutron	939.565	1.92763	75972.3	0	0
Na23	21409.2	0.42966	75972.3	0	0
O16	14895.1	0.22322	96365.4	14803.6	14802.8
O16	14895.1	0.598449	80219.1	2236.54	2235.81
O16	14895.1	0.258809	94737.1	14085.6	14085
neutron	939.565	4.66368	88562.1	0	0
C14	13040.9	1.01774	88562.1	0	0
neutron	939.565	1.61352	81101.3	0	0
neutron	939.565	0.758707	81101.3	0	0
Mg24	22335.8	0.679881	81101.3	0	0
O16	14895.1	0.305427	85241.6	7143.01	7142.25
O16	14895.1	0.481042	83896.7	6345.56	6345.04
neutron	939.565	0.990786	73965.9	0	0
Al27	25126.5	0.0861835	73965.9	0	0
O16	14895.1	0.292105	88332.3	4604.44	4603.71
Mg24	22335.8	0.329883	82746.3	5201.24	5200.16
O16	14895.1	0.240247	79039.6	1653.7	1653.4
N16	14906	0.278203	76132.8	0	0
Si28	26053.2	0.125162	85812.8	5782.48	5782.05
neutron	939.565	4.95558	76505.5	0	0
neutron	939.565	2.39001	76505.5	0	0
alpha	3727.38	5.43829	76505.5	0	0
O16	14895.1	1.57006	76505.5	0	0
Si28	26053.2	0.375715	98007.7	16152.7	16151.8
O16	14895.1	0.358569	96190.3	15099.3	15098.4
O15	13971.2	2.27487	88353.2	9179.34	8972.9
Si28	26053.2	0.115161	80621.5	3886.27	3885.98
Mg24	22335.8	0.159642	75526.4	703.567	702.516
O16	14895.1	0.230561	84348.3	5628.33	5627.76
neutron	939.565	3.40172	75399.9	0	0
neutron	939.565	1.27685	75399.9	0	0
Mg25	23268	0.44944	75399.9	0	0
Mg24	22335.8	0.145173	98299.4	16335.9	16334.5
Mg24	22335.8	0.348514	75177.1	358.958	358.006
O16	14895.1	0.508269	97787.6	16071.1	16070.4
Mg24	22335.8	0.994685	94773.7	14235.2	14233.7
O16	14895.1	0.674494	86432.9	7607.19	7606.45
neutron	939.565	1.13297	73945.4	0	0
Mg26	24196.5	0.524132	73945.4	0	0
O16	14895.1	0.316106	82233.2	2091.31	2090.49
O16	14895.1	0.243875	77648.5	2829.9	2829.59
neutron	939.565	4.13283	72971.6	0	0
neutron	939.565	3.17824	72971.6	0	0
neutron	939.565	1.29096	72971.6	0	0
neutron	939.565	1.06903	72971.6	0	0
Mg24	22335.8	1.16734	72971.6	0	0
O16	14895.1	0.365455	82695.6	4992.92	4992.31
O16	14895.1	0.229933	99383.7	16965.1	16964.4
Si28	26053.2	0.154122	76763.3	1790.62	1790.24
Si28	26053.2	0.679119	95955.9	15027.9	15026.7
neutron	939.565	8.39353	73898.7	0	0
Ne22	20479.7	0.681105	73898.7	0	0
O16	14895.1	0.203409	99336.9	17056	17055.5
Si28	26053.2	0.277214	92244.4	12236.5	12234
Na24	22341.8	0.202807	74403.4	0	0
O16	14895.1	0.231484	99658.5	17287.3	17286.7
O16	14895.1	0.279107	80647.1	3802.62	3801.22
O16	14895.1	0.767849	83663.3	6232.11	6231.26
Si28	26053.2	0.26352	81102.9	4636.17	4635.88
Si28	26053.2	0.217008	82785.7	5705.14	5704.88
Si28	26053.2	0.188474	75725.3	1456.54	1456.23
O16	14895.1	2.77514	83831.5	6845.09	6842.01
O16	14895.1	0.220731	81306.8	5016.91	5015.75
O16	14895.1	0.190271	94608.6	14010.4	14010
neutron	939.565	12.7262	75311.2	0	0
neutron	939.565	10.1613	75311.2	0	0
neutron	939.565	1.94496	75311.2	0	0
C12	11174.9	3.33714	75311.2	0	0
O16	14895.1	0.261606	92812.6	12393.6	12392.8
neutron	939.565	10.1281	72511	0	0
neutron	939.565	5.10251	72511	0	0
neutron	939.565	3.18667	72511	0	0
neutron	939.565	0.311718	72511	0	0
Ne21	19550.5	1.11854	72511	0	0
O16	14895.1	0.217737	92375.2	12361.6	12361.3
O16	14895.1	0.190346	74818.1	177.338	176.708
O16	14895.1	0.384368	80427.8	3899.55	3899.15
Mg24	22335.8	0.152617	84680.3	5228.35	5227.69
O16	14895.1	0.336856	78099.2	750.672	750.183
neutron	939.565	6.27299	76827.4	0	0
Mg26	24196.5	0.67322	76827.4	0	0
Si28	26053.2	0.189421	86524.5	7496.78	7496.55
Mg24	22335.8	0.186469	85828	8478.92	8478.64
Mg25	23268	0.227844	82269.7	5698.67	5698.29
Si28	26053.2	0.151461	76613.6	1575.66	1575.43
neutron	939.565	7.7302	73269.4	0	0
neutron	939.565	3.91031	73269.4	0	0
neutron	939.565	3.0279	73269.4	0	0
neutron	939.565	1.98819	73269.4	0	0
neutron	939.565	0.712308	73269.4	0	0
Cr50	46512.2	0.269661	73269.4	0	0
Si28	26053.2	0.505846	99583.9	17241.9	17241.4
O16	14895.1	0.206391	90391.1	10858.6	10858.2
Si28	26053.2	0.195165	77395.4	1207.32	1206.66
neutron	939.565	11.852	75264.2	0	0
neutron	939.565	7.69137	75264.2	0	0
neutron	939.565	2.44758	75264.2	0	0
C11	10254	1.98126	75264.2	0	0
Al28	26058.3	0.18561	75878.6	0	0
Mg24	22335.8	0.145041	99253.4	17047.2	17047.1
O16	14895.1	0.801847	81706.5	4876.74	4875.28
neutron	939.565	26.8754	74247.8	0	0
neutron	939.565	17.5872	74247.8	0	0
Mg26	24196.5	0.244027	74247.8	0	0
O16	14895.1	0.230645	82913.3	6460.65	6460.29
Al28	26058.3	0.179981	72698.3	0	0
Mg24	22335.8	1.36065	78989.1	3222.16	3220.76
neutron	939.565	2.24147	73819.4	0	0
N15	13968.9	0.224835	73819.4	0	0
O16	14895.1	0.200888	83543.6	6324.53	6324.28
Si28	26053.2	0.199745	76370.2	1816.37	1815.91
Mg26	24196.5	0.159223	85472.8	8218.89	8218.63
C14	13040.9	0.227973	85261.4	8090.06	5722.69
Fe56	52089.8	0.0625718	94613.9	12819.1	12818.7
Fe56	52089.8	0.0647074	99805.4	17162.2	17161.8
Mg24	22335.8	0.292311	95965.9	14588.3	14586.9
O16	14895.1	0.268449	86060.8	8449.84	8448.99
neutron	939.565	0.352931	73237.9	0	0
Al27	25126.5	0.0964524	73237.9	0	0
Si28	26053.2	0.2061	93645.9	13409.1	13408.7
Al28	26058.3	0.188385	79445.5	0	0
O16	14895.1	0.193061	84829.9	8191.12	8190.9
O16	14895.1	0.354037	92987.2	12666.3	12665.9
O16	14895.1	0.212379	84828	7143.64	7143.09
O16	14895.1	0.237801	93949.5	13384	13380.9
Si28	26053.2	0.209376	85493.4	7727	7726.26
O16	14895.1	0.371878	81866	5414.38	5413.87
O16	14895.1	0.268394	86158.6	8047.32	8046.36
Al28	26058.3	0.18342	73137	0	0
Si28	26053.2	0.190624	91760.8	11145.4	11145.2
Al28	26058.3	0.178044	72813.4	0	0
neutron	939.565	34.8032	75884.5	0	0
neutron	939.565	2.58897	75884.5	0	0
Na23	21409.2	1.06738	75884.5	0	0
Si28	26053.2	0.148933	85550.9	7134.66	7134
Mn56	52094	0.089763	74122.7	0	0
Mg24	22335.8	0.156746	94286.1	13210.3	13210.1
Si28	26053.2	0.225924	84698.9	7409.69	7409.36
O16	14895.1	0.324372	78435.4	3743.81	3743.41
neutron	939.565	15.4388	74530.1	0	0
neutron	939.565	3.23477	74530.1	0	0
neutron	939.565	0.668649	74530.1	0	0
C12	11174.9	1.44094	74530.1	0	0
O16	14895.1	0.448928	98950.8	16506.2	16505.7
O16	14895.1	0.402224	83445.2	5299.29	5298.42
Si28	26053.2	0.248185	77665.8	1604.01	1603.56
Mg26	24196.5	0.943161	80835.2	4084.53	4083.53
Si28	26053.2	0.110584	98084.5	16215.6	16215.2
neutron	939.565	5.41548	74048	0	0
Na23	21409.2	0.539466	74048	0	0
Al28	26058.3	0.184644	75158.4	0	0
Fe56	52089.8	0.0841329	93662.2	13115.2	13114.2
Mg24	22335.8	0.310243	79326.6	3283.84	3282.48
O16	14895.1	0.235002	74678.2	553.858	553.184
Al28	26058.3	0.188394	73814.3	0	0
Mn56	52094	0.0782271	73691.3	0	0
Si28	26053.2	0.406393	98245.8	16382.1	16381.6
Al28	26058.3	0.166756	73663.6	0	0
Fe56	52089.8	0.408197	96285.8	14697.4	14695.4
Si28	26053.2	0.275146	91524.2	8057.98	8057.63
neutron	939.565	5.9096	78987.8	0	0
neutron	939.565	4.84565	78987.8	0	0
F19	17692.3	0.443628	78987.8	0	0
Si28	26053.2	0.305282	85201.4	7477.01	7476.44
Al28	26058.3	0.187285	72814.2	0	0
O16	14895.1	0.249677	81445.5	3100.56	3099.65
Al28	26058.3	0.18366	76344.9	0	0
neutron	939.565	7.3133	79229.8	0	0
neutron	939.565	1.41542	79229.8	0	0
Mg25	23268	0.562007	79229.8	0	0
O16	14895.1	0.234185	84621.7	6765.73	6764.39
Na24	22341.8	0.210774	73580.9	0	0
O16	14895.1	0.697967	88614.1	9243.52	9242.26
neutron	939.565	4.44577	73800.9	0	0
neutron	939.565	0.868348	73800.9	0	0
neutron	939.565	0.599568	73800.9	0	0
Mg24	22335.8	0.644866	73800.9	0	0
neutron	939.565	113.202	99204.2	16928.6	16573.1
O15	13971.2	1.57384	99204.2	16928.6	16573.1
neutron	939.565	20.7932	73326.3	0	0
neutron	939.565	1.03209	73326.3	0	0
Al27	25126.5	0.373263	73326.3	0	0
neutron	939.565	624.655	93616.7	12503.5	7708.38
alpha	3727.38	7.07002	93616.7	12503.5	7708.38
Ne20	18617.7	0.439565	93616.7	12503.5	7708.38
neutron	939.565	1.82922	81455.9	0	0
N15	13968.9	0.501973	81455.9	0	0
O16	14895.1	0.367307	90392.3	11140.3	11139.6
O16	14895.1	0.751474	75579.1	1573.16	1572.04
C14	13040.9	1.80756	94964	14335.2	12468.6
Mg24	22335.8	0.512163	79008.4	1942.05	1940.57
neutron	939.565	272.796	85940.5	8263.05	7542.93
neutron	939.565	2.21242	85940.5	8263.05	7542.93
alpha	3727.38	5.30367	85940.5	8263.05	7542.93
Be8	7454.85	2.04017	85940.5	8263.05	7542.93
O16	14895.1	0.547781	88215.9	9486.3	9485.7
Al28	26058.3	0.165686	73999.6	0	0
O16	14895.1	0.943732	87556.7	9277.62	9276.62
O16	14895.1	0.245099	79384.3	2821.7	2821.26
N16	14906	0.285318	74743.5	0	0
neutron	939.565	3.15853	77303.1	0	0
neutron	939.565	2.57512	77303.1	0	0
neutron	939.565	0.403955	77303.1	0	0
alpha	3727.38	7.81754	77303.1	0	0
O16	14895.1	2.02116	77303.1	0	0
O16	14895.1	0.335026	88069.5	9143.64	9142.67
Mg24	22335.8	0.131808	93088.9	12399.2	12398.8
Si28	26053.2	0.236763	79453.2	3183.21	3182.51
N16	14906	0.290842	74245.8	0	0
O16	14895.1	1.29684	90866.2	11619.8	11618.4
O16	14895.1	0.247002	86895.3	7779.56	7779.11
Mg24	22335.8	0.981675	80353.6	3166.04	3164.57
Si28	26053.2	0.308868	98216.1	16439.4	16438.6
O16	14895.1	0.295516	79870.2	2626.55	2625.98
O16	14895.1	0.241586	99082	16907.2	16906.7
Mg24	22335.8	0.129387	92404.9	11446.5	11446.3
O16	14895.1	0.253307	88562.5	8975.92	8975.49
neutron	939.565	0.697823	74180.7	0	0
N15	13968.9	0.199804	74180.7	0	0
Mg24	22335.8	0.157255	81916.6	5825.7	5825.52
O16	14895.1	0.247338	73692.4	673.148	672.713
O16	14895.1	0.402373	99272.9	16962.7	16961.8
Fe56	52089.8	0.056734	86955.1	8898.93	8897.91
Na25	23272.4	0.197218	74513	0	0
Al28	26058.3	0.175147	74506.7	0	0
O16	14895.1	0.483847	99201.3	16816.3	16814.9
Mg24	22335.8	0.352404	99131.9	16864.5	16863.7
Si28	26053.2	0.166405	93553.7	13365.7	13365
O16	14895.1	0.191178	92590	12794	12793.8
Al29	26988.5	0.169846	72609.3	0	0
O16	14895.1	0.376612	96569.2	15545.5	15544.9
Mg25	23268	0.190459	81431	4782.67	4782.04
Al28	26058.3	0.184496	73568.2	0	0
O16	14895.1	0.212844	98229.1	16401.1	16400.9
O18	16762	0.423378	86109.1	7479.5	7478.77
O16	14895.1	0.390904	93578	13526.4	13525.5
N16	14906	0.289209	73481.8	0	0
Si28	26053.2	0.11022	88035.8	9985.85	9985.72
neutron	939.565	20.2948	72340.2	0	0
neutron	939.565	6.91146	72340.2	0	0
neutron	939.565	2.92014	72340.2	0	0
alpha	3727.38	4.33353	72340.2	0	0
O16	14895.1	3.93511	72340.2	0	0
Mg24	22335.8	0.167436	90454.1	11022.7	11022.5
O16	14895.1	0.313515	88620.7	9567.46	9566.75
neutron	939.565	0.130074	73464.1	0	0
Al27	25126.5	0.126975	73464.1	0	0
Si28	26053.2	0.140438	92102.3	12216.3	12215.9
Fe56	52089.8	0.240407	87701	9324.06	9323.31
Mg26	24196.5	0.162405	88739.1	9195.32	9194.95
neutron	939.565	0.280856	74248.7	0	0
Mn55	51161.7	0.126136	74248.7	0	0
neutron	939.565	10.7739	75147.9	0	0
neutron	939.565	4.35677	75147.9	0	0
neutron	939.565	3.23632	75147.9	0	0
Na23	21409.2	2.11381	75147.9	0	0
Mg24	22335.8	0.276811	78601.4	3304.82	3304.54
N16	14906	0.295158	73002.5	0	0
O16	14895.1	1.11814	83495.5	5819.28	5818.13
Al28	26058.3	0.175633	74488	0	0
Si28	26053.2	0.149985	94313	11315.8	11315.5
Al28	26058.3	0.187683	78584.9	0	0
Mn56	52094	0.0976003	72966.9	0	0
O16	14895.1	0.227668	75011	790.229	789.429
neutron	939.565	8.82145	73645.1	0	0
neutron	939.565	8.55058	73645.1	0	0
neutron	939.565	1.7129	73645.1	0	0
Mg24	22335.8	0.276975	73645.1	0	0
neutron	939.565	19.7927	76235	0	0
Ne22	20479.7	0.677712	76235	0	0
O16	14895.1	0.271193	84084.4	6463.39	6463
Al28	26058.3	0.160351	72093.2	0	0
O16	14895.1	0.402457	85171.5	6938.22	6937.45
neutron	939.565	15.1157	73765	0	0
neutron	939.565	4.03189	73765	0	0
Al26	24200	1.49287	73765	0	0
Mg24	22335.8	0.188831	75163.3	586.271	585.394
neutron	939.565	13.5803	73055.5	0	0
neutron	939.565	1.29062	73055.5	0	0
C13	12109.5	1.7133	73055.5	0	0
Mg24	22335.8	0.291108	76073.8	975.649	975.015
neutron	939.565	24.1543	74495.6	0	0
Ne22	20479.7	0.249504	74495.6	0	0
O16	14895.1	0.287959	81310.1	4669.16	4668.64
neutron	939.565	9.45524	74385.6	0	0
neutron	939.565	2.15236	74385.6	0	0
neutron	939.565	2.07119	74385.6	0	0
Na23	21409.2	1.04879	74385.6	0	0
O16	14895.1	0.415347	75622.4	1807.61	1806.68
O16	14895.1	0.227156	90437.8	10427	10426.2
O16	14895.1	0.617175	85005.6	7610.43	7609.8
neutron	939.565	0.818568	73041.5	0	0
Al27	25126.5	0.0963573	73041.5	0	0
neutron	939.565	607.441	96843.4	15432.8	14251.1
C13	12109.5	1.85923	96843.4	15432.8	14251.1
Mg24	22335.8	0.236643	75372.4	356.855	356.272
Al28	26058.3	0.158076	74880.9	0	0
O16	14895.1	0.2424	85960.4	7836.56	7836.32
neutron	939.565	6.94117	73375.2	0	0
neutron	939.565	1.80127	73375.2	0	0
C13	12109.5	0.354986	73375.2	0	0
Si28	26053.2	0.591247	95134.5	14327.9	14327.1
Mg25	23268	0.156474	75920.3	1908.45	1907.9
neutron	939.565	7.46678	73014.6	0	0
alpha	3727.38	9.98253	73014.6	0	0
Ne21	19550.5	2.14546	73014.6	0	0
O16	14895.1	0.703337	91923.4	12249.9	12248.2
Si28	26053.2	0.148751	89507.8	8228.64	8228.33
neutron	939.565	0.0815703	76459.6	0	0
Al27	25126.5	0.165562	76459.6	0	0
Si28	26053.2	0.290876	96038.7	14987.8	14987.2
neutron	939.565	2.60541	73805	0	0
neutron	939.565	2.33465	73805	0	0
Mg25	23268	0.747041	73805	0	0
O16	14895.1	0.904624	92914.8	11497.2	11496.3
Fe56	52089.8	0.174566	84016.8	5833.76	5833.19
Al28	26058.3	0.182684	74691.8	0	0
Mg26	24196.5	0.15158	79436.9	1369.35	1369.11
neutron	939.565	0.683192	77161.4	0	0
N15	13968.9	0.280121	77161.4	0	0
Mg26	24196.5	1.0372	98830.6	16730.8	16729.6
Mg26	24196.5	0.117475	76680.6	1467.7	1467.19
Na24	22341.8	0.202919	74115.9	0	0
neutron	939.565	248.02	96659.4	15341.2	14967.8
neutron	939.565	4.72427	96659.4	15341.2	14967.8
C12	11174.9	2.65779	96659.4	15341.2	14967.8
Si28	26053.2	0.209202	89476.5	10234.1	10233.7
neutron	939.565	0.344385	73994.4	0	0
N15	13968.9	0.383938	73994.4	0	0
O16	14895.1	0.245772	96157.5	15091	15090.4
O16	14895.1	0.660176	77170.7	1919.48	1918.79
Al28	26058.3	0.184021	73925.9	0	0
Na24	22341.8	0.214687	73703.1	0	0
Mg26	24196.5	0.163954	96598.1	15295.9	15295.2
Mg24	22335.8	0.166448	93921.6	13484.4	13483.7
neutron	939.565	3.20738	77206.5	0	0
Na23	21409.2	0.0982017	77206.5	0	0
Si28	26053.2	0.366543	73496.6	64.1167	63.2699
neutron	939.565	6.91386	75334.2	0	0
Mg26	24196.5	0.35209	75334.2	0	0
Si28	26053.2	0.137365	99305.6	16749.1	16749
neutron	939.565	3.3083	77667.8	0	0
alpha	3727.38	8.60442	77667.8	0	0
alpha	3727.38	4.14541	77667.8	0	0
N15	13968.9	2.65788	77667.8	0	0
O16	14895.1	0.56965	74984	931.193	930.257
O16	14895.1	0.331505	79539.4	4121.4	4120.35
Si28	26053.2	0.158075	72835.6	112.14	111.913
N16	14906	0.292328	72724.3	0	0
Mg25	23268	0.497779	90966.4	11997.1	11994.8
O16	14895.1	0.218016	83309.8	5792.66	5792.15
O16	14895.1	0.228338	88345.9	7974.5	7973.68
Mg24	22335.8	0.464573	95989.7	14930.9	14930.2
O16	14895.1	0.388848	81438.2	2898.89	2898.2
neutron	939.565	3.30016	76578.3	0	0
neutron	939.565	0.62557	76578.3	0	0
C12	11174.9	3.62769	76578.3	0	0
O16	14895.1	0.602991	90003.2	6849.12	6848.37
Si28	26053.2	0.118533	82137.1	1417.78	1417.64
neutron	939.565	7.52446	79653.6	0	0
neutron	939.565	2.38825	79653.6	0	0
Al26	24200	0.143932	79653.6	0	0
Si28	26053.2	0.378782	96592.5	15308.8	15308.4
neutron	939.565	3.0331	74008.3	0	0
neutron	939.565	1.75552	74008.3	0	0
Mn52	48374.2	0.0669975	74008.3	0	0
O16	14895.1	0.297027	83882.1	6584.8	6584.26
neutron	939.565	258.083	79784.2	4073.74	3709.16
Ne21	19550.5	0.753126	79784.2	4073.74	3709.16
neutron	939.565	7.56444	73823.1	0	0
Mg26	24196.5	0.851388	73823.1	0	0
neutron	939.565	8.60145	71916	0	0
neutron	939.565	2.61886	71916	0	0
neutron	939.565	1.43999	71916	0	0
Mn53	49301.8	0.161056	71916	0	0
O16	14895.1	1.5144	90970.9	11081.2	11079.4
O16	14895.1	0.316609	90944.7	11067.5	11067.1
Mg24	22335.8	0.887848	84224	5869.14	5868
Na26	24206.4	0.184619	75281.1	0	0
O16	14895.1	1.42596	99120.9	16984.8	16982.8
Si28	26053.2	0.134427	74930.1	1462.21	1461.87
O16	14895.1	0.257195	96231.8	14887.2	14886.4
neutron	939.565	4.81535	76568.3	0	0
alpha	3727.38	9.94021	76568.3	0	0
O16	14895.1	1.77863	76568.3	0	0
O16	14895.1	0.213094	82666.7	4481.79	4480.35
Si28	26053.2	0.375501	93000.6	12467.3	12466.5
O16	14895.1	0.191228	87324.8	8165.38	8164.35
O16	14895.1	0.633152	79275.1	2744.43	2743.37
neutron	939.565	99.1734	79249.5	2730.86	2419.84
C13	12109.5	4.97902	79249.5	2730.86	2419.84
Na24	22341.8	0.208447	75223.5	0	0
O16	14895.1	0.492554	86476	7223.09	7222.35
O16	14895.1	0.279076	76850.8	985.873	985.304
neutron	939.565	0.694647	75192.6	0	0
N15	13968.9	0.180385	75192.6	0	0
O16	14895.1	0.350259	79962	4247.08	4245.9
Si28	26053.2	0.161004	74830.1	1125.21	1124.45
neutron	939.565	2.96419	72577.3	0	0
N15	13968.9	0.593053	72577.3	0	0
O16	14895.1	0.525415	97357	15969.2	15968.5
O16	14895.1	0.233711	94028.9	13499.4	13499.1
neutron	939.565	2.44271	73579.9	0	0
neutron	939.565	1.24697	73579.9	0	0
C12	11174.9	0.737805	73579.9	0	0
Si28	26053.2	0.216621	90006	11032.9	11032.1
Mg24	22335.8	0.430918	78391	3534.43	3533.22
Si28	26053.2	0.207879	99414.9	17149.1	17148.8
O16	14895.1	0.48076	86853.4	8732.22	8731.65
neutron	939.565	7.95735	73920.1	0	0
neutron	939.565	6.34977	73920.1	0	0
neutron	939.565	0.464893	73920.1	0	0
alpha	3727.38	7.30132	73920.1	0	0
F19	17692.3	2.44614	73920.1	0	0
O16	14895.1	0.236003	84514.7	7113.03	7112.75
O16	14895.1	0.26656	82705.3	5753.67	5753.2
neutron	939.565	6.51362	73982.8	0	0
neutron	939.565	2.4736	73982.8	0	0
neutron	939.565	0.726719	73982.8	0	0
Mg24	22335.8	0.970705	73982.8	0	0
neutron	939.565	5.43167	74487.3	0	0
neutron	939.565	1.75054	74487.3	0	0
Mg26	24196.5	0.164193	74487.3	0	0
O16	14895.1	0.440313	73812	159.276	158.73
neutron	939.565	182.229	98223.9	15987.7	15616.6
neutron	939.565	86.7708	98223.9	15987.7	15616.6
neutron	939.565	47.4914	98223.9	15987.7	15616.6
O13	12128.5	1.57705	98223.9	15987.7	15616.6
O16	14895.1	0.2866	96433.4	14542.8	14542.4
Si28	26053.2	0.142871	95824.2	14185.2	14184.6
neutron	939.565	9.4679	78428.6	0	0
neutron	939.565	3.51927	78428.6	0	0
neutron	939.565	1.75203	78428.6	0	0
Ne22	20479.7	0.734853	78428.6	0	0
O16	14895.1	0.197703	75350.6	280.055	279.767
neutron	939.565	1.943	74973.1	0	0
neutron	939.565	0.150497	74973.1	0	0
O16	14895.1	0.195721	82662.2	6434.31	6433.38
O16	14895.1	6.866	98619.7	16523.9	16517
Mg24	22335.8	0.255792	78008.8	2559.22	2558.58
Na24	22341.8	0.198626	76359.2	0	0
O16	14895.1	0.519678	80242	4794.1	4792.59
Si28	26053.2	0.110853	84030.2	6618.57	6617.87
neutron	939.565	0.593558	74342.5	0	0
Al27	25126.5	0.234997	74342.5	0	0
Si29	26984.3	0.226889	87138.3	5957.26	5956.18
Si30	27913.2	0.101209	90265.5	11426.9	11426.8
N16	14906	0.284933	75959.8	0	0
Mg24	22335.8	0.524182	73699.6	421.686	421.082
O16	14895.1	0.660431	92269	12720.3	12719.4
O16	14895.1	0.43947	79962.6	4720.17	4719.04
O16	14895.1	0.488823	77458.5	3206.5	3205.28
neutron	939.565	38.8587	94306.4	13636.3	13192
neutron	939.565	2.51236	94306.4	13636.3	13192
alpha	3727.38	3.161	94306.4	13636.3	13192
alpha	3727.38	7.91526	94306.4	13636.3	13192
alpha	3727.38	3.99753	94306.4	13636.3	13192
O16	14895.1	0.210833	80756.5	4754.17	4753.19
neutron	939.565	8.68366	72912.9	0	0
neutron	939.565	6.89677	72912.9	0	0
neutron	939.565	5.53673	72912.9	0	0
neutron	939.565	2.20254	72912.9	0	0
Cr51	47442.5	0.549977	72912.9	0	0
Si28	26053.2	0.332126	96071.7	14021.2	14020.6
Si28	26053.2	0.110021	80098.3	3193.57	3193.1
neutron	939.565	9.10353	72169.5	0	0
Mg26	24196.5	0.47467	72169.5	0	0
Mg24	22335.8	0.141161	95628.2	14548	14547.3
Fe56	52089.8	0.0622012	94263.1	13652.6	13652.5
O16	14895.1	0.233361	75492.6	955.275	954.701
O16	14895.1	0.274502	99725.8	17317.3	17317
Si28	26053.2	0.133209	89832.4	9700.11	9698.37
O16	14895.1	0.23234	78494.1	1977.84	1977.23
Mg25	23268	0.302739	99961.2	17455.4	17454.9
O16	14895.1	0.286456	99051.6	16828.3	16827.8
Si28	26053.2	0.115018	97609.8	14822.8	14822.2
O16	14895.1	0.421134	78921.2	2224.65	2224.19
O16	14895.1	0.261226	82037.4	4810	4809.65
Si28	26053.2	0.141941	86598.1	8966.78	8965.97
neutron	939.565	6.28931	72214	0	0
neutron	939.565	4.75417	72214	0	0
neutron	939.565	2.26553	72214	0	0
alpha	3727.38	4.82089	72214	0	0
O16	14895.1	1.83535	72214	0	0
Si28	26053.2	0.287796	95890.4	14987.6	14987
Si28	26053.2	0.128171	91127.1	11775.5	11775.2
Mg24	22335.8	0.34221	86578	1209.29	1208.93
Si28	26053.2	0.118086	92649.4	12329	12328.6
Al28	26058.3	0.17672	73472.5	0	0
Fe56	52089.8	0.0988728	88276.3	9413.29	9413.12
O16	14895.1	0.374	93458.1	13595.7	13595.1
O16	14895.1	0.189302	93030.9	13109.1	13108.6
neutron	939.565	15.9898	74512	0	0
neutron	939.565	6.85361	74512	0	0
B11	10252.5	0.903041	74512	0	0
O16	14895.1	0.461414	98620.6	16699.8	16698.8
neutron	939.565	15.2701	75600.3	0	0
neutron	939.565	6.62892	75600.3	0	0
Al26	24200	0.356123	75600.3	0	0
neutron	939.565	0.44424	78938.3	0	0
Ne22	20479.7	0.237142	78938.3	0	0
O16	14895.1	0.399072	85573.5	8509.66	8508.81
O16	14895.1	0.354509	73831.2	1053.16	1052.42
neutron	939.565	0.080892	72105.3	0	0
Al27	25126.5	0.138668	72105.3	0	0
O16	14895.1	0.373659	82131.1	3885.98	3885.07
Si28	26053.2	0.147428	76682.6	600.536	600.166
Al28	26058.3	0.186174	75722.2	0	0
neutron	939.565	25.4331	74217.6	0	0
neutron	939.565	0.534676	74217.6	0	0
neutron	939.565	0.403215	74217.6	0	0
C12	11174.9	0.773293	74217.6	0	0
Si28	26053.2	0.22484	99774.9	17293	17292.7
Mg24	22335.8	0.131018	92822	12926.4	12926
Mg24	22335.8	0.165063	91309.9	11628.6	11627.3
O16	14895.1	0.256879	79639.5	4119.29	4118.98
Al28	26058.3	0.179852	73450.2	0	0
O16	14895.1	0.277192	91932.4	11703.5	11703.2
O16	14895.1	0.293607	83702	6371.25	6370.35
Si28	26053.2	0.112067	79239.4	3988.62	3988.21
neutron	939.565	6.45161	74289.6	0	0
Mg26	24196.5	1.44309	74289.6	0	0
Mg24	22335.8	0.316088	89941.9	10145.5	10144.6
neutron	939.565	23.1398	73756.6	0	0
neutron	939.565	3.31394	73756.6	0	0
neutron	939.565	0.566118	73756.6	0	0
Mg24	22335.8	2.06065	73756.6	0	0
O16	14895.1	0.201891	81836.3	4336.1	4335.01
O16	14895.1	0.240848	91445.6	11582.6	11582.2
Si28	26053.2	0.279532	96751.1	15479.8	15479.4
O16	14895.1	0.644992	94689.1	14255.6	14254.8
O16	14895.1	0.189709	78256.3	3476.22	3475.74
Si28	26053.2	0.175692	99805.3	17358.7	17358.3
N16	14906	0.279498	76218.2	0	0
neutron	939.565	5.10713	74364.4	0	0
neutron	939.565	4.22383	74364.4	0	0
neutron	939.565	0.98227	74364.4	0	0
Ne20	18617.7	0.970646	74364.4	0	0
neutron	939.565	14.5573	73567.1	0	0
neutron	939.565	0.276715	73567.1	0	0
C13	12109.5	1.24075	73567.1	0	0
Na26	24206.4	0.169648	73663.9	0	0
O16	14895.1	0.243558	91588.7	10825.8	10824.9
O16	14895.1	1.2938	86751.9	8289.5	8287.99
O16	14895.1	0.267405	87910.8	8150.98	8150.41
O16	14895.1	0.355325	96615.4	15366.2	15365.7
O16	14895.1	0.216679	88261.2	9363.32	9363.02
alpha	3727.38	3.89813	85647.8	7454.19	7221.68
C12	11174.9	1.20367	85647.8	7454.19	7221.68
Si28	26053.2	0.194222	85565.2	7177.49	7177.21
Mg24	22335.8	0.251097	83209.3	5590.69	5590.08
Si28	26053.2	0.11789	94464.2	13667.2	13667
O16	14895.1	0.197233	89197.9	10242.6	10242.2
O16	14895.1	0.525154	81668.8	3176.22	3175.44
O16	14895.1	0.919146	91557	12482.9	12481.4
Mg24	22335.8	0.151397	74648.5	369.909	369.518
O16	14895.1	0.205887	87995.8	8736.25	8735.84
Si29	26984.3	0.150868	85187.1	7074.97	7074.49
neutron	939.565	5.06495	73727.8	0	0
neutron	939.565	3.51928	73727.8	0	0
neutron	939.565	3.34022	73727.8	0	0
neutron	939.565	1.30643	73727.8	0	0
Cr51	47442.5	0.320898	73727.8	0	0
O16	14895.1	0.191992	75368.8	672.145	670.92
neutron	939.565	3.6063	73844.8	0	0
neutron	939.565	0.65588	73844.8	0	0
Mg24	22335.8	0.822152	73844.8	0	0
neutron	939.565	16.7211	73105.4	0	0
neutron	939.565	2.30732	73105.4	0	0
neutron	939.565	1.83891	73105.4	0	0
C12	11174.9	1.86018	73105.4	0	0
neutron	939.565	2.47581	73975.4	0	0
N15	13968.9	0.0592945	73975.4	0	0
O16	14895.1	5.75619	78980.9	2720.6	2714.43
Al30	27922.3	0.161871	77717.1	0	0
Fe56	52089.8	0.0801327	96732.6	15048.4	15048.2
Fe56	52089.8	0.173629	92385.1	12404.1	12403.6
O16	14895.1	0.224239	83828	4975.14	4974.91
Fe56	52089.8	0.0862542	90406.6	10249.6	10249.4
Si28	26053.2	0.110502	80651.6	3370.26	3368.29
neutron	939.565	0.080744	74850.4	0	0
Mn55	51161.7	0.068495	74850.4	0	0
O16	14895.1	0.309023	84657	7728.08	7726.61
neutron	939.565	2.32993	73497.3	0	0
N15	13968.9	0.106802	73497.3	0	0
O16	14895.1	0.219599	94259.3	13889.8	13889.4
O16	14895.1	0.21663	84609.4	8000.9	8000.67
Mg26	24196.5	0.14264	77556.5	2770.63	2770.35
O16	14895.1	0.205281	91469.4	12012.5	12012.3
neutron	939.565	1.69581	73996.3	0	0
Al27	25126.5	0.0482276	73996.3	0	0
Si28	26053.2	0.113521	83721.6	6800.8	6799.47
O16	14895.1	0.238283	74588.1	369.665	369.398
Al28	26058.3	0.186971	74005	0	0
neutron	939.565	272.563	93294.9	12685.2	12114.9
Mg23	21412.8	0.362355	93294.9	12685.2	12114.9
neutron	939.565	5.32174	74720	0	0
neutron	939.565	4.44467	74720	0	0
neutron	939.565	3.48645	74720	0	0
Na23	21409.2	0.473871	74720	0	0
O16	14895.1	0.217153	98633.2	16642	16641.5
C14	13040.9	3.4882	87657.3	7500.75	7036.15
O16	14895.1	0.204989	83084.2	4130.42	4129.53
Al28	26058.3	0.171513	76516	0	0
O16	14895.1	0.658707	78185.1	3198.21	3197.05
Al28	26058.3	0.190445	73005.4	0	0
Al28	26058.3	0.163616	75156.4	0	0
Al28	26058.3	0.182508	72033.7	0	0
Al28	26058.3	0.17947	74272.6	0	0
O16	14895.1	0.271518	96918.7	14360.3	14359.1
Al28	26058.3	0.1846	74015.4	0	0
neutron	939.565	0.440009	71779.3	0	0
Na23	21409.2	0.248592	71779.3	0	0
neutron	939.565	0.337775	72840.5	0	0
Al27	25126.5	0.19473	72840.5	0	0
Si30	27913.2	0.225429	89544.9	10587.5	10587.1
O16	14895.1	0.251181	82457.7	5495.4	5494.96
Na25	23272.4	0.216934	73084.3	0	0
Mg24	22335.8	0.200954	98580.9	16561.4	16561.2
neutron	939.565	2.67316	79323.8	0	0
neutron	939.565	1.30135	79323.8	0	0
Ne21	19550.5	1.40053	79323.8	0	0
O16	14895.1	0.435859	91315.6	11541.1	11540.2
Si28	26053.2	0.310278	89333.9	7788.36	7787.68
N16	14906	0.293324	77742.5	0	0
Si28	26053.2	0.136143	80083.4	4054.61	4054.36
O16	14895.1	0.666978	87758.6	9712.37	9711.39
Mg24	22335.8	0.353642	73356.7	467.414	467.053
neutron	939.565	4.45223	72611.2	0	0
Mg26	24196.5	0.213527	72611.2	0	0
O16	14895.1	0.771739	99224.7	17001.3	16999.9
O16	14895.1	0.67882	80301.7	3889.78	3889.05
O16	14895.1	0.401766	79227.8	3245.13	3244.31
neutron	939.565	0.50079	78307.5	2628.18	1830.65
alpha	3727.38	12.2849	78307.5	2628.18	1830.65
O16	14895.1	5.17495	78307.5	2628.18	1830.65
Si28	26053.2	0.176475	84921.8	7945.8	7945
O16	14895.1	2.33782	96793.4	15473.5	15470.4
neutron	939.565	8.5624	74315.7	0	0
Ne22	20479.7	0.414161	74315.7	0	0
O16	14895.1	0.449933	97663.7	15962.1	15961.6
Si28	26053.2	0.123566	96081.3	15158.4	15156.9
Al28	26058.3	0.191077	74816.6	0	0
O16	14895.1	0.553579	97928.4	15513.9	15512.9
Mg26	24196.5	0.425891	88276.9	9028.18	8086.24
O16	14895.1	1.38344	80283.5	3100.83	3099.34
Si28	26053.2	0.130864	88271	9210.34	9210.18
neutron	939.565	9.70315	74916.7	0	0
neutron	939.565	5.22334	74916.7	0	0
neutron	939.565	2.01191	74916.7	0	0
Mg24	22335.8	0.330352	74916.7	0	0
O16	14895.1	0.405752	99384.4	17139.8	17139.4
Mg26	24196.5	0.168017	93841.3	13461.6	13460.5
O16	14895.1	1.58436	87961.3	9151.89	9150.19
N16	14906	0.297772	74231.7	0	0
Mg24	22335.8	0.147582	74608.6	267.021	266.768
Na24	22341.8	0.208255	76303	0	0
Mg24	22335.8	0.181685	97528	15879.2	15878.8
O16	14895.1	0.629741	75955.3	37.1251	36.1514
Ne23	21414.1	0.500375	75956.9	0	0
Si29	26984.3	0.268634	98957.2	16842.8	16842.5
neutron	939.565	400.834	95448.9	14045.8	13440.3
neutron	939.565	25.2255	95448.9	14045.8	13440.3
neutron	939.565	9.78032	95448.9	14045.8	13440.3
neutron	939.565	2.52529	95448.9	14045.8	13440.3
N14	13040.2	1.06661	95448.9	14045.8	13440.3
O16	14895.1	7.04184	91080.9	10462.8	10455.6
Na24	22341.8	0.215806	78133	0	0
neutron	939.565	0.630958	75409.2	0	0
N15	13968.9	0.443912	75409.2	0	0
Mg24	22335.8	0.140791	77018.7	1894.08	1893.61
Al28	26058.3	0.188253	74224.9	0	0
Si28	26053.2	0.244203	76499.1	1899.89	1898.71
Si28	26053.2	0.168415	75390.4	1224.12	1223.71
Al28	26058.3	0.180687	72369.6	0	0
Si28	26053.2	0.17132	96643.2	15225.4	15224.9
O16	14895.1	0.422247	87679.8	7137.45	7137.03
Al28	26058.3	0.177333	77943.7	0	0
neutron	939.565	4.74329	75465.5	0	0
C14	13040.9	0.117479	75465.5	0	0
O16	14895.1	0.322651	95795.5	14893.1	14892.5
O16	14895.1	0.24802	93216	13313.6	13312.4
O16	14895.1	0.737821	91683.5	12290.2	12289.3
neutron	939.565	0.956986	90188.3	11456.2	11067.8
N14	13040.2	0.74334	90188.3	11456.2	11067.8
neutron	939.565	3.74517	74347.2	0	0
neutron	939.565	1.11036	74347.2	0	0
Mg25	23268	0.780317	74347.2	0	0
Si28	26053.2	0.29661	92753.3	12827.8	12827.4
O16	14895.1	0.258814	78467.2	3714.07	3713.34
O16	14895.1	0.284866	87279.8	9377.84	9377.51
Si28	26053.2	0.354735	71688	92.8114	92.4491
Na26	24206.4	0.179648	71619.7	0	0
Mg24	22335.8	0.382576	73187.7	675.371	674.669
neutron	939.565	7.81825	74034.7	0	0
neutron	939.565	5.99236	74034.7	0	0
neutron	939.565	3.22209	74034.7	0	0
Mg24	22335.8	0.344996	74034.7	0	0
N14	13040.2	0.769522	99295.7	17069.7	16209.7
neutron	939.565	1.45653	76923.8	0	0
neutron	939.565	1.26529	76923.8	0	0
Ne21	19550.5	0.140172	76923.8	0	0
neutron	939.565	1.25694	72828.3	0	0
Al27	25126.5	0.0411818	72828.3	0	0
O16	14895.1	1.65517	75245.5	1302.99	1301.26
Si28	26053.2	0.163693	95845.2	14941.9	14941.4
Si28	26053.2	0.259595	76282.3	1686.89	1686.12
neutron	939.565	1.95854	73486.4	0	0
neutron	939.565	1.84667	73486.4	0	0
neutron	939.565	0.881622	73486.4	0	0
Mg24	22335.8	1.47317	73486.4	0	0
Mg25	23268	0.188734	97949.6	15888	15887.6
O16	14895.1	0.258244	81128.8	4813.79	4813.31
Si29	26984.3	0.209114	77057.8	1990.06	1989.5
neutron	939.565	5.93569	73678.9	0	0
neutron	939.565	2.8007	73678.9	0	0
neutron	939.565	0.271763	73678.9	0	0
Mg24	22335.8	1.02488	73678.9	0	0
Al28	26058.3	0.174019	74731.7	0	0
Na22	20482.1	2.07289	96682.3	13873.4	13660.6
Mg24	22335.8	0.128725	92104.3	12601.9	12601.4
Mg24	22335.8	0.221063	80754.4	3388.86	3388.06
Al28	26058.3	0.1688	75236.8	0	0
neutron	939.565	1.26	72359.6	0	0
Ne22	20479.7	0.0505905	72359.6	0	0
Mg24	22335.8	0.218114	86424.6	8933.15	8932.4
Si28	26053.2	0.19469	83452.6	6557.22	6556.97
O16	14895.1	0.193341	87295.6	8989.1	8988.7
neutron	939.565	0.176256	74172.5	0	0
N15	13968.9	0.1953	74172.5	0	0
Na24	22341.8	0.172919	76919.9	0	0
O16	14895.1	0.364681	99316.7	17098.8	17098
Si28	26053.2	0.116902	78264.8	2932.11	2931.58
O16	14895.1	0.444923	87401.7	8257.98	8256.25
Mn56	52094	0.0793323	74211.4	0	0
neutron	939.565	1.34503	72900.9	0	0
neutron	939.565	0.743883	72900.9	0	0
Ne22	20479.7	2.13224	72900.9	0	0
neutron	939.565	3.60342	76924	0	0
Mg26	24196.5	0.562197	76924	0	0
Si28	26053.2	0.125953	74848	973.72	973.435
neutron	939.565	8.97014	73302.8	0	0
neutron	939.565	4.24913	73302.8	0	0
neutron	939.565	1.64351	73302.8	0	0
Mg24	22335.8	0.417111	73302.8	0	0
N16	14906	0.288782	74859.7	0	0
Mg26	24196.5	0.138306	93236.5	13406.8	13406.6
neutron	939.565	8.71663	72001.6	0	0
neutron	939.565	2.80347	72001.6	0	0
neutron	939.565	1.73563	72001.6	0	0
Cr52	48370	0.323046	72001.6	0	0
Si28	26053.2	0.167732	94632.5	13292.1	13290.7
Si28	26053.2	0.118269	92630	12407.2	12406.8
Al28	26058.3	0.173628	76094.6	0	0
Mg24	22335.8	0.131099	89005.9	6057.08	6056.85
Al28	26058.3	0.19103	72374.9	0	0
Si28	26053.2	0.11433	73320.7	621.451	620.46
Mg24	22335.8	0.147908	87353.9	8526.06	8525.63
O16	14895.1	0.225249	79820	2857.32	2856.89
Si28	26053.2	0.22931	85548.7	8032.57	8032.02
O16	14895.1	1.68772	99797.4	17361	17359.3
Si28	26053.2	0.19016	95078.7	14144.7	14144.3
O16	14895.1	0.62057	86686.5	8034.19	8033.11
Al28	26058.3	0.185689	75107.1	0	0
Na24	22341.8	0.217029	75732.1	0	0
O16	14895.1	0.413512	96706.3	15553.2	15552.3
O16	14895.1	0.285867	86236.8	7530.16	7529.59
O16	14895.1	0.586335	84318.1	7282.04	7280.64
O16	14895.1	0.237854	75546.5	1598.1	1597.32
neutron	939.565	1.34791	72929.9	0	0
Na23	21409.2	0.0972197	72929.9	0	0
O16	14895.1	0.540709	86548.1	8390.77	8389.43
O16	14895.1	0.636386	78242.6	160.246	159.336
neutron	939.565	1.64712	78059.9	0	0
Cr54	50231.5	0.663488	78059.9	0	0
neutron	939.565	0.473229	73877.3	0	0
Mn55	51161.7	0.0921657	73877.3	0	0
O16	14895.1	0.341279	99428.6	17119	17118.6
neutron	939.565	4.84434	77748.4	0	0
C14	13040.9	2.06478	77748.4	0	0
O16	14895.1	4.88221	79797.2	2493.41	2486.57
neutron	939.565	1.80513	74963.9	0	0
Na24	22341.8	0.0524521	74963.9	0	0
Si28	26053.2	0.179506	78440.1	1728.55	1727.87
Na24	22341.8	0.202104	75435.4	0	0
Si28	26053.2	0.48969	91760.8	11660	11659.4
Si28	26053.2	0.165722	74190.8	137.609	137.435
C14	13040.9	0.586446	74026	0	0
Si28	26053.2	0.179777	81474	5256.7	5256.38
Na24	22341.8	0.214323	73600	0	0
O16	14895.1	0.345245	96127.2	15075.2	15074.8
O16	14895.1	2.1295	94204.7	13855.1	13853
O16	14895.1	0.243613	86579.9	6998.55	6998.12
Si28	26053.2	0.541238	75563.8	129.716	128.975
O16	14895.1	0.343523	84781.2	6167.7	6166.62
O16	14895.1	0.190062	82219.4	4045.92	4045.4
neutron	939.565	3.96066	75398.7	0	0
C14	13040.9	0.318418	75398.7	0	0
O16	14895.1	0.496478	87549.8	9455.54	9454.76
Mg24	22335.8	0.203521	78953	4413.4	4413.14
O16	14895.1	0.226987	73864.7	1118.53	1117.4
O16	14895.1	0.380932	86424.5	8276.92	8276.46
O16	14895.1	0.343334	80674.9	4437.67	4437.26
neutron	939.565	0.0498869	73336.9	0	0
N15	13968.9	0.347772	73336.9	0	0
O16	14895.1	0.262961	85092.8	7386.77	7386.19
neutron	939.565	32.1509	73298.9	0	0
neutron	939.565	27.8413	73298.9	0	0
Al27	25126.5	1.16232	73298.9	0	0
neutron	939.565	0.461882	73705.5	0	0
Mg27	25129.6	0.420277	73705.5	0	0
Mn56	52094	0.0943207	72886.9	0	0
neutron	939.565	1.91553	74681.1	0	0
C14	13040.9	1.13387	74681.1	0	0
neutron	939.565	50.0042	73570.9	0	0
neutron	939.565	0.442159	73570.9	0	0
Mg25	23268	4.38724	73570.9	0	0
Mg24	22335.8	0.284857	74716.6	423.067	421.541
O16	14895.1	0.298147	96122	14603.5	14603
Si28	26053.2	0.294139	95706.6	14368.1	14367.5
Si28	26053.2	0.404305	75973.2	828.629	828.034
O16	14895.1	0.242193	77009.4	2248.18	2247.52
neutron	939.565	2.25819	73401.2	0	0
Mg26	24196.5	0.46662	73401.2	0	0
O16	14895.1	0.32607	80429.8	3055.92	3055.11
Al28	26058.3	0.190735	75162.3	0	0
neutron	939.565	1.71831	71924.7	0	0
F19	17692.3	0.881989	71924.7	0	0
O16	14895.1	0.238136	82577	5893.22	5892.79
Na24	22341.8	0.219163	73279.4	0	0
neutron	939.565	128.651	93198.5	13118.9	12831.1
neutron	939.565	60.6261	93198.5	13118.9	12831.1
neutron	939.565	7.10052	93198.5	13118.9	12831.1
alpha	3727.38	2.35358	93198.5	13118.9	12831.1
O15	13971.2	15.9251	93198.5	13118.9	12831.1
Mg25	23268	0.151375	90426.7	10835.7	10835.3
Mg24	22335.8	0.288308	84955.6	7273.04	7272.48
Si28	26053.2	0.222544	85521.8	8050.39	8049.94
Si28	26053.2	0.244357	98367.7	16189.5	16188.7
O16	14895.1	0.520621	90108.3	9354.84	9354
neutron	939.565	0.638635	75560.2	0	0
Al27	25126.5	0.254458	75560.2	0	0
Mg24	22335.8	0.264409	83136.9	6312.6	6311.94
neutron	939.565	3.30713	73796.3	0	0
neutron	939.565	0.7157	73796.3	0	0
Ne21	19550.5	1.14993	73796.3	0	0
neutron	939.565	1.31397	75498.1	0	0
alpha	3727.38	7.77398	75498.1	0	0
F19	17692.3	1.79977	75498.1	0	0
Mg24	22335.8	0.567237	95421.4	14494.3	14493.4
O16	14895.1	0.64901	82116.8	5247.8	5246.08
neutron	939.565	16.2984	73757.9	0	0
neutron	939.565	8.09093	73757.9	0	0
neutron	939.565	7.23326	73757.9	0	0
C12	11174.9	0.433922	73757.9	0	0
Al28	26058.3	0.163506	73179.3	0	0
Si28	26053.2	0.250419	91361.9	11563.1	11562.7
Si28	26053.2	0.240768	92299.9	12148.3	12147.7
O16	14895.1	0.260375	89238.1	9869.86	9869.1
N16	14906	0.286283	73894.3	0	0
neutron	939.565	5.03893	76140.9	0	0
Na23	21409.2	0.31565	76140.9	0	0
O16	14895.1	0.689535	98040.9	15892.4	15891.4
neutron	939.565	6.4836	75227.8	0	0
neutron	939.565	3.80364	75227.8	0	0
Ne21	19550.5	0.408132	75227.8	0	0
O16	14895.1	0.337928	85519.7	8253.55	8253.17
O16	14895.1	0.200774	81004.7	5311.9	5311.44
Al28	26058.3	0.189911	72699.2	0	0
Si28	26053.2	0.12497	89327.3	9760.38	9759.58
neutron	939.565	13.3412	87051.2	8362.28	7914.03
neutron	939.565	11.0994	87051.2	8362.28	7914.03
neutron	939.565	10.949	87051.2	8362.28	7914.03
C11	10254	4.19095	87051.2	8362.28	7914.03
O16	14895.1	1.22485	78538.5	2602.86	2601.63
O16	14895.1	0.297775	82908.9	3910.07	3909.68
Mg24	22335.8	0.601388	96696	15207.1	15206.2
Mg24	22335.8	0.475581	92555.9	12650.1	12649.5
O16	14895.1	0.395803	91794.1	12166.5	12165.9
neutron	939.565	7.44092	72682.9	0	0
neutron	939.565	6.08164	72682.9	0	0
neutron	939.565	0.55039	72682.9	0	0
Ne20	18617.7	0.212054	72682.9	0	0
Mg24	22335.8	0.243007	92464.1	11758.7	11758.4
neutron	939.565	74.3796	85906.6	4377.28	3556.48
neutron	939.565	45.1529	85906.6	4377.28	3556.48
neutron	939.565	28.1039	85906.6	4377.28	3556.48
neutron	939.565	23.4988	85906.6	4377.28	3556.48
neutron	939.565	16.5979	85906.6	4377.28	3556.48
neutron	939.565	1.15723	85906.6	4377.28	3556.48
alpha	3727.38	7.98488	85906.6	4377.28	3556.48
Mg24	22335.8	0.153701	73734.8	737.69	737.214
neutron	939.565	13.2873	72533.6	0	0
neutron	939.565	6.68653	72533.6	0	0
neutron	939.565	0.335209	72533.6	0	0
C12	11174.9	2.64603	72533.6	0	0
O16	14895.1	0.531556	99648.6	17264.6	17263.4
neutron	939.565	4.33119	72657.5	0	0
neutron	939.565	1.65243	72657.5	0	0
Ne21	19550.5	0.380699	72657.5	0	0
Si28	26053.2	0.177399	91770.5	10371.5	10371
Al28	26058.3	0.173455	75144.6	0	0
O16	14895.1	1.25138	99630	17095.4	17093.7
O16	14895.1	0.437206	95986.1	14751.9	14751.1
Mg24	22335.8	0.25634	84763.7	7142.22	7141.51
neutron	939.565	0.584299	74504.4	0	0
N15	13968.9	0.468472	74504.4	0	0
Na26	24206.4	0.178332	73897.5	0	0
O16	14895.1	0.500822	89952.5	10495.4	10494.9
neutron	939.565	26.3952	72960.3	0	0
neutron	939.565	23.0099	72960.3	0	0
neutron	939.565	2.70078	72960.3	0	0
Na23	21409.2	1.439	72960.3	0	0
Na24	22341.8	0.181228	71734.8	0	0
O16	14895.1	0.468707	96729.7	15168	15167.4
Fe56	52089.8	0.0662029	76773.9	1574.86	1574.58
O16	14895.1	0.488102	90388.2	11170.8	11169.9
Mn56	52094	0.0885474	73061.1	0	0
O16	14895.1	1.90413	84254.5	7442.45	7439.51
Mg24	22335.8	0.283078	88855.1	9471.8	9471.36
Mg24	22335.8	0.154976	76241.5	1440.02	1439.46
neutron	939.565	3.32898	89537	10569.1	9955.14
alpha	3727.38	0.265784	89537	10569.1	9955.14
Be8	7454.85	10.9562	89537	10569.1	9955.14
neutron	939.565	6.83512	73205.6	0	0
neutron	939.565	0.104959	73205.6	0	0
Mg25	23268	0.582906	73205.6	0	0
O16	14895.1	1.14787	90098.8	10825.7	10823.6
Na24	22341.8	0.212922	72834	0	0
Al28	26058.3	0.17862	73405.4	0	0
Mg24	22335.8	0.163383	96461.6	15038.3	15037.6
O16	14895.1	0.279102	97983.5	16059.1	16058.4
O16	14895.1	0.253744	90320.3	10785.3	10784.6
O16	14895.1	0.319612	76315.9	1785.68	1784.92
Al28	26058.3	0.190373	73339.8	0	0
O16	14895.1	0.290958	84137.1	7112.91	7112.38
Si28	26053.2	0.253936	76957.9	2162.21	2161.79
O16	14895.1	0.415944	84853.9	7587.61	7586.45
Na24	22341.8	0.207591	73661.2	0	0
neutron	939.565	6.70706	72734.1	0	0
neutron	939.565	1.14176	72734.1	0	0
C13	12109.5	0.375761	72734.1	0	0
Mg25	23268	1.16911	80085.3	3186.9	3184.38
Fe56	52089.8	0.18199	78931.6	2500.58	2500.07
O16	14895.1	8.97298	96319.4	15198.2	15188.9
Na24	22341.8	0.198978	73194.1	0	0
Mg24	22335.8	0.145821	87980.9	9869.9	9869.69
Mg24	22335.8	0.136341	77162.2	3119.99	3119.02
neutron	939.565	0.127412	71852.4	0	0
N15	13968.9	0.308305	71852.4	0	0
Si28	26053.2	0.135496	90375.1	11183.6	11183.4
Mg24	22335.8	0.249853	92682.1	11281.6	11281.1
neutron	939.565	31.2724	75201.5	0	0
neutron	939.565	10.5912	75201.5	0	0
neutron	939.565	2.48412	75201.5	0	0
Mg24	22335.8	0.294238	75201.5	0	0
O16	14895.1	0.436108	98474.1	16475.1	16474.6
neutron	939.565	2.38104	73179.2	0	0
Al27	25126.5	0.117445	73179.2	0	0
neutron	939.565	5.9616	75164.5	0	0
C14	13040.9	0.678974	75164.5	0	0
O16	14895.1	0.33114	86788.5	8676.5	8675.82
O16	14895.1	0.295248	86259.9	8377.88	8376.66
O16	14895.1	0.414437	84668.2	6569.09	6568.65
neutron	939.565	4.72649	74894.8	0	0
neutron	939.565	3.45404	74894.8	0	0
C12	11174.9	2.19706	74894.8	0	0
Mg26	24196.5	0.124627	83833.6	6081.98	6081.15
Si28	26053.2	0.61389	79240	3322.74	3321.68
neutron	939.565	10.546	73407.5	0	0
neutron	939.565	2.18201	73407.5	0	0
N14	13040.2	0.309638	73407.5	0	0
Si28	26053.2	0.180919	91502.1	11518.3	11517
neutron	939.565	1.22077	73235.9	0	0
alpha	3727.38	7.2938	73235.9	0	0
Na23	21409.2	1.36286	73235.9	0	0
Mg24	22335.8	0.175234	82543	5975.46	5974.96
O16	14895.1	0.303053	92250.8	12338.7	12338.4
O16	14895.1	0.286553	82362.3	6139.62	6139.01
neutron	939.565	7.51613	76286.6	0	0
Mg27	25129.6	1.22076	76286.6	0	0
neutron	939.565	7.37226	72059.5	0	0
Ne22	20479.7	1.06763	72059.5	0	0
O16	14895.1	0.320256	90502.3	9732.66	9731.76
O16	14895.1	0.354153	84899.8	5995.5	5994.25
O16	14895.1	0.245084	81905.6	4142.04	4141.77
Na24	22341.8	0.220208	75721	0	0
O16	14895.1	0.615223	99926.2	17440.3	17439.5
Al28	26058.3	0.178602	74275.1	0	0
Mg24	22335.8	0.256672	88844.5	10144.3	10144
O16	14895.1	0.512586	91698.9	11917	11915.7
neutron	939.565	5.23599	74012.2	0	0
N15	13968.9	0.137943	74012.2	0	0
Mg24	22335.8	0.205369	81670.9	3594.42	3593.85
O16	14895.1	0.190397	92816.7	13136.7	13136.2
O16	14895.1	0.555826	86322.9	8662.06	8661.14
O16	14895.1	0.374355	77286.2	391.754	390.736
O16	14895.1	0.422288	97676	15938.1	15937.6
O16	14895.1	1.10168	93981.1	10391.1	10390
O16	14895.1	0.252122	89395.9	6976.81	6975.94
neutron	939.565	0.984298	78636.8	0	0
Mg26	24196.5	0.441412	78636.8	0	0
neutron	939.565	3.63184	76859.7	0	0
Al28	26058.3	0.485898	76859.7	0	0
neutron	939.565	17.085	74521	0	0
N15	13968.9	0.602012	74521	0	0
O16	14895.1	0.284675	88603.1	10393.6	10392.6
neutron	939.565	15.1828	72353.8	0	0
neutron	939.565	0.219503	72353.8	0	0
C13	12109.5	1.19097	72353.8	0	0
O16	14895.1	0.232762	86516.6	8491.11	8490.55
Al28	26058.3	0.185821	72886.5	0	0
O16	14895.1	0.379837	82066	5341.33	5340.04
Si28	26053.2	0.239099	98786	16777	16776.2
Si28	26053.2	0.121561	83994.3	5716.31	5716.11
O16	14895.1	0.335994	81027.9	2819.16	2818.69
Fe56	52089.8	0.0997785	99864.1	17399.8	17399.5
O16	14895.1	0.876821	86168.8	7416.01	7415.08
Si28	26053.2	0.131565	97976.2	14919.7	14919
O16	14895.1	0.258577	88179.5	8745.75	8744.91
Al28	26058.3	0.171649	74918.5	0	0
Al28	26058.3	0.185787	73315.2	0	0
O16	14895.1	0.798075	94742	14057.8	14056.9
O16	14895.1	0.278215	92394.2	12455.6	12455.1
neutron	939.565	6.79091	73764.5	0	0
N15	13968.9	0.339465	73764.5	0	0
Fe56	52089.8	0.0692761	88198.9	8901.78	8900.96
neutron	939.565	2.54032	80474.5	0	0
Mg26	24196.5	0.287697	80474.5	0	0
Mg26	24196.5	0.199945	86845	9116.01	9115.56
Mg24	22335.8	0.139547	99352	17021.3	17021
O16	14895.1	0.410478	81816.3	4949.6	4948.82
Al28	26058.3	0.190829	73820.7	0	0
O16	14895.1	0.209426	94915.1	14406	14405.6
Na24	22341.8	0.211466	71378.1	0	0
Si28	26053.2	0.286307	92383.9	10500.9	10500.4
N16	14906	0.296596	74328.5	0	0
Mg24	22335.8	0.130609	82011.5	5684.53	5683.86
neutron	939.565	5.97298	73396.5	0	0
neutron	939.565	4.36657	73396.5	0	0
neutron	939.565	0.777793	73396.5	0	0
alpha	3727.38	3.94107	73396.5	0	0
O16	14895.1	3.96056	73396.5	0	0
Mg24	22335.8	0.198264	80235.5	4187.94	4187.55
neutron	939.565	16.0271	73108.7	0	0
neutron	939.565	2.3345	73108.7	0	0
neutron	939.565	0.358092	73108.7	0	0
Mg24	22335.8	0.237634	73108.7	0	0
neutron	939.565	8.38728	74179	0	0
neutron	939.565	2.99977	74179	0	0
neutron	939.565	2.56847	74179	0	0
C12	11174.9	1.1152	74179	0	0
Na25	23272.4	0.209579	74563.3	0	0
Mg26	24196.5	0.237891	96545.6	14758.1	14757.3
O16	14895.1	0.272941	79630.6	4337.49	4336.57
Mg24	22335.8	0.902451	83610.9	6471.84	6470.79
Si28	26053.2	0.39206	93839.1	13475	13474.5
O16	14895.1	0.965858	86903	8852.59	8851.3
O16	14895.1	0.964411	98690.4	16694.3	16692.9
O16	14895.1	0.218034	87860.2	9536.91	9536.53
Al28	26058.3	0.190396	72684.7	0	0
O16	14895.1	0.219981	78724.8	1109.07	1108.62
Mg24	22335.8	0.208861	97828.5	16009.6	16008.8
O16	14895.1	0.323518	90687.6	11422.3	11421.5
O16	14895.1	0.271638	82877.6	4920.9	4920.57
Si28	26053.2	0.10965	99158.1	16952	16951.9
Si28	26053.2	0.270085	86264.6	8409.84	8409.01
Mg24	22335.8	0.146981	81652.1	5302.75	5302.52
Si28	26053.2	0.141254	79387	3499.15	3498.66
neutron	939.565	9.69969	73980.6	0	0
neutron	939.565	9.13212	73980.6	0	0
neutron	939.565	2.15254	73980.6	0	0
C12	11174.9	0.404364	73980.6	0	0
O16	14895.1	0.223199	83075.8	4820.82	4820.05
Na24	22341.8	0.216641	75424.1	0	0
O16	14895.1	0.361731	82430.6	5696.18	5694.8
Si28	26053.2	0.335592	75394.2	1179.35	1178.7
Fe56	52089.8	0.0704121	78399.1	3862.09	3861.15
N16	14906	0.289677	71746.6	0	0
neutron	939.565	11.3024	77540.6	0	0
neutron	939.565	1.86706	77540.6	0	0
neutron	939.565	1.41728	77540.6	0	0
Ne20	18617.7	0.515495	77540.6	0	0
O16	14895.1	0.248133	95634.7	14454.5	14453.2
Mg24	22335.8	0.343002	87634.5	8702.47	8699.85
neutron	939.565	0.413302	73189.7	0	0
Na23	21409.2	0.160849	73189.7	0	0
Mg24	22335.8	0.164475	99214.9	17009.8	17009.6
Mg24	22335.8	0.204265	80615.9	4302.8	4302.38
neutron	939.565	0.297417	73850.6	0	0
Na23	21409.2	0.165734	73850.6	0	0
O16	14895.1	0.88118	77178.1	1189.51	1187.94
O16	14895.1	0.570451	92806.6	10438.5	10437.6
O16	14895.1	0.261234	89424.5	8358.06	8357.8
O16	14895.1	0.361329	86818.9	6539.55	6538.94
neutron	939.565	27.7612	76673	0	0
neutron	939.565	2.13955	76673	0	0
N14	13040.2	2.53506	76673	0	0
Mg26	24196.5	0.137653	99803.5	17360.6	17360.4
O16	14895.1	0.287869	81666.9	4519.69	4519.23
Si28	26053.2	0.344608	75385.7	415.686	414.418
Si28	26053.2	0.112187	80870.9	3683.89	3683.13
Mn56	52094	0.0868709	74983.7	0	0
Mg26	24196.5	0.166192	96234.2	14668.7	14668.3
neutron	939.565	24.7188	74884.9	0	0
neutron	939.565	2.43862	74884.9	0	0
C13	12109.5	1.52052	74884.9	0	0
O16	14895.1	0.238456	74543.1	1544.32	1543.91
Al28	26058.3	0.188284	72030.2	0	0
neutron	939.565	0.289932	72427.3	0	0
Na23	21409.2	0.151308	72427.3	0	0
neutron	939.565	3.85156	91873.4	9716.16	7323.6
C13	12109.5	0.424747	91873.4	9716.16	7323.6
Al28	26058.3	0.177942	79956.9	0	0
Si28	26053.2	0.132761	85424.4	7658.63	7658.1
Na24	22341.8	0.215639	72477.5	0	0
O16	14895.1	0.20548	90479.7	11311.1	11310.1
O16	14895.1	1.4258	75996.6	2563.01	2560.77
Na24	22341.8	0.209724	71761.8	0	0
neutron	939.565	278.851	87711.6	9210.13	7929.25
neutron	939.565	1.43771	87711.6	9210.13	7929.25
Ne21	19550.5	0.18385	87711.6	9210.13	7929.25
neutron	939.565	1.2676	73819.1	0	0
Mg26	24196.5	0.315066	73819.1	0	0
Mg24	22335.8	0.138575	91574.6	11653.1	11652.9
neutron	939.565	4.9961	73548.2	0	0
neutron	939.565	2.75864	73548.2	0	0
neutron	939.565	0.286819	73548.2	0	0
Ne20	18617.7	0.575099	73548.2	0	0
Mg24	22335.8	0.280517	75671.1	1194.36	1194
O16	14895.1	0.261989	95906.6	14834	14833.7
Mg24	22335.8	0.205914	82222.5	6055.26	6054.62
O16	14895.1	0.191893	73509.6	287.09	286.277
Na26	24206.4	0.174794	73064.3	0	0
neutron	939.565	4.21011	85483.9	8012.97	7739.95
neutron	939.565	0.488375	85483.9	8012.97	7739.95
alpha	3727.38	8.8529	85483.9	8012.97	7739.95
alpha	3727.38	5.60293	85483.9	8012.97	7739.95
alpha	3727.38	8.71322	85483.9	8012.97	7739.95
C12	11174.9	6.84507	85483.9	8012.97	7739.95
O16	14895.1	0.490383	88234.2	8588.16	8587.6
Si28	26053.2	0.144912	95593.9	13863.5	13863.3
O16	14895.1	0.392028	79236.2	3782.86	3782.42
O16	14895.1	0.236964	78108.6	3078.16	3077.91
neutron	939.565	0.72098	73017.5	0	0
Al27	25126.5	0.25226	73017.5	0	0
Al28	26058.3	0.185241	73190.5	0	0
Si28	26053.2	0.168733	99283.8	17079.5	17077.4
neutron	939.565	1263.7	95006.1	13457.9	10371.3
neutron	939.565	101.045	95006.1	13457.9	10371.3
neutron	939.565	5.50572	95006.1	13457.9	10371.3
neutron	939.565	5.33289	95006.1	13457.9	10371.3
Ne21	19550.5	4.82244	95006.1	13457.9	10371.3
O16	14895.1	0.381966	86534.4	3473.03	3472.43
N16	14906	0.286817	80906.1	0	0
C14	13040.9	1.35391	74182.8	0	0
Si28	26053.2	0.162547	78165.7	3021.91	3021.66
Si28	26053.2	0.262047	73665.5	397.655	397.225
neutron	939.565	46.9186	73073.1	0	0
Ne24	22344.8	2.17315	73073.1	0	0
O16	14895.1	1.46186	93152	13128	13125.7
Mg24	22335.8	0.184328	74492.6	1552.5	1552.28
Si28	26053.2	0.126052	85313.3	6944.13	6942.77
O16	14895.1	0.445865	79692.9	3530.66	3529.34
Mn56	52094	0.0863542	73874.3	0	0
Si28	26053.2	0.3816	93044	9542.31	9541.9
neutron	939.565	7.72159	79202.4	0	0
neutron	939.565	3.95452	79202.4	0	0
Ne21	19550.5	0.296593	79202.4	0	0
Si28	26053.2	0.15321	94669.4	13874.6	13874
Na24	22341.8	0.17328	73848.9	0	0
neutron	939.565	430.941	94907.1	13715.5	13120.1
C13	12109.5	0.378735	94907.1	13715.5	13120.1
Mg24	22335.8	0.236554	79416.3	1847.25	1846.91
Fe56	52089.8	0.0728544	97784	16171.3	16170.8
O16	14895.1	0.231562	96383.7	15262.7	15261.6
Mg25	23268	0.144952	86964.8	8228.26	8227.96
neutron	939.565	11.4909	74509	0	0
neutron	939.565	3.9569	74509	0	0
alpha	3727.38	9.05318	74509	0	0
Ne21	19550.5	4.29766	74509	0	0
neutron	939.565	8.94341	74086.2	0	0
neutron	939.565	3.65278	74086.2	0	0
neutron	939.565	2.53056	74086.2	0	0
Mg24	22335.8	1.38344	74086.2	0	0
Mg24	22335.8	0.359608	83392.2	6209.01	6207.23
O16	14895.1	0.340234	80779.5	4722.55	4722.01
neutron	939.565	2.79656	73119.5	0	0
Mg26	24196.5	0.229972	73119.5	0	0
O16	14895.1	0.240871	95786.4	14143	14142.5
Si28	26053.2	0.315351	95356.3	12778.9	12777.8
Na24	22341.8	0.211328	76293.6	0	0
neutron	939.565	4.35281	75227.2	0	0
neutron	939.565	0.853874	75227.2	0	0
C13	12109.5	1.48317	75227.2	0	0
O16	14895.1	0.198937	99552.5	17214.7	17214.3
N16	14906	0.294201	75336	0	0
O16	14895.1	0.212278	95579.9	14635	14634.8
Al28	26058.3	0.145118	74014.3	0	0
Na24	22341.8	0.205775	74838.9	0	0
Si28	26053.2	0.155205	97770.1	15887.4	15887
neutron	939.565	3.87767	71745.8	0	0
Al27	25126.5	0.150445	71745.8	0	0
O16	14895.1	0.8329	89116.7	9836.58	9835.73
Mg24	22335.8	0.131009	80007.6	3864.03	3863.35
O16	14895.1	1.20102	74314.6	381.047	379.289
Mg24	22335.8	0.366164	84186.8	3817.2	3816.22
neutron	939.565	1.73976	77795.6	0	0
Na23	21409.2	0.154818	77795.6	0	0
Mg24	22335.8	0.164898	97090.5	15349.5	15349.2
O16	14895.1	0.44809	92339.6	11659.1	11658.2
Mg25	23268	0.409713	89852.7	9976.12	9975.42
Si28	26053.2	0.314301	92519.5	12141.1	12140.2
neutron	939.565	1.39242	72419.5	0	0
N15	13968.9	0.497295	72419.5	0	0
Al28	26058.3	0.150601	71770.1	0	0
Si28	26053.2	0.15848	74564.3	658.497	658.143
neutron	939.565	10.5056	73521.4	0	0
Na24	22341.8	0.771672	73521.4	0	0
neutron	939.565	1.05165	74342.3	0	0
Al27	25126.5	0.173946	74342.3	0	0
Si28	26053.2	0.258475	93128.8	12516.7	12516.3
Mg24	22335.8	0.127473	75337.8	1444.44	1444.09
Si28	26053.2	0.220517	81356.5	5877.7	5877.33
neutron	939.565	8.27942	75042.7	0	0
neutron	939.565	6.73912	75042.7	0	0
Na24	22341.8	0.336851	75042.7	0	0
Si28	26053.2	0.165929	98998.7	16859.5	16858.8
O16	14895.1	0.1983	74941.7	473.433	473.092
O16	14895.1	0.252126	74434.1	181.121	180.612
Na24	22341.8	0.2034	74190.5	0	0
Mg24	22335.8	0.212153	76506.7	1647.17	1646.7
Al28	26058.3	0.179473	74786.5	0	0
Si28	26053.2	0.179586	94162.5	13599.7	13597.6
O16	14895.1	0.404676	74412.7	896.467	895.712
neutron	939.565	6.62751	72876.2	0	0
neutron	939.565	2.78554	72876.2	0	0
neutron	939.565	0.638112	72876.2	0	0
Mg24	22335.8	2.48461	72876.2	0	0
O16	14895.1	0.338508	91949.8	11047.4	11047
O16	14895.1	0.314398	86709.7	7692.06	7691.64
Mg24	22335.8	0.14712	77912.5	1862.48	1862.23
Al29	26988.5	0.172152	75525.4	0	0
neutron	939.565	3.55687	72613.4	0	0
neutron	939.565	1.25403	72613.4	0	0
neutron	939.565	0.121143	72613.4	0	0
Ne20	18617.7	0.437139	72613.4	0	0
Si28	26053.2	0.850112	81305	5229.38	5228.11
Mg24	22335.8	0.126946	85143.3	7084.85	7084.18
O16	14895.1	0.386875	75863.9	1165.48	1164.51
neutron	939.565	9.81213	73846.7	0	0
Ne22	20479.7	0.613279	73846.7	0	0
Mg24	22335.8	0.229194	88142	9400.62	9400.19
Si29	26984.3	0.310558	84189.2	6711.09	6710.2
O18	16762	0.241941	94188.3	13214.9	13214.5
Mg26	24196.5	0.250996	79499.7	1444.1	1443.55
O16	14895.1	0.296156	75721	1277.71	1277.17
neutron	939.565	3.98615	73493	0	0
neutron	939.565	0.72254	73493	0	0
Mg24	22335.8	1.0105	73493	0	0
neutron	939.565	4.93849	72680	0	0
neutron	939.565	4.92299	72680	0	0
C12	11174.9	1.73972	72680	0	0
O16	14895.1	0.859815	92406	12439.8	12438.9
neutron	939.565	0.31704	73380.7	0	0
Na23	21409.2	0.129269	73380.7	0	0
neutron	939.565	7.95388	72830.2	0	0
neutron	939.565	3.94085	72830.2	0	0
neutron	939.565	3.14864	72830.2	0	0
Mg24	22335.8	0.791621	72830.2	0	0
Fe56	52089.8	0.139393	98885.1	16492.4	16492
Mg24	22335.8	0.130662	99375.5	17004.4	17004.1
Fe56	52089.8	0.100602	98609.7	16586	16585.9
Mg25	23268	0.226082	85599.5	7944.87	7943.63
Si28	26053.2	0.202712	80846.2	3880.26	3880.01
neutron	939.565	2.64871	72873.7	0	0
Cr54	50231.5	0.249304	72873.7	0	0
Si28	26053.2	0.128215	75121.8	73.7826	73.5694
Si28	26053.2	0.128369	99479.7	17190.4	17189.8
Si28	26053.2	0.229729	76694.4	2824.34	2823.77
Mn56	52094	0.0957089	72200.6	0	0
Si29	26984.3	0.18312	77849.5	2873.38	2872.79
Na24	22341.8	0.204976	73448.9	0	0
Si28	26053.2	0.136755	97390.1	15829	15827.8
Si28	26053.2	0.171165	86297.3	5531.61	5530.57
Si28	26053.2	0.234833	77071	1790.77	1790.01
Al28	26058.3	0.18351	73973.8	0	0
Al27	25126.5	0.0405948	92663.3	12332.4	11422.5
neutron	939.565	24.628	75388.9	0	0
neutron	939.565	0.683454	75388.9	0	0
Ne21	19550.5	2.27427	75388.9	0	0
O16	14895.1	0.272118	82607.9	5496.82	5496.49
Mg24	22335.8	0.524681	98159.9	16383.9	16383.3
neutron	939.565	2.92408	72490.3	0	0
Ne22	20479.7	0.552561	72490.3	0	0
Mn56	52094	0.0878002	72832.6	0	0
Mg24	22335.8	0.176152	89814	10920.7	10919.9
neutron	939.565	10.8597	74171.6	0	0
neutron	939.565	5.38435	74171.6	0	0
neutron	939.565	2.03731	74171.6	0	0
Mg25	23268	1.44422	74171.6	0	0
neutron	939.565	2.8998	73601.6	0	0
neutron	939.565	1.39856	73601.6	0	0
Mg25	23268	0.0436469	73601.6	0	0
neutron	939.565	2.48679	73263.6	0	0
Al29	26988.5	0.39415	73263.6	0	0
neutron	939.565	7.30051	74864.2	0	0
neutron	939.565	1.84921	74864.2	0	0
Na22	20482.1	1.17875	74864.2	0	0
O16	14895.1	0.692974	88192.4	9008.65	9007.78
O16	14895.1	0.270765	84555.9	6673.56	6672.03
Fe56	52089.8	0.361537	78721.6	2965.74	2964.79
O16	14895.1	0.273309	78266.5	2698.42	2697.87
O16	14895.1	0.230485	85739	8441.14	8440.83
O16	14895.1	0.425629	81732.5	5659.66	5657.99
Al28	26058.3	0.171945	72767.1	0	0
Fe56	52089.8	0.0586048	77041.3	1208.89	1208.3
neutron	939.565	5.69365	75099.5	0	0
Ne22	20479.7	0.509944	75099.5	0	0
Mg24	22335.8	0.136815	99223.1	16890.5	16890.1
Si28	26053.2	0.253948	75996.9	392.916	392.244
Si28	26053.2	0.179999	91101.9	11994.3	11993.8
neutron	939.565	1.83635	73018.5	0	0
neutron	939.565	1.28126	73018.5	0	0
alpha	3727.38	6.71026	73018.5	0	0
Ne21	19550.5	1.62886	73018.5	0	0
O16	14895.1	0.252225	92510.2	12303.6	12303.3
O16	14895.1	0.233949	96601.8	15197	15196.6
Si28	26053.2	0.23706	79734.7	4208.39	4208.13
O16	14895.1	0.231629	74466.3	987.001	985.725
neutron	939.565	5.12487	72823.6	0	0
neutron	939.565	3.79763	72823.6	0	0
Ne22	20479.7	2.49168	72823.6	0	0
O16	14895.1	0.251953	87225.6	9017.28	9016.92
Si28	26053.2	0.129578	76169.4	1968.49	1968.27
O16	14895.1	0.260389	73995	628.38	627.773
O16	14895.1	0.970239	86628.5	8232.92	8231.75
neutron	939.565	26.4837	73287.8	0	0
neutron	939.565	4.03896	73287.8	0	0
C13	12109.5	1.8771	73287.8	0	0
O16	14895.1	0.233401	90553.1	10965.4	10964.9
O16	14895.1	0.337426	92527.2	12283.1	12281.6
neutron	939.565	25.6369	72964.5	0	0
neutron	939.565	1.16002	72964.5	0	0
C13	12109.5	1.45748	72964.5	0	0
Mg25	23268	0.155867	77530.2	1147.55	1147
Si29	26984.3	0.159023	77404.6	1051.35	1051.07
O16	14895.1	0.324112	92116.3	11686	11685.6
O16	14895.1	0.451235	86254.4	7853.79	7852.78
O16	14895.1	0.192724	99934.3	17429.1	17428.6
O16	14895.1	1.60487	99225.2	16947.5	16945.8
O16	14895.1	0.244879	92218.8	10208.9	10208.5
O16	14895.1	0.285546	99285.5	17070.6	17069.9
Si28	26053.2	0.15853	89392.5	9705.12	9704.55
neutron	939.565	0.15622	74900.6	0	0
N15	13968.9	0.353244	74900.6	0	0
Mg24	22335.8	0.203029	91666.3	10746	10745.6
Al28	26058.3	0.176672	76236.6	0	0
Si28	26053.2	0.237462	90849.1	10654.5	10653.8
Al28	26058.3	0.187632	74871.2	0	0
O16	14895.1	0.238708	81720.1	4156.18	4155.92
O16	14895.1	1.07203	77437.4	1221.03	1219.77
Na24	22341.8	0.211375	75396.6	0	0
O16	14895.1	0.233714	84414.2	7719.15	7718.66
Si28	26053.2	0.255821	80961.7	3444.74	3444.09
O16	14895.1	0.194174	90131.8	10241.2	10241
Si30	27913.2	2.01393	78195	1383.36	1380.88
neutron	939.565	4.47542	75859.7	0	0
neutron	939.565	0.634782	75859.7	0	0
alpha	3727.38	13.2216	75859.7	0	0
Ne21	19550.5	3.24513	75859.7	0	0
neutron	939.565	8.38032	73581.5	0	0
N15	13968.9	1.11235	73581.5	0	0
O16	14895.1	1.22343	83854.7	6357.45	6356.12
Mg28	26060.7	0.443747	72578.1	0	0
neutron	939.565	11.4188	72850.2	0	0
neutron	939.565	5.57794	72850.2	0	0
C12	11174.9	3.84773	72850.2	0	0
Mg24	22335.8	0.16571	98663.7	16668.4	16668.2
Mg26	24196.5	0.253364	75775.3	0	0
O16	14895.1	0.231316	81337.7	3627.85	3627.29
Al28	26058.3	0.174528	75257.7	0	0
Mg25	23268	0.12507	81700	4155.17	4154.85
Al28	26058.3	0.16747	74712.8	0	0
O16	14895.1	0.203382	96331.8	14127	14126.6
neutron	939.565	4.85539	76261.1	0	0
neutron	939.565	1.3845	76261.1	0	0
C13	12109.5	3.25874	76261.1	0	0
O16	14895.1	0.347771	84584.2	7053.38	7053.03
neutron	939.565	5.63258	74245.8	0	0
Al27	25126.5	0.529393	74245.8	0	0
Al28	26058.3	0.17427	73910.5	0	0
O16	14895.1	0.330884	91630.2	10654	10653.3
Si28	26053.2	0.140285	88599.5	8713.84	8713.67
O16	14895.1	0.323687	88288.9	8532.31	8531.9
O16	14895.1	0.280699	92185.3	11511	11510.6
Mg26	24196.5	0.195475	89422.3	8390.57	8389.84
O16	14895.1	0.69647	80273	2615.06	2614.31
Mg24	22335.8	0.152668	77173.4	2204.9	2204.57
Na24	22341.8	0.213829	73635.9	0	0
Mg24	22335.8	0.20726	94289.9	13448	13447.7
O16	14895.1	0.299427	93027.4	12472	12471.5
Al28	26058.3	0.173663	72810.5	0	0
O16	14895.1	0.209298	79464.1	3693.93	3693.46
neutron	939.565	2.8426	73415.7	0	0
Al27	25126.5	0.26856	73415.7	0	0
O16	14895.1	0.636091	80213.1	3773.39	3772.64
Si28	26053.2	0.222418	92482.6	12389.3	12388.8
neutron	939.565	5.58119	72301.5	0	0
neutron	939.565	2.13173	72301.5	0	0
alpha	3727.38	10.8869	72301.5	0	0
O17	15830.5	2.43641	72301.5	0	0
O16	14895.1	0.287134	74024.1	948.653	948.358
neutron	939.565	0.752053	97318.8	15299	14710.1
N14	13040.2	0.572664	97318.8	15299	14710.1
O16	14895.1	1.77371	89544.4	9801.15	9798.94
neutron	939.565	4.13223	74071.9	0	0
neutron	939.565	0.817118	74071.9	0	0
Al26	24200	0.306164	74071.9	0	0
Si28	26053.2	0.141155	98010.5	16279.2	16278.1
neutron	939.565	149.14	89558.6	10414.6	8475.4
neutron	939.565	66.4323	89558.6	10414.6	8475.4
neutron	939.565	66.004	89558.6	10414.6	8475.4
neutron	939.565	44.706	89558.6	10414.6	8475.4
neutron	939.565	28.9556	89558.6	10414.6	8475.4
neutron	939.565	21.3752	89558.6	10414.6	8475.4
neutron	939.565	6.90922	89558.6	10414.6	8475.4
neutron	939.565	4.9115	89558.6	10414.6	8475.4
He3	2808.39	21.3509	89558.6	10414.6	8475.4
alpha	3727.38	5.81586	89558.6	10414.6	8475.4
neutron	939.565	7.37852	76344.7	0	0
neutron	939.565	6.73284	76344.7	0	0
alpha	3727.38	10.6857	76344.7	0	0
Na22	20482.1	2.16844	76344.7	0	0
O16	14895.1	0.22427	98765.6	16675.8	16675.1
O16	14895.1	0.583713	77702.5	162.073	161.1
neutron	939.565	5.23523	74817.5	0	0
neutron	939.565	2.71514	74817.5	0	0
neutron	939.565	1.31719	74817.5	0	0
Mg24	22335.8	0.226644	74817.5	0	0
O16	14895.1	0.236694	82581.5	5830.42	5829.82
N16	14906	0.289477	72830.5	0	0
O16	14895.1	0.374612	91780.2	12174.8	12174.2
O16	14895.1	0.299171	85070.7	5620.89	5619.43
Mg24	22335.8	0.150817	82129	3115.46	3114.71
O16	14895.1	0.335289	75052.3	1496.78	1496.17
O16	14895.1	0.19309	84194.2	6510.01	6509.54
Na25	23272.4	0.1776	73859.6	0	0
Al28	26058.3	0.177838	75385.1	0	0
O16	14895.1	0.528843	89163.6	10252.8	10252
O16	14895.1	0.428637	73899.1	476.459	475.628
O16	14895.1	0.34209	97381.1	15533.9	15533.6
O16	14895.1	0.782824	96583.7	15020.3	15019.5
neutron	939.565	13.0702	74758	0	0
neutron	939.565	5.32689	74758	0	0
neutron	939.565	2.24065	74758	0	0
Mg24	22335.8	1.07736	74758	0	0
Fe54	50231.2	0.127088	86545.6	7157.83	7157.54
Si28	26053.2	0.462512	78263.8	3891.68	3890.74
Mg26	24196.5	0.447338	80548.7	2551.02	2550.42
Mg24	22335.8	0.190043	80464.7	2508.09	2507.75
Na24	22341.8	0.216556	76632.4	0	0
O16	14895.1	0.274784	98459.4	16489.6	16488.3
O16	14895.1	0.372132	90715	11613.9	11613.4
Mg26	24196.5	0.139952	96350.2	15030.2	15030
O16	14895.1	0.293386	78092.9	2717.85	2717.09
neutron	939.565	6.86346	73453.1	0	0
neutron	939.565	5.47404	73453.1	0	0
neutron	939.565	0.958173	73453.1	0	0
Cr52	48370	0.547448	73453.1	0	0
O16	14895.1	1.67055	78558.7	3429.31	3427.09
neutron	939.565	1.52115	72903.1	0	0
Mg26	24196.5	0.270748	72903.1	0	0
alpha	3727.38	3.17895	72964.2	0	0
Be10	9325.5	4.05262	72964.2	0	0
neutron	939.565	7.50783	73894.3	0	0
neutron	939.565	0.505704	73894.3	0	0
Ne21	19550.5	0.795849	73894.3	0	0
neutron	939.565	2.25615	73303.6	0	0
Al27	25126.5	0.154848	73303.6	0	0
Al28	26058.3	0.182251	75350.4	0	0
Mg26	24196.5	0.189285	74853.9	0	0
Mg24	22335.8	0.231199	94159	13892.7	13892.1
Fe56	52089.8	0.0637195	92293.4	11940.7	11940
O16	14895.1	0.504292	88807.9	9832.74	9831.4
O16	14895.1	0.222006	80880.1	4166.15	4165.77
Fe56	52089.8	0.0634304	80023.5	3114.61	3114.51
O16	14895.1	0.509025	82500.7	6005.77	6004.84
Mg25	23268	0.164626	80264.7	4439.75	4439.05
neutron	939.565	1.17996	73642.8	0	0
Na25	23272.4	0.0759023	73642.8	0	0
Al28	26058.3	0.184071	83168.7	0	0
O16	14895.1	0.192636	93303.8	11472.3	11471.7
Mg24	22335.8	0.309925	94967.1	13756.1	13755.7
neutron	939.565	2.56908	73716.9	0	0
neutron	939.565	1.77358	73716.9	0	0
N14	13040.2	0.575022	73716.9	0	0
neutron	939.565	20.655	95762.5	14700.5	14370.1
C12	11174.9	1.24293	95762.5	14700.5	14370.1
O16	14895.1	0.359105	89122.4	10382.4	10381.5
Mg24	22335.8	0.246	83825.6	7015.76	7015.1
N16	14906	0.281011	72695.9	0	0
O16	14895.1	0.583954	80343	2254.6	2253.97
neutron	939.565	19.8205	76492.6	0	0
Mg26	24196.5	0.689564	76492.6	0	0
Si28	26053.2	0.204192	78399.1	2622.05	2621.72
O16	14895.1	1.15059	99205.1	16959.4	16958.2
Al28	26058.3	0.185881	75481.1	0	0
Mg24	22335.8	0.133922	94765.5	14062.5	14062.1
Mg24	22335.8	0.132243	87048.6	8758.5	8757.46
Si28	26053.2	0.154889	85689.7	8372.53	8371.49
O16	14895.1	1.20289	82850.8	5959.34	5957.02
Si28	26053.2	0.184418	95488.2	14747.8	14746.5
Al29	26988.5	0.181781	74413.5	0	0
Si29	26984.3	0.306889	99813.5	17379.2	17378.4
O16	14895.1	0.594536	99453	14432.3	14431.1
Mg24	22335.8	0.136184	82049.5	4229.89	4228.98
O16	14895.1	0.341588	93757.6	12835.3	12834.9
O16	14895.1	0.574678	77158.5	2154.4	2153.61
neutron	939.565	3.8153	73622.2	0	0
Al27	25126.5	0.574155	73622.2	0	0
Si28	26053.2	0.11601	78069.6	2433.92	2433.78
neutron	939.565	6.02791	74833.4	0	0
neutron	939.565	1.47214	74833.4	0	0
Mg25	23268	0.290743	74833.4	0	0
neutron	939.565	17.7261	73508.9	0	0
neutron	939.565	0.990189	73508.9	0	0
Mg25	23268	0.693729	73508.9	0	0
O16	14895.1	0.6428	80793.3	4112.94	4112.02
O16	14895.1	0.510626	78429.6	2727.54	2726.65
Mg24	22335.8	0.203217	77479.7	1343.74	1342.99
neutron	939.565	1.62811	73462.7	0	0
alpha	3727.38	5.90839	73462.7	0	0
B11	10252.5	0.496591	73462.7	0	0
neutron	939.565	2.31562	73671.9	0	0
neutron	939.565	0.981594	73671.9	0	0
neutron	939.565	0.202738	73671.9	0	0
Mg24	22335.8	1.95027	73671.9	0	0
neutron	939.565	0.122022	78218.7	0	0
Na23	21409.2	0.209879	78218.7	0	0
neutron	939.565	4.87969	73865.6	0	0
neutron	939.565	1.65793	73865.6	0	0
Mg25	23268	0.485369	73865.6	0	0
neutron	939.565	2.52699	72182	0	0
N15	13968.9	0.412827	72182	0	0
Na26	24206.4	0.17772	71703.7	0	0
neutron	939.565	14.8778	73893.2	0	0
neutron	939.565	1.28826	73893.2	0	0
C13	12109.5	2.16784	73893.2	0	0
O16	14895.1	0.402545	77578.5	3315.69	3315.16
neutron	939.565	0.559963	72125.4	0	0
Al27	25126.5	0.111482	72125.4	0	0
Si28	26053.2	0.226965	76769.5	2828.01	2827.68
Na24	22341.8	0.208984	72096.2	0	0
O16	14895.1	0.330566	81557.9	5061.37	5060.79
Al28	26058.3	0.163853	73336.2	0	0
neutron	939.565	16.6409	73219.7	0	0
neutron	939.565	14.532	73219.7	0	0
neutron	939.565	3.45231	73219.7	0	0
Na23	21409.2	0.246988	73219.7	0	0
O16	14895.1	0.795178	75997	986.082	985.033
O16	14895.1	0.256359	93265.1	13167.8	13167.4
O16	14895.1	0.208492	75315.4	1007.12	1006.52
neutron	939.565	3.48853	73582.1	0	0
neutron	939.565	3.15733	73582.1	0	0
Ne20	18617.7	1.92971	73582.1	0	0
O16	14895.1	0.332622	83790.6	6524.5	6523.96
O16	14895.1	0.272353	95731.6	13770.2	13769.9
neutron	939.565	1.20988	75779.9	0	0
N15	13968.9	0.470422	75779.9	0	0
O16	14895.1	1.02831	86586.5	7672.62	7670.87
O16	14895.1	0.201229	94595.7	14113.6	14112.6
Mg24	22335.8	0.127998	90180	8846.39	8846.21
O16	14895.1	0.278319	78529.9	1201.75	1201.44
O16	14895.1	0.272876	95648.9	14524.5	14523.3
Mg24	22335.8	0.231807	94737.1	12881.9	12880.8
neutron	939.565	0.209757	74373.9	0	0
N15	13968.9	0.404026	74373.9	0	0
Si28	26053.2	0.280385	97668.4	16027.2	16026.7
O16	14895.1	0.521374	92316	12630.8	12630
Mg24	22335.8	0.234137	82065.1	5036.53	5036.17
Mg24	22335.8	0.250835	76744.2	1498.61	1497.55
Al28	26058.3	0.151595	73121.2	0	0
Na24	22341.8	0.188366	73062.4	0	0
O16	14895.1	0.651703	83091.4	6537.98	6536.46
O16	14895.1	0.2632	95096.6	14019.2	14018.2
O16	14895.1	0.226105	98091.6	16203.7	16203.4
Si28	26053.2	0.145094	81746	3582.76	3582.37
Si28	26053.2	0.528465	87378.7	6484.93	6484.34
Si28	26053.2	0.248565	84026.7	4436.51	4435.78
O16	14895.1	0.456624	79218.2	4323.54	4322.75
Si28	26053.2	0.169846	93645.5	13192.8	13192.1
Mg24	22335.8	0.158866	76697.9	1608.81	1608.43
Si28	26053.2	0.178241	99832.7	17373.4	17373.1
Mg24	22335.8	0.714704	80791.1	5009.37	5007.99
O16	14895.1	0.323044	89811.5	9223.78	9222.2
Fe56	52089.8	0.0565986	83464.3	5303.01	5302.51
Si28	26053.2	0.400836	78781.6	2525.36	2524.92
Mg26	24196.5	0.261056	78834.3	2834.96	2834.53
Fe56	52089.8	0.0571785	76131.5	1292.91	1292.61
Si28	26053.2	0.130129	85988	7257.91	7257.54
Mg26	24196.5	0.244987	80323.1	3501.49	3500.21
Al28	26058.3	0.180536	74394.7	0	0
Mg24	22335.8	0.135778	98668.7	16638.8	16638.5
O16	14895.1	0.632394	97055	15656	15655.3
Si28	26053.2	0.880141	84470.7	6997.81	6996.9
neutron	939.565	6.39009	72782	0	0
neutron	939.565	5.89325	72782	0	0
neutron	939.565	4.14709	72782	0	0
Na23	21409.2	1.49068	72782	0	0
N15	13968.9	1.72349	84324.7	4395.49	3875.87
Mg26	24196.5	0.240429	80534.2	1664.23	1663.56
neutron	939.565	4.51583	77706.2	0	0
neutron	939.565	2.0226	77706.2	0	0
neutron	939.565	0.259779	77706.2	0	0
C12	11174.9	1.81926	77706.2	0	0
O16	14895.1	1.60604	96563.6	15320.1	15318.2
neutron	939.565	0.232638	76222.4	0	0
N15	13968.9	0.431589	76222.4	0	0
Fe56	52089.8	0.0909125	77945.1	3444.71	3442.62
Si28	26053.2	0.115531	83439.4	6393.36	6392.97
Al28	26058.3	0.184477	73156.3	0	0
neutron	939.565	2.45544	74348.8	0	0
Na23	21409.2	0.340257	74348.8	0	0
Si28	26053.2	0.284768	74499	1392.3	1391.82
neutron	939.565	2.37062	78732.7	0	0
Al27	25126.5	0.31569	78732.7	0	0
neutron	939.565	5.67824	73582.8	0	0
C14	13040.9	0.157838	73582.8	0	0
Mg26	24196.5	0.138795	85330.5	7191.45	7190.77
neutron	939.565	17.3096	75247	0	0
neutron	939.565	10.046	75247	0	0
Ne21	19550.5	2.91757	75247	0	0
neutron	939.565	6.06849	74122.3	0	0
Na23	21409.2	0.546869	74122.3	0	0
O16	14895.1	0.253527	79565.8	1035.7	1035.31
Al28	26058.3	0.184867	77858.1	0	0
O16	14895.1	0.199378	84602.2	5899.59	5899.36
O16	14895.1	0.293988	85054.7	6402.97	6401.72
Si28	26053.2	0.133059	80471.2	3165.69	3165.33
neutron	939.565	6.57289	75370.2	0	0
neutron	939.565	0.424465	75370.2	0	0
Mg25	23268	0.7638	75370.2	0	0
O16	14895.1	0.217624	83310.2	4637.86	4637.48
neutron	939.565	17.8475	73064.4	0	0
neutron	939.565	17.5989	73064.4	0	0
C13	12109.5	2.88015	73064.4	0	0
O16	14895.1	1.0468	99460.2	17176.6	17175.5
Si28	26053.2	0.204611	79251.1	3992.78	3991.15
O16	14895.1	0.191598	74057.3	733.676	732.895
Mg24	22335.8	0.158581	97162.4	12583.3	12582.8
Na24	22341.8	0.217095	76725.9	0	0
O16	14895.1	0.304117	94552.3	10648.5	10648.2
O16	14895.1	1.13604	79868	160.814	159.654
Na24	22341.8	0.190735	79720	0	0
O16	14895.1	1.69555	93180.6	12871	12869.2
O16	14895.1	0.212788	82532.3	4979.41	4978.37
Fe56	52089.8	0.156232	93978.5	13595.4	13595
O18	16762	0.361015	81860.8	5164.88	5164.48
Na24	22341.8	0.197594	73666.4	0	0
Al28	26058.3	0.191288	74807.4	0	0
O16	14895.1	0.34541	94709	14045.5	14044.6
neutron	939.565	7.10903	73340.1	0	0
neutron	939.565	5.26776	73340.1	0	0
Mg25	23268	0.0368596	73340.1	0	0
Mg24	22335.8	0.141493	93872.3	12141.9	12141.4
neutron	939.565	30.6993	74118.3	0	0
neutron	939.565	1.63129	74118.3	0	0
Cr53	49301.7	0.134508	74118.3	0	0
O16	14895.1	0.372574	83580.5	5068.07	5067.66
Mg24	22335.8	0.173848	83332.8	6561.28	6560.21
Si28	26053.2	0.109647	77618.5	2597.56	2597.27
neutron	939.565	8.51237	73350.9	0	0
neutron	939.565	0.987876	73350.9	0	0
Mg24	22335.8	0.328853	73350.9	0	0
Si28	26053.2	0.257971	89967.6	11219.6	11218.5
Si28	26053.2	0.13656	72091.8	44.5169	44.2302
O16	14895.1	0.228448	92653.6	12382.3	12381.8
neutron	939.565	6.65371	76509.1	0	0
Mg26	24196.5	0.578251	76509.1	0	0
Mg24	22335.8	0.209445	97667.7	15962	15960.9
O16	14895.1	0.301147	87419.9	8083.45	8083.1
neutron	939.565	7.7744	73988	0	0
Na25	23272.4	1.59104	73988	0	0
O16	14895.1	0.203128	92687	11269.2	11268.4
O16	14895.1	0.500824	84746.1	5773.38	5771.89
neutron	939.565	5.17678	75141.2	0	0
neutron	939.565	4.39463	75141.2	0	0
neutron	939.565	3.22838	75141.2	0	0
neutron	939.565	2.88434	75141.2	0	0
neutron	939.565	2.86636	75141.2	0	0
Mg24	22335.8	0.532861	75141.2	0	0
O16	14895.1	0.222408	84605.5	5707.42	5707.11
neutron	939.565	10.1686	75509.3	0	0
neutron	939.565	0.978498	75509.3	0	0
Mg25	23268	1.07825	75509.3	0	0
Mg24	22335.8	0.14832	93086.9	12392.7	12392.3
O16	14895.1	0.240076	83584.9	6619.64	6618.99
Si28	26053.2	0.788257	80953.2	5070.63	5069.59
Si28	26053.2	0.176595	93251	12421.1	12420.5
Si28	26053.2	0.123188	89070.6	9631.3	9630.98
O16	14895.1	1.42649	83996	6164.51	6162.94
Si28	26053.2	0.481116	88138.4	10321.5	10320.9
Na25	23272.4	0.211638	74003	0	0
O16	14895.1	1.37603	90714.2	7474.38	7472.48
O16	14895.1	0.233349	80316	542.707	542.338
neutron	939.565	5.16997	77570	0	0
neutron	939.565	2.43178	77570	0	0
C12	11174.9	1.60883	77570	0	0
Al28	26058.3	0.190425	72316.8	0	0
O16	14895.1	0.233696	76185	553.151	552.069
Si28	26053.2	0.29698	92569.2	11565	11564.4
Mg24	22335.8	0.266441	74890.4	565.965	565.662
O16	14895.1	0.537489	93066.7	12666.3	12665
Al28	26058.3	0.18473	75275.4	0	0
neutron	939.565	4.47081	72438	0	0
neutron	939.565	0.80115	72438	0	0
C13	12109.5	0.39532	72438	0	0
Fe56	52089.8	0.0592875	77762.7	2631.98	2631.88
Mg24	22335.8	0.129627	74683.1	654.468	654.26
Si28	26053.2	0.253924	75901	450.728	449.718
Na24	22341.8	0.182903	75221.6	0	0
Si28	26053.2	0.231681	87004.1	3987.88	3987.35
Mg24	22335.8	0.22624	98021.3	16173.9	16173.5
O16	14895.1	0.262621	91823.6	12321.9	12321.5
O16	14895.1	0.392971	75394.2	1890.25	1889.78
O16	14895.1	1.38801	87787.1	9461.53	9459.83
Mn56	52094	0.0872053	73413.6	0	0
Si28	26053.2	0.234264	80410.3	3048.43	3047.95
Mg26	24196.5	0.15458	76516.7	432.13	431.707
Si28	26053.2	0.946207	95150.1	11762	11761
Si28	26053.2	0.260791	85733.6	5250.34	5249.72
Si28	26053.2	0.19614	74351.5	460.464	459.721
neutron	939.565	2.48356	74336	0	0
neutron	939.565	1.83576	74336	0	0
Na22	20482.1	0.322889	74336	0	0
Mg24	22335.8	0.720153	95968.3	14736.5	14735.2
neutron	939.565	7.46786	72997.3	0	0
neutron	939.565	5.49386	72997.3	0	0
C12	11174.9	0.44782	72997.3	0	0
neutron	939.565	32.4859	73663.4	0	0
neutron	939.565	29.2745	73663.4	0	0
neutron	939.565	2.12203	73663.4	0	0
Na21	19553.6	0.436854	73663.4	0	0
Si28	26053.2	0.174685	77342.7	765.25	765.071
Mg24	22335.8	0.35013	96442.5	15049.9	15049.4
O16	14895.1	0.502099	79829.3	3567.07	3565.91
Si28	26053.2	0.227247	79491.7	3813.72	3813.14
Mg24	22335.8	0.189409	82806.9	5231.61	5231.34
O16	14895.1	0.240698	81722.2	4641.58	4641.29
Na24	22341.8	0.21873	73586	0	0
Mg25	23268	0.145893	91061.5	11406.2	11405.7
neutron	939.565	5.58303	74954.9	0	0
C14	13040.9	0.285983	74954.9	0	0
Si28	26053.2	0.110591	83072.4	5061.77	5061.65
neutron	939.565	7.22915	74693.9	0	0
C14	13040.9	0.230282	74693.9	0	0
O16	14895.1	0.243237	99825.3	17385.5	17385.1
O16	14895.1	0.679515	88561.5	9800.44	9799.37
Mg24	22335.8	0.130267	88139.5	9468.63	9467.94
neutron	939.565	12.9281	93396.8	13134.9	12928.7
neutron	939.565	3.3307	93396.8	13134.9	12928.7
C12	11174.9	1.59518	93396.8	13134.9	12928.7
O16	14895.1	0.581954	96560.8	15146.3	15145.2
Mg24	22335.8	0.462168	80701.1	4406.22	4405.29
Fe56	52089.8	0.0978339	82671.8	6119.43	6118.72
Si28	26053.2	0.325422	74825.2	1115.47	1114.98
neutron	939.565	9.23797	72975.8	0	0
neutron	939.565	5.27658	72975.8	0	0
neutron	939.565	1.69433	72975.8	0	0
C12	11174.9	0.384334	72975.8	0	0
neutron	939.565	5.69281	87407.3	6912.49	6673.16
N15	13968.9	1.90506	87407.3	6912.49	6673.16
Mg25	23268	0.240936	80038.7	2028.6	2028.04
Al28	26058.3	0.162219	72237	0	0
Si28	26053.2	0.186707	78932.7	3743.31	3742.28
neutron	939.565	7.24336	72817.2	0	0
neutron	939.565	1.0713	72817.2	0	0
N14	13040.2	0.561504	72817.2	0	0
neutron	939.565	3.77832	74129.8	0	0
neutron	939.565	1.75437	74129.8	0	0
Na24	22341.8	0.166737	74129.8	0	0
Mg25	23268	0.124318	97793.4	15569.2	15568.7
neutron	939.565	19.2428	73950.1	0	0
neutron	939.565	5.0624	73950.1	0	0
neutron	939.565	4.44377	73950.1	0	0
neutron	939.565	2.22515	73950.1	0	0
Mg25	23268	1.14319	73950.1	0	0
O16	14895.1	0.264577	88478.2	10044.4	10043.5
O16	14895.1	0.20908	98549.3	16054	16053.6
O16	14895.1	0.266115	88450.9	9247.73	9247.16
Al29	26988.5	0.186249	74192.8	0	0
neutron	939.565	5.52576	77636.4	0	0
F21	19556.7	1.90399	77636.4	0	0
O16	14895.1	0.237293	91203.1	11092.4	11092.1
Al29	26988.5	0.169122	73465	0	0
Al28	26058.3	0.190383	72645.7	0	0
N16	14906	0.289252	75336.8	0	0
O16	14895.1	0.440596	98163.3	16359.5	16358.8
O16	14895.1	0.327417	86002.3	6947.69	6947.25
Mg25	23268	0.170713	91470.2	12029.4	12029
neutron	939.565	6.33077	75219.8	0	0
Mg26	24196.5	1.23422	75219.8	0	0
Mg24	22335.8	0.134281	95356.8	14092.2	14091.4
Al28	26058.3	0.160751	73227.5	0	0
Na24	22341.8	0.211965	76031.2	0	0
Mg24	22335.8	0.439303	99345.5	17095.1	17094.6
neutron	939.565	1.18781	72593.2	0	0
neutron	939.565	0.47073	72593.2	0	0
O16	14895.1	4.85015	72593.2	0	0
neutron	939.565	0.214706	75249.2	0	0
Mn55	51161.7	0.122563	75249.2	0	0
O16	14895.1	0.559829	84432.2	5430.73	5430.06
neutron	939.565	10.8143	75523.1	0	0
neutron	939.565	5.93527	75523.1	0	0
neutron	939.565	0.155024	75523.1	0	0
Ne20	18617.7	0.978062	75523.1	0	0
neutron	939.565	0.513962	72264.2	0	0
N15	13968.9	0.248452	72264.2	0	0
O16	14895.1	0.246471	89805.5	7680.09	7678.77
neutron	939.565	4.95056	75789.2	0	0
neutron	939.565	2.27149	75789.2	0	0
neutron	939.565	0.967314	75789.2	0	0
N13	12111.2	0.964764	75789.2	0	0
Si28	26053.2	0.108833	98402.3	16070.7	16070.2
Mg24	22335.8	0.209801	76322.5	1096.19	1095.97
Al28	26058.3	0.18645	74474.3	0	0
neutron	939.565	1.19984	72432.9	0	0
Mg26	24196.5	0.0761767	72432.9	0	0
Si28	26053.2	0.163635	97238.4	15624.2	15623.6
neutron	939.565	6.90424	73724.5	0	0
neutron	939.565	4.3437	73724.5	0	0
N14	13040.2	0.93271	73724.5	0	0
Si28	26053.2	0.1261	98101.1	16086.7	16085.9
O16	14895.1	0.199455	96963.7	15317	15316.1
Al28	26058.3	0.1883	72750.7	0	0
Si28	26053.2	0.419256	98393.8	16139.5	16138.8
Fe56	52089.8	0.0783426	95198.5	13807.9	13807.5
neutron	939.565	0.193807	73839	0	0
Mn55	51161.7	0.0816768	73839	0	0
O16	14895.1	0.357263	97571.5	15797.2	15795.6
O16	14895.1	0.696319	93058.6	12782.6	12781.9
Al28	26058.3	0.173595	72577.3	0	0
O16	14895.1	0.230223	85025.2	6769.35	6769.04
O16	14895.1	0.20931	74706.2	693.435	692.566
neutron	939.565	7.1863	73578.3	0	0
Mg26	24196.5	0.231257	73578.3	0	0
Si28	26053.2	0.110469	85301.3	7683.4	7683.24
O16	14895.1	0.37017	84486.2	7201.54	7201.07
neutron	939.565	21.4218	74523.5	0	0
neutron	939.565	2.03264	74523.5	0	0
neutron	939.565	1.9364	74523.5	0	0
Mg24	22335.8	1.50609	74523.5	0	0
Mg25	23268	0.175691	76404.1	1430.98	1430.69
O16	14895.1	0.199471	74513.3	306.611	305.39
neutron	939.565	7.09491	71989.6	0	0
neutron	939.565	1.38672	71989.6	0	0
B12	11188.7	0.910298	71989.6	0	0
Si28	26053.2	0.20268	81942.7	6155.08	6154.86
O16	14895.1	0.200922	97153.2	15624.4	15623.9
O16	14895.1	0.462133	99336.2	17005.2	17004.5
O16	14895.1	0.194337	91886	12166.3	12166
Na24	22341.8	0.216214	77286.2	0	0
Al28	26058.3	0.188748	72397.6	0	0
O16	14895.1	0.206634	95900.1	14120.6	14120.4
O16	14895.1	0.342412	81790	4419.39	4417.76
Na24	22341.8	0.19373	74907.7	0	0
Na24	22341.8	0.204082	74019.1	0	0
Mg24	22335.8	0.198529	96805.9	15121.5	15120.2
Al28	26058.3	0.190654	72835.4	0	0
Si28	26053.2	0.280045	88130.4	9018.29	9017.91
Fe56	52089.8	0.0700351	98732.3	16457.5	16457.4
Si28	26053.2	0.124027	76191.8	439.658	438.804
neutron	939.565	15.7454	75505.5	0	0
neutron	939.565	2.41986	75505.5	0	0
neutron	939.565	0.807716	75505.5	0	0
Ne20	18617.7	2.56046	75505.5	0	0
O16	14895.1	0.49953	94988.5	13958.8	13957.7
O16	14895.1	0.756139	82321.1	3476.28	3475.49
neutron	939.565	11.0213	76633.4	0	0
neutron	939.565	0.377946	76633.4	0	0
C12	11174.9	1.472	76633.4	0	0
Si28	26053.2	0.440411	96864.2	14628.1	14627.4
Al28	26058.3	0.184468	76570.2	0	0
Mg24	22335.8	0.244348	91939.4	11387.2	11385.8
neutron	939.565	0.216894	73736.1	0	0
Al27	25126.5	0.183517	73736.1	0	0
O16	14895.1	0.282331	93706	13310.6	13309.6
O16	14895.1	1.14189	78978.1	1353.9	1352.74
Si28	26053.2	0.117145	85548.2	7364.46	7364.12
neutron	939.565	12.2914	79843.4	0	0
Mg26	24196.5	1.13793	79843.4	0	0
O16	14895.1	1.28566	88451.8	9448.88	9446.03
neutron	939.565	2.71811	73490.3	0	0
N15	13968.9	0.760733	73490.3	0	0
neutron	939.565	6.76515	74924.3	0	0
neutron	939.565	2.26597	74924.3	0	0
neutron	939.565	0.220074	74924.3	0	0
alpha	3727.38	8.54822	74924.3	0	0
Ne20	18617.7	2.69231	74924.3	0	0
O16	14895.1	0.221701	92372.2	13002.3	13001.9
Mg24	22335.8	0.332461	74595.6	1772.4	1772.03
O16	14895.1	0.194741	94154.2	11628.8	11627.5
O16	14895.1	0.781271	79881.4	2899.47	2898.55
Mg24	22335.8	0.386321	88022.8	10059.3	10058
O16	14895.1	0.580874	76110.1	2037.65	2036.93
Al28	26058.3	0.163932	72895.1	0	0
Al28	26058.3	0.16633	74464.9	0	0
O16	14895.1	0.244266	81724	4056.6	4055.35
Mg24	22335.8	0.483581	78104.5	1993.57	1993.01
Mg24	22335.8	0.148097	99218.9	17016.3	17014.7
O16	14895.1	1.66987	77463.6	1747.58	1745.71
neutron	939.565	14.4851	74601.3	0	0
neutron	939.565	1.86678	74601.3	0	0
C13	12109.5	1.21216	74601.3	0	0
neutron	939.565	0.0268733	74973.4	0	0
Al27	25126.5	0.186525	74973.4	0	0
O16	14895.1	0.196649	91516.4	12036.8	12035.8
O16	14895.1	0.531159	89928.1	11092.9	11092.2
neutron	939.565	29.8492	71907.7	0	0
neutron	939.565	2.47512	71907.7	0	0
C13	12109.5	2.83245	71907.7	0	0
neutron	939.565	2.27935	73117.5	0	0
neutron	939.565	1.00658	73117.5	0	0
neutron	939.565	0.73499	73117.5	0	0
Ne22	20479.7	0.898198	73117.5	0	0
neutron	939.565	2.56651	73128.4	0	0
Al27	25126.5	0.0111815	73128.4	0	0
O16	14895.1	0.414148	84726.6	5318.33	5317.58
neutron	939.565	34.6945	76557	0	0
neutron	939.565	2.21148	76557	0	0
N14	13040.2	3.25486	76557	0	0
neutron	939.565	0.591518	74701.7	0	0
C14	13040.9	0.575582	74701.7	0	0
Al28	26058.3	0.177628	74178	0	0
Na24	22341.8	0.207827	74805.2	0	0
Mg24	22335.8	0.168813	74607.8	665.445	664.93
O16	14895.1	0.270078	88899.6	10394.3	10393.8
neutron	939.565	22.5903	72338.2	0	0
Na25	23272.4	0.690522	72338.2	0	0
O16	14895.1	0.371905	98630.8	16269.1	16267.8
neutron	939.565	3.48738	74837.2	0	0
neutron	939.565	3.23771	74837.2	0	0
neutron	939.565	3.0124	74837.2	0	0
Al27	25126.5	0.89361	74837.2	0	0
Mg24	22335.8	0.16855	96310.3	15191.2	15190.9
O16	14895.1	0.212646	73889.9	756.334	755.76
Al28	26058.3	0.189943	72567.8	0	0
O16	14895.1	1.08579	99672.5	17289.7	17287
O16	14895.1	1.31001	78237.9	1931	1929.57
Si28	26053.2	0.18902	80858.2	4148.02	4147.32
Si28	26053.2	0.585232	75705.4	646.184	645.341
neutron	939.565	3.08276	74749	0	0
Al27	25126.5	0.392114	74749	0	0
Al28	26058.3	0.184088	75787.7	0	0
O16	14895.1	0.196125	85370.1	7792.69	7792.41
neutron	939.565	0.477761	72481.5	0	0
Al27	25126.5	0.227287	72481.5	0	0
Mg24	22335.8	0.152467	92551.4	11036.6	11036.3
Si28	26053.2	0.278979	89439.8	9184.5	9182.83
Si28	26053.2	0.271695	92978.1	12691.9	12691.5
O16	14895.1	0.243637	89021.6	10109.2	10108.8
Na26	24206.4	0.175001	72939	0	0
Fe56	52089.8	0.0650451	95570.1	13270.2	13269.6
Si28	26053.2	0.128922	99680	17294.1	17294
O16	14895.1	1.14434	95615.4	14476.3	14475.1
O16	14895.1	0.682936	92410.8	12440.7	12439.5
neutron	939.565	0.628131	74298.8	0	0
Na23	21409.2	0.326728	74298.8	0	0
Si28	26053.2	0.386826	82726.4	5969.45	5968.9
Mg24	22335.8	0.139191	98638.1	16491.6	16491.4
Mg24	22335.8	0.183704	91550.7	10825.2	10824.6
neutron	939.565	5.31702	74558.5	0	0
Al27	25126.5	0.19947	74558.5	0	0
neutron	939.565	4.64802	73091.6	0	0
N15	13968.9	1.02544	73091.6	0	0
O16	14895.1	0.292469	97026.3	15639.5	15638.5
Si28	26053.2	0.704035	89281.8	10271.2	10269.2
neutron	939.565	23.5714	72398	0	0
neutron	939.565	2.33758	72398	0	0
neutron	939.565	1.0469	72398	0	0
Mg24	22335.8	0.592281	72398	0	0
Si28	26053.2	0.111478	77844.3	758.185	757.86
neutron	939.565	3.41499	76561.7	0	0
neutron	939.565	2.99668	76561.7	0	0
neutron	939.565	1.38162	76561.7	0	0
Na23	21409.2	0.526519	76561.7	0	0
Mg24	22335.8	0.319382	92261.1	12604.3	12603.8
Mg24	22335.8	0.420639	91980.1	12439.6	12439.2
Si28	26053.2	0.17219	96974.7	14276.4	14276.2
O16	14895.1	0.480017	93368.4	12014.2	12012.9
Si28	26053.2	0.120937	86003.8	7968.59	7968.47
Si28	26053.2	0.137993	82439.1	4638.99	4638.54
Al28	26058.3	0.182341	74718.6	0	0
O16	14895.1	0.268445	78444.1	2621.4	2620.87
O16	14895.1	0.271213	91911.4	12085.8	12085.4
O16	14895.1	0.190045	95814.4	14720.2	14719.7
Al28	26058.3	0.186348	72711.3	0	0
O16	14895.1	0.189427	86255.7	7422.67	7422.46
neutron	939.565	13.9969	74381.7	0	0
neutron	939.565	0.372173	74381.7	0	0
neutron	939.565	0.299685	74381.7	0	0
Ne20	18617.7	0.363216	74381.7	0	0
O16	14895.1	0.447811	87753	8596.35	8595.84
Mg24	22335.8	0.225837	85816.5	7256.03	7255.39
Na24	22341.8	0.20654	73648	0	0
O16	14895.1	0.274467	83653.1	5138.76	5138.11
neutron	939.565	27.5462	74489.7	0	0
neutron	939.565	1.71742	74489.7	0	0
C12	11174.9	1.851	74489.7	0	0
O16	14895.1	0.250772	84580.2	7495.91	7495.37
O16	14895.1	0.284045	73269.6	660.235	659.836
O16	14895.1	0.238882	87245.5	9103.01	9102.72
Si28	26053.2	0.115494	76136.6	2178.23	2177.94
Si28	26053.2	0.194585	94680.8	14195.8	14194.8
Mg26	24196.5	0.381187	99900.8	17366	17365.6
Mg24	22335.8	0.247781	82051	6001.78	6001.29
N15	13968.9	0.953413	99205.7	17009	16775
Si28	26053.2	0.270138	91117.3	11567.2	11564.9
O16	14895.1	0.211148	82920.1	5647.96	5647.16
neutron	939.565	12.1813	73417.5	0	0
alpha	3727.38	6.65908	73417.5	0	0
alpha	3727.38	7.37922	73417.5	0	0
F19	17692.3	1.9295	73417.5	0	0
Mg24	22335.8	0.13925	94681.4	13834.3	13834
neutron	939.565	21.1395	74367	0	0
neutron	939.565	4.14208	74367	0	0
neutron	939.565	1.44219	74367	0	0
Ne20	18617.7	3.73824	74367	0	0
neutron	939.565	10.252	73268.9	0	0
neutron	939.565	5.42523	73268.9	0	0
neutron	939.565	1.53768	73268.9	0	0
Mg24	22335.8	1.40842	73268.9	0	0
Na24	22341.8	0.188329	73979.7	0	0
Si28	26053.2	0.131274	79187.5	3830.58	3830.41
neutron	939.565	2.16451	72966.6	0	0
Na23	21409.2	0.101588	72966.6	0	0
neutron	939.565	7.24446	72866.7	0	0
neutron	939.565	1.5626	72866.7	0	0
neutron	939.565	0.790209	72866.7	0	0
Ne22	20479.7	0.770494	72866.7	0	0
neutron	939.565	39.6683	79211.9	4229.73	3992.22
neutron	939.565	38.5253	79211.9	4229.73	3992.22
neutron	939.565	4.45398	79211.9	4229.73	3992.22
B10	9324.44	1.26594	79211.9	4229.73	3992.22
neutron	939.565	0.628426	72542.5	0	0
Cr51	47442.5	0.253339	72542.5	0	0
Fe56	52089.8	0.0593157	97527.7	16063.4	16062.9
Al28	26058.3	0.166373	74442	0	0
O16	14895.1	0.233951	83152.9	4720.65	4720.23
Fe56	52089.8	0.0620414	82092.5	4114.59	4114.22
Mg24	22335.8	0.418424	85966.5	7783.62	7782.39
Na24	22341.8	0.208533	74452.7	0	0
neutron	939.565	32.3951	73556.6	0	0
neutron	939.565	3.21022	73556.6	0	0
neutron	939.565	1.53544	73556.6	0	0
Ne20	18617.7	2.3864	73556.6	0	0
neutron	939.565	0.637106	74145.8	0	0
Na23	21409.2	0.156042	74145.8	0	0
Mg24	22335.8	0.222096	98138.2	16291.6	16290.9
O16	14895.1	0.425786	86222.1	8466.09	8465.58
neutron	939.565	8.05291	73005.6	0	0
neutron	939.565	1.16061	73005.6	0	0
neutron	939.565	0.350599	73005.6	0	0
C12	11174.9	0.742694	73005.6	0	0
O16	14895.1	0.37865	88028.2	9760.87	9760.38
Mg24	22335.8	0.314982	82588.9	5881.17	5880.13
O16	14895.1	0.823541	74595.4	792.094	790.886
neutron	939.565	0.13364	73309.9	0	0
Al27	25126.5	0.210059	73309.9	0	0
O16	14895.1	0.870838	91519.9	12055.5	12054.1
Mg24	22335.8	0.177596	89315.6	10394.7	10392.7
O16	14895.1	0.349287	99436.5	17138.8	17137.4
O16	14895.1	0.264097	99955.3	17452.3	17451.3
O16	14895.1	0.382943	92019.2	12485	12484.4
Mg26	24196.5	0.194876	75091.1	960.233	959.865
Na24	22341.8	0.20204	73530.2	0	0
Si28	26053.2	0.200845	94189.6	13675.6	13674.1
Mg24	22335.8	0.192242	90278.7	11338.2	11337.6
Mg24	22335.8	0.46909	88569.4	10285.8	10285.1
neutron	939.565	3.36545	72491.7	0	0
neutron	939.565	0.737357	72491.7	0	0
Ne22	20479.7	2.09143	72491.7	0	0
O16	14895.1	0.30232	95850.4	11838.3	11837.8
neutron	939.565	27.6649	77751.3	0	0
neutron	939.565	5.44905	77751.3	0	0
alpha	3727.38	3.8678	77751.3	0	0
alpha	3727.38	5.13044	77751.3	0	0
alpha	3727.38	4.28783	77751.3	0	0
Si28	26053.2	0.17655	99575.3	17008.8	17008.3
neutron	939.565	11.767	74520.5	0	0
neutron	939.565	10.3373	74520.5	0	0
neutron	939.565	8.86715	74520.5	0	0
Ne22	20479.7	2.68103	74520.5	0	0
neutron	939.565	2.65168	74236.7	0	0
neutron	939.565	2.49984	74236.7	0	0
neutron	939.565	2.15731	74236.7	0	0
Cr52	48370	0.701519	74236.7	0	0
Mg24	22335.8	0.162723	84033.9	7162.91	7161.88
O16	14895.1	0.418348	95319.3	14240.8	14239.5
Mg23	21412.8	1.30059	87997.5	9679.62	9447.46
O16	14895.1	0.547576	83578.7	6013.56	6012.7
Si28	26053.2	0.12847	98880.1	16814.1	16813.9
O16	14895.1	0.573264	83387.9	7048.64	7047.86
O16	14895.1	0.328206	98952.1	16828.9	16828
O16	14895.1	0.730463	89502.4	9842.71	9841.8
O16	14895.1	0.29135	88568.3	9332.83	9332.21
Si28	26053.2	0.327359	87297.5	8578.16	8577.41
Mg24	22335.8	0.127899	87236.4	8815.04	8814.77
O16	14895.1	0.205228	85852.9	7974.29	7973.99
Si28	26053.2	0.350655	84217.4	6932.08	6931.7
Al28	26058.3	0.184367	73241.7	0	0
neutron	939.565	3.0844	72059.6	0	0
Mg26	24196.5	0.253217	72059.6	0	0
O16	14895.1	0.473193	93488.4	11967.2	11966.7
O16	14895.1	0.357324	84514.6	6114.31	6113.95
O16	14895.1	0.425489	94272.8	13282.9	13282
Mg24	22335.8	0.373293	95684.6	14554.3	14553.5
O16	14895.1	0.197024	94413.1	13712.9	13712.4
Al28	26058.3	0.177486	73802.9	0	0
Si28	26053.2	0.152138	90480.9	10865.2	10864.9
Mg25	23268	0.145244	79880.3	2271.46	2270.56
Al28	26058.3	0.18932	75926.6	0	0
Fe56	52089.8	0.0964204	96321.2	15162.1	15161.7
O16	14895.1	0.218456	85123.4	8138.36	8138
neutron	939.565	42.5175	72726.4	0	0
neutron	939.565	3.18159	72726.4	0	0
neutron	939.565	0.397303	72726.4	0	0
Ne20	18617.7	2.97031	72726.4	0	0
neutron	939.565	12.7383	73575.6	0	0
O19	17697.6	0.521389	73575.6	0	0
neutron	939.565	3.87886	73804.8	0	0
Mg26	24196.5	1.06298	73804.8	0	0
Al28	26058.3	0.178825	74837.2	0	0
Al28	26058.3	0.18768	73579.8	0	0
Fe56	52089.8	0.143329	97423.1	15752.8	15751.6
Si28	26053.2	0.288429	96987.1	15467	15466.4
Si28	26053.2	0.187088	80007.3	3179.98	3179.66
neutron	939.565	60.3606	92459.3	11714	11281.5
neutron	939.565	12.4577	92459.3	11714	11281.5
neutron	939.565	7.75128	92459.3	11714	11281.5
neutron	939.565	2.34964	92459.3	11714	11281.5
neutron	939.565	1.56822	92459.3	11714	11281.5
F18	16763.2	5.44693	92459.3	11714	11281.5
neutron	939.565	3.44968	73693.4	0	0
Si28	26053.2	0.124343	74376.6	316.349	315.701
Mg24	22335.8	0.242423	90400.2	9963.45	9962.74
Si28	26053.2	0.213978	88259.7	7624.37	7624.02
Si28	26053.2	0.205782	84129.6	4974.69	4974.47
O16	14895.1	0.199112	77286.3	666.208	665.993
O16	14895.1	0.20139	87566.6	6966.84	6966.27
Mg24	22335.8	0.203594	79580.2	1385.38	1385.12
neutron	939.565	10.0079	74799.4	0	0
neutron	939.565	6.59769	74799.4	0	0
Mg24	22335.8	0.84743	74799.4	0	0
Mg25	23268	0.853816	73203.8	738.326	737.278
Na24	22341.8	0.196076	72029.9	0	0
Mg24	22335.8	0.164256	90599.7	10942.5	10942.2
neutron	939.565	4.55896	73152	0	0
neutron	939.565	2.81889	73152	0	0
Mg25	23268	0.0321526	73152	0	0
O16	14895.1	0.366079	85170.6	7619.45	7618.45
O16	14895.1	0.373414	84198.1	7613.41	7612.89
neutron	939.565	7.3999	71886.5	0	0
neutron	939.565	4.8652	71886.5	0	0
N14	13040.2	1.27335	71886.5	0	0
O16	14895.1	0.258075	79818.3	4464.68	4463.27
neutron	939.565	3.31489	72512.3	0	0
neutron	939.565	1.89141	72512.3	0	0
C13	12109.5	0.257959	72512.3	0	0
Mg24	22335.8	0.326414	78364.5	1520.41	1519.21
Mg24	22335.8	0.229996	87286.1	8286.44	8286.19
Al28	26058.3	0.164011	74496.1	0	0
Na24	22341.8	0.19313	73805.2	0	0
Al28	26058.3	0.156375	73988.1	0	0
Na24	22341.8	0.215378	74888	0	0
O16	14895.1	0.67145	92526.7	12457.6	12455.9
Al28	26058.3	0.192524	74967.6	0	0
O16	14895.1	0.219313	82951.8	5481.89	5481.06
O16	14895.1	0.910441	98450.7	16569.2	16567.7
neutron	939.565	3.22028	73422.1	0	0
neutron	939.565	0.28272	73422.1	0	0
Ne21	19550.5	0.149463	73422.1	0	0
neutron	939.565	8.06537	74424.3	0	0
neutron	939.565	4.07594	74424.3	0	0
neutron	939.565	0.438536	74424.3	0	0
C12	11174.9	0.93143	74424.3	0	0
Na25	23272.4	0.215215	72541.8	0	0
Fe56	52089.8	0.0699905	84776.4	5177.61	5177.33
Al28	26058.3	0.16178	76901	0	0
Al29	26988.5	0.185304	72637.6	0	0
neutron	939.565	14.7388	77577.1	0	0
neutron	939.565	12.1802	77577.1	0	0
neutron	939.565	4.19261	77577.1	0	0
N13	12111.2	0.506324	77577.1	0	0
Si28	26053.2	0.227287	84716.6	4245.35	4244.91
neutron	939.565	0.330452	77751.3	0	0
Al27	25126.5	0.226682	77751.3	0	0
Mg24	22335.8	0.761708	85642.1	7748.53	7747.64
O16	14895.1	0.205154	93194.8	13134.2	13132
O16	14895.1	0.348635	90436.4	11181.1	11180.8
neutron	939.565	3.84506	74205.5	0	0
neutron	939.565	0.955871	74205.5	0	0
Na24	22341.8	0.0773731	74205.5	0	0
neutron	939.565	9.09187	74354.1	0	0
alpha	3727.38	4.96248	74354.1	0	0
F21	19556.7	1.54982	74354.1	0	0
Al28	26058.3	0.180691	77843.8	0	0
neutron	939.565	34.1945	74093.8	0	0
neutron	939.565	1.99809	74093.8	0	0
Ne21	19550.5	0.995355	74093.8	0	0
O16	14895.1	0.236346	90660.3	10616.5	10616
neutron	939.565	2.00854	72596.1	0	0
alpha	3727.38	9.46013	72596.1	0	0
Ne22	20479.7	0.373699	72596.1	0	0
O16	14895.1	0.244648	89639.1	10256.4	10255.9
O16	14895.1	0.333043	85314.9	7265.78	7265.26
O16	14895.1	0.259389	99540.4	17192.5	17192.3
Si28	26053.2	0.733978	97109.2	15706.9	15705.5
Si28	26053.2	0.265493	95146.9	14545.9	14545.6
Mg24	22335.8	0.138147	95527	14673.8	14673.5
neutron	939.565	6.05084	72526.1	0	0
neutron	939.565	1.24611	72526.1	0	0
Mg25	23268	0.332146	72526.1	0	0
neutron	939.565	7.39744	73524.6	0	0
neutron	939.565	5.60987	73524.6	0	0
neutron	939.565	0.829959	73524.6	0	0
C12	11174.9	1.1956	73524.6	0	0
O16	14895.1	0.211222	82102.4	5676.1	5675.67
Al28	26058.3	0.187861	72933.3	0	0
neutron	939.565	9.0425	73040.1	0	0
neutron	939.565	8.71128	73040.1	0	0
Na23	21409.2	0.522587	73040.1	0	0
O16	14895.1	0.502184	76794.4	209.348	208.709
Na24	22341.8	0.210887	76542.6	0	0
O16	14895.1	0.64527	92986.8	13004.9	13004.1
neutron	939.565	2.25685	72852.6	0	0
N15	13968.9	0.406163	72852.6	0	0
Mg24	22335.8	0.12736	78023.7	2964.47	2963.62
neutron	939.565	11.2695	72975.1	0	0
neutron	939.565	2.73014	72975.1	0	0
Mg24	22335.8	1.12807	72975.1	0	0
O16	14895.1	0.285679	75139.8	298.093	297.397
neutron	939.565	4.43238	74688.8	0	0
Mg26	24196.5	0.567833	74688.8	0	0
Na24	22341.8	0.199481	72949	0	0
Mg24	22335.8	0.199653	84719	7052.3	7052.1
O16	14895.1	0.209079	79984.8	3362.67	3361.8
Al28	26058.3	0.183323	74093.4	0	0
O16	14895.1	0.343785	93856.2	13433.2	13432.3
Si28	26053.2	0.117324	83859.5	6631.3	6631.03
O16	14895.1	0.291879	81103.2	4357.73	4356.01
Mn56	52094	0.092664	74565.8	0	0
O16	14895.1	0.459775	77229.6	2540.13	2539.64
Si28	26053.2	0.208886	74877.5	1218.09	1217.76
N16	14906	0.292848	72810.4	0	0
neutron	939.565	3.74709	74638	0	0
neutron	939.565	2.64346	74638	0	0
alpha	3727.38	4.09337	74638	0	0
alpha	3727.38	2.02618	74638	0	0
alpha	3727.38	5.15841	74638	0	0
Mg24	22335.8	0.151098	82778.9	3850.21	3849.96
neutron	939.565	2.92316	76362.1	0	0
neutron	939.565	1.48293	76362.1	0	0
Mg25	23268	0.0835285	76362.1	0	0
Mg24	22335.8	0.379135	83950.1	6871.52	6871.08
O16	14895.1	0.259722	95147.5	13914.8	13914.1
Al28	26058.3	0.177977	76067.9	0	0
Mg24	22335.8	0.33543	91107.6	10759.7	10759.4
O16	14895.1	0.331876	80837.3	3245.75	3244.94
Mg24	22335.8	0.935876	77973	2816.57	2813.82
O16	14895.1	0.598032	76500.2	908.325	907.453
Al28	26058.3	0.177521	74922.3	0	0
O16	14895.1	0.21292	74868	171.951	171.705
neutron	939.565	13.9471	74652.3	0	0
alpha	3727.38	6.87673	74652.3	0	0
Ne22	20479.7	1.21366	74652.3	0	0
Si28	26053.2	0.271585	92848.5	12852	12851.6
Na24	22341.8	0.211055	72473	0	0
Si28	26053.2	0.120191	85585	7769.72	7769.21
O16	14895.1	0.193122	80157.1	4015.45	4015.12
neutron	939.565	4.60277	73862.7	0	0
N15	13968.9	0.702363	73862.7	0	0
Si28	26053.2	0.140368	78408.9	3236.18	3235.85
O16	14895.1	0.657059	92567.4	12497.7	12496.9
O16	14895.1	3.27508	84504.8	6530.77	6527.37
Al28	26058.3	0.190313	74772.8	0	0
O16	14895.1	0.414288	91566.8	12354	12352.5
Si28	26053.2	0.215722	85383.6	6975.72	6974.87
Mg24	22335.8	0.16638	74363.4	367.883	367.61
O16	14895.1	0.260771	79748.9	4182.01	4181.53
neutron	939.565	7.51509	74160.7	0	0
Na23	21409.2	0.556445	74160.7	0	0
Mg26	24196.5	0.268536	85840.4	7495.05	7494.44
O16	14895.1	0.841432	99900.4	17410.3	17409.3
neutron	939.565	31.8018	72386.2	0	0
neutron	939.565	14.7948	72386.2	0	0
Cr51	47442.5	1.40271	72386.2	0	0
Si28	26053.2	0.459601	92411.7	12278.9	12278.4
O16	14895.1	1.06178	82186.4	5380.72	5379.6
neutron	939.565	1.85312	73337.5	0	0
C14	13040.9	0.548492	73337.5	0	0
Al29	26988.5	0.187943	71944.9	0	0
O16	14895.1	0.451414	97458.9	15528.6	15528.1
Mg24	22335.8	0.179916	73708.6	625.896	625.652
neutron	939.565	6.33886	74873.4	0	0
Mg26	24196.5	0.480131	74873.4	0	0
O16	14895.1	0.601253	85971.7	6637.48	6636.85
Na24	22341.8	0.171771	75577.9	0	0
Mg23	21412.8	0.678471	87135.4	6461.58	6043.45
Na24	22341.8	0.215068	77253	0	0
O16	14895.1	0.256527	78741.2	3349.99	3349.52
neutron	939.565	1.14375	73190.2	0	0
Mg26	24196.5	0.424363	73190.2	0	0
Mg24	22335.8	0.150416	91573.7	11629.7	11629.1
Mg24	22335.8	1.19746	81977.6	5568.17	5566.95
neutron	939.565	14.9794	72921.3	0	0
neutron	939.565	11.3763	72921.3	0	0
neutron	939.565	2.03604	72921.3	0	0
Na23	21409.2	1.04471	72921.3	0	0
O16	14895.1	1.76175	99570.9	17205.8	17203.9
Mg24	22335.8	0.720925	79389.3	4504.15	4503.42
Mg24	22335.8	0.153241	79816.3	3454.25	3453.94
Si28	26053.2	0.232433	81350.4	2129.96	2129.57
Na24	22341.8	0.215362	77743.7	0	0
Mg24	22335.8	0.134302	87588	8624.64	8624
Mg24	22335.8	0.137428	81432.5	4770.79	4770.1
neutron	939.565	4.67587	73649.5	0	0
neutron	939.565	0.587794	73649.5	0	0
neutron	939.565	0.257941	73649.5	0	0
Ne20	18617.7	0.0883546	73649.5	0	0
O16	14895.1	0.869972	95954.2	12585	12584
neutron	939.565	6.45743	75918	0	0
alpha	3727.38	6.12782	75918	0	0
Na23	21409.2	1.98656	75918	0	0
O16	14895.1	0.335911	92557.1	12132.2	12131.7
neutron	939.565	8.0265	72765.8	0	0
neutron	939.565	3.47922	72765.8	0	0
neutron	939.565	2.27321	72765.8	0	0
alpha	3727.38	7.13733	72765.8	0	0
Ne20	18617.7	2.01356	72765.8	0	0
O16	14895.1	0.323907	76263.1	1995.09	1994.65
Na24	22341.8	0.188043	72765.5	0	0
O16	14895.1	0.399898	99196.6	16948.7	16948.3
Mg24	22335.8	0.237649	86236	8849.59	8849.2
O16	14895.1	0.303803	79261.3	1561.02	1560.64
O16	14895.1	0.211756	98839.4	15991.7	15991.1
neutron	939.565	196.287	97262.2	15731	15350.9
neutron	939.565	1.73134	97262.2	15731	15350.9
Mg24	22335.8	3.28653	97262.2	15731	15350.9
Si28	26053.2	0.288126	78993.3	1615.64	1615.2
neutron	939.565	0.656216	76255.2	0	0
Mn55	51161.7	0.124629	76255.2	0	0
O16	14895.1	0.453569	77650.5	1796.29	1795.1
neutron	939.565	0.187949	73476	0	0
Al27	25126.5	0.126067	73476	0	0
O16	14895.1	1.35113	98817	16675.3	16673.8
Si28	26053.2	0.141313	83806.2	5599.51	5599.24
neutron	939.565	0.40592	74711.2	0	0
Na23	21409.2	0.129833	74711.2	0	0
Na24	22341.8	0.217941	76139.5	0	0
O16	14895.1	0.330087	84424.3	4769.52	4768.98
O16	14895.1	0.408714	86019.4	7620.9	7619.9
Mg24	22335.8	0.212843	77072	1254.11	1253.61
Al28	26058.3	0.18761	74814.4	0	0
Mg26	24196.5	0.128865	83659.4	2872.03	2871.83
Mn57	53024.9	0.0963056	79074.3	0	0
O16	14895.1	1.01612	83699	6983.84	6981.53
neutron	939.565	5.63762	75817.9	0	0
Al27	25126.5	0.192379	75817.9	0	0
O16	14895.1	0.209968	96178.4	15219.4	15219.1
Mg24	22335.8	0.127395	89248.4	10753.8	10753.7
O16	14895.1	0.317763	77059.9	2971.76	2971.04
O16	14895.1	0.556883	83003.7	5695.44	5694.64
Mg24	22335.8	0.286003	81717.4	4934.25	4933.68
Mg24	22335.8	0.178883	74353.9	303.841	303.518
neutron	939.565	2.60454	73892.8	0	0
neutron	939.565	2.09621	73892.8	0	0
Mg24	22335.8	0.788225	73892.8	0	0
Si28	26053.2	0.424205	84158.3	6792.43	6791.93
neutron	939.565	44.0325	73236.7	0	0
neutron	939.565	3.98908	73236.7	0	0
Al27	25126.5	1.6919	73236.7	0	0
O16	14895.1	0.329398	98681.7	16404.7	16403.3
neutron	939.565	7.49234	73423.6	0	0
neutron	939.565	2.32801	73423.6	0	0
neutron	939.565	0.46154	73423.6	0	0
Ne20	18617.7	0.207673	73423.6	0	0
O16	14895.1	0.199431	90057.1	9990.39	9989.94
neutron	939.565	0.99694	82446.8	0	0
Al27	25126.5	0.149927	82446.8	0	0
Mg24	22335.8	0.563485	98060.2	16248.6	16246.5
neutron	939.565	1430.07	99879.8	17413.4	13120.5
neutron	939.565	116.887	99879.8	17413.4	13120.5
neutron	939.565	10.3899	99879.8	17413.4	13120.5
C12	11174.9	8.15728	99879.8	17413.4	13120.5
O16	14895.1	0.750965	81069.4	2560.65	2559.61
neutron	939.565	1.59421	77146.4	0	0
Ne22	20479.7	0.307426	77146.4	0	0
Si28	26053.2	0.130421	95055.6	14275.9	14275.7
O16	14895.1	0.260568	82668.5	5556.56	5555.61
neutron	939.565	2.55056	73474.4	0	0
N15	13968.9	0.0907123	73474.4	0	0
neutron	939.565	30.137	96426.7	14102	13843.3
O14	13044.8	0.479814	96426.7	14102	13843.3
O16	14895.1	0.558846	92609.3	12921.4	12920.5
neutron	939.565	1.79614	72696.5	0	0
C14	13040.9	1.85534	72696.5	0	0
O16	14895.1	0.196251	98922.6	16790.2	16789.8
Fe56	52089.8	0.0959776	80427.3	3907.31	3906.95
Mg25	23268	0.188923	97649.4	16060.6	16059.9
Si28	26053.2	0.110538	81457.8	5416.59	5416.36
Si28	26053.2	0.172418	73414.9	677.269	677.04
O16	14895.1	0.243279	79881	3816.3	3815.94
neutron	939.565	0.754061	73997.5	0	0
N15	13968.9	0.14088	73997.5	0	0
O16	14895.1	0.204781	89909.9	9642.78	9641.99
neutron	939.565	0.218626	76560.7	0	0
Al27	25126.5	0.106631	76560.7	0	0
Al28	26058.3	0.177373	73338.1	0	0
Fe56	52089.8	0.0778057	89424.4	10677.9	10677.8
neutron	939.565	132.837	99414.9	16852.4	8017.57
neutron	939.565	4.93267	99414.9	16852.4	8017.57
Mg24	22335.8	1.72975	99414.9	16852.4	8017.57
Mg24	22335.8	0.144521	94298	13537.3	13536.2
O16	14895.1	0.321829	89404.7	10258.3	10258
Al28	26058.3	0.155199	72827.8	0	0
neutron	939.565	27.9426	83438.1	0	0
neutron	939.565	0.172568	83438.1	0	0
Mg25	23268	1.51909	83438.1	0	0
O16	14895.1	0.193018	78160.1	3165.13	3164.86
O16	14895.1	0.268466	99995	17475	17472.8
N14	13040.2	0.631356	90330.3	11230.8	10875.5
neutron	939.565	4.20088	74357.5	0	0
neutron	939.565	2.33708	74357.5	0	0
neutron	939.565	0.90564	74357.5	0	0
C12	11174.9	1.34422	74357.5	0	0
O16	14895.1	0.210102	89864.7	10831	10830.6
Na24	22341.8	0.210147	72652.5	0	0
Mg25	23268	0.192136	73071.5	305.418	305.062
neutron	939.565	2.60373	74218.1	0	0
neutron	939.565	0.102187	74218.1	0	0
Mg25	23268	0.354541	74218.1	0	0
O16	14895.1	0.402855	92944.4	10818.3	10817.8
Si29	26984.3	0.115598	94072.8	13967.2	13966.4
neutron	939.565	10.3493	72254	0	0
neutron	939.565	1.9337	72254	0	0
Mg25	23268	1.05925	72254	0	0
Na24	22341.8	0.218746	74162.7	0	0
O16	14895.1	0.199779	92465.6	11820.6	11820.3
neutron	939.565	1.58103	74923	0	0
Mg26	24196.5	0.24784	74923	0	0
Al28	26058.3	0.190387	74417	0	0
O16	14895.1	1.0246	87593.8	8454.21	8452.84
Al28	26058.3	0.153182	75540.6	0	0
O16	14895.1	0.259945	95796.8	14936.1	14935.4
O16	14895.1	0.219349	82969	6177.22	6176.88
Na24	22341.8	0.172759	73605.2	0	0
O16	14895.1	0.205637	99359.1	17041.8	17041.4
O16	14895.1	0.219916	96398	15124.4	15123.6
neutron	939.565	97.7232	86030.1	8110.47	7860.53
neutron	939.565	25.4437	86030.1	8110.47	7860.53
neutron	939.565	4.90126	86030.1	8110.47	7860.53
C11	10254	5.72733	86030.1	8110.47	7860.53
Al28	26058.3	0.161974	73187	0	0
Al28	26058.3	0.16795	73736.7	0	0
O16	14895.1	0.99569	99199.1	16971.4	16970.2
Si28	26053.2	0.221233	93997.1	11988.1	11987.8
neutron	939.565	3.23684	76173.8	0	0
neutron	939.565	0.414118	76173.8	0	0
Mg25	23268	0.857142	76173.8	0	0
Si28	26053.2	0.126366	96604.1	15277	15276.6
Si28	26053.2	0.127067	94070.5	13777.9	13777.7
O16	14895.1	0.191672	79106.4	3383.04	3382.66
neutron	939.565	1.84241	73005.3	0	0
Ne21	19550.5	0.120574	73005.3	0	0
Si28	26053.2	0.19229	96461.3	15266.1	15265.3
Si28	26053.2	0.133597	74535.1	664.846	664.59
neutron	939.565	4.45601	73407	0	0
neutron	939.565	0.421021	73407	0	0
Al28	26058.3	0.250106	73407	0	0
Si28	26053.2	0.230475	79808.3	4111.5	4111.13
O16	14895.1	0.721903	84771.2	6409.83	6409.08
O16	14895.1	0.395807	89196.8	9080.53	9079.91
Al28	26058.3	0.175075	74443.7	0	0
Al28	26058.3	0.186254	73172.9	0	0
Mn56	52094	0.086509	74209.7	0	0
Si28	26053.2	0.193343	92546.8	12517.6	12517
Mg25	23268	0.249319	89202.9	10426	10425.6
neutron	939.565	4.6094	73418.8	0	0
Na23	21409.2	0.694808	73418.8	0	0
Mg24	22335.8	0.225237	84766.6	5599.75	5599.26
neutron	939.565	1.90641	75390.9	0	0
Ne22	20479.7	0.45292	75390.9	0	0
neutron	939.565	8.17006	74013.7	0	0
neutron	939.565	3.15219	74013.7	0	0
neutron	939.565	0.200118	74013.7	0	0
Mg24	22335.8	0.434368	74013.7	0	0
Si28	26053.2	0.159323	76967.4	1656.86	1655.89
neutron	939.565	1.30011	74111	0	0
Ne22	20479.7	0.73372	74111	0	0
O16	14895.1	0.664262	99593.8	17238.1	17237.4
Mg24	22335.8	0.147715	85759.7	8010.39	8009.02
neutron	939.565	237.1	98198.2	16080.3	15429.5
neutron	939.565	146.361	98198.2	16080.3	15429.5
neutron	939.565	1.00963	98198.2	16080.3	15429.5
He3	2808.39	7.90857	98198.2	16080.3	15429.5
O16	14895.1	6.69767	98198.2	16080.3	15429.5
O16	14895.1	0.269526	74385.1	242.67	242.293
Si28	26053.2	0.172958	79742.9	3481.89	3481.69
Mg24	22335.8	0.147028	95805.5	14833.1	14832.6
neutron	939.565	205.762	92251.1	12216.7	11463.5
Na23	21409.2	0.780954	92251.1	12216.7	11463.5
O16	14895.1	0.244092	81186.1	3983.38	3983.02
Si29	26984.3	0.437305	99581.1	17131.5	17131
Si28	26053.2	0.117312	89493.3	10877.5	10877.3
Mg24	22335.8	0.138173	80737.2	4394.01	4393.22
neutron	939.565	0.707461	73572.3	0	0
Na23	21409.2	0.364148	73572.3	0	0
Fe56	52089.8	0.0610103	76598.1	1860.93	1860.77
Si28	26053.2	0.244939	84504	7534.21	7533.71
Al28	26058.3	0.173021	72590.9	0	0
Na24	22341.8	0.185637	71872.8	0	0
O16	14895.1	0.245884	82217.1	5645.88	5645.37
neutron	939.565	32.8538	73440.3	0	0
neutron	939.565	2.75342	73440.3	0	0
C13	12109.5	1.29112	73440.3	0	0
neutron	939.565	10.1052	75312.7	0	0
neutron	939.565	4.72965	75312.7	0	0
neutron	939.565	4.22452	75312.7	0	0
Na23	21409.2	1.42623	75312.7	0	0
Na24	22341.8	0.212416	72624.3	0	0
O16	14895.1	1.09631	98174.9	16276	16274.8
Mg24	22335.8	0.195288	97262.6	15555	15554.2
Si28	26053.2	0.230273	86674	7697.28	7696.95
neutron	939.565	2.10897	75472.6	0	0
neutron	939.565	0.766053	75472.6	0	0
N14	13040.2	0.670419	75472.6	0	0
Na24	22341.8	0.204054	74423.9	0	0
O16	14895.1	0.401891	83549.7	5242.79	5242.37
Mg24	22335.8	0.128774	99056.7	16942.4	16941.9
Mg24	22335.8	0.193335	90067	10465.3	10464.4
Na24	22341.8	0.216033	73501.1	0	0
Al28	26058.3	0.183671	75071.2	0	0
neutron	939.565	15.4042	74736.8	0	0
neutron	939.565	10.6657	74736.8	0	0
neutron	939.565	2.45692	74736.8	0	0
Mg24	22335.8	1.86729	74736.8	0	0
O16	14895.1	0.211941	88133.4	9886.57	9885.41
neutron	939.565	2.22922	72144.9	0	0
neutron	939.565	1.37649	72144.9	0	0
Mg25	23268	0.147951	72144.9	0	0
Si28	26053.2	0.162686	92418.4	11646.4	11646.2
Si28	26053.2	0.469064	81222.1	4834.56	4833.64
neutron	939.565	1.79521	74921.9	0	0
Ne22	20479.7	0.493894	74921.9	0	0
O16	14895.1	0.578857	94725.2	13738.7	13737.7
neutron	939.565	2.59337	74163.8	0	0
Al27	25126.5	0.344342	74163.8	0	0
Al28	26058.3	0.172999	72801.3	0	0
Mg24	22335.8	0.187845	91049.7	10882.1	10881.3
Mg24	22335.8	0.207943	89989.1	10000.3	9999.88
neutron	939.565	6.5828	75738.2	0	0
neutron	939.565	1.07665	75738.2	0	0
neutron	939.565	0.220319	75738.2	0	0
Mg24	22335.8	0.502543	75738.2	0	0
O16	14895.1	0.265562	96365.9	14233.3	14232.5
neutron	939.565	3.79837	74898.1	0	0
neutron	939.565	2.26342	74898.1	0	0
neutron	939.565	2.25684	74898.1	0	0
Mg24	22335.8	0.824193	74898.1	0	0
neutron	939.565	542.437	95115.7	14453.2	13539.1
C13	12109.5	1.95113	95115.7	14453.2	13539.1
Si28	26053.2	0.203294	99343.8	17072	17071.5
Si28	26053.2	0.110143	92749.3	12593.6	12592.7
Na24	22341.8	0.202423	75360.4	0	0
O16	14895.1	0.306014	97489.5	15592.8	15592.4
O16	14895.1	0.286024	83561.3	6475.92	6474.72
neutron	939.565	1.95568	72499.9	0	0
N15	13968.9	0.229182	72499.9	0	0
neutron	939.565	2.54349	73157.6	0	0
Ne21	19550.5	2.08918	73157.6	0	0
Mg24	22335.8	0.400734	89985.2	11066.5	11066
O16	14895.1	0.657117	88669.5	9576.08	9574.33
O16	14895.1	0.577192	93008.8	12715.9	12714.8
Al28	26058.3	0.178356	73302.2	0	0
O16	14895.1	0.219075	92263.3	11898.5	11898
Si28	26053.2	0.116046	92976.6	12811	12810.5
neutron	939.565	0.255354	74432.7	0	0
Mn53	49301.8	0.119933	74432.7	0	0
O16	14895.1	0.28733	96156.8	14968.9	14968.5
O16	14895.1	0.239429	80599.8	5063.31	5063.02
neutron	939.565	1.08469	72419.8	0	0
Na23	21409.2	0.336386	72419.8	0	0
Mg24	22335.8	0.400146	96499.8	14318	14317.3
O16	14895.1	0.22138	99296.2	17047.6	17047.2
Si28	26053.2	0.364085	82548.1	3109.39	3108.96
Mg24	22335.8	0.189507	95646.6	14584.5	14584.1
O16	14895.1	0.430692	96480.9	15173.1	15172.2
Si28	26053.2	0.771593	85210.5	7749.47	7748.59
neutron	939.565	0.917072	72897.7	0	0
Mg26	24196.5	0.849404	72897.7	0	0
Si28	26053.2	0.526962	86404.8	6513.51	6512.34
neutron	939.565	7.15293	75264.2	0	0
neutron	939.565	2.57461	75264.2	0	0
N14	13040.2	0.630203	75264.2	0	0
Mg24	22335.8	0.234478	97922.6	16117.2	16115.4
Na24	22341.8	0.206868	72929.1	0	0
Si28	26053.2	0.162513	96986.1	15599.2	15599
neutron	939.565	10.2215	71987.8	0	0
neutron	939.565	3.12272	71987.8	0	0
neutron	939.565	1.77861	71987.8	0	0
Mg24	22335.8	1.74337	71987.8	0	0
neutron	939.565	9.71665	74876.4	0	0
neutron	939.565	2.31517	74876.4	0	0
Mg24	22335.8	1.36606	74876.4	0	0
Si28	26053.2	0.222536	92822.5	11716.5	11716
Si28	26053.2	0.943769	84060.6	5414.8	5413.61
Si28	26053.2	0.33237	82410.5	4085.1	4084.42
O16	14895.1	0.288299	82349.4	4044.38	4043.75
Si28	26053.2	0.214076	79802.7	4253.86	4253.54
Al29	26988.5	0.172855	77328.5	0	0
neutron	939.565	0.344882	72479.5	0	0
N15	13968.9	0.215108	72479.5	0	0
O16	14895.1	0.275622	95162.1	14357.3	14356.6
Mg24	22335.8	0.276931	79237	3071.13	3070.84
neutron	939.565	0.217837	74425.8	0	0
Na23	21409.2	0.23781	74425.8	0	0
O16	14895.1	0.715572	86066.1	8758.12	8757
Si28	26053.2	0.178208	90923.8	11490.6	11490.3
neutron	939.565	37.4735	73784.6	0	0
neutron	939.565	20.606	73784.6	0	0
C13	12109.5	2.22454	73784.6	0	0
O16	14895.1	0.234565	83680.9	6545.03	6544.56
Si28	26053.2	0.291926	92903.1	12419.8	12419.3
Si28	26053.2	0.37794	81041	3821.04	3820.64
Al28	26058.3	0.178103	74541.6	0	0
Mg24	22335.8	0.566177	91179.4	11289	11288.4
O16	14895.1	0.403761	74521.8	396.577	396.144
neutron	939.565	7.40007	73958.6	0	0
neutron	939.565	6.88569	73958.6	0	0
Na24	22341.8	0.19741	73958.6	0	0
neutron	939.565	21.5143	75093.4	0	0
neutron	939.565	1.46636	75093.4	0	0
neutron	939.565	0.218521	75093.4	0	0
Mg24	22335.8	1.35241	75093.4	0	0
O16	14895.1	0.218054	91767.1	11931.9	11931.5
Mg24	22335.8	0.219469	87029.2	8240.15	8239.84
Al28	26058.3	0.190845	72876.4	0	0
O16	14895.1	0.2429	89121.2	10298	10297.2
Mg24	22335.8	0.198303	87380.2	9157.39	9157.11
neutron	939.565	4.7025	72613.3	0	0
neutron	939.565	0.799029	72613.3	0	0
C13	12109.5	1.98842	72613.3	0	0
neutron	939.565	0.556873	74005.7	0	0
Na23	21409.2	0.318518	74005.7	0	0
neutron	939.565	19.7154	72823.4	0	0
neutron	939.565	4.17809	72823.4	0	0
neutron	939.565	1.03662	72823.4	0	0
Mg24	22335.8	1.62071	72823.4	0	0
O16	14895.1	0.662106	90902	11674.6	11673.9
O16	14895.1	0.20979	75732.2	1373.98	1373.48
O16	14895.1	0.189657	77560.9	1944.85	1944.43
Si29	26984.3	0.108608	83288.1	6538.21	6537.85
Mg24	22335.8	0.193652	75754.7	238.156	237.93
Na24	22341.8	0.187883	75442.8	0	0
neutron	939.565	2.52875	72105.1	0	0
neutron	939.565	1.63645	72105.1	0	0
Mg25	23268	0.438666	72105.1	0	0
Mg26	24196.5	0.162257	99320.7	16732.9	16732.3
Na25	23272.4	0.203061	79526.9	0	0
Na24	22341.8	0.212353	71968	0	0
O16	14895.1	0.200833	88915	10093	10092.4
Mg24	22335.8	0.158685	75818.5	1311.59	1311.22
neutron	939.565	10.2797	77196.8	0	0
neutron	939.565	7.08516	77196.8	0	0
neutron	939.565	1.36371	77196.8	0	0
Mg24	22335.8	0.7908	77196.8	0	0
Mg24	22335.8	0.168001	77621.3	2713.42	2712.81
Mg24	22335.8	0.228767	76494.5	453.239	452.965
O16	14895.1	0.227829	85949.7	6694.23	6693.84
neutron	939.565	2.59486	75401.5	0	0
N15	13968.9	0.778558	75401.5	0	0
neutron	939.565	7.68423	75724.7	0	0
neutron	939.565	3.31479	75724.7	0	0
neutron	939.565	2.9673	75724.7	0	0
Na23	21409.2	0.956393	75724.7	0	0
neutron	939.565	3.7871	72993.8	0	0
neutron	939.565	3.2927	72993.8	0	0
neutron	939.565	0.608403	72993.8	0	0
Mg24	22335.8	0.118642	72993.8	0	0
O16	14895.1	0.246676	92600.5	12027.4	12027.2
O16	14895.1	0.983863	90985.5	11001.8	11000.6
O16	14895.1	0.227905	84373.5	6474.49	6474.16
O16	14895.1	0.911356	77367.1	1592.23	1590.9
O16	14895.1	0.333186	75886.6	730.79	730.319
Na24	22341.8	0.21401	74662.4	0	0
neutron	939.565	9.0541	72854.2	0	0
neutron	939.565	4.27868	72854.2	0	0
N14	13040.2	0.130723	72854.2	0	0
neutron	939.565	58.4418	94975.1	13219	12689.3
neutron	939.565	53.5558	94975.1	13219	12689.3
neutron	939.565	2.17181	94975.1	13219	12689.3
neutron	939.565	1.60458	94975.1	13219	12689.3
Cr50	46512.2	3.3926	94975.1	13219	12689.3
O16	14895.1	1.08606	88769.7	8657.6	8656.25
Al28	26058.3	0.181187	75212.2	0	0
neutron	939.565	27.9261	83573	5837.49	5209.49
neutron	939.565	8.57375	83573	5837.49	5209.49
alpha	3727.38	8.10078	83573	5837.49	5209.49
He3	2808.39	19.1971	83573	5837.49	5209.49
alpha	3727.38	16.9299	83573	5837.49	5209.49
Al28	26058.3	0.166072	72346.7	0	0
Si28	26053.2	0.226011	78720.2	3363.25	3362.77
Si28	26053.2	0.268773	74355.2	725.7	724.975
neutron	939.565	9.67492	73176.8	0	0
neutron	939.565	6.52386	73176.8	0	0
alpha	3727.38	6.45607	73176.8	0	0
C14	13040.9	1.88265	73176.8	0	0
O16	14895.1	0.326776	98434.5	16148.7	16148.3
neutron	939.565	24.54	73251.7	0	0
neutron	939.565	6.29046	73251.7	0	0
alpha	3727.38	10.4782	73251.7	0	0
O16	14895.1	0.783302	73251.7	0	0
Si28	26053.2	0.416626	98614	16644.3	16643.5
O16	14895.1	0.262684	79476.4	2415.51	2414.87
Mg24	22335.8	0.143747	76492.3	1747.66	1747.01
Mg24	22335.8	0.372613	91490.3	11778.1	11777.6
neutron	939.565	0.495276	74211.5	0	0
Al27	25126.5	0.101477	74211.5	0	0
O16	14895.1	0.296279	75464.3	1480.91	1478.92
O16	14895.1	0.348476	90070.9	9793.7	9792.83
O16	14895.1	0.942566	79126.8	1310.09	1308.83
neutron	939.565	4.88767	76855.2	0	0
neutron	939.565	4.72626	76855.2	0	0
neutron	939.565	2.55764	76855.2	0	0
Na23	21409.2	0.0583306	76855.2	0	0
O16	14895.1	0.192111	85002.4	6648.98	6648.77
O16	14895.1	2.7922	83330.2	5676.02	5672.66
Mg24	22335.8	0.204702	79665	2855.85	2855.59
O16	14895.1	0.25605	94976.6	14147.1	14146.6
Mg24	22335.8	0.183565	76070.2	1605.36	1604.05
O16	14895.1	2.10266	97204.2	15470.3	15467.9
Si28	26053.2	0.126796	96756.4	15164.5	15164.4
Si28	26053.2	0.422504	93637.2	13107.5	13106.8
O16	14895.1	0.434147	92584.3	12439	12438
O16	14895.1	0.733544	78752.1	3225.65	3224.88
neutron	939.565	0.173077	74798.2	0	0
Mn55	51161.7	0.073765	74798.2	0	0
Fe56	52089.8	0.105388	78062.8	2727.44	2726.85
N16	14906	0.296223	73540	0	0
O16	14895.1	0.300692	97429.5	15616.7	15615.5
Mg24	22335.8	0.20346	81242.1	4547.01	4545.84
Al28	26058.3	0.186363	73812.2	0	0
neutron	939.565	7.37905	76432.2	0	0
neutron	939.565	6.89105	76432.2	0	0
neutron	939.565	0.832262	76432.2	0	0
Mg24	22335.8	0.295609	76432.2	0	0
O16	14895.1	0.193574	84267.6	6572.08	6571.76
Mn56	52094	0.0955004	76111.9	0	0
Fe56	52089.8	0.0773142	88295.8	9103.34	9103.26
Na24	22341.8	0.194495	74691.7	0	0
Si28	26053.2	0.139938	97432.2	15961.2	15960.6
O16	14895.1	0.3261	89884.5	10974.8	10974
Na25	23272.4	0.21189	73681.9	0	0
O16	14895.1	0.485715	99611.7	17206.4	17205.7
Mg24	22335.8	0.204425	80350.3	4526.43	4525.66
O16	14895.1	0.340005	98637.6	16523.7	16523.2
Si28	26053.2	0.261631	97295.9	15329.6	15329
neutron	939.565	4.29526	76932.5	0	0
C14	13040.9	1.373	76932.5	0	0
Mg26	24196.5	0.721191	84987.9	7494.23	6820.97
Si28	26053.2	0.126551	96469.1	15312.5	15311.8
Mg24	22335.8	0.210341	91224.7	9226.39	9226.13
O16	14895.1	0.579911	85671.6	5787.46	5786.72
O16	14895.1	0.227486	97302.8	15441.3	15440.7
Mg25	23268	0.194862	83980.4	7275.42	7274.72
O16	14895.1	0.220416	81720.8	4402.02	4401.71
Mg24	22335.8	0.208198	92807.8	12073.4	12073.2
Al28	26058.3	0.172524	73259.1	0	0
O16	14895.1	0.19407	87834.2	9122.49	9121.39
Al28	26058.3	0.176361	73630.7	0	0
neutron	939.565	7.30371	72763	0	0
neutron	939.565	4.08559	72763	0	0
neutron	939.565	2.38241	72763	0	0
N13	12111.2	2.59074	72763	0	0
O16	14895.1	0.209942	93163.6	13084.6	13083.9
Mg24	22335.8	0.857631	89494.8	9447.12	9446.24
Al29	26988.5	0.178363	76003.7	0	0
neutron	939.565	11.7748	72663.6	0	0
neutron	939.565	0.671144	72663.6	0	0
Na23	21409.2	0.291225	72663.6	0	0
neutron	939.565	1224.25	87117.5	8626.26	6744.98
neutron	939.565	626.343	87117.5	8626.26	6744.98
Si28	26053.2	0.681528	87117.5	8626.26	6744.98
Mg24	22335.8	0.127147	85093.2	5547.45	5547.32
neutron	939.565	6.66414	75886.4	0	0
neutron	939.565	4.97926	75886.4	0	0
neutron	939.565	2.86037	75886.4	0	0
Al27	25126.5	0.0268321	75886.4	0	0
O16	14895.1	0.371512	94879.6	14404.2	14403.8
O16	14895.1	0.218769	85675.5	7897.72	7897.32
O16	14895.1	0.239777	97106.4	15160.6	15160.1
neutron	939.565	9.56742	72759.1	0	0
neutron	939.565	4.48479	72759.1	0	0
neutron	939.565	1.60394	72759.1	0	0
C12	11174.9	0.774734	72759.1	0	0
O16	14895.1	0.440639	84533.9	5327.19	5326.35
neutron	939.565	4.43803	75069.8	0	0
neutron	939.565	1.97673	75069.8	0	0
N14	13040.2	0.924471	75069.8	0	0
Si29	26984.3	0.106622	98851.8	16844.7	16844
Si28	26053.2	0.187579	87718.7	8649.06	8648.86
Mg24	22335.8	0.559451	87102.4	8297.65	8297.07
O16	14895.1	0.240414	84719.7	7219.96	7219.46
neutron	939.565	2.02083	73607.2	0	0
Na25	23272.4	0.0803049	73607.2	0	0
alpha	3727.38	8.31044	75853.7	0	0
F22	20491.1	2.15664	75853.7	0	0
neutron	939.565	3.36667	72088.6	0	0
Mg26	24196.5	0.540054	72088.6	0	0
Na24	22341.8	0.214181	74697.1	0	0
neutron	939.565	14.1187	73182.3	0	0
neutron	939.565	6.83798	73182.3	0	0
neutron	939.565	3.77985	73182.3	0	0
alpha	3727.38	3.885	73182.3	0	0
Be8	7454.85	2.31735	73182.3	0	0
Mg24	22335.8	0.13154	84433.3	6145.83	6145.63
Mg26	24196.5	0.398016	84887.3	6869.72	6869.18
O16	14895.1	0.22036	80616.1	3936.42	3935.52
O16	14895.1	1.28728	93601	10753.3	10751.7
Mg24	22335.8	0.177926	78523.6	2380.11	2379.44
neutron	939.565	6.59639	74600.5	0	0
alpha	3727.38	16.8145	74600.5	0	0
Ti50	46512.1	1.10908	74600.5	0	0
O16	14895.1	0.2641	94998.5	13635	13633.4
neutron	939.565	6.58513	75200.7	0	0
Mg26	24196.5	0.27755	75200.7	0	0
O16	14895.1	0.238092	95008.1	11470.5	11470.1
Na24	22341.8	0.198409	78333	0	0
O16	14895.1	1.81214	93097.1	12959.2	12957.3
Mg24	22335.8	0.127094	87981.3	8254.96	8254.32
O16	14895.1	0.283916	84911.1	6186.76	6186.12
Na24	22341.8	0.186875	74674	0	0
O16	14895.1	0.445903	75496.1	1410.41	1409.53
Si28	26053.2	0.184542	89909.5	11201.6	11201.1
O16	14895.1	0.26937	87933.3	9494.41	9494
neutron	939.565	14.4644	73602.4	0	0
neutron	939.565	11.2883	73602.4	0	0
Ne21	19550.5	0.681882	73602.4	0	0
Si28	26053.2	0.169526	92988.7	13073.2	13070.8
neutron	939.565	8.74771	72199.5	0	0
neutron	939.565	6.43222	72199.5	0	0
neutron	939.565	0.672722	72199.5	0	0
C12	11174.9	1.84208	72199.5	0	0
Si30	27913.2	0.283493	96606.1	15268.8	15268.3
O16	14895.1	0.570757	98536.4	16433.3	16432.7
O16	14895.1	0.200547	95094.5	11242	11241.7
Mg26	24196.5	0.579331	83756.2	3133.55	3132.9
neutron	939.565	11.7623	78757.3	0	0
Mg26	24196.5	0.410833	78757.3	0	0
Si28	26053.2	0.368957	98857.6	16801.1	16800.5
O16	14895.1	0.241055	87533	7357.17	7356.78
Na24	22341.8	0.179951	76552.9	0	0
Mn56	52094	0.0852893	73741.3	0	0
N16	14906	0.28143	75058.5	0	0
neutron	939.565	8.76188	73589.8	0	0
neutron	939.565	6.58257	73589.8	0	0
neutron	939.565	0.530048	73589.8	0	0
Ne22	20479.7	0.32153	73589.8	0	0
Mg24	22335.8	0.178605	99355.6	16919.7	16917.8
Mg24	22335.8	0.345665	94670.5	13812.8	13812.4
O16	14895.1	0.198736	83573.9	4928.07	4927.66
Mg26	24196.5	0.189377	96582.7	15548.2	15547.9
neutron	939.565	30.0301	78186.7	0	0
neutron	939.565	1.6966	78186.7	0	0
Mg25	23268	2.10344	78186.7	0	0
O16	14895.1	0.376288	97578.9	16086.5	16084.8
neutron	939.565	1.89338	72814	0	0
neutron	939.565	1.23743	72814	0	0
Al28	26058.3	0.0887217	72814	0	0
Si28	26053.2	0.161923	80456.5	3222.23	3221.52
Al28	26058.3	0.185221	74849.5	0	0
Si28	26053.2	0.122679	97061.9	15746.3	15745.6
O16	14895.1	0.30073	92189.5	12728.4	12727.5
Si29	26984.3	0.229493	82388.6	5369.14	5368.68
neutron	939.565	3.70631	73677.3	0	0
neutron	939.565	2.91327	73677.3	0	0
C13	12109.5	0.412357	73677.3	0	0
Si28	26053.2	0.149904	85795.4	8133.79	8133.48
O16	14895.1	0.279686	96916.7	15353.5	15353.1
O16	14895.1	0.222151	83018.5	4135.74	4135.46
Al28	26058.3	0.181884	76231.4	0	0
Mg24	22335.8	0.322645	88675.3	9725.72	9725.37
neutron	939.565	13.4629	72989.7	0	0
neutron	939.565	12.2636	72989.7	0	0
neutron	939.565	4.48035	72989.7	0	0
C12	11174.9	1.23101	72989.7	0	0
neutron	939.565	1.72343	75396	0	0
Al27	25126.5	0.0935532	75396	0	0
Mg25	23268	0.426356	83999.8	6781.1	6779.71
O16	14895.1	2.18333	78606.7	3275.64	3273.37
neutron	939.565	5.07041	72930.3	0	0
neutron	939.565	1.37792	72930.3	0	0
N14	13040.2	0.595943	72930.3	0	0
Si28	26053.2	0.218219	90372.5	10937.3	10936
Si28	26053.2	0.168323	83166.1	6248.31	6247.76
neutron	939.565	6.14694	73546.3	0	0
neutron	939.565	2.81941	73546.3	0	0
neutron	939.565	1.66355	73546.3	0	0
Ne20	18617.7	0.70748	73546.3	0	0
Mg24	22335.8	0.252831	98798.2	16651	16649.7
O16	14895.1	0.411964	76849	2369.76	2369.06
neutron	939.565	1.04143	75899.3	0	0
Mn55	51161.7	0.110605	75899.3	0	0
neutron	939.565	5.51883	82206.4	0	0
Ne22	20479.7	1.16924	82206.4	0	0
Mg25	23268	0.163496	95303.7	14069.7	14069.5
Mg26	24196.5	0.17045	94243.6	13439.3	13436.8
Si28	26053.2	0.128895	83207.5	4683.81	4683.14
Mn56	52094	0.093626	75314.1	0	0
neutron	939.565	12.7191	73540.9	0	0
neutron	939.565	2.97759	73540.9	0	0
neutron	939.565	2.85883	73540.9	0	0
Mg24	22335.8	0.420385	73540.9	0	0
O16	14895.1	0.202286	99974.2	17460.7	17460
O16	14895.1	0.555147	96276	15255.1	15254.3
O16	14895.1	0.724762	90540.3	10823.2	10822.3
O16	14895.1	0.234493	99622.1	17238.3	17237.5
Si28	26053.2	0.237298	94916.3	12386.9	12386.2
Si28	26053.2	0.170341	87437.6	7506.28	7505.93
Si28	26053.2	0.278937	92593	12826.6	12826.2
Mg24	22335.8	0.249199	74209.2	371.156	370.292
neutron	939.565	4.1925	73615.7	0	0
Na25	23272.4	0.589419	73615.7	0	0
Mg24	22335.8	0.257342	84584.7	7689.81	7688.79
Al28	26058.3	0.180254	73520.2	0	0
Si30	27913.2	0.411514	81157.7	4969.28	4968.69
Mg24	22335.8	0.163622	94514.4	13967.2	13967
Si28	26053.2	0.144578	86562	7353.6	7352.87
Al28	26058.3	0.185806	76262.8	0	0
Mg24	22335.8	1.31974	87910.3	8668.9	8667
O16	14895.1	0.256561	94982.1	14092.4	14092.1
O16	14895.1	0.351163	95878.7	14589.2	14588.2
O16	14895.1	0.210354	83408.1	5624.68	5623.61
Mg24	22335.8	0.198836	82546.7	5025.31	5024.71
neutron	939.565	4.7446	74402.6	0	0
neutron	939.565	4.36775	74402.6	0	0
neutron	939.565	1.95208	74402.6	0	0
F19	17692.3	0.447574	74402.6	0	0
Si28	26053.2	0.195718	75616.7	340.947	340.552
Al28	26058.3	0.175413	75122.4	0	0
Mg24	22335.8	0.176635	90852.2	11564.9	11564.5
O16	14895.1	0.25164	77493.2	2879.16	2878.71
N15	13968.9	0.686292	81912.8	5946.57	4714.71
O16	14895.1	0.207594	93679.1	13495.5	13494.6
Na24	22341.8	0.197652	73900	0	0
O16	14895.1	0.495113	85294	8293.33	8292.68
neutron	939.565	1.05101	72087.3	0	0
Al27	25126.5	0.351802	72087.3	0	0
Si28	26053.2	0.155477	80110.5	1389.37	1388.88
O16	14895.1	0.315428	78111.6	2695.43	2694.88
neutron	939.565	1.3375	73576.2	0	0
Na23	21409.2	0.256167	73576.2	0	0
O16	14895.1	0.547538	81576.6	5581.77	5580.75
neutron	939.565	0.343191	72717.8	0	0
N15	13968.9	0.338421	72717.8	0	0
O16	14895.1	0.283664	80229.9	2866.73	2865.63
O16	14895.1	0.544806	84642.4	6645.77	6643.79
O16	14895.1	0.248918	83539.7	5893.18	5892.89
O16	14895.1	0.334494	89930.7	10414.9	10414.3
O16	14895.1	0.646904	78675.1	3609.94	3609.16
neutron	939.565	0.983418	75766.8	0	0
Mg25	23268	0.366791	75766.8	0	0
N14	13040.2	10.737	95390.7	14759.5	14523.1
neutron	939.565	26.6348	73119.7	0	0
neutron	939.565	0.18119	73119.7	0	0
Mg25	23268	0.915297	73119.7	0	0
Si28	26053.2	0.236705	82597.8	6365.33	6364.97
O16	14895.1	1.12419	75329	1807.52	1805.89
neutron	939.565	2.45916	73698.2	0	0
N15	13968.9	0.186729	73698.2	0	0
O16	14895.1	0.243941	93747.2	13010.7	13010.1
Mg24	22335.8	0.179818	90662.1	11158.6	11158.1
Mg26	24196.5	0.230223	82383.2	4327.29	4326.97
neutron	939.565	45.3791	82364.3	4317.33	3972.26
O15	13971.2	0.695281	82364.3	4317.33	3972.26
O16	14895.1	0.209319	97561.8	15786.4	15786.1
O16	14895.1	0.201177	77361	3138.55	3138
O16	14895.1	1.82188	74806.5	1537.42	1535.34
O16	14895.1	0.200095	73576.2	853.866	853.583
neutron	939.565	0.299369	72143.9	0	0
alpha	3727.38	4.82322	72143.9	0	0
Na24	22341.8	1.49509	72143.9	0	0
Si29	26984.3	0.34693	75258.2	899.659	898.936
O16	14895.1	0.245131	84896.4	7366.78	7366.04
Si28	26053.2	0.272383	81277.7	4397.32	4396.93
O16	14895.1	0.231925	95891.9	15099.2	15098.9
Si28	26053.2	0.409256	87729.8	9140.94	9140.52
Fe56	52089.8	0.0639405	80108.2	4304.13	4303.44
O16	14895.1	0.231561	77661.1	3187.16	3186.42
neutron	939.565	0.303835	72049.1	0	0
Al27	25126.5	0.20743	72049.1	0	0
Fe54	50231.2	0.145223	89414.5	9692.24	9692.08
Na25	23272.4	0.198004	74185.6	0	0
Mg24	22335.8	0.169613	89623.5	9797.96	9797.49
O16	14895.1	0.718745	79043.5	1878.36	1877.57
Na24	22341.8	0.19545	75856.8	0	0
neutron	939.565	1.66668	96237.4	15109.7	14896.5
Na24	22341.8	1.69119	96237.4	15109.7	14896.5
Si28	26053.2	1.6567	95963	14843.2	14841.1
N16	14906	0.287739	73025.5	0	0
Si28	26053.2	0.304306	75499.6	440.348	439.936
neutron	939.565	4.93166	74810.4	0	0
neutron	939.565	2.92312	74810.4	0	0
Al26	24200	0.882519	74810.4	0	0
Mg24	22335.8	0.150443	86822.4	7973.48	7972.02
neutron	939.565	9.22492	74971.4	0	0
neutron	939.565	2.98512	74971.4	0	0
neutron	939.565	0.74226	74971.4	0	0
Mg24	22335.8	1.60057	74971.4	0	0
O16	14895.1	0.457613	84173.9	6992.12	6990.81
neutron	939.565	7.54355	73371.9	0	0
neutron	939.565	2.11434	73371.9	0	0
Al26	24200	0.766244	73371.9	0	0
O16	14895.1	0.218748	98868.4	16840.1	16839.8
Na24	22341.8	0.182466	73807.5	0	0
Si28	26053.2	0.133295	80204.2	2933.08	2932.21
neutron	939.565	4.14215	75958.2	0	0
Mg26	24196.5	0.307084	75958.2	0	0
Mg24	22335.8	0.170009	99551.5	17173.6	17173.3
Mg25	23268	0.184827	96084.3	14514	14513.6
O16	14895.1	2.36015	74497.5	1003.39	1000.49
Si28	26053.2	0.116255	80533.8	4868.65	4868.06
O16	14895.1	0.379489	89923.8	11367.4	11366.8
O16	14895.1	0.600366	88238.6	10099.5	10098.8
Si28	26053.2	0.123673	92068.7	12043	12042.9
neutron	939.565	9.87464	75134.7	0	0
Mg26	24196.5	1.79519	75134.7	0	0
Mg24	22335.8	0.139124	93484.3	13159.8	13159.6
Mg24	22335.8	0.196461	90129.8	11020.5	11019.4
Fe56	52089.8	0.0551377	79728.2	3206.46	3206.12
neutron	939.565	3.62249	74164.8	0	0
neutron	939.565	1.41472	74164.8	0	0
Ne20	18617.7	0.222954	74164.8	0	0
Si28	26053.2	0.141067	95216.8	11485.6	11485.3
neutron	939.565	6.68905	77018.4	0	0
neutron	939.565	6.07453	77018.4	0	0
neutron	939.565	0.842339	77018.4	0	0
Mg24	22335.8	0.313394	77018.4	0	0
neutron	939.565	19.9627	71689.9	0	0
C14	13040.9	0.96829	71689.9	0	0
O16	14895.1	0.283315	80766.7	5022.67	5022.21
Al28	26058.3	0.171309	72854.8	0	0
Si28	26053.2	0.151067	79553.1	1763.65	1763.37
Si28	26053.2	0.203283	80632.2	2926.13	2925.81
Mg24	22335.8	0.156212	89133.4	10283.1	10282.9
O16	14895.1	0.209413	85662.6	7776.62	7775.99
neutron	939.565	33.2145	73677.2	0	0
neutron	939.565	24.0489	73677.2	0	0
neutron	939.565	0.340148	73677.2	0	0
C12	11174.9	2.94841	73677.2	0	0
neutron	939.565	6.02907	72597.8	0	0
Ne22	20479.7	0.431112	72597.8	0	0
O16	14895.1	0.647805	81112.7	5730.37	5729.45
O16	14895.1	0.337442	96461.8	14243.4	14243
O16	14895.1	0.571849	94828.4	13234.7	13233.5
Mg26	24196.5	0.219817	78004	1569.24	1567.14
Mg24	22335.8	0.151583	77042.2	1014.31	1013.65
Mg24	22335.8	0.882613	93478.9	13452.2	13451.1
Si28	26053.2	0.29776	94684.6	14001.4	14000.9
neutron	939.565	182.548	86039.3	6888.49	6580.63
neutron	939.565	85.7985	86039.3	6888.49	6580.63
N13	12111.2	1.30299	86039.3	6888.49	6580.63
Al28	26058.3	0.170183	75204.2	0	0
O16	14895.1	0.295612	97801.3	16189.7	16189.3
Si28	26053.2	0.21363	83160.6	6868.87	6868.65
O16	14895.1	0.195749	95528.7	14265.4	14265.2
Si28	26053.2	0.109946	95007.1	13914.5	13914.1
neutron	939.565	5.24179	74578.4	0	0
neutron	939.565	3.99709	74578.4	0	0
Mg25	23268	0.432201	74578.4	0	0
O16	14895.1	0.197517	88980.6	8879.43	8879.02
O16	14895.1	0.212503	79964.5	2642.91	2642.2
neutron	939.565	6.38896	74843.4	0	0
neutron	939.565	2.6908	74843.4	0	0
N14	13040.2	2.02315	74843.4	0	0
Na24	22341.8	0.214165	73820.4	0	0
Si28	26053.2	0.217621	97391.2	15989.5	15988.6
neutron	939.565	6.171	72702.8	0	0
neutron	939.565	2.39804	72702.8	0	0
C12	11174.9	1.12651	72702.8	0	0
Na24	22341.8	0.206805	77411.5	0	0
neutron	939.565	6.86452	73086.8	0	0
C14	13040.9	0.593539	73086.8	0	0
neutron	939.565	2.03657	75289.9	0	0
Al27	25126.5	0.109156	75289.9	0	0
neutron	939.565	2.55333	75985.2	0	0
Al27	25126.5	0.378221	75985.2	0	0
neutron	939.565	2.1246	75848.6	0	0
Al27	25126.5	0.1416	75848.6	0	0
Mg24	22335.8	0.973058	76814.5	1273.87	1272.49
O16	14895.1	0.198535	89776.7	8019.54	8018.84
O16	14895.1	0.280786	80430.6	2498.96	2498.67
Si28	26053.2	0.242436	76970.8	385.058	384.749
neutron	939.565	9.43914	72486.8	0	0
neutron	939.565	7.42225	72486.8	0	0
C13	12109.5	0.293412	72486.8	0	0
O16	14895.1	0.276477	77841.1	2071.7	2071.1
O16	14895.1	0.198696	77705.1	1996.69	1996.2
Mg24	22335.8	0.207362	84631.4	7546	7545.63
Mg24	22335.8	0.128146	96068.4	14950	14949.8
neutron	939.565	19.8135	73363.5	0	0
neutron	939.565	4.32932	73363.5	0	0
neutron	939.565	2.95827	73363.5	0	0
alpha	3727.38	11.2917	73363.5	0	0
O16	14895.1	2.73586	73363.5	0	0
Si28	26053.2	0.17689	97447.5	15854.3	15853.8
Mg25	23268	0.350758	96780.7	15457.6	15457.2
Na24	22341.8	0.211547	73917.7	0	0
Si28	26053.2	0.127049	93902.5	13558.1	13557.9
neutron	939.565	13.7574	74989.5	0	0
neutron	939.565	1.84565	74989.5	0	0
alpha	3727.38	9.53398	74989.5	0	0
O17	15830.5	4.01286	74989.5	0	0
O16	14895.1	0.650806	90620.1	10949.9	10948.8
Mg24	22335.8	0.531133	79897	3702.24	3700.84
Si28	26053.2	0.171307	85953.6	7729.73	7729.32
neutron	939.565	3.55184	73816	0	0
neutron	939.565	1.37586	73816	0	0
N14	13040.2	0.298916	73816	0	0
O16	14895.1	0.341742	76865.3	2635.03	2634.39
O16	14895.1	0.282215	98702.8	16690.6	16689.1
Si28	26053.2	0.135897	75734.6	1808.83	1808.4
Mg24	22335.8	0.276886	74085.9	752.76	752.474
B12	11188.7	1.51243	72879.5	0	0
neutron	939.565	14.9724	74760.7	0	0
neutron	939.565	0.236006	74760.7	0	0
Mg25	23268	0.796108	74760.7	0	0
Si28	26053.2	0.153569	99843.3	17378.3	17378.1
O16	14895.1	0.828136	86561.4	6830.08	6828.5
O16	14895.1	0.397405	94249.3	12776.2	12775.8
O16	14895.1	0.332697	94865.1	13934.6	13933.8
O16	14895.1	0.468117	81957	3651.73	3651.01
neutron	939.565	1.30637	75834.8	0	0
Mg26	24196.5	0.275446	75834.8	0	0
Si28	26053.2	0.12196	87251	8650.71	8650.57
Al28	26058.3	0.183606	73856.1	0	0
O16	14895.1	0.251459	89265.2	10325.2	10324.7
N16	14906	0.295537	72725.7	0	0
O16	14895.1	0.534182	96413.4	15261.9	15261
neutron	939.565	2.16201	74026.3	0	0
neutron	939.565	2.11019	74026.3	0	0
neutron	939.565	1.74632	74026.3	0	0
B11	10252.5	2.22127	74026.3	0	0
neutron	939.565	5.8038	73732.9	0	0
neutron	939.565	4.6314	73732.9	0	0
alpha	3727.38	9.31189	73732.9	0	0
O16	14895.1	0.880618	73732.9	0	0
O16	14895.1	0.362209	96265.8	14687.7	14687
Si28	26053.2	0.327737	95717.7	14889.6	14888.5
O16	14895.1	0.289785	75033.2	633.115	632.665
O16	14895.1	0.386298	75012	1084.11	1083.15
Si28	26053.2	0.181457	93486.1	12486.1	12485.9
Mg24	22335.8	0.184715	92094.3	12154	12153.3
Mg24	22335.8	0.152539	75911.2	1932.58	1932.39
O16	14895.1	0.275619	86141.6	6843.81	6842.95
O16	14895.1	0.364001	78677.2	1576.23	1575.16
Al28	26058.3	0.168908	75858.6	0	0
O16	14895.1	0.218744	90042.1	10519.2	10518.5
Na24	22341.8	0.21327	73313.2	0	0
O16	14895.1	0.362588	96215.8	14883.7	14883.2
O16	14895.1	0.579831	94822.6	14071.6	14070.3
O16	14895.1	0.274443	94250.7	13380.9	13380.5
Na24	22341.8	0.210749	73752.1	0	0
neutron	939.565	6.94221	71968.6	0	0
neutron	939.565	3.55323	71968.6	0	0
alpha	3727.38	15.5859	71968.6	0	0
Ne21	19550.5	0.936733	71968.6	0	0
Si28	26053.2	0.172457	85128.6	5135.09	5134.91
Mg24	22335.8	0.835863	78834.2	3234.9	3233.83
neutron	939.565	3.3389	74147.2	0	0
neutron	939.565	3.15259	74147.2	0	0
neutron	939.565	2.8262	74147.2	0	0
C12	11174.9	1.04801	74147.2	0	0
Al28	26058.3	0.16206	73773.6	0	0
Si28	26053.2	0.286805	98490.9	16444.2	16443.6
Al28	26058.3	0.182986	74668.5	0	0
Si28	26053.2	0.110277	99371.4	17016.4	17015.5
neutron	939.565	1.03129	73475	0	0
N15	13968.9	0.128629	73475	0	0
O16	14895.1	0.390901	91486.1	12180.6	12179.7
O16	14895.1	0.612387	90093.4	11254.9	11251.6
Mg25	23268	0.236379	81714.7	5857.56	5856.71
O16	14895.1	0.206241	72733.2	110.7	110.034
Na24	22341.8	0.216777	72614.4	0	0
alpha	3727.38	7.06928	93812	12247.4	7520.48
C11	10254	0.755775	93812	12247.4	7520.48
Si28	26053.2	0.315399	89879.3	4319.44	4319.01
neutron	939.565	0.129016	82953	0	0
Na23	21409.2	0.183545	82953	0	0
Si28	26053.2	0.144499	80945.6	4240.04	4239.82
O16	14895.1	0.240751	74050.3	344.42	344.062
Na24	22341.8	0.188705	73513.8	0	0
O16	14895.1	0.305614	77671.2	2383.95	2383.24
neutron	939.565	0.401847	73856.1	0	0
Na23	21409.2	0.143024	73856.1	0	0
Si28	26053.2	1.60053	87466.2	9272.44	9270.37
Mg24	22335.8	0.140803	77928.9	3181.53	3181.09
neutron	939.565	99.5696	87989.2	8612.96	8286.92
O15	13971.2	0.391109	87989.2	8612.96	8286.92
Mg24	22335.8	0.175682	81740.8	4557.15	4556.95
Mg24	22335.8	0.156707	99991.5	17471.2	17470.9
O16	14895.1	0.242576	98692	13082.8	13082.4
neutron	939.565	41.6368	90600.7	11588.7	10237.4
Ne22	20479.7	0.266691	90600.7	11588.7	10237.4
O16	14895.1	0.217582	83681.9	4127.49	4127.06
neutron	939.565	3.25173	73990.3	0	0
neutron	939.565	2.36619	73990.3	0	0
Mg25	23268	0.651185	73990.3	0	0
neutron	939.565	14.2523	74461.4	0	0
neutron	939.565	0.761891	74461.4	0	0
Cr53	49301.7	0.271263	74461.4	0	0
Si30	27913.2	0.131623	93302.4	13253.6	13253.2
Fe56	52089.8	0.0630903	92238.4	12536.3	12535.9
neutron	939.565	38.5925	71774.9	0	0
neutron	939.565	0.0885431	71774.9	0	0
Mg25	23268	1.73589	71774.9	0	0
O16	14895.1	0.274468	95825.4	14889	14888.2
neutron	939.565	2.186	75980.4	0	0
alpha	3727.38	2.62851	75980.4	0	0
Be8	7454.85	5.06577	75980.4	0	0
O16	14895.1	9.93784	80147.2	3683.64	3673.55
neutron	939.565	7.32104	74037.3	0	0
Ne22	20479.7	0.626542	74037.3	0	0
neutron	939.565	26.5934	75203.5	0	0
neutron	939.565	2.32874	75203.5	0	0
Mg25	23268	0.261362	75203.5	0	0
O16	14895.1	0.855356	92210.9	11176.4	11174.7
O16	14895.1	1.72214	80569.3	3540.64	3538.82
neutron	939.565	3.642	77584.5	0	0
neutron	939.565	2.70921	77584.5	0	0
C13	12109.5	1.49739	77584.5	0	0
Mg24	22335.8	0.209372	87231.5	3598.65	3598.33
O16	14895.1	0.191373	85922.2	2718.04	2717.56
O16	14895.1	0.239753	85018.4	4740.08	4739.08
Fe56	52089.8	0.0655518	81503.8	1978.8	1978.6
neutron	939.565	10.701	78028.4	0	0
neutron	939.565	4.10022	78028.4	0	0
neutron	939.565	2.94766	78028.4	0	0
Mg24	22335.8	0.659098	78028.4	0	0
neutron	939.565	0.388473	73462.8	0	0
alpha	3727.38	6.42762	73462.8	0	0
N16	14906	5.643	73462.8	0	0
O16	14895.1	0.397306	91965	11485.4	11484.8
O16	14895.1	0.253101	98358.1	16393.1	16392.8
Si28	26053.2	0.12347	74679.3	1925	1924.67
Al30	27922.3	0.154337	71386.6	0	0
neutron	939.565	1.55672	71736	0	0
N15	13968.9	0.110224	71736	0	0
O16	14895.1	0.195271	89900.2	10599.4	10598.6
O16	14895.1	1.34829	78843.2	2572.78	2570.88
Na26	24206.4	0.173824	74811.2	0	0
Mg24	22335.8	0.243473	92730.9	13076.6	13076.4
O16	14895.1	0.242924	94954.5	13846	13845.1
neutron	939.565	3.58643	73538.8	0	0
neutron	939.565	0.925145	73538.8	0	0
C12	11174.9	1.44403	73538.8	0	0
O16	14895.1	1.12952	81963.5	5773.13	5771.64
O16	14895.1	0.19408	81400.2	5462.03	5461.74
neutron	939.565	46.9196	72678.8	0	0
neutron	939.565	20.4246	72678.8	0	0
Al28	26058.3	0.716758	72678.8	0	0
neutron	939.565	4.34212	75196.9	0	0
neutron	939.565	2.43145	75196.9	0	0
C12	11174.9	1.62103	75196.9	0	0
Mg24	22335.8	0.188462	88749.9	8849.3	8847.65
Al28	26058.3	0.179229	75997.2	0	0
neutron	939.565	78.4519	77290.3	2132.24	1787.19
neutron	939.565	5.98098	77290.3	2132.24	1787.19
neutron	939.565	4.2416	77290.3	2132.24	1787.19
Ne22	20479.7	1.9296	77290.3	2132.24	1787.19
O16	14895.1	0.194251	98630.8	16660.7	16659.6
O16	14895.1	0.290731	95047.1	13916.5	13916
O16	14895.1	0.592366	94974.7	13751.5	13750.6
O16	14895.1	0.567124	93610.3	13082.7	13081.4
Al28	26058.3	0.16976	74539.1	0	0
Mg24	22335.8	0.174325	90679.4	11292.6	11292.3
Al28	26058.3	0.185235	72250.7	0	0
Si28	26053.2	0.233718	81829.3	5649.26	5648.95
Mg24	22335.8	0.286173	91604	11855.2	11854.7
Al28	26058.3	0.164778	77022	0	0
O16	14895.1	0.411533	90730.3	11398.3	11397.7
Si28	26053.2	0.163986	89928.6	10817.8	10816
Mg25	23268	0.276611	88062.9	9795.4	9794.85
neutron	939.565	4.94117	73128.6	0	0
Mg26	24196.5	0.121731	73128.6	0	0
Mg24	22335.8	1.1164	89464.9	9241.65	9240.13
Si28	26053.2	0.12689	88708.7	8765.6	8765.43
neutron	939.565	3.74056	72869.6	0	0
neutron	939.565	2.8946	72869.6	0	0
Ne21	19550.5	0.12621	72869.6	0	0
O16	14895.1	0.24486	80087.1	4798.1	4797.78
neutron	939.565	3.07917	72063.4	0	0
C14	13040.9	1.9078	72063.4	0	0
O16	14895.1	0.231005	89828.7	11093.7	11093.2
neutron	939.565	50.4283	83470.8	6564.44	6114.23
neutron	939.565	2.89671	83470.8	6564.44	6114.23
neutron	939.565	2.21319	83470.8	6564.44	6114.23
Ne20	18617.7	3.14454	83470.8	6564.44	6114.23
Na24	22341.8	0.210654	73829.8	0	0
neutron	939.565	11.3468	78701.1	0	0
N15	13968.9	1.66616	78701.1	0	0
Si28	26053.2	0.52238	87171.7	7531.29	7530.74
neutron	939.565	3.49104	75203.3	0	0
alpha	3727.38	2.77539	75203.3	0	0
alpha	3727.38	5.45022	75203.3	0	0
alpha	3727.38	5.00875	75203.3	0	0
O16	14895.1	0.393	77884.5	2722.1	2721.16
O16	14895.1	0.189422	81587.7	5261.85	5261.32
neutron	939.565	9.90366	74757.4	0	0
C14	13040.9	2.0481	74757.4	0	0
O16	14895.1	0.297738	79972.3	3117.65	3115.81
neutron	939.565	43.699	74758.9	0	0
alpha	3727.38	4.29793	74758.9	0	0
Be8	7454.85	6.05245	74758.9	0	0
Mg24	22335.8	0.366825	89504.9	10291.3	10290.8
Si29	26984.3	0.12926	81801.7	5285.82	5285.58
Mn56	52094	0.0882663	74382.8	0	0
Mg24	22335.8	0.163472	91603.8	11001.8	11001
Mg24	22335.8	0.27472	87015.9	7616.37	7615.84
Mg24	22335.8	0.899137	97753.3	16111.5	16110.5
O16	14895.1	0.294855	92340.1	12496.5	12495.7
Si30	27913.2	0.146181	81296.7	5012.5	5012.1
Mg24	22335.8	0.340589	73112.9	319.572	318.948
O16	14895.1	0.490474	84502	7519.72	7518.62
neutron	939.565	2.25843	74199.8	0	0
Na23	21409.2	0.0270841	74199.8	0	0
O16	14895.1	1.52409	98800.5	16730.7	16728.9
Si28	26053.2	0.455474	91737.9	11541	11540.5
neutron	939.565	15.0771	73689.5	0	0
neutron	939.565	3.95789	73689.5	0	0
neutron	939.565	1.04779	73689.5	0	0
Ne20	18617.7	0.166479	73689.5	0	0
Mg24	22335.8	0.229058	90508.5	10838.8	10838.3
neutron	939.565	9.25775	74698.6	0	0
neutron	939.565	6.27981	74698.6	0	0
C12	11174.9	1.39934	74698.6	0	0
Al28	26058.3	0.16851	73617.7	0	0
O16	14895.1	0.223287	91862.5	11522.2	11521.9
Si28	26053.2	0.244955	76373.5	1479.07	1478.45
neutron	939.565	23.6214	72489.3	0	0
neutron	939.565	0.757333	72489.3	0	0
alpha	3727.38	7.54542	72489.3	0	0
Be9	8392.75	6.21268	72489.3	0	0
Al28	26058.3	0.178829	72913.4	0	0
neutron	939.565	2238.8	85806.3	6682.81	2418.05
N14	13040.2	0.253729	85806.3	6682.81	2418.05
O16	14895.1	0.246151	93971.9	13644.7	13644.2
Si28	26053.2	0.136445	86221	8446.62	8446.03
Al28	26058.3	0.178439	73483.9	0	0
neutron	939.565	120.389	83426.3	5646.21	4483.65
Al26	24200	0.47507	83426.3	5646.21	4483.65
Si28	26053.2	0.119657	80884.3	2982.25	2981.63
O16	14895.1	0.30341	91698.8	10280	10279.2
O16	14895.1	0.210742	88254.7	8096.71	8096.38
neutron	939.565	0.0638955	75842.7	0	0
Al27	25126.5	0.15325	75842.7	0	0
Mn56	52094	0.0966741	77854.4	0	0
Si28	26053.2	0.219936	91369.4	11659.3	11658.6
O16	14895.1	0.551886	88982	10064	10063.1
neutron	939.565	45.908	72134.2	0	0
neutron	939.565	13.2064	72134.2	0	0
C13	12109.5	3.42858	72134.2	0	0
neutron	939.565	957.678	99721.6	17202.2	15654.3
N14	13040.2	0.167916	99721.6	17202.2	15654.3
O16	14895.1	0.241217	98024	14517.9	14517.3
Si29	26984.3	0.11586	77909.4	1213.92	1213.28
Na24	22341.8	0.193236	75910.3	0	0
Al28	26058.3	0.157286	75002.4	0	0
Al28	26058.3	0.180835	73461.4	0	0
neutron	939.565	13.6756	73227.2	0	0
neutron	939.565	7.34736	73227.2	0	0
neutron	939.565	1.51986	73227.2	0	0
alpha	3727.38	13.0344	73227.2	0	0
Ne20	18617.7	2.83784	73227.2	0	0
O16	14895.1	1.64481	86633.5	8687.83	8685.64
O16	14895.1	0.194811	86090.3	7873.33	7872.92
neutron	939.565	1.99649	73428.9	0	0
Mg26	24196.5	0.0426748	73428.9	0	0
Al28	26058.3	0.180952	74564.9	0	0
Si28	26053.2	0.141756	92637.8	12426.1	12425.9
Si28	26053.2	0.167648	90055.8	10855.6	10855.2
Al28	26058.3	0.15504	74869.8	0	0
C13	12109.5	2.13592	99881	17414.7	17149.1
Si28	26053.2	0.121242	90904.7	10970.4	10970
O16	14895.1	0.223075	78754.7	3247.74	3247.14
neutron	939.565	4.73394	73155.6	0	0
neutron	939.565	3.89757	73155.6	0	0
C12	11174.9	1.0862	73155.6	0	0
Si28	26053.2	0.312041	91686.2	11676.1	11675.6
O16	14895.1	0.244224	86647.7	8944.82	8943.96
O16	14895.1	0.321248	81313.6	4701.51	4700.9
Na24	22341.8	0.202079	73064.5	0	0
Mg24	22335.8	0.420589	91831.6	11696.9	11696.3
O16	14895.1	0.288673	84566.3	7104.85	7103.74
O16	14895.1	0.367579	84394.3	7004.18	7003.71
neutron	939.565	2.60939	72543	0	0
neutron	939.565	2.60018	72543	0	0
alpha	3727.38	11.4266	72543	0	0
alpha	3727.38	5.69741	72543	0	0
alpha	3727.38	3.3084	72543	0	0
Si28	26053.2	0.136791	85754	7628.32	7627.75
O16	14895.1	0.246816	82650	6088.03	6086.27
Al28	26058.3	0.183832	73301.3	0	0
Si28	26053.2	0.169813	89370.1	10676.2	10675.7
O16	14895.1	0.20876	88769.8	10308.2	10307.4
Mg24	22335.8	0.445357	90637.5	10603.9	10603.2
Mg24	22335.8	0.161166	78241	2993.49	2992.82
Mg24	22335.8	0.136874	74112.5	419.717	419.452
Na24	22341.8	0.21015	74272.9	0	0
O16	14895.1	0.443875	96284	14723	14722.5
neutron	939.565	5.12509	75194.7	0	0
neutron	939.565	3.42477	75194.7	0	0
neutron	939.565	3.21214	75194.7	0	0
Mg26	24196.5	1.02859	75194.7	0	0
O16	14895.1	0.666151	94576.1	13869.4	13868.3
neutron	939.565	6.51414	75145.3	0	0
neutron	939.565	0.357186	75145.3	0	0
Ne21	19550.5	0.240323	75145.3	0	0
neutron	939.565	4.63365	99621.5	16784.7	10572.8
neutron	939.565	1.69211	99621.5	16784.7	10572.8
Mg24	22335.8	0.650192	99621.5	16784.7	10572.8
Si28	26053.2	0.326261	80455.7	4011.94	4011.54
O16	14895.1	0.362136	93328.3	13068.4	13067.6
neutron	939.565	16.0727	76553.8	0	0
C14	13040.9	1.0191	76553.8	0	0
O16	14895.1	0.287431	94929.3	14165.3	14164.6
Si28	26053.2	0.143037	93683	13060.2	13059.7
Al28	26058.3	0.168732	76749.9	0	0
neutron	939.565	8.19066	76197.6	0	0
neutron	939.565	6.31114	76197.6	0	0
neutron	939.565	2.60514	76197.6	0	0
Mg24	22335.8	1.60714	76197.6	0	0
O16	14895.1	0.452657	78439.3	3729.87	3729.11
Si28	26053.2	0.239273	83048.5	6094.54	6093.11
neutron	939.565	6.5425	72901.6	0	0
neutron	939.565	5.65845	72901.6	0	0
neutron	939.565	0.379964	72901.6	0	0
Mg24	22335.8	0.69982	72901.6	0	0
O16	14895.1	0.400064	82801.9	5094.61	5094.05
neutron	939.565	24.011	75234	0	0
neutron	939.565	3.1388	75234	0	0
neutron	939.565	1.93578	75234	0	0
Na23	21409.2	1.25895	75234	0	0
Al28	26058.3	0.165557	74303.1	0	0
O16	14895.1	0.346994	92368.2	11732.9	11731.8
Si28	26053.2	0.133811	83841.6	3656.27	3656.1
Si28	26053.2	0.123946	86658.3	8651.48	8651.34
Si28	26053.2	0.174227	87854.8	7630.95	7630.48
neutron	939.565	3.83533	75383.6	0	0
alpha	3727.38	5.88772	75383.6	0	0
Be8	7454.85	5.63457	75383.6	0	0
Si28	26053.2	0.170474	87364.3	4469.81	4469.17
Fe56	52089.8	0.133305	75019.7	944.032	943.842
Al28	26058.3	0.178672	73462.1	0	0
O16	14895.1	0.215428	95091.3	14343.4	14343.1
Si28	26053.2	0.162128	78814.8	3165.36	3165.05
O16	14895.1	0.340481	98440	16558.7	16558.1
Mg24	22335.8	0.405505	83454	5342.95	5341.79
Mg24	22335.8	0.230405	81258	3939.05	3938.72
Si28	26053.2	0.199718	79767.3	2913.18	2912.52
Al28	26058.3	0.161524	74841.3	0	0
neutron	939.565	0.119985	72848	0	0
Al27	25126.5	0.122808	72848	0	0
Mn56	52094	0.0869254	73088	0	0
Si28	26053.2	0.127163	73877.3	477.306	477.065
Si29	26984.3	0.107322	78425	2833.42	2833.1
O16	14895.1	0.260061	83438.3	6548.42	6548.11
neutron	939.565	4.089	73007	0	0
neutron	939.565	2.14643	73007	0	0
C13	12109.5	1.03246	73007	0	0
O16	14895.1	0.248778	83936.7	7130.87	7130.34
O16	14895.1	0.849809	95714.1	14438.3	14437.1
Mg26	24196.5	0.146552	84042	6710.3	6709.76
Fe56	52089.8	0.0694838	80415.7	3691.94	3691.7
Na26	24206.4	0.170507	78479.8	0	0
O16	14895.1	0.259923	89724.9	9205.24	9204.75
N16	14906	0.287779	75340.3	0	0
neutron	939.565	0.183012	72013.6	0	0
Na23	21409.2	0.221402	72013.6	0	0
neutron	939.565	0.216505	75119.3	0	0
Mn53	49301.8	0.0613092	75119.3	0	0
Si28	26053.2	0.133423	97095.2	15726.2	15725.5
O16	14895.1	0.492391	72619.9	370.393	369.572
O16	14895.1	0.789013	78446.3	3749.82	3748.94
O16	14895.1	0.371519	87167.5	9392.72	9392.25
O16	14895.1	0.312299	75079.1	1466.79	1465.88
Mg26	24196.5	0.187422	84588.7	7319.22	7318.04
Mg24	22335.8	0.180171	82782.6	6255.17	6254.54
neutron	939.565	6.56165	75153.4	0	0
neutron	939.565	3.91364	75153.4	0	0
Mg24	22335.8	1.70578	75153.4	0	0
Mg24	22335.8	0.185011	83475.3	5189.46	5188.7
Mg24	22335.8	0.199536	83037.9	4838.3	4837.94
Na24	22341.8	0.206054	74772.6	0	0
O16	14895.1	0.752421	93965.3	13743.8	13742.7
Si29	26984.3	0.124467	91475	12245.9	12245.7
Si28	26053.2	0.11476	81731.9	5690.9	5690.55
O16	14895.1	0.358941	81555.9	4113.23	4112.84
neutron	939.565	2.99811	75722.5	0	0
Ne22	20479.7	0.432307	75722.5	0	0
C15	13979.2	4.29761	73349.8	0	0
Mg24	22335.8	0.264599	82473.4	6113.38	6112.97
N16	14906	0.294255	72330.4	0	0
Mg24	22335.8	0.756936	84819.4	7701.95	7700.76
Si28	26053.2	0.113632	91136.1	11813.6	11813.3
Si28	26053.2	0.223805	80272.9	4317.31	4316.79
neutron	939.565	432.577	82261.6	5027.7	4320.5
neutron	939.565	232.764	82261.6	5027.7	4320.5
N13	12111.2	1.41019	82261.6	5027.7	4320.5
O16	14895.1	0.226241	80086.3	4493.76	4493.16
Mg24	22335.8	0.458366	79974.3	4433.73	4432.85
neutron	939.565	32.157	73090.7	0	0
neutron	939.565	3.70033	73090.7	0	0
neutron	939.565	0.627829	73090.7	0	0
Ne20	18617.7	3.33387	73090.7	0	0
O16	14895.1	0.459471	91096.7	11264	11263.5
Mg24	22335.8	0.134072	90468	11308	11307.9
O16	14895.1	0.577313	85166.3	8098.67	8097.78
Al28	26058.3	0.186406	73041.4	0	0
neutron	939.565	1.57695	75253.4	0	0
B11	10252.5	0.977536	75253.4	0	0
neutron	939.565	0.533693	77050.3	0	0
Ne22	20479.7	1.02963	77050.3	0	0
Mg24	22335.8	0.34753	94427.6	13953.6	13952.6
O16	14895.1	0.204841	92742.5	12396.7	12396.5
O16	14895.1	0.1914	84847.1	7339.51	7338.89
Si28	26053.2	0.110408	79957.7	4366.66	4365.81
Al28	26058.3	0.159943	72840.4	0	0
O16	14895.1	0.203917	73777.6	1287.45	1287.11
neutron	939.565	7.27179	71634.6	0	0
neutron	939.565	3.47468	71634.6	0	0
C12	11174.9	0.279534	71634.6	0	0
O16	14895.1	0.280059	77184.9	2235.91	2235.61
neutron	939.565	4.57975	73540.5	0	0
C14	13040.9	0.354882	73540.5	0	0
O16	14895.1	0.298941	97782.3	15921	15919.5
Mg24	22335.8	0.237736	78251.4	2305.81	2305.13
Si28	26053.2	0.218492	95026	14125.7	14125
Na24	22341.8	0.172801	81752.8	0	0
Mn56	52094	0.0871372	75817.2	0	0
O16	14895.1	0.282618	97487.3	15802.6	15801.9
neutron	939.565	8.84208	72949.8	0	0
C14	13040.9	0.885624	72949.8	0	0
Mg24	22335.8	0.25052	97422.4	15696.6	15695.5
Si28	26053.2	0.140398	96323.7	14999.3	14999.1
Si28	26053.2	0.283558	79305.6	3819.51	3819.01
Si28	26053.2	0.139816	92208	12232.2	12231.5
Mg24	22335.8	0.144728	79493.2	3486.25	3485.65
neutron	939.565	5.68976	73550	0	0
neutron	939.565	5.26299	73550	0	0
N14	13040.2	0.039721	73550	0	0
Mg24	22335.8	0.144975	91125.8	10972.8	10971.6
Si28	26053.2	0.215685	93763.8	13385.9	13385.7
O16	14895.1	1.08178	79237.6	3376.68	3375.55
N16	14906	0.291181	79339	0	0
Al28	26058.3	0.177699	74700.7	0	0
O16	14895.1	0.271875	89462.7	9660.55	9660.21
Si28	26053.2	0.208769	82492.1	6422.05	6421.72
O16	14895.1	0.219735	79736.2	4806.31	4805.65
neutron	939.565	2.9416	72676.3	0	0
Al29	26988.5	0.393978	72676.3	0	0
neutron	939.565	4.18514	75215.2	0	0
Na23	21409.2	0.354163	75215.2	0	0
Si28	26053.2	0.159063	87188.6	9174.29	9173.97
Fe56	52089.8	0.0655476	93957.4	13225.6	13224.6
Si28	26053.2	0.842884	95604.1	14813.6	14812.6
O16	14895.1	0.396012	79280.6	4260.02	4259.53
neutron	939.565	36.7777	72827.1	0	0
neutron	939.565	6.18742	72827.1	0	0
neutron	939.565	4.07585	72827.1	0	0
Na22	20482.1	1.31477	72827.1	0	0
Si28	26053.2	0.147978	92431.6	12751.5	12751.2
O16	14895.1	0.636728	77115.2	2738.05	2737.33
O16	14895.1	0.321887	76817.3	2539.73	2539.17
neutron	939.565	12.2331	72470.5	0	0
neutron	939.565	0.92546	72470.5	0	0
B11	10252.5	1.9772	72470.5	0	0
O16	14895.1	0.265212	95541	13866.7	13865.9
O16	14895.1	0.465487	81846.7	4707.98	4706.57
Si28	26053.2	0.140584	80024.4	3654.44	3653.96
Si28	26053.2	0.115728	85257.6	6358.9	6358.52
neutron	939.565	2.87988	75550.2	0	0
neutron	939.565	0.592302	75550.2	0	0
Ne20	18617.7	0.778915	75550.2	0	0
neutron	939.565	0.256947	72810.5	0	0
Al27	25126.5	0.108351	72810.5	0	0
O16	14895.1	0.195897	78144.6	2138.99	2138.78
Al28	26058.3	0.18722	75758.6	0	0
neutron	939.565	12.9007	73040.8	0	0
neutron	939.565	2.02315	73040.8	0	0
Mg24	22335.8	1.58892	73040.8	0	0
neutron	939.565	38.0724	72519	0	0
neutron	939.565	0.0958139	72519	0	0
Mn54	50232.4	0.592991	72519	0	0
Fe56	52089.8	0.0580101	93414.6	13144.8	13144.7
Fe56	52089.8	0.0653996	91106.8	11413	11412.9
Mg24	22335.8	0.294444	95358.6	14774.5	14774.2
Mg24	22335.8	0.243115	77550.6	2775.51	2775.19
O16	14895.1	0.27475	74376.4	854.435	854.034
O16	14895.1	0.402713	81197.8	3810.49	3809.7
O16	14895.1	0.496569	94793.1	13652.7	13652.1
O16	14895.1	0.484248	92461.6	11930.9	11930.1
Si28	26053.2	0.12703	85819.4	6053.88	6053.5
O16	14895.1	0.654615	79116.7	1678.56	1677.6
O16	14895.1	0.368361	80680.3	4170.46	4170.07
Fe56	52089.8	0.0724814	96191.7	14960.8	14959.6
Al28	26058.3	0.180468	76743.4	0	0
Si28	26053.2	0.189783	95373.6	13684.3	13682.3
O16	14895.1	0.21237	90630.7	11190.6	11189.9
Si28	26053.2	0.167724	75114.7	689.952	689.244
Na24	22341.8	0.21309	74019.9	0	0
Si28	26053.2	0.120586	80987.9	3739.29	3739.05
neutron	939.565	8.81795	75439.4	0	0
neutron	939.565	2.08087	75439.4	0	0
N14	13040.2	1.0431	75439.4	0	0
Mg24	22335.8	1.04593	91748.8	11885.3	11884
neutron	939.565	0.815589	78303.6	0	0
Al28	26058.3	0.215378	78303.6	0	0
O16	14895.1	0.479786	88297.5	9552.28	9551.64
O16	14895.1	0.249008	75680.9	996.311	995.999
Al28	26058.3	0.182244	73965.5	0	0
Si28	26053.2	0.128394	84143.3	6054.59	6054.24
Al28	26058.3	0.187223	74964.3	0	0
Al28	26058.3	0.187856	72700	0	0
O16	14895.1	0.731711	77659.3	3383.32	3381.97
O16	14895.1	0.227903	89353.4	10861.4	10861.2
neutron	939.565	2.42949	71664.7	0	0
neutron	939.565	1.97237	71664.7	0	0
Mg25	23268	0.181884	71664.7	0	0
Mg26	24196.5	0.172906	94603.3	13197.2	13196.1
O16	14895.1	0.330273	98096.6	16285.7	16285.2
O16	14895.1	0.584996	93979.9	11058.7	11058
Mg24	22335.8	0.223015	97427.4	15500	15498.6
neutron	939.565	3.73741	72959.8	0	0
neutron	939.565	1.69784	72959.8	0	0
neutron	939.565	0.580165	72959.8	0	0
Mg24	22335.8	0.634037	72959.8	0	0
O16	14895.1	0.6428	85994.3	4406.85	4406.02
neutron	939.565	0.272037	79137.9	0	0
Al27	25126.5	0.240559	79137.9	0	0
Mg24	22335.8	0.188002	91506.8	11898.9	11898.5
Si28	26053.2	0.131091	81397.3	4963.72	4963.16
neutron	939.565	0.205315	74577	0	0
Al27	25126.5	0.189978	74577	0	0
neutron	939.565	1482.58	97768.2	14842.3	12105.8
Mg25	23268	0.0642648	97768.2	14842.3	12105.8
Mg24	22335.8	0.179654	95991.1	14837.6	14837.2
Si28	26053.2	0.224405	86186.5	8331.7	8331.19
N16	14906	0.271037	73163.5	0	0
Al28	26058.3	0.189871	74744.9	0	0
Mg24	22335.8	0.419792	75441.3	1252.86	1251.81
N16	14906	0.287195	74893.1	0	0
Si28	26053.2	0.124132	93393.1	12977.2	12976.5
Mg25	23268	0.17405	84972.3	7470.27	7469.23
N16	14906	0.285692	74073.4	0	0
Si28	26053.2	0.204482	87966.8	9625.8	9625.15
O16	14895.1	0.228024	87865.5	9540.82	9540.03
O16	14895.1	1.38659	98824.9	16689.8	16688.1
O16	14895.1	2.1063	90321.8	10136.2	10133.7
Fe56	52089.8	0.164446	78897.9	3814.17	3813.95
O16	14895.1	0.698342	96894.4	15498	15497.1
Si28	26053.2	0.1735	87412.5	8564.19	8562.84
O16	14895.1	0.383862	75295.1	590.593	588.815
Al28	26058.3	0.157504	74424.3	0	0
neutron	939.565	5.71494	73854	0	0
neutron	939.565	1.4334	73854	0	0
neutron	939.565	0.389208	73854	0	0
Mn53	49301.8	0.251221	73854	0	0
O16	14895.1	0.227191	94416.7	13709.9	13709
Al28	26058.3	0.17676	73213	0	0
Si28	26053.2	0.118517	83788.5	6952.76	6952.64
neutron	939.565	4.82846	72389.9	0	0
neutron	939.565	1.95648	72389.9	0	0
neutron	939.565	0.373508	72389.9	0	0
Ne20	18617.7	1.63043	72389.9	0	0
Mg25	23268	0.148359	95237.4	14313.2	14312.5
O16	14895.1	0.756653	87309.7	9213	9211.56
O16	14895.1	1.32496	87224.4	9147.82	9146.23
neutron	939.565	11.5207	73273	0	0
neutron	939.565	8.23499	73273	0	0
Ne22	20479.7	0.389979	73273	0	0
O16	14895.1	0.243338	89258.7	10570.5	10570.2
Na24	22341.8	0.209391	74578.2	0	0
Mg24	22335.8	0.161105	86624.2	9163.06	9162.31
Al28	26058.3	0.183878	76600.8	0	0
O16	14895.1	0.268517	90628.2	10621.1	10620.8
neutron	939.565	109.096	89903.4	10212.5	9924.57
C13	12109.5	0.697737	89903.4	10212.5	9924.57
Al28	26058.3	0.19202	73122.9	0	0
Mg24	22335.8	0.127466	87231.6	5706.48	5705.38
O16	14895.1	0.250622	98588.3	16654.2	16653.9
Mg26	24196.5	0.180713	83077.7	6384.04	6383.83
O16	14895.1	1.51652	75007.5	1413.8	1411.94
neutron	939.565	6.78018	72657.4	0	0
neutron	939.565	3.02856	72657.4	0	0
alpha	3727.38	7.02761	72657.4	0	0
N15	13968.9	3.68116	72657.4	0	0
neutron	939.565	8.35751	74088.5	0	0
alpha	3727.38	3.74185	74088.5	0	0
B11	10252.5	3.60569	74088.5	0	0
O16	14895.1	1.1261	88438.1	9883.84	9882.1
N16	14906	0.276006	72511.3	0	0
Fe56	52089.8	0.0653374	86214.7	7549.13	7549.05
Al28	26058.3	0.182524	74234.9	0	0
Na24	22341.8	0.215379	72742.4	0	0
O16	14895.1	0.218091	93260.2	11112.8	11112.3
neutron	939.565	0.729626	75061.9	0	0
Al28	26058.3	0.222994	75061.9	0	0
O16	14895.1	0.790399	97756.2	15976	15974.3
Al28	26058.3	0.157028	75909.1	0	0
Si28	26053.2	0.15003	87367.7	9607.43	9607.2
neutron	939.565	1.57355	72302.8	0	0
Al27	25126.5	0.0844254	72302.8	0	0
Si28	26053.2	0.129597	90717.3	10379.8	10379.5
O17	15830.5	0.334849	84759.1	6679.27	6677.11
Si29	26984.3	0.140764	80717.3	4425.2	4424.67
neutron	939.565	1.97913	73738.6	0	0
Na23	21409.2	0.0467141	73738.6	0	0
N16	14906	0.289534	73387.5	0	0
O16	14895.1	1.27857	87623.4	7031.59	7030.28
Si28	26053.2	0.40265	86829.9	8637	8636.34
neutron	939.565	13.1819	74276.6	0	0
neutron	939.565	5.4083	74276.6	0	0
neutron	939.565	2.30924	74276.6	0	0
C12	11174.9	0.152837	74276.6	0	0
Mg24	22335.8	0.148598	95814.2	14960.5	14960
Si28	26053.2	0.115618	94201	13442.1	13441.9
Si28	26053.2	0.156341	84380.7	7128.32	7128.02
neutron	939.565	15.4488	72411.6	0	0
neutron	939.565	1.40268	72411.6	0	0
C13	12109.5	2.64524	72411.6	0	0
O16	14895.1	0.207233	75916.7	1939.83	1939.41
O16	14895.1	0.649512	75232.5	363.12	362.424
Mg24	22335.8	0.13429	89961.4	11396.4	11395.5
neutron	939.565	24.309	73738.3	0	0
neutron	939.565	1.19749	73738.3	0	0
Ne21	19550.5	1.19792	73738.3	0	0
Mg26	24196.5	0.153331	89721.9	10964.2	10963.9
neutron	939.565	4.83825	72388.9	0	0
neutron	939.565	4.44079	72388.9	0	0
neutron	939.565	3.47062	72388.9	0	0
Mg24	22335.8	0.399531	72388.9	0	0
Mg24	22335.8	0.388444	97095	15364	15363.6
neutron	939.565	4.914	74865.7	0	0
Na23	21409.2	0.459205	74865.7	0	0
neutron	939.565	15.8884	73902.5	0	0
neutron	939.565	7.96339	73902.5	0	0
neutron	939.565	0.356186	73902.5	0	0
C12	11174.9	1.28706	73902.5	0	0
O16	14895.1	0.371586	92128.4	12576.5	12575.7
O16	14895.1	0.197931	86303.9	6946.79	6945.96
O16	14895.1	0.311079	80658.3	3531.79	3530.44
neutron	939.565	25.134	74530.8	0	0
neutron	939.565	14.9715	74530.8	0	0
neutron	939.565	0.0527697	74530.8	0	0
Mg24	22335.8	1.42797	74530.8	0	0
neutron	939.565	3.03249	73696	0	0
neutron	939.565	1.8811	73696	0	0
Mg25	23268	0.298023	73696	0	0
Si28	26053.2	0.112348	92686	12523.9	12523.8
Si28	26053.2	0.168543	76558.2	2370.32	2370.08
neutron	939.565	8.69431	72927.5	0	0
N15	13968.9	1.3405	72927.5	0	0
neutron	939.565	6.48049	96702.2	15332.2	12446.9
C12	11174.9	0.801041	96702.2	15332.2	12446.9
neutron	939.565	0.843162	80182.4	0	0
Mg26	24196.5	0.0656167	80182.4	0	0
neutron	939.565	8.10121	73593.6	0	0
neutron	939.565	1.89823	73593.6	0	0
neutron	939.565	0.618118	73593.6	0	0
N13	12111.2	0.405862	73593.6	0	0
O16	14895.1	0.555918	87582.1	9228.83	9227.88
neutron	939.565	4.03764	73375.8	0	0
alpha	3727.38	7.98788	73375.8	0	0
Ne22	20479.7	2.40364	73375.8	0	0
O16	14895.1	0.27886	83710.5	5879.92	5879.41
Si28	26053.2	0.123418	81838	4756.19	4755.95
Si28	26053.2	0.844465	98537	16505.4	16504.4
neutron	939.565	1.4719	74030.3	0	0
neutron	939.565	1.2634	74030.3	0	0
Mg25	23268	0.331286	74030.3	0	0
Mg24	22335.8	0.158681	92253.5	9944.98	9944.67
Mg24	22335.8	0.148353	97587.4	15873.3	15872.5
O16	14895.1	0.375301	88999.4	10446.2	10445.6
O16	14895.1	0.194605	87289.2	9336.11	9335.38
O16	14895.1	0.591912	87623.9	8274.72	8273.76
O16	14895.1	0.866995	76994.9	1604.85	1603.56
neutron	939.565	0.38503	74278.2	0	0
Al27	25126.5	0.186594	74278.2	0	0
O16	14895.1	0.211594	90265.5	11057.2	11056.8
Si28	26053.2	0.162256	88073.4	9603.32	9603.05
O16	14895.1	0.781106	77552.3	1980.22	1979.26
Na24	22341.8	0.214999	73354.5	0	0
Al28	26058.3	0.185725	74378	0	0
neutron	939.565	12.2146	74731.9	0	0
neutron	939.565	10.6608	74731.9	0	0
C13	12109.5	2.03882	74731.9	0	0
O16	14895.1	0.218692	78182.6	3506.71	3505.96
neutron	939.565	0.912704	73243.8	0	0
neutron	939.565	0.725955	73243.8	0	0
C13	12109.5	0.431031	73243.8	0	0
neutron	939.565	92.704	83238.5	3600.68	3169.99
N14	13040.2	0.418588	83238.5	3600.68	3169.99
neutron	939.565	7.08601	77830.6	0	0
neutron	939.565	4.92955	77830.6	0	0
neutron	939.565	1.84343	77830.6	0	0
Mg24	22335.8	1.28212	77830.6	0	0
Al28	26058.3	0.186835	73934.9	0	0
Mg24	22335.8	0.533564	97512	15847.1	15846.4
neutron	939.565	3.19228	74107.3	0	0
neutron	939.565	0.99623	74107.3	0	0
Ne22	20479.7	0.172986	74107.3	0	0
Mg24	22335.8	0.311989	97108.2	15684.5	15683.9
neutron	939.565	4.06829	71910.8	0	0
neutron	939.565	1.12107	71910.8	0	0
Ne20	18617.7	0.512734	71910.8	0	0
Si28	26053.2	0.203415	93163.3	12664.3	12664.1
Mg24	22335.8	0.229311	84727.2	6757.4	6756.26
neutron	939.565	0.549398	74558.8	0	0
Na23	21409.2	0.303176	74558.8	0	0
O16	14895.1	0.198047	91112.8	11841.1	11840.7
O16	14895.1	0.275485	81743.4	4072.7	4072.11
Si28	26053.2	0.162992	99183.1	16837.9	16837.4
O16	14895.1	0.266931	89814	10672.5	10671.7
O16	14895.1	0.220103	99384.2	16925.3	16924.7
Mg24	22335.8	0.264156	74269.9	753.366	752.425
Al28	26058.3	0.163724	73072.3	0	0
neutron	939.565	22.5389	78466.8	0	0
neutron	939.565	6.54436	78466.8	0	0
Ne21	19550.5	1.24302	78466.8	0	0
neutron	939.565	0.882882	75890.2	0	0
Mg25	23268	0.676861	75890.2	0	0
O16	14895.1	0.210349	98305.9	16495.1	16494.3
Fe56	52089.8	0.0620171	88414.6	10401.3	10401.1
O16	14895.1	0.272593	80770.6	5276.32	5275.92
Fe56	52089.8	0.0618108	72835.8	385.896	385.466
Al28	26058.3	0.147591	78787.5	0	0
O16	14895.1	0.34607	94796	13660.3	13659.9
Mg24	22335.8	0.263359	78160.2	1818.28	1817.54
Na24	22341.8	0.190241	75038.3	0	0
Si28	26053.2	0.257888	97799.1	15834.3	15833.8
neutron	939.565	4.31372	74927.5	0	0
neutron	939.565	2.61329	74927.5	0	0
neutron	939.565	1.3013	74927.5	0	0
C12	11174.9	0.576714	74927.5	0	0
O16	14895.1	0.350809	81645.6	4508.63	4508.16
Si28	26053.2	0.109105	74436.9	430.199	429.795
Al28	26058.3	0.168783	73750.2	0	0
O16	14895.1	0.190433	77302.1	1289.02	1288.74
Na24	22341.8	0.211341	75091.1	0	0
Si28	26053.2	0.157224	83636.9	5574.82	5574.21
neutron	939.565	7.94796	72308	0	0
neutron	939.565	3.54708	72308	0	0
Ne21	19550.5	0.211828	72308	0	0
Si28	26053.2	0.175137	85213	7822.47	7822.2
Mg25	23268	0.636636	84256.9	7157.66	7156.92
Si28	26053.2	0.266492	79564.8	4291.11	4290.65
neutron	939.565	5.56695	75965.4	0	0
Na23	21409.2	0.168202	75965.4	0	0
O16	14895.1	0.248843	99844.4	17391.1	17390.7
Mg25	23268	2.04315	93289.2	13108.6	13106.5
O16	14895.1	0.87997	88365.4	7497.18	7495.7
neutron	939.565	0.400899	76687.2	0	0
N15	13968.9	0.339295	76687.2	0	0
neutron	939.565	3.55871	74614	0	0
Mg26	24196.5	1.07797	74614	0	0
Al28	26058.3	0.189861	72972.7	0	0
Mg24	22335.8	0.580207	87874.1	7796.04	7795.34
neutron	939.565	0.756092	76189.4	0	0
N15	13968.9	0.273398	76189.4	0	0
Si28	26053.2	0.13288	82211.2	3107.9	3106.71
neutron	939.565	30.0197	77327.9	0	0
neutron	939.565	5.85279	77327.9	0	0
neutron	939.565	0.975162	77327.9	0	0
Ne20	18617.7	3.2865	77327.9	0	0
neutron	939.565	6.75424	72163.3	0	0
neutron	939.565	4.71708	72163.3	0	0
C12	11174.9	6.48764	72163.3	0	0
Mg26	24196.5	0.165432	85626.4	6758.8	6758.39
O16	14895.1	0.671137	87872.4	8806.09	8804.93
Si28	26053.2	0.278016	92541.9	12791	12790.3
Si29	26984.3	0.29599	88541.1	10079.2	10078.6
Na26	24206.4	0.183455	73575	0	0
O16	14895.1	0.194641	91347.1	9800.48	9800.22
Si28	26053.2	0.302726	85900.2	6173.46	6172.98
Al28	26058.3	0.183635	75444	0	0
Mg24	22335.8	0.160193	82530	5955.14	5954.1
Si30	27913.2	0.130041	80602.9	4793.17	4792.95
Mg24	22335.8	0.278913	79093.8	3692.99	3692.45
neutron	939.565	3.77975	73305.2	0	0
neutron	939.565	1.84035	73305.2	0	0
C13	12109.5	1.1534	73305.2	0	0
Al28	26058.3	0.184166	72110.1	0	0
Mg24	22335.8	0.161851	96680	15469.6	15469.1
O16	14895.1	0.328538	93807.6	13183.4	13183
O16	14895.1	0.217978	78144.7	2046.5	2043.75
neutron	939.565	5.553	74820.7	0	0
neutron	939.565	5.09559	74820.7	0	0
neutron	939.565	2.55985	74820.7	0	0
C12	11174.9	1.55428	74820.7	0	0
O16	14895.1	0.565246	81481.1	4973.52	4972.67
Mg24	22335.8	0.271953	92920.2	12893.6	12892.9
O16	14895.1	0.262781	82655.7	5682.17	5681.88
Na24	22341.8	0.212574	74198.8	0	0
O16	14895.1	0.793416	95050.7	13864.5	13863.3
O16	14895.1	0.204028	93342.4	12363.8	12363.5
Mg24	22335.8	0.198271	78298.1	2901.16	2900.42
Na24	22341.8	0.19466	73562.9	0	0
Si29	26984.3	0.174979	89892.4	10948.8	10947
neutron	939.565	10.8156	76627.5	0	0
neutron	939.565	1.27239	76627.5	0	0
C13	12109.5	0.947354	76627.5	0	0
Mg24	22335.8	0.192476	81435.5	4352.11	4351.15
Si28	26053.2	0.126324	77761.8	1879.2	1878.68
neutron	939.565	8.06615	73554.3	0	0
neutron	939.565	3.81276	73554.3	0	0
neutron	939.565	1.11423	73554.3	0	0
Ne20	18617.7	2.33614	73554.3	0	0
O16	14895.1	0.28965	96381.8	14958.9	14958
Si30	27913.2	0.108791	94493.2	13674.6	13674.4
Si28	26053.2	0.10944	88940.7	10333.3	10333
Si28	26053.2	0.132444	87498.8	9473.8	9473.49
O16	14895.1	0.194683	94076.1	13466.6	13466.3
Mg24	22335.8	0.374099	81788.5	5482.14	5481.51
neutron	939.565	18.7334	72765.2	0	0
neutron	939.565	5.50034	72765.2	0	0
neutron	939.565	0.958599	72765.2	0	0
Ne20	18617.7	1.40078	72765.2	0	0
O16	14895.1	0.25133	98611	16657.9	16657.5
O16	14895.1	0.370432	80600.7	3815.67	3814.63
O16	14895.1	1.15761	87778.3	8896.04	8894.83
neutron	939.565	18.6203	76123	0	0
neutron	939.565	5.62487	76123	0	0
neutron	939.565	1.66369	76123	0	0
Cr52	48370	1.35682	76123	0	0
neutron	939.565	0.358401	72174.5	0	0
Mg26	24196.5	0.187791	72174.5	0	0
O16	14895.1	0.261582	96032.8	14943.9	14943.6
neutron	939.565	24.3909	73406.4	0	0
neutron	939.565	8.08417	73406.4	0	0
neutron	939.565	3.26828	73406.4	0	0
Ne20	18617.7	2.20162	73406.4	0	0
neutron	939.565	5.71327	74137.5	0	0
neutron	939.565	3.22953	74137.5	0	0
neutron	939.565	2.93424	74137.5	0	0
Cr52	48370	0.285168	74137.5	0	0
neutron	939.565	167.683	74957.7	665.051	390.01
neutron	939.565	40.6692	74957.7	665.051	390.01
alpha	3727.38	2.2938	74957.7	665.051	390.01
Be8	7454.85	4.76644	74957.7	665.051	390.01
Al28	26058.3	0.168785	74370.9	0	0
neutron	939.565	0.157623	74068.8	0	0
Al27	25126.5	0.129014	74068.8	0	0
neutron	939.565	9.89733	73322.9	0	0
neutron	939.565	2.46641	73322.9	0	0
neutron	939.565	1.88565	73322.9	0	0
alpha	3727.38	8.53889	73322.9	0	0
alpha	3727.38	1.10389	73322.9	0	0
C12	11174.9	8.83001	73322.9	0	0
neutron	939.565	0.712446	73524.4	0	0
N15	13968.9	0.246761	73524.4	0	0
Si28	26053.2	0.130766	94779.4	14179.1	14179
O16	14895.1	0.236349	95860.1	14741.3	14740
Mg24	22335.8	0.172164	87878.2	8915.67	8914.53
O16	14895.1	4.60031	95631.1	14175.1	14170.2
O16	14895.1	0.595346	94668.4	14117.4	14115.7
neutron	939.565	20.2042	72629.8	0	0
neutron	939.565	1.58508	72629.8	0	0
Mg25	23268	0.52835	72629.8	0	0
neutron	939.565	0.510488	74320.8	0	0
Mg26	24196.5	0.0467804	74320.8	0	0
Mg24	22335.8	0.208202	90683	11806.4	11805.5
O16	14895.1	0.408392	95523.5	14068.4	14067.9
O16	14895.1	0.207524	92975.4	11710.7	11709.1
neutron	939.565	64.8661	81188.3	2874.23	2602.87
N15	13968.9	1.8408	81188.3	2874.23	2602.87
Mg24	22335.8	0.42589	99700	17300.3	17299.8
Si28	26053.2	0.315633	91175.4	11815.5	11814.7
neutron	939.565	0.439069	73605.2	0	0
Al27	25126.5	0.1957	73605.2	0	0
Si28	26053.2	0.193598	97261.1	15675.5	15675.3
N15	13968.9	0.133493	93276.2	9128.7	8631.48
O16	14895.1	0.241568	84795.9	3037.33	3036.65
O16	14895.1	0.191129	99245.5	16797.5	16796.8
O16	14895.1	0.271739	98480.2	16287	16286.6
O16	14895.1	0.29503	78561.9	2181.22	2180.86
Si28	26053.2	0.339713	85744.6	6191.72	6191.31
neutron	939.565	0.733376	75858.1	0	0
N15	13968.9	0.4396	75858.1	0	0
O16	14895.1	0.277488	83529.4	7024.52	7022.92
O16	14895.1	0.372181	78758.3	4066.06	4065.57
O16	14895.1	0.196441	96760.9	14710.1	14708.7
neutron	939.565	0.763997	72706	0	0
N15	13968.9	0.469794	72706	0	0
Mg24	22335.8	0.199342	77393.5	1486.26	1485.44
O16	14895.1	0.203157	85206.9	6507.41	6506.7
O16	14895.1	0.673469	95836.3	14942.2	14940.4
Si28	26053.2	0.171722	88854.7	9653.72	9653.19
Si28	26053.2	0.182606	96376.1	13354.5	13354.1
O16	14895.1	0.299809	83982	3656.95	3656.55
Mn56	52094	0.0949923	78176.7	0	0
neutron	939.565	4.45731	76572.7	0	0
neutron	939.565	2.23828	76572.7	0	0
N14	13040.2	0.244572	76572.7	0	0
Al28	26058.3	0.16714	74519.1	0	0
Mg24	22335.8	0.757462	80577.7	4115.95	4114.75
O16	14895.1	1.66831	79991	3533.62	3531.88
neutron	939.565	4.74367	74290.6	0	0
neutron	939.565	3.63093	74290.6	0	0
Mg25	23268	0.799465	74290.6	0	0
Si28	26053.2	0.157793	97342.1	15947.1	15946
neutron	939.565	0.0626113	72089.7	0	0
N15	13968.9	0.241658	72089.7	0	0
Fe56	52089.8	0.0600953	84646.8	7884.6	7883.77
Al28	26058.3	0.183113	71754.7	0	0
neutron	939.565	147.159	85997	8485.68	7714.94
neutron	939.565	12.2721	85997	8485.68	7714.94
neutron	939.565	6.31727	85997	8485.68	7714.94
Ne21	19550.5	7.81607	85997	8485.68	7714.94
Al28	26058.3	0.162041	74223.5	0	0
Mg24	22335.8	0.594137	99614.3	17257.9	17257.3
neutron	939.565	6.9999	73044.3	0	0
neutron	939.565	3.17713	73044.3	0	0
neutron	939.565	0.0534514	73044.3	0	0
Mg24	22335.8	0.490512	73044.3	0	0
Fe56	52089.8	0.0712167	92068	11889.7	11889.3
Si28	26053.2	0.190925	85392.7	7733.07	7732.87
O16	14895.1	0.440174	75999	1853.59	1852.56
neutron	939.565	2.09727	72954.8	0	0
N15	13968.9	0.261754	72954.8	0	0
O16	14895.1	0.499525	96799.5	15092.1	15091.2
neutron	939.565	3.47215	73205.1	0	0
N15	13968.9	0.788611	73205.1	0	0
Mg24	22335.8	0.196603	85566.3	5820.98	5820.65
O16	14895.1	0.314707	83828	5646.12	5645.13
Fe56	52089.8	0.101697	77645	2495.8	2495.03
neutron	939.565	0.0738855	73254.5	0	0
N15	13968.9	0.324094	73254.5	0	0
neutron	939.565	2.45732	81430.2	0	0
C13	12109.5	1.48758	81430.2	0	0
O16	14895.1	0.273279	97903.1	16070.7	16070.4
neutron	939.565	14.0822	74383.5	0	0
alpha	3727.38	6.23765	74383.5	0	0
Ne22	20479.7	1.56486	74383.5	0	0
O16	14895.1	0.447754	97711.8	15745.6	15745
Mg24	22335.8	0.173442	83246.3	5397.26	5396.57
neutron	939.565	6.55586	74997.1	0	0
neutron	939.565	1.68195	74997.1	0	0
neutron	939.565	0.641368	74997.1	0	0
C12	11174.9	1.32265	74997.1	0	0
neutron	939.565	7.59465	75724.2	0	0
neutron	939.565	3.01938	75724.2	0	0
neutron	939.565	2.93226	75724.2	0	0
Mg24	22335.8	1.43052	75724.2	0	0
Si28	26053.2	0.267549	77990.5	1675.23	1674.39
neutron	939.565	0.373464	75132.1	0	0
Al27	25126.5	0.145993	75132.1	0	0
O16	14895.1	0.669171	81782.3	5366.93	5365.88
Na25	23272.4	0.194613	74438.2	0	0
neutron	939.565	0.465478	74611.1	0	0
N15	13968.9	0.348613	74611.1	0	0
neutron	939.565	0.676765	84332.1	0	0
Mg26	24196.5	0.14282	84332.1	0	0
O16	14895.1	0.329288	97581.6	15169.5	15168.9
O16	14895.1	0.216761	94034.3	11533.6	11532.4
neutron	939.565	7.226	76416.1	0	0
C14	13040.9	0.593154	76416.1	0	0
O16	14895.1	0.367726	99258.6	16848.8	16848
Fe56	52089.8	0.0601652	89593.2	9090.94	9090.67
Fe56	52089.8	0.417918	86409	7247.41	7246.95
Si28	26053.2	0.250848	91191.6	10555.7	10554.8
O16	14895.1	0.189991	87611.4	8382.14	8381.42
Si28	26053.2	0.230113	81281.9	3446.41	3445.4
Na24	22341.8	0.216026	75491.7	0	0
Na24	22341.8	0.215563	73284.2	0	0
neutron	939.565	17.947	72420.7	0	0
neutron	939.565	4.25702	72420.7	0	0
C12	11174.9	5.04869	72420.7	0	0
Si28	26053.2	0.136268	94141.8	12650.9	12650.5
C16	14914.5	4.65259	84425.6	4593.91	4144.45
neutron	939.565	1.4892	78382.5	0	0
Mg26	24196.5	0.173175	78382.5	0	0
neutron	939.565	2.79979	74881.4	0	0
neutron	939.565	2.14655	74881.4	0	0
neutron	939.565	0.549053	74881.4	0	0
C12	11174.9	0.0611986	74881.4	0	0
Mg24	22335.8	0.211268	76190.6	1349.28	1347.57
Mg24	22335.8	0.163559	75166	736.198	735.915
Si28	26053.2	0.501035	87937.3	8460.33	8459.41
Si30	27913.2	0.409214	87295.5	8102.71	8100.87
Si28	26053.2	0.141278	79501	3324.58	3323.58
Si28	26053.2	0.125985	77921.3	2209.53	2209.24
neutron	939.565	4.17692	74298.6	0	0
neutron	939.565	1.59354	74298.6	0	0
alpha	3727.38	6.39707	74298.6	0	0
O16	14895.1	4.3869	74298.6	0	0
Fe56	52089.8	0.13745	81314.3	5596.27	5595.37
Mg24	22335.8	0.167522	79087.8	4085.33	4084.97
Mg26	24196.5	0.684208	73620.1	0	0
Na24	22341.8	0.200749	71936.9	0	0
neutron	939.565	0.270846	72511.6	0	0
Na23	21409.2	0.121232	72511.6	0	0
neutron	939.565	0.682843	74542.1	0	0
Cr52	48370	0.415241	74542.1	0	0
Si28	26053.2	0.210858	96882.7	15534.8	15533.9
Si28	26053.2	0.208715	91163.6	11265.4	11264.5
N16	14906	0.287304	73369.8	0	0
Na24	22341.8	0.216911	76620.4	0	0
neutron	939.565	2.64066	72859.6	0	0
neutron	939.565	0.855363	72859.6	0	0
Mg25	23268	0.175863	72859.6	0	0
Al28	26058.3	0.182761	76596.8	0	0
O16	14895.1	0.214603	84725.9	7700.5	7700.21
O16	14895.1	0.242415	98793.6	16680	16678.9
Mg24	22335.8	0.323773	79399.9	1516.43	1516
Si28	26053.2	0.245928	81484.6	5128.01	5127.15
Al28	26058.3	0.174818	73296.6	0	0
Si28	26053.2	0.816574	95762.1	14871.9	14870.6
O16	14895.1	0.189721	72949.5	214.456	214.225
neutron	939.565	6.16395	72631.1	0	0
Mg26	24196.5	0.404709	72631.1	0	0
neutron	939.565	4.1666	72972.6	0	0
neutron	939.565	3.83734	72972.6	0	0
neutron	939.565	2.22215	72972.6	0	0
N13	12111.2	0.436558	72972.6	0	0
neutron	939.565	5.25935	74121.4	0	0
Mg26	24196.5	0.672376	74121.4	0	0
Si28	26053.2	0.191005	92002.6	12175.8	12175.3
Si28	26053.2	0.253893	94660.6	13687.8	13687.4
O16	14895.1	0.207693	91647.5	11839.2	11838.9
neutron	939.565	9.68479	72930.2	0	0
neutron	939.565	2.8198	72930.2	0	0
neutron	939.565	1.32281	72930.2	0	0
C12	11174.9	2.01958	72930.2	0	0
Si29	26984.3	0.135832	99863.4	17394.7	17394.5
Si30	27913.2	1.40594	84654.9	7417.77	7415.63
O16	14895.1	0.211477	76493.7	2302.45	2301.92
Mg24	22335.8	0.13138	88065.3	8640.29	8639.47
Si28	26053.2	0.184675	87760.5	8432.39	8432.19
Al28	26058.3	0.179706	76179.8	0	0
Na24	22341.8	0.203125	71752.7	0	0
O16	14895.1	0.356665	79653.1	3517.39	3516.02
Si28	26053.2	0.195387	94551.2	13981.2	13980.9
Mg24	22335.8	0.155579	92547.7	12832.4	12832.1
alpha	3727.38	5.29907	73781	0	0
O18	16762	0.752284	73781	0	0
O16	14895.1	0.539461	94567.3	13759.9	13759
O16	14895.1	0.262769	77367.3	2006.99	2006.17
O16	14895.1	0.298245	76491.6	1496.24	1494.58
neutron	939.565	6.37923	73990.1	0	0
neutron	939.565	1.9682	73990.1	0	0
neutron	939.565	1.07534	73990.1	0	0
alpha	3727.38	13.7313	73990.1	0	0
Ne20	18617.7	0.695873	73990.1	0	0
O16	14895.1	0.548922	80480.9	5263.7	5262.74
O16	14895.1	0.834524	98973.2	16885.9	16884.7
O16	14895.1	0.239529	81592.4	5108.75	5107.8
N16	14906	0.288491	73574.2	0	0
Si28	26053.2	0.539998	85137.2	8582.2	8581.56
O16	14895.1	0.195787	78214.9	797.669	797.253
Al28	26058.3	0.162148	76937.4	0	0
Si28	26053.2	0.44487	91979.9	12259.8	12259.3
Mg24	22335.8	0.891421	98752.8	16799.3	16798
Al28	26058.3	0.170427	73627	0	0
neutron	939.565	3.06078	77060.3	0	0
Al27	25126.5	0.0320831	77060.3	0	0
Mg24	22335.8	0.305849	93463.7	13357.6	13357.2
neutron	939.565	18.3351	72293.9	0	0
neutron	939.565	2.59157	72293.9	0	0
neutron	939.565	0.807883	72293.9	0	0
alpha	3727.38	4.11037	72293.9	0	0
alpha	3727.38	8.33102	72293.9	0	0
C12	11174.9	2.54606	72293.9	0	0
Si28	26053.2	0.60044	79775.1	1896.11	1895.23
O16	14895.1	0.259494	77293.5	1762.59	1761.13
neutron	939.565	5.7817	74403.6	0	0
neutron	939.565	3.22054	74403.6	0	0
C12	11174.9	2.90339	74403.6	0	0
neutron	939.565	0.188449	74640.1	0	0
Ne22	20479.7	0.360951	74640.1	0	0
Mg26	24196.5	0.144133	86647.6	6306.07	6305.67
Na24	22341.8	0.209825	76550.7	0	0
Al29	26988.5	0.181608	73315.9	0	0
O16	14895.1	0.253385	78760.5	2475.1	2474.46
neutron	939.565	7.32811	74583.9	0	0
neutron	939.565	1.42333	74583.9	0	0
neutron	939.565	1.17411	74583.9	0	0
C12	11174.9	0.796547	74583.9	0	0
O16	14895.1	0.387438	99977.4	17437.8	17437.3
Mg24	22335.8	0.153006	95327.5	14278.9	14278.6
O16	14895.1	0.659371	80517.8	4749.47	4748.79
O16	14895.1	0.405979	79108.8	3898.02	3897.44
neutron	939.565	12.5649	72503	0	0
N15	13968.9	0.392091	72503	0	0
O16	14895.1	0.251893	95381.8	12978.6	12978.1
neutron	939.565	35.3143	78055.7	0	0
neutron	939.565	4.30164	78055.7	0	0
neutron	939.565	1.02009	78055.7	0	0
C12	11174.9	1.83959	78055.7	0	0
O16	14895.1	0.191221	76291	418.698	418.492
Al28	26058.3	0.185159	75608.5	0	0
O16	14895.1	0.27875	80566.9	5059.42	5059.02
Si28	26053.2	0.185542	79900.7	4664.96	4663.27
neutron	939.565	9.30822	82769.2	0	0
alpha	3727.38	7.31765	82769.2	0	0
alpha	3727.38	2.80313	82769.2	0	0
C12	11174.9	2.72743	82769.2	0	0
Mg25	23268	0.130145	99593.3	17231	17229.8
O16	14895.1	0.295873	86824.9	8887.72	8886.95
Mg26	24196.5	0.157443	84079.4	7144.41	7143.4
Si28	26053.2	0.127995	80019.7	4482.08	4481.9
Na24	22341.8	0.209601	73412.1	0	0
Na24	22341.8	0.201464	73599.2	0	0
Si28	26053.2	0.48303	95754.9	14175.2	14174.5
O16	14895.1	0.505279	99192.1	16896.4	16895.7
neutron	939.565	36.812	75343	0	0
neutron	939.565	18.9311	75343	0	0
neutron	939.565	1.04992	75343	0	0
Al25	23271.8	2.52734	75343	0	0
O16	14895.1	0.482031	94709.4	14077.1	14076.4
Si28	26053.2	0.113417	92456.1	12706.9	12706.2
Na26	24206.4	0.184848	73533.7	0	0
O16	14895.1	0.307079	91529.2	10508.2	10507.8
Si30	27913.2	0.120682	83124.9	4717.86	4717.21
Si28	26053.2	0.145812	81166.3	3091.96	3091.7
neutron	939.565	2.25287	75941.3	0	0
alpha	3727.38	15.3965	75941.3	0	0
F19	17692.3	4.06302	75941.3	0	0
O16	14895.1	0.417031	92355.2	12572.5	12571.8
Mg24	22335.8	0.138488	78428.3	3631.69	3631.41
neutron	939.565	10.1844	72389.7	0	0
neutron	939.565	5.32132	72389.7	0	0
alpha	3727.38	3.78013	72389.7	0	0
Be8	7454.85	0.74408	72389.7	0	0
Si28	26053.2	0.129172	86075.2	8168.85	8168.54
Al28	26058.3	0.190436	77765.6	0	0
neutron	939.565	5.14842	73281.8	0	0
neutron	939.565	3.37969	73281.8	0	0
neutron	939.565	0.427384	73281.8	0	0
C12	11174.9	1.0659	73281.8	0	0
neutron	939.565	0.64975	83899.6	0	0
Al27	25126.5	0.27388	83899.6	0	0
Mg24	22335.8	0.386497	95537.4	13794.2	13793.7
O16	14895.1	0.625309	93511.5	11999.2	11997.8
neutron	939.565	8.11406	74117.1	0	0
neutron	939.565	6.8549	74117.1	0	0
alpha	3727.38	6.13503	74117.1	0	0
Ne20	18617.7	2.21656	74117.1	0	0
N16	14906	0.276924	72596.3	0	0
Al28	26058.3	0.174979	78838	0	0
Mg24	22335.8	0.200327	73566.2	653.658	653.143
Si28	26053.2	0.135815	89396	7802.82	7801.41
Na24	22341.8	0.217754	77447.7	0	0
Mg24	22335.8	0.476321	77812.5	2084.06	2082.94
O16	14895.1	0.227079	99054.8	16927.8	16927.4
Mg24	22335.8	0.392106	84538.8	6814.62	6814.21
Si28	26053.2	0.236142	99656.7	17293.1	17292.4
Mg24	22335.8	0.132414	84180.2	6950.67	6950.12
Si28	26053.2	0.380752	94518.6	12307.4	12306.6
neutron	939.565	127.466	82590.5	4465.8	3884.77
N15	13968.9	3.31605	82590.5	4465.8	3884.77
Mg24	22335.8	0.219436	77642.5	872.537	872.175
neutron	939.565	7.87666	74111.3	0	0
neutron	939.565	2.41685	74111.3	0	0
Mg24	22335.8	0.217695	74111.3	0	0
Mg24	22335.8	0.147047	88480.1	10066.7	10066.3
Al28	26058.3	0.186884	73490.9	0	0
O16	14895.1	0.499111	93218.9	12218.8	12217.3
neutron	939.565	16.9136	74432.5	0	0
neutron	939.565	9.35439	74432.5	0	0
neutron	939.565	0.183747	74432.5	0	0
Mg24	22335.8	1.87931	74432.5	0	0
neutron	939.565	439.187	89076	9042.15	8384
neutron	939.565	178.105	89076	9042.15	8384
N13	12111.2	0.479259	89076	9042.15	8384
Al28	26058.3	0.185833	76389.5	0	0
neutron	939.565	11.1476	94657.7	14298.6	13909.2
neutron	939.565	6.3908	94657.7	14298.6	13909.2
C12	11174.9	9.56756	94657.7	14298.6	13909.2
Mg24	22335.8	0.437092	93931	13381.3	13380.7
O16	14895.1	0.253668	79101.4	3340.68	3340.12
O16	14895.1	0.248596	91099.8	11412	11411.5
Mg24	22335.8	0.134274	97604.7	16065.1	16064.8
O16	14895.1	0.28448	80749	5546.31	5545.53
neutron	939.565	2.85353	73816.4	0	0
Al27	25126.5	0.127214	73816.4	0	0
O16	14895.1	0.544077	98897.7	16766.5	16765.5
O16	14895.1	0.337271	95516.3	14612.5	14611.8
O16	14895.1	0.817636	94735.2	14084.2	14083.2
Fe56	52089.8	0.0840759	76102.6	1177.93	1177.73
neutron	939.565	10.154	74083.8	0	0
alpha	3727.38	4.783	74083.8	0	0
F19	17692.3	2.75986	74083.8	0	0
Si28	26053.2	0.292264	75944.3	1047.64	1046.73
Na24	22341.8	0.211421	74109.8	0	0
Si28	26053.2	0.459607	94497.1	13943	13942.5
Mg24	22335.8	0.357601	79033.2	3125.57	3124.95
Mg26	24196.5	0.273411	78723.1	2939.14	2938.73
Si28	26053.2	0.172273	79102.7	2332.77	2331.61
Na24	22341.8	0.216116	75152.9	0	0
Si29	26984.3	0.213831	90219.8	9567.47	9566.92
O16	14895.1	0.229641	91533.6	10125.9	10125.5
Al28	26058.3	0.164535	75689.1	0	0
neutron	939.565	0.9754	98702.9	16650.5	16321.1
Ne21	19550.5	0.541112	98702.9	16650.5	16321.1
O16	14895.1	1.74011	74082.7	393.232	391.381
neutron	939.565	2.1748	73535	0	0
neutron	939.565	1.75612	73535	0	0
C13	12109.5	1.20453	73535	0	0
O16	14895.1	0.829921	93605.2	10496.9	10496
Si29	26984.3	0.372726	78927	3090.43	3089.35
neutron	939.565	6.61877	73950.3	0	0
neutron	939.565	1.4149	73950.3	0	0
neutron	939.565	1.14961	73950.3	0	0
Mg24	22335.8	0.0787746	73950.3	0	0
O16	14895.1	0.194049	79628.6	4089.96	4089.69
neutron	939.565	80.2167	98883.5	16717.9	16085.8
neutron	939.565	56.7875	98883.5	16717.9	16085.8
neutron	939.565	22.1227	98883.5	16717.9	16085.8
neutron	939.565	6.95476	98883.5	16717.9	16085.8
alpha	3727.38	5.21108	98883.5	16717.9	16085.8
alpha	3727.38	14.788	98883.5	16717.9	16085.8
Si28	26053.2	0.256149	78919.6	3786.56	3786.17
Si28	26053.2	0.11991	93591.9	13226	13225.8
neutron	939.565	12.3809	76682	0	0
neutron	939.565	1.9676	76682	0	0
Al26	24200	0.463335	76682	0	0
O16	14895.1	0.272033	85153.2	7322.52	7322.24
Si28	26053.2	0.638411	82672.5	5150.15	5149.39
O16	14895.1	0.26493	97538.2	15845.2	15844.5
O16	14895.1	0.378957	81367	5251.16	5250.62
neutron	939.565	533.647	96299.4	14498.3	12780.2
C14	13040.9	0.504264	96299.4	14498.3	12780.2
Si29	26984.3	0.219289	90921.5	8523.45	8522.35
Al28	26058.3	0.183966	77224.6	0	0
O16	14895.1	0.751876	81875.2	2703.72	2702.81
neutron	939.565	2.12315	72721.6	0	0
neutron	939.565	1.05309	72721.6	0	0
neutron	939.565	0.327891	72721.6	0	0
Ne20	18617.7	1.22623	72721.6	0	0
Si28	26053.2	0.126716	91033.8	11698.9	11698.6
Al28	26058.3	0.165078	72669.5	0	0
O16	14895.1	0.231998	96165.4	14649.6	14648.8
O16	14895.1	0.197614	75886.3	1846.83	1846.46
O16	14895.1	0.19178	84723.2	6314.47	6313.77
Mg24	22335.8	0.3111	75519.4	664.683	664.285
neutron	939.565	21.5036	74361.4	0	0
neutron	939.565	4.5894	74361.4	0	0
neutron	939.565	1.38577	74361.4	0	0
C12	11174.9	0.70875	74361.4	0	0
Al28	26058.3	0.192698	75056.9	0	0
O16	14895.1	0.566711	87269	3142.13	3140.28
O16	14895.1	0.662735	90886.7	11089	11088.1
Fe56	52089.8	0.0584431	84240.9	6053.36	6053.07
Mg24	22335.8	0.451605	78993.1	2954.13	2953.11
Mg24	22335.8	0.266459	76506.3	753.305	752.366
Al28	26058.3	0.164112	75228.2	0	0
O16	14895.1	0.231741	88583	9954.29	9953.84
Mg24	22335.8	0.132085	91898.5	6855.5	6855.21
N16	14906	0.282268	74881.9	0	0
Mg26	24196.5	0.182022	78067.7	1427.93	1427.6
O16	14895.1	0.340212	95504.3	14577.8	14577
Al28	26058.3	0.188512	72335	0	0
O16	14895.1	0.293215	75317.1	1074.98	1074.05
O16	14895.1	0.247915	98424.8	16379.3	16379
O16	14895.1	0.256711	90100.9	11247.7	11247.1
Mg24	22335.8	0.425396	84355.6	7040.36	7039.89
Si28	26053.2	0.119042	76236.4	1546.63	1546.32
O16	14895.1	0.632141	74984.2	779.949	779.17
neutron	939.565	17.4372	73250.5	0	0
neutron	939.565	2.48488	73250.5	0	0
neutron	939.565	0.953065	73250.5	0	0
C12	11174.9	1.46993	73250.5	0	0
O16	14895.1	0.212301	82706	4494.35	4493.6
Al28	26058.3	0.189761	78307.4	0	0
Na24	22341.8	0.205783	73135.5	0	0
Si28	26053.2	0.181936	94525.4	13740.6	13740
Si28	26053.2	0.114437	75870	2201.72	2201.47
neutron	939.565	3.16168	72170.7	0	0
N15	13968.9	0.0182736	72170.7	0	0
O16	14895.1	0.19321	96015.6	14989.3	14988.9
O16	14895.1	0.207705	78815.4	2848.07	2847.28
Si28	26053.2	0.590544	78325.1	3323.44	3321.64
Mg24	22335.8	0.315564	91453.5	11995.1	11994.7
neutron	939.565	1.37416	71938.8	0	0
Al27	25126.5	0.272195	71938.8	0	0
O16	14895.1	0.229307	98368.6	16439.4	16439
O16	14895.1	0.436101	97986.5	16201.6	16200.5
O16	14895.1	0.45644	84010.3	5099.43	5098.8
Mg24	22335.8	0.196559	83023.8	4524.28	4523.76
neutron	939.565	2.36909	76088.2	0	0
C14	13040.9	1.36983	76088.2	0	0
Al28	26058.3	0.186536	75141.2	0	0
neutron	939.565	5.31589	76062.8	0	0
alpha	3727.38	6.66585	76062.8	0	0
B11	10252.5	1.4987	76062.8	0	0
O16	14895.1	0.196706	79603.8	4180.45	4180.14
neutron	939.565	20.535	73860.9	0	0
Mg26	24196.5	2.12852	73860.9	0	0
Mg26	24196.5	0.413271	98361.1	16464.2	16463.5
O16	14895.1	0.195715	87322.2	9758.25	9758.05
Mg24	22335.8	0.134654	86441.9	9191.99	9191.66
Na24	22341.8	0.213085	71519.4	0	0
neutron	939.565	0.823487	74508.2	0	0
neutron	939.565	0.534229	74508.2	0	0
Na23	21409.2	0.145524	74508.2	0	0
O16	14895.1	0.428058	96811.3	15407	15406.5
Si28	26053.2	0.228855	95036.1	14521.5	14520.9
Si28	26053.2	0.238725	77022	2311.41	2311.04
Mg24	22335.8	0.377827	77093.1	260.914	260.421
Na24	22341.8	0.207117	73197.8	0	0
Al28	26058.3	0.179886	75138.1	0	0
O16	14895.1	0.809153	85700.6	8125.41	8124.52
O16	14895.1	0.255308	78723.7	3778.49	3778.23
neutron	939.565	0.104043	72565.5	0	0
N15	13968.9	0.277748	72565.5	0	0
Si29	26984.3	0.115127	92551	12469.2	12468.3
Si28	26053.2	0.156909	92491	11810.8	11810.6
neutron	939.565	10.86	71610.8	0	0
N15	13968.9	1.38185	71610.8	0	0
neutron	939.565	1.35788	76330.3	0	0
Na23	21409.2	0.237471	76330.3	0	0
Mg24	22335.8	0.153207	99553.8	17221.5	17219.9
O16	14895.1	0.199666	92225.1	11430.1	11429.7
O16	14895.1	0.341976	99269.3	17022.2	17021.8
Fe56	52089.8	0.0546251	97389.3	12826.9	12826.7
Na24	22341.8	0.19641	77638.7	0	0
Al28	26058.3	0.191436	80497.3	0	0
O16	14895.1	0.307824	89177.6	10432.7	10430.4
Na24	22341.8	0.202412	74063.9	0	0
Mg24	22335.8	0.174934	92261.5	12314	12313
neutron	939.565	17.5224	80954.7	0	0
C14	13040.9	0.150017	80954.7	0	0
Mg26	24196.5	0.145147	85329.3	7737.1	7736.64
O16	14895.1	0.307998	84742.1	7330.78	7329.57
Si28	26053.2	0.127718	76691.8	1375.3	1374.86
O16	14895.1	0.38386	97508.9	15196.3	15195.9
O16	14895.1	0.361592	80102.4	4493.66	4493.08
neutron	939.565	0.686523	72756.7	0	0
N15	13968.9	0.170427	72756.7	0	0
neutron	939.565	23.578	74678.1	0	0
neutron	939.565	3.37909	74678.1	0	0
neutron	939.565	0.492214	74678.1	0	0
Mg24	22335.8	0.928993	74678.1	0	0
Si28	26053.2	0.164809	93871.4	13627.5	13627.1
O16	14895.1	0.57464	85033.7	6414.78	6414.01
O16	14895.1	0.333589	78566.8	2063.41	2062.6
neutron	939.565	0.479539	75281	0	0
Na23	21409.2	0.109515	75281	0	0
neutron	939.565	0.887259	76684.6	0	0
neutron	939.565	0.27437	76684.6	0	0
Cr53	49301.7	0.161182	76684.6	0	0
O16	14895.1	0.381333	72109.5	266.577	266.155
O16	14895.1	0.305008	84738.8	4842.67	4841.61
O16	14895.1	0.816516	90641.4	5667.09	5665.47
O16	14895.1	0.331933	87915.1	3858.47	3858
Mg24	22335.8	0.365835	87145.8	7766.89	7766.43
neutron	939.565	16.1817	74665.4	0	0
neutron	939.565	14.7131	74665.4	0	0
neutron	939.565	0.426492	74665.4	0	0
Ne20	18617.7	3.40042	74665.4	0	0
Fe56	52089.8	0.0594775	78908.5	2835.9	2835.8
O16	14895.1	0.327054	82314.4	5373.01	5372.49
Al28	26058.3	0.145047	74170.3	0	0
Mg24	22335.8	0.381634	95365.6	14536.6	14535.8
O16	14895.1	0.208521	91979.7	12426.7	12426.4
Na24	22341.8	0.215728	72680.7	0	0
neutron	939.565	1.30774	73267	0	0
neutron	939.565	0.2163	73267	0	0
N14	13040.2	0.709495	73267	0	0
neutron	939.565	15.8162	75836.4	0	0
neutron	939.565	0.690444	75836.4	0	0
Na23	21409.2	0.800532	75836.4	0	0
C14	13040.9	0.98045	98947.9	16806.8	16501.8
Mg25	23268	0.158498	93989.4	13384.7	13384.4
neutron	939.565	3.28707	78578.2	0	0
Ne22	20479.7	0.931741	78578.2	0	0
O16	14895.1	0.264483	81143.3	3584.79	3583.82
neutron	939.565	8.14493	75304.8	0	0
Ne22	20479.7	0.22265	75304.8	0	0
Mg24	22335.8	0.329836	94720.1	13213.5	13212.5
Si28	26053.2	0.113993	86588.8	7669.79	7668.75
Mg24	22335.8	0.167697	84847.6	6371.67	6369.7
Al28	26058.3	0.179345	74651	0	0
O16	14895.1	0.278164	93364	12755.4	12754.8
O16	14895.1	0.28131	74435.2	1001.08	1000.6
O16	14895.1	0.220228	84002.4	6456.46	6456.13
Mg25	23268	0.214594	98660.6	16569.3	16569
Si28	26053.2	0.206549	91080	11334.9	11334.7
neutron	939.565	3.43715	74770.4	0	0
Al27	25126.5	0.0367016	74770.4	0	0
O16	14895.1	0.727125	84787.3	3873.69	3872.87
O16	14895.1	0.925582	83335.1	3034.39	3032.18
Na24	22341.8	0.188922	78313.4	0	0
Al28	26058.3	0.185823	73025.7	0	0
neutron	939.565	4.25331	72418.9	0	0
neutron	939.565	0.713502	72418.9	0	0
Cr52	48370	1.10314	72418.9	0	0
O16	14895.1	0.225158	92803.2	12885.8	12885.3
O16	14895.1	0.304861	78897.2	3190.27	3189.8
O16	14895.1	0.220037	90574.3	11622.9	11622.4
Si28	26053.2	0.122391	96859.3	15294	15293.9
Na24	22341.8	0.194519	73290.4	0	0
O16	14895.1	0.220776	88073	8977.74	8976.71
neutron	939.565	7.47275	74713.1	0	0
Ne22	20479.7	0.791691	74713.1	0	0
O16	14895.1	0.539968	76532.7	666.824	666.08
O16	14895.1	0.388867	85071.6	7841.1	7840.31
O16	14895.1	0.254646	76910.6	2883.63	2883.17
Mn56	52094	0.0863609	72417	0	0
O16	14895.1	0.385063	87435.3	9114.56	9113.87
Mg24	22335.8	0.820549	86878.3	8799.82	8798.87
O16	14895.1	2.15677	80663.2	4635.93	4633.45
O16	14895.1	3.5678	74124.1	526.505	522.624
O16	14895.1	0.191138	85597.8	6974.95	6974.71
O16	14895.1	0.371552	98604.7	16034.1	16033.7
Si28	26053.2	0.182855	85538.5	7255.94	7255.49
Na24	22341.8	0.207914	73200	0	0
neutron	939.565	0.459312	72722.7	0	0
Mn55	51161.7	0.118924	72722.7	0	0
O16	14895.1	0.466487	77815	2129.95	2129.27
neutron	939.565	0.380432	74461.5	0	0
N15	13968.9	0.227749	74461.5	0	0
Si28	26053.2	1.18234	74201.1	348.225	345.994
neutron	939.565	2.68253	73715.6	0	0
neutron	939.565	2.23795	73715.6	0	0
Ne21	19550.5	0.166467	73715.6	0	0
Si28	26053.2	0.129949	85267.9	7601.28	7600.99
O16	14895.1	0.359593	80295	3105.01	3104.21
Al28	26058.3	0.162861	75668.8	0	0
Si28	26053.2	0.173605	86472.7	7992.83	7992.37
Si28	26053.2	0.131402	85673.6	7499.68	7499.5
Al28	26058.3	0.182769	73610.4	0	0
Si28	26053.2	0.181084	85323.1	8160.46	8160.04
O16	14895.1	1.53259	97014.4	15640.9	15638.7
Si28	26053.2	0.144723	81295.1	4838.13	4837.76
O16	14895.1	0.370502	93839.5	13674.2	13673.5
Si28	26053.2	0.132981	89028.9	10779.6	10778.6
O16	14895.1	0.224727	76182.3	248.963	248.708
O16	14895.1	0.521249	97812.8	16209.2	16208.3
neutron	939.565	13.4447	71928.4	0	0
neutron	939.565	0.569619	71928.4	0	0
Ne21	19550.5	0.75299	71928.4	0	0
neutron	939.565	0.356418	73179.2	0	0
Na23	21409.2	0.124027	73179.2	0	0
neutron	939.565	5.55038	75134.7	0	0
alpha	3727.38	9.2777	75134.7	0	0
Be8	7454.85	3.33517	75134.7	0	0
Si28	26053.2	0.18401	87087.4	8402.02	8401.63
O16	14895.1	0.218789	74997.4	116.774	116.085
neutron	939.565	0.54171	73293.4	0	0
N15	13968.9	0.231377	73293.4	0	0
neutron	939.565	0.277639	75434.7	0	0
N15	13968.9	0.166201	75434.7	0	0
O16	14895.1	0.245582	82298.9	5980.84	5980.32
neutron	939.565	4.38068	73554.7	0	0
neutron	939.565	3.76473	73554.7	0	0
neutron	939.565	1.80271	73554.7	0	0
neutron	939.565	0.827744	73554.7	0	0
Cr51	47442.5	0.938353	73554.7	0	0
Mg25	23268	0.345142	99548.8	17232.3	17231.9
Fe56	52089.8	0.108962	92533.3	11813.3	11811.5
Si28	26053.2	0.12663	77909.5	1578.2	1577.6
neutron	939.565	4.8279	75077.8	0	0
neutron	939.565	0.83142	75077.8	0	0
Na22	20482.1	0.218259	75077.8	0	0
Mg24	22335.8	0.137928	91778.2	11142.9	11142.6
Si28	26053.2	0.303271	91950.9	12339.2	12338.7
Mg24	22335.8	0.689772	76568.1	2456.64	2455.94
Si28	26053.2	0.181356	97857	15475.5	15475.2
O16	14895.1	0.559186	83855.4	5706.73	5705.95
Al28	26058.3	0.186296	74304.3	0	0
Al28	26058.3	0.170118	76265.3	0	0
O16	14895.1	0.286563	93520.9	13147.6	13147.1
O16	14895.1	0.190439	98374.8	16503.1	16502.8
O16	14895.1	0.338658	81595.8	3614.65	3613.38
Na24	22341.8	0.210587	75550.1	0	0
O16	14895.1	0.227518	74432.8	54.2361	53.8094
neutron	939.565	30.8823	74407.2	0	0
neutron	939.565	4.02913	74407.2	0	0
neutron	939.565	0.527063	74407.2	0	0
Mg24	22335.8	1.18256	74407.2	0	0
Mg26	24196.5	0.198398	90702	11445.3	11444.9
neutron	939.565	8.86076	72739.1	0	0
neutron	939.565	7.01775	72739.1	0	0
neutron	939.565	6.73682	72739.1	0	0
Mg24	22335.8	2.56497	72739.1	0	0
O16	14895.1	0.603784	97448.8	15829	15828.3
O16	14895.1	0.197186	75270.8	876.668	876.242
Si28	26053.2	0.142086	98270.6	14644.9	14644.6
Si28	26053.2	0.262893	86247.2	6165.89	6164.67
neutron	939.565	9.27329	77021.2	0	0
neutron	939.565	3.10935	77021.2	0	0
neutron	939.565	2.10081	77021.2	0	0
Mg24	22335.8	1.55525	77021.2	0	0
O16	14895.1	0.267156	95324.4	14259.8	14259.4
Fe56	52089.8	0.123125	92307.9	12335.1	12335
neutron	939.565	18.8139	88405.8	9951.32	9626.71
alpha	3727.38	17.4328	88405.8	9951.32	9626.71
alpha	3727.38	4.76062	88405.8	9951.32	9626.71
Li7	6533.83	12.1026	88405.8	9951.32	9626.71
O16	14895.1	0.380417	96683.4	15462.4	15461.7
O16	14895.1	0.210861	89354	10423.4	10422.6
O16	14895.1	0.442514	79821.2	3258	3257.49
neutron	939.565	2.09964	72676.5	0	0
neutron	939.565	1.08435	72676.5	0	0
Mn54	50232.4	0.0707267	72676.5	0	0
Si28	26053.2	0.170162	86475	6081.31	6080.77
Mg26	24196.5	0.132793	74394.6	584.34	582.875
Na24	22341.8	0.215241	72208.5	0	0
neutron	939.565	0.239266	78503	0	0
N15	13968.9	0.216799	78503	0	0
Mg26	24196.5	0.191771	93206.6	12472.5	12472.1
Mg24	22335.8	0.177082	92458.5	12479.6	12479.2
Al28	26058.3	0.171407	73688.8	0	0
O16	14895.1	0.328792	99637.2	17276.3	17275.7
Mg24	22335.8	0.146104	98491.9	16584.6	16584.1
O16	14895.1	0.646519	90662.3	10649.9	10648.8
Si28	26053.2	0.134693	84959	6764.93	6764.43
neutron	939.565	2.00121	75619.5	0	0
N15	13968.9	0.279058	75619.5	0	0
neutron	939.565	22.3187	74984.4	0	0
neutron	939.565	13.9514	74984.4	0	0
neutron	939.565	2.14522	74984.4	0	0
Ne20	18617.7	0.553634	74984.4	0	0
O16	14895.1	0.213134	74253.1	791.847	791.579
Si28	26053.2	0.342221	90536.9	11166.9	11165.5
Al28	26058.3	0.182328	73523.2	0	0
Mg25	23268	1.00732	84183.5	7463.87	7462.67
Na26	24206.4	0.180357	74497.7	0	0
Mg25	23268	0.451449	98486.2	16552	16551.5
Al28	26058.3	0.16333	77378.1	0	0
Si28	26053.2	0.224377	95468.8	14415.4	14414.4
Al28	26058.3	0.155081	72579.9	0	0
Si28	26053.2	0.995431	88610.7	9275.63	9274.36
neutron	939.565	15.9604	73836.8	0	0
neutron	939.565	10.8798	73836.8	0	0
neutron	939.565	8.24705	73836.8	0	0
Ne20	18617.7	1.38786	73836.8	0	0
O16	14895.1	0.388812	92056.8	11957.8	11956.4
O16	14895.1	0.554977	90522.6	10984	10983.4
neutron	939.565	4.21764	73270.4	0	0
Mg26	24196.5	0.39814	73270.4	0	0
Si28	26053.2	0.874606	85924.3	7611.57	7610.65
O16	14895.1	0.458333	82610.7	5545.42	5544.73
Si28	26053.2	0.297119	75448.1	1647	1646.35
neutron	939.565	8.10262	72692.4	0	0
neutron	939.565	5.61294	72692.4	0	0
neutron	939.565	3.38346	72692.4	0	0
Mg24	22335.8	1.24482	72692.4	0	0
O16	14895.1	0.42183	91644.4	11053.3	11052.4
Si28	26053.2	0.149495	79312	2891.54	2891.14
neutron	939.565	1.71984	73053.2	0	0
Na23	21409.2	0.327168	73053.2	0	0
O16	14895.1	0.271682	95827.4	13372.2	13371.5
Fe56	52089.8	0.0692447	85391.4	6425.21	6424
Mg24	22335.8	0.130417	86084.2	7707.86	7707.66
O16	14895.1	0.561536	85144.3	7098.1	7097.5
neutron	939.565	25.6502	73769.4	0	0
neutron	939.565	1.28515	73769.4	0	0
neutron	939.565	0.543041	73769.4	0	0
Ne20	18617.7	1.08394	73769.4	0	0
Si29	26984.3	0.160073	98786.2	16629.7	16629.4
O16	14895.1	0.237777	92316.1	12529.8	12529.5
O16	14895.1	0.509561	83380.2	6803.77	6802.98
neutron	939.565	9.42764	72561.4	0	0
neutron	939.565	0.618447	72561.4	0	0
Mg25	23268	0.228484	72561.4	0	0
neutron	939.565	136.212	96534.8	15200.7	14990
neutron	939.565	4.42722	96534.8	15200.7	14990
Mg24	22335.8	1.03195	96534.8	15200.7	14990
neutron	939.565	14.4631	74009.7	0	0
neutron	939.565	1.19069	74009.7	0	0
Mg26	24196.5	0.189402	74009.7	0	0
Fe56	52089.8	0.211329	87061.3	8312.93	8312.35
O16	14895.1	0.735362	85111.4	7988.14	7987.21
O16	14895.1	0.297183	88223.9	9700.37	9699.62
O16	14895.1	0.698108	86709	8850.73	8849.75
O16	14895.1	0.215523	72663.4	187.509	187.15
Mn56	52094	0.0763108	72416.3	0	0
Si28	26053.2	0.849367	98700.1	16717.9	16716.8
O16	14895.1	0.351544	78681.4	2897.99	2897.59
O16	14895.1	0.344749	98588.7	16515	16513.2
Si28	26053.2	0.163523	98099.5	16174.1	16171.6
Si28	26053.2	0.504274	93337.5	12935.7	12935.2
neutron	939.565	3.99425	73591.7	0	0
neutron	939.565	1.60404	73591.7	0	0
alpha	3727.38	6.71275	73591.7	0	0
Ne21	19550.5	2.45235	73591.7	0	0
O16	14895.1	0.450464	87334.3	8971.44	8970.85
Si28	26053.2	0.515682	74338.9	314.582	313.907
O16	14895.1	0.385004	96008.1	15076.7	15076.2
Mg24	22335.8	0.207762	85845.1	7369.1	7368.8
Al28	26058.3	0.191375	74957.1	0	0
neutron	939.565	7.26304	74586.5	0	0
neutron	939.565	3.88399	74586.5	0	0
neutron	939.565	1.10347	74586.5	0	0
Mg24	22335.8	0.287998	74586.5	0	0
O16	14895.1	0.20016	96715.7	15299	15298.5
neutron	939.565	1.82341	74207.1	0	0
neutron	939.565	1.5319	74207.1	0	0
neutron	939.565	0.381314	74207.1	0	0
Ne20	18617.7	0.405688	74207.1	0	0
O16	14895.1	0.601681	99809.3	17365	17364.4
neutron	939.565	5.1252	76422	0	0
Mg26	24196.5	1.17656	76422	0	0
O16	14895.1	0.211496	97622.2	15331.3	15330.9
O16	14895.1	0.753862	86738.6	7931.33	7930.08
Si28	26053.2	0.522788	83812.9	6088.39	6087.23
Al28	26058.3	0.182917	74482.7	0	0
O16	14895.1	0.401549	77998.9	616.046	615.185
Na24	22341.8	0.209377	76995.6	0	0
Si28	26053.2	0.869397	92077.8	10952.6	10950.1
O16	14895.1	0.457875	94046.8	13288.4	13287.4
N16	14906	0.281338	73537.7	0	0
neutron	939.565	1.43818	75060.1	0	0
Al27	25126.5	0.111166	75060.1	0	0
Si28	26053.2	0.214747	97359.1	15378.7	15378.2
Fe56	52089.8	0.162078	83283.6	6294.43	6293.91
Mg24	22335.8	0.231251	99711.7	17166.6	17166.3
Mg26	24196.5	0.310422	76626.9	1046.37	1046.04
neutron	939.565	1.73212	75807.2	0	0
Al27	25126.5	0.270847	75807.2	0	0
neutron	939.565	3.63149	74895.8	0	0
neutron	939.565	0.575448	74895.8	0	0
Na24	22341.8	0.466297	74895.8	0	0
Ne24	22344.8	0.111976	76660.2	0	0
Mg24	22335.8	0.466249	92418	12551.9	12551.1
Na24	22341.8	0.209881	72680.7	0	0
O16	14895.1	0.354384	99756.2	17323.7	17322.3
O16	14895.1	0.206779	96999	15558.3	15557.7
neutron	939.565	3.45055	75711.6	0	0
Mg26	24196.5	0.158762	75711.6	0	0
neutron	939.565	34.2248	73173	0	0
neutron	939.565	4.84436	73173	0	0
C12	11174.9	4.23854	73173	0	0
Si30	27913.2	0.412712	97401.1	15611.1	15610.6
O16	14895.1	0.206213	94792.9	13679.4	13678.9
Na24	22341.8	0.196609	74940.6	0	0
Mg24	22335.8	0.140811	97743.6	15969.2	15969.1
O16	14895.1	0.33687	78027.3	2038.07	2037.29
neutron	939.565	0.639804	74610.3	0	0
Al29	26988.5	0.0983456	74610.3	0	0
Mg25	23268	0.660472	76470.4	2195.02	2194.06
Mg24	22335.8	0.391581	73858.7	665.83	665.246
O16	14895.1	0.251187	88522	9234.39	9233.45
O16	14895.1	0.571745	80642.7	4410.97	4409.59
Si28	26053.2	0.397849	81554.5	5443.46	5442.63
Al28	26058.3	0.178545	72458.1	0	0
O16	14895.1	0.34767	83576.7	6087.57	6087.05
Fe56	52089.8	0.0837405	76113.5	1362.27	1362.01
Al30	27922.3	0.161938	73922.7	0	0
O16	14895.1	0.191058	93904.7	13580.9	13580.2
neutron	939.565	569.382	94311.7	13712.7	11059
neutron	939.565	1.78475	94311.7	13712.7	11059
N13	12111.2	0.572613	94311.7	13712.7	11059
Na24	22341.8	0.200319	73946.4	0	0
O16	14895.1	1.35904	97950.1	16254.1	16252.6
Si28	26053.2	0.153735	79442.5	3505.95	3505.68
Si28	26053.2	0.10954	74652.5	625.197	624.436
O16	14895.1	0.228148	86271.5	7699.59	7698.97
Si30	27913.2	0.104735	84049.8	6388.53	6387.89
Na24	22341.8	0.173545	73723.1	0	0
neutron	939.565	98.917	96132.8	14311.9	13684.5
neutron	939.565	70.7459	96132.8	14311.9	13684.5
neutron	939.565	7.53007	96132.8	14311.9	13684.5
alpha	3727.38	4.00282	96132.8	14311.9	13684.5
Be8	7454.85	5.34142	96132.8	14311.9	13684.5
neutron	939.565	2.67009	74907.1	0	0
Al27	25126.5	0.457365	74907.1	0	0
Si28	26053.2	0.183272	90541.9	11177.3	11176.2
Al28	26058.3	0.182907	73845.5	0	0
Fe56	52089.8	0.0705009	78101.6	1116.31	1116
Si28	26053.2	0.195703	82883.8	4670.15	4669.88
O16	14895.1	0.381199	77531.5	1244.26	1243.51
Mg25	23268	0.132432	87280.6	8340.41	8340.25
O16	14895.1	0.446008	91308.8	11981.8	11981.1
Al28	26058.3	0.184765	73254.8	0	0
Mn56	52094	0.093651	73416.6	0	0
neutron	939.565	13.1506	72484.2	0	0
N15	13968.9	1.54543	72484.2	0	0
Fe54	50231.2	0.23493	91767.2	11899.7	11899.2
neutron	939.565	5.48381	73314	0	0
neutron	939.565	0.99564	73314	0	0
Na23	21409.2	1.10178	73314	0	0
Si28	26053.2	0.111495	91580.2	12205.1	12204
Fe54	50231.2	0.0694319	81252.2	5397.14	5397.05
O16	14895.1	0.401224	80531.9	3542.14	3541.44
Mn56	52094	0.0941416	75582.4	0	0
O16	14895.1	0.295638	96310.6	14919.9	14919.3
Mg24	22335.8	0.168374	90040.6	11035.9	11035.7
Mn54	50232.4	0.103067	73091.9	0	0
Si28	26053.2	0.433448	98598.7	16523.1	16522.1
Si28	26053.2	0.151146	92596.7	12816.4	12816.2
Si28	26053.2	0.138697	98587.2	16658.1	16657.5
O16	14895.1	0.579777	86831.4	8532.59	8531.13
Si28	26053.2	0.121754	85686.1	7314	7313.77
O16	14895.1	0.247437	83079.1	5792.14	5791.86
O16	14895.1	1.02553	82413.5	5419.16	5417.76
Si28	26053.2	0.204654	87276.7	9354.59	9353.85
O16	14895.1	0.318122	73632.8	192.873	192.508
neutron	939.565	0.236703	73373.8	0	0
Mn55	51161.7	0.123177	73373.8	0	0
neutron	939.565	22.4602	74073.2	0	0
neutron	939.565	3.72487	74073.2	0	0
neutron	939.565	1.96607	74073.2	0	0
alpha	3727.38	6.15871	74073.2	0	0
O16	14895.1	0.21372	74073.2	0	0
Mg24	22335.8	0.163897	96426.4	14849.9	14849.6
O16	14895.1	0.241962	85591	7672.77	7669.19
Na24	22341.8	0.203069	77757.6	0	0
O16	14895.1	0.434641	86327.5	7143.77	7142.23
neutron	939.565	805.512	97810.4	15957.3	13016
neutron	939.565	18.9671	97810.4	15957.3	13016
neutron	939.565	17.0848	97810.4	15957.3	13016
alpha	3727.38	6.73113	97810.4	15957.3	13016
alpha	3727.38	6.10148	97810.4	15957.3	13016
alpha	3727.38	7.21578	97810.4	15957.3	13016
neutron	939.565	11.1067	72809.1	0	0
neutron	939.565	0.257563	72809.1	0	0
Na24	22341.8	0.744519	72809.1	0	0
Mg24	22335.8	0.165339	84932.4	7834.74	7834.36
O16	14895.1	0.352124	90830.4	11518.1	11517.7
O16	14895.1	0.197379	89448.6	10740.2	10739.8
Si28	26053.2	0.263811	81613.1	5783.24	5782.77
neutron	939.565	2.84509	75733.8	0	0
neutron	939.565	1.12603	75733.8	0	0
Mg25	23268	0.199485	75733.8	0	0
O16	14895.1	0.328522	75123.4	1457.3	1456.93
O16	14895.1	0.250471	94636.7	13134.5	13133.4
O16	14895.1	0.338517	75536.9	874.737	874.193
Mg25	23268	0.248162	81038.9	3649.06	3648.73
Si28	26053.2	0.124525	75399.8	266.372	266.105
Al28	26058.3	0.182049	75016.6	0	0
neutron	939.565	2.24455	75373.8	0	0
alpha	3727.38	9.22582	75373.8	0	0
Na23	21409.2	2.02144	75373.8	0	0
Mg24	22335.8	0.132445	96587.7	15433.6	15433.1
Si28	26053.2	0.26056	76790	2462.7	2461.97
Na24	22341.8	0.217373	72925.2	0	0
Si28	26053.2	0.234895	75600.2	1005.23	1004.78
Na24	22341.8	0.201883	73947.5	0	0
Si28	26053.2	0.206879	95620	14638.9	14637.2
Na24	22341.8	0.210667	73573.3	0	0
O16	14895.1	0.225285	96212.7	15272.4	15271.4
neutron	939.565	8.0165	75609.2	0	0
N15	13968.9	0.501614	75609.2	0	0
neutron	939.565	7.86102	73827.5	0	0
neutron	939.565	1.50286	73827.5	0	0
Mg25	23268	0.525433	73827.5	0	0
O16	14895.1	0.203602	90003.8	10696.7	10696.1
Si28	26053.2	0.137021	87714.8	9570.74	9570.09
Si30	27913.2	0.161089	85232.9	7935.07	7934.63
Mg24	22335.8	0.129577	80046.2	2475.89	2475.43
neutron	939.565	3.14733	75582.2	0	0
alpha	3727.38	3.0393	75582.2	0	0
Be8	7454.85	4.23278	75582.2	0	0
Mg24	22335.8	0.142572	76875.2	2663.33	2662.72
O16	14895.1	0.364713	80141.8	2961.04	2960.59
neutron	939.565	2.81791	75082.3	0	0
N15	13968.9	0.155676	75082.3	0	0
Mg24	22335.8	0.172994	87692.5	9151.55	9151.35
neutron	939.565	62.5591	72890.4	0	0
neutron	939.565	2.1084	72890.4	0	0
Ne21	19550.5	3.23924	72890.4	0	0
O16	14895.1	0.245598	88100.4	9981	9980.43
O16	14895.1	0.419789	76581.3	1591.55	1591.06
neutron	939.565	14.5816	73748.3	0	0
neutron	939.565	8.97021	73748.3	0	0
neutron	939.565	5.0819	73748.3	0	0
neutron	939.565	1.62916	73748.3	0	0
N14	13040.2	1.51932	73748.3	0	0
Si28	26053.2	0.188824	98132.7	15851.1	15850.2
Mn56	52094	0.0871629	73610.8	0	0
Si28	26053.2	0.140302	85376	8464.64	8464.36
Si28	26053.2	0.136105	87744	8623.21	8622.15
Si28	26053.2	0.14194	93317	13325.8	13324.6
Si28	26053.2	0.284838	83664.5	6216.7	6216.09
O16	14895.1	0.205254	78320.1	2905.3	2904.97
Al28	26058.3	0.174026	73289.8	0	0
neutron	939.565	4.79613	73972.9	0	0
Mg26	24196.5	1.3861	73972.9	0	0
neutron	939.565	6.74189	86751.5	8796.26	8578.06
O15	13971.2	1.99043	86751.5	8796.26	8578.06
O16	14895.1	1.17921	78302.8	2952.79	2951.21
Al30	27922.3	0.156105	74517.6	0	0
O16	14895.1	0.464647	93469	13442.4	13441.4
Si28	26053.2	0.235705	82008.7	5635.76	5634.62
O16	14895.1	0.592427	79220.1	3789.42	3788.61
O16	14895.1	0.2437	77811.6	2986.99	2986.43
Fe56	52089.8	0.09799	85133.7	2965.18	2965
Al28	26058.3	0.177484	80312.2	0	0
O16	14895.1	0.288866	93717.6	12693.8	12693
neutron	939.565	8.69344	75638	0	0
neutron	939.565	0.614066	75638	0	0
Ne20	18617.7	0.549028	75638	0	0
Mg24	22335.8	0.144887	91120.2	11889.6	11889.4
Mg24	22335.8	0.546597	73341.1	905.453	904.763
neutron	939.565	2.10413	71816.9	0	0
C14	13040.9	0.859304	71816.9	0	0
O16	14895.1	0.260997	88386.8	9075.89	9075.57
O16	14895.1	0.58704	97397.5	15809.3	15808.4
O16	14895.1	0.27867	81372.8	5579.92	5579.46
Si28	26053.2	0.299337	93650.5	13502	13501
neutron	939.565	0.400582	71727.2	0	0
Na23	21409.2	0.214839	71727.2	0	0
neutron	939.565	74.9356	76922.5	3205.96	2581.29
neutron	939.565	27.074	76922.5	3205.96	2581.29
neutron	939.565	26.4744	76922.5	3205.96	2581.29
neutron	939.565	22.942	76922.5	3205.96	2581.29
neutron	939.565	4.57016	76922.5	3205.96	2581.29
alpha	3727.38	10.6179	76922.5	3205.96	2581.29
alpha	3727.38	7.65065	76922.5	3205.96	2581.29
Be8	7454.85	2.4988	76922.5	3205.96	2581.29
neutron	939.565	7.02524	72800.3	0	0
neutron	939.565	4.29362	72800.3	0	0
Ne21	19550.5	0.327725	72800.3	0	0
Na26	24206.4	0.181027	76120.7	0	0
O16	14895.1	0.19948	93706.5	12973.4	12972.3
Si28	26053.2	0.211101	81124.9	4993.36	4992.99
O16	14895.1	0.301217	74729.2	1097.77	1096.95
O16	14895.1	0.271435	81007.8	3552.98	3552.45
Si28	26053.2	0.172662	78672.4	3668.19	3667.9
Mg26	24196.5	0.38029	92645.6	12820.5	12818.9
Si28	26053.2	0.12788	86907.2	9141.07	9140.76
Na24	22341.8	0.179556	75142.6	0	0
Mg26	24196.5	0.117581	96617.7	15393.8	15393.6
O16	14895.1	0.312404	82340.1	6796.8	6795.75
N16	14906	0.293269	71153.3	0	0
O16	14895.1	0.402499	80096.4	4758.88	4758.48
alpha	3727.38	14.8944	72361.5	0	0
O17	15830.5	3.23255	72361.5	0	0
neutron	939.565	16.4798	76189.1	0	0
neutron	939.565	4.46181	76189.1	0	0
neutron	939.565	1.23805	76189.1	0	0
Mg24	22335.8	0.658396	76189.1	0	0
Mg24	22335.8	0.261271	99872.4	17412	17411.6
Si28	26053.2	0.177242	94686.3	13260.9	13259.7
Fe56	52089.8	0.161656	85963.3	7722.95	7722.69
Mg24	22335.8	0.310654	77443.3	2158.54	2158.12
neutron	939.565	0.274766	73825.4	0	0
Al27	25126.5	0.106193	73825.4	0	0
O16	14895.1	0.24535	80678	4355.31	4354.7
Mg25	23268	0.124247	75874.4	1279.24	1279.08
Si28	26053.2	0.183561	85643.7	7660.98	7659.93
Si28	26053.2	0.111858	96957	15453.6	15453.4
O16	14895.1	0.318436	77517	3101.73	3101.35
Al28	26058.3	0.191085	72101	0	0
neutron	939.565	5.42139	74842.8	0	0
N15	13968.9	1.02148	74842.8	0	0
Si28	26053.2	0.858264	80424.8	4260.33	4259.19
O16	14895.1	0.734432	80283.1	3146.05	3145.31
neutron	939.565	3.7592	75369.7	0	0
Al27	25126.5	0.181679	75369.7	0	0
O16	14895.1	0.556913	93292.9	13159.7	13158.8
Si28	26053.2	0.872816	90723.8	11339.6	11338.5
O16	14895.1	0.296118	85727.9	7970.81	7970.15
Si28	26053.2	0.132665	79173.1	2695.71	2694.96
Na24	22341.8	0.208019	74603.7	0	0
Mg24	22335.8	0.775154	78103.4	3794.21	3793.22
Al28	26058.3	0.189465	72137.9	0	0
neutron	939.565	33.4795	75318.4	0	0
N15	13968.9	1.93666	75318.4	0	0
O16	14895.1	0.893359	88217.1	9632.83	9631.83
Si28	26053.2	0.1459	83605.1	6536.02	6535.64
O16	14895.1	0.284447	72433.6	72.7762	72.4012
neutron	939.565	1.5334	72442.2	0	0
neutron	939.565	0.577789	72442.2	0	0
Al26	24200	0.4219	72442.2	0	0
O16	14895.1	0.288998	87026.8	8232.6	8232.18
Si28	26053.2	0.321719	75031.4	513.147	512.524
neutron	939.565	24.2791	74176.9	0	0
neutron	939.565	8.05113	74176.9	0	0
neutron	939.565	0.905405	74176.9	0	0
Na23	21409.2	2.36037	74176.9	0	0
Na24	22341.8	0.204193	80105	0	0
O16	14895.1	0.232675	97715	16152.3	16151.6
neutron	939.565	179.271	78030.3	1929.39	1399.94
neutron	939.565	94.9389	78030.3	1929.39	1399.94
neutron	939.565	7.57468	78030.3	1929.39	1399.94
neutron	939.565	4.39369	78030.3	1929.39	1399.94
alpha	3727.38	17.1652	78030.3	1929.39	1399.94
alpha	3727.38	0.348554	78030.3	1929.39	1399.94
Al29	26988.5	0.185497	75673.3	0	0
Si28	26053.2	0.132776	93707.1	13099.3	13099
Mg26	24196.5	0.217326	74254.1	660.37	660.09
Na25	23272.4	0.886547	73141.8	0	0
O16	14895.1	0.988086	93748.8	13431	13429.9
Si28	26053.2	0.131762	92562.5	12595.1	12594.9
O16	14895.1	0.629876	93903.1	8597.17	8595.54
O16	14895.1	1.46072	84918.2	8071.29	8069.54
neutron	939.565	4.65696	73197.4	0	0
Ne22	20479.7	0.207478	73197.4	0	0
neutron	939.565	1.24862	74089.3	0	0
N15	13968.9	0.156621	74089.3	0	0
O16	14895.1	0.404906	96337.8	14927.7	14927
neutron	939.565	254.793	88927.8	9199.94	8781.88
C13	12109.5	1.46492	88927.8	9199.94	8781.88
Mg24	22335.8	0.286361	82837.2	4891.8	4890.12
neutron	939.565	5.95296	73238.5	0	0
alpha	3727.38	9.53999	73238.5	0	0
O16	14895.1	0.419565	73238.5	0	0
O16	14895.1	0.690667	75135.8	999.949	999.038
neutron	939.565	2.08641	73483.3	0	0
Mg26	24196.5	0.170305	73483.3	0	0
O16	14895.1	0.709349	78746.1	3082.15	3081.02
Na24	22341.8	0.184076	75425.6	0	0
Fe56	52089.8	0.0575226	99121.4	16872.9	16872.4
O16	14895.1	0.502737	78451.3	1664.71	1663.81
neutron	939.565	9.10431	75620.1	0	0
neutron	939.565	2.92696	75620.1	0	0
C13	12109.5	1.31232	75620.1	0	0
O16	14895.1	0.230991	87699.5	8540.68	8540.06
neutron	939.565	2.11002	75692.6	0	0
neutron	939.565	1.4737	75692.6	0	0
Mg24	22335.8	1.15207	75692.6	0	0
C13	12109.5	2.1474	93132.3	12743.3	12494.9
neutron	939.565	4.45642	74309.4	0	0
neutron	939.565	1.59402	74309.4	0	0
Ne21	19550.5	0.848095	74309.4	0	0
Al28	26058.3	0.180481	72873.1	0	0
Al29	26988.5	0.157375	80190.1	0	0
O16	14895.1	0.840642	94987.7	14092.4	14091.2
Si28	26053.2	0.116238	78151.7	2340.15	2339.94
Al28	26058.3	0.191632	73311.3	0	0
Mg26	24196.5	0.759335	84885.3	7978.43	7744.96
Mg24	22335.8	0.195933	83076	6594.74	6594.42
Al28	26058.3	0.177801	72454.6	0	0
O16	14895.1	0.366836	84480.6	7164.45	7162.89
Na24	22341.8	0.220158	72097.3	0	0
neutron	939.565	5.13845	73692.1	0	0
C14	13040.9	0.367533	73692.1	0	0
Mg24	22335.8	0.349816	76097	162.852	162.276
Si28	26053.2	0.17732	76943.4	1441.97	1440.77
neutron	939.565	0.582188	74551.2	0	0
Na23	21409.2	0.0819936	74551.2	0	0
O16	14895.1	0.359068	76245.8	1921.33	1920.54
neutron	939.565	3.89439	73005.3	0	0
neutron	939.565	2.94638	73005.3	0	0
neutron	939.565	2.46036	73005.3	0	0
C12	11174.9	2.57596	73005.3	0	0
O16	14895.1	0.260868	72125.6	177.688	176.153
Na24	22341.8	0.21058	71912.6	0	0
O16	14895.1	0.724031	97671.4	16040.7	16039.7
Si28	26053.2	0.465947	95018.6	13926.6	13925.6
neutron	939.565	4.91019	73932.3	0	0
neutron	939.565	4.5341	73932.3	0	0
neutron	939.565	2.02015	73932.3	0	0
C12	11174.9	1.79154	73932.3	0	0
Si28	26053.2	0.19656	87167.1	8268.79	8268.11
Si29	26984.3	0.364354	76087.7	637.276	636.864
Si28	26053.2	0.311397	99975.9	17463.8	17462.8
O16	14895.1	0.208784	94671.6	13066.7	13065.2
Si28	26053.2	0.121158	98605.7	16543.5	16542.3
neutron	939.565	0.492737	76147.9	0	0
Mg28	26060.7	1.10799	76147.9	0	0
Al28	26058.3	0.189149	75809.1	0	0
Mg24	22335.8	0.231011	92075.8	11869	11868.4
O16	14895.1	0.545347	80133.6	3709.61	3708.89
O16	14895.1	0.332175	90288	11072.3	11071.7
neutron	939.565	9.77689	72317	0	0
neutron	939.565	8.19875	72317	0	0
neutron	939.565	2.90762	72317	0	0
Na23	21409.2	1.12128	72317	0	0
Fe56	52089.8	0.0897297	97083.4	15815.6	15815.4
O16	14895.1	0.203087	82113.4	5441.55	5440.98
O16	14895.1	0.459461	79420.5	3724.35	3723.85
Na24	22341.8	0.203777	74209.9	0	0
O16	14895.1	0.2553	96813.4	15439.4	15439
O16	14895.1	0.823108	89369.8	10148.5	10147.6
Si28	26053.2	0.157733	84652.7	6380.06	6378.88
O16	14895.1	0.211972	82417.2	5238.56	5238.2
Na24	22341.8	0.207739	73721.5	0	0
O16	14895.1	0.237295	84511	6641.85	6641.44
Na24	22341.8	0.207282	74371	0	0
Al28	26058.3	0.188014	74407.8	0	0
O16	14895.1	1.2266	99539.7	17206.1	17204.6
Si28	26053.2	0.129719	94960.7	14001.4	14001.2
Al28	26058.3	0.150108	74098.5	0	0
O16	14895.1	0.85419	88553.8	9895.37	9894.46
Fe56	52089.8	0.223399	75435.9	859.268	858.883
Si28	26053.2	0.183495	79285	1258.03	1257.66
O16	14895.1	0.607765	76724.4	1587.91	1587.25
neutron	939.565	1737.25	98365.1	16516	14103
neutron	939.565	55.019	98365.1	16516	14103
neutron	939.565	1.81628	98365.1	16516	14103
alpha	3727.38	1.98616	98365.1	16516	14103
alpha	3727.38	5.20375	98365.1	16516	14103
O16	14895.1	0.195502	91589.7	11231.9	11231.7
Mg24	22335.8	0.19166	86938.6	8052.84	8052.57
Si28	26053.2	0.232634	85569.4	6511.49	6510.87
O16	14895.1	0.296788	84411.4	5799.5	5799.18
neutron	939.565	4.13521	81702	0	0
neutron	939.565	0.771775	81702	0	0
C13	12109.5	2.64057	81702	0	0
Mg24	22335.8	0.221016	89664.2	10287.7	10287.4
neutron	939.565	0.082005	73557.2	0	0
Na23	21409.2	0.158932	73557.2	0	0
Mg25	23268	0.332167	89279.3	10153.1	10152.6
O16	14895.1	0.228748	95659.4	14749.9	14749.1
O16	14895.1	0.258731	89719	10770.7	10769.5
Si29	26984.3	0.147032	89425.3	10494.6	10494.1
O16	14895.1	0.303467	79381.6	2015.11	2014.7
O16	14895.1	0.235109	96572.9	15016.9	15016.4
O16	14895.1	0.523324	73551.4	267.164	266.539
N15	13968.9	0.253675	98564.7	16610.6	16309.4
Si28	26053.2	0.74209	77710.8	1839.49	1838.5
neutron	939.565	8.78084	74042.6	0	0
neutron	939.565	2.17835	74042.6	0	0
neutron	939.565	1.39394	74042.6	0	0
C12	11174.9	0.147568	74042.6	0	0
O16	14895.1	0.340926	76375.9	1292.57	1291.76
Al28	26058.3	0.182475	74176.3	0	0
Al28	26058.3	0.186524	73662.2	0	0
neutron	939.565	4.55601	72300	0	0
neutron	939.565	2.51797	72300	0	0
Mg25	23268	0.0308415	72300	0	0
Si28	26053.2	0.133173	99984.4	17468.3	17468.1
O16	14895.1	1.85557	92458.8	12970	12968.1
O16	14895.1	0.265321	98861	16692.4	16692
neutron	939.565	1.7151	73881.8	0	0
Mg26	24196.5	0.222109	73881.8	0	0
Al28	26058.3	0.190231	74847	0	0
Mg25	23268	0.205353	96289.7	14165.8	14164.6
Si28	26053.2	0.114726	89023	9430.19	9428.82
Mg24	22335.8	0.271697	83131.2	5182.84	5181.63
neutron	939.565	5.10187	75046	0	0
neutron	939.565	3.66916	75046	0	0
Na22	20482.1	0.0982016	75046	0	0
Mn56	52094	0.0937273	73314.9	0	0
Si28	26053.2	1.08844	77929.4	2435.31	2433.86
Mg24	22335.8	0.219144	90783.7	9242.51	9242.04
Mg24	22335.8	0.324246	78171.9	382.022	381.2
Si28	26053.2	0.123949	96094.8	14989.8	14989.5
neutron	939.565	0.171183	72184.3	0	0
Na23	21409.2	0.268572	72184.3	0	0
O16	14895.1	0.19986	93272.6	13084.5	13084.2
O16	14895.1	0.579392	82944	6245.15	6244.16
Si29	26984.3	0.129103	82215	5801.34	5800.55
O16	14895.1	0.204427	89680.6	10039.6	10039.4
neutron	939.565	17.5105	75763.5	0	0
neutron	939.565	4.18889	75763.5	0	0
neutron	939.565	1.56076	75763.5	0	0
Ne20	18617.7	2.30189	75763.5	0	0
Si28	26053.2	0.257681	81619.9	2371.64	2370.77
Na24	22341.8	0.214355	73509.4	0	0
Mg24	22335.8	0.15661	82620.3	5480.11	5479.18
O16	14895.1	0.641328	77148.6	2179.85	2179.16
O16	14895.1	0.986246	74827.9	764.233	763.23
Mg24	22335.8	0.149478	93266.6	12838.3	12836.6
Al28	26058.3	0.177029	74801.1	0	0
Si28	26053.2	0.112762	88477.5	9450.71	9450.57
O16	14895.1	0.650759	79326	3473.45	3472.78
neutron	939.565	1.46051	74283	0	0
N15	13968.9	0.638528	74283	0	0
Al28	26058.3	0.185986	76104.3	0	0
O16	14895.1	0.386116	99718.8	17288.8	17288.1
Si28	26053.2	0.338089	84184.3	7269.74	7268.42
O16	14895.1	0.309041	86171.7	7836.67	7835.33
O16	14895.1	0.335322	73590.7	203.313	202.971
Al28	26058.3	0.162614	73333.1	0	0
Si28	26053.2	0.156014	81284	4267.89	4267.44
Al28	26058.3	0.188347	75589.1	0	0
Mg24	22335.8	0.745906	91432.2	5961.79	5960.23
neutron	939.565	0.263259	72903.4	0	0
Al27	25126.5	0.161636	72903.4	0	0
Si28	26053.2	0.181471	89209.7	9339.75	9339.49
Si28	26053.2	0.151112	99745.5	17275.4	17275.1
O16	14895.1	0.706467	83333.1	6074.39	6073.57
Al28	26058.3	0.190872	73189.6	0	0
neutron	939.565	5.10073	75597.4	0	0
neutron	939.565	1.16703	75597.4	0	0
Mg24	22335.8	0.197215	75597.4	0	0
neutron	939.565	18.9799	90574	11076.5	10463.3
neutron	939.565	2.19957	90574	11076.5	10463.3
N14	13040.2	6.58601	90574	11076.5	10463.3
Fe56	52089.8	0.0670884	77641.5	1706.73	1706.46
O16	14895.1	5.56745	93539.5	10400.6	10394.9
neutron	939.565	6.80459	78796.9	0	0
Na24	22341.8	0.699665	78796.9	0	0
neutron	939.565	0.175285	74472.1	0	0
Al27	25126.5	0.174661	74472.1	0	0
Si28	26053.2	0.158841	93683.3	13383.6	13382.8
O16	14895.1	0.40289	79385.4	4472.48	4471.52
O16	14895.1	0.249457	95875.8	13163.1	13162.4
neutron	939.565	10.2761	75492.2	0	0
neutron	939.565	1.78024	75492.2	0	0
alpha	3727.38	6.43476	75492.2	0	0
O16	14895.1	3.96107	75492.2	0	0
Na24	22341.8	0.203209	74237.1	0	0
Si28	26053.2	0.172403	83685	7094.88	7094.55
Si28	26053.2	0.318781	79592.8	2490.88	2490.05
neutron	939.565	19.1764	75724.1	0	0
neutron	939.565	1.97983	75724.1	0	0
Mg25	23268	0.112186	75724.1	0	0
O16	14895.1	0.297216	83611.8	5204.18	5202.99
Al28	26058.3	0.168314	75367.1	0	0
O16	14895.1	0.206525	96437.7	15384.1	15383.6
Na24	22341.8	0.199314	72983.7	0	0
neutron	939.565	2.10434	73070.1	0	0
Al27	25126.5	0.379921	73070.1	0	0
Si28	26053.2	0.122226	81902.6	5237.67	5237.44
Si28	26053.2	0.20831	94331.5	13539.8	13539.5
Si28	26053.2	0.720499	87886.5	9313.23	9312.15
Al28	26058.3	0.183553	73655.1	0	0
Si28	26053.2	0.248273	78671.9	3911.88	3911.55
Si28	26053.2	0.259225	90211.3	7048.01	7047.15
Mg24	22335.8	0.150185	75252.1	1451.38	1450.59
Mg24	22335.8	0.48782	90408	11502	11501.1
O16	14895.1	0.203569	87576	8861.42	8861.09
O16	14895.1	0.197304	74068.8	251.371	251.073
neutron	939.565	10.046	73717.1	0	0
neutron	939.565	2.3926	73717.1	0	0
neutron	939.565	1.62055	73717.1	0	0
Mg24	22335.8	2.31892	73717.1	0	0
Al28	26058.3	0.167606	78411.6	0	0
Al28	26058.3	0.161381	73823.1	0	0
Si28	26053.2	0.204168	95398.9	14021.3	14021.1
O16	14895.1	0.210892	74721.5	150.461	149.936
Si28	26053.2	0.174351	77670.7	2122.31	2121.86
Si28	26053.2	0.274721	95215.9	12656.3	12656
neutron	939.565	0.652899	72130.3	0	0
Mn55	51161.7	0.0977912	72130.3	0	0
O16	14895.1	0.212492	80799	3320	3318.97
neutron	939.565	7.67284	75314.2	0	0
neutron	939.565	0.202227	75314.2	0	0
Al28	26058.3	0.0810335	75314.2	0	0
Mn56	52094	0.0849297	73542.3	0	0
O16	14895.1	0.739625	80184.7	3552.06	3550.44
O16	14895.1	0.244462	79611	3082.33	3080.91
Fe56	52089.8	0.0675479	98483.3	16563.9	16562.6
O16	14895.1	0.431992	85425.5	7671.77	7671.2
O16	14895.1	0.523016	78860.8	3411.16	3410.48
Si28	26053.2	0.161411	73911.8	576.725	576.225
O16	14895.1	0.269068	82813	6611.37	6610.81
neutron	939.565	0.421828	81702.5	0	0
Al27	25126.5	0.169833	81702.5	0	0
Si28	26053.2	0.124103	94700.2	13186.3	13185.8
neutron	939.565	2.1045	89838.5	9815.73	9184.63
C13	12109.5	0.470011	89838.5	9815.73	9184.63
Mg24	22335.8	0.190551	78850.8	2024.22	2023.15
Na24	22341.8	0.201555	72568.5	0	0
neutron	939.565	5.33055	74735.5	0	0
neutron	939.565	0.404781	74735.5	0	0
Mg25	23268	0.93776	74735.5	0	0
neutron	939.565	0.741109	74375.8	0	0
Na23	21409.2	0.138747	74375.8	0	0
neutron	939.565	834.739	85166.6	5843.54	4583.57
neutron	939.565	386.192	85166.6	5843.54	4583.57
N13	12111.2	1.50755	85166.6	5843.54	4583.57
neutron	939.565	8.63459	75431.6	0	0
neutron	939.565	3.9309	75431.6	0	0
Na22	20482.1	0.224342	75431.6	0	0
neutron	939.565	4.69251	98602.2	16486.6	16247.8
neutron	939.565	2.83005	98602.2	16486.6	16247.8
Ne22	20479.7	0.616197	98602.2	16486.6	16247.8
O16	14895.1	0.399231	76495.5	2569.31	2568.74
neutron	939.565	8.03445	72722.9	0	0
neutron	939.565	5.90597	72722.9	0	0
Ne21	19550.5	0.195189	72722.9	0	0
Al28	26058.3	0.165293	73439.8	0	0
neutron	939.565	33.8629	75846.9	879.02	634.17
neutron	939.565	0.879194	75846.9	879.02	634.17
N14	13040.2	0.668884	75846.9	879.02	634.17
O16	14895.1	0.279615	87204.6	7323.85	7323.35
Si28	26053.2	0.135037	76202.3	574.915	574.424
O16	14895.1	0.607715	86646.8	9135.32	9134.43
Si30	27913.2	0.20681	85899.3	8645.49	8644.98
Fe56	52089.8	0.383495	90486.9	8755.6	8754.74
Mg24	22335.8	0.146702	90670.7	8584.81	8584.65
Si28	26053.2	0.125344	97760.9	15953.3	15952.1
O16	14895.1	0.286133	98480.4	16343.9	16343.4
Mn56	52094	0.0802245	73439	0	0
Si28	26053.2	0.168389	80498.2	3831.62	3831.39
O16	14895.1	0.243005	78251.7	2443.3	2442.83
neutron	939.565	5.92407	74357.6	0	0
neutron	939.565	4.82354	74357.6	0	0
neutron	939.565	2.25336	74357.6	0	0
Ne20	18617.7	0.577835	74357.6	0	0
neutron	939.565	18.608	72678.5	0	0
alpha	3727.38	6.72485	72678.5	0	0
Ne22	20479.7	0.746777	72678.5	0	0
Si28	26053.2	0.34107	91887.9	11560.1	11558.5
O16	14895.1	0.246149	82366.5	4840.59	4840.07
O16	14895.1	0.211596	95706.3	14809.9	14809.3
neutron	939.565	6.30798	74310.3	0	0
neutron	939.565	1.77293	74310.3	0	0
Na24	22341.8	0.123317	74310.3	0	0
O16	14895.1	0.205803	90382.3	10751.6	10751
neutron	939.565	5.26852	74054.7	0	0
neutron	939.565	3.22799	74054.7	0	0
neutron	939.565	1.49041	74054.7	0	0
Ne22	20479.7	0.286042	74054.7	0	0
O16	14895.1	0.202181	84878.9	4685.9	4685.64
neutron	939.565	1.18387	76958.1	0	0
N15	13968.9	0.106269	76958.1	0	0
O16	14895.1	0.399574	87644.6	8540.97	8540.53
neutron	939.565	0.144996	74570.7	0	0
Mn55	51161.7	0.0941081	74570.7	0	0
O16	14895.1	0.260269	86243.9	5562.81	5562.49
Al28	26058.3	0.185512	77208.4	0	0
Si28	26053.2	0.162048	86474.1	8076.18	8075.46
O16	14895.1	0.342733	84454.8	6791.43	6791.01
neutron	939.565	1.48355	74092.1	0	0
Na23	21409.2	0.0760421	74092.1	0	0
O16	14895.1	0.206942	89624.6	9467.17	9466.74
Na24	22341.8	0.180494	72652.5	0	0
O16	14895.1	0.242981	95519	14295.5	14294.8
Mg24	22335.8	0.192128	84180.9	6472.49	6472.11
O16	14895.1	0.2017	86586.3	8565.75	8564.67
O16	14895.1	0.1949	84977.5	6779.44	6779.24
Si28	26053.2	0.402763	91577	11989.8	11989.4
neutron	939.565	8.74412	72794.9	0	0
C14	13040.9	1.67048	72794.9	0	0
O16	14895.1	0.350458	86544.6	5704.35	5703.89
Si28	26053.2	0.194485	84436.1	4340.69	4340.28
Si28	26053.2	0.127651	82112.2	3014.43	3014.24
O16	14895.1	0.260899	77898	253.939	253.582
Al28	26058.3	0.160653	77513.5	0	0
O16	14895.1	2.23758	90897.3	11545.3	11542.9
Mg24	22335.8	0.135346	84426	7493.66	7493.51
O16	14895.1	0.260567	85265.8	7233.9	7233.54
O16	14895.1	0.21213	75122.3	1171.01	1170.71
neutron	939.565	10.1605	73252.8	0	0
neutron	939.565	4.5867	73252.8	0	0
neutron	939.565	4.57894	73252.8	0	0
neutron	939.565	1.36845	73252.8	0	0
Na22	20482.1	0.109192	73252.8	0	0
O16	14895.1	0.460126	76077.3	2046.72	2045.57
Al28	26058.3	0.173976	72473.8	0	0
O16	14895.1	0.445511	95506.6	14430.5	14429.9
Si28	26053.2	0.150697	90714.7	11423.9	11423.7
O16	14895.1	0.21745	84230.8	5197.44	5196.74
neutron	939.565	11.1087	75662.3	0	0
neutron	939.565	0.638653	75662.3	0	0
Mg25	23268	0.555349	75662.3	0	0
O16	14895.1	1.33088	93299	11815.4	11813.6
O16	14895.1	0.241131	97585.1	16036.2	16035.8
O16	14895.1	0.30006	91079.5	11044.5	11043.9
neutron	939.565	1.42686	73481.7	0	0
Al27	25126.5	0.135957	73481.7	0	0
Si28	26053.2	0.209267	77143.4	1626.56	1626.14
O16	14895.1	0.200237	77131.1	1619.96	1619.68
neutron	939.565	5.31013	74329	0	0
Mg26	24196.5	0.861127	74329	0	0
neutron	939.565	4.93604	73825.1	0	0
neutron	939.565	1.53621	73825.1	0	0
Ne21	19550.5	1.51097	73825.1	0	0
O16	14895.1	0.202291	93027.3	13390.1	13389.8
O16	14895.1	0.552322	85388.4	7667.12	7666.46
Al28	26058.3	0.182749	72735	0	0
Al28	26058.3	0.190788	73347	0	0
neutron	939.565	0.851409	73654.8	0	0
neutron	939.565	0.431542	73654.8	0	0
Mg25	23268	0.53497	73654.8	0	0
neutron	939.565	1.56044	73506.1	0	0
Al27	25126.5	0.11236	73506.1	0	0
O16	14895.1	0.193893	81008.5	4634.51	4634.29
Si28	26053.2	0.117656	91435.6	12053.7	12053.1
Si28	26053.2	0.294046	84898.5	7709.94	7709.04
neutron	939.565	2.8407	72973.7	0	0
Mg26	24196.5	0.139258	72973.7	0	0
Si28	26053.2	0.124867	88594	10158.4	10158.2
Mg26	24196.5	0.125124	98454.9	16343.5	16343.3
O16	14895.1	0.615444	80499.9	2296.75	2295.65
Al28	26058.3	0.188537	73176.2	0	0
O16	14895.1	0.488449	78518.6	4227.59	4227.01
O16	14895.1	0.58766	78730.7	3336.84	3336.13
neutron	939.565	4.15541	73483.4	0	0
N15	13968.9	0.251585	73483.4	0	0
O16	14895.1	0.201786	99597.2	17256	17255.5
O16	14895.1	0.702762	90867	11509.3	11508.4
O16	14895.1	0.323128	84324.6	7105.61	7104.5
neutron	939.565	15.6037	73642	0	0
neutron	939.565	0.124033	73642	0	0
C12	11174.9	2.95232	73642	0	0
neutron	939.565	5.58447	82224.1	0	0
neutron	939.565	3.79633	82224.1	0	0
neutron	939.565	2.43927	82224.1	0	0
Ne20	18617.7	1.19011	82224.1	0	0
O18	16762	0.304315	91443.4	11914.6	11914.1
neutron	939.565	14.9427	73518.9	0	0
neutron	939.565	2.06126	73518.9	0	0
neutron	939.565	0.550387	73518.9	0	0
Mg24	22335.8	0.564471	73518.9	0	0
Si28	26053.2	0.134269	96543.6	15193.2	15193
O16	14895.1	0.260206	86696.2	2969.71	2969.26
Mg24	22335.8	0.184401	86680.4	2961.55	2961.36
O16	14895.1	0.314442	74015.6	952.559	951.779
Al28	26058.3	0.184979	72395.7	0	0
neutron	939.565	5.80869	71784.1	0	0
C14	13040.9	0.954196	71784.1	0	0
O16	14895.1	0.211837	95942.6	14128.7	14126
Mg24	22335.8	0.211285	94136.4	13132.9	13131
Si28	26053.2	0.270557	87431.2	7421.54	7420.8
neutron	939.565	26.368	76502.9	0	0
neutron	939.565	1.46902	76502.9	0	0
alpha	3727.38	10.9481	76502.9	0	0
B10	9324.44	1.08361	76502.9	0	0
O16	14895.1	0.333734	98346.5	16440.4	16439.8
O16	14895.1	0.468405	81332.8	5429.27	5428.5
O16	14895.1	0.234161	80467.7	4899.61	4898.81
O16	14895.1	0.600866	93276.1	11551.3	11549.9
O16	14895.1	0.303616	77651.3	3124.94	3124.44
O16	14895.1	0.528709	76004.2	1430.35	1429.52
neutron	939.565	2.07497	73685	0	0
Al27	25126.5	0.279311	73685	0	0
Fe54	50231.2	0.0822189	73845.2	67.6905	67.5225
neutron	939.565	6.40679	73796.5	0	0
neutron	939.565	2.34653	73796.5	0	0
neutron	939.565	0.896792	73796.5	0	0
Mg24	22335.8	1.16941	73796.5	0	0
neutron	939.565	3.42829	78356.5	0	0
neutron	939.565	0.329773	78356.5	0	0
Mg25	23268	2.35161	78356.5	0	0
neutron	939.565	29.412	74918.9	0	0
neutron	939.565	14.9934	74918.9	0	0
Na24	22341.8	0.229281	74918.9	0	0
O16	14895.1	0.437076	75347.3	726.065	725.551
O16	14895.1	0.28435	96017.3	10492.7	10492.1
Mg24	22335.8	1.22105	92006.9	8049.92	8048.21
Si28	26053.2	0.213536	91441	7497.83	7497.33
neutron	939.565	1.86138	79207.2	0	0
Na23	21409.2	0.0773263	79207.2	0	0
Si28	26053.2	0.120404	88681.8	10359.3	10359.1
Al28	26058.3	0.163886	73894.2	0	0
O16	14895.1	1.3748	84386.1	7094.4	7092.91
Si29	26984.3	0.153022	79126.7	2960.4	2960.19
Mn56	52094	0.0971828	74162.9	0	0
O16	14895.1	0.346329	93165.2	11448.8	11448.2
Mg24	22335.8	0.459913	85437.8	6947.85	6947.22
O16	14895.1	0.359669	75622.2	822.131	821.73
Na24	22341.8	0.212767	75703.1	0	0
O16	14895.1	0.327386	81435.6	5635.48	5634.8
Mg24	22335.8	0.127843	91068.1	11624.8	11624.6
neutron	939.565	1.88383	73416.9	0	0
C14	13040.9	1.07998	73416.9	0	0
Si28	26053.2	0.117493	94580.5	14063.5	14062.6
O16	14895.1	0.463057	85274.2	7519.09	7518.47
Al28	26058.3	0.182922	74851.2	0	0
neutron	939.565	4.50295	73067.8	0	0
neutron	939.565	3.00195	73067.8	0	0
Na23	21409.2	0.535609	73067.8	0	0
Fe57	53021.7	0.0639404	89952.2	9586.65	9586.32
neutron	939.565	10.1901	72014.6	0	0
neutron	939.565	0.196648	72014.6	0	0
Ne23	21414.1	1.06389	72014.6	0	0
Fe54	50231.2	0.0987093	98988.8	16869.8	16869.3
Mg24	22335.8	0.4156	75900.6	1207.59	1206.5
neutron	939.565	13.7877	72983.2	0	0
neutron	939.565	0.741116	72983.2	0	0
Na23	21409.2	0.82537	72983.2	0	0
Si28	26053.2	0.13231	78212	3181.71	3181.36
neutron	939.565	1.72111	73171	0	0
neutron	939.565	1.02528	73171	0	0
Mg25	23268	0.069496	73171	0	0
Mg24	22335.8	0.191154	94616.6	13046.7	13046.4
O16	14895.1	0.217384	87126.7	8220.66	8220.02
N16	14906	0.277262	75478.7	0	0
Mg24	22335.8	0.334081	86835.3	7879.75	7879.25
Si28	26053.2	0.147855	84499.6	5883.15	5882.66
O16	14895.1	0.336367	76095.1	632.91	632.532
O16	14895.1	0.277859	93601.1	13306.1	13305.6
O16	14895.1	0.22595	90804.2	11687	11686.5
O16	14895.1	0.952531	77492.6	2556.18	2554.95
neutron	939.565	27.571	73338.1	0	0
neutron	939.565	3.9775	73338.1	0	0
neutron	939.565	1.58811	73338.1	0	0
Mg24	22335.8	0.49158	73338.1	0	0
Mg25	23268	0.394042	75996.8	1531.79	1530.73
Mg24	22335.8	1.42205	88971.7	9059.51	9057.88
Mg24	22335.8	0.160773	80689.8	3703.85	3703.6
neutron	939.565	19.1104	72845.1	0	0
neutron	939.565	0.0173156	72845.1	0	0
Mg25	23268	1.29434	72845.1	0	0
O16	14895.1	0.377852	90205.1	11062.7	11061.8
O16	14895.1	0.73733	82903.8	6687.77	6686.48
Si28	26053.2	0.166616	76920.7	2108.2	2107.1
Na24	22341.8	0.214894	73342.3	0	0
Mg24	22335.8	0.16809	88135.6	9097.74	9097.5
Al28	26058.3	0.17873	73453.3	0	0
Al28	26058.3	0.175081	77772.8	0	0
neutron	939.565	2.06855	74903.4	0	0
neutron	939.565	0.231064	74903.4	0	0
N14	13040.2	0.754487	74903.4	0	0
Si28	26053.2	0.138631	88440	9422.71	9421.55
neutron	939.565	13.8906	74452.6	0	0
neutron	939.565	0.327605	74452.6	0	0
alpha	3727.38	4.34025	74452.6	0	0
F20	18625.3	2.00512	74452.6	0	0
O16	14895.1	0.301343	97985.4	15515.6	15515.1
neutron	939.565	5.42516	73912.3	0	0
neutron	939.565	1.67176	73912.3	0	0
Mg25	23268	0.605489	73912.3	0	0
neutron	939.565	9.70211	74312.3	0	0
neutron	939.565	4.85698	74312.3	0	0
neutron	939.565	2.7058	74312.3	0	0
Mg24	22335.8	0.945028	74312.3	0	0
Si28	26053.2	0.127831	89017.9	9370.39	9370.13
Al28	26058.3	0.185	74914.7	0	0
neutron	939.565	9.77447	74797.8	0	0
Ne22	20479.7	0.806861	74797.8	0	0
O16	14895.1	0.660159	94960.4	13810.7	13809.6
O16	14895.1	0.41549	92141.3	12629.6	12629.2
O16	14895.1	0.360114	81821.7	5831.39	5830.92
Al28	26058.3	0.191373	73028.5	0	0
O16	14895.1	0.310146	79356.7	3968.05	3967.48
neutron	939.565	15.4001	73316.4	0	0
neutron	939.565	3.72145	73316.4	0	0
neutron	939.565	2.76969	73316.4	0	0
Al27	25126.5	0.796931	73316.4	0	0
neutron	939.565	35.512	73166.6	0	0
neutron	939.565	3.01583	73166.6	0	0
Ne22	20479.7	0.647116	73166.6	0	0
O16	14895.1	0.80265	82553.1	4513.11	4512.28
O16	14895.1	4.69779	93388.5	12831	12824.9
Fe56	52089.8	0.0606472	77581.8	127.056	126.792
neutron	939.565	0.0791481	74339.4	0	0
Na23	21409.2	0.170243	74339.4	0	0
Al28	26058.3	0.169853	73696.6	0	0
neutron	939.565	10.2794	74322.1	0	0
Mg26	24196.5	0.7182	74322.1	0	0
O16	14895.1	0.591465	99199.3	16982.4	16981.3
O16	14895.1	0.227643	83346.7	6730.69	6730.34
neutron	939.565	0.323361	73518.2	0	0
N15	13968.9	0.408516	73518.2	0	0
O16	14895.1	0.425466	80328.5	4481.71	4480.73
Si28	26053.2	0.287574	86421.4	8594.84	8593.77
neutron	939.565	3.0649	73715	0	0
neutron	939.565	2.12876	73715	0	0
Mg25	23268	0.154405	73715	0	0
Na24	22341.8	0.209522	75153.7	0	0
neutron	939.565	0.358586	72519.5	0	0
Al27	25126.5	0.14041	72519.5	0	0
Si28	26053.2	0.471321	90964.1	11121.9	11121.2
O16	14895.1	0.388795	82875	5978.49	5976.06
neutron	939.565	106.177	76301.7	871.643	652.487
neutron	939.565	10.216	76301.7	871.643	652.487
B11	10252.5	2.0102	76301.7	871.643	652.487
Si28	26053.2	0.124257	92474.6	11890.1	11888.8
O16	14895.1	0.252259	82466	4717.45	4716.93
Al28	26058.3	0.186677	74164.6	0	0
Al28	26058.3	0.179555	73755.7	0	0
Mg24	22335.8	0.126437	86324.8	8425.54	8425.32
Mg24	22335.8	0.245222	99149.7	16680	16679.4
Si28	26053.2	0.132641	88049.4	10065.6	10064.9
Na24	22341.8	0.192011	71676.3	0	0
Mg24	22335.8	0.165281	83514	5962.01	5961.01
O16	14895.1	0.197032	73561.6	414.417	414.084
Mn56	52094	0.0816438	72977.2	0	0
Na25	23272.4	0.41683	71943.9	0	0
neutron	939.565	1.52572	72765.3	0	0
Al27	25126.5	0.188909	72765.3	0	0
O16	14895.1	0.201102	88045.1	9324.1	9323.48
N16	14906	0.288869	74211.8	0	0
Si28	26053.2	0.116693	91518.7	11901.6	11901.4
neutron	939.565	375.034	82982.1	5565.82	4785.75
neutron	939.565	364.095	82982.1	5565.82	4785.75
C12	11174.9	1.75793	82982.1	5565.82	4785.75
O16	14895.1	0.242707	73806.8	1122.27	1121.56
neutron	939.565	0.926183	71943.3	0	0
Al27	25126.5	0.210793	71943.3	0	0
neutron	939.565	8.3668	72237.8	0	0
C14	13040.9	0.91587	72237.8	0	0
Si28	26053.2	0.177094	76906.3	437.098	436.49
O16	14895.1	0.213723	97613.9	15667.9	15667.4
Si28	26053.2	0.515482	86925.3	9018.66	9016.87
O16	14895.1	0.297485	76844.2	2350.82	2350.51
O16	14895.1	0.196636	74713.1	996.69	995.846
Mg24	22335.8	0.126669	80506.9	4228.81	4227.65
neutron	939.565	5.9305	73213.7	0	0
neutron	939.565	2.68608	73213.7	0	0
alpha	3727.38	7.31122	73213.7	0	0
Ne21	19550.5	2.37738	73213.7	0	0
neutron	939.565	6.15448	73779.3	0	0
C14	13040.9	0.749417	73779.3	0	0
O16	14895.1	0.244339	97147.4	15659	15658
O16	14895.1	0.403694	79557.5	2668.22	2667.81
O16	14895.1	0.420449	95037.7	14334.3	14332.2
Mg24	22335.8	0.135417	97335.1	15438.9	15438.8
Al28	26058.3	0.168333	73160.4	0	0
neutron	939.565	1.54907	76162.1	0	0
Na23	21409.2	0.109024	76162.1	0	0
neutron	939.565	2.43902	72835.6	0	0
Ne22	20479.7	0.0638309	72835.6	0	0
Si28	26053.2	0.215568	85425.8	7728.77	7728.43
O16	14895.1	0.216568	77410.6	2539.86	2539.23
neutron	939.565	3.34617	73139.6	0	0
Na25	23272.4	0.148176	73139.6	0	0
Si28	26053.2	0.496012	76956.6	1552.64	1550.88
neutron	939.565	3.1891	74395	0	0
neutron	939.565	1.61095	74395	0	0
Mg24	22335.8	0.150842	82069.3	5178.26	5177.64
O16	14895.1	1.5355	90169	10045.6	10042.4
neutron	939.565	0.288931	73955.8	0	0
Na23	21409.2	0.265739	73955.8	0	0
Mg24	22335.8	0.163333	94525.3	14165.2	14164.6
Si28	26053.2	0.135118	92087.7	12638.9	12638.5
O16	14895.1	0.223365	84793.4	6011.31	6010.1
O16	14895.1	0.577373	76324.7	590.335	589.104
neutron	939.565	0.649396	75456.4	0	0
Al27	25126.5	0.255814	75456.4	0	0
Si28	26053.2	0.129137	81602.6	3606.07	3604.96
Si28	26053.2	0.206564	80730.3	4098.18	4097.68
Mg24	22335.8	0.218534	88986.6	9775.48	9774.87
Al28	26058.3	0.182432	73289.2	0	0
neutron	939.565	5.7826	80860.3	0	0
N15	13968.9	0.807007	80860.3	0	0
Si28	26053.2	0.204445	91639.2	10794.7	10794.2
neutron	939.565	0.151312	73988.2	0	0
Na23	21409.2	0.257642	73988.2	0	0
Si28	26053.2	0.140483	84225.7	6031.49	6031.2
Mg24	22335.8	0.133621	98201.7	16297.9	16297.3
neutron	939.565	0.743526	71822.8	0	0
Al27	25126.5	0.232361	71822.8	0	0
Si28	26053.2	0.197863	96501.2	15305.9	15305.6
neutron	939.565	2.46246	74144.4	0	0
neutron	939.565	1.57521	74144.4	0	0
N14	13040.2	0.0553196	74144.4	0	0
neutron	939.565	0.180075	72200.9	0	0
Al27	25126.5	0.206032	72200.9	0	0
O16	14895.1	0.195302	82016.4	5125.33	5124.86
O16	14895.1	0.769154	81670.7	4588.79	4587.95
neutron	939.565	2.32256	74583.3	0	0
Mg26	24196.5	0.117608	74583.3	0	0
Si28	26053.2	0.134067	99061.5	16611.7	16611.1
Si28	26053.2	0.309154	94292.1	13339.7	13339.3
O16	14895.1	0.202957	75568.2	786.778	786.566
neutron	939.565	3.15877	74274.1	0	0
neutron	939.565	2.93228	74274.1	0	0
Mg25	23268	0.682262	74274.1	0	0
O16	14895.1	0.189853	85463.2	7893.07	7891.09
Si28	26053.2	0.195309	88676.6	10044.6	10044.3
O16	14895.1	2.21309	86736.3	8489.7	8487.23
neutron	939.565	7.39687	72633.2	0	0
neutron	939.565	2.08396	72633.2	0	0
N14	13040.2	1.6424	72633.2	0	0
O16	14895.1	0.216396	90874.5	11930.7	11929.1
O16	14895.1	0.244246	80120.1	3300.72	3300.4
Si28	26053.2	0.171982	87357.1	8506.92	8506.63
neutron	939.565	1.88135	73360.3	0	0
neutron	939.565	0.784517	73360.3	0	0
Mg25	23268	1.31011	73360.3	0	0
Mg24	22335.8	0.218338	96156.1	14448.3	14447.9
Al28	26058.3	0.188893	73851.6	0	0
O16	14895.1	0.382751	93645.6	13116.9	13116.5
Si28	26053.2	0.404914	79963.8	4012.93	4012.5
Si28	26053.2	0.12326	78039.2	1501.12	1500.91
Al28	26058.3	0.17823	76315.3	0	0
O16	14895.1	0.469784	93275.3	13279.4	13278.7
O15	13971.2	0.671387	79421.4	3815.87	3483.98
neutron	939.565	3.34399	73001.8	0	0
Mg26	24196.5	0.266219	73001.8	0	0
Si28	26053.2	0.116905	94572.1	13885.5	13885.1
Fe56	52089.8	0.0553629	85682.5	7561.82	7561.52
Na24	22341.8	0.214895	76228.5	0	0
Mg24	22335.8	0.222233	82421	6758.11	6757.85
Si28	26053.2	0.282013	82790.6	192.902	192.616
neutron	939.565	10.4278	82559.9	0	0
neutron	939.565	4.76767	82559.9	0	0
neutron	939.565	1.93699	82559.9	0	0
Ne21	19550.5	0.339042	82559.9	0	0
Si28	26053.2	0.142891	88272.7	8874.56	8874.03
O16	14895.1	0.335819	81411.6	3644.91	3644.28
O16	14895.1	0.592598	82303.6	3090.01	3089.31
Si28	26053.2	0.124938	90808.2	11665.8	11665.1
neutron	939.565	114.913	82592.8	6622.63	6367.33
neutron	939.565	66.7251	82592.8	6622.63	6367.33
neutron	939.565	12.5866	82592.8	6622.63	6367.33
N12	11191.7	3.0781	82592.8	6622.63	6367.33
Si28	26053.2	0.111767	96663.9	14827.9	14827.5
neutron	939.565	13.6858	76320	0	0
alpha	3727.38	7.29351	76320	0	0
alpha	3727.38	6.35038	76320	0	0
C14	13040.9	4.02672	76320	0	0
O16	14895.1	0.352333	96139.2	14839.8	14838.6
O16	14895.1	0.3053	90299.3	10632.9	10632.4
O16	14895.1	0.261486	81136.6	1074.54	1073.95
Al28	26058.3	0.169488	79289.2	0	0
O16	14895.1	0.364438	74435.8	208.894	207.746
neutron	939.565	2.4741	74657.9	0	0
Mg24	22335.8	0.386281	74657.9	0	0
neutron	939.565	170.771	93129.4	12661.8	12366.8
neutron	939.565	81.3168	93129.4	12661.8	12366.8
N13	12111.2	0.842704	93129.4	12661.8	12366.8
neutron	939.565	11.0244	74099.3	0	0
neutron	939.565	7.46783	74099.3	0	0
Mg26	24196.5	1.40105	74099.3	0	0
neutron	939.565	8.58823	75351.8	0	0
neutron	939.565	1.02143	75351.8	0	0
N14	13040.2	0.593454	75351.8	0	0
Mg24	22335.8	0.200029	96321.9	14560.3	14559.9
Si28	26053.2	0.126393	90618.1	10847.9	10847.5
O16	14895.1	0.75281	84823.1	6546.46	6545.59
O16	14895.1	0.301555	79929.6	3619.71	3619.08
Mn57	53024.9	0.0939501	73764.7	0	0
neutron	939.565	1.1219	77070.3	0	0
Al27	25126.5	0.213386	77070.3	0	0
O16	14895.1	0.205065	91718.1	11901.9	11901.6
neutron	939.565	10.3824	72671	0	0
Mg26	24196.5	0.693209	72671	0	0
neutron	939.565	0.692997	73532.1	0	0
Mg26	24196.5	0.325037	73532.1	0	0
neutron	939.565	6.75222	73070.6	0	0
neutron	939.565	2.20255	73070.6	0	0
Na23	21409.2	0.178067	73070.6	0	0
Mg24	22335.8	0.403216	96122.7	14910.3	14909.7
Mg24	22335.8	0.141218	94174.9	13713	13711.4
Mg24	22335.8	0.164226	87790.9	8401.2	8400.44
neutron	939.565	1.04735	75137.5	0	0
Mg25	23268	0.683338	75137.5	0	0
Mg24	22335.8	0.182109	95832.4	12586.4	12586.1
O16	14895.1	0.292828	87509.4	8207.48	8207.02
Na24	22341.8	0.208692	73978.1	0	0
neutron	939.565	383.576	98651.2	16729.1	16020.1
neutron	939.565	262.543	98651.2	16729.1	16020.1
alpha	3727.38	5.5086	98651.2	16729.1	16020.1
Be8	7454.85	2.5254	98651.2	16729.1	16020.1
Mg24	22335.8	0.218764	92536.8	12009.6	12009
Mg24	22335.8	0.191229	75914.7	1984.7	1984.49
O16	14895.1	1.01792	98509.5	16593.8	16592.6
O16	14895.1	0.232445	96838.8	15562.1	15561.8
Mg24	22335.8	0.155891	88552.2	9492.86	9491.49
neutron	939.565	1.54373	74182.2	0	0
Mg26	24196.5	0.208356	74182.2	0	0
neutron	939.565	22.5655	73078.9	0	0
neutron	939.565	15.9477	73078.9	0	0
neutron	939.565	1.93236	73078.9	0	0
Na23	21409.2	1.01594	73078.9	0	0
O16	14895.1	0.353057	95137.5	14566.9	14566.2
O16	14895.1	0.293224	97566.1	15483.1	15482.1
Na24	22341.8	0.209372	74043	0	0
Mg24	22335.8	0.186016	88418	9786.29	9784.41
neutron	939.565	1.31587	73796.7	0	0
Mg26	24196.5	0.0314543	73796.7	0	0
neutron	939.565	2.48967	72643.2	0	0
Na23	21409.2	0.30343	72643.2	0	0
O16	14895.1	0.239964	99105.8	16951.3	16950.2
Si28	26053.2	0.24808	76935	2090.99	2090.6
Si28	26053.2	0.162903	98679.2	16665.2	16665
Mn56	52094	0.0867785	76370.8	0	0
O16	14895.1	0.224989	90018.6	10872.3	10871.8
O16	14895.1	0.212649	93414.2	12845	12844.1
Si28	26053.2	0.278038	85252.1	6241.83	6241.4
Mg24	22335.8	0.195143	82146.3	4202.02	4201.74
O16	14895.1	1.02438	86994.3	6419.79	6418.14
Al28	26058.3	0.155208	72809.5	0	0
O16	14895.1	0.202604	88072.9	8515.89	8515.49
neutron	939.565	4.19136	76659.6	0	0
neutron	939.565	3.45787	76659.6	0	0
neutron	939.565	2.57494	76659.6	0	0
Mg24	22335.8	0.41116	76659.6	0	0
Fe56	52089.8	0.363307	73517.9	142.33	141.517
Al28	26058.3	0.184014	73403.9	0	0
O16	14895.1	0.363265	95614.7	14581.8	14581.2
Mg24	22335.8	0.749712	90739.6	10234.1	10233
Si28	26053.2	0.180331	85839.6	7192.16	7190.88
Na24	22341.8	0.192757	74705.4	0	0
Mg24	22335.8	0.688831	92738.9	13147.7	13146.1
O16	14895.1	0.318033	95768.8	14668.2	14667.8
O16	14895.1	0.491304	92678.3	10918.8	10917.1
Si28	26053.2	0.135608	86094.8	6485.26	6484.19
neutron	939.565	100.873	88473.7	10376.8	9704.03
neutron	939.565	3.94507	88473.7	10376.8	9704.03
Al26	24200	0.307626	88473.7	10376.8	9704.03
O16	14895.1	0.189325	81796.9	4590.33	4589.99
Na25	23272.4	0.210561	74351	0	0
neutron	939.565	6.50919	73801	0	0
neutron	939.565	4.54114	73801	0	0
neutron	939.565	1.51653	73801	0	0
alpha	3727.38	6.83771	73801	0	0
O16	14895.1	1.53202	73801	0	0
Mg26	24196.5	0.132467	85696.4	7628.72	7627.14
Si28	26053.2	0.334713	91583.4	12313.3	12312.9
neutron	939.565	4.00909	73803.8	0	0
neutron	939.565	1.81886	73803.8	0	0
neutron	939.565	1.67749	73803.8	0	0
alpha	3727.38	3.44339	73803.8	0	0
O16	14895.1	3.47264	73803.8	0	0
Si28	26053.2	0.250702	90896.5	11358.2	11356.8
Si28	26053.2	0.116537	83286.2	6605.7	6605.56
neutron	939.565	14.9374	72872.6	0	0
N15	13968.9	1.32371	72872.6	0	0
neutron	939.565	1.60178	74660	0	0
neutron	939.565	1.47808	74660	0	0
Ne22	20479.7	1.69499	74660	0	0
O16	14895.1	0.2379	75467.7	1496.19	1495.54
Mg26	24196.5	0.181502	98321.3	16347	16346.8
Mg24	22335.8	0.136149	84720.1	7427.52	7426.94
O16	14895.1	0.634759	83566.2	6624.96	6624.15
O16	14895.1	0.387922	94806.6	13666.9	13666.5
neutron	939.565	8.59386	73410.1	0	0
neutron	939.565	2.22765	73410.1	0	0
Ne21	19550.5	0.254048	73410.1	0	0
O16	14895.1	0.256051	84324.1	6860.32	6859.3
Si28	26053.2	0.127141	81531.3	4798.88	4798.63
O16	14895.1	0.339058	78353.3	2777.18	2776.8
neutron	939.565	2.84876	74241.3	0	0
Ne22	20479.7	0.291138	74241.3	0	0
O16	14895.1	0.223189	84677.5	7301.7	7301.38
neutron	939.565	5.50621	72919.1	0	0
neutron	939.565	4.22879	72919.1	0	0
neutron	939.565	3.07745	72919.1	0	0
alpha	3727.38	3.43917	72919.1	0	0
Be8	7454.85	3.74129	72919.1	0	0
Si28	26053.2	0.21996	90061.3	10995.3	10995
Al30	27922.3	0.160415	74477.9	0	0
Mg24	22335.8	0.159742	83609.2	6225.74	6225.57
neutron	939.565	0.551649	74441.4	0	0
Al27	25126.5	0.297489	74441.4	0	0
neutron	939.565	7.29233	73383.6	0	0
neutron	939.565	4.94765	73383.6	0	0
alpha	3727.38	13.9931	73383.6	0	0
alpha	3727.38	4.03735	73383.6	0	0
C13	12109.5	4.40165	73383.6	0	0
O16	14895.1	0.486478	81425.2	5381.41	5380.89
O16	14895.1	0.588239	92984.5	12983	12982.2
neutron	939.565	18.791	74153.6	0	0
Mg26	24196.5	1.4323	74153.6	0	0
O16	14895.1	0.294553	95046.2	14180.6	14180.1
neutron	939.565	4.46612	73548.9	0	0
alpha	3727.38	6.97153	73548.9	0	0
Ne22	20479.7	3.53719	73548.9	0	0
Mg26	24196.5	0.156823	88225.3	7925.63	7925.04
O16	14895.1	0.32577	87681.6	9142.92	9142.46
O16	14895.1	0.317457	79009.6	3519.95	3518.88
O16	14895.1	0.334648	73137.9	97.761	97.1279
neutron	939.565	20.7487	72670.7	0	0
neutron	939.565	0.966071	72670.7	0	0
C13	12109.5	0.473264	72670.7	0	0
O16	14895.1	0.295893	76378.1	2549.46	2548.78
Mg24	22335.8	0.133528	95457.4	14313.2	14312.9
O16	14895.1	0.197714	87655.2	7103.64	7103.29
Mg26	24196.5	0.205882	81510.6	3380.64	3380.41
N16	14906	0.294554	75991.4	0	0
neutron	939.565	15.8835	73210.8	0	0
neutron	939.565	2.88597	73210.8	0	0
neutron	939.565	1.33959	73210.8	0	0
alpha	3727.38	12.0224	73210.8	0	0
O16	14895.1	2.27785	73210.8	0	0
O15	13971.2	0.288579	93061.6	12901.1	11624.2
Na24	22341.8	0.219435	74998.1	0	0
Mn56	52094	0.0953682	75535.7	0	0
Mg24	22335.8	0.227157	85498.8	8134.45	8134.11
Mg24	22335.8	0.306293	84312.5	7075.82	7075.51
Si28	26053.2	0.118701	80228.6	2896.59	2896.36
O16	14895.1	0.244608	87502	8327.24	8326.8
Mg24	22335.8	0.430017	85020.3	6704.3	6703.18
Al28	26058.3	0.181432	74354.2	0	0
O16	14895.1	0.20714	97357.5	14995.8	14994.9
O16	14895.1	0.424034	84798.1	6002.2	6001.35
neutron	939.565	7.38149	73611.7	0	0
alpha	3727.38	4.65277	73611.7	0	0
alpha	3727.38	14.7694	73611.7	0	0
alpha	3727.38	3.60002	73611.7	0	0
O16	14895.1	0.193224	73539.3	629.185	628.864
neutron	939.565	2.76513	77675.3	0	0
neutron	939.565	2.37459	77675.3	0	0
neutron	939.565	0.263812	77675.3	0	0
C12	11174.9	1.69439	77675.3	0	0
Mg24	22335.8	0.12811	88033	9964.39	9963.95
Mg24	22335.8	0.140818	89781.8	10851.8	10851.4
Na25	23272.4	0.188646	72970.2	0	0
Mg24	22335.8	0.19012	83724.4	5885.46	5885.14
neutron	939.565	33.2979	73972.2	0	0
neutron	939.565	1.85366	73972.2	0	0
neutron	939.565	1.70992	73972.2	0	0
alpha	3727.38	5.3024	73972.2	0	0
Be8	7454.85	1.69158	73972.2	0	0
Si28	26053.2	0.272443	90225.7	11200.7	11200.4
O16	14895.1	1.15161	81964.6	5336.02	5334.46
neutron	939.565	5.02301	76341.4	0	0
neutron	939.565	4.85731	76341.4	0	0
neutron	939.565	0.729726	76341.4	0	0
Ne20	18617.7	0.652341	76341.4	0	0
O16	14895.1	0.293093	79410.8	3357.54	3357.01
Na24	22341.8	0.203541	74106.6	0	0
N16	14906	0.290594	72373.5	0	0
O16	14895.1	0.209377	94350.5	13879.6	13879.3
Mg24	22335.8	0.134206	90134.3	10618.2	10618.1
Na25	23272.4	0.190999	73495	0	0
O16	14895.1	0.503763	98183.3	16282.3	16280.9
O16	14895.1	0.398806	75136.2	1044.49	1043.78
Si28	26053.2	0.222843	81149	4001.71	4001.36
neutron	939.565	14.2356	74328.2	0	0
neutron	939.565	1.14	74328.2	0	0
neutron	939.565	0.929543	74328.2	0	0
Mg24	22335.8	0.827604	74328.2	0	0
Mg24	22335.8	0.209756	83037.1	5053.58	5052.76
neutron	939.565	0.434376	75193.1	0	0
Al27	25126.5	0.1105	75193.1	0	0
Si28	26053.2	0.480565	93706.4	13427.5	13425.7
O16	14895.1	0.343932	89240.7	10446.8	10446.2
Si28	26053.2	0.459698	88841	10236.4	10235.7
neutron	939.565	37.8722	73644.9	0	0
Na24	22341.8	1.6737	73644.9	0	0
Si28	26053.2	0.251301	92248.7	11551.6	11550.7
Al28	26058.3	0.187791	74367.2	0	0
O16	14895.1	0.607083	81634.6	4521.92	4521.19
Mg24	22335.8	0.197816	99079.5	16861.6	16860.7
Mg24	22335.8	0.153629	90406.7	9204.48	9204.1
O16	14895.1	0.318254	85181.9	5827.18	5826.77
neutron	939.565	0.606806	74020.2	0	0
Na23	21409.2	0.0826537	74020.2	0	0
neutron	939.565	16.3119	74666.5	0	0
neutron	939.565	1.13354	74666.5	0	0
Mg25	23268	0.592694	74666.5	0	0
Mg26	24196.5	0.132504	99269.5	16996.6	16996
Si28	26053.2	0.131401	99000	16696.7	16696.5
O16	14895.1	0.267961	90544.3	10421.9	10421.3
O16	14895.1	0.372771	82315.6	4819.6	4818.14
Si28	26053.2	0.15971	87425.4	7380.36	7379.85
Na24	22341.8	0.210657	72683.3	0	0
Si28	26053.2	0.203823	90675.6	10482.2	10481.8
Al27	25126.5	1.04671	88508.6	10105.7	9895.04
O16	14895.1	0.717325	85346.7	7946.13	7945.15
neutron	939.565	498.032	86507.4	6811.22	4123.84
neutron	939.565	11.5512	86507.4	6811.22	4123.84
alpha	3727.38	11.2178	86507.4	6811.22	4123.84
Be8	7454.85	1.90437	86507.4	6811.22	4123.84
N16	14906	0.288318	80485	0	0
neutron	939.565	3.72933	74214.5	0	0
C14	13040.9	0.827814	74214.5	0	0
Na24	22341.8	0.209735	75136.5	0	0
Na24	22341.8	0.196927	74966.7	0	0
Na24	22341.8	0.200485	79200.2	0	0
neutron	939.565	1.75733	73794.2	0	0
Mg26	24196.5	0.0635372	73794.2	0	0
O16	14895.1	0.241602	99978.3	17462.9	17462.3
neutron	939.565	0.436968	75478.5	0	0
Na23	21409.2	0.303739	75478.5	0	0
neutron	939.565	3.31219	84005.4	0	0
N15	13968.9	0.276559	84005.4	0	0
O16	14895.1	0.455036	83426.4	7054.85	7054.34
Si28	26053.2	0.388997	82328.9	4707.81	4706.22
neutron	939.565	1.86248	74465.8	0	0
neutron	939.565	0.892672	74465.8	0	0
F19	17692.3	0.0979155	74465.8	0	0
Al28	26058.3	0.162875	77615.6	0	0
Al28	26058.3	0.147779	75559.2	0	0
Fe56	52089.8	0.10001	89830.9	10861.7	10861.3
O16	14895.1	0.193985	79171.3	3587.38	3587.14
Mg25	23268	0.123406	78112.5	2897.76	2897.58
O16	14895.1	1.76945	77605.8	2566.69	2564.17
O16	14895.1	0.914535	84785.3	6683.73	6682.81
Si28	26053.2	0.11651	95641.7	14438.7	14438.5
neutron	939.565	23.8677	72272.6	0	0
neutron	939.565	0.601796	72272.6	0	0
Mg25	23268	0.822781	72272.6	0	0
O16	14895.1	0.355422	80575.1	3958.83	3958.43
Mg25	23268	0.128651	79002	3553.24	3553.04
neutron	939.565	1.412	72993.3	0	0
Mg25	23268	0.657833	72993.3	0	0
O16	14895.1	0.209287	83992.5	6629	6628.67
neutron	939.565	0.162493	75324.4	0	0
N15	13968.9	0.212724	75324.4	0	0
Na24	22341.8	0.201441	72029	0	0
O16	14895.1	0.396767	97515.7	15949.9	15949.3
Mg26	24196.5	0.207732	86414.3	8051.5	8050.32
O16	14895.1	1.17243	81173.2	3026.29	3024.95
Si28	26053.2	0.139887	92697.4	11530.1	11529.4
Si28	26053.2	0.125059	85078.8	4829.71	4829.48
Fe56	52089.8	0.107845	87745.1	8235.13	8234.74
Al28	26058.3	0.155053	73261.6	0	0
O16	14895.1	0.418771	97539	16043.9	16042.8
neutron	939.565	3.25352	73226.8	0	0
neutron	939.565	0.908915	73226.8	0	0
N14	13040.2	0.546846	73226.8	0	0
Si28	26053.2	0.640087	99825.6	17196.4	17195.7
Mg24	22335.8	0.127261	86384	8479.67	8479.51
O16	14895.1	1.05437	80319.4	4545.68	4543.81
O16	14895.1	0.217974	77433.5	2347.2	2346.52
neutron	939.565	4.93356	73453.8	0	0
N15	13968.9	0.686739	73453.8	0	0
O16	14895.1	0.307233	81019.7	3823.68	3823.34
O16	14895.1	0.219368	93052.1	12920.4	12919.3
Si28	26053.2	0.163955	99753	17318.9	17318.7
Si30	27913.2	0.112614	83584.1	6356.55	6355.27
O16	14895.1	0.193353	94940.3	14126.3	14125
N16	14906	0.291078	73549.5	0	0
Mg26	24196.5	0.279509	93219.7	13028.1	13027.8
neutron	939.565	1.39352	74333.2	0	0
neutron	939.565	1.22228	74333.2	0	0
Na22	20482.1	0.470349	74333.2	0	0
O16	14895.1	0.413939	81500.5	2975.21	2974.55
Na24	22341.8	0.213808	72828.8	0	0
Si30	27913.2	0.167091	83864.4	4601.43	4601.21
Si28	26053.2	0.405979	77935.4	857.341	856.894
O16	14895.1	0.553573	96111.4	14349.3	14348.6
N15	13968.9	0.333329	95399.4	13944.2	13400.6
neutron	939.565	5.07302	74250.6	0	0
Na23	21409.2	0.573116	74250.6	0	0
Na25	23272.4	0.211719	78368.2	0	0
O16	14895.1	0.394122	86634.1	8644.59	8644.09
O16	14895.1	0.205576	83360.8	6637.26	6636.85
Mg24	22335.8	0.498159	80243.6	4548.66	4547.69
Si28	26053.2	0.119348	90545.7	10629.9	10629.1
neutron	939.565	0.605658	73277.6	0	0
N15	13968.9	0.302781	73277.6	0	0
O16	14895.1	0.1998	75403.6	1089.95	1089.02
O16	14895.1	0.73884	74259.6	368.328	367.47
Na24	22341.8	0.217284	73785.1	0	0
O16	14895.1	0.328675	87767.6	8411.19	8410.84
Si28	26053.2	0.272038	83804.1	6031.36	6030.96
Si28	26053.2	0.154435	99954.4	17449.2	17447.5
neutron	939.565	2.67979	75966	0	0
Al27	25126.5	0.28264	75966	0	0
Fe56	52089.8	0.0910692	95299.7	14318.1	14317.9
neutron	939.565	2.81642	79392.8	0	0
N15	13968.9	0.158526	79392.8	0	0
O16	14895.1	0.371587	96996.7	15513.4	15512.5
Mg24	22335.8	0.145818	85926.8	4700.33	4700.04
O16	14895.1	0.23486	74084.6	348.136	347.85
O16	14895.1	0.204301	99780.4	17336	17335.7
O16	14895.1	0.411812	88962.6	10137.6	10136.4
neutron	939.565	25.8913	74386.3	0	0
neutron	939.565	4.81865	74386.3	0	0
Na23	21409.2	2.03635	74386.3	0	0
O16	14895.1	0.409802	92651.7	12822.7	12822.1
Al28	26058.3	0.177514	74182.4	0	0
Si28	26053.2	0.193371	95538.2	14078.7	14077.4
Si28	26053.2	0.129921	78235.8	2347.18	2346.72
neutron	939.565	1.84516	74381.4	0	0
Na23	21409.2	0.175006	74381.4	0	0
Mg24	22335.8	0.456842	95399	14474.7	14473.3
Si28	26053.2	0.180575	91542.3	11826.8	11826.4
Si28	26053.2	0.169556	84343	5062.6	5062.27
Mg27	25129.6	0.524924	76263.3	0	0
neutron	939.565	32.8024	72556.9	0	0
neutron	939.565	1.36129	72556.9	0	0
Mg25	23268	1.67767	72556.9	0	0
neutron	939.565	2.4573	73206.5	0	0
N15	13968.9	0.443113	73206.5	0	0
Mg24	22335.8	0.778353	93497.8	12078.7	12077.7
O16	14895.1	0.873038	94705.4	14082.2	14081
O16	14895.1	0.200063	80869.9	4099.51	4099.26
O16	14895.1	0.57991	76364.8	2420.61	2419.18
O16	14895.1	0.265261	97831	16115.4	16114.3
neutron	939.565	5.515	77243.4	0	0
Ne22	20479.7	0.124393	77243.4	0	0
O16	14895.1	0.204771	83880.3	6807.03	6805.88
Mg24	22335.8	0.150993	76497.6	984.707	984.488
O16	14895.1	0.339326	99989.7	17469.7	17469.2
neutron	939.565	1.7218	73136.8	0	0
Ne21	19550.5	0.748754	73136.8	0	0
neutron	939.565	2.19715	72805.2	0	0
N15	13968.9	0.326217	72805.2	0	0
O16	14895.1	0.21148	78683.1	601.943	601.571
Si28	26053.2	0.203314	88487.6	9192.26	9191.56
Si28	26053.2	0.23612	86408.7	7630.55	7630.18
N16	14906	0.287464	76115.9	0	0
Si28	26053.2	0.255194	99001.8	15942.3	15941.8
O16	14895.1	0.216276	88990.2	8469.12	8468.79
neutron	939.565	16.3008	75881.5	0	0
neutron	939.565	5.00105	75881.5	0	0
neutron	939.565	1.43663	75881.5	0	0
Ne20	18617.7	0.529653	75881.5	0	0
Mg24	22335.8	0.136759	93490.8	13294.3	13293.5
Si28	26053.2	0.294616	86359.7	8672.21	8671.56
neutron	939.565	11.1161	72973.3	0	0
neutron	939.565	4.99517	72973.3	0	0
N14	13040.2	1.05306	72973.3	0	0
Mg24	22335.8	0.16349	98622.2	16664.5	16664.1
O16	14895.1	0.401075	88404.4	8827.85	8827.35
Si28	26053.2	0.274297	89295.1	10608.3	10607.6
O16	14895.1	0.287792	79139.9	3785.92	3785.2
Mg25	23268	0.153741	90378.8	10468.9	10468.6
Mg24	22335.8	0.1897	86417	7557.3	7555.75
Na24	22341.8	0.204648	72242.6	0	0
Mg24	22335.8	0.231727	89668.4	9881.37	9881.06
O16	14895.1	0.239679	81484	4411.99	4411.47
Mg24	22335.8	0.174386	91946.3	11733.3	11733.1
neutron	939.565	5.42498	74124.2	0	0
neutron	939.565	3.24576	74124.2	0	0
neutron	939.565	1.38162	74124.2	0	0
C12	11174.9	5.3162	74124.2	0	0
Si28	26053.2	0.189051	98226.3	16310.6	16310.1
O16	14895.1	0.226722	76373.6	1920.02	1919.4
Al28	26058.3	0.188813	73217.3	0	0
Al28	26058.3	0.18308	77634.1	0	0
neutron	939.565	0.097499	75784.1	0	0
Al29	26988.5	0.150974	75784.1	0	0
O16	14895.1	0.736565	80748	4260.74	4259.93
Si28	26053.2	0.140266	99066.4	16800.9	16800.7
neutron	939.565	6.35827	72494.2	0	0
neutron	939.565	0.489751	72494.2	0	0
N14	13040.2	0.390642	72494.2	0	0
Mg24	22335.8	0.148056	87896.4	5999.9	5999.56
O16	14895.1	0.533545	84608.1	3601.93	3599.56
Si28	26053.2	0.682842	89213.5	10091.1	10090.4
O16	14895.1	0.203478	79666.4	3675.37	3675.01
O16	14895.1	0.239548	76009.7	1330.29	1329.83
neutron	939.565	0.83231	73903.8	0	0
N15	13968.9	0.143273	73903.8	0	0
O16	14895.1	0.295305	80177	4255.25	4254.81
neutron	939.565	21.4497	73377.4	0	0
Mg26	24196.5	1.25296	73377.4	0	0
neutron	939.565	0.174315	73159.2	0	0
Al27	25126.5	0.234251	73159.2	0	0
O16	14895.1	0.194625	73839.9	27.813	27.6108
neutron	939.565	1.25562	73833.5	0	0
Ne22	20479.7	1.98522	73833.5	0	0
Mg24	22335.8	0.621059	92323.1	12485.5	12484.8
Mg24	22335.8	0.150964	98908.8	16623	16622.8
O16	14895.1	0.256873	90167	11306.4	11306.1
neutron	939.565	9.66679	73020.3	0	0
neutron	939.565	1.36288	73020.3	0	0
Mg25	23268	0.30474	73020.3	0	0
Mg24	22335.8	0.241475	80179.2	4002.73	4002.45
Na24	22341.8	0.215647	73880.8	0	0
O16	14895.1	0.221994	90294.6	10543.5	10543
Si28	26053.2	0.814989	83183.4	4020.42	4019.55
Al28	26058.3	0.169167	76272.2	0	0
Al28	26058.3	0.185731	73074.1	0	0
Si29	26984.3	0.232301	91785.7	12147.9	12147.6
Al28	26058.3	0.181887	72873.5	0	0
Si28	26053.2	0.152683	90990.1	10258.6	10258.2
Al28	26058.3	0.176331	75206	0	0
Mg24	22335.8	0.164026	99016.8	16737.4	16735.6
O16	14895.1	0.719021	92788.1	12329	12328.2
Si29	26984.3	0.149478	87665.8	9005.62	9005.19
O16	14895.1	0.854863	82953.3	6093.87	6092.2
O16	14895.1	0.25056	81479.9	5181.48	5181.06
Mg26	24196.5	0.128508	90125.7	8194.84	8194.28
O16	14895.1	0.249692	85186.6	4943.83	4943.16
Mg26	24196.5	0.152155	82810.1	2699.77	2699.2
Na25	23272.4	0.173163	74793.6	0	0
neutron	939.565	3.68867	80291.5	0	0
C14	13040.9	0.29111	80291.5	0	0
Fe56	52089.8	0.0756294	95247.2	14083.4	14083.4
N16	14906	0.29195	74000.7	0	0
O16	14895.1	1.2647	95622.3	14473.1	14471.7
Si28	26053.2	1.01017	87997.6	9711.1	9710.08
Na24	22341.8	0.199319	73288.9	0	0
Mg24	22335.8	0.129491	98746	16687	16686.5
O16	14895.1	0.765818	92408.1	11602.4	11601.1
neutron	939.565	170.312	87469.1	8594.06	8080.19
Al26	24200	0.204919	87469.1	8594.06	8080.19
Si28	26053.2	0.610958	81382.9	4452.01	4451.25
O16	14895.1	0.200468	81151	5722.83	5720.83
O16	14895.1	0.308935	78998.5	2616.94	2616.41
O16	14895.1	0.38192	87223.7	9203.35	9202.22
O16	14895.1	0.44699	79434	3672.55	3671.75
Na24	22341.8	0.203389	73335.8	0	0
O16	14895.1	0.242729	97655.3	16097.6	16097
Mg24	22335.8	0.558661	77610	2707.41	2706.71
Mg24	22335.8	0.212383	98828.2	16685.2	16684.5
Si30	27913.2	0.171569	86043.3	7229.39	7229.08
O16	14895.1	0.229153	83614.3	5796.48	5796.18
Mg24	22335.8	0.316998	98823.2	16729	16728.4
Mg24	22335.8	0.200471	77258.7	2241.64	2240.88
neutron	939.565	5.75335	73597.9	0	0
N15	13968.9	0.736973	73597.9	0	0
Si28	26053.2	0.138139	78482.6	3288.42	3288.25
neutron	939.565	0.885608	72943.3	0	0
Na23	21409.2	0.141913	72943.3	0	0
neutron	939.565	607.941	96549.9	15154.2	13779.4
neutron	939.565	106.109	96549.9	15154.2	13779.4
alpha	3727.38	3.40924	96549.9	15154.2	13779.4
alpha	3727.38	8.34775	96549.9	15154.2	13779.4
alpha	3727.38	1.27607	96549.9	15154.2	13779.4
O16	14895.1	0.319036	81414.7	3934.68	3934.34
O16	14895.1	0.372569	81248.4	3849.72	3848.69
O16	14895.1	0.207065	77710.5	1753.19	1752.4
O16	14895.1	2.92319	97833.1	16021.6	16018.6
O16	14895.1	0.394668	91285.5	11880.1	11879.7
O16	14895.1	0.287852	87804.9	9760.81	9759.95
O16	14895.1	0.255489	84889.6	7802.22	7801.79
Si28	26053.2	0.290079	76547.3	2371.09	2370.36
O16	14895.1	0.380263	77040.9	2784.49	2784.08
O16	14895.1	1.36549	81338.6	4840.58	4838.52
Si28	26053.2	0.169424	77923.7	2817.02	2816.15
Al28	26058.3	0.160938	73235.3	0	0
Si28	26053.2	0.139052	91248.9	11442.3	11442.1
Si28	26053.2	0.47897	86342.5	8086.47	8085.85
Fe56	52089.8	0.293872	77803.5	1473.56	1473.11
neutron	939.565	3.7421	75415.3	0	0
neutron	939.565	3.20224	75415.3	0	0
Na24	22341.8	0.523842	75415.3	0	0
O16	14895.1	0.498165	90419.2	11536.5	11536
O16	14895.1	0.354112	79524.1	3510.67	3509.91
neutron	939.565	4.03934	98683	16668.8	16200.9
Na23	21409.2	0.47684	98683	16668.8	16200.9
Mg24	22335.8	0.130633	75323.7	1752.34	1751.89
Na24	22341.8	0.211308	78864.6	0	0
Al28	26058.3	0.179694	74477.8	0	0
Si28	26053.2	0.152471	85326.5	7538.2	7537.92
O16	14895.1	0.662728	76650.8	2356.51	2355.45
Na24	22341.8	0.215827	72785.8	0	0
neutron	939.565	0.215143	75506.4	0	0
Al28	26058.3	0.192698	75506.4	0	0
neutron	939.565	14.1468	76023.2	0	0
neutron	939.565	2.4826	76023.2	0	0
alpha	3727.38	5.95993	76023.2	0	0
B10	9324.44	6.74051	76023.2	0	0
neutron	939.565	9.02725	72371.4	0	0
C13	12109.5	1.60493	72371.4	0	0
O16	14895.1	0.589812	81515	5055.36	5054.27
Al28	26058.3	0.176304	73265.2	0	0
O16	14895.1	0.26325	96383.6	15142.1	15141
neutron	939.565	2.17052	74028.1	0	0
Al27	25126.5	0.328374	74028.1	0	0
neutron	939.565	4.19967	73439.9	0	0
neutron	939.565	2.25331	73439.9	0	0
N14	13040.2	0.209943	73439.9	0	0
alpha	3727.38	7.20125	75416.2	0	0
Ne22	20479.7	2.28865	75416.2	0	0
O16	14895.1	0.489943	88313.9	9211.73	9211.18
neutron	939.565	0.695493	74207.8	0	0
Ne22	20479.7	0.440461	74207.8	0	0
Mg26	24196.5	0.147635	73030.8	824.619	824.278
Si28	26053.2	0.125231	90083.6	11057.9	11057.7
Si28	26053.2	0.608442	96626.1	14112.7	14112
neutron	939.565	49.5394	97940.3	16307.4	15966.7
neutron	939.565	34.4516	97940.3	16307.4	15966.7
neutron	939.565	1.65185	97940.3	16307.4	15966.7
Ne21	19550.5	10.4317	97940.3	16307.4	15966.7
O16	14895.1	0.708645	91223.9	9613.37	9611.94
Si28	26053.2	0.160294	89465.4	6651.9	6651.52
N16	14906	0.275012	74644.9	0	0
neutron	939.565	3681.14	98611.3	16249.8	9028.49
neutron	939.565	278.482	98611.3	16249.8	9028.49
neutron	939.565	73.8219	98611.3	16249.8	9028.49
neutron	939.565	64.3722	98611.3	16249.8	9028.49
neutron	939.565	12.2569	98611.3	16249.8	9028.49
neutron	939.565	9.82484	98611.3	16249.8	9028.49
neutron	939.565	2.23779	98611.3	16249.8	9028.49
alpha	3727.38	10.0014	98611.3	16249.8	9028.49
alpha	3727.38	7.34234	98611.3	16249.8	9028.49
neutron	939.565	0.499265	84443	0	0
Al27	25126.5	0.128926	84443	0	0
O16	14895.1	0.194559	92464.1	10475.5	10475.3
O16	14895.1	1.21813	78023.8	834.004	832.449
O16	14895.1	0.252552	92063.3	11862	11861.6
neutron	939.565	4.32216	73187.9	0	0
neutron	939.565	2.45314	73187.9	0	0
Na24	22341.8	0.228021	73187.9	0	0
Si28	26053.2	0.139829	97834.5	16062.6	16062.4
neutron	939.565	6.70181	94554	13869.5	11502.7
neutron	939.565	2.71298	94554	13869.5	11502.7
alpha	3727.38	7.09413	94554	13869.5	11502.7
O16	14895.1	0.312101	94554	13869.5	11502.7
neutron	939.565	0.579802	77576.2	0	0
Al27	25126.5	0.262251	77576.2	0	0
O16	14895.1	0.582275	93832.7	13615.1	13614.1
O16	14895.1	2.65895	82856.5	6296.78	6293.32
Si28	26053.2	0.130975	77888.8	2546.52	2546.33
Al29	26988.5	0.184857	73403.2	0	0
Si28	26053.2	0.148117	74054.8	320.334	320.065
neutron	939.565	2.34371	84310.8	6931.49	6721.77
N15	13968.9	2.51704	84310.8	6931.49	6721.77
neutron	939.565	46.2963	73102.8	0	0
neutron	939.565	3.28999	73102.8	0	0
Ne22	20479.7	1.38738	73102.8	0	0
Si30	27913.2	0.205105	99689.5	17293.6	17293.3
O16	14895.1	0.83472	89861.1	11184.6	11183.1
O16	14895.1	0.299503	87820.2	9954.75	9954.35
Si29	26984.3	0.108261	83372.7	7057.59	7056.41
Mg24	22335.8	0.296299	96211.2	14937.6	14937.2
Mg24	22335.8	0.158782	95018.9	14242.8	14242.4
Mg24	22335.8	0.257774	76182.7	377.183	376.625
neutron	939.565	5.10343	75608.4	0	0
Ne22	20479.7	0.085629	75608.4	0	0
O16	14895.1	0.744275	74632.7	291.447	290.462
O16	14895.1	0.60436	77290.5	1992.22	1991.36
neutron	939.565	1.19872	74124.2	0	0
Na23	21409.2	0.15628	74124.2	0	0
Si29	26984.3	0.325288	83999.4	7510.36	7509.98
Fe56	52089.8	0.0726168	76948.9	2142.08	2141.96
neutron	939.565	30.0311	73275.7	0	0
neutron	939.565	3.56813	73275.7	0	0
neutron	939.565	2.03164	73275.7	0	0
alpha	3727.38	5.67373	73275.7	0	0
O16	14895.1	0.924916	73275.7	0	0
Mg27	25129.6	0.346557	73476.6	0	0
Si28	26053.2	0.129393	84061.3	6037.99	6037.77
Mg24	22335.8	0.144358	81013.5	3914.81	3914.63
neutron	939.565	15.6637	74988.4	0	0
neutron	939.565	3.98513	74988.4	0	0
Mg25	23268	1.16112	74988.4	0	0
N16	14906	0.286371	73223.3	0	0
O16	14895.1	0.638303	91215.2	11927.2	11926.1
Si28	26053.2	0.226445	96502.6	15317.7	15317.1
Mg24	22335.8	0.126262	79749.9	3913.11	3911.35
neutron	939.565	3.10055	74047.2	0	0
neutron	939.565	1.00575	74047.2	0	0
neutron	939.565	0.115992	74047.2	0	0
Mn53	49301.8	0.0344247	74047.2	0	0
O15	13971.2	3.74081	86619.5	6928.35	6597.67
O16	14895.1	0.397711	79862	2351.03	2350.02
O16	14895.1	0.192517	97981	15921.5	15920.7
Si28	26053.2	0.151493	80985.3	4760.32	4759.98
Si28	26053.2	0.12385	77463.1	3509.7	3509.54
neutron	939.565	0.389346	71625.7	0	0
Mn55	51161.7	0.0476991	71625.7	0	0
Fe57	53021.7	0.174123	96715.5	14279.9	14279.5
O16	14895.1	0.31491	76916.4	1344.07	1342.82
Al28	26058.3	0.176102	74579.8	0	0
O16	14895.1	0.421583	91661.1	12451.2	12450.5
neutron	939.565	27.1191	71706.3	0	0
neutron	939.565	5.46427	71706.3	0	0
neutron	939.565	3.45443	71706.3	0	0
Mg24	22335.8	1.95702	71706.3	0	0
neutron	939.565	0.642717	73630.9	0	0
Mn55	51161.7	0.123875	73630.9	0	0
O16	14895.1	0.228632	78554.9	3181.1	3180.51
Na24	22341.8	0.211333	74676.5	0	0
neutron	939.565	0.0754516	76048.9	0	0
N15	13968.9	0.330777	76048.9	0	0
Si28	26053.2	0.222185	93277.9	13003.4	13003
neutron	939.565	0.33866	74992	0	0
Al27	25126.5	0.197101	74992	0	0
O16	14895.1	0.365942	86924.8	7303.91	7302.55
Mg26	24196.5	0.265121	93702.8	13062.1	13061.2
neutron	939.565	8.64619	80142.5	0	0
C14	13040.9	1.83267	80142.5	0	0
O16	14895.1	0.352245	90302.8	5584.68	5584.26
neutron	939.565	6.86689	81626.4	0	0
neutron	939.565	2.64627	81626.4	0	0
neutron	939.565	1.11132	81626.4	0	0
Mg24	22335.8	1.17568	81626.4	0	0
neutron	939.565	2.96094	73110	0	0
neutron	939.565	1.811	73110	0	0
neutron	939.565	1.31601	73110	0	0
Mn53	49301.8	0.270854	73110	0	0
Mg24	22335.8	1.44219	84420.4	6025.38	6023.74
neutron	939.565	0.457342	73353.6	0	0
Na23	21409.2	0.146979	73353.6	0	0
O16	14895.1	0.316816	99868.5	17353.7	17352.9
Mg24	22335.8	0.134895	78382.6	2737.69	2737.36
neutron	939.565	0.644312	72145.2	0	0
Na23	21409.2	0.0927725	72145.2	0	0
O16	14895.1	0.199506	86826.5	9041.13	9040.85
O16	14895.1	0.284122	84145.2	7309.28	7308.92
O16	14895.1	0.200369	73269.7	574.571	573.945
Al28	26058.3	0.192137	76884.9	0	0
Si28	26053.2	0.222408	75682	998.635	997.789
Si28	26053.2	0.43728	81488.7	5146.27	5145.23
neutron	939.565	0.434118	81762.2	4905.08	4459.63
N13	12111.2	2.67247	81762.2	4905.08	4459.63
N16	14906	0.291977	74657.2	0	0
neutron	939.565	19.394	79109.4	0	0
neutron	939.565	4.19211	79109.4	0	0
N14	13040.2	2.20996	79109.4	0	0
Na24	22341.8	0.192342	72719.6	0	0
O16	14895.1	0.43651	95893.9	14470.9	14469.6
O16	14895.1	0.263531	94316	13496.7	13495.6
Si29	26984.3	0.111973	89825.4	10652.7	10651.9
O16	14895.1	0.341545	94255.3	13717.2	13715.7
N16	14906	1.06804	85075.2	7721.13	7378.62
O16	14895.1	0.25105	76172.9	1276.08	1274.85
Al28	26058.3	0.178982	74021	0	0
O16	14895.1	0.315348	96032.9	14711.6	14711.2
neutron	939.565	1.01495	73711.2	0	0
N15	13968.9	0.457192	73711.2	0	0
Al28	26058.3	0.173016	82067	0	0
O16	14895.1	0.42589	93909.1	13191.3	13190.9
neutron	939.565	4.93559	77690.1	0	0
neutron	939.565	0.983622	77690.1	0	0
Na23	21409.2	1.26467	77690.1	0	0
O16	14895.1	0.464674	81096.6	4622.94	4622.01
Mg24	22335.8	0.141003	97076.1	15611	15610.8
Si28	26053.2	0.141571	74134.7	713.476	713.047
O16	14895.1	0.30143	97275.4	15741.8	15741.5
neutron	939.565	8.30513	74470.3	0	0
neutron	939.565	3.80988	74470.3	0	0
neutron	939.565	1.45596	74470.3	0	0
C12	11174.9	3.70228	74470.3	0	0
O16	14895.1	0.281285	94692.9	14273.9	14273.3
Mg24	22335.8	0.176854	93722	13374.3	13373.9
Na24	22341.8	0.21692	75519.7	0	0
neutron	939.565	33.0361	76842.1	0	0
neutron	939.565	2.15529	76842.1	0	0
neutron	939.565	1.18768	76842.1	0	0
Mg24	22335.8	2.07382	76842.1	0	0
O16	14895.1	0.280003	99714.1	17320.7	17319.8
O16	14895.1	0.341654	89815.3	11213.8	11213.2
O16	14895.1	0.927292	77328.9	3082.19	3080.87
neutron	939.565	0.608303	72376.3	0	0
N15	13968.9	0.469268	72376.3	0	0
Na24	22341.8	0.20263	72722.5	0	0
neutron	939.565	32.6781	75623	0	0
neutron	939.565	12.7496	75623	0	0
neutron	939.565	0.054645	75623	0	0
Mg24	22335.8	1.47505	75623	0	0
neutron	939.565	2.53509	72627.4	0	0
neutron	939.565	1.48823	72627.4	0	0
neutron	939.565	0.929756	72627.4	0	0
Ne20	18617.7	0.706853	72627.4	0	0
neutron	939.565	6.3174	74669.3	0	0
neutron	939.565	1.82211	74669.3	0	0
neutron	939.565	1.65286	74669.3	0	0
Ne20	18617.7	1.48487	74669.3	0	0
O16	14895.1	0.303704	85656	7456.39	7456.01
neutron	939.565	2.42826	72539.2	0	0
neutron	939.565	0.748161	72539.2	0	0
alpha	3727.38	11.7053	72539.2	0	0
Ne21	19550.5	2.37899	72539.2	0	0
neutron	939.565	4.79493	73254.5	0	0
neutron	939.565	4.53287	73254.5	0	0
Mg24	22335.8	0.737078	73254.5	0	0
Mg24	22335.8	0.13927	96707.5	15518	15517.3
O16	14895.1	0.537715	94875.1	13762.4	13761.7
O16	14895.1	0.32745	99822.3	17312.1	17311.7
O16	14895.1	0.262715	95872.2	13889	13888.1
O16	14895.1	0.599252	87998.8	8710.17	8708.93
Mg24	22335.8	0.162974	74687.7	553.496	553.163
neutron	939.565	7.98205	73748.8	0	0
neutron	939.565	2.04503	73748.8	0	0
neutron	939.565	1.73096	73748.8	0	0
Mg24	22335.8	0.898272	73748.8	0	0
O16	14895.1	0.988747	87053.5	8827.06	8825.95
Mg24	22335.8	0.237869	86972.3	8786.21	8785.83
Al28	26058.3	0.171968	74524.1	0	0
Si30	27913.2	0.137413	76255.3	636.746	635.625
neutron	939.565	0.142131	71582.8	0	0
Mn55	51161.7	0.0976607	71582.8	0	0
O16	14895.1	0.230803	94274.7	13288.8	13287.9
neutron	939.565	22.7327	73795.1	0	0
neutron	939.565	9.61527	73795.1	0	0
neutron	939.565	3.2966	73795.1	0	0
C12	11174.9	3.11284	73795.1	0	0
O16	14895.1	0.224282	99513.6	17180.6	17179.8
Si29	26984.3	0.345449	88915.4	10665.1	10664.1
neutron	939.565	0.982528	72361.7	0	0
neutron	939.565	0.489105	72361.7	0	0
neutron	939.565	0.304969	72361.7	0	0
C12	11174.9	0.711915	72361.7	0	0
O16	14895.1	0.39348	78082.1	3020.29	3019.82
Si28	26053.2	0.164151	90937.8	11738.4	11737.3
Mg24	22335.8	2.81388	74845.6	1360.02	1356.92
neutron	939.565	10.7478	72678.7	0	0
Mg26	24196.5	1.27873	72678.7	0	0
Si28	26053.2	0.288676	94508.1	13367.3	13366.8
Si28	26053.2	0.181748	82661.5	5784.24	5783.88
N16	14906	0.283906	73936.2	0	0
O16	14895.1	0.373057	96975	13369	13368.5
Si28	26053.2	0.824677	77991.1	503.195	501.159
O16	14895.1	0.388887	73739.8	409.551	409.136
O16	14895.1	0.195808	74447.1	835.03	834.814
neutron	939.565	20.6578	73011.5	0	0
neutron	939.565	13.4727	73011.5	0	0
C12	11174.9	1.80379	73011.5	0	0
O16	14895.1	0.304928	85424.5	8258.8	8258.48
O16	14895.1	0.21368	80318.8	4692.68	4691.71
Al28	26058.3	0.16695	72971.4	0	0
Al28	26058.3	0.187317	73369.8	0	0
Na24	22341.8	0.212315	74029.3	0	0
O16	14895.1	1.30184	86803.1	7059.48	7057.08
Al28	26058.3	0.191377	75851.9	0	0
Si28	26053.2	0.260939	88021.5	8435.56	8433.77
Mg24	22335.8	0.214394	75717	263.443	262.356
Ne23	21414.1	0.202664	75361.1	0	0
neutron	939.565	2.19537	73105.6	0	0
N15	13968.9	0.297582	73105.6	0	0
Si28	26053.2	0.979515	91350.2	10194.3	10193
Al28	26058.3	0.155225	75008.9	0	0
Mg24	22335.8	0.14123	96461.6	15208.4	15208
Si28	26053.2	0.127904	87834	9469.88	9469.3
Mg26	24196.5	0.133283	87172.8	9093.87	9093.35
neutron	939.565	6.29631	72353.7	0	0
Al27	25126.5	0.0864579	72353.7	0	0
neutron	939.565	9.12401	76153.2	0	0
C13	12109.5	1.82976	76153.2	0	0
O16	14895.1	0.458019	99160.4	16958.6	16957.1
Al28	26058.3	0.183407	77090.3	0	0
Si28	26053.2	0.109083	93458.3	13723.6	13723.1
N15	13968.9	1.60244	86613.9	7597.66	7321.13
O16	14895.1	0.223523	84772.3	6307.53	6306.83
neutron	939.565	3.25785	74188.9	0	0
neutron	939.565	2.69874	74188.9	0	0
Ne21	19550.5	0.179601	74188.9	0	0
Al28	26058.3	0.180599	76930.6	0	0
Na24	22341.8	0.210631	79440.3	0	0
O16	14895.1	0.502278	87165.6	8995.43	8994.71
Si28	26053.2	0.459925	88800.9	10435	10434.4
neutron	939.565	5.18315	71883.8	0	0
neutron	939.565	4.84791	71883.8	0	0
neutron	939.565	1.73004	71883.8	0	0
Mg24	22335.8	1.15831	71883.8	0	0
Mg26	24196.5	0.155947	87765.9	9720.71	9720.15
Al28	26058.3	0.168118	72943.1	0	0
Si28	26053.2	0.186521	98626.9	16629.4	16628.7
Mg25	23268	0.139486	91017.8	11383.9	11383.5
O16	14895.1	0.192	78247	3283.86	3283.66
O16	14895.1	0.191919	95947.1	14654.4	14653.5
Si28	26053.2	0.153082	86226.8	8463.54	8463.15
neutron	939.565	6.66598	72147.4	0	0
N15	13968.9	1.13626	72147.4	0	0
neutron	939.565	1.17121	72884.7	0	0
Ne24	22344.8	0.489296	72884.7	0	0
Si28	26053.2	0.117849	80723.6	3519.47	3519.31
O16	14895.1	0.370879	94459.6	13744.1	13743.6
neutron	939.565	3.43599	77486.5	0	0
Ne22	20479.7	0.460758	77486.5	0	0
Al28	26058.3	0.176296	76752.6	0	0
Si28	26053.2	0.131244	82739.6	6648.88	6648.62
Al28	26058.3	0.172786	72187.2	0	0
Fe56	52089.8	0.172879	94394.1	14046.4	14046.1
Mg24	22335.8	0.204757	89260.7	10501.6	10501.3
Mg26	24196.5	0.142561	73038.6	163.766	163.057
Al28	26058.3	0.178957	74655.5	0	0
Al28	26058.3	0.184823	77017	0	0
O16	14895.1	0.686093	84118.1	7329.87	7329.19
Al28	26058.3	0.189864	72530.4	0	0
O16	14895.1	0.319854	77754.7	2876.53	2875.77
neutron	939.565	3.95669	72941.9	0	0
neutron	939.565	3.70572	72941.9	0	0
Mg25	23268	0.604762	72941.9	0	0
O16	14895.1	0.8765	75290.7	1035.11	1033.63
Mg24	22335.8	0.209871	83164.2	5582.39	5581.53
O16	14895.1	0.327168	98367	16301.7	16301.4
Si28	26053.2	0.108654	86207.7	8354.14	8353.9
O16	14895.1	0.222738	82375.5	5440.81	5440.14
neutron	939.565	32.548	75974.6	0	0
neutron	939.565	20.9425	75974.6	0	0
C13	12109.5	1.94763	75974.6	0	0
Mg24	22335.8	0.87163	79999.3	3715.76	3714.45
Na24	22341.8	0.202171	74446.2	0	0
Al28	26058.3	0.150442	74698.6	0	0
neutron	939.565	0.752971	74912.7	0	0
Mn55	51161.7	0.124851	74912.7	0	0
O16	14895.1	0.234296	87348.5	7628.39	7627.95
O16	14895.1	0.466144	87346.7	7626.67	7625.83
neutron	939.565	2.35083	75282.6	0	0
alpha	3727.38	5.85914	75282.6	0	0
Be8	7454.85	0.46768	75282.6	0	0
O16	14895.1	0.570517	94167.1	13158.5	13157.9
neutron	939.565	3.32488	74006.1	0	0
B11	10252.5	2.12066	74006.1	0	0
Si28	26053.2	0.128465	97287.7	13255.1	13254.7
N15	13968.9	0.849891	92133.1	8577.85	7803.12
neutron	939.565	3.09633	80112.9	0	0
neutron	939.565	0.92977	80112.9	0	0
Mg24	22335.8	1.97543	80112.9	0	0
neutron	939.565	0.171737	74483.1	0	0
Al27	25126.5	0.185286	74483.1	0	0
Al28	26058.3	0.184848	77088.4	0	0
neutron	939.565	16.012	76407.9	0	0
neutron	939.565	7.95623	76407.9	0	0
neutron	939.565	3.12489	76407.9	0	0
N15	13968.9	2.42196	76407.9	0	0
O16	14895.1	0.254744	94400	13954.3	13953.9
Si28	26053.2	0.344542	78194.8	2805.24	2804.36
neutron	939.565	7.72286	73483.5	0	0
Al27	25126.5	0.548515	73483.5	0	0
O16	14895.1	0.199147	90177	10983.2	10982.8
Fe56	52089.8	0.128149	81446.6	5710.24	5709.82
O16	14895.1	0.301368	98569.8	16580.5	16580.1
Si28	26053.2	0.62933	78055.5	2804.82	2804.02
neutron	939.565	38.5531	73485.7	0	0
neutron	939.565	2.79285	73485.7	0	0
neutron	939.565	0.762593	73485.7	0	0
C12	11174.9	5.00791	73485.7	0	0
O16	14895.1	0.395288	90964.9	11830.9	11830.4
Si28	26053.2	0.12844	75999.9	1817.18	1816.52
O16	14895.1	0.248941	90754.6	11756.4	11756.2
Si28	26053.2	0.113229	99239.2	16962.4	16961.3
neutron	939.565	3.31986	72497.4	0	0
neutron	939.565	0.0780503	72497.4	0	0
Mn54	50232.4	0.256657	72497.4	0	0
O16	14895.1	0.255751	84137.4	4874.51	4873.11
O16	14895.1	0.819831	93771.7	13169.5	13168.4
Na24	22341.8	0.208614	76176.8	0	0
O16	14895.1	0.288475	80200.6	4249.1	4248.17
O16	14895.1	0.239048	97809.1	15600.7	15600.4
Si28	26053.2	0.143301	92239.9	12072.8	12072.2
Si28	26053.2	0.11399	88888.8	9942.68	9942.26
O16	14895.1	0.193167	97812	16225.9	16225.2
O16	14895.1	0.368274	87373.2	9159.06	9158.43
Si28	26053.2	0.139074	76194.1	1439.9	1439.08
O16	14895.1	0.739517	74396.6	430.525	429.756
Si28	26053.2	0.126703	82140.8	4483.1	4482.97
Na24	22341.8	0.214388	74586.9	0	0
O16	14895.1	0.192941	86037	7039.73	7038.98
O16	14895.1	1.47306	76143.9	425.412	423.676
O16	14895.1	0.639235	89795.2	10940.2	10939
Mg24	22335.8	1.14607	80960.9	4551	4548.88
neutron	939.565	10.8882	73715.7	0	0
neutron	939.565	6.21938	73715.7	0	0
neutron	939.565	5.55432	73715.7	0	0
Ne20	18617.7	0.552579	73715.7	0	0
O16	14895.1	0.210911	90167.3	10037.6	10037.2
neutron	939.565	6.36043	73730	0	0
neutron	939.565	0.222514	73730	0	0
Al26	24200	0.297839	73730	0	0
Mg24	22335.8	0.141574	90802	11075.2	11074.9
neutron	939.565	0.940984	77046.9	0	0
Ne22	20479.7	0.0293711	77046.9	0	0
neutron	939.565	0.942293	72896.2	0	0
Mn55	51161.7	0.155745	72896.2	0	0
O16	14895.1	0.679685	81832.1	3833.61	3832.65
O16	14895.1	1.50567	78649.9	3305.1	3303.24
O16	14895.1	0.241636	87368.1	7444.04	7442.84
O18	16762	0.231818	97926.7	16240.4	16240
Si28	26053.2	0.218298	83080	5737.52	5736.83
O16	14895.1	0.606553	96799.6	15193.4	15192.8
O16	14895.1	0.373278	85668.7	8443.71	8443.2
O16	14895.1	0.607647	93990	13433.9	13432.9
Si28	26053.2	0.468058	81249.5	4853	4852.39
Al28	26058.3	0.187138	73347.4	0	0
Mg24	22335.8	0.332624	99978.7	17462.4	17462
neutron	939.565	44.0541	73209.5	0	0
neutron	939.565	4.23477	73209.5	0	0
C12	11174.9	1.23739	73209.5	0	0
neutron	939.565	3.77231	73263.3	0	0
neutron	939.565	1.69859	73263.3	0	0
Mg25	23268	0.808255	73263.3	0	0
Na24	22341.8	0.210624	82952.4	0	0
O16	14895.1	0.333177	85627.3	8196.87	8196.17
Mn56	52094	0.0778857	72049.1	0	0
O16	14895.1	3.06783	89750	8183.76	8180.64
Si28	26053.2	0.126174	88389.9	7290.82	7290.12
neutron	939.565	7.112	74246.8	0	0
neutron	939.565	1.71224	74246.8	0	0
N14	13040.2	0.869932	74246.8	0	0
Si28	26053.2	0.375158	75798.1	332.219	331.627
neutron	939.565	0.494735	75290.9	0	0
Mg26	24196.5	0.699382	75290.9	0	0
O16	14895.1	1.2221	85671.8	4363.29	4361.98
Mg24	22335.8	0.368343	89706.4	7400.06	7398.79
O16	14895.1	0.434033	77503.7	2547.8	2547.29
Al28	26058.3	0.185546	73294.7	0	0
neutron	939.565	5.56701	73496.2	0	0
neutron	939.565	0.243039	73496.2	0	0
Cr53	49301.7	0.471751	73496.2	0	0
O16	14895.1	0.222631	77164.7	1803.62	1803.12
O16	14895.1	0.461521	88204.9	9666.2	9665.41
N16	14906	0.278833	72954.7	0	0
O16	14895.1	0.452171	97436.1	15688.8	15688.3
neutron	939.565	7.36347	84724.6	7371.08	7046.53
N14	13040.2	6.27882	84724.6	7371.08	7046.53
neutron	939.565	0.882686	74431.8	0	0
N15	13968.9	0.342113	74431.8	0	0
O16	14895.1	0.197373	91896.4	11817.4	11816.5
Mg24	22335.8	0.171803	84898.6	7391.67	7390.13
Si28	26053.2	0.164866	80457.1	4273.86	4273.5
neutron	939.565	0.214259	73303	0	0
Na24	22341.8	0.163045	73303	0	0
Mg24	22335.8	0.247009	91444.4	11604.5	11603.9
O16	14895.1	0.236923	82863	5355.74	5354.94
O16	14895.1	0.451334	73895	835.79	835.109
O16	14895.1	0.222416	86445.4	7221.49	7221.09
Mg26	24196.5	0.177418	85570.8	6657.19	6656.48
neutron	939.565	0.8359	74336.3	0	0
Mg26	24196.5	0.86995	74336.3	0	0
Si28	26053.2	0.129745	80609	4151.86	4151.71
neutron	939.565	0.759591	73889	0	0
Al27	25126.5	0.285367	73889	0	0
O16	14895.1	0.249076	93244.6	13119.9	13118.2
Mg24	22335.8	0.132557	73817.4	386.092	385.806
N16	14906	0.284213	73244	0	0
O16	14895.1	0.271912	92947.3	11973.1	11971.7
O16	14895.1	0.250331	83282	5658.46	5658.11
O16	14895.1	0.963248	83764.1	6124.22	6123.16
O16	14895.1	1.15629	91733.3	11797.8	11796.5
neutron	939.565	13.6033	72687.3	0	0
neutron	939.565	6.63717	72687.3	0	0
neutron	939.565	2.96387	72687.3	0	0
C12	11174.9	1.3668	72687.3	0	0
O16	14895.1	0.334346	96781.2	15092.3	15091.5
neutron	939.565	0.77649	73415.5	0	0
Na23	21409.2	0.106595	73415.5	0	0
neutron	939.565	4.71026	76838.2	0	0
Na23	21409.2	0.0516725	76838.2	0	0
O16	14895.1	0.190528	86040.1	5571.69	5571
neutron	939.565	0.880443	76219.1	0	0
Al27	25126.5	0.192133	76219.1	0	0
Si28	26053.2	0.112902	81606.6	5842.87	5842.66
Mg24	22335.8	0.13973	74621.6	1554.73	1554.54
O16	14895.1	0.251563	91230.3	11833.4	11831.7
O16	14895.1	0.575968	95146.7	13545.5	13544.2
Si29	26984.3	0.117433	85212.3	6228.95	6228.78
neutron	939.565	3.194	75158.6	0	0
Mg26	24196.5	0.636295	75158.6	0	0
O16	14895.1	0.46375	94475.5	12097.5	12096.2
Si28	26053.2	0.133835	88867.1	7917.48	7915.21
Mg24	22335.8	0.214478	82305.3	5668.96	5668.45
Si28	26053.2	0.136887	78874.9	3476.23	3475.9
neutron	939.565	3.36452	73759.1	0	0
N15	13968.9	0.621708	73759.1	0	0
N14	13040.2	0.788292	92059.3	12422	12131.4
O16	14895.1	0.224496	89672.2	10691	10690.4
O16	14895.1	0.197377	82636.1	3741.92	3741.54
neutron	939.565	12.5742	76459.9	0	0
neutron	939.565	1.87429	76459.9	0	0
Ne21	19550.5	0.595521	76459.9	0	0
O16	14895.1	0.399173	86569.7	4992.47	4991.7
neutron	939.565	10.4566	78802	0	0
neutron	939.565	2.51423	78802	0	0
Ne21	19550.5	0.543673	78802	0	0
O16	14895.1	0.43346	94884.3	14071.9	14071.3
O16	14895.1	0.247915	82246.8	5663.53	5662.99
Fe56	52089.8	0.0553213	78223.5	3246.7	3246.18
O16	14895.1	0.566915	90411.9	10956.6	10955.9
O16	14895.1	1.26959	79201.4	3065.9	3064.03
Al28	26058.3	0.164157	73811.2	0	0
Si28	26053.2	0.109754	79961.3	4288.96	4288.6
O16	14895.1	1.04116	96082.5	14341.5	14340.3
O16	14895.1	0.383989	87139.2	8062.88	8061.98
O16	14895.1	0.222376	80584.8	3967.2	3966.96
neutron	939.565	11.7064	74305.5	0	0
neutron	939.565	9.6878	74305.5	0	0
neutron	939.565	6.465	74305.5	0	0
alpha	3727.38	6.38976	74305.5	0	0
O16	14895.1	1.44862	74305.5	0	0
O16	14895.1	0.190357	86686.4	8534.94	8534.75
Fe56	52089.8	0.150008	77718.2	2026.04	2025.69
neutron	939.565	4.03155	74433.5	0	0
neutron	939.565	2.57528	74433.5	0	0
Ne20	18617.7	0.590232	74433.5	0	0
Mn56	52094	0.0950605	77488.3	0	0
Si28	26053.2	0.353443	88580.1	8562.99	8561.07
neutron	939.565	18.5608	74844.2	0	0
neutron	939.565	9.0577	74844.2	0	0
neutron	939.565	3.8054	74844.2	0	0
C12	11174.9	2.07026	74844.2	0	0
Si28	26053.2	0.14982	82590	5527.83	5527.35
neutron	939.565	2.61678	73590.1	0	0
neutron	939.565	2.35853	73590.1	0	0
N14	13040.2	0.0707449	73590.1	0	0
Al28	26058.3	0.189721	76228.2	0	0
O16	14895.1	0.442481	99017.1	16834.1	16833.1
O16	14895.1	0.747358	78075.5	3417.6	3416.8
neutron	939.565	0.533869	72310.8	0	0
Al27	25126.5	0.213971	72310.8	0	0
O16	14895.1	1.00427	97878.6	16116.7	16115.4
Al28	26058.3	0.184669	72675.7	0	0
O16	14895.1	0.270063	91151.2	11120.8	11120.3
N16	14906	0.286676	72073.5	0	0
neutron	939.565	4.63165	75248.5	0	0
neutron	939.565	3.26147	75248.5	0	0
neutron	939.565	1.24044	75248.5	0	0
Ne22	20479.7	0.45357	75248.5	0	0
neutron	939.565	7.13325	73354.7	0	0
neutron	939.565	3.05598	73354.7	0	0
C13	12109.5	0.986965	73354.7	0	0
neutron	939.565	6.6318	73427.3	0	0
Mg26	24196.5	0.331015	73427.3	0	0
O16	14895.1	0.525775	96917.6	15593.8	15592.7
O16	14895.1	0.336519	95419.8	14761	14760.2
O16	14895.1	0.968294	95640.1	14767.4	14766.2
Al28	26058.3	0.186193	74298.6	0	0
Si30	27913.2	0.106542	98034.9	15278.6	15278.4
O16	14895.1	0.36844	89939.8	9672.88	9671.99
Si28	26053.2	0.142465	80192.5	3475.35	3475.07
Si28	26053.2	0.341587	96632.9	14719.1	14718.6
Si30	27913.2	0.127841	92585.2	12101.4	12099.9
O16	14895.1	0.770627	81739.9	4946.9	4945.61
neutron	939.565	4.21084	74036.1	0	0
neutron	939.565	2.0471	74036.1	0	0
C13	12109.5	2.20864	74036.1	0	0
neutron	939.565	7.49631	73696.8	0	0
B11	10252.5	1.2695	73696.8	0	0
Al28	26058.3	0.173413	72765.5	0	0
Mg24	22335.8	0.222518	76149.9	1546.07	1545.6
neutron	939.565	24.9354	72546.8	0	0
Mg26	24196.5	0.516803	72546.8	0	0
neutron	939.565	16.9911	75280.9	0	0
neutron	939.565	8.84571	75280.9	0	0
neutron	939.565	5.84604	75280.9	0	0
alpha	3727.38	5.33203	75280.9	0	0
Ne20	18617.7	2.76644	75280.9	0	0
neutron	939.565	7.69512	76916.4	0	0
neutron	939.565	4.09665	76916.4	0	0
Mg24	22335.8	0.903748	76916.4	0	0
neutron	939.565	1.76256	75788.6	0	0
C14	13040.9	0.226495	75788.6	0	0
O16	14895.1	0.396911	88193.7	8576.97	8576.2
neutron	939.565	294.194	87758.6	9494.02	8712.93
Ne21	19550.5	0.28347	87758.6	9494.02	8712.93
N16	14906	0.290173	73376.9	0	0
Si28	26053.2	0.161974	82587.9	4780.4	4780.04
neutron	939.565	7.83969	74654.1	0	0
Na24	22341.8	0.397094	74654.1	0	0
O16	14895.1	0.20931	97415.4	15712.6	15711.9
neutron	939.565	5.45448	73252.7	0	0
neutron	939.565	5.0198	73252.7	0	0
neutron	939.565	4.98323	73252.7	0	0
Ne22	20479.7	0.751206	73252.7	0	0
O16	14895.1	0.208924	99855.6	17388.2	17387.9
Mg25	23268	0.505506	89624.4	9902.41	9901.7
Na24	22341.8	0.198057	74357.6	0	0
neutron	939.565	109.96	87070.8	9104.03	8655.91
N14	13040.2	0.169631	87070.8	9104.03	8655.91
N14	13040.2	0.560354	84190.4	5842.87	4582.41
neutron	939.565	1.53328	73491.8	0	0
Ne22	20479.7	0.701342	73491.8	0	0
Si28	26053.2	0.554475	86265	7856.83	7856.25
neutron	939.565	4.76297	73187.8	0	0
neutron	939.565	1.30586	73187.8	0	0
neutron	939.565	0.878299	73187.8	0	0
Ne20	18617.7	0.455757	73187.8	0	0
neutron	939.565	8.06273	73350.2	0	0
neutron	939.565	2.19252	73350.2	0	0
C12	11174.9	1.05588	73350.2	0	0
neutron	939.565	0.763058	74950.4	0	0
Al27	25126.5	0.0826468	74950.4	0	0
Si28	26053.2	0.142658	93260.8	13056.1	13055.7
O16	14895.1	0.446669	84872.9	7128.41	7127.14
O16	14895.1	0.277101	76945.7	537.569	536.987
Mg24	22335.8	0.310093	79702.7	1687.74	1687.19
neutron	939.565	11.1622	71756	0	0
Mg26	24196.5	0.656052	71756	0	0
Si30	27913.2	0.104597	81739.1	3960.89	3960.72
neutron	939.565	27.7217	75341.2	0	0
Ne22	20479.7	1.17701	75341.2	0	0
neutron	939.565	12.9228	75783.5	0	0
neutron	939.565	8.72728	75783.5	0	0
N14	13040.2	1.30089	75783.5	0	0
Mg25	23268	0.306985	98589.9	16655.7	16655.1
Si28	26053.2	0.113918	86419.2	8781.11	8780.4
neutron	939.565	0.28181	83050.3	5674.28	4971.16
Fe54	50231.2	0.0453876	83050.3	5674.28	4971.16
Mg24	22335.8	0.170747	80354.3	2734.37	2733.95
Ne23	21414.1	0.231498	75776	0	0
O16	14895.1	2.24744	89301.5	10528.4	10525.3
neutron	939.565	2.86915	76424	0	0
Na23	21409.2	0.575502	76424	0	0
Mg24	22335.8	0.144084	93670.1	12971	12970.1
Si28	26053.2	0.164309	90946.2	11050.5	11049.6
Mg24	22335.8	0.14521	96412.3	14977	14976.6
Si28	26053.2	0.241272	85314.9	7951.25	7950.64
O16	14895.1	0.438489	82995.4	6490.81	6489.91
Mg24	22335.8	0.178818	74032	1039.62	1039.32
neutron	939.565	0.605595	72360.5	0	0
Al27	25126.5	0.118874	72360.5	0	0
neutron	939.565	1.0329	74021.2	0	0
neutron	939.565	0.90048	74021.2	0	0
Mg26	24196.5	0.435158	74021.2	0	0
Si28	26053.2	0.126261	92394.4	12355.9	12355.7
Mg24	22335.8	0.480127	84356.8	7371.62	7371.06
Si28	26053.2	0.158148	93476.3	13439	13438.7
O16	14895.1	0.222291	97119.4	15668.3	15667.8
Mg24	22335.8	0.582717	79276.7	3452.44	3451.16
neutron	939.565	1.0293	73608.8	0	0
Na23	21409.2	0.268427	73608.8	0	0
Mg24	22335.8	0.12843	93335	12861.6	12861
neutron	939.565	22.8763	72567.3	0	0
neutron	939.565	3.74254	72567.3	0	0
neutron	939.565	1.71802	72567.3	0	0
alpha	3727.38	6.85484	72567.3	0	0
alpha	3727.38	3.87576	72567.3	0	0
C12	11174.9	5.64844	72567.3	0	0
Mg24	22335.8	0.19213	78893.6	3346.5	3345.99
Al28	26058.3	0.184071	73322.5	0	0
Al28	26058.3	0.172827	74524.5	0	0
Mg25	23268	0.135124	92757	12037.8	12037.4
O16	14895.1	0.458139	89959.4	9947.11	9945.94
Al28	26058.3	0.181818	74035.7	0	0
neutron	939.565	4.73333	71770.1	0	0
Na23	21409.2	0.606648	71770.1	0	0
neutron	939.565	3.47175	75037.1	0	0
neutron	939.565	2.86573	75037.1	0	0
Ne21	19550.5	0.323911	75037.1	0	0
O16	14895.1	0.326337	78740.3	2818.17	2817.46
Si28	26053.2	0.129969	82502.3	5810.07	5809.72
Si28	26053.2	0.239711	83338.8	4475.85	4475.59
Si28	26053.2	0.239776	81654.7	3476.88	3476.44
Si28	26053.2	0.124426	79974.2	2461.3	2461.12
neutron	939.565	3.36874	76101.7	0	0
Si30	27913.2	0.140109	76381.8	2422.86	2422.58
neutron	939.565	20.0651	74084.1	0	0
neutron	939.565	5.89284	74084.1	0	0
neutron	939.565	5.67314	74084.1	0	0
Mg24	22335.8	3.43647	74084.1	0	0
Mg24	22335.8	0.98869	91734.8	11924.7	11923.6
O16	14895.1	0.351567	93344.7	11566	11565.5
neutron	939.565	7.32786	77139.7	0	0
Mg26	24196.5	0.353391	77139.7	0	0
neutron	939.565	4.72755	75919.1	0	0
neutron	939.565	3.8007	75919.1	0	0
neutron	939.565	3.26909	75919.1	0	0
Na23	21409.2	0.280551	75919.1	0	0
Si28	26053.2	0.156614	75648.3	2285.69	2285.29
Al28	26058.3	0.190787	71968.9	0	0
neutron	939.565	40.4451	72189.8	0	0
neutron	939.565	4.15442	72189.8	0	0
Ne21	19550.5	1.54211	72189.8	0	0
Mg24	22335.8	0.268467	82662.3	5712.8	5712.27
Mg25	23268	0.172717	97663.6	15684.6	15684
neutron	939.565	788.681	91269.5	11538.3	10555.7
C13	12109.5	0.165699	91269.5	11538.3	10555.7
O16	14895.1	0.205073	83272.1	5664.76	5663.53
Mg24	22335.8	0.201822	94796.7	14034.5	14032.8
Mg24	22335.8	0.134118	94502.4	13860.3	13860
O16	14895.1	0.281303	93289.4	13053	13052.1
Al28	26058.3	0.185122	74627.2	0	0
neutron	939.565	3.64438	73006.4	0	0
neutron	939.565	1.24181	73006.4	0	0
N14	13040.2	1.28616	73006.4	0	0
Si28	26053.2	0.165674	85173.1	6280.24	6279.11
Si28	26053.2	0.19771	94849.7	14036.2	14035.6
Mg26	24196.5	0.11724	86883.8	8658.5	8658.27
O16	14895.1	0.284652	76375.6	777.663	777.013
O16	14895.1	0.190472	95949.9	15126.3	15125
Na24	22341.8	0.203712	73183.7	0	0
O16	14895.1	0.448813	95021	13769.3	13768.3
neutron	939.565	1.80815	73162.2	0	0
Na25	23272.4	0.352947	73162.2	0	0
neutron	939.565	4.06852	91072.3	11734.5	11449.3
N14	13040.2	5.13746	91072.3	11734.5	11449.3
neutron	939.565	5.91792	74217.6	0	0
C13	12109.5	3.98485	74217.6	0	0
O16	14895.1	0.722459	93282.9	13019.5	13017.7
neutron	939.565	0.0377815	76749.5	0	0
N15	13968.9	0.328999	76749.5	0	0
Si28	26053.2	0.533946	89051.1	9722.39	9721.77
Mg27	25129.6	0.344361	75976.1	0	0
Na24	22341.8	0.220192	74446.5	0	0
neutron	939.565	6.80069	72866.1	0	0
neutron	939.565	5.28374	72866.1	0	0
neutron	939.565	2.0416	72866.1	0	0
Na23	21409.2	0.32027	72866.1	0	0
Mn56	52094	0.0945793	71926.3	0	0
O16	14895.1	0.219115	81048.3	5312.12	5310.59
neutron	939.565	28.1065	73100.7	0	0
C14	13040.9	2.88694	73100.7	0	0
O16	14895.1	1.66813	90050.2	9923.95	9921.77
Si28	26053.2	0.169829	86776.6	7771.15	7770.6
neutron	939.565	34.1841	78333.9	2522.94	2245.26
N14	13040.2	1.54182	78333.9	2522.94	2245.26
Si28	26053.2	0.156194	88727	8331.56	8330.94
Al28	26058.3	0.182061	75091.5	0	0
N15	13968.9	0.0337474	89411.1	10780.3	10211.6
neutron	939.565	3.49834	76313.6	0	0
neutron	939.565	1.49473	76313.6	0	0
C13	12109.5	1.66955	76313.6	0	0
Al28	26058.3	0.19264	72101	0	0
Al28	26058.3	0.182389	74764.2	0	0
O16	14895.1	0.198159	92032.9	12202.8	12202.6
neutron	939.565	3.02513	73885.9	0	0
Mg26	24196.5	0.538824	73885.9	0	0
Mg25	23268	0.196944	95254.5	14287.2	14287
O16	14895.1	0.21805	88575.2	9690.61	9690.21
O16	14895.1	0.3337	85622.8	7799.42	7798.77
neutron	939.565	4.6324	73890.6	0	0
neutron	939.565	4.13667	73890.6	0	0
neutron	939.565	1.98328	73890.6	0	0
Ne20	18617.7	3.08743	73890.6	0	0
O16	14895.1	0.408546	96626.9	14701.5	14700.6
O16	14895.1	0.198829	85300	6488.39	6488.07
O16	14895.1	0.412644	75708.6	587.87	587.425
neutron	939.565	0.456515	74763.8	0	0
Mg26	24196.5	0.374102	74763.8	0	0
neutron	939.565	0.872067	74299	0	0
Mg26	24196.5	0.140944	74299	0	0
Si28	26053.2	0.127362	96921	14934.1	14933.5
O16	14895.1	1.39225	95145.5	13790.8	13788.8
O16	14895.1	0.246425	82712.2	6142.36	6142.08
Si28	26053.2	0.175546	90056.1	9604.38	9604.13
neutron	939.565	13.6542	74887.1	0	0
neutron	939.565	9.29589	74887.1	0	0
neutron	939.565	0.128047	74887.1	0	0
C12	11174.9	1.42239	74887.1	0	0
O16	14895.1	0.274488	87283.5	8225.64	8224.72
Si28	26053.2	0.432197	76840.5	1701.21	1700.78
O16	14895.1	0.21467	99675.8	17212.6	17212.3
Si28	26053.2	0.154931	99596.1	17143.7	17143.4
Si28	26053.2	0.112557	93599.1	13408.9	13408.3
O16	14895.1	0.291497	78655.1	3689.13	3688.71
neutron	939.565	1.28365	72800.3	0	0
neutron	939.565	1.03185	72800.3	0	0
N14	13040.2	0.199361	72800.3	0	0
O16	14895.1	0.364566	91146.4	10856.4	10856
Fe56	52089.8	0.167124	87907.6	8565.98	8565.5
O16	14895.1	0.274835	74680.5	156.89	156.225
N16	14906	0.285703	74489.8	0	0
Mg24	22335.8	1.13165	77046.6	1914.3	1912.96
O16	14895.1	2.42355	75010.5	1330.1	1327.63
neutron	939.565	4.55362	72775.3	0	0
neutron	939.565	3.23539	72775.3	0	0
Mg25	23268	0.897509	72775.3	0	0
Al28	26058.3	0.165225	73382.6	0	0
Si28	26053.2	0.249525	78393.1	2608.77	2608.48
O16	14895.1	0.278853	76735.2	1588.1	1587.6
neutron	939.565	6.70311	73964.5	0	0
neutron	939.565	4.14511	73964.5	0	0
neutron	939.565	1.32158	73964.5	0	0
Na23	21409.2	0.556238	73964.5	0	0
O16	14895.1	0.310767	79174.5	2011.93	2011.61
O16	14895.1	0.285289	78565.9	3516.87	3516.56
Si28	26053.2	0.163133	96967.2	15599.9	15599.6
Al28	26058.3	0.153919	73544.4	0	0
O16	14895.1	0.310424	96922.9	15459.1	15458.5
Na24	22341.8	0.210885	72928.2	0	0
Na24	22341.8	0.214647	73275.5	0	0
O16	14895.1	0.568768	79125.9	2999.42	2998.26
Si28	26053.2	0.112978	98463.2	16544.2	16544.1
neutron	939.565	10.8393	74321	0	0
C12	11174.9	1.75878	74321	0	0
O16	14895.1	0.36245	97727.2	16169.9	16168.9
neutron	939.565	1.02794	75485.2	0	0
neutron	939.565	0.284644	75485.2	0	0
Mg27	25129.6	0.380755	75485.2	0	0
Mg24	22335.8	0.38811	83636.5	5966.21	5965.74
Fe56	52089.8	0.0975195	96704.9	15397.5	15396.4
N16	14906	0.288108	71973.3	0	0
Mg24	22335.8	0.303557	92639.3	12240.3	12239.5
O16	14895.1	0.364732	87712	8921.14	8919.99
Mg24	22335.8	0.199117	80838.9	4342.32	4342.06
Si29	26984.3	0.494679	79698.4	3167.51	3166.83
neutron	939.565	6.0805	75641	0	0
neutron	939.565	1.68956	75641	0	0
Al27	25126.5	0.397408	75641	0	0
neutron	939.565	15.5562	74269.8	0	0
neutron	939.565	4.48158	74269.8	0	0
alpha	3727.38	3.72894	74269.8	0	0
alpha	3727.38	4.47944	74269.8	0	0
N14	13040.2	7.29933	74269.8	0	0
Fe56	52089.8	0.0541974	91902.4	12183	12182.4
Na24	22341.8	0.196757	72487.1	0	0
Al28	26058.3	0.172919	72486.9	0	0
O16	14895.1	0.235285	99293	16762.9	16762.4
Mg24	22335.8	0.242203	88428.7	7077.36	7076.54
O16	14895.1	0.270352	95987.6	14935.4	14935.1
Si28	26053.2	0.117348	95613.3	14680.2	14679.7
neutron	939.565	2.03907	78197	0	0
Al27	25126.5	0.333094	78197	0	0
Si30	27913.2	0.11808	85560.6	7248.96	7248.61
neutron	939.565	1.24783	74055.7	0	0
neutron	939.565	0.113544	74055.7	0	0
Mg26	24196.5	0.258673	74055.7	0	0
O16	14895.1	0.240586	83770.4	5987.17	5986.72
Mg24	22335.8	0.153141	96228.5	14932.3	14932
O15	13971.2	1.41226	85308.6	8136.65	7520.86
O16	14895.1	0.504352	85926.3	8214.83	8213.83
Mg24	22335.8	0.36995	79711.6	3827.99	3827.32
O16	14895.1	0.192263	96633.5	15455.5	15455.2
Fe56	52089.8	0.234422	79649.7	3479.92	3479.57
Na24	22341.8	0.209588	73810.9	0	0
Si28	26053.2	0.469527	77825	3225.44	3224.68
Al28	26058.3	0.160479	72411.7	0	0
Mg24	22335.8	0.276228	99029.3	16927	16926.1
O16	14895.1	0.649235	91007.4	11908.8	11907.9
O16	14895.1	0.482438	87855.1	8727.81	8727.2
neutron	939.565	0.252759	73161.1	0	0
N15	13968.9	0.20031	73161.1	0	0
O16	14895.1	0.230991	83410.3	6586.01	6585.57
O16	14895.1	0.250074	83046.3	6287.97	6287.34
O16	14895.1	0.206899	97944	15620.9	15619.9
Si28	26053.2	0.222214	98724.5	16686.7	16686.2
N16	14906	0.294569	84270.1	0	0
Si28	26053.2	0.187384	77689.3	3251.53	3251.07
neutron	939.565	6.77321	72249.1	0	0
neutron	939.565	3.72923	72249.1	0	0
neutron	939.565	0.667405	72249.1	0	0
C12	11174.9	0.380722	72249.1	0	0
O16	14895.1	0.282685	93829.8	13544.9	13544.4
neutron	939.565	0.0384052	73232.8	0	0
Al27	25126.5	0.150857	73232.8	0	0
O16	14895.1	0.199378	83853.6	5897.9	5897.67
Si28	26053.2	0.221869	77235.1	1922.54	1922.17
neutron	939.565	2.10229	74792.3	0	0
Al27	25126.5	0.103537	74792.3	0	0
neutron	939.565	4.20471	74623.7	0	0
neutron	939.565	1.38094	74623.7	0	0
F20	18625.3	1.60827	74623.7	0	0
neutron	939.565	21.0772	73814.7	0	0
neutron	939.565	3.67065	73814.7	0	0
N14	13040.2	0.562595	73814.7	0	0
O16	14895.1	0.762935	75754.5	120.821	119.755
neutron	939.565	3.43617	72466.6	0	0
neutron	939.565	1.12327	72466.6	0	0
Na23	21409.2	1.82005	72466.6	0	0
neutron	939.565	3.41125	86684.1	7173.87	6295.72
alpha	3727.38	3.52878	86684.1	7173.87	6295.72
alpha	3727.38	4.7228	86684.1	7173.87	6295.72
alpha	3727.38	15.3491	86684.1	7173.87	6295.72
Na24	22341.8	0.168015	76181.3	0	0
Mg24	22335.8	0.208775	83323.6	7016.85	7016.56
Si30	27913.2	0.44464	76290.1	2261.16	2260.65
Si28	26053.2	0.240038	75600.4	1843.11	1842.49
O16	14895.1	0.525782	76172.9	1750.08	1749.24
neutron	939.565	0.704057	73253.4	0	0
Na23	21409.2	0.300058	73253.4	0	0
Mn56	52094	0.0885559	72211.9	0	0
O16	14895.1	0.88062	86834.1	8040.13	8038.8
Si28	26053.2	0.165542	85425.3	7172.02	7171.77
neutron	939.565	8.21895	74595.9	0	0
N15	13968.9	1.23587	74595.9	0	0
Mg26	24196.5	0.172797	81278	5976.13	5975.56
neutron	939.565	6.76967	71857.4	0	0
Na25	23272.4	0.903045	71857.4	0	0
O16	14895.1	0.235661	96968.3	15158.6	15158.1
Si28	26053.2	0.31644	91089.6	10830.3	10829.5
Na24	22341.8	0.205603	73967.1	0	0
O16	14895.1	0.190266	86730.9	8375.44	8374.98
Si28	26053.2	0.161957	94069.5	13817.1	13816.7
O16	14895.1	0.208652	86082.5	8747	8746.31
Si28	26053.2	0.263968	73804.6	712.559	711.691
Na24	22341.8	0.210926	72668	0	0
Si28	26053.2	0.477885	89686.6	10857.1	10856.3
Mg24	22335.8	0.127555	74349.3	972.403	972.164
neutron	939.565	0.526501	71548.9	0	0
Ne23	21414.1	0.329326	71548.9	0	0
O16	14895.1	0.929248	80947	3218.85	3217.63
N16	14906	0.289334	75462.5	0	0
neutron	939.565	24.5546	74063.1	0	0
neutron	939.565	15.971	74063.1	0	0
C13	12109.5	4.57279	74063.1	0	0
Mg24	22335.8	0.128032	86840.9	8623.31	8622.11
neutron	939.565	22.703	75296.1	0	0
neutron	939.565	5.52432	75296.1	0	0
Na23	21409.2	0.329425	75296.1	0	0
neutron	939.565	0.243342	73543.7	0	0
Al27	25126.5	0.117307	73543.7	0	0
neutron	939.565	6.20114	76185.5	0	0
neutron	939.565	3.06848	76185.5	0	0
Na22	20482.1	0.628238	76185.5	0	0
neutron	939.565	7.12314	73188.9	0	0
neutron	939.565	7.08648	73188.9	0	0
Ne21	19550.5	0.740573	73188.9	0	0
Al28	26058.3	0.179346	73482.3	0	0
O16	14895.1	0.262931	98034.8	16377.8	16377.5
O16	14895.1	0.211271	89957.9	10869.3	10868.9
O16	14895.1	0.474424	87564.6	8892.55	8891.93
O16	14895.1	0.21554	78053.2	3005.52	3004.62
O16	14895.1	0.655397	91954.6	12064.7	12063.8
Si28	26053.2	0.136604	83155	5737.78	5736.85
O16	14895.1	0.432822	77752.5	2619.53	2618.87
Al28	26058.3	0.174438	72434	0	0
O16	14895.1	0.249042	96421.4	15011.8	15010.6
O16	14895.1	0.353172	78207.3	3194.1	3193.18
neutron	939.565	8.06943	76167.2	0	0
neutron	939.565	2.20479	76167.2	0	0
C13	12109.5	0.417106	76167.2	0	0
neutron	939.565	5.03656	75341.8	0	0
neutron	939.565	3.75271	75341.8	0	0
Ne22	20479.7	0.861356	75341.8	0	0
neutron	939.565	1.95073	75857.3	0	0
neutron	939.565	0.477253	75857.3	0	0
Mg25	23268	0.201871	75857.3	0	0
neutron	939.565	6.37261	72453.5	0	0
neutron	939.565	4.9735	72453.5	0	0
neutron	939.565	4.84582	72453.5	0	0
alpha	3727.38	5.87148	72453.5	0	0
Na23	21409.2	0.92167	72453.5	0	0
Si28	26053.2	0.212423	94935.7	14190.8	14190.5
O16	14895.1	0.216801	86555	8257	8256.67
Na24	22341.8	0.197553	73550.9	0	0
O16	14895.1	1.10473	87139.6	7856.17	7854.52
O16	14895.1	0.195003	76943.1	858.594	858.259
neutron	939.565	4.2452	75476.5	0	0
neutron	939.565	1.12479	75476.5	0	0
Mg25	23268	0.440883	75476.5	0	0
O16	14895.1	0.205167	91154.4	11388.6	11387.9
Mg24	22335.8	0.161425	81053.6	4312.4	4312.22
neutron	939.565	635.066	93545.3	12557.7	10007.6
neutron	939.565	8.41973	93545.3	12557.7	10007.6
neutron	939.565	7.14283	93545.3	12557.7	10007.6
F19	17692.3	0.922181	93545.3	12557.7	10007.6
O16	14895.1	0.394335	92705.9	11111	11109.6
Mg24	22335.8	0.477502	97141.1	15333.5	15332.8
neutron	939.565	5.97759	73294.9	0	0
neutron	939.565	2.28328	73294.9	0	0
Ne21	19550.5	0.645468	73294.9	0	0
Si28	26053.2	0.116099	92793.1	12704.7	12704.2
Mg24	22335.8	0.378986	89922.5	10751.1	10750.3
Al28	26058.3	0.164237	73742.9	0	0
O16	14895.1	0.213364	98051.2	16127.7	16127.5
O16	14895.1	0.28413	87296.8	8536.43	8535.96
Mg24	22335.8	0.242777	75748.7	1823.85	1823.2
Fe56	52089.8	0.05974	91506.5	11561.9	11561
Al28	26058.3	0.169289	75899.4	0	0
O16	14895.1	0.330816	93857.8	11279.5	11278.8
O16	14895.1	1.00281	80754.1	1887.89	1886.84
O16	14895.1	0.4505	96242.4	14033	14032.2
O16	14895.1	0.262959	83697.3	4499.86	4499.28
neutron	939.565	12.2797	72758.5	0	0
neutron	939.565	2.35533	72758.5	0	0
neutron	939.565	0.479634	72758.5	0	0
C12	11174.9	3.33996	72758.5	0	0
Mg24	22335.8	0.698111	83289.2	5388.38	5386.85
neutron	939.565	0.579824	75248.9	0	0
Mg25	23268	0.682444	75248.9	0	0
Si28	26053.2	0.120596	85596.1	7846.2	7845.97
O16	14895.1	0.425289	82760.1	5907.5	5905.93
O16	14895.1	0.198944	83259	5943.77	5943.4
O16	14895.1	0.383244	98661	15580.5	15580
neutron	939.565	16.5607	74911.7	0	0
neutron	939.565	2.31771	74911.7	0	0
neutron	939.565	1.23476	74911.7	0	0
Mg24	22335.8	0.645951	74911.7	0	0
Fe56	52089.8	0.0727666	77095.1	2577.37	2576.59
Al28	26058.3	0.161249	74155.9	0	0
Si28	26053.2	0.133487	89841.3	6642.47	6642.33
O16	14895.1	0.425891	98838.2	16443	16441.7
Mg24	22335.8	0.139758	93541.1	12928.2	12926.9
O16	14895.1	0.229468	75974.7	1461.5	1461.03
O16	14895.1	0.371005	83402.7	6380.42	6379.98
O16	14895.1	0.263459	81426.3	5038.34	5037.99
neutron	939.565	31.0824	74449	0	0
neutron	939.565	8.15619	74449	0	0
neutron	939.565	1.23897	74449	0	0
Mn53	49301.8	0.713549	74449	0	0
Si28	26053.2	0.148923	91708	12212.7	12212.4
neutron	939.565	0.852069	73042.2	0	0
Al27	25126.5	0.306914	73042.2	0	0
O16	14895.1	0.206644	76248.2	1424.61	1424.14
Al28	26058.3	0.184903	73846.1	0	0
Si28	26053.2	0.309593	90333.4	9725.9	9725.42
O16	14895.1	0.252754	84577.9	6123.76	6123.07
Fe56	52089.8	0.0564605	79790.2	2196.33	2196.04
Na24	22341.8	0.213157	76079.2	0	0
O16	14895.1	0.286045	94056.8	13491.8	13490.7
O16	14895.1	0.317912	90921.4	11535.2	11534.8
neutron	939.565	1.51246	72742.6	0	0
Al27	25126.5	0.121875	72742.6	0	0
neutron	939.565	10.9067	73488.7	0	0
neutron	939.565	2.5604	73488.7	0	0
Ne21	19550.5	0.282027	73488.7	0	0
Mg24	22335.8	0.182504	97656.2	15508.9	15508.4
Al28	26058.3	0.163782	74087.3	0	0
He3	2808.39	17.1128	97641.1	15728.7	14821
Ne22	20479.7	6.1681	97641.1	15728.7	14821
O16	14895.1	0.273673	93133.9	11694.4	11693.9
Si28	26053.2	0.662372	89325.9	10257.8	10256.8
O16	14895.1	0.558406	95740.2	14809.5	14808.5
Si28	26053.2	0.330158	95498.6	14664.6	14663.9
neutron	939.565	25.4002	77387.3	0	0
neutron	939.565	2.67989	77387.3	0	0
neutron	939.565	1.73341	77387.3	0	0
Ne20	18617.7	1.48336	77387.3	0	0
neutron	939.565	1.64531	79887.1	0	0
Al27	25126.5	0.19096	79887.1	0	0
Si28	26053.2	0.431233	98217.5	16303.9	16302.6
O16	14895.1	0.279622	77817.7	2741.6	2741.26
O16	14895.1	0.452484	84813	7049.15	7048.68
neutron	939.565	5.87069	72618.9	0	0
neutron	939.565	2.56852	72618.9	0	0
neutron	939.565	1.82274	72618.9	0	0
Mg24	22335.8	0.234968	72618.9	0	0
O16	14895.1	0.204929	91640.8	11995.9	11995.6
neutron	939.565	4.6138	75482.9	0	0
Mg26	24196.5	0.370384	75482.9	0	0
neutron	939.565	10.8514	72911	0	0
neutron	939.565	2.83057	72911	0	0
Mg25	23268	0.432752	72911	0	0
Si28	26053.2	0.148053	98010	16025.6	16024.5
O16	14895.1	0.224387	91926.7	11338.5	11338.1
Si28	26053.2	0.123773	85304.8	8125.99	8125.43
O16	14895.1	0.244498	81447.1	5605.8	5605.4
neutron	939.565	193.398	80349.2	4868.74	4470.25
neutron	939.565	12.1488	80349.2	4868.74	4470.25
neutron	939.565	2.92357	80349.2	4868.74	4470.25
alpha	3727.38	6.87303	80349.2	4868.74	4470.25
alpha	3727.38	4.24234	80349.2	4868.74	4470.25
O16	14895.1	1.72921	76867.3	2478.4	2476.62
Al28	26058.3	0.187511	78721.9	0	0
O16	14895.1	0.202235	95247.9	14407.7	14407.2
O16	14895.1	0.199934	87778.1	9998.23	9997.64
Si28	26053.2	0.461943	75176.3	1930.73	1930.15
Mg25	23268	0.157409	73708.3	1097.33	1096.81
Si28	26053.2	0.126182	77140.3	1998.88	1997.75
neutron	939.565	2.96548	73257.2	0	0
neutron	939.565	2.66196	73257.2	0	0
neutron	939.565	0.0213955	73257.2	0	0
Cr52	48370	0.296799	73257.2	0	0
Si28	26053.2	0.26271	88987	9688.19	9687.32
O16	14895.1	0.325808	74406.9	508.393	507.887
Mg24	22335.8	0.206873	88089.3	9208.27	9207.61
O16	14895.1	0.195433	81178.4	4929.75	4929.32
Fe56	52089.8	0.058687	79634.8	3809.43	3809.33
neutron	939.565	1.07504	74404	0	0
N15	13968.9	0.264889	74404	0	0
Mg24	22335.8	0.170738	86282.5	6171.52	6170.92
neutron	939.565	21.9691	75991	0	0
neutron	939.565	13.3918	75991	0	0
Mg25	23268	1.21372	75991	0	0
O16	14895.1	0.215898	97145.5	15670.4	15670.1
O16	14895.1	0.217016	94572.2	13353.6	13352.5
neutron	939.565	7.51706	72539	0	0
neutron	939.565	0.750987	72539	0	0
Ne21	19550.5	0.39285	72539	0	0
neutron	939.565	126.971	95360.7	14403.6	13868.5
N14	13040.2	1.42987	95360.7	14403.6	13868.5
neutron	939.565	4.39929	76691.9	0	0
neutron	939.565	2.88182	76691.9	0	0
neutron	939.565	0.462516	76691.9	0	0
Ne20	18617.7	0.508466	76691.9	0	0
Mg25	23268	0.299024	92963	12726.8	12726.3
neutron	939.565	5.07006	76277	0	0
neutron	939.565	4.92787	76277	0	0
neutron	939.565	3.10576	76277	0	0
Mg24	22335.8	0.960443	76277	0	0
O16	14895.1	0.260474	92189.5	12451.6	12451.3
Si28	26053.2	0.217368	86969.6	8990.69	8990.07
Si28	26053.2	1.1451	76229.4	1956.87	1955.65
neutron	939.565	0.909883	73094.4	0	0
Al27	25126.5	0.123589	73094.4	0	0
Si28	26053.2	0.111506	98270	16444.5	16444.2
Na24	22341.8	0.208346	72923.9	0	0
Mg24	22335.8	0.14082	87325.3	9241.92	9241.54
O16	14895.1	0.22649	77571	3151	3150.75
O16	14895.1	0.316428	75634.4	1856.42	1856.05
neutron	939.565	1.40538	72525.9	0	0
Ne22	20479.7	0.32516	72525.9	0	0
O16	14895.1	0.960982	88914.4	9360.15	9358.87
Si28	26053.2	0.382461	88656.8	9464.28	9463.77
Fe56	52089.8	0.0719995	78147.8	3295.01	3294.84
Si28	26053.2	0.12073	96852.5	15548.8	15548.2
Fe56	52089.8	0.0637743	87437.6	9463.24	9463.13
O16	14895.1	0.720065	89515.6	11045.1	11044.4
O16	14895.1	0.313364	85192.8	5434.04	5433.61
O16	14895.1	0.227334	97535.5	15382.5	15382.3
Si28	26053.2	0.149983	95752	14142.6	14141.3
O16	14895.1	0.325449	77016.3	2234.88	2233.87
neutron	939.565	3.09248	73306.9	0	0
Na25	23272.4	0.685914	73306.9	0	0
O16	14895.1	0.197594	79129.9	3168.72	3168.36
neutron	939.565	12.1131	73872.6	0	0
neutron	939.565	3.33477	73872.6	0	0
neutron	939.565	2.84894	73872.6	0	0
C12	11174.9	1.18802	73872.6	0	0
Si28	26053.2	0.753246	89004.6	10142.9	10142.1
Mg28	26060.7	0.232019	72906.4	0	0
Mg24	22335.8	0.134633	80991.5	2819.76	2818.65
neutron	939.565	10.8037	76356.7	0	0
neutron	939.565	0.733369	76356.7	0	0
F20	18625.3	1.14348	76356.7	0	0
O16	14895.1	0.337969	89885.5	10895	10894.1
Na24	22341.8	0.198346	73185.3	0	0
Si28	26053.2	0.288613	95069.7	14573.4	14572.6
Si28	26053.2	0.217353	76869.9	778.152	777.49
Si28	26053.2	1.07755	95346.1	14521.6	14520.2
O16	14895.1	0.241058	81884.9	5831.25	5830.91
O16	14895.1	0.206851	93888.3	13442.5	13440.8
Mn56	52094	0.0913631	72569.4	0	0
O16	14895.1	0.279576	97293.1	15440.2	15438.1
O16	14895.1	0.47777	96470.8	14966.4	14965.7
Fe56	52089.8	0.134323	83403.9	6939.29	6938.48
O16	14895.1	0.23358	76324.4	2650.46	2649.4
O16	14895.1	0.272188	75172.3	1946.05	1945.74
O16	14895.1	0.259023	97441.4	15769.3	15768.8
Si28	26053.2	0.20719	87470.8	8967.54	8966.25
O16	14895.1	0.214099	79598.9	3806.35	3805.03
O16	14895.1	0.579645	76965.1	2047.34	2046.75
neutron	939.565	14.0078	73804.5	0	0
neutron	939.565	5.43086	73804.5	0	0
Mg25	23268	1.67533	73804.5	0	0
Al28	26058.3	0.179924	72464.4	0	0
neutron	939.565	5.97787	94732	13755	13450.6
neutron	939.565	1.6286	94732	13755	13450.6
Mg25	23268	0.653339	94732	13755	13450.6
neutron	939.565	6.33861	73760.1	0	0
neutron	939.565	1.37287	73760.1	0	0
neutron	939.565	0.0579107	73760.1	0	0
Mg25	23268	0.808591	73760.1	0	0
Si28	26053.2	0.218267	95983.9	14902.8	14902.2
Mg24	22335.8	0.227127	87436.8	9110.3	9109.17
neutron	939.565	6.82208	73134.6	0	0
Mg26	24196.5	0.119331	73134.6	0	0
Si30	27913.2	0.152541	94762	14039	14038.2
O16	14895.1	0.454985	74705.1	1626.27	1625.39
Na24	22341.8	0.182572	73592	0	0
neutron	939.565	15.1267	72731.5	0	0
neutron	939.565	3.61757	72731.5	0	0
neutron	939.565	1.58604	72731.5	0	0
Cr52	48370	0.153944	72731.5	0	0
O16	14895.1	0.257763	87195.9	7337.71	7336.9
Si28	26053.2	0.149522	82419.3	4342.94	4342.64
C14	13040.9	4.73164	96848.8	15592.3	15200
neutron	939.565	1.64909	75992.2	0	0
Na24	22341.8	0.14694	75992.2	0	0
O16	14895.1	0.554152	93891	12680.4	12679.8
neutron	939.565	212.367	84634	6486.31	6067.72
neutron	939.565	5.82555	84634	6486.31	6067.72
C11	10254	3.2858	84634	6486.31	6067.72
neutron	939.565	0.119333	74256.3	0	0
Al27	25126.5	0.191262	74256.3	0	0
O16	14895.1	0.329403	76417	1118.03	1117.03
Al28	26058.3	0.169262	74469.7	0	0
Na24	22341.8	0.214952	74120	0	0
O16	14895.1	0.580143	78309.2	973.421	972.665
O16	14895.1	0.264102	91812.1	12258.3	12257.9
O16	14895.1	0.238432	84787.9	3334.78	3334.36
neutron	939.565	4.29478	79216.4	0	0
Na23	21409.2	0.171713	79216.4	0	0
O16	14895.1	0.189837	93866.9	13044.4	13044
O16	14895.1	0.208939	84335.5	6747.65	6747.27
O16	14895.1	0.619375	80283.1	4830.3	4829.57
neutron	939.565	3.64317	72693.2	0	0
alpha	3727.38	9.37105	72693.2	0	0
O18	16762	1.17691	72693.2	0	0
O16	14895.1	0.463796	84663.1	7659.04	7657.98
O16	14895.1	0.194934	72919.7	389.78	389.461
Mg24	22335.8	0.445543	99636.3	17271.1	17270.6
O16	14895.1	0.229839	99486.9	17176.4	17175.3
Na24	22341.8	0.19953	73037.5	0	0
Si28	26053.2	0.127505	90423.8	10452.3	10451.6
Mg24	22335.8	0.126275	85933	7934.98	7934.81
Si28	26053.2	0.113149	96569.3	14857.6	14857.3
O16	14895.1	0.290188	89507.7	9479.15	9478.77
Mg25	23268	0.145718	92021	12219.3	12219
Al28	26058.3	0.173077	72222.1	0	0
O16	14895.1	0.222047	87327.3	9033.34	9032.72
Si28	26053.2	0.173127	82760.7	5166.26	5164.97
neutron	939.565	0.213865	73736.8	0	0
Al27	25126.5	0.12485	73736.8	0	0
O16	14895.1	0.298688	75140.9	371.38	370.741
neutron	939.565	8.9937	73779.3	0	0
neutron	939.565	5.53853	73779.3	0	0
alpha	3727.38	8.85405	73779.3	0	0
O17	15830.5	1.04529	73779.3	0	0
Mg24	22335.8	0.355762	80686.1	4989.09	4988.15
Na24	22341.8	0.196806	72442.4	0	0
Si28	26053.2	0.128533	92446	11389.6	11389.3
neutron	939.565	26.4018	74859.2	0	0
neutron	939.565	8.07027	74859.2	0	0
neutron	939.565	2.76836	74859.2	0	0
Mg24	22335.8	4.54829	74859.2	0	0
neutron	939.565	14.2169	74029.6	0	0
neutron	939.565	0.987672	74029.6	0	0
Ne21	19550.5	0.310954	74029.6	0	0
O16	14895.1	0.202224	94677	13515.1	13514.7
O16	14895.1	0.501992	89874.9	10482.9	10482.3
Si28	26053.2	0.123902	82850.8	5981.59	5981.41
Mn56	52094	0.0908928	79864	0	0
Mg24	22335.8	0.238898	77786	3098.54	3098.06
Mg24	22335.8	0.135873	91911.5	11520.1	11519.8
Mg26	24196.5	0.244455	87138.4	8071.01	8070.69
Mg24	22335.8	0.287095	82447.7	4414.79	4414.18
O16	14895.1	0.327169	80386.1	1617.64	1617.12
Al28	26058.3	0.172338	77553.2	0	0
O16	14895.1	0.519977	91490.7	11637.9	11637.3
Si29	26984.3	0.171036	74750.8	997.307	996.954
Na24	22341.8	0.191378	72294.7	0	0
Mg24	22335.8	0.21272	95365.8	13646.4	13644.6
Mg24	22335.8	0.137755	82572.9	4294.31	4294.11
Si28	26053.2	0.130966	83677.8	5746	5745.56
O16	14895.1	0.20666	77775.6	2659.28	2659.01
neutron	939.565	1.63841	73986.5	0	0
N15	13968.9	0.101865	73986.5	0	0
O16	14895.1	0.408598	87012.6	8855.5	8855.08
alpha	3727.38	4.43744	72751.4	0	0
O18	16762	3.28663	72751.4	0	0
neutron	939.565	6.49327	73028.7	0	0
N15	13968.9	0.154153	73028.7	0	0
Mg24	22335.8	2.44472	94040.5	13595.8	13593.1
O16	14895.1	0.388781	91918.4	12111.3	12110.7
Si28	26053.2	0.251347	84476	7085.71	7085.1
Mg24	22335.8	0.15572	80101.3	4238.42	4237.6
Na24	22341.8	0.197881	73289.9	0	0
Mg24	22335.8	0.158603	76910.4	2429.18	2428.7
neutron	939.565	4.33365	72899.7	0	0
neutron	939.565	3.78132	72899.7	0	0
neutron	939.565	2.32789	72899.7	0	0
C12	11174.9	1.75662	72899.7	0	0
O16	14895.1	0.198541	90286.4	4875.11	4874.44
O16	14895.1	0.560577	89929	4649.47	4648.89
O16	14895.1	0.257158	83615.5	3105.07	3104.61
Al28	26058.3	0.187629	78888.5	0	0
O16	14895.1	0.221291	89234.5	8652	8651.62
O16	14895.1	3.18188	81660.4	3906.64	3903.43
Si28	26053.2	0.121284	83223.4	6527.02	6526.4
O16	14895.1	0.320317	77483.3	1908.34	1907.96
neutron	939.565	1.76742	74247.7	0	0
N15	13968.9	0.442254	74247.7	0	0
O16	14895.1	3.09221	86852.3	8946.99	8943.78
O16	14895.1	0.221265	82904.8	4760.52	4759.96
neutron	939.565	4.89941	72402.4	0	0
Ne22	20479.7	0.266112	72402.4	0	0
neutron	939.565	0.299617	75109.8	0	0
Na23	21409.2	0.256861	75109.8	0	0
Mg24	22335.8	0.448268	86470.9	8251.83	8251.22
Al28	26058.3	0.170528	74343.8	0	0
Si28	26053.2	0.280969	90929.4	11841.7	11840.9
O16	14895.1	0.192854	89762	10860.2	10859.9
O16	14895.1	0.259274	82143.7	5997.62	5996.6
Al28	26058.3	0.187068	75722.3	0	0
Mg24	22335.8	0.153099	76084.7	1703.76	1703.24
Mg26	24196.5	1.0776	87756.8	7848.19	7846.9
neutron	939.565	6.22989	74914	0	0
neutron	939.565	5.2485	74914	0	0
neutron	939.565	2.87799	74914	0	0
Mg24	22335.8	0.191346	74914	0	0
O16	14895.1	0.444073	91554.1	11677.1	11676.3
neutron	939.565	0.997795	72623.4	0	0
Mg26	24196.5	0.496419	72623.4	0	0
O16	14895.1	0.348123	92830.7	12480.7	12480
O16	14895.1	0.388992	78150.9	937.247	936.715
O16	14895.1	0.290449	97673.7	16114.6	16113.1
Al28	26058.3	0.164539	73234.2	0	0
neutron	939.565	9.76143	72008.7	0	0
neutron	939.565	7.38287	72008.7	0	0
neutron	939.565	4.50308	72008.7	0	0
Mg24	22335.8	0.149318	72008.7	0	0
Mg24	22335.8	0.218457	74664.1	527.416	526.539
neutron	939.565	8.20263	73776.8	0	0
neutron	939.565	3.05572	73776.8	0	0
alpha	3727.38	5.74209	73776.8	0	0
alpha	3727.38	1.45843	73776.8	0	0
alpha	3727.38	4.48354	73776.8	0	0
O16	14895.1	0.353462	87460.4	8986.38	8985.7
O16	14895.1	0.296729	99602.4	17259.8	17259.3
neutron	939.565	29.9867	73291.1	0	0
neutron	939.565	0.448338	73291.1	0	0
Na23	21409.2	1.15421	73291.1	0	0
O16	14895.1	0.455963	95391	14310.9	14310.1
Si28	26053.2	0.117946	88892.7	8180.3	8179.86
Si28	26053.2	0.201322	84614.8	6268.39	6267.27
Si28	26053.2	0.229254	88616.4	9194.44	9194.16
Na24	22341.8	0.212563	73706.7	0	0
neutron	939.565	7.87331	76186.3	0	0
neutron	939.565	1.77871	76186.3	0	0
N14	13040.2	0.538097	76186.3	0	0
O16	14895.1	0.296407	96857.2	15267.8	15267.3
Si28	26053.2	0.189145	82100.4	5337.59	5337.23
Al28	26058.3	0.179127	75759.1	0	0
O16	14895.1	0.27504	84222.1	7059.06	7058.69
O16	14895.1	0.350193	87635.8	9372.29	9371.91
neutron	939.565	4.41965	99788.5	17360.6	16948.1
neutron	939.565	3.70377	99788.5	17360.6	16948.1
alpha	3727.38	10.163	99788.5	17360.6	16948.1
O16	14895.1	1.75293	99788.5	17360.6	16948.1
Si28	26053.2	0.11895	86676.6	8564.65	8564.52
neutron	939.565	4.0121	73759.4	0	0
neutron	939.565	1.3103	73759.4	0	0
C12	11174.9	1.04122	73759.4	0	0
O16	14895.1	0.283494	82461	5081.03	5080.7
neutron	939.565	2.89717	73729.9	0	0
neutron	939.565	0.759006	73729.9	0	0
Ne21	19550.5	1.10489	73729.9	0	0
O16	14895.1	0.614218	95929	13664.3	13663.3
neutron	939.565	5.67868	75507.4	0	0
N15	13968.9	0.864894	75507.4	0	0
O18	16762	0.2101	90927.8	10595.1	10594.4
O16	14895.1	0.328602	80457.2	3849.32	3848.63
neutron	939.565	10.2727	73950.5	0	0
neutron	939.565	8.09987	73950.5	0	0
neutron	939.565	1.69388	73950.5	0	0
alpha	3727.38	2.97722	73950.5	0	0
Be8	7454.85	1.61185	73950.5	0	0
Si28	26053.2	0.352149	83461	6886.19	6885.19
Si28	26053.2	0.189471	78431.5	3242.88	3242.62
neutron	939.565	7.50838	73415.3	0	0
neutron	939.565	0.894934	73415.3	0	0
alpha	3727.38	7.04309	73415.3	0	0
O17	15830.5	3.33017	73415.3	0	0
Mg26	24196.5	0.142076	85542.8	4309.66	4308.43
O16	14895.1	0.243579	80532	1035.42	1035.14
Si28	26053.2	0.518778	91890.1	12117.9	12117.1
Mg26	24196.5	0.126987	84901.1	7152.77	7150.99
O16	14895.1	0.209127	84238.2	3440.36	3439.89
O16	14895.1	0.19004	99228	16970	16969.1
O16	14895.1	0.441939	77439.4	1982.16	1981.65
O16	14895.1	0.367638	81270.6	1728.08	1727.28
N16	14906	0.292753	78273.2	0	0
Fe56	52089.8	0.09245	91225.6	8743.4	8743.23
neutron	939.565	7.66559	78170.9	0	0
neutron	939.565	6.44351	78170.9	0	0
neutron	939.565	6.43958	78170.9	0	0
C12	11174.9	1.63067	78170.9	0	0
O16	14895.1	0.478615	78689.9	3166.79	3166.28
neutron	939.565	13.1999	73245.8	0	0
neutron	939.565	7.14377	73245.8	0	0
neutron	939.565	5.43711	73245.8	0	0
alpha	3727.38	5.7727	73245.8	0	0
alpha	3727.38	3.34382	73245.8	0	0
alpha	3727.38	8.03766	73245.8	0	0
neutron	939.565	6.03241	74406.5	0	0
neutron	939.565	2.97294	74406.5	0	0
neutron	939.565	2.71236	74406.5	0	0
C12	11174.9	0.451486	74406.5	0	0
neutron	939.565	133.059	96775	15316.3	13546.1
neutron	939.565	2.95847	96775	15316.3	13546.1
alpha	3727.38	14.4774	96775	15316.3	13546.1
O16	14895.1	3.07906	96775	15316.3	13546.1
Si28	26053.2	0.177989	85562.3	4793.07	4792.32
neutron	939.565	26.927	78227.1	0	0
neutron	939.565	3.26357	78227.1	0	0
alpha	3727.38	10.0901	78227.1	0	0
Ne21	19550.5	0.658666	78227.1	0	0
neutron	939.565	14.8684	76985.7	0	0
neutron	939.565	9.05101	76985.7	0	0
neutron	939.565	4.58998	76985.7	0	0
alpha	3727.38	7.16999	76985.7	0	0
Be8	7454.85	0.751871	76985.7	0	0
Na24	22341.8	0.216586	78582.4	0	0
Si28	26053.2	0.149899	96766.5	15341.2	15340.8
O16	14895.1	0.310453	93852.2	13691.6	13690.8
O16	14895.1	0.202484	81879	5286.61	5286.17
neutron	939.565	0.0827477	73111.3	0	0
Mn55	51161.7	0.0709281	73111.3	0	0
O16	14895.1	0.205981	95552.6	14796.8	14796.5
Si28	26053.2	0.420253	78974.5	4136.52	4135.9
neutron	939.565	5.84921	72330.6	0	0
neutron	939.565	0.764151	72330.6	0	0
Na23	21409.2	2.57061	72330.6	0	0
Si28	26053.2	0.112145	79080.2	2913.78	2913.61
neutron	939.565	0.273052	94957.4	0	0
Al27	25126.5	0.180007	94957.4	0	0
Mg25	23268	0.174679	99579.1	17239.8	17238.6
O16	14895.1	0.413852	90642.8	10954.9	10954.5
O16	14895.1	0.209342	99984.7	17468.1	17467.5
neutron	939.565	14.0624	72751.9	0	0
Ne22	20479.7	0.59247	72751.9	0	0
Al28	26058.3	0.174489	74977	0	0
Si28	26053.2	0.145622	74339.5	857.769	856.213
neutron	939.565	16.9362	74390.7	0	0
neutron	939.565	14.359	74390.7	0	0
C13	12109.5	0.161305	74390.7	0	0
O16	14895.1	0.193552	82434.5	5270.02	5269.36
Si30	27913.2	0.34102	95639.6	14721	14720.1
neutron	939.565	9.18415	76839.1	0	0
neutron	939.565	8.53774	76839.1	0	0
Na24	22341.8	0.0943325	76839.1	0	0
O16	14895.1	0.191939	92854.8	12605.8	12605.4
O16	14895.1	0.286944	91101	11275.5	11274.5
Si28	26053.2	0.167495	82985.9	5590.12	5589.07
O16	14895.1	0.208736	79824.8	3960.12	3959.81
Al28	26058.3	0.189254	74304.4	0	0
O16	14895.1	0.386931	84983.3	5141.54	5140.76
Na24	22341.8	0.215312	77524.5	0	0
O16	14895.1	0.262875	92937	13256.5	13255.8
O16	14895.1	0.248271	91457.1	11918.5	11918.2
neutron	939.565	579.712	86991.9	8505.64	7399.66
neutron	939.565	152.836	86991.9	8505.64	7399.66
neutron	939.565	1.68409	86991.9	8505.64	7399.66
Mg26	24196.5	2.42722	86991.9	8505.64	7399.66
neutron	939.565	6.38701	74076.2	0	0
neutron	939.565	1.30799	74076.2	0	0
Ne21	19550.5	0.331461	74076.2	0	0
Al28	26058.3	0.192194	76583.2	0	0
Fe54	50231.2	0.0709998	94131.1	13637.5	13637.2
Si28	26053.2	0.174896	81295.2	5225.81	5225.61
Al28	26058.3	0.181509	73096.6	0	0
O16	14895.1	0.383002	89213.9	8579.09	8578.58
Si28	26053.2	0.113457	76191	1764.62	1764.47
Si28	26053.2	0.116581	96858.7	15463.5	15462.5
Mg24	22335.8	0.13582	87264.1	9617.26	9617.08
Fe56	52089.8	0.0894463	86016.5	7999.93	7999.24
Fe56	52089.8	0.0700576	76117.7	985.412	984.447
O16	14895.1	0.428703	99204.3	17025	17024.5
O16	14895.1	0.3497	97386.6	15886.4	15886
O16	14895.1	0.380919	75808	915.484	914.891
O16	14895.1	0.274471	75801.7	912.256	911.336
Al28	26058.3	0.187695	73552.8	0	0
Mg24	22335.8	0.323263	85548.7	7581.3	7580.56
O16	14895.1	0.636579	96541.3	15343.2	15342.6
Al28	26058.3	0.16193	73116.6	0	0
Al28	26058.3	0.146327	75782	0	0
Mg24	22335.8	0.1268	88343.1	10307.1	10306.8
O16	14895.1	0.230128	87321.3	9330.7	9330.4
Al28	26058.3	0.182012	72171.8	0	0
neutron	939.565	16.4806	73679.3	0	0
neutron	939.565	5.02186	73679.3	0	0
neutron	939.565	4.53707	73679.3	0	0
neutron	939.565	3.8978	73679.3	0	0
Cr51	47442.5	1.06185	73679.3	0	0
Mg25	23268	0.164661	77788.8	1833.07	1832.67
Mg25	23268	0.142974	87623.5	8655.84	8655.54
Mg24	22335.8	0.249014	87056.9	8230.89	8230.45
neutron	939.565	13.9601	93781	13358.1	12566.5
neutron	939.565	0.868504	93781	13358.1	12566.5
B11	10252.5	10.0073	93781	13358.1	12566.5
O16	14895.1	0.193023	90771.1	10525.3	10525
O16	14895.1	0.415349	79300.8	3044.09	3043.66
Mg26	24196.5	0.144917	76975.9	1564.02	1563.58
neutron	939.565	126.594	95956	13825.2	11979
neutron	939.565	13.7857	95956	13825.2	11979
neutron	939.565	2.58537	95956	13825.2	11979
B11	10252.5	2.62607	95956	13825.2	11979
neutron	939.565	5.01947	72700	0	0
neutron	939.565	0.52259	72700	0	0
B12	11188.7	1.80922	72700	0	0
O16	14895.1	0.521035	90477.8	11133.7	11132.8
neutron	939.565	25.4662	72600	0	0
neutron	939.565	2.45575	72600	0	0
Al26	24200	1.20063	72600	0	0
O16	14895.1	0.250296	79093.8	2801.53	2801.02
Mn56	52094	0.089945	72954.6	0	0
neutron	939.565	5.47033	73610	0	0
neutron	939.565	2.17556	73610	0	0
Mg25	23268	0.469961	73610	0	0
neutron	939.565	0.367852	73306.4	0	0
Mn55	51161.7	0.0908094	73306.4	0	0
Fe56	52089.8	0.0600647	88197.3	9608.06	9607.75
O16	14895.1	1.09924	81822	5024.78	5023.24
Fe56	52089.8	0.21363	75185.6	1087.63	1086.76
Si28	26053.2	0.1385	88574.3	10317	10315.9
O16	14895.1	0.208063	76323.3	1629.42	1628.75
neutron	939.565	3.92956	73559.6	0	0
neutron	939.565	3.05395	73559.6	0	0
C13	12109.5	1.8672	73559.6	0	0
Si28	26053.2	0.122781	93120.5	13007	13006.9
Al28	26058.3	0.17905	73335.9	0	0
Mg24	22335.8	1.45337	92573.3	12572.9	12571.1
Si28	26053.2	0.848082	90368.4	11150.1	11149.1
Mg24	22335.8	0.396784	76203.3	2016.59	2015.88
Si28	26053.2	0.654065	82148.1	1805.8	1804.86
Si28	26053.2	0.345731	79909.2	5011.21	5010.78
neutron	939.565	30.0366	71514.5	0	0
neutron	939.565	3.5266	71514.5	0	0
neutron	939.565	0.897333	71514.5	0	0
Mn53	49301.8	0.481792	71514.5	0	0
Mg26	24196.5	0.134896	83236.3	5911.75	5911.53
Si28	26053.2	0.806553	98363.5	16415.8	16414.8
Si28	26053.2	0.699661	84140.1	6438.47	6437.24
neutron	939.565	7.60503	74829.9	0	0
neutron	939.565	1.49041	74829.9	0	0
Na24	22341.8	0.032675	74829.9	0	0
Si28	26053.2	1.2756	84921.2	7754.46	7752.96
Si28	26053.2	0.333942	89551	10540.4	10539.9
O16	14895.1	0.994862	98509	16526.4	16525.4
O16	14895.1	0.364336	88670.6	9079.52	9077.84
O16	14895.1	0.40492	79905.6	3571.48	3570.48
Si28	26053.2	0.189031	84669.6	7612.29	7611.82
Al28	26058.3	0.160418	72827.4	0	0
O16	14895.1	0.284345	78371.9	2596.98	2595.89
O16	14895.1	0.279273	77198.5	1858.11	1857.62
neutron	939.565	3.86854	74048.9	0	0
neutron	939.565	2.55779	74048.9	0	0
neutron	939.565	1.84228	74048.9	0	0
C12	11174.9	0.177062	74048.9	0	0
N15	13968.9	0.254595	90623.5	11193.8	10812.5
Al28	26058.3	0.170661	73562.5	0	0
O16	14895.1	0.247364	94537.8	14027.7	14026.8
Si28	26053.2	0.16049	94873.1	14282.7	14282.4
Si28	26053.2	0.546338	90864.1	11667.7	11667.1
O16	14895.1	0.344982	85871.7	8085.54	8084.57
neutron	939.565	7.59024	73087.1	0	0
neutron	939.565	0.182101	73087.1	0	0
Mg25	23268	1.17169	73087.1	0	0
Si28	26053.2	1.05048	94557.5	11939.6	11937.7
Mg26	24196.5	0.186687	78503.9	2763.07	2762.28
neutron	939.565	5.39552	74239.4	0	0
neutron	939.565	0.318622	74239.4	0	0
Mg25	23268	0.482123	74239.4	0	0
neutron	939.565	0.917243	74412.8	0	0
Al27	25126.5	0.264634	74412.8	0	0
O16	14895.1	0.391062	96490.8	15108.2	15107.7
Mg24	22335.8	0.127361	97429.9	15455.9	15455.7
Mn56	52094	0.0836779	78232.4	0	0
neutron	939.565	2.84383	73904.6	0	0
neutron	939.565	1.1409	73904.6	0	0
Na22	20482.1	0.265817	73904.6	0	0
Si29	26984.3	0.157857	77897.6	2466.67	2466.49
neutron	939.565	22.678	73752.5	0	0
neutron	939.565	2.62081	73752.5	0	0
N14	13040.2	1.50937	73752.5	0	0
neutron	939.565	0.0857818	71987.2	0	0
Mn55	51161.7	0.109996	71987.2	0	0
Fe56	52089.8	0.210461	81589.6	1061.73	1061.43
Mg24	22335.8	0.134788	91430.5	9660.8	9660.5
N16	14906	0.291365	74458	0	0
O16	14895.1	0.371026	81256.8	5014.26	5013.23
neutron	939.565	46.1772	73088.3	0	0
neutron	939.565	0.908242	73088.3	0	0
Mg25	23268	1.30372	73088.3	0	0
O16	14895.1	0.189281	81748.2	3798.26	3797.88
O16	14895.1	0.237486	79000.4	2981.46	2981.21
O16	14895.1	0.279176	77374.6	2060.91	2060.29
neutron	939.565	7.55699	73995.9	0	0
neutron	939.565	4.1851	73995.9	0	0
neutron	939.565	2.27577	73995.9	0	0
C12	11174.9	0.693993	73995.9	0	0
O16	14895.1	0.200477	79861.7	1114.53	1113.63
Si28	26053.2	0.344365	79542	3656.26	3655.68
Mn56	52094	0.0854802	73919.2	0	0
Al28	26058.3	0.182627	74757.6	0	0
Mg26	24196.5	1.17246	83226.8	4012.1	3070.77
Al28	26058.3	0.185706	77924.8	0	0
O16	14895.1	0.245501	89909.3	11088.8	11088.4
O16	14895.1	0.192177	76743.2	2647.48	2646.92
O16	14895.1	0.209967	79607.8	3609.2	3608.37
O16	14895.1	0.324667	79783	4163.32	4162.71
N16	14906	0.287794	72836.5	0	0
Al28	26058.3	0.177322	75562.1	0	0
O16	14895.1	0.363163	96456.4	14558.1	14557.8
Si28	26053.2	0.139918	85201.9	7863.41	7863.09
O16	14895.1	0.269516	78088.3	3160.4	3159.52
neutron	939.565	8.15699	73198.8	0	0
Na25	23272.4	0.160841	73198.8	0	0
O16	14895.1	0.409614	94131.4	13427.6	13427
Si28	26053.2	0.136097	91824.1	8333.82	8333.53
O16	14895.1	0.26625	81596.4	5013.54	5012.66
Al28	26058.3	0.186585	73358.9	0	0
neutron	939.565	3.64148	74699	0	0
F21	19556.7	1.61613	74699	0	0
O16	14895.1	0.270973	79797.1	3795.89	3795.58
O16	14895.1	0.489784	92618.5	12760.8	12760.1
O16	14895.1	0.233568	87072.4	9248.9	9248.51
Mg26	24196.5	0.35092	75313.8	1295.69	1295.33
Fe56	52089.8	0.112198	94874.4	10070.7	10070.5
O16	14895.1	0.487374	93947.4	9540.65	9540.12
O16	14895.1	0.203811	89749.8	6804.61	6804.28
neutron	939.565	0.562711	78271.5	0	0
Ne21	19550.5	0.928538	78271.5	0	0
Si28	26053.2	0.219099	87780.6	9788.75	9787.88
Si28	26053.2	0.145558	75279.8	1465.8	1465.23
neutron	939.565	3.39223	75933.6	0	0
N15	13968.9	0.39268	75933.6	0	0
neutron	939.565	661.993	89289	10077.4	8987.44
neutron	939.565	3.88797	89289	10077.4	8987.44
alpha	3727.38	6.12248	89289	10077.4	8987.44
alpha	3727.38	3.24449	89289	10077.4	8987.44
alpha	3727.38	8.33652	89289	10077.4	8987.44
N16	14906	0.283436	73769.7	0	0
O16	14895.1	0.345211	85183.4	7824	7821.95
Al28	26058.3	0.191749	73030.7	0	0
O16	14895.1	0.490459	92561.1	12105	12104
O16	14895.1	0.192426	82757.6	5504.09	5503.8
neutron	939.565	5.24645	75013.6	0	0
neutron	939.565	4.02966	75013.6	0	0
Na22	20482.1	0.974777	75013.6	0	0
Mg24	22335.8	0.213509	77746.4	2789.59	2789.29
Na24	22341.8	0.198793	73239	0	0
Si28	26053.2	0.128856	80877.7	4870.81	4870.1
O16	14895.1	0.197973	74593.8	1247.44	1247.14
Si28	26053.2	0.149334	94010.5	13269.7	13269.3
O16	14895.1	0.645108	83604	6626.07	6625.34
Na24	22341.8	0.208161	73487	0	0
neutron	939.565	0.514163	73254.8	0	0
Mg26	24196.5	0.0671299	73254.8	0	0
Mg24	22335.8	0.187068	89350.3	10581.7	10581.4
neutron	939.565	23.9011	75456.5	0	0
neutron	939.565	4.19904	75456.5	0	0
Mg25	23268	2.58117	75456.5	0	0
neutron	939.565	37.0661	73471.6	0	0
alpha	3727.38	8.96332	73471.6	0	0
Be10	9325.5	1.56839	73471.6	0	0
Si28	26053.2	0.133578	88343	9774.52	9774.25
Si28	26053.2	0.230584	94866	14308.3	14308
Na24	22341.8	0.219609	71850.2	0	0
Si28	26053.2	0.362134	98208.6	16436.6	16436.2
Si28	26053.2	0.12078	81831.6	5569.23	5567.64
O16	14895.1	1.86964	91790.6	11449.8	11447.6
neutron	939.565	40.1161	74513.9	0	0
neutron	939.565	3.86383	74513.9	0	0
C13	12109.5	3.30672	74513.9	0	0
O16	14895.1	0.298289	97440.1	15919.6	15918.7
O16	14895.1	0.279773	93497.6	13598.9	13598.5
Al28	26058.3	0.182327	71565.2	0	0
Si28	26053.2	0.149161	77373.2	1491.73	1491.55
Na25	23272.4	0.200457	74748.8	0	0
O16	14895.1	0.533818	98318.6	16476.9	16475.9
Si29	26984.3	0.136582	84685.5	7158.32	7157.33
Mg24	22335.8	0.963412	91131	11144.9	11143.5
O16	14895.1	0.597689	89610.1	10156	10155.3
neutron	939.565	0.243852	75590	0	0
Na23	21409.2	0.275924	75590	0	0
Si28	26053.2	0.445916	85087.6	6058.31	6057.83
neutron	939.565	0.973997	74673.7	0	0
Al27	25126.5	0.260355	74673.7	0	0
O16	14895.1	0.217486	92194.2	11474.6	11473.9
neutron	939.565	0.72039	74946	0	0
Al27	25126.5	0.119647	74946	0	0
neutron	939.565	18.0364	75393.5	0	0
neutron	939.565	2.47268	75393.5	0	0
neutron	939.565	0.532288	75393.5	0	0
Mg24	22335.8	0.972075	75393.5	0	0
neutron	939.565	1.62462	72477.7	0	0
Mg26	24196.5	0.420112	72477.7	0	0
Mg26	24196.5	0.140631	98604	16537.3	16537
O16	14895.1	0.205935	88051.5	9708.28	9708.06
neutron	939.565	1.93413	75711.4	0	0
neutron	939.565	1.55843	75711.4	0	0
Mg24	22335.8	2.02863	75711.4	0	0
Si28	26053.2	0.360027	96315.8	14752.4	14751.9
O16	14895.1	1.74314	82413.4	6099.94	6097.55
O16	14895.1	0.218759	74464.9	598.481	597.666
neutron	939.565	5.01421	73531.4	0	0
Ne22	20479.7	0.692841	73531.4	0	0
O16	14895.1	0.29461	81572.5	3714.11	3713.51
O16	14895.1	0.205393	80788.1	4602.6	4601.65
Al28	26058.3	0.182074	73596.3	0	0
neutron	939.565	0.407729	73247.5	0	0
Na24	22341.8	0.13577	73247.5	0	0
O16	14895.1	0.363882	80934.5	5313.81	5313.04
Si28	26053.2	0.436816	87485.5	9133.78	9132.95
Mg24	22335.8	0.518724	78036.3	3285.19	3284.51
neutron	939.565	9.75961	77283.7	0	0
neutron	939.565	7.15027	77283.7	0	0
neutron	939.565	0.757258	77283.7	0	0
C12	11174.9	1.98808	77283.7	0	0
Si28	26053.2	0.225093	99719.7	17322.7	17322.2
Mg24	22335.8	0.372124	82849.2	4894.15	4893.63
Na24	22341.8	0.212702	74669	0	0
Al28	26058.3	0.169915	73667.7	0	0
O16	14895.1	0.25152	77838.9	2691.46	2691.09
Mg24	22335.8	0.333901	83222.5	5561.92	5561.5
O16	14895.1	0.325367	80180.8	3726.86	3726.03
O16	14895.1	0.395268	76759.6	14.7923	13.8845
O16	14895.1	0.328389	99093.3	16086.6	16085.9
O16	14895.1	0.334601	77365.1	1058.57	1058.22
O16	14895.1	0.201827	82039.5	5192.31	5191.99
neutron	939.565	4.02166	73452	0	0
neutron	939.565	3.85609	73452	0	0
alpha	3727.38	4.87999	73452	0	0
O16	14895.1	1.5657	73452	0	0
Si28	26053.2	0.394617	80297.9	3492.81	3491.15
O16	14895.1	0.521534	75767.4	732.284	731.429
Al28	26058.3	0.169479	74581.8	0	0
neutron	939.565	2.77311	72292.3	0	0
neutron	939.565	2.73925	72292.3	0	0
neutron	939.565	1.57707	72292.3	0	0
Mg24	22335.8	0.0712221	72292.3	0	0
neutron	939.565	2.09021	72012.6	0	0
Al27	25126.5	0.179003	72012.6	0	0
Si27	25130.8	1.27493	89256.6	9167.61	6422.26
O16	14895.1	0.708265	85091	3636.62	3635.68
neutron	939.565	3.09841	78895.4	0	0
Al27	25126.5	0.156284	78895.4	0	0
O16	14895.1	0.958787	97431.6	15677	15675.7
Si28	26053.2	0.169919	72942.1	90.172	89.2925
neutron	939.565	5.78069	74220.8	0	0
Mg26	24196.5	0.819497	74220.8	0	0
O16	14895.1	0.191636	75921.2	1185.12	1184.87
Mg24	22335.8	0.186015	76044.4	1821.39	1821.19
neutron	939.565	7.14941	78350.8	0	0
alpha	3727.38	6.66706	78350.8	0	0
B11	10252.5	2.22051	78350.8	0	0
O16	14895.1	0.224806	80222.5	2664.82	2664.13
neutron	939.565	1017.64	98945.2	16856.6	9874.92
neutron	939.565	344.716	98945.2	16856.6	9874.92
neutron	939.565	31.9958	98945.2	16856.6	9874.92
neutron	939.565	6.16983	98945.2	16856.6	9874.92
neutron	939.565	1.83691	98945.2	16856.6	9874.92
alpha	3727.38	12.3559	98945.2	16856.6	9874.92
O18	16762	0.293835	95544.6	14657.3	14656.7
neutron	939.565	2.16586	73128	0	0
alpha	3727.38	5.19207	73128	0	0
Ne22	20479.7	2.127	73128	0	0
Na24	22341.8	0.211036	75889.6	0	0
O16	14895.1	0.233801	95270	13386	13385.1
Si28	26053.2	0.364357	86520.2	7639.31	7638.36
neutron	939.565	10.2931	72353.6	0	0
neutron	939.565	3.51175	72353.6	0	0
C13	12109.5	1.53943	72353.6	0	0
Mg25	23268	0.795256	96127.8	14751.2	14750.2
O16	14895.1	0.264727	74890.8	299.147	298.695
neutron	939.565	0.115903	74430.2	0	0
Al27	25126.5	0.186667	74430.2	0	0
neutron	939.565	10.1242	76077.8	0	0
neutron	939.565	3.22536	76077.8	0	0
C13	12109.5	0.0288634	76077.8	0	0
O16	14895.1	1.42499	75909.1	1088.81	1087.35
N16	14906	0.2943	74346.3	0	0
O16	14895.1	0.242595	99832.6	17340.5	17340.3
O16	14895.1	0.257683	78608.3	2682.23	2681.87
Al28	26058.3	0.18203	73971.5	0	0
O16	14895.1	0.215346	84774.9	7334.54	7334.27
neutron	939.565	16.7614	75897.9	0	0
neutron	939.565	2.22087	75897.9	0	0
Ne21	19550.5	2.07669	75897.9	0	0
O16	14895.1	0.226979	90975.1	10842.7	10842.2
O16	14895.1	0.200632	78867	3613.63	3613.07
Na24	22341.8	0.218203	74610	0	0
Si28	26053.2	0.210464	92504.4	12297.2	12296.1
O16	14895.1	0.23237	92223.1	12278.6	12277.8
O16	14895.1	0.673319	81480.8	4711.36	4710.59
Si28	26053.2	0.140275	92976.1	13021.8	13021.4
Si28	26053.2	0.25901	96309.2	14855.3	14854.8
O16	14895.1	0.239687	89554.4	10011.2	10010.6
O16	14895.1	0.222564	98746.9	16259.2	16258.8
neutron	939.565	52.9723	84750.1	7076.3	6775.17
neutron	939.565	0.387863	84750.1	7076.3	6775.17
alpha	3727.38	11.7613	84750.1	7076.3	6775.17
Ne20	18617.7	0.752908	84750.1	7076.3	6775.17
Mn56	52094	0.0964089	73955.1	0	0
neutron	939.565	5.49797	77904.1	0	0
neutron	939.565	3.71408	77904.1	0	0
neutron	939.565	2.72849	77904.1	0	0
Ne20	18617.7	0.751174	77904.1	0	0
Na24	22341.8	0.198098	74214.4	0	0
O16	14895.1	0.416738	95908.1	14369.3	14368.6
Mg25	23268	0.185414	95582.4	14122.1	14121.4
Mg24	22335.8	0.216454	91176.4	10913.7	10912.9
neutron	939.565	11.1166	73596.2	0	0
neutron	939.565	2.37587	73596.2	0	0
neutron	939.565	0.63293	73596.2	0	0
Mg24	22335.8	0.380197	73596.2	0	0
Si28	26053.2	0.203913	91301.6	10781.2	10780.9
Si28	26053.2	0.295807	79916.9	3407.77	3407.03
O16	14895.1	0.257694	96733.4	15383	15381.3
O16	14895.1	0.212095	93728.1	13289.3	13288.8
Fe56	52089.8	0.0770355	90684.2	11475.7	11475.3
neutron	939.565	7.57278	72549.1	0	0
alpha	3727.38	2.85993	72549.1	0	0
alpha	3727.38	4.95187	72549.1	0	0
alpha	3727.38	1.95459	72549.1	0	0
Al28	26058.3	0.178407	76666.5	0	0
Mg25	23268	0.156374	90010.9	10235.7	10235.3
Mg24	22335.8	1.38859	89588.2	9953.11	9951.21
O16	14895.1	2.09841	83554.8	6539	6535.97
Na24	22341.8	0.207925	72801.8	0	0
Mg25	23268	0.172725	91069.3	10570.2	10569.9
O16	14895.1	0.363392	80372	2524.96	2524.5
neutron	939.565	9.35605	76107.3	0	0
neutron	939.565	1.87485	76107.3	0	0
neutron	939.565	0.686476	76107.3	0	0
Cr52	48370	0.0177107	76107.3	0	0
O16	14895.1	0.260927	86173.8	8536.57	8536.09
Al28	26058.3	0.15681	72767.5	0	0
O16	14895.1	0.363763	96180.5	14935	14934.5
Fe56	52089.8	0.0770772	82205.7	5904.2	5903.82
O16	14895.1	0.199438	75747.5	1737.5	1737.18
neutron	939.565	0.576022	77509.5	0	0
N15	13968.9	0.162304	77509.5	0	0
N14	13040.2	1.41983	85384.9	7803.26	7548.23
O16	14895.1	0.312546	87826	8726.27	8725.93
neutron	939.565	2.5421	73602.8	0	0
neutron	939.565	2.00562	73602.8	0	0
Ne20	18617.7	1.55899	73602.8	0	0
Al28	26058.3	0.154062	74116.2	0	0
Si28	26053.2	0.129333	75444.9	503.467	503.236
neutron	939.565	4.59363	73705.6	0	0
neutron	939.565	1.36499	73705.6	0	0
Na24	22341.8	0.386618	73705.6	0	0
Si28	26053.2	0.447369	77716.4	2084.9	2084.12
Si28	26053.2	0.176691	79899.1	4483.93	4482.67
Si28	26053.2	0.167621	77104.8	1437.76	1437.23
O16	14895.1	0.252691	88456.7	10201.5	10201.2
neutron	939.565	143.929	79457	4094.45	3302.08
neutron	939.565	9.49696	79457	4094.45	3302.08
Mg24	22335.8	0.24122	79457	4094.45	3302.08
neutron	939.565	18.3542	74188	0	0
neutron	939.565	2.76645	74188	0	0
neutron	939.565	2.35629	74188	0	0
Mg24	22335.8	1.94313	74188	0	0
Mg24	22335.8	0.286973	92439.4	12619.8	12618.8
Si28	26053.2	0.124989	78342.4	3155.37	3155.06
Mg25	23268	0.240429	92930.6	10344.2	10343.4
Na24	22341.8	0.21651	77087.9	0	0
O16	14895.1	0.230131	78889.8	3508.71	3507.79
O16	14895.1	0.470148	99203.2	17022.6	17021.9
Mg24	22335.8	0.167428	77304.3	1279.63	1278.4
O16	14895.1	0.20732	76684	910.123	909.721
Si28	26053.2	0.382323	92594.1	12780.2	12779.6
neutron	939.565	21.4252	74045.3	0	0
neutron	939.565	2.25575	74045.3	0	0
alpha	3727.38	5.42768	74045.3	0	0
O17	15830.5	5.32022	74045.3	0	0
neutron	939.565	5.1983	74030.3	0	0
N15	13968.9	0.494331	74030.3	0	0
Mg23	21412.8	1.15554	99870.2	17401.6	17107.5
Si28	26053.2	0.21408	72832.1	130.441	130.071
neutron	939.565	0.126958	74698.2	0	0
Na23	21409.2	0.229844	74698.2	0	0
Mg25	23268	0.161337	78474.3	1286.34	1285.21
neutron	939.565	34.4153	76312.1	0	0
neutron	939.565	1.41808	76312.1	0	0
Ne22	20479.7	1.96615	76312.1	0	0
neutron	939.565	16.1343	74041	0	0
neutron	939.565	1.89893	74041	0	0
C13	12109.5	0.913581	74041	0	0
O16	14895.1	0.6263	75395	888.902	888.214
Na24	22341.8	0.211741	75881.5	0	0
Si28	26053.2	0.124606	86302.1	8244.36	8243.73
Mg25	23268	0.184009	72644.8	555.673	555.393
neutron	939.565	1.31773	74215.1	0	0
alpha	3727.38	4.61873	74215.1	0	0
O16	14895.1	1.12906	74215.1	0	0
neutron	939.565	29.4024	81672.3	0	0
neutron	939.565	6.02173	81672.3	0	0
Mg25	23268	2.24348	81672.3	0	0
O16	14895.1	0.314067	91861.7	11027.6	11027
Si28	26053.2	0.11796	77638.1	2025.95	2025.79
neutron	939.565	4.41526	74223.3	0	0
neutron	939.565	2.79358	74223.3	0	0
neutron	939.565	1.99138	74223.3	0	0
Ne20	18617.7	0.431136	74223.3	0	0
Mg24	22335.8	0.169655	73820.8	300.666	300.237
Mn56	52094	0.0871515	73369.3	0	0
Mg24	22335.8	0.256612	82314.8	4463.34	4462.83
O16	14895.1	0.196517	98683.2	15763	15762.4
neutron	939.565	96.4978	99600.4	17253	16850.6
Si27	25130.8	0.904481	99600.4	17253	16850.6
O16	14895.1	0.206214	98296	16049	16048.2
Mg24	22335.8	0.139343	89306.9	9528.38	9527.7
neutron	939.565	2.70056	75100.3	0	0
Ne22	20479.7	0.268075	75100.3	0	0
neutron	939.565	32.0862	75097	0	0
neutron	939.565	4.65345	75097	0	0
Ne23	21414.1	1.79943	75097	0	0
Mn56	52094	0.097858	73094.7	0	0
Si28	26053.2	0.282094	92645.8	12084.4	12083.5
Si28	26053.2	0.138573	75715.7	1272.03	1271.85
neutron	939.565	24.0795	73455.3	0	0
neutron	939.565	1.23017	73455.3	0	0
Mg25	23268	0.983129	73455.3	0	0
Al28	26058.3	0.177738	74390.3	0	0
O16	14895.1	0.240789	92273.6	12570.5	12570.3
neutron	939.565	12.6613	73683.5	0	0
neutron	939.565	11.1877	73683.5	0	0
neutron	939.565	1.99137	73683.5	0	0
Na23	21409.2	1.52613	73683.5	0	0
Si28	26053.2	0.171384	78343.3	2741.57	2741.01
neutron	939.565	16.7824	73838.1	0	0
neutron	939.565	12.3007	73838.1	0	0
C13	12109.5	1.04849	73838.1	0	0
O16	14895.1	0.360209	95437.5	14644.5	14643.8
O16	14895.1	0.47952	94526.5	13963.2	13962.7
O16	14895.1	0.504983	81585.6	5516.08	5515.43
neutron	939.565	1.20699	72970.5	0	0
neutron	939.565	0.256545	72970.5	0	0
Na22	20482.1	0.374862	72970.5	0	0
O16	14895.1	0.825969	86690.8	7370.64	7369.61
O16	14895.1	0.274863	98712.9	16689.2	16688.8
neutron	939.565	10.3871	74767.3	0	0
neutron	939.565	2.67326	74767.3	0	0
neutron	939.565	2.00893	74767.3	0	0
Ne20	18617.7	0.236102	74767.3	0	0
O16	14895.1	1.49573	94136	13443.2	13441.5
neutron	939.565	6.82487	73724.5	0	0
neutron	939.565	6.68395	73724.5	0	0
neutron	939.565	0.605025	73724.5	0	0
C12	11174.9	1.55117	73724.5	0	0
neutron	939.565	176.748	89293.7	10442.9	9987.13
Mg26	24196.5	1.91047	89293.7	10442.9	9987.13
Mg24	22335.8	0.306475	79956.8	4281.25	4279.21
O16	14895.1	0.386343	75279.6	1557.2	1555.66
Mg24	22335.8	0.262428	75628.4	449.249	448.663
Mg24	22335.8	0.197065	83710.8	6623.87	6623.53
neutron	939.565	0.257489	73570.9	0	0
Al27	25126.5	0.243887	73570.9	0	0
Mg24	22335.8	0.128863	98111.1	16294.6	16294.3
O16	14895.1	0.405222	81372.3	4979.27	4977.96
Mg24	22335.8	0.169444	91918	11857.5	11856.7
neutron	939.565	2.69708	78514.8	0	0
Al27	25126.5	0.233873	78514.8	0	0
neutron	939.565	6.03833	76100.9	0	0
alpha	3727.38	5.74129	76100.9	0	0
O18	16762	2.97452	76100.9	0	0
Mg26	24196.5	0.231796	96395.9	15208.7	15207.7
neutron	939.565	2.21977	72872.7	0	0
neutron	939.565	0.816319	72872.7	0	0
C13	12109.5	1.50271	72872.7	0	0
Mg24	22335.8	0.403189	92785.7	12951.4	12950.9
alpha	3727.38	5.13652	90100.3	10881.6	7564.14
F19	17692.3	1.06612	90100.3	10881.6	7564.14
O16	14895.1	0.321917	82495.1	2586.23	2585.8
neutron	939.565	4.85782	74955.6	0	0
neutron	939.565	3.98065	74955.6	0	0
neutron	939.565	0.42623	74955.6	0	0
Mg24	22335.8	0.595512	74955.6	0	0
neutron	939.565	0.0637137	72383.2	0	0
Mn55	51161.7	0.0984657	72383.2	0	0
Mg24	22335.8	0.192907	93288.6	13330.4	13329.2
neutron	939.565	7.40366	72867.7	0	0
N15	13968.9	0.681366	72867.7	0	0
Si28	26053.2	0.142279	79210.8	2084.14	2083.65
Al29	26988.5	0.187405	75770.9	0	0
Al28	26058.3	0.153732	74979.4	0	0
Na24	22341.8	0.213015	78146	0	0
Mg24	22335.8	0.173454	97316.2	15243.3	15243.1
Si28	26053.2	0.322822	97013	15039.5	15038.4
Fe56	52089.8	0.139949	89547.2	10312.3	10311.5
neutron	939.565	0.327792	73113.7	0	0
Al27	25126.5	0.245504	73113.7	0	0
O16	14895.1	3.42339	96491.1	15178.1	15174.1
Al28	26058.3	0.161276	74224.8	0	0
Si28	26053.2	0.213885	85949.2	7421.42	7421.04
neutron	939.565	162.502	78941	2816.65	2410
neutron	939.565	148.89	78941	2816.65	2410
Ne22	20479.7	1.29576	78941	2816.65	2410
Mg24	22335.8	0.523947	89223	10589.6	10588.9
Al28	26058.3	0.190684	79227.5	0	0
Mg24	22335.8	0.302368	82557.5	5882.78	5882.34
neutron	939.565	1.75414	77791.7	0	0
Al27	25126.5	0.30556	77791.7	0	0
C13	12109.5	1.73324	98848.6	16587.8	12067.4
O16	14895.1	0.653499	92868.4	7874.34	7873.54
Si28	26053.2	0.18733	93794.3	13267.5	13266.8
Si28	26053.2	0.115354	78340.4	2074.71	2074.36
O16	14895.1	0.613388	79088.6	3715.74	3715.12
O16	14895.1	0.532261	78836.3	3543.14	3542.21
neutron	939.565	28.2448	73202.8	0	0
neutron	939.565	2.1535	73202.8	0	0
neutron	939.565	1.80772	73202.8	0	0
alpha	3727.38	3.85886	73202.8	0	0
O16	14895.1	5.29801	73202.8	0	0
Mg24	22335.8	0.132486	98280.2	16486.8	16486.2
Si28	26053.2	0.154594	96614.5	15441.7	15441.3
Si28	26053.2	0.117304	79391.3	4111.93	4111.62
neutron	939.565	6.63925	86743.5	9163.08	8684.12
Na23	21409.2	3.8641	86743.5	9163.08	8684.12
neutron	939.565	5.43995	73238.8	0	0
alpha	3727.38	9.74344	73238.8	0	0
F19	17692.3	1.89735	73238.8	0	0
neutron	939.565	10.6997	75600.8	0	0
neutron	939.565	3.20312	75600.8	0	0
N14	13040.2	0.114568	75600.8	0	0
O16	14895.1	0.522475	98302.6	16488.4	16485.6
neutron	939.565	0.114141	74137.7	0	0
Na23	21409.2	0.151802	74137.7	0	0
O16	14895.1	0.828247	77855	2596.52	2595.66
neutron	939.565	1.85983	75076.4	0	0
Na23	21409.2	0.289964	75076.4	0	0
neutron	939.565	3.02662	73796.1	0	0
neutron	939.565	1.28464	73796.1	0	0
neutron	939.565	1.08637	73796.1	0	0
V51	47442.3	0.931281	73796.1	0	0
O16	14895.1	0.365954	83470.6	6203.05	6202.26
O16	14895.1	0.401323	77403	2317.05	2316.38
O16	14895.1	0.408895	98763.8	16723.9	16723.5
Si28	26053.2	0.156259	75196.5	194.942	194.681
O16	14895.1	0.259395	74293.3	427.059	426.19
O16	14895.1	0.205223	99781.3	17363.3	17362.8
Mg24	22335.8	0.165019	91781.4	11994.3	11993.8
alpha	3727.38	6.06857	72885.7	0	0
Ne24	22344.8	2.41011	72885.7	0	0
Si28	26053.2	0.115082	94289.5	13767.6	13767.4
Na24	22341.8	0.209763	72156.6	0	0
O16	14895.1	0.842378	86151.6	7852.73	7851.89
Na26	24206.4	0.181532	74770.1	0	0
Mg24	22335.8	0.642631	89737.5	10430.6	10429.4
neutron	939.565	0.144305	74164.5	0	0
Al27	25126.5	0.153208	74164.5	0	0
neutron	939.565	25.5956	75772.9	0	0
Mg26	24196.5	1.16428	75772.9	0	0
O16	14895.1	0.349466	95470.5	14509.8	14509.1
O16	14895.1	0.212477	83758.7	6480.52	6480.23
Al28	26058.3	0.166649	73296.7	0	0
Mg24	22335.8	0.253378	90904	11740.3	11739.4
neutron	939.565	389.023	92662.9	12681	11991.8
C13	12109.5	0.299026	92662.9	12681	11991.8
O16	14895.1	0.233818	81433.6	4488.34	4488.08
O16	14895.1	0.286042	91256.8	11927	11926.6
O16	14895.1	0.193362	86825.6	9232.26	9231.46
Si28	26053.2	0.349625	92041.7	12593.5	12592.9
neutron	939.565	0.481968	73812	0	0
Al27	25126.5	0.203856	73812	0	0
Si28	26053.2	0.222104	98664.7	16337.9	16337.6
O16	14895.1	0.340173	79143.6	2762.47	2761.86
neutron	939.565	2.16448	73323.2	0	0
Mg25	23268	1.0316	73323.2	0	0
Mg24	22335.8	0.44201	88413	8773.92	8773.19
O16	14895.1	0.194392	96076.3	14996.6	14996.1
Fe56	52089.8	0.0546837	82959.9	4835.21	4834.72
neutron	939.565	0.0824446	74928.8	0	0
Mn55	51161.7	0.0661193	74928.8	0	0
Mg26	24196.5	0.408462	90438.1	11466.3	11465.5
Si28	26053.2	0.110048	78813.6	3692.29	3691.09
neutron	939.565	6.70817	72889.7	0	0
Mg26	24196.5	0.177359	72889.7	0	0
neutron	939.565	0.357742	73495.7	0	0
Ne24	22344.8	0.158568	73495.7	0	0
Mg26	24196.5	0.241794	92296	12297.4	12297.1
O16	14895.1	0.328468	88334.9	9603.27	9602.9
Si28	26053.2	0.498217	78843.2	3160.56	3159.96
Na24	22341.8	0.213474	74906.8	0	0
O16	14895.1	5.49952	97103.9	15618.1	15612.3
Mg24	22335.8	0.167514	77040.5	2824.25	2823.39
Na24	22341.8	0.205855	72236.3	0	0
Si28	26053.2	0.192591	98637.3	16368	16367.7
Si28	26053.2	0.118643	93358.5	12278.6	12278.1
neutron	939.565	0.0567411	76119.5	0	0
Al27	25126.5	0.15906	76119.5	0	0
neutron	939.565	3.92256	75178.2	0	0
N15	13968.9	0.739057	75178.2	0	0
O16	14895.1	2.60384	99620.3	17193.5	17190.2
Si28	26053.2	1.69465	88917.3	10142	10140.2
neutron	939.565	1.12017	75185.4	0	0
Al27	25126.5	0.0806952	75185.4	0	0
Fe54	50231.2	0.0573532	97361.2	15813.9	15813.7
O16	14895.1	0.331058	90704.4	11567.9	11567.1
Mg24	22335.8	0.581996	91919.1	12419.7	12419.1
O16	14895.1	0.314752	77697	2592.39	2591.89
Na24	22341.8	0.215193	73214.2	0	0
O16	14895.1	0.965845	92402	12564.6	12563.3
Mg24	22335.8	0.316147	87690.3	9720.47	9720.11
O16	14895.1	0.31195	95241.7	14446.6	14446.2
Al28	26058.3	0.185786	81319.7	0	0
O16	14895.1	0.200105	83428.4	4141.9	4140.91
Si28	26053.2	1.94469	82360.5	3470.41	3468.45
N16	14906	0.297541	77065	0	0
Al28	26058.3	0.16295	73301.6	0	0
neutron	939.565	23.8427	74144	0	0
neutron	939.565	4.79184	74144	0	0
Mg25	23268	0.406482	74144	0	0
neutron	939.565	4.37099	71997.2	0	0
neutron	939.565	3.58995	71997.2	0	0
neutron	939.565	3.13566	71997.2	0	0
Ne20	18617.7	1.28649	71997.2	0	0
neutron	939.565	0.803312	74366.7	0	0
Na23	21409.2	0.241043	74366.7	0	0
neutron	939.565	28.8067	74257.7	0	0
neutron	939.565	1.21787	74257.7	0	0
C13	12109.5	0.795265	74257.7	0	0
neutron	939.565	542.024	84920.2	7515.9	6156.27
neutron	939.565	1.9953	84920.2	7515.9	6156.27
Fe54	50231.2	0.0450229	84920.2	7515.9	6156.27
Al28	26058.3	0.183209	72600.1	0	0
Si28	26053.2	0.184791	84965.2	6931.56	6931.33
Si28	26053.2	0.126839	82520.2	5491.56	5491.26
Si28	26053.2	0.122622	95204.2	14514.7	14514.5
neutron	939.565	0.736942	84709.8	0	0
Al27	25126.5	0.0589663	84709.8	0	0
Mg24	22335.8	0.146453	86501.4	9188.83	9188.38
Si28	26053.2	0.174534	85511.3	8059.54	8058.98
neutron	939.565	1096.69	83945.3	7135.47	4394.22
neutron	939.565	0.263713	83945.3	7135.47	4394.22
Mn51	47445.2	0.0744344	83945.3	7135.47	4394.22
O16	14895.1	0.263981	82432.6	5748.64	5748.36
Na25	23272.4	0.194325	74303	0	0
Mg24	22335.8	0.992781	97841.4	16224.5	16223.5
O16	14895.1	0.543723	92243.2	12214.8	12214.3
Mg24	22335.8	0.128993	85595.2	6983.32	6982.28
O16	14895.1	0.279734	79974.1	3222.97	3222.34
O16	14895.1	0.249793	95459.8	14514.9	14514.5
O16	14895.1	0.403162	88818.3	10056.6	10055.9
O16	14895.1	0.208426	83275.9	6467.43	6467.17
O16	14895.1	1.15879	87943.5	7908.11	7906.94
O16	14895.1	0.32031	95264.8	14020.2	14019.2
O16	14895.1	0.209579	84665.9	6347.36	6347.04
Na24	22341.8	0.205625	75036.7	0	0
O16	14895.1	0.311197	97540.5	15911.9	15911.5
Al28	26058.3	0.170401	74317	0	0
Mg25	23268	0.212081	79205.8	4076.11	4075.61
neutron	939.565	8.89689	72625.8	0	0
neutron	939.565	0.651563	72625.8	0	0
Mg25	23268	0.636067	72625.8	0	0
O16	14895.1	2.11946	91360.2	9351.74	9349.17
neutron	939.565	189.761	87963.8	7205.72	6105.37
Mg26	24196.5	1.14989	87963.8	7205.72	6105.37
Si28	26053.2	0.137408	93969.8	12214.4	12214.3
Si28	26053.2	0.15496	79205.1	2831.71	2831.55
neutron	939.565	5.37291	74499	0	0
C14	13040.9	0.567664	74499	0	0
O16	14895.1	0.403067	82415.3	5977.24	5976.8
Si28	26053.2	0.237281	97631.6	15861.3	15860.9
Si28	26053.2	0.114386	80661	937.682	937.279
neutron	939.565	7.96974	79033.3	0	0
neutron	939.565	3.29097	79033.3	0	0
C13	12109.5	0.913679	79033.3	0	0
O16	14895.1	0.198762	97741.8	16077.1	16076.8
C13	12109.5	1.45122	78907.1	3148.92	2753.68
Na24	22341.8	0.189386	73446.3	0	0
neutron	939.565	502.081	98381.5	16526	14906.6
neutron	939.565	6.59949	98381.5	16526	14906.6
F20	18625.3	0.510434	98381.5	16526	14906.6
O16	14895.1	0.274702	98128	14754.7	14752.7
neutron	939.565	0.202804	73074.6	0	0
Na23	21409.2	0.271393	73074.6	0	0
O16	14895.1	0.297965	82762.7	4405.78	4405.14
O16	14895.1	0.377033	99839	17372.6	17372
neutron	939.565	3.98893	94273.6	13814.4	13552.4
Al25	23271.8	0.749745	94273.6	13814.4	13552.4
O16	14895.1	0.258674	86042.5	5806.91	5806.51
O16	14895.1	0.243932	78890.5	1078.7	1078.31
N16	14906	0.275836	77080.9	0	0
Na24	22341.8	0.178038	76259.6	0	0
O16	14895.1	0.439732	92899.7	12190.1	12189.1
O16	14895.1	0.860324	79413.6	3058.78	3057.88
neutron	939.565	8.81778	74225.4	0	0
neutron	939.565	8.78473	74225.4	0	0
Na22	20482.1	0.913055	74225.4	0	0
Mg25	23268	0.191802	94932	13948.9	13947.8
O16	14895.1	0.94511	81250	5150.75	5149.71
Al28	26058.3	0.175094	72673.4	0	0
O16	14895.1	0.256158	99067.6	16829.6	16829
O16	14895.1	0.207147	77113.6	2683.44	2682.97
Fe56	52089.8	0.0883016	98600	16477.1	16476.8
Mg24	22335.8	0.168275	98477.7	14584.7	14584.3
Si28	26053.2	0.150183	95164.1	13933.9	13931.9
neutron	939.565	16.0748	74746	0	0
neutron	939.565	7.07761	74746	0	0
Ne21	19550.5	0.469112	74746	0	0
O16	14895.1	0.392095	96053	13483	13481.7
O16	14895.1	0.593175	85780.8	6681.4	6680.76
neutron	939.565	1.37757	74642.4	0	0
alpha	3727.38	6.81088	74642.4	0	0
Ne22	20479.7	1.05441	74642.4	0	0
Mg26	24196.5	0.229401	96490.7	13279.4	13278.6
Mg25	23268	0.185146	82583.9	3899.77	3898.83
O16	14895.1	0.318232	92613.3	12721.2	12720.5
Mg24	22335.8	0.56825	77902	2614.01	2613.39
Na24	22341.8	0.183269	73527.1	0	0
O16	14895.1	0.19414	83630.8	6361.18	6360.94
neutron	939.565	2.51942	74338.7	0	0
Mg26	24196.5	0.62924	74338.7	0	0
Mg24	22335.8	1.20177	84460.6	522.362	520.964
neutron	939.565	11.1237	83655.6	0	0
neutron	939.565	2.40036	83655.6	0	0
Na24	22341.8	0.324345	83655.6	0	0
Si28	26053.2	0.162749	83069.5	6380.42	6380.12
neutron	939.565	5.5889	73238.5	0	0
alpha	3727.38	9.2824	73238.5	0	0
Ne22	20479.7	2.39331	73238.5	0	0
Si28	26053.2	0.564924	85156.9	7290.65	7288.8
neutron	939.565	0.242115	73183.6	0	0
Mn55	51161.7	0.0934194	73183.6	0	0
O16	14895.1	0.2375	90043.4	10942.2	10941.6
Si28	26053.2	0.370798	99795.4	17368.2	17367.8
neutron	939.565	2.66376	78486.5	0	0
neutron	939.565	0.914388	78486.5	0	0
Ne21	19550.5	0.722764	78486.5	0	0
O16	14895.1	1.44734	98424.8	13948.7	13945.4
O16	14895.1	0.558521	81672	2167.52	2166.65
O16	14895.1	0.413342	96977.3	15531.4	15530.7
O16	14895.1	0.249303	82197	6250.58	6250.22
neutron	939.565	1.32175	71418.9	0	0
neutron	939.565	0.986036	71418.9	0	0
Na24	22341.8	2.35261	71418.9	0	0
Si28	26053.2	1.17476	77386.5	1787.57	1785.66
N16	14906	0.274959	74704.4	0	0
Mg24	22335.8	0.252098	92584	12117.4	12116.9
Mg24	22335.8	0.190925	82712.5	4635.17	4634.87
neutron	939.565	4.33606	75087.3	0	0
neutron	939.565	2.26317	75087.3	0	0
neutron	939.565	0.842979	75087.3	0	0
C12	11174.9	3.13759	75087.3	0	0
O16	14895.1	1.08794	99886.7	17414.8	17413.5
Mg24	22335.8	0.138254	89925	10462.6	10462.1
O16	14895.1	0.28362	88409.9	9582.15	9581.64
neutron	939.565	1.01304	74053.8	0	0
Al27	25126.5	0.323385	74053.8	0	0
O16	14895.1	0.207755	74246.6	250.477	250.21
O16	14895.1	0.205783	83806.6	7371.82	7371.49
Si28	26053.2	0.304411	79145.1	4138.87	4138.5
neutron	939.565	2.53541	71970.7	0	0
Na23	21409.2	0.506611	71970.7	0	0
O16	14895.1	0.270473	90006.7	10717.2	10716
Al28	26058.3	0.164657	72961.8	0	0
Fe56	52089.8	0.0896701	81037.9	4260.28	4260.13
Al28	26058.3	0.187768	74196.1	0	0
O16	14895.1	1.11159	99530.5	17199.2	17197.8
neutron	939.565	22.0169	81668	0	0
neutron	939.565	4.83997	81668	0	0
neutron	939.565	1.73585	81668	0	0
C12	11174.9	2.14122	81668	0	0
Na24	22341.8	0.207198	75395.8	0	0
Al28	26058.3	0.178119	72985	0	0
N16	14906	0.287577	73048.1	0	0
Na24	22341.8	0.20097	72419.3	0	0
Si28	26053.2	0.153965	76136.6	1380.65	1380.45
Fe56	52089.8	0.0748616	78374.6	834.482	833.291
Ne22	20479.7	0.268017	76984	0	0
Si28	26053.2	0.24036	82869.2	5955.36	5954.9
Si28	26053.2	0.233729	79634	3750.6	3749.95
O16	14895.1	0.268742	75034.3	750.382	749.091
Mg24	22335.8	0.831548	74148	1547.22	1545.6
O16	14895.1	0.234043	96899.1	15574.4	15574
O16	14895.1	0.334296	86166	8823.65	8823.31
Si28	26053.2	0.117103	79386	3418.06	3417.91
Mg24	22335.8	0.126255	96677.3	15235.6	15235.4
O16	14895.1	0.198514	95402.2	14270.8	14270.5
Mg24	22335.8	0.362811	92011.6	11484.5	11484.1
Mg24	22335.8	0.226498	84366.7	5197.72	5197.47
Si28	26053.2	0.452721	80303.6	3581.72	3580.91
neutron	939.565	162.222	98145.5	16273.7	14246.9
neutron	939.565	37.6428	98145.5	16273.7	14246.9
neutron	939.565	33.5501	98145.5	16273.7	14246.9
neutron	939.565	23.9339	98145.5	16273.7	14246.9
neutron	939.565	10.0186	98145.5	16273.7	14246.9
neutron	939.565	1.10683	98145.5	16273.7	14246.9
He3	2808.39	3.99557	98145.5	16273.7	14246.9
O16	14895.1	0.323505	98515.4	16659.1	16658.1
neutron	939.565	34.1595	72191.5	0	0
neutron	939.565	2.23789	72191.5	0	0
neutron	939.565	0.557425	72191.5	0	0
Mg25	23268	1.16644	72191.5	0	0
neutron	939.565	204.382	86573.3	6688.41	6368.59
neutron	939.565	49.1715	86573.3	6688.41	6368.59
alpha	3727.38	0.856272	86573.3	6688.41	6368.59
alpha	3727.38	10.7501	86573.3	6688.41	6368.59
alpha	3727.38	0.542708	86573.3	6688.41	6368.59
Al28	26058.3	0.149358	75944.3	0	0
Mg24	22335.8	0.137446	75523.3	1545.62	1545.42
neutron	939.565	22.2277	73002.7	0	0
neutron	939.565	2.9869	73002.7	0	0
C13	12109.5	3.14113	73002.7	0	0
O16	14895.1	0.290029	94536.4	13959	13958.1
O16	14895.1	0.430371	93530.2	13609.2	13608.3
O16	14895.1	0.259789	79763.5	4100.97	4100.29
neutron	939.565	1.22068	73335.3	0	0
neutron	939.565	0.679868	73335.3	0	0
neutron	939.565	0.295654	73335.3	0	0
Cr51	47442.5	0.959026	73335.3	0	0
neutron	939.565	42.3784	98065.5	16271.5	15871.7
N14	13040.2	0.0984123	98065.5	16271.5	15871.7
Mg24	22335.8	0.145921	94697.3	13276.7	13276.2
O16	14895.1	0.279142	87940.1	8980.46	8979.81
O16	14895.1	0.197136	88370.5	10114.3	10113.9
neutron	939.565	327.059	84421.6	6602.62	5396.48
O15	13971.2	0.38175	84421.6	6602.62	5396.48
neutron	939.565	0.305808	75360.8	0	0
Na23	21409.2	0.259386	75360.8	0	0
Si28	26053.2	0.11525	77982.3	665.032	663.998
neutron	939.565	2.8027	76914.3	0	0
Al27	25126.5	0.24769	76914.3	0	0
O16	14895.1	0.255253	74796	129.456	127.521
O16	14895.1	0.811772	92355	12484.7	12483.2
O16	14895.1	0.353648	86579.5	8860.76	8860.33
Si28	26053.2	0.275664	97422.6	15817.9	15817.3
O16	14895.1	1.10398	75871	1027.23	1025.51
Na24	22341.8	0.207754	74207.5	0	0
Si28	26053.2	0.215555	88313.8	10143.6	10142.9
O16	14895.1	0.780474	84006.9	7544.16	7542.79
Al28	26058.3	0.179132	73797.8	0	0
O16	14895.1	0.322116	84978.9	7525.59	7524.47
Si28	26053.2	0.210171	84350.1	7149.07	7148.84
Si28	26053.2	0.204895	83655	6728.84	6728.61
Al28	26058.3	0.155608	72832.9	0	0
O16	14895.1	0.310902	87296.4	9020.73	9020.12
Al28	26058.3	0.179648	74206	0	0
O16	14895.1	0.622322	99117.8	16893.6	16892.2
O16	14895.1	0.27507	94332.5	13931.5	13931.1
O16	14895.1	0.211466	89018.9	10130.6	10130.3
Na26	24206.4	0.179202	73463.6	0	0
N16	14906	0.282744	73267	0	0
neutron	939.565	3.22306	74687	0	0
neutron	939.565	2.6307	74687	0	0
neutron	939.565	0.870066	74687	0	0
Ne20	18617.7	0.70893	74687	0	0
O16	14895.1	0.298549	95675.5	14738.2	14737.4
Si28	26053.2	0.144835	93444.3	11835.8	11835.6
neutron	939.565	41.9193	72738.4	0	0
neutron	939.565	13.0005	72738.4	0	0
neutron	939.565	0.0668919	72738.4	0	0
Mg24	22335.8	1.00111	72738.4	0	0
neutron	939.565	57.6324	93368.2	13466.2	13163.9
Mg26	24196.5	0.719993	93368.2	13466.2	13163.9
Mg24	22335.8	0.173985	72799.1	305.909	305.66
Al28	26058.3	0.177375	72327.9	0	0
Si30	27913.2	0.159053	75495.2	502.762	502.436
Na24	22341.8	0.187369	74653.9	0	0
Al28	26058.3	0.188128	78280.2	0	0
neutron	939.565	2.22797	73826	0	0
neutron	939.565	2.07179	73826	0	0
neutron	939.565	0.752941	73826	0	0
Ne20	18617.7	0.84119	73826	0	0
Fe56	52089.8	0.141387	75935	444.299	444.114
Mg24	22335.8	0.158976	77524.4	2187.76	2187.49
neutron	939.565	74.1635	96877.6	14848.9	14605.3
C13	12109.5	1.72009	96877.6	14848.9	14605.3
Na24	22341.8	0.192329	73721.2	0	0
O16	14895.1	0.286824	89896.9	10845.2	10844.6
neutron	939.565	2.88435	73681	0	0
neutron	939.565	1.80158	73681	0	0
Mg25	23268	0.129987	73681	0	0
Si28	26053.2	0.252893	92879.9	13088	13087.4
Al28	26058.3	0.15439	76149.8	0	0
O16	14895.1	0.367884	96070.2	13457.8	13457
neutron	939.565	128.149	93567.9	11982.6	11533.9
neutron	939.565	75.513	93567.9	11982.6	11533.9
Na23	21409.2	3.29286	93567.9	11982.6	11533.9
Na24	22341.8	0.216028	75319.8	0	0
Mg24	22335.8	0.547946	79828.1	1516.54	1515.89
O16	14895.1	3.03731	93475.9	13481.7	13478.7
O16	14895.1	0.332238	85442.8	8241.96	8241.63
O16	14895.1	0.300027	77539.6	3096.59	3096.22
Si28	26053.2	0.136764	83866.3	6347.31	6346.43
neutron	939.565	18.8824	73737.9	0	0
neutron	939.565	2.02758	73737.9	0	0
N14	13040.2	1.51019	73737.9	0	0
O16	14895.1	0.215149	94541.3	13702.3	13702.1
O16	14895.1	0.442191	83070.8	6009.22	6008.62
neutron	939.565	0.412873	73394.3	0	0
Na23	21409.2	0.159955	73394.3	0	0
Al28	26058.3	0.179606	73267.7	0	0
neutron	939.565	13.8701	74734.8	0	0
neutron	939.565	4.71362	74734.8	0	0
neutron	939.565	1.58589	74734.8	0	0
alpha	3727.38	7.12193	74734.8	0	0
F19	17692.3	0.403602	74734.8	0	0
O16	14895.1	0.235376	99348	17032.2	17031.5
Si28	26053.2	0.29203	96102.9	14103.9	14102.8
neutron	939.565	0.113966	73215.2	0	0
N15	13968.9	0.318712	73215.2	0	0
O16	14895.1	0.253663	87990	7649.2	7648.35
O16	14895.1	0.239216	86703.2	6123	6122.76
Si28	26053.2	0.148753	78494.5	595.08	594.804
neutron	939.565	2.27363	78658.9	0	0
Na23	21409.2	0.017121	78658.9	0	0
Al30	27922.3	0.162014	72405	0	0
Si28	26053.2	0.171871	83140	6511.66	6511.42
O16	14895.1	0.429784	79564.3	1343.33	1342.41
Si28	26053.2	0.115909	75231.8	1260.53	1260.26
Al28	26058.3	0.176732	73204	0	0
O16	14895.1	0.982979	75834.5	1869.18	1867.48
neutron	939.565	1.28237	72774.7	0	0
Al27	25126.5	0.0776243	72774.7	0	0
O16	14895.1	0.43992	86400.3	4299.16	4298.28
Si28	26053.2	0.112304	74400.7	951.066	950.462
O16	14895.1	1.72364	93851	11555.8	11553.9
O16	14895.1	0.28671	91972.4	10147.6	10146.3
Na25	23272.4	0.182544	77323.4	0	0
Fe56	52089.8	0.117541	82551.5	5600.11	5599.79
Al28	26058.3	0.165716	73932.9	0	0
O16	14895.1	0.228378	94795.1	13648.3	13648
neutron	939.565	136.547	81489	4560.42	3934.01
C13	12109.5	10.5652	81489	4560.42	3934.01
Mg24	22335.8	0.486214	80710.7	3164.47	3163.02
Mg24	22335.8	0.204884	97142.4	15549.5	15549.1
Na25	23272.4	0.187878	74316.9	0	0
Na24	22341.8	0.192886	78196	0	0
Fe56	52089.8	0.0668989	86148.3	8133.51	8132.72
O16	14895.1	0.510625	87354.8	9116.46	9115.65
O16	14895.1	0.620686	74031.8	500.745	499.972
neutron	939.565	7.00891	73256.7	0	0
neutron	939.565	2.11303	73256.7	0	0
Mg25	23268	0.826855	73256.7	0	0
O16	14895.1	0.276685	96440.5	14948	14946.3
neutron	939.565	5.02501	73482.2	0	0
C14	13040.9	0.438526	73482.2	0	0
Mg26	24196.5	0.135698	90807.5	11120.2	11119.7
Si28	26053.2	0.154854	88378.1	9620.52	9620.33
O16	14895.1	0.207144	83644.3	6781.96	6781.45
neutron	939.565	1.76192	72904.1	0	0
Al27	25126.5	0.112113	72904.1	0	0
O16	14895.1	0.39042	84739.2	7177.63	7176.66
O16	14895.1	0.564334	77196.7	2243.37	2242.35
Mg24	22335.8	0.355532	78369.5	1681.51	1680.67
O16	14895.1	0.246425	79646	3572.58	3572.15
neutron	939.565	2.86973	73675.1	0	0
Ne22	20479.7	1.75661	73675.1	0	0
Mg24	22335.8	0.140051	93767.9	13625.7	13625.5
Si28	26053.2	0.121974	77119	2747.03	2746.9
neutron	939.565	1.39188	72459.4	0	0
Na24	22341.8	0.0661319	72459.4	0	0
O16	14895.1	0.267786	72618.3	328.266	327.879
O16	14895.1	0.468	76569.8	1313.85	1313.38
neutron	939.565	3.90104	74304.2	0	0
alpha	3727.38	5.00056	74304.2	0	0
O17	15830.5	2.21594	74304.2	0	0
O16	14895.1	0.218685	89993.6	9230.07	9229.83
Mg24	22335.8	0.205703	76010.1	263.537	263.172
neutron	939.565	12.9428	75635.8	0	0
neutron	939.565	5.23026	75635.8	0	0
neutron	939.565	1.91989	75635.8	0	0
alpha	3727.38	6.63202	75635.8	0	0
Be8	7454.85	5.62494	75635.8	0	0
Mn56	52094	0.0858344	72539.7	0	0
neutron	939.565	1.45712	72865.4	0	0
Al27	25126.5	0.110559	72865.4	0	0
neutron	939.565	4.08378	80666.1	3519.18	2839.7
alpha	3727.38	14.3045	80666.1	3519.18	2839.7
alpha	3727.38	19.2005	80666.1	3519.18	2839.7
alpha	3727.38	3.17687	80666.1	3519.18	2839.7
Al28	26058.3	0.169623	73735	0	0
O16	14895.1	0.221307	86248.6	8740.75	8740.01
O16	14895.1	0.234677	77331.8	2711.72	2710.28
Al28	26058.3	0.182407	73476.7	0	0
O16	14895.1	0.219078	80050.2	4339.22	4338.78
neutron	939.565	17.8438	72661.8	0	0
neutron	939.565	10.5246	72661.8	0	0
Na23	21409.2	0.521291	72661.8	0	0
Si28	26053.2	0.286395	88159.8	8736.37	8735.92
Si28	26053.2	0.197197	84901.8	6678.69	6678.36
O16	14895.1	0.365878	97004.5	15331.9	15331.3
neutron	939.565	3.92059	77879.6	0	0
Ne22	20479.7	0.758516	77879.6	0	0
O16	14895.1	0.438259	73428.2	56.5865	56.1141
O16	14895.1	0.270727	98469.6	16422.2	16421.9
O16	14895.1	0.275418	84557	5264.08	5263.72
neutron	939.565	1.38457	72701.8	0	0
Al27	25126.5	0.129855	72701.8	0	0
O16	14895.1	0.690272	87549.9	9449.48	9448.68
neutron	939.565	26.3097	72865	0	0
neutron	939.565	3.59052	72865	0	0
neutron	939.565	3.34598	72865	0	0
C12	11174.9	2.84704	72865	0	0
O16	14895.1	0.670186	92698.7	12711.7	12711
neutron	939.565	4.25423	76130.3	0	0
neutron	939.565	0.313905	76130.3	0	0
N14	13040.2	0.773415	76130.3	0	0
Na25	23272.4	0.197	72574.8	0	0
Si28	26053.2	0.169816	97603	15819.3	15819.1
Mg24	22335.8	1.16665	93353.6	11107.2	11105.7
neutron	939.565	0.465349	77558	0	0
N15	13968.9	0.15954	77558	0	0
neutron	939.565	2.28347	74306.3	0	0
neutron	939.565	0.723595	74306.3	0	0
C12	11174.9	0.678235	74306.3	0	0
neutron	939.565	25.9638	73658.1	0	0
neutron	939.565	20.1308	73658.1	0	0
neutron	939.565	1.8962	73658.1	0	0
Mg24	22335.8	0.923072	73658.1	0	0
Si28	26053.2	0.126518	74655.1	1338.97	1338.77
Mg24	22335.8	0.830464	92321.8	12603.2	12601.9
O16	14895.1	0.444971	78011.8	3635.4	3634.66
Si28	26053.2	0.124696	87600.2	9109.9	9109.38
Si28	26053.2	0.165013	99330.8	17046.7	17045.7
neutron	939.565	4.20689	73799.3	0	0
neutron	939.565	1.06886	73799.3	0	0
neutron	939.565	0.423424	73799.3	0	0
Ne20	18617.7	1.12102	73799.3	0	0
O16	14895.1	0.211609	86861.4	7617.79	7617.13
Mg25	23268	0.249333	85026.4	6550.3	6549.59
neutron	939.565	1.62928	74077.5	0	0
N15	13968.9	0.199273	74077.5	0	0
O16	14895.1	0.733638	87233.4	8895.73	8894.87
N16	14906	0.297526	72770.6	0	0
O16	14895.1	0.551668	80721.2	3635.88	3635.27
neutron	939.565	1.45411	78481.8	2372.77	937.209
C13	12109.5	1.02493	78481.8	2372.77	937.209
O16	14895.1	1.62307	76736	1037.61	1035.79
neutron	939.565	8.16247	75012.6	0	0
alpha	3727.38	4.06562	75012.6	0	0
Be8	7454.85	4.20594	75012.6	0	0
Al28	26058.3	0.180948	72283	0	0
Na24	22341.8	0.216371	73327	0	0
N16	14906	0.294192	71545.7	0	0
O16	14895.1	0.235757	93336.9	12771.9	12771.6
Mg26	24196.5	0.361192	87022.9	6634.78	6634.03
Mg24	22335.8	0.159932	82643.1	3741.74	3741.57
O16	14895.1	0.251591	82311.1	3538.49	3538.01
Si28	26053.2	0.24127	76898	1474.54	1473.7
Mn56	52094	0.0927296	74428.4	0	0
O16	14895.1	0.611283	85461	4537.58	4536.91
neutron	939.565	4.7594	77953.3	0	0
neutron	939.565	3.48846	77953.3	0	0
Mg25	23268	0.393702	77953.3	0	0
Mn56	52094	0.0920447	72541.6	0	0
O16	14895.1	0.196795	78469.2	3567.44	3566.55
Mg24	22335.8	0.145425	89488	7886.41	7886.06
Mg24	22335.8	0.238679	85759.6	5001.26	5000.88
Mn56	52094	0.0793704	77803.1	0	0
Si28	26053.2	0.263577	98139	16133.4	16132.8
Si28	26053.2	0.215059	83497.7	5885.61	5884.81
neutron	939.565	27.5219	73757.8	0	0
neutron	939.565	5.17489	73757.8	0	0
neutron	939.565	0.23297	73757.8	0	0
Ne20	18617.7	0.891858	73757.8	0	0
O16	14895.1	0.238383	98314.7	15730.4	15730.1
O16	14895.1	0.265119	83862.8	6669.9	6669.24
neutron	939.565	2.42788	72586.9	0	0
Na23	21409.2	0.0270094	72586.9	0	0
Si28	26053.2	0.14768	88288.8	8594.25	8593.95
neutron	939.565	1.73854	72442.4	0	0
N15	13968.9	0.175276	72442.4	0	0
O16	14895.1	1.3005	88201	8757.33	8755.21
Si28	26053.2	0.113922	83785.9	5353.31	5352.76
Al28	26058.3	0.190917	75223.8	0	0
O16	14895.1	0.281235	96816.7	15561.8	15561.5
O16	14895.1	0.189427	96275.8	14832	14831.6
Si28	26053.2	0.199099	92593.4	12457	12456.1
O16	14895.1	0.353249	91699.2	11470.6	11470
O16	14895.1	0.465828	79214.8	3511.77	3509.95
N16	14906	0.281055	73657.7	0	0
Mg24	22335.8	0.206374	90960.8	11437.9	11437.5
N14	13040.2	2.15611	83722.1	6846.42	6353.01
N16	14906	0.289346	73154.5	0	0
Si29	26984.3	0.110569	97259.7	15405.4	15405.2
O16	14895.1	0.197882	88442.8	8428.27	8428.03
neutron	939.565	6.09041	74830.9	0	0
Mg26	24196.5	0.61106	74830.9	0	0
Mg24	22335.8	0.145385	95953.2	14959.3	14959
neutron	939.565	5.11421	72219	0	0
neutron	939.565	3.22337	72219	0	0
neutron	939.565	1.19478	72219	0	0
Ne22	20479.7	0.16509	72219	0	0
O16	14895.1	0.204908	72990.6	373.91	373.363
Mg24	22335.8	0.167325	82452.6	6545.95	6545.76
Na24	22341.8	0.200629	72109.5	0	0
Mg24	22335.8	0.166141	97266	15068.6	15067.5
Mn56	52094	0.0940771	74722.6	0	0
neutron	939.565	7.57779	73341.2	0	0
Ne22	20479.7	1.17241	73341.2	0	0
Mg24	22335.8	0.201137	74526.5	336.095	335.357
neutron	939.565	0.489713	74978.5	0	0
N15	13968.9	0.176677	74978.5	0	0
Si28	26053.2	0.168161	94464	13945.9	13945.6
O16	14895.1	0.32648	82976.7	5703.73	5703.3
neutron	939.565	0.234436	72455.5	0	0
neutron	939.565	0.160455	72455.5	0	0
N14	13040.2	0.207299	72455.5	0	0
O16	14895.1	0.302704	89586.1	8791.92	8791.52
O16	14895.1	0.239758	87244.8	7008.73	7008.31
Mg24	22335.8	0.142915	77427.2	3390.43	3390.22
Si29	26984.3	0.21327	85872.9	8518.19	8517.51
O16	14895.1	0.349562	99665.4	17259.6	17258.8
O16	14895.1	0.232889	93947.5	13726.1	13724.9
O16	14895.1	0.386367	82904.4	6111.55	6111.06
Al28	26058.3	0.184423	73679.2	0	0
Al28	26058.3	0.180211	74498.3	0	0
Mg24	22335.8	0.414579	94951.4	14321.5	14320.9
Mg25	23268	0.125801	94167	13744	13743.7
N16	14906	0.287133	74662.6	0	0
neutron	939.565	20.2299	73738.5	0	0
neutron	939.565	7.78821	73738.5	0	0
neutron	939.565	2.90967	73738.5	0	0
Mn53	49301.8	0.134811	73738.5	0	0
O16	14895.1	0.247634	82599.3	5170.8	5170.4
Si28	26053.2	0.146982	75414.5	157.876	156.651
Na25	23272.4	0.184257	75234.3	0	0
neutron	939.565	1.63057	73889.3	0	0
neutron	939.565	0.646747	73889.3	0	0
Mg25	23268	0.948015	73889.3	0	0
O16	14895.1	0.215283	83727.6	6517.04	6516.78
Si28	26053.2	0.252177	91594.9	11630	11629.7
Al28	26058.3	0.1789	73335.5	0	0
O16	14895.1	0.665297	97253.8	15777	15776.3
Si28	26053.2	0.235314	98232.8	13674.8	13674.4
Na24	22341.8	0.202884	72347.1	0	0
neutron	939.565	5.71175	74762.4	0	0
neutron	939.565	3.77271	74762.4	0	0
alpha	3727.38	5.22261	74762.4	0	0
O16	14895.1	3.14623	74762.4	0	0
neutron	939.565	16.3154	75509	0	0
neutron	939.565	4.43292	75509	0	0
C12	11174.9	3.60179	75509	0	0
Si28	26053.2	0.115617	92905.1	13172.2	13171.4
Mg24	22335.8	0.138069	79756.7	3603.65	3603.38
Si28	26053.2	0.177459	74322.1	536.234	535.867
neutron	939.565	6.61337	73453.1	0	0
neutron	939.565	3.56565	73453.1	0	0
Ne21	19550.5	1.72506	73453.1	0	0
O16	14895.1	0.448849	84917.5	5124.65	5123.23
Mg25	23268	0.135286	89094	8154.7	8153.52
Na24	22341.8	0.203178	75897.9	0	0
Mg24	22335.8	0.421342	75288.7	595.001	594.352
neutron	939.565	15.6362	74342.5	0	0
neutron	939.565	8.50636	74342.5	0	0
Ne21	19550.5	0.765095	74342.5	0	0
Al28	26058.3	0.182421	74076.8	0	0
O15	13971.2	0.934929	96830.3	15151.8	14789.6
neutron	939.565	6.28536	73232	0	0
C14	13040.9	1.2602	73232	0	0
Mg24	22335.8	0.200879	73282.4	216.412	216.132
Na24	22341.8	0.183228	73024.4	0	0
Si28	26053.2	0.270634	90439.8	11363.3	11362.1
Mg24	22335.8	0.154475	91010.3	12128.3	12128
Si28	26053.2	0.167193	87716.3	9369.65	9369.2
neutron	939.565	8.39176	73743.4	0	0
neutron	939.565	4.10091	73743.4	0	0
neutron	939.565	3.05734	73743.4	0	0
Mg24	22335.8	1.7643	73743.4	0	0
Si28	26053.2	0.204169	94104.5	13454.2	13453.8
O16	14895.1	0.216781	88951.9	9791.62	9791.23
Mn57	53024.9	0.0962617	72626.9	0	0
Si28	26053.2	0.150103	93882.1	13796	13795.2
O16	14895.1	0.190856	83196.3	6453.54	6452.18
Si28	26053.2	0.339805	76764.2	2424.4	2423.64
O16	14895.1	0.196048	79899.8	4501.57	4501.34
O16	14895.1	0.345704	96389.4	15133.9	15133.5
Mg24	22335.8	0.171557	80467.8	4049.09	4048.4
O16	14895.1	0.198032	89126.3	9908.3	9907.01
Na24	22341.8	0.199147	73652	0	0
O16	14895.1	0.406063	94418.6	13826.6	13826.1
neutron	939.565	2.37887	75984.6	0	0
neutron	939.565	0.165522	75984.6	0	0
Na23	21409.2	0.298814	75984.6	0	0
O16	14895.1	0.277057	92449.8	11789	11788.6
Na24	22341.8	0.198254	73443.1	0	0
Si28	26053.2	0.148296	75687.3	1304.4	1304
O16	14895.1	0.216516	92296.3	12063	12062.7
Al28	26058.3	0.177448	74451.9	0	0
O16	14895.1	0.191901	76035.3	1469.72	1469.21
Al28	26058.3	0.172754	73440.4	0	0
Fe56	52089.8	0.088156	82039.9	5490.3	5490.07
neutron	939.565	3.31518	77450	0	0
neutron	939.565	2.57384	77450	0	0
neutron	939.565	0.681971	77450	0	0
Mg24	22335.8	0.224439	77450	0	0
O16	14895.1	0.676299	97572.9	15748.6	15747.9
O16	14895.1	0.303022	96273.2	15016.7	15016.4
Si28	26053.2	0.119391	86319.3	6050.36	6049.95
O16	14895.1	0.396168	93974.4	13624.2	13623.8
O16	14895.1	0.505966	98663	16497.8	16497.2
Si28	26053.2	0.178919	78989.9	3077.15	3076.32
O16	14895.1	0.20429	99070.3	16708	16707.5
Mg25	23268	0.125863	75785.2	56.8399	56.5142
O16	14895.1	0.215948	86179.7	8434.33	8433.95
neutron	939.565	0.397585	76106.1	0	0
Na23	21409.2	0.134262	76106.1	0	0
Si28	26053.2	0.16169	89734.4	6515.52	6515.01
neutron	939.565	9.7086	75487.3	0	0
neutron	939.565	8.20319	75487.3	0	0
alpha	3727.38	3.70595	75487.3	0	0
Be8	7454.85	4.86477	75487.3	0	0
Si29	26984.3	0.165827	91899	11811.2	11811
O16	14895.1	0.363256	83321.3	6414.53	6413.99
neutron	939.565	161.965	95917.4	14958.5	14713.8
neutron	939.565	0.594936	95917.4	14958.5	14713.8
alpha	3727.38	5.41995	95917.4	14958.5	14713.8
O16	14895.1	1.37581	95917.4	14958.5	14713.8
Al28	26058.3	0.175566	73847.3	0	0
Si28	26053.2	0.179737	97075.6	15746.4	15746.2
O16	14895.1	0.219764	73893.4	244.874	244.519
Si28	26053.2	0.136944	86959.4	7985.52	7985.27
Si28	26053.2	0.228363	97499.4	15717	15715.8
Si28	26053.2	0.200398	82910.7	5907.21	5906.57
neutron	939.565	1.30613	75145.2	0	0
neutron	939.565	1.14776	75145.2	0	0
C13	12109.5	2.09354	75145.2	0	0
neutron	939.565	278.629	85301.5	7874.33	7353.97
C12	11174.9	0.860315	85301.5	7874.33	7353.97
neutron	939.565	3.57801	73268.7	0	0
neutron	939.565	2.33734	73268.7	0	0
N14	13040.2	0.324103	73268.7	0	0
Si28	26053.2	0.12172	96127.6	15009.3	15009
Na24	22341.8	0.21258	74747.4	0	0
O16	14895.1	0.466832	80890.6	4298.1	4297.01
Na24	22341.8	0.215067	73945.7	0	0
neutron	939.565	10.0995	73655.3	0	0
neutron	939.565	2.29444	73655.3	0	0
C12	11174.9	1.07314	73655.3	0	0
Al28	26058.3	0.190457	73258.1	0	0
neutron	939.565	9.14553	71810.4	0	0
neutron	939.565	2.74638	71810.4	0	0
neutron	939.565	1.4703	71810.4	0	0
Na23	21409.2	0.749793	71810.4	0	0
O16	14895.1	0.264751	77979.5	2829.78	2829.08
neutron	939.565	0.344084	73484.2	0	0
Al27	25126.5	0.164458	73484.2	0	0
O16	14895.1	0.322698	92723.4	12728.4	12728
Na26	24206.4	0.18255	75352.3	0	0
Si28	26053.2	0.168326	92698	11502.2	11501.6
neutron	939.565	0.178915	74276.9	0	0
Mn55	51161.7	0.0865062	74276.9	0	0
Na24	22341.8	0.200438	73229	0	0
O16	14895.1	0.194795	85299.1	8167.25	8166.18
neutron	939.565	0.497241	72075.8	0	0
Al27	25126.5	0.110125	72075.8	0	0
Mg24	22335.8	0.986184	98364.5	16423.4	16422.3
Si28	26053.2	0.123541	95491.9	14488	14486.9
O16	14895.1	0.211141	86248.3	8527.81	8527.56
neutron	939.565	26.8029	72588.1	0	0
neutron	939.565	1.81581	72588.1	0	0
neutron	939.565	0.544006	72588.1	0	0
Ne20	18617.7	0.996896	72588.1	0	0
Mg24	22335.8	0.133673	89248.3	9575.39	9575.23
Mg24	22335.8	0.378886	89766.5	9582.1	9581.11
Mg24	22335.8	0.160074	84011.2	6331.59	6331.3
O16	14895.1	0.46385	85535.2	7625	7624.46
Na24	22341.8	0.208078	74047.8	0	0
neutron	939.565	7.2984	75387.1	0	0
neutron	939.565	6.5623	75387.1	0	0
neutron	939.565	0.137747	75387.1	0	0
Mg24	22335.8	0.4564	75387.1	0	0
O16	14895.1	0.3061	81368.8	4872.79	4872.47
Si28	26053.2	0.12502	93583.6	13330.7	13330.5
Si29	26984.3	0.228346	77081.3	2265.07	2264.62
O16	14895.1	0.240643	87133.6	8932.17	8931.81
neutron	939.565	2.96139	72390.6	0	0
neutron	939.565	1.6313	72390.6	0	0
Mg25	23268	0.203142	72390.6	0	0
Si28	26053.2	0.147613	88141.9	9479.99	9479.04
Si28	26053.2	0.360186	87738.4	9265.99	9264.5
Mg24	22335.8	0.190404	90009.4	10806.3	10804.7
neutron	939.565	7.67196	73886	0	0
neutron	939.565	6.9779	73886	0	0
C13	12109.5	0.0990623	73886	0	0
Fe56	52089.8	0.0781946	82035.4	4263.37	4263.25
Si28	26053.2	0.125572	98070.6	16316.4	16316
O16	14895.1	0.211763	90094.8	10808.4	10808.2
O16	14895.1	0.429195	87932.3	9308.4	9307.23
Mg24	22335.8	0.130934	81665.1	5303.38	5303.11
Si28	26053.2	0.220732	77068.3	2431.08	2430.82
Na24	22341.8	0.210662	73157.8	0	0
Si28	26053.2	0.147971	80393.5	3372.62	3371.78
O16	14895.1	1.25121	77427	1616.14	1614.8
Si28	26053.2	0.178972	76911.6	1300.56	1300.14
O16	14895.1	0.378636	89723.4	10094.2	10093.4
neutron	939.565	0.308913	73871	0	0
Na23	21409.2	0.143559	73871	0	0
O16	14895.1	0.475885	97594.7	15475.1	15474.4
Mg24	22335.8	0.170697	85126.4	7626.39	7626.18
O16	14895.1	0.255886	85480.7	6483.87	6483.05
O16	14895.1	0.700588	88408.8	10295.2	10294.5
Mg24	22335.8	0.508302	86301.1	8987.85	8987.23
Al28	26058.3	0.174299	73361.8	0	0
neutron	939.565	3.82714	73217.8	0	0
neutron	939.565	3.26604	73217.8	0	0
Mg25	23268	0.854562	73217.8	0	0
neutron	939.565	5.04804	73692.4	0	0
neutron	939.565	1.50468	73692.4	0	0
Mg26	24196.5	0.403023	73692.4	0	0
Na24	22341.8	0.205883	71797.9	0	0
Mg24	22335.8	0.229042	92972.4	12973.7	12973.4
neutron	939.565	3.3388	72621.2	0	0
neutron	939.565	2.92425	72621.2	0	0
neutron	939.565	2.48928	72621.2	0	0
Mg24	22335.8	0.882352	72621.2	0	0
Si28	26053.2	0.118805	98167.3	16243.4	16242.9
O16	14895.1	0.315424	87430.6	9526.31	9525.91
O16	14895.1	0.237468	96362.5	14087.6	14086.4
neutron	939.565	7.89087	71802.4	0	0
neutron	939.565	5.90418	71802.4	0	0
neutron	939.565	4.23784	71802.4	0	0
alpha	3727.38	4.42411	71802.4	0	0
O16	14895.1	2.27011	71802.4	0	0
O16	14895.1	0.335085	83839.2	4207.25	4206.67
Fe56	52089.8	0.0670808	92738.2	12490.3	12489.2
neutron	939.565	5.88058	74207	0	0
neutron	939.565	1.10083	74207	0	0
alpha	3727.38	14.891	74207	0	0
Ne22	20479.7	1.7126	74207	0	0
O16	14895.1	2.31797	91891.1	12248.7	12246.3
Mg26	24196.5	0.189454	85837.3	7873.99	7873.79
Mg24	22335.8	0.198018	88746.8	9925.1	9924.89
O16	14895.1	0.433685	79198.9	3797.99	3797.54
N16	14906	0.288906	73511.1	0	0
Si28	26053.2	0.234621	82378.6	6073.95	6073.71
Mg24	22335.8	0.183108	97134.4	15735.9	15734.8
neutron	939.565	0.170903	73833	0	0
Al27	25126.5	0.14801	73833	0	0
neutron	939.565	6.11579	74846	0	0
neutron	939.565	4.12974	74846	0	0
neutron	939.565	0.641579	74846	0	0
Ne20	18617.7	0.78208	74846	0	0
Si28	26053.2	0.29218	94788	14186.6	14185.9
O16	14895.1	0.290187	84790.6	6879.31	6878.96
neutron	939.565	0.609364	73821.9	0	0
N15	13968.9	0.362488	73821.9	0	0
Al28	26058.3	0.178471	72655.4	0	0
neutron	939.565	0.146903	72685.4	0	0
Na23	21409.2	0.181632	72685.4	0	0
Al28	26058.3	0.160041	72162.8	0	0
O16	14895.1	0.983611	95977.9	14989.4	14988.1
Si28	26053.2	0.159272	88271.5	9408.65	9408.32
neutron	939.565	5.45898	75996.4	0	0
neutron	939.565	3.85521	75996.4	0	0
neutron	939.565	2.40755	75996.4	0	0
Mg24	22335.8	1.28299	75996.4	0	0
Mg24	22335.8	0.131076	85844	8556.06	8554.43
Si28	26053.2	0.140284	96320.2	15064.8	15064.3
O16	14895.1	0.238887	91651.9	12352.5	12352.3
Si28	26053.2	0.197943	87815.2	9886.04	9885.81
Mg24	22335.8	0.158243	87682.4	9808.7	9808.42
O16	14895.1	0.267591	94168.4	12422	12421.7
neutron	939.565	117.63	93049.7	11997.8	11744.1
neutron	939.565	93.2702	93049.7	11997.8	11744.1
Na21	19553.6	1.21564	93049.7	11997.8	11744.1
neutron	939.565	0.23661	74308.4	0	0
N15	13968.9	0.369068	74308.4	0	0
neutron	939.565	5.00644	73650.6	0	0
Ne22	20479.7	0.499898	73650.6	0	0
Si30	27913.2	0.109008	81842.4	5567.84	5566.08
neutron	939.565	6.66578	73261.1	0	0
Mg26	24196.5	0.446473	73261.1	0	0
Mg24	22335.8	0.205132	82809.2	5941.78	5941.25
neutron	939.565	1.18391	73105.2	0	0
Al27	25126.5	0.298441	73105.2	0	0
O16	14895.1	0.201517	85862.3	7839.26	7838.34
neutron	939.565	2.10233	73787.1	0	0
alpha	3727.38	5.66604	73787.1	0	0
Na23	21409.2	0.951595	73787.1	0	0
O16	14895.1	0.190135	94121.9	13574.8	13574.5
Si28	26053.2	0.43251	87089.6	8446.03	8445.57
N16	14906	0.293447	72425.4	0	0
neutron	939.565	3.59004	74991.3	0	0
neutron	939.565	0.799111	74991.3	0	0
Mg25	23268	1.40198	74991.3	0	0
Si28	26053.2	0.121184	87519.6	8721.73	8721.61
Al28	26058.3	0.178055	72320.1	0	0
Mg24	22335.8	0.684715	96385.3	14958.8	14958
Na24	22341.8	0.209786	72723.7	0	0
Si28	26053.2	0.114089	74995.2	826.68	825.543
neutron	939.565	7.04887	73583.6	0	0
Mg26	24196.5	0.386873	73583.6	0	0
O16	14895.1	0.252889	91768.7	11862.5	11861.5
neutron	939.565	4.35153	72837.8	0	0
neutron	939.565	2.87012	72837.8	0	0
C13	12109.5	2.17616	72837.8	0	0
O16	14895.1	0.235137	86062.8	8819.46	8818.79
Al28	26058.3	0.160253	75553.8	0	0
Al28	26058.3	0.179279	71919.8	0	0
neutron	939.565	10.168	74149.5	0	0
neutron	939.565	4.38869	74149.5	0	0
C13	12109.5	4.40611	74149.5	0	0
O16	14895.1	0.301457	95206.6	12990.1	12989.8
neutron	939.565	0.65324	76302.7	0	0
Na24	22341.8	0.303125	76302.7	0	0
O16	14895.1	0.713003	85844.2	7417.41	7416.49
neutron	939.565	4.29782	73945.3	0	0
neutron	939.565	3.24662	73945.3	0	0
Mg25	23268	0.467383	73945.3	0	0
Mg24	22335.8	0.21629	98847.3	16712.1	16711.7
O16	14895.1	0.311191	80447.1	3525.6	3524.85
Si28	26053.2	0.339924	79593.5	2975.13	2974.62
O16	14895.1	0.312172	78986.1	1331.72	1331.32
neutron	939.565	8.01697	76739.9	0	0
neutron	939.565	2.59781	76739.9	0	0
neutron	939.565	0.678171	76739.9	0	0
Mg24	22335.8	1.87595	76739.9	0	0
Si28	26053.2	0.172488	97339.3	15721.4	15720.3
neutron	939.565	569.229	88444.7	9695.15	8511.31
neutron	939.565	2.53323	88444.7	9695.15	8511.31
Mg24	22335.8	2.65371	88444.7	9695.15	8511.31
Si28	26053.2	0.123811	88770.6	10198.4	10198.3
O16	14895.1	1.69021	89191.5	10175.1	10173.3
Mg24	22335.8	0.157159	88886.6	7309.37	7309.11
O16	14895.1	0.567466	91523.5	10494.5	10493.8
Mg24	22335.8	0.127939	81008.3	5302.59	5302.45
O16	14895.1	0.246531	95783.2	14547.6	14547.3
Si28	26053.2	2.94071	79489.9	3169.08	3165.59
neutron	939.565	14.0194	74374.8	0	0
neutron	939.565	8.25777	74374.8	0	0
neutron	939.565	6.9444	74374.8	0	0
alpha	3727.38	7.01278	74374.8	0	0
O16	14895.1	1.57511	74374.8	0	0
O16	14895.1	0.205482	89420.8	7853.98	7853.46
O16	14895.1	1.73667	78542.1	763.662	761.859
O16	14895.1	1.00556	95020.3	14194.7	14193.5
neutron	939.565	4.65707	72648.8	0	0
Mg26	24196.5	0.310958	72648.8	0	0
neutron	939.565	6.32329	73136.7	0	0
C14	13040.9	0.195174	73136.7	0	0
O16	14895.1	0.892486	92495.5	10954.7	10953.3
O16	14895.1	0.312467	83536.7	5248.93	5248.16
neutron	939.565	0.834381	75672.4	0	0
neutron	939.565	0.279311	75672.4	0	0
Mg25	23268	0.120181	75672.4	0	0
Si28	26053.2	1.39285	87999.1	10278.6	10277.2
O16	14895.1	0.193579	83169.7	7401.28	7400.92
Si28	26053.2	0.143693	75013.7	1326.58	1326.01
O16	14895.1	0.196436	76741.9	2561.73	2561.47
O16	14895.1	0.189247	87535.2	3000.23	2998.81
neutron	939.565	0.132915	82651.7	0	0
Na23	21409.2	0.187215	82651.7	0	0
O16	14895.1	0.350605	98327.1	16076.5	16075.9
neutron	939.565	3.80778	75606.8	0	0
Mg26	24196.5	0.273999	75606.8	0	0
O16	14895.1	0.296124	78093	3616.26	3615.93
Na24	22341.8	0.205098	71852.1	0	0
O16	14895.1	0.257778	91575.9	11699.6	11698.8
O16	14895.1	0.505794	86162.6	6304.45	6303.61
neutron	939.565	3.16637	74356	0	0
neutron	939.565	1.9793	74356	0	0
N14	13040.2	0.714987	74356	0	0
O16	14895.1	0.439972	84217	6994.72	6994.16
O16	14895.1	0.250219	74732.7	529.114	528.754
Al28	26058.3	0.171933	73874.5	0	0
O16	14895.1	0.283279	97695.5	15159.4	15158.9
O16	14895.1	0.216624	75541.4	512.699	512.419
Al28	26058.3	0.188542	73566.4	0	0
neutron	939.565	0.376678	72625.7	0	0
N15	13968.9	0.191783	72625.7	0	0
Si28	26053.2	0.18884	89770.3	9917.18	9916.95
O16	14895.1	0.28209	82764.7	5023.28	5022.17
Si28	26053.2	0.11367	81618.2	4309.04	4308.87
O16	14895.1	0.196719	77510.3	1859.49	1857.51
O16	14895.1	0.273536	75724.4	772.482	771.962
O16	14895.1	0.488511	89388.1	10770	10769.5
O16	14895.1	0.245636	88012.6	9861.81	9860.26
Al28	26058.3	0.182315	75453.3	0	0
Si28	26053.2	0.214003	99909.3	17228.2	17226.9
Si28	26053.2	0.141487	79236.5	2961.17	2961.02
neutron	939.565	0.0408545	75368.4	0	0
N15	13968.9	0.305006	75368.4	0	0
O16	14895.1	0.203608	90300.9	10819.6	10819.3
neutron	939.565	14.1357	74054.5	0	0
neutron	939.565	0.626063	74054.5	0	0
alpha	3727.38	8.23936	74054.5	0	0
Ne21	19550.5	2.0007	74054.5	0	0
O16	14895.1	0.405793	88403.8	9619.14	9618.62
O16	14895.1	0.201696	81997.3	5728.6	5728.24
Si28	26053.2	0.428204	78174.3	3193.31	3192.56
O16	14895.1	0.549841	89509.6	11086.6	11085
O16	14895.1	0.262155	87030.5	9439.91	9439.52
O16	14895.1	0.380638	99951.3	17447.1	17446.7
O16	14895.1	0.413051	99289.8	16980.9	16980.4
Mg24	22335.8	0.806203	84328.2	7581.06	7580.02
neutron	939.565	13.2502	72225.9	0	0
neutron	939.565	9.71978	72225.9	0	0
neutron	939.565	0.453399	72225.9	0	0
C12	11174.9	0.27254	72225.9	0	0
O16	14895.1	0.199231	89526.5	10419.3	10418.9
O16	14895.1	0.329491	99729.3	17316.8	17316.4
neutron	939.565	0.131425	74016.2	0	0
Al27	25126.5	0.120126	74016.2	0	0
Mg24	22335.8	0.879414	87693	7957.95	7957.01
O16	14895.1	0.906636	93658.9	12635.8	12634.7
Mg24	22335.8	0.173329	79307.2	4724.78	4724.54
O16	14895.1	0.269026	76440.3	2945.99	2945.7
Mg24	22335.8	0.410531	78170.6	3381.59	3380.46
Si28	26053.2	0.119724	76073.8	2224.83	2224.27
neutron	939.565	0.502888	72423.2	0	0
Na23	21409.2	0.1126	72423.2	0	0
Mg26	24196.5	0.143935	84952.2	7516.12	7515.48
O16	14895.1	0.44184	88851.6	9817.45	9816.94
Mg25	23268	0.30252	76634.4	1937.71	1937.4
O16	14895.1	0.323449	88474.1	7963.7	7963.38
Al28	26058.3	0.157819	75410.8	0	0
Na26	24206.4	0.17105	76945.8	0	0
Si28	26053.2	0.129102	92794.8	12685.3	12684.9
O16	14895.1	0.256191	90143.8	11068	11067.6
Mg24	22335.8	0.191804	88197.6	9021.07	9020.74
O16	14895.1	0.393761	75774.2	834.395	832.513
neutron	939.565	18.5928	74344.9	0	0
neutron	939.565	0.214402	74344.9	0	0
C13	12109.5	1.89124	74344.9	0	0
O16	14895.1	0.206702	80754.8	1878.26	1877.89
O16	14895.1	0.222297	79832.4	1351.43	1350.66
neutron	939.565	121.174	89505.8	9227.61	9012.8
alpha	3727.38	6.82963	89505.8	9227.61	9012.8
alpha	3727.38	8.59174	89505.8	9227.61	9012.8
alpha	3727.38	0.731975	89505.8	9227.61	9012.8
neutron	939.565	3.63994	73866.7	0	0
Mg26	24196.5	0.690403	73866.7	0	0
Si28	26053.2	0.137249	97367.7	15761.9	15761.7
neutron	939.565	1.80707	76110.3	0	0
neutron	939.565	0.732411	76110.3	0	0
Al28	26058.3	0.121865	76110.3	0	0
N16	14906	0.297023	72526.5	0	0
Si28	26053.2	0.120049	90139.6	10526.4	10526
Si28	26053.2	0.66511	90737.7	11410.1	11408.6
Al28	26058.3	0.188158	76870.1	0	0
Si28	26053.2	1.07192	94237.5	14002.8	14001.7
O16	14895.1	0.406468	94193.4	13977.3	13976.4
Si29	26984.3	0.125195	75964.3	1596.1	1595.57
O16	14895.1	0.342414	88766.9	10069.9	10069.4
O16	14895.1	0.273283	78356.8	2195.32	2194.76
neutron	939.565	1.01142	74619.4	0	0
Al27	25126.5	0.196637	74619.4	0	0
O16	14895.1	0.223443	77340.9	2378.56	2378.32
neutron	939.565	8.87892	73284	0	0
C14	13040.9	0.0626989	73284	0	0
O16	14895.1	0.724648	99064.1	16902.6	16901.8
O16	14895.1	0.333021	98579.7	16617.4	16617
neutron	939.565	5.8813	72963.1	0	0
neutron	939.565	2.94099	72963.1	0	0
N14	13040.2	0.237779	72963.1	0	0
O16	14895.1	0.29396	82784.4	6524.54	6523.96
Mg24	22335.8	0.135694	75177	1151.4	1150.74
neutron	939.565	1.89125	73235.9	0	0
Ne23	21414.1	0.531337	73235.9	0	0
Al28	26058.3	0.174377	75379.5	0	0
neutron	939.565	5.43027	76437.6	0	0
alpha	3727.38	7.9309	76437.6	0	0
Ne22	20479.7	0.924556	76437.6	0	0
O16	14895.1	0.239941	79794.4	3672.89	3672.5
Mg24	22335.8	0.965529	97500.8	15442.6	15441.6
neutron	939.565	1.67322	72842.7	0	0
neutron	939.565	1.28736	72842.7	0	0
Ne21	19550.5	2.54123	72842.7	0	0
O16	14895.1	0.412211	74591.8	270.683	270.101
neutron	939.565	4.83705	74201.1	0	0
C13	12109.5	0.762105	74201.1	0	0
Si28	26053.2	0.208938	95807.4	14900.1	14899.8
O16	14895.1	0.72477	78798.8	3795.78	3794.91
O16	14895.1	0.236432	79705.4	4554.49	4553.27
neutron	939.565	24.5243	72136.6	0	0
neutron	939.565	6.75922	72136.6	0	0
neutron	939.565	1.4138	72136.6	0	0
C12	11174.9	1.30508	72136.6	0	0
Al28	26058.3	0.19279	74925.3	0	0
Si28	26053.2	0.148845	74254.1	1059.25	1058.81
Al28	26058.3	0.184544	72608.3	0	0
O16	14895.1	0.41347	90993.7	11743.8	11742.3
O16	14895.1	0.192896	86679.2	8604.48	8603.24
neutron	939.565	19.1629	72722.3	0	0
Ne22	20479.7	1.74936	72722.3	0	0
Mg24	22335.8	0.23686	98802.8	16571.4	16571
Si28	26053.2	0.132789	92990.8	12016.5	12016.2
Si28	26053.2	0.329007	74817.4	569.432	569
Si28	26053.2	0.210872	74072.1	124.695	124.434
Al28	26058.3	0.184207	73929.8	0	0
Si28	26053.2	0.284069	86708.7	8482.81	8482.3
neutron	939.565	3.80416	75232.1	0	0
alpha	3727.38	6.49332	75232.1	0	0
O18	16762	1.28186	75232.1	0	0
neutron	939.565	24.7256	76135	0	0
Ne22	20479.7	0.0844137	76135	0	0
neutron	939.565	4.90666	75309.3	0	0
neutron	939.565	1.78203	75309.3	0	0
Mg25	23268	0.228685	75309.3	0	0
neutron	939.565	0.551819	74722.9	0	0
Al27	25126.5	0.182445	74722.9	0	0
Mg25	23268	0.151744	91815.9	11779.3	11778.4
O16	14895.1	0.230329	89324.1	9896.67	9896.32
Mg24	22335.8	0.270266	85793	7435.97	7434.75
Al28	26058.3	0.173815	74821	0	0
O16	14895.1	0.41479	97828.2	15561.6	15560.9
O16	14895.1	0.314142	92310.4	12316.8	12316
Si28	26053.2	0.427462	87907.7	9469.59	9468.07
O16	14895.1	0.228701	81912.9	5518.41	5517.38
Mg24	22335.8	0.244214	99077	16916.9	16916.2
neutron	939.565	9.64033	76972	0	0
neutron	939.565	0.383078	76972	0	0
C12	11174.9	0.539372	76972	0	0
neutron	939.565	1.50549	75762.9	0	0
N15	13968.9	0.052788	75762.9	0	0
Mg24	22335.8	0.556514	90359.6	11430	11429.3
neutron	939.565	2.81989	72350.3	0	0
Al27	25126.5	0.175857	72350.3	0	0
Al29	26988.5	0.17964	72679.8	0	0
Si28	26053.2	0.1443	87478.4	9084.56	9084.33
neutron	939.565	6.88119	72360.8	0	0
Ne22	20479.7	0.250795	72360.8	0	0
Si28	26053.2	0.126382	76121.1	1883.55	1882.89
Si28	26053.2	0.145005	85165.8	6923.64	6923.3
Na24	22341.8	0.210094	74829	0	0
neutron	939.565	0.210874	72853	0	0
Al27	25126.5	0.22977	72853	0	0
N16	14906	0.290939	77144.6	0	0
Si28	26053.2	0.336369	98592.3	16579	16578.6
O16	14895.1	0.189273	86516.9	5915.51	5915.31
Si28	26053.2	0.173692	81856.5	3353.03	3352.36
O16	14895.1	0.209181	91706.2	11671.5	11671
O16	14895.1	0.435125	83933.8	7301.63	7301.15
O16	14895.1	0.311356	78323	3806.76	3806.33
Fe56	52089.8	0.133241	71982	90.3026	89.5845
Al28	26058.3	0.186764	73008.4	0	0
O16	14895.1	0.382599	84356.6	6666.4	6665.33
Na24	22341.8	0.178102	74514.4	0	0
Si28	26053.2	0.280725	94434.4	13195.8	13195.4
Mg24	22335.8	0.189044	94231.3	13083	13082.8
O16	14895.1	1.30803	86624.4	8103.43	8102
O16	14895.1	0.205508	84816.7	6990.14	6989.76
Mg24	22335.8	0.154007	75674.5	962.504	961.894
neutron	939.565	3.58397	98023.9	16161.5	8561.59
neutron	939.565	0.883555	98023.9	16161.5	8561.59
N13	12111.2	0.467507	98023.9	16161.5	8561.59
neutron	939.565	1.05915	83561.2	0	0
Mg26	24196.5	0.30092	83561.2	0	0
neutron	939.565	2.53994	72861.3	0	0
neutron	939.565	1.90494	72861.3	0	0
Mg25	23268	0.405022	72861.3	0	0
Si28	26053.2	0.579315	80947.4	4577.77	4576.56
O16	14895.1	0.38189	78418.1	2568.01	2567.57
neutron	939.565	2.2678	74236.7	0	0
Al27	25126.5	0.208027	74236.7	0	0
Mg24	22335.8	0.194515	84864.4	6835.19	6834.86
O16	14895.1	0.198166	84569.8	6656.9	6656.56
neutron	939.565	4.22653	74159	0	0
Mg26	24196.5	0.410231	74159	0	0
Mg24	22335.8	0.207598	99535	16975.7	16975.5
Na24	22341.8	0.204378	73433.9	0	0
O16	14895.1	0.208892	97023.3	15679.4	15678.7
Al28	26058.3	0.17603	77040	0	0
neutron	939.565	3.90628	74480.7	0	0
N15	13968.9	0.718525	74480.7	0	0
O16	14895.1	0.231823	89458.3	10675.2	10674.8
Mg24	22335.8	0.235713	80406	4361.78	4361.03
neutron	939.565	11.5647	97909.6	16055.1	15591.5
neutron	939.565	3.94448	97909.6	16055.1	15591.5
C11	10254	0.0674891	97909.6	16055.1	15591.5
neutron	939.565	10.2074	74284.4	0	0
neutron	939.565	2.61678	74284.4	0	0
neutron	939.565	1.23316	74284.4	0	0
C12	11174.9	1.8365	74284.4	0	0
neutron	939.565	10.8198	76329.6	0	0
neutron	939.565	2.57819	76329.6	0	0
Al27	25126.5	0.424724	76329.6	0	0
O16	14895.1	2.04916	88950.1	8850.64	8848.48
O16	14895.1	0.272023	87701	9665.41	9664.08
Mg25	23268	0.235507	82019.8	5822.91	5822.09
Mg25	23268	0.319713	76089.4	76.7331	75.8161
neutron	939.565	20.3121	76054.6	0	0
Mg26	24196.5	2.01173	76054.6	0	0
Mg24	22335.8	0.180115	74821.6	577.095	576.819
neutron	939.565	2.48965	75363.5	0	0
neutron	939.565	1.53222	75363.5	0	0
Cr52	48370	0.29954	75363.5	0	0
Si28	26053.2	0.242898	94334.3	12501.4	12501.1
O16	14895.1	0.200382	96319.8	14997.6	14996.9
Si28	26053.2	0.178112	88182.9	8592.86	8591.75
Mg26	24196.5	0.316539	79649.4	3114.52	3113.73
neutron	939.565	28.4534	74843.3	0	0
neutron	939.565	3.91107	74843.3	0	0
Na24	22341.8	1.15864	74843.3	0	0
Al28	26058.3	0.166602	72915.3	0	0
Al28	26058.3	0.176402	75067.3	0	0
Mg24	22335.8	0.332204	99787.5	17361	17359.7
O16	14895.1	0.475934	93616.7	12101	12100.2
Si28	26053.2	0.345354	87864.4	8444.6	8443.92
O16	14895.1	0.257817	91822.7	12115.7	12115.3
O16	14895.1	0.231928	86528.9	8722.8	8722.06
neutron	939.565	5.42603	72321.4	0	0
alpha	3727.38	4.37392	72321.4	0	0
O18	16762	1.94229	72321.4	0	0
O16	14895.1	0.190486	93630.1	13432	13431.4
O16	14895.1	2.04992	90672.4	10804.1	10801.7
neutron	939.565	2.80569	73955	0	0
neutron	939.565	1.72909	73955	0	0
Ne21	19550.5	0.494126	73955	0	0
neutron	939.565	4.15786	73262.9	0	0
neutron	939.565	2.88502	73262.9	0	0
Ne20	18617.7	1.9936	73262.9	0	0
neutron	939.565	0.0554119	74438.4	0	0
Na23	21409.2	0.20704	74438.4	0	0
O16	14895.1	0.73714	78209.7	2254.6	2253.82
Na25	23272.4	0.210968	74364.9	0	0
Al28	26058.3	0.184059	78039	0	0
O16	14895.1	0.506636	81784.4	3761.96	3761.33
Al28	26058.3	0.167878	76509.3	0	0
Mg24	22335.8	0.285184	84956	3913.45	3913.09
Si28	26053.2	0.109639	99848.6	17399.8	17397.8
O16	14895.1	0.224235	76937.8	3068.78	3068.09
neutron	939.565	12.1501	71778.5	0	0
neutron	939.565	5.76992	71778.5	0	0
neutron	939.565	1.35807	71778.5	0	0
C12	11174.9	1.46078	71778.5	0	0
Mg24	22335.8	0.264159	85847.7	8004.02	8003.49
neutron	939.565	22.5754	72351.1	0	0
neutron	939.565	6.96441	72351.1	0	0
Ne21	19550.5	2.09462	72351.1	0	0
Si28	26053.2	2.69804	84137.1	6914.47	6911.65
Si28	26053.2	0.253008	95142.3	13799.9	13799.1
neutron	939.565	3.2517	76944.9	0	0
Na23	21409.2	0.0666646	76944.9	0	0
O16	14895.1	0.57597	80617.9	4933.53	4932.37
Al28	26058.3	0.170719	73174.7	0	0
O16	14895.1	1.3336	87420.6	9646.99	9645.34
neutron	939.565	0.379049	73190.3	0	0
Al27	25126.5	0.118516	73190.3	0	0
O16	14895.1	0.26792	85751.1	8738.16	8737.12
Mg24	22335.8	0.3183	79200.2	2449.49	2449
neutron	939.565	3.78983	75071.4	0	0
neutron	939.565	0.227328	75071.4	0	0
Na24	22341.8	0.62194	75071.4	0	0
Fe56	52089.8	0.0833408	99323.8	17006.9	17006.4
Mg24	22335.8	0.155197	98853.4	16715.5	16714.9
Fe56	52089.8	0.0994746	89033.4	10133	10132.8
O16	14895.1	4.4182	99450.7	17155.9	17151.3
Si28	26053.2	0.157718	90230.1	10139.9	10139.5
O16	14895.1	0.291561	79244.5	2617.1	2616.48
Si28	26053.2	0.152538	85013.8	7483.98	7482.79
Mg24	22335.8	0.273268	84679.5	7018.72	7018.2
Si28	26053.2	0.553058	92764.4	12610.4	12609.8
Al28	26058.3	0.185689	77461.7	0	0
O16	14895.1	0.490341	99539.8	17222.7	17221.8
neutron	939.565	19.3574	73060.6	0	0
C14	13040.9	1.0933	73060.6	0	0
Mg24	22335.8	0.13839	92370	12063.4	12063.3
N16	14906	0.284479	74958.1	0	0
Fe56	52089.8	0.104326	91953.2	11207.4	11206.8
O16	14895.1	0.35371	78733	2949.2	2948.84
Al28	26058.3	0.154372	73478.4	0	0
Mg24	22335.8	0.44157	98947.9	16774.9	16774.3
Mg24	22335.8	0.155837	91732.9	12336.3	12336.1
O16	14895.1	0.351798	99440.3	16294.3	16293.4
neutron	939.565	12.0553	74981.5	0	0
neutron	939.565	1.95538	74981.5	0	0
alpha	3727.38	2.26484	74981.5	0	0
alpha	3727.38	9.18245	74981.5	0	0
alpha	3727.38	0.371209	74981.5	0	0
Na24	22341.8	0.209283	74421.9	0	0
Al28	26058.3	0.192435	76733.1	0	0
Al28	26058.3	0.16738	74945.8	0	0
O16	14895.1	1.05002	84252.1	6719.36	6717.49
Mg24	22335.8	0.156533	94959.6	14342.6	14342.2
neutron	939.565	5.90468	75343.8	0	0
neutron	939.565	2.59771	75343.8	0	0
Na23	21409.2	0.971701	75343.8	0	0
neutron	939.565	4.50804	72991.3	0	0
neutron	939.565	1.98859	72991.3	0	0
C12	11174.9	3.0301	72991.3	0	0
Si28	26053.2	0.244317	78377.9	3082.63	3082.26
N16	14906	0.278895	73187.9	0	0
Mg24	22335.8	0.624504	97523.9	15232.5	15231.9
O16	14895.1	0.273515	88335.8	6651.26	6650.98
O16	14895.1	2.33679	84885.5	4491.1	4488.19
Mg24	22335.8	0.150858	81822	2599.64	2599.39
O16	14895.1	0.481331	91030.1	9956.66	9956.06
Al28	26058.3	0.158413	75494.2	0	0
neutron	939.565	7.08058	71826.1	0	0
alpha	3727.38	8.69209	71826.1	0	0
B11	10252.5	1.24045	71826.1	0	0
Mg24	22335.8	0.234601	99889	17416.7	17416.4
Fe56	52089.8	0.217842	87653.1	9692.36	9692.12
Na25	23272.4	0.209265	73302	0	0
Mg24	22335.8	0.134944	94823.3	13843.1	13842
O16	14895.1	0.375564	97738.1	15982.2	15981.6
Na25	23272.4	0.209949	73992.7	0	0
O16	14895.1	0.27182	93656.2	12845.3	12844.9
O16	14895.1	0.316706	85025.7	7111.42	7110.86
Al28	26058.3	0.177244	75622.7	0	0
neutron	939.565	5.82014	73975	0	0
neutron	939.565	2.97361	73975	0	0
neutron	939.565	1.59626	73975	0	0
alpha	3727.38	3.00967	73975	0	0
Be8	7454.85	2.86565	73975	0	0
neutron	939.565	5.80994	74307.8	0	0
neutron	939.565	1.75603	74307.8	0	0
neutron	939.565	1.63101	74307.8	0	0
Cr52	48370	0.0349864	74307.8	0	0
Mg24	22335.8	0.141026	75206	1053.46	1052.94
O16	14895.1	0.292175	80913.6	4892.7	4890.89
neutron	939.565	5.35313	73009.5	0	0
neutron	939.565	2.52486	73009.5	0	0
Cr53	49301.7	0.712687	73009.5	0	0
O16	14895.1	0.19265	97445.9	15868.8	15868.3
neutron	939.565	7.81036	75323.9	0	0
Ne22	20479.7	1.02122	75323.9	0	0
O16	14895.1	0.327957	87296.8	8870.47	8869.84
Si28	26053.2	0.176733	88700	9059.38	9059.04
Al28	26058.3	0.186275	73843.5	0	0
neutron	939.565	1.67887	87103.2	8361.36	8071.24
C13	12109.5	0.221187	87103.2	8361.36	8071.24
O16	14895.1	0.205803	80684.6	4133.48	4132.38
O16	14895.1	0.272791	83258.9	6174.66	6174.12
O16	14895.1	0.330098	82606.9	5768.37	5767.34
Al28	26058.3	0.18358	73318.7	0	0
O16	14895.1	0.347331	81230.7	4737.4	4737.04
Mg24	22335.8	0.222086	93964.7	11985.1	11984.4
neutron	939.565	3.07698	75466.2	0	0
neutron	939.565	2.43216	75466.2	0	0
neutron	939.565	1.80939	75466.2	0	0
alpha	3727.38	4.42584	75466.2	0	0
alpha	3727.38	3.34915	75466.2	0	0
alpha	3727.38	2.59927	75466.2	0	0
Si28	26053.2	0.130706	84110.8	5791.58	5791.33
O16	14895.1	0.191706	88693.3	10164.6	10164.2
neutron	939.565	25.8827	71826	0	0
neutron	939.565	0.632206	71826	0	0
Ne20	18617.7	1.69532	71826	0	0
neutron	939.565	2.46342	72568.5	0	0
Mg26	24196.5	0.205224	72568.5	0	0
O16	14895.1	0.299711	89130.3	9994.98	9994.42
Mg24	22335.8	0.419442	89078.9	9969.96	9969.32
Na24	22341.8	0.211204	73291.1	0	0
Si29	26984.3	0.338083	93291.8	12982.8	12982.4
O16	14895.1	0.27346	80242.1	3917.86	3916.57
neutron	939.565	34.5588	74093.5	0	0
neutron	939.565	0.905461	74093.5	0	0
neutron	939.565	0.215302	74093.5	0	0
Cr52	48370	1.01282	74093.5	0	0
Mg24	22335.8	0.129568	95752.8	14774	14773.4
Al28	26058.3	0.180609	71846.5	0	0
Mg25	23268	1.82042	78787.9	3305.69	3302.53
Mg24	22335.8	0.227095	83960.5	6577.32	6576.88
Si28	26053.2	0.183926	95408.6	14236.3	14236
Na24	22341.8	0.188007	74320	0	0
Fe54	50231.2	0.152195	87866.5	6828.74	6827.39
Al28	26058.3	0.19093	76497.4	0	0
O16	14895.1	0.271428	85871.3	7437.15	7436.72
O16	14895.1	0.395251	82875.8	5603.67	5603.26
Al28	26058.3	0.170737	74481.3	0	0
neutron	939.565	5.36758	72634	0	0
neutron	939.565	3.30238	72634	0	0
neutron	939.565	2.58449	72634	0	0
Mg24	22335.8	0.2842	72634	0	0
neutron	939.565	13.3132	73503.7	0	0
neutron	939.565	4.8073	73503.7	0	0
neutron	939.565	3.92094	73503.7	0	0
Na23	21409.2	0.859991	73503.7	0	0
neutron	939.565	0.344739	72802.2	0	0
N15	13968.9	0.487073	72802.2	0	0
O16	14895.1	0.24196	81661.6	4228.84	4228.4
Mg24	22335.8	0.316598	80888.4	4609.47	4608.83
Al28	26058.3	0.173626	73891	0	0
Si28	26053.2	0.135146	80283.4	4698.39	4698.18
Fe56	52089.8	0.0599158	78116.3	2925.22	2924.83
Mg24	22335.8	0.193783	85552.2	8265.76	8265.49
N16	14906	0.286126	72385.6	0	0
O16	14895.1	0.270085	94974	14333	14332.3
Si28	26053.2	0.166174	89926.4	11103.7	11103.2
Mg26	24196.5	0.117503	85881	8463.23	8462.53
O16	14895.1	0.583912	73990.3	438.073	437.424
neutron	939.565	4.15394	73266.6	0	0
Mn55	51161.7	0.148929	73266.6	0	0
Mg24	22335.8	0.275014	96888	15492.3	15491.7
Mg24	22335.8	0.303047	94439.6	13509.3	13509
Al28	26058.3	0.188765	73973.8	0	0
Si29	26984.3	0.119677	98264.9	16395	16393.9
Mg24	22335.8	0.133127	81301.7	5902.79	5902.55
O16	14895.1	0.320065	73230.8	1052.01	1051.5
Mg26	24196.5	0.123847	71476.5	25.2672	25.1177
neutron	939.565	25.7426	71474	0	0
neutron	939.565	24.3807	71474	0	0
C13	12109.5	3.15042	71474	0	0
O16	14895.1	0.278979	93289.6	13605.6	13605.1
O16	14895.1	0.19126	76256.8	2171.07	2170.7
neutron	939.565	3.2353	72576.7	0	0
neutron	939.565	0.111647	72576.7	0	0
Na24	22341.8	0.481366	72576.7	0	0
O16	14895.1	0.233417	78885.7	3927.23	3926.76
O16	14895.1	0.24463	98534.2	16443.3	16443
neutron	939.565	20.344	76081.7	0	0
neutron	939.565	4.02669	76081.7	0	0
neutron	939.565	2.99886	76081.7	0	0
neutron	939.565	0.716427	76081.7	0	0
Ne19	17695	1.56852	76081.7	0	0
Fe56	52089.8	0.0613279	77815.2	2355.19	2354.97
neutron	939.565	0.78533	73857.5	0	0
Na23	21409.2	0.389161	73857.5	0	0
O16	14895.1	0.200768	77331	1947.65	1946.47
Si28	26053.2	0.173434	76315.7	1271.69	1271.32
neutron	939.565	18.8537	74211.5	0	0
neutron	939.565	9.50488	74211.5	0	0
neutron	939.565	7.51893	74211.5	0	0
C12	11174.9	1.43676	74211.5	0	0
Al28	26058.3	0.145075	71549.5	0	0
Al29	26988.5	0.175777	80548.8	0	0
Si28	26053.2	0.233068	96668.4	14958.8	14958.2
O16	14895.1	0.208895	85001.1	6813.03	6811.82
O16	14895.1	0.266791	91102.5	11212.4	11211.7
neutron	939.565	11.401	73656.7	0	0
neutron	939.565	3.58213	73656.7	0	0
C12	11174.9	4.26746	73656.7	0	0
O16	14895.1	0.238989	86399.4	8216.92	8215.99
Na24	22341.8	0.218452	78867.2	0	0
neutron	939.565	18.4166	73617.9	0	0
neutron	939.565	3.68174	73617.9	0	0
neutron	939.565	2.35908	73617.9	0	0
Ne20	18617.7	0.522532	73617.9	0	0
Mg25	23268	0.136498	89187.1	10227.8	10227.6
neutron	939.565	4.42616	73030.6	0	0
Al28	26058.3	0.099795	73030.6	0	0
O16	14895.1	0.24746	90595.5	11578.9	11578.5
Si28	26053.2	0.690371	94653.6	13319.3	13317.6
O16	14895.1	1.49236	78272.6	2155.75	2153.56
Si28	26053.2	0.123304	88797	7067.3	7066.69
O16	14895.1	0.361862	87991.4	9071.29	9070.87
neutron	939.565	33.9528	73760.7	0	0
neutron	939.565	1.39234	73760.7	0	0
neutron	939.565	0.710029	73760.7	0	0
C12	11174.9	0.860084	73760.7	0	0
O16	14895.1	0.221685	79552.7	3820.6	3820.34
neutron	939.565	8.8981	73417	0	0
Na24	22341.8	0.387458	73417	0	0
Mg24	22335.8	0.535414	90847	11831.4	11830.7
Al28	26058.3	0.159829	72433.3	0	0
Mg24	22335.8	1.05701	99259.4	17070.2	17068.8
O16	14895.1	0.268467	96475.5	14854.9	14853.7
Fe56	52089.8	0.0814684	85177.1	6427.31	6427.04
Si28	26053.2	0.142021	83804.9	5609.35	5609.2
neutron	939.565	4.48408	74360.2	0	0
neutron	939.565	0.721812	74360.2	0	0
Mg25	23268	0.374086	74360.2	0	0
neutron	939.565	21.3491	74787.7	0	0
neutron	939.565	1.97541	74787.7	0	0
neutron	939.565	1.87238	74787.7	0	0
Mg25	23268	0.523057	74787.7	0	0
O16	14895.1	0.612447	74592.1	296.626	295.919
Al28	26058.3	0.173228	74133.4	0	0
Fe56	52089.8	0.102599	94093.8	13545.1	13544.7
neutron	939.565	0.815524	76752.6	0	0
Mg26	24196.5	0.239919	76752.6	0	0
O16	14895.1	0.277079	93893.4	13279.3	13278.8
neutron	939.565	1.78406	75079.3	0	0
neutron	939.565	1.45062	75079.3	0	0
Mg25	23268	0.412803	75079.3	0	0
Si28	26053.2	0.303924	90536.2	10762.7	10762.3
O16	14895.1	0.796053	96593.8	15227.1	15226
C14	13040.9	3.32961	75739.8	0	0
Mg24	22335.8	0.144024	82493.6	5299.16	5298.1
Fe56	52089.8	0.079191	90379.8	10955.7	10955.6
Si29	26984.3	0.134859	78975.7	2583.77	2583.52
Al26	24200	2.17242	76789.5	1337.68	835.904
O16	14895.1	0.464344	84722.7	6793.71	6792.97
Mg24	22335.8	0.275157	77305.9	1598.64	1597.74
neutron	939.565	12.8211	74626.1	0	0
neutron	939.565	7.05738	74626.1	0	0
neutron	939.565	2.59651	74626.1	0	0
C12	11174.9	0.602455	74626.1	0	0
O16	14895.1	0.192215	95261.5	13870.9	13870.6
Si28	26053.2	0.229737	91095.3	11074.3	11074.1
Mn56	52094	0.0888538	73067.8	0	0
O16	14895.1	0.5871	88480.7	9833.84	9832.7
Si28	26053.2	0.123456	81614.7	2574.82	2574.62
neutron	939.565	3.79171	77212.4	0	0
neutron	939.565	1.37756	77212.4	0	0
B12	11188.7	2.2937	77212.4	0	0
O16	14895.1	0.336932	92880.3	12475.5	12474.8
Si28	26053.2	0.112866	90226.7	9917.15	9916.7
Si28	26053.2	0.175706	74957.7	723.038	722.814
Si30	27913.2	0.123539	95228.9	14418.7	14418.6
O16	14895.1	0.397596	88396.3	4872.51	4871.91
Mg24	22335.8	0.15923	74000.5	1372.28	1371.82
O16	14895.1	0.374346	86634.4	9151.29	9150.76
Mg24	22335.8	0.186093	95154.3	14247.3	14246.2
O16	14895.1	0.504797	88314.2	9673.36	9672.83
O16	14895.1	0.248817	96155.3	14048	14046.8
O16	14895.1	0.284165	93744.4	12397.3	12396.6
neutron	939.565	0.55078	73802.5	0	0
Al27	25126.5	0.117786	73802.5	0	0
Na24	22341.8	0.195204	77492.3	0	0
O16	14895.1	0.947729	96950	15218.6	15217.5
neutron	939.565	21.6835	72392.5	0	0
neutron	939.565	0.821523	72392.5	0	0
C13	12109.5	2.2802	72392.5	0	0
Fe57	53021.7	0.0975471	74400.4	33.8485	33.7363
Mg24	22335.8	0.13888	91729.2	11998.2	11997.5
neutron	939.565	3.51815	90277.4	10486.6	8933.82
B11	10252.5	9.32299	90277.4	10486.6	8933.82
Si28	26053.2	0.155722	99555.4	17194.2	17193.2
O16	14895.1	0.222463	88952.4	10531.1	10530.6
O16	14895.1	0.228826	76203.6	2322.96	2322.22
Al28	26058.3	0.187714	72426.9	0	0
Al28	26058.3	0.184365	74319.2	0	0
Mg26	24196.5	0.2712	93191.9	13254.2	10239.2
neutron	939.565	9.9896	76345.6	0	0
neutron	939.565	2.98124	76345.6	0	0
neutron	939.565	0.441573	76345.6	0	0
alpha	3727.38	6.43042	76345.6	0	0
O16	14895.1	1.1918	76345.6	0	0
O16	14895.1	0.195263	83828.5	5327.4	5326.58
O16	14895.1	0.275513	88139.3	9068.71	9068.11
O16	14895.1	0.194547	79065.2	1228.91	1228.5
Na24	22341.8	0.210563	76918.9	0	0
Al28	26058.3	0.185096	74931.1	0	0
O16	14895.1	0.237342	80026.7	4518.17	4517.92
Si28	26053.2	0.118022	79677.4	4336.86	4336.67
Mn56	52094	0.0894494	72758.8	0	0
O16	14895.1	0.239335	85564.1	8557.54	8557.25
O16	14895.1	0.238816	75502.1	1364.83	1364.07
Na24	22341.8	0.207599	73352	0	0
Al28	26058.3	0.173283	75287.1	0	0
neutron	939.565	0.775162	72576.1	0	0
Al27	25126.5	0.307967	72576.1	0	0
O16	14895.1	0.733451	81093.4	3669.31	3667.72
O16	14895.1	1.87669	80446.5	3274.84	3272.68
Si28	26053.2	0.119092	77435.8	1318.2	1317.54
O16	14895.1	0.190279	89626.9	10767.2	10766.7
O16	14895.1	0.41601	98960.8	16875	16873.9
Al28	26058.3	0.190356	75176.4	0	0
O16	14895.1	1.78952	78828	3897.35	3895.04
Al28	26058.3	0.173833	72312.1	0	0
Al29	26988.5	0.183811	75361.5	0	0
Mg26	24196.5	0.142583	80546.9	4474.76	4474.56
Fe56	52089.8	0.0727603	97557.6	15966.5	15965.5
Si28	26053.2	0.246482	83625.7	6301.46	6301.05
neutron	939.565	4.04205	73685.1	0	0
Ne22	20479.7	0.304038	73685.1	0	0
Al28	26058.3	0.187767	74547.3	0	0
Mg24	22335.8	0.214851	79561.5	4719.61	4718.8
Al28	26058.3	0.187505	72161.2	0	0
O16	14895.1	0.432695	97097.4	15483.2	15482.6
Si28	26053.2	0.358217	89841.4	10684.6	10684.2
Si28	26053.2	0.237217	83206.2	6057.25	6056.84
Mg24	22335.8	0.213523	81571.6	4633.34	4632.86
neutron	939.565	0.27881	74554.9	0	0
Na23	21409.2	0.208524	74554.9	0	0
Si28	26053.2	0.115458	96619.1	15378	15377.6
O16	14895.1	0.617875	98576.8	16630.1	16628.3
O16	14895.1	0.192161	72928.2	634.193	633.934
neutron	939.565	5.63959	71872.4	0	0
neutron	939.565	4.87523	71872.4	0	0
N14	13040.2	1.81056	71872.4	0	0
O16	14895.1	0.668676	87413.1	8660.03	8658.3
O16	14895.1	0.194331	90977	10442.7	10441.8
O16	14895.1	0.239743	91970.5	12241.9	12241.5
neutron	939.565	20.8805	73226.8	0	0
neutron	939.565	10.5058	73226.8	0	0
neutron	939.565	4.85796	73226.8	0	0
C12	11174.9	0.5716	73226.8	0	0
Mg24	22335.8	0.172692	91944.8	11213.3	11213
O16	14895.1	0.2242	84992	6802.82	6802.29
neutron	939.565	7.78206	73594.3	0	0
neutron	939.565	6.06649	73594.3	0	0
Ne21	19550.5	0.27706	73594.3	0	0
neutron	939.565	13.4888	73482.5	0	0
neutron	939.565	2.50983	73482.5	0	0
C12	11174.9	5.71905	73482.5	0	0
O16	14895.1	0.489777	94506	13823.5	13823
Mn56	52094	0.08952	73083.9	0	0
O16	14895.1	0.23648	91344.7	5814.43	5813.96
neutron	939.565	0.425623	82265.4	0	0
Al27	25126.5	0.0807241	82265.4	0	0
Mg24	22335.8	0.288767	93334.9	12710.9	12710.4
O16	14895.1	0.272983	84436.4	6878.28	6877.28
O16	14895.1	0.296754	78693.5	3322.19	3321.57
Si28	26053.2	0.238702	75167.9	1123.56	1123.02
Al28	26058.3	0.176641	73471.9	0	0
Mg24	22335.8	0.160653	74658	524.865	524.52
O16	14895.1	0.251748	75198.3	1414.89	1414.13
neutron	939.565	0.0506707	72820.3	0	0
N15	13968.9	0.302953	72820.3	0	0
O16	14895.1	0.682594	89112.2	9663.73	9662.23
Al28	26058.3	0.163902	73685.6	0	0
O16	14895.1	0.344568	75298.7	1977.66	1977.23
neutron	939.565	3.58744	71989.7	0	0
N15	13968.9	0.763413	71989.7	0	0
neutron	939.565	0.220222	72504.3	0	0
Na23	21409.2	0.218275	72504.3	0	0
O16	14895.1	0.24203	94930	11057.9	11057.2
Mg24	22335.8	0.131216	82019.8	2051.26	2050.55
O16	14895.1	0.311741	86819.6	6149.72	6149.17
O16	14895.1	0.501161	97304.3	15826.2	15825.1
Na24	22341.8	0.214811	74429.5	0	0
neutron	939.565	34.6584	77798.1	0	0
neutron	939.565	3.13839	77798.1	0	0
Ne22	20479.7	0.774296	77798.1	0	0
neutron	939.565	5.53974	76342.2	0	0
neutron	939.565	3.04372	76342.2	0	0
neutron	939.565	0.0978459	76342.2	0	0
Ne22	20479.7	1.45923	76342.2	0	0
O16	14895.1	0.331299	80273.9	4847.63	4846.27
Mg25	23268	0.259526	90162.9	10799.4	10798.3
Mg24	22335.8	0.266964	85894.8	8305.73	8304.16
Al28	26058.3	0.164651	72705.2	0	0
Mg26	24196.5	0.123529	91779.6	12157.4	12156.4
O16	14895.1	1.48437	76275	1550.28	1548.55
neutron	939.565	13.4205	73753.9	0	0
neutron	939.565	4.56101	73753.9	0	0
Na24	22341.8	0.875793	73753.9	0	0
O16	14895.1	0.311727	90014.5	10526.8	10526.3
Fe56	52089.8	0.11119	83140.9	6102.89	6102.7
Mg24	22335.8	0.300547	74138.3	1027.13	1026.29
neutron	939.565	3.72356	72429.6	0	0
Ne22	20479.7	0.736076	72429.6	0	0
Fe56	52089.8	0.0581813	78169.5	2379.64	2378.78
neutron	939.565	6.04919	73930.1	0	0
alpha	3727.38	5.70913	73930.1	0	0
B11	10252.5	4.80222	73930.1	0	0
O16	14895.1	0.28258	83905.4	7139.34	7137.26
O16	14895.1	0.288986	88642.3	10298	10297.6
Si28	26053.2	0.449904	85585.4	8439.44	8438.6
O16	14895.1	0.249896	76459.9	2392.24	2391.28
Mg24	22335.8	0.141808	82606.5	6109.92	6109.5
Na25	23272.4	0.207004	73624.3	0	0
Si28	26053.2	0.22223	97128	15219.9	15219.7
Si28	26053.2	0.278942	74345.1	325.87	325.36
Al28	26058.3	0.186465	73894	0	0
Fe56	52089.8	0.0981269	79263.6	3307.73	3307.44
neutron	939.565	3.11407	74275.5	0	0
Mn55	51161.7	0.14817	74275.5	0	0
Mg26	24196.5	0.314821	97405.3	15735.8	15735.2
Si28	26053.2	0.653185	87969.7	9321.73	9320.72
O16	14895.1	0.373343	75744	1388.86	1388.44
O16	14895.1	0.193188	89732.2	10779.6	10779.3
O16	14895.1	0.189691	89871.4	9336.8	9336.36
neutron	939.565	4.3389	75173.7	0	0
neutron	939.565	0.309	75173.7	0	0
C13	12109.5	0.248844	75173.7	0	0
Mg26	24196.5	0.187912	87724.2	7866.81	7866.01
Si28	26053.2	0.247657	90291	10967.7	10967.4
Na24	22341.8	0.181162	73758.1	0	0
Fe56	52089.8	0.0582041	84560.5	6675.82	6675.39
Si28	26053.2	0.393557	80900.2	4337.77	4337.22
neutron	939.565	9.02653	73617.7	0	0
neutron	939.565	6.85656	73617.7	0	0
Mg25	23268	1.53116	73617.7	0	0
O16	14895.1	0.205376	81641.5	4459.85	4459.03
neutron	939.565	1.30082	74641.3	0	0
Na23	21409.2	0.102819	74641.3	0	0
Mg24	22335.8	0.233509	85452.3	7258.01	7257.73
O16	14895.1	0.227859	87876.2	9099.69	9098.41
Fe56	52089.8	0.0632731	85801.4	7597.57	7597.08
Si28	26053.2	0.161577	98805.4	16801.6	16801.2
Si28	26053.2	0.110245	90910.8	11430.3	11430.2
Si28	26053.2	0.116915	81884.5	5685.06	5684.91
neutron	939.565	15.4531	72394.2	0	0
neutron	939.565	2.13498	72394.2	0	0
Mg25	23268	1.69758	72394.2	0	0
Si28	26053.2	0.220962	96679.9	14916.5	14915.6
neutron	939.565	7.04749	73431.8	0	0
neutron	939.565	6.25824	73431.8	0	0
neutron	939.565	2.74568	73431.8	0	0
Mg24	22335.8	0.457117	73431.8	0	0
neutron	939.565	11.3591	73489.3	0	0
neutron	939.565	5.26944	73489.3	0	0
Na23	21409.2	0.0274609	73489.3	0	0
Al28	26058.3	0.184769	73574.3	0	0
Fe58	53951.2	0.0597636	98999.2	16629.7	16629.4
neutron	939.565	35.5359	74551	0	0
neutron	939.565	20.3539	74551	0	0
Ne21	19550.5	2.43998	74551	0	0
O16	14895.1	0.302134	81992.1	5459.59	5459.22
Al28	26058.3	0.190053	72721.8	0	0
O16	14895.1	0.240764	90287.7	9937.94	9937.52
Na24	22341.8	0.212592	73560.6	0	0
Si28	26053.2	0.119622	92126.9	9797.38	9796.71
Si28	26053.2	0.272673	82360.8	3093.47	3092.77
neutron	939.565	21.6463	77771.4	0	0
neutron	939.565	3.56382	77771.4	0	0
neutron	939.565	1.41629	77771.4	0	0
alpha	3727.38	7.63718	77771.4	0	0
O16	14895.1	0.410627	77771.4	0	0
Si28	26053.2	0.150763	77385.5	2857.75	2857.29
O16	14895.1	0.224266	72698.6	108.772	107.612
neutron	939.565	3.06138	72594.1	0	0
neutron	939.565	1.56536	72594.1	0	0
neutron	939.565	0.594602	72594.1	0	0
Mg24	22335.8	0.350597	72594.1	0	0
Si28	26053.2	0.122531	92393	12165.7	12165.4
O16	14895.1	0.231983	87127.1	9313.26	9312.87
O16	14895.1	0.24433	82137.5	4740.83	4740.42
Mg24	22335.8	0.560495	80637.1	3923.12	3922.17
neutron	939.565	18.5121	75275.5	0	0
neutron	939.565	3.12269	75275.5	0	0
Na23	21409.2	2.15856	75275.5	0	0
O16	14895.1	1.16946	90737.4	9317.23	9315.71
O16	14895.1	0.212434	89351.1	8480.58	8480.29
neutron	939.565	7.12359	73116.1	0	0
neutron	939.565	2.64412	73116.1	0	0
Na22	20482.1	0.186627	73116.1	0	0
neutron	939.565	0.210507	73007.3	0	0
Al27	25126.5	0.109025	73007.3	0	0
O16	14895.1	0.450273	96700	15408	15406.2
O16	14895.1	0.196254	83305.8	5740.15	5739.2
Mg25	23268	0.128761	92602.3	13058.3	13057.9
O16	14895.1	0.458203	89997.8	11313.8	11312.8
O16	14895.1	0.378824	82544.6	6171.36	6170.56
Si28	26053.2	1.08811	75783.3	2047.91	2046.73
Na24	22341.8	0.217746	72480.3	0	0
neutron	939.565	2.52139	73217.9	0	0
neutron	939.565	0.489282	73217.9	0	0
Mg25	23268	0.129362	73217.9	0	0
O16	14895.1	0.33848	95554.5	12014.8	12014.4
Mg26	24196.5	0.213784	83542.7	3613.31	3612.96
neutron	939.565	1.48442	77870.3	0	0
Mg25	23268	1.40835	77870.3	0	0
O16	14895.1	0.500188	88634.1	9237.63	9236.75
Mg24	22335.8	0.133946	96296	15241.4	15240.8
O16	14895.1	0.284591	85791.9	3757.96	3757.55
Si28	26053.2	0.33633	82654.4	1909.84	1909.35
O16	14895.1	0.204589	93674.7	12673.2	12672.6
neutron	939.565	5.94643	73243.5	0	0
neutron	939.565	5.63144	73243.5	0	0
neutron	939.565	1.23086	73243.5	0	0
Mn53	49301.8	0.362073	73243.5	0	0
Si28	26053.2	0.122804	94904.4	14247.8	14247.3
Al28	26058.3	0.179882	73956.8	0	0
neutron	939.565	547.038	98703.1	16034.8	12295.9
neutron	939.565	306.557	98703.1	16034.8	12295.9
neutron	939.565	4.29767	98703.1	16034.8	12295.9
Li8	7471.37	5.87344	98703.1	16034.8	12295.9
Mg24	22335.8	0.260596	84653.6	7793.45	7793.17
O16	14895.1	3.38829	83509.6	7068.91	7064.92
Si28	26053.2	0.233669	76908.9	2523.76	2520.76
O16	14895.1	0.328028	82949.9	4878.99	4878.51
Fe56	52089.8	0.0847083	81764	4199.06	4198.86
Fe56	52089.8	0.0762767	79725	2420.23	2420.12
Al29	26988.5	0.157629	75531.3	0	0
Mg26	24196.5	0.155972	90211.8	9647.84	9647.65
Al28	26058.3	0.183637	74783.4	0	0
neutron	939.565	3.42094	93409.9	12913.9	12666.8
neutron	939.565	1.20314	93409.9	12913.9	12666.8
Al25	23271.8	0.925057	93409.9	12913.9	12666.8
O16	14895.1	0.226744	80762.3	4423.6	4422.61
Si28	26053.2	0.160565	88602.2	9852.11	9850.77
Al28	26058.3	0.18241	73907.1	0	0
O16	14895.1	0.190219	89461.5	10296.4	10296.1
O16	14895.1	0.915742	85555.2	7758.88	7757.95
Si28	26053.2	0.300193	87816.6	9376.23	9375.34
Mg24	22335.8	0.135842	82439.5	5566.56	5565.99
Na24	22341.8	0.200307	73323	0	0
O16	14895.1	0.271418	79159.6	4024.33	4023.37
neutron	939.565	14.4173	72831.6	0	0
neutron	939.565	12.6476	72831.6	0	0
neutron	939.565	1.20694	72831.6	0	0
N13	12111.2	0.941535	72831.6	0	0
Si28	26053.2	0.203895	76797.9	2109.9	2109.58
Mg24	22335.8	0.13175	91960.2	12006.7	12006.5
Si28	26053.2	0.11578	80590.2	4205.52	4205.35
Na24	22341.8	0.220523	73845.6	0	0
O16	14895.1	0.276106	97121.2	15592.3	15591.8
O16	14895.1	0.408966	92968.3	12982	12981.5
Mg24	22335.8	0.691657	96755.4	15435.9	15434.8
Si28	26053.2	0.19656	96491.5	15133.1	15132.6
neutron	939.565	20.5231	74456.5	0	0
neutron	939.565	0.311299	74456.5	0	0
N14	13040.2	1.55334	74456.5	0	0
neutron	939.565	5.71164	74814.5	0	0
neutron	939.565	0.176687	74814.5	0	0
C12	11174.9	1.79401	74814.5	0	0
Mg24	22335.8	0.441434	87824.9	9631.39	9630.59
Mg24	22335.8	0.162326	79652.8	3753.59	3752.71
neutron	939.565	3.42363	74080.7	0	0
neutron	939.565	1.29459	74080.7	0	0
Ne21	19550.5	0.652314	74080.7	0	0
Mg24	22335.8	0.35159	94498.4	13843.4	13842.8
Al28	26058.3	0.17798	74542.4	0	0
neutron	939.565	0.384982	74255	0	0
C13	12109.5	1.20586	74255	0	0
O16	14895.1	0.572297	86923.3	7205.6	7205
Na24	22341.8	0.20909	75399.3	0	0
neutron	939.565	2.93663	73178.4	0	0
neutron	939.565	0.877756	73178.4	0	0
Mg25	23268	0.585663	73178.4	0	0
Si28	26053.2	0.457251	82508.3	5171.61	5171.13
neutron	939.565	0.212284	75603.7	0	0
Al27	25126.5	0.107767	75603.7	0	0
Mg24	22335.8	0.434165	94114.1	13961	13960.3
Si28	26053.2	0.11705	93717.9	13645.5	13645.1
Al28	26058.3	0.178473	75900	0	0
neutron	939.565	21.399	87332.2	8595.97	8072.14
neutron	939.565	9.95344	87332.2	8595.97	8072.14
neutron	939.565	8.29609	87332.2	8595.97	8072.14
neutron	939.565	6.14544	87332.2	8595.97	8072.14
alpha	3727.38	8.07686	87332.2	8595.97	8072.14
C12	11174.9	10.027	87332.2	8595.97	8072.14
Si30	27913.2	0.464661	75415.1	292.598	291.9
O16	14895.1	0.368114	98142.1	16021.6	16020.9
Mg24	22335.8	0.126372	88675.9	9211.86	9211.53
neutron	939.565	4.08109	73308.5	0	0
neutron	939.565	1.6975	73308.5	0	0
Mn54	50232.4	0.23269	73308.5	0	0
O16	14895.1	1.06196	85421	7001.97	7000.3
Si28	26053.2	0.127967	92923	12853.9	12851.7
neutron	939.565	0.134252	72382.7	0	0
Al27	25126.5	0.196729	72382.7	0	0
O16	14895.1	0.511749	90089.7	10953	10951.9
Mg26	24196.5	0.124512	86428.6	7424.74	7424.59
Mg25	23268	0.133922	83799.6	6977.1	6976.87
O16	14895.1	0.232378	98318.6	16301.9	16301.3
Si29	26984.3	0.215125	87178.3	7794.76	7794.51
O16	14895.1	0.194338	79563.8	2982.78	2982.49
neutron	939.565	0.56319	74602	0	0
neutron	939.565	0.0581046	74602	0	0
Mg25	23268	0.725474	74602	0	0
Na24	22341.8	0.211632	72834.9	0	0
neutron	939.565	6.06319	72662.9	0	0
Na23	21409.2	0.497414	72662.9	0	0
Mg24	22335.8	0.17114	92297.5	11475.7	11474.9
Mg24	22335.8	0.190744	88942.6	9369.06	9368.82
Na26	24206.4	0.171483	73631.6	0	0
Mg25	23268	0.175016	83643.4	6116.76	6116
neutron	939.565	4.7451	73802.4	0	0
Mg25	23268	0.560075	73802.4	0	0
O16	14895.1	0.290848	77159.6	2713.77	2713.34
Si28	26053.2	0.205499	76067.7	357.459	356.627
Al28	26058.3	0.175401	75497.1	0	0
neutron	939.565	332.497	94178.3	12005.9	8236.51
neutron	939.565	3.4413	94178.3	12005.9	8236.51
C13	12109.5	0.851458	94178.3	12005.9	8236.51
Mg24	22335.8	0.154569	89065.1	8779.3	8778.93
Si28	26053.2	0.117695	97819.6	16181.2	16181
Al28	26058.3	0.177338	73997	0	0
Mg24	22335.8	0.40635	81808.9	4891.61	4891.12
Na24	22341.8	0.211472	73682.4	0	0
O16	14895.1	0.226502	77721	2468.76	2468.46
O16	14895.1	2.10935	75244.5	1131.7	1129.32
neutron	939.565	1.06766	73311.9	0	0
Na23	21409.2	0.287048	73311.9	0	0
neutron	939.565	5.00495	74046.5	0	0
neutron	939.565	3.8237	74046.5	0	0
Mg25	23268	0.149342	74046.5	0	0
Na24	22341.8	0.18359	77687	0	0
Al28	26058.3	0.158606	73863.7	0	0
Si28	26053.2	0.121751	82079.9	5560.34	5560.06
Al28	26058.3	0.189118	73490.2	0	0
O16	14895.1	0.201658	99363.8	17055.1	17054.6
O16	14895.1	0.308205	96480	15314.7	15314.4
O16	14895.1	0.992712	84987.3	6682.72	6681.53
Si28	26053.2	0.227185	94438	13785.5	13784.7
Mg24	22335.8	0.749056	74738.2	774.706	773.712
Si29	26984.3	0.172386	74176.6	407.761	407.5
neutron	939.565	0.751509	73548.8	0	0
Na23	21409.2	0.363072	73548.8	0	0
neutron	939.565	4.00678	71153.7	0	0
alpha	3727.38	14.3979	71153.7	0	0
alpha	3727.38	6.44375	71153.7	0	0
N15	13968.9	5.52028	71153.7	0	0
Si28	26053.2	0.275319	97176.6	15434.6	15434.1
O16	14895.1	0.197981	88820.6	8164.09	8163.8
neutron	939.565	2.83966	76381.2	0	0
alpha	3727.38	8.6036	76381.2	0	0
Na23	21409.2	2.0708	76381.2	0	0
Si28	26053.2	0.126761	93910.2	11506.3	11504.9
Si28	26053.2	0.155324	78477.7	2554.54	2554.16
neutron	939.565	2.35229	74087.5	0	0
neutron	939.565	1.02872	74087.5	0	0
Ne21	19550.5	1.78744	74087.5	0	0
O16	14895.1	0.342815	90324	10914.9	10914.5
neutron	939.565	33.5057	73012.5	0	0
neutron	939.565	1.37008	73012.5	0	0
neutron	939.565	0.195685	73012.5	0	0
Mg24	22335.8	0.749355	73012.5	0	0
Si28	26053.2	0.110801	96045.7	14497.5	14497.1
neutron	939.565	3.05489	73339.9	0	0
neutron	939.565	2.10333	73339.9	0	0
C12	11174.9	0.564479	73339.9	0	0
Na25	23272.4	0.176695	76904.4	0	0
O16	14895.1	0.293513	92351	12215.3	12214.7
Mg24	22335.8	0.185628	73568.4	21.4536	21.1682
O16	14895.1	0.265354	89091.5	7862.15	7860.52
O16	14895.1	0.366455	80035.8	2387.45	2386.84
N16	14906	0.283761	74636.3	0	0
neutron	939.565	1.25216	74712.9	0	0
Mg26	24196.5	0.0732223	74712.9	0	0
O16	14895.1	0.370946	78875.3	3391.65	3390.93
Al28	26058.3	0.184166	74149	0	0
neutron	939.565	2.94886	73643.2	0	0
N15	13968.9	0.385047	73643.2	0	0
Si28	26053.2	0.13588	74724.1	1621.1	1620.52
neutron	939.565	13.9697	71870	0	0
neutron	939.565	12.1247	71870	0	0
Mg25	23268	0.983791	71870	0	0
Fe56	52089.8	0.0823553	87574.8	9499.11	9497.89
Na24	22341.8	0.20961	73741.8	0	0
O16	14895.1	0.270423	93859.6	13108.3	13107.9
Si28	26053.2	0.180878	85599.3	7065.14	7064.87
Mg26	24196.5	0.395454	81202.6	5364.48	5364
Al28	26058.3	0.155596	72443.6	0	0
O16	14895.1	0.298251	76147.7	2435.75	2433.81
O16	14895.1	0.197525	93231.5	12738.3	12738.1
neutron	939.565	26.1658	76275.5	0	0
C14	13040.9	3.24517	76275.5	0	0
Mg24	22335.8	0.385814	92354.6	10551.6	10550.9
O16	14895.1	0.297578	84890.8	5994.85	5994.38
Mg24	22335.8	0.214516	76162.6	2222.28	2222.03
O16	14895.1	0.820091	77277.4	465.097	464.02
O16	14895.1	0.348401	84611.2	6653.92	6652.62
neutron	939.565	0.267676	73136.1	0	0
N15	13968.9	0.176553	73136.1	0	0
Ne24	22344.8	1.333	74827.4	0	0
Al28	26058.3	0.184754	74208.9	0	0
O16	14895.1	0.278269	79401.8	3644.19	3642.54
neutron	939.565	0.573112	73533.2	0	0
N15	13968.9	0.364359	73533.2	0	0
O16	14895.1	0.2642	94225.9	13605.1	13604.8
Si28	26053.2	0.12195	79492	3343.25	3342.83
neutron	939.565	3.31009	74865.5	0	0
alpha	3727.38	8.47287	74865.5	0	0
Na23	21409.2	1.41957	74865.5	0	0
O16	14895.1	0.293967	90721.3	10892.7	10891.8
O16	14895.1	0.209793	82057.9	4638.14	4637.92
Al28	26058.3	0.185582	73624.8	0	0
Mg24	22335.8	0.126472	91362.6	11859.8	11859.5
Si28	26053.2	0.230222	83866.2	5477.95	5477.71
Mg24	22335.8	0.199452	95011.1	13660.3	13659.1
Si29	26984.3	0.153662	89953.4	10396.8	10396.3
O16	14895.1	0.352036	78371.7	2768.62	2768.15
Fe56	52089.8	0.0994627	80507.5	4309.99	4309.83
O16	14895.1	0.274791	86058.6	8959.78	8959.5
neutron	939.565	0.507081	72353.8	0	0
C13	12109.5	2.96437	72353.8	0	0
Si28	26053.2	0.303525	88937.6	9912.85	9911.99
O16	14895.1	0.260053	79037.5	3608.49	3607.95
neutron	939.565	0.0331211	72946.1	0	0
N15	13968.9	0.348703	72946.1	0	0
Al28	26058.3	0.18351	74349.2	0	0
neutron	939.565	8.2545	74856.6	0	0
neutron	939.565	4.28825	74856.6	0	0
neutron	939.565	2.06064	74856.6	0	0
Mg24	22335.8	0.650298	74856.6	0	0
O16	14895.1	0.264557	93768.9	12506.1	12505.7
Al28	26058.3	0.191333	73825.8	0	0
Na24	22341.8	0.21279	73117.2	0	0
Si29	26984.3	0.208917	82548.8	6839	6837.63
neutron	939.565	33.1174	75350.5	0	0
neutron	939.565	9.85086	75350.5	0	0
Ne22	20479.7	0.753971	75350.5	0	0
Al28	26058.3	0.192202	74270.1	0	0
O16	14895.1	0.216625	82149	175.96	174.676
neutron	939.565	3.23962	81923.8	0	0
neutron	939.565	2.29572	81923.8	0	0
neutron	939.565	0.259399	81923.8	0	0
C12	11174.9	1.25818	81923.8	0	0
Fe56	52089.8	0.531241	95189.1	14307.6	14307
O16	14895.1	0.361632	86243.8	7528.47	7527.36
neutron	939.565	7.25	75242.5	0	0
neutron	939.565	3.26248	75242.5	0	0
V51	47442.3	0.377298	75242.5	0	0
O16	14895.1	0.374111	97830.6	16092.8	16091.9
Al28	26058.3	0.170287	74138.8	0	0
Si28	26053.2	0.156007	98490.3	15492.4	15492.2
Si28	26053.2	0.229487	98344.4	15416.9	15416.2
O16	14895.1	0.543646	82559.1	4480.91	4480.17
neutron	939.565	0.378793	75121.3	0	0
Na23	21409.2	0.236948	75121.3	0	0
O16	14895.1	0.924169	98272.9	16181	16179.7
Mg26	24196.5	0.175719	93044.4	12947.1	12946.9
O16	14895.1	0.322562	90515.2	8555.9	8555.1
neutron	939.565	7.37316	76304.9	0	0
neutron	939.565	4.4481	76304.9	0	0
Ne23	21414.1	0.0471439	76304.9	0	0
O16	14895.1	0.206787	97407.5	15748.6	15747.6
Mg24	22335.8	0.153441	93252.9	12205.4	12205.1
Fe56	52089.8	0.0589141	91920.7	8975.57	8974.71
Na24	22341.8	0.210879	88754.4	0	0
O16	14895.1	0.841923	77797.1	1337.2	1336.33
O16	14895.1	0.374752	97056	15615.6	15614.9
Mg24	22335.8	0.26137	87188.9	1074.44	1073.49
O16	14895.1	0.284271	77836.4	604.882	604.107
Si28	26053.2	0.174893	82349.8	5751.95	5749.99
neutron	939.565	4.62272	73194.8	0	0
neutron	939.565	0.59286	73194.8	0	0
C13	12109.5	2.9738	73194.8	0	0
Si28	26053.2	0.216653	98298.9	16429.1	16428.8
neutron	939.565	2.76581	75843	1529.42	1318.61
neutron	939.565	1.05643	75843	1529.42	1318.61
C13	12109.5	2.42936	75843	1529.42	1318.61
O16	14895.1	0.213336	80972.2	3045.29	3044.45
neutron	939.565	2.74889	75858.6	0	0
neutron	939.565	2.07339	75858.6	0	0
neutron	939.565	1.41966	75858.6	0	0
Mg24	22335.8	1.09351	75858.6	0	0
O16	14895.1	0.334469	78731.4	2678.81	2678.39
neutron	939.565	6.94271	71550.5	0	0
Mg26	24196.5	0.108914	71550.5	0	0
Si28	26053.2	0.109207	98041.8	16381.6	16380.6
neutron	939.565	27.1771	72518.6	0	0
neutron	939.565	9.52442	72518.6	0	0
N14	13040.2	2.91399	72518.6	0	0
Na24	22341.8	0.212183	74895.3	0	0
O16	14895.1	0.361924	77711	2484.84	2484.31
neutron	939.565	1.16003	73850	0	0
N15	13968.9	0.0766044	73850	0	0
neutron	939.565	10.5342	72405.6	0	0
neutron	939.565	2.43149	72405.6	0	0
C13	12109.5	0.587581	72405.6	0	0
Mg24	22335.8	0.426028	96082.3	14775.9	14775.4
O16	14895.1	0.663407	89412.8	10075.9	10075.1
neutron	939.565	8.53734	72796.5	0	0
neutron	939.565	2.27354	72796.5	0	0
neutron	939.565	0.574066	72796.5	0	0
Mg24	22335.8	2.19685	72796.5	0	0
O16	14895.1	2.47424	84506.9	6894.55	6892.08
Al28	26058.3	0.18582	74066.9	0	0
Si28	26053.2	0.134106	88576.9	9647.01	9646.26
Si28	26053.2	0.314471	82235.7	5820.37	5819.9
O16	14895.1	0.296642	80206	4574.08	4573.57
Si28	26053.2	0.136469	78544.7	3417.7	3416.69
neutron	939.565	5.31242	72662.3	0	0
Mg26	24196.5	0.925478	72662.3	0	0
O16	14895.1	0.493331	93418	12897.8	12896.9
O16	14895.1	0.214463	86954.1	8944.12	8943.38
Mg24	22335.8	0.210493	91043.4	11960.3	11960
Si28	26053.2	0.132845	97728.7	15943.1	15941.9
Fe56	52089.8	0.0942529	78674.3	374.841	374.297
O16	14895.1	1.11242	87307	9051.04	9049.72
O16	14895.1	1.84969	80775.4	4916.06	4914.2
neutron	939.565	5.68587	72895.7	0	0
neutron	939.565	4.92966	72895.7	0	0
neutron	939.565	1.63957	72895.7	0	0
C12	11174.9	0.850252	72895.7	0	0
neutron	939.565	16.3628	78742.5	0	0
neutron	939.565	6.03179	78742.5	0	0
neutron	939.565	3.66132	78742.5	0	0
Na23	21409.2	0.441756	78742.5	0	0
O16	14895.1	0.190115	75112.9	324.165	323.857
N16	14906	0.289465	74653.5	0	0
O16	14895.1	0.444135	93411	13526.8	13525.2
O16	14895.1	1.16542	89318.9	10392.9	10391.5
O16	14895.1	0.200024	88736	8961.15	8959.69
Na24	22341.8	0.208772	75351.1	0	0
neutron	939.565	0.142223	73127.5	0	0
Mn55	51161.7	0.115502	73127.5	0	0
Si28	26053.2	0.330264	96170.6	14774.5	14773.4
neutron	939.565	11.4428	73609.9	0	0
N15	13968.9	0.282619	73609.9	0	0
O16	14895.1	0.720398	81760	3654.11	3652.31
Al28	26058.3	0.188272	75943.3	0	0
Mg25	23268	0.152325	74265.6	262.88	262.585
neutron	939.565	0.261918	73900.5	0	0
Al27	25126.5	0.197027	73900.5	0	0
Si28	26053.2	0.313125	78443.8	1190.75	1190.43
Fe56	52089.8	0.216104	94758.8	14282.3	14281.8
O16	14895.1	0.219225	77719.4	3644.17	3643.12
O16	14895.1	0.470048	90706.1	10698.2	10696.9
O16	14895.1	0.209997	90100.5	10328	10327.7
neutron	939.565	8.61573	72281.5	0	0
neutron	939.565	8.60424	72281.5	0	0
neutron	939.565	6.06108	72281.5	0	0
Ne22	20479.7	0.70599	72281.5	0	0
Si28	26053.2	0.405405	77867.9	3465.92	3464.74
neutron	939.565	937.951	97752.4	15980	12420.9
neutron	939.565	900.564	97752.4	15980	12420.9
C11	10254	2.20938	97752.4	15980	12420.9
O16	14895.1	0.67941	77329.6	2728.64	2727.9
Al29	26988.5	0.175702	72908.7	0	0
O16	14895.1	0.453918	90205.2	10890.6	10890.1
Si28	26053.2	0.134452	81754.3	4408.08	4407.04
Si28	26053.2	0.114522	79027	3940.06	3939.46
O16	14895.1	0.460255	79457.6	2597.84	2597.15
O16	14895.1	0.525483	78672.6	2150.63	2149.99
Na24	22341.8	0.189693	75171.1	0	0
Al28	26058.3	0.168734	72820	0	0
O16	14895.1	0.701043	95233	14112.9	14112.1
Al28	26058.3	0.165878	75859.9	0	0
neutron	939.565	4.97073	73654.1	0	0
neutron	939.565	0.488215	73654.1	0	0
C12	11174.9	1.36706	73654.1	0	0
O16	14895.1	0.206741	96204.6	15010.8	15010
Al28	26058.3	0.162452	73455.7	0	0
neutron	939.565	8.99171	74303.5	0	0
neutron	939.565	3.08935	74303.5	0	0
Mg25	23268	0.48325	74303.5	0	0
O16	14895.1	0.230018	95001.2	14438.1	14437.7
O16	14895.1	4.35726	80218.6	4752.38	4747.56
Si28	26053.2	0.256725	72766.7	136.81	136.142
Na24	22341.8	0.177387	72630.7	0	0
O16	14895.1	0.373978	94231.4	13394.7	13394.2
O16	14895.1	0.191134	86894.7	8195.97	8195.65
neutron	939.565	17.2297	74632.9	0	0
neutron	939.565	3.65963	74632.9	0	0
C13	12109.5	1.51489	74632.9	0	0
Al28	26058.3	0.192507	73853.5	0	0
O16	14895.1	0.874832	76208.7	1143.72	1142.5
neutron	939.565	7.07177	74256.2	0	0
neutron	939.565	1.61607	74256.2	0	0
neutron	939.565	1.40307	74256.2	0	0
Na23	21409.2	0.870597	74256.2	0	0
neutron	939.565	1.92708	74844.7	0	0
Al27	25126.5	0.109618	74844.7	0	0
Si28	26053.2	0.121456	93147.9	13283.1	13281.5
O16	14895.1	0.239706	74381.2	1098.2	1097.06
neutron	939.565	6.13225	80287.9	0	0
neutron	939.565	5.16988	80287.9	0	0
neutron	939.565	1.3553	80287.9	0	0
Ne20	18617.7	0.29507	80287.9	0	0
