neutron	939.565	2.76762	95366.4	0	0
neutron	939.565	0.667594	95366.4	0	0
B10	9324.44	0.43846	95366.4	0	0
neutron	939.565	3.10589	95492	0	0
neutron	939.565	2.86763	95492	0	0
B10	9324.44	0.380957	95492	0	0
C12	11174.9	0.435675	99811.3	2753.39	2751.3
C12	11174.9	0.391141	98128.3	1654.97	1654.42
neutron	939.565	3.40191	95564.5	0	0
B11	10252.5	0.0383396	95564.5	0	0
neutron	939.565	10.8315	95607	0	0
B11	10252.5	1.54663	95607	0	0
neutron	939.565	11.1472	95816.5	0	0
neutron	939.565	7.96694	95816.5	0	0
Be9	8392.75	1.7192	95816.5	0	0
C12	11174.9	0.982502	99112.6	2371.04	2369.88
neutron	939.565	5.33426	95439	0	0
neutron	939.565	1.56096	95439	0	0
Be8	7454.85	0.498958	95439	0	0
C12	11174.9	0.937265	96654.9	748.488	746.359
neutron	939.565	3.31607	95990.9	0	0
B11	10252.5	0.908489	95990.9	0	0
C12	11174.9	1.03994	96066.9	529.112	527.81
C12	11174.9	2.02594	95986.2	481.42	478.68
neutron	939.565	15.6335	95654.7	0	0
neutron	939.565	9.47413	95654.7	0	0
neutron	939.565	7.85699	95654.7	0	0
alpha	3727.38	1.49256	95654.7	0	0
alpha	3727.38	9.51481	95654.7	0	0
neutron	939.565	9.78773	95773.1	0	0
neutron	939.565	3.7815	95773.1	0	0
Be9	8392.75	0.368845	95773.1	0	0
neutron	939.565	9.67442	95307.2	0	0
neutron	939.565	4.00755	95307.2	0	0
Be8	7454.85	2.4973	95307.2	0	0
neutron	939.565	14.5446	95341.8	0	0
alpha	3727.38	11.1056	95341.8	0	0
alpha	3727.38	2.05205	95341.8	0	0
neutron	939.565	2.53904	95833.4	0	0
neutron	939.565	1.19536	95833.4	0	0
Be8	7454.85	0.847512	95833.4	0	0
C12	11174.9	0.398125	99033.3	2287.62	2286.91
neutron	939.565	6.34379	95466.7	0	0
neutron	939.565	5.32223	95466.7	0	0
alpha	3727.38	4.94925	95466.7	0	0
alpha	3727.38	8.96342	95466.7	0	0
neutron	939.565	11.1856	95291	0	0
neutron	939.565	4.30269	95291	0	0
neutron	939.565	2.21788	95291	0	0
alpha	3727.38	7.87904	95291	0	0
alpha	3727.38	4.06136	95291	0	0
neutron	939.565	16.5929	95388.5	0	0
neutron	939.565	4.65033	95388.5	0	0
neutron	939.565	3.32077	95388.5	0	0
alpha	3727.38	1.77837	95388.5	0	0
alpha	3727.38	3.61644	95388.5	0	0
C12	11174.9	0.957225	98966.6	2293.67	2292.55
neutron	939.565	4.39055	95373	0	0
neutron	939.565	0.93446	95373	0	0
alpha	3727.38	1.2747	95373	0	0
alpha	3727.38	7.3224	95373	0	0
C12	11174.9	0.392942	96427.4	654.123	652.954
C12	11174.9	0.747181	98021.5	1413.9	1412.77
neutron	939.565	6.60637	95747.7	0	0
B11	10252.5	0.541051	95747.7	0	0
neutron	939.565	1.91955	95489.5	0	0
neutron	939.565	1.64616	95489.5	0	0
B10	9324.44	1.45578	95489.5	0	0
C12	11174.9	0.4222	96213.8	343.454	342.851
neutron	939.565	3.06034	95346.3	0	0
neutron	939.565	1.52818	95346.3	0	0
neutron	939.565	0.799224	95346.3	0	0
Be8	7454.85	0.901445	95346.3	0	0
neutron	939.565	0.52666	95800.1	0	0
B11	10252.5	0.322687	95800.1	0	0
neutron	939.565	11.1546	95436	0	0
B11	10252.5	0.452214	95436	0	0
Be10	9325.5	2.04277	95789.3	0	0
neutron	939.565	10.2294	95607.5	0	0
neutron	939.565	9.93846	95607.5	0	0
B10	9324.44	4.17697	95607.5	0	0
C12	11174.9	0.623459	99366.6	2375.73	2374.62
neutron	939.565	2.59077	95356	0	0
neutron	939.565	1.23716	95356	0	0
neutron	939.565	1.21713	95356	0	0
Be8	7454.85	0.987418	95356	0	0
B12	11188.7	0.370385	95516.9	0	0
neutron	939.565	1.83997	95346.6	0	0
neutron	939.565	0.824013	95346.6	0	0
Be8	7454.85	3.84844	95346.6	0	0
neutron	939.565	8.67775	95717.3	0	0
Be8	7454.85	4.03439	95717.3	0	0
C12	11174.9	1.66399	98133.4	1669	1666.62
neutron	939.565	10.4589	95502.8	0	0
neutron	939.565	1.50904	95502.8	0	0
alpha	3727.38	5.76889	95502.8	0	0
alpha	3727.38	4.76555	95502.8	0	0
neutron	939.565	1.3994	95714.7	0	0
neutron	939.565	0.93547	95714.7	0	0
B10	9324.44	0.125658	95714.7	0	0
C12	11174.9	0.421729	95888.9	187.601	186.622
C12	11174.9	0.793267	99538.7	2611.23	2610.07
C12	11174.9	0.544208	99457.3	2539.82	2538.49
C12	11174.9	2.59513	98419.8	1940.72	1937.7
C12	11174.9	0.48434	99191.7	2391.78	2391.08
neutron	939.565	25.8201	95916.3	0	0
neutron	939.565	2.30152	95916.3	0	0
neutron	939.565	1.90669	95916.3	0	0
alpha	3727.38	1.46364	95916.3	0	0
alpha	3727.38	3.81366	95916.3	0	0
C12	11174.9	1.18442	98690.6	2092.27	2090.88
C12	11174.9	0.690948	96512	649.481	648.4
B12	11188.7	0.353746	95810.4	0	0
C12	11174.9	0.460313	96107.9	345.22	344.756
neutron	939.565	14.0355	95626.3	0	0
B11	10252.5	1.84592	95626.3	0	0
neutron	939.565	10.6876	95646.5	0	0
B11	10252.5	0.698381	95646.5	0	0
neutron	939.565	0.209236	95555.6	0	0
B11	10252.5	0.313026	95555.6	0	0
C12	11174.9	0.359265	98066.8	1668.93	1668.28
C12	11174.9	0.363345	96963.3	909.011	908.365
neutron	939.565	4.79878	95496.5	0	0
neutron	939.565	0.805381	95496.5	0	0
Be8	7454.85	0.634109	95496.5	0	0
C12	11174.9	0.965946	96818.7	833.968	832.203
C12	11174.9	0.590796	96183.6	619.303	618.208
neutron	939.565	15.5686	95693.1	0	0
neutron	939.565	1.52265	95693.1	0	0
neutron	939.565	1.08853	95693.1	0	0
Be8	7454.85	1.34065	95693.1	0	0
neutron	939.565	1.94402	95684.3	0	0
B11	10252.5	0.229333	95684.3	0	0
neutron	939.565	8.30078	95425.1	0	0
Be8	7454.85	1.41993	95425.1	0	0
C12	11174.9	0.656345	96411.1	490.95	489.987
neutron	939.565	9.06818	95725	0	0
Be8	7454.85	1.64834	95725	0	0
C12	11174.9	0.373931	96875.8	999.551	999.01
neutron	939.565	13.0535	95637.6	0	0
neutron	939.565	4.15296	95637.6	0	0
neutron	939.565	0.703861	95637.6	0	0
alpha	3727.38	4.49616	95637.6	0	0
alpha	3727.38	3.92497	95637.6	0	0
neutron	939.565	14.2035	95659.3	0	0
neutron	939.565	3.85618	95659.3	0	0
neutron	939.565	3.29611	95659.3	0	0
alpha	3727.38	4.62453	95659.3	0	0
alpha	3727.38	2.44439	95659.3	0	0
neutron	939.565	11.9877	95447	0	0
neutron	939.565	10.0322	95447	0	0
neutron	939.565	1.9659	95447	0	0
alpha	3727.38	11.4023	95447	0	0
alpha	3727.38	4.78054	95447	0	0
C12	11174.9	1.29217	96955.8	914.603	912.513
C12	11174.9	0.65125	95961.6	157.676	156.524
neutron	939.565	2.26106	95476.6	0	0
B11	10252.5	0.707667	95476.6	0	0
neutron	939.565	12.3906	95656.4	0	0
Be8	7454.85	2.07706	95656.4	0	0
C12	11174.9	0.437743	96151.2	381.037	380.164
C12	11174.9	0.44738	95449.5	29.1356	28.5873
neutron	939.565	3.18466	95603	0	0
B11	10252.5	0.0346946	95603	0	0
neutron	939.565	3.57421	95536.3	0	0
neutron	939.565	2.91662	95536.3	0	0
B10	9324.44	1.58641	95536.3	0	0
C12	11174.9	1.06019	97635.2	1421.91	1420.71
C12	11174.9	0.391809	99760.1	2773.93	2772.81
C12	11174.9	0.516793	97365.7	1296.53	1295.71
neutron	939.565	7.35374	96134.2	0	0
neutron	939.565	2.71801	96134.2	0	0
neutron	939.565	0.798393	96134.2	0	0
Be8	7454.85	0.458012	96134.2	0	0
B12	11188.7	0.36328	95367.3	0	0
C12	11174.9	0.583979	97225.3	1187.45	1186.54
Be10	9325.5	1.34063	95458.9	0	0
C13	12109.5	0.511625	98723.9	2032.36	2031.56
C12	11174.9	0.384563	99992.9	2910.75	2910.29
neutron	939.565	3.3404	95525.5	0	0
neutron	939.565	0.371149	95525.5	0	0
B10	9324.44	0.889241	95525.5	0	0
neutron	939.565	20.6851	95592.6	0	0
neutron	939.565	2.92187	95592.6	0	0
Be8	7454.85	2.25532	95592.6	0	0
neutron	939.565	8.65247	95577.6	0	0
neutron	939.565	1.48455	95577.6	0	0
neutron	939.565	1.14016	95577.6	0	0
alpha	3727.38	4.50751	95577.6	0	0
alpha	3727.38	1.07032	95577.6	0	0
neutron	939.565	1.83584	95615	0	0
Be9	8392.75	2.69222	95615	0	0
neutron	939.565	6.58747	95835.6	0	0
alpha	3727.38	5.39548	95835.6	0	0
Li7	6533.83	5.79435	95835.6	0	0
neutron	939.565	3.88294	95460.1	0	0
B11	10252.5	0.766766	95460.1	0	0
C12	11174.9	0.344338	97808	1485.68	1484.38
neutron	939.565	4.0044	95454	0	0
neutron	939.565	2.91511	95454	0	0
Be9	8392.75	0.369493	95454	0	0
C12	11174.9	0.396827	98971.8	2252.86	2250.94
C12	11174.9	0.560442	95915.2	290.371	287.701
neutron	939.565	5.36435	95428.9	0	0
B11	10252.5	0.92396	95428.9	0	0
C12	11174.9	0.34606	98723.1	2115.97	2115.62
C12	11174.9	0.433445	97226	1063.14	1062.63
C12	11174.9	2.63137	99363.1	2525.25	2521.13
C12	11174.9	5.1558	95772.6	263.616	258.004
neutron	939.565	1.7081	95303.4	0	0
B11	10252.5	0.266565	95303.4	0	0
neutron	939.565	1.86476	95579	0	0
Li9	8406.87	1.67556	95579	0	0
neutron	939.565	1.80725	96041.8	0	0
B11	10252.5	0.284545	96041.8	0	0
neutron	939.565	2.23394	95509.4	0	0
alpha	3727.38	8.50866	95509.4	0	0
alpha	3727.38	3.02802	95509.4	0	0
neutron	939.565	39.5185	95547.6	0	0
neutron	939.565	0.977933	95547.6	0	0
Be9	8392.75	2.75939	95547.6	0	0
neutron	939.565	31.8159	99149.4	2294.34	1973.36
alpha	3727.38	2.33279	99149.4	2294.34	1973.36
alpha	3727.38	2.65985	99149.4	2294.34	1973.36
C12	11174.9	0.425787	95886	262.26	261.625
B12	11188.7	0.359009	95952.6	0	0
neutron	939.565	7.76579	95641.6	0	0
neutron	939.565	5.50327	95641.6	0	0
neutron	939.565	0.214925	95641.6	0	0
Be8	7454.85	0.205745	95641.6	0	0
C12	11174.9	0.43337	99461	2572.48	2570.32
B12	11188.7	0.341219	95593.1	0	0
neutron	939.565	1.94126	95959.4	0	0
B11	10252.5	0.760623	95959.4	0	0
C12	11174.9	0.463226	96518.4	541.177	540.684
C12	11174.9	0.958887	96745	930.78	929
C12	11174.9	0.455728	96779	618.046	617.484
C13	12109.5	0.505958	97211.7	1100.05	1099.41
C12	11174.9	1.26897	97709.2	1231.56	1229.19
C12	11174.9	0.404928	99182.5	2390	2389.22
C12	11174.9	1.02173	95711.2	137.733	136.55
neutron	939.565	25.0796	95499.1	0	0
neutron	939.565	11.6597	95499.1	0	0
neutron	939.565	1.58841	95499.1	0	0
B9	8393.31	3.09763	95499.1	0	0
C12	11174.9	0.552179	98066.7	1724.25	1723.55
neutron	939.565	2.76898	99841.7	2823.96	2514.06
neutron	939.565	1.90331	99841.7	2823.96	2514.06
Be8	7454.85	0.150344	99841.7	2823.96	2514.06
C12	11174.9	1.1707	98860.3	2217.04	2215.36
C12	11174.9	1.76223	97931.2	1412.05	1409.63
neutron	939.565	9.84508	95539.1	0	0
neutron	939.565	4.58943	95539.1	0	0
Be9	8392.75	1.05152	95539.1	0	0
C12	11174.9	0.80151	95911.9	238.897	237.787
neutron	939.565	0.350999	95449.3	0	0
B11	10252.5	0.44026	95449.3	0	0
neutron	939.565	21.947	95868.8	0	0
neutron	939.565	7.46469	95868.8	0	0
neutron	939.565	7.23581	95868.8	0	0
Be8	7454.85	1.49346	95868.8	0	0
neutron	939.565	2.41372	95669.3	0	0
Be10	9325.5	0.728792	95669.3	0	0
C12	11174.9	0.396721	98660.7	1908.02	1907.31
C12	11174.9	0.44657	95699.4	276.251	275.633
C12	11174.9	0.80191	99428.6	2555.46	2554.61
neutron	939.565	7.85609	95579.9	0	0
neutron	939.565	1.08178	95579.9	0	0
Be9	8392.75	0.861873	95579.9	0	0
C12	11174.9	0.335118	99409.7	2553.05	2552.66
C12	11174.9	0.384714	95822.2	383.412	382.178
C12	11174.9	0.462312	99889.2	2845.68	2844.63
neutron	939.565	22.4554	95405.8	0	0
neutron	939.565	15.6353	95405.8	0	0
alpha	3727.38	3.96629	95405.8	0	0
alpha	3727.38	7.00805	95405.8	0	0
neutron	939.565	1.06829	95707.4	0	0
B11	10252.5	0.594126	95707.4	0	0
neutron	939.565	4.9647	95492.4	0	0
B11	10252.5	0.380297	95492.4	0	0
C12	11174.9	0.493094	98443.2	1804.87	1803.05
neutron	939.565	3.35704	95622.7	0	0
Be10	9325.5	1.77558	95622.7	0	0
neutron	939.565	31.427	95422.3	0	0
B12	11188.7	2.85026	95422.3	0	0
neutron	939.565	17.4451	95428.9	0	0
neutron	939.565	1.59389	95428.9	0	0
Be9	8392.75	0.249653	95428.9	0	0
C12	11174.9	0.353276	98170	1741.6	1740.94
C12	11174.9	0.367625	97697.4	1349.07	1348.6
neutron	939.565	2.42889	95503.2	0	0
alpha	3727.38	3.87297	95503.2	0	0
alpha	3727.38	2.74651	95503.2	0	0
neutron	939.565	5.45682	95949.4	0	0
B11	10252.5	0.782443	95949.4	0	0
neutron	939.565	22.6164	95458.5	0	0
neutron	939.565	9.14332	95458.5	0	0
Be8	7454.85	2.75409	95458.5	0	0
neutron	939.565	1.51664	95513.2	0	0
B11	10252.5	0.475333	95513.2	0	0
neutron	939.565	2.86609	95328.9	0	0
B11	10252.5	0.115576	95328.9	0	0
C12	11174.9	0.438682	96911.6	968.929	968.477
neutron	939.565	3.78939	95415.2	0	0
neutron	939.565	3.06596	95415.2	0	0
neutron	939.565	1.1861	95415.2	0	0
alpha	3727.38	3.76013	95415.2	0	0
alpha	3727.38	1.7223	95415.2	0	0
C12	11174.9	0.388224	96114.7	353.116	352.475
C12	11174.9	0.382548	98989.3	2226.01	2224.95
neutron	939.565	3.73607	95445.8	0	0
Be10	9325.5	2.30614	95445.8	0	0
C12	11174.9	0.617475	96690.9	796.328	795.423
neutron	939.565	1.74975	95789.9	0	0
Be10	9325.5	0.0788399	95789.9	0	0
C12	11174.9	0.896651	98313.3	1890.61	1889.47
C12	11174.9	0.450319	96990.1	1063.73	1063.27
B12	11188.7	0.366825	95500.3	0	0
C12	11174.9	0.846524	97803.9	1490.25	1489.34
neutron	939.565	113.023	99086.2	2091.75	1865.12
B11	10252.5	1.19769	99086.2	2091.75	1865.12
C12	11174.9	0.922302	98955.2	2255.69	2254.59
neutron	939.565	1.14409	95789.1	0	0
Be10	9325.5	1.79057	95789.1	0	0
neutron	939.565	2.52858	95506.5	0	0
B11	10252.5	0.858851	95506.5	0	0
Be10	9325.5	1.64093	95671.2	0	0
C12	11174.9	1.38888	96065.1	259.109	257.168
C12	11174.9	1.1257	97259	1186.26	1184.99
neutron	939.565	6.9349	95782.9	0	0
neutron	939.565	1.90215	95782.9	0	0
neutron	939.565	1.24481	95782.9	0	0
Be8	7454.85	3.668	95782.9	0	0
C12	11174.9	0.57626	99402.5	2534.49	2533.4
C12	11174.9	0.83977	98875.3	2148.6	2147.51
neutron	939.565	10.5962	95882.5	0	0
B11	10252.5	0.25858	95882.5	0	0
C12	11174.9	0.979185	95854.2	175.102	173.985
neutron	939.565	5.19851	95621.5	0	0
B11	10252.5	0.397728	95621.5	0	0
C12	11174.9	0.407211	98427.7	1893.65	1892.36
C12	11174.9	0.440698	98323.1	1788.79	1787.69
C12	11174.9	1.10074	96927	880.2	878.779
C12	11174.9	0.569978	99493.9	2620.74	2620.07
C13	12109.5	0.318743	96396.4	609.913	609.351
neutron	939.565	9.05861	95562.3	0	0
B11	10252.5	0.258462	95562.3	0	0
neutron	939.565	1.28436	95437.6	0	0
B11	10252.5	0.38263	95437.6	0	0
C12	11174.9	0.442602	99681.1	2649.05	2647.92
neutron	939.565	3.46277	95389.3	0	0
B11	10252.5	0.19501	95389.3	0	0
C12	11174.9	0.865561	98032	1570.8	1569.78
neutron	939.565	8.55572	95753.8	0	0
neutron	939.565	4.92251	95753.8	0	0
neutron	939.565	2.62021	95753.8	0	0
alpha	3727.38	2.82595	95753.8	0	0
alpha	3727.38	0.473426	95753.8	0	0
C12	11174.9	0.717229	95877.8	262.297	260.379
C12	11174.9	0.539208	98650.7	2035.52	2034.85
neutron	939.565	24.6764	96077.2	0	0
neutron	939.565	3.62861	96077.2	0	0
alpha	3727.38	3.65469	96077.2	0	0
alpha	3727.38	5.54608	96077.2	0	0
C12	11174.9	1.97589	96152.7	462.6	460.421
neutron	939.565	3.87956	95890.9	0	0
alpha	3727.38	5.82214	95890.9	0	0
alpha	3727.38	3.36461	95890.9	0	0
neutron	939.565	3.27764	95482.1	0	0
B11	10252.5	1.05073	95482.1	0	0
neutron	939.565	4.19636	95702.3	0	0
B11	10252.5	0.627589	95702.3	0	0
neutron	939.565	3.31116	95435.3	0	0
B11	10252.5	0.0900821	95435.3	0	0
neutron	939.565	7.76718	95479.5	0	0
neutron	939.565	3.19752	95479.5	0	0
B10	9324.44	0.120915	95479.5	0	0
C13	12109.5	0.332316	95970	326.192	325.379
neutron	939.565	5.39212	96083	0	0
B11	10252.5	0.277481	96083	0	0
C12	11174.9	2.08224	97767.1	1238.71	1236.62
neutron	939.565	28.2736	95373.5	0	0
neutron	939.565	0.356377	95373.5	0	0
Be8	7454.85	0.321224	95373.5	0	0
C12	11174.9	1.13252	97750.9	1402.52	1401.22
C12	11174.9	0.443303	97479.1	1245.67	1244.97
neutron	939.565	4.87071	95740.7	0	0
Be8	7454.85	1.72121	95740.7	0	0
C12	11174.9	0.625633	95885.8	211.717	210.845
B12	11188.7	0.359571	95698.1	0	0
C12	11174.9	0.339526	98763.9	2153.07	2152.24
C12	11174.9	1.14372	98061	1659.24	1658.01
neutron	939.565	3.95285	95523.6	0	0
neutron	939.565	1.37402	95523.6	0	0
alpha	3727.38	5.60886	95523.6	0	0
alpha	3727.38	4.76593	95523.6	0	0
neutron	939.565	20.2223	95930.5	0	0
neutron	939.565	0.217304	95930.5	0	0
Be8	7454.85	4.12639	95930.5	0	0
C12	11174.9	0.38499	96568.3	774.931	774.299
neutron	939.565	2.29253	98373.5	1805.11	1558.13
He3	2808.39	5.78582	98373.5	1805.11	1558.13
Be8	7454.85	2.68638	98373.5	1805.11	1558.13
C12	11174.9	0.367843	99427.4	2572.33	2571.87
C12	11174.9	0.992644	97283.6	879.275	877.94
neutron	939.565	22.6771	95349.9	0	0
Be8	7454.85	7.65826	95349.9	0	0
neutron	939.565	19.9841	95467.8	0	0
neutron	939.565	4.96303	95467.8	0	0
B10	9324.44	2.55268	95467.8	0	0
neutron	939.565	4.26664	95883.4	0	0
neutron	939.565	3.78651	95883.4	0	0
neutron	939.565	1.13139	95883.4	0	0
Be8	7454.85	0.228758	95883.4	0	0
neutron	939.565	5.17495	95504.2	0	0
B11	10252.5	0.0320786	95504.2	0	0
neutron	939.565	40.6664	95500.4	0	0
neutron	939.565	8.66567	95500.4	0	0
B10	9324.44	5.60107	95500.4	0	0
neutron	939.565	9.09312	95682.6	0	0
Be10	9325.5	1.76274	95682.6	0	0
C12	11174.9	0.353796	95813	272.556	272.198
Be9	8392.75	9.32735	95499.6	0	0
B12	11188.7	0.338039	95376.9	0	0
neutron	939.565	4.70495	96083.8	0	0
alpha	3727.38	1.39355	96083.8	0	0
alpha	3727.38	4.5133	96083.8	0	0
neutron	939.565	7.86476	95482.4	0	0
neutron	939.565	2.08086	95482.4	0	0
alpha	3727.38	7.43394	95482.4	0	0
alpha	3727.38	5.05242	95482.4	0	0
neutron	939.565	18.6008	95614.1	0	0
neutron	939.565	2.62863	95614.1	0	0
alpha	3727.38	1.95266	95614.1	0	0
alpha	3727.38	11.8443	95614.1	0	0
neutron	939.565	0.372529	95820.4	0	0
B11	10252.5	0.339099	95820.4	0	0
C12	11174.9	0.945741	97103.8	957.599	956.472
C12	11174.9	0.494044	98342.3	1913.71	1912.53
neutron	939.565	7.30129	95302.9	0	0
neutron	939.565	3.53515	95302.9	0	0
Be8	7454.85	2.34181	95302.9	0	0
C12	11174.9	0.774656	97305.5	1113.38	1111.25
neutron	939.565	5.05241	95545	0	0
neutron	939.565	1.97885	95545	0	0
alpha	3727.38	0.717071	95545	0	0
neutron	939.565	3.70598	95580.4	0	0
B11	10252.5	0.173775	95580.4	0	0
C12	11174.9	0.499819	96341	503.481	502.914
neutron	939.565	10.8517	95238.6	0	0
neutron	939.565	10.3074	95238.6	0	0
neutron	939.565	7.3228	95238.6	0	0
Be8	7454.85	2.2036	95238.6	0	0
neutron	939.565	11.3751	95536.9	0	0
neutron	939.565	8.25206	95536.9	0	0
neutron	939.565	3.14523	95536.9	0	0
Be8	7454.85	1.5778	95536.9	0	0
neutron	939.565	6.54222	95416	0	0
neutron	939.565	0.429096	95416	0	0
B10	9324.44	1.19583	95416	0	0
C12	11174.9	1.04673	97314.5	1221.24	1219.36
neutron	939.565	0.444313	95773.5	0	0
B11	10252.5	0.244635	95773.5	0	0
B12	11188.7	0.353672	95443.8	0	0
neutron	939.565	1.33975	95634.8	0	0
Be10	9325.5	0.721758	95634.8	0	0
neutron	939.565	1.26573	95550.2	0	0
B11	10252.5	0.823147	95550.2	0	0
neutron	939.565	10.8604	96085	0	0
neutron	939.565	3.16367	96085	0	0
neutron	939.565	2.01801	96085	0	0
alpha	3727.38	12.4488	96085	0	0
alpha	3727.38	6.55695	96085	0	0
neutron	939.565	4.00185	95754.5	0	0
neutron	939.565	2.89095	95754.5	0	0
alpha	3727.38	3.98042	95754.5	0	0
alpha	3727.38	5.35908	95754.5	0	0
C12	11174.9	0.893394	96884.9	931.158	928.819
C12	11174.9	0.336765	95693.7	263.894	263.26
neutron	939.565	11.4196	95516.4	0	0
neutron	939.565	0.230281	95516.4	0	0
alpha	3727.38	3.04234	95516.4	0	0
alpha	3727.38	3.87938	95516.4	0	0
C12	11174.9	1.20353	98224.8	1762.78	1760.89
neutron	939.565	22.7946	95528.4	0	0
neutron	939.565	7.28213	95528.4	0	0
alpha	3727.38	1.49986	95528.4	0	0
alpha	3727.38	6.61235	95528.4	0	0
C12	11174.9	0.406888	96492.5	678.681	678.238
C12	11174.9	1.90789	97150.4	821.398	819.096
C12	11174.9	0.426149	99257.4	2276.78	2276.33
neutron	939.565	22.1989	95571.3	0	0
neutron	939.565	18.3731	95571.3	0	0
neutron	939.565	0.997847	95571.3	0	0
Be8	7454.85	1.18254	95571.3	0	0
neutron	939.565	8.06363	95444.3	0	0
neutron	939.565	6.64405	95444.3	0	0
neutron	939.565	1.21145	95444.3	0	0
Be8	7454.85	2.20574	95444.3	0	0
neutron	939.565	10.2562	95518.2	0	0
neutron	939.565	3.64075	95518.2	0	0
neutron	939.565	3.45118	95518.2	0	0
alpha	3727.38	1.01437	95518.2	0	0
alpha	3727.38	16.53	95518.2	0	0
neutron	939.565	16.0508	95674.8	0	0
Be10	9325.5	5.47247	95674.8	0	0
C12	11174.9	0.342063	97540.1	1322.91	1321.5
neutron	939.565	11.4041	95434.6	0	0
neutron	939.565	4.16988	95434.6	0	0
Be9	8392.75	1.93108	95434.6	0	0
neutron	939.565	16.3283	95502.6	0	0
neutron	939.565	2.12288	95502.6	0	0
alpha	3727.38	4.37046	95502.6	0	0
alpha	3727.38	8.1391	95502.6	0	0
neutron	939.565	17.8374	95640.8	0	0
Be8	7454.85	3.52218	95640.8	0	0
C12	11174.9	0.823509	97412.9	1066.48	1065.47
neutron	939.565	14.8572	95688.6	0	0
neutron	939.565	5.9567	95688.6	0	0
alpha	3727.38	2.07362	95688.6	0	0
alpha	3727.38	2.9452	95688.6	0	0
neutron	939.565	9.15388	95791.7	0	0
neutron	939.565	1.37652	95791.7	0	0
Be8	7454.85	3.96819	95791.7	0	0
neutron	939.565	25.9847	95381.8	0	0
neutron	939.565	2.95147	95381.8	0	0
B10	9324.44	2.43426	95381.8	0	0
neutron	939.565	8.22491	95876.1	0	0
Be9	8392.75	7.06178	95876.1	0	0
neutron	939.565	17.0394	95718.9	0	0
neutron	939.565	6.71652	95718.9	0	0
Be8	7454.85	1.04401	95718.9	0	0
C12	11174.9	0.568741	98160.9	1696.21	1695.62
neutron	939.565	1.44038	95581.6	0	0
neutron	939.565	0.649927	95581.6	0	0
Be8	7454.85	4.60159	95581.6	0	0
C12	11174.9	3.23832	99045	2313.14	2309.14
C12	11174.9	0.355871	97921.1	1538.43	1537.72
C12	11174.9	0.492126	96591.9	718.514	716.147
neutron	939.565	28.2868	95524.4	0	0
Be10	9325.5	0.570873	95524.4	0	0
neutron	939.565	2.45964	95497.2	0	0
neutron	939.565	0.493416	95497.2	0	0
B10	9324.44	0.121944	95497.2	0	0
C12	11174.9	0.912595	98442.6	1928.89	1927.59
neutron	939.565	3.35954	95565.1	0	0
neutron	939.565	1.30338	95565.1	0	0
Be9	8392.75	1.15905	95565.1	0	0
C12	11174.9	0.865974	96873.3	879.978	879.05
neutron	939.565	7.55032	95862.1	0	0
neutron	939.565	4.55746	95862.1	0	0
neutron	939.565	2.26713	95862.1	0	0
Be8	7454.85	0.57066	95862.1	0	0
C12	11174.9	0.394526	99636.7	2681.56	2680.02
C12	11174.9	0.73902	96060.4	398.77	396.92
neutron	939.565	1.60909	95448.4	0	0
neutron	939.565	0.334571	95448.4	0	0
Be8	7454.85	6.11278	95448.4	0	0
neutron	939.565	19.4201	95613.1	0	0
neutron	939.565	16.2116	95613.1	0	0
neutron	939.565	1.42875	95613.1	0	0
Be8	7454.85	0.637022	95613.1	0	0
B12	11188.7	0.340289	95545.9	0	0
C12	11174.9	0.914905	99143.8	2371.55	2370.62
neutron	939.565	0.372955	95438.2	0	0
B11	10252.5	0.537601	95438.2	0	0
C12	11174.9	0.708502	98470.6	1975.67	1973.97
C12	11174.9	0.502073	98713.9	2136.11	2135.41
neutron	939.565	13.4708	95412.4	0	0
neutron	939.565	2.97334	95412.4	0	0
alpha	3727.38	6.49863	95412.4	0	0
alpha	3727.38	4.7829	95412.4	0	0
C12	11174.9	0.456836	97104	1100.69	1099.99
C12	11174.9	0.375123	99204.1	2252.67	2252.1
neutron	939.565	22.3706	95914.9	0	0
neutron	939.565	2.49227	95914.9	0	0
neutron	939.565	2.28413	95914.9	0	0
B9	8393.31	2.34139	95914.9	0	0
C12	11174.9	2.52883	97980.5	1542.63	1539.9
C12	11174.9	1.59219	97194.1	1024.33	1022.49
C12	11174.9	0.78534	96116.2	320.241	319.223
C12	11174.9	2.13678	96386.8	677.226	674.788
neutron	939.565	0.943826	95357.9	0	0
neutron	939.565	0.406042	95357.9	0	0
B10	9324.44	0.156281	95357.9	0	0
neutron	939.565	7.6774	95988.2	0	0
neutron	939.565	0.506461	95988.2	0	0
Be9	8392.75	1.73196	95988.2	0	0
C12	11174.9	0.668944	97474.1	1022.73	1021.32
C12	11174.9	0.377348	97049.5	924.48	924.095
neutron	939.565	2.52735	95651.9	0	0
B11	10252.5	0.15264	95651.9	0	0
C12	11174.9	1.64425	99497	2580.83	2578.86
neutron	939.565	13.6971	95352.5	0	0
neutron	939.565	3.57081	95352.5	0	0
Be8	7454.85	2.09038	95352.5	0	0
neutron	939.565	7.57496	95539.2	0	0
alpha	3727.38	3.98294	95539.2	0	0
C12	11174.9	0.926282	95681.3	158.526	157.126
neutron	939.565	0.62202	95531.4	0	0
B11	10252.5	0.517314	95531.4	0	0
neutron	939.565	12.0878	95290.9	0	0
neutron	939.565	9.25648	95290.9	0	0
neutron	939.565	0.654502	95290.9	0	0
alpha	3727.38	3.48757	95290.9	0	0
Li5	4667.62	5.37608	95290.9	0	0
neutron	939.565	29.0405	95736.8	0	0
neutron	939.565	18.6881	95736.8	0	0
alpha	3727.38	12.6511	95736.8	0	0
alpha	3727.38	1.72585	95736.8	0	0
C12	11174.9	0.349955	96387.4	515.97	515.544
C12	11174.9	0.505181	98660.3	2097.95	2096.42
neutron	939.565	13.6109	95403.3	0	0
neutron	939.565	2.19363	95403.3	0	0
neutron	939.565	0.700418	95403.3	0	0
alpha	3727.38	8.62641	95403.3	0	0
alpha	3727.38	5.44024	95403.3	0	0
neutron	939.565	6.90399	95688.1	0	0
Be10	9325.5	1.71616	95688.1	0	0
neutron	939.565	22.0611	95442.8	0	0
neutron	939.565	0.345432	95442.8	0	0
Be9	8392.75	0.731883	95442.8	0	0
neutron	939.565	15.4016	95576	0	0
alpha	3727.38	1.72351	95576	0	0
alpha	3727.38	7.65657	95576	0	0
neutron	939.565	8.86314	95509.1	0	0
neutron	939.565	1.43642	95509.1	0	0
alpha	3727.38	6.84269	95509.1	0	0
alpha	3727.38	2.14165	95509.1	0	0
C12	11174.9	0.371711	99730.5	2759.45	2759
C12	11174.9	0.59854	96318.9	470.071	468.571
C12	11174.9	0.42379	99164.8	2359.83	2359.3
C12	11174.9	0.901447	96138.4	477.995	476.5
neutron	939.565	4.80353	95447	0	0
neutron	939.565	1.78751	95447	0	0
B10	9324.44	0.313413	95447	0	0
neutron	939.565	8.73262	95524.8	0	0
neutron	939.565	2.85021	95524.8	0	0
alpha	3727.38	8.61103	95524.8	0	0
alpha	3727.38	7.22331	95524.8	0	0
neutron	939.565	4.32114	95581.1	0	0
neutron	939.565	1.69975	95581.1	0	0
alpha	3727.38	8.74299	95581.1	0	0
neutron	939.565	0.619146	95570.1	0	0
B11	10252.5	0.17618	95570.1	0	0
C12	11174.9	2.95906	97082.8	1000.66	996.842
C12	11174.9	0.597373	98647.8	2093.57	2092.88
neutron	939.565	10.5904	95647.3	0	0
Be10	9325.5	1.51805	95647.3	0	0
neutron	939.565	6.26483	95445.6	0	0
neutron	939.565	0.865201	95445.6	0	0
Be9	8392.75	1.15785	95445.6	0	0
Be11	10264.6	1.09464	95510.7	0	0
C12	11174.9	0.91994	98030.2	1621.47	1620.09
C12	11174.9	0.425946	98890.8	2178.11	2177.53
C12	11174.9	0.690203	98387.1	1855.43	1854.6
neutron	939.565	7.25808	95451.2	0	0
B11	10252.5	1.36173	95451.2	0	0
neutron	939.565	0.413872	95697.5	0	0
B11	10252.5	0.177326	95697.5	0	0
neutron	939.565	17.5043	95553.4	0	0
neutron	939.565	2.92228	95553.4	0	0
neutron	939.565	0.793859	95553.4	0	0
Be8	7454.85	1.56686	95553.4	0	0
C12	11174.9	0.726539	98044.5	1588.44	1587.54
C12	11174.9	0.341071	99676.7	2703.58	2702.71
neutron	939.565	2.44756	95430.8	0	0
Be9	8392.75	1.58329	95430.8	0	0
neutron	939.565	1.62494	95569.9	0	0
B11	10252.5	0.467392	95569.9	0	0
neutron	939.565	0.844881	95688.9	0	0
B11	10252.5	0.70207	95688.9	0	0
C12	11174.9	0.503487	97692.4	1420.93	1420.28
neutron	939.565	2.26265	95557.5	0	0
B11	10252.5	0.256136	95557.5	0	0
neutron	939.565	2.60153	95530.2	0	0
alpha	3727.38	11.8785	95530.2	0	0
alpha	3727.38	2.43596	95530.2	0	0
neutron	939.565	1.10418	95627.5	0	0
neutron	939.565	1.06842	95627.5	0	0
Be8	7454.85	1.08664	95627.5	0	0
neutron	939.565	5.98224	95486.2	0	0
neutron	939.565	3.12458	95486.2	0	0
neutron	939.565	0.310205	95486.2	0	0
Be8	7454.85	0.320224	95486.2	0	0
neutron	939.565	0.613696	95949.7	0	0
neutron	939.565	0.279141	95949.7	0	0
alpha	3727.38	4.9286	95949.7	0	0
alpha	3727.38	0.566581	95949.7	0	0
C12	11174.9	0.972985	98835.1	2108.05	2106.33
C12	11174.9	0.584649	97916.5	1559.18	1558.51
neutron	939.565	11.665	95520	0	0
neutron	939.565	2.59537	95520	0	0
neutron	939.565	1.38341	95520	0	0
Be8	7454.85	8.38125	95520	0	0
neutron	939.565	34.5076	95695.3	0	0
neutron	939.565	2.2385	95695.3	0	0
Be8	7454.85	2.19652	95695.3	0	0
C12	11174.9	0.663759	99715.3	2742.18	2740.32
C12	11174.9	1.6991	98041	1641.96	1639.97
C12	11174.9	0.383521	97441.6	1338.01	1336.14
C12	11174.9	1.79888	96193.9	346.406	344.56
C12	11174.9	2.53942	98380.3	1758.36	1755.51
C12	11174.9	2.0622	96059.7	442.9	440.276
neutron	939.565	5.36284	95632.4	0	0
neutron	939.565	0.966297	95632.4	0	0
alpha	3727.38	6.34033	95632.4	0	0
alpha	3727.38	3.32176	95632.4	0	0
C12	11174.9	0.410384	96393.6	489.108	488.599
neutron	939.565	21.1221	95322.7	0	0
neutron	939.565	15.6905	95322.7	0	0
B10	9324.44	0.54091	95322.7	0	0
C12	11174.9	0.953106	98410.9	1813.05	1811.56
C12	11174.9	1.00518	97501.5	1369.3	1367.93
neutron	939.565	1.44676	97205.9	1063.76	772.652
neutron	939.565	0.366895	97205.9	1063.76	772.652
Be8	7454.85	4.68516	97205.9	1063.76	772.652
neutron	939.565	6.77173	95676.1	0	0
Be10	9325.5	0.740288	95676.1	0	0
neutron	939.565	0.425528	96001.1	0	0
B11	10252.5	0.580411	96001.1	0	0
C12	11174.9	1.34569	99162.3	2335	2332.66
neutron	939.565	27.6707	95874	0	0
alpha	3727.38	5.21285	95874	0	0
alpha	3727.38	3.29199	95874	0	0
C12	11174.9	1.08201	96396.5	638.61	637.269
neutron	939.565	3.798	95529.6	0	0
Be10	9325.5	1.00505	95529.6	0	0
neutron	939.565	11.6084	95366.4	0	0
neutron	939.565	1.90484	95366.4	0	0
neutron	939.565	1.13067	95366.4	0	0
Be8	7454.85	1.04824	95366.4	0	0
neutron	939.565	7.23145	96703.9	870.984	497.792
Be8	7454.85	2.61104	96703.9	870.984	497.792
neutron	939.565	11.8676	95518	0	0
alpha	3727.38	3.69867	95518	0	0
Li7	6533.83	1.18542	95518	0	0
neutron	939.565	0.467911	97640.2	1247.82	952.913
Be9	8392.75	2.95773	97640.2	1247.82	952.913
neutron	939.565	6.9589	95786.2	0	0
neutron	939.565	2.39127	95786.2	0	0
alpha	3727.38	3.93033	95786.2	0	0
alpha	3727.38	3.84342	95786.2	0	0
C12	11174.9	0.428439	99750.7	2701.56	2699.87
neutron	939.565	4.05496	95641.7	0	0
Be10	9325.5	0.459408	95641.7	0	0
C12	11174.9	0.551303	95631.3	89.534	88.6845
C12	11174.9	1.24796	96555.3	476.007	474.326
C12	11174.9	0.335261	96491.2	731.603	730.595
C12	11174.9	0.668311	98771.9	2128.55	2127.6
neutron	939.565	130.554	99492.7	2511.95	2273.54
Be9	8392.75	6.07876	99492.7	2511.95	2273.54
neutron	939.565	3.90649	95835.5	0	0
neutron	939.565	1.29966	95835.5	0	0
Be9	8392.75	0.0915277	95835.5	0	0
neutron	939.565	3.91686	96198.2	0	0
B11	10252.5	0.639113	96198.2	0	0
C12	11174.9	0.706268	97611.8	1292.77	1291.95
neutron	939.565	23.4488	95596.3	0	0
alpha	3727.38	7.66086	95596.3	0	0
alpha	3727.38	5.16735	95596.3	0	0
neutron	939.565	7.51033	95622.3	0	0
neutron	939.565	0.839737	95622.3	0	0
Be8	7454.85	5.83236	95622.3	0	0
C12	11174.9	0.336818	97819.2	1546.68	1546.03
C12	11174.9	0.606094	97686.5	1395.05	1394.21
B12	11188.7	0.363317	95529.7	0	0
neutron	939.565	43.4081	95375.8	0	0
alpha	3727.38	4.70253	95375.8	0	0
Li7	6533.83	2.46212	95375.8	0	0
neutron	939.565	2.67201	95536.2	0	0
neutron	939.565	0.129668	95536.2	0	0
B10	9324.44	0.293388	95536.2	0	0
neutron	939.565	2.39541	95388.1	0	0
neutron	939.565	1.76132	95388.1	0	0
neutron	939.565	1.28406	95388.1	0	0
alpha	3727.38	3.2108	95388.1	0	0
C12	11174.9	0.711945	98939.8	2216.1	2215.23
C12	11174.9	0.448405	99022.7	2325.31	2324.35
C12	11174.9	0.353107	98492.6	1855.48	1854.71
neutron	939.565	23.3157	95481.5	0	0
neutron	939.565	1.40577	95481.5	0	0
Be8	7454.85	0.905184	95481.5	0	0
C12	11174.9	0.466295	98714	1935.37	1934.21
neutron	939.565	14.7584	95537.1	0	0
neutron	939.565	1.75064	95537.1	0	0
alpha	3727.38	8.23667	95537.1	0	0
alpha	3727.38	1.82188	95537.1	0	0
neutron	939.565	25.9009	95388	0	0
neutron	939.565	2.06511	95388	0	0
B10	9324.44	4.32807	95388	0	0
neutron	939.565	5.86525	95827.8	0	0
neutron	939.565	0.300548	95827.8	0	0
alpha	3727.38	2.99887	95827.8	0	0
alpha	3727.38	5.01877	95827.8	0	0
C12	11174.9	0.386532	97173.8	1129.61	1128.96
neutron	939.565	8.71121	95454.3	0	0
B11	10252.5	1.92726	95454.3	0	0
C12	11174.9	0.388353	97041.4	874.765	873.456
Be10	9325.5	2.15908	95674	0	0
neutron	939.565	8.99812	95397.3	0	0
Be10	9325.5	4.98048	95397.3	0	0
C12	11174.9	3.11888	98128.4	1272.33	1269
C12	11174.9	0.347347	97175.8	1066.16	1065.58
C12	11174.9	0.380027	98377.5	1739.05	1738.27
neutron	939.565	10.0676	95563.5	0	0
neutron	939.565	5.50174	95563.5	0	0
neutron	939.565	1.58679	95563.5	0	0
alpha	3727.38	8.11885	95563.5	0	0
alpha	3727.38	9.08793	95563.5	0	0
C12	11174.9	0.496711	97089.7	1162.95	1161.77
neutron	939.565	0.926657	95457.4	0	0
alpha	3727.38	2.59907	95457.4	0	0
alpha	3727.38	0.471075	95457.4	0	0
neutron	939.565	6.21372	95548.3	0	0
neutron	939.565	1.65586	95548.3	0	0
Be8	7454.85	1.95309	95548.3	0	0
neutron	939.565	0.735709	95792.7	0	0
neutron	939.565	0.318375	95792.7	0	0
Be8	7454.85	3.29824	95792.7	0	0
neutron	939.565	8.28183	95415.5	0	0
neutron	939.565	7.19547	95415.5	0	0
Be9	8392.75	0.891886	95415.5	0	0
neutron	939.565	2.08251	95511	0	0
neutron	939.565	1.15097	95511	0	0
neutron	939.565	0.457826	95511	0	0
Be8	7454.85	1.67513	95511	0	0
neutron	939.565	9.69342	95642.9	0	0
B11	10252.5	0.485503	95642.9	0	0
neutron	939.565	5.41137	95565.3	0	0
neutron	939.565	2.17701	95565.3	0	0
neutron	939.565	0.763163	95565.3	0	0
Be8	7454.85	0.536836	95565.3	0	0
neutron	939.565	34.3126	95544.1	0	0
neutron	939.565	5.37431	95544.1	0	0
neutron	939.565	1.40283	95544.1	0	0
Be8	7454.85	6.65305	95544.1	0	0
neutron	939.565	27.6628	95597.9	0	0
neutron	939.565	22.1032	95597.9	0	0
neutron	939.565	1.59553	95597.9	0	0
Be8	7454.85	0.665936	95597.9	0	0
C12	11174.9	0.471451	98204.4	1703.42	1702.69
neutron	939.565	1.98885	95468.8	0	0
neutron	939.565	1.00118	95468.8	0	0
B10	9324.44	0.1513	95468.8	0	0
C12	11174.9	0.426368	96132.2	569.649	569.033
C12	11174.9	0.370323	96442.9	550.9	549.544
neutron	939.565	7.90568	95557.4	0	0
neutron	939.565	6.42351	95557.4	0	0
neutron	939.565	0.340997	95557.4	0	0
alpha	3727.38	4.18165	95557.4	0	0
alpha	3727.38	3.06232	95557.4	0	0
C12	11174.9	0.376547	97354	979.807	979.331
neutron	939.565	9.24553	95530.6	0	0
neutron	939.565	5.28819	95530.6	0	0
neutron	939.565	1.71908	95530.6	0	0
Be8	7454.85	1.70654	95530.6	0	0
C12	11174.9	0.69967	97718.8	1407.98	1406.68
neutron	939.565	19.1566	95466.5	0	0
neutron	939.565	12.1358	95466.5	0	0
neutron	939.565	4.30516	95466.5	0	0
alpha	3727.38	1.93542	95466.5	0	0
alpha	3727.38	5.90957	95466.5	0	0
C12	11174.9	0.547513	96814.4	672.661	672.013
neutron	939.565	4.96199	95583.6	0	0
B11	10252.5	1.06762	95583.6	0	0
neutron	939.565	1.07019	95841.3	0	0
Be9	8392.75	2.62447	95841.3	0	0
neutron	939.565	16.2606	95596.7	0	0
neutron	939.565	6.36729	95596.7	0	0
Be8	7454.85	1.92264	95596.7	0	0
neutron	939.565	5.22518	95629.2	0	0
alpha	3727.38	8.31659	95629.2	0	0
alpha	3727.38	0.451841	95629.2	0	0
C12	11174.9	0.606765	99114.5	2272.48	2271.28
neutron	939.565	1.19136	95586.9	0	0
B11	10252.5	0.351899	95586.9	0	0
C12	11174.9	0.338601	98573.2	1918.49	1918.02
neutron	939.565	8.72941	95957.5	0	0
neutron	939.565	6.16925	95957.5	0	0
neutron	939.565	4.20556	95957.5	0	0
Be8	7454.85	0.757336	95957.5	0	0
neutron	939.565	2.52358	95642.4	0	0
B11	10252.5	0.0129869	95642.4	0	0
neutron	939.565	0.144672	95692.1	0	0
B11	10252.5	0.349021	95692.1	0	0
C12	11174.9	0.49274	97144	933.03	930.856
C12	11174.9	0.62982	96968.4	931.093	930.111
neutron	939.565	11.3732	95522.5	0	0
Be10	9325.5	1.36066	95522.5	0	0
neutron	939.565	7.85149	95751.5	0	0
alpha	3727.38	2.51363	95751.5	0	0
alpha	3727.38	14.0551	95751.5	0	0
C12	11174.9	0.712101	97883.5	1408.42	1407.71
neutron	939.565	25.1637	95490.8	0	0
neutron	939.565	3.45171	95490.8	0	0
neutron	939.565	3.36357	95490.8	0	0
Be8	7454.85	0.0514631	95490.8	0	0
neutron	939.565	1.03325	95626.4	0	0
B11	10252.5	0.354834	95626.4	0	0
C12	11174.9	0.457643	98798.9	2184.86	2184.2
neutron	939.565	3.36033	95498.5	0	0
Be8	7454.85	4.9259	95498.5	0	0
C12	11174.9	0.339405	95709.7	59.7892	58.8813
C12	11174.9	0.542184	98581.6	1677.13	1676.42
neutron	939.565	14.4264	95500.2	0	0
neutron	939.565	4.54727	95500.2	0	0
alpha	3727.38	4.51653	95500.2	0	0
alpha	3727.38	2.02906	95500.2	0	0
C12	11174.9	0.376598	97560.7	1116.49	1115.26
C12	11174.9	0.374517	99648.2	2703.5	2703.07
C12	11174.9	0.531949	98294.6	1862.43	1861.23
C12	11174.9	1.55253	99630.5	2615.15	2612.96
C12	11174.9	0.35019	98808.2	2147.27	2146.35
C12	11174.9	0.588521	96101.7	332.408	331.767
neutron	939.565	9.60998	95713.7	0	0
neutron	939.565	8.25369	95713.7	0	0
Be8	7454.85	4.55394	95713.7	0	0
neutron	939.565	9.71479	95464.6	0	0
neutron	939.565	5.94038	95464.6	0	0
neutron	939.565	1.06334	95464.6	0	0
alpha	3727.38	4.2561	95464.6	0	0
alpha	3727.38	3.00798	95464.6	0	0
C12	11174.9	0.778552	95536.8	84.914	82.9228
C12	11174.9	0.559464	96725.4	706.412	705.85
C12	11174.9	0.452437	99061.4	2319.7	2319
neutron	939.565	11.8599	95746.9	0	0
neutron	939.565	3.56125	95746.9	0	0
Be9	8392.75	3.62152	95746.9	0	0
C12	11174.9	0.574314	99813.4	2773.27	2772.28
C12	11174.9	0.460643	95967	227.186	226.304
C12	11174.9	1.13712	97827.4	1552.83	1551.51
C12	11174.9	0.786638	97463.4	1246.15	1244.24
C12	11174.9	0.345044	96925.4	1053.2	1052.38
C12	11174.9	2.94271	96906.9	984.213	981.134
neutron	939.565	26.6496	95367.2	0	0
Be10	9325.5	3.2448	95367.2	0	0
C12	11174.9	0.804722	96578.7	696.544	694.621
C13	12109.5	0.563017	95973.4	416.274	415.121
neutron	939.565	0.971931	95754.4	0	0
alpha	3727.38	9.42784	95754.4	0	0
Li7	6533.83	4.67045	95754.4	0	0
neutron	939.565	21.8551	95709.5	0	0
B11	10252.5	2.81712	95709.5	0	0
neutron	939.565	1.13801	95711.2	0	0
B11	10252.5	0.173344	95711.2	0	0
C12	11174.9	0.817382	98711.9	2068.26	2066.99
neutron	939.565	15.0544	95483	0	0
neutron	939.565	0.650853	95483	0	0
Li8	7471.37	2.17397	95483	0	0
neutron	939.565	6.83499	95282.2	0	0
alpha	3727.38	11.7676	95282.2	0	0
alpha	3727.38	5.16316	95282.2	0	0
C12	11174.9	0.48181	99533.1	2422.62	2421.77
neutron	939.565	12.8471	95801.3	0	0
alpha	3727.38	6.33589	95801.3	0	0
alpha	3727.38	3.6719	95801.3	0	0
neutron	939.565	17.833	95458.6	0	0
neutron	939.565	12.3214	95458.6	0	0
Be9	8392.75	2.09001	95458.6	0	0
neutron	939.565	7.9398	95662.9	0	0
B11	10252.5	1.34253	95662.9	0	0
neutron	939.565	14.1269	95905.9	0	0
neutron	939.565	4.98859	95905.9	0	0
Be9	8392.75	1.8649	95905.9	0	0
C12	11174.9	1.92165	97328.3	984.693	982.647
C12	11174.9	0.336116	96941.9	937.623	937.189
C12	11174.9	0.370823	99601.1	2658.99	2658.54
neutron	939.565	1.23295	95586	0	0
B11	10252.5	0.170411	95586	0	0
C12	11174.9	1.63194	96516.7	516.184	513.927
neutron	939.565	15.8928	95777.9	0	0
neutron	939.565	13.9523	95777.9	0	0
neutron	939.565	0.489401	95777.9	0	0
Be8	7454.85	2.47243	95777.9	0	0
C12	11174.9	0.71973	97099.6	1033.71	1032.77
C12	11174.9	0.42496	98440	1708.46	1706.74
C12	11174.9	1.36899	97210	865.03	863.569
neutron	939.565	6.58185	95897.7	0	0
B11	10252.5	0.198318	95897.7	0	0
C12	11174.9	0.419248	95696.6	128.541	127.649
C12	11174.9	1.07867	96525.1	602.779	601.466
C12	11174.9	0.543198	96114.9	517.844	516.539
C12	11174.9	0.827873	97207	1153.84	1152.29
neutron	939.565	2.21805	95514.7	0	0
neutron	939.565	1.29859	95514.7	0	0
B10	9324.44	1.00282	95514.7	0	0
C12	11174.9	0.485409	99606.7	2633.45	2632.3
neutron	939.565	3.22944	95436.2	0	0
B11	10252.5	0.237873	95436.2	0	0
C12	11174.9	0.44438	96658.2	628.891	627.58
neutron	939.565	4.53556	95694.3	0	0
neutron	939.565	0.744369	95694.3	0	0
alpha	3727.38	8.30791	95694.3	0	0
alpha	3727.38	2.6075	95694.3	0	0
neutron	939.565	3.0427	95591.5	0	0
B11	10252.5	0.23534	95591.5	0	0
neutron	939.565	12.2583	95570	0	0
neutron	939.565	9.47996	95570	0	0
Be8	7454.85	2.94125	95570	0	0
C12	11174.9	0.537161	98824.2	2088.75	2087.99
C12	11174.9	1.80193	98390.9	1818.34	1816.47
neutron	939.565	10.1782	95802.3	0	0
neutron	939.565	5.9115	95802.3	0	0
neutron	939.565	0.907568	95802.3	0	0
Be8	7454.85	5.5643	95802.3	0	0
neutron	939.565	10.6604	95615.9	0	0
neutron	939.565	0.584614	95615.9	0	0
alpha	3727.38	5.93459	95615.9	0	0
alpha	3727.38	6.63078	95615.9	0	0
neutron	939.565	0.76219	96009.1	0	0
B11	10252.5	0.352792	96009.1	0	0
C12	11174.9	0.513111	95895.4	293.418	292.549
neutron	939.565	9.0425	95502.7	0	0
neutron	939.565	1.90973	95502.7	0	0
alpha	3727.38	3.98034	95502.7	0	0
alpha	3727.38	6.01742	95502.7	0	0
neutron	939.565	2.93771	95664.9	0	0
B11	10252.5	0.129695	95664.9	0	0
C12	11174.9	0.344864	97428.4	1421.62	1420.52
C12	11174.9	1.00632	96786.8	632.576	631.331
neutron	939.565	4.62562	95424.3	0	0
alpha	3727.38	3.01793	95424.3	0	0
Li7	6533.83	2.28858	95424.3	0	0
C12	11174.9	0.750006	99115.2	2169.44	2168.53
neutron	939.565	3.40063	96522.9	0	0
B11	10252.5	0.347182	96522.9	0	0
neutron	939.565	30.8415	96119.6	0	0
neutron	939.565	3.9948	96119.6	0	0
neutron	939.565	2.12097	96119.6	0	0
alpha	3727.38	1.1313	96119.6	0	0
alpha	3727.38	6.59998	96119.6	0	0
neutron	939.565	8.04828	96027.4	0	0
neutron	939.565	6.76028	96027.4	0	0
alpha	3727.38	2.80899	96027.4	0	0
Li6	5601.52	2.47956	96027.4	0	0
C12	11174.9	0.528955	98210.3	1803.96	1803.21
C12	11174.9	0.398675	95954.3	345.013	344.4
alpha	3727.38	1.54751	96043.2	0	0
neutron	939.565	4.51963	95704	0	0
B11	10252.5	0.33579	95704	0	0
neutron	939.565	4.92126	95527.3	0	0
alpha	3727.38	6.93093	95527.3	0	0
alpha	3727.38	1.19836	95527.3	0	0
neutron	939.565	11.6172	95231.5	0	0
neutron	939.565	1.94698	95231.5	0	0
Be9	8392.75	0.677965	95231.5	0	0
C12	11174.9	0.591615	96880.1	705.877	704.722
neutron	939.565	9.38048	95699.8	0	0
B11	10252.5	0.638687	95699.8	0	0
B12	11188.7	0.353187	95374	0	0
C12	11174.9	0.401697	99889.3	2851.15	2850.47
C12	11174.9	0.385412	98938.4	2239.68	2239.17
neutron	939.565	2.50766	95595.5	0	0
B11	10252.5	0.740712	95595.5	0	0
neutron	939.565	1.15842	95378.3	0	0
neutron	939.565	0.420874	95378.3	0	0
alpha	3727.38	0.323922	95378.3	0	0
neutron	939.565	5.35625	95508.8	0	0
neutron	939.565	4.33638	95508.8	0	0
neutron	939.565	2.13431	95508.8	0	0
Be8	7454.85	0.102232	95508.8	0	0
neutron	939.565	2.69631	95320.9	0	0
neutron	939.565	2.02718	95320.9	0	0
Be8	7454.85	1.2726	95320.9	0	0
C12	11174.9	0.388004	98076.2	1641.8	1641.33
C12	11174.9	0.733092	96538.2	618.047	617.154
neutron	939.565	15.2423	95678.7	0	0
neutron	939.565	2.09815	95678.7	0	0
neutron	939.565	0.719271	95678.7	0	0
Be8	7454.85	3.27749	95678.7	0	0
C12	11174.9	0.574955	99798.2	2802.16	2801.2
neutron	939.565	3.84215	95491.5	0	0
Be8	7454.85	4.54454	95491.5	0	0
neutron	939.565	4.2192	95402.6	0	0
neutron	939.565	3.91464	95402.6	0	0
B10	9324.44	1.70537	95402.6	0	0
C12	11174.9	0.355703	95704.7	54.2646	52.9821
neutron	939.565	5.03399	95632.4	0	0
neutron	939.565	0.416354	95632.4	0	0
neutron	939.565	0.166675	95632.4	0	0
Be8	7454.85	3.74311	95632.4	0	0
C12	11174.9	0.817499	99272.9	2478.37	2477.13
neutron	939.565	6.65001	95594.1	0	0
alpha	3727.38	3.20818	95594.1	0	0
alpha	3727.38	16.3649	95594.1	0	0
neutron	939.565	21.7833	95563.2	0	0
neutron	939.565	14.7724	95563.2	0	0
Be8	7454.85	3.31566	95563.2	0	0
C12	11174.9	0.349737	98128.8	1712.72	1712.19
neutron	939.565	9.85716	95775.2	0	0
neutron	939.565	2.80645	95775.2	0	0
neutron	939.565	0.717593	95775.2	0	0
B9	8393.31	1.40445	95775.2	0	0
neutron	939.565	12.651	95802.6	0	0
alpha	3727.38	4.07088	95802.6	0	0
alpha	3727.38	4.79548	95802.6	0	0
neutron	939.565	2.94193	95557.4	0	0
neutron	939.565	1.64871	95557.4	0	0
B10	9324.44	0.394279	95557.4	0	0
neutron	939.565	8.41833	95885.6	0	0
neutron	939.565	2.10471	95885.6	0	0
alpha	3727.38	7.72168	95885.6	0	0
alpha	3727.38	1.97082	95885.6	0	0
neutron	939.565	0.25654	95779.7	0	0
Be10	9325.5	0.118849	95779.7	0	0
neutron	939.565	3.94677	95750.9	0	0
Be10	9325.5	1.32523	95750.9	0	0
C12	11174.9	1.56456	97785	1407.01	1405.33
C12	11174.9	0.390841	98289.9	1764.32	1763.43
neutron	939.565	14.4511	95398.3	0	0
neutron	939.565	0.659797	95398.3	0	0
neutron	939.565	0.145177	95398.3	0	0
alpha	3727.38	3.30627	95398.3	0	0
alpha	3727.38	7.12856	95398.3	0	0
neutron	939.565	12.5039	95385.6	0	0
neutron	939.565	6.84374	95385.6	0	0
neutron	939.565	4.26106	95385.6	0	0
alpha	3727.38	8.02867	95385.6	0	0
alpha	3727.38	6.91927	95385.6	0	0
neutron	939.565	1.21856	95634.1	0	0
neutron	939.565	0.985817	95634.1	0	0
Be9	8392.75	0.0346949	95634.1	0	0
neutron	939.565	1.84477	95457.9	0	0
neutron	939.565	1.15757	95457.9	0	0
Be9	8392.75	1.72707	95457.9	0	0
C12	11174.9	1.02327	95673.5	152.48	150.898
C12	11174.9	0.388086	99997.9	2914.83	2913.67
C12	11174.9	2.19435	98119.3	1694.31	1691.91
neutron	939.565	4.47393	95561.1	0	0
neutron	939.565	0.618821	95561.1	0	0
neutron	939.565	0.143311	95561.1	0	0
Be8	7454.85	0.762776	95561.1	0	0
neutron	939.565	4.86926	95619.6	0	0
neutron	939.565	0.251132	95619.6	0	0
neutron	939.565	0.116049	95619.6	0	0
Be8	7454.85	0.743056	95619.6	0	0
C12	11174.9	0.491473	95768.2	212.758	212.107
C12	11174.9	0.483454	96396.9	521.512	520.65
neutron	939.565	2.29544	95742.3	0	0
alpha	3727.38	4.13072	95742.3	0	0
Li7	6533.83	2.6657	95742.3	0	0
C12	11174.9	1.79344	95792.7	201.653	199.272
C12	11174.9	1.14138	99283.7	2446.66	2445.12
neutron	939.565	0.729885	95563	0	0
B11	10252.5	0.613133	95563	0	0
neutron	939.565	24.7146	95406.6	0	0
alpha	3727.38	3.39232	95406.6	0	0
alpha	3727.38	15.9887	95406.6	0	0
C12	11174.9	0.459865	96378.9	378.555	378.072
C12	11174.9	1.13678	99175.3	2406.77	2405.33
neutron	939.565	8.887	95676.8	0	0
Be10	9325.5	1.02656	95676.8	0	0
C12	11174.9	0.669666	97074.1	1035.67	1034.08
neutron	939.565	1.97857	95760.7	0	0
Be8	7454.85	1.43444	95760.7	0	0
C12	11174.9	0.457317	97934.2	1434.05	1433.47
neutron	939.565	2.16724	95397.2	0	0
B11	10252.5	0.699048	95397.2	0	0
neutron	939.565	1.25099	95895.4	0	0
Be9	8392.75	0.334914	95895.4	0	0
neutron	939.565	5.02044	95797.7	0	0
alpha	3727.38	5.64238	95797.7	0	0
Li7	6533.83	1.88663	95797.7	0	0
neutron	939.565	4.9347	95410.7	0	0
alpha	3727.38	1.10902	95410.7	0	0
alpha	3727.38	7.36643	95410.7	0	0
neutron	939.565	9.70522	95750.8	0	0
neutron	939.565	4.78271	95750.8	0	0
neutron	939.565	3.71763	95750.8	0	0
alpha	3727.38	3.72219	95750.8	0	0
alpha	3727.38	4.36741	95750.8	0	0
neutron	939.565	4.74936	95863	0	0
neutron	939.565	2.27048	95863	0	0
alpha	3727.38	7.8029	95863	0	0
alpha	3727.38	1.89156	95863	0	0
C12	11174.9	1.1318	99449.6	2581.06	2579.67
C12	11174.9	0.48876	97516.9	1289.27	1288.26
alpha	3727.38	13.2808	95788.5	0	0
Li8	7471.37	6.36484	95788.5	0	0
C12	11174.9	0.385006	96959.4	1052.44	1051.62
neutron	939.565	14.6065	95558	0	0
neutron	939.565	8.61623	95558	0	0
neutron	939.565	0.461862	95558	0	0
B9	8393.31	5.23327	95558	0	0
neutron	939.565	14.9738	95604.9	0	0
alpha	3727.38	4.58466	95604.9	0	0
alpha	3727.38	6.64225	95604.9	0	0
B12	11188.7	0.362909	95492.6	0	0
neutron	939.565	37.6012	95553.2	0	0
neutron	939.565	9.48084	95553.2	0	0
neutron	939.565	0.283769	95553.2	0	0
alpha	3727.38	3.82556	95553.2	0	0
alpha	3727.38	4.91613	95553.2	0	0
neutron	939.565	12.5518	95525.3	0	0
neutron	939.565	10.5089	95525.3	0	0
Be8	7454.85	1.73617	95525.3	0	0
neutron	939.565	1.83171	95393.2	0	0
B11	10252.5	0.0515454	95393.2	0	0
neutron	939.565	6.48988	95563.6	0	0
neutron	939.565	2.45909	95563.6	0	0
alpha	3727.38	5.65077	95563.6	0	0
alpha	3727.38	0.810211	95563.6	0	0
neutron	939.565	27.2088	95633.5	0	0
neutron	939.565	1.24988	95633.5	0	0
Be9	8392.75	1.051	95633.5	0	0
C12	11174.9	0.745235	99534.6	2571.5	2569.11
C12	11174.9	0.628212	98699.4	1985.54	1984.87
neutron	939.565	3.06608	95548.9	0	0
neutron	939.565	1.37237	95548.9	0	0
Be8	7454.85	0.923951	95548.9	0	0
neutron	939.565	0.169999	95694.2	0	0
B11	10252.5	0.257529	95694.2	0	0
neutron	939.565	6.43287	95575.5	0	0
neutron	939.565	0.887319	95575.5	0	0
neutron	939.565	0.0998662	95575.5	0	0
Be8	7454.85	2.03356	95575.5	0	0
neutron	939.565	3.08329	95529.3	0	0
Be10	9325.5	0.527018	95529.3	0	0
neutron	939.565	3.80418	95665.5	0	0
neutron	939.565	3.49087	95665.5	0	0
neutron	939.565	0.81518	95665.5	0	0
alpha	3727.38	6.23316	95665.5	0	0
alpha	3727.38	1.10951	95665.5	0	0
neutron	939.565	11.9037	95589.2	0	0
neutron	939.565	5.4162	95589.2	0	0
neutron	939.565	1.61013	95589.2	0	0
Li7	6533.83	1.84913	95589.2	0	0
C12	11174.9	0.384578	98898.5	2214.85	2213.59
C12	11174.9	1.32438	95815.9	104.696	103.266
C12	11174.9	0.825748	99483.9	2611.04	2610.08
C12	11174.9	0.743092	95918.6	288.409	287.26
C12	11174.9	0.839116	99556.1	2608.3	2607.4
C12	11174.9	0.423638	95496.1	19.9229	18.8432
C12	11174.9	0.780199	97752.8	1336.05	1333.59
neutron	939.565	6.75855	95330	0	0
Be10	9325.5	0.761856	95330	0	0
neutron	939.565	22.7828	95441.2	0	0
neutron	939.565	0.386677	95441.2	0	0
Be8	7454.85	1.2174	95441.2	0	0
neutron	939.565	4.61449	95864.1	0	0
neutron	939.565	1.33462	95864.1	0	0
Be8	7454.85	1.24971	95864.1	0	0
neutron	939.565	8.09021	95680	0	0
neutron	939.565	6.01338	95680	0	0
Be8	7454.85	0.0546094	95680	0	0
B12	11188.7	0.356537	96039.3	0	0
neutron	939.565	0.365066	95757.7	0	0
B11	10252.5	0.21858	95757.7	0	0
B12	11188.7	0.361356	95492.9	0	0
C12	11174.9	0.721832	95847.4	369.661	368.916
neutron	939.565	0.396124	95469.3	0	0
B11	10252.5	0.29474	95469.3	0	0
neutron	939.565	1.99426	95476	0	0
neutron	939.565	1.20262	95476	0	0
neutron	939.565	0.931737	95476	0	0
Be9	8392.75	0.667888	95476	0	0
C12	11174.9	0.379353	96479.8	493.646	493.249
neutron	939.565	1.06587	95716.4	0	0
B11	10252.5	0.173034	95716.4	0	0
neutron	939.565	3.55185	95509.4	0	0
neutron	939.565	2.8676	95509.4	0	0
Be8	7454.85	3.21458	95509.4	0	0
neutron	939.565	14.1133	95662.6	0	0
neutron	939.565	2.14512	95662.6	0	0
Be9	8392.75	0.772036	95662.6	0	0
neutron	939.565	52.5282	97796.6	1488.64	1057.94
C11	10254	2.03021	97796.6	1488.64	1057.94
neutron	939.565	12.3251	95494.1	0	0
neutron	939.565	0.819868	95494.1	0	0
B10	9324.44	1.67748	95494.1	0	0
C12	11174.9	2.06199	99782.9	2641.73	2638.89
neutron	939.565	37.4341	95488.3	0	0
neutron	939.565	2.07287	95488.3	0	0
neutron	939.565	0.980717	95488.3	0	0
Be8	7454.85	2.78981	95488.3	0	0
C12	11174.9	0.379874	97140.1	967.328	966.806
neutron	939.565	4.08114	95667.3	0	0
B11	10252.5	0.33819	95667.3	0	0
C12	11174.9	0.339566	95624.3	177.698	177.166
neutron	939.565	2.78633	95414.6	0	0
neutron	939.565	2.54727	95414.6	0	0
B10	9324.44	1.1657	95414.6	0	0
C12	11174.9	0.677248	96580	772.78	771.676
C12	11174.9	1.32487	96438.9	346.106	344.706
neutron	939.565	1.6504	95494.2	0	0
B11	10252.5	0.0710247	95494.2	0	0
C12	11174.9	1.08313	96688.3	872.185	871.099
neutron	939.565	37.8325	95391	0	0
Be8	7454.85	4.67548	95391	0	0
C12	11174.9	0.681265	97384.5	1196.84	1195.99
neutron	939.565	2.37746	95567.7	0	0
B11	10252.5	0.204654	95567.7	0	0
neutron	939.565	2.41767	95626.3	0	0
B11	10252.5	0.725497	95626.3	0	0
C12	11174.9	0.596128	97413.3	961.423	960.755
neutron	939.565	5.31141	95541.8	0	0
neutron	939.565	0.59122	95541.8	0	0
neutron	939.565	0.578938	95541.8	0	0
Be8	7454.85	0.288033	95541.8	0	0
neutron	939.565	1.21053	95582	0	0
B11	10252.5	0.562377	95582	0	0
neutron	939.565	4.30922	95762.6	0	0
B11	10252.5	0.359771	95762.6	0	0
neutron	939.565	4.34431	95609.2	0	0
neutron	939.565	2.41075	95609.2	0	0
alpha	3727.38	3.5658	95609.2	0	0
alpha	3727.38	4.42574	95609.2	0	0
neutron	939.565	2.98104	95976.9	0	0
neutron	939.565	1.51856	95976.9	0	0
Be8	7454.85	4.64262	95976.9	0	0
B12	11188.7	0.346704	95263.2	0	0
C12	11174.9	0.461332	96823.5	829.075	828.155
neutron	939.565	29.9511	95683.3	0	0
neutron	939.565	3.32001	95683.3	0	0
neutron	939.565	1.83099	95683.3	0	0
Be8	7454.85	3.81742	95683.3	0	0
C12	11174.9	0.489127	99842	2773.82	2772.4
neutron	939.565	10.9502	95518	0	0
neutron	939.565	4.07276	95518	0	0
neutron	939.565	1.80484	95518	0	0
Be8	7454.85	0.0660246	95518	0	0
C12	11174.9	0.901817	98621.5	2041.2	2040.29
neutron	939.565	7.16726	95478.2	0	0
neutron	939.565	5.10617	95478.2	0	0
neutron	939.565	2.66526	95478.2	0	0
Be8	7454.85	1.30546	95478.2	0	0
C12	11174.9	0.746366	99968.5	2899.8	2897.48
neutron	939.565	62.3839	98872.4	2206.79	1814.74
Be9	8392.75	1.21076	98872.4	2206.79	1814.74
neutron	939.565	5.44112	95629.2	0	0
neutron	939.565	0.461996	95629.2	0	0
alpha	3727.38	6.95766	95629.2	0	0
He5	4667.68	0.267015	95629.2	0	0
neutron	939.565	5.95475	95322.2	0	0
neutron	939.565	5.48534	95322.2	0	0
B10	9324.44	0.9216	95322.2	0	0
neutron	939.565	0.544747	95356.3	0	0
B11	10252.5	0.160592	95356.3	0	0
C13	12109.5	0.3392	99154.2	2357.17	2356.82
C12	11174.9	0.610414	99969	2894.75	2893.8
B12	11188.7	0.370391	95425.1	0	0
neutron	939.565	24.6604	95618.5	0	0
neutron	939.565	2.93961	95618.5	0	0
B10	9324.44	0.775853	95618.5	0	0
neutron	939.565	1.96096	96045.3	0	0
Be10	9325.5	3.01698	96045.3	0	0
neutron	939.565	11.9205	95733.5	0	0
Be9	8392.75	0.85466	95733.5	0	0
C12	11174.9	1.28275	95577.3	97.9225	96.6061
neutron	939.565	5.63048	95578.2	0	0
neutron	939.565	3.42435	95578.2	0	0
B10	9324.44	2.32792	95578.2	0	0
C12	11174.9	0.559761	98519.5	1827.71	1826.04
neutron	939.565	0.349663	95504.4	0	0
Be9	8392.75	1.17963	95504.4	0	0
C12	11174.9	0.462449	98654.2	2082.62	2081.72
neutron	939.565	0.699542	95573	0	0
B11	10252.5	0.664681	95573	0	0
neutron	939.565	7.84301	95336.4	0	0
neutron	939.565	5.92063	95336.4	0	0
neutron	939.565	4.16755	95336.4	0	0
neutron	939.565	0.986417	95336.4	0	0
Be7	6534.18	4.99258	95336.4	0	0
C12	11174.9	0.680449	98414	1871.25	1870.57
C12	11174.9	0.544815	96994.9	914.072	911.942
C12	11174.9	0.332706	95443.8	23.6212	23.0153
C12	11174.9	1.5742	96276.4	540.651	538.339
neutron	939.565	14.1146	95444.1	0	0
neutron	939.565	8.3601	95444.1	0	0
neutron	939.565	1.3275	95444.1	0	0
Be8	7454.85	2.65448	95444.1	0	0
C12	11174.9	1.92987	99178.1	2401.31	2398.39
B12	11188.7	0.372075	95969.6	0	0
C12	11174.9	0.462251	96630.7	749.837	748.228
C12	11174.9	0.898923	96591.9	711.941	710.49
C12	11174.9	3.08337	97565.8	1299.73	1296.61
Be10	9325.5	3.26742	95396.2	0	0
C12	11174.9	0.407933	98664.4	1859.59	1859.05
C12	11174.9	0.532947	98522	1834.57	1833.08
C12	11174.9	0.471125	97851	1329.65	1328.67
neutron	939.565	5.77314	95585	0	0
neutron	939.565	4.36406	95585	0	0
neutron	939.565	3.41896	95585	0	0
alpha	3727.38	3.46493	95585	0	0
alpha	3727.38	5.12649	95585	0	0
neutron	939.565	30.9449	95489.7	0	0
alpha	3727.38	16.7074	95489.7	0	0
alpha	3727.38	7.32223	95489.7	0	0
neutron	939.565	3.60485	95671.1	0	0
B11	10252.5	0.317455	95671.1	0	0
neutron	939.565	14.4769	95382.7	0	0
neutron	939.565	9.26987	95382.7	0	0
Be9	8392.75	1.87798	95382.7	0	0
neutron	939.565	6.06996	95598.2	0	0
neutron	939.565	3.25911	95598.2	0	0
alpha	3727.38	3.22216	95598.2	0	0
Li6	5601.52	3.86858	95598.2	0	0
C12	11174.9	0.491934	97202.7	1043.01	1041.55
C12	11174.9	0.397402	99470.9	2506.83	2506.36
C12	11174.9	2.48625	98633.7	2007.16	2003.56
neutron	939.565	5.51122	95731.4	0	0
alpha	3727.38	8.5759	95731.4	0	0
neutron	939.565	3.96617	95454.7	0	0
Be9	8392.75	0.476	95454.7	0	0
neutron	939.565	22.3174	95539.3	0	0
neutron	939.565	20.5687	95539.3	0	0
alpha	3727.38	2.84023	95539.3	0	0
alpha	3727.38	3.17633	95539.3	0	0
neutron	939.565	532.597	99318.1	2438.63	1740.93
neutron	939.565	111.851	99318.1	2438.63	1740.93
alpha	3727.38	5.30612	99318.1	2438.63	1740.93
Be6	5605.3	10.6782	99318.1	2438.63	1740.93
C12	11174.9	0.613417	97893.8	1584.58	1583.78
C12	11174.9	3.83576	99147.9	2360.37	2356.39
C12	11174.9	0.532107	96907.9	1020.15	1019.31
B12	11188.7	0.367352	95508.1	0	0
C12	11174.9	0.356196	98180.7	1687.62	1686.78
neutron	939.565	8.23894	95813.9	0	0
neutron	939.565	4.80231	95813.9	0	0
neutron	939.565	0.0509391	95813.9	0	0
alpha	3727.38	6.41632	95813.9	0	0
alpha	3727.38	7.57241	95813.9	0	0
C12	11174.9	0.444388	98706.1	2055.43	2054.96
neutron	939.565	5.42913	95606.8	0	0
neutron	939.565	3.88746	95606.8	0	0
B10	9324.44	1.07878	95606.8	0	0
neutron	939.565	1.96052	96006.7	0	0
Be10	9325.5	0.357743	96006.7	0	0
C12	11174.9	1.09988	98224.6	1796.12	1794.43
C12	11174.9	1.67537	96153.9	566.232	563.42
C12	11174.9	0.675554	96141.5	466.364	465.333
neutron	939.565	0.252797	95742.7	0	0
B11	10252.5	0.426599	95742.7	0	0
C13	12109.5	0.498814	95986.2	414.282	413.738
neutron	939.565	14.5688	95903.3	0	0
alpha	3727.38	7.04117	95903.3	0	0
alpha	3727.38	3.5887	95903.3	0	0
neutron	939.565	28.6806	95653.1	0	0
neutron	939.565	3.09959	95653.1	0	0
Be9	8392.75	3.20309	95653.1	0	0
neutron	939.565	0.0414076	95532.3	0	0
Be10	9325.5	0.455128	95532.3	0	0
C12	11174.9	0.709943	96941.6	983.72	981.763
neutron	939.565	3.7261	95596.8	0	0
B11	10252.5	1.32658	95596.8	0	0
neutron	939.565	5.96906	95492.4	0	0
alpha	3727.38	1.72025	95492.4	0	0
alpha	3727.38	9.7296	95492.4	0	0
C12	11174.9	0.401638	97746.8	1429.07	1428.21
neutron	939.565	3.51172	95530.8	0	0
neutron	939.565	1.21013	95530.8	0	0
B10	9324.44	1.50811	95530.8	0	0
neutron	939.565	3.41274	95346.2	0	0
B11	10252.5	0.700824	95346.2	0	0
neutron	939.565	4.16219	96181.3	0	0
neutron	939.565	2.6341	96181.3	0	0
B10	9324.44	0.402902	96181.3	0	0
C12	11174.9	0.406493	96609.6	654.155	653.439
neutron	939.565	13.1765	95423.9	0	0
Be8	7454.85	1.23019	95423.9	0	0
C12	11174.9	0.648761	99921.3	2845.84	2845.03
C12	11174.9	0.734668	97503.4	1209.1	1207.66
neutron	939.565	20.4209	95588.2	0	0
neutron	939.565	3.58256	95588.2	0	0
neutron	939.565	0.217689	95588.2	0	0
Be8	7454.85	4.64109	95588.2	0	0
neutron	939.565	5.24296	95571.9	0	0
neutron	939.565	0.696738	95571.9	0	0
Be8	7454.85	0.693112	95571.9	0	0
C12	11174.9	0.369238	96199.7	426.399	425.641
neutron	939.565	4.84787	95836	0	0
B11	10252.5	0.592713	95836	0	0
neutron	939.565	4.77677	95401.6	0	0
B11	10252.5	0.982422	95401.6	0	0
C12	11174.9	0.386667	95968.2	312.561	311.491
neutron	939.565	6.89256	95451	0	0
neutron	939.565	3.12231	95451	0	0
alpha	3727.38	4.04673	95451	0	0
alpha	3727.38	2.71904	95451	0	0
C12	11174.9	0.363848	96669.1	517.81	516.637
neutron	939.565	1.59459	95505	0	0
alpha	3727.38	6.47654	95505	0	0
alpha	3727.38	1.28189	95505	0	0
C12	11174.9	0.356661	98232.7	1823.05	1820.32
neutron	939.565	6.14166	95381.1	0	0
neutron	939.565	1.93433	95381.1	0	0
Be8	7454.85	0.183668	95381.1	0	0
C12	11174.9	0.566194	97894.8	1539.44	1537.9
neutron	939.565	0.820384	95612.2	0	0
neutron	939.565	0.702233	95612.2	0	0
B10	9324.44	0.298221	95612.2	0	0
C12	11174.9	4.00388	98877.1	2161.93	2157.04
C12	11174.9	1.63298	99835.5	2816.66	2813.41
neutron	939.565	1.72157	95331.3	0	0
alpha	3727.38	4.32067	95331.3	0	0
alpha	3727.38	3.83511	95331.3	0	0
C12	11174.9	0.390005	98591.3	1998.17	1997.22
neutron	939.565	18.9542	95872.4	0	0
neutron	939.565	15.6926	95872.4	0	0
Be8	7454.85	0.77443	95872.4	0	0
neutron	939.565	3.21507	95393.3	0	0
alpha	3727.38	5.03543	95393.3	0	0
Li7	6533.83	2.39646	95393.3	0	0
C12	11174.9	0.487314	98136.9	1703.16	1702.59
neutron	939.565	9.57096	95417.4	0	0
neutron	939.565	2.15813	95417.4	0	0
neutron	939.565	1.14834	95417.4	0	0
Be8	7454.85	0.626657	95417.4	0	0
neutron	939.565	8.77087	95508	0	0
neutron	939.565	5.21331	95508	0	0
Be8	7454.85	2.63176	95508	0	0
neutron	939.565	3.64182	95680.7	0	0
Be10	9325.5	0.394598	95680.7	0	0
Be10	9325.5	1.13034	95432.7	0	0
C12	11174.9	3.71497	98912.4	2180.03	2176.13
C12	11174.9	0.345718	95737.6	225.085	224.605
C12	11174.9	0.423622	99088.9	2204.01	2203.55
C12	11174.9	0.333006	96916.5	987.286	985.68
neutron	939.565	10.6636	95548	0	0
neutron	939.565	2.70864	95548	0	0
neutron	939.565	2.35119	95548	0	0
alpha	3727.38	2.41752	95548	0	0
alpha	3727.38	5.15704	95548	0	0
neutron	939.565	1.94617	95496.9	0	0
alpha	3727.38	3.36102	95496.9	0	0
Li7	6533.83	0.907394	95496.9	0	0
neutron	939.565	13.9316	95588.5	0	0
neutron	939.565	5.40092	95588.5	0	0
neutron	939.565	3.18829	95588.5	0	0
alpha	3727.38	8.89447	95588.5	0	0
alpha	3727.38	1.23732	95588.5	0	0
neutron	939.565	21.73	95537.2	0	0
neutron	939.565	1.00869	95537.2	0	0
B10	9324.44	1.04404	95537.2	0	0
C12	11174.9	1.01115	99164.6	2398.07	2396.9
neutron	939.565	11.5881	95361.8	0	0
neutron	939.565	2.35511	95361.8	0	0
neutron	939.565	0.965069	95361.8	0	0
Li7	6533.83	2.16665	95361.8	0	0
C12	11174.9	0.344814	98048.3	1724.59	1723.72
neutron	939.565	4.59412	95741.8	0	0
neutron	939.565	3.06374	95741.8	0	0
B10	9324.44	2.25913	95741.8	0	0
neutron	939.565	3.19343	95682	0	0
B11	10252.5	0.125311	95682	0	0
neutron	939.565	2.29661	95760.9	0	0
B11	10252.5	1.04032	95760.9	0	0
neutron	939.565	40.7052	95395.7	0	0
Be10	9325.5	8.67998	95395.7	0	0
C12	11174.9	0.668083	98916.4	2111.2	2110.32
C12	11174.9	0.849317	97958.8	1527.59	1526.25
neutron	939.565	16.3056	95544.8	0	0
neutron	939.565	0.728386	95544.8	0	0
Be8	7454.85	0.211335	95544.8	0	0
C12	11174.9	0.437343	97488.5	1210.79	1209.86
C12	11174.9	1.17651	96634.2	727.169	725.324
C12	11174.9	0.641566	98874.9	2188.38	2187.03
neutron	939.565	31.1872	95757.8	0	0
neutron	939.565	6.9562	95757.8	0	0
neutron	939.565	4.89251	95757.8	0	0
alpha	3727.38	2.65911	95757.8	0	0
alpha	3727.38	8.50702	95757.8	0	0
neutron	939.565	6.88622	95782.5	0	0
Be8	7454.85	2.06744	95782.5	0	0
C12	11174.9	0.512286	95943.2	234.289	233.578
neutron	939.565	13.0094	95534.7	0	0
neutron	939.565	3.40825	95534.7	0	0
neutron	939.565	1.39695	95534.7	0	0
alpha	3727.38	1.53657	95534.7	0	0
alpha	3727.38	3.02669	95534.7	0	0
C12	11174.9	0.712884	95992.6	387.136	386.276
neutron	939.565	3.73972	95559.4	0	0
B11	10252.5	0.429154	95559.4	0	0
neutron	939.565	34.8378	95461.7	0	0
neutron	939.565	7.22023	95461.7	0	0
neutron	939.565	0.611983	95461.7	0	0
alpha	3727.38	8.57726	95461.7	0	0
alpha	3727.38	6.98192	95461.7	0	0
C12	11174.9	0.407998	95908.3	298.584	296.491
C12	11174.9	1.0186	99516.4	2268.42	2267.18
neutron	939.565	1.86148	95658	0	0
B11	10252.5	0.716622	95658	0	0
C12	11174.9	0.365941	97721.8	1526.15	1525.33
C12	11174.9	0.646238	99642.3	2672.97	2671.94
neutron	939.565	31.5146	95331	0	0
neutron	939.565	1.78827	95331	0	0
neutron	939.565	0.36052	95331	0	0
Be8	7454.85	6.44509	95331	0	0
C12	11174.9	0.442433	97465.5	1119.3	1117.33
neutron	939.565	13.7394	95856.2	0	0
Be8	7454.85	0.669526	95856.2	0	0
C12	11174.9	0.804037	96157.4	433.26	432.412
neutron	939.565	1.68436	95503.2	0	0
B11	10252.5	0.373596	95503.2	0	0
neutron	939.565	13.81	95718.3	0	0
neutron	939.565	13.488	95718.3	0	0
Be8	7454.85	5.13368	95718.3	0	0
C12	11174.9	0.568164	99107.4	2330.78	2329.73
C12	11174.9	0.446476	95765.8	270.369	269.895
neutron	939.565	6.24557	95564.9	0	0
Be10	9325.5	0.107479	95564.9	0	0
C12	11174.9	1.19103	95705.7	120.825	119.622
neutron	939.565	1.12849	95758.5	0	0
Be8	7454.85	2.41465	95758.5	0	0
C12	11174.9	0.46633	96409.9	589.131	588.533
C12	11174.9	0.362176	99262.6	2359.09	2358.72
C12	11174.9	0.439093	96753	904.237	903.583
Be10	9325.5	1.09278	95357.5	0	0
neutron	939.565	33.2525	95714.7	0	0
neutron	939.565	2.08654	95714.7	0	0
B11	10252.5	3.07904	95714.7	0	0
C11	10254	3.55276	97907.3	1542.94	1172.05
neutron	939.565	20.6753	95667.4	0	0
neutron	939.565	1.48859	95667.4	0	0
neutron	939.565	0.674948	95667.4	0	0
Be8	7454.85	4.7248	95667.4	0	0
neutron	939.565	0.875349	95763.3	0	0
alpha	3727.38	3.74876	95763.3	0	0
alpha	3727.38	5.752	95763.3	0	0
neutron	939.565	7.68743	95682.9	0	0
neutron	939.565	2.38391	95682.9	0	0
Be9	8392.75	2.6199	95682.9	0	0
neutron	939.565	21.7646	95669.2	0	0
neutron	939.565	10.2197	95669.2	0	0
neutron	939.565	2.79262	95669.2	0	0
alpha	3727.38	2.15793	95669.2	0	0
alpha	3727.38	3.61134	95669.2	0	0
neutron	939.565	13.0932	95653.6	0	0
alpha	3727.38	1.87524	95653.6	0	0
C12	11174.9	2.20443	99492.7	2582.6	2579.95
C12	11174.9	1.3094	96821.5	706.455	705.055
neutron	939.565	8.90507	95459.4	0	0
neutron	939.565	7.36063	95459.4	0	0
alpha	3727.38	5.90579	95459.4	0	0
alpha	3727.38	1.30516	95459.4	0	0
C12	11174.9	2.34064	97856.9	1575.37	1573.02
C12	11174.9	0.945916	97543.1	1337.22	1335.85
neutron	939.565	12.9289	95403	0	0
Be8	7454.85	0.338434	95403	0	0
neutron	939.565	17.5677	95573.1	0	0
neutron	939.565	6.62024	95573.1	0	0
neutron	939.565	1.20646	95573.1	0	0
Be7	6534.18	1.56774	95573.1	0	0
C12	11174.9	0.513666	96960.4	905.29	904.604
neutron	939.565	10.1495	95607.9	0	0
neutron	939.565	8.81079	95607.9	0	0
alpha	3727.38	4.36087	95607.9	0	0
alpha	3727.38	17.2642	95607.9	0	0
C12	11174.9	0.544543	99088.9	2195.86	2194.92
neutron	939.565	23.7246	95519.2	0	0
neutron	939.565	8.39285	95519.2	0	0
B10	9324.44	0.543847	95519.2	0	0
C12	11174.9	0.706627	99262.9	2385.06	2384.21
alpha	3727.38	7.76873	97380.3	1183.05	740.476
alpha	3727.38	6.7299	97380.3	1183.05	740.476
alpha	3727.38	10.3224	97380.3	1183.05	740.476
neutron	939.565	0.400758	95599.5	0	0
B11	10252.5	0.246355	95599.5	0	0
C12	11174.9	1.06346	97394.9	1122.73	1121.31
C12	11174.9	0.473036	96728.8	791.668	791.023
neutron	939.565	10.6434	95508.3	0	0
neutron	939.565	6.96431	95508.3	0	0
Be8	7454.85	4.96764	95508.3	0	0
neutron	939.565	55.9138	95532.1	0	0
neutron	939.565	0.496551	95532.1	0	0
Be9	8392.75	4.75547	95532.1	0	0
C12	11174.9	0.494289	98044	1657.69	1656.96
neutron	939.565	17.3588	95531.6	0	0
neutron	939.565	12.1789	95531.6	0	0
alpha	3727.38	3.44439	95531.6	0	0
alpha	3727.38	3.16778	95531.6	0	0
C12	11174.9	0.422883	99185.4	2347.71	2347.16
neutron	939.565	7.87722	95875.7	0	0
neutron	939.565	6.8017	95875.7	0	0
alpha	3727.38	6.0137	95875.7	0	0
alpha	3727.38	0.528067	95875.7	0	0
neutron	939.565	13.0138	95654.9	0	0
neutron	939.565	0.158187	95654.9	0	0
Be9	8392.75	2.95587	95654.9	0	0
C12	11174.9	0.349669	97429.9	1201.72	1201.32
C11	10254	0.722346	99210.1	2420.69	1913.66
C12	11174.9	0.460999	97654.8	1481.44	1479.94
neutron	939.565	2.11633	95552.9	0	0
neutron	939.565	0.857203	95552.9	0	0
neutron	939.565	0.798059	95552.9	0	0
Be8	7454.85	1.31402	95552.9	0	0
C12	11174.9	0.357133	98748.6	2109.87	2108.14
C12	11174.9	0.365506	99557.9	2642.41	2641.65
C12	11174.9	0.546122	96173.9	444.232	443.191
C12	11174.9	0.783621	96985.7	1020.29	1019.4
C12	11174.9	0.923014	96140.5	449.359	448.044
C12	11174.9	2.40328	97340.2	1126.55	1123.51
neutron	939.565	28.0139	95505.9	0	0
B11	10252.5	2.44438	95505.9	0	0
neutron	939.565	22.386	95857.5	0	0
neutron	939.565	13.4308	95857.5	0	0
neutron	939.565	2.5772	95857.5	0	0
alpha	3727.38	7.8606	95857.5	0	0
alpha	3727.38	1.30395	95857.5	0	0
C12	11174.9	0.45435	96191.2	462.587	462.123
neutron	939.565	7.58652	95542.4	0	0
B11	10252.5	0.904304	95542.4	0	0
neutron	939.565	0.195609	95384	0	0
B11	10252.5	0.470977	95384	0	0
B12	11188.7	0.370086	95457.1	0	0
C12	11174.9	0.587255	97573.1	1111.74	1110.59
C12	11174.9	0.588879	95828.4	148.658	147.651
neutron	939.565	2.29061	95324.7	0	0
B11	10252.5	0.247819	95324.7	0	0
C12	11174.9	0.489571	98355.9	1916.47	1915.61
C12	11174.9	0.5429	96086.3	293.295	292.255
C12	11174.9	0.640948	97653.3	1102.84	1101.89
C12	11174.9	0.794291	97662.7	1242.55	1241.36
C12	11174.9	0.436995	98275.1	1719.48	1718.45
neutron	939.565	5.88247	95304.9	0	0
neutron	939.565	5.36883	95304.9	0	0
neutron	939.565	1.79922	95304.9	0	0
Be8	7454.85	1.50367	95304.9	0	0
C12	11174.9	1.97944	96262.9	480.789	478.61
neutron	939.565	21.1801	95513.4	0	0
neutron	939.565	8.73101	95513.4	0	0
neutron	939.565	1.17164	95513.4	0	0
Be8	7454.85	3.0299	95513.4	0	0
C12	11174.9	0.786045	99408.4	2434.92	2433.8
neutron	939.565	5.56343	95619.8	0	0
neutron	939.565	4.91924	95619.8	0	0
neutron	939.565	0.547885	95619.8	0	0
Be8	7454.85	4.38836	95619.8	0	0
neutron	939.565	0.331002	95568.7	0	0
alpha	3727.38	11.5197	95568.7	0	0
Li7	6533.83	3.50475	95568.7	0	0
neutron	939.565	3.95164	95706.7	0	0
B11	10252.5	0.176452	95706.7	0	0
C12	11174.9	0.355166	97981.8	1516.43	1515.9
C12	11174.9	0.748421	99049.3	2332.23	2330.91
neutron	939.565	15.9979	95374.7	0	0
B11	10252.5	1.35573	95374.7	0	0
C12	11174.9	1.07005	99415.4	2529.42	2526.96
neutron	939.565	5.06345	95628.6	0	0
neutron	939.565	2.29843	95628.6	0	0
B10	9324.44	0.493393	95628.6	0	0
neutron	939.565	20.8809	95706.1	0	0
neutron	939.565	1.39004	95706.1	0	0
Be8	7454.85	2.75664	95706.1	0	0
C12	11174.9	0.358476	98761.1	2153.33	2152.87
neutron	939.565	22.3391	95734.9	0	0
neutron	939.565	2.92471	95734.9	0	0
B10	9324.44	1.03753	95734.9	0	0
C12	11174.9	1.84143	97391.3	1316.05	1313.58
neutron	939.565	0.256854	95455	0	0
B12	11188.7	0.333922	95455	0	0
C12	11174.9	0.469326	95551.6	51.6469	51.1639
C12	11174.9	0.372102	96348.3	553.305	552.417
C12	11174.9	0.556942	98536.9	1985.47	1984.75
neutron	939.565	3.09158	95497.1	0	0
B11	10252.5	0.0580495	95497.1	0	0
neutron	939.565	7.14549	95212.6	0	0
Be10	9325.5	0.718517	95212.6	0	0
neutron	939.565	22.3763	95533	0	0
neutron	939.565	4.11497	95533	0	0
B10	9324.44	4.72673	95533	0	0
C12	11174.9	0.370383	99307.2	2475.53	2474.84
neutron	939.565	12.3259	95564.9	0	0
alpha	3727.38	1.95929	95564.9	0	0
alpha	3727.38	10.9675	95564.9	0	0
C12	11174.9	0.341948	96554.3	640.382	637.853
C12	11174.9	1.59006	97043.7	981.779	979.57
neutron	939.565	2.02572	95719.8	0	0
B11	10252.5	0.0606149	95719.8	0	0
neutron	939.565	11.623	95745.3	0	0
neutron	939.565	3.06869	95745.3	0	0
alpha	3727.38	2.70973	95745.3	0	0
alpha	3727.38	7.18459	95745.3	0	0
C12	11174.9	0.531724	97604.4	1390.9	1389.89
neutron	939.565	14.2088	95658.2	0	0
neutron	939.565	4.85535	95658.2	0	0
B10	9324.44	2.57271	95658.2	0	0
C12	11174.9	1.49128	96820.3	732.432	730.457
neutron	939.565	99.5467	98785.6	1934.06	1609.04
neutron	939.565	36.585	98785.6	1934.06	1609.04
neutron	939.565	10.5496	98785.6	1934.06	1609.04
neutron	939.565	5.86016	98785.6	1934.06	1609.04
neutron	939.565	7.02174	96386.8	0	0
neutron	939.565	0.211305	96386.8	0	0
B10	9324.44	1.32295	96386.8	0	0
C12	11174.9	0.343756	99111.2	2366.92	2366.39
neutron	939.565	20.5729	95486.2	0	0
neutron	939.565	4.89872	95486.2	0	0
neutron	939.565	4.13189	95486.2	0	0
Be8	7454.85	4.16733	95486.2	0	0
C12	11174.9	0.597194	99036.9	2233.76	2231.91
neutron	939.565	4.18	95621.3	0	0
alpha	3727.38	8.55816	95621.3	0	0
alpha	3727.38	4.51566	95621.3	0	0
neutron	939.565	9.74408	95353.7	0	0
neutron	939.565	8.08867	95353.7	0	0
neutron	939.565	3.02942	95353.7	0	0
Be8	7454.85	0.588648	95353.7	0	0
C12	11174.9	0.555795	99608.2	2677.46	2676.88
C12	11174.9	1.2753	97507.4	1202.46	1200.85
neutron	939.565	18.9553	95671.8	0	0
alpha	3727.38	7.14313	95671.8	0	0
Li7	6533.83	0.393794	95671.8	0	0
neutron	939.565	5.38065	95764.9	0	0
B11	10252.5	1.45159	95764.9	0	0
neutron	939.565	5.50743	95561.5	0	0
alpha	3727.38	4.59229	95561.5	0	0
Li7	6533.83	5.19391	95561.5	0	0
C12	11174.9	0.404432	98819.4	1770.17	1769.37
neutron	939.565	23.6587	95461.7	0	0
B11	10252.5	2.35094	95461.7	0	0
neutron	939.565	5.18016	95980.2	0	0
Be10	9325.5	0.611263	95980.2	0	0
neutron	939.565	3.13645	95371	0	0
neutron	939.565	2.4141	95371	0	0
B10	9324.44	0.0679401	95371	0	0
C12	11174.9	0.412571	96299.5	565.625	565.117
C12	11174.9	2.47146	98985.8	2109.76	2107.28
neutron	939.565	3.80037	95790.3	0	0
alpha	3727.38	2.63862	95790.3	0	0
alpha	3727.38	3.99386	95790.3	0	0
C12	11174.9	0.689933	99755.8	2766.07	2764.9
C12	11174.9	0.863463	96942.9	889.704	888.82
neutron	939.565	11.5284	95494.3	0	0
neutron	939.565	1.01357	95494.3	0	0
Be9	8392.75	1.70187	95494.3	0	0
B12	11188.7	0.359129	95725.3	0	0
neutron	939.565	3.00632	95408.6	0	0
neutron	939.565	1.24474	95408.6	0	0
neutron	939.565	0.580507	95408.6	0	0
Be8	7454.85	2.9368	95408.6	0	0
C12	11174.9	0.399626	96996.8	831.419	830.974
C12	11174.9	0.621897	96610.9	623.907	623.211
C12	11174.9	0.338909	98079.9	1437.13	1436.7
neutron	939.565	9.10977	95307.2	0	0
alpha	3727.38	6.99223	95307.2	0	0
alpha	3727.38	9.96208	95307.2	0	0
neutron	939.565	0.557412	95409.3	0	0
B11	10252.5	0.152409	95409.3	0	0
neutron	939.565	30.2147	95470.1	0	0
neutron	939.565	14.8373	95470.1	0	0
alpha	3727.38	3.3255	95470.1	0	0
alpha	3727.38	5.5888	95470.1	0	0
neutron	939.565	5.12911	95546.4	0	0
neutron	939.565	2.6036	95546.4	0	0
neutron	939.565	0.167986	95546.4	0	0
Be8	7454.85	1.08509	95546.4	0	0
neutron	939.565	4.51948	95624.1	0	0
neutron	939.565	0.233693	95624.1	0	0
alpha	3727.38	3.34396	95624.1	0	0
alpha	3727.38	8.88087	95624.1	0	0
C12	11174.9	0.559436	97582.6	1409.93	1409.23
C12	11174.9	4.66777	99518.5	2610.61	2605.86
neutron	939.565	11.8924	95441.5	0	0
neutron	939.565	6.29156	95441.5	0	0
Be9	8392.75	2.53391	95441.5	0	0
neutron	939.565	9.24805	95571.6	0	0
neutron	939.565	6.94144	95571.6	0	0
alpha	3727.38	2.01344	95571.6	0	0
Li6	5601.52	6.36954	95571.6	0	0
neutron	939.565	17.8558	95659.3	0	0
neutron	939.565	4.53888	95659.3	0	0
alpha	3727.38	1.59013	95659.3	0	0
alpha	3727.38	15.3396	95659.3	0	0
neutron	939.565	4.81067	95581.5	0	0
neutron	939.565	0.985019	95581.5	0	0
Be9	8392.75	0.308628	95581.5	0	0
neutron	939.565	30.9357	95801.2	0	0
neutron	939.565	12.7764	95801.2	0	0
neutron	939.565	4.35546	95801.2	0	0
alpha	3727.38	10.6751	95801.2	0	0
alpha	3727.38	2.85338	95801.2	0	0
neutron	939.565	12.4915	95748.4	0	0
neutron	939.565	9.69741	95748.4	0	0
B10	9324.44	3.10841	95748.4	0	0
neutron	939.565	0.739246	95480.9	0	0
B11	10252.5	0.317257	95480.9	0	0
neutron	939.565	15.076	95410	0	0
neutron	939.565	15.0085	95410	0	0
neutron	939.565	4.08188	95410	0	0
alpha	3727.38	4.48615	95410	0	0
alpha	3727.38	4.39623	95410	0	0
C12	11174.9	0.369057	97680	1444.08	1443.18
C12	11174.9	0.343688	98737.5	2018.35	2016.83
C12	11174.9	0.703694	98381	1835.36	1833.85
B12	11188.7	0.351334	95606.5	0	0
C12	11174.9	1.01429	95837.6	92.9752	91.6323
neutron	939.565	0.428486	95431.1	0	0
B11	10252.5	0.400094	95431.1	0	0
neutron	939.565	9.34134	95434.8	0	0
neutron	939.565	0.788192	95434.8	0	0
B10	9324.44	0.623023	95434.8	0	0
neutron	939.565	14.1622	95518.6	0	0
neutron	939.565	3.29014	95518.6	0	0
B10	9324.44	1.14323	95518.6	0	0
neutron	939.565	0.793138	95739.7	0	0
B11	10252.5	0.195031	95739.7	0	0
C12	11174.9	0.428544	99092.9	2310.23	2309.35
neutron	939.565	5.1754	95533.6	0	0
alpha	3727.38	3.50081	95533.6	0	0
Li7	6533.83	1.36211	95533.6	0	0
C12	11174.9	0.78587	97911.6	1474.29	1473.03
neutron	939.565	5.39563	95478.2	0	0
Be10	9325.5	0.631872	95478.2	0	0
neutron	939.565	4.94233	95570.7	0	0
alpha	3727.38	4.05102	95570.7	0	0
alpha	3727.38	5.62655	95570.7	0	0
neutron	939.565	8.9781	95445.5	0	0
neutron	939.565	8.59732	95445.5	0	0
Be9	8392.75	4.52017	95445.5	0	0
neutron	939.565	12.7844	95525.9	0	0
neutron	939.565	8.90454	95525.9	0	0
alpha	3727.38	7.8776	95525.9	0	0
alpha	3727.38	8.86621	95525.9	0	0
neutron	939.565	3.90526	95660.6	0	0
neutron	939.565	3.02487	95660.6	0	0
alpha	3727.38	9.95926	95660.6	0	0
alpha	3727.38	5.47787	95660.6	0	0
C12	11174.9	0.348563	95362.3	17.5275	16.6122
C12	11174.9	0.549028	97777.4	1447.25	1445.76
C12	11174.9	0.521317	96836.4	880.006	878.512
C12	11174.9	0.418624	96798.3	858.571	857.729
C12	11174.9	1.27428	98687.9	2081.95	2080.64
neutron	939.565	2.7871	95777.3	0	0
B11	10252.5	1.02139	95777.3	0	0
neutron	939.565	14.0788	95750.5	0	0
Be10	9325.5	0.606077	95750.5	0	0
neutron	939.565	14.9728	95576.7	0	0
neutron	939.565	2.34148	95576.7	0	0
Be9	8392.75	1.19997	95576.7	0	0
C12	11174.9	0.436368	95760.8	216.226	215.429
C12	11174.9	0.558643	99274.6	2438.72	2437.79
neutron	939.565	42.1863	95473.1	0	0
alpha	3727.38	15.8283	95473.1	0	0
alpha	3727.38	1.50026	95473.1	0	0
C12	11174.9	0.440547	99345.7	2513.45	2512.93
neutron	939.565	30.1121	95693.2	0	0
neutron	939.565	5.39823	95693.2	0	0
neutron	939.565	3.97055	95693.2	0	0
Be8	7454.85	6.28494	95693.2	0	0
C12	11174.9	0.450083	96168.9	326.632	326.002
neutron	939.565	24.6593	95504.8	0	0
neutron	939.565	4.77688	95504.8	0	0
Be8	7454.85	2.42563	95504.8	0	0
C12	11174.9	0.666683	97796.1	1550.42	1549.17
neutron	939.565	4.76598	95346.9	0	0
neutron	939.565	1.80923	95346.9	0	0
B11	10252.5	1.77106	95346.9	0	0
C12	11174.9	0.532095	98819.8	2097.42	2096.32
C12	11174.9	0.380777	98250.2	1833.74	1832.47
neutron	939.565	6.2117	95636.2	0	0
neutron	939.565	2.37689	95636.2	0	0
B10	9324.44	0.450765	95636.2	0	0
C12	11174.9	0.396051	99107.1	2380.25	2379.41
neutron	939.565	1.54577	95504.9	0	0
B11	10252.5	0.640322	95504.9	0	0
neutron	939.565	4.72956	95483.9	0	0
alpha	3727.38	1.09428	95483.9	0	0
He6	5605.53	9.00901	95483.9	0	0
neutron	939.565	3.94954	95808.5	0	0
neutron	939.565	0.39515	95808.5	0	0
neutron	939.565	0.351755	95808.5	0	0
Be8	7454.85	2.78197	95808.5	0	0
C12	11174.9	0.721745	99376.8	2498.66	2497.89
C12	11174.9	1.74465	98927.5	2148.26	2146.29
neutron	939.565	6.18885	95416.8	0	0
neutron	939.565	1.16842	95416.8	0	0
neutron	939.565	0.531478	95416.8	0	0
Be8	7454.85	1.44573	95416.8	0	0
neutron	939.565	9.29227	95526.6	0	0
neutron	939.565	3.49669	95526.6	0	0
neutron	939.565	2.01302	95526.6	0	0
alpha	3727.38	6.64587	95526.6	0	0
alpha	3727.38	6.8634	95526.6	0	0
neutron	939.565	7.99083	95530.6	0	0
B11	10252.5	0.45561	95530.6	0	0
C12	11174.9	1.01543	99663.8	2711.18	2710.04
C12	11174.9	0.579005	95664.2	61.1862	60.4666
C12	11174.9	0.488868	96301.5	639.514	638.938
neutron	939.565	2.94944	95367.1	0	0
Be10	9325.5	1.81531	95367.1	0	0
neutron	939.565	5.57778	95690.6	0	0
Be10	9325.5	1.57644	95690.6	0	0
neutron	939.565	2.93176	95567.9	0	0
Be8	7454.85	0.196276	95567.9	0	0
neutron	939.565	1.77388	95397	0	0
Be8	7454.85	2.88149	95397	0	0
neutron	939.565	3.45993	95616.5	0	0
neutron	939.565	2.31439	95616.5	0	0
alpha	3727.38	4.06126	95616.5	0	0
alpha	3727.38	2.3508	95616.5	0	0
C12	11174.9	0.460941	99005.5	2280.11	2279.16
C12	11174.9	1.51279	98341.8	1884.07	1882.35
Be9	8392.75	2.04016	95563	0	0
neutron	939.565	40.9979	95808.6	0	0
neutron	939.565	2.18691	95808.6	0	0
neutron	939.565	0.245786	95808.6	0	0
Be8	7454.85	2.40512	95808.6	0	0
Li7	6533.83	0.669563	95458	0	0
neutron	939.565	2.9527	95643.5	0	0
B11	10252.5	0.0921848	95643.5	0	0
neutron	939.565	19.239	95402	0	0
neutron	939.565	13.0855	95402	0	0
alpha	3727.38	2.4765	95402	0	0
alpha	3727.38	3.22118	95402	0	0
neutron	939.565	3.54992	95433.1	0	0
Be8	7454.85	2.47105	95433.1	0	0
C12	11174.9	0.718281	97510.5	1052.53	1051.58
neutron	939.565	13.0783	95259.5	0	0
neutron	939.565	1.85806	95259.5	0	0
Be8	7454.85	0.787114	95259.5	0	0
C12	11174.9	0.621454	98350.6	1807.57	1806.83
C12	11174.9	0.371654	99796.8	2800.72	2799.99
neutron	939.565	3.35497	95445.9	0	0
B12	11188.7	0.267223	95445.9	0	0
neutron	939.565	0.552017	95574.3	0	0
B11	10252.5	0.146388	95574.3	0	0
neutron	939.565	4.51482	95502.9	0	0
B11	10252.5	1.37234	95502.9	0	0
neutron	939.565	43.2589	95699.2	0	0
neutron	939.565	1.9417	95699.2	0	0
Be8	7454.85	6.28861	95699.2	0	0
neutron	939.565	24.0223	95541.4	0	0
Be8	7454.85	3.55994	95541.4	0	0
C11	10254	0.543629	98560.3	1959.49	1393.59
neutron	939.565	12.192	95540.8	0	0
neutron	939.565	5.63486	95540.8	0	0
alpha	3727.38	12.2482	95540.8	0	0
alpha	3727.38	6.80099	95540.8	0	0
C12	11174.9	0.588542	96715.6	699.41	698.43
neutron	939.565	3.44929	95639.6	0	0
B11	10252.5	1.05329	95639.6	0	0
neutron	939.565	13.0987	95981.4	0	0
neutron	939.565	5.29671	95981.4	0	0
B10	9324.44	2.9284	95981.4	0	0
neutron	939.565	7.01646	95358.5	0	0
neutron	939.565	6.4966	95358.5	0	0
neutron	939.565	0.446019	95358.5	0	0
Be8	7454.85	2.84022	95358.5	0	0
neutron	939.565	4.36362	95604.1	0	0
neutron	939.565	1.73867	95604.1	0	0
B10	9324.44	1.07197	95604.1	0	0
neutron	939.565	0.655794	95882.7	0	0
B11	10252.5	0.239281	95882.7	0	0
C12	11174.9	1.04333	95799.9	174.086	172.071
C12	11174.9	0.367363	98454.7	1763.72	1762.73
neutron	939.565	6.55639	95322.6	0	0
neutron	939.565	3.84689	95322.6	0	0
Be8	7454.85	0.67333	95322.6	0	0
C12	11174.9	1.45481	97778.9	1443.11	1441.02
neutron	939.565	14.8594	95633.5	0	0
neutron	939.565	8.52681	95633.5	0	0
Be9	8392.75	2.43367	95633.5	0	0
C12	11174.9	0.487485	95496	20.2777	19.2978
neutron	939.565	1.16393	95466.4	0	0
B11	10252.5	0.17794	95466.4	0	0
C12	11174.9	0.355228	96147	564.539	563.566
neutron	939.565	10.5595	95941	0	0
neutron	939.565	1.8067	95941	0	0
neutron	939.565	0.347093	95941	0	0
Be8	7454.85	1.74739	95941	0	0
C12	11174.9	0.582262	97405.9	1117.7	1116.61
C12	11174.9	1.32272	97700.2	1331.42	1329.27
neutron	939.565	2.89344	95610.9	0	0
alpha	3727.38	6.89751	95610.9	0	0
alpha	3727.38	1.79196	95610.9	0	0
neutron	939.565	8.65414	95378.6	0	0
neutron	939.565	5.36789	95378.6	0	0
B10	9324.44	2.32343	95378.6	0	0
neutron	939.565	3.70841	95533.1	0	0
alpha	3727.38	4.42184	95533.1	0	0
alpha	3727.38	0.687428	95533.1	0	0
neutron	939.565	0.88137	95628.4	0	0
B11	10252.5	0.658558	95628.4	0	0
C12	11174.9	1.56731	96007.3	441.719	439.16
C12	11174.9	0.458844	98629.2	1791.87	1791.2
neutron	939.565	20.4424	95761.8	0	0
neutron	939.565	17.3812	95761.8	0	0
alpha	3727.38	0.525149	95761.8	0	0
alpha	3727.38	7.19231	95761.8	0	0
neutron	939.565	21.7199	95809.8	0	0
neutron	939.565	13.2777	95809.8	0	0
alpha	3727.38	3.51706	95809.8	0	0
alpha	3727.38	4.77268	95809.8	0	0
neutron	939.565	1.87305	95337.6	0	0
Be10	9325.5	0.636562	95337.6	0	0
neutron	939.565	4.3678	95559.3	0	0
B11	10252.5	0.0224533	95559.3	0	0
C12	11174.9	0.469029	99014.6	2334.65	2333.6
C12	11174.9	0.359251	96113.3	526.105	524.784
neutron	939.565	5.58755	95444.2	0	0
neutron	939.565	0.40524	95444.2	0	0
Be8	7454.85	0.252093	95444.2	0	0
C12	11174.9	0.350615	97721.1	1494.92	1493.5
C12	11174.9	0.586158	99511.5	2545.87	2544.73
C12	11174.9	0.566538	97161.8	1151.06	1150.09
C12	11174.9	0.351723	99350.8	2278.8	2278.01
neutron	939.565	8.11262	95883	0	0
neutron	939.565	7.7492	95883	0	0
neutron	939.565	2.67144	95883	0	0
alpha	3727.38	1.06054	95883	0	0
alpha	3727.38	9.32053	95883	0	0
C12	11174.9	0.33535	99407.7	2491.88	2491.07
Be10	9325.5	1.44604	95575	0	0
neutron	939.565	4.31072	95566	0	0
neutron	939.565	1.17967	95566	0	0
Be9	8392.75	1.25107	95566	0	0
neutron	939.565	7.88332	95654.6	0	0
neutron	939.565	4.09368	95654.6	0	0
neutron	939.565	3.14079	95654.6	0	0
Be8	7454.85	0.335414	95654.6	0	0
neutron	939.565	36.0094	95655.8	0	0
alpha	3727.38	5.60216	95655.8	0	0
alpha	3727.38	4.58368	95655.8	0	0
neutron	939.565	8.50524	95841.3	0	0
neutron	939.565	3.0309	95841.3	0	0
alpha	3727.38	1.97736	95841.3	0	0
alpha	3727.38	3.27875	95841.3	0	0
neutron	939.565	12.3951	95539.9	0	0
alpha	3727.38	0.583252	95539.9	0	0
alpha	3727.38	6.10155	95539.9	0	0
neutron	939.565	28.2379	95390	0	0
neutron	939.565	1.36509	95390	0	0
alpha	3727.38	5.74745	95390	0	0
Li6	5601.52	2.16628	95390	0	0
neutron	939.565	25.8829	95713.1	0	0
neutron	939.565	2.69959	95713.1	0	0
alpha	3727.38	10.2255	95713.1	0	0
alpha	3727.38	2.16041	95713.1	0	0
neutron	939.565	4.13015	95553.3	0	0
neutron	939.565	1.61411	95553.3	0	0
neutron	939.565	0.619881	95553.3	0	0
alpha	3727.38	3.82829	95553.3	0	0
alpha	3727.38	2.04555	95553.3	0	0
C12	11174.9	1.33411	95720.3	186.833	184.121
C12	11174.9	0.97862	97934.7	1528.14	1527.01
C12	11174.9	2.78329	99585.3	2664.49	2661.34
C12	11174.9	0.406913	98925.2	2212.33	2210.46
neutron	939.565	3.65249	95678.6	0	0
Be10	9325.5	0.654237	95678.6	0	0
C12	11174.9	0.417061	99822.3	2802.88	2802.46
neutron	939.565	5.74348	95681.8	0	0
Be10	9325.5	4.164	95681.8	0	0
neutron	939.565	8.33225	95557.7	0	0
neutron	939.565	6.17796	95557.7	0	0
neutron	939.565	5.04492	95557.7	0	0
alpha	3727.38	8.43419	95557.7	0	0
alpha	3727.38	4.57187	95557.7	0	0
neutron	939.565	18.9317	95549	0	0
neutron	939.565	5.57365	95549	0	0
neutron	939.565	3.58945	95549	0	0
alpha	3727.38	6.91674	95549	0	0
alpha	3727.38	5.27748	95549	0	0
neutron	939.565	4.64148	95418.1	0	0
B11	10252.5	0.840441	95418.1	0	0
neutron	939.565	1.37818	95459.9	0	0
alpha	3727.38	6.01745	95459.9	0	0
He6	5605.53	8.70126	95459.9	0	0
neutron	939.565	3.6358	95659.7	0	0
B11	10252.5	0.15211	95659.7	0	0
Be10	9325.5	4.36195	95521.8	0	0
C12	11174.9	2.70549	97147.1	854.513	851.78
neutron	939.565	8.89621	95420	0	0
neutron	939.565	5.17162	95420	0	0
neutron	939.565	0.0978191	95420	0	0
Be8	7454.85	1.75964	95420	0	0
C12	11174.9	0.644959	98014.2	1227.29	1226.35
neutron	939.565	26.7809	95427.5	0	0
neutron	939.565	21.0521	95427.5	0	0
Be8	7454.85	0.157505	95427.5	0	0
neutron	939.565	1.33588	95530.3	0	0
neutron	939.565	1.04778	95530.3	0	0
Be8	7454.85	0.370003	95530.3	0	0
C12	11174.9	0.739218	98022.7	1490.13	1489.16
C12	11174.9	0.43369	99324	2464	2463.25
neutron	939.565	6.60376	95493.8	0	0
neutron	939.565	2.25399	95493.8	0	0
neutron	939.565	1.12626	95493.8	0	0
Be8	7454.85	1.99154	95493.8	0	0
neutron	939.565	2.04472	95823.1	0	0
B11	10252.5	0.237242	95823.1	0	0
neutron	939.565	9.67394	95502	0	0
neutron	939.565	1.69356	95502	0	0
B10	9324.44	0.744783	95502	0	0
C12	11174.9	1.01488	99316.5	2452.06	2450.95
neutron	939.565	5.97851	95852.7	0	0
neutron	939.565	4.62774	95852.7	0	0
neutron	939.565	0.717736	95852.7	0	0
Be8	7454.85	2.10634	95852.7	0	0
C12	11174.9	0.332492	96224.8	528.621	526.899
neutron	939.565	10.2609	95504.7	0	0
neutron	939.565	5.3704	95504.7	0	0
Be9	8392.75	0.0453375	95504.7	0	0
C12	11174.9	3.12776	97207	1096.61	1092.03
neutron	939.565	26.3645	95639.5	0	0
alpha	3727.38	12.1069	95639.5	0	0
alpha	3727.38	3.79496	95639.5	0	0
neutron	939.565	5.1047	95515.6	0	0
Be8	7454.85	1.04369	95515.6	0	0
neutron	939.565	4.56476	95392.7	0	0
B11	10252.5	0.428011	95392.7	0	0
C12	11174.9	3.20513	95576.6	204.147	200.875
C12	11174.9	0.377098	98462.1	1963.4	1962.78
C12	11174.9	0.824105	99334.1	2496.32	2495.13
neutron	939.565	8.0788	95573.5	0	0
B11	10252.5	1.36496	95573.5	0	0
neutron	939.565	3.67563	95527.8	0	0
Be10	9325.5	0.129839	95527.8	0	0
neutron	939.565	4.37469	95947.5	0	0
Be10	9325.5	2.13345	95947.5	0	0
neutron	939.565	4.81272	95667.1	0	0
B11	10252.5	0.694676	95667.1	0	0
C12	11174.9	0.443314	96592.6	896.495	895.88
C12	11174.9	0.334018	96468	820.907	820.507
neutron	939.565	1.33283	95209.8	0	0
B11	10252.5	0.71239	95209.8	0	0
neutron	939.565	12.0153	95405.5	0	0
Be10	9325.5	0.778559	95405.5	0	0
neutron	939.565	3.71598	95827.4	0	0
Be10	9325.5	0.385421	95827.4	0	0
C12	11174.9	0.476873	96754.5	819.569	818.393
neutron	939.565	18.0613	95586.1	0	0
neutron	939.565	9.22495	95586.1	0	0
B10	9324.44	3.25654	95586.1	0	0
C12	11174.9	0.332397	96515.3	693.906	693.123
C12	11174.9	0.758889	99738.1	2739.58	2737.96
neutron	939.565	22.1825	95576.6	0	0
neutron	939.565	1.98989	95576.6	0	0
alpha	3727.38	7.99709	95576.6	0	0
alpha	3727.38	3.10557	95576.6	0	0
neutron	939.565	31.4568	95419.3	0	0
neutron	939.565	3.53983	95419.3	0	0
Be9	8392.75	1.15175	95419.3	0	0
neutron	939.565	3.52945	95616	0	0
neutron	939.565	1.58592	95616	0	0
B10	9324.44	1.372	95616	0	0
B12	11188.7	0.362482	95310.2	0	0
neutron	939.565	2.17605	95383.5	0	0
B11	10252.5	0.822164	95383.5	0	0
neutron	939.565	3.31024	95379.2	0	0
B11	10252.5	0.430607	95379.2	0	0
neutron	939.565	6.57918	95479.1	0	0
neutron	939.565	3.19551	95479.1	0	0
neutron	939.565	0.36316	95479.1	0	0
Be8	7454.85	1.33951	95479.1	0	0
neutron	939.565	10.2188	95763.6	0	0
neutron	939.565	1.81877	95763.6	0	0
neutron	939.565	0.101696	95763.6	0	0
Be8	7454.85	1.91973	95763.6	0	0
C12	11174.9	0.586549	95725.1	246.857	244.921
neutron	939.565	1.25886	95553.5	0	0
B11	10252.5	0.708826	95553.5	0	0
B12	11188.7	0.354566	95296.6	0	0
C12	11174.9	0.336345	95683.1	97.3379	95.3987
neutron	939.565	10.5611	95520.9	0	0
neutron	939.565	5.95657	95520.9	0	0
Be8	7454.85	0.443422	95520.9	0	0
C12	11174.9	0.461324	97272.1	1085.86	1084.8
C12	11174.9	0.342383	97126.2	1047.6	1045.48
neutron	939.565	5.10183	95567.7	0	0
alpha	3727.38	13.0936	95567.7	0	0
alpha	3727.38	4.81533	95567.7	0	0
neutron	939.565	7.14887	95615.7	0	0
neutron	939.565	6.14282	95615.7	0	0
neutron	939.565	5.27103	95615.7	0	0
alpha	3727.38	1.27282	95615.7	0	0
alpha	3727.38	6.0636	95615.7	0	0
He3	2808.39	6.53881	95811.6	0	0
Li9	8406.87	1.14735	95811.6	0	0
neutron	939.565	0.327409	95353.5	0	0
Be9	8392.75	0.784544	95353.5	0	0
C12	11174.9	0.60308	96859.2	774.725	773.88
neutron	939.565	9.442	95812.2	0	0
B11	10252.5	2.04798	95812.2	0	0
neutron	939.565	10.0106	95463.5	0	0
neutron	939.565	7.62593	95463.5	0	0
B10	9324.44	1.41113	95463.5	0	0
neutron	939.565	1.62177	95695.2	0	0
B11	10252.5	0.291369	95695.2	0	0
C12	11174.9	0.446539	98822.9	2202.72	2201.91
neutron	939.565	19.4338	95276.1	0	0
neutron	939.565	9.69611	95276.1	0	0
alpha	3727.38	12.3776	95276.1	0	0
alpha	3727.38	0.351706	95276.1	0	0
neutron	939.565	1.89963	95985.6	0	0
B11	10252.5	0.297312	95985.6	0	0
neutron	939.565	4.3715	95690.9	0	0
neutron	939.565	2.5915	95690.9	0	0
neutron	939.565	0.651278	95690.9	0	0
Be8	7454.85	1.11916	95690.9	0	0
neutron	939.565	11.9271	95679.5	0	0
neutron	939.565	1.49671	95679.5	0	0
neutron	939.565	1.2215	95679.5	0	0
Be8	7454.85	0.317556	95679.5	0	0
neutron	939.565	9.64206	95550.5	0	0
Be10	9325.5	0.967088	95550.5	0	0
C12	11174.9	0.447871	99373	2503.99	2502.77
neutron	939.565	12.2851	95617.5	0	0
neutron	939.565	4.48	95617.5	0	0
Be8	7454.85	0.578252	95617.5	0	0
C12	11174.9	0.419832	98413.5	1765.79	1765.03
neutron	939.565	11.842	95438.8	0	0
neutron	939.565	4.74553	95438.8	0	0
Be8	7454.85	1.17703	95438.8	0	0
B12	11188.7	0.348739	95494.6	0	0
C12	11174.9	0.36038	97315.6	1124.97	1124.29
neutron	939.565	24.388	95679.4	0	0
alpha	3727.38	9.81312	95679.4	0	0
alpha	3727.38	3.20845	95679.4	0	0
C12	11174.9	0.39793	96295.1	398.571	398.139
neutron	939.565	11.0633	95635.1	0	0
neutron	939.565	3.72455	95635.1	0	0
neutron	939.565	1.54786	95635.1	0	0
alpha	3727.38	6.83656	95635.1	0	0
alpha	3727.38	0.313336	95635.1	0	0
neutron	939.565	7.27249	95951.3	0	0
neutron	939.565	2.85321	95951.3	0	0
B10	9324.44	0.525181	95951.3	0	0
C12	11174.9	0.656196	97372.4	1172.23	1170.64
C12	11174.9	1.55097	98859.2	2200.2	2198.22
C12	11174.9	0.492881	98865.6	2231.55	2229.67
C12	11174.9	0.343127	97147.3	855.11	854.748
C12	11174.9	0.42279	95600.3	78.2797	77.7637
C12	11174.9	0.42032	97475	1192.47	1191.92
C12	11174.9	0.661369	98835.7	2119.52	2117.12
C12	11174.9	0.374531	95737.4	15.6152	14.6594
C12	11174.9	0.535622	98099.4	1707.36	1706.62
C12	11174.9	0.332688	97409.1	1160.06	1158.98
C12	11174.9	0.416097	97286	1051.42	1049.24
C12	11174.9	0.419594	96549.2	596.324	595.689
C12	11174.9	0.515256	96927.1	845.16	844.359
neutron	939.565	9.63894	95593.3	0	0
alpha	3727.38	1.49972	95593.3	0	0
alpha	3727.38	10.6308	95593.3	0	0
neutron	939.565	5.43335	95446.5	0	0
neutron	939.565	4.11444	95446.5	0	0
B10	9324.44	0.650307	95446.5	0	0
neutron	939.565	0.306464	95898.4	0	0
B11	10252.5	0.388701	95898.4	0	0
C12	11174.9	2.06113	96047.8	362.003	359.814
neutron	939.565	27.7029	95557.2	0	0
alpha	3727.38	12.1934	95557.2	0	0
alpha	3727.38	0.0876677	95557.2	0	0
neutron	939.565	2.51563	95630	0	0
neutron	939.565	0.338832	95630	0	0
Be9	8392.75	1.2431	95630	0	0
C12	11174.9	0.463074	98596.5	1957.21	1956.55
neutron	939.565	27.2337	95870.3	0	0
neutron	939.565	17.2959	95870.3	0	0
B10	9324.44	4.43792	95870.3	0	0
neutron	939.565	1.38671	95697.1	0	0
B11	10252.5	0.171883	95697.1	0	0
neutron	939.565	12.3491	95549.3	0	0
neutron	939.565	3.63819	95549.3	0	0
Be8	7454.85	5.34252	95549.3	0	0
C12	11174.9	0.343309	99760.4	2703.55	2702.67
C12	11174.9	0.497092	99326.1	2451.25	2450.69
C12	11174.9	0.417963	97181.4	1048.49	1047.98
C12	11174.9	0.529804	95410.7	55.32	54.7532
C12	11174.9	1.85149	95885.9	190.079	187.833
C12	11174.9	0.387785	95513	101.84	100.938
neutron	939.565	15.8367	95661.3	0	0
Be10	9325.5	3.1587	95661.3	0	0
neutron	939.565	18.3948	95508.6	0	0
neutron	939.565	4.23598	95508.6	0	0
Be9	8392.75	2.39686	95508.6	0	0
neutron	939.565	13.523	95771.1	0	0
neutron	939.565	1.99317	95771.1	0	0
neutron	939.565	1.72372	95771.1	0	0
alpha	3727.38	7.45218	95771.1	0	0
alpha	3727.38	1.13335	95771.1	0	0
C12	11174.9	0.504789	95681.2	95.2426	93.9075
neutron	939.565	11.8871	95673.7	0	0
neutron	939.565	6.2966	95673.7	0	0
neutron	939.565	5.61978	95673.7	0	0
Be8	7454.85	2.70592	95673.7	0	0
neutron	939.565	19.1198	95410.5	0	0
neutron	939.565	0.648228	95410.5	0	0
B10	9324.44	2.45781	95410.5	0	0
neutron	939.565	1.07277	95636.4	0	0
B11	10252.5	0.296463	95636.4	0	0
C12	11174.9	0.405905	95791.2	239.441	238.777
C12	11174.9	0.733444	97693.3	1369.92	1367.73
C12	11174.9	0.360335	95866.1	196.125	194.853
C12	11174.9	0.633274	99774	2765.26	2764.36
neutron	939.565	73.3262	95379.4	0	0
B11	10252.5	7.02948	95379.4	0	0
neutron	939.565	5.8801	95726.9	0	0
neutron	939.565	2.81468	95726.9	0	0
alpha	3727.38	1.30551	95726.9	0	0
alpha	3727.38	3.63403	95726.9	0	0
neutron	939.565	1.50377	95489.5	0	0
B11	10252.5	0.661527	95489.5	0	0
neutron	939.565	1.87658	95836.3	0	0
neutron	939.565	0.983819	95836.3	0	0
B10	9324.44	0.487403	95836.3	0	0
C12	11174.9	0.341462	98571.9	2002.89	2000.56
C12	11174.9	0.387061	99940.5	2879.98	2879.13
neutron	939.565	5.87758	96359.3	0	0
neutron	939.565	5.51358	96359.3	0	0
alpha	3727.38	5.4646	96359.3	0	0
alpha	3727.38	5.48581	96359.3	0	0
C12	11174.9	0.739708	95805.1	36.5409	35.711
C12	11174.9	0.339163	95909.7	290.951	290.314
C12	11174.9	0.359554	99955.2	2887.92	2886.96
C12	11174.9	0.342389	99228.8	2338.53	2337.65
B12	11188.7	0.368481	95379.9	0	0
C12	11174.9	1.81871	97449.1	1231.79	1229.65
neutron	939.565	1.79159	95506.9	0	0
B11	10252.5	0.212112	95506.9	0	0
B12	11188.7	0.336511	95650.6	0	0
neutron	939.565	1.07425	95857	0	0
B11	10252.5	0.663323	95857	0	0
C12	11174.9	0.529145	99750.7	2714.23	2713.24
Be10	9325.5	2.85527	95466.7	0	0
neutron	939.565	10.7366	95557.5	0	0
neutron	939.565	3.50223	95557.5	0	0
Be9	8392.75	2.02755	95557.5	0	0
neutron	939.565	14.1004	95844.3	0	0
neutron	939.565	3.62154	95844.3	0	0
B10	9324.44	2.26015	95844.3	0	0
neutron	939.565	24.4627	95729.3	0	0
Be8	7454.85	3.47719	95729.3	0	0
C12	11174.9	0.759257	95973.1	393.85	393.085
neutron	939.565	8.29849	95425.2	0	0
neutron	939.565	2.14867	95425.2	0	0
Be9	8392.75	1.33629	95425.2	0	0
neutron	939.565	3.62831	95439.4	0	0
Be10	9325.5	0.0418515	95439.4	0	0
C12	11174.9	0.331973	95982.7	294.595	293.546
neutron	939.565	14.1135	95617.1	0	0
neutron	939.565	5.6213	95617.1	0	0
alpha	3727.38	7.30389	95617.1	0	0
alpha	3727.38	7.34171	95617.1	0	0
C12	11174.9	0.437664	97931.8	1631.75	1630.66
C12	11174.9	0.483486	97912.5	1327.81	1326.85
neutron	939.565	7.18595	95359.6	0	0
neutron	939.565	1.97455	95359.6	0	0
Be9	8392.75	0.201304	95359.6	0	0
C12	11174.9	0.454548	95555.5	19.3818	18.9148
neutron	939.565	9.4121	95906.7	0	0
neutron	939.565	1.53625	95906.7	0	0
B10	9324.44	1.28522	95906.7	0	0
neutron	939.565	0.287414	95434	0	0
B11	10252.5	0.256649	95434	0	0
C12	11174.9	0.678733	98034	1714.71	1713.76
neutron	939.565	0.773111	95565.5	0	0
Be9	8392.75	1.51732	95565.5	0	0
C12	11174.9	1.63434	96048.1	314.014	312.008
neutron	939.565	2.7935	95286.7	0	0
Be9	8392.75	3.59402	95286.7	0	0
C12	11174.9	1.93787	99991.4	2910.28	2339.72
C12	11174.9	1.39359	96453.4	180.153	178.573
C12	11174.9	0.34511	96563	603.215	602.786
C12	11174.9	0.469324	99687.2	2702.25	2701.1
C12	11174.9	0.659903	97172.3	849.499	848.719
neutron	939.565	5.56246	95801.3	0	0
B11	10252.5	0.66867	95801.3	0	0
C12	11174.9	0.754911	99859.3	2840.97	2840.17
C12	11174.9	0.396082	96688.3	660.14	658.66
neutron	939.565	5.591	95480.4	0	0
neutron	939.565	3.17531	95480.4	0	0
neutron	939.565	2.20682	95480.4	0	0
Be8	7454.85	0.0639336	95480.4	0	0
C12	11174.9	0.410012	98869.2	1978.39	1977.59
neutron	939.565	3.25676	95527.8	0	0
B11	10252.5	1.21252	95527.8	0	0
neutron	939.565	5.05295	95486.5	0	0
alpha	3727.38	2.61059	95486.5	0	0
alpha	3727.38	7.17435	95486.5	0	0
neutron	939.565	3.64426	95522.9	0	0
B11	10252.5	0.804141	95522.9	0	0
neutron	939.565	23.9778	95424.7	0	0
neutron	939.565	8.52031	95424.7	0	0
B10	9324.44	4.13181	95424.7	0	0
neutron	939.565	14.7645	95774.5	0	0
neutron	939.565	10.6709	95774.5	0	0
alpha	3727.38	1.6685	95774.5	0	0
alpha	3727.38	8.09053	95774.5	0	0
C12	11174.9	0.75377	98228.8	1641.17	1640.07
C12	11174.9	0.45966	96120.9	489.798	489.337
neutron	939.565	8.57046	95628.7	0	0
neutron	939.565	4.0753	95628.7	0	0
neutron	939.565	1.43657	95628.7	0	0
He3	2808.39	3.1213	95628.7	0	0
alpha	3727.38	0.30761	95628.7	0	0
neutron	939.565	1.5028	95431.7	0	0
neutron	939.565	0.0738312	95431.7	0	0
Be9	8392.75	0.288855	95431.7	0	0
C12	11174.9	0.519628	98608	2101.05	2100.18
neutron	939.565	4.73354	95690.9	0	0
neutron	939.565	4.53481	95690.9	0	0
neutron	939.565	2.48914	95690.9	0	0
alpha	3727.38	4.59907	95690.9	0	0
alpha	3727.38	3.49136	95690.9	0	0
neutron	939.565	11.1376	95945	0	0
neutron	939.565	0.826616	95945	0	0
alpha	3727.38	0.693718	95945	0	0
alpha	3727.38	7.45346	95945	0	0
C12	11174.9	0.652828	98636.6	1951.96	1950.93
C12	11174.9	0.673069	98303.8	1888.63	1887.19
neutron	939.565	11.6293	95307.5	0	0
Be10	9325.5	0.978393	95307.5	0	0
neutron	939.565	5.41766	95554.3	0	0
neutron	939.565	3.35149	95554.3	0	0
neutron	939.565	1.46456	95554.3	0	0
alpha	3727.38	3.02965	95554.3	0	0
alpha	3727.38	3.5434	95554.3	0	0
C12	11174.9	0.347264	95878.5	324.193	323.491
neutron	939.565	18.9628	95536.3	0	0
neutron	939.565	1.21113	95536.3	0	0
Be8	7454.85	2.55001	95536.3	0	0
neutron	939.565	1.51359	95401.3	0	0
neutron	939.565	1.27458	95401.3	0	0
B10	9324.44	0.262403	95401.3	0	0
neutron	939.565	11.9322	95432.2	0	0
Be10	9325.5	0.707761	95432.2	0	0
neutron	939.565	2.26751	96009.8	0	0
B11	10252.5	0.750433	96009.8	0	0
neutron	939.565	16.5177	95416.4	0	0
neutron	939.565	1.25865	95416.4	0	0
Be8	7454.85	2.51199	95416.4	0	0
neutron	939.565	4.93417	95755.5	0	0
neutron	939.565	2.33931	95755.5	0	0
alpha	3727.38	7.46336	95755.5	0	0
alpha	3727.38	1.59181	95755.5	0	0
C12	11174.9	0.545947	99276.2	2348.32	2346.95
C12	11174.9	0.603271	99342	2489.95	2489.27
neutron	939.565	0.425684	95588.6	0	0
B11	10252.5	0.207185	95588.6	0	0
neutron	939.565	9.73362	95390.4	0	0
Be10	9325.5	1.05353	95390.4	0	0
C12	11174.9	0.365677	95724.4	62.6522	61.3215
neutron	939.565	4.95904	95715.9	0	0
neutron	939.565	4.94144	95715.9	0	0
B10	9324.44	0.710158	95715.9	0	0
C12	11174.9	0.691796	97372.9	1187.88	1186.73
neutron	939.565	8.69177	96049.7	0	0
alpha	3727.38	5.62924	96049.7	0	0
Li7	6533.83	2.46785	96049.7	0	0
C12	11174.9	0.415936	96932.8	706.413	705.866
C12	11174.9	2.36616	98765.6	2103.24	2100.13
neutron	939.565	17.5062	95681	0	0
neutron	939.565	7.59171	95681	0	0
neutron	939.565	2.15043	95681	0	0
alpha	3727.38	11.8265	95681	0	0
alpha	3727.38	2.2752	95681	0	0
neutron	939.565	13.0075	95683.6	0	0
neutron	939.565	2.80241	95683.6	0	0
Be9	8392.75	5.15986	95683.6	0	0
C12	11174.9	1.13228	96985.6	952.044	950.871
C12	11174.9	0.373928	99728.4	2755.66	2755.03
C12	11174.9	0.468199	97331.3	1234.66	1234.06
C12	11174.9	0.34925	97332.1	1222.81	1222.25
C12	11174.9	1.4084	98403.2	1897.11	1895.42
neutron	939.565	8.83263	95749.7	0	0
neutron	939.565	5.66356	95749.7	0	0
neutron	939.565	1.49257	95749.7	0	0
Be8	7454.85	2.14521	95749.7	0	0
neutron	939.565	7.89646	95239	0	0
neutron	939.565	6.52182	95239	0	0
neutron	939.565	4.43856	95239	0	0
alpha	3727.38	5.58494	95239	0	0
alpha	3727.38	1.38504	95239	0	0
neutron	939.565	4.14455	95486.2	0	0
neutron	939.565	3.94394	95486.2	0	0
alpha	3727.38	4.2432	95486.2	0	0
alpha	3727.38	2.55165	95486.2	0	0
C12	11174.9	0.357261	99373.5	2524.24	2523.7
Be10	9325.5	1.51261	95366.3	0	0
Be10	9325.5	1.0459	95574	0	0
neutron	939.565	11.9938	95886.1	0	0
neutron	939.565	6.13806	95886.1	0	0
neutron	939.565	3.85691	95886.1	0	0
alpha	3727.38	2.3264	95886.1	0	0
alpha	3727.38	2.83678	95886.1	0	0
neutron	939.565	4.73477	95363.4	0	0
Be8	7454.85	1.0341	95363.4	0	0
C12	11174.9	0.621227	98026.5	1636.16	1635.42
C12	11174.9	0.793725	98765.8	2122.87	2121.15
C12	11174.9	0.377973	95701.8	64.3161	63.6499
neutron	939.565	28.932	95780.6	0	0
neutron	939.565	5.01971	95780.6	0	0
neutron	939.565	0.444071	95780.6	0	0
Be8	7454.85	6.19578	95780.6	0	0
neutron	939.565	5.88644	95286.4	0	0
neutron	939.565	1.68898	95286.4	0	0
Be8	7454.85	1.72666	95286.4	0	0
neutron	939.565	0.314912	95431.2	0	0
B11	10252.5	0.575384	95431.2	0	0
neutron	939.565	16.5392	95542.1	0	0
neutron	939.565	7.02229	95542.1	0	0
alpha	3727.38	9.42834	95542.1	0	0
alpha	3727.38	5.22118	95542.1	0	0
C12	11174.9	0.555163	99635.2	2693.31	2692.74
neutron	939.565	15.94	95551.6	0	0
neutron	939.565	4.01723	95551.6	0	0
neutron	939.565	2.40262	95551.6	0	0
Be8	7454.85	1.17995	95551.6	0	0
neutron	939.565	5.67936	95837.1	0	0
neutron	939.565	2.29009	95837.1	0	0
neutron	939.565	2.11753	95837.1	0	0
alpha	3727.38	8.56149	95837.1	0	0
alpha	3727.38	9.24459	95837.1	0	0
neutron	939.565	7.08945	95513.6	0	0
B11	10252.5	0.856229	95513.6	0	0
neutron	939.565	6.07043	95585.8	0	0
B11	10252.5	1.57409	95585.8	0	0
B12	11188.7	0.358063	95402.3	0	0
neutron	939.565	21.9924	95548.3	0	0
neutron	939.565	12.5449	95548.3	0	0
Be9	8392.75	5.01589	95548.3	0	0
neutron	939.565	21.5064	95626.7	0	0
neutron	939.565	2.84591	95626.7	0	0
neutron	939.565	1.23317	95626.7	0	0
Be8	7454.85	1.80505	95626.7	0	0
neutron	939.565	6.29394	95499.3	0	0
neutron	939.565	5.88432	95499.3	0	0
neutron	939.565	2.10172	95499.3	0	0
Be8	7454.85	0.378762	95499.3	0	0
C12	11174.9	0.404753	95941	263.167	261.118
neutron	939.565	16.2075	95579.3	0	0
neutron	939.565	5.46527	95579.3	0	0
neutron	939.565	4.20244	95579.3	0	0
alpha	3727.38	1.92138	95579.3	0	0
alpha	3727.38	2.05302	95579.3	0	0
neutron	939.565	2.75765	95858.1	0	0
alpha	3727.38	6.36577	95858.1	0	0
neutron	939.565	7.95	95449.1	0	0
B11	10252.5	1.3738	95449.1	0	0
C12	11174.9	0.338406	99750.1	2699.5	2699.14
C12	11174.9	0.358821	98654.1	1998.4	1997.4
C12	11174.9	0.597041	97380.7	1201.49	1200.85
neutron	939.565	25.3738	95469.1	0	0
neutron	939.565	15.4484	95469.1	0	0
Be9	8392.75	3.64801	95469.1	0	0
C12	11174.9	0.342168	97699.7	1404.38	1403.57
C12	11174.9	0.610027	97421	1254.06	1252.97
neutron	939.565	4.77296	95636.5	0	0
neutron	939.565	1.84046	95636.5	0	0
neutron	939.565	1.52548	95636.5	0	0
Be8	7454.85	0.675775	95636.5	0	0
neutron	939.565	20.9926	95478.7	0	0
neutron	939.565	0.864883	95478.7	0	0
neutron	939.565	0.184393	95478.7	0	0
Be8	7454.85	0.935885	95478.7	0	0
C12	11174.9	0.413395	95613.8	228.491	227.914
neutron	939.565	12.6023	95752.8	0	0
Be10	9325.5	4.50372	95752.8	0	0
C12	11174.9	0.761655	98502	1935.19	1933.2
C12	11174.9	0.780673	96576.6	558.424	557.437
neutron	939.565	6.93723	95779.3	0	0
neutron	939.565	1.65877	95779.3	0	0
neutron	939.565	1.44186	95779.3	0	0
alpha	3727.38	1.61261	95779.3	0	0
alpha	3727.38	5.28932	95779.3	0	0
neutron	939.565	3.78006	95750.7	0	0
alpha	3727.38	7.45218	95750.7	0	0
alpha	3727.38	0.376356	95750.7	0	0
C12	11174.9	0.707123	98900.3	2107.15	2106.21
neutron	939.565	2.40422	95517.4	0	0
alpha	3727.38	2.67713	95517.4	0	0
alpha	3727.38	0.806215	95517.4	0	0
C12	11174.9	0.60691	98723	2089.71	2088.96
C12	11174.9	0.550372	97814.4	1339.78	1338.95
C12	11174.9	0.95028	96583.2	624.067	622.76
B12	11188.7	0.358151	95366.1	0	0
neutron	939.565	21.218	95735.9	0	0
Be8	7454.85	3.22572	95735.9	0	0
C12	11174.9	1.04577	97138.6	1115.01	1113.63
C12	11174.9	0.387947	97514.4	1293.29	1292.28
neutron	939.565	3.65223	95547	0	0
B11	10252.5	0.107368	95547	0	0
C12	11174.9	0.36078	97289.2	1027.09	1026.16
C12	11174.9	0.876554	99743.1	2775.55	2774.45
neutron	939.565	30.2631	95699.1	0	0
neutron	939.565	21.5941	95699.1	0	0
neutron	939.565	0.416945	95699.1	0	0
Be8	7454.85	4.32273	95699.1	0	0
C12	11174.9	0.476995	96223	461.691	460.941
neutron	939.565	20.5446	95253.9	0	0
neutron	939.565	18.1658	95253.9	0	0
neutron	939.565	1.64647	95253.9	0	0
Be8	7454.85	1.34333	95253.9	0	0
neutron	939.565	8.55238	95540.5	0	0
B11	10252.5	1.40396	95540.5	0	0
neutron	939.565	20.8382	95641.2	0	0
neutron	939.565	11.119	95641.2	0	0
alpha	3727.38	7.4426	95641.2	0	0
alpha	3727.38	1.30186	95641.2	0	0
neutron	939.565	12.5651	95721.1	0	0
neutron	939.565	10.9068	95721.1	0	0
alpha	3727.38	5.81804	95721.1	0	0
alpha	3727.38	3.30903	95721.1	0	0
C12	11174.9	0.430036	99874.2	2843.64	2843.15
C12	11174.9	0.39547	99799.4	2797.14	2796.73
C12	11174.9	0.439891	97720	1394.7	1393.22
neutron	939.565	12.547	95503.2	0	0
Be10	9325.5	1.58076	95503.2	0	0
C12	11174.9	0.349314	99056	2260.58	2259.66
C12	11174.9	0.586449	96252.2	406.125	405.057
C12	11174.9	0.632389	98809.2	2157.12	2154.5
C12	11174.9	1.72734	96260.7	456.763	454.845
C12	11174.9	0.520415	97393.7	1117.35	1116
C12	11174.9	0.466637	96987	864.041	862.981
C12	11174.9	0.87043	95649.5	185.307	184.202
neutron	939.565	2.59264	95719	0	0
alpha	3727.38	2.26534	95719	0	0
Li7	6533.83	1.34356	95719	0	0
C12	11174.9	0.38182	96091.6	331.631	331.25
C12	11174.9	0.367178	96950.4	859.746	859.17
C12	11174.9	0.909667	97590.1	1386.22	1382.52
neutron	939.565	2.72076	95613.6	0	0
neutron	939.565	2.11175	95613.6	0	0
neutron	939.565	1.43138	95613.6	0	0
Be8	7454.85	1.87324	95613.6	0	0
C12	11174.9	0.860015	97076.2	952.284	951.376
C12	11174.9	0.415675	98497	1928.44	1926.97
neutron	939.565	1.80235	95384.9	0	0
B11	10252.5	0.842835	95384.9	0	0
C12	11174.9	0.400164	99246.4	2453.5	2452.47
C12	11174.9	0.854367	97382.3	1219.91	1217.92
neutron	939.565	2.28092	95297.5	0	0
neutron	939.565	0.839517	95297.5	0	0
Be9	8392.75	4.46305	95297.5	0	0
neutron	939.565	13.2803	95803.3	0	0
B11	10252.5	1.61992	95803.3	0	0
neutron	939.565	28.5526	95425	0	0
neutron	939.565	10.5202	95425	0	0
Be8	7454.85	6.15488	95425	0	0
C12	11174.9	0.435267	95354.5	42.3954	41.6303
neutron	939.565	21.5685	95470.2	0	0
neutron	939.565	2.00923	95470.2	0	0
Be8	7454.85	2.86207	95470.2	0	0
C12	11174.9	0.66813	97463.7	1378.85	1376.65
neutron	939.565	2.00567	95445.5	0	0
alpha	3727.38	13.1613	95445.5	0	0
alpha	3727.38	4.35487	95445.5	0	0
C12	11174.9	0.41838	95998.3	366.079	364.166
neutron	939.565	15.0625	95544.7	0	0
neutron	939.565	11.4696	95544.7	0	0
alpha	3727.38	10.092	95544.7	0	0
alpha	3727.38	1.38511	95544.7	0	0
neutron	939.565	46.633	95644.7	0	0
neutron	939.565	4.13648	95644.7	0	0
Be9	8392.75	7.8626	95644.7	0	0
neutron	939.565	7.18601	95580.5	0	0
neutron	939.565	1.12285	95580.5	0	0
neutron	939.565	0.328844	95580.5	0	0
alpha	3727.38	1.22017	95580.5	0	0
alpha	3727.38	4.43612	95580.5	0	0
neutron	939.565	6.96822	95452	0	0
Be9	8392.75	4.76657	95452	0	0
neutron	939.565	9.5674	95217.1	0	0
neutron	939.565	0.906857	95217.1	0	0
neutron	939.565	0.129592	95217.1	0	0
Be8	7454.85	1.29596	95217.1	0	0
C12	11174.9	0.37202	98756	2075.76	2075.34
neutron	939.565	3.89691	95500	0	0
B11	10252.5	0.174567	95500	0	0
C12	11174.9	3.39092	98642.5	2002.74	1998.24
C12	11174.9	0.703309	97725.2	1436.43	1435.65
neutron	939.565	2.73121	95575.3	0	0
neutron	939.565	0.621257	95575.3	0	0
Be9	8392.75	0.822992	95575.3	0	0
C12	11174.9	0.339658	95993.6	341.033	340.63
C12	11174.9	0.371987	97694.7	1427.75	1427.24
C12	11174.9	0.350216	95509.6	15.5638	13.86
C12	11174.9	0.489937	99680.8	2658.14	2657.45
neutron	939.565	2.9581	95331.8	0	0
B11	10252.5	0.0364839	95331.8	0	0
neutron	939.565	4.43221	95343.6	0	0
neutron	939.565	0.726666	95343.6	0	0
B10	9324.44	0.486694	95343.6	0	0
neutron	939.565	34.1588	95532.3	0	0
alpha	3727.38	11.1292	95532.3	0	0
alpha	3727.38	2.05848	95532.3	0	0
C12	11174.9	0.419092	98572	1956.07	1955.53
C12	11174.9	0.341539	97340.4	1006.25	1005.9
C12	11174.9	0.422849	98547.8	1963.24	1962.7
neutron	939.565	5.57018	95295.3	0	0
alpha	3727.38	1.46205	95295.3	0	0
alpha	3727.38	6.57247	95295.3	0	0
neutron	939.565	5.5224	95712.1	0	0
neutron	939.565	3.78075	95712.1	0	0
neutron	939.565	2.29186	95712.1	0	0
Be8	7454.85	0.17634	95712.1	0	0
C12	11174.9	0.360546	95528.7	76.4963	76.108
neutron	939.565	20.6651	95505.2	0	0
alpha	3727.38	4.16031	95505.2	0	0
Li7	6533.83	3.10869	95505.2	0	0
C12	11174.9	0.667322	97349.4	1105.88	1105.17
C12	11174.9	0.609374	98339	1699.84	1699.01
C12	11174.9	0.557659	96599.9	777.357	776.521
C12	11174.9	0.548809	98308	1792.49	1791.22
neutron	939.565	117.45	99482.5	2576.88	1907.24
B10	9324.44	2.88406	99482.5	2576.88	1907.24
neutron	939.565	7.2097	96689.5	0	0
alpha	3727.38	1.35518	96689.5	0	0
alpha	3727.38	9.48756	96689.5	0	0
C12	11174.9	0.547299	98630	2092.2	2091.53
neutron	939.565	0.410292	95467	0	0
B11	10252.5	0.39105	95467	0	0
C12	11174.9	0.423248	95361	30.7052	29.8145
neutron	939.565	9.66053	95354.5	0	0
neutron	939.565	3.20327	95354.5	0	0
alpha	3727.38	5.61116	95354.5	0	0
Li6	5601.52	0.620701	95354.5	0	0
neutron	939.565	32.2361	95546.2	0	0
neutron	939.565	3.23725	95546.2	0	0
neutron	939.565	1.94716	95546.2	0	0
Be8	7454.85	4.18808	95546.2	0	0
C12	11174.9	1.64907	95926.2	392.418	390.218
neutron	939.565	15.4238	95302.9	0	0
neutron	939.565	0.646912	95302.9	0	0
Be8	7454.85	1.35853	95302.9	0	0
C12	11174.9	0.767136	96084	359.681	358.625
C12	11174.9	0.351633	99262.9	2459.01	2457.12
neutron	939.565	7.25333	95818.9	0	0
neutron	939.565	4.54123	95818.9	0	0
neutron	939.565	0.385726	95818.9	0	0
alpha	3727.38	11.4709	95818.9	0	0
alpha	3727.38	8.39796	95818.9	0	0
C12	11174.9	0.47956	98784.1	1874.57	1873.63
neutron	939.565	1.43386	95524.8	0	0
neutron	939.565	0.707194	95524.8	0	0
Li7	6533.83	1.34897	95524.8	0	0
C12	11174.9	0.779191	98722	1958.86	1958.06
neutron	939.565	13.1192	95532.6	0	0
neutron	939.565	4.3231	95532.6	0	0
alpha	3727.38	4.87636	95532.6	0	0
alpha	3727.38	1.94035	95532.6	0	0
C12	11174.9	0.976678	98971	2070.88	2069.52
C12	11174.9	0.398841	96322.2	544.393	543.952
C12	11174.9	0.363157	99756.3	2775.35	2774.63
C12	11174.9	1.21969	96289.2	613.473	611.912
neutron	939.565	3.83746	95535.9	0	0
B11	10252.5	1.11152	95535.9	0	0
neutron	939.565	4.58071	95740.2	0	0
B11	10252.5	1.0039	95740.2	0	0
