image_filename,track_id,centroid_x_px_ellipse,centroid_y_px_ellipse,major_axis_px,minor_axis_px,orientation_deg,len_um
Acquisition_2397_0_1.png,1,175.2,996.7,16.34,11.64,79.29,5.64
Acquisition_2397_0_1.png,2,633.5,950.6,21.55,14.45,39.76,7.43
Acquisition_2397_0_1.png,3,104.9,941.4,20.4,16.09,62.87,7.04
Acquisition_2397_0_1.png,4,208.9,931.9,15.83,9.52,77.33,5.46
Acquisition_2397_0_1.png,5,291.0,863.5,13.82,8.02,65.64,4.77
Acquisition_2397_0_1.png,6,245.7,860.5,13.53,9.49,66.75,4.67
Acquisition_2397_0_1.png,7,539.8,804.1,15.91,14.44,120.71,5.49
Acquisition_2397_0_1.png,8,144.0,756.1,18.66,11.86,103.04,6.44
Acquisition_2397_0_1.png,9,441.1,754.6,17.86,7.09,120.47,6.16
Acquisition_2397_0_1.png,10,566.3,746.0,17.75,12.94,10.58,6.12
Acquisition_2397_0_1.png,11,880.6,729.0,21.62,17.63,116.88,7.46
Acquisition_2397_0_1.png,12,333.0,666.4,17.29,12.07,34.19,5.96
Acquisition_2397_0_1.png,13,749.3,667.1,18.26,16.72,129.93,6.3
Acquisition_2397_0_1.png,14,835.5,655.5,18.28,16.29,108.84,6.31
Acquisition_2397_0_1.png,15,606.7,653.2,14.68,14.12,71.67,5.06
Acquisition_2397_0_1.png,16,548.5,649.6,14.74,9.17,20.09,5.09
Acquisition_2397_0_1.png,17,1011.5,619.5,17.67,14.41,179.74,6.1
Acquisition_2397_0_1.png,18,170.7,616.6,16.73,13.81,42.94,5.77
Acquisition_2397_0_1.png,19,973.1,613.8,20.2,11.97,58.13,6.97
Acquisition_2397_0_1.png,20,660.3,612.0,15.55,10.39,34.25,5.37
Acquisition_2397_0_1.png,21,929.3,546.6,27.51,15.27,127.24,9.49
Acquisition_2397_0_1.png,22,486.6,538.2,15.72,10.76,61.14,5.42
Acquisition_2397_0_1.png,23,143.6,523.9,12.89,7.08,75.9,4.45
Acquisition_2397_0_1.png,24,993.5,517.4,13.98,11.8,160.16,4.82
Acquisition_2397_0_1.png,25,108.6,505.8,14.72,10.64,111.78,5.08
Acquisition_2397_0_1.png,26,946.5,470.0,8.16,6.93,18.02,2.81
Acquisition_2397_0_1.png,27,456.7,463.8,19.13,14.25,73.19,6.6
Acquisition_2397_0_1.png,28,524.5,461.4,20.44,11.55,157.67,7.05
Acquisition_2397_0_1.png,29,781.3,455.0,17.39,10.46,34.41,6.0
Acquisition_2397_0_1.png,30,326.1,443.2,20.57,11.8,98.47,7.1
Acquisition_2397_0_1.png,31,917.6,436.6,15.04,14.67,56.37,5.19
Acquisition_2397_0_1.png,32,477.2,432.7,20.73,13.32,76.82,7.15
Acquisition_2397_0_1.png,33,208.4,433.5,39.27,17.25,163.98,13.55
Acquisition_2397_0_1.png,34,607.7,403.0,19.69,13.64,138.75,6.79
Acquisition_2397_0_1.png,35,536.4,400.2,15.74,13.93,109.85,5.43
Acquisition_2397_0_1.png,36,218.3,403.0,22.61,14.24,177.29,7.8
Acquisition_2397_0_1.png,37,988.0,394.5,33.01,14.09,34.89,11.39
Acquisition_2397_0_1.png,38,426.9,382.3,11.43,9.54,83.69,3.94
Acquisition_2397_0_1.png,39,304.7,368.7,16.97,14.86,89.47,5.86
Acquisition_2397_0_1.png,40,655.0,351.4,15.83,15.06,97.78,5.46
Acquisition_2397_0_1.png,41,60.6,342.8,16.2,15.8,85.96,5.59
Acquisition_2397_0_1.png,42,104.0,300.7,21.83,15.69,133.6,7.53
Acquisition_2397_0_1.png,43,954.8,271.3,15.85,15.14,55.85,5.47
Acquisition_2397_0_1.png,44,879.1,265.7,16.53,12.55,74.35,5.7
Acquisition_2397_0_1.png,45,219.6,263.3,16.67,15.63,97.37,5.75
Acquisition_2397_0_1.png,46,353.0,244.0,12.13,9.1,153.44,4.19
Acquisition_2397_0_1.png,47,439.5,229.3,19.7,12.38,155.29,6.8
Acquisition_2397_0_1.png,48,693.4,216.9,16.42,12.53,45.2,5.66
Acquisition_2397_0_1.png,49,574.4,217.0,14.27,13.81,157.99,4.92
Acquisition_2397_0_1.png,50,130.6,215.0,13.78,13.38,163.47,4.75
Acquisition_2397_0_1.png,51,791.6,202.6,18.07,14.89,156.03,6.23
Acquisition_2397_0_1.png,52,440.1,193.3,15.26,13.63,27.42,5.26
Acquisition_2397_0_1.png,53,136.2,178.0,14.1,11.57,98.2,4.87
Acquisition_2397_0_1.png,54,939.6,170.8,10.04,8.04,30.62,3.47
Acquisition_2397_0_1.png,55,322.4,164.3,15.78,13.48,94.7,5.44
Acquisition_2397_0_1.png,56,934.4,152.2,16.13,14.45,151.49,5.56
Acquisition_2397_0_1.png,57,436.5,151.4,17.1,14.82,91.37,5.9
Acquisition_2397_0_1.png,58,232.4,135.5,15.63,14.89,107.7,5.39
Acquisition_2397_0_1.png,59,575.0,128.6,16.34,15.76,14.14,5.64
Acquisition_2397_0_1.png,60,477.5,129.5,22.31,15.79,35.23,7.7
Acquisition_2397_0_1.png,61,719.2,66.8,33.25,21.29,174.66,11.47
Acquisition_2397_0_1.png,62,466.3,55.7,17.1,14.17,57.76,5.9
Acquisition_2397_0_1.png,63,235.1,53.2,17.11,16.3,101.88,5.9
Acquisition_2397_0_1.png,64,344.6,42.3,18.71,15.97,84.15,6.45
Acquisition_2397_0_1.png,65,111.6,30.7,16.61,14.5,69.68,5.73
Acquisition_2397_1_1.png,1,418.2,1009.5,14.01,11.22,22.98,4.83
Acquisition_2397_1_1.png,2,803.6,971.3,36.3,17.71,79.08,12.53
Acquisition_2397_1_1.png,3,708.2,921.6,18.71,10.63,29.68,6.46
Acquisition_2397_1_1.png,4,749.3,916.6,18.63,13.6,58.86,6.43
Acquisition_2397_1_1.png,5,943.4,913.1,14.61,13.3,105.74,5.04
Acquisition_2397_1_1.png,6,701.0,882.0,15.53,13.39,165.27,5.36
Acquisition_2397_1_1.png,7,709.3,855.5,13.32,12.45,9.69,4.59
Acquisition_2397_1_1.png,8,966.6,815.0,14.67,12.76,16.36,5.06
Acquisition_2397_1_1.png,9,3.9,775.7,38.05,15.36,10.16,13.13
Acquisition_2397_1_1.png,10,158.8,669.5,20.03,10.57,61.46,6.91
Acquisition_2397_1_1.png,11,236.4,650.0,13.45,11.3,12.48,4.64
Acquisition_2397_1_1.png,12,957.6,551.1,10.46,7.02,119.27,3.61
Acquisition_2397_1_1.png,13,176.1,553.9,16.77,13.87,171.86,5.78
Acquisition_2397_1_1.png,14,188.0,516.3,19.86,12.99,145.38,6.85
Acquisition_2397_1_1.png,15,168.1,507.2,17.61,11.07,28.85,6.08
Acquisition_2397_1_1.png,16,239.0,479.8,14.44,13.59,125.5,4.98
Acquisition_2397_1_1.png,17,64.4,478.7,16.01,12.7,147.82,5.52
Acquisition_2397_1_1.png,18,243.0,458.3,16.3,10.98,65.36,5.62
Acquisition_2397_1_1.png,19,360.0,460.1,21.5,13.63,25.99,7.42
Acquisition_2397_1_1.png,20,682.8,428.2,16.08,8.34,142.08,5.55
Acquisition_2397_1_1.png,21,468.2,427.4,17.6,10.62,5.27,6.07
Acquisition_2397_1_1.png,22,724.4,418.1,12.04,10.0,153.88,4.15
Acquisition_2397_1_1.png,23,160.0,407.6,18.52,14.3,43.5,6.39
Acquisition_2397_1_1.png,24,939.8,383.7,16.7,13.74,1.59,5.76
Acquisition_2397_1_1.png,25,779.9,371.1,11.78,8.87,96.57,4.07
Acquisition_2397_1_1.png,26,22.8,373.4,19.25,13.59,43.5,6.64
Acquisition_2397_1_1.png,27,310.2,364.2,16.69,13.95,125.66,5.76
Acquisition_2397_1_1.png,28,851.3,332.1,14.57,13.07,157.38,5.03
Acquisition_2397_1_1.png,29,535.8,308.4,15.13,10.22,134.18,5.22
Acquisition_2397_1_1.png,30,54.0,306.3,15.82,14.16,119.7,5.46
Acquisition_2397_1_1.png,31,613.9,261.6,18.23,13.12,99.86,6.29
Acquisition_2397_1_1.png,32,284.9,255.4,14.77,12.62,177.46,5.09
Acquisition_2397_1_1.png,33,479.1,236.3,11.33,8.04,103.58,3.91
Acquisition_2397_1_1.png,34,486.2,216.6,11.77,9.29,44.14,4.06
Acquisition_2397_1_1.png,35,734.0,205.3,20.47,11.93,8.18,7.06
Acquisition_2397_1_1.png,36,1024.5,179.1,25.06,13.89,97.49,8.65
Acquisition_2397_1_1.png,37,547.9,159.3,15.05,14.26,109.18,5.19
Acquisition_2397_1_1.png,38,489.9,150.8,15.49,14.68,13.87,5.34
Acquisition_2397_1_1.png,39,560.6,141.2,12.67,11.96,2.85,4.37
Acquisition_2397_1_1.png,40,97.3,142.0,27.36,13.32,79.81,9.44
Acquisition_2397_1_1.png,41,359.1,137.5,20.38,15.48,175.53,7.03
Acquisition_2397_1_1.png,42,479.2,126.7,17.86,13.76,68.68,6.16
Acquisition_2397_1_1.png,43,63.4,125.2,17.39,9.84,132.32,6.0
Acquisition_2397_1_1.png,44,941.8,119.1,18.14,9.32,81.23,6.26
Acquisition_2397_1_1.png,45,295.1,108.2,14.88,13.84,127.3,5.13
Acquisition_2397_1_1.png,46,489.4,88.1,16.15,11.49,172.72,5.57
Acquisition_2397_1_1.png,47,10.1,69.8,14.75,14.56,23.96,5.09
Acquisition_2397_2_1.png,1,220.0,941.7,12.44,8.8,35.13,4.29
Acquisition_2397_2_1.png,2,780.3,932.5,17.31,13.19,83.63,5.97
Acquisition_2397_2_1.png,3,103.6,927.4,17.14,13.75,67.97,5.91
Acquisition_2397_2_1.png,4,829.9,923.3,11.83,10.92,28.26,4.08
Acquisition_2397_2_1.png,5,458.1,906.3,12.85,11.21,151.5,4.43
Acquisition_2397_2_1.png,6,504.7,899.6,11.67,10.46,0.98,4.02
Acquisition_2397_2_1.png,7,243.0,893.8,16.8,14.37,100.38,5.79
Acquisition_2397_2_1.png,8,273.7,887.8,19.77,14.95,33.1,6.82
Acquisition_2397_2_1.png,9,495.2,868.9,13.57,10.34,167.54,4.68
Acquisition_2397_2_1.png,10,419.4,864.1,15.77,10.96,158.96,5.44
Acquisition_2397_2_1.png,11,34.9,849.7,18.34,13.78,80.21,6.33
Acquisition_2397_2_1.png,12,282.9,835.6,8.47,7.5,14.38,2.92
Acquisition_2397_2_1.png,13,322.7,835.9,16.23,8.17,172.08,5.6
Acquisition_2397_2_1.png,14,236.4,831.5,8.68,7.09,145.27,2.99
Acquisition_2397_2_1.png,15,354.6,831.9,15.78,14.45,151.28,5.44
Acquisition_2397_2_1.png,16,975.0,824.7,15.9,12.03,71.6,5.49
Acquisition_2397_2_1.png,17,303.7,811.3,13.7,11.38,172.04,4.73
Acquisition_2397_2_1.png,18,432.7,777.5,12.85,8.54,10.06,4.43
Acquisition_2397_2_1.png,19,698.9,774.0,15.63,12.58,153.61,5.39
Acquisition_2397_2_1.png,20,595.4,770.8,13.92,11.87,110.92,4.8
Acquisition_2397_2_1.png,21,8.1,732.9,23.93,18.52,8.21,8.25
Acquisition_2397_2_1.png,22,68.8,720.9,14.59,13.9,72.76,5.03
Acquisition_2397_2_1.png,23,853.8,708.8,13.29,11.58,170.89,4.59
Acquisition_2397_2_1.png,24,209.7,697.4,15.04,13.35,13.9,5.19
Acquisition_2397_2_1.png,25,394.8,694.3,14.09,11.04,146.72,4.86
Acquisition_2397_2_1.png,26,877.7,614.9,15.77,14.1,14.71,5.44
Acquisition_2397_2_1.png,27,216.8,579.3,11.08,8.41,62.67,3.82
Acquisition_2397_2_1.png,28,192.1,573.8,22.5,11.69,161.26,7.76
Acquisition_2397_2_1.png,29,413.6,510.3,17.57,10.71,137.83,6.06
Acquisition_2397_2_1.png,30,793.8,484.7,23.41,11.5,146.26,8.08
Acquisition_2397_2_1.png,31,904.5,469.0,16.31,9.45,6.28,5.63
Acquisition_2397_2_1.png,32,433.8,419.0,15.69,14.74,74.09,5.41
Acquisition_2397_2_1.png,33,950.6,377.6,20.35,11.72,146.42,7.02
Acquisition_2397_2_1.png,34,668.5,365.1,16.65,13.03,160.91,5.74
Acquisition_2397_2_1.png,35,930.9,308.4,18.64,10.91,6.1,6.43
Acquisition_2397_2_1.png,36,357.7,286.2,14.94,9.2,92.92,5.15
Acquisition_2397_2_1.png,37,707.4,283.4,12.16,9.42,4.77,4.19
Acquisition_2397_2_1.png,38,429.6,261.7,14.41,10.64,125.35,4.97
Acquisition_2397_2_1.png,39,913.4,229.8,15.49,13.51,105.82,5.34
Acquisition_2397_2_1.png,40,841.2,219.4,13.01,12.42,134.42,4.49
Acquisition_2397_2_1.png,41,1007.1,196.0,8.78,7.14,114.23,3.03
Acquisition_2397_2_1.png,42,223.7,164.1,15.33,9.09,81.82,5.29
Acquisition_2397_2_1.png,43,1007.9,148.9,11.17,9.52,129.1,3.86
Acquisition_2397_2_1.png,44,306.5,151.5,15.73,14.11,56.85,5.43
Acquisition_2397_2_1.png,45,953.4,147.9,16.5,13.43,5.64,5.69
Acquisition_2397_2_1.png,46,542.7,129.5,16.7,11.99,56.25,5.76
Acquisition_2397_2_1.png,47,1021.8,116.0,17.92,15.63,103.95,6.18
Acquisition_2397_2_1.png,48,727.1,102.5,13.78,13.13,60.53,4.75
Acquisition_2397_2_1.png,49,462.2,72.3,13.64,12.06,114.89,4.7
Acquisition_2397_2_1.png,50,326.2,57.1,17.27,12.25,153.32,5.96
Acquisition_2397_2_1.png,51,578.7,50.8,15.51,13.06,101.78,5.35
Acquisition_2397_2_1.png,52,232.6,44.0,18.09,13.9,68.02,6.24
Acquisition_2397_3_1.png,1,187.5,992.5,9.12,7.56,165.3,3.15
Acquisition_2397_3_1.png,2,919.3,966.0,18.36,12.94,130.16,6.33
Acquisition_2397_3_1.png,3,112.7,950.5,13.83,11.59,142.47,4.77
Acquisition_2397_3_1.png,4,323.9,933.5,15.0,10.69,43.31,5.17
Acquisition_2397_3_1.png,5,180.6,895.3,16.9,11.76,68.16,5.83
Acquisition_2397_3_1.png,6,122.8,889.4,11.8,8.89,120.64,4.07
Acquisition_2397_3_1.png,7,193.0,846.2,14.89,11.77,7.19,5.14
Acquisition_2397_3_1.png,8,275.3,831.1,13.33,7.93,168.55,4.6
Acquisition_2397_3_1.png,9,1008.7,822.3,17.64,13.06,27.0,6.09
Acquisition_2397_3_1.png,10,980.8,812.0,15.78,13.73,91.17,5.44
Acquisition_2397_3_1.png,11,223.1,810.1,18.58,12.34,155.25,6.41
Acquisition_2397_3_1.png,12,475.7,792.4,15.18,14.81,134.07,5.24
Acquisition_2397_3_1.png,13,490.9,780.2,13.53,12.25,22.87,4.67
Acquisition_2397_3_1.png,14,545.4,730.9,15.75,13.52,51.2,5.43
Acquisition_2397_3_1.png,15,52.9,669.9,15.2,12.72,93.44,5.24
Acquisition_2397_3_1.png,16,468.0,639.8,15.99,13.71,104.48,5.52
Acquisition_2397_3_1.png,17,575.8,637.4,12.7,10.08,125.91,4.38
Acquisition_2397_3_1.png,18,208.4,581.8,14.96,12.35,59.04,5.16
Acquisition_2397_3_1.png,19,52.0,510.5,15.56,14.73,38.59,5.37
Acquisition_2397_3_1.png,20,347.9,507.1,13.19,11.21,110.75,4.55
Acquisition_2397_3_1.png,21,339.9,489.4,16.56,11.92,57.5,5.71
Acquisition_2397_3_1.png,22,156.0,486.2,17.65,12.56,36.81,6.09
Acquisition_2397_3_1.png,23,238.4,460.3,30.2,22.36,124.78,10.42
Acquisition_2397_3_1.png,24,356.4,448.7,20.69,11.77,12.77,7.14
Acquisition_2397_3_1.png,25,1017.1,362.4,18.27,16.01,99.48,6.3
Acquisition_2397_3_1.png,26,472.8,355.5,15.49,11.81,38.87,5.34
Acquisition_2397_3_1.png,27,782.6,341.4,17.66,12.71,75.24,6.09
Acquisition_2397_3_1.png,28,143.3,334.8,14.44,12.67,35.1,4.98
Acquisition_2397_3_1.png,29,45.5,317.4,14.96,11.36,16.72,5.16
Acquisition_2397_3_1.png,30,46.5,293.2,13.0,11.74,148.77,4.48
Acquisition_2397_3_1.png,31,89.0,295.7,22.97,11.83,24.13,7.92
Acquisition_2397_3_1.png,32,648.8,262.9,13.79,11.56,93.79,4.76
Acquisition_2397_3_1.png,33,459.2,262.6,13.16,9.62,60.72,4.54
Acquisition_2397_3_1.png,34,689.8,263.2,15.39,14.23,112.26,5.31
Acquisition_2397_3_1.png,35,110.4,258.2,16.49,12.0,1.49,5.69
Acquisition_2397_3_1.png,36,371.5,247.6,16.7,15.17,156.37,5.76
Acquisition_2397_3_1.png,37,73.9,245.0,12.83,12.11,165.75,4.43
Acquisition_2397_3_1.png,38,464.4,220.6,18.53,11.84,107.96,6.39
Acquisition_2397_3_1.png,39,744.9,204.1,16.21,15.05,110.1,5.59
Acquisition_2397_3_1.png,40,56.4,171.7,26.45,25.71,77.01,9.12
Acquisition_2397_3_1.png,41,103.4,147.6,11.32,7.05,73.93,3.91
Acquisition_2397_3_1.png,42,162.2,148.5,20.76,12.37,81.56,7.16
Acquisition_2397_3_1.png,43,127.0,116.9,15.22,14.16,49.24,5.25
Acquisition_2397_3_1.png,44,567.4,99.9,18.84,12.6,133.82,6.5
Acquisition_2397_3_1.png,45,707.3,90.8,16.62,14.28,88.08,5.73
Acquisition_2397_3_1.png,46,159.6,81.4,16.22,13.55,67.88,5.6
Acquisition_2397_3_1.png,47,69.2,24.1,16.07,13.88,71.51,5.54
Acquisition_2418_0_0.png,1,446.7,963.4,15.11,14.57,129.46,5.21
Acquisition_2418_0_0.png,2,95.5,944.7,13.73,11.35,32.08,4.74
Acquisition_2418_0_0.png,3,506.0,924.0,18.38,13.31,164.18,6.34
Acquisition_2418_0_0.png,4,275.3,915.4,19.24,14.17,140.63,6.64
Acquisition_2418_0_0.png,5,373.6,803.4,11.98,9.63,56.88,4.13
Acquisition_2418_0_0.png,6,471.4,763.4,16.37,9.83,78.54,5.65
Acquisition_2418_0_0.png,7,442.4,755.8,15.17,13.64,8.45,5.23
Acquisition_2418_0_0.png,8,357.7,716.2,22.99,9.27,152.08,7.93
Acquisition_2418_0_0.png,9,431.9,652.6,17.02,13.84,140.54,5.87
Acquisition_2418_0_0.png,10,347.4,637.3,15.79,11.35,55.32,5.45
Acquisition_2418_0_0.png,11,144.8,621.3,16.76,13.54,171.53,5.78
Acquisition_2418_0_0.png,12,194.0,610.1,17.61,15.03,161.33,6.07
Acquisition_2418_0_0.png,13,68.8,569.3,15.31,12.8,102.3,5.28
Acquisition_2418_0_1.png,1,487.3,1017.4,17.85,12.57,55.6,6.16
Acquisition_2418_0_1.png,2,102.9,1017.4,23.05,15.61,176.51,7.95
Acquisition_2418_0_1.png,3,353.6,970.1,16.36,15.89,16.82,5.64
Acquisition_2418_0_1.png,4,511.0,942.5,19.36,13.98,61.92,6.68
Acquisition_2418_0_1.png,5,314.3,941.4,17.91,14.99,34.89,6.18
Acquisition_2418_0_1.png,6,363.0,920.5,16.37,14.87,112.94,5.65
Acquisition_2418_0_1.png,7,620.4,920.0,18.38,17.25,120.72,6.34
Acquisition_2418_0_1.png,8,50.3,904.8,16.35,14.14,161.89,5.64
Acquisition_2418_0_1.png,9,128.1,883.5,18.88,13.33,86.55,6.51
Acquisition_2418_0_1.png,10,289.8,875.5,13.19,10.35,36.15,4.55
Acquisition_2418_0_1.png,11,805.4,818.6,17.04,16.25,59.02,5.88
Acquisition_2418_0_1.png,12,730.3,803.0,17.47,14.23,78.06,6.03
Acquisition_2418_0_1.png,13,914.4,802.1,19.4,12.11,157.07,6.69
Acquisition_2418_0_1.png,14,927.5,766.2,17.8,10.37,3.73,6.14
Acquisition_2418_0_1.png,15,872.9,736.1,16.01,15.13,139.52,5.52
Acquisition_2418_0_1.png,16,685.8,654.1,17.14,12.83,159.21,5.91
Acquisition_2418_0_1.png,17,714.2,631.0,13.73,13.03,2.64,4.74
Acquisition_2418_0_1.png,18,528.9,630.5,15.54,14.65,100.78,5.36
Acquisition_2418_0_1.png,19,656.2,581.9,11.34,7.74,137.27,3.91
Acquisition_2418_0_1.png,20,349.6,572.7,19.4,12.48,82.45,6.69
Acquisition_2418_0_1.png,21,903.7,552.4,17.98,11.97,37.66,6.2
Acquisition_2418_0_1.png,22,774.5,535.1,12.16,11.55,86.36,4.19
Acquisition_2418_0_1.png,23,949.3,533.1,15.72,10.68,51.25,5.42
Acquisition_2418_0_1.png,24,348.9,470.0,17.56,13.51,7.84,6.06
Acquisition_2418_0_1.png,25,774.5,436.4,10.74,9.38,173.95,3.71
Acquisition_2418_0_1.png,26,770.7,416.7,14.86,7.69,143.98,5.13
Acquisition_2418_0_1.png,27,975.6,399.1,17.77,15.09,72.23,6.13
Acquisition_2418_0_1.png,28,316.7,394.9,15.59,12.26,31.78,5.38
Acquisition_2418_0_1.png,29,532.0,390.1,16.84,13.04,28.78,5.81
Acquisition_2418_0_1.png,30,643.2,364.8,15.76,13.92,31.34,5.44
Acquisition_2418_0_1.png,31,460.0,357.8,18.29,8.12,136.73,6.31
Acquisition_2418_0_1.png,32,152.1,354.6,16.68,15.78,29.45,5.75
Acquisition_2418_0_1.png,33,286.4,347.6,15.68,11.49,124.13,5.41
Acquisition_2418_0_1.png,34,992.0,328.2,20.75,11.2,75.18,7.16
Acquisition_2418_0_1.png,35,402.7,326.4,18.15,15.55,120.14,6.26
Acquisition_2418_0_1.png,36,988.8,308.0,13.87,13.57,122.91,4.79
Acquisition_2418_0_1.png,37,1007.5,302.2,16.8,14.88,164.19,5.79
Acquisition_2418_0_1.png,38,942.7,300.3,13.79,12.87,81.0,4.76
Acquisition_2418_0_1.png,39,874.7,302.4,21.03,12.74,12.34,7.25
Acquisition_2418_0_1.png,40,635.3,272.7,17.76,15.16,146.76,6.13
Acquisition_2418_0_1.png,41,407.7,261.9,17.49,13.99,61.16,6.03
Acquisition_2418_0_1.png,42,997.6,257.0,16.1,14.59,150.97,5.55
Acquisition_2418_0_1.png,43,182.9,221.5,14.18,13.89,78.05,4.89
Acquisition_2418_0_1.png,44,668.4,194.1,15.04,13.25,62.27,5.19
Acquisition_2418_0_1.png,45,543.9,170.5,15.1,13.99,87.9,5.21
Acquisition_2418_0_1.png,46,571.8,134.8,14.36,10.63,82.76,4.95
Acquisition_2418_0_1.png,47,462.0,138.5,18.51,12.83,32.51,6.39
Acquisition_2418_0_1.png,48,713.4,130.8,12.6,9.33,100.6,4.35
Acquisition_2418_0_1.png,49,917.3,130.9,18.93,12.39,23.6,6.53
Acquisition_2418_0_1.png,50,700.0,122.7,9.43,8.12,83.15,3.25
Acquisition_2418_0_1.png,51,648.1,109.4,25.28,14.34,170.45,8.72
Acquisition_2418_0_1.png,52,586.8,102.4,14.34,10.39,44.69,4.95
Acquisition_2418_0_1.png,53,274.3,101.9,20.59,14.6,32.45,7.1
Acquisition_2418_0_1.png,54,64.3,99.3,30.48,16.49,18.66,10.52
Acquisition_2418_0_1.png,55,704.3,89.5,16.65,13.82,115.14,5.74
Acquisition_2418_0_1.png,56,62.4,16.7,15.58,9.66,112.16,5.38
Acquisition_2418_1_1.png,1,570.6,1008.7,18.86,11.18,127.56,6.51
Acquisition_2418_1_1.png,2,957.9,1002.8,12.49,7.52,114.92,4.31
Acquisition_2418_1_1.png,3,944.9,990.2,11.9,11.08,70.75,4.11
Acquisition_2418_1_1.png,4,552.8,977.2,17.24,13.71,55.04,5.95
Acquisition_2418_1_1.png,5,870.6,937.9,15.24,14.0,99.91,5.26
Acquisition_2418_1_1.png,6,552.1,928.2,15.62,12.81,59.97,5.39
Acquisition_2418_1_1.png,7,11.5,914.6,15.67,8.79,76.75,5.4
Acquisition_2418_1_1.png,8,328.9,896.2,18.97,11.76,123.64,6.54
Acquisition_2418_1_1.png,9,649.5,884.0,16.79,14.14,64.4,5.79
Acquisition_2418_1_1.png,10,203.0,862.9,22.74,12.13,137.36,7.85
Acquisition_2418_1_1.png,11,530.5,856.4,12.93,11.95,71.15,4.46
Acquisition_2418_1_1.png,12,829.2,827.4,16.95,14.12,160.89,5.85
Acquisition_2418_1_1.png,13,498.9,820.5,16.8,9.43,69.88,5.79
Acquisition_2418_1_1.png,14,567.9,814.1,15.5,14.75,149.53,5.35
Acquisition_2418_1_1.png,15,60.2,810.5,12.03,7.29,114.34,4.15
Acquisition_2418_1_1.png,16,76.7,805.5,13.3,12.57,102.59,4.59
Acquisition_2418_1_1.png,17,264.0,804.5,15.4,12.1,101.82,5.31
Acquisition_2418_1_1.png,18,106.9,801.4,14.96,12.85,112.85,5.16
Acquisition_2418_1_1.png,19,5.4,796.8,18.33,15.46,90.83,6.32
Acquisition_2418_1_1.png,20,713.9,780.7,15.52,12.92,101.96,5.35
Acquisition_2418_1_1.png,21,840.2,770.7,14.68,14.32,82.69,5.06
Acquisition_2418_1_1.png,22,352.0,681.4,16.97,13.54,103.98,5.85
Acquisition_2418_1_1.png,23,430.1,672.5,15.77,10.04,173.32,5.44
Acquisition_2418_1_1.png,24,666.0,666.2,18.2,7.57,116.41,6.28
Acquisition_2418_1_1.png,25,406.6,661.4,16.58,13.0,59.0,5.72
Acquisition_2418_1_1.png,26,128.7,650.5,18.16,13.81,48.37,6.26
Acquisition_2418_1_1.png,27,258.9,623.4,11.23,7.12,16.07,3.87
Acquisition_2418_1_1.png,28,338.7,620.8,9.13,7.44,28.63,3.15
Acquisition_2418_1_1.png,29,497.4,624.7,36.08,15.82,114.53,12.45
Acquisition_2418_1_1.png,30,548.5,601.3,12.8,8.62,26.65,4.41
Acquisition_2418_1_1.png,31,138.4,601.2,17.2,13.24,110.32,5.93
Acquisition_2418_1_1.png,32,79.5,593.3,16.72,15.24,107.5,5.77
Acquisition_2418_1_1.png,33,522.1,572.7,14.66,7.88,1.41,5.06
Acquisition_2418_1_1.png,34,600.4,572.0,16.97,14.38,135.52,5.86
Acquisition_2418_1_1.png,35,33.0,561.2,17.95,13.92,112.86,6.19
Acquisition_2418_1_1.png,36,98.8,504.5,17.22,15.11,26.61,5.94
Acquisition_2418_1_1.png,37,314.7,498.1,9.35,6.58,92.42,3.22
Acquisition_2418_1_1.png,38,420.2,467.0,17.02,11.77,83.46,5.87
Acquisition_2418_1_1.png,39,141.9,438.7,20.02,6.83,146.71,6.91
Acquisition_2418_1_1.png,40,279.1,429.8,17.83,13.78,127.27,6.15
Acquisition_2418_1_1.png,41,200.8,394.6,17.18,8.76,62.68,5.93
Acquisition_2429_0_0.png,1,233.6,999.9,18.98,14.27,113.03,6.55
Acquisition_2429_0_0.png,2,464.5,989.2,17.59,14.36,112.76,6.07
Acquisition_2429_0_0.png,3,704.0,950.0,18.04,14.38,167.43,6.22
Acquisition_2429_0_0.png,4,630.0,862.8,14.01,10.33,24.09,4.83
Acquisition_2429_0_0.png,5,11.2,856.6,15.47,13.25,114.48,5.34
Acquisition_2429_0_0.png,6,396.7,836.6,18.76,12.63,13.08,6.47
Acquisition_2429_0_0.png,7,244.5,832.3,14.67,13.51,130.35,5.06
Acquisition_2429_0_0.png,8,81.9,816.2,17.87,15.02,74.33,6.16
Acquisition_2429_0_0.png,9,311.4,809.4,16.68,9.1,122.62,5.75
Acquisition_2429_0_0.png,10,470.7,761.3,11.07,8.69,102.83,3.82
Acquisition_2429_0_0.png,11,879.6,718.2,12.69,12.43,124.93,4.38
Acquisition_2429_0_0.png,12,959.6,682.6,12.84,9.73,93.36,4.43
Acquisition_2429_0_0.png,13,568.2,632.3,13.68,9.04,176.58,4.72
Acquisition_2429_0_0.png,14,698.9,620.0,13.69,8.62,91.93,4.72
Acquisition_2429_0_0.png,15,621.1,603.4,16.94,12.41,100.95,5.84
Acquisition_2429_0_0.png,16,500.2,570.8,15.14,13.19,82.43,5.22
Acquisition_2429_0_0.png,17,703.2,534.4,18.25,14.6,75.66,6.3
Acquisition_2429_0_0.png,18,520.0,529.3,16.0,14.76,68.83,5.52
Acquisition_2429_0_0.png,19,535.3,513.1,15.31,12.84,178.02,5.28
Acquisition_2429_0_0.png,20,142.5,498.9,19.18,9.48,122.74,6.62
Acquisition_2429_0_0.png,21,252.0,464.5,13.11,11.74,173.85,4.52
Acquisition_2429_0_0.png,22,235.5,454.9,17.37,12.84,47.18,5.99
Acquisition_2429_0_0.png,23,954.2,423.4,11.34,6.79,166.14,3.91
Acquisition_2429_0_0.png,24,466.3,393.6,16.36,11.13,110.34,5.64
Acquisition_2429_0_0.png,25,307.2,381.9,11.98,7.78,177.36,4.13
Acquisition_2429_0_0.png,26,260.7,381.0,16.06,14.49,80.81,5.54
Acquisition_2429_0_0.png,27,242.0,371.3,15.2,14.63,88.27,5.24
Acquisition_2429_0_0.png,28,193.5,369.6,19.27,14.94,132.72,6.65
Acquisition_2429_0_0.png,29,998.4,363.4,11.06,8.53,91.17,3.81
Acquisition_2429_0_0.png,30,992.4,301.5,17.07,11.85,130.59,5.89
Acquisition_2429_0_0.png,31,854.1,153.4,16.88,7.91,97.23,5.82
Acquisition_2429_0_0.png,32,616.5,147.2,19.58,11.47,114.92,6.75
Acquisition_2429_0_0.png,33,256.9,143.5,14.26,13.0,141.24,4.92
Acquisition_2429_0_0.png,34,605.1,105.9,17.83,11.38,0.42,6.15
Acquisition_2429_0_0.png,35,271.2,22.5,17.38,12.58,143.6,6.0
Acquisition_2429_0_0.png,36,556.5,3.1,24.01,11.92,167.66,8.28
Acquisition_2429_0_1.png,1,937.8,981.5,12.68,11.21,112.19,4.38
Acquisition_2429_0_1.png,2,403.3,979.4,20.54,11.81,8.5,7.09
Acquisition_2429_0_1.png,3,1003.6,928.1,18.11,11.33,26.47,6.25
Acquisition_2429_0_1.png,4,490.9,922.0,16.18,15.38,133.21,5.58
Acquisition_2429_0_1.png,5,580.7,919.9,17.61,15.31,104.47,6.08
Acquisition_2429_0_1.png,6,316.7,903.9,13.9,13.05,32.64,4.79
Acquisition_2429_0_1.png,7,175.5,885.2,15.54,15.36,142.75,5.36
Acquisition_2429_0_1.png,8,932.8,874.0,12.55,9.49,63.87,4.33
Acquisition_2429_0_1.png,9,566.4,876.7,18.07,14.7,20.54,6.23
Acquisition_2429_0_1.png,10,467.4,860.7,18.29,13.9,119.9,6.31
Acquisition_2429_0_1.png,11,10.7,788.6,17.1,14.47,22.98,5.9
Acquisition_2429_0_1.png,12,85.1,785.3,18.62,14.63,79.1,6.42
Acquisition_2429_0_1.png,13,497.4,776.4,11.28,9.63,45.0,3.89
Acquisition_2429_0_1.png,14,886.6,774.0,12.34,11.36,171.55,4.26
Acquisition_2429_0_1.png,15,17.1,760.1,16.94,15.48,82.43,5.84
Acquisition_2429_0_1.png,16,493.6,756.0,14.43,13.43,123.5,4.98
Acquisition_2429_0_1.png,17,320.0,737.7,17.2,12.53,77.91,5.94
Acquisition_2429_0_1.png,18,116.7,730.0,15.34,10.98,73.34,5.29
Acquisition_2429_0_1.png,19,60.4,722.1,14.87,8.33,18.2,5.13
Acquisition_2429_0_1.png,20,1004.6,638.2,12.5,10.46,103.91,4.31
Acquisition_2429_0_1.png,21,316.4,636.1,10.43,7.81,86.21,3.6
Acquisition_2429_0_1.png,22,1000.9,609.3,11.91,11.5,92.71,4.11
Acquisition_2429_0_1.png,23,886.3,602.7,15.69,13.53,42.94,5.41
Acquisition_2429_0_1.png,24,797.7,597.4,19.22,12.36,14.23,6.63
Acquisition_2429_0_1.png,25,63.6,571.6,16.28,9.86,62.66,5.62
Acquisition_2429_0_1.png,26,519.0,547.8,15.27,14.81,27.75,5.27
Acquisition_2429_0_1.png,27,78.2,535.1,15.17,14.68,158.32,5.23
Acquisition_2429_0_1.png,28,437.9,497.3,15.93,7.03,71.56,5.5
Acquisition_2429_0_1.png,29,234.6,495.7,8.49,7.82,82.1,2.93
Acquisition_2429_0_1.png,30,305.8,425.5,14.69,14.25,119.93,5.07
Acquisition_2429_0_1.png,31,311.0,378.4,15.85,9.03,51.24,5.47
Acquisition_2429_0_1.png,32,376.7,335.4,16.62,12.22,22.52,5.73
Acquisition_2429_0_1.png,33,781.3,293.9,13.81,11.53,75.06,4.76
Acquisition_2429_0_1.png,34,756.2,291.8,15.03,14.64,100.39,5.18
Acquisition_2429_0_1.png,35,52.0,274.9,19.86,12.22,75.64,6.85
Acquisition_2429_0_1.png,36,77.3,260.5,15.32,11.95,168.02,5.29
Acquisition_2429_0_1.png,37,795.7,181.7,13.56,12.55,76.08,4.68
Acquisition_2429_0_1.png,38,392.2,11.7,15.59,14.31,66.25,5.38
Acquisition_2429_0_1.png,39,275.5,13.1,17.26,14.27,45.23,5.96
Acquisition_2429_1_0.png,1,937.0,900.9,15.5,14.18,2.74,5.35
Acquisition_2429_1_0.png,2,506.3,868.4,18.06,7.48,4.94,6.23
Acquisition_2429_1_0.png,3,162.5,849.9,16.17,12.68,112.54,5.58
Acquisition_2429_1_0.png,4,838.1,822.3,14.72,11.95,174.67,5.08
Acquisition_2429_1_0.png,5,222.1,798.4,15.09,11.19,24.63,5.21
Acquisition_2429_1_0.png,6,941.5,798.9,16.83,13.91,139.1,5.81
Acquisition_2429_1_0.png,7,743.8,750.6,16.38,16.05,6.9,5.65
Acquisition_2429_1_0.png,8,807.4,747.9,15.16,14.4,155.33,5.23
Acquisition_2429_1_0.png,9,148.7,733.6,16.52,10.38,55.37,5.7
Acquisition_2429_1_0.png,10,600.1,706.2,15.8,13.93,77.6,5.45
Acquisition_2429_1_0.png,11,681.6,697.8,10.7,9.85,48.75,3.69
Acquisition_2429_1_0.png,12,625.2,692.8,20.62,13.53,41.11,7.11
Acquisition_2429_1_0.png,13,512.8,643.4,12.22,11.43,104.89,4.22
Acquisition_2429_1_0.png,14,1009.7,614.4,14.2,12.69,65.69,4.9
Acquisition_2429_1_0.png,15,840.5,590.2,11.27,8.89,42.85,3.89
Acquisition_2429_1_0.png,16,966.2,575.0,17.0,12.42,41.66,5.86
Acquisition_2429_1_0.png,17,465.8,572.3,12.51,9.35,56.15,4.32
Acquisition_2429_1_0.png,18,694.5,567.0,10.84,8.35,125.84,3.74
Acquisition_2429_1_0.png,19,544.5,533.0,13.72,12.52,35.02,4.73
Acquisition_2429_1_0.png,20,729.0,525.3,13.4,10.0,68.12,4.62
Acquisition_2429_1_0.png,21,956.5,521.9,11.18,10.41,25.3,3.86
Acquisition_2429_1_0.png,22,80.0,499.4,9.9,7.99,113.48,3.42
Acquisition_2429_1_0.png,23,745.6,502.2,15.77,10.65,176.11,5.44
Acquisition_2429_1_0.png,24,1005.2,465.5,37.53,13.51,85.15,12.95
Acquisition_2429_1_0.png,25,906.7,445.1,10.41,8.3,164.96,3.59
Acquisition_2429_1_0.png,26,564.4,376.4,12.11,9.43,5.06,4.18
Acquisition_2429_1_0.png,27,596.0,376.7,16.65,11.49,177.87,5.74
Acquisition_2429_1_0.png,28,77.1,331.4,7.68,6.8,29.66,2.65
Acquisition_2429_1_0.png,29,76.3,307.4,16.13,15.31,142.81,5.57
Acquisition_2429_1_0.png,30,739.4,259.5,14.86,13.72,159.42,5.13
Acquisition_2429_1_0.png,31,670.1,234.1,13.37,11.93,113.23,4.61
Acquisition_2429_1_0.png,32,10.1,228.8,12.94,12.85,58.76,4.47
Acquisition_2429_1_0.png,33,393.3,192.2,15.91,13.34,15.31,5.49
Acquisition_2429_1_0.png,34,730.6,151.9,23.64,11.78,23.07,8.15
Acquisition_2429_1_0.png,35,405.2,142.1,8.83,7.92,114.18,3.05
Acquisition_2429_1_0.png,36,686.2,145.0,18.27,11.41,156.12,6.3
Acquisition_2429_1_0.png,37,816.0,88.3,17.02,15.4,8.01,5.87
Acquisition_2429_1_0.png,38,30.9,65.0,15.39,12.62,0.48,5.31
Acquisition_2429_1_0.png,39,199.4,20.4,9.93,7.49,154.85,3.43
Acquisition_2429_1_0.png,40,376.6,17.6,14.46,9.01,24.72,4.99
Acquisition_2429_1_1.png,1,549.6,1009.5,12.84,11.84,175.03,4.43
Acquisition_2429_1_1.png,2,424.1,955.6,15.8,14.03,95.6,5.45
Acquisition_2429_1_1.png,3,167.7,954.1,17.33,10.56,39.71,5.98
Acquisition_2429_1_1.png,4,431.4,894.0,14.62,14.15,77.79,5.04
Acquisition_2429_1_1.png,5,841.2,863.7,20.62,13.98,140.03,7.12
Acquisition_2429_1_1.png,6,391.2,854.9,16.81,13.91,95.04,5.8
Acquisition_2429_1_1.png,7,142.0,847.3,18.42,17.03,90.49,6.35
Acquisition_2429_1_1.png,8,48.3,740.7,32.1,13.22,28.73,11.07
Acquisition_2429_1_1.png,9,395.5,687.1,17.05,14.72,130.59,5.88
Acquisition_2429_1_1.png,10,320.7,668.7,14.02,12.6,78.21,4.84
Acquisition_2429_1_1.png,11,550.4,649.5,13.6,11.4,47.42,4.69
Acquisition_2429_1_1.png,12,332.9,635.1,14.69,13.53,44.15,5.07
Acquisition_2429_1_1.png,13,224.7,609.6,16.78,8.55,124.19,5.79
Acquisition_2429_1_1.png,14,10.3,575.3,15.34,13.51,25.56,5.29
Acquisition_2429_1_1.png,15,289.6,564.3,9.76,9.36,29.9,3.37
Acquisition_2429_1_1.png,16,342.7,555.1,11.56,6.23,11.7,3.99
Acquisition_2429_1_1.png,17,99.2,527.7,15.11,11.71,179.44,5.21
Acquisition_2429_1_1.png,18,867.9,513.6,16.53,11.64,128.39,5.7
Acquisition_2429_1_1.png,19,361.6,503.1,16.42,14.22,63.23,5.66
Acquisition_2429_1_1.png,20,78.8,498.0,16.15,15.15,134.25,5.57
Acquisition_2429_1_1.png,21,432.3,445.2,17.66,9.73,73.85,6.09
Acquisition_2429_1_1.png,22,93.2,445.1,14.03,13.78,99.25,4.84
Acquisition_2429_1_1.png,23,765.6,383.1,10.47,9.02,74.55,3.61
Acquisition_2429_1_1.png,24,216.6,328.7,9.44,9.17,1.88,3.26
Acquisition_2429_1_1.png,25,301.5,263.7,16.62,12.29,48.85,5.73
Acquisition_2429_1_1.png,26,267.6,198.0,17.27,10.48,6.34,5.96
Acquisition_2429_1_1.png,27,585.1,181.0,13.67,13.47,136.52,4.72
Acquisition_2429_1_1.png,28,792.1,14.2,9.89,8.08,156.01,3.41
Acquisition_2429_2_0.png,1,293.8,831.7,28.06,14.98,159.93,9.68
Acquisition_2429_2_0.png,2,25.3,801.5,8.67,6.55,84.81,2.99
Acquisition_2429_2_0.png,3,35.0,790.6,13.63,12.93,88.42,4.7
Acquisition_2429_2_0.png,4,87.9,783.2,17.35,16.29,152.04,5.99
Acquisition_2429_2_0.png,5,486.5,786.2,29.39,16.68,137.44,10.14
Acquisition_2429_2_0.png,6,176.2,755.8,11.42,10.87,69.27,3.94
Acquisition_2429_2_0.png,7,392.2,754.4,16.66,13.33,63.02,5.75
Acquisition_2429_2_0.png,8,500.5,739.7,16.05,10.09,84.93,5.54
Acquisition_2429_2_0.png,9,402.8,731.9,8.25,6.62,93.23,2.85
Acquisition_2429_2_0.png,10,56.2,717.2,25.24,14.36,162.81,8.71
Acquisition_2429_2_0.png,11,246.5,662.2,15.36,14.0,152.25,5.3
Acquisition_2429_2_0.png,12,745.7,636.1,17.21,11.74,171.92,5.94
Acquisition_2429_2_0.png,13,148.4,617.7,11.29,8.78,13.12,3.89
Acquisition_2429_2_0.png,14,10.3,615.1,13.18,11.56,133.85,4.55
Acquisition_2429_2_0.png,15,927.6,616.7,16.92,11.94,31.48,5.84
Acquisition_2429_2_0.png,16,393.9,614.1,12.34,10.04,105.19,4.26
Acquisition_2429_2_0.png,17,581.8,610.2,16.45,10.55,139.82,5.68
Acquisition_2429_2_0.png,18,518.5,592.1,13.28,12.36,0.59,4.58
Acquisition_2429_2_0.png,19,308.3,590.7,17.15,13.72,177.47,5.92
Acquisition_2429_2_0.png,20,518.4,575.5,16.33,12.13,179.78,5.63
Acquisition_2429_2_0.png,21,246.4,576.1,18.31,9.97,30.6,6.32
Acquisition_2429_2_0.png,22,178.8,555.3,15.33,11.88,147.61,5.29
Acquisition_2429_2_0.png,23,0.4,550.0,14.88,11.52,58.75,5.13
Acquisition_2429_2_0.png,24,779.2,547.7,16.7,9.48,130.46,5.76
Acquisition_2429_2_0.png,25,243.3,531.1,13.58,12.27,58.06,4.68
Acquisition_2429_2_0.png,26,608.4,526.5,12.91,12.09,146.96,4.45
Acquisition_2429_2_0.png,27,68.1,523.6,14.52,11.57,56.13,5.01
Acquisition_2429_2_0.png,28,532.1,520.9,15.25,13.4,11.35,5.26
Acquisition_2429_2_0.png,29,318.3,521.3,15.38,12.87,179.61,5.31
Acquisition_2429_2_0.png,30,97.0,510.7,15.52,13.76,13.78,5.36
Acquisition_2429_2_0.png,31,593.7,508.2,16.48,13.91,160.59,5.68
Acquisition_2429_2_0.png,32,309.3,479.7,13.62,12.18,7.13,4.7
Acquisition_2429_2_0.png,33,43.8,473.4,12.99,7.49,0.64,4.48
Acquisition_2429_2_0.png,34,386.9,421.8,16.91,13.46,121.81,5.84
Acquisition_2429_2_0.png,35,327.1,394.8,12.19,7.72,22.06,4.21
Acquisition_2429_2_0.png,36,280.0,395.4,16.87,13.87,1.21,5.82
Acquisition_2429_2_0.png,37,311.8,380.7,15.63,14.45,145.51,5.39
Acquisition_2429_2_0.png,38,459.3,370.9,12.86,6.28,159.11,4.44
Acquisition_2429_2_0.png,39,200.4,369.2,15.59,12.72,4.23,5.38
Acquisition_2429_2_0.png,40,205.8,343.8,12.09,9.29,175.95,4.17
Acquisition_2429_2_0.png,41,106.1,342.4,15.1,13.61,175.87,5.21
Acquisition_2429_2_0.png,42,350.0,335.5,15.53,12.21,129.24,5.36
Acquisition_2429_2_0.png,43,160.1,336.0,14.52,13.49,174.3,5.01
Acquisition_2429_2_0.png,44,376.0,332.0,13.46,11.48,71.22,4.64
Acquisition_2429_2_0.png,45,796.1,319.4,17.53,12.65,52.32,6.05
Acquisition_2429_2_0.png,46,743.7,313.5,5.85,5.31,0.0,2.02
Acquisition_2429_2_0.png,47,178.5,310.0,8.76,6.72,179.37,3.02
Acquisition_2429_2_0.png,48,130.1,300.8,15.8,13.61,12.34,5.45
Acquisition_2429_2_0.png,49,577.7,295.2,14.3,12.08,173.28,4.93
Acquisition_2429_2_0.png,50,298.0,295.0,16.89,13.93,123.65,5.83
Acquisition_2429_2_0.png,51,361.5,287.9,10.95,9.2,75.21,3.78
Acquisition_2429_2_0.png,52,185.0,276.7,11.7,11.04,52.51,4.04
Acquisition_2429_2_0.png,53,364.8,262.1,13.8,11.8,31.56,4.76
Acquisition_2429_2_0.png,54,378.9,255.5,15.25,11.08,158.7,5.26
Acquisition_2429_2_0.png,55,109.8,248.7,13.87,13.42,38.19,4.79
Acquisition_2429_2_0.png,56,326.0,222.8,9.51,5.7,169.8,3.28
Acquisition_2429_2_0.png,57,458.5,218.2,14.87,10.39,81.61,5.13
Acquisition_2429_2_0.png,58,385.8,219.2,13.79,11.01,29.5,4.76
Acquisition_2429_2_0.png,59,966.8,203.2,17.55,14.27,19.11,6.05
Acquisition_2429_2_1.png,1,605.8,1016.1,16.88,12.16,142.72,5.82
Acquisition_2429_2_1.png,2,267.7,960.0,13.24,8.7,173.23,4.57
Acquisition_2429_2_1.png,3,839.3,944.6,17.36,14.83,176.33,5.99
Acquisition_2429_2_1.png,4,647.2,934.6,12.57,8.22,40.68,4.34
Acquisition_2429_2_1.png,5,500.1,894.5,9.07,7.42,43.82,3.13
Acquisition_2429_2_1.png,6,818.2,858.8,15.7,14.22,68.96,5.42
Acquisition_2429_2_1.png,7,182.1,803.1,23.52,14.67,119.54,8.11
Acquisition_2429_2_1.png,8,631.3,785.7,15.4,12.83,123.82,5.31
Acquisition_2429_2_1.png,9,612.7,747.0,15.76,11.83,14.48,5.44
Acquisition_2429_2_1.png,10,665.5,711.7,13.99,9.35,173.04,4.83
Acquisition_2429_2_1.png,11,530.6,705.9,17.35,11.34,34.84,5.99
Acquisition_2429_2_1.png,12,217.8,669.2,8.49,4.54,169.19,2.93
Acquisition_2429_2_1.png,13,50.7,608.1,19.26,14.33,64.28,6.64
Acquisition_2429_2_1.png,14,222.9,565.6,10.31,5.99,142.78,3.56
Acquisition_2429_2_1.png,15,180.2,547.2,9.44,5.61,20.83,3.26
Acquisition_2429_2_1.png,16,39.7,513.1,15.36,14.68,163.94,5.3
Acquisition_2429_2_1.png,17,728.3,489.1,13.1,8.46,151.73,4.52
Acquisition_2429_2_1.png,18,262.8,464.8,8.57,7.01,122.57,2.96
Acquisition_2429_2_1.png,19,54.2,452.0,8.96,7.68,31.33,3.09
Acquisition_2429_2_1.png,20,574.7,443.9,10.13,9.62,176.9,3.49
Acquisition_2429_2_1.png,21,806.4,327.0,14.82,13.73,125.4,5.11
Acquisition_2429_2_1.png,22,717.5,220.0,14.22,10.25,91.35,4.91
Acquisition_2429_2_1.png,23,802.5,198.1,10.27,5.91,11.03,3.54
Acquisition_2429_2_1.png,24,599.2,197.9,13.05,11.37,31.32,4.5
Acquisition_2429_2_1.png,25,779.1,169.4,8.75,4.94,77.55,3.02
Acquisition_2429_2_1.png,26,941.7,173.4,18.92,14.16,118.06,6.53
Acquisition_2429_2_1.png,27,910.5,140.5,15.5,12.84,124.37,5.35
Acquisition_2429_2_1.png,28,89.6,119.7,15.67,11.5,32.65,5.4
Acquisition_2429_2_1.png,29,367.7,99.8,8.25,6.69,146.58,2.85
Acquisition_2429_2_1.png,30,796.0,98.9,18.36,9.88,174.78,6.33
Acquisition_2429_2_1.png,31,953.4,91.0,17.21,9.44,18.27,5.94
Acquisition_2429_2_1.png,32,891.1,3.6,15.79,11.85,17.78,5.45
Acquisition_2429_3_0.png,1,648.1,1019.9,14.36,11.67,100.86,4.96
Acquisition_2429_3_0.png,2,795.1,1000.5,18.37,9.8,101.73,6.34
Acquisition_2429_3_0.png,3,146.9,980.5,14.96,13.74,158.18,5.16
Acquisition_2429_3_0.png,4,861.1,964.3,17.79,10.52,156.48,6.14
Acquisition_2429_3_0.png,5,740.8,946.8,15.24,10.6,51.51,5.26
Acquisition_2429_3_0.png,6,756.3,919.0,14.62,10.51,149.47,5.04
Acquisition_2429_3_0.png,7,919.7,916.7,18.39,14.89,134.48,6.34
Acquisition_2429_3_0.png,8,469.3,913.8,20.63,14.56,156.26,7.12
Acquisition_2429_3_0.png,9,445.6,893.3,9.57,6.03,3.74,3.3
Acquisition_2429_3_0.png,10,762.4,762.8,13.99,11.69,125.62,4.83
Acquisition_2429_3_0.png,11,565.3,713.8,14.95,14.03,97.37,5.16
Acquisition_2429_3_0.png,12,1002.9,717.0,21.58,9.1,165.95,7.45
Acquisition_2429_3_0.png,13,928.5,689.6,38.01,18.34,61.91,13.11
Acquisition_2429_3_0.png,14,343.3,646.8,16.25,15.23,171.98,5.61
Acquisition_2429_3_0.png,15,420.9,631.1,18.56,10.76,10.44,6.4
Acquisition_2429_3_0.png,16,790.3,624.0,17.56,14.8,150.25,6.06
Acquisition_2429_3_0.png,17,838.5,612.6,17.01,14.57,160.45,5.87
Acquisition_2429_3_0.png,18,318.8,596.7,13.32,9.63,175.03,4.6
Acquisition_2429_3_0.png,19,68.3,560.2,14.23,11.14,17.94,4.91
Acquisition_2429_3_0.png,20,533.0,548.8,13.85,12.06,33.16,4.78
Acquisition_2429_3_0.png,21,147.1,546.5,17.58,10.57,116.62,6.06
Acquisition_2429_3_0.png,22,744.8,540.6,12.63,9.43,108.44,4.36
Acquisition_2429_3_0.png,23,509.4,532.7,11.28,10.7,121.14,3.89
Acquisition_2429_3_0.png,24,139.6,521.5,10.67,6.84,166.36,3.68
Acquisition_2429_3_0.png,25,82.2,477.3,11.76,9.8,82.73,4.06
Acquisition_2429_3_0.png,26,266.8,469.9,14.37,11.02,90.99,4.96
Acquisition_2429_3_0.png,27,409.0,458.8,15.42,13.36,157.94,5.32
Acquisition_2429_3_0.png,28,681.6,436.9,16.53,10.74,90.98,5.7
Acquisition_2429_3_0.png,29,57.7,432.0,15.48,10.31,158.18,5.34
Acquisition_2429_3_0.png,30,526.6,427.9,12.47,11.71,6.56,4.3
Acquisition_2429_3_0.png,31,181.7,427.3,31.36,13.78,60.15,10.82
Acquisition_2429_3_0.png,32,106.7,420.1,13.1,8.6,174.97,4.52
Acquisition_2429_3_0.png,33,579.1,409.5,11.63,10.06,173.84,4.01
Acquisition_2429_3_0.png,34,642.9,400.0,15.19,13.38,64.35,5.24
Acquisition_2429_3_0.png,35,18.7,391.4,14.52,10.12,134.32,5.01
Acquisition_2429_3_0.png,36,295.7,371.7,12.84,9.72,56.32,4.43
Acquisition_2429_3_0.png,37,621.3,352.5,16.8,13.11,35.24,5.8
Acquisition_2429_3_0.png,38,421.5,349.1,10.2,9.77,135.05,3.52
Acquisition_2429_3_0.png,39,296.6,299.9,17.26,11.2,92.81,5.95
Acquisition_2429_3_0.png,40,330.8,295.3,9.46,8.47,65.49,3.26
Acquisition_2429_3_0.png,41,353.4,219.2,14.32,13.42,126.91,4.94
Acquisition_2429_3_1.png,1,1008.3,922.2,17.29,15.04,121.42,5.96
Acquisition_2429_3_1.png,2,262.2,915.7,13.14,10.54,7.47,4.53
Acquisition_2429_3_1.png,3,21.0,909.2,16.29,13.6,86.98,5.62
Acquisition_2429_3_1.png,4,344.3,906.5,14.45,6.89,127.86,4.98
Acquisition_2429_3_1.png,5,696.6,904.7,16.15,11.79,145.39,5.57
Acquisition_2429_3_1.png,6,243.3,886.4,12.61,11.99,134.26,4.35
Acquisition_2429_3_1.png,7,935.5,875.2,16.02,12.45,54.3,5.53
Acquisition_2429_3_1.png,8,316.0,840.2,12.94,6.54,117.63,4.46
Acquisition_2429_3_1.png,9,535.9,789.0,14.67,9.93,63.3,5.06
Acquisition_2429_3_1.png,10,517.4,771.5,14.68,10.33,139.05,5.07
Acquisition_2429_3_1.png,11,42.0,744.1,16.36,12.15,9.93,5.64
Acquisition_2429_3_1.png,12,24.5,743.4,13.56,11.98,142.18,4.68
Acquisition_2429_3_1.png,13,664.4,563.4,18.81,12.57,128.5,6.49
Acquisition_2429_3_1.png,14,315.7,504.9,11.9,8.32,59.05,4.11
Acquisition_2429_3_1.png,15,799.4,451.9,14.67,6.82,25.76,5.06
Acquisition_2429_3_1.png,16,138.3,451.9,16.18,12.88,162.51,5.58
Acquisition_2429_3_1.png,17,197.5,396.2,15.36,11.21,89.27,5.3
Acquisition_2429_3_1.png,18,961.7,397.0,17.89,11.49,177.98,6.17
Acquisition_2429_3_1.png,19,323.2,388.4,14.36,11.53,81.33,4.95
Acquisition_2429_3_1.png,20,397.4,377.8,17.57,15.28,55.89,6.06
Acquisition_2429_3_1.png,21,290.0,351.5,11.24,10.19,120.73,3.88
Acquisition_2429_3_1.png,22,318.8,298.9,16.09,13.68,13.44,5.55
Acquisition_2429_3_1.png,23,301.7,276.2,13.37,12.33,28.79,4.61
Acquisition_2429_3_1.png,24,862.6,264.6,17.06,12.67,144.64,5.89
Acquisition_2429_3_1.png,25,827.2,223.3,14.58,13.32,172.54,5.03
Acquisition_2429_3_1.png,26,558.6,202.4,14.18,9.37,88.15,4.89
Acquisition_2429_3_1.png,27,456.9,194.5,13.57,12.88,113.45,4.68
Acquisition_2429_3_1.png,28,440.0,165.4,16.48,10.68,126.12,5.69
Acquisition_2429_3_1.png,29,149.1,133.0,16.4,14.04,0.25,5.66
Acquisition_2429_3_1.png,30,918.8,102.9,20.59,15.12,41.81,7.1
Acquisition_2429_3_1.png,31,710.0,98.6,32.8,14.96,26.78,11.32
Acquisition_2429_3_1.png,32,232.4,47.6,16.65,13.7,36.26,5.74
Acquisition_2429_3_1.png,33,377.5,31.3,18.91,12.53,133.41,6.52
Acquisition_2429_3_1.png,34,708.4,18.2,16.31,10.67,99.58,5.63
Acquisition_2475_0_0.png,1,545.6,1005.2,10.84,9.81,64.28,3.74
Acquisition_2475_0_0.png,2,744.1,1001.5,14.36,14.07,24.08,4.96
Acquisition_2475_0_0.png,3,781.4,985.2,14.89,14.31,49.34,5.14
Acquisition_2475_0_0.png,4,267.5,975.8,17.19,14.78,106.82,5.93
Acquisition_2475_0_0.png,5,830.4,969.0,14.25,11.6,179.14,4.92
Acquisition_2475_0_0.png,6,950.2,954.2,7.2,5.54,82.66,2.48
Acquisition_2475_0_0.png,7,577.0,941.3,16.29,13.13,115.18,5.62
Acquisition_2475_0_0.png,8,285.9,942.2,15.08,9.83,167.7,5.2
Acquisition_2475_0_0.png,9,948.3,930.9,14.66,13.98,87.28,5.06
Acquisition_2475_0_0.png,10,585.1,890.4,11.07,7.07,124.69,3.82
Acquisition_2475_0_0.png,11,531.2,890.8,18.61,12.06,98.64,6.42
Acquisition_2475_0_0.png,12,959.0,867.0,20.81,13.66,154.22,7.18
Acquisition_2475_0_0.png,13,230.4,830.5,15.88,12.04,56.08,5.48
Acquisition_2475_0_0.png,14,907.0,807.1,10.06,6.97,149.03,3.47
Acquisition_2475_0_0.png,15,608.5,794.5,15.4,13.61,129.01,5.31
Acquisition_2475_0_0.png,16,849.6,787.9,12.83,11.08,100.68,4.43
Acquisition_2475_0_0.png,17,216.6,760.6,9.01,7.37,126.83,3.11
Acquisition_2475_0_0.png,18,449.8,749.7,9.54,5.79,109.0,3.29
Acquisition_2475_0_0.png,19,632.6,722.0,13.85,11.71,54.79,4.78
Acquisition_2475_0_0.png,20,277.6,718.2,9.02,7.14,105.08,3.11
Acquisition_2475_0_0.png,21,242.8,714.8,7.76,5.78,68.51,2.68
Acquisition_2475_0_0.png,22,212.0,710.9,9.53,7.52,89.84,3.29
Acquisition_2475_0_0.png,23,708.1,668.7,7.21,6.81,103.59,2.49
Acquisition_2475_0_0.png,24,11.0,689.1,42.41,19.91,161.31,14.63
Acquisition_2475_0_0.png,25,97.6,670.9,14.85,14.2,124.27,5.12
Acquisition_2475_0_0.png,26,601.5,668.8,13.67,10.06,147.87,4.72
Acquisition_2475_0_0.png,27,240.0,655.3,10.02,9.15,123.94,3.46
Acquisition_2475_0_0.png,28,265.6,644.3,15.09,12.72,158.52,5.21
Acquisition_2475_0_0.png,29,565.0,634.8,11.77,8.88,94.74,4.06
Acquisition_2475_0_0.png,30,607.6,626.0,13.09,10.04,161.31,4.52
Acquisition_2475_0_0.png,31,405.9,554.6,12.6,10.76,104.0,4.35
Acquisition_2475_0_0.png,32,824.9,530.0,9.23,8.83,74.7,3.18
Acquisition_2475_0_0.png,33,44.0,523.6,15.84,13.23,123.97,5.47
Acquisition_2475_0_0.png,34,864.3,521.3,13.61,10.64,111.77,4.7
Acquisition_2475_0_0.png,35,438.5,510.7,13.49,10.39,7.28,4.65
Acquisition_2475_0_0.png,36,733.7,503.5,15.11,7.68,144.16,5.21
Acquisition_2475_0_0.png,37,181.5,488.9,14.92,14.06,74.3,5.15
Acquisition_2475_0_0.png,38,830.7,483.5,10.08,7.92,90.0,3.48
Acquisition_2475_0_0.png,39,476.6,483.8,15.83,9.99,168.91,5.46
Acquisition_2475_0_0.png,40,713.3,472.7,12.0,10.01,116.67,4.14
Acquisition_2475_0_0.png,41,451.1,465.6,12.17,7.91,121.31,4.2
Acquisition_2475_0_0.png,42,856.6,461.4,12.39,6.67,115.25,4.28
Acquisition_2475_0_0.png,43,85.3,456.7,15.67,14.5,124.04,5.4
Acquisition_2475_0_0.png,44,501.3,447.3,15.84,13.37,5.37,5.47
Acquisition_2475_0_0.png,45,135.6,431.4,12.57,11.81,18.47,4.34
Acquisition_2475_0_0.png,46,231.8,427.4,12.28,8.68,64.39,4.24
Acquisition_2475_0_0.png,47,449.2,425.0,10.72,7.95,115.48,3.7
Acquisition_2475_0_0.png,48,49.5,406.4,17.23,14.41,78.17,5.94
Acquisition_2475_0_0.png,49,500.4,396.1,9.87,8.95,106.97,3.4
Acquisition_2475_0_0.png,50,670.0,375.6,15.26,12.49,114.39,5.26
Acquisition_2475_0_0.png,51,945.7,372.0,13.2,9.78,113.04,4.55
Acquisition_2475_0_0.png,52,653.1,375.3,16.66,15.04,141.52,5.75
Acquisition_2475_0_0.png,53,673.2,336.9,13.55,9.76,136.56,4.67
Acquisition_2475_0_0.png,54,97.8,337.0,16.23,12.13,10.48,5.6
Acquisition_2475_0_0.png,55,203.2,274.4,14.42,11.65,94.47,4.98
Acquisition_2475_0_0.png,56,505.3,268.3,17.28,12.17,115.2,5.96
Acquisition_2475_0_0.png,57,180.0,264.7,12.93,9.19,125.17,4.46
Acquisition_2475_0_0.png,58,655.1,253.8,15.23,9.55,113.41,5.26
Acquisition_2475_0_0.png,59,676.7,190.8,9.5,8.17,118.0,3.28
Acquisition_2475_0_0.png,60,646.2,184.7,11.71,10.26,144.18,4.04
Acquisition_2475_0_0.png,61,164.4,158.8,15.11,13.82,106.9,5.21
Acquisition_2475_0_0.png,62,385.1,140.5,17.97,14.68,95.07,6.2
Acquisition_2475_0_0.png,63,826.1,127.6,14.08,13.12,159.65,4.86
Acquisition_2475_0_0.png,64,753.5,123.3,7.54,5.8,32.23,2.6
Acquisition_2475_0_0.png,65,896.7,124.9,15.44,14.67,6.54,5.33
Acquisition_2475_0_0.png,66,63.8,115.0,11.08,9.43,111.85,3.82
Acquisition_2475_0_0.png,67,596.8,82.5,16.59,11.39,141.45,5.72
Acquisition_2475_0_0.png,68,433.7,78.3,13.87,12.17,135.4,4.78
Acquisition_2475_0_0.png,69,512.2,20.4,16.54,9.48,106.69,5.71
Acquisition_2475_0_0.png,70,339.2,2.3,17.69,16.47,66.15,6.1
Acquisition_2475_0_1.png,1,1019.7,840.9,18.41,14.93,120.31,6.35
Acquisition_2475_0_1.png,2,807.1,806.7,14.52,10.26,173.21,5.01
Acquisition_2475_0_1.png,3,945.9,780.4,14.73,10.87,146.77,5.08
Acquisition_2475_0_1.png,4,918.0,774.4,8.32,6.95,130.45,2.87
Acquisition_2475_0_1.png,5,749.1,767.7,15.81,14.18,36.05,5.46
Acquisition_2475_0_1.png,6,784.8,762.7,17.98,14.77,84.08,6.2
Acquisition_2475_0_1.png,7,737.4,743.5,16.81,11.65,97.35,5.8
Acquisition_2475_0_1.png,8,935.3,706.6,15.63,15.01,57.89,5.39
Acquisition_2475_0_1.png,9,590.1,683.0,15.4,14.16,14.96,5.31
Acquisition_2475_0_1.png,10,760.2,652.3,9.03,5.46,65.96,3.11
Acquisition_2475_0_1.png,11,728.4,642.0,14.57,13.52,80.96,5.03
Acquisition_2475_0_1.png,12,674.6,611.7,7.98,7.0,94.75,2.75
Acquisition_2475_0_1.png,13,539.3,595.3,15.28,10.37,14.38,5.27
Acquisition_2475_0_1.png,14,304.7,584.7,16.5,16.14,84.45,5.69
Acquisition_2475_0_1.png,15,468.5,570.6,18.61,13.68,104.62,6.42
Acquisition_2475_0_1.png,16,855.5,564.3,7.79,7.13,82.86,2.69
Acquisition_2475_0_1.png,17,779.6,547.4,26.1,10.41,88.94,9.0
Acquisition_2475_0_1.png,18,239.3,537.0,14.47,13.43,72.24,4.99
Acquisition_2475_0_1.png,19,174.8,522.1,12.15,11.37,132.51,4.19
Acquisition_2475_0_1.png,20,327.2,513.7,16.82,15.02,30.68,5.8
Acquisition_2475_0_1.png,21,173.8,466.6,18.68,11.31,82.51,6.44
Acquisition_2475_0_1.png,22,785.0,450.6,10.44,6.06,45.05,3.6
Acquisition_2475_0_1.png,23,650.0,453.6,31.43,15.71,115.32,10.84
Acquisition_2475_0_1.png,24,631.9,432.1,16.55,10.59,107.2,5.71
Acquisition_2475_0_1.png,25,354.3,428.0,11.54,7.1,65.5,3.98
Acquisition_2475_0_1.png,26,963.1,428.2,15.09,12.03,4.56,5.2
Acquisition_2475_0_1.png,27,626.2,411.4,15.89,12.71,177.68,5.48
Acquisition_2475_0_1.png,28,998.9,404.9,17.28,13.77,139.41,5.96
Acquisition_2475_0_1.png,29,350.6,396.7,13.49,9.97,85.84,4.66
Acquisition_2475_0_1.png,30,584.9,392.4,10.23,8.15,69.69,3.53
Acquisition_2475_0_1.png,31,631.0,394.8,17.13,14.73,111.35,5.91
Acquisition_2475_0_1.png,32,364.9,381.6,18.46,12.23,106.55,6.37
Acquisition_2475_0_1.png,33,363.9,355.4,13.48,11.65,153.06,4.65
Acquisition_2475_0_1.png,34,337.4,351.2,22.86,15.39,109.47,7.89
Acquisition_2475_0_1.png,35,293.1,340.6,15.89,13.25,29.92,5.48
Acquisition_2475_0_1.png,36,761.5,323.0,5.85,4.64,0.0,2.02
Acquisition_2475_0_1.png,37,858.9,299.4,8.31,7.76,137.93,2.87
Acquisition_2475_0_1.png,38,81.4,304.0,22.75,17.88,137.48,7.85
Acquisition_2475_0_1.png,39,812.1,280.1,8.79,6.98,136.71,3.03
Acquisition_2475_0_1.png,40,119.4,276.7,13.41,11.51,87.84,4.63
Acquisition_2475_0_1.png,41,570.7,249.3,12.96,11.69,137.72,4.47
Acquisition_2475_0_1.png,42,264.5,245.4,13.41,10.9,88.9,4.63
Acquisition_2475_0_1.png,43,827.0,235.3,8.41,6.39,118.84,2.9
Acquisition_2475_0_1.png,44,687.3,235.6,16.66,13.23,59.05,5.75
Acquisition_2475_0_1.png,45,870.5,230.7,10.94,7.55,75.35,3.77
Acquisition_2475_0_1.png,46,378.9,205.8,15.3,13.29,87.06,5.28
Acquisition_2475_0_1.png,47,439.4,192.6,10.85,10.62,64.48,3.74
Acquisition_2475_0_1.png,48,183.9,172.2,11.12,8.23,99.99,3.84
Acquisition_2475_0_1.png,49,781.4,171.4,15.83,10.56,53.5,5.46
Acquisition_2475_0_1.png,50,998.5,164.5,9.81,5.46,76.73,3.38
Acquisition_2475_0_1.png,51,407.9,154.5,14.6,9.79,84.59,5.04
Acquisition_2475_0_1.png,52,564.0,144.7,6.38,6.17,141.63,2.2
Acquisition_2475_0_1.png,53,792.1,147.9,14.87,14.38,164.67,5.13
Acquisition_2475_0_1.png,54,960.2,143.6,16.5,14.49,16.27,5.69
Acquisition_2475_0_1.png,55,334.7,141.8,12.5,7.31,133.1,4.31
Acquisition_2475_0_1.png,56,548.3,124.8,12.34,8.02,53.09,4.26
Acquisition_2475_0_1.png,57,312.7,117.2,19.1,12.37,115.36,6.59
Acquisition_2475_0_1.png,58,823.6,109.4,14.5,12.68,84.91,5.0
Acquisition_2475_0_1.png,59,926.3,105.5,18.78,12.98,166.56,6.48
Acquisition_2475_0_1.png,60,272.7,86.3,16.51,15.62,93.09,5.69
Acquisition_2475_0_1.png,61,224.8,62.8,11.7,11.33,100.1,4.04
Acquisition_2475_0_1.png,62,366.3,21.2,15.57,9.42,104.39,5.37
Acquisition_2475_0_1.png,63,350.2,8.5,14.46,12.11,131.53,4.99
Acquisition_2475_1_0.png,1,159.6,1014.7,20.99,13.39,26.98,7.24
Acquisition_2475_1_0.png,2,830.5,1007.0,10.48,9.7,5.26,3.61
Acquisition_2475_1_0.png,3,175.5,994.6,15.17,14.98,8.6,5.23
Acquisition_2475_1_0.png,4,975.9,994.5,13.76,13.03,113.17,4.75
Acquisition_2475_1_0.png,5,295.8,989.6,21.49,13.08,38.11,7.41
Acquisition_2475_1_0.png,6,1003.6,955.3,15.49,9.6,45.25,5.34
Acquisition_2475_1_0.png,7,710.9,947.1,11.97,9.3,110.49,4.13
Acquisition_2475_1_0.png,8,471.5,944.3,10.52,6.35,139.95,3.63
Acquisition_2475_1_0.png,9,930.8,929.3,8.12,7.19,18.85,2.8
Acquisition_2475_1_0.png,10,347.6,922.9,14.57,11.4,97.46,5.03
Acquisition_2475_1_0.png,11,895.0,912.1,12.89,8.84,77.04,4.45
Acquisition_2475_1_0.png,12,337.4,899.8,17.01,10.13,42.18,5.87
Acquisition_2475_1_0.png,13,666.6,891.2,8.2,6.47,12.01,2.83
Acquisition_2475_1_0.png,14,637.2,880.8,7.09,4.41,3.3,2.45
Acquisition_2475_1_0.png,15,706.4,878.5,16.32,13.49,86.3,5.63
Acquisition_2475_1_0.png,16,759.1,833.8,12.67,11.13,7.73,4.37
Acquisition_2475_1_0.png,17,743.8,749.3,13.51,12.06,79.92,4.66
Acquisition_2475_1_0.png,18,116.7,740.1,14.42,11.57,4.41,4.98
Acquisition_2475_1_0.png,19,228.0,679.4,20.09,14.48,80.69,6.93
Acquisition_2475_1_0.png,20,790.8,661.8,12.01,6.77,130.1,4.14
Acquisition_2475_1_0.png,21,460.2,653.8,16.7,11.85,152.35,5.76
Acquisition_2475_1_0.png,22,280.7,625.2,12.6,11.2,113.16,4.35
Acquisition_2475_1_0.png,23,202.7,623.2,12.45,8.86,132.53,4.3
Acquisition_2475_1_0.png,24,535.0,607.0,15.43,15.07,151.64,5.32
Acquisition_2475_1_0.png,25,257.1,600.1,15.35,10.3,152.97,5.3
Acquisition_2475_1_0.png,26,475.1,568.3,10.6,9.96,75.64,3.66
Acquisition_2475_1_0.png,27,123.8,563.7,14.57,13.62,74.59,5.03
Acquisition_2475_1_0.png,28,189.6,548.3,12.51,8.3,44.03,4.32
Acquisition_2475_1_0.png,29,437.8,536.5,15.53,9.49,145.48,5.36
Acquisition_2475_1_0.png,30,762.9,520.3,16.68,12.9,143.29,5.76
Acquisition_2475_1_0.png,31,607.4,518.1,15.42,10.92,157.25,5.32
Acquisition_2475_1_0.png,32,679.7,508.5,17.15,13.75,79.2,5.92
Acquisition_2475_1_0.png,33,482.9,467.3,23.94,16.52,101.46,8.26
Acquisition_2475_1_0.png,34,714.7,455.1,15.66,13.11,119.04,5.4
Acquisition_2475_1_0.png,35,560.6,438.3,11.08,10.46,110.28,3.82
Acquisition_2475_1_0.png,36,388.8,441.0,15.2,11.42,20.46,5.24
Acquisition_2475_1_0.png,37,927.5,420.1,13.3,8.4,80.95,4.59
Acquisition_2475_1_0.png,38,872.9,423.4,14.0,11.25,162.33,4.83
Acquisition_2475_1_0.png,39,1020.3,411.5,16.76,12.19,107.96,5.78
Acquisition_2475_1_0.png,40,979.7,401.3,17.43,16.33,33.25,6.01
Acquisition_2475_1_0.png,41,500.9,359.8,14.7,14.64,32.74,5.07
Acquisition_2475_1_0.png,42,832.7,343.2,15.26,14.24,166.72,5.26
Acquisition_2475_1_0.png,43,425.6,336.9,15.04,13.15,172.11,5.19
Acquisition_2475_1_0.png,44,898.8,327.7,15.33,12.45,140.43,5.29
Acquisition_2475_1_0.png,45,880.1,316.8,8.56,8.19,4.97,2.95
Acquisition_2475_1_0.png,46,914.8,314.7,13.03,11.76,159.16,4.5
Acquisition_2475_1_0.png,47,351.8,315.8,15.3,13.69,151.92,5.28
Acquisition_2475_1_0.png,48,98.2,315.5,16.18,11.16,150.91,5.58
Acquisition_2475_1_0.png,49,773.8,301.2,15.08,14.45,54.88,5.2
Acquisition_2475_1_0.png,50,723.9,298.0,16.34,10.5,0.14,5.64
Acquisition_2475_1_0.png,51,546.5,287.1,13.35,10.6,145.13,4.61
Acquisition_2475_1_0.png,52,600.3,283.5,12.82,8.45,75.15,4.42
Acquisition_2475_1_0.png,53,831.7,232.7,16.91,14.09,148.67,5.83
Acquisition_2475_1_0.png,54,662.3,133.8,15.93,14.65,21.36,5.49
Acquisition_2475_1_0.png,55,747.5,96.8,11.25,8.21,169.24,3.88
Acquisition_2475_1_0.png,56,568.8,84.4,17.16,13.26,142.19,5.92
Acquisition_2475_1_0.png,57,534.5,71.4,11.15,10.81,102.76,3.85
Acquisition_2475_1_0.png,58,520.2,49.1,16.13,15.28,115.08,5.57
Acquisition_2475_1_0.png,59,626.9,39.3,29.47,19.69,54.23,10.17
Acquisition_2475_1_0.png,60,184.9,19.8,16.02,11.05,86.73,5.53
Acquisition_2475_1_0.png,61,594.6,19.8,21.44,15.04,86.81,7.4
Acquisition_2475_1_1.png,1,947.9,978.5,11.97,11.8,34.42,4.13
Acquisition_2475_1_1.png,2,906.6,968.3,15.65,11.5,154.37,5.4
Acquisition_2475_1_1.png,3,321.0,945.0,18.48,15.39,104.22,6.37
Acquisition_2475_1_1.png,4,968.2,939.2,11.28,10.15,76.37,3.89
Acquisition_2475_1_1.png,5,439.5,919.3,11.25,6.84,74.64,3.88
Acquisition_2475_1_1.png,6,916.5,916.5,12.13,9.23,123.67,4.18
Acquisition_2475_1_1.png,7,553.7,889.2,14.59,13.89,48.41,5.03
Acquisition_2475_1_1.png,8,372.5,888.1,22.11,15.91,86.81,7.63
Acquisition_2475_1_1.png,9,737.0,817.0,8.39,6.23,76.38,2.89
Acquisition_2475_1_1.png,10,425.7,779.7,11.95,8.01,66.62,4.12
Acquisition_2475_1_1.png,11,296.2,758.3,16.13,14.8,157.27,5.57
Acquisition_2475_1_1.png,12,874.5,711.9,10.45,8.62,99.08,3.61
Acquisition_2475_1_1.png,13,215.1,700.4,14.17,10.04,110.05,4.89
Acquisition_2475_1_1.png,14,274.4,674.2,16.39,14.52,37.01,5.66
Acquisition_2475_1_1.png,15,731.0,660.2,16.25,13.81,179.82,5.61
Acquisition_2475_1_1.png,16,434.8,656.9,17.41,11.62,5.29,6.01
Acquisition_2475_1_1.png,17,661.4,642.3,9.6,6.73,4.34,3.31
Acquisition_2475_1_1.png,18,1013.5,633.1,15.19,13.91,87.63,5.24
Acquisition_2475_1_1.png,19,311.2,622.4,15.28,12.35,75.01,5.27
Acquisition_2475_1_1.png,20,916.4,602.3,15.28,11.66,93.1,5.27
Acquisition_2475_1_1.png,21,740.6,573.1,9.06,6.84,18.44,3.13
Acquisition_2475_1_1.png,22,748.0,551.0,7.43,7.11,158.76,2.56
Acquisition_2475_1_1.png,23,912.2,553.6,15.39,10.32,131.12,5.31
Acquisition_2475_1_1.png,24,0.3,546.0,16.3,11.61,170.51,5.62
Acquisition_2475_1_1.png,25,88.1,535.5,14.85,9.06,6.49,5.12
Acquisition_2475_1_1.png,26,461.1,526.8,9.56,4.09,177.59,3.3
Acquisition_2475_1_1.png,27,328.8,515.2,10.81,7.39,104.11,3.73
Acquisition_2475_1_1.png,28,422.5,498.6,15.38,13.35,29.7,5.31
Acquisition_2475_1_1.png,29,455.5,487.8,15.15,12.89,147.92,5.23
Acquisition_2475_1_1.png,30,438.4,421.3,16.79,12.98,160.08,5.79
Acquisition_2475_1_1.png,31,339.9,412.5,9.96,8.32,82.77,3.44
Acquisition_2475_1_1.png,32,998.7,406.6,12.35,10.67,152.57,4.26
Acquisition_2475_1_1.png,33,727.8,391.1,16.62,13.98,67.87,5.73
Acquisition_2475_1_1.png,34,696.0,389.0,10.89,7.55,8.49,3.76
Acquisition_2475_1_1.png,35,775.5,387.2,16.9,11.67,64.9,5.83
Acquisition_2475_1_1.png,36,955.7,377.3,13.58,13.3,56.35,4.69
Acquisition_2475_1_1.png,37,271.8,347.5,16.62,14.58,24.58,5.73
Acquisition_2475_1_1.png,38,899.3,325.8,8.77,6.34,23.99,3.02
Acquisition_2475_1_1.png,39,707.5,328.6,14.72,13.19,100.8,5.08
Acquisition_2475_1_1.png,40,781.6,320.4,20.28,10.36,72.8,7.0
Acquisition_2475_1_1.png,41,719.3,271.0,16.46,15.41,121.16,5.68
Acquisition_2475_1_1.png,42,138.9,267.3,16.75,12.56,71.84,5.78
Acquisition_2475_1_1.png,43,776.3,251.0,9.09,7.02,57.16,3.14
Acquisition_2475_1_1.png,44,921.2,225.9,15.78,11.58,73.01,5.44
Acquisition_2475_1_1.png,45,547.9,215.3,15.05,14.34,109.82,5.19
Acquisition_2475_1_1.png,46,309.3,173.8,14.63,13.78,90.66,5.05
Acquisition_2475_1_1.png,47,932.5,145.3,16.19,11.09,160.55,5.59
Acquisition_2475_1_1.png,48,359.4,142.0,14.07,10.45,63.04,4.85
Acquisition_2475_1_1.png,49,527.0,141.5,15.12,12.59,117.57,5.22
Acquisition_2475_1_1.png,50,36.0,106.5,6.84,6.36,106.89,2.36
Acquisition_2475_1_1.png,51,113.9,91.9,12.58,11.2,134.84,4.34
Acquisition_2475_1_1.png,52,566.1,75.4,15.15,12.11,171.0,5.23
Acquisition_2475_1_1.png,53,363.5,67.5,14.24,12.9,130.5,4.91
Acquisition_2475_2_0.png,1,370.7,1018.2,14.32,14.18,116.09,4.94
Acquisition_2475_2_0.png,2,610.9,1011.9,18.59,10.67,0.92,6.41
Acquisition_2475_2_0.png,3,551.2,983.0,14.04,13.59,17.3,4.84
Acquisition_2475_2_0.png,4,664.1,981.8,14.62,12.23,44.46,5.04
Acquisition_2475_2_0.png,5,737.9,951.6,16.44,14.09,151.85,5.67
Acquisition_2475_2_0.png,6,976.6,915.3,30.36,16.46,123.23,10.47
Acquisition_2475_2_0.png,7,392.9,871.1,12.65,11.76,105.88,4.36
Acquisition_2475_2_0.png,8,991.3,854.6,17.16,10.93,152.67,5.92
Acquisition_2475_2_0.png,9,859.5,839.6,15.1,14.27,27.3,5.21
Acquisition_2475_2_0.png,10,799.2,829.2,15.84,13.47,73.45,5.46
Acquisition_2475_2_0.png,11,132.3,760.2,7.77,6.26,25.35,2.68
Acquisition_2475_2_0.png,12,482.8,758.9,8.76,7.33,3.08,3.02
Acquisition_2475_2_0.png,13,869.1,760.0,27.99,10.24,48.78,9.66
Acquisition_2475_2_0.png,14,386.6,740.2,12.12,9.28,41.01,4.18
Acquisition_2475_2_0.png,15,1000.1,736.0,5.83,5.18,169.71,2.01
Acquisition_2475_2_0.png,16,861.2,735.0,14.82,11.24,159.15,5.11
Acquisition_2475_2_0.png,17,991.6,723.6,15.3,11.84,148.84,5.28
Acquisition_2475_2_0.png,18,658.1,724.7,21.89,13.41,160.35,7.55
Acquisition_2475_2_0.png,19,735.0,698.7,11.51,7.32,53.76,3.97
Acquisition_2475_2_0.png,20,909.5,698.4,14.8,11.51,135.38,5.11
Acquisition_2475_2_0.png,21,848.1,695.6,12.76,9.28,3.18,4.4
Acquisition_2475_2_0.png,22,860.0,690.0,9.41,7.65,2.87,3.25
Acquisition_2475_2_0.png,23,335.6,637.4,7.73,6.81,19.1,2.67
Acquisition_2475_2_0.png,24,664.9,594.0,15.24,13.12,115.23,5.26
Acquisition_2475_2_0.png,25,475.9,592.6,16.47,12.38,138.64,5.68
Acquisition_2475_2_0.png,26,198.2,583.8,14.34,11.17,35.37,4.95
Acquisition_2475_2_0.png,27,980.4,496.7,10.02,6.52,13.14,3.46
Acquisition_2475_2_0.png,28,740.0,477.7,16.0,10.06,69.66,5.52
Acquisition_2475_2_0.png,29,712.3,478.4,16.8,12.77,112.76,5.8
Acquisition_2475_2_0.png,30,1019.6,472.0,18.33,12.92,59.65,6.32
Acquisition_2475_2_0.png,31,679.4,456.6,14.22,13.24,5.1,4.91
Acquisition_2475_2_0.png,32,715.4,425.1,15.99,11.91,53.63,5.52
Acquisition_2475_2_0.png,33,606.1,398.7,18.4,12.45,7.81,6.35
Acquisition_2475_2_0.png,34,973.8,392.7,13.59,10.84,144.84,4.69
Acquisition_2475_2_0.png,35,814.4,381.8,13.87,10.2,176.42,4.79
Acquisition_2475_2_0.png,36,748.6,370.3,19.62,13.7,147.18,6.77
Acquisition_2475_2_0.png,37,184.2,370.0,16.09,12.79,19.21,5.55
Acquisition_2475_2_0.png,38,953.5,354.5,20.48,12.65,136.65,7.06
Acquisition_2475_2_0.png,39,605.8,346.0,8.58,7.22,149.64,2.96
Acquisition_2475_2_0.png,40,926.6,332.3,12.91,7.92,50.28,4.45
Acquisition_2475_2_0.png,41,987.3,310.9,16.53,11.9,128.18,5.7
Acquisition_2475_2_0.png,42,789.4,262.4,13.2,10.73,13.52,4.55
Acquisition_2475_2_0.png,43,999.1,201.8,11.07,10.27,173.42,3.82
Acquisition_2475_2_0.png,44,706.4,200.4,14.37,13.01,168.56,4.96
Acquisition_2475_2_0.png,45,283.8,103.3,14.78,12.82,93.22,5.1
Acquisition_2475_2_0.png,46,956.2,101.6,12.71,9.81,152.55,4.38
Acquisition_2475_2_0.png,47,735.5,78.6,16.69,13.84,85.55,5.76
Acquisition_2475_2_0.png,48,686.3,62.7,13.16,10.51,175.39,4.54
Acquisition_2475_2_0.png,49,227.0,57.6,15.35,14.12,143.73,5.3
Acquisition_2475_2_0.png,50,756.5,41.1,34.99,20.99,25.62,12.07
Acquisition_2475_2_0.png,51,68.7,12.7,19.11,13.04,13.1,6.59
Acquisition_2475_2_1.png,1,913.5,1007.5,18.78,13.93,83.5,6.48
Acquisition_2475_2_1.png,2,79.9,1001.3,11.52,7.91,169.6,3.98
Acquisition_2475_2_1.png,3,537.7,967.5,12.93,11.47,115.83,4.46
Acquisition_2475_2_1.png,4,5.8,949.9,16.66,12.09,102.39,5.75
Acquisition_2475_2_1.png,5,500.8,939.2,17.05,11.43,147.37,5.88
Acquisition_2475_2_1.png,6,828.5,935.6,15.31,9.32,44.2,5.28
Acquisition_2475_2_1.png,7,126.6,916.0,11.06,10.17,140.64,3.82
Acquisition_2475_2_1.png,8,796.5,874.4,19.39,14.12,90.54,6.69
Acquisition_2475_2_1.png,9,852.4,867.1,13.66,9.3,134.64,4.71
Acquisition_2475_2_1.png,10,483.2,847.1,17.52,14.88,82.47,6.04
Acquisition_2475_2_1.png,11,446.6,804.0,16.53,13.81,66.39,5.7
Acquisition_2475_2_1.png,12,614.1,775.8,14.48,9.61,169.93,5.0
Acquisition_2475_2_1.png,13,964.9,750.4,15.01,11.83,136.78,5.18
Acquisition_2475_2_1.png,14,477.0,727.9,17.16,10.4,149.52,5.92
Acquisition_2475_2_1.png,15,941.2,680.3,14.71,12.02,177.57,5.07
Acquisition_2475_2_1.png,16,871.9,670.8,17.32,14.71,10.59,5.98
Acquisition_2475_2_1.png,17,534.7,666.8,18.24,13.15,29.85,6.29
Acquisition_2475_2_1.png,18,28.5,645.3,14.42,12.88,101.39,4.98
Acquisition_2475_2_1.png,19,975.2,641.0,15.35,14.2,124.01,5.3
Acquisition_2475_2_1.png,20,406.4,633.5,17.31,16.56,132.5,5.97
Acquisition_2475_2_1.png,21,886.6,623.2,12.26,9.97,50.32,4.23
Acquisition_2475_2_1.png,22,67.4,604.9,13.26,8.52,168.17,4.58
Acquisition_2475_2_1.png,23,200.9,590.2,15.53,8.15,39.25,5.36
Acquisition_2475_2_1.png,24,969.2,576.8,11.41,9.69,79.95,3.94
Acquisition_2475_2_1.png,25,25.3,566.1,21.34,16.69,153.62,7.36
Acquisition_2475_2_1.png,26,747.7,550.8,13.26,8.53,150.22,4.57
Acquisition_2475_2_1.png,27,988.0,546.4,14.15,8.82,94.06,4.88
Acquisition_2475_2_1.png,28,906.0,538.1,22.72,15.66,167.0,7.84
Acquisition_2475_2_1.png,29,655.7,533.8,14.71,14.27,140.69,5.07
Acquisition_2475_2_1.png,30,300.8,528.8,10.12,9.55,162.69,3.49
Acquisition_2475_2_1.png,31,414.4,523.1,10.26,7.83,153.44,3.54
Acquisition_2475_2_1.png,32,586.9,498.8,12.28,8.36,132.22,4.24
Acquisition_2475_2_1.png,33,841.2,496.1,16.56,10.88,151.06,5.71
Acquisition_2475_2_1.png,34,99.1,494.5,20.27,9.45,35.32,6.99
Acquisition_2475_2_1.png,35,1005.7,470.4,12.61,12.01,25.17,4.35
Acquisition_2475_2_1.png,36,756.3,439.8,15.08,9.87,0.78,5.2
Acquisition_2475_2_1.png,37,147.8,437.4,13.15,8.08,169.04,4.54
Acquisition_2475_2_1.png,38,274.1,435.7,15.68,11.88,106.64,5.41
Acquisition_2475_2_1.png,39,1013.9,432.4,17.89,11.97,147.59,6.17
Acquisition_2475_2_1.png,40,912.0,426.8,15.89,12.77,26.1,5.48
Acquisition_2475_2_1.png,41,934.5,378.9,16.66,14.58,102.39,5.75
Acquisition_2475_2_1.png,42,407.3,369.7,15.94,12.4,3.33,5.5
Acquisition_2475_2_1.png,43,583.2,282.0,15.12,9.32,23.21,5.22
Acquisition_2475_2_1.png,44,774.9,277.8,15.63,13.86,120.36,5.39
Acquisition_2475_2_1.png,45,287.4,275.8,15.74,8.7,86.75,5.43
Acquisition_2475_2_1.png,46,82.0,267.5,7.35,6.57,0.0,2.54
Acquisition_2475_2_1.png,47,438.2,264.2,12.14,9.55,113.6,4.19
Acquisition_2475_2_1.png,48,331.4,244.7,15.59,8.84,177.19,5.38
Acquisition_2475_2_1.png,49,173.0,224.1,14.43,13.47,93.34,4.98
Acquisition_2475_2_1.png,50,239.4,199.8,17.58,13.81,164.05,6.06
Acquisition_2475_2_1.png,51,424.3,173.4,16.18,7.75,29.49,5.58
Acquisition_2475_2_1.png,52,938.8,163.8,18.37,9.49,54.02,6.34
Acquisition_2475_2_1.png,53,626.6,162.4,14.71,10.87,164.23,5.08
Acquisition_2475_2_1.png,54,188.7,144.3,14.73,9.99,175.69,5.08
Acquisition_2475_2_1.png,55,237.7,137.6,14.92,11.51,1.05,5.15
Acquisition_2475_2_1.png,56,1009.0,117.3,13.95,11.59,137.07,4.81
Acquisition_2475_2_1.png,57,291.0,91.3,17.97,14.57,157.29,6.2
Acquisition_2475_2_1.png,58,173.4,77.8,16.13,11.48,170.68,5.56
Acquisition_2475_2_1.png,59,544.3,62.2,10.67,8.21,90.84,3.68
Acquisition_2475_2_1.png,60,60.0,56.9,11.31,9.2,117.44,3.9
Acquisition_2475_2_1.png,61,310.0,28.1,13.69,7.17,59.93,4.72
Acquisition_2475_2_1.png,62,20.3,17.5,14.38,11.65,59.99,4.96
Acquisition_2475_2_1.png,63,191.5,13.2,11.48,8.77,123.93,3.96
Acquisition_2475_3_0.png,1,226.6,993.5,7.43,6.33,161.96,2.56
Acquisition_2475_3_0.png,2,433.1,987.2,16.05,11.3,128.08,5.54
Acquisition_2475_3_0.png,3,14.5,980.7,10.68,6.83,1.72,3.69
Acquisition_2475_3_0.png,4,308.5,983.3,33.47,17.45,77.13,11.55
Acquisition_2475_3_0.png,5,846.7,978.2,17.28,11.93,25.13,5.96
Acquisition_2475_3_0.png,6,523.7,960.8,13.55,12.83,118.98,4.67
Acquisition_2475_3_0.png,7,182.9,955.4,18.42,9.78,78.32,6.35
Acquisition_2475_3_0.png,8,521.0,937.1,17.04,11.29,157.95,5.88
Acquisition_2475_3_0.png,9,571.3,913.6,17.37,13.68,111.72,5.99
Acquisition_2475_3_0.png,10,314.5,904.1,9.08,7.36,134.26,3.13
Acquisition_2475_3_0.png,11,974.8,904.1,16.61,12.6,5.15,5.73
Acquisition_2475_3_0.png,12,576.1,881.9,10.23,6.77,25.89,3.53
Acquisition_2475_3_0.png,13,2.8,880.0,14.93,11.38,22.5,5.15
Acquisition_2475_3_0.png,14,935.3,865.9,13.06,9.25,72.76,4.51
Acquisition_2475_3_0.png,15,525.2,851.0,10.92,7.54,97.45,3.77
Acquisition_2475_3_0.png,16,84.8,828.0,16.45,11.94,174.62,5.68
Acquisition_2475_3_0.png,17,543.2,818.6,8.46,6.2,13.64,2.92
Acquisition_2475_3_0.png,18,644.8,764.7,13.0,5.85,34.71,4.48
Acquisition_2475_3_0.png,19,422.8,741.3,16.46,12.22,127.12,5.68
Acquisition_2475_3_0.png,20,879.7,738.9,36.84,13.61,169.8,12.71
Acquisition_2475_3_0.png,21,619.7,727.0,15.29,11.26,35.7,5.28
Acquisition_2475_3_0.png,22,791.2,703.3,7.3,6.35,69.14,2.52
Acquisition_2475_3_0.png,23,626.1,700.9,11.89,8.88,84.34,4.1
Acquisition_2475_3_0.png,24,830.0,665.5,13.7,11.92,172.94,4.73
Acquisition_2475_3_0.png,25,760.5,647.7,16.1,11.51,63.41,5.55
Acquisition_2475_3_0.png,26,519.6,640.5,15.34,13.12,85.89,5.29
Acquisition_2475_3_0.png,27,751.0,622.1,13.18,9.77,33.22,4.55
Acquisition_2475_3_0.png,28,520.3,625.4,29.33,13.58,102.72,10.12
Acquisition_2475_3_0.png,29,557.8,617.2,20.18,10.55,57.01,6.96
Acquisition_2475_3_0.png,30,193.3,603.9,15.99,11.75,103.92,5.52
Acquisition_2475_3_0.png,31,763.4,593.7,15.61,9.21,16.67,5.39
Acquisition_2475_3_0.png,32,256.6,588.9,19.13,12.42,133.03,6.6
Acquisition_2475_3_0.png,33,410.6,580.3,11.58,11.13,90.55,3.99
Acquisition_2475_3_0.png,34,280.1,570.5,12.45,7.95,173.2,4.3
Acquisition_2475_3_0.png,35,474.1,562.2,17.11,13.54,135.49,5.9
Acquisition_2475_3_0.png,36,403.4,559.7,11.55,8.17,13.46,3.99
Acquisition_2475_3_0.png,37,90.7,539.8,21.34,15.52,100.0,7.36
Acquisition_2475_3_0.png,38,140.0,521.0,14.04,12.99,71.25,4.84
Acquisition_2475_3_0.png,39,516.0,516.8,17.8,13.06,111.98,6.14
Acquisition_2475_3_0.png,40,1004.3,519.8,29.0,10.86,153.46,10.0
Acquisition_2475_3_0.png,41,301.4,509.1,17.43,13.19,172.88,6.01
Acquisition_2475_3_0.png,42,952.4,484.9,12.97,10.95,73.57,4.47
Acquisition_2475_3_0.png,43,724.8,481.7,15.12,13.92,170.06,5.22
Acquisition_2475_3_0.png,44,76.0,472.0,17.57,14.2,75.5,6.06
Acquisition_2475_3_0.png,45,185.5,459.7,10.52,9.59,90.0,3.63
Acquisition_2475_3_0.png,46,163.3,458.1,14.81,12.79,42.04,5.11
Acquisition_2475_3_0.png,47,971.5,453.6,13.91,10.87,129.05,4.8
Acquisition_2475_3_0.png,48,372.1,454.7,16.92,14.85,44.98,5.84
Acquisition_2475_3_0.png,49,729.1,432.7,14.51,14.4,98.67,5.0
Acquisition_2475_3_0.png,50,818.5,384.5,14.84,10.05,72.17,5.12
Acquisition_2475_3_0.png,51,918.7,366.2,19.21,14.11,146.56,6.63
Acquisition_2475_3_0.png,52,1012.4,349.8,14.61,11.22,63.32,5.04
Acquisition_2475_3_0.png,53,52.3,317.3,15.37,10.52,179.85,5.3
Acquisition_2475_3_0.png,54,988.5,317.6,19.66,14.0,22.29,6.78
Acquisition_2475_3_0.png,55,628.9,302.7,15.4,9.16,24.36,5.31
Acquisition_2475_3_0.png,56,48.3,292.0,7.14,6.56,83.73,2.46
Acquisition_2475_3_0.png,57,705.9,288.8,18.95,11.42,13.19,6.54
Acquisition_2475_3_0.png,58,740.0,283.1,18.1,7.39,51.81,6.24
Acquisition_2475_3_0.png,59,863.8,279.1,17.18,14.54,171.95,5.93
Acquisition_2475_3_0.png,60,186.2,241.0,16.73,16.18,72.52,5.77
Acquisition_2475_3_0.png,61,216.3,221.6,14.8,11.79,67.43,5.11
Acquisition_2475_3_0.png,62,669.6,208.2,13.61,12.29,159.92,4.7
Acquisition_2475_3_0.png,63,476.0,173.4,20.35,10.63,97.13,7.02
Acquisition_2475_3_0.png,64,258.1,171.2,17.59,11.46,2.78,6.07
Acquisition_2475_3_0.png,65,326.2,175.6,36.71,19.49,34.83,12.66
Acquisition_2475_3_0.png,66,223.5,164.6,12.41,9.33,90.46,4.28
Acquisition_2475_3_0.png,67,519.2,153.7,16.31,12.84,130.93,5.63
Acquisition_2475_3_0.png,68,308.3,123.3,17.74,8.68,119.1,6.12
Acquisition_2475_3_0.png,69,338.1,100.4,15.26,11.81,162.13,5.26
Acquisition_2475_3_0.png,70,557.3,82.9,13.99,11.77,10.48,4.83
Acquisition_2475_3_1.png,1,577.6,1016.1,24.63,13.51,97.05,8.5
Acquisition_2475_3_1.png,2,607.2,1004.2,10.35,8.94,3.14,3.57
Acquisition_2475_3_1.png,3,912.7,961.4,12.89,12.1,129.47,4.45
Acquisition_2475_3_1.png,4,535.8,955.6,9.6,8.54,109.73,3.31
Acquisition_2475_3_1.png,5,244.2,945.1,10.99,7.72,1.11,3.79
Acquisition_2475_3_1.png,6,133.2,947.0,19.01,13.54,145.94,6.56
Acquisition_2475_3_1.png,7,808.4,938.9,16.05,11.91,22.82,5.54
Acquisition_2475_3_1.png,8,133.5,932.5,11.52,8.69,69.9,3.97
Acquisition_2475_3_1.png,9,536.2,904.8,10.09,5.45,101.96,3.48
Acquisition_2475_3_1.png,10,193.0,908.2,15.42,8.43,38.18,5.32
Acquisition_2475_3_1.png,11,29.2,889.9,14.49,8.92,2.63,5.0
Acquisition_2475_3_1.png,12,948.7,872.0,13.79,11.89,160.32,4.76
Acquisition_2475_3_1.png,13,484.3,866.4,23.15,8.46,35.81,7.99
Acquisition_2475_3_1.png,14,930.8,863.0,17.24,11.22,55.76,5.95
Acquisition_2475_3_1.png,15,264.4,857.0,11.5,11.2,157.61,3.97
Acquisition_2475_3_1.png,16,253.2,845.2,15.92,12.44,125.7,5.49
Acquisition_2475_3_1.png,17,162.9,841.7,14.77,13.63,105.63,5.1
Acquisition_2475_3_1.png,18,922.6,813.0,18.16,13.18,134.34,6.26
Acquisition_2475_3_1.png,19,80.1,751.0,18.17,11.04,147.96,6.27
Acquisition_2475_3_1.png,20,1010.3,744.0,12.86,12.78,5.65,4.44
Acquisition_2475_3_1.png,21,836.5,712.8,11.72,7.98,158.05,4.04
Acquisition_2475_3_1.png,22,437.5,686.4,15.02,13.44,60.18,5.18
Acquisition_2475_3_1.png,23,3.1,683.0,13.97,13.3,114.03,4.82
Acquisition_2475_3_1.png,24,526.5,674.2,15.25,12.03,15.49,5.26
Acquisition_2475_3_1.png,25,157.5,673.4,14.93,12.9,84.68,5.15
Acquisition_2475_3_1.png,26,78.9,667.5,10.75,9.62,86.38,3.71
Acquisition_2475_3_1.png,27,619.6,655.0,17.15,16.26,135.92,5.92
Acquisition_2475_3_1.png,28,357.8,650.1,15.33,14.76,139.51,5.29
Acquisition_2475_3_1.png,29,599.9,640.6,15.93,10.26,127.23,5.49
Acquisition_2475_3_1.png,30,453.4,626.7,10.68,10.15,83.53,3.68
Acquisition_2475_3_1.png,31,186.0,629.7,16.86,15.63,126.7,5.82
Acquisition_2475_3_1.png,32,558.3,622.2,13.7,12.77,24.95,4.73
Acquisition_2475_3_1.png,33,292.7,601.4,17.87,12.35,14.84,6.17
Acquisition_2475_3_1.png,34,78.7,592.0,15.67,15.27,107.77,5.41
Acquisition_2475_3_1.png,35,881.3,583.9,14.22,13.76,52.58,4.91
Acquisition_2475_3_1.png,36,359.5,576.1,32.79,17.37,30.98,11.31
Acquisition_2475_3_1.png,37,409.6,561.2,15.44,11.47,139.52,5.33
Acquisition_2475_3_1.png,38,60.8,546.4,13.65,10.01,49.87,4.71
Acquisition_2475_3_1.png,39,557.8,539.7,18.59,12.72,11.7,6.41
Acquisition_2475_3_1.png,40,276.1,531.4,14.79,11.66,69.03,5.1
Acquisition_2475_3_1.png,41,615.4,517.5,16.77,10.09,32.12,5.79
Acquisition_2475_3_1.png,42,880.2,506.3,16.43,15.37,144.21,5.67
Acquisition_2475_3_1.png,43,238.8,504.5,16.99,12.26,178.7,5.86
Acquisition_2475_3_1.png,44,989.7,480.7,18.62,12.03,136.82,6.42
Acquisition_2475_3_1.png,45,486.7,480.2,16.94,12.14,126.38,5.84
Acquisition_2475_3_1.png,46,57.2,473.5,10.51,9.69,173.07,3.62
Acquisition_2475_3_1.png,47,848.9,462.6,11.45,9.31,173.24,3.95
Acquisition_2475_3_1.png,48,458.0,453.4,17.71,12.54,114.94,6.11
Acquisition_2475_3_1.png,49,875.4,432.1,15.23,13.37,77.69,5.25
Acquisition_2475_3_1.png,50,160.3,417.4,15.33,13.18,51.81,5.29
Acquisition_2475_3_1.png,51,156.7,399.0,13.82,10.3,152.82,4.77
Acquisition_2475_3_1.png,52,670.7,388.3,15.72,13.37,115.21,5.42
Acquisition_2475_3_1.png,53,794.4,368.5,18.17,11.4,2.06,6.27
Acquisition_2475_3_1.png,54,756.0,362.4,8.2,7.77,31.3,2.83
Acquisition_2475_3_1.png,55,126.5,357.1,16.98,14.05,126.17,5.86
Acquisition_2475_3_1.png,56,52.8,309.7,17.6,11.82,62.96,6.07
Acquisition_2475_3_1.png,57,69.4,284.2,12.08,8.78,47.15,4.17
Acquisition_2475_3_1.png,58,500.8,272.0,19.25,13.03,129.42,6.64
Acquisition_2475_3_1.png,59,455.7,265.4,13.43,12.91,122.18,4.63
Acquisition_2475_3_1.png,60,153.5,269.1,30.76,13.46,164.85,10.61
Acquisition_2475_3_1.png,61,836.2,239.2,7.46,5.59,4.88,2.57
Acquisition_2475_3_1.png,62,799.0,226.8,9.21,6.99,31.82,3.18
Acquisition_2475_3_1.png,63,658.3,222.1,16.63,14.05,67.69,5.74
Acquisition_2475_3_1.png,64,113.2,199.7,17.67,14.46,27.69,6.1
Acquisition_2475_3_1.png,65,148.7,174.2,5.39,4.92,95.42,1.86
Acquisition_2475_3_1.png,66,703.8,158.8,13.36,12.33,67.86,4.61
Acquisition_2475_3_1.png,67,135.0,156.0,17.54,12.22,76.79,6.05
Acquisition_2475_3_1.png,68,900.7,146.1,13.82,12.4,63.43,4.77
Acquisition_2475_3_1.png,69,741.3,118.3,15.66,9.4,138.59,5.4
Acquisition_2475_3_1.png,70,162.2,97.1,12.8,11.46,25.35,4.42
Acquisition_2475_3_1.png,71,259.4,87.8,16.96,14.0,55.04,5.85
Acquisition_2475_3_1.png,72,890.3,75.9,14.71,10.3,102.32,5.07
Acquisition_2475_3_1.png,73,694.1,76.2,11.33,9.74,61.0,3.91
Acquisition_2475_3_1.png,74,691.6,50.0,12.58,12.09,28.47,4.34
Acquisition_2475_3_1.png,75,425.6,48.4,14.96,14.34,17.5,5.16
Acquisition_2475_3_1.png,76,832.0,44.8,18.2,14.38,106.78,6.28
Acquisition_2475_3_1.png,77,386.6,42.6,15.28,11.51,168.97,5.27
Acquisition_2475_3_1.png,78,278.7,33.0,15.54,9.52,59.99,5.36
Acquisition_2475_3_1.png,79,888.9,26.8,15.14,12.87,46.89,5.22
Acquisition_2475_3_1.png,80,725.1,20.2,10.16,6.87,13.74,3.51
Acquisition_2475_3_1.png,81,843.3,8.8,17.71,14.01,1.78,6.11
Acquisition_2475_3_1.png,82,450.1,5.3,14.0,10.71,174.88,4.83
Acquisition_2475_3_1.png,83,158.6,9.4,20.43,14.56,149.26,7.05
Acquisition_2519_0_0.png,1,357.5,916.1,13.31,8.06,136.83,4.59
Acquisition_2519_0_0.png,2,651.6,883.5,15.3,13.91,144.62,5.28
Acquisition_2519_0_0.png,3,408.5,870.8,12.68,12.0,64.72,4.38
Acquisition_2519_0_0.png,4,774.8,857.5,13.31,11.86,121.41,4.59
Acquisition_2519_0_0.png,5,456.8,845.8,17.59,14.2,165.15,6.07
Acquisition_2519_0_0.png,6,1008.7,821.0,15.15,14.14,78.32,5.23
Acquisition_2519_0_0.png,7,684.6,818.6,17.07,13.73,99.15,5.89
Acquisition_2519_0_0.png,8,968.2,797.2,10.68,8.6,138.26,3.68
Acquisition_2519_0_0.png,9,298.7,768.2,16.45,11.08,108.23,5.68
Acquisition_2519_0_0.png,10,1019.0,768.8,16.67,15.47,128.93,5.75
Acquisition_2519_0_0.png,11,828.7,766.4,15.55,14.2,119.48,5.37
Acquisition_2519_0_0.png,12,971.8,741.9,17.06,12.73,104.47,5.89
Acquisition_2519_0_0.png,13,591.5,741.3,16.96,11.68,138.1,5.85
Acquisition_2519_0_0.png,14,1009.8,727.4,14.27,9.26,136.89,4.92
Acquisition_2519_0_0.png,15,901.2,698.1,9.34,7.13,116.38,3.22
Acquisition_2519_0_0.png,16,203.3,671.7,18.25,9.19,170.17,6.3
Acquisition_2519_0_0.png,17,886.7,668.1,15.59,14.26,98.3,5.38
Acquisition_2519_0_0.png,18,415.4,657.4,13.47,10.6,118.82,4.65
Acquisition_2519_0_0.png,19,643.0,645.5,19.45,9.27,140.77,6.71
Acquisition_2519_0_0.png,20,839.5,620.5,8.94,7.99,81.16,3.08
Acquisition_2519_0_0.png,21,948.2,583.6,17.09,13.37,161.9,5.9
Acquisition_2519_0_0.png,22,800.9,558.3,12.08,8.36,153.17,4.17
Acquisition_2519_0_0.png,23,865.9,513.5,15.98,12.59,85.36,5.51
Acquisition_2519_0_0.png,24,958.7,497.2,11.9,10.15,125.92,4.11
Acquisition_2519_0_0.png,25,470.0,487.8,20.57,13.54,44.24,7.1
Acquisition_2519_0_0.png,26,547.1,487.6,24.59,19.59,9.37,8.48
Acquisition_2519_0_0.png,27,990.3,419.2,20.67,14.31,95.61,7.13
Acquisition_2519_0_0.png,28,459.7,328.0,26.89,8.98,123.53,9.28
Acquisition_2519_0_1.png,1,401.2,993.4,14.58,12.41,77.04,5.03
Acquisition_2519_0_1.png,2,221.5,952.7,15.14,13.48,44.23,5.22
Acquisition_2519_0_1.png,3,170.7,921.3,17.59,15.83,34.43,6.07
Acquisition_2519_0_1.png,4,663.7,903.4,14.57,12.59,86.73,5.03
Acquisition_2519_0_1.png,5,1007.9,870.0,16.63,12.44,58.83,5.74
Acquisition_2519_0_1.png,6,1012.3,846.8,16.42,11.58,45.14,5.67
Acquisition_2519_0_1.png,7,982.8,843.7,17.5,16.1,152.75,6.04
Acquisition_2519_0_1.png,8,971.8,818.3,13.35,12.07,88.26,4.61
Acquisition_2519_0_1.png,9,80.4,805.1,19.14,11.71,92.24,6.6
Acquisition_2519_0_1.png,10,957.2,771.1,14.94,13.5,1.66,5.15
Acquisition_2519_0_1.png,11,968.5,733.7,13.04,11.94,106.36,4.5
Acquisition_2519_0_1.png,12,678.3,733.7,15.61,14.38,91.8,5.38
Acquisition_2519_0_1.png,13,749.6,728.8,16.38,14.88,89.18,5.65
Acquisition_2519_0_1.png,14,844.6,653.2,12.62,9.9,127.82,4.35
Acquisition_2519_0_1.png,15,643.6,654.7,15.26,14.86,138.38,5.26
Acquisition_2519_0_1.png,16,166.7,630.7,13.04,11.46,37.58,4.5
Acquisition_2519_0_1.png,17,344.4,575.2,14.44,14.32,147.13,4.98
Acquisition_2519_0_1.png,18,291.9,577.0,20.28,12.97,26.33,7.0
Acquisition_2519_0_1.png,19,194.3,551.4,14.77,12.24,153.11,5.1
Acquisition_2519_0_1.png,20,400.3,548.6,18.98,10.4,105.48,6.55
Acquisition_2519_0_1.png,21,383.6,519.6,16.16,10.57,66.72,5.58
Acquisition_2519_0_1.png,22,136.1,446.9,11.41,8.24,107.56,3.93
Acquisition_2519_0_1.png,23,58.7,446.0,12.07,9.68,102.65,4.16
Acquisition_2519_0_1.png,24,818.9,413.7,12.05,11.11,54.71,4.16
Acquisition_2519_0_1.png,25,60.2,410.2,10.81,9.89,83.71,3.73
Acquisition_2519_0_1.png,26,416.3,395.4,10.14,9.44,104.15,3.5
Acquisition_2519_0_1.png,27,799.6,368.5,16.62,14.07,89.02,5.73
Acquisition_2519_0_1.png,28,538.9,360.7,15.88,10.47,45.48,5.48
Acquisition_2519_0_1.png,29,837.6,359.6,13.77,12.76,74.95,4.75
Acquisition_2519_0_1.png,30,192.5,347.8,14.03,9.54,91.37,4.84
Acquisition_2519_0_1.png,31,497.9,347.1,16.28,10.43,37.84,5.62
Acquisition_2519_0_1.png,32,120.8,340.9,17.95,11.32,84.87,6.19
Acquisition_2519_0_1.png,33,657.1,218.8,12.61,9.88,10.47,4.35
Acquisition_2519_0_1.png,34,994.8,208.3,21.23,15.56,144.55,7.32
Acquisition_2519_0_1.png,35,637.7,203.0,29.45,16.57,60.02,10.16
Acquisition_2519_0_1.png,36,414.1,184.3,16.21,12.09,142.37,5.59
Acquisition_2519_0_1.png,37,326.7,166.5,14.89,8.37,110.89,5.14
Acquisition_2519_0_1.png,38,838.3,165.8,16.7,15.34,81.24,5.76
Acquisition_2519_0_1.png,39,512.3,156.0,15.81,13.28,92.19,5.45
Acquisition_2519_0_1.png,40,890.9,137.9,15.97,10.93,98.97,5.51
Acquisition_2519_0_1.png,41,835.2,136.1,15.25,14.43,116.15,5.26
Acquisition_2519_0_1.png,42,522.2,124.2,11.08,9.74,86.87,3.82
Acquisition_2519_0_1.png,43,740.7,121.8,11.97,11.37,107.12,4.13
Acquisition_2519_0_1.png,44,810.5,92.6,10.59,10.27,85.42,3.65
Acquisition_2519_0_1.png,45,278.5,86.0,14.66,11.0,79.18,5.06
Acquisition_2519_0_1.png,46,761.0,50.9,17.7,13.68,129.06,6.11
Acquisition_2519_0_1.png,47,211.6,10.9,16.62,11.46,80.66,5.73
Acquisition_2519_1_0.png,1,96.0,990.5,19.44,14.59,85.87,6.71
Acquisition_2519_1_0.png,2,420.4,988.2,17.18,10.77,0.96,5.93
Acquisition_2519_1_0.png,3,133.2,977.8,15.26,12.81,122.79,5.27
Acquisition_2519_1_0.png,4,507.5,950.7,19.12,13.31,153.51,6.6
Acquisition_2519_1_0.png,5,907.7,945.3,17.13,12.42,134.5,5.91
Acquisition_2519_1_0.png,6,912.3,925.4,14.21,11.2,105.28,4.9
Acquisition_2519_1_0.png,7,169.3,911.6,14.98,10.92,98.69,5.17
Acquisition_2519_1_0.png,8,101.8,904.1,14.24,12.62,154.36,4.91
Acquisition_2519_1_0.png,9,538.8,879.3,12.29,11.14,92.19,4.24
Acquisition_2519_1_0.png,10,94.2,873.8,14.54,12.19,170.71,5.02
Acquisition_2519_1_0.png,11,152.6,867.6,15.84,12.67,99.27,5.46
Acquisition_2519_1_0.png,12,93.9,849.3,22.23,16.31,44.72,7.67
Acquisition_2519_1_0.png,13,142.3,817.2,15.42,10.45,46.49,5.32
Acquisition_2519_1_0.png,14,712.2,816.4,18.86,13.19,155.53,6.51
Acquisition_2519_1_0.png,15,305.1,800.7,16.12,13.1,15.15,5.56
Acquisition_2519_1_0.png,16,25.7,785.9,17.07,11.56,17.92,5.89
Acquisition_2519_1_0.png,17,276.4,744.6,14.43,9.1,18.98,4.98
Acquisition_2519_1_0.png,18,133.2,736.6,14.68,13.96,18.59,5.06
Acquisition_2519_1_0.png,19,840.9,728.7,13.4,12.59,88.12,4.62
Acquisition_2519_1_0.png,20,345.2,725.4,12.25,10.46,107.75,4.23
Acquisition_2519_1_0.png,21,797.5,707.7,12.69,12.56,52.11,4.38
Acquisition_2519_1_0.png,22,1011.0,698.7,16.98,10.06,95.36,5.86
Acquisition_2519_1_0.png,23,942.9,684.1,23.27,13.84,117.74,8.03
Acquisition_2519_1_0.png,24,985.3,658.8,24.95,15.78,114.64,8.61
Acquisition_2519_1_0.png,25,642.0,627.3,13.88,12.09,0.0,4.79
Acquisition_2519_1_0.png,26,309.4,621.5,15.55,13.53,95.12,5.37
Acquisition_2519_1_0.png,27,876.6,605.0,10.94,10.29,117.67,3.77
Acquisition_2519_1_0.png,28,84.3,597.9,17.03,12.91,164.79,5.87
Acquisition_2519_1_0.png,29,367.5,594.3,15.6,14.23,114.48,5.38
Acquisition_2519_1_0.png,30,862.3,592.7,19.18,15.53,132.2,6.62
Acquisition_2519_1_0.png,31,379.0,574.9,15.63,12.26,139.41,5.39
Acquisition_2519_1_0.png,32,884.0,565.1,16.16,14.19,137.94,5.57
Acquisition_2519_1_0.png,33,86.0,505.7,18.32,15.33,179.91,6.32
Acquisition_2519_1_0.png,34,340.3,500.6,12.66,11.35,87.75,4.37
Acquisition_2519_1_0.png,35,20.5,498.4,14.97,12.5,122.26,5.16
Acquisition_2519_1_0.png,36,562.8,496.6,14.91,11.08,32.87,5.14
Acquisition_2519_1_0.png,37,722.5,467.6,14.05,11.66,95.88,4.85
Acquisition_2519_1_0.png,38,554.4,403.3,16.21,15.45,153.36,5.59
Acquisition_2519_1_0.png,39,504.8,397.8,17.62,13.25,135.25,6.08
Acquisition_2519_1_0.png,40,309.4,315.6,12.5,7.39,62.08,4.31
Acquisition_2519_1_0.png,41,206.7,268.2,17.13,9.55,95.43,5.91
Acquisition_2519_1_0.png,42,665.0,255.9,16.05,12.47,142.13,5.54
Acquisition_2519_1_0.png,43,820.5,182.5,14.79,11.74,164.97,5.1
Acquisition_2519_1_0.png,44,712.9,143.4,17.43,10.66,135.69,6.01
Acquisition_2519_1_0.png,45,304.4,80.0,13.69,11.69,13.12,4.72
Acquisition_2519_1_1.png,1,765.7,978.0,15.97,13.15,157.25,5.51
Acquisition_2519_1_1.png,2,135.4,972.9,17.4,15.38,2.08,6.0
Acquisition_2519_1_1.png,3,73.9,951.9,14.09,13.35,152.07,4.86
Acquisition_2519_1_1.png,4,548.0,935.6,14.34,13.04,161.22,4.95
Acquisition_2519_1_1.png,5,725.8,924.6,13.44,12.89,48.54,4.64
Acquisition_2519_1_1.png,6,511.1,921.9,14.35,10.67,64.55,4.95
Acquisition_2519_1_1.png,7,737.5,915.3,15.23,13.18,139.27,5.26
Acquisition_2519_1_1.png,8,695.3,903.0,13.92,12.63,26.58,4.8
Acquisition_2519_1_1.png,9,793.8,882.0,12.82,11.89,84.75,4.42
Acquisition_2519_1_1.png,10,700.1,818.9,15.17,11.92,2.55,5.23
Acquisition_2519_1_1.png,11,828.7,755.5,14.59,8.59,137.01,5.03
Acquisition_2519_1_1.png,12,798.0,731.3,8.97,8.66,173.94,3.1
Acquisition_2519_1_1.png,13,326.0,728.5,14.71,10.66,126.64,5.07
Acquisition_2519_1_1.png,14,301.2,720.1,13.01,11.99,92.12,4.49
Acquisition_2519_1_1.png,15,829.2,694.9,14.35,11.1,145.06,4.95
Acquisition_2519_1_1.png,16,900.1,671.0,14.47,9.82,131.32,4.99
Acquisition_2519_1_1.png,17,550.2,662.1,15.79,10.85,175.26,5.45
Acquisition_2519_1_1.png,18,579.4,651.9,15.18,14.19,162.64,5.24
Acquisition_2519_1_1.png,19,162.5,601.6,29.97,14.65,88.97,10.34
Acquisition_2519_1_1.png,20,112.2,558.3,12.85,11.44,7.12,4.43
Acquisition_2519_1_1.png,21,244.2,499.9,10.95,8.96,59.86,3.78
Acquisition_2519_1_1.png,22,228.9,495.8,12.8,9.94,145.08,4.42
Acquisition_2519_1_1.png,23,670.2,485.3,13.12,8.03,10.19,4.53
Acquisition_2519_1_1.png,24,628.8,475.7,36.7,14.39,90.06,12.66
Acquisition_2519_1_1.png,25,265.5,472.4,18.82,9.37,104.85,6.49
Acquisition_2519_1_1.png,26,684.0,469.7,10.84,9.93,72.49,3.74
Acquisition_2519_1_1.png,27,67.8,470.3,16.39,10.04,2.37,5.66
Acquisition_2519_1_1.png,28,863.7,417.1,16.62,11.99,29.11,5.73
Acquisition_2519_1_1.png,29,223.3,409.5,17.39,13.5,50.88,6.0
Acquisition_2519_1_1.png,30,875.9,403.4,11.35,10.14,174.21,3.91
Acquisition_2519_1_1.png,31,546.4,394.3,11.6,8.76,61.47,4.0
Acquisition_2519_1_1.png,32,779.1,380.6,8.27,6.15,101.09,2.85
Acquisition_2519_1_1.png,33,370.4,364.6,13.51,7.43,24.44,4.66
Acquisition_2519_1_1.png,34,491.9,363.6,14.11,13.84,98.13,4.87
Acquisition_2519_1_1.png,35,594.0,359.6,14.52,13.72,25.23,5.01
Acquisition_2519_1_1.png,36,864.7,342.9,8.48,3.95,3.21,2.93
Acquisition_2519_1_1.png,37,747.7,343.0,15.82,10.65,160.79,5.46
Acquisition_2519_1_1.png,38,831.0,335.9,15.6,12.87,154.21,5.38
Acquisition_2519_1_1.png,39,535.7,327.2,15.18,11.64,144.5,5.24
Acquisition_2519_1_1.png,40,762.2,317.0,13.0,10.94,37.74,4.48
Acquisition_2519_1_1.png,41,358.6,309.5,21.94,11.68,53.74,7.57
Acquisition_2519_1_1.png,42,919.7,303.5,16.93,12.83,100.12,5.84
Acquisition_2519_1_1.png,43,343.9,288.5,21.27,10.79,140.26,7.34
Acquisition_2519_1_1.png,44,678.8,278.2,16.09,12.33,68.0,5.55
Acquisition_2519_1_1.png,45,605.5,263.7,14.68,12.52,177.06,5.06
Acquisition_2519_1_1.png,46,550.6,245.1,20.57,11.08,13.06,7.1
Acquisition_2519_1_1.png,47,43.6,237.9,13.51,9.08,133.94,4.66
Acquisition_2519_1_1.png,48,466.6,215.3,9.1,5.93,139.35,3.14
Acquisition_2519_1_1.png,49,380.0,204.1,16.9,14.04,133.86,5.83
Acquisition_2519_1_1.png,50,753.6,163.3,11.73,7.72,26.77,4.05
Acquisition_2519_1_1.png,51,735.4,54.7,12.39,11.25,31.69,4.28
Acquisition_2519_1_1.png,52,676.3,46.5,12.61,10.3,114.45,4.35
Acquisition_2519_1_1.png,53,736.0,14.1,33.54,12.67,17.05,11.57
Acquisition_2519_2_1.png,1,610.8,966.2,14.19,9.57,37.44,4.9
Acquisition_2519_2_1.png,2,261.8,961.0,13.27,12.6,22.52,4.58
Acquisition_2519_2_1.png,3,904.8,911.3,15.58,14.55,41.83,5.37
Acquisition_2519_2_1.png,4,722.3,890.2,12.21,11.3,95.57,4.21
Acquisition_2519_2_1.png,5,652.1,867.2,15.42,10.39,154.3,5.32
Acquisition_2519_2_1.png,6,905.7,862.0,14.17,7.06,33.25,4.89
Acquisition_2519_2_1.png,7,931.4,847.2,15.31,14.01,135.02,5.28
Acquisition_2519_2_1.png,8,110.8,812.2,14.12,11.58,44.59,4.87
Acquisition_2519_2_1.png,9,576.9,801.1,15.7,13.31,62.48,5.42
Acquisition_2519_2_1.png,10,820.3,795.1,10.13,9.14,71.71,3.5
Acquisition_2519_2_1.png,11,757.0,767.3,11.77,8.76,143.91,4.06
Acquisition_2519_2_1.png,12,757.7,748.7,11.43,7.55,94.24,3.94
Acquisition_2519_2_1.png,13,212.3,688.3,8.78,7.66,26.98,3.03
Acquisition_2519_2_1.png,14,8.9,688.4,13.14,11.97,34.79,4.53
Acquisition_2519_2_1.png,15,1015.2,680.5,12.75,11.87,2.56,4.4
Acquisition_2519_2_1.png,16,466.9,656.9,13.22,8.13,37.42,4.56
Acquisition_2519_2_1.png,17,576.7,633.3,14.91,11.59,140.81,5.14
Acquisition_2519_2_1.png,18,665.4,611.3,15.57,10.11,149.03,5.37
Acquisition_2519_2_1.png,19,339.4,588.4,14.91,11.86,70.2,5.14
Acquisition_2519_2_1.png,20,320.9,576.9,12.34,9.77,124.36,4.26
Acquisition_2519_2_1.png,21,179.9,576.3,13.34,11.42,42.23,4.6
Acquisition_2519_2_1.png,22,486.3,577.0,17.67,12.66,176.69,6.1
Acquisition_2519_2_1.png,23,49.2,573.3,10.93,8.06,151.63,3.77
Acquisition_2519_2_1.png,24,1000.2,523.3,14.75,10.35,138.46,5.09
Acquisition_2519_2_1.png,25,751.1,485.1,13.14,11.33,92.86,4.53
Acquisition_2519_2_1.png,26,249.9,477.2,14.41,12.64,158.29,4.97
Acquisition_2519_2_1.png,27,637.8,439.2,12.82,7.47,11.79,4.42
Acquisition_2519_2_1.png,28,742.0,430.5,16.51,9.36,64.36,5.69
Acquisition_2519_2_1.png,29,670.4,369.4,15.43,13.52,123.24,5.32
Acquisition_2519_2_1.png,30,865.2,356.7,14.71,12.22,51.89,5.08
Acquisition_2519_2_1.png,31,832.1,352.9,11.55,6.14,175.4,3.98
Acquisition_2519_2_1.png,32,311.8,354.3,15.3,8.68,143.88,5.28
Acquisition_2519_2_1.png,33,583.9,352.1,14.47,13.78,25.03,4.99
Acquisition_2519_2_1.png,34,582.0,320.2,15.15,11.04,40.37,5.23
Acquisition_2519_2_1.png,35,773.5,310.3,13.67,10.5,25.56,4.72
Acquisition_2519_2_1.png,36,332.7,298.0,9.35,6.74,141.15,3.22
Acquisition_2519_2_1.png,37,214.8,263.7,14.69,12.22,122.01,5.07
Acquisition_2519_2_1.png,38,452.4,260.5,11.46,7.46,158.76,3.95
Acquisition_2519_2_1.png,39,939.0,217.2,13.73,10.31,91.77,4.74
Acquisition_2519_2_1.png,40,690.4,199.3,16.42,12.64,137.54,5.67
Acquisition_2519_2_1.png,41,531.8,190.9,13.63,12.87,51.76,4.7
Acquisition_2519_2_1.png,42,540.6,174.7,8.18,5.99,0.8,2.82
Acquisition_2519_2_1.png,43,182.3,152.2,15.75,8.96,31.26,5.43
Acquisition_2519_2_1.png,44,182.8,113.2,12.05,11.91,166.21,4.16
Acquisition_2519_2_1.png,45,142.4,99.4,16.58,10.87,125.84,5.72
Acquisition_2519_2_1.png,46,601.4,79.5,10.2,9.1,96.51,3.52
Acquisition_2519_2_1.png,47,541.3,62.8,17.22,12.05,9.76,5.94
Acquisition_2519_2_1.png,48,744.0,39.1,11.6,5.8,142.98,4.0
Acquisition_2519_2_1.png,49,767.2,37.6,10.2,9.6,110.48,3.52
Acquisition_2519_2_1.png,50,783.5,28.6,14.6,9.75,84.06,5.04
Acquisition_2519_2_1.png,51,112.7,23.3,11.49,11.45,104.66,3.96
Acquisition_2519_2_1.png,52,824.2,20.8,16.16,13.37,95.68,5.57
Acquisition_2519_3_0.png,1,201.7,1010.0,13.73,9.11,141.73,4.74
Acquisition_2519_3_0.png,2,606.3,956.4,17.43,11.03,174.2,6.01
Acquisition_2519_3_0.png,3,400.7,952.9,9.95,8.22,173.88,3.43
Acquisition_2519_3_0.png,4,900.4,904.5,18.24,12.66,91.56,6.29
Acquisition_2519_3_0.png,5,150.6,900.1,16.41,11.72,51.46,5.66
Acquisition_2519_3_0.png,6,447.3,894.0,16.29,14.07,108.23,5.62
Acquisition_2519_3_0.png,7,203.3,882.9,14.44,11.5,3.52,4.98
Acquisition_2519_3_0.png,8,178.2,871.9,13.96,11.87,151.48,4.81
Acquisition_2519_3_0.png,9,495.6,845.9,15.4,12.79,136.24,5.31
Acquisition_2519_3_0.png,10,924.3,778.4,10.45,8.9,85.76,3.61
Acquisition_2519_3_0.png,11,110.8,692.1,19.14,14.25,95.05,6.6
Acquisition_2519_3_0.png,12,334.9,691.8,17.49,13.64,3.51,6.03
Acquisition_2519_3_0.png,13,490.6,651.5,14.75,12.65,41.09,5.09
Acquisition_2519_3_0.png,14,910.4,614.0,14.7,13.55,43.16,5.07
Acquisition_2519_3_0.png,15,294.5,612.8,17.8,13.02,143.85,6.14
Acquisition_2519_3_0.png,16,542.9,608.2,17.57,13.5,6.41,6.06
Acquisition_2519_3_0.png,17,927.5,579.2,18.6,12.0,76.17,6.42
Acquisition_2519_3_0.png,18,897.9,569.5,16.65,8.85,3.98,5.75
Acquisition_2519_3_0.png,19,877.9,568.3,15.56,11.67,33.66,5.37
Acquisition_2519_3_0.png,20,439.2,564.0,14.81,13.77,63.13,5.11
Acquisition_2519_3_0.png,21,96.6,550.3,15.17,13.07,140.57,5.23
Acquisition_2519_3_0.png,22,308.1,542.4,19.28,9.09,144.52,6.65
Acquisition_2519_3_0.png,23,170.9,514.7,16.08,12.66,62.73,5.55
Acquisition_2519_3_0.png,24,650.5,482.1,9.92,8.4,8.66,3.42
Acquisition_2519_3_0.png,25,333.8,468.2,13.73,12.16,16.19,4.74
Acquisition_2519_3_0.png,26,816.9,462.9,17.67,12.47,60.11,6.1
Acquisition_2519_3_0.png,27,45.0,459.3,18.34,14.82,147.1,6.33
Acquisition_2519_3_0.png,28,268.4,413.8,12.89,10.29,175.19,4.45
Acquisition_2519_3_0.png,29,693.0,383.0,14.03,13.47,105.73,4.84
Acquisition_2519_3_0.png,30,394.9,382.9,16.34,13.12,25.08,5.64
Acquisition_2519_3_0.png,31,943.6,360.6,16.95,16.48,107.57,5.85
Acquisition_2519_3_0.png,32,829.1,357.5,14.16,13.14,148.67,4.88
Acquisition_2519_3_0.png,33,904.9,338.2,19.95,14.04,68.89,6.88
Acquisition_2519_3_0.png,34,805.3,333.4,18.3,14.6,111.53,6.31
Acquisition_2519_3_0.png,35,907.0,300.7,13.87,10.16,90.4,4.79
Acquisition_2519_3_0.png,36,968.0,282.6,16.2,15.31,82.69,5.59
Acquisition_2519_3_0.png,37,697.0,279.5,17.22,11.84,123.55,5.94
Acquisition_2519_3_0.png,38,739.6,265.9,16.32,10.19,80.37,5.63
Acquisition_2519_3_0.png,39,618.2,264.7,12.94,9.63,179.73,4.46
Acquisition_2519_3_0.png,40,194.0,255.1,16.03,11.92,170.71,5.53
Acquisition_2519_3_0.png,41,774.3,247.9,13.99,10.15,27.49,4.83
Acquisition_2519_3_0.png,42,655.4,190.4,15.71,14.77,131.92,5.42
Acquisition_2519_3_0.png,43,645.8,154.9,16.06,11.56,29.1,5.54
Acquisition_2519_3_0.png,44,919.7,146.3,15.62,14.83,43.23,5.39
Acquisition_2519_3_0.png,45,689.8,133.9,19.46,10.71,68.32,6.71
Acquisition_2519_3_0.png,46,1009.8,70.5,21.25,12.52,62.82,7.33
Acquisition_2519_3_1.png,1,304.2,965.1,18.06,15.68,24.48,6.23
Acquisition_2519_3_1.png,2,238.2,926.4,18.41,15.34,123.57,6.35
Acquisition_2519_3_1.png,3,422.2,904.9,15.4,11.87,178.81,5.31
Acquisition_2519_3_1.png,4,908.4,897.9,16.21,14.18,145.28,5.59
Acquisition_2519_3_1.png,5,733.1,882.8,16.9,13.85,1.08,5.83
Acquisition_2519_3_1.png,6,107.0,851.2,14.19,13.47,3.2,4.9
Acquisition_2519_3_1.png,7,327.9,836.0,17.75,14.57,110.78,6.13
Acquisition_2519_3_1.png,8,230.5,786.3,16.07,12.36,126.78,5.54
Acquisition_2519_3_1.png,9,174.0,752.5,12.25,9.62,50.07,4.23
Acquisition_2519_3_1.png,10,377.7,734.0,18.05,11.75,157.48,6.23
Acquisition_2519_3_1.png,11,274.2,693.7,14.93,13.64,68.67,5.15
Acquisition_2519_3_1.png,12,202.9,599.1,15.42,15.21,113.63,5.32
Acquisition_2519_3_1.png,13,396.2,593.7,11.94,8.38,46.91,4.12
Acquisition_2519_3_1.png,14,939.2,552.4,12.43,10.46,78.46,4.29
Acquisition_2519_3_1.png,15,492.7,552.5,13.96,13.48,38.72,4.81
Acquisition_2519_3_1.png,16,382.4,543.4,14.93,14.37,10.3,5.15
Acquisition_2519_3_1.png,17,419.7,534.8,15.42,14.62,61.17,5.32
Acquisition_2519_3_1.png,18,777.1,533.5,15.66,8.61,152.28,5.4
Acquisition_2519_3_1.png,19,556.6,511.2,14.15,12.11,82.35,4.88
Acquisition_2519_3_1.png,20,393.7,493.4,11.06,9.67,99.94,3.82
Acquisition_2519_3_1.png,21,466.4,456.2,15.09,10.51,31.65,5.2
Acquisition_2519_3_1.png,22,424.8,453.9,11.72,10.92,65.21,4.04
Acquisition_2519_3_1.png,23,9.9,453.6,14.03,12.22,134.52,4.84
Acquisition_2519_3_1.png,24,577.1,360.6,12.4,10.23,69.09,4.28
Acquisition_2519_3_1.png,25,943.5,353.8,16.49,13.75,29.4,5.69
Acquisition_2519_3_1.png,26,988.3,352.5,15.89,14.56,99.22,5.48
Acquisition_2519_3_1.png,27,597.0,295.0,12.51,10.37,53.85,4.32
Acquisition_2519_3_1.png,28,89.9,292.8,15.07,7.94,133.89,5.2
Acquisition_2519_3_1.png,29,1018.6,281.4,18.18,15.62,63.02,6.27
Acquisition_2519_3_1.png,30,558.6,221.1,15.77,8.76,59.16,5.44
Acquisition_2519_3_1.png,31,373.5,206.5,36.09,13.7,90.46,12.45
Acquisition_2519_3_1.png,32,699.3,203.5,11.69,7.01,148.22,4.03
Acquisition_2519_3_1.png,33,24.5,188.4,18.5,13.0,168.59,6.38
Acquisition_2519_3_1.png,34,247.1,183.5,16.11,13.88,153.83,5.56
Acquisition_2519_3_1.png,35,899.9,157.8,12.11,8.74,168.6,4.18
Acquisition_2519_3_1.png,36,249.0,155.8,24.9,11.05,84.67,8.59
Acquisition_2519_3_1.png,37,359.6,139.9,15.85,14.46,20.46,5.47
Acquisition_2519_3_1.png,38,353.5,117.3,13.26,12.23,30.19,4.58
Acquisition_2519_3_1.png,39,672.7,102.6,15.03,13.64,94.66,5.19
Acquisition_2519_3_1.png,40,439.1,98.8,15.06,14.04,37.7,5.2
Acquisition_2519_3_1.png,41,29.3,85.0,13.56,13.14,167.42,4.68
Acquisition_2519_3_1.png,42,465.9,27.6,8.97,6.9,92.94,3.1
Acquisition_2519_3_1.png,43,12.5,17.6,15.98,14.85,169.64,5.51
Acquisition_2635_0_0.png,1,713.4,1020.2,24.74,13.36,158.92,8.54
Acquisition_2635_0_0.png,2,923.7,992.6,21.42,13.22,9.53,7.39
Acquisition_2635_0_0.png,3,973.5,943.9,17.71,14.15,89.06,6.11
Acquisition_2635_0_0.png,4,89.4,912.6,18.08,17.12,27.91,6.24
Acquisition_2635_0_0.png,5,338.8,901.6,39.77,15.96,152.6,13.72
Acquisition_2635_0_0.png,6,371.2,885.6,21.36,16.14,18.58,7.37
Acquisition_2635_0_0.png,7,326.8,853.6,18.02,17.7,4.61,6.22
Acquisition_2635_0_0.png,8,701.5,839.0,18.81,15.96,105.11,6.49
Acquisition_2635_0_0.png,9,379.8,836.1,20.4,11.86,92.84,7.04
Acquisition_2635_0_0.png,10,535.2,831.2,12.08,9.62,25.22,4.17
Acquisition_2635_0_0.png,11,52.6,820.1,20.4,18.01,72.2,7.04
Acquisition_2635_0_0.png,12,268.7,816.5,19.92,16.29,146.18,6.87
Acquisition_2635_0_0.png,13,970.6,805.8,20.02,16.2,139.65,6.91
Acquisition_2635_0_0.png,14,338.2,808.2,41.81,14.91,40.81,14.43
Acquisition_2635_0_0.png,15,163.5,793.6,16.48,15.34,100.22,5.69
Acquisition_2635_0_0.png,16,144.5,778.1,17.17,15.98,147.94,5.92
Acquisition_2635_0_0.png,17,893.6,717.5,17.08,15.7,31.81,5.89
Acquisition_2635_0_0.png,18,552.0,711.2,13.24,7.59,118.69,4.57
Acquisition_2635_0_0.png,19,244.0,706.8,17.9,16.3,56.23,6.18
Acquisition_2635_0_0.png,20,655.5,698.1,13.39,11.7,142.54,4.62
Acquisition_2635_0_0.png,21,611.9,645.8,20.51,12.82,155.22,7.08
Acquisition_2635_0_0.png,22,650.4,618.0,16.2,13.28,53.32,5.59
Acquisition_2635_0_0.png,23,698.9,597.2,20.08,10.84,46.55,6.93
Acquisition_2635_0_0.png,24,667.4,595.3,20.12,12.75,179.16,6.94
Acquisition_2635_0_0.png,25,358.0,585.1,23.07,14.54,74.3,7.96
Acquisition_2635_0_0.png,26,469.6,582.3,18.25,16.27,102.29,6.3
Acquisition_2635_0_0.png,27,867.1,514.5,21.25,11.51,169.75,7.33
Acquisition_2635_0_0.png,28,709.7,515.0,18.21,16.09,8.38,6.28
Acquisition_2635_0_0.png,29,824.9,479.8,15.82,14.82,143.39,5.46
Acquisition_2635_0_0.png,30,809.6,460.0,19.76,14.88,9.36,6.82
Acquisition_2635_0_0.png,31,936.1,448.6,17.37,16.08,134.77,5.99
Acquisition_2635_0_0.png,32,863.3,442.5,19.0,14.79,140.8,6.56
Acquisition_2635_0_0.png,33,353.5,426.3,18.82,13.42,152.82,6.49
Acquisition_2635_0_0.png,34,755.7,421.8,18.25,13.28,102.9,6.3
Acquisition_2635_0_0.png,35,792.7,407.5,19.66,16.37,116.21,6.78
Acquisition_2635_0_0.png,36,839.8,391.5,17.93,15.26,114.34,6.19
Acquisition_2635_0_0.png,37,910.7,383.8,16.56,15.62,79.96,5.71
Acquisition_2635_0_0.png,38,746.4,365.6,16.42,16.23,138.35,5.67
Acquisition_2635_0_0.png,39,1007.5,331.4,16.92,10.39,124.75,5.84
Acquisition_2635_0_0.png,40,870.4,332.1,17.7,14.6,170.78,6.11
Acquisition_2635_0_0.png,41,520.5,336.0,32.7,12.8,156.54,11.28
Acquisition_2635_0_0.png,42,695.9,305.0,18.7,14.2,137.85,6.45
Acquisition_2635_0_0.png,43,472.3,276.5,22.46,14.43,96.96,7.75
Acquisition_2635_0_0.png,44,633.5,209.6,18.41,14.87,101.25,6.35
Acquisition_2635_0_0.png,45,892.0,203.2,18.48,16.14,157.31,6.37
Acquisition_2635_0_0.png,46,437.3,156.7,18.37,16.78,148.25,6.34
Acquisition_2635_0_0.png,47,514.5,145.8,21.89,17.38,127.46,7.55
Acquisition_2635_0_0.png,48,615.9,110.7,18.49,15.49,22.34,6.38
Acquisition_2635_0_0.png,49,270.5,110.8,17.46,15.76,134.24,6.02
Acquisition_2635_0_0.png,50,537.9,105.3,19.01,15.14,68.83,6.56
Acquisition_2635_0_0.png,51,177.5,100.4,19.46,18.24,112.7,6.71
Acquisition_2635_0_0.png,52,234.7,87.4,18.7,16.03,72.83,6.45
Acquisition_2635_0_0.png,53,156.8,76.3,17.79,17.0,139.9,6.14
Acquisition_2635_0_0.png,54,547.0,74.0,18.06,16.68,148.22,6.23
Acquisition_2635_0_0.png,55,182.0,33.8,18.65,17.99,115.74,6.43
Acquisition_2635_0_0.png,56,203.5,28.2,21.27,14.79,154.24,7.34
Acquisition_2635_0_0.png,57,553.0,18.0,15.41,13.2,100.38,5.32
Acquisition_2635_0_0.png,58,109.0,15.9,22.18,14.44,124.59,7.65
Acquisition_2635_0_1.png,1,972.3,1016.7,18.66,17.78,65.25,6.44
Acquisition_2635_0_1.png,2,127.7,986.5,19.59,17.74,11.37,6.76
Acquisition_2635_0_1.png,3,555.2,978.8,20.58,16.89,76.39,7.1
Acquisition_2635_0_1.png,4,320.2,968.2,20.92,14.2,88.2,7.22
Acquisition_2635_0_1.png,5,137.6,930.5,18.32,16.78,67.75,6.32
Acquisition_2635_0_1.png,6,191.6,917.5,21.9,16.03,17.36,7.56
Acquisition_2635_0_1.png,7,63.9,891.6,18.68,15.48,132.66,6.44
Acquisition_2635_0_1.png,8,69.9,863.6,17.87,16.32,5.19,6.16
Acquisition_2635_0_1.png,9,824.7,850.2,15.6,14.08,150.35,5.38
Acquisition_2635_0_1.png,10,795.7,844.7,20.82,14.04,95.61,7.18
Acquisition_2635_0_1.png,11,52.7,819.7,20.52,14.2,2.01,7.08
Acquisition_2635_0_1.png,12,209.1,812.4,18.78,16.24,161.48,6.48
Acquisition_2635_0_1.png,13,19.6,780.3,15.49,14.9,112.47,5.34
Acquisition_2635_0_1.png,14,501.2,760.7,17.89,14.98,5.98,6.17
Acquisition_2635_0_1.png,15,556.9,735.5,18.36,16.04,57.53,6.34
Acquisition_2635_0_1.png,16,651.8,727.5,18.58,15.55,124.07,6.41
Acquisition_2635_0_1.png,17,207.0,708.9,19.03,8.06,139.42,6.57
Acquisition_2635_0_1.png,18,967.9,699.3,16.37,11.85,79.02,5.65
Acquisition_2635_0_1.png,19,544.7,684.1,19.86,12.89,177.68,6.85
Acquisition_2635_0_1.png,20,986.4,649.9,18.69,16.52,175.11,6.45
Acquisition_2635_0_1.png,21,893.0,644.5,15.91,13.51,37.19,5.49
Acquisition_2635_0_1.png,22,557.1,642.9,21.7,16.14,143.09,7.49
Acquisition_2635_0_1.png,23,283.1,624.0,17.44,14.03,146.16,6.02
Acquisition_2635_0_1.png,24,822.1,590.3,17.82,16.11,62.3,6.15
Acquisition_2635_0_1.png,25,280.5,580.9,17.17,11.72,99.85,5.92
Acquisition_2635_0_1.png,26,776.3,568.7,13.73,12.83,10.83,4.74
Acquisition_2635_0_1.png,27,72.1,551.2,16.81,15.42,15.35,5.8
Acquisition_2635_0_1.png,28,349.1,541.6,18.55,16.13,82.25,6.4
Acquisition_2635_0_1.png,29,251.6,467.8,19.2,11.55,84.4,6.62
Acquisition_2635_0_1.png,30,187.0,457.1,37.86,16.88,129.18,13.06
Acquisition_2635_0_1.png,31,870.7,435.4,21.8,14.87,75.91,7.52
Acquisition_2635_0_1.png,32,300.1,357.8,16.85,12.09,109.74,5.81
Acquisition_2635_0_1.png,33,627.1,306.7,18.36,16.88,89.66,6.33
Acquisition_2635_0_1.png,34,728.0,299.9,15.44,9.44,132.57,5.33
Acquisition_2635_0_1.png,35,321.1,282.8,16.74,15.27,79.28,5.78
Acquisition_2635_0_1.png,36,667.5,274.3,15.73,12.04,97.5,5.43
Acquisition_2635_0_1.png,37,170.4,273.6,15.27,9.11,38.27,5.27
Acquisition_2635_0_1.png,38,515.9,272.7,15.95,15.52,149.19,5.5
Acquisition_2635_0_1.png,39,179.1,254.1,14.72,9.37,13.28,5.08
Acquisition_2635_0_1.png,40,143.2,227.3,17.64,16.11,50.35,6.08
Acquisition_2635_0_1.png,41,96.8,221.9,20.49,17.76,70.27,7.07
Acquisition_2635_0_1.png,42,314.4,205.1,25.12,18.17,29.82,8.67
Acquisition_2635_0_1.png,43,513.4,178.0,16.55,12.44,134.53,5.71
Acquisition_2635_0_1.png,44,323.9,160.0,9.13,9.09,117.75,3.15
Acquisition_2635_0_1.png,45,650.9,158.9,21.28,14.1,33.79,7.34
Acquisition_2635_0_1.png,46,254.1,118.0,13.71,10.66,117.81,4.73
Acquisition_2635_0_1.png,47,391.1,79.3,15.48,14.27,92.5,5.34
Acquisition_2635_0_1.png,48,304.0,64.9,16.2,15.58,127.46,5.59
Acquisition_2635_0_1.png,49,48.3,40.7,17.47,14.43,23.21,6.03
Acquisition_2635_0_1.png,50,472.8,36.6,16.25,11.5,2.34,5.61
Acquisition_2635_0_1.png,51,420.5,18.9,17.17,15.43,117.11,5.92
Acquisition_2635_0_1.png,52,339.9,11.6,19.51,15.7,142.74,6.73
Acquisition_2635_1_0.png,1,245.2,986.8,21.02,16.5,26.35,7.25
Acquisition_2635_1_0.png,2,365.0,974.2,22.12,16.3,43.59,7.63
Acquisition_2635_1_0.png,3,436.6,959.5,20.26,14.22,42.76,6.99
Acquisition_2635_1_0.png,4,201.4,914.1,20.7,15.67,113.25,7.14
Acquisition_2635_1_0.png,5,814.9,900.9,15.13,12.93,172.74,5.22
Acquisition_2635_1_0.png,6,560.8,894.4,17.05,13.33,57.24,5.88
Acquisition_2635_1_0.png,7,325.3,870.8,18.04,15.45,81.15,6.22
Acquisition_2635_1_0.png,8,111.2,846.1,20.73,12.88,106.5,7.15
Acquisition_2635_1_0.png,9,588.3,826.6,20.46,10.85,157.18,7.06
Acquisition_2635_1_0.png,10,848.5,763.5,19.55,13.03,65.41,6.75
Acquisition_2635_1_0.png,11,390.5,744.9,20.43,13.96,60.27,7.05
Acquisition_2635_1_0.png,12,215.9,723.3,23.69,12.36,16.63,8.17
Acquisition_2635_1_0.png,13,612.9,681.1,23.47,17.14,103.31,8.1
Acquisition_2635_1_0.png,14,640.6,654.2,17.66,13.7,93.19,6.09
Acquisition_2635_1_0.png,15,572.1,649.9,17.33,16.41,18.26,5.98
Acquisition_2635_1_0.png,16,288.6,643.8,19.84,10.58,33.91,6.84
Acquisition_2635_1_0.png,17,883.1,638.2,21.62,13.07,160.06,7.46
Acquisition_2635_1_0.png,18,242.7,628.2,21.24,15.6,124.21,7.33
Acquisition_2635_1_0.png,19,753.4,624.1,18.79,15.85,169.72,6.48
Acquisition_2635_1_0.png,20,542.0,620.5,22.11,14.49,41.29,7.63
Acquisition_2635_1_0.png,21,453.4,608.1,21.82,15.63,11.32,7.53
Acquisition_2635_1_0.png,22,516.9,601.4,19.89,13.87,25.38,6.86
Acquisition_2635_1_0.png,23,999.2,572.6,14.78,11.15,51.09,5.1
Acquisition_2635_1_0.png,24,644.3,565.9,19.92,10.01,9.97,6.87
Acquisition_2635_1_0.png,25,997.8,535.3,16.81,15.46,133.21,5.8
Acquisition_2635_1_0.png,26,910.8,532.0,15.89,8.94,165.13,5.48
Acquisition_2635_1_0.png,27,414.2,526.6,18.07,13.28,61.17,6.23
Acquisition_2635_1_0.png,28,937.9,507.2,22.45,12.95,118.78,7.74
Acquisition_2635_1_0.png,29,405.0,497.5,20.63,12.97,175.39,7.12
Acquisition_2635_1_0.png,30,525.9,464.9,21.06,16.22,46.45,7.27
Acquisition_2635_1_0.png,31,884.7,461.1,19.41,15.19,102.3,6.7
Acquisition_2635_1_0.png,32,128.0,462.6,19.08,17.53,155.23,6.58
Acquisition_2635_1_0.png,33,419.2,450.8,20.02,12.34,127.21,6.91
Acquisition_2635_1_0.png,34,198.0,428.6,13.94,7.18,84.52,4.81
Acquisition_2635_1_0.png,35,115.7,431.1,15.51,15.18,55.39,5.35
Acquisition_2635_1_0.png,36,360.6,431.7,18.26,16.42,168.12,6.3
Acquisition_2635_1_0.png,37,148.1,418.9,13.61,9.19,174.25,4.7
Acquisition_2635_1_0.png,38,609.5,401.4,21.24,15.33,3.01,7.33
Acquisition_2635_1_0.png,39,494.7,374.0,19.5,14.92,160.6,6.73
Acquisition_2635_1_0.png,40,475.9,367.3,17.71,16.11,132.64,6.11
Acquisition_2635_1_0.png,41,169.2,326.9,15.85,12.26,82.06,5.47
Acquisition_2635_1_0.png,42,146.1,274.1,21.82,10.06,4.5,7.53
Acquisition_2635_1_0.png,43,730.7,262.3,22.19,11.19,0.01,7.66
Acquisition_2635_1_0.png,44,758.0,256.8,17.63,14.17,162.29,6.08
Acquisition_2635_1_0.png,45,49.6,248.6,15.86,15.01,16.02,5.47
Acquisition_2635_1_0.png,46,715.5,232.3,22.6,15.06,116.32,7.8
Acquisition_2635_1_0.png,47,501.6,216.9,15.3,10.02,31.99,5.28
Acquisition_2635_1_0.png,48,810.3,209.8,10.95,9.85,10.12,3.78
Acquisition_2635_1_0.png,49,783.8,208.0,20.14,13.24,38.66,6.95
Acquisition_2635_1_0.png,50,832.4,166.2,18.06,14.18,95.19,6.23
Acquisition_2635_1_0.png,51,904.2,153.3,18.05,16.69,0.19,6.23
Acquisition_2635_1_0.png,52,949.6,127.0,15.95,15.54,137.55,5.5
Acquisition_2635_1_0.png,53,893.6,118.0,13.64,12.79,170.02,4.7
Acquisition_2635_1_1.png,1,165.7,1021.2,18.05,14.13,123.82,6.23
Acquisition_2635_1_1.png,2,17.7,985.8,17.97,12.03,92.18,6.2
Acquisition_2635_1_1.png,3,873.1,986.7,18.34,13.01,136.39,6.33
Acquisition_2635_1_1.png,4,818.0,981.0,17.63,14.95,174.83,6.08
Acquisition_2635_1_1.png,5,972.7,952.4,17.67,13.56,90.61,6.1
Acquisition_2635_1_1.png,6,384.4,930.8,13.78,12.13,31.69,4.76
Acquisition_2635_1_1.png,7,234.3,924.2,14.63,11.2,75.75,5.05
Acquisition_2635_1_1.png,8,988.2,915.4,18.4,15.72,171.78,6.35
Acquisition_2635_1_1.png,9,265.1,902.9,14.25,12.55,177.48,4.92
Acquisition_2635_1_1.png,10,762.1,883.5,17.85,15.19,139.1,6.16
Acquisition_2635_1_1.png,11,14.1,880.7,22.54,13.81,174.69,7.78
Acquisition_2635_1_1.png,12,70.5,859.3,16.35,15.15,145.82,5.64
Acquisition_2635_1_1.png,13,607.9,854.4,15.47,13.08,124.61,5.34
Acquisition_2635_1_1.png,14,262.3,826.0,22.03,11.02,99.2,7.6
Acquisition_2635_1_1.png,15,866.8,811.9,17.09,13.2,3.01,5.89
Acquisition_2635_1_1.png,16,691.7,810.2,13.93,11.97,168.49,4.81
Acquisition_2635_1_1.png,17,807.0,772.0,16.42,13.01,23.36,5.66
Acquisition_2635_1_1.png,18,953.8,761.9,20.01,11.03,6.53,6.9
Acquisition_2635_1_1.png,19,925.8,737.7,17.62,14.56,73.8,6.08
Acquisition_2635_1_1.png,20,942.5,718.2,16.92,16.77,124.27,5.84
Acquisition_2635_1_1.png,21,902.6,702.0,16.1,15.12,179.28,5.55
Acquisition_2635_1_1.png,22,335.8,696.2,17.53,14.66,26.21,6.05
Acquisition_2635_1_1.png,23,144.8,682.3,17.1,16.71,38.82,5.9
Acquisition_2635_1_1.png,24,724.0,680.9,21.42,12.91,123.76,7.39
Acquisition_2635_1_1.png,25,724.7,645.3,18.77,14.01,48.7,6.47
Acquisition_2635_1_1.png,26,873.8,586.1,15.59,13.66,170.1,5.38
Acquisition_2635_1_1.png,27,314.9,546.1,20.19,13.48,109.98,6.97
Acquisition_2635_1_1.png,28,594.2,517.9,21.47,14.42,85.98,7.41
Acquisition_2635_1_1.png,29,189.9,510.4,20.58,14.6,12.64,7.1
Acquisition_2635_1_1.png,30,888.6,495.7,17.99,14.68,31.14,6.21
Acquisition_2635_1_1.png,31,1009.0,488.4,19.18,13.24,20.88,6.62
Acquisition_2635_1_1.png,32,816.6,445.0,16.25,12.38,88.55,5.6
Acquisition_2635_1_1.png,33,861.4,444.7,19.9,15.38,11.81,6.87
Acquisition_2635_1_1.png,34,251.7,430.8,15.85,8.73,178.05,5.47
Acquisition_2635_1_1.png,35,388.4,427.6,17.8,16.01,122.68,6.14
Acquisition_2635_1_1.png,36,967.3,418.2,17.58,14.76,61.1,6.06
Acquisition_2635_1_1.png,37,409.0,403.7,20.72,13.77,96.39,7.15
Acquisition_2635_1_1.png,38,405.8,336.8,17.6,11.16,37.89,6.07
Acquisition_2635_1_1.png,39,878.2,273.6,18.92,14.72,161.49,6.53
Acquisition_2635_1_1.png,40,916.5,262.2,19.12,13.07,143.37,6.6
Acquisition_2635_1_1.png,41,810.2,258.4,20.75,10.78,178.96,7.16
Acquisition_2635_1_1.png,42,168.0,243.9,19.57,14.37,5.65,6.75
Acquisition_2635_1_1.png,43,923.0,218.0,18.77,15.3,15.57,6.47
Acquisition_2635_1_1.png,44,679.9,215.8,16.74,14.29,0.74,5.78
Acquisition_2635_1_1.png,45,665.1,192.0,20.57,12.71,159.81,7.1
Acquisition_2635_1_1.png,46,682.9,180.9,22.78,13.75,21.08,7.86
Acquisition_2635_1_1.png,47,187.8,154.8,16.19,14.32,77.79,5.58
Acquisition_2635_1_1.png,48,89.9,153.3,16.86,13.69,13.14,5.82
Acquisition_2635_1_1.png,49,794.8,134.6,16.03,15.01,158.51,5.53
Acquisition_2635_1_1.png,50,245.5,119.7,13.68,10.03,17.91,4.72
Acquisition_2635_1_1.png,51,660.1,102.3,19.14,16.56,155.65,6.6
Acquisition_2635_1_1.png,52,363.9,100.4,18.8,16.65,6.82,6.49
Acquisition_2635_1_1.png,53,623.3,57.1,20.07,14.34,50.41,6.93
Acquisition_2635_1_1.png,54,656.3,38.6,12.18,10.7,160.4,4.2
Acquisition_2635_1_1.png,55,739.9,31.8,13.09,11.27,145.41,4.52
Acquisition_2635_1_1.png,56,199.9,28.3,14.74,12.87,108.58,5.08
Acquisition_2635_1_1.png,57,703.0,12.3,15.97,11.31,136.75,5.51
Acquisition_2635_1_1.png,58,284.3,8.5,22.27,13.82,111.96,7.68
Acquisition_2635_2_0.png,1,455.6,1006.9,16.06,15.02,150.34,5.54
Acquisition_2635_2_0.png,2,75.6,995.5,16.51,15.43,19.52,5.69
Acquisition_2635_2_0.png,3,358.0,972.1,20.4,15.33,118.56,7.04
Acquisition_2635_2_0.png,4,942.5,968.9,18.29,14.79,16.76,6.31
Acquisition_2635_2_0.png,5,333.5,970.6,18.78,14.44,171.72,6.48
Acquisition_2635_2_0.png,6,141.7,947.7,17.93,14.64,163.08,6.19
Acquisition_2635_2_0.png,7,684.4,937.9,19.57,12.47,2.33,6.75
Acquisition_2635_2_0.png,8,207.5,926.8,20.98,12.94,4.22,7.24
Acquisition_2635_2_0.png,9,650.8,913.5,23.28,8.32,141.48,8.03
Acquisition_2635_2_0.png,10,116.8,914.5,17.33,16.43,103.28,5.98
Acquisition_2635_2_0.png,11,944.5,909.2,19.73,16.12,46.85,6.81
Acquisition_2635_2_0.png,12,223.7,881.7,19.38,15.81,36.12,6.68
Acquisition_2635_2_0.png,13,867.2,834.5,17.82,15.76,69.95,6.15
Acquisition_2635_2_0.png,14,589.9,835.1,21.71,16.44,53.19,7.49
Acquisition_2635_2_0.png,15,910.1,814.4,19.53,11.53,118.6,6.74
Acquisition_2635_2_0.png,16,919.2,790.7,17.98,16.1,138.28,6.2
Acquisition_2635_2_0.png,17,977.8,754.7,16.2,13.67,2.67,5.59
Acquisition_2635_2_0.png,18,458.2,744.7,19.53,14.71,162.85,6.74
Acquisition_2635_2_0.png,19,765.8,735.4,15.1,8.15,101.43,5.21
Acquisition_2635_2_0.png,20,612.9,739.8,26.43,17.31,24.62,9.12
Acquisition_2635_2_0.png,21,671.2,727.8,18.58,16.26,43.28,6.41
Acquisition_2635_2_0.png,22,608.8,704.1,20.52,10.43,59.77,7.08
Acquisition_2635_2_0.png,23,883.4,700.6,19.11,14.07,71.35,6.59
Acquisition_2635_2_0.png,24,737.5,699.7,16.77,10.27,46.13,5.79
Acquisition_2635_2_0.png,25,418.9,691.9,43.7,14.47,166.83,15.08
Acquisition_2635_2_0.png,26,823.5,676.1,18.66,15.53,143.86,6.44
Acquisition_2635_2_0.png,27,522.0,656.5,19.33,16.08,48.6,6.67
Acquisition_2635_2_0.png,28,736.0,650.7,19.11,13.61,13.43,6.59
Acquisition_2635_2_0.png,29,232.1,545.1,14.06,11.41,77.42,4.85
Acquisition_2635_2_0.png,30,886.8,521.2,19.71,16.01,27.07,6.8
Acquisition_2635_2_0.png,31,399.1,504.8,25.3,19.5,7.63,8.73
Acquisition_2635_2_0.png,32,290.7,497.3,23.77,14.32,158.79,8.2
Acquisition_2635_2_0.png,33,237.5,466.3,20.97,18.28,160.63,7.23
Acquisition_2635_2_0.png,34,852.5,461.7,18.56,16.46,172.33,6.4
Acquisition_2635_2_0.png,35,402.2,443.9,46.22,14.48,39.49,15.94
Acquisition_2635_2_0.png,36,658.4,430.0,20.54,15.53,114.59,7.09
Acquisition_2635_2_0.png,37,496.0,427.2,23.93,13.7,10.05,8.26
Acquisition_2635_2_0.png,38,388.0,423.2,16.68,15.79,176.59,5.76
Acquisition_2635_2_0.png,39,897.5,414.8,11.95,11.55,136.96,4.12
Acquisition_2635_2_0.png,40,532.9,413.3,14.6,12.01,108.88,5.04
Acquisition_2635_2_0.png,41,870.3,411.9,17.55,11.71,93.04,6.06
Acquisition_2635_2_0.png,42,630.1,403.9,18.31,17.19,13.74,6.32
Acquisition_2635_2_0.png,43,491.0,381.1,17.1,11.77,116.6,5.9
Acquisition_2635_2_0.png,44,468.7,366.4,17.36,11.59,84.78,5.99
Acquisition_2635_2_0.png,45,526.1,359.9,18.13,16.01,167.9,6.26
Acquisition_2635_2_0.png,46,398.5,356.4,20.65,15.33,6.7,7.12
Acquisition_2635_2_0.png,47,734.6,350.7,18.79,18.17,131.92,6.48
Acquisition_2635_2_0.png,48,359.6,312.6,23.31,15.42,75.5,8.04
Acquisition_2635_2_0.png,49,0.7,269.3,18.23,13.78,142.42,6.29
Acquisition_2635_2_0.png,50,458.1,256.7,23.21,18.63,54.74,8.01
Acquisition_2635_2_0.png,51,606.9,219.6,19.69,12.91,5.89,6.79
Acquisition_2635_2_0.png,52,372.0,183.9,17.99,15.94,30.62,6.21
Acquisition_2635_2_0.png,53,872.1,100.7,16.24,14.17,71.98,5.6
Acquisition_2635_2_0.png,54,872.4,35.8,27.72,16.56,68.38,9.56
Acquisition_2635_2_1.png,1,780.4,1003.5,18.11,15.83,66.91,6.25
Acquisition_2635_2_1.png,2,267.5,992.5,18.69,16.16,11.22,6.45
Acquisition_2635_2_1.png,3,423.2,978.5,19.31,17.13,135.64,6.66
Acquisition_2635_2_1.png,4,891.8,971.2,16.43,15.4,179.04,5.67
Acquisition_2635_2_1.png,5,525.1,957.3,17.87,14.03,158.64,6.17
Acquisition_2635_2_1.png,6,570.0,933.7,19.02,14.77,26.33,6.56
Acquisition_2635_2_1.png,7,306.5,920.6,16.52,13.53,149.08,5.7
Acquisition_2635_2_1.png,8,703.3,911.2,18.09,11.49,47.81,6.24
Acquisition_2635_2_1.png,9,205.7,909.0,23.81,13.9,38.58,8.22
Acquisition_2635_2_1.png,10,115.5,904.0,28.62,17.18,148.45,9.87
Acquisition_2635_2_1.png,11,703.2,892.3,19.91,14.88,78.16,6.87
Acquisition_2635_2_1.png,12,320.2,854.9,15.43,10.84,140.25,5.32
Acquisition_2635_2_1.png,13,28.4,852.9,14.09,12.54,140.9,4.86
Acquisition_2635_2_1.png,14,807.8,850.5,21.4,15.11,144.35,7.38
Acquisition_2635_2_1.png,15,857.8,842.7,18.26,17.38,14.9,6.3
Acquisition_2635_2_1.png,16,233.2,799.5,16.4,12.08,0.45,5.66
Acquisition_2635_2_1.png,17,616.9,788.0,20.92,20.08,7.96,7.22
Acquisition_2635_2_1.png,18,810.3,773.9,17.32,13.18,39.32,5.98
Acquisition_2635_2_1.png,19,136.0,771.2,16.98,14.39,178.66,5.86
Acquisition_2635_2_1.png,20,73.6,751.4,16.48,11.95,11.5,5.69
Acquisition_2635_2_1.png,21,778.2,740.2,11.64,6.1,12.54,4.01
Acquisition_2635_2_1.png,22,475.2,734.2,10.13,8.1,175.3,3.5
Acquisition_2635_2_1.png,23,331.7,731.7,11.93,11.26,167.64,4.11
Acquisition_2635_2_1.png,24,263.8,734.0,31.24,12.81,101.42,10.78
Acquisition_2635_2_1.png,25,647.8,687.5,11.94,9.24,148.62,4.12
Acquisition_2635_2_1.png,26,118.7,638.6,11.81,7.47,110.96,4.08
Acquisition_2635_2_1.png,27,860.6,625.0,15.87,12.9,10.78,5.48
Acquisition_2635_2_1.png,28,990.8,620.7,16.03,13.32,134.97,5.53
Acquisition_2635_2_1.png,29,91.5,616.0,37.99,19.83,88.85,13.11
Acquisition_2635_2_1.png,30,831.1,606.8,17.49,16.62,135.94,6.04
Acquisition_2635_2_1.png,31,218.3,596.0,19.54,11.88,172.57,6.74
Acquisition_2635_2_1.png,32,40.8,575.0,34.39,19.39,28.65,11.86
Acquisition_2635_2_1.png,33,322.5,557.7,18.98,14.34,177.7,6.55
Acquisition_2635_2_1.png,34,83.4,563.1,37.8,19.01,16.98,13.04
Acquisition_2635_2_1.png,35,454.0,544.3,16.63,11.51,24.36,5.74
Acquisition_2635_2_1.png,36,480.9,542.4,24.81,16.35,166.38,8.56
Acquisition_2635_2_1.png,37,18.3,514.3,29.67,12.63,178.76,10.24
Acquisition_2635_2_1.png,38,855.7,503.0,17.26,11.67,72.64,5.95
Acquisition_2635_2_1.png,39,312.3,506.1,18.46,10.2,2.77,6.37
Acquisition_2635_2_1.png,40,689.1,462.2,21.92,14.65,120.44,7.56
Acquisition_2635_2_1.png,41,909.0,460.3,16.38,14.97,133.1,5.65
Acquisition_2635_2_1.png,42,819.1,458.1,18.09,12.74,12.46,6.24
Acquisition_2635_2_1.png,43,77.1,437.4,21.54,15.87,96.72,7.43
Acquisition_2635_2_1.png,44,107.2,421.0,17.58,13.98,8.83,6.06
Acquisition_2635_2_1.png,45,621.8,408.3,20.33,13.95,150.39,7.01
Acquisition_2635_2_1.png,46,769.8,402.6,18.85,14.15,0.84,6.5
Acquisition_2635_2_1.png,47,431.8,399.7,17.44,12.25,152.06,6.02
Acquisition_2635_2_1.png,48,945.6,391.9,18.63,17.37,124.1,6.43
Acquisition_2635_2_1.png,49,893.6,385.6,19.32,15.28,40.71,6.67
Acquisition_2635_2_1.png,50,454.6,382.1,26.65,17.19,26.95,9.19
Acquisition_2635_2_1.png,51,856.9,363.7,14.95,10.57,141.14,5.16
Acquisition_2635_2_1.png,52,53.8,362.0,15.3,11.47,51.68,5.28
Acquisition_2635_2_1.png,53,878.6,346.2,20.56,13.5,118.1,7.09
Acquisition_2635_2_1.png,54,827.1,338.1,12.69,9.76,139.83,4.38
Acquisition_2635_2_1.png,55,999.1,325.5,17.07,12.64,136.36,5.89
Acquisition_2635_2_1.png,56,264.5,326.1,17.61,14.75,32.39,6.07
Acquisition_2635_2_1.png,57,311.2,311.3,19.99,15.35,42.89,6.9
Acquisition_2635_2_1.png,58,392.9,303.4,18.34,14.24,85.09,6.33
Acquisition_2635_2_1.png,59,176.3,303.5,16.77,14.83,156.08,5.79
Acquisition_2635_2_1.png,60,288.2,300.9,15.58,14.22,102.76,5.38
Acquisition_2635_2_1.png,61,108.5,296.7,19.96,12.26,178.46,6.89
Acquisition_2635_2_1.png,62,704.9,294.3,21.99,13.37,2.88,7.59
Acquisition_2635_2_1.png,63,643.2,274.0,16.43,13.91,138.12,5.67
Acquisition_2635_2_1.png,64,823.3,270.0,15.79,14.7,50.88,5.45
Acquisition_2635_2_1.png,65,662.3,256.3,15.61,14.4,31.75,5.39
Acquisition_2635_2_1.png,66,267.0,242.8,15.97,13.6,3.18,5.51
Acquisition_2635_2_1.png,67,486.2,237.4,15.56,11.29,81.86,5.37
Acquisition_2635_2_1.png,68,972.1,235.5,21.87,14.28,148.33,7.55
Acquisition_2635_2_1.png,69,108.4,216.7,14.63,12.82,105.96,5.05
Acquisition_2635_2_1.png,70,445.3,199.6,15.68,13.72,109.46,5.41
Acquisition_2635_2_1.png,71,721.0,194.9,19.0,15.56,100.89,6.55
Acquisition_2635_2_1.png,72,748.1,179.2,16.39,12.73,140.08,5.65
Acquisition_2635_2_1.png,73,440.0,106.3,18.69,14.72,78.17,6.45
Acquisition_2635_2_1.png,74,408.5,65.5,15.15,13.91,31.65,5.23
Acquisition_2635_2_1.png,75,358.6,54.4,15.85,13.6,3.31,5.47
Acquisition_2635_2_1.png,76,931.0,46.6,21.12,14.69,113.73,7.29
Acquisition_2635_2_1.png,77,312.1,42.1,24.37,19.56,25.6,8.41
Acquisition_2635_2_1.png,78,826.5,37.9,17.31,16.52,120.3,5.97
Acquisition_2635_2_1.png,79,435.3,8.5,18.54,14.43,147.1,6.4
Acquisition_2635_2_1.png,80,371.3,8.4,22.39,14.9,145.45,7.73
Acquisition_2635_2_1.png,81,253.3,5.6,21.97,15.21,20.39,7.58
Acquisition_2635_3_0.png,1,551.2,1010.3,11.11,10.12,138.15,3.83
Acquisition_2635_3_0.png,2,78.1,1010.9,18.91,15.01,13.63,6.52
Acquisition_2635_3_0.png,3,801.5,955.6,20.08,14.37,179.52,6.93
Acquisition_2635_3_0.png,4,152.0,945.2,19.87,15.76,5.61,6.86
Acquisition_2635_3_0.png,5,719.2,937.3,13.87,12.25,63.78,4.79
Acquisition_2635_3_0.png,6,61.2,916.2,21.48,15.95,117.27,7.41
Acquisition_2635_3_0.png,7,219.6,890.2,19.31,19.21,102.25,6.66
Acquisition_2635_3_0.png,8,258.0,857.8,15.83,14.89,141.61,5.46
Acquisition_2635_3_0.png,9,192.9,849.1,18.05,11.71,169.85,6.23
Acquisition_2635_3_0.png,10,954.7,837.2,17.86,14.75,24.63,6.16
Acquisition_2635_3_0.png,11,411.7,822.8,17.09,13.69,142.01,5.89
Acquisition_2635_3_0.png,12,808.9,805.2,16.26,13.01,11.99,5.61
Acquisition_2635_3_0.png,13,127.3,785.9,18.88,12.17,40.64,6.51
Acquisition_2635_3_0.png,14,314.2,750.3,15.51,12.53,145.76,5.35
Acquisition_2635_3_0.png,15,293.0,744.2,15.69,9.02,161.26,5.41
Acquisition_2635_3_0.png,16,428.5,719.8,20.44,16.89,123.2,7.05
Acquisition_2635_3_0.png,17,329.2,698.5,23.14,14.19,135.06,7.98
Acquisition_2635_3_0.png,18,388.3,660.4,31.84,24.38,53.9,10.98
Acquisition_2635_3_0.png,19,994.4,650.1,22.8,13.94,121.2,7.87
Acquisition_2635_3_0.png,20,255.1,649.0,45.49,21.3,85.67,15.7
Acquisition_2635_3_0.png,21,152.7,621.1,18.29,14.0,162.9,6.31
Acquisition_2635_3_0.png,22,376.1,616.1,19.87,14.09,61.22,6.86
Acquisition_2635_3_0.png,23,281.2,592.9,16.47,12.83,22.39,5.68
Acquisition_2635_3_0.png,24,358.6,590.4,19.05,15.09,93.85,6.57
Acquisition_2635_3_0.png,25,239.0,582.9,17.58,13.83,2.09,6.06
Acquisition_2635_3_0.png,26,409.7,581.0,16.27,15.49,162.38,5.61
Acquisition_2635_3_0.png,27,995.5,554.5,15.92,14.56,0.0,5.49
Acquisition_2635_3_0.png,28,31.9,530.7,19.27,14.79,111.17,6.65
Acquisition_2635_3_0.png,29,788.9,516.7,23.64,15.97,12.1,8.16
Acquisition_2635_3_0.png,30,271.4,514.7,21.6,15.89,39.56,7.45
Acquisition_2635_3_0.png,31,186.2,501.3,17.27,14.23,109.02,5.96
Acquisition_2635_3_0.png,32,72.1,495.4,14.48,12.61,141.64,5.0
Acquisition_2635_3_0.png,33,706.6,476.8,16.04,15.34,78.65,5.53
Acquisition_2635_3_0.png,34,154.4,471.2,10.39,7.81,109.79,3.59
Acquisition_2635_3_0.png,35,439.4,471.1,12.49,8.68,13.68,4.31
Acquisition_2635_3_0.png,36,318.1,431.7,12.79,10.19,17.08,4.41
Acquisition_2635_3_0.png,37,608.8,376.6,17.32,14.72,130.21,5.98
Acquisition_2635_3_0.png,38,301.4,345.9,22.67,11.04,132.9,7.82
Acquisition_2635_3_0.png,39,791.6,330.2,17.57,16.15,14.03,6.06
Acquisition_2635_3_0.png,40,707.5,322.2,8.96,7.2,97.15,3.09
Acquisition_2635_3_0.png,41,615.7,299.3,17.95,15.47,11.33,6.19
Acquisition_2635_3_0.png,42,781.5,274.4,20.31,12.26,10.86,7.01
Acquisition_2635_3_0.png,43,349.1,269.1,22.68,15.93,157.96,7.83
Acquisition_2635_3_0.png,44,547.5,250.9,23.22,12.09,105.9,8.01
Acquisition_2635_3_0.png,45,520.3,243.5,20.72,14.91,159.51,7.15
Acquisition_2635_3_0.png,46,301.3,233.2,12.1,10.72,169.39,4.18
Acquisition_2635_3_0.png,47,643.8,220.1,12.45,7.77,173.24,4.29
Acquisition_2635_3_0.png,48,535.2,200.7,15.76,12.04,34.79,5.44
Acquisition_2635_3_0.png,49,278.6,186.9,8.22,6.5,144.24,2.84
Acquisition_2635_3_0.png,50,737.7,179.4,18.27,11.65,28.21,6.3
Acquisition_2635_3_0.png,51,631.0,175.0,10.76,8.68,44.65,3.71
Acquisition_2635_3_0.png,52,564.5,170.5,29.17,14.36,90.82,10.06
Acquisition_2635_3_0.png,53,352.2,169.4,19.83,12.71,13.61,6.84
Acquisition_2635_3_0.png,54,536.0,157.7,6.74,5.73,10.44,2.32
Acquisition_2635_3_0.png,55,317.7,153.9,7.27,6.55,100.39,2.51
Acquisition_2635_3_0.png,56,609.5,140.3,21.64,14.0,52.84,7.47
Acquisition_2635_3_0.png,57,301.2,139.1,22.03,17.53,124.74,7.6
Acquisition_2635_3_0.png,58,3.4,119.0,16.02,15.2,62.37,5.53
Acquisition_2635_3_0.png,59,448.9,111.5,12.34,10.03,68.24,4.26
Acquisition_2635_3_0.png,60,261.1,100.0,21.81,12.57,108.14,7.53
Acquisition_2635_3_0.png,61,410.6,97.4,19.93,14.5,76.89,6.88
Acquisition_2635_3_0.png,62,559.2,84.7,20.7,9.22,32.44,7.14
Acquisition_2635_3_0.png,63,118.1,58.7,10.15,8.36,63.38,3.5
Acquisition_2635_3_0.png,64,26.2,55.8,17.14,7.83,51.75,5.91
Acquisition_2635_3_0.png,65,279.7,42.9,13.68,10.83,165.13,4.72
Acquisition_2635_3_0.png,66,242.0,42.9,20.39,15.11,175.91,7.03
Acquisition_2635_3_0.png,67,635.2,34.0,20.43,12.91,107.48,7.05
Acquisition_2635_3_0.png,68,41.4,29.7,21.63,14.95,82.14,7.46
Acquisition_2635_3_0.png,69,557.0,1.6,15.89,11.74,11.84,5.48
Acquisition_2635_3_0.png,70,510.1,7.0,15.22,9.72,32.99,5.25
Acquisition_2635_3_1.png,1,129.3,1021.0,17.68,15.66,102.47,6.1
Acquisition_2635_3_1.png,2,186.8,995.4,18.07,9.56,171.84,6.24
Acquisition_2635_3_1.png,3,999.7,987.2,20.03,18.52,85.82,6.91
Acquisition_2635_3_1.png,4,152.2,977.3,18.64,15.41,77.61,6.43
Acquisition_2635_3_1.png,5,620.6,973.8,19.88,15.11,169.13,6.86
Acquisition_2635_3_1.png,6,609.4,941.5,20.23,14.48,101.41,6.98
Acquisition_2635_3_1.png,7,210.5,942.3,22.71,12.44,174.64,7.83
Acquisition_2635_3_1.png,8,697.5,884.7,21.2,17.97,152.84,7.31
Acquisition_2635_3_1.png,9,489.1,867.5,18.06,12.28,70.59,6.23
Acquisition_2635_3_1.png,10,526.2,866.2,17.64,14.49,64.17,6.09
Acquisition_2635_3_1.png,11,176.3,858.2,18.63,13.08,167.56,6.43
Acquisition_2635_3_1.png,12,347.6,851.2,18.37,14.59,172.63,6.34
Acquisition_2635_3_1.png,13,371.2,827.7,15.21,13.53,21.84,5.25
Acquisition_2635_3_1.png,14,844.6,767.0,15.68,9.63,164.57,5.41
Acquisition_2635_3_1.png,15,874.8,762.9,18.44,16.8,90.88,6.36
Acquisition_2635_3_1.png,16,251.3,760.0,20.22,13.73,170.62,6.97
Acquisition_2635_3_1.png,17,605.9,752.2,16.88,16.68,146.78,5.82
Acquisition_2635_3_1.png,18,974.4,723.2,17.17,14.37,121.14,5.92
Acquisition_2635_3_1.png,19,637.7,725.4,20.24,12.74,160.78,6.98
Acquisition_2635_3_1.png,20,370.9,722.0,12.46,11.44,32.08,4.3
Acquisition_2635_3_1.png,21,1007.3,713.5,15.17,14.65,160.37,5.23
Acquisition_2635_3_1.png,22,197.0,708.8,15.81,8.46,32.5,5.45
Acquisition_2635_3_1.png,23,760.7,682.1,17.0,13.76,24.41,5.87
Acquisition_2635_3_1.png,24,219.7,680.8,20.21,15.38,143.48,6.97
Acquisition_2635_3_1.png,25,421.7,675.3,16.89,14.51,115.67,5.83
Acquisition_2635_3_1.png,26,629.2,645.9,23.36,12.98,35.31,8.06
Acquisition_2635_3_1.png,27,614.5,599.3,20.18,12.68,39.1,6.96
Acquisition_2635_3_1.png,28,450.9,584.1,14.1,12.49,29.36,4.87
Acquisition_2635_3_1.png,29,526.9,533.7,18.19,14.25,10.54,6.28
Acquisition_2635_3_1.png,30,565.6,488.5,18.47,16.2,12.69,6.37
Acquisition_2635_3_1.png,31,1022.3,452.5,16.2,14.23,133.62,5.59
Acquisition_2635_3_1.png,32,238.0,375.9,13.36,11.61,125.06,4.61
Acquisition_2635_3_1.png,33,324.0,368.8,15.72,9.84,155.74,5.42
Acquisition_2635_3_1.png,34,91.8,329.5,17.53,14.78,40.74,6.05
Acquisition_2635_3_1.png,35,93.9,304.5,15.96,12.82,65.66,5.51
Acquisition_2635_3_1.png,36,379.3,272.3,19.99,13.07,138.15,6.9
Acquisition_2635_3_1.png,37,128.2,259.3,17.1,14.13,54.43,5.9
Acquisition_2635_3_1.png,38,646.2,237.8,15.41,12.98,159.63,5.32
Acquisition_2635_3_1.png,39,602.4,219.0,16.31,11.01,0.84,5.63
Acquisition_2635_3_1.png,40,149.4,198.5,33.09,18.48,105.39,11.41
Acquisition_2635_3_1.png,41,984.7,172.8,17.06,12.68,128.87,5.88
Acquisition_2635_3_1.png,42,100.9,155.3,12.99,10.29,2.25,4.48
Acquisition_2635_3_1.png,43,62.6,122.4,12.68,9.16,88.64,4.38
Acquisition_2635_3_1.png,44,830.2,74.4,11.82,9.7,18.67,4.08
Acquisition_2635_3_1.png,45,172.2,69.0,13.33,11.98,30.98,4.6
Acquisition_2635_3_1.png,46,126.1,68.6,14.22,11.99,173.99,4.91
Acquisition_2635_3_1.png,47,232.6,38.9,19.72,16.83,170.2,6.8
Acquisition_2635_3_1.png,48,877.3,3.0,22.84,19.65,10.57,7.88
Acquisition_2749_2_0.png,1,593.9,902.0,12.77,6.63,162.97,4.4
Acquisition_2749_2_0.png,2,540.5,805.0,12.34,9.35,113.82,4.26
Acquisition_2749_2_0.png,3,737.2,670.4,14.01,10.11,27.89,4.83
Acquisition_2749_2_0.png,4,907.5,450.7,14.9,11.47,14.14,5.14
Acquisition_2749_2_0.png,5,508.6,249.3,13.66,8.2,170.9,4.71
Acquisition_2749_2_0.png,6,913.0,232.1,17.33,8.42,45.0,5.98
Acquisition_2749_2_0.png,7,596.3,226.9,11.62,6.76,175.15,4.01
Acquisition_2749_2_0.png,8,529.2,213.0,12.24,7.14,13.58,4.22
Acquisition_2749_2_0.png,9,461.1,198.8,13.57,8.68,61.4,4.68
Acquisition_2749_2_0.png,10,981.5,179.2,16.49,9.94,63.59,5.69
Acquisition_2749_2_0.png,11,792.8,158.9,17.24,12.81,14.08,5.95
Acquisition_2749_2_0.png,12,889.8,147.1,15.14,14.04,10.21,5.22
Acquisition_2749_2_0.png,13,409.8,58.5,16.85,14.13,177.68,5.81
Acquisition_2749_2_1.png,1,679.1,812.9,13.51,12.04,130.87,4.66
Acquisition_2749_2_1.png,2,993.6,764.6,21.65,10.32,88.01,7.47
Acquisition_2749_2_1.png,3,89.4,680.7,6.94,5.89,35.35,2.39
Acquisition_2749_2_1.png,4,737.9,509.3,15.34,7.73,7.66,5.29
Acquisition_2749_2_1.png,5,14.0,390.3,15.47,10.93,40.71,5.34
Acquisition_2749_2_1.png,6,106.3,309.2,14.44,10.1,175.27,4.98
Acquisition_2749_2_1.png,7,98.5,42.4,9.78,6.28,7.81,3.38
Acquisition_2749_2_1.png,8,519.2,35.3,16.22,8.42,105.95,5.6
Acquisition_2749_3_0.png,1,732.5,852.2,13.73,13.18,18.01,4.74
Acquisition_2749_3_0.png,2,770.3,818.3,11.84,9.93,76.32,4.09
Acquisition_2749_3_0.png,3,674.1,796.3,13.79,11.84,3.07,4.76
Acquisition_2749_3_0.png,4,798.6,769.9,11.9,11.1,71.98,4.11
Acquisition_2749_3_0.png,5,353.2,745.2,14.14,9.45,22.19,4.88
Acquisition_2749_3_0.png,6,628.1,706.1,15.65,11.59,80.44,5.4
Acquisition_2749_3_0.png,7,14.6,703.1,11.62,9.16,133.38,4.01
Acquisition_2749_3_0.png,8,431.8,688.8,13.32,10.45,168.23,4.59
Acquisition_2749_3_0.png,9,634.0,587.3,11.21,9.31,18.51,3.87
Acquisition_2749_3_0.png,10,931.3,414.4,17.93,12.24,32.2,6.19
Acquisition_2749_3_0.png,11,18.6,411.0,12.71,11.09,90.26,4.38
Acquisition_2749_3_0.png,12,735.1,385.2,9.89,8.08,156.01,3.41
Acquisition_2749_3_0.png,13,488.5,311.0,10.09,8.39,4.1,3.48
Acquisition_2749_3_0.png,14,55.8,276.2,13.77,8.79,77.73,4.75
Acquisition_2749_3_0.png,15,327.6,213.4,11.33,10.81,173.73,3.91
Acquisition_2749_3_0.png,16,794.0,104.0,18.39,10.95,14.83,6.34
Acquisition_2749_3_1.png,1,416.5,687.0,12.22,11.72,169.68,4.22
Acquisition_2749_3_1.png,2,944.6,519.6,14.3,10.56,63.52,4.93
Acquisition_2749_3_1.png,3,564.2,282.7,10.79,8.16,103.94,3.72
Acquisition_2749_3_1.png,4,245.8,156.0,13.84,10.89,37.26,4.78
Acquisition_2749_3_1.png,5,648.2,112.7,14.05,10.84,73.15,4.85
Acquisition_2749_3_1.png,6,696.9,107.5,13.64,9.78,64.62,4.71
Acquisition_2749_3_1.png,7,146.8,28.6,13.8,11.09,111.0,4.76
Acquisition_2793_0_0.png,1,807.0,938.3,16.33,15.37,23.71,5.64
Acquisition_2793_0_0.png,2,831.8,920.3,9.93,8.43,59.99,3.43
Acquisition_2793_0_0.png,3,948.7,844.6,14.68,12.27,13.37,5.06
Acquisition_2793_0_0.png,4,557.9,758.7,16.38,14.52,43.55,5.65
Acquisition_2793_0_0.png,5,488.1,711.4,15.53,6.58,151.32,5.36
Acquisition_2793_0_0.png,6,596.0,692.8,17.76,13.88,94.47,6.13
Acquisition_2793_0_0.png,7,535.4,669.2,21.5,11.99,15.5,7.42
Acquisition_2793_0_0.png,8,420.6,639.9,16.3,10.03,147.12,5.62
Acquisition_2793_0_0.png,9,613.4,599.6,16.23,13.6,49.47,5.6
Acquisition_2793_0_0.png,10,503.7,570.4,14.27,10.32,105.73,4.92
Acquisition_2793_0_0.png,11,421.5,565.3,14.73,9.17,50.99,5.08
Acquisition_2793_0_0.png,12,305.2,563.6,15.36,11.85,68.13,5.3
Acquisition_2793_0_0.png,13,435.4,551.5,12.82,9.65,0.42,4.42
Acquisition_2793_0_0.png,14,313.4,474.6,9.5,7.41,110.02,3.28
Acquisition_2793_0_0.png,15,314.9,460.0,18.41,11.37,18.12,6.35
Acquisition_2793_0_0.png,16,165.8,439.0,10.7,8.31,126.09,3.69
Acquisition_2793_0_0.png,17,80.6,440.2,14.87,13.28,104.8,5.13
Acquisition_2793_0_0.png,18,622.8,436.2,15.85,14.31,122.04,5.47
Acquisition_2793_0_0.png,19,951.3,410.1,10.04,6.38,79.08,3.46
Acquisition_2793_0_0.png,20,520.4,399.0,12.55,11.27,109.81,4.33
Acquisition_2793_0_0.png,21,636.0,393.1,11.82,10.38,131.37,4.08
Acquisition_2793_0_0.png,22,1014.7,391.7,15.41,12.65,18.52,5.32
Acquisition_2793_0_0.png,23,814.0,363.7,16.45,14.18,162.15,5.68
Acquisition_2793_0_0.png,24,519.2,316.3,16.93,14.13,142.36,5.84
Acquisition_2793_0_0.png,25,507.2,300.7,12.22,10.56,138.42,4.22
Acquisition_2793_0_0.png,26,437.0,33.5,16.83,12.17,111.6,5.81
Acquisition_2793_0_1.png,1,900.7,1004.8,14.93,14.1,53.79,5.15
Acquisition_2793_0_1.png,2,488.9,955.3,18.52,14.34,111.98,6.39
Acquisition_2793_0_1.png,3,698.2,934.6,18.08,14.37,77.46,6.24
Acquisition_2793_0_1.png,4,769.0,935.1,17.65,14.74,8.33,6.09
Acquisition_2793_0_1.png,5,499.4,916.6,19.47,15.24,46.3,6.72
Acquisition_2793_0_1.png,6,454.3,881.5,18.39,10.99,89.26,6.34
Acquisition_2793_0_1.png,7,551.3,865.2,20.21,13.63,93.73,6.97
Acquisition_2793_0_1.png,8,793.5,850.6,16.01,9.5,44.22,5.52
Acquisition_2793_0_1.png,9,471.2,809.7,16.84,11.42,130.75,5.81
Acquisition_2793_0_1.png,10,597.7,774.3,9.16,8.35,43.47,3.16
Acquisition_2793_0_1.png,11,486.5,697.9,16.37,12.77,141.42,5.65
Acquisition_2793_0_1.png,12,545.0,654.4,15.64,13.87,171.87,5.39
Acquisition_2793_0_1.png,13,833.9,607.0,19.14,12.44,20.48,6.6
Acquisition_2793_0_1.png,14,962.8,589.2,9.82,7.54,157.68,3.39
Acquisition_2793_0_1.png,15,373.0,571.1,18.92,11.41,61.46,6.53
Acquisition_2793_0_1.png,16,198.1,566.5,13.61,7.46,128.15,4.7
Acquisition_2793_0_1.png,17,401.6,566.4,19.22,14.8,79.8,6.63
Acquisition_2793_0_1.png,18,937.9,547.7,13.88,11.72,37.63,4.79
Acquisition_2793_0_1.png,19,484.1,499.3,18.85,11.91,108.12,6.5
Acquisition_2793_0_1.png,20,1011.0,488.8,8.98,7.6,123.69,3.1
Acquisition_2793_0_1.png,21,407.6,469.7,11.88,9.25,90.94,4.1
Acquisition_2793_0_1.png,22,942.1,397.8,12.5,9.09,140.31,4.31
Acquisition_2793_0_1.png,23,787.2,380.8,11.14,8.31,179.1,3.84
Acquisition_2793_0_1.png,24,883.2,368.7,15.33,14.96,70.72,5.29
Acquisition_2793_0_1.png,25,829.0,369.9,29.38,17.72,86.73,10.14
Acquisition_2793_0_1.png,26,497.1,352.6,15.7,14.44,81.69,5.42
Acquisition_2793_0_1.png,27,452.3,352.0,17.25,14.19,71.49,5.95
Acquisition_2793_0_1.png,28,353.1,350.3,10.15,9.72,105.25,3.5
Acquisition_2793_0_1.png,29,304.5,340.0,16.16,12.48,127.39,5.58
Acquisition_2793_0_1.png,30,833.9,321.8,14.18,11.32,58.59,4.89
Acquisition_2793_0_1.png,31,358.1,314.6,16.39,12.99,128.83,5.66
Acquisition_2793_0_1.png,32,254.2,302.4,15.87,14.1,128.57,5.47
Acquisition_2793_0_1.png,33,656.4,281.2,21.45,17.9,155.83,7.4
Acquisition_2793_0_1.png,34,183.0,272.7,16.7,15.56,148.29,5.76
Acquisition_2793_0_1.png,35,1014.1,254.0,18.41,15.69,28.36,6.35
Acquisition_2793_0_1.png,36,636.3,237.6,12.35,10.5,102.79,4.26
Acquisition_2793_0_1.png,37,525.8,223.1,17.63,14.03,47.15,6.08
Acquisition_2793_0_1.png,38,835.7,213.4,17.39,9.53,179.54,6.0
Acquisition_2793_0_1.png,39,251.0,163.1,18.75,12.01,166.26,6.47
Acquisition_2793_0_1.png,40,467.7,102.9,13.75,11.75,14.56,4.74
Acquisition_2793_0_1.png,41,396.6,100.9,15.04,11.43,38.54,5.19
Acquisition_2793_0_1.png,42,30.5,80.1,16.87,14.07,32.58,5.82
Acquisition_2793_0_1.png,43,124.7,62.4,14.78,12.6,47.54,5.1
Acquisition_2793_0_1.png,44,87.8,7.6,13.69,11.77,105.76,4.72
Acquisition_2793_1_0.png,1,383.0,989.2,15.46,14.27,95.26,5.33
Acquisition_2793_1_0.png,2,849.1,989.1,20.53,13.98,149.38,7.08
Acquisition_2793_1_0.png,3,741.1,987.1,18.47,11.9,32.06,6.37
Acquisition_2793_1_0.png,4,244.9,952.7,13.77,13.3,43.62,4.75
Acquisition_2793_1_0.png,5,758.7,925.4,16.35,12.53,44.04,5.64
Acquisition_2793_1_0.png,6,314.7,916.4,15.03,13.07,62.07,5.19
Acquisition_2793_1_0.png,7,480.8,874.9,11.85,10.45,8.26,4.09
Acquisition_2793_1_0.png,8,888.0,845.6,16.18,13.58,152.87,5.58
Acquisition_2793_1_0.png,9,788.1,803.8,14.28,12.31,19.65,4.93
Acquisition_2793_1_0.png,10,970.1,796.7,17.0,11.58,149.79,5.87
Acquisition_2793_1_0.png,11,554.1,795.7,16.28,12.23,177.67,5.62
Acquisition_2793_1_0.png,12,360.1,778.6,15.16,14.4,125.08,5.23
Acquisition_2793_1_0.png,13,46.5,651.6,12.55,8.51,45.22,4.33
Acquisition_2793_1_0.png,14,347.4,509.4,12.96,9.62,178.22,4.47
Acquisition_2793_1_0.png,15,995.5,506.5,9.95,7.04,0.0,3.43
Acquisition_2793_1_0.png,16,916.8,480.0,8.1,6.57,26.43,2.79
Acquisition_2793_1_0.png,17,382.9,366.1,12.29,11.19,138.61,4.24
Acquisition_2793_1_0.png,18,683.7,275.3,15.59,9.34,38.56,5.38
Acquisition_2793_1_0.png,19,682.0,236.0,7.03,5.51,151.96,2.42
Acquisition_2793_1_0.png,20,316.7,33.8,12.75,11.03,170.76,4.4
Acquisition_2793_1_1.png,1,220.0,1017.4,12.49,10.85,45.58,4.31
Acquisition_2793_1_1.png,2,184.1,1016.7,18.56,16.15,29.26,6.4
Acquisition_2793_1_1.png,3,61.2,1015.1,14.77,12.05,155.18,5.1
Acquisition_2793_1_1.png,4,504.8,973.5,11.83,10.94,83.82,4.08
Acquisition_2793_1_1.png,5,875.0,921.9,9.21,6.98,162.04,3.18
Acquisition_2793_1_1.png,6,243.1,899.7,14.49,13.82,43.91,5.0
Acquisition_2793_1_1.png,7,723.1,881.7,13.28,12.51,109.65,4.58
Acquisition_2793_1_1.png,8,722.0,848.7,13.84,12.93,130.68,4.78
Acquisition_2793_1_1.png,9,404.1,824.6,9.7,9.28,29.77,3.35
Acquisition_2793_1_1.png,10,382.5,821.5,9.66,7.81,124.96,3.33
Acquisition_2793_1_1.png,11,1004.3,803.1,12.5,10.21,163.39,4.31
Acquisition_2793_1_1.png,12,314.0,797.1,10.94,8.64,49.87,3.77
Acquisition_2793_1_1.png,13,896.7,790.5,17.0,13.37,34.21,5.86
Acquisition_2793_1_1.png,14,897.8,770.5,19.04,12.54,172.05,6.57
Acquisition_2793_1_1.png,15,294.2,764.7,13.11,10.31,56.12,4.52
Acquisition_2793_1_1.png,16,644.9,758.6,9.47,6.37,10.5,3.27
Acquisition_2793_1_1.png,17,431.1,758.2,9.0,5.82,51.05,3.11
Acquisition_2793_1_1.png,18,408.9,734.5,7.9,7.08,113.12,2.73
Acquisition_2793_1_1.png,19,333.9,735.5,11.83,10.7,56.91,4.08
Acquisition_2793_1_1.png,20,167.5,636.9,11.03,8.69,17.95,3.8
Acquisition_2793_1_1.png,21,684.7,613.6,17.45,13.14,160.59,6.02
Acquisition_2793_1_1.png,22,791.8,602.5,14.76,10.62,156.61,5.09
Acquisition_2793_1_1.png,23,532.3,580.9,8.69,7.61,96.1,3.0
Acquisition_2793_1_1.png,24,176.0,544.3,15.1,14.51,139.95,5.21
Acquisition_2793_1_1.png,25,69.6,528.5,13.67,6.06,60.67,4.72
Acquisition_2793_1_1.png,26,12.5,509.5,17.99,14.81,53.17,6.2
Acquisition_2793_1_1.png,27,990.0,358.3,16.17,13.7,116.83,5.58
Acquisition_2793_1_1.png,28,71.9,322.5,16.7,10.31,131.18,5.76
Acquisition_2793_1_1.png,29,965.7,310.8,18.83,10.8,174.33,6.5
Acquisition_2793_1_1.png,30,951.3,286.5,14.82,13.51,148.35,5.11
Acquisition_2793_1_1.png,31,941.1,208.7,18.17,12.25,111.62,6.27
Acquisition_2793_1_1.png,32,1004.6,179.1,16.85,13.16,103.12,5.81
Acquisition_2793_1_1.png,33,450.5,161.4,11.23,9.8,52.22,3.88
Acquisition_2793_1_1.png,34,307.5,122.5,12.72,9.57,56.98,4.39
Acquisition_2793_1_1.png,35,308.8,108.1,14.58,11.11,165.61,5.03
Acquisition_2793_1_1.png,36,477.9,97.8,13.73,12.48,115.17,4.74
Acquisition_2793_1_1.png,37,496.2,76.4,14.9,13.77,114.65,5.14
Acquisition_2793_1_1.png,38,691.7,52.6,11.52,8.1,179.55,3.97
Acquisition_2793_1_1.png,39,500.0,34.5,14.78,11.84,132.88,5.1
Acquisition_2793_1_1.png,40,570.8,26.3,9.98,7.14,83.81,3.44
Acquisition_2793_1_1.png,41,109.4,28.1,16.73,12.87,128.09,5.77
Acquisition_2793_2_0.png,1,686.4,936.5,16.97,13.78,164.53,5.86
Acquisition_2793_2_0.png,2,108.2,902.7,11.02,8.19,161.72,3.8
Acquisition_2793_2_0.png,3,457.3,879.2,6.52,4.2,7.8,2.25
Acquisition_2793_2_0.png,4,102.3,790.2,16.85,13.21,82.68,5.81
Acquisition_2793_2_0.png,5,30.9,637.2,18.23,14.38,155.47,6.29
Acquisition_2793_2_0.png,6,118.9,532.8,16.31,10.05,35.28,5.63
Acquisition_2793_2_0.png,7,546.0,520.4,16.05,10.26,132.35,5.54
Acquisition_2793_2_0.png,8,9.6,486.2,11.39,7.57,167.92,3.93
Acquisition_2793_2_0.png,9,364.0,479.1,14.62,11.84,69.03,5.04
Acquisition_2793_2_0.png,10,883.9,432.4,15.8,14.73,139.98,5.45
Acquisition_2793_2_0.png,11,875.8,371.7,8.5,7.93,27.14,2.93
Acquisition_2793_2_0.png,12,315.9,222.0,8.67,5.42,146.6,2.99
Acquisition_2793_2_0.png,13,902.0,224.0,18.36,13.47,140.45,6.34
Acquisition_2793_2_0.png,14,776.2,122.3,14.9,8.13,105.51,5.14
Acquisition_2793_2_0.png,15,248.2,62.5,13.32,8.99,6.36,4.6
Acquisition_2793_2_0.png,16,997.4,35.7,13.62,8.14,40.54,4.7
Acquisition_2793_2_1.png,1,925.3,961.5,14.35,11.21,1.29,4.95
Acquisition_2793_2_1.png,2,196.7,904.6,17.44,12.44,87.77,6.02
Acquisition_2793_2_1.png,3,85.8,850.0,14.98,11.96,157.35,5.17
Acquisition_2793_2_1.png,4,608.0,847.4,14.65,12.17,15.69,5.05
Acquisition_2793_2_1.png,5,828.3,816.3,15.8,7.06,171.97,5.45
Acquisition_2793_2_1.png,6,852.0,807.4,9.99,6.31,39.03,3.45
Acquisition_2793_2_1.png,7,687.2,807.4,9.92,5.69,30.92,3.42
Acquisition_2793_2_1.png,8,47.2,796.2,15.68,11.51,26.33,5.41
Acquisition_2793_2_1.png,9,680.2,785.9,12.07,11.37,53.95,4.16
Acquisition_2793_2_1.png,10,753.4,746.1,13.75,10.94,13.61,4.74
Acquisition_2793_2_1.png,11,1022.9,720.0,16.2,10.02,95.27,5.59
Acquisition_2793_2_1.png,12,758.9,712.0,7.65,6.2,151.87,2.64
Acquisition_2793_2_1.png,13,752.5,697.1,9.66,5.53,108.81,3.33
Acquisition_2793_2_1.png,14,799.4,686.1,7.99,6.97,152.14,2.76
Acquisition_2793_2_1.png,15,924.0,679.5,16.14,11.52,23.74,5.57
Acquisition_2793_2_1.png,16,776.1,662.7,6.97,5.07,12.82,2.4
Acquisition_2793_2_1.png,17,799.1,653.6,8.34,5.78,8.28,2.88
Acquisition_2793_2_1.png,18,885.7,649.1,6.18,5.75,155.87,2.13
Acquisition_2793_2_1.png,19,806.0,628.2,10.15,5.28,20.94,3.5
Acquisition_2793_2_1.png,20,484.9,566.4,9.74,7.25,171.35,3.36
Acquisition_2793_2_1.png,21,303.2,503.1,9.82,6.38,175.32,3.39
Acquisition_2793_2_1.png,22,317.5,480.5,8.3,6.55,167.15,2.86
Acquisition_2793_2_1.png,23,958.9,395.9,10.67,9.58,127.14,3.68
Acquisition_2793_2_1.png,24,134.6,387.7,8.19,6.72,91.51,2.83
Acquisition_2793_2_1.png,25,371.2,364.7,16.19,8.83,102.26,5.58
Acquisition_2793_2_1.png,26,835.5,249.4,13.34,10.01,11.68,4.6
Acquisition_2793_2_1.png,27,184.8,239.3,16.14,12.29,14.6,5.57
Acquisition_2793_2_1.png,28,52.7,185.7,16.12,13.36,146.33,5.56
Acquisition_2793_2_1.png,29,507.7,180.6,15.33,10.22,178.65,5.29
Acquisition_2793_2_1.png,30,305.2,142.3,8.24,5.07,8.85,2.84
Acquisition_2793_3_0.png,1,264.2,926.9,14.0,11.64,106.87,4.83
Acquisition_2793_3_0.png,2,331.8,741.6,16.93,12.07,161.95,5.84
Acquisition_2793_3_0.png,3,184.9,727.8,13.87,13.5,159.07,4.78
Acquisition_2793_3_0.png,4,166.3,709.5,13.65,12.61,29.17,4.71
Acquisition_2793_3_0.png,5,41.9,686.3,18.2,12.6,17.5,6.28
Acquisition_2793_3_0.png,6,248.9,613.8,10.11,8.55,56.31,3.49
Acquisition_2793_3_0.png,7,197.1,601.5,12.84,11.86,39.28,4.43
Acquisition_2793_3_0.png,8,145.8,588.9,11.11,5.68,17.5,3.83
Acquisition_2793_3_0.png,9,621.8,561.2,8.07,5.97,175.74,2.79
Acquisition_2793_3_0.png,10,553.4,541.0,13.97,10.14,150.89,4.82
Acquisition_2793_3_0.png,11,197.6,536.6,11.09,9.52,156.36,3.83
Acquisition_2793_3_0.png,12,241.5,525.5,5.9,4.08,112.5,2.04
Acquisition_2793_3_0.png,13,229.7,525.3,14.36,10.04,67.9,4.95
Acquisition_2793_3_0.png,14,648.8,481.8,12.81,11.8,102.91,4.42
Acquisition_2793_3_0.png,15,682.8,464.4,14.88,10.54,158.0,5.13
Acquisition_2793_3_0.png,16,1010.5,400.7,14.67,11.13,48.21,5.06
Acquisition_2793_3_0.png,17,777.8,375.1,12.49,11.08,20.2,4.31
Acquisition_2793_3_0.png,18,371.8,255.8,18.51,12.97,31.41,6.39
Acquisition_2793_3_0.png,19,934.6,246.8,17.11,12.09,104.78,5.9
Acquisition_2793_3_1.png,1,169.0,1017.5,18.54,14.46,99.34,6.4
Acquisition_2793_3_1.png,2,450.6,1008.2,13.52,12.34,161.81,4.66
Acquisition_2793_3_1.png,3,123.3,999.3,15.72,13.99,136.17,5.42
Acquisition_2793_3_1.png,4,613.4,992.6,15.52,13.4,149.39,5.36
Acquisition_2793_3_1.png,5,313.5,984.6,14.23,13.34,133.44,4.91
Acquisition_2793_3_1.png,6,266.9,973.1,14.34,13.49,95.41,4.95
Acquisition_2793_3_1.png,7,284.7,908.3,10.34,10.18,179.29,3.57
Acquisition_2793_3_1.png,8,909.4,897.5,13.73,12.66,61.89,4.74
Acquisition_2793_3_1.png,9,475.8,891.5,15.45,14.52,25.39,5.33
Acquisition_2793_3_1.png,10,854.4,884.7,15.97,14.88,146.25,5.51
Acquisition_2793_3_1.png,11,421.2,866.6,17.25,12.86,165.12,5.95
Acquisition_2793_3_1.png,12,951.4,819.5,17.75,15.45,59.13,6.12
Acquisition_2793_3_1.png,13,312.3,812.0,13.79,11.42,10.18,4.76
Acquisition_2793_3_1.png,14,734.2,776.8,12.59,11.84,164.16,4.34
Acquisition_2793_3_1.png,15,521.3,775.6,14.78,7.52,6.33,5.1
Acquisition_2793_3_1.png,16,177.2,695.9,13.65,12.89,150.75,4.71
Acquisition_2793_3_1.png,17,645.9,651.9,15.2,13.3,101.12,5.24
Acquisition_2793_3_1.png,18,11.0,629.5,15.96,13.79,159.05,5.51
Acquisition_2793_3_1.png,19,566.8,627.8,16.09,13.75,71.46,5.55
Acquisition_2793_3_1.png,20,100.7,627.7,15.32,12.52,19.58,5.29
Acquisition_2793_3_1.png,21,344.5,424.0,15.65,14.56,88.88,5.4
Acquisition_2793_3_1.png,22,389.4,356.6,17.49,13.17,87.06,6.03
Acquisition_2793_3_1.png,23,702.0,345.3,13.68,11.14,27.7,4.72
Acquisition_2793_3_1.png,24,261.4,337.2,11.62,10.84,156.37,4.01
Acquisition_2793_3_1.png,25,19.3,316.7,16.92,8.49,176.76,5.84
Acquisition_2793_3_1.png,26,46.4,305.4,21.31,12.83,154.64,7.35
Acquisition_2793_3_1.png,27,20.7,281.6,11.06,8.91,177.84,3.82
Acquisition_2793_3_1.png,28,19.5,258.8,13.78,9.55,121.61,4.76
Acquisition_2793_3_1.png,29,767.0,256.2,16.85,15.86,171.14,5.81
Acquisition_2793_3_1.png,30,205.4,245.8,16.13,10.54,10.36,5.57
Acquisition_2793_3_1.png,31,1003.5,238.5,14.23,12.35,66.43,4.91
Acquisition_2793_3_1.png,32,639.1,199.3,15.82,9.83,9.02,5.46
Acquisition_2793_3_1.png,33,100.2,182.0,16.63,12.32,27.25,5.74
Acquisition_2793_3_1.png,34,357.3,180.6,14.58,14.02,32.97,5.03
Acquisition_2793_3_1.png,35,476.1,174.7,15.5,9.6,99.95,5.35
Acquisition_2793_3_1.png,36,773.5,149.3,16.54,14.85,177.02,5.71
Acquisition_2793_3_1.png,37,836.8,97.2,17.92,11.3,106.77,6.18
Acquisition_2793_3_1.png,38,874.3,95.9,23.85,13.29,74.13,8.23
Acquisition_2793_3_1.png,39,268.3,32.0,14.02,13.04,132.39,4.84
Acquisition_2873_0_0.png,1,1012.7,992.2,15.36,14.26,100.67,5.3
Acquisition_2873_0_0.png,2,992.8,924.7,16.38,12.31,95.23,5.65
Acquisition_2873_0_0.png,3,970.2,921.1,18.01,14.53,36.5,6.21
Acquisition_2873_0_0.png,4,959.8,851.2,17.46,13.24,85.69,6.03
Acquisition_2873_0_0.png,5,1022.9,790.0,24.63,17.83,83.8,8.5
Acquisition_2873_0_0.png,6,999.7,748.8,6.8,6.53,57.59,2.35
Acquisition_2873_0_0.png,7,955.8,644.5,10.26,8.52,178.36,3.54
Acquisition_2873_0_0.png,8,847.2,537.1,20.25,12.72,140.94,6.99
Acquisition_2873_0_0.png,9,868.5,519.7,18.9,11.35,18.21,6.52
Acquisition_2873_0_0.png,10,725.4,494.2,12.75,10.85,88.62,4.4
Acquisition_2873_0_0.png,11,653.4,471.8,15.98,14.32,121.2,5.51
Acquisition_2873_0_0.png,12,952.4,448.5,16.54,15.35,87.63,5.71
Acquisition_2873_0_0.png,13,684.4,296.5,14.81,10.97,167.96,5.11
Acquisition_2873_0_0.png,14,359.1,261.4,14.46,12.91,121.62,4.99
Acquisition_2873_0_0.png,15,875.4,247.1,15.71,14.47,167.37,5.42
Acquisition_2873_0_0.png,16,860.7,106.4,11.76,11.72,65.82,4.06
Acquisition_2873_0_0.png,17,710.7,108.4,16.62,15.86,55.79,5.73
Acquisition_2873_0_0.png,18,414.3,99.1,15.8,11.25,75.85,5.45
Acquisition_2873_0_0.png,19,522.2,85.5,15.29,13.12,96.88,5.27
Acquisition_2873_0_0.png,20,896.5,66.4,16.45,14.01,41.88,5.67
Acquisition_2873_0_0.png,21,659.6,64.2,10.24,7.82,146.67,3.53
Acquisition_2873_0_0.png,22,673.9,42.4,16.72,14.11,159.45,5.77
Acquisition_2873_0_0.png,23,728.4,36.9,15.57,14.76,135.87,5.37
Acquisition_2873_0_0.png,24,482.7,16.2,19.85,12.87,123.48,6.85
Acquisition_2873_0_0.png,25,517.5,1.8,19.78,14.02,93.93,6.82
Acquisition_2873_1_0.png,1,214.8,1011.1,18.15,15.79,164.71,6.26
Acquisition_2873_1_0.png,2,542.7,1006.1,14.0,12.85,121.09,4.83
Acquisition_2873_1_0.png,3,324.7,994.0,30.95,15.74,24.03,10.68
Acquisition_2873_1_0.png,4,111.7,996.2,38.72,11.77,42.96,13.36
Acquisition_2873_1_0.png,5,484.7,977.2,18.49,16.04,103.56,6.38
Acquisition_2873_1_0.png,6,65.7,981.5,32.22,13.09,177.69,11.12
Acquisition_2873_1_0.png,7,261.2,969.5,20.14,12.84,156.27,6.95
Acquisition_2873_1_0.png,8,530.4,963.7,13.04,11.0,27.87,4.5
Acquisition_2873_1_0.png,9,199.8,955.0,15.01,8.28,136.1,5.18
Acquisition_2873_1_0.png,10,260.6,949.9,14.83,13.68,83.54,5.12
Acquisition_2873_1_0.png,11,376.1,944.4,12.58,10.24,179.17,4.34
Acquisition_2873_1_0.png,12,490.1,942.8,17.43,16.23,68.98,6.01
Acquisition_2873_1_0.png,13,20.6,941.2,16.88,13.76,154.32,5.82
Acquisition_2873_1_0.png,14,124.7,918.7,9.01,8.03,103.07,3.11
Acquisition_2873_1_0.png,15,456.0,918.1,17.47,13.65,122.55,6.03
Acquisition_2873_1_0.png,16,752.6,901.4,13.31,12.72,179.39,4.59
Acquisition_2873_1_0.png,17,326.0,887.4,16.56,15.46,5.54,5.71
Acquisition_2873_1_0.png,18,262.3,854.8,17.24,15.03,175.03,5.95
Acquisition_2873_1_0.png,19,604.4,846.3,14.21,12.96,173.22,4.9
Acquisition_2873_1_0.png,20,81.9,835.8,15.26,11.34,106.23,5.26
Acquisition_2873_1_0.png,21,205.1,828.6,23.66,15.69,44.66,8.16
Acquisition_2873_1_0.png,22,934.2,792.0,16.7,14.92,177.33,5.76
Acquisition_2873_1_0.png,23,448.7,767.9,19.2,11.64,8.41,6.62
Acquisition_2873_1_0.png,24,295.7,749.1,16.75,14.96,55.59,5.78
Acquisition_2873_1_0.png,25,262.8,718.2,17.18,12.96,133.43,5.93
Acquisition_2873_1_0.png,26,418.2,666.9,17.08,10.08,72.59,5.89
Acquisition_2873_1_0.png,27,28.0,655.1,15.35,14.56,17.15,5.3
Acquisition_2873_1_0.png,28,299.8,647.3,15.85,14.97,17.76,5.47
Acquisition_2873_1_0.png,29,685.8,619.8,17.29,13.78,176.47,5.96
Acquisition_2873_1_0.png,30,67.8,608.1,17.54,16.29,91.97,6.05
Acquisition_2873_1_0.png,31,138.7,603.1,11.63,10.57,66.41,4.01
Acquisition_2873_1_0.png,32,355.7,602.6,27.16,16.14,82.11,9.37
Acquisition_2873_1_0.png,33,10.2,594.2,16.89,15.74,8.22,5.83
Acquisition_2873_1_0.png,34,105.4,575.2,13.29,12.58,12.28,4.59
Acquisition_2873_1_0.png,35,77.2,559.2,17.67,15.64,101.82,6.1
Acquisition_2873_1_0.png,36,601.4,546.3,16.86,14.05,70.48,5.82
Acquisition_2873_1_0.png,37,156.1,531.3,18.39,13.19,140.29,6.35
Acquisition_2873_1_0.png,38,237.6,524.9,19.4,13.72,56.11,6.69
Acquisition_2873_1_0.png,39,175.2,504.5,18.4,12.65,142.79,6.35
Acquisition_2873_1_0.png,40,629.0,489.3,16.34,14.85,12.55,5.64
Acquisition_2873_1_0.png,41,48.7,474.1,16.26,14.86,24.99,5.61
Acquisition_2873_1_0.png,42,110.8,290.1,13.63,9.92,130.72,4.7
Acquisition_2873_1_0.png,43,229.1,256.4,16.8,14.97,36.3,5.8
Acquisition_2873_1_0.png,44,105.7,229.9,16.31,15.66,124.82,5.63
Acquisition_2873_1_0.png,45,418.1,215.2,14.64,14.03,124.82,5.05
Acquisition_2873_1_0.png,46,211.1,149.4,26.12,13.47,80.23,9.01
Acquisition_2873_1_0.png,47,467.6,117.8,15.45,14.25,61.25,5.33
Acquisition_2873_1_0.png,48,295.4,118.4,13.94,13.37,66.88,4.81
Acquisition_2873_1_0.png,49,121.0,108.1,16.46,14.68,145.84,5.68
Acquisition_2873_1_0.png,50,179.7,78.1,16.94,16.07,63.83,5.85
Acquisition_2873_1_0.png,51,363.7,54.0,16.68,13.67,14.34,5.76
Acquisition_2873_1_0.png,52,306.7,29.0,16.99,16.36,28.37,5.86
Acquisition_2873_1_1.png,1,935.5,986.6,28.94,17.32,92.01,9.99
Acquisition_2873_1_1.png,2,884.8,951.3,19.61,12.81,13.67,6.77
Acquisition_2873_1_1.png,3,670.4,897.6,13.95,13.26,169.96,4.81
Acquisition_2873_1_1.png,4,827.7,882.9,11.76,7.33,175.75,4.06
Acquisition_2873_1_1.png,5,668.0,879.3,16.02,12.32,20.93,5.53
Acquisition_2873_1_1.png,6,791.6,837.4,8.69,8.19,150.63,3.0
Acquisition_2873_1_1.png,7,717.8,822.5,8.87,8.49,132.37,3.06
Acquisition_2873_1_1.png,8,979.3,819.5,17.38,14.82,165.42,6.0
Acquisition_2873_1_1.png,9,973.4,741.4,12.93,12.78,80.95,4.46
Acquisition_2873_1_1.png,10,596.6,732.5,12.58,11.43,161.89,4.34
Acquisition_2873_1_1.png,11,548.0,725.9,15.99,11.57,64.8,5.52
Acquisition_2873_1_1.png,12,797.0,701.2,7.57,5.97,2.37,2.61
Acquisition_2873_1_1.png,13,925.9,674.5,14.71,13.0,162.95,5.08
Acquisition_2873_1_1.png,14,1003.6,669.5,13.13,8.92,1.18,4.53
Acquisition_2873_1_1.png,15,940.7,640.7,15.97,13.97,45.0,5.51
Acquisition_2873_1_1.png,16,591.1,623.5,17.68,12.83,136.56,6.1
Acquisition_2873_1_1.png,17,700.2,616.4,16.58,13.3,17.05,5.72
Acquisition_2873_1_1.png,18,991.6,599.2,11.91,9.06,99.97,4.11
Acquisition_2873_1_1.png,19,1002.2,580.2,17.2,11.98,86.75,5.93
Acquisition_2873_1_1.png,20,635.7,568.3,14.46,13.52,125.9,4.99
Acquisition_2873_1_1.png,21,376.0,567.4,15.45,12.83,139.27,5.33
Acquisition_2873_1_1.png,22,439.9,556.7,15.74,8.57,101.93,5.43
Acquisition_2873_1_1.png,23,477.7,554.7,22.41,10.19,157.91,7.73
Acquisition_2873_1_1.png,24,549.7,546.6,17.24,12.05,83.36,5.95
Acquisition_2873_1_1.png,25,680.4,538.8,14.76,13.95,165.91,5.09
Acquisition_2873_1_1.png,26,1016.6,505.7,17.13,15.25,34.56,5.91
Acquisition_2873_1_1.png,27,950.1,503.8,14.72,13.73,95.38,5.08
Acquisition_2873_1_1.png,28,875.3,501.4,14.78,12.37,62.61,5.1
Acquisition_2873_1_1.png,29,607.4,487.7,16.17,13.53,145.72,5.58
Acquisition_2873_1_1.png,30,567.6,484.0,15.83,13.98,100.63,5.46
Acquisition_2873_1_1.png,31,932.7,477.6,14.82,13.49,162.1,5.11
Acquisition_2873_1_1.png,32,643.0,468.2,19.44,13.15,108.81,6.71
Acquisition_2873_1_1.png,33,601.4,439.3,12.98,12.17,152.09,4.48
Acquisition_2873_1_1.png,34,804.9,405.5,16.51,14.26,98.08,5.7
Acquisition_2873_1_1.png,35,431.4,407.6,15.76,15.28,89.02,5.44
Acquisition_2873_1_1.png,36,983.8,402.8,15.0,14.7,103.09,5.18
Acquisition_2873_1_1.png,37,867.1,387.1,17.63,9.45,78.83,6.08
Acquisition_2873_1_1.png,38,716.9,379.3,14.61,10.64,19.91,5.04
Acquisition_2873_1_1.png,39,615.9,376.0,16.78,12.63,95.15,5.79
Acquisition_2873_1_1.png,40,503.9,370.5,10.69,9.49,155.83,3.69
Acquisition_2873_1_1.png,41,471.8,361.5,14.88,9.61,91.23,5.13
Acquisition_2873_1_1.png,42,423.6,364.0,15.87,13.45,25.75,5.48
Acquisition_2873_1_1.png,43,425.7,255.7,14.91,13.7,163.1,5.15
Acquisition_2873_1_1.png,44,588.0,246.3,15.92,13.12,171.3,5.49
Acquisition_2873_1_1.png,45,695.4,234.4,14.11,11.05,106.04,4.87
Acquisition_2873_1_1.png,46,335.8,225.2,13.0,11.07,41.38,4.48
Acquisition_2873_1_1.png,47,818.6,206.0,13.66,12.61,174.98,4.71
Acquisition_2873_1_1.png,48,989.3,159.5,14.13,13.09,96.77,4.87
Acquisition_2873_1_1.png,49,385.2,124.6,15.25,11.19,147.57,5.26
Acquisition_2873_1_1.png,50,544.0,109.9,11.87,10.35,3.61,4.09
Acquisition_2873_1_1.png,51,995.2,98.0,19.76,14.89,107.47,6.82
Acquisition_2873_1_1.png,52,280.2,93.1,11.99,11.33,135.25,4.14
Acquisition_2873_1_1.png,53,644.5,71.6,15.75,13.03,118.86,5.43
Acquisition_2873_1_1.png,54,338.0,69.7,15.5,11.06,143.25,5.35
Acquisition_2873_2_1.png,1,584.9,1000.7,15.37,13.72,9.03,5.3
Acquisition_2873_2_1.png,2,766.3,994.2,14.76,12.06,155.67,5.09
Acquisition_2873_2_1.png,3,297.1,974.0,10.02,8.01,161.44,3.46
Acquisition_2873_2_1.png,4,920.1,965.2,14.26,13.15,16.88,4.92
Acquisition_2873_2_1.png,5,532.3,957.3,15.1,13.8,161.57,5.21
Acquisition_2873_2_1.png,6,305.0,931.2,18.73,15.94,137.81,6.46
Acquisition_2873_2_1.png,7,560.2,919.5,15.13,14.33,47.17,5.22
Acquisition_2873_2_1.png,8,347.5,913.4,15.61,14.31,167.68,5.39
Acquisition_2873_2_1.png,9,604.8,909.4,11.0,10.32,10.76,3.79
Acquisition_2873_2_1.png,10,944.6,888.9,15.33,12.58,174.48,5.29
Acquisition_2873_2_1.png,11,715.0,875.0,9.8,7.31,0.36,3.38
Acquisition_2873_2_1.png,12,551.6,851.6,15.28,10.88,3.07,5.27
Acquisition_2873_2_1.png,13,592.8,845.0,14.36,9.16,10.44,4.95
Acquisition_2873_2_1.png,14,670.2,838.4,15.76,13.53,118.39,5.44
Acquisition_2873_2_1.png,15,176.9,815.2,15.43,13.29,167.93,5.32
Acquisition_2873_2_1.png,16,192.8,805.6,11.81,11.07,50.92,4.07
Acquisition_2873_2_1.png,17,512.2,785.3,10.19,8.46,113.54,3.51
Acquisition_2873_2_1.png,18,601.4,781.2,12.99,11.0,1.41,4.48
Acquisition_2873_2_1.png,19,586.4,766.7,20.75,7.47,111.9,7.16
Acquisition_2873_2_1.png,20,122.8,739.7,8.7,6.53,125.11,3.0
Acquisition_2873_2_1.png,21,389.3,725.5,13.96,13.33,177.75,4.82
Acquisition_2873_2_1.png,22,266.9,720.3,15.75,13.62,165.72,5.43
Acquisition_2873_2_1.png,23,170.5,682.8,13.7,11.71,74.96,4.73
Acquisition_2873_2_1.png,24,407.8,674.4,15.63,14.44,10.98,5.39
Acquisition_2873_2_1.png,25,257.6,660.1,14.01,13.13,166.86,4.83
Acquisition_2873_2_1.png,26,96.4,641.2,14.57,8.98,51.95,5.03
Acquisition_2873_2_1.png,27,920.1,623.7,13.76,11.64,153.81,4.75
Acquisition_2873_2_1.png,28,610.9,624.5,14.64,13.06,11.6,5.05
Acquisition_2873_2_1.png,29,97.4,602.6,14.69,11.68,169.74,5.07
Acquisition_2873_2_1.png,30,609.5,575.8,12.22,7.82,86.88,4.22
Acquisition_2873_2_1.png,31,1016.9,560.7,22.59,11.24,128.19,7.79
Acquisition_2873_2_1.png,32,778.6,504.7,14.65,11.42,174.11,5.05
Acquisition_2873_2_1.png,33,625.1,498.9,12.89,9.65,46.23,4.45
Acquisition_2873_2_1.png,34,739.4,469.0,14.0,13.02,134.89,4.83
Acquisition_2873_2_1.png,35,98.2,429.7,17.64,13.72,64.73,6.09
Acquisition_2873_2_1.png,36,65.9,418.1,19.69,13.72,48.26,6.79
Acquisition_2873_2_1.png,37,13.8,354.4,17.49,13.97,2.67,6.03
Acquisition_2873_2_1.png,38,153.2,290.8,16.2,12.31,162.75,5.59
Acquisition_2873_2_1.png,39,433.0,280.1,11.25,9.17,33.29,3.88
Acquisition_2873_2_1.png,40,134.8,240.5,16.4,13.07,136.74,5.66
Acquisition_2873_2_1.png,41,411.6,229.0,17.02,15.68,51.04,5.87
Acquisition_2873_2_1.png,42,552.0,195.0,14.45,10.94,78.99,4.99
Acquisition_2873_2_1.png,43,302.0,164.5,15.95,11.05,153.21,5.5
Acquisition_2873_2_1.png,44,582.8,157.0,12.9,11.26,49.23,4.45
Acquisition_2873_2_1.png,45,342.5,86.0,14.75,14.54,40.67,5.09
Acquisition_2873_3_1.png,1,684.5,927.2,15.46,14.85,117.53,5.33
Acquisition_2873_3_1.png,2,850.7,882.8,16.55,15.3,42.99,5.71
Acquisition_2873_3_1.png,3,393.4,868.7,17.12,15.92,156.22,5.91
Acquisition_2873_3_1.png,4,380.4,849.4,13.2,12.69,111.39,4.55
Acquisition_2873_3_1.png,5,778.9,831.4,17.24,11.7,155.07,5.95
Acquisition_2873_3_1.png,6,121.7,645.2,13.94,10.97,38.14,4.81
Acquisition_2873_3_1.png,7,264.8,355.6,18.8,11.63,16.74,6.49
Acquisition_2873_3_1.png,8,241.8,249.2,15.69,12.53,177.32,5.41
Acquisition_2873_3_1.png,9,491.7,218.3,18.07,12.87,38.8,6.24
Acquisition_2873_3_1.png,10,29.9,57.5,17.34,13.41,78.57,5.98
Acquisition_3777_0_0.png,1,642.7,970.5,19.98,13.82,167.2,6.89
Acquisition_3777_0_0.png,2,625.0,930.8,19.74,17.03,41.42,6.81
Acquisition_3777_0_0.png,3,198.4,697.3,28.73,17.22,84.35,9.91
Acquisition_3777_0_0.png,4,523.4,681.5,22.19,17.91,122.39,7.66
Acquisition_3777_0_0.png,5,426.2,609.1,20.82,12.57,119.22,7.18
Acquisition_3777_0_0.png,6,596.1,603.7,15.99,13.15,129.45,5.52
Acquisition_3777_0_0.png,7,74.9,544.9,17.26,16.3,135.33,5.95
Acquisition_3777_0_0.png,8,681.1,437.2,14.71,13.03,10.11,5.07
Acquisition_3777_0_0.png,9,1000.3,433.3,13.32,8.03,143.11,4.6
Acquisition_3777_0_0.png,10,1006.5,395.6,13.89,10.2,113.58,4.79
Acquisition_3777_0_0.png,11,879.2,246.9,17.92,16.21,151.7,6.18
Acquisition_3777_0_0.png,12,414.7,185.3,18.42,13.69,117.36,6.35
Acquisition_3777_0_0.png,13,537.0,92.9,17.37,16.38,116.52,5.99
Acquisition_3777_0_0.png,14,943.5,77.7,12.77,8.94,132.54,4.4
Acquisition_3777_0_0.png,15,896.3,72.0,17.6,14.85,130.29,6.07
Acquisition_3777_0_0.png,16,832.5,25.8,16.22,7.02,147.18,5.6
Acquisition_3777_0_0.png,17,946.8,17.3,10.55,9.19,159.33,3.64
Acquisition_3777_0_0.png,18,277.6,14.2,17.0,15.61,129.39,5.86
Acquisition_3777_1_0.png,1,696.1,994.4,17.2,13.22,149.85,5.93
Acquisition_3777_1_0.png,2,889.3,971.3,11.49,7.25,109.56,3.96
Acquisition_3777_1_0.png,3,815.5,966.3,15.79,14.53,159.06,5.45
Acquisition_3777_1_0.png,4,839.2,855.3,14.35,12.29,48.08,4.95
Acquisition_3777_1_0.png,5,623.8,856.6,15.06,13.96,164.21,5.19
Acquisition_3777_1_0.png,6,1005.4,844.0,17.47,13.68,21.29,6.03
Acquisition_3777_1_0.png,7,441.2,824.6,17.47,12.98,179.14,6.03
Acquisition_3777_1_0.png,8,508.7,819.0,10.02,9.71,57.07,3.46
Acquisition_3777_1_0.png,9,183.1,783.8,15.44,15.04,128.53,5.33
Acquisition_3777_1_0.png,10,937.0,779.9,19.26,11.84,152.04,6.65
Acquisition_3777_1_0.png,11,87.6,779.9,20.65,16.0,174.95,7.12
Acquisition_3777_1_0.png,12,43.3,768.1,18.09,16.23,166.02,6.24
Acquisition_3777_1_0.png,13,564.7,764.1,14.01,13.6,13.72,4.84
Acquisition_3777_1_0.png,14,533.8,734.8,12.9,7.24,36.52,4.45
Acquisition_3777_1_0.png,15,768.9,726.1,18.46,12.63,3.16,6.37
Acquisition_3777_1_0.png,16,454.5,716.6,22.13,12.97,122.89,7.64
Acquisition_3777_1_0.png,17,899.8,698.6,15.33,14.09,163.86,5.29
Acquisition_3777_1_0.png,18,373.0,691.0,15.89,12.89,88.67,5.48
Acquisition_3777_1_0.png,19,267.7,688.6,16.38,15.36,124.25,5.65
Acquisition_3777_1_0.png,20,804.7,655.8,16.74,12.42,157.4,5.77
Acquisition_3777_1_0.png,21,415.9,639.5,13.99,11.23,23.12,4.83
Acquisition_3777_1_0.png,22,340.8,610.1,17.5,13.5,159.46,6.04
Acquisition_3777_1_0.png,23,290.6,597.1,14.22,12.1,114.55,4.91
Acquisition_3777_1_0.png,24,699.2,579.7,14.56,9.53,171.92,5.02
Acquisition_3777_1_0.png,25,749.0,536.5,16.36,11.3,9.87,5.64
Acquisition_3777_1_0.png,26,670.9,489.8,11.83,9.61,123.36,4.08
Acquisition_3777_1_0.png,27,139.1,468.2,18.48,15.05,2.34,6.38
Acquisition_3777_1_0.png,28,671.3,466.7,17.75,16.66,32.08,6.12
Acquisition_3777_1_0.png,29,426.2,449.9,16.2,11.72,168.58,5.59
Acquisition_3777_1_0.png,30,633.5,449.4,18.89,14.37,43.04,6.52
Acquisition_3777_1_0.png,31,61.5,442.5,16.64,9.76,37.25,5.74
Acquisition_3777_1_0.png,32,357.9,429.9,12.75,8.52,168.33,4.4
Acquisition_3777_1_0.png,33,89.0,422.2,15.01,14.32,154.7,5.18
Acquisition_3777_1_0.png,34,472.7,416.3,15.19,13.78,71.35,5.24
Acquisition_3777_1_0.png,35,400.7,411.6,18.65,16.01,26.92,6.43
Acquisition_3777_1_0.png,36,749.3,397.6,21.79,14.81,47.78,7.52
Acquisition_3777_1_0.png,37,506.6,371.1,12.95,10.47,141.0,4.47
Acquisition_3777_1_0.png,38,203.3,346.3,11.65,9.44,80.8,4.02
Acquisition_3777_1_0.png,39,249.9,346.3,11.01,5.44,177.48,3.8
Acquisition_3777_1_0.png,40,652.0,336.7,16.89,16.16,154.79,5.83
Acquisition_3777_1_0.png,41,227.6,291.5,11.69,9.16,130.54,4.03
Acquisition_3777_1_0.png,42,554.9,291.6,17.86,15.27,101.44,6.16
Acquisition_3777_1_0.png,43,936.5,260.0,16.86,15.86,124.7,5.82
Acquisition_3777_1_0.png,44,384.4,245.3,16.64,15.26,58.59,5.74
Acquisition_3777_1_0.png,45,9.4,242.7,20.08,13.81,87.01,6.93
Acquisition_3777_1_0.png,46,153.7,214.4,17.31,11.0,156.93,5.97
Acquisition_3777_1_0.png,47,149.1,172.5,21.78,15.08,170.05,7.51
Acquisition_3777_1_0.png,48,258.5,164.5,16.68,6.28,149.88,5.75
Acquisition_3777_1_0.png,49,300.4,145.9,18.89,11.8,32.28,6.52
Acquisition_3777_1_0.png,50,386.5,109.9,18.88,9.82,138.76,6.51
Acquisition_3777_1_0.png,51,154.1,99.7,13.79,11.39,129.3,4.76
Acquisition_3777_1_0.png,52,985.4,97.3,16.81,13.95,94.32,5.8
Acquisition_3777_1_0.png,53,437.6,96.1,13.24,11.09,119.13,4.57
Acquisition_3777_1_0.png,54,293.7,91.5,14.1,11.04,111.18,4.86
Acquisition_3777_1_0.png,55,118.2,94.4,17.46,14.1,154.3,6.02
Acquisition_3777_1_0.png,56,850.4,83.9,22.01,14.24,162.06,7.59
Acquisition_3777_1_0.png,57,408.4,79.0,14.64,11.1,120.15,5.05
Acquisition_3777_1_0.png,58,265.8,80.3,20.01,14.86,59.5,6.9
Acquisition_3777_1_0.png,59,143.2,74.7,20.33,15.76,85.59,7.01
Acquisition_3777_1_0.png,60,8.3,70.2,14.36,13.29,11.52,4.95
Acquisition_3777_1_0.png,61,167.6,45.3,14.17,9.58,126.18,4.89
Acquisition_3777_1_0.png,62,104.3,42.2,14.6,10.79,122.54,5.04
Acquisition_3777_1_0.png,63,652.3,43.0,16.34,13.65,4.5,5.64
Acquisition_3777_1_0.png,64,243.0,44.1,18.43,17.61,9.09,6.36
Acquisition_3777_1_0.png,65,968.3,21.5,16.48,12.13,133.14,5.69
Acquisition_3777_1_0.png,66,558.2,19.4,15.92,14.66,151.05,5.49
Acquisition_3777_2_0.png,1,416.9,940.7,37.34,18.23,87.14,12.88
Acquisition_3777_2_0.png,2,478.6,922.9,16.92,12.36,40.42,5.84
Acquisition_3777_2_0.png,3,593.9,879.5,17.16,16.07,178.22,5.92
Acquisition_3777_2_0.png,4,425.5,851.5,18.32,12.39,79.55,6.32
Acquisition_3777_2_0.png,5,844.0,830.4,14.46,13.69,167.57,4.99
Acquisition_3777_2_0.png,6,477.7,820.6,17.26,15.47,115.28,5.96
Acquisition_3777_2_0.png,7,621.5,801.0,15.84,11.97,170.08,5.47
Acquisition_3777_2_0.png,8,449.4,785.0,16.08,10.05,37.51,5.55
Acquisition_3777_2_0.png,9,241.4,779.7,13.25,10.52,131.75,4.57
Acquisition_3777_2_0.png,10,890.6,774.0,10.39,8.14,144.45,3.59
Acquisition_3777_2_0.png,11,998.3,740.2,18.6,8.79,124.17,6.42
Acquisition_3777_2_0.png,12,279.3,721.3,18.27,14.7,164.77,6.3
Acquisition_3777_2_0.png,13,248.8,715.8,15.76,13.48,15.92,5.44
Acquisition_3777_2_0.png,14,366.7,711.9,15.82,15.32,96.01,5.46
Acquisition_3777_2_0.png,15,234.4,700.1,14.45,13.15,73.86,4.99
Acquisition_3777_2_0.png,16,239.3,674.2,8.52,8.28,46.59,2.94
Acquisition_3777_2_0.png,17,200.2,665.5,10.12,8.62,130.03,3.49
Acquisition_3777_2_0.png,18,680.8,666.9,18.48,15.4,6.11,6.37
Acquisition_3777_2_0.png,19,426.2,659.2,17.93,7.68,124.2,6.19
Acquisition_3777_2_0.png,20,539.7,649.3,21.25,15.4,71.32,7.33
Acquisition_3777_2_0.png,21,894.6,646.3,15.93,13.73,21.47,5.5
Acquisition_3777_2_0.png,22,410.3,610.6,16.86,14.99,145.64,5.82
Acquisition_3777_2_0.png,23,845.0,600.4,15.74,11.47,6.9,5.43
Acquisition_3777_2_0.png,24,265.8,574.9,20.43,11.49,91.56,7.05
Acquisition_3777_2_0.png,25,974.7,570.8,18.0,15.38,131.28,6.21
Acquisition_3777_2_0.png,26,333.4,562.2,14.7,13.35,127.97,5.07
Acquisition_3777_2_0.png,27,172.8,563.0,16.01,9.54,11.8,5.52
Acquisition_3777_2_0.png,28,951.1,556.7,19.37,14.87,21.73,6.68
Acquisition_3777_2_0.png,29,477.0,549.9,17.04,9.87,174.68,5.88
Acquisition_3777_2_0.png,30,861.6,542.9,17.71,13.68,113.28,6.11
Acquisition_3777_2_0.png,31,222.1,538.6,13.71,9.08,87.71,4.73
Acquisition_3777_2_0.png,32,496.6,540.3,14.57,11.13,167.69,5.03
Acquisition_3777_2_0.png,33,311.3,539.4,20.33,13.8,22.09,7.01
Acquisition_3777_2_0.png,34,448.5,533.1,19.3,11.9,167.11,6.66
Acquisition_3777_2_0.png,35,365.6,527.5,18.32,11.73,28.54,6.32
Acquisition_3777_2_0.png,36,167.5,520.5,16.0,15.61,127.35,5.52
Acquisition_3777_2_0.png,37,536.8,492.9,16.95,9.26,126.24,5.85
Acquisition_3777_2_0.png,38,500.2,480.3,16.16,13.25,140.91,5.58
Acquisition_3777_2_0.png,39,436.8,463.8,19.23,16.05,111.12,6.63
Acquisition_3777_2_0.png,40,857.2,467.3,24.5,14.47,28.77,8.45
Acquisition_3777_2_0.png,41,266.4,444.1,17.44,11.88,147.78,6.02
Acquisition_3777_2_0.png,42,972.2,440.0,16.04,15.41,168.18,5.53
Acquisition_3777_2_0.png,43,131.1,423.1,16.64,15.83,84.87,5.74
Acquisition_3777_2_0.png,44,723.2,399.2,9.56,8.58,97.25,3.3
Acquisition_3777_2_0.png,45,367.1,395.9,16.7,14.33,136.48,5.76
Acquisition_3777_2_0.png,46,122.2,393.6,16.19,11.58,168.68,5.59
Acquisition_3777_2_0.png,47,650.7,383.8,16.05,13.98,5.25,5.54
Acquisition_3777_2_0.png,48,730.4,339.8,13.37,8.43,21.39,4.61
Acquisition_3777_2_0.png,49,847.2,329.9,17.2,9.62,0.35,5.93
Acquisition_3777_2_0.png,50,820.8,317.5,16.66,14.52,118.16,5.75
Acquisition_3777_2_0.png,51,380.0,310.5,15.89,13.15,125.09,5.48
Acquisition_3777_2_0.png,52,576.9,302.1,17.64,17.39,98.2,6.08
Acquisition_3777_2_0.png,53,732.1,291.3,15.34,12.45,1.86,5.29
Acquisition_3777_2_0.png,54,452.2,288.5,13.57,11.01,163.62,4.68
Acquisition_3777_2_0.png,55,284.2,286.7,15.31,12.69,178.2,5.28
Acquisition_3777_2_0.png,56,664.0,270.5,17.13,14.81,34.55,5.91
Acquisition_3777_2_0.png,57,460.2,261.4,12.26,9.19,175.6,4.23
Acquisition_3777_2_0.png,58,746.9,258.5,14.36,11.83,19.63,4.96
Acquisition_3777_2_0.png,59,912.6,256.1,15.7,11.41,162.41,5.42
Acquisition_3777_2_0.png,60,434.3,253.7,14.39,10.52,158.04,4.96
Acquisition_3777_2_0.png,61,705.8,251.2,12.27,7.33,8.67,4.23
Acquisition_3777_2_0.png,62,536.6,236.9,15.16,12.07,110.34,5.23
Acquisition_3777_2_0.png,63,493.2,221.0,20.77,12.92,171.33,7.17
Acquisition_3777_2_0.png,64,788.7,214.2,18.01,10.78,175.52,6.21
Acquisition_3777_2_0.png,65,157.9,201.3,17.78,14.03,106.98,6.13
Acquisition_3777_2_1.png,1,933.6,982.2,16.63,15.92,113.52,5.74
Acquisition_3777_2_1.png,2,735.1,977.4,18.9,17.14,30.53,6.52
Acquisition_3777_2_1.png,3,240.6,965.6,25.48,18.03,84.0,8.79
Acquisition_3777_2_1.png,4,489.6,956.8,23.28,13.98,95.53,8.03
Acquisition_3777_2_1.png,5,516.2,928.8,18.17,15.68,6.58,6.27
Acquisition_3777_2_1.png,6,425.4,915.3,13.74,9.33,42.38,4.74
Acquisition_3777_2_1.png,7,357.1,911.9,33.14,23.88,0.85,11.43
Acquisition_3777_2_1.png,8,153.2,887.2,21.17,16.7,69.83,7.3
Acquisition_3777_2_1.png,9,854.0,874.0,11.83,11.6,156.05,4.08
Acquisition_3777_2_1.png,10,291.6,862.4,14.81,14.12,29.75,5.11
Acquisition_3777_2_1.png,11,870.8,847.6,17.07,8.43,16.42,5.89
Acquisition_3777_2_1.png,12,348.5,816.7,16.76,13.17,104.3,5.78
Acquisition_3777_2_1.png,13,988.0,791.4,18.54,13.47,40.15,6.4
Acquisition_3777_2_1.png,14,845.1,784.3,18.12,11.52,50.88,6.25
Acquisition_3777_2_1.png,15,799.7,766.0,20.83,13.78,44.38,7.19
Acquisition_3777_2_1.png,16,745.6,750.1,21.85,14.14,154.51,7.54
Acquisition_3777_2_1.png,17,921.8,737.0,13.23,12.46,97.03,4.56
Acquisition_3777_2_1.png,18,1004.0,723.7,18.61,12.3,47.27,6.42
Acquisition_3777_2_1.png,19,964.0,721.5,18.24,10.54,118.92,6.29
Acquisition_3777_2_1.png,20,760.2,701.2,31.35,15.01,80.43,10.81
Acquisition_3777_2_1.png,21,285.5,666.4,12.99,9.09,169.85,4.48
Acquisition_3777_2_1.png,22,705.7,659.0,21.83,13.79,161.26,7.53
Acquisition_3777_2_1.png,23,491.7,651.5,20.44,16.08,45.02,7.05
Acquisition_3777_2_1.png,24,487.2,630.6,20.73,17.86,117.3,7.15
Acquisition_3777_2_1.png,25,357.7,622.6,16.69,15.79,24.58,5.76
Acquisition_3777_2_1.png,26,769.7,614.9,18.85,12.73,54.95,6.5
Acquisition_3777_2_1.png,27,205.3,600.7,16.9,13.34,159.54,5.83
Acquisition_3777_2_1.png,28,774.8,594.8,13.84,9.76,132.59,4.77
Acquisition_3777_2_1.png,29,692.7,580.6,17.55,13.15,53.76,6.05
Acquisition_3777_2_1.png,30,369.1,581.6,22.41,16.79,40.2,7.73
Acquisition_3777_2_1.png,31,832.7,572.4,10.92,7.99,122.94,3.77
Acquisition_3777_2_1.png,32,927.1,569.2,17.47,11.51,52.81,6.03
Acquisition_3777_2_1.png,33,325.9,553.6,18.22,11.6,6.94,6.28
Acquisition_3777_2_1.png,34,453.5,540.2,19.95,15.66,174.14,6.88
Acquisition_3777_2_1.png,35,281.8,523.4,12.7,11.38,167.67,4.38
Acquisition_3777_2_1.png,36,226.6,518.8,12.77,8.02,22.48,4.4
Acquisition_3777_2_1.png,37,885.6,508.7,19.23,12.87,165.65,6.63
Acquisition_3777_2_1.png,38,285.1,494.1,11.12,7.22,11.6,3.84
Acquisition_3777_2_1.png,39,538.4,493.7,19.66,15.36,14.03,6.78
Acquisition_3777_2_1.png,40,435.8,491.7,17.33,14.59,177.3,5.98
Acquisition_3777_2_1.png,41,674.5,489.2,16.25,11.75,2.89,5.61
Acquisition_3777_2_1.png,42,802.7,482.9,15.34,13.17,105.44,5.29
Acquisition_3777_2_1.png,43,26.1,480.7,19.05,9.94,178.88,6.57
Acquisition_3777_2_1.png,44,711.8,478.3,23.34,15.29,169.93,8.05
Acquisition_3777_2_1.png,45,475.0,439.1,16.12,14.99,103.07,5.56
Acquisition_3777_2_1.png,46,441.8,416.6,29.82,14.65,125.7,10.29
Acquisition_3777_2_1.png,47,630.3,410.3,36.01,17.97,137.9,12.42
Acquisition_3777_2_1.png,48,488.8,400.7,14.36,12.31,152.47,4.95
Acquisition_3777_2_1.png,49,404.1,379.6,16.96,15.41,100.22,5.85
Acquisition_3777_2_1.png,50,575.7,362.7,16.73,15.0,10.2,5.77
Acquisition_3777_2_1.png,51,422.1,344.5,23.13,16.97,126.02,7.98
Acquisition_3777_2_1.png,52,242.3,340.1,9.66,8.96,106.16,3.33
Acquisition_3777_2_1.png,53,19.1,343.7,21.15,14.77,70.45,7.3
Acquisition_3777_2_1.png,54,278.5,319.6,14.6,13.5,2.57,5.04
Acquisition_3777_2_1.png,55,430.8,304.2,17.59,12.29,54.7,6.07
Acquisition_3777_2_1.png,56,33.6,270.7,18.67,16.39,153.64,6.44
Acquisition_3777_2_1.png,57,288.0,254.7,14.1,9.92,33.08,4.86
Acquisition_3777_2_1.png,58,788.7,244.0,16.5,14.23,121.59,5.69
Acquisition_3777_2_1.png,59,656.3,238.2,14.88,8.49,151.07,5.13
Acquisition_3777_2_1.png,60,587.7,235.0,19.92,10.64,85.94,6.87
Acquisition_3777_2_1.png,61,613.8,232.9,12.89,12.52,84.12,4.45
Acquisition_3777_2_1.png,62,933.0,213.4,16.17,12.99,88.65,5.58
Acquisition_3777_2_1.png,63,375.5,213.9,18.45,10.14,126.62,6.36
Acquisition_3777_2_1.png,64,896.3,208.5,18.37,11.63,101.97,6.34
Acquisition_3777_2_1.png,65,564.1,208.7,23.95,11.79,58.77,8.26
Acquisition_3777_2_1.png,66,1019.1,178.1,21.25,13.61,95.03,7.33
Acquisition_3777_2_1.png,67,974.2,171.7,17.24,9.68,107.17,5.95
Acquisition_3777_2_1.png,68,1020.1,117.0,21.55,12.48,92.44,7.44
Acquisition_3777_2_1.png,69,813.1,105.8,16.64,15.02,143.77,5.74
Acquisition_3777_2_1.png,70,628.9,105.4,19.42,13.98,21.12,6.7
Acquisition_3777_2_1.png,71,794.6,100.5,16.13,11.86,10.76,5.56
Acquisition_3777_2_1.png,72,594.8,79.8,16.12,15.5,29.81,5.56
Acquisition_3777_2_1.png,73,480.1,78.3,14.17,12.76,52.92,4.89
Acquisition_3777_2_1.png,74,530.8,41.0,11.68,7.64,21.91,4.03
Acquisition_3777_2_1.png,75,1017.7,39.5,19.19,14.76,87.54,6.62
Acquisition_3777_2_1.png,76,859.3,7.7,11.59,7.22,169.79,4.0
Acquisition_3777_2_1.png,77,639.2,4.6,17.63,13.72,170.45,6.08
